Population,col_2,col_3,col_4,Individual,col_6,611323,1813940,2614147,2814275,3014452,3214668,3614989,3815005,4015761,4215843,4416121,4616238,5016279,5216432,5416678,5817259,6417732,6617744,7017977,7218080,7618759,7818887,8219262,8819643,9019654,9219662,9419701,9619805,10020370,10421057,10821300,11021540,11421715,11621846,12022067,12222136,12422187,12622568,12822702,13023025,14023513,14223517,14824119,15025658,18712214,19513337,20114150,20514272,21114700,21515189,22116306,22516639,22916981,23317309,23518008,23918734,24119079,24719462,25120924,25521414,25722066,26122324,26322800,26523157,27123832,28125117,28527335,28727376,28927507,29127639,29728387,30529316,30930418,32131897,32332162,32932783,33333126,33733692,34334556,34534669,35336058,35937299,36537526,37739584,38139802,38739912,38940540,39141284,39542407,39742505,39942532,40142885,40343426,40743662,40943918,42746809,43147279,43347282,43747390,44551468,44751856,45152229,45552290,45752314,45952352,46152561,46352562,46953957,47354324,47554353,47754416,48154897,48955929,49356291,49757292,49957317,50157622,50758040,50958127,51358164,51758369,53610153,54210731,54811081,55011670,55411917,55612002,56212930,56413121,57013482,58215702,58415744,58815947,59016091,60017534,60620107,61020245,61620766,62821827,63422345,63622376,63822382,64022656,64423309,65023688,65223793,66224965,66425432,67027232,67227276,68028283,68628693,69429300,70029800,70630073,70830109,71030136,71430355,71830685,72230792,73031538,73431580,73631613,74231770,74432126,74632186,74832235,75432704,75832975,76033004,76633561,76833695,77434508,77634764,77835060
British in England and Scotland,,,,HG00096,,AG,AA,TT,NA,CC,AA,TT,AA,GT,CT,TN,AG,TC,GT,CC,GA,TC,TC,CC,NT,AT,CT,AG,TC,GC,AA,NN,TC,TT,GG,TT,TG,GG,GG,TT,CC,TC,CC,GG,AG,CT,GG,AA,AA,AA,GG,CC,TT,TT,GG,GG,GG,TT,TT,AA,GG,TA,CC,TT,CC,TT,TA,TT,TC,AA,AA,GT,CC,GG,CC,CT,TT,CC,CT,GA,NN,AA,TT,CC,TC,CT,AA,TT,CC,AA,AA,GG,CC,GG,TT,CC,GG,NN,TC,GA,CC,GG,CC,CC,TT,GA,AA,CC,AG,GA,TT,AA,TT,GA,TT,AA,TT,CC,AA,AG,CC,CC,GA,GT,AA,GA,CC,TG,TT,CT,CT,AA,NA,GG,GG,TT,CT,TT,TT,TT,GA,CN,GA,GG,GC,CC,CA,NN,CC,NN,GG,CA,CC,CC,AA,GG,TG,CC,CC,TA,TT,GG,TT,GG,GG,GC,AA,GA,TT,TT,TC,AA,AA,TT,AA,AA,TT,CT,TT,AN
British in England and Scotland,,,,HG00097,,AA,AC,TT,AN,CN,AA,TT,TA,GG,TT,NN,AG,TC,GG,CC,GG,TC,TC,CC,TN,AA,CC,AA,TT,CC,AG,CN,TT,CT,GG,TC,TT,GG,GG,TT,TT,CC,GC,GG,AA,CC,GG,TT,NA,AA,GG,CC,TT,TT,GG,GA,GG,TT,TT,AA,GG,TT,TC,TT,CC,TT,TT,CC,TT,GA,AA,TT,CC,AG,CC,CT,TT,TC,CC,AA,NN,GG,TT,CC,CT,TC,AA,TT,TT,GG,AA,TG,CC,NN,TT,CC,GG,NN,CC,GG,CC,GG,CT,AA,TT,GA,AA,TT,AA,GA,CT,AG,TT,GA,CT,AA,TT,CC,AA,AG,CC,CC,AG,TG,AA,GG,CC,GG,TT,CC,TC,AA,AN,GG,GG,CT,TT,CT,TT,TA,GG,CC,GG,TT,CG,TC,AA,NN,CC,NN,GG,CA,NC,CC,GG,GG,GG,GG,TT,TT,TT,AG,TT,GG,TG,GC,AA,GG,TT,TT,TC,GG,AG,AT,CA,AG,TT,TT,TT,AA
British in England and Scotland,,,,HG00099,,GA,AC,TT,AN,CC,GA,TC,TT,GG,TT,TN,GG,TC,GG,CC,AA,TT,CC,CC,TT,AA,CT,AA,CC,GC,AA,CN,TT,TC,GG,TT,TG,GG,GG,CT,TC,CC,CC,GG,AA,TC,AG,AT,AN,AA,GG,GC,TT,TT,GG,GG,GT,GG,TC,AA,GG,TT,TC,TT,CT,TT,AT,TT,CT,GG,AT,GG,CC,AA,CC,TC,TT,CC,CC,AG,NC,GG,TT,CC,CC,TT,AA,TT,CT,AG,GA,GT,TC,NN,TT,CC,GG,CN,CT,AA,CC,GG,TC,AC,CT,GG,AA,TT,AG,GG,TT,GA,TT,AG,TT,AA,TT,TC,AA,AA,CC,CC,AG,TG,AA,GG,CT,TG,TG,CT,CC,AG,NA,GG,AG,TT,CT,CT,TT,AT,GG,CC,GG,GG,GC,TC,AC,NN,CC,AN,GG,AC,NC,CC,GG,GC,TT,GC,TT,TT,TT,GG,TT,GG,TG,CG,AA,GA,TT,TT,CT,GG,AA,TT,CA,AA,TC,CC,TT,NA
British in England and Scotland,,,,HG00100,,AA,CA,TT,NN,CC,AA,TT,TT,GT,TT,NN,GA,CC,GG,CC,AG,TT,CC,CC,TT,AA,TC,AA,CC,CG,AG,NN,TT,CT,GG,TT,TG,GG,GG,TT,TT,TC,CC,GG,AA,CT,GG,TA,AA,GA,GG,GC,CT,CT,GG,GG,GG,TT,TT,AA,GG,AA,CT,TT,TC,TT,TT,CC,TT,AA,AA,TT,CC,AA,CC,CT,TT,CC,CC,GA,NN,GA,TT,CC,CT,TC,AA,TT,TC,GG,AA,TG,CC,NN,TG,CC,GG,NN,TT,AA,CC,GG,TT,CA,TC,GG,TA,TT,GA,GA,TT,GA,TT,AA,CT,AA,TT,TC,AA,AA,CC,CC,AA,GT,AA,AG,CC,GG,TT,CC,CT,AA,AN,GG,GG,TT,TC,CC,TT,TT,GG,CN,GG,GG,GC,CC,AA,NN,CC,NA,GG,AA,CC,CC,AA,GG,TG,GG,TT,TT,TC,GA,CT,GG,GG,GC,AG,GG,TA,TG,TC,GG,AA,TT,CC,GA,TT,CC,TT,NA
British in England and Scotland,,,,HG00101,,AG,AA,TT,NA,CN,GA,TT,TT,TG,TT,TT,GG,CT,GG,CC,AA,TT,CC,CC,NT,AA,CT,GG,TC,CG,AA,NN,TT,TC,GG,CT,GT,GG,GG,TT,TC,CC,CC,GG,AA,TC,GG,TT,AA,AA,GG,CC,CC,TT,GG,GG,GG,TG,TT,AG,GG,AT,CC,TT,CC,TT,TT,CT,TC,AG,AA,GG,CC,GA,CC,TT,TT,CC,CC,AG,NN,GG,TT,CC,CC,TT,AG,CT,TT,GG,AA,GG,CC,GG,TT,CC,GG,NN,TC,AA,CT,GA,TC,AA,TT,GA,AA,TC,AA,GG,TC,AG,TT,GG,TT,AA,NT,TC,AA,AG,CC,AC,AG,TG,AT,GG,CC,TG,GG,TC,TC,AG,AA,GG,GG,TT,CC,TC,TT,TT,AG,CC,GG,TG,GG,CC,AC,CN,CC,NN,GG,AA,CC,CC,AA,GG,GG,CC,CT,TT,TT,GG,TT,GG,GG,GC,AA,GG,TT,TT,TT,GG,GA,TT,CC,AG,CT,CC,TT,AN
British in England and Scotland,,,,HG00102,,AG,CA,CT,NA,CN,AA,TT,AT,GT,TT,NT,GG,CT,GG,CC,AA,TT,CT,CC,TT,AA,CT,AA,TC,CC,AG,NN,CC,TC,GG,TC,TG,GC,GT,TT,TT,TT,CC,TG,AA,CT,GA,AA,AA,AA,GG,CC,TT,TT,AG,GG,GG,TG,TT,AA,GG,AA,CT,TT,CC,TT,AT,CC,TT,GG,AA,GG,CC,GA,CC,TC,TT,CC,CC,AA,NC,AA,TT,CC,CC,TT,AG,TT,TT,GG,AA,GG,CC,NG,TT,CC,GG,NC,CT,GG,CC,GG,CC,AA,TT,AA,TA,TT,GA,GA,TT,AA,TT,GG,TT,GA,TN,TT,AA,GG,TC,CA,GG,GG,AA,AG,CC,GG,TT,CC,CC,AA,AN,GG,GG,TC,TT,CT,CC,TT,GG,CC,GG,TG,CG,TC,CA,NN,CC,AN,GG,AA,NC,CC,GG,CG,TT,GG,TC,TT,TT,GG,TT,GA,GG,CG,AA,GG,TT,TT,TC,GG,AA,TT,CA,AA,CC,CC,TT,AN
British in England and Scotland,,,,HG00103,,AG,AC,CT,NA,NC,AA,TT,TA,GT,TT,TT,AA,CC,GG,CC,AG,TT,CC,CG,TT,AA,CC,AA,CC,CG,AA,NC,TC,CC,GG,TT,TT,GG,GG,CT,TT,TC,CC,GG,AA,TT,GG,TT,AN,AA,GG,CC,TT,TT,GG,GG,GT,TT,TT,AA,GG,TA,TC,TC,CC,GG,TT,CC,TT,AA,AA,GG,CC,AG,CC,CC,TT,TC,TC,AG,NN,GG,TT,CC,CT,TT,AA,TT,TT,GG,AA,TT,CC,GG,TT,CC,GG,NC,TT,GA,CC,AG,TT,AC,TT,GG,AT,TT,GA,GG,TT,GA,TT,AG,TT,GA,TN,CT,AA,AA,TC,CC,AA,TT,AA,GG,CC,TT,TG,CT,CC,AA,AA,GG,AG,TC,CT,TT,TT,AT,GG,CC,GG,TG,GC,CT,CA,NN,CC,NN,AG,AC,CC,CC,GG,GG,TT,GG,CC,TT,TT,AG,TT,GG,GG,CC,AA,AG,TT,TT,TT,GG,AA,TT,AA,GA,CT,CC,TT,AA
British in England and Scotland,,,,HG00105,,GG,CA,TC,NN,NN,GA,CT,TT,GT,TT,NT,AA,CT,GG,CC,GG,TT,TC,CC,NN,AA,TC,GA,CT,CG,AA,NN,TT,TT,GA,TC,TG,GG,TT,TT,TC,CT,CC,TG,AA,TT,GG,AT,AA,AA,GG,CG,TT,CC,GG,AG,GG,TT,TT,GG,AG,AA,CC,CT,CC,GT,TT,CC,TT,GG,AA,TG,CT,GG,CC,TC,TT,CC,CC,AA,CC,GG,TG,CC,CC,TT,AA,TC,TC,GG,AG,GT,TT,NG,TT,CC,GG,NC,TT,AG,CC,GA,TT,AC,TT,GG,TA,TT,GG,GG,CC,AG,TT,GG,TT,AA,TT,CC,AA,AA,TC,AC,GA,GT,AA,GG,CC,GG,TT,CC,CC,AG,AA,GG,GG,TC,TT,TT,TT,TA,GG,CC,GG,TT,CC,TT,AA,NN,CC,AA,GG,CC,NC,CC,GA,GC,GT,GG,TC,AA,TT,GG,CT,GG,GG,GG,AA,AA,TT,GT,TT,GA,AA,TT,CA,GG,TT,CC,CT,AN
British in England and Scotland,,,,HG00106,,AA,AA,TT,NN,CC,AA,TC,TT,GG,TC,TT,GA,CC,GG,CC,GG,TT,CC,CG,NT,AA,TC,GA,CC,CG,GA,CC,TC,TC,GG,TT,GT,GG,TG,TT,TT,CC,CC,GG,AA,TT,GG,AT,AN,AA,GG,GC,TT,TC,AG,GA,GG,GG,TT,AG,GG,AA,TC,TT,CC,TT,TT,TC,TT,AA,AA,GG,CC,AA,CN,TT,TT,CC,CC,AG,CC,GA,TT,TC,CC,TC,AA,TT,TT,GG,AA,GG,CC,GN,TT,CC,GG,NN,TT,AA,CC,GA,TT,CC,TC,AG,AT,TT,GG,GG,TT,AA,TT,AG,TT,AA,TT,TC,AA,AA,CT,CC,AA,TT,TA,GG,CC,GT,TG,CC,CC,AA,NN,GG,GG,TC,CT,CT,TT,TA,AA,NC,GG,TT,GC,CT,AC,CN,CC,NN,GA,AA,CC,CC,GG,GG,TT,GG,CT,TT,TT,GG,TT,GG,TG,CC,AA,GA,TT,TT,TT,AG,AG,TT,CC,AG,TC,CC,TT,AN
British in England and Scotland,,,,HG00107,,GA,AA,TT,NN,CC,AA,TC,AT,TG,TT,NN,GA,TC,GG,CC,GA,TT,CC,CG,TT,AA,TC,GA,CC,GG,AA,NN,CT,TT,GG,TT,TG,GG,GT,TT,TC,CC,GC,GT,AG,CT,AG,AT,AA,AA,GG,CC,TC,TT,AG,GG,TT,TT,TT,AA,GG,AA,TC,TT,CC,TT,TT,CC,TT,AA,AA,TG,TT,AA,CC,TC,CT,CC,CC,GG,NN,GA,TT,CC,CT,CT,GA,TT,TT,AG,GA,GG,CC,NN,TT,CC,GG,NC,TC,AA,TC,GG,CC,AC,TT,GG,TA,TT,GG,GG,TT,AG,TT,AG,TT,AA,TT,TT,GA,AA,CC,CC,GA,GG,TA,GA,CC,TG,GG,CT,CC,AG,AA,GC,AG,TT,TT,CT,TT,TT,GA,CC,GG,GT,GC,CT,AA,NN,AC,NN,GG,CA,CN,AA,GG,GC,GT,GC,CC,TA,CT,GG,TC,GG,GG,GG,GA,GG,TT,TT,TT,GA,AA,AT,AC,AA,TC,CC,TT,AA
British in England and Scotland,,,,HG00108,,GG,AA,TT,NN,CC,AA,TT,TT,GT,CT,TT,GG,CC,GG,CC,AG,TT,CC,CC,TT,AA,TT,AG,CC,CC,GG,NN,TT,TT,GA,TT,GG,GC,TG,TT,TT,CC,GC,GG,AA,CT,GG,TT,AA,AG,GG,CC,TT,TT,GA,GG,GG,TG,TT,GA,GG,AA,CT,CT,CC,TT,TT,CC,TT,AG,AA,TG,TC,AG,CC,CC,TT,CC,CC,AG,NN,GG,TT,TC,CT,TC,AA,TT,TT,AG,AA,GG,CC,GG,TT,CC,GG,NN,CT,GA,CC,GG,CT,AA,CT,GA,TA,CT,AA,GG,TT,AA,TT,AG,TT,AA,TT,TT,AA,AA,TC,CA,AG,TG,AA,AA,TC,TT,TT,CT,CC,AA,AA,GG,GG,CC,TC,TC,TT,TT,GG,CC,GG,TT,CC,CT,CC,CN,CC,NA,GG,AA,NN,AA,GG,GC,GT,GC,TC,TA,TT,AG,TC,GG,GG,GC,AA,AG,TT,TT,CT,AA,AA,TT,AA,AA,CT,CC,TC,NA
British in England and Scotland,,,,HG00109,,AA,AA,TT,NN,CC,AA,TT,AT,GT,TT,TT,GA,TC,GG,CC,GG,TT,CC,CC,NT,AA,TT,AG,CT,GG,AA,NN,CC,TT,GA,TT,GG,GG,TG,TT,CT,TC,CC,GG,AA,TC,GG,AT,AA,AG,GG,CC,TT,CT,GG,AG,GG,GT,TT,AA,GG,TA,CT,TT,CC,TT,TT,TC,TT,AG,AA,GT,CC,AG,CN,CT,TT,CC,CC,AA,CN,GA,TT,TC,CC,CT,AA,TT,CT,GA,AA,GG,CC,NG,GT,TC,AG,NN,TT,GA,CC,GG,TT,AA,CT,GG,TA,CT,GA,GG,TC,GG,TT,GG,TT,AA,TT,TC,AA,AA,CC,CC,GA,GT,AT,GG,TC,GG,TT,CC,CC,AA,AA,GG,GG,TT,CC,TT,TT,AT,AA,CC,GA,GT,GC,CC,AA,NN,AC,NA,GG,AC,NC,AC,AG,CG,TT,CG,CT,TT,TT,GG,TT,GG,GG,CC,AA,GG,TT,TT,TT,GA,GA,TT,AA,AG,CT,CC,TT,AN
British in England and Scotland,,,,HG00110,,AA,AA,TT,NN,NC,GG,TC,TT,TG,TT,TT,GA,TT,GG,CC,AA,TT,CC,CC,NT,AA,TC,AG,CT,CC,AA,NN,TT,TT,GG,TT,GG,GG,TG,TT,TT,CC,CC,GG,AA,TT,AG,AT,AA,AA,GG,GC,TT,TT,GG,GG,GG,TT,TT,AA,GG,AA,CT,TT,CC,TT,TT,CC,TT,AA,AA,GG,CC,AA,CC,TT,CC,CC,CC,AA,CC,AA,TT,CC,CT,CC,AA,TT,TT,AA,AA,GG,CC,GG,TT,CC,GG,NN,TT,AA,CC,GG,TT,CC,TT,GG,AA,TT,AA,GG,TT,AA,TT,GG,CC,AA,TT,TT,AA,GG,CC,CC,GG,GG,AA,GG,CC,TT,GG,CC,CC,AA,AA,GG,GG,TT,CC,TT,TT,TT,AA,NN,GG,TT,GC,CT,AC,NN,CC,NN,GG,AC,NC,CC,AG,GG,TT,GC,TT,AT,TT,AG,TT,GA,GG,CG,AA,AG,TT,TT,TT,GG,GA,TT,CC,AA,CC,CC,TT,NN
British in England and Scotland,,,,HG00111,,AG,AA,TT,NN,CN,GA,TT,TT,TG,TT,TT,AG,TT,GG,CC,AG,TT,CC,CC,TT,AA,CT,GG,CT,CC,AA,NN,TT,TT,GG,TC,GG,GG,TG,TT,CC,CT,GC,GG,GA,TT,GG,TT,NA,GA,GG,GC,TC,CT,GA,GG,GG,GT,TT,AG,AG,AA,TC,TC,CC,TT,TT,TC,TT,AA,AA,GT,CC,GA,CC,TC,TT,TC,TC,AA,NC,AG,TT,CC,CC,CC,AA,TT,TT,GG,AA,GG,CC,NG,GT,CC,GG,NN,CT,AG,CC,GA,TT,AC,CT,GA,AT,TC,GG,GG,TT,GG,TT,GG,TT,AA,TT,CC,AA,GA,CC,CC,AG,TG,AT,GG,CC,TG,GT,CC,TT,AG,AN,GG,GG,CC,CT,CT,TT,AT,GG,CC,GA,TT,CC,CC,CA,NN,CC,NN,GG,AC,NN,CC,GG,CG,GT,CC,TT,TT,TT,GG,TT,GA,GG,CC,AA,GG,TT,TT,TT,GG,AA,TT,AA,AA,TT,CC,TT,NA
British in England and Scotland,,,,HG00112,,AA,AA,TT,NN,CN,GG,TT,AT,GG,TT,TN,GG,CT,GT,CC,AA,TT,CC,CC,TT,AA,TC,AA,CT,GC,GA,NN,TT,CC,GG,TT,GG,GG,GT,TT,TT,CT,CC,GG,AA,TC,GG,AA,AA,AA,GG,CC,TT,TT,GG,GG,GT,TT,TT,AA,GG,AA,TC,TT,CC,TG,TT,CC,TT,AA,AA,TT,CT,AG,CC,TT,TT,CC,CC,AA,CN,GG,TG,CC,CC,TC,AA,TT,TT,GG,AA,TG,CC,NN,TT,TC,AG,NN,TC,AG,CC,GG,CC,AA,TT,GA,AT,TC,GG,GG,TT,GG,TT,AG,TT,AA,TT,TC,AA,GA,CC,CC,GA,GT,TA,GA,TC,GG,TT,CC,CC,AA,AA,GG,GG,TC,TC,CT,TT,TA,AA,NC,GG,TG,CC,TT,AC,NN,CC,NN,GG,AA,CC,CC,AG,CG,TT,GG,TC,TT,TC,AA,TT,GG,GG,CG,AA,GG,TT,TT,TT,AG,AG,TT,CC,AA,CT,CT,TT,NA
British in England and Scotland,,,,HG00113,,GA,AA,CT,NA,CN,GG,CC,TA,TT,TT,NN,AG,CT,GG,CC,AG,TT,CC,CC,NT,AA,TT,AA,CT,GC,AG,NN,TT,CT,GG,TC,TT,GG,GG,TT,TT,CC,CG,GG,AA,TT,GA,AA,NA,AA,GG,CC,TT,TT,AG,GG,GG,TG,TT,AG,GG,AA,CT,TT,CC,TT,TT,TT,CT,AG,TA,GG,CC,AG,NC,TT,TT,TC,CC,AA,CN,GG,TT,CC,TC,CC,AG,TT,TT,AG,AA,GT,CC,GN,TT,CC,GG,NN,TC,AG,CC,GG,CC,AA,TT,GG,TA,CT,AA,GG,TT,GG,TT,AG,CC,AA,TT,TC,GA,AA,CC,AC,AG,TG,AA,AA,CC,GG,GT,CC,TC,AA,AN,GG,GG,TC,CT,CT,TT,AT,GA,CN,GG,GG,CC,TT,AC,NN,CC,NN,GG,AA,CN,CA,AG,CG,TT,GG,CT,TT,TT,GG,TC,GG,GG,CC,AA,GG,TT,TT,TT,GG,AG,TT,CC,GA,CT,CC,TT,AA
British in England and Scotland,,,,HG00114,,GA,AA,TC,NN,CC,GA,TT,TT,TT,TT,TT,AA,TT,GG,CC,GA,TT,CC,CC,NT,AA,CT,AA,CC,CG,AA,CN,TT,TC,GG,TT,TG,GG,TG,TT,TT,CC,CC,GG,AA,TT,GG,TA,AA,AA,GG,CC,TC,TT,GG,GG,GT,GT,TT,AG,GG,TT,TT,TT,CC,TT,TT,TT,TT,AG,AA,TG,CC,AG,NC,CT,TT,CC,CC,AG,NC,GG,TT,CC,CC,TT,AA,TT,TT,GG,AA,GG,CC,NN,TT,CC,GG,NN,TT,AA,CC,GG,TC,CA,CT,GG,AA,TT,AA,GG,TT,AA,TT,AA,TT,AG,TT,TC,AA,GA,CC,CC,AG,TT,AT,AG,CT,GG,TT,CC,CC,AA,AA,GG,GG,CT,CC,CT,TT,AA,GG,CC,GG,GG,GC,CT,AC,NC,CC,NA,GG,AC,CN,CC,AG,CG,GG,CG,CT,TT,TT,GG,TT,GG,GG,GG,AA,GA,TT,TT,CT,GG,AA,TT,CA,AA,TT,TC,TT,AA
British in England and Scotland,,,,HG00115,,AA,AA,CT,NN,NC,AA,TC,AT,GG,TT,NT,AA,TT,GG,CC,GA,TT,TC,CC,TN,AA,CT,AG,TC,CC,AA,CN,TT,CT,GG,TT,TT,GG,GG,TC,TT,CC,CC,GT,AA,TC,GG,AT,AA,AG,GG,CC,TT,TT,GG,GG,GG,TT,CT,AA,GG,AA,CC,TT,CC,TT,TT,CC,TT,AG,AA,TG,TC,AG,CC,CT,TT,CT,CC,AA,NC,GA,TT,CC,CC,TT,AA,TT,TT,GG,AA,GT,CC,NN,TT,CC,GG,NN,CT,AA,CC,GG,TT,AA,TC,AA,TT,TT,AG,GA,CT,GG,TT,GA,TT,GA,TT,CC,AA,GA,CC,CC,AG,TG,AA,AG,CT,GG,TT,CC,CC,AA,NA,GG,GG,TC,TC,CT,TT,AT,GG,CN,GA,TT,CG,TC,AC,NN,CC,AN,GA,AA,NN,CC,GG,GC,TT,CG,TC,TT,TT,GG,TC,GG,GG,GG,AA,GG,TT,TT,TT,GG,AA,AT,AA,AA,TC,CT,TT,NA
British in England and Scotland,,,,HG00116,,GG,AA,TC,NN,CC,GG,TT,TT,TG,TT,TN,AA,CC,GT,CC,GG,TT,CC,CC,TT,AA,TT,AG,CC,CG,GA,NN,CT,TT,GG,TC,GT,GG,GT,TT,TC,CT,CC,GG,AA,TT,GG,TT,AA,GG,GG,CC,TT,TC,AG,AG,GG,TT,TT,GA,GG,TA,TC,TT,CC,TT,TT,TT,TC,GA,AA,GT,CC,GA,CC,TT,TT,CC,CC,GA,NC,GG,TT,CC,CT,TC,AA,TC,CT,GG,AA,GG,CC,NN,GT,CC,GG,NN,CT,AA,CC,GG,CT,AA,TT,GA,AT,CT,GG,GG,TT,GA,TT,AG,CC,GA,TN,TT,AA,AA,CC,CC,AA,GT,AT,GG,CT,GG,GT,CC,TC,AG,AA,GG,GA,CC,TC,TT,TT,TT,GA,CN,GG,TT,GC,CC,CA,NN,CA,NA,GG,AA,CN,CC,GG,GG,GT,CG,TT,TT,TT,GG,TT,GA,GG,GC,AA,GA,TA,TT,TC,GG,AA,AT,AA,AA,TC,CC,TT,NA
British in England and Scotland,,,,HG00117,,GA,AA,TT,NN,NC,AA,TT,AT,GT,TT,NT,AA,TC,GG,CC,AG,TT,CC,CG,TT,AA,CC,AG,CC,CC,GA,NC,TC,TT,GG,TT,TG,GG,TT,TC,CT,CT,CC,GG,AA,CC,AG,TA,AA,GA,GG,CC,TT,TT,GG,GG,TT,GG,TT,GG,GG,AA,TT,TT,CC,TT,TT,CC,TT,AG,AA,GG,CC,AA,CC,TT,TT,TC,TC,AA,NN,AG,TT,CC,CC,CT,AA,TT,CT,GG,AA,GG,CC,NN,TT,CC,GG,NN,TC,GG,CT,GG,TC,AA,TT,GG,TA,TT,AA,GG,TT,AA,TT,GA,TT,AA,TT,CC,AA,AA,CC,CC,GA,TG,AA,AG,CC,TG,TG,CC,TC,AA,AA,GG,GG,TC,TC,TT,TT,TT,AA,NC,AG,GG,CC,CC,AA,NN,CA,NN,GG,AA,CC,CC,GG,CG,TG,GG,TT,TT,TT,GG,TT,GG,GG,GC,AA,GG,TT,TT,CT,GG,GG,TT,AA,GA,TC,CC,TT,NN
British in England and Scotland,,,,HG00118,,GA,AA,TT,NA,CC,AA,CC,TA,TG,TT,TT,GG,TT,GG,CC,AG,TT,CC,CC,TT,AA,TT,GG,CC,CG,AA,NN,CC,TT,GG,TT,GT,GG,GT,TT,TT,TC,CC,GG,AA,TC,GA,AA,AA,AA,GG,CC,TT,TT,GG,GG,GG,TG,TT,AA,GG,AA,CC,TT,CC,TT,TT,CC,TT,GA,AA,TT,CC,AG,CN,CT,TT,CC,CC,GG,CN,AA,TT,TC,CT,TC,AG,TT,TT,GG,AA,GG,CC,NN,TT,TC,AG,CC,TC,GA,CC,AG,TC,CC,TT,GG,AT,TC,GA,GA,TT,GA,TT,GA,TT,AA,TT,TC,AA,AA,CC,CC,AA,TT,AT,GG,CT,TT,TG,CC,CT,AA,AN,GG,GG,TT,TC,CC,CC,TT,GG,NC,GG,GG,CC,TT,CC,CN,CC,NN,GG,AA,NN,CC,GG,CG,TT,GG,TC,TA,TT,GG,TT,GG,GT,GG,AA,AG,TT,GT,TC,GA,AG,TA,AC,AA,CT,CC,TT,NA
British in England and Scotland,,,,HG00119,,GA,AA,TT,NN,CC,AA,TT,AA,GG,TT,NT,AA,CC,GG,CC,GA,CT,CT,CC,TT,AA,CC,AA,TC,GC,AG,CN,TT,CC,GG,TT,TT,GG,GT,CT,TC,TC,CC,TG,AA,TT,GG,AA,NN,AG,GG,GC,TT,TT,GA,GG,GG,TT,TT,GA,GG,AA,TC,TC,TC,TT,TT,CC,TT,GG,AA,GG,CC,AG,CC,TT,TT,CC,CC,AA,NN,GG,TT,CC,TC,TT,AA,TT,TT,GA,AA,GG,CC,NG,TT,CC,GG,CN,TT,AA,CC,GG,CT,AA,TT,GA,AT,CC,GG,GG,TT,AG,TT,GA,CT,AA,TT,CT,AA,GG,CC,CC,GG,GG,AT,GG,CC,TG,TG,CC,CC,GG,AA,GG,GG,TT,CC,TT,TT,TT,AG,CN,GG,GT,GC,CT,AC,NC,CC,NN,GG,AC,NN,CC,GA,CG,GT,GC,CT,TA,TT,GG,TT,GG,GG,CC,AA,GG,TT,TT,CT,GG,AA,TT,AC,AA,TC,CC,TT,AN
British in England and Scotland,,,,HG00120,,GA,CA,TC,NN,NC,AG,TC,AT,GG,CT,TN,GG,CT,GG,CC,GA,TT,CC,CC,TT,AA,TC,GG,CT,GC,GA,CN,TT,TC,AG,TT,GG,GG,GG,TT,CC,CC,CC,GG,AA,CC,AG,AT,NN,AG,GG,CG,TC,CT,GA,GG,GG,TG,TT,AA,GG,AA,TC,TT,CC,TT,TT,CC,TT,AG,AA,TT,CC,GA,CN,TT,TT,CC,CC,AA,CN,GG,TT,CC,CT,TT,AA,TT,TT,GG,AA,GG,CC,GN,TT,TC,AG,NN,TT,AA,CC,GG,TT,CA,CT,AA,TT,TT,GG,GG,TT,AA,TT,AG,CC,GA,TN,CT,AA,AA,CC,CC,AA,GT,AT,AG,TT,GG,TT,CC,CC,AG,NA,GG,GA,TT,TC,TT,TT,AA,AA,CN,GG,GG,GC,TC,AA,NN,CA,AA,GG,AA,CN,CC,AG,CG,GT,CG,CT,TT,TT,GG,TT,GA,GG,CC,AA,GA,TA,TT,CC,GG,AA,TT,CA,AA,TC,CC,TT,NA
British in England and Scotland,,,,HG00121,,AA,CC,TT,AN,NC,AA,TC,TT,TG,TT,TN,AG,CT,GG,AC,AA,TT,CC,CC,TT,AA,CT,AA,CT,CC,AG,NN,TT,CC,AG,TC,GG,CG,GT,TT,CT,CC,CG,GT,AA,CT,GG,TT,AA,AG,GG,CC,CT,TT,GG,GG,GG,TT,TC,AA,GG,AA,CC,TT,CC,TT,TA,TT,CC,AG,AA,GT,CC,GA,CC,TC,TT,CC,CC,GG,NC,GA,TT,CC,CC,CT,GA,TT,TC,GA,AA,GG,CT,GN,TT,CC,GG,NN,CT,GA,TC,GG,CT,CC,TT,GG,TA,CT,GA,GG,TT,GA,TT,GG,TT,AG,TT,CT,AA,GA,CC,CC,AG,TT,TA,GG,TC,TG,TT,TC,TC,AA,AN,GG,GG,TT,CC,CC,TT,AT,GG,NC,AG,TG,CC,TT,AA,CN,CC,AA,AG,CC,NC,AC,AA,GG,TT,CC,CT,TT,TT,GG,TT,GG,GG,CC,AA,GG,TT,TT,TT,GA,AA,TT,AA,AA,CT,CC,TT,AN
British in England and Scotland,,,,HG00122,,AG,AA,TT,AN,CC,AA,TC,TT,TT,TT,TN,GA,TC,TG,CC,AA,TT,CC,GC,NT,AA,CC,GA,TC,GG,AA,NN,TT,TC,GA,TT,GT,GG,GT,TT,CT,CC,CC,GG,AA,CC,GG,TT,NA,GA,GG,GC,CT,TT,GG,GG,GG,GG,TT,AG,GG,AA,TT,TT,CT,TT,TT,CC,TT,GA,AA,TG,TC,AG,CC,CT,TT,CC,CC,AA,CN,GG,TT,TC,CC,TC,GA,TT,TT,AG,AA,GG,CT,NN,GT,CC,GG,NN,TC,AA,CC,GG,TT,AC,TC,GA,AA,TT,GA,GG,TT,GG,TT,AG,TT,AA,TT,CC,AA,AG,CT,CC,GA,GT,AA,AG,CC,TG,TG,CT,CC,AA,NA,GG,GG,TT,TC,TT,TT,TT,GG,NC,GA,GG,GC,CC,AA,NN,AC,NN,GG,CA,CC,CC,GG,GG,TG,GG,TC,AT,TT,GG,TT,AG,GG,GG,AA,GG,TT,TT,TT,AG,AG,TT,CA,GA,TT,TC,TT,NA
British in England and Scotland,,,,HG00123,,AA,AA,TT,NA,CN,AG,TC,TT,GG,TT,NN,GA,CT,GG,CC,GG,TC,CC,CC,TT,AA,CC,AA,CC,GC,AA,NC,CT,TT,GG,CT,GG,GC,GG,TC,TT,CT,CC,TG,AA,CT,GG,TT,AN,GA,AG,CC,TT,TT,GG,GG,GG,TG,TT,AA,GA,AA,TC,TC,CC,TT,TT,TC,TT,AG,AA,GG,CC,AA,CC,TC,TT,CC,CC,GA,NC,AA,TT,TC,CC,TC,AA,TC,TT,GG,AA,GG,CC,NN,TT,CT,GA,NN,TC,AG,CC,GG,TT,AA,TT,GA,AT,CT,GG,GG,TT,GG,TT,AG,TC,AA,TT,TT,AA,AA,TC,CC,GG,TG,AA,AA,CC,GG,TT,CC,CC,GA,AA,GG,GG,CT,CC,TC,TT,TT,GA,NC,GA,GG,CC,TC,AA,NN,CC,NA,GG,AA,NC,CC,GA,GG,TT,GG,CT,AT,TC,GA,CT,GG,GG,GC,AG,AG,TT,TT,TC,GG,GA,TT,CC,AA,CT,CC,TT,AN
British in England and Scotland,,,,HG00125,,AA,CC,TT,NN,CN,GG,TT,TT,GG,TT,TN,AG,TT,TG,CC,AG,TT,CC,GC,TT,AA,CT,GG,CC,GC,AA,NN,TT,CT,GG,TT,GG,GG,GG,TT,TT,CC,CC,GT,AA,TC,GG,TA,AA,GA,GG,CC,TT,TT,GG,GG,TT,GT,TT,AG,GG,TT,TC,TC,CC,TT,TT,TC,TT,GA,TA,GG,CT,AA,CC,CT,TT,CC,CC,AG,NN,GG,TT,CC,TC,TT,AA,TT,CC,GG,GA,GG,CC,NN,TT,CC,GG,NN,CC,GA,CT,AG,TC,CC,CC,AA,TT,CT,AG,GG,TT,GA,TT,GA,TT,AA,NT,TC,AA,GA,CC,CC,GA,GT,AA,GG,TT,GG,TG,CC,TC,AA,NA,GC,GG,CT,TT,TT,TT,TA,GG,CC,GG,TT,CC,TC,CA,NC,CA,NA,AA,AA,NN,CC,GG,GG,TG,GG,TC,TT,TT,GG,TT,GG,GG,GG,AA,GG,TT,TT,CT,GA,AA,TT,CC,AA,TC,CC,TT,AN
British in England and Scotland,,,,HG00126,,AG,AA,TT,NA,NC,AA,CT,TT,GG,TT,TN,AA,TC,GT,CC,AG,TT,CC,CC,TN,AA,TC,AG,TC,CG,AA,CN,TC,TT,GA,TT,GT,GG,TT,TT,TT,TC,CC,TG,AA,CC,GG,TA,AA,GG,GG,CC,TT,TT,AA,GA,GG,GG,TT,GG,GG,AA,CC,TT,CC,TT,TT,CC,TT,AA,AA,GG,CC,AA,CN,TT,TT,CC,TC,AA,NC,GG,TT,CT,TC,TT,AA,TT,CT,GG,AA,TG,CC,NN,GT,CT,GA,NN,CC,GA,CC,GG,CT,AC,TC,GA,AT,CT,AG,GG,CT,AG,TT,AG,TT,AA,NT,CT,AA,AG,TC,CC,AA,GT,AT,GG,CC,TG,GT,TC,CC,AA,AA,GG,GG,TT,CC,CC,TT,TT,AG,CC,GG,GG,GC,CC,CA,NN,CC,NA,GG,AA,CC,CC,GG,CC,TT,GG,CT,TT,TT,GG,TC,AG,GG,GC,AA,GG,TT,TT,TT,GG,AA,TT,CC,AA,CC,CC,TT,NA
British in England and Scotland,,,,HG00127,,GA,AC,TT,AN,CN,AA,TT,AA,TT,CT,TN,AA,CC,GG,CC,GG,TT,CC,CG,NT,AA,CC,AA,TC,CG,AA,CN,TT,TC,GG,TT,TT,GG,TT,TT,CT,CC,CC,GG,AA,CC,GG,AT,AA,AA,GG,CC,TT,TT,GG,GG,GG,TG,TT,AG,GA,AA,CT,TT,CC,TT,TT,CC,TT,GG,AA,GG,CC,GA,CC,CC,TT,TC,CC,AG,NN,GA,TT,CC,TC,TC,AA,TT,TT,GG,AA,GG,CC,NN,TG,CC,GG,NN,CT,AA,CC,GG,CC,AA,TT,GA,AT,CC,AG,GA,TT,GA,TN,AA,TT,AA,TT,TC,AA,AG,CT,CC,GG,GT,TA,GG,CC,TG,TT,CC,CC,AA,AA,GG,GG,TT,TC,CC,CT,TA,AA,CC,GG,TT,CC,TT,AC,NN,CC,NA,GG,AA,CN,CC,GG,CG,TT,GG,TT,AA,TT,GG,TT,GG,GG,CC,AA,GG,TT,TT,TC,GG,AG,TT,AC,AA,TT,CC,TT,AN
British in England and Scotland,,,,HG00128,,AA,AC,CT,NN,CN,AG,CT,TT,TT,TT,TT,AG,CT,GG,CC,GA,TC,CC,CC,TT,AA,CC,GA,CC,CC,AG,NN,TT,CC,GG,CT,GG,GG,TG,TT,TT,CC,GG,GG,AA,TC,GG,TT,AA,AA,GG,GG,TT,TT,GA,GG,GG,GT,TT,AA,GA,TA,CT,TT,CC,TT,AA,CT,TC,AA,TA,GG,TC,GG,CC,TT,CT,CC,CC,GA,NN,GG,TT,TT,CC,TT,AG,TC,CT,AG,AG,GG,CT,NG,TT,CC,GG,NN,CT,GA,CC,GG,TC,AA,TC,AA,AT,CT,AG,GG,TT,GG,TT,GG,TT,AA,TT,TT,AA,AG,CC,CC,GG,TG,AA,GA,CC,GG,GT,TC,CC,AA,AN,GG,GG,CC,TT,TT,TT,TT,AG,CC,AG,TT,CC,CC,AA,NN,CC,AN,AG,AC,NN,CC,GG,GG,TT,GG,CT,TT,TT,GG,TC,GA,GG,CC,AA,GA,TT,TT,CC,GA,GA,TT,AC,AA,TC,CC,TT,AA
British in England and Scotland,,,,HG00129,,AA,AA,TT,AN,CC,AA,CT,TT,GG,CC,NN,AG,CC,GG,CC,GG,TT,CT,CC,NT,AA,TC,GG,CT,CC,AG,CN,CT,CT,GA,TT,GT,GG,GT,TC,TT,TT,CC,GG,AA,CT,GG,TA,AN,GA,GG,GG,TT,TC,GG,GG,GT,GG,TT,GA,GG,TA,CT,TT,CC,TT,TT,CC,TT,GA,AA,GG,CC,AA,CC,TC,TT,TT,CC,GA,NN,AG,TT,CC,TC,CC,GA,CT,CT,AG,AA,GG,CC,GN,TG,CC,GG,NN,CC,GA,CT,GG,CT,AC,TT,AG,TA,CC,AA,GG,TT,AA,TT,GA,TT,AA,TT,TT,AA,AG,CC,CC,AG,TT,AA,GG,CT,TG,TG,CT,CC,AA,AA,GG,GG,TT,TT,CC,CT,TT,GA,CC,GG,TG,GC,CT,CC,CN,CC,NN,GG,AC,NN,CC,GG,GG,TT,GG,TT,TA,TT,GG,TT,GG,GG,GG,AA,AA,TT,TT,TC,GA,AA,TT,AC,AA,CT,CC,TT,AA
British in England and Scotland,,,,HG00130,,GA,CA,TT,AN,CC,AG,TC,TT,GT,TT,NT,AG,CC,GG,CC,GA,TT,TC,CC,TT,AA,CC,GA,TC,CC,AA,CN,TT,TT,GG,CT,TG,GG,GG,TT,CC,CT,GC,GT,GG,TC,GG,TT,AA,AG,GG,CC,TT,TT,GG,GG,GG,GG,TT,AA,AG,AA,CC,TT,CC,GT,TT,CC,TT,AA,AA,TT,CT,AG,NN,TT,TT,CC,CC,GA,CN,GA,TT,CC,CT,TC,AA,TT,TT,GG,AA,GG,CC,NN,TT,CC,GG,NN,TC,AA,TT,GG,TT,CC,TT,GG,AA,TC,AG,GG,TT,AG,NT,GG,TT,AG,NT,CC,AA,AA,CC,CC,AA,GT,AA,GG,TC,GT,GT,CC,TT,GG,AN,GG,GA,CC,TC,TC,CT,AT,GG,CC,GG,GG,CC,CT,AA,CN,CA,NN,GG,AA,CN,CC,GG,CG,TT,GG,TT,TT,TT,GG,TT,GG,GG,GG,AA,GA,AT,TT,CT,GG,AA,TT,CA,AA,CT,CC,TT,AN
British in England and Scotland,,,,HG00131,,AA,AA,TT,NN,CC,AA,CC,TT,TT,TT,NN,GG,CT,GG,CC,GA,TT,CT,CC,TT,AA,TT,AG,CT,CG,AA,NC,TC,CC,GA,CT,GG,GG,GT,TT,CT,TC,CG,GT,AG,TT,GG,AT,AA,AG,GG,CC,TT,TT,GA,AG,GG,TG,TT,AG,GG,AT,CT,TC,CC,TG,TT,TC,CT,AA,AA,TG,CC,GA,CN,TC,TT,TC,CC,AA,NN,GG,TT,CT,CC,CT,AA,TT,TT,GA,AA,TG,CC,NN,TG,CC,GG,CN,TT,GA,TC,GG,TT,AC,CT,AG,AA,TT,AG,GG,TT,AG,TT,GG,CT,GA,TT,TT,AA,AA,CC,CC,AG,GT,AA,GG,CT,GG,TT,CC,CC,AG,NA,GG,AG,CC,CT,CC,TT,TT,AA,CN,GG,TT,GC,CT,AC,NN,CC,NN,GG,AA,NC,CC,GG,GG,GT,GG,TT,TT,TT,GA,TT,GG,GG,GG,AA,GG,TT,TT,TT,GG,AA,TT,CA,AA,TT,TC,TT,NN
British in England and Scotland,,,,HG00132,,AG,AA,CT,NN,CC,AG,CT,TT,TG,TT,TN,AG,CC,GG,CC,AG,TC,CC,CC,TT,AA,CT,AA,TC,GG,AA,NC,TC,TT,GG,TT,GG,GG,TG,TT,TC,TC,CC,GT,AA,CT,GG,TA,AA,GG,AG,CC,TT,CT,GG,GG,GG,GG,TT,AG,GG,TT,CT,TT,CC,TT,TT,CC,TT,AG,AA,GG,CT,GG,CC,CT,TT,CT,CC,AA,NN,GG,TT,CC,CT,TT,GA,TT,TT,AG,AA,GG,CC,NN,TT,CC,GG,CC,CT,GA,CC,GG,CC,CC,TT,AG,AT,TT,AA,AG,TT,GG,TT,GA,TT,GA,TT,TT,AA,GA,CC,CC,AA,GT,AT,GG,CT,GG,GG,CC,CC,AG,AN,GG,GG,CT,TC,TC,TT,AT,GG,CC,GG,TT,CC,CT,CC,CN,CA,NN,AG,AC,NN,CC,AG,GG,GT,CG,CC,TT,TT,GA,TT,GG,GG,CC,AA,AG,TT,TT,TC,GA,AG,TT,AC,AA,TT,CC,TT,AA
British in England and Scotland,,,,HG00133,,GG,AA,TC,NN,CN,GA,CT,AA,TT,TT,TT,AG,CC,GG,CC,GG,TT,TC,CC,TN,AA,TC,GA,CC,CG,AA,CN,TT,TT,GG,TT,GT,GG,TG,TT,CT,CC,CC,GG,AA,CT,GG,AT,NA,GG,GG,GC,TT,CT,GA,GG,GG,TT,TT,GA,GG,TA,TT,TT,CT,TT,TT,CC,TT,AG,AA,TT,CC,AG,CC,CT,TT,CC,CC,AA,NC,GG,TT,CC,CT,CT,AG,TT,TC,AG,AA,GT,CT,NG,GT,CC,GG,CN,TT,GA,CC,GG,CC,CA,TT,AA,AA,CT,GA,GG,TT,GA,TT,GG,CT,AA,TT,CT,AA,AA,CC,AC,GA,TT,AT,AG,CC,TG,TT,TC,CC,GG,AA,CG,GA,CT,TC,TC,TT,TT,GG,CN,GG,GT,CC,CC,CA,NN,CC,NN,GG,AA,NC,CC,GG,CG,GG,CC,TC,TA,TT,GA,TT,GG,GG,CC,AG,AA,TT,TT,CC,GG,AA,TT,AC,AA,TT,CC,TT,AA
British in England and Scotland,,,,HG00136,,AG,AC,TT,NN,NC,GG,TC,TT,TG,CT,NT,GA,CT,GG,CC,AA,TT,TC,GC,TT,TA,TC,GA,CC,GG,AA,NN,TC,TT,GA,TT,TG,GG,TT,TT,TT,CC,CC,TT,GA,TC,GG,TT,AN,AA,GG,CG,TT,TT,GG,GG,GG,TT,TT,GG,GG,AA,TT,TT,CC,TT,TT,CC,TT,AG,AA,TT,CC,GA,CC,TT,TT,CC,CC,AA,NN,GA,TT,TC,CC,CT,AG,TT,TT,GG,AA,TG,CT,GG,TT,CC,AG,NN,CC,AG,CC,GG,TT,AA,TT,GG,TT,CT,AA,AG,TT,AG,TT,AG,TC,AA,TT,TT,AA,AA,CT,CC,AA,TT,AT,GA,TC,GG,TT,CC,CC,AA,AA,GC,GG,TC,CT,TT,TT,TT,GA,CN,GG,GG,CG,CT,AA,NN,CC,AN,GG,AA,NN,CC,GA,CG,TT,CC,TC,TT,TT,GG,TT,GA,GG,GG,AA,GG,TT,TT,TC,GG,AG,TA,AA,AA,CT,CC,TT,AN
British in England and Scotland,,,,HG00137,,AA,CA,CT,NN,CC,AA,CT,AT,TG,TT,NT,GA,CT,GG,CC,GG,TT,TC,CC,TT,AA,TC,GA,CT,CG,AA,NN,TT,CT,GG,CT,GG,GG,GG,TT,CT,CC,CC,GT,AA,TC,GG,AT,AA,AG,GG,GC,TT,TT,AG,AG,GG,GG,TT,AA,GG,AA,TT,TT,TC,TT,TT,CC,TT,GG,AA,TT,CC,AG,CC,TT,CT,CC,CC,AA,NN,AG,TT,CC,CC,TT,AA,TT,TT,GG,GA,GG,CT,GG,TG,CC,GG,NC,CT,GA,TC,GG,TC,CA,TT,AA,AA,CT,GA,GG,CT,AA,TT,AG,CT,GA,TT,CC,AG,AA,CC,CC,GA,GT,AA,GG,CT,GG,TT,CC,CT,AA,AN,CG,GA,TC,TC,TT,TT,AA,GA,CC,GG,TG,CC,CT,AA,NN,CC,NN,GG,AA,CN,CC,GG,GC,GT,GG,TT,AT,TT,AG,TC,AG,GG,CC,AA,AG,TA,TT,TT,GG,AA,AT,CC,AA,TT,CC,TT,AN
British in England and Scotland,,,,HG00138,,AG,CA,TT,NN,NC,AG,TC,TT,TT,TT,TN,AA,TC,GG,CC,GA,TT,CC,CC,NN,AA,TT,GG,TC,CG,AA,CN,TT,TT,GG,TC,GG,GG,GG,TT,TT,CT,CC,TG,AA,CT,GG,TA,NN,AG,GG,CG,TC,TT,GG,GA,TG,GT,TT,GA,GG,AT,CC,TT,CC,TT,TT,CC,TT,GA,AA,GG,CC,AG,CC,TC,TT,CT,CT,AA,CC,GG,TT,CC,CC,CT,AA,TT,TT,GA,GA,GG,CC,NN,GG,TC,AG,NC,TT,GA,CC,GG,CC,CA,TT,GG,TA,CC,AG,GA,TT,GA,TT,AA,TT,AA,TT,TC,AA,GA,CC,CC,AG,TT,TA,GG,CT,GG,GG,CC,CC,GA,AA,GG,GG,TC,TT,TT,CT,TA,AA,NC,GG,GG,CC,TT,CC,NC,CA,AN,GG,AA,NN,CC,GG,CG,TG,GG,TT,TT,TT,GA,TT,GG,GG,GC,AA,GG,TT,TT,CT,GG,AA,TA,AC,AA,TT,CC,TT,NA
British in England and Scotland,,,,HG00139,,AA,CA,TT,AN,NC,AG,TT,TA,TG,CT,NT,GA,TC,GG,CA,GG,TC,CT,CC,TT,AA,CC,AA,CT,CC,AG,CN,TT,CC,GG,TC,TT,GG,TT,TT,CT,CT,GC,GG,AA,TC,GA,TA,NA,GA,GG,CG,TT,TT,GG,GG,GG,TG,TT,AA,GG,AA,TC,TT,CC,TT,TT,CC,TT,GG,AT,GG,TC,GG,CC,TC,TT,CC,CC,AA,NN,GG,TT,TC,CC,TC,GA,TT,TT,GG,AA,GG,CC,NG,TT,CC,GG,NC,TT,AA,TC,GG,TC,AA,TT,GA,TA,TT,AG,GA,TT,GG,TT,GG,TT,AA,TT,CC,AA,GA,CC,AC,AG,TG,AA,GG,CT,GG,TT,CC,CC,AA,AA,GG,GG,TT,TT,TT,CT,TA,AG,CC,GA,TT,CG,CC,AC,CN,AC,NN,AG,AA,CC,CC,GG,GG,TG,CG,TT,TT,TT,GG,TC,GG,GG,GG,AA,GA,TT,TT,CT,AG,AA,TT,CA,AA,TT,CC,TT,AN
British in England and Scotland,,,,HG00140,,AA,CA,TT,AN,CN,GA,TC,TT,GT,TT,NT,GA,CC,GG,CC,GG,CT,CC,CC,TT,AA,TC,GA,CC,GC,AA,NN,TC,CC,GG,TT,TG,GG,TT,TT,TT,CC,CG,GG,AA,TC,GG,TT,AA,AG,GA,CG,TT,TT,AG,GG,GG,TT,TT,GG,GG,TA,CC,TT,CC,GT,TT,CC,TT,AA,AA,GG,CC,AA,CN,TC,TC,CC,CC,AG,NN,AG,TT,CC,TC,CC,GA,CT,TT,GG,AA,GT,CC,NN,TT,CC,GG,CN,TT,GA,CC,GG,TC,AA,TT,GG,AA,TT,AG,GG,TT,AG,TT,GA,TT,AA,TT,CC,AA,AA,CC,CC,AA,TT,AA,AG,CC,TG,GG,CC,CC,AA,AA,GG,GG,CC,TT,TT,TT,TT,GG,CC,AG,TG,GC,TT,CA,NN,CC,AN,GG,CA,CN,CC,GA,GC,TT,GG,TC,TT,TT,GG,TT,GG,TG,CG,AA,AG,TT,TT,CT,GG,AA,TT,CC,AA,TC,TC,TT,AA
British in England and Scotland,,,,HG00141,,AG,AA,TT,NN,NC,AA,CT,AT,GT,TT,TN,GG,CT,GG,CC,GG,TT,CC,CC,TT,AT,CC,GG,CC,CC,AG,NC,CC,TC,GA,CT,GG,GG,TT,TT,CT,TC,CC,TT,AA,TC,GG,TT,AA,AG,AG,CC,TT,TT,AG,GG,GG,TT,TT,GG,GG,AA,CC,TT,CC,TG,TT,CC,TT,AG,AA,GG,CC,GG,CC,TT,TT,CC,CC,AG,CN,GA,TT,CC,CC,TT,AA,TT,TT,GG,AA,GG,CT,GN,GG,CC,GG,NN,TC,GG,CT,GG,CT,AC,CT,AG,TA,CT,AG,GG,TT,AA,TT,GG,TT,AG,TT,CC,AA,AA,CC,CC,AA,TT,AA,GA,CC,GG,TT,CC,CC,AA,AN,GG,GG,CT,CT,CT,TT,TT,GA,CC,GG,TT,CC,CT,AC,NN,CC,NA,GG,CC,NN,CC,GG,GC,TG,CC,CC,AA,TT,GG,TT,GG,TG,GC,AA,GG,TT,TT,CT,AG,AA,TT,CC,AA,TT,CC,TT,NA
British in England and Scotland,,,,HG00142,,GG,AC,CC,NN,NN,AA,TT,TA,TG,TT,TT,GG,CT,GG,CC,GA,TT,CC,GC,TT,TA,TC,GA,CC,GC,AA,NN,TT,TC,GA,TT,TT,GG,GG,TT,TT,CC,CC,GG,AA,TC,GG,TT,AA,GA,GG,CC,TT,TT,GA,GG,GT,GT,TT,GA,GG,AA,TC,TT,CC,TT,TT,CC,TT,AA,AA,GG,CC,GA,CC,TT,TC,CC,CC,AA,NN,AG,TT,CC,CT,TT,AA,TT,TC,GG,GA,TG,CC,GN,GT,CC,GG,NN,TT,GG,CC,GG,CC,AA,TT,GG,TA,TT,AG,GG,TT,GA,TT,GG,TT,AA,TN,TC,AA,AA,CC,CC,GG,TG,AA,GG,CT,GG,TT,CC,CT,GA,AN,GG,AG,TT,CT,CT,TC,AA,GG,NC,GG,TG,CC,TT,AC,NN,CC,NN,GG,AC,NN,CA,GA,GC,TG,GG,CC,TT,TT,GG,TT,GA,GG,CG,AA,GG,TT,GT,CT,GA,AA,TT,AC,AA,TT,CC,TT,NA
British in England and Scotland,,,,HG00143,,AA,AA,TT,NA,CC,AA,TT,TT,GT,TT,NT,GA,TC,GG,CC,GG,TC,TC,CC,TT,AA,TC,GA,CT,GC,AA,NN,TC,CC,GG,TT,TG,GG,GT,TC,TT,TT,CC,GG,AA,CC,AG,TT,AA,GG,GG,CC,TT,CT,GG,AG,GG,TT,TT,GA,GG,AA,CT,TT,CC,TT,TT,CC,TT,AA,AA,GG,CT,AG,CC,TT,TC,TC,CC,GA,NC,GG,TT,CC,CT,CC,AA,TT,TT,GG,AA,GG,TC,NN,TG,CC,GG,NN,TT,AA,CC,GG,CT,CA,CC,GG,AT,TT,GG,AG,TT,AG,TT,GG,TT,GG,TT,TT,AA,AA,CC,CC,AG,TG,AT,GG,CC,GG,TT,CC,TC,AA,AA,GC,GA,TT,CC,CT,TT,TA,GG,CN,GG,GT,CG,TC,AA,NN,CC,NA,GG,AA,NN,CC,GG,CG,TT,CC,TC,TT,TT,AG,CT,GG,GG,CC,AA,AA,TT,TT,TT,GG,AA,TA,CA,AA,CC,CC,TT,NN
British in England and Scotland,,,,HG00145,,GA,CC,CT,NA,NC,AA,TT,TT,GG,TT,NN,AA,TT,GG,CC,GG,TT,CC,CC,TT,AA,TC,GA,TC,CC,GA,NC,TT,TT,GG,TT,GG,GG,GT,TT,TC,TC,CG,GG,AA,CC,AG,TT,AA,GA,GG,CC,TT,TT,GA,GA,GG,TT,TT,AG,GG,AT,CC,TT,TC,TT,TT,CC,TT,AA,AA,GG,CC,AG,NC,CC,CT,CT,CC,AA,NC,GA,GT,CC,CC,TC,AA,TT,TT,GG,AA,GG,CC,GN,TT,CC,GG,NN,CT,AA,CC,GG,CC,CA,TC,AA,AA,CT,GA,AG,TT,GG,TT,GG,TT,AA,TT,CT,AA,AA,CC,CA,GG,TG,AA,GA,CC,GG,GT,CC,CC,AA,AA,GG,GA,CT,TC,TC,TT,TA,GG,NC,GA,GG,CG,TC,AC,NC,CC,NN,GG,AA,CN,CA,GG,GG,GG,GG,CT,TT,TT,GG,TT,GG,TG,CG,AA,AA,TT,GT,TT,GG,AA,TT,AC,AA,CT,CC,TT,AN
British in England and Scotland,,,,HG00146,,AA,CA,TT,AN,NC,AA,CC,TT,TT,TT,TT,GA,TC,GG,CC,GG,TT,CC,CC,TN,AA,CC,GA,TC,GC,GA,NC,TC,TT,GG,TT,GG,GG,GT,TT,CT,CC,GC,GG,AA,CT,GG,AT,NA,AG,GG,CC,TC,TT,AG,GA,TG,GT,TT,GA,GG,AA,CT,TT,CC,TT,TA,CC,TT,AG,AA,GT,CC,AG,CC,TC,TT,CC,TT,AA,NC,GA,TT,CC,CT,TC,AA,TT,TT,GG,GA,GG,CC,NN,TT,CT,GG,NN,TT,GA,TT,GG,CT,AA,TT,GG,AA,TT,GA,GA,CT,GG,TT,AG,CT,AA,TT,CT,AA,GA,TC,AA,GG,GG,AA,AA,CC,GG,TT,CC,CT,AA,AA,GG,GG,CC,TC,TT,TT,TT,GG,CC,GA,GG,CC,CT,AA,NC,CC,NA,GA,AA,NN,CC,GG,GC,GG,GG,TC,TT,TT,GG,TT,GG,GG,GC,AA,GG,AA,GT,CT,GG,AA,TT,CC,AA,TC,CC,TT,NA
British in England and Scotland,,,,HG00148,,GA,AA,TC,NN,CC,AA,TC,TA,GG,TT,NT,AA,TC,GG,CC,GG,TT,CC,CC,TT,AA,CC,AA,TC,CC,AA,CN,TT,TT,GG,TT,GG,GG,TT,TT,CT,CC,CC,GG,AA,TT,GG,TA,AA,AA,GG,CC,CT,TC,GG,GG,GG,TT,TT,AG,GG,AA,CT,TC,CC,TT,TT,TC,CT,AA,AA,GT,CC,GG,CC,TC,TT,CC,CC,GG,NN,GA,TT,CC,CC,CT,AA,TT,TT,GG,AA,GG,CT,NN,GT,CC,GG,NC,TT,GA,TC,GG,CT,AA,TT,GG,AA,TT,GG,GG,TT,AA,TT,AG,TC,AA,TT,TT,AA,AA,CC,CC,AA,TT,TA,GG,CC,TG,GT,CC,CC,GA,AA,GG,GG,TC,TC,TT,TT,TT,GG,CC,GA,GG,CG,CT,CA,NN,CC,AA,GA,AA,CN,CC,GG,GG,TT,GC,TC,TA,TT,GG,CT,AG,GG,CG,AG,GG,TT,GT,CC,GA,GA,TA,CA,AA,CT,CC,TT,NN
British in England and Scotland,,,,HG00149,,AA,AA,CC,NN,NN,AA,CT,TT,GG,CT,TT,GG,CT,TG,CC,AA,TT,CC,GG,TT,AA,TC,GA,CT,CC,AA,NN,TT,CC,AG,TT,GT,GG,TG,TT,TT,CT,CC,GG,AA,CT,GG,AA,AA,AA,GG,CC,TC,TT,AG,GG,GG,TG,TT,AA,GG,TT,CC,TT,CC,TT,TT,CC,TT,AA,AA,GG,CC,GA,CC,CC,TT,CC,CC,GA,NN,AA,TT,CC,CC,TC,AA,TT,TT,GG,AG,GG,CT,NN,GT,CC,GG,NN,TT,AA,CC,GG,TT,CA,TC,AA,TA,CT,AA,GG,CT,GA,TT,GA,TT,AG,TT,CC,AA,AA,CC,AC,GA,GG,AT,AG,TC,GG,TT,CC,CC,AA,AA,GG,AG,TT,CC,TT,TT,TT,AG,CC,AG,GT,CC,TC,AC,NN,CC,AN,GG,AA,NN,CA,GA,GG,GG,CG,CC,TT,TT,GG,TT,GA,GG,CG,AA,AG,TT,TT,TT,GG,AA,TA,AC,AA,CC,CC,TT,NA
British in England and Scotland,,,,HG00150,,AA,CC,CT,AN,CC,AA,TC,TT,TG,TT,TN,AA,CT,GG,CC,AA,TT,CC,CC,TN,AA,CC,GA,TC,CC,AA,CN,TT,TT,GG,TT,TG,GG,GG,TT,TC,CT,CC,TG,AA,CT,GG,AA,NA,GA,GG,CC,TT,TT,GA,GG,GG,TT,TT,GA,GG,TA,TT,TT,CC,TT,AT,TC,CT,GA,AA,GT,CC,GG,CC,CC,TT,CC,TC,AA,NC,GG,TT,CC,CT,TT,AA,TT,TC,GA,AA,GG,TT,NN,TT,CC,GG,NN,TT,GG,CC,GG,CT,AC,TT,AA,TA,CT,AA,GG,TT,GA,TN,GG,TT,AA,TT,CC,AA,AA,CC,CC,AG,TG,AA,GG,CC,GT,GT,CC,CC,GG,AN,GG,GG,CT,TC,TC,TT,TT,AA,NN,GG,GG,CG,CC,AA,NN,CC,NN,GG,AA,NC,AC,AG,GG,GT,GG,TT,AT,TC,GG,TT,GG,GG,GC,AA,AG,TT,TT,CT,AG,AA,TT,CA,AA,CT,CC,TT,AA
British in England and Scotland,,,,HG00151,,GG,AA,TT,NN,CN,GA,TT,TA,TG,CT,TN,AA,CC,GG,CC,AA,TT,TC,CC,TT,AA,CC,AA,TC,CG,GA,CC,CT,TC,GG,TT,TT,GG,GT,TT,TT,CC,CC,GG,AA,CC,GG,AT,AA,AG,AG,CG,TT,TT,GG,GG,GG,TT,TT,AA,GG,TA,CT,TT,CC,TT,TT,CC,TT,GA,AA,GG,CC,GA,CC,CT,TT,CT,CC,AA,CC,AG,TT,CC,CC,TC,GA,TT,TC,GG,AA,GG,CC,NG,GT,CT,GA,NN,TT,AA,CC,GG,CC,CA,CT,GG,AA,TC,GA,GG,TC,GG,TT,AA,TC,AG,TT,TC,AA,AA,CC,AC,GG,GG,AA,AA,CC,GG,TG,CC,CC,GG,NA,GG,GA,CC,TT,TC,TT,TT,GG,CC,AG,GT,CC,CT,AA,NN,CA,NN,GG,AA,CC,CC,GA,CG,GT,GG,TC,TA,TT,GG,TT,GG,GG,CG,AA,GG,TT,GT,CC,GG,GA,TT,CA,AA,CC,CC,TT,NA
British in England and Scotland,,,,HG00154,,GA,CA,TT,NN,CC,AA,TC,TT,TT,TC,TN,AG,CT,GG,CC,GA,TT,CC,GC,TT,AA,TC,AA,CC,GC,AA,NN,CT,TC,GA,TT,TG,GG,TT,CT,CT,CT,CC,GG,AA,CC,GA,AT,AA,AA,AG,CC,TC,TT,GG,GG,GT,GT,TT,AA,GA,AT,TT,TT,TC,TG,TT,CC,TT,GG,AA,TG,TC,GA,CC,CT,TT,TC,CC,AA,NC,GG,GG,CC,CC,TT,AA,TT,CC,AG,AA,GG,CC,NG,GT,CC,GG,CN,CT,GG,CT,GG,CC,CA,TT,GG,AA,TT,GG,GA,TT,GG,TT,AG,TT,AA,TT,CC,AA,AA,CC,CC,GA,TT,AA,GG,CC,GT,TT,CC,CC,AA,NA,GG,GG,TT,TC,CT,CT,TT,GG,CC,GG,GT,GC,TC,CC,NN,CC,NN,GG,CA,CC,CC,GG,CG,GT,GC,TT,TT,TT,GA,CT,GG,GG,CC,AG,GG,TA,TT,TC,GG,AA,TT,CA,AA,CC,CC,TT,NA
British in England and Scotland,,,,HG00155,,GA,CC,TT,AN,NC,AA,TC,TT,GG,TT,TN,GG,TC,GG,CC,GA,TT,CC,CC,TN,AA,CT,GA,CT,GC,AA,CN,TT,TT,GA,CT,TT,GG,GG,TT,TT,CC,CC,GT,AA,CC,GG,TA,AA,AA,GG,CC,TT,CT,GG,GG,GG,TT,TT,AG,GA,AT,TT,TT,CC,TT,TT,CC,TT,AA,AA,GG,CT,GA,CC,TC,TT,TC,CT,AA,NN,AG,TT,CC,CT,TC,AA,TT,TT,GA,AG,GG,CC,NG,TT,CC,GG,NN,TT,AA,CC,GA,CC,CA,TT,GA,AT,TT,AG,AA,TT,AA,TT,AG,TT,GA,TT,CC,AA,AA,CC,CC,AG,TG,AT,GA,CT,TG,TG,CC,CC,AA,NA,GG,GG,CT,CT,TT,TT,TT,GA,CC,GG,GT,CC,CT,CA,NN,CC,NA,GG,AA,CC,CC,GA,GG,TT,GC,TT,AT,TT,GG,TT,GG,GG,CC,AA,AG,TT,TT,CT,GG,AA,TT,CA,AA,TC,CC,TT,AA
British in England and Scotland,,,,HG00157,,AA,CA,TT,AN,NN,AA,TC,TT,GT,TT,TN,GA,TC,GG,CC,GG,TT,CC,CC,NT,AA,CC,AA,TC,GC,AA,NN,CT,CC,GG,TT,TG,GG,GG,TT,CT,CT,GC,TG,AA,TC,GG,AT,AA,AG,GG,CC,TT,TT,GG,GG,GG,GT,TT,GA,GG,AA,TC,TT,CC,TT,TT,CC,TT,AA,AA,GG,CC,AA,CC,TC,TT,TC,CC,AG,CN,GA,TT,CC,CT,TC,AA,TT,TT,GG,AA,TT,CC,NN,GT,CT,GA,NN,CC,AG,CC,GG,CT,AA,TT,GA,AA,CT,GG,GG,TT,AG,TT,GG,CT,GA,TT,CC,AA,AA,CC,CC,AA,GT,AA,GG,TT,GT,TG,CC,CC,GA,AA,GG,GG,CC,CT,CT,TT,TT,AG,CC,GG,TT,CC,TT,AC,NN,AC,NN,GA,AA,CC,CC,GA,GC,TG,CC,TT,TT,CT,AG,TT,GG,GG,GG,AA,AG,TT,TT,TT,GA,AA,TT,CA,AA,CT,CC,TT,NA
British in England and Scotland,,,,HG00158,,AG,CA,CT,AN,CN,GA,TT,TT,GT,TT,NN,AA,CC,GG,AC,GA,TT,CC,CC,TT,AA,CC,AA,CT,CC,AA,CN,CC,TC,GG,CT,TT,GG,GG,TT,TC,CT,CC,TG,AA,TC,GG,TA,NA,GA,GG,CC,TT,TT,GG,GG,TG,TT,TC,GA,GG,TA,TT,TT,CT,GT,TT,CC,TT,AA,AA,TG,CC,AA,CC,TC,TT,CC,CC,AA,NN,GG,TT,CT,CC,CC,GA,TT,TT,GG,GA,GG,CC,GN,TT,CC,GG,NN,CT,GG,CC,GG,TT,CA,TT,AA,AA,TT,GG,GG,TT,GG,TT,GG,TT,AA,TT,CC,AA,AA,TT,CC,GA,GT,AA,AG,CC,GG,TT,CC,CC,AA,AN,GG,GG,TC,CT,TT,TT,TT,GA,CC,GG,GG,CC,CC,CC,NN,CC,NN,AG,AA,CC,CC,GA,CG,GT,GG,TC,TT,TC,GG,TT,GG,GG,CG,GA,GA,TT,TT,TT,GG,AG,TT,AA,AA,TC,CC,TT,AN
British in England and Scotland,,,,HG00159,,AG,AA,TC,NN,CN,GA,TT,TA,TT,TT,NN,AG,CT,GG,CC,GG,TC,CC,CC,TN,AA,CC,AA,CT,CC,GA,NC,CT,TC,GG,TT,GT,GG,TT,TT,CT,TC,CG,TT,AA,CT,GG,TT,AN,GA,GG,CC,TC,TT,GG,GG,GG,TT,TT,GA,GA,AA,TT,CT,CC,TG,TT,CC,TT,GA,AA,GG,TC,GA,CC,TT,TT,TC,CC,AA,NC,GA,TT,CT,TC,TT,AA,TT,CT,GG,AA,GG,CC,NG,GT,CC,GG,CN,TT,AA,CC,GG,TT,CC,TT,GA,AA,TT,GG,AA,CT,GA,TT,GA,TT,AG,TT,TT,GA,AG,CC,CC,AG,GT,AT,GG,CT,GG,GT,TC,CT,AA,AN,GG,GG,CT,CC,CC,TT,AA,GG,CC,AG,TG,GC,CC,AA,NN,AC,NN,AG,AA,CN,CA,AA,GG,GG,GG,TC,TA,TT,GG,TT,GG,GG,GC,AA,GG,TT,TT,TT,AG,AG,TT,CC,AA,TT,CC,TT,NA
British in England and Scotland,,,,HG00160,,GG,AA,TT,NN,NN,GG,CC,TT,GT,TT,NT,GA,CC,GG,CC,AA,CT,CC,CC,TT,AA,CT,GA,TC,CC,AA,NN,TT,CT,AG,TT,TG,GG,GG,TT,TT,CC,GC,GG,AA,TT,GG,TT,NN,GA,GG,CC,TT,TT,GG,GG,GG,TT,TT,AG,GG,AT,CC,TT,CC,TT,AT,TT,CT,AG,AA,TG,CC,GA,CC,CT,CT,CC,TC,GG,NC,GA,TT,CC,CT,TC,AG,TT,TT,GG,AA,GG,CC,GN,TT,CC,GA,NN,TT,AA,CC,GG,TC,CA,TT,GG,TT,CT,GG,GG,TC,AA,TT,AG,CT,GA,TT,TT,AA,GA,CC,AC,AA,GT,AT,GG,CC,TG,TG,CC,TC,AA,NN,GG,GG,TT,CC,TC,TT,TT,GG,CC,GG,TT,CC,TC,CA,NN,CC,NN,GG,AA,CC,CC,GG,GG,TT,GG,TC,TT,TT,GG,TT,GG,GG,GG,AA,GA,TT,TT,TT,AA,AA,TT,CA,AA,TC,CC,TT,NA
Finnish in Finland,,,,HG00171,,GG,AA,TT,AN,NC,AA,CT,TT,GG,TT,NN,AG,TT,GG,CC,GG,TT,TC,CG,TT,AA,CT,AG,CC,CG,GA,NN,TT,CC,GG,TT,GT,GG,TT,TT,CC,TC,CC,GG,AA,CC,GG,AT,AA,AA,GG,CG,TC,TC,AG,GG,GG,GG,TT,GG,GA,AA,TT,TT,CC,TT,TT,TC,TT,AA,AA,TG,CC,GG,CC,CT,TC,CC,CC,AG,CC,AA,TT,CC,CC,TC,AA,TT,TC,GA,AA,GG,CC,NG,TT,CC,GG,NN,TT,AA,CC,GG,CT,CA,TT,AA,TA,CT,GA,GG,TT,GG,TT,GA,TT,AA,TT,TT,AA,AG,CC,CC,GA,GG,AA,GG,CC,GG,TG,CC,CT,AA,AN,GG,GG,CC,TC,TT,TT,TT,AG,CC,GG,TG,GG,TC,AA,NN,CC,NN,GG,AC,CN,CA,GG,GG,GT,CG,TT,AT,TT,AA,TT,GG,GT,CG,AA,GG,TT,TT,TT,GG,GA,TT,CA,AA,TC,CC,TT,NA
Finnish in Finland,,,,HG00173,,AG,CC,CT,NN,NC,AA,CT,AT,GT,TT,TT,AG,CC,GT,CC,GG,TT,CC,CC,TT,AA,TC,GG,CC,GG,AA,NN,TT,TT,GG,TT,TT,CG,GT,TT,CT,TC,CG,TG,AA,TT,GG,TA,AN,GA,GG,CC,TT,TC,GG,GG,GT,GT,TT,GA,GG,AA,TC,TT,CC,TT,TT,CC,TT,GA,AA,GG,TT,AG,CC,TC,TT,CC,CC,AA,NN,AA,TG,CC,CT,TC,GA,TC,TT,GG,AA,GG,CC,NN,TT,CT,GA,NN,TT,AG,CT,GG,TT,AC,TT,GA,AA,TC,GG,GG,TT,GA,TT,GG,CT,AA,NT,CT,AA,GG,CC,AC,GA,GT,AA,GG,CT,GG,TT,CC,TT,AA,AN,CG,AG,CT,TC,CC,TT,TT,GG,CC,GA,TG,CG,TC,CC,NN,CC,AN,GG,AC,NC,CC,GG,GC,GT,CC,CC,AT,TT,AG,TT,GG,GG,GC,AA,GG,TT,TT,TT,GA,AA,TT,CA,GA,CC,CT,TT,NA
Finnish in Finland,,,,HG00174,,AA,AA,TT,AA,CC,GG,TC,TT,TT,TC,TN,GA,CT,GG,CC,GA,TT,CT,CC,TT,AA,CT,AG,CC,GC,AA,NN,TT,CT,GG,TT,GT,GG,TT,TT,TC,CC,CC,GG,AA,TC,GG,TT,AN,GG,AG,CC,TC,CT,GG,GA,TT,GT,TC,AA,GG,TT,CC,TT,CC,TT,TA,CT,TC,AA,AA,GT,CT,GG,CC,TC,TT,CC,CC,GA,CC,AG,TT,TC,CC,CC,AA,TT,TT,AG,AA,GG,CC,GN,TT,CC,GG,NN,CT,AA,CC,GG,CC,AA,TT,GG,AA,TC,GA,GG,CT,GA,TT,AA,TT,GA,TT,TT,AA,GA,TT,CA,AG,TG,AT,GG,CC,GG,TT,CC,CC,AA,AA,CC,GG,TT,TT,TT,CT,TT,GG,CC,AG,GG,CC,CT,AA,NN,AC,NN,GG,AA,CN,CC,AG,CG,TG,CG,TT,AT,TT,GG,TT,GG,GG,CC,AA,AG,TT,TT,TC,GG,GA,TT,AC,AG,TT,TC,TT,AN
Finnish in Finland,,,,HG00176,,GG,AA,TT,NN,CC,AA,TC,TT,GT,TC,NT,AG,TT,GG,CC,AG,TT,CC,CC,TT,AA,CC,AA,CC,GC,AG,CN,CC,CT,AG,TT,GG,GG,TT,TT,CT,TT,CC,GG,AA,TC,GA,AA,AA,AG,GG,CC,TT,TT,GG,GG,GG,GT,TT,GA,GG,TA,CC,TT,CC,TT,TA,CT,TT,AA,AA,GG,TC,GA,CC,TC,TT,CC,CC,AA,CN,AG,TT,CT,CC,TC,AA,TT,TT,AG,AA,GT,TC,NN,TT,CC,GG,NN,CC,AA,TC,GG,TC,CA,TT,GA,AT,TT,GG,AG,TT,GA,TT,AA,TT,AA,TT,TT,AA,AA,CC,CC,GA,GT,TA,GG,CC,GG,GT,CC,CC,AA,AA,GG,AG,CC,TT,CT,TT,AT,AG,CC,GG,TT,CC,TC,CA,NN,CC,NN,GG,AA,CC,CC,AG,GC,TG,CG,TC,AT,TT,GG,TT,GG,GG,CG,AA,GG,TT,TT,TC,AG,AA,TT,AC,AA,TT,CC,TC,NA
Finnish in Finland,,,,HG00177,,AA,CA,TT,NN,CC,AA,TT,TT,TG,TT,TN,GG,CT,GG,CC,AA,TT,TT,CC,NT,AA,TC,GG,CT,CC,AA,NN,TC,TC,AG,TC,GG,GG,TT,TT,TT,CC,CC,TG,AA,TT,GG,TT,AA,AA,AG,GG,TT,TT,AA,GG,GG,GT,TT,AG,GG,AA,TT,TT,CT,TT,TA,CT,TC,AA,AA,TG,CC,GA,CC,CT,TT,TC,CC,AA,NC,GG,TT,CC,CT,TT,AA,CC,CC,GA,AA,GG,CC,NN,TG,CC,GG,NN,CT,GG,CC,GG,CC,AA,CT,GA,AA,TT,AA,GG,TT,AG,TN,AG,TT,AA,TT,CT,AA,AG,CC,CC,AG,TG,AA,AG,CC,TG,TT,CC,CC,AA,AA,GG,GG,TC,CT,CT,TT,TA,AA,CC,GA,GG,CC,CT,AA,NC,CC,NA,AG,AA,NN,CC,GG,CC,TT,CC,TT,TT,TT,GG,TT,GG,GG,CC,AA,AG,TT,TT,TC,GG,AA,TT,CC,AG,TT,CT,TT,AN
Finnish in Finland,,,,HG00178,,AG,AC,TT,NN,CC,AA,TC,TT,TT,TT,TT,GA,TT,TG,CC,GG,TC,TC,CC,TN,AA,CC,AA,CC,CG,AA,CC,TT,TT,GG,CT,TG,GG,GT,TT,TT,TT,CC,GT,GA,CT,AG,AA,NN,GA,GA,CG,TT,CT,GA,GG,GG,GG,TT,GG,GG,AT,CC,TT,CC,TT,TT,CC,TT,GA,AA,GG,TT,AA,CC,CC,TT,TC,CC,AA,NC,GA,TT,CC,CT,TC,AG,TT,CT,AG,GG,GG,CC,GN,TT,CC,GG,NC,CC,AA,CC,GG,TC,CA,TT,AG,AA,CT,AA,GG,TT,AA,TT,AA,TT,AA,TT,CC,AA,AG,CC,CC,AG,TG,AA,GG,CC,GG,GT,CC,TC,AG,AA,GG,GG,TT,CC,TC,TT,TT,GG,CC,GG,TG,CC,TT,CA,NN,CC,NN,GG,AA,CN,CC,GA,CG,TT,GG,CC,TT,TT,GG,TT,AG,GG,CC,AA,GA,TT,TT,CT,GG,GA,TT,AC,AA,CC,CC,TT,NA
Finnish in Finland,,,,HG00179,,AG,AC,CC,NN,NN,AG,TC,TT,GT,TT,NN,AA,CT,GG,CC,GA,TT,CC,CC,NT,AA,CC,AG,CT,GC,AA,NN,TT,TT,AG,CT,GG,GG,GT,CT,CC,CT,CC,TG,AA,CT,GG,TT,AA,AA,GG,CC,TT,TC,GG,GG,GG,GG,TT,AG,GG,AA,CC,TT,CC,GT,TT,CC,TT,GA,AA,GG,CC,GG,CC,TT,TT,CC,CC,GA,CC,AA,TT,CC,CC,TT,AA,TT,TT,GG,AA,GG,CC,NN,GT,CC,GG,NN,CT,AG,CC,GG,CC,AA,TT,GG,AA,TT,GG,GG,TT,GG,TT,AG,TT,AA,TT,CT,AA,AA,CC,CC,GG,GT,TA,GG,CC,TG,TT,CC,CC,GA,NA,CG,GG,CT,TT,TT,TT,AT,AA,CC,GG,GT,CC,TT,CC,CN,CC,NA,GA,AA,NC,CC,GG,GG,GT,GC,CT,TT,TT,GG,TT,GG,TG,GG,GA,GG,TT,TT,TC,AG,AA,TT,AC,AA,CC,TC,TT,AA
Finnish in Finland,,,,HG00180,,GA,AA,CT,NN,CN,AA,CC,TT,GT,TC,TT,GG,TT,GG,CC,GA,TT,CC,CC,TT,AA,CT,AG,CC,GC,AA,NC,TT,TC,AG,TT,GG,GG,GT,TT,CT,CC,CC,TG,AA,TC,GG,AA,NN,AA,GG,GG,TC,CT,GG,GA,GG,TG,TT,GA,GG,TA,TC,TT,CC,TT,TT,TC,CT,AG,AA,GG,CT,AG,CC,TC,TT,TC,CC,AG,CN,GG,TT,CC,CT,TT,AA,TT,TT,GG,AA,GG,CT,GN,TT,CC,GG,NN,TC,AA,CC,GG,TT,AC,CC,AA,AT,TT,AG,AG,TT,AA,TN,GA,TT,AG,TT,TC,AA,GA,CC,CC,AA,TT,AA,GG,TT,GG,TT,CC,CT,GA,AN,GG,GG,CT,CT,CT,TT,TT,GA,CC,GG,TT,CG,TC,CC,NN,CC,NN,GG,CA,CN,CC,GG,CG,TG,GC,TT,TT,TC,GG,TT,GG,GG,CC,AA,GG,TT,GT,CT,GA,AA,TT,CC,GA,TT,CC,TT,AA
Finnish in Finland,,,,HG00181,,GA,AC,TT,NN,NC,AA,TC,TA,GG,TC,NN,GG,TT,GG,CC,GA,TC,CT,CC,TN,AA,CC,AA,TC,GG,AA,CN,TC,CT,GG,TC,TT,GG,GG,CT,CC,CC,CC,TG,GG,TT,GG,TT,AA,GA,GG,CC,TT,TT,GG,GG,GG,TG,TT,AA,GG,AA,TC,TT,CC,TT,TT,CT,TT,AA,TA,GG,CT,GG,CC,TT,TC,CC,CC,AA,NC,AG,TT,CC,CT,TC,AA,TT,TC,AG,AA,GG,TC,NN,TT,CC,GG,NN,TC,GG,CT,GG,TT,AA,TT,GA,AA,TC,GG,GG,TT,GG,TT,GA,CT,AA,NT,CT,AA,AG,CC,CC,GA,TT,AA,GG,CT,GG,GT,TC,CC,AA,AN,GG,GG,CC,TT,TT,TT,TT,GA,CC,GG,GG,CG,CC,AA,NN,CC,NA,GG,AA,NN,CC,GG,CG,TT,CG,TC,AT,TT,GG,TT,GA,GG,CC,AA,AG,TT,TT,TT,GG,AG,TT,AC,AA,CT,CC,TT,AA
Finnish in Finland,,,,HG00182,,AG,AA,TT,NA,NN,AA,TT,TT,TG,TT,TN,GA,CT,GG,CC,GA,TT,CC,CC,TT,AA,CC,AA,CT,CG,AA,CN,TT,TT,GG,CC,GG,GG,TG,TC,TT,CT,CC,GG,AA,TC,GA,TT,AN,AA,GG,GC,TT,CT,GG,GG,GG,TT,TT,AA,GG,TT,TC,TT,CC,TT,AT,CC,TT,AG,TA,GT,CC,GG,CC,CC,TT,CC,CC,AA,CN,GA,TT,TT,CC,CT,AA,TT,TT,GG,GA,GG,CC,GN,TT,CC,GG,NN,TT,AA,TC,GG,CT,AA,TT,GA,AA,TT,GA,GG,CT,AG,TN,GA,TC,AA,TT,CC,AA,AA,CC,CC,GG,TG,TA,GG,CT,GG,GT,TT,TC,AG,NA,GG,GG,CT,CC,TC,TT,TT,AG,CC,GG,TT,GG,TC,CC,CN,CC,AN,GG,AA,NN,CC,GG,GG,TG,GG,TT,TT,TT,AG,TT,GG,GG,GC,AA,GG,TT,TG,CT,GG,AA,TT,CC,AA,CC,TC,TT,NN
Finnish in Finland,,,,HG00183,,AA,AC,TT,NN,NC,AA,TC,TT,TT,TT,TN,GG,CC,GG,CC,AG,TT,CC,CC,NN,AA,CT,GG,TT,CG,AA,NC,TT,TT,AG,TT,TT,GG,TG,TT,TT,CC,CC,GG,AA,CT,GA,TA,NA,GA,GG,CC,TT,TT,GG,GG,TG,GG,TT,AA,GG,AA,CC,TT,TC,TT,TA,CC,TT,GA,AT,TG,CC,GA,CC,TT,TT,CC,CC,AA,NC,AG,TT,CC,TC,TT,AA,TT,TT,GA,AG,GG,TC,NN,TT,CC,GG,NC,CC,AA,CT,GG,TC,AA,TT,AG,AT,TT,AA,GG,TT,AA,NN,AA,TT,GG,TT,CC,AA,AA,CC,CC,AG,GG,AA,GG,TC,GG,TT,TC,CC,AA,NN,GG,GG,CT,TC,CT,TT,TA,GG,CC,GG,GG,CC,CC,AA,NN,CC,NN,GG,AA,NC,CA,GG,CG,GT,GG,TT,TT,TT,GG,TT,GG,GT,GG,AA,GG,TT,TT,TC,GG,AA,TT,CC,AA,CC,CC,CT,AN
Finnish in Finland,,,,HG00185,,GG,AA,CT,NA,NC,AA,CT,TT,GT,TT,TN,AA,CC,GT,CC,AG,TT,CC,GC,TT,AA,TC,AA,CC,CC,AA,NN,TC,CT,GG,TT,TT,GG,GT,TT,TT,TC,CC,GG,AA,TC,GG,TT,NA,GA,GA,CG,TT,TC,GG,GG,GG,GG,TT,GG,GA,AA,CT,TT,CC,TT,TA,TT,CC,AG,TA,GG,CC,AA,CC,TC,TT,TC,CC,AG,CN,AG,TT,CT,TC,TT,AA,TT,TT,GG,AA,GG,CC,NN,TT,CC,GG,NN,CT,GA,CT,AG,CC,CA,TT,GG,AT,TT,AG,GG,TT,AG,TN,AA,CT,GG,TT,CT,AG,GA,CC,CC,GA,GT,AA,AG,CC,TG,TT,CC,TC,AA,AN,CG,GG,TT,TC,TC,TT,TT,GG,NC,AA,GG,CC,CC,AA,NN,CC,NA,GG,AA,CN,CC,GA,CG,TT,GC,TC,AT,TT,GG,TT,GG,GG,GC,AA,GG,TA,TT,CT,GA,GA,AT,AC,AG,CT,CC,TT,AN
Finnish in Finland,,,,HG00186,,AG,AC,TC,NN,CN,AA,TT,TT,TG,TT,TT,GG,CT,GG,AC,GG,TC,CT,CC,TT,TA,CC,GA,CC,CC,AG,NN,CT,TT,GG,TT,TT,GG,TG,TT,TC,CT,CC,GG,AA,CT,GG,TT,AA,AG,AG,GC,TT,CT,GG,GG,GG,GT,TT,GG,GG,AT,TT,TT,TC,TT,TA,CC,TT,AA,AT,GG,CC,GA,CC,TC,TT,CC,CC,AA,CN,AA,TT,CC,CC,TC,AG,TT,TT,GG,AG,GG,CC,NN,TT,CC,GG,NN,CC,AA,CC,GG,TT,CC,TT,AA,TA,TC,GG,GG,TT,GG,TT,AG,TT,AA,TT,TT,AG,AA,CC,CC,GG,GG,AA,GA,TC,GT,TG,CC,CC,GA,AA,CG,GG,TC,CT,CT,TC,TT,AG,CC,GA,TT,CG,CC,AC,NC,CC,NN,GG,AA,NC,CC,GG,GC,TT,CG,CT,TA,CT,GG,CT,GG,TG,CG,AA,GG,TT,GG,CC,AA,AA,TT,AC,AA,TC,TC,TT,AN
Finnish in Finland,,,,HG00187,,AA,CC,TT,NN,NC,GA,CC,AT,TT,TT,TN,GG,CC,GT,CC,AA,TT,CC,CC,TT,AA,CT,AA,TC,CC,AG,CN,TT,CC,GA,TT,GG,GG,GG,TT,TT,TC,CC,GG,AA,CC,GG,AA,AA,GG,GA,GC,CT,TT,AA,GA,TT,GT,CT,GG,GG,TA,CT,TT,CT,TT,TT,TC,CT,AG,AA,GG,CC,AG,CC,CT,TT,TC,CC,AA,NN,GG,TT,CC,CT,CC,AA,TT,TT,GG,AA,GG,CC,GN,TT,TC,GG,NN,CT,GG,CC,GG,CC,AA,TT,AA,AA,TT,AA,GG,TT,GA,TT,AG,TT,AA,TT,TT,AA,AA,CC,CC,GA,GG,AA,GG,CC,GT,TT,CC,CC,GG,AN,CG,GG,CT,CC,TT,TT,TT,AG,CC,AA,GG,CC,CC,AA,NN,CC,NN,GG,CA,NN,CC,GG,GG,GG,GG,TT,TT,TT,AA,TT,GG,GG,GC,AA,AG,TT,TT,CT,GG,AA,TT,AC,AA,TT,TC,TT,AN
Finnish in Finland,,,,HG00188,,GA,AA,CT,NN,CN,AA,CT,AT,GT,CT,TN,AA,CC,GG,CC,GA,TT,CC,CC,TT,AA,CC,AG,CT,CC,AA,NN,TT,TT,AG,TC,GG,GG,TT,TT,TC,CT,GC,TT,AA,CC,GG,TA,NA,GA,GG,CC,TT,TT,GA,GG,GG,GT,TT,AG,GG,AT,CC,TT,CC,TT,TT,CC,TT,AA,AA,GG,CT,GG,CC,TT,TT,CC,CC,AG,NC,GA,TT,CC,CC,CC,AA,CT,TT,GA,AA,GG,CC,GG,TT,CC,GG,NN,CT,GG,CC,GG,CT,AA,TT,GG,AT,CT,GG,GG,TT,AA,NN,GA,TT,GG,TT,TT,AA,AG,CC,CC,GA,GT,TA,GG,CC,GG,TT,CC,CT,AA,AA,GG,GG,TT,CC,CC,TT,TT,AG,CC,GA,TG,GC,CC,AA,NN,CC,NN,GG,CA,NC,CC,GG,GG,GT,GG,TC,TA,TT,AG,TT,GG,GG,GG,GA,GG,TT,TT,TT,GG,AA,TA,CC,AG,TT,TC,TT,AA
Finnish in Finland,,,,HG00189,,AG,CA,TT,NN,CC,AG,TC,TT,GG,TT,NN,AA,CC,GG,CC,GG,TT,TC,CC,TT,AA,CT,AG,CT,GC,AA,NN,CT,TT,GG,TT,GT,GG,GT,TT,TC,TC,CC,GG,AA,TT,AG,TT,AN,GG,GG,CC,TT,TT,GG,GG,GG,TT,TT,AA,GG,TA,TC,TT,CC,TT,TT,TT,CT,GA,AA,GG,CC,GG,CC,TC,TT,CT,CC,AA,NN,GG,TT,CC,CT,TT,GA,TT,TT,GG,GA,GG,CC,GN,TT,CC,GG,NN,TT,AA,TC,GG,CT,AA,TC,GA,TA,TT,GA,GG,CT,GA,NT,AA,TT,AA,TT,TT,AA,AG,CC,CC,AG,GG,AA,GA,CC,GG,TT,CC,CT,AA,AA,GC,AG,TC,TT,TT,TC,TT,AG,CC,AG,GT,CG,TC,CC,CC,CC,NN,GG,AA,CN,CC,GG,CC,TT,CC,TC,TA,TT,GG,TT,GA,GG,CC,AG,GG,AT,TG,CC,GG,AA,TT,AC,AA,TC,CC,TT,AN
Finnish in Finland,,,,HG00190,,GA,AC,CT,NN,NC,AA,CT,AA,GG,TT,NT,AA,TC,GG,CA,GG,CT,CC,CC,NT,AA,TT,GG,CC,CG,AA,NN,TT,TT,GG,TT,GG,GG,TG,TT,TT,CT,CC,GG,AA,CC,GG,TA,NA,GG,GG,CG,TC,TT,GA,GG,TT,TG,TC,AG,GG,AT,TC,TT,CC,TT,TA,CC,TT,AA,AT,GG,CC,GA,CC,TC,CT,CC,CC,GA,NC,GG,TT,CC,CC,TT,AA,TT,TT,GG,AA,GG,TC,NN,TT,CC,GG,CN,TC,AA,CC,GG,TT,AA,TC,GA,TA,CT,GA,AA,TT,GA,TT,AG,TT,AG,TT,TT,AA,GA,CC,CC,GA,GT,AT,GG,CT,GG,TT,CC,CC,AA,NA,GG,GG,TT,CC,CT,TT,TT,GG,CC,AG,GG,CC,CC,AA,NN,CA,AN,GG,AA,CN,CA,GG,CG,TT,GG,CC,AT,TT,GG,TT,GG,GG,GG,AA,GA,TT,GT,TC,GG,AA,TT,AA,AA,CT,TT,TT,NA
British in England and Scotland,,,,HG00231,,AA,AA,CT,NN,CN,AA,CT,AT,GT,TT,TT,GG,CC,GG,CC,AA,CT,CC,CC,NT,AA,TT,GG,TC,CG,AA,NN,CT,CT,GG,TT,TT,GG,TT,TT,TC,CC,CC,GG,AA,CC,GG,TT,NA,GG,GA,CC,TT,TT,GG,AG,GG,GT,TT,AA,GG,TA,CC,TT,CC,TT,TT,CC,TT,AA,AA,GT,CC,AG,CC,TT,TT,CC,CC,AA,NC,GG,TG,CC,TC,TT,AG,TT,CT,GG,AA,GT,CC,NG,TT,CC,GG,NN,TT,AA,CT,GG,CT,AC,TC,AG,TA,CC,GA,GA,TT,AA,TN,GG,TT,AA,TT,TC,AA,AG,CC,AC,GA,GG,AA,GA,CC,TG,GG,CC,CC,AA,AA,GG,GG,CC,CT,CT,TT,AA,GG,CC,GG,TT,CG,TT,CC,NN,CC,NN,GG,CA,CC,CC,GG,GG,TT,CG,CT,TT,TT,GG,TC,GG,GG,GG,AG,GA,TT,GT,TT,GG,AA,AT,AA,AA,TT,CC,TT,AN
British in England and Scotland,,,,HG00232,,AG,AA,TT,NA,CC,GA,CT,AT,TT,TT,TN,GA,TT,GG,CC,GG,TT,CC,CC,NT,AA,CC,GA,CC,GC,GA,NC,TT,CT,GG,TC,GG,GG,GG,TT,CT,CC,CG,GG,AA,CC,AG,TT,AA,GA,GG,CC,TT,TT,GG,GG,GG,GT,CT,GG,GG,TA,TT,TT,CC,TT,TT,CC,TT,AG,AA,GG,CC,GG,CC,TC,TT,CC,CC,AG,CC,GA,TT,CC,CC,TT,AA,TT,TT,AG,AA,GG,CC,GG,TT,TT,GA,NN,TT,AA,CT,GG,CT,AC,TT,GA,AA,TT,AG,GG,TT,AA,TT,GA,TT,AA,TT,TT,AA,AA,CC,AC,GG,GT,AT,GG,CC,TG,TT,CC,CC,AA,AN,GG,GG,TT,CC,TT,TT,TT,AG,CC,AG,TG,CC,CC,CA,NN,CC,NN,AG,CA,CN,CC,AG,GC,TG,GG,TT,TT,TT,GA,TC,GG,GG,GC,AA,GG,TT,TT,CC,AG,AG,TT,AC,AA,TT,CC,TT,AA
British in England and Scotland,,,,HG00233,,AG,CA,CC,AN,NN,AG,CT,TT,TT,TT,TT,GG,TT,GG,CC,GA,TT,CT,CC,NN,AA,CC,AA,CC,GC,AA,NN,TT,CT,GG,TC,GG,GG,GG,TT,CC,CC,CC,GT,AA,CC,GG,TA,AA,AG,AG,CC,TT,TT,GG,AG,GG,GT,TT,AA,GG,AA,TT,TT,CC,TT,TT,TC,TT,AG,AA,GG,CC,GA,CC,TC,TT,TC,CC,AA,NC,GA,TT,CC,TT,TC,AA,TT,TT,GA,AA,GG,CC,NN,TT,CC,GG,NN,TC,AA,CC,GG,TT,AC,TT,GA,AT,TC,AG,GG,TT,AA,TT,GA,TT,GG,TT,CT,AA,AA,CT,CC,GA,GG,AA,GG,CC,GG,TG,CC,CC,GG,AA,GG,GG,CT,TC,TC,TT,TT,GA,NC,GA,TT,CC,CC,AA,NN,CC,AA,GG,AA,CN,CC,GG,GG,TG,GC,CT,TT,TC,GG,TT,GG,GG,CG,AA,GG,TT,TT,CC,GG,GA,TT,AA,AA,CC,CC,TT,AA
British in England and Scotland,,,,HG00234,,AA,AA,TT,NN,NC,AA,CT,AT,TG,TT,TN,AA,TC,GG,CC,AA,TT,CC,CC,TN,AA,CT,AG,CT,CC,AA,NC,CT,TC,GG,TT,TT,GG,TT,TT,TT,CT,GC,GG,AA,TT,GG,TT,AA,GG,GG,CC,TT,TT,GG,GG,GG,TT,TT,AA,GG,AA,TC,TT,CC,TT,TT,CC,TT,GA,AT,GG,CT,GA,CC,TC,TT,CC,CC,GG,NN,GG,TT,CT,TC,TC,AA,TT,TT,GG,AA,GG,TC,NG,TT,CC,GG,NN,TT,GA,TC,GG,CC,AA,TT,AG,TA,TT,AA,AG,TC,AA,TT,GA,TT,GA,TT,TC,AA,GA,CC,AC,GA,GG,AA,AA,CC,GG,TT,CC,TC,AG,AA,GG,GG,TC,CT,TT,TC,TT,AA,CC,GA,GG,GC,TT,CA,NN,CC,NN,GG,AA,NN,CC,GG,GG,TG,GG,TC,TT,TT,GG,TT,GG,GG,GG,AG,GG,AT,TT,CC,GG,AA,TT,CC,AA,CT,CT,TT,AA
British in England and Scotland,,,,HG00235,,AA,AC,TT,NN,CN,AG,CT,AT,TT,TC,NN,AA,CT,GG,CC,AA,TT,CC,CC,TT,AA,CC,AA,TT,CC,AA,NN,TT,TT,GG,TT,GG,GG,GT,TT,CT,TC,CC,GG,AA,TC,GG,AA,AA,GG,GG,CC,TT,TT,AG,GG,GG,TG,TT,AA,GG,AA,TT,CT,CC,TT,TT,CT,TT,AA,AA,TG,TC,GA,CC,CC,TT,CT,CC,AA,NC,GG,TT,CT,CT,TT,AA,TT,TT,GG,AA,GG,CT,NN,GT,TC,AG,NN,TC,AG,CT,GA,CT,AA,TT,GA,TA,TT,AG,GA,TC,AG,TT,AG,TT,AA,TT,TT,AA,GA,CC,CC,GG,GG,AA,GG,CC,GG,TG,CC,CT,AA,AA,CG,GG,TT,CC,TC,TT,TT,AA,CC,GG,TG,CC,CC,CC,CN,CA,NN,GG,AA,NN,CC,GG,GG,TG,CC,TT,AT,TT,GG,TC,GG,TG,CG,GA,GG,TT,TT,CT,GA,AA,TT,AA,AA,CC,CC,TC,NA
British in England and Scotland,,,,HG00236,,GG,AA,CT,NN,NC,AA,TT,TT,GG,TT,NT,AG,TC,GG,AA,AA,CC,CC,CC,TT,AT,CC,GA,CC,CC,AA,NN,TT,TT,AA,TC,GT,GG,TT,TT,TC,TC,CG,GT,AA,CC,GG,AA,NA,AA,GG,CC,TT,TT,GG,GG,GG,TG,TT,GG,GG,TA,CC,TC,CC,TT,TT,CC,TT,AG,TA,GG,CC,GG,CC,CT,TT,CC,CC,AG,CN,GG,TT,CT,TC,TT,AA,TT,TT,GA,AA,GG,CT,NG,GT,CC,GG,NN,TT,GA,CC,GG,CT,AA,TT,AG,AA,TT,GG,GG,TT,GA,TT,AA,CT,AA,TN,CC,GA,GG,CC,CC,AG,TG,AA,GG,CC,TG,TT,CC,CC,GG,AA,GG,GG,TT,TT,TT,TT,TT,GG,CN,GG,GT,CG,TC,CA,CN,CC,NN,GG,AC,NC,CC,GG,GC,TT,GC,TT,AT,TT,GG,TT,GA,GG,GG,AA,GG,TT,TT,TT,AG,AA,TT,CA,AA,CC,CC,TT,AA
British in England and Scotland,,,,HG00237,,AA,AC,TT,NN,NC,AA,CT,TA,TT,TC,NN,GA,CT,GT,CC,AG,TT,CC,CC,TT,AA,CT,GA,TT,CG,GA,NN,TC,CT,GG,TT,TT,GG,GT,TC,TT,CT,CC,GG,AA,CC,GG,AT,AA,AA,GG,GC,TT,TT,GG,GG,GG,GT,TT,AG,GA,TT,CT,TT,CC,TT,TT,CC,TT,AA,AA,TG,CC,GA,CC,TC,TT,TT,CC,AA,NN,GG,TT,CC,CC,TC,AA,TT,TT,GA,AG,GG,CC,NG,TT,CC,GG,NN,CT,GA,CT,GG,CT,CA,TC,AG,AA,CT,GG,GA,TT,GG,TT,AG,TC,AG,TT,TC,AG,AA,CC,CC,AA,TT,TA,GA,CC,GG,TT,CC,CC,GA,AA,GG,GG,TC,CC,CT,TT,TT,GG,NN,GG,GG,CC,TT,AC,NN,CA,NN,GG,AA,CN,CC,GG,GG,TG,GG,CT,TT,TT,GA,TT,GG,GG,CC,AA,AG,TA,TG,TC,GG,AA,TT,CC,AA,CT,CC,TT,AN
British in England and Scotland,,,,HG00238,,GG,AA,TT,NA,CC,GA,CT,AT,GG,CT,TT,GG,CC,GG,CC,AG,TT,CC,CC,TT,AA,CC,GA,CC,CG,AG,NN,TT,TT,GA,TT,TG,GG,TG,TT,TT,CC,CC,GG,AA,CC,GG,TA,NN,AA,GG,GC,CT,TT,GG,AA,GG,GG,CT,GA,AG,TA,CT,TT,CC,TT,AT,TC,CT,AG,TA,GG,CT,GA,CC,TC,TT,TC,CC,GG,NN,GG,TT,CC,CC,TT,AA,TT,TT,AA,AA,TT,CC,NN,TT,CC,GG,NC,TT,AA,CC,GG,TT,CC,TC,GG,TT,TT,GG,GG,CC,GG,TT,GG,CC,GG,TT,TT,AA,AA,CC,CC,AG,GG,TA,GG,CC,GG,TT,CC,CC,AA,AA,GG,GG,TT,CT,CT,TT,AA,GG,CN,GG,GT,GG,CC,CC,NC,CC,NN,GG,AA,NN,CA,GA,CG,TT,CG,CT,AA,TT,AG,TT,GG,GG,GG,AG,GG,TT,TT,TT,GG,AA,TT,CA,AA,TC,CC,TT,NA
British in England and Scotland,,,,HG00239,,AA,CA,CT,NN,CC,GG,TT,AA,TG,TT,NT,AG,TC,GG,CC,GA,CT,CC,CC,TT,AA,CT,AA,CT,GC,AA,NC,TC,TC,GG,TT,GG,GG,GT,TT,CT,CC,GC,GT,AG,CC,GG,AA,AA,AG,GG,CC,TT,TT,AG,GG,GG,GG,TT,AA,GG,AT,CT,TT,CT,GT,TA,CT,TC,AA,AA,TG,CT,GA,NC,CC,TT,CC,CC,GG,NC,AG,TT,TC,CT,TT,AA,TT,TC,GA,AG,GG,TC,NG,TT,CC,GG,NN,TT,AA,CC,GG,CC,AA,CT,AG,AT,TT,AG,GG,TT,AA,TT,GG,CT,GA,TT,CT,GA,AA,CT,AC,GG,GG,TA,GG,CT,GG,TT,CC,CC,AG,AN,GG,GG,CT,CC,TT,TT,TT,GG,CC,GG,TT,CC,CT,AA,NN,CC,AN,GA,AA,NC,CC,AA,GG,GT,GC,TT,AT,TT,AG,TT,GG,TT,GG,AG,AG,TT,GT,CT,GG,AA,TT,AC,AA,TC,CC,TT,AN
British in England and Scotland,,,,HG00240,,GA,CA,TC,NN,CN,GA,TC,AT,TT,TT,NT,GG,TT,TG,CC,AG,TT,CC,CC,TN,AA,CC,GA,CC,CG,AA,NN,TT,CT,GG,TC,GG,GG,GT,TT,CT,CT,CC,TG,AA,CT,GG,TT,AA,AG,GG,GC,CT,TT,AG,GG,GG,TT,TC,GA,GG,TA,CC,TT,CT,TT,TT,CC,TT,AA,AA,TG,TC,AG,CC,CC,TT,CC,CT,AA,CC,GA,GT,CC,TC,TC,AA,TT,TC,GG,AA,TT,CT,GN,TG,TC,AG,NN,CC,GG,CC,GG,TC,AA,TT,GA,TA,TT,GA,GG,CC,GA,TT,AG,TT,AA,TT,TT,AA,AG,CC,AC,GA,GT,AA,GA,CC,TG,TG,CC,CC,AA,AA,GG,GG,CC,TT,TT,TT,TA,AA,CC,GG,GT,CC,TT,CA,CN,CA,NN,GG,AC,NC,CC,GA,GG,TT,GC,TC,TT,TT,GG,TT,GG,GT,GG,GA,GG,TT,TT,TT,AG,AA,TT,AA,AA,CC,TC,TT,NA
British in England and Scotland,,,,HG00242,,AG,CC,TT,NN,CN,GG,CC,TA,GG,TT,NN,GG,CC,GG,CA,AA,CT,CC,CC,TT,AA,CC,AG,CC,CC,AA,CN,TC,CT,GG,TT,TG,GG,GT,TT,TT,TC,CC,GG,AA,CT,GG,AA,AA,AA,GG,GC,TT,TT,GG,GA,TG,TG,TC,AG,GA,TT,TC,TT,CC,TT,TA,TC,CT,AA,AA,TG,CC,GA,CC,TC,TT,CT,CC,GA,CC,GG,TT,CC,CC,CT,AA,TT,CT,GG,AA,GG,CC,NG,TG,CC,GG,CN,TT,AA,TC,GG,TT,CA,TT,GG,AA,TC,GG,GG,CC,GA,TT,GA,TT,AA,TT,TT,AA,GG,CC,CC,AG,TG,AA,GG,CT,GG,GT,CC,CC,GA,NA,CG,GG,CT,TT,TT,TT,TT,AG,CN,GG,TG,CC,TC,AA,NN,CC,NN,GG,AA,CN,CC,GG,CG,TG,GC,TC,TT,TT,GG,TT,GG,GG,CG,AA,GG,TT,TG,TT,AG,GA,TT,AC,AA,TT,CC,TT,NN
British in England and Scotland,,,,HG00243,,GA,AA,TT,AA,CC,AA,CC,TT,TG,TT,NN,GG,CC,TG,CC,AG,TT,CC,CC,TT,AT,CC,AA,CC,CC,AA,NN,TT,TC,GG,TT,TG,GG,TT,TT,CC,TC,CC,GG,AA,CC,GG,AA,NA,AA,GA,CC,TT,TT,GA,GG,GG,GG,TT,AA,GG,AA,TC,TT,CC,TT,TT,CC,TT,AA,AT,GG,CT,AA,CC,CC,TT,CC,CC,AA,NC,GA,TT,CC,CT,TT,AA,TT,CC,GG,AA,GG,CT,NN,TT,CC,GG,NC,TT,AA,CC,GG,CC,AA,TC,AA,AA,TT,GA,GG,TT,AA,TT,GG,TT,AA,TT,TT,GA,AA,CC,CC,AG,TG,AA,GG,CT,GG,TG,CC,TT,AA,AA,GG,GG,CT,CC,TT,TT,TT,GG,CC,GA,GT,CC,CC,AA,NN,CA,NA,GG,AA,NC,CC,GG,GG,GT,GG,CT,AA,TT,GG,TT,GG,GG,CC,AA,GA,TT,TT,TC,GG,AA,TT,CA,AA,TC,TC,TT,AN
British in England and Scotland,,,,HG00244,,AA,AC,TT,AN,CC,AA,TT,TT,TT,TT,TT,AA,TT,GG,CC,AG,TT,CC,CC,TT,AA,TT,GA,CC,CG,AA,NC,TT,TC,GG,TT,GT,GG,TT,TT,TT,TC,CC,GT,AA,TC,GG,TT,NA,AA,GG,CC,TT,TT,AA,AG,GG,TG,TT,AA,AG,AT,TC,TT,CC,TT,TT,CC,TT,AA,AA,GT,CC,GA,CC,CC,TC,TC,CT,AA,NN,AG,TT,CC,CT,TT,AA,TC,CC,GA,AA,GG,TC,NN,TT,CC,GG,NC,TC,AA,CC,GG,TT,AA,TT,GA,AA,TT,GG,GG,TC,AA,TT,AA,TT,AA,TT,TC,GA,GA,CC,CC,AA,TT,AA,GG,CT,GG,TG,CC,TT,AA,AA,CG,GG,TC,TT,CT,TT,AA,AA,CC,GG,TG,CG,TC,CA,CN,CA,NN,GG,AA,NN,CC,GA,GG,TT,GG,TT,TT,TT,GG,CT,GG,GG,CC,AA,GG,TT,TT,CT,GG,AA,TT,CC,AA,TT,CC,TT,AA
British in England and Scotland,,,,HG00245,,AA,CA,CT,NN,CN,AA,CC,AT,GG,TT,TN,GA,CT,GG,CC,AG,TT,CT,CC,TT,AA,CC,AA,CC,CC,AA,NN,TT,TC,GA,CT,GT,GG,GG,TT,CC,CC,GC,TG,GA,TC,GG,TT,AN,GG,GG,CG,TT,TT,GG,GG,GG,GG,TT,AA,GG,TA,CC,TT,CC,TT,TT,TC,TT,GA,AA,GG,CC,AA,CC,CC,TT,CC,CC,AA,NN,GA,TT,CC,CT,CT,AA,TT,CT,GG,AA,GT,CC,NN,TT,CC,GG,NN,TC,GG,CC,GG,CT,CA,TT,GG,AA,TC,AA,AG,TT,GG,NT,AA,CT,AA,TT,CT,AA,AG,CC,CC,AA,TT,AA,AG,CC,GG,TT,CC,CC,AA,AN,CG,GG,CT,TC,TC,CT,TT,GG,CC,GA,GG,CG,CT,CC,NC,AC,NN,GG,AA,NC,CC,GG,GC,TT,GC,TT,AT,TT,GA,TT,GG,GG,GC,AA,GG,TT,GT,TT,AG,AG,TT,CA,AA,CT,CC,TT,AA
British in England and Scotland,,,,HG00246,,AA,AA,TT,NN,CC,AA,TT,AT,GG,TT,NT,GA,TT,GG,CC,AA,CT,CC,CC,TN,AA,CC,GA,TC,CG,AA,NN,TT,CC,GG,TT,GG,GG,TT,TT,CT,CC,CC,GG,AA,CC,GG,AA,NA,AA,GA,CC,TC,TT,GA,GA,TG,TG,TT,AA,GG,TA,TT,TT,CC,TT,TT,CC,TT,GA,AA,GG,CC,GG,CC,TC,TT,CC,CC,AA,NC,GG,TG,TC,CT,TT,AA,TT,CT,GG,AA,GT,CC,NN,TT,CC,GG,NN,TC,AG,CC,GG,CC,CA,TT,GA,TA,TT,AG,GA,TT,AA,NT,GA,TT,AG,TT,TT,AA,AA,CC,CC,GA,GG,AA,AA,CC,GG,GT,TC,CT,AA,AA,CG,GG,TC,CT,CT,TT,AT,GG,CC,GG,GT,CC,TC,CA,NC,CC,NN,GG,AA,CN,CC,GG,GG,TG,CG,CT,TT,TT,GG,TT,AG,GG,CG,AA,GG,TT,TT,CT,GG,AA,TT,AC,AA,CT,CC,TT,NA
British in England and Scotland,,,,HG00250,,AA,AA,TT,AA,CN,AA,TT,TA,GG,TT,TN,AA,TT,GG,CC,AA,CC,CC,GC,NN,AA,TT,AA,TC,GC,AA,CN,TT,CT,GG,TT,GG,GG,GG,TT,TT,CC,CC,GG,AA,CC,GG,AT,AA,AG,GA,GG,TT,TT,AG,GA,GG,GG,TT,AA,GA,AT,CT,TT,CC,TT,AA,CT,TC,AA,AT,GG,CC,GG,CC,TT,TT,CC,CT,AA,NN,GG,TT,CC,CT,CT,AA,TT,TT,GG,AG,GT,TC,NG,GT,CT,GG,NN,TC,GA,CC,GG,TT,AA,TT,AG,TA,TC,GG,GG,TT,AG,TT,AG,TT,GA,TT,TC,AA,GA,CC,AC,GA,GT,AA,GG,TT,GG,TT,CC,CC,AA,NA,GG,GA,TT,CC,TC,TT,TT,GG,NN,GG,TT,GC,CC,AA,NN,CC,NN,GG,AA,NN,CC,GG,GG,GT,CC,TT,TT,TT,GA,TT,GG,GG,GG,AA,GG,TT,TT,CC,GA,GG,TA,CC,AA,TT,TC,TT,AA
British in England and Scotland,,,,HG00251,,GA,AA,TT,NN,NN,AG,TT,TA,TT,TC,TT,GA,CC,GG,CC,AA,TT,CC,CC,TN,AA,TT,AG,CT,CG,AG,CN,TT,CT,GA,TC,GG,GG,TG,TT,CT,TT,CC,GT,AA,CT,GG,TA,AA,AA,GG,GC,TT,TT,AG,GG,GG,GG,TC,GG,GA,AT,TC,TT,CC,TT,AA,CC,TT,AA,AA,TG,CC,AA,CC,TC,TT,TT,CC,AA,CN,GG,TT,CC,CC,TT,GA,TT,CT,GG,AA,GG,TC,NN,TT,CC,GG,NN,TC,AA,CC,GG,CC,AA,CT,AG,TT,TT,GG,GG,TT,AG,NT,AG,CT,AA,TT,CT,AA,GA,CT,AC,AA,TT,AT,GG,CC,TG,TT,CC,CC,AA,AA,GG,GG,TC,CT,CT,TT,TA,GA,CC,GG,GG,GC,CC,AA,NC,CA,NN,GG,AC,CC,CC,GA,GG,TT,GC,CC,AT,TT,AG,TT,GG,GG,GG,AA,AA,TT,TT,CC,AA,AA,TT,AC,AA,TT,CC,TT,AN
British in England and Scotland,,,,HG00252,,GA,AA,TT,NN,NC,AA,CT,TT,TG,TT,TN,AG,CC,GT,CC,AG,TT,CC,CG,TT,AA,TC,AG,TC,GC,AA,NN,CT,CT,GG,TT,TG,GC,TT,TT,TC,TC,CC,TG,AA,TC,GG,AT,AA,AG,GG,GC,TT,TT,GG,GG,GG,TT,TT,AA,GG,AA,CT,TC,CC,TT,TT,CT,TT,AG,AA,GG,CT,AG,CC,CT,TT,CC,TC,AG,NN,GG,TT,CC,CT,CC,AA,TT,CC,GG,AA,GG,TC,GN,TT,TC,AG,NN,TC,AG,CC,GG,TT,AA,TC,GG,TA,CT,AG,GA,TT,GG,TT,AA,TC,GA,TT,TC,AA,GA,CT,CC,GA,GT,TA,GG,CC,GG,GT,CT,TC,GG,AN,GG,GG,CT,TT,TT,TT,AT,AG,CC,GA,TT,CC,TT,AA,NN,AC,NA,GG,CA,CC,CC,AG,GG,TT,CG,CC,TT,TT,GG,TT,GG,GG,GG,AA,GG,TT,TT,TT,GG,AA,TT,AC,AA,TT,CC,TT,NA
British in England and Scotland,,,,HG00253,,GG,AA,CC,NN,CN,GA,CC,AT,TG,TC,TT,GA,TC,GG,CC,GG,TT,CC,CC,TT,AA,CC,GA,CC,CC,AA,NN,CT,TT,GG,TT,TG,GG,TG,TT,CC,CC,CC,GG,AA,CT,GG,TT,AA,GA,GG,CC,TT,TT,AG,GG,GG,TT,TT,GA,GG,AA,CT,TT,CC,TT,TT,CC,TT,GG,AA,TG,CC,GG,NN,TT,TT,CC,CC,AG,CN,GG,TT,CC,CC,TC,AA,TT,TT,GG,AA,TG,CC,NN,TG,CC,GG,NN,TT,AA,CC,GG,TT,AC,TT,GA,AT,CT,GA,GG,TT,GA,TT,GG,TT,AG,TT,TC,AA,AG,TC,CC,AA,TT,AA,GG,CC,GT,GT,CC,CC,GA,NA,GG,GG,CT,TC,TC,TT,AT,AA,CN,AG,TT,GC,CC,CA,NC,CC,NN,GG,AC,CC,AA,GG,CC,TG,GG,TC,AT,TT,GG,TT,GG,GG,GG,AA,GG,TT,TT,CT,GG,AG,TT,CA,AA,CT,CC,TT,AA
British in England and Scotland,,,,HG00254,,AA,AC,TT,NA,CC,GA,CC,AT,TT,TT,NT,GA,TC,GG,CC,GA,TC,CC,CC,TT,AA,CT,GG,TC,GC,AA,NC,TT,TT,GG,TT,GT,GG,TG,TT,TC,CC,CG,TG,GA,TC,GG,AT,AA,AA,GG,CC,TT,CT,GG,GG,GT,TG,TT,GG,GA,TA,TC,TT,CC,TT,TT,CC,TT,AG,AT,GG,CT,GA,CC,CT,TT,TC,CC,AA,NN,AG,TG,TC,CC,TT,AA,TT,CT,GG,AA,GG,CC,GN,TT,CC,GG,CN,CC,AG,CC,GG,TC,AC,TT,GG,AT,TT,GG,AG,CT,AA,TT,GA,TT,AG,TT,CT,AA,GA,CC,CC,AG,TG,AA,GA,TC,GG,TG,CC,CC,AA,AN,GG,GG,TT,TC,CC,TT,TT,AG,NC,GG,GT,CC,TT,CC,NC,CC,AN,GG,AA,CN,CC,GG,CC,TT,CC,TC,AT,TT,GG,TC,GG,GG,GG,AA,AA,TT,TT,TC,AG,AA,TT,CC,AA,CT,CC,TT,AN
British in England and Scotland,,,,HG00255,,GA,AC,TT,NN,CN,GA,CC,AA,TG,TT,TT,AA,TT,GG,CC,AG,TC,CC,CC,TT,AA,CT,AG,CC,GG,AA,NC,TT,CT,GG,CC,GG,GG,TT,TC,TT,CC,GC,TG,GA,CC,GG,TT,NA,AG,GG,GC,TT,TT,GG,GG,TG,TG,TT,AG,GG,AT,CC,TT,CT,TT,TT,CC,CT,AG,TA,GG,CC,AA,CC,TC,TT,CC,CC,GA,NC,GA,TT,CC,CC,TC,AA,CT,TT,AG,GA,GG,CC,NN,GG,CT,GA,NN,CT,GA,CC,AG,CC,AC,TT,AG,AA,TC,AG,GA,TT,GG,TT,GG,TT,GA,TT,CC,AA,AA,CC,CC,GG,GG,AA,GG,CC,GG,GG,TC,TC,AA,AN,GC,GA,CC,TT,CT,CT,TT,AA,CC,AG,GG,GG,TC,AC,NN,CC,NN,GG,AA,NC,CC,GG,CG,TT,GG,TT,TT,TT,GG,TT,GG,GG,CG,GA,GG,TT,TT,TC,GA,AA,TT,CC,AA,TT,CC,TT,AA
British in England and Scotland,,,,HG00256,,GA,AA,TC,NN,NN,AA,CT,AT,GT,TT,TT,GA,CC,GG,CC,AG,TT,CT,CC,TT,AA,CT,AA,CC,CC,GA,NN,CT,CT,GA,TT,TT,GG,TT,TT,TT,CC,CC,GG,AA,TC,GG,AT,AA,AG,GG,CC,TC,TT,GG,GG,GG,TT,TT,GA,GG,AA,TC,TT,CC,TT,TT,CC,TT,GA,AA,GT,CC,GA,CC,CT,TT,TC,CC,GA,NN,AG,TT,CC,TC,TT,AA,TT,CC,GG,AA,GG,CC,NG,GT,CC,GG,NN,TT,AG,CT,GG,TT,CA,TT,AG,TT,CT,GA,GG,TT,AG,TT,GG,TT,AG,TT,TC,AA,AA,CT,CC,GA,GT,AT,GG,CC,TG,GG,CC,CT,GA,AA,GG,GG,TT,CC,CC,TT,TT,GA,CC,GG,TG,GG,CC,AA,CN,AA,NN,GG,AA,NN,CC,GG,GG,TT,GC,CC,AT,TT,GG,TT,AG,GG,CG,AA,GG,TT,TT,TT,GG,AA,TT,CC,AA,CT,CC,TT,AA
British in England and Scotland,,,,HG00257,,GG,AA,TT,NN,CC,AG,TT,TA,GG,TT,TT,AA,CT,GG,AC,AA,TT,CC,CC,TT,AA,CC,AA,TC,CC,GA,CN,TC,TC,GG,TT,GG,GG,TG,TT,TT,TC,CC,GG,AA,CT,GG,AT,AA,AA,AG,GG,TT,TT,GG,GG,TG,TG,TT,AA,AG,TA,CT,TT,CC,TT,TT,TT,TT,GA,AA,GT,CC,AG,CC,TT,TT,CC,CC,AA,NC,GG,TT,CT,TC,TC,GG,TT,TT,GA,AG,GG,CC,GN,TT,CT,GA,NN,CT,AA,CC,GG,TT,AA,TT,AG,AA,TC,AA,GG,TT,GA,TT,AA,TT,AA,TT,CT,AA,AG,CC,AC,GA,GT,AA,AG,CC,GG,TG,CC,CC,AG,AA,GG,GG,TT,CC,CT,TT,TT,GA,CC,GA,TG,CC,TC,AA,NN,AA,NN,GA,AC,CN,CC,AG,GG,GT,GC,CT,TA,TT,GG,TT,GG,GT,CC,AA,GG,TT,GT,TC,GG,AA,TT,CA,AG,CT,CC,TT,AA
British in England and Scotland,,,,HG00258,,GG,AA,TT,NN,CC,GA,TT,TT,GG,TT,TN,GA,CC,GG,CC,GG,TT,CT,GG,TT,AA,CC,AA,TC,CC,AA,NN,TC,TC,GG,TT,TG,GC,TT,CT,TC,CT,CC,GG,AA,CC,GA,TT,AN,AA,GG,GC,TT,TT,AG,GG,GG,GT,TT,AA,GG,TA,TC,TT,CC,TT,TT,CT,TC,AA,AA,GT,CC,GA,CC,CC,TT,CC,CC,AG,NC,GA,GT,CC,TC,TT,AA,TT,TT,AA,AA,GT,CT,GN,TG,CC,GG,NC,TC,GG,CT,GG,TC,AC,TT,GG,AT,CT,GG,GG,TT,GG,TT,GG,TT,AA,TT,TT,AA,AA,CC,CC,AA,TT,AA,GG,CC,TG,GT,CC,CC,AG,AA,GG,GG,CC,TT,TC,TT,AT,AA,NC,GA,GT,CC,TC,CC,NN,CC,NN,GG,AC,NN,CC,AA,CG,GT,GG,TC,TT,TT,GG,TT,GG,GG,CG,AA,AG,TT,TT,TT,GG,AA,TT,CC,AA,TC,CC,TT,NN
British in England and Scotland,,,,HG00259,,AA,AC,CT,NN,CN,GA,CC,TT,GG,TT,NN,GG,TC,GG,CC,AA,TT,CC,CC,NT,AT,TC,AA,CT,CC,AA,NC,TT,CT,GG,TT,TG,GG,TG,TT,TC,CC,CG,GG,AA,CC,AG,TT,AA,AA,GG,CC,TT,TT,GA,GG,GG,GG,TT,AG,GG,TA,CT,TT,CC,TT,TT,CC,TT,GA,AA,TT,CT,AG,CC,CT,TT,TC,CC,AA,CC,AA,TT,TT,CC,TT,AA,TT,TC,GG,AA,TG,CC,GN,TT,CC,GG,NN,TT,AA,CT,GG,CT,AC,TT,AG,AA,TT,AA,AG,TC,GG,TT,GG,TT,AA,TT,TT,AG,AA,CC,CC,GG,GG,AA,AG,CC,GG,TG,CT,CC,AG,NA,GG,GA,TC,TT,TT,CT,AT,AG,CC,GG,TT,CC,TC,CC,NC,CC,AN,GG,CA,CN,CC,GG,GG,GG,CG,TT,TT,TT,GG,TT,GG,GG,CG,AA,AG,TT,TT,TC,GA,AG,TT,AA,AA,CC,CC,TT,AA
British in England and Scotland,,,,HG00260,,GA,CA,TT,NN,NC,GG,TC,TT,TT,TT,TT,AG,TC,GG,CC,GG,CT,CC,CC,TT,AA,TC,GA,CC,GG,AA,NN,CC,CT,GG,TC,TG,GG,GT,TT,TT,CC,GC,TG,AA,CT,GG,AA,AA,AA,GG,GC,TT,TC,GG,GG,GG,GG,TT,AA,GG,AA,CC,TT,CT,TT,TT,CC,TT,GG,AA,GT,CC,GA,CC,CC,TT,CC,CC,AA,CC,GA,TT,CC,TC,CT,AG,TT,TT,GG,AA,GG,CC,NN,GT,CC,GG,NN,CT,GA,TC,GG,TT,AA,TT,GG,AA,TT,AG,GG,TT,AA,TT,AA,TT,GG,TT,TT,AA,AA,CT,AC,GA,GG,TA,GG,TC,GG,TT,TC,CC,AA,AA,GG,GG,TT,CT,TT,TT,TT,GA,CC,GG,TG,GC,CC,CA,CN,CC,NA,GG,AA,CN,CC,GG,CG,TT,GG,TT,TA,TT,GG,TC,GG,GG,CG,AA,GG,TT,TT,TT,GG,AG,TT,AC,AA,CT,CC,CT,AA
British in England and Scotland,,,,HG00261,,AA,AA,TC,NN,NC,GA,CT,AT,GT,TT,TT,GA,TC,GG,CC,GG,TT,TC,CC,TT,AA,CC,AG,CT,GC,AA,CN,TT,TT,AG,TT,GT,GG,TT,TT,CC,CC,CC,TG,AA,CC,GG,TA,NA,GG,GG,CC,TT,TT,GG,GG,GG,TG,TT,GA,GG,AA,TC,TC,CC,TT,TT,TC,TT,AG,AA,GT,CC,GA,NN,CC,TT,CC,CC,GG,NN,AA,TT,CC,CC,TT,AA,TT,TT,GG,AG,GG,TC,NN,TG,TT,AA,NN,TT,AA,TC,GG,CT,AA,TT,AG,AA,TT,GG,GG,TT,GG,TT,GA,TT,AA,TT,CT,AA,AA,CC,CC,AG,GG,AA,GG,CT,GG,TT,CC,TT,AA,AA,GG,GG,CT,CC,CT,TT,TT,GA,CN,AA,GT,GC,TT,AA,CN,CC,NN,GG,CA,NN,CC,GG,GG,TG,CG,TT,AT,TT,GG,TT,GG,GG,GC,AA,GG,TT,TT,CT,GG,AG,TT,CC,GA,TT,CC,TT,NN
British in England and Scotland,,,,HG00262,,GG,AC,TC,NN,NC,AA,CT,TT,GT,TT,NT,AG,TT,GG,CC,GG,TT,TC,CC,TT,AT,CC,GA,CC,GG,AA,NN,TC,CC,GG,TT,TT,GG,TG,TT,TC,CC,CC,TT,AA,TC,GG,AT,NN,GG,GG,CC,TC,TC,GG,GG,GG,GG,TT,GA,AG,TA,CC,TT,CC,TT,TA,CT,TC,AG,AA,GT,TC,GG,CC,TC,TT,CC,CT,AA,CC,GA,TT,CC,CT,CT,AA,TT,TT,GG,AA,GG,CC,GG,TT,TC,GG,NN,TC,AG,CC,GG,CT,AA,TT,AA,TA,TC,AG,GG,TT,GA,TT,GA,TT,AA,TT,CT,AA,GA,CC,CC,AG,GG,AA,AG,CC,GT,GG,CT,CT,AA,AA,GG,GG,TC,CC,CC,TT,AT,GG,NN,GA,GG,GC,CC,CA,NN,CA,NN,GA,AA,CN,AC,GA,CC,TT,GG,TT,TT,TT,GG,TT,GG,GG,GG,AA,GG,TT,TT,TT,AG,AA,TA,CA,AA,TT,CC,TT,NA
British in England and Scotland,,,,HG00263,,GA,AA,TC,NN,CN,AA,CC,AT,GT,TT,NN,AA,CT,GG,CC,GG,TT,CC,CG,TT,AA,CC,GA,CC,GC,AA,CN,TT,CT,GG,TT,GT,GG,TG,CC,TC,TC,CC,GG,AA,CC,GG,TT,AA,AA,GG,CC,TT,TT,GG,GG,GG,TG,TC,AG,GG,AA,CT,TT,TC,TT,TT,CC,TT,GG,AA,TG,CT,GG,CC,TT,TT,TC,CC,AA,CC,GG,TT,CC,CT,CT,AA,TT,TT,GG,AA,GG,CC,NG,TT,TC,AG,NN,TC,AG,CT,GG,CT,AA,TT,GG,TA,TT,GA,GG,TT,AA,TT,AA,TT,AA,TN,TC,AA,GA,CC,CC,AA,TT,AA,GA,CC,GG,TT,CC,TT,AA,AA,GG,GG,TC,CT,CT,TT,TT,AA,CC,GG,TT,CC,TT,AA,NC,CC,NN,GA,CA,NC,CC,GG,GC,GT,GG,TT,TA,TT,GG,TT,GG,GG,GG,GA,GA,TT,TT,TT,GG,AA,TT,AA,AA,CT,CC,TT,NA
British in England and Scotland,,,,HG00264,,GG,AC,TT,NN,CN,AG,CC,TA,GG,TT,NN,GG,CT,GG,CC,AA,TT,CC,CC,TT,AA,CT,GA,CC,GG,AG,CN,TT,TT,GG,CT,GT,GG,TT,TT,TT,TT,CC,GG,AA,TT,GG,TT,AA,GA,GA,CC,TT,TT,GG,GG,GG,TG,CT,AG,GG,AA,CC,TT,TC,TT,TT,CT,TC,AA,AA,GG,CT,GA,CC,CC,TT,TC,CC,AA,NC,GG,TG,CC,CC,TT,AA,TT,TT,GG,AA,GT,CC,NG,GT,CT,GA,NN,CC,AG,CC,AG,CC,AA,TT,AA,AA,CC,AA,GA,TT,AA,NT,GA,TC,AG,TT,TT,AA,GG,CC,CA,GG,GG,AA,GG,CC,TG,TT,CC,CC,AA,NA,GG,GG,TC,CC,TC,TT,TT,GG,CC,GG,TG,CG,TC,AC,NN,AC,NN,GG,AA,CC,CC,GG,GG,TG,GC,CT,TT,TT,GG,TT,GG,GG,CC,AA,GG,TT,TT,CC,GG,AA,TT,CA,AG,CT,CC,TT,AN
British in England and Scotland,,,,HG00265,,GA,AA,CC,NN,CC,AA,CT,AT,TG,TT,TT,GA,CC,GG,CC,GG,CT,CC,CC,TT,TA,CC,AA,TC,CG,AA,NC,TC,CT,GA,CC,GT,GG,GG,TT,TT,CC,CC,GG,AA,TC,GG,AA,AA,AA,GG,CC,TT,CT,GG,GG,TG,GT,TT,AA,GG,AA,TT,TT,CC,GT,TT,CC,TT,AA,AA,GG,CT,AG,CC,CT,TT,CT,CC,AA,NC,AA,TT,TC,CT,CC,AA,TT,TT,AA,AA,GG,CC,NN,TT,CC,GG,NN,TT,AA,CC,GG,TC,AA,TT,GG,AT,TT,GG,GG,TT,AA,TN,AG,TT,AG,TT,CC,AA,AA,TC,CC,GA,TG,AA,AA,TT,TG,TT,CC,CC,GA,AA,GG,GG,TT,TC,TT,TT,TA,AA,CC,GG,TT,CC,TC,CA,CN,CC,AA,GG,AC,NN,CC,AG,GG,TT,CC,TT,TA,TT,GG,TT,AG,GT,GG,AA,GA,TT,TG,CC,GG,AA,TA,CC,GA,TT,CT,TT,NA
Finnish in Finland,,,,HG00266,,AG,AA,TT,NN,NN,AA,TT,TA,GT,TT,TN,AA,TT,GG,CA,AG,TT,CC,CC,TN,AA,CT,GA,CT,CC,AA,NC,TT,TT,GG,TT,TT,CG,GG,TT,CT,TC,CC,GG,AA,CT,GG,TT,AA,GA,GA,GC,TT,TT,GG,GG,GG,GT,TT,AA,GG,AA,CT,TT,CC,TT,TA,CC,TT,GA,AT,GG,CC,AG,NC,TT,TC,CC,CC,AA,CN,AG,TT,CC,CC,CC,AA,TT,TC,GG,AA,TG,CC,NG,TT,CC,GG,NN,CT,AA,CC,GG,TT,CA,TT,GG,TA,TT,GA,GG,CT,GA,TT,AA,TT,AG,NT,TC,AA,AA,CC,CA,GG,GG,AA,GA,CC,GG,GT,TC,CC,AG,AA,GG,GG,TC,TT,TT,TT,TT,GG,CN,GA,GT,CC,CT,AC,NN,CA,NA,GA,AA,NN,CC,GG,CC,GT,GC,TC,TT,CT,GA,TT,GG,GG,CG,AA,GG,TT,TT,TT,GG,AA,TT,CC,AA,TC,CC,TT,NN
Finnish in Finland,,,,HG00267,,AG,CA,TT,AN,CN,AA,TC,AT,GT,CT,NN,AG,TT,GG,CC,GA,TT,CT,CC,TN,AA,TC,GA,TC,CC,AA,NC,TT,CC,GG,TT,GT,GG,TT,TT,TT,CC,CC,GT,AA,CC,GG,TA,AN,AA,GG,CG,TT,TT,GA,GG,GG,TG,TT,AA,GG,AT,TC,TT,CC,TT,AT,TT,CC,AG,AA,GG,CT,GA,CN,TT,TT,TC,CC,AA,NC,GG,TT,CC,CC,TT,AA,CT,TT,GA,AA,GG,TC,NG,TT,CC,GG,CN,TC,AA,TC,GG,CC,AA,TT,AG,AT,CT,AA,GG,TT,GG,TT,AG,TT,AG,TT,TC,AA,AA,CC,AC,GG,GT,AA,AG,CC,GG,TT,CC,CC,GG,AA,GG,GG,CT,TC,TC,TT,TT,AA,CC,GG,GT,GC,TC,AA,NC,CC,AN,GG,AC,NN,CC,GG,GC,GT,CC,CT,TT,TT,AG,TT,GG,GG,GC,AA,GG,TT,TT,TT,GG,AA,TT,CA,AG,TT,CT,TT,AA
Finnish in Finland,,,,HG00268,,AA,AC,TT,NA,CC,AA,TT,AT,TT,CC,NN,AG,TC,GT,CC,GG,TT,CC,CC,TT,AA,CT,AA,CT,GC,AA,NN,TT,TC,GG,TT,GG,GG,GT,TT,CT,TC,CG,GG,AA,CT,GG,TA,AA,GA,GG,CC,TC,TC,AG,GG,GG,GT,TT,AG,GG,AT,TC,TT,CC,TT,TT,CC,TT,AG,AA,GG,CT,GG,CC,TC,TT,CC,TC,AA,NC,GA,TT,CC,TC,TT,AA,TT,CC,AG,AA,GT,CT,NN,TT,CC,GG,CN,TT,GA,CC,GG,TC,CC,TT,GG,AA,TC,AA,GG,TT,GA,TT,AA,TT,AG,TT,TT,AA,AG,CC,CC,AG,GT,TT,GG,CC,GG,TT,CC,CC,AA,NA,CG,GG,CT,CC,TC,TT,TT,GA,CC,AG,GT,CG,CC,AA,NN,CC,AA,GG,AC,CN,CC,GG,GC,TT,CC,CT,TT,TT,GG,TT,GG,GG,GC,AA,AG,TT,TT,TT,GG,AA,TT,AC,AG,TT,TC,TT,AA
Finnish in Finland,,,,HG00269,,AG,AA,TC,NN,CC,AA,CT,TA,TT,TT,NT,AA,TT,GG,CC,AG,TT,CT,CC,NT,AA,CT,AA,TC,CG,AA,CN,TT,CT,GG,CT,GG,GG,TG,TT,TT,CC,CC,GT,AA,CT,GG,TA,AN,AA,AG,CG,CT,CT,GG,GG,GG,GG,TT,AG,GG,AA,CC,TT,CC,TT,TT,TC,TT,GA,AA,GG,CC,AG,CN,TT,TT,TT,CC,AA,CC,GA,TT,CC,CT,TT,AA,TT,TT,GG,AA,GG,CC,NN,TT,TC,AG,NN,TC,GA,TC,GG,CC,AA,CT,AG,AT,CC,AG,GG,TT,GG,TN,GG,TT,GA,TT,TC,AA,GA,TC,CC,AA,GG,AA,GG,TC,GT,TT,CC,CC,GG,AA,CG,GG,TT,CC,TC,TT,AT,AA,CC,GG,TG,CG,TT,AA,CN,CC,NN,GG,AC,NN,CC,GG,GG,GT,CG,CC,TT,TT,GG,TT,GG,GG,CG,GA,GG,TA,TT,TT,AA,AA,TT,CC,AA,TT,CC,TT,AN
Finnish in Finland,,,,HG00271,,GA,AA,TT,NN,NN,AA,TC,TT,GT,TT,NN,AA,CT,GG,CA,AG,CT,CC,CG,TT,AA,CT,AG,TC,CC,AG,NN,TC,TT,GG,TC,GT,GG,TT,TT,TT,TT,CC,GG,AA,TT,GG,AT,AA,AA,GG,CC,CT,TT,GA,AG,GG,TG,TT,GG,GG,AT,CT,TT,TT,TT,TT,TT,CT,AA,TA,GG,CC,AG,CC,CT,TT,CC,CC,GA,NC,GG,TT,TC,CC,CC,AA,TT,TT,GG,AA,GG,CC,GG,TT,CC,GG,NN,TC,AG,CC,GG,CT,AC,TT,GG,AT,TT,AG,GG,TT,AG,TN,GA,TC,AA,TT,TT,AA,GA,CC,CC,AA,GG,AA,GG,CC,GG,GT,CC,TC,AA,AA,GG,GG,TC,CT,CC,TT,TA,GA,CC,GG,TG,CG,CT,AA,NN,CC,NN,GG,AC,NN,CC,GG,GG,GT,CC,CC,TT,TT,GG,TT,GG,GG,CG,AA,GA,TT,TG,TT,GA,AG,TT,CA,AA,CT,CC,TT,NN
Finnish in Finland,,,,HG00272,,GA,CA,TT,AN,CN,AA,TT,TA,TG,TC,NN,GG,TC,TG,CC,GG,TC,CC,CC,TT,AT,TT,AG,CT,GC,AA,NN,TT,CT,GA,CC,GG,GG,GG,TC,CT,TT,CC,GT,AG,TT,GG,TT,AA,AA,GG,CC,TT,TT,AG,GG,GG,TT,TT,AA,GG,TA,TC,TT,CC,TT,TT,CC,TT,AG,AA,GG,CC,AA,CC,TT,TT,CT,CC,GA,NC,AG,TT,CT,TC,CC,GA,CT,TT,AG,AA,GG,TC,NN,TT,CC,GG,NN,CT,GA,CT,GG,TT,CA,TT,GG,AA,TT,GG,GG,CT,AA,TT,AA,TT,AG,TT,TT,AA,AA,TC,AA,AA,TG,TA,GG,CC,GG,TT,CT,CT,AA,AA,CG,GG,CC,CT,CT,TT,TT,AA,CC,GG,GT,CC,CC,AA,NN,AC,NN,GG,AC,NN,AC,GG,GC,TT,CC,CC,TT,TT,GG,TT,GG,GG,GC,AA,GG,TT,TT,CT,AG,AA,TT,CC,GG,TC,CC,TT,AA
Finnish in Finland,,,,HG00273,,AG,AA,TT,AN,CC,AG,TT,AT,TG,TT,NN,AA,CT,GG,CC,GG,TT,CC,CC,NT,AA,TC,AA,CT,CC,GA,CN,TC,TC,GG,TT,GT,GG,GT,TC,TC,TT,CC,GG,AA,CT,AG,AA,AA,GG,GA,CC,TT,TC,GG,AG,GG,GG,TC,AG,GG,AT,TC,TT,CC,TT,TT,CC,TT,AA,AA,GT,CC,AG,CC,TT,TT,CC,CC,AA,NN,AA,TT,CC,TC,TT,AG,TT,TT,GA,GA,GG,TC,GN,TT,CC,AG,CN,TC,AG,CC,GG,TT,AA,TT,GA,TA,TT,GA,AA,TT,GG,TN,GA,TT,GG,TT,TT,AA,AA,TC,CC,AA,TT,AA,GA,TT,GG,TT,CC,CC,AA,AA,GG,GG,TC,CT,CT,TT,TT,AG,CC,GG,GT,GC,TT,AA,NN,CC,AA,AA,AA,CN,CC,GG,GG,TT,CC,CT,AA,TT,GG,TT,GG,GG,GC,AA,AG,TT,TT,CC,GA,GA,TA,CA,AA,TT,TC,TT,NA
Finnish in Finland,,,,HG00274,,GG,AA,TT,NN,CC,AA,CT,TT,TT,CT,TN,AG,TT,GG,CC,GG,TT,CC,CC,NN,AA,CT,GA,TC,GC,AA,NN,CT,TT,AG,TC,TG,GG,GT,CT,TC,TC,CC,TG,GA,TC,GG,TA,AA,GG,GG,CG,TC,TT,AG,GG,GT,TT,CT,AA,GG,AA,TC,CT,CC,TT,TT,CC,TT,AA,AA,GG,CC,GA,CC,TT,TT,CC,CC,AG,CC,AG,TT,CC,CC,CC,AG,CT,CC,GG,AA,GG,CC,GN,TT,CC,GG,NN,TC,AG,CT,AG,CT,CA,TT,AA,AT,TT,AA,AA,TT,AG,TN,AG,TT,GA,TT,TT,AA,GA,CC,CC,GA,GT,AA,AG,CC,GG,TT,CC,CC,AA,NA,GG,GA,TC,TC,TC,TT,TT,AG,NC,GG,TG,CG,CT,AC,NC,CC,NA,GG,AC,NN,AA,AG,GC,GT,GC,CT,TT,TT,GA,TT,GG,GT,CG,AA,AA,TT,TT,TT,GG,AA,TT,AA,AA,TT,CC,TT,AA
Finnish in Finland,,,,HG00275,,AA,CC,TT,NN,CC,AA,CC,AT,TG,TC,NT,AG,TT,GG,CC,AG,TT,CC,CC,TN,AT,TC,AA,CT,CC,AA,NC,TT,CT,GG,TT,GG,CG,TG,TT,TT,CC,GC,TG,GA,TT,GG,TT,AA,GG,GA,CC,TT,TC,GG,GG,GG,TT,CT,GA,GG,AA,CT,TT,CC,TT,TT,CT,TT,AG,AA,TT,CC,GA,CC,TT,TT,CC,CC,AA,NN,AA,TT,TC,CT,CC,AA,TT,TT,AG,AA,GG,CC,GN,TT,CC,GG,NN,CT,AA,CC,GG,TT,AA,TT,GG,TT,TT,AG,AG,TC,GA,TT,GA,TC,AG,TT,TT,AA,AA,CC,CC,GA,GG,AA,AG,CC,GT,TT,CC,CC,GA,AA,GG,GG,CC,TT,TT,TT,TT,GG,NC,GG,GT,CG,CC,CA,NN,CC,AN,GG,AA,NN,CC,GG,GG,TG,CC,CC,TT,TT,GG,TT,GG,GG,GG,AA,GA,TT,TT,CT,GG,AA,TT,AC,GA,TT,CC,TT,NN
Finnish in Finland,,,,HG00276,,AG,AA,TC,NN,CN,AA,CT,TA,TT,TT,TT,AG,TC,GG,CC,GA,TC,CC,CC,TT,AA,TC,GG,TT,GC,AA,NN,CT,TT,GG,TT,TT,GG,GG,TT,TC,CC,CC,GG,AA,CC,AA,AA,AN,GG,GG,CG,TT,TT,GG,GA,TG,GG,TT,AG,GG,AA,CC,TT,CC,TT,AT,CT,TC,AA,AT,GG,CT,AA,CC,TC,TC,CC,CC,AA,CN,AG,TT,TT,CC,TT,AA,CT,TT,GA,AA,GG,CC,GN,TT,CC,GG,NN,TC,AA,CC,GG,TT,AA,TT,GA,AA,CT,AA,GG,TT,AG,TT,GG,TT,AA,TT,CT,AA,GA,CC,CC,AA,GT,AA,GA,TC,GG,GT,CC,CC,AG,AA,CG,GG,TC,CT,CT,TT,TT,AG,CN,GG,GT,GG,TT,AA,NN,CC,AN,GG,AA,NC,CC,AG,GG,TT,CC,CC,AA,TT,GG,TT,GG,GG,GG,AG,GG,TT,TT,TT,GG,GA,TT,AC,AA,TT,CC,TT,AA
Finnish in Finland,,,,HG00277,,AA,AA,TT,NN,CC,AA,TC,AT,GT,TT,TT,AG,TT,GG,CC,AA,TT,CC,CC,TT,AA,CT,GA,CT,CG,GA,NN,CT,CT,GG,TT,GT,GG,TG,TC,TC,TC,CC,GT,AA,CC,GG,AT,NN,AA,GG,CC,TT,TT,GG,AG,GG,TG,TT,GA,GG,AA,TT,TT,CC,TT,TT,CT,TT,AG,AA,TT,CC,AA,CC,TT,TT,CT,CC,AA,NN,GG,TT,CC,TC,TT,AA,TT,CT,GA,AA,GG,CT,NN,TT,CC,GG,NN,CT,GG,CC,GG,CC,CA,TT,GG,AT,TT,AG,GA,TT,AG,TT,AG,TT,AA,TT,TT,AA,AA,CC,AC,GG,GG,AT,AG,CT,GG,TT,CC,CC,AG,AA,GC,GG,CC,CC,TT,TT,AT,GG,CN,GG,TT,GC,CC,CC,CC,CC,NN,GG,AA,CN,CC,GG,CC,TT,GG,CT,TA,TT,AG,CT,GG,GG,GC,GA,GA,TT,TT,CT,GG,AA,TT,AA,AA,CT,CC,TT,AA
Finnish in Finland,,,,HG00278,,AG,AA,TT,NN,CC,AA,TT,TT,GG,TT,TT,AA,TT,GG,CC,AA,TT,CC,CC,TN,AA,TC,GG,TC,GC,AA,NN,CC,CC,GG,TC,GG,GC,GG,TC,TC,CC,CC,GT,AA,CT,GG,AT,AA,GA,GG,CG,TT,CC,GG,GG,GG,TG,TT,AG,GG,AA,TT,TT,CC,TT,TA,TC,TT,AG,AT,GG,CC,GG,CC,TT,TT,CC,CC,GA,NN,GG,TG,TC,CC,TT,AA,TT,TC,AA,AA,GG,CC,GG,TT,CC,GG,NN,CT,GA,CC,GG,CC,AC,TT,GG,TA,TT,AA,GG,CT,GG,TT,AG,TT,GA,TT,TT,AA,AA,CT,CC,AA,TG,AA,GG,TC,GG,GG,CC,TC,AA,AA,GG,GG,CT,TT,TT,TT,TT,AG,CN,GG,GG,CC,TT,AA,NC,CC,NN,GG,AA,CC,CC,GG,CG,TT,CC,TC,TT,TT,GG,TT,AG,GG,GG,AA,GG,TT,GT,CT,GA,AA,TT,AC,AA,TT,TT,TT,AN
Finnish in Finland,,,,HG00280,,GG,CA,TT,AN,CN,GA,TC,AA,GT,CT,TT,AG,TT,GG,CC,GA,TT,CC,CC,TT,TA,CT,AA,CC,CC,GA,NN,TT,TC,GA,TT,GT,GG,TT,TT,CC,TT,CC,GG,GA,TC,GG,AA,NA,GA,GG,CC,TT,CC,GG,GG,GG,GG,TT,AA,GG,AA,TT,TT,CT,TT,TT,TC,CT,GA,TA,GT,TT,GG,CC,TC,TT,CC,CC,GA,CC,GG,TT,CC,TC,CT,AA,TT,TT,GG,AA,GG,CC,GN,TT,CC,GG,NN,TC,AA,CT,GG,TT,CA,TT,AG,AT,TT,GG,GG,CT,GG,NN,AG,TT,GG,TT,CC,AA,AG,CC,CA,AG,TG,TA,GA,CC,TG,TT,CC,CC,AG,AA,GG,GG,CC,TT,TT,TT,TT,GA,NC,GG,TG,CG,TT,AA,NN,CC,NN,GA,AA,CN,CC,AG,CG,TT,GC,TT,AT,TT,GA,TT,GG,GG,GG,AA,AG,TT,TT,TT,GG,AA,TT,CA,AG,TC,CC,TT,AA
Finnish in Finland,,,,HG00281,,GA,AA,TT,NN,NC,GG,CC,AA,GG,TC,NT,AG,TC,GG,CC,AA,TT,CC,CC,TN,AA,TT,AA,CT,GC,AG,NN,CT,CT,GG,TT,GG,GG,GT,TT,CT,TT,CC,GT,AA,TT,GG,AA,NA,AA,GG,CG,TC,TT,GG,GG,GT,TT,TT,GA,GG,AA,TT,TT,CC,TT,TT,CC,TT,AG,AA,GT,TC,AG,CC,CT,TT,TC,TC,AA,NC,AG,TT,CC,CC,CC,AA,CT,CT,AG,AA,GG,CT,NG,TT,CT,GA,NN,TC,AA,TT,GG,CC,AA,CT,GG,TA,TC,GA,GG,TC,AG,NT,GG,TC,GA,TT,CT,AA,AA,CC,CC,AA,TT,AA,GG,CC,GG,TT,CC,TC,GA,AA,GG,GG,TC,TT,TT,TT,TT,AG,CC,GG,GT,CG,TC,AA,NN,AC,NN,GG,AA,CN,CC,GG,CG,TT,CC,CC,TT,TT,GG,TT,GG,GG,GC,AA,GG,TT,GT,CT,GG,AA,TT,CC,AA,CT,CC,TT,AA
Finnish in Finland,,,,HG00282,,AA,AC,TC,NN,CN,AA,CT,TT,TT,CT,TT,GG,CC,GG,CC,AA,TT,CT,CG,TN,TA,TC,AA,CT,CG,AA,CN,TT,TT,GG,TT,GG,GG,TT,TT,TT,CC,GC,TT,GG,TT,AG,AA,AA,AG,GG,CG,TT,TT,GG,GA,GG,GG,CC,AA,GG,AA,CC,TC,CC,TT,TT,CC,TT,AA,AA,TT,CC,AG,CC,TC,TT,CC,CC,GA,CN,GA,TT,CC,TC,CT,AA,TT,TT,AG,AA,GG,TC,NN,TT,CC,GG,NC,CT,GG,CC,AG,TC,AA,CT,AA,AT,CT,GA,GG,TT,GA,NN,GG,TT,AA,TT,TT,AA,AG,CC,CC,AG,TG,AA,GA,CC,GT,GT,CC,CC,GG,NN,GG,GG,TC,CT,TT,TT,TT,GG,NC,GG,TT,CG,TC,CA,NN,CC,NN,GG,CC,NC,CC,GG,GC,TT,CC,TC,AT,TT,GG,TT,GG,GT,GC,AG,GG,AT,TT,CT,GA,GA,TT,AA,AA,CC,CC,TC,NA
Finnish in Finland,,,,HG00284,,AA,AA,TC,AN,CC,AA,CC,TT,TT,TT,TT,AA,CC,TG,CC,AA,TT,TC,CC,TT,AA,TC,GA,TC,CC,AA,NC,TT,TT,GG,TT,TG,GG,TT,TT,CT,CC,CC,GG,AA,TC,GG,TT,AA,GA,GG,CC,TT,TT,GG,GG,GG,TT,TC,GA,GG,AA,CT,TC,CC,TT,TA,CT,TC,AG,AA,GT,CC,AG,CC,CT,TT,CC,CC,AG,NC,AG,TT,CC,CT,TT,AA,TT,TT,GG,AA,GT,CC,NN,TT,CC,GG,NN,TC,GG,CC,GG,TT,AA,TT,AG,AT,CT,AA,GA,TT,AA,TT,AG,CT,GA,TT,TT,AA,AA,CC,CC,GA,GG,AT,GG,CT,GG,TG,CC,CC,AA,AA,GC,GG,TT,CT,CT,TT,TT,AG,NC,GG,GT,GC,CC,AA,NN,CC,NN,AG,AA,NC,CC,AG,GG,TT,GG,TT,TT,TT,GG,TT,GG,GG,CC,AA,GG,TT,TT,CT,GG,AG,TT,CA,AA,TT,CC,TT,NN
Finnish in Finland,,,,HG00285,,AG,CA,TT,AN,CC,AG,CC,TA,TT,TT,NT,AG,TC,GG,CC,GA,TT,CT,CC,NT,AA,CC,AA,CC,CC,AG,NN,TT,TC,GA,TT,TG,GG,GG,TC,TT,CT,CC,GG,GA,TC,GG,TT,AA,AA,GA,CG,TT,TT,AA,AA,GG,GT,TC,AA,GG,AT,CT,TT,CC,TT,TT,CC,TT,AA,AA,TG,CC,GA,CC,CC,TT,CC,CC,AA,CN,GG,TT,TT,CT,TC,AA,TT,TT,GA,GG,GT,CC,NN,TT,CC,GG,NC,TC,AA,CC,GG,TC,CA,TT,AA,AT,TT,AG,GG,TT,AG,TN,AA,TT,AA,TT,CC,AA,AA,TC,CC,GG,GT,AT,GG,CC,GG,TT,CC,TC,AA,AA,CG,GG,CC,CT,CT,TT,AT,GG,CC,GA,TT,CC,CC,AA,NN,CC,NN,GG,AA,NC,CC,AG,GG,TG,GG,TT,AT,TC,GG,TT,GG,GG,GC,AA,GA,TT,TT,CT,AG,AA,AT,AC,AA,CC,CT,TT,AA
Finnish in Finland,,,,HG00288,,AG,AC,TT,NN,NN,AA,TT,TT,TG,TT,TN,AG,CT,GG,CC,GG,TT,CC,CG,TT,AA,CC,GA,TC,GC,AG,NN,TT,TT,GG,TT,GT,GG,TG,TT,CT,TC,CC,TG,AA,TC,GG,AA,AA,GA,GA,CC,CT,TT,GG,GG,GG,TG,TT,AG,GG,AA,TT,TT,CC,TT,TT,CC,TT,AA,AA,TG,CC,AG,CC,CT,TT,TC,CC,AA,NC,GG,TT,CC,CC,TT,AA,TT,TC,GG,AA,GG,CC,NG,GT,CC,GG,NN,CT,GG,CC,GG,TC,AA,TC,GG,AT,CT,AG,GG,TT,GG,TT,AG,CT,AG,TT,CT,AA,GA,TC,CC,AG,TG,AA,GA,CC,TG,TT,CC,CC,AG,NA,GC,GG,CC,CT,CT,TT,TT,GG,CN,GG,GT,CG,CT,AA,NN,CC,AN,GG,AA,NN,CC,GG,GG,GT,GG,CT,TT,TT,AG,TT,GG,GG,CG,AA,AG,TT,TT,TT,GG,AA,TT,CC,GA,TT,TC,TT,AA
Finnish in Finland,,,,HG00290,,AG,AA,CT,NA,CC,AA,CC,TA,TG,TT,NT,GA,TC,GG,CC,GA,TT,CC,CC,TT,AA,CC,AG,CT,CC,AA,NN,TT,CT,GG,TT,GG,GG,TG,TT,CT,CC,CC,GG,GA,TT,GG,TT,AA,GA,GG,CG,CT,TT,GG,GG,GG,GG,TT,AA,GG,AA,CT,TT,CC,TT,AT,TC,CT,AG,AT,GG,CC,GA,CC,TT,TT,CC,CC,AA,NN,AG,TT,CT,TC,TC,AA,TT,TT,GG,AG,GG,CC,NG,GT,CC,GG,NN,CC,AA,CC,GG,CT,AC,TT,GG,AA,TT,AA,AG,TT,GA,TT,GA,TC,AA,TT,TC,AA,GG,CC,CC,AG,TG,TA,GG,CC,GG,TT,CC,CC,AA,AA,CG,GG,TT,TC,TC,TT,TT,GG,NC,GG,TT,CC,CC,CA,CN,CC,NN,AG,CC,CN,CC,GG,CC,TT,CG,CC,TT,TT,GG,TT,GG,GG,CC,AA,AA,AT,TT,CT,GG,AA,TT,AC,GA,TT,CC,TT,AN
Finnish in Finland,,,,HG00304,,AA,AA,TT,NN,CC,GA,TT,AT,GG,CT,NN,GG,CT,GG,CC,AG,TC,TT,CC,NN,AA,CC,AA,CC,CC,AA,NC,TT,TT,GG,TT,GG,GG,TG,TT,TT,CT,CC,GG,AA,TT,GG,TT,AA,GG,GG,CC,TT,TT,AG,GG,GG,TG,TT,AG,GG,TT,TC,TT,CT,TT,TT,CC,TT,AA,AT,TG,CC,GA,CC,CC,TT,CC,CT,AA,CN,AG,TT,TC,CT,TT,AA,TT,TT,GG,AA,TG,CC,NN,TT,CC,GG,CN,CT,AA,CC,GG,TT,AA,TT,GA,TA,CT,GG,GG,TC,GA,TT,AG,TT,GA,TN,CC,AA,AG,CC,CC,AG,TG,AA,AG,CT,GT,TT,CC,CT,GA,AA,GG,GG,TC,CT,CT,TT,AA,GA,CC,GG,TT,CG,TC,AA,NN,CC,AN,GG,AA,CN,CC,GG,GG,GT,CC,TC,AA,TT,GG,TT,GG,TG,GC,GA,AG,AT,TT,CC,GG,AA,TA,AC,AA,CC,CC,TC,AA
Finnish in Finland,,,,HG00306,,GG,AA,CT,NN,NC,GG,CT,AT,TT,TT,TN,GA,CT,TG,AC,AA,TT,CT,CC,TT,AA,CT,AG,CT,CC,AA,NN,TT,TC,AG,TT,TG,GG,TT,TT,CT,TC,CC,GG,AA,TT,GG,AA,AN,GA,GG,CC,TC,TT,GG,GG,GG,GT,TT,GA,GG,AT,CC,TT,CT,TT,TT,CC,TT,GG,AA,GG,CC,AG,CN,TT,TT,TT,CC,AA,NN,GG,TT,CT,CC,CC,AG,TT,TT,GG,AA,GG,CC,NG,TT,CC,GG,NN,CC,AA,CC,GG,TC,AA,TT,AG,AT,TT,GA,GG,TT,GA,TN,AG,TT,GG,TT,CC,AA,AA,CC,CC,GA,GT,TA,GG,CC,GG,GT,CC,CC,AA,AA,GC,GG,TT,TC,TT,TT,AT,GG,CC,AA,TG,GC,TC,AA,NN,CC,NN,GG,AA,NN,AC,GG,GG,GT,GG,CC,TT,TT,GG,TT,AG,GG,GG,AA,GA,AA,TT,TT,GA,AA,TT,CC,GA,TC,CC,TT,NN
Finnish in Finland,,,,HG00308,,GG,AA,TT,AA,CC,AG,TT,AT,GG,TT,NT,GA,TT,GG,CC,AA,TT,TC,GC,TT,AA,CC,AA,CT,GG,AA,CC,TT,TT,GG,CT,GG,GG,GG,TT,CT,CC,CC,TG,AA,TT,GG,AA,NA,AA,GG,CG,TT,TT,AG,GG,GG,GT,CT,GG,GG,AT,TC,TT,CC,TT,TT,CC,TT,AA,AT,GG,CC,AA,CC,TC,TT,CC,CC,GA,CN,GA,TT,CC,TC,TT,AA,TT,TT,GG,GA,GT,TC,GN,TT,TC,AG,NC,CC,AG,CC,GG,TT,AA,CC,AA,TA,TT,GG,GG,CT,GA,TT,GA,TT,GA,TT,TC,AA,AA,CC,CA,AA,GG,AA,AG,TC,GT,GG,TC,CC,AG,AN,GG,GG,TC,CC,CC,TT,TT,AG,CN,GG,TG,GC,CT,AA,NN,CC,NN,GG,AC,NN,CC,GG,GG,GT,GG,TC,TT,CT,GG,TC,GG,GG,GC,AA,GG,TT,TT,TT,GA,AA,TT,CA,AA,TC,CC,TT,NN
Finnish in Finland,,,,HG00309,,GA,AA,TT,NN,CC,AA,CC,TT,TT,TT,NN,AA,TT,GG,CC,GA,TT,CC,CG,TT,AA,CC,GG,TC,CG,AA,NC,TT,CT,GG,TT,GT,GG,GT,TT,TT,CC,CC,GG,AA,TC,GG,TT,AA,AA,AA,CC,TT,TT,AG,GG,GG,GT,TT,AA,GG,TA,CT,TT,CC,TT,AT,TT,CT,AG,TA,GG,CC,GG,CC,CT,TT,CC,CC,GA,NN,GG,TT,CC,TC,CC,AA,TT,TT,GG,GG,TG,CT,GN,TT,CC,GG,NC,CT,AA,CC,GG,CC,AA,TT,GG,AA,TT,GA,GG,TT,GA,TT,GG,TT,AA,TN,CT,AA,AG,CC,CC,AA,TT,AA,GG,CC,GG,GT,CC,CC,GA,AA,CG,GG,CC,TC,TC,CC,TT,GG,CC,AG,TG,CC,CT,AA,NN,CC,NA,AA,AA,CN,AC,AG,GC,TG,CG,TT,TA,TT,AG,TT,AG,GG,CC,AA,GG,TT,GT,CT,AG,GG,TT,CA,GA,TC,TC,TT,NA
Finnish in Finland,,,,HG00310,,AA,AA,TT,NA,CN,AA,TT,TT,TT,TT,NT,GA,CC,GG,CC,GG,TC,CC,CC,NT,AA,CC,GA,CC,CC,GG,NN,TT,TT,GG,TC,TG,GG,TT,CT,CT,CC,CC,TG,AA,CT,GG,TT,NA,AA,GG,CG,TT,TT,GA,GG,TG,GG,TT,AA,GG,TA,CC,TT,CC,TT,TT,TT,CT,AG,AA,GG,CC,GA,CC,CC,TT,CC,CC,AA,CN,GG,GT,CC,CC,TT,AA,TT,TT,GG,AA,GG,CC,GG,GG,CC,GG,CC,TT,GA,CC,GG,TC,AA,TT,GG,TA,TT,GA,AG,TT,AA,TT,GA,CT,AA,TT,TC,AA,AA,CC,CC,GG,GG,AT,GG,CC,TG,TT,TC,CC,AA,AA,GG,GG,TC,CT,CC,TT,TT,GG,CC,AG,GT,GC,CC,AC,NN,CC,NA,GG,AA,CN,CC,GG,GC,TT,GC,TC,TT,TT,AG,TT,GG,TG,CG,GA,GG,TT,TT,CC,AG,AA,TT,AA,AA,CC,CT,TT,NN
Finnish in Finland,,,,HG00311,,AA,AC,TT,NN,CN,GA,TT,AA,TG,TT,TT,AG,CC,TG,CC,GA,TT,CC,CC,NN,AA,CC,AA,TC,CC,AA,NN,CT,TT,GG,TT,TG,GC,GG,TT,CT,TC,CC,TG,AA,TC,GG,AA,NA,AA,GG,CG,TC,CT,GG,GG,GG,TG,TT,AG,GG,TT,TC,TT,CC,TT,TT,CC,TT,AA,AA,GG,CT,AA,CC,CC,TT,CT,CT,GA,NN,AG,TT,CC,CT,CT,AA,TT,TT,GA,AA,GG,CC,NG,GT,CC,GG,NN,CC,AA,TC,GG,CT,CA,TT,AG,AA,TT,GA,AG,TT,GA,TT,AA,TC,GG,TT,CT,AA,GA,CC,CC,AA,TG,TA,GG,CC,GG,TT,CC,CC,AA,AN,CG,GG,TT,TC,TT,TT,TA,AG,CN,AG,TT,GC,CT,AA,NN,CA,AN,GG,AA,CC,AC,AG,GC,TT,CG,CT,AA,TT,GG,TT,GA,GG,CC,AA,AA,TT,TT,TT,GA,AA,TT,CA,AA,TT,CC,CT,AA
Finnish in Finland,,,,HG00313,,AG,AA,TT,NN,CC,AA,CT,TT,TT,TC,TT,GA,TC,GG,CC,GA,TT,CC,CC,TT,AA,TC,AG,TC,CC,AG,NN,TT,TT,AG,TT,TG,GG,TG,TT,CT,TC,CC,GG,AA,CT,GG,TA,AA,AA,AG,GC,TT,TT,AG,GA,GG,TG,TT,AG,GG,TA,TC,TT,CC,TT,TT,CC,TT,AA,AA,GG,CC,GG,NC,CT,TT,CT,CC,GA,NN,AG,TT,CT,CC,TC,AA,TT,TT,GG,AA,GG,CT,GG,TT,CC,GG,NN,CT,GA,CC,GG,TC,CA,TT,AA,AA,CT,AA,GG,TT,GA,TT,GA,TT,GG,TT,TT,AA,AG,CC,AC,AA,GG,AA,GG,TC,GT,TT,TC,CT,AA,AA,GG,GG,TC,CC,TC,TT,TA,GG,NC,GG,GG,CG,TC,AC,NN,CC,NN,GG,AA,CN,CC,GA,GG,TT,GC,CT,TA,TT,GG,TT,GG,GT,GC,AA,AG,TT,TT,TC,GG,AA,TT,CA,AA,TT,CC,TT,NN
Finnish in Finland,,,,HG00315,,AG,AA,CT,NA,NC,AG,TC,AT,GT,TT,NT,AA,CT,GG,CC,AA,TT,CC,CC,TT,AA,TT,AA,CC,CC,AG,NN,TT,TT,GG,CT,GG,GG,TT,TT,TT,CC,CC,TG,AA,TT,GG,TT,AA,GG,GG,CC,TT,TT,GG,GG,GG,GT,TT,GA,GA,AT,CC,TT,CC,TT,TT,CC,TT,AA,AA,TG,CC,GG,CC,TC,TT,TC,CC,AA,CN,AG,TT,TC,CC,TT,AA,CT,TC,GG,AA,GT,CC,GN,TT,CC,GG,NN,TC,AA,CC,GG,CC,AA,TT,GG,AT,TC,GA,AG,TT,AA,TT,AG,TT,GA,TT,TT,AA,AG,CC,CC,GA,GT,AA,GG,CT,GG,TG,CC,CT,AA,NA,GG,GG,TT,CC,CT,TT,TT,GA,CC,GG,TG,CC,TT,CA,NN,CC,AN,GG,AA,NN,CC,AG,GG,TT,GG,CT,AT,TT,GG,TT,GG,GG,CG,AA,GA,TT,TT,TT,GG,GA,TT,AA,GA,TC,CC,TT,NN
Finnish in Finland,,,,HG00318,,GA,CA,TT,NN,CC,AG,CC,TT,GT,CT,NT,GG,TT,GT,CC,GA,TT,CC,CC,TT,AA,TT,GG,CC,CC,AG,NN,TT,CC,GA,CT,GG,GG,TG,TT,TC,TT,CC,GG,AA,CC,AA,TT,AA,GG,GG,CG,TT,TT,GG,GA,GG,GG,TT,AG,GG,AA,CC,TT,CC,GT,AT,TC,CT,AG,AT,GG,TC,AA,CC,TT,TT,CC,CC,AA,CC,AG,TG,CC,CT,CT,AA,TT,TT,AG,AA,GG,TC,GG,TT,TC,GG,NC,TT,GA,TC,AG,CC,AC,TT,GG,AA,TT,GA,GG,CT,GA,TT,AG,TT,AA,TT,CT,AA,AA,CC,CC,AG,TG,AT,AG,TC,GG,GT,CC,CC,AG,AN,GG,GG,CC,TT,TT,TT,TT,GG,CC,GG,TG,CC,CT,AA,CC,CC,AA,GG,AA,NN,CC,AA,GC,TT,GG,TC,TT,TT,AG,TT,GG,GG,GC,AA,GG,TT,TT,TT,GA,AG,TT,AC,GG,CT,CT,TT,AN
Finnish in Finland,,,,HG00319,,AG,AC,TT,NN,CC,AG,TC,AA,TG,TT,NT,AA,TT,GG,CC,AG,TT,TC,CC,NT,AA,CT,GG,TC,GC,AA,NN,CT,CT,GG,CT,GG,GG,TG,TT,TT,CT,CC,GG,AA,TT,GA,AA,NA,AA,GG,CC,TT,TT,AG,GG,GG,TG,TT,AG,GG,AA,TC,TT,CC,TT,AT,TC,CT,AA,TA,GG,CC,GG,CC,TT,TT,CC,CT,GA,CN,AA,TT,CC,CC,TC,AA,TT,TT,GG,GA,GG,CC,NN,TT,CC,GG,NN,CC,AG,CC,GG,CT,AA,TT,GA,AA,TC,GA,GG,TT,AG,NT,GG,TT,GA,NT,CC,AA,AG,CC,CC,AA,TT,AA,GG,TC,GG,TT,CC,CC,GG,NA,GC,GG,CC,TC,TC,TT,TA,GG,CC,GA,GT,GC,TC,AC,NC,CC,AN,GG,AA,CN,CC,GG,CC,TG,CG,TT,AT,TT,AA,TT,GA,GG,GC,AA,AA,TT,GT,CC,GG,AA,TT,CA,AA,TT,CC,TT,AN
Finnish in Finland,,,,HG00320,,GG,AA,CT,NA,CC,AA,CT,TT,GG,TC,TN,AA,TT,GG,CC,AA,TT,CC,CC,TN,AA,CT,GG,CC,GG,AA,NC,CC,TT,GG,TT,TT,GG,TG,CT,CT,TT,CC,GG,AA,TC,GA,AA,AA,AG,GG,CC,TT,CT,GG,GG,GG,TG,TT,GG,GG,AT,TT,TT,CT,TT,TT,TC,TT,AA,AT,GG,CC,GA,CC,CT,CT,CC,CC,GA,NC,GA,TT,CC,CC,TC,GG,TC,TT,GA,GA,GG,CT,GN,TT,CC,GG,NN,TC,GG,CT,GG,TT,AA,CT,GG,TA,CC,AG,GA,CT,AA,TT,AG,TT,AA,TT,TT,AA,AA,CC,CC,AG,TG,AA,GG,CC,GG,TT,CC,CC,AA,AA,GG,GG,CC,TT,CT,TT,AT,GG,NN,GA,GG,CG,TT,CC,NN,CC,NA,GG,AA,NC,CC,GG,GG,GT,GG,CT,TT,TT,AA,TT,GA,GG,CC,GA,AG,TT,GT,TT,GG,AA,TT,CA,AA,CT,CC,TT,NA
Finnish in Finland,,,,HG00321,,AG,CA,CC,NN,CC,AA,CC,TA,TG,TT,TT,AG,TC,GG,CC,GG,TT,CC,CC,TN,AA,CT,GG,CT,CC,AA,NN,TT,TT,GG,TT,GT,GG,GT,TT,TT,CC,CG,GG,AA,CC,GG,TT,AA,GG,GG,CC,TT,TT,GG,GG,TG,TT,TT,AA,GG,AA,TC,TT,CC,TT,TT,CC,TT,AA,AA,GG,TC,AG,CC,CC,TT,CC,TC,AA,NN,GA,TT,CT,TC,TT,AA,TT,CT,AG,AA,GG,CC,NN,TT,CT,GA,NN,CC,GG,CC,GG,TT,AC,TT,GG,TA,TT,GA,GA,TT,AA,TT,GA,TT,GA,TT,CT,AA,AG,CC,CC,AA,TG,TA,GG,TC,GG,TG,CC,CT,AA,AA,GC,GG,TT,CC,CT,TT,TT,AG,NC,GG,TT,GC,TT,AA,CN,CC,NA,GA,AA,NN,CC,AG,GG,TG,GG,TC,TA,TT,GG,TT,GG,GG,GG,AG,GG,TT,TT,CC,AG,AA,TT,AC,AA,TT,CC,TT,AN
Finnish in Finland,,,,HG00323,,AA,CC,TC,NN,NN,GG,CT,AT,GT,TT,NT,GG,CC,GG,CC,GA,CT,TT,CC,NT,AA,CC,GA,TT,CC,AG,NN,TT,TT,GG,TT,GG,GG,TG,TC,CT,TT,CC,GG,AA,TT,GG,AT,AA,AG,GA,GC,CC,TT,GG,GG,GG,GG,TT,GA,AA,TA,CC,TT,CC,TT,TT,CC,TT,GA,AA,GT,CC,GG,CC,CC,TT,TC,CC,AA,CC,GG,TT,CT,CC,TT,AA,TT,TT,GG,GA,GG,CC,GG,TT,CC,GG,NN,CC,AG,CC,GG,TC,AA,TT,GG,AA,TT,AG,AG,TT,AG,TN,AG,TT,AA,TT,CC,AA,AA,CC,CC,GG,GG,AA,GG,CC,GG,TT,TC,CC,AA,AN,GG,GG,CC,TT,TT,TT,TT,GA,NC,AG,GT,CC,TC,CA,NN,CC,NN,GG,AA,NN,CC,GG,GG,TT,CC,TT,TA,TT,GG,TT,GG,GG,GC,AA,GG,TT,TT,TT,GA,AA,TT,CA,AA,CC,CC,CT,NN
Finnish in Finland,,,,HG00324,,AA,CC,TT,NN,NN,AA,TT,TT,TT,TT,TT,AA,CC,GG,CC,GG,TT,CC,GC,TT,AA,TT,AA,CC,CC,AG,NN,TT,TT,AG,TT,TT,GG,GT,CT,TC,TT,CC,GG,GA,CC,GG,TA,AN,GA,GG,CG,TT,CT,GA,GG,GG,GT,TT,GG,GG,TT,CC,TT,CC,TT,TT,CT,TT,AA,AA,GG,CC,AG,CC,TT,TT,CC,CC,AG,CC,AA,TT,CC,CT,TT,AA,TT,TT,GG,AA,GG,CC,NN,TG,CC,GG,NN,CT,GA,CC,AG,TT,AA,TC,AA,AT,TT,AG,GA,TT,AG,TN,AA,TC,AA,NT,TT,AA,AA,CT,CC,AG,TG,AA,GG,CC,GG,GT,TC,TC,AA,AA,GG,GG,CT,TC,TC,TC,TA,GG,NC,AG,GG,CG,TC,AA,NN,CA,NN,AG,AA,NN,CC,GA,GG,TT,GG,CT,TT,TT,GG,TT,GG,GG,CG,GG,GG,TT,TT,TC,GG,AG,TT,CC,AG,TT,CC,TT,NN
Finnish in Finland,,,,HG00325,,AA,AA,TT,NN,NC,AG,CT,TT,TT,TT,TN,AG,TT,GG,CC,AG,TT,CC,CC,TT,AA,CC,GA,CT,GC,AA,NN,TT,CT,GG,TT,GG,GG,TT,TT,CT,CC,CC,GG,AA,CT,AG,AA,NA,AG,GA,CC,TT,TC,GG,GG,TG,TT,TT,GG,GG,TA,TC,TT,CC,TT,TT,TC,TT,GG,AA,GG,CC,AG,CC,TC,TT,CC,TC,AA,CC,GA,TT,CC,CC,TT,AA,TT,TT,GG,AA,GG,TC,NG,TT,CT,GG,CN,TT,AA,CC,AG,CC,CA,TT,AA,TA,TT,AA,GG,TT,GG,TN,GG,TT,AA,TT,CT,AA,AG,TC,CC,AA,TG,AA,GG,CC,GG,TT,CC,TC,GA,AN,GG,GG,CC,CT,CT,TT,AA,GG,CC,AG,TG,GG,TC,AC,NN,CC,NN,GG,CA,CN,CC,AA,GC,TT,CG,TC,TT,TT,GG,TT,GG,GG,CC,AA,GG,TT,TT,CC,GA,GG,TT,AA,AA,TC,CC,TT,NN
Finnish in Finland,,,,HG00326,,GA,CA,TT,AA,CC,AG,CC,TT,TT,TT,TN,GG,CC,GG,CC,AG,TT,TC,CC,TT,AT,CC,AA,CT,CC,AA,CN,TT,TT,GG,CT,GT,GG,GG,TT,CT,TC,CC,TG,AA,CT,GG,TA,AA,GG,GA,GC,TT,CT,GG,GG,GG,GT,TT,AG,GG,TT,CT,TT,CT,TT,TT,CC,TT,AA,AA,TG,CT,GA,CC,TC,TT,CT,CC,AA,CN,GA,TT,CC,TC,TT,AA,TT,CC,GG,AA,GG,CC,GG,TT,CC,GG,NN,TT,AG,CC,GG,TT,AA,TT,GG,TA,TT,AA,AG,TT,AG,NT,GA,TT,AG,TT,TC,AA,GG,CC,CA,GG,GG,AA,AA,CC,GG,TT,CC,CC,AA,AN,GG,GG,CC,TT,TT,TT,TT,GA,CN,GG,GT,GC,TT,AC,NN,CC,AN,GG,AA,CN,CC,GG,GG,TG,GG,TC,TT,TT,GA,TT,GG,GG,CG,AA,GG,TA,TT,CC,AA,AA,TT,AA,AG,TT,CC,TC,NA
Finnish in Finland,,,,HG00327,,AG,AC,CC,NA,NC,AA,TC,TA,GG,TT,NT,GG,TC,GG,AC,GA,TT,CC,CG,TT,AA,CC,AA,CC,CG,AG,NN,TT,TT,GG,TT,GT,CG,GT,TT,CT,CC,CC,TG,AA,TT,GG,AT,AA,AA,GG,GG,TC,CT,GG,GA,GG,GG,TT,AA,GG,AT,CC,TT,CC,TT,TA,CC,TT,AG,AA,TG,TC,GA,CN,TC,TT,CC,CC,AA,NN,GA,TT,TC,CT,TT,GA,TT,TT,GG,GA,GG,CC,GN,TG,CC,GG,NC,CT,GG,CC,GG,TC,AA,TT,AG,AT,TT,AA,GG,TT,GA,TT,GA,TT,AA,TT,TC,AA,AA,TC,CC,AG,GG,AA,GG,CC,GG,GT,TT,TC,AA,AN,GG,GG,CC,CT,TT,TT,TT,AG,CN,GG,GG,GC,TT,CC,NN,CC,NN,GG,AA,CN,CC,GA,CG,TT,CC,CC,TT,TT,GG,TT,GG,GG,CC,AG,GG,TT,GT,CC,AA,AG,TT,AA,AA,TT,CC,TT,NA
Finnish in Finland,,,,HG00328,,GA,AC,CT,NN,NN,GA,TC,AT,TT,TT,NN,GA,TT,GG,CC,AA,TT,CC,CC,TT,AA,CC,AA,CT,CG,AA,NN,TT,TT,GG,CC,GG,GG,TG,TT,TT,TT,CC,GG,AA,TC,GG,TT,AA,GG,GG,CC,TT,TT,GG,GG,GG,GT,TC,GA,GG,AA,CC,TT,CC,TT,TT,CC,TT,GA,AA,TG,CC,GA,CC,CT,TT,TC,CT,AA,CN,GG,GT,CC,CC,TC,AA,TT,TT,GG,AG,GG,CC,NN,TT,CT,GA,CN,TT,AG,CT,GG,CC,AA,TT,AA,AA,TC,AA,AG,TT,GG,TT,AG,TT,AA,TT,TC,AA,AG,CC,CA,AA,TG,AA,GG,TC,GG,GG,TC,TC,AG,NN,GG,AG,TT,CC,TC,TT,TT,GG,CN,AA,GG,CG,CT,AA,NN,AC,NA,GG,CA,NN,CA,GG,GG,TT,CC,TT,TT,TT,GG,TT,GG,GG,CC,AA,GG,TT,TT,TC,GG,AA,TT,CA,AA,TC,TC,TT,AA
Finnish in Finland,,,,HG00329,,AA,AA,CT,NA,NC,AG,TT,TT,TG,TT,TT,GA,TT,GG,CC,GA,CT,CC,CC,NT,AA,CC,AG,TT,CC,AA,CC,TT,TT,GA,TT,GT,GG,TT,TT,TT,CC,CC,GG,AA,TT,GG,AT,AA,AG,GG,CC,TT,TT,GA,GA,GG,TG,TT,GA,GG,AA,TT,TT,CC,TT,TT,CC,TT,AA,AA,GT,CC,GA,CC,CT,TT,CC,CC,AA,NC,GA,TT,CC,CC,TC,AA,TT,CT,GG,AA,GG,CC,GN,TT,CC,GG,NN,CC,GA,CC,GG,TC,AA,TT,AG,AT,TT,AG,AG,TT,AA,TT,GA,TT,GA,TT,CT,AG,AA,CC,CC,AG,TG,AA,GG,TT,GG,TG,CC,CT,AA,AA,GG,GG,CT,CT,CT,TT,TT,AG,NC,GA,GT,CC,CC,CC,CN,CC,NN,GG,AA,NN,AC,GG,CC,TT,CC,CC,TA,TT,AA,TT,GA,GG,GG,AA,GG,TT,TT,CC,GG,AA,TA,CC,GA,TT,CT,TT,AA
Finnish in Finland,,,,HG00330,,AA,AA,TT,NN,CC,AG,TT,TT,TG,TT,TN,AA,CT,GT,CC,AA,CT,CC,CC,TT,AA,TC,GA,CT,CG,AA,CN,CT,CT,GG,CT,GT,CG,GT,TT,CT,TC,CG,GT,AG,CT,GG,TT,AN,AG,GG,GC,TC,TT,AG,AG,GG,TT,TT,AA,GG,AA,CT,TT,CC,TT,TT,CC,TT,AA,TA,GG,CC,AG,CN,CT,TT,CC,CC,AA,NC,GG,TT,CC,TC,TT,AA,TT,TT,GG,AA,GG,CT,NG,TT,TC,AG,NN,CT,AA,CC,GG,CC,AA,TT,AG,AA,TC,GA,GG,CT,AA,TN,GG,TT,AA,NT,TT,AA,AA,CC,AC,AA,GG,AA,GG,CT,GG,GG,CT,TC,AG,AN,GG,AG,CT,CT,TT,TC,TT,GA,CC,GG,TT,GC,CT,AC,NN,CC,AN,GG,AA,NC,CC,GG,GG,TT,GC,TT,AT,TT,GG,TT,GG,GG,CG,AA,GA,TT,TG,TT,AG,AA,TT,AC,AG,CC,TC,TT,NN
Finnish in Finland,,,,HG00331,,GA,AC,TC,AN,NC,AA,TC,TA,TG,TT,TT,GG,CC,GG,CA,GG,TC,CT,CC,TT,AA,CC,AG,CT,GC,AA,NN,TT,TT,GG,TT,TT,GG,GG,CT,TC,TT,CC,GG,AA,CT,AG,AT,AA,GA,AG,CC,TC,TT,AG,GG,GG,GG,TT,AG,GG,AA,CC,TT,CC,TT,TA,TT,TC,AA,AA,TG,CT,AG,CC,TC,TT,TC,CC,AA,NC,GG,TT,TT,CC,CT,AA,TT,TT,AG,AA,GG,CC,NG,TT,CC,GG,CN,CT,AA,CC,GG,TT,AA,CC,AG,AA,TT,AA,GG,TT,AG,TT,GG,TT,AA,TT,CT,AA,GA,CC,AA,AA,TG,AA,GG,CT,TG,TT,CT,CC,AA,NA,GG,GG,CT,TC,CT,TT,TT,GG,CC,GA,TT,GC,CC,AC,NN,CC,NN,GG,AA,NC,CC,GG,GC,TT,CG,CC,AA,TT,GG,CT,GG,GG,GC,AA,AG,TT,TT,TT,GG,AA,TT,CA,AA,TT,TT,TT,AN
Finnish in Finland,,,,HG00332,,GG,AA,CT,NN,NC,AA,TT,TT,TG,TC,NN,AA,TT,GG,CC,AG,TC,CC,CC,TT,TA,CC,GA,CT,GG,GG,NC,TT,CC,GG,TT,TT,GG,GT,TT,CT,TC,CC,GT,AA,CT,GG,AA,AA,GA,GG,CC,TT,TC,GG,GG,GG,GT,TT,AA,GG,AA,TT,TT,CC,TT,AT,CC,TT,GG,AA,TT,CC,GG,CC,CC,TT,CC,CC,AA,CC,AA,TT,CT,CC,TT,AA,TT,TT,AG,AA,GT,CC,NN,TT,CC,GG,NN,CT,AG,CT,GG,TC,AA,CC,AG,AA,TT,AA,GA,TT,AG,TT,GA,TC,AG,TT,CT,AA,GA,TC,CC,AA,GG,AT,GG,CC,GT,GT,CC,TC,AA,AA,CG,GG,CC,TT,TC,TT,AT,GA,CN,GG,TG,CC,TC,CC,CN,CC,NN,GG,AC,NN,CC,GG,GG,TT,GC,CT,TT,TC,AG,TT,GG,GG,GC,AA,GA,TT,TT,CT,GA,AA,TT,CC,AA,TC,CT,TT,AA
Finnish in Finland,,,,HG00334,,AG,CA,TT,NN,NN,AA,TC,AT,GT,TC,NN,AG,CT,GG,CA,AG,TT,TC,CC,TT,AA,TT,AA,CC,GC,AG,NN,TT,TC,GG,TT,GT,GG,TG,TC,TC,CC,CC,GT,AA,TC,GG,TT,NA,GA,GG,CG,CT,TC,GG,GG,GG,GT,TT,GG,AA,AT,TT,TT,CC,TT,TT,TC,CT,GA,AA,GG,TT,AG,NC,TT,TT,CC,CC,AG,CC,GG,TT,CC,CC,CC,AA,TT,CT,GG,GA,GG,CC,GN,TT,CC,GG,NC,CT,GA,CC,GG,TT,AA,TT,GG,AT,TC,AA,GG,TT,AG,TT,GG,TC,AA,TT,TC,AA,AA,CT,CC,GG,GG,AA,GG,CC,GG,TT,CT,CC,AA,AA,GG,GG,TT,CT,CT,TT,TT,AA,CN,GG,GT,CC,CT,AA,NN,CC,NN,GG,AA,NC,CC,GG,GG,GT,GG,CC,AA,TC,GG,TC,GG,GG,GG,AA,GG,AT,TT,TT,GG,AG,AT,CC,AA,CT,CC,TT,NN
Finnish in Finland,,,,HG00335,,AA,AC,CT,NA,CN,GA,TC,TT,GG,TT,TN,GA,TT,TG,CC,AA,TT,CC,CC,NT,AA,TT,GA,TC,GC,GG,CN,TT,TC,GG,TT,TG,GG,TG,TT,TC,TT,CC,GT,AG,CC,GG,AT,AA,GG,GG,CC,TT,TT,GG,AG,GG,TT,TT,GG,GG,AA,CC,TT,TC,TT,TT,CC,TT,AA,AA,TG,CC,AG,NC,TC,TT,CC,CC,AA,CC,GA,TT,CC,TC,TT,GG,TT,TT,AG,AA,GG,TC,GG,TT,CC,GG,NN,CC,GA,TC,GG,CT,AA,TT,GG,TA,CT,GG,GG,TT,AA,TT,AG,TT,AA,TT,CC,AA,GA,CC,CC,AA,TT,AA,GG,CC,GG,TG,CC,CC,AA,NA,GG,GG,CC,CT,TT,TT,TT,AA,CC,GG,GG,GG,TC,AA,NN,CC,NN,GG,AA,NN,CC,GG,GG,GT,GG,CT,TA,TT,GG,TT,GG,GG,GC,GA,GG,TT,TT,TT,GG,AA,TA,CC,AG,CT,CT,TT,AN
Finnish in Finland,,,,HG00336,,AA,AC,CT,NN,CN,GA,TC,TT,GG,CT,TT,AA,CC,GG,CC,GG,TT,TC,CC,NN,AA,TT,GA,CT,CG,AA,NN,TC,TT,GG,TC,GG,GG,GT,TT,CT,CC,GC,TT,AA,CT,GG,TA,NA,AA,GG,CC,CT,TT,GG,GA,GG,TT,TT,GG,GG,TA,CC,TT,CT,TT,TT,CT,TT,AA,AA,TG,CT,AG,CC,TT,TT,CC,CC,GA,NN,GA,TT,CC,TC,TC,AA,TT,CT,GG,GA,GG,CC,GN,TT,CC,GG,NN,CT,AA,CC,GG,CT,CA,TT,AG,AA,TT,AG,GG,CC,AA,TT,AA,TT,AA,TT,TT,AA,GG,CC,CC,AA,TG,AA,GA,CC,GT,GT,CC,CC,AA,AN,CC,GG,TT,TC,TC,TT,TT,AA,CC,AG,TG,CG,CT,AC,NN,CC,NN,GG,AA,NN,CC,GG,CC,TT,CG,CT,AA,TT,GG,CT,GG,GG,GC,AA,GG,TT,TT,CT,GG,AA,TT,AC,AA,TT,CC,TC,AN
Finnish in Finland,,,,HG00337,,GG,AC,TT,NN,CN,AG,TT,TA,TT,TT,TT,GA,CT,GG,CC,GA,CC,CC,CC,TT,AA,CT,GG,TC,CG,AA,NN,TT,CT,GG,TT,GT,GG,TG,TT,CT,CT,CC,GG,AA,CC,AG,AA,AA,AG,GG,CG,TT,TT,AG,GG,GG,GT,TT,AA,GG,AT,CC,TT,CC,TT,TT,CC,TT,GA,AA,GG,TC,GG,CC,CT,TT,CC,CC,AA,NN,GG,TT,TC,CC,CT,AG,TT,TT,GG,AA,GG,TC,NN,TT,CC,GG,NC,CT,GG,CC,GG,CT,AC,TT,GG,AT,CT,AG,GG,TT,AA,TT,AA,TT,AA,TT,TT,AA,AG,CT,AC,GG,GG,TA,GA,TC,GG,TT,CC,TC,AA,AA,GG,GG,CT,TT,CT,TT,TT,AA,CC,GG,GT,GC,TT,CC,NC,CC,AN,AG,AA,NN,CC,GA,CG,TT,CG,TT,AT,TT,AA,TT,GG,GG,GC,AG,AG,TT,TG,CC,GG,AA,TT,CA,AA,CT,CC,TT,AA
Finnish in Finland,,,,HG00338,,AG,AA,TT,NA,NC,AG,TC,AA,GG,CT,NN,GG,CT,GT,CC,GA,TT,CC,CC,NT,AA,TT,AA,TC,GC,GA,NN,TT,TT,GG,CT,GG,GG,TG,TT,TT,TC,CG,GT,AG,TT,GG,TT,AA,GG,GG,GC,TT,TT,GG,GG,GG,GG,TC,GG,GG,AT,CC,TT,CC,TT,TT,CC,TT,AA,AA,GT,TT,GG,CC,TT,TT,CC,CC,GG,CN,AG,TT,CC,TC,CC,GA,TT,TT,GG,GG,GG,CC,NN,TT,CC,GG,CN,CC,AG,CT,GG,CT,AA,TT,GG,AA,TC,AA,GA,TT,GA,TT,AG,CT,GA,TT,TC,GA,AA,CC,CC,AG,TG,AA,GG,CT,GG,TT,CC,CC,AA,AN,GC,GG,CC,TT,TT,TT,TT,GG,CC,GG,TT,CC,TT,CC,NN,CC,NN,GG,AA,NN,CC,GG,GC,TT,GG,TC,AT,TT,GG,TT,AG,GG,GC,AG,GG,TT,TT,CT,AA,AA,TT,CC,AA,TT,CC,TT,AN
Finnish in Finland,,,,HG00339,,AG,AC,CT,NN,CC,AA,TT,AT,TT,TT,NT,AA,CT,GG,CC,GG,CT,CT,CC,TT,AA,TC,AG,CC,CG,GA,NN,TT,TT,GG,TC,GG,GG,GG,TC,CT,TT,CC,GG,AA,CC,GG,TT,AA,AG,GG,CC,TT,CT,GA,GG,GG,TT,TT,GG,GG,AT,TC,TT,CC,TT,AT,CC,TT,GA,AA,TG,CC,GA,CN,CC,TT,CC,CC,GA,CC,AG,TT,CC,TC,TT,AA,TT,TT,GG,AA,GT,CC,GN,TT,TC,AG,NN,CT,GA,CC,GG,TC,CA,TT,AG,TA,CT,AA,GG,CT,AG,TN,AA,TT,AG,TT,TT,AA,AG,CC,CC,GA,GT,AA,GG,TC,GG,TT,CC,CC,GA,AA,GG,GG,TT,TC,CT,TT,AT,AA,CC,AA,GT,CC,TT,CA,NN,CC,NN,GG,CC,CC,CC,AA,CC,TT,GG,CC,TT,TT,GG,CT,GG,GG,GG,AA,GG,TT,TT,CC,AA,AA,TT,CA,AA,TC,CC,TT,AN
Finnish in Finland,,,,HG00341,,GA,AA,TT,NN,NN,AA,TT,TT,TG,TT,TT,AG,CC,GG,CC,GA,TT,CC,CC,TN,AA,CC,AG,TT,CG,AG,NC,TC,CT,GG,TT,GT,GG,GT,TT,TT,CT,CC,GG,AA,TC,GA,AA,NN,AG,AG,GC,TC,CC,GG,AG,GG,GG,TT,AA,GG,AA,TT,CT,CC,TT,TT,CC,TT,AA,AT,GG,TC,GA,NC,CC,TT,TC,CC,AA,NN,GG,TT,TC,CC,CT,AA,TT,TT,GA,AG,GT,CC,GN,TG,CC,GG,NN,TC,GG,CC,GG,CT,CA,TT,AA,AA,TT,GG,GG,CT,AA,TT,AA,CT,AA,TN,TT,GA,AG,TC,CC,GA,GT,AA,GG,CT,GG,TT,CC,CC,AA,AA,GG,AG,CT,TT,TT,TT,TT,AA,CN,AG,GT,CG,TT,CC,CC,CC,AA,GA,AA,CN,CC,GG,GG,TT,GG,CT,AT,TT,AA,TT,GG,GG,GC,AA,GG,TT,TG,TT,GG,GG,TT,AC,AA,CT,CC,TT,NN
Finnish in Finland,,,,HG00342,,AA,AC,TT,NN,NC,AA,CT,TA,TT,TT,NN,AA,CT,GG,CC,GA,TT,CC,CC,TT,AA,TT,AA,CC,CG,AA,NN,TT,CT,GG,TT,GT,GC,GG,TT,TC,CC,CC,GG,AA,CT,AG,AT,NA,AA,GG,CG,TC,CT,GA,GG,GG,TT,TT,GG,GG,AA,CC,TT,CC,TT,TT,CC,TT,GG,AA,GG,TT,GG,CC,CT,TT,CT,CC,AA,NC,GG,TT,CC,CC,TC,AA,TT,TC,GG,AA,GG,CC,GN,TG,CC,GG,CN,TC,AA,TC,GG,CT,AA,CT,GA,AA,TT,GG,GA,CT,AA,NT,GA,TT,AA,TT,CC,AA,AA,CC,CC,GA,GT,TA,GG,TC,GG,TT,CC,CC,AG,AA,GG,GG,CC,CT,CT,CT,AT,GA,CC,GG,GT,CG,TC,AA,NC,CC,AN,GG,AC,CC,CA,AA,CG,TT,GG,CC,TT,TT,GG,TT,GG,GG,CC,AG,GG,TT,TT,TT,AG,AA,TT,CC,AA,TT,CC,TT,NA
Finnish in Finland,,,,HG00343,,AA,CA,CT,NN,NN,AG,CC,TT,GG,TT,NT,AA,CC,GT,CC,AG,TT,TC,CC,NT,AA,TT,AA,TC,GC,AA,NN,TT,TT,GG,TT,GT,GG,GT,TT,CT,CC,CG,GG,AA,CC,GG,AA,AA,GA,GG,CC,TT,TT,GG,GG,GG,TG,CT,AA,GG,AA,CT,TT,CC,TT,AT,CC,TT,AA,AA,TG,CT,AG,CC,CT,TT,CC,CC,GA,CN,GA,GT,TC,CC,TT,AA,TT,TT,AG,AA,GG,CC,NN,TT,TC,GG,NN,CC,GG,CC,GG,CT,AA,TT,GA,TT,TT,AA,GG,TT,AG,TT,GG,TC,GA,TT,CT,AA,GG,CC,CC,GA,GT,TA,GG,CC,GG,TT,CC,CT,AG,AA,GG,GG,CT,CC,TC,TT,TT,GG,CC,GG,GG,GC,CT,AC,NC,CC,NN,GG,AA,NN,CC,AA,GG,TT,CG,CT,AT,TT,AG,TT,AG,GG,CC,AA,AG,TT,TT,TC,GG,AG,TT,AC,AA,TC,CC,TT,AA
Finnish in Finland,,,,HG00344,,AG,AA,TT,NA,CN,GA,CT,AT,TG,TT,TN,GA,CT,TG,CC,AA,TT,CC,CG,TT,AA,CC,GA,CC,CC,AG,NC,TC,TT,GG,TT,TG,GG,TT,TT,TC,TC,CC,TG,AA,TC,GA,AA,AA,AA,GG,CG,TT,TC,GG,AG,GG,TG,CT,AA,GG,AA,TC,CT,CC,TT,TT,CT,TT,GA,AA,GG,CC,GA,CC,TT,TT,CC,CC,AG,CN,AG,TT,CC,TC,TT,AA,TT,CT,GG,AA,GT,CC,GG,TT,CC,GG,NN,TC,AA,CC,GG,TT,AA,CT,AA,AT,TT,AA,GG,TT,AG,TT,AA,TT,AA,TT,TC,AA,GG,CC,CC,AG,TG,AA,GG,TC,GG,TT,CC,CC,AA,AA,GG,GG,CT,CC,CC,TT,TT,GG,NC,GG,TT,GG,CC,AA,NN,CC,NN,GG,AA,NN,CC,GG,GG,TG,CC,TT,AA,TT,AG,TT,GG,GG,CG,AA,AG,TT,TT,TT,AG,AA,TT,AC,AA,TT,CC,TT,AA
Finnish in Finland,,,,HG00345,,AG,AA,TT,NN,NC,GA,TC,TT,GT,TT,NN,AA,CT,GG,CC,AG,TT,CC,CC,TN,AA,CT,AA,TT,CC,GA,NN,TT,TT,GG,TT,GT,GG,TG,TT,CT,CT,GC,GG,GA,TT,AG,AT,NA,AG,GA,GC,TC,CT,GG,GG,GG,TG,TT,AG,GG,AA,CC,TT,CC,TT,AT,CC,TT,AA,AA,TG,CC,GG,CC,TC,TT,CC,CC,AA,NC,AA,TT,CC,CT,CC,AA,TT,TT,GA,AA,GG,CT,GG,TG,CC,GG,NN,CT,AA,CC,GG,CC,AA,CT,AG,AT,TT,GG,GA,TT,AG,TT,AA,TT,AA,NT,CC,AA,AG,CC,CC,AA,TT,AA,GG,CC,GG,TG,CC,CC,AG,NN,GG,GG,TC,TC,TC,TT,TT,GA,CC,GG,TT,CC,TT,CC,NN,CC,NN,GG,AC,NN,CC,GG,GG,TT,CG,TT,TT,TT,GG,TT,GG,GG,CC,AA,AG,TT,TT,TT,GG,AA,TT,CC,AA,CT,CC,TT,AA
Finnish in Finland,,,,HG00346,,GA,AA,TT,NN,CC,AA,CC,TA,TT,TT,TT,GA,CC,GG,CC,AA,TT,CC,CC,TT,AA,CC,AA,CC,CC,AG,CN,CT,CC,GG,TT,TT,GG,TT,TT,TT,TC,CC,TG,AA,CC,GA,AA,AA,AG,GG,CC,TT,TT,GG,GG,TG,TG,TT,AA,GG,AA,TC,TC,CC,TT,TT,CT,TT,AG,AA,GG,CC,GG,CC,CC,TC,CC,CC,AG,CN,AG,TT,CC,CT,CT,AA,CT,TT,GG,AA,GG,TC,NN,TT,CC,GG,NN,CT,GA,CC,GG,CC,AC,TT,GG,TA,TC,AA,AG,TT,GA,TT,AG,TT,AG,TT,CC,AG,AA,CC,CC,AG,GG,AA,GG,TC,TG,TG,CC,CC,AA,AA,GG,GG,TC,CT,CC,TT,AA,GA,CC,GG,TT,GG,TT,CC,CN,CC,NA,GG,AA,CN,CC,GG,GG,TT,GG,CC,TT,TT,GG,TT,GG,GG,CC,AA,AG,TT,GT,CT,AG,AA,TT,CC,AG,TT,CT,TT,NN
Finnish in Finland,,,,HG00349,,GG,AA,TC,NN,CC,AG,CT,TA,TG,TC,NT,GA,CT,GG,CC,AG,TT,TC,CC,NT,AA,CT,AA,CT,CC,AA,NN,TT,TC,GG,TT,TG,GG,TT,TT,CT,TC,CC,GG,AA,TT,GG,TT,AA,GA,GG,CC,TT,TT,GG,GG,GG,TT,TT,GA,GG,TA,CT,TT,CC,TT,TT,CC,TT,AG,AA,GG,CC,GA,CN,TT,TT,CC,CC,AG,CN,AA,TT,TC,CT,CT,AA,CT,TT,GA,AA,GG,CT,GG,TT,CC,GG,NN,TT,AG,CT,GG,CC,CA,TT,GG,TA,TC,GG,AG,TT,GA,TT,GG,TT,GA,TT,TC,AA,AA,TC,CC,AG,TG,AA,GA,CC,GG,GT,TC,CC,GG,AA,GG,AG,TT,CT,TT,TT,TT,AG,CN,GG,TT,GC,TT,AA,NC,AC,NN,GG,CA,NN,CC,AA,GG,GT,GC,CT,TT,TT,GA,TT,GG,GG,GC,AA,GG,TT,TT,TT,GA,AA,TA,CA,AA,TT,CC,TT,AN
Finnish in Finland,,,,HG00350,,GG,AC,CT,NN,CC,GA,TC,TT,TT,TT,NN,GA,CT,GG,CC,GA,TT,CT,CC,TT,AA,CT,GA,TC,CC,GA,CN,TT,TT,GG,TT,TT,GG,TG,TT,TT,TC,CC,GG,AA,CT,AG,TT,AA,AA,GA,CC,TT,TC,GG,GG,GG,GT,CT,GA,GG,AT,TT,TT,CC,TG,TT,TC,CT,AG,AA,GG,CC,GG,CC,CC,TT,CT,CC,AA,NC,AG,TT,CC,CT,CC,AA,TT,CT,GG,AA,GG,CC,NG,TT,CT,GA,NN,CT,GA,CC,GG,CC,AA,TT,AG,AA,TT,GG,AA,TT,GG,TT,GG,CC,AG,TT,CT,AA,GG,CC,CC,GG,GT,TA,GA,CC,GG,TG,CC,CC,GG,AA,GC,GG,TC,CT,TT,TT,TT,AG,CC,GG,GT,CC,CT,AA,NN,CC,NA,GA,AA,CC,CC,GG,CG,TT,GG,CT,TT,TT,GA,TT,GG,GG,GC,AA,AG,TT,TT,TT,GG,GA,TT,AC,AA,TC,TT,TT,AA
Finnish in Finland,,,,HG00351,,GG,CA,TT,NN,CC,AA,CC,TA,TG,TT,TN,AA,TC,GG,CC,AG,TT,CC,CC,TN,AA,TT,AG,CC,CC,AA,CN,TT,CT,GG,TT,GG,GG,GT,TT,TT,TC,CC,GT,AA,TT,GG,TT,AN,AA,AG,GG,TT,TT,GA,GG,GG,GT,TT,AG,GG,AA,TC,TT,CC,TT,TT,CT,TT,AG,AA,TG,TC,GA,CC,CC,TT,TC,CC,AA,CC,AG,GT,CC,TC,CT,AA,CT,TT,GG,AA,GG,TC,NN,TT,CC,GG,NN,CC,GA,CC,GG,CC,AA,CT,GG,TT,CC,GG,GG,TT,GG,TT,GA,TC,GG,TT,TT,AA,AG,CC,AC,AA,GG,AA,GG,TC,GG,TT,CC,CC,GA,AA,GG,GG,TC,CT,CT,TT,TT,AG,CC,GG,TT,GC,CT,AC,NN,CC,NA,GG,CA,NN,CC,GG,GC,TG,GG,TC,TT,TT,AG,TT,GG,GG,GG,GA,GG,TA,TT,CT,GG,AA,TT,CA,AA,TT,CT,CT,AA
Finnish in Finland,,,,HG00353,,AA,CA,CT,NA,CN,AA,TT,AT,GT,CT,NT,AG,CT,GG,CC,AA,TT,TC,CC,NT,AA,CT,AA,TC,CC,AA,NC,CT,TT,GG,TT,TG,GG,TG,TT,CT,CC,CC,GT,AA,CT,GG,AA,AA,GA,GG,GG,TT,TT,AA,GG,GG,GT,TT,GG,GG,TT,TT,TC,CC,TT,TT,CC,TT,AA,AA,GG,TT,GG,CC,TT,TT,TT,CT,GA,NN,GG,TT,CC,TC,TT,AA,TT,TT,GA,AA,GG,CC,NN,TT,CT,GG,NN,TC,GG,CC,GG,TC,CA,CT,AG,AT,TC,AG,GG,TT,GG,TT,GG,TT,AA,TN,CC,AA,AA,CC,CC,GG,GG,AA,GG,CC,GG,TT,CC,CC,AA,AA,GG,GG,TT,CC,CC,TT,TT,GG,CN,GG,GG,CG,CC,AA,NN,CC,NN,GG,AA,CC,CC,GG,GG,TT,GG,CT,TA,TT,GA,TT,GG,GG,GC,AG,GG,TT,TT,CT,GG,AG,TT,CC,AA,TT,CC,TT,NA
Finnish in Finland,,,,HG00355,,AG,AC,TT,AN,NC,AG,TT,TA,TG,TC,NT,AA,TC,GG,CC,AG,TT,TC,CC,TT,AA,CC,AG,CC,CG,AA,CN,TT,CT,GG,CT,GT,GG,TT,TT,TT,TC,CC,GG,AA,CT,GG,AT,AA,AG,GG,CG,CC,CT,GA,GA,TT,TT,TT,AG,GG,TA,TC,TT,CC,TT,AT,CC,TT,AG,AA,GG,CC,GG,CC,CC,TT,CC,CC,AA,CN,AG,TT,CC,CC,TC,AA,TT,TT,GG,AA,GG,CT,GG,TG,TC,AG,NN,TT,AA,CC,GG,TC,AC,TT,GG,TT,TC,AG,GA,CT,GG,TT,AA,TT,GA,TT,TC,AA,GA,TT,CC,AG,TG,AA,AG,CC,GG,TT,CC,TT,AA,AN,CG,GG,TT,TC,TC,TT,AT,GG,CC,GG,TT,GG,CC,AA,NN,CC,NA,GG,AA,NN,CC,GA,CG,TT,CC,CC,TT,TC,GG,TT,GA,TG,GC,AA,GG,TT,TT,CT,GG,AA,TT,AC,AA,TT,TT,TT,NA
Finnish in Finland,,,,HG00356,,AG,AA,CT,NN,NC,AA,CT,AA,TT,TT,NT,AA,TC,GG,CC,AG,CT,CC,CC,TN,AA,TC,AA,TC,CC,AA,NN,TT,TC,AG,TT,TT,GG,GT,TT,TT,CC,CC,GG,AA,CC,GG,TA,AA,AG,AG,CC,CT,CT,GG,GG,GG,GG,TT,AG,GG,AA,CC,TT,CC,TT,TT,TC,TT,GA,AA,GG,CC,GA,CC,TT,TT,CC,CC,AG,CN,GA,TT,CC,CC,CC,AA,TT,CT,GA,AA,GG,CC,GN,TT,CC,GG,NC,CT,GA,CC,GG,TC,CA,TT,AG,AA,TT,GA,AG,TT,AA,TT,GG,TT,AG,TT,CC,AA,AG,CC,CC,GA,TG,TA,GG,CC,GG,TT,CC,CC,AG,AA,CG,GG,CC,CT,TT,TC,TT,AG,CC,GG,TT,GG,CT,AA,NN,CC,NA,GG,AA,NC,CC,GG,CC,GT,CC,CT,TT,TT,GA,TT,GG,GG,GG,GA,AG,AT,TT,CT,GA,AA,TT,AC,AA,TT,CC,TT,AN
Finnish in Finland,,,,HG00357,,AG,AA,TC,NN,CC,AA,TT,AT,TT,TT,NT,GG,CT,GG,AC,GA,CT,TC,CC,TT,AA,CC,GA,TC,GC,AA,NN,CT,TT,GG,CT,TT,GC,TT,TT,TC,CC,CC,GT,AA,TC,GG,AT,AA,GA,AG,CC,TT,TT,GA,GG,GG,GG,TC,AA,GG,AA,CC,TT,CC,TT,TT,CC,TT,AG,AA,GT,CC,AG,NC,TT,TT,CT,CC,AG,NC,AA,TT,CC,CT,TT,GA,TT,CC,GG,AA,GG,CC,NN,GT,CC,GG,NN,TC,AG,CC,AG,CC,CA,TT,AG,AA,TC,AA,GA,TT,GG,TT,AA,TT,AA,TT,CT,AA,AA,CC,CC,GA,GT,TA,GG,CC,GG,TT,CC,CC,AA,AN,GG,GG,TC,CT,CT,CT,TA,GA,CC,GG,GT,GG,CT,AC,NN,CC,NA,GG,AA,NN,CC,AA,GG,GT,GC,TC,TT,TT,AG,TT,GG,GG,GC,GG,GG,TT,TT,TT,GG,GA,TT,AC,AG,CC,CC,TC,AN
Finnish in Finland,,,,HG00358,,GG,AC,TT,NN,CC,AG,CT,AT,TT,TT,NT,GA,CC,GG,CC,GG,TT,CC,CC,TT,AA,CT,GG,TT,CC,AA,NN,TC,CC,GG,TT,GG,GG,TT,TC,TT,CT,CC,GG,AG,TC,GG,TT,AA,GG,GA,CC,TC,TT,GG,GG,GG,GG,TT,AA,GG,AA,CC,TT,CC,TT,TA,CT,TT,AA,AA,TG,CC,GA,CC,TC,TT,CC,CC,AA,CN,AG,TT,CC,TC,CT,GA,TT,TC,GG,AG,GG,CC,NN,TT,CC,GG,NN,CT,GA,CC,GA,CC,CC,TT,GG,AT,CT,GA,GG,TC,AA,TT,GA,TC,AG,TT,TC,AA,AG,CC,CC,GG,TG,AA,GG,TC,GG,TT,CT,CC,GA,AN,GG,GG,CC,TT,TC,CT,AT,GG,NC,GG,GT,CC,CT,AA,NN,CC,NN,GG,CA,NN,CC,GG,CG,GT,CG,CT,AT,TT,AG,TT,GA,GG,GG,AA,GA,TT,TT,TC,GA,AA,TT,CC,AG,CC,TC,TT,NA
Finnish in Finland,,,,HG00360,,GA,AA,CC,NN,CC,AA,TC,TT,GT,TT,NN,GG,CC,GG,CC,GA,TT,CC,CC,TT,AA,TC,GG,TT,CC,GA,NN,TT,TC,AG,TT,TT,GG,GG,TT,CT,CC,CC,GG,AA,CT,GG,TA,AN,GA,GG,CC,TC,TT,GG,GG,GG,GG,TT,GA,GA,AA,CC,TT,CC,TT,TT,CC,TT,GA,TA,GG,CC,GG,NC,TT,TT,CC,CC,AA,NC,AA,TT,CC,CT,CT,GG,TT,TT,GA,AA,GG,CC,NN,TT,CC,GG,NC,CC,AA,CC,GG,CC,AA,TT,GG,AA,TC,GG,GA,TT,GA,TT,GA,TT,GA,TT,CC,AA,AA,CC,CA,GA,GG,AA,AG,CT,TG,TT,CC,CC,AA,AN,GG,GG,CC,TT,TT,TT,TT,AG,CC,AG,TT,CC,CC,AC,NN,AC,NN,GG,AA,NN,CC,AG,GC,GG,GG,CT,TT,TT,GG,TT,GG,GG,CC,AA,AG,AT,GT,CT,GG,AA,TT,AA,AG,TT,CC,TT,AN
Finnish in Finland,,,,HG00361,,GG,CC,TT,NN,CC,AA,CC,TT,TT,TT,NT,AG,CT,GG,CC,GG,TT,CC,CC,NT,AA,TC,GA,TT,CC,AA,NN,TT,TT,GG,TT,TT,GG,GG,TT,TT,TC,CG,GT,AG,TT,GA,TA,AA,GA,GG,CC,TT,TT,GG,GG,GG,TT,TT,AA,AG,TT,CC,TT,TC,TT,TT,CC,TT,AA,AA,GG,CT,GA,CC,TC,TT,CC,TT,AA,NN,AA,TT,TC,CT,TT,GA,TT,TC,AG,AA,GG,CC,NN,TT,CC,GG,CN,TC,AG,CC,GG,CC,AA,TT,AG,AA,CT,AG,GG,TC,GG,TT,AA,TT,AG,TT,CT,AA,GG,CT,CC,AA,TT,AA,GG,CC,GG,GT,CC,CT,AA,AN,GG,GG,CC,CT,CT,TC,AA,AG,CC,GG,TG,CC,TC,CA,NN,CA,NN,GG,AA,CC,CC,GG,GG,GG,GG,TC,TT,TT,GG,TT,GG,GG,GC,AA,GA,AT,TT,TC,GA,GG,TT,AC,AA,TT,CC,CT,AN
Finnish in Finland,,,,HG00362,,AA,CC,CT,NN,CN,AA,TT,AT,GG,TT,NN,GA,CT,GG,CC,GA,TT,CC,CC,NN,AA,TC,AA,TC,CC,AA,NN,TT,CC,GG,TC,GG,GG,TT,TT,CT,TC,CG,TG,AA,CT,GG,AT,AA,AA,GG,CG,TT,CT,GA,AG,GG,TG,TT,GG,GG,AA,CC,TT,CC,TT,TT,CC,TT,AG,AA,GG,CT,GA,CC,CC,TT,TC,CC,AA,CN,AA,TT,CC,CC,CC,AA,TT,TT,GG,AA,GG,CT,NG,TT,CC,GG,NN,CT,AA,CC,GG,TC,AC,CT,GG,AA,CT,GA,AG,TT,GG,NT,GG,TT,AG,TT,CT,AA,GA,CC,CC,GG,GG,AA,GA,CC,GG,TT,TT,CC,AA,NA,CC,GG,TT,CT,CT,TT,TT,GG,NC,GA,TT,CC,TC,AC,NN,CC,NN,GG,CA,CC,CC,AG,GC,GT,CC,TT,TT,CT,GG,TT,GG,GG,GC,AA,GG,TA,TT,TC,GG,AA,AT,AA,AA,CC,CT,TT,AN
Finnish in Finland,,,,HG00364,,GG,AC,TC,NN,NC,AG,TT,TT,TG,TT,NN,GG,TC,GG,CC,AG,TT,TT,CC,TT,AA,CC,AA,CT,CG,GA,CN,TT,TT,GG,CT,GT,GG,GT,TT,TT,TC,CC,GG,AA,CT,AG,AA,AA,GG,GA,CG,TT,TT,GA,GG,TG,TG,TT,AG,GG,AT,TC,TT,CC,TT,TT,CC,TT,AA,AA,GG,CC,GG,CN,TC,TT,CC,CC,AA,CN,AG,TT,CC,CC,TT,AG,TT,TT,GG,AA,GG,CT,NN,TT,CC,GG,NC,CT,GA,CC,GG,CC,AC,TT,AG,AA,CT,AG,GG,TC,AA,TT,GA,TT,GG,NN,TT,AA,AA,CC,CC,AA,GG,TA,GA,TC,GT,GT,TT,CC,AA,AA,GG,GG,CC,TT,TC,TT,TA,GG,CC,GG,TT,GG,TT,CC,CC,CC,NA,GG,AA,NN,AC,AG,GG,TT,CG,CT,TT,TT,GG,TT,GG,GG,CC,AA,GG,TT,TT,CC,AA,AA,TT,CA,AA,CT,CC,TT,AA
Finnish in Finland,,,,HG00365,,AA,CA,TC,AN,NC,AG,CC,TT,GG,TC,NT,GG,CT,GG,CC,AA,CT,CC,CC,TT,AA,CT,GA,TC,GC,AA,NC,CT,CT,GG,CT,GG,CG,GT,TT,TC,CT,CC,GT,AA,CC,GG,TA,NA,AA,GG,CC,TT,TT,GA,GG,GT,TT,TT,AA,AG,TT,CC,TT,TC,TT,TT,CT,TC,AA,AA,GT,CC,GG,CC,TT,TT,CC,CC,AA,CC,AG,TT,CC,TC,CC,AA,TT,TT,AG,AA,GG,CC,NN,GT,CC,GG,CN,CC,GA,CC,GG,CC,AA,TT,AG,AA,TT,GG,GG,TC,AG,TT,GG,TT,AA,NT,CC,AA,GA,CC,CC,AG,GG,TA,GG,CC,GT,TG,CC,CC,AG,NA,CG,GG,CC,TC,TC,TT,TT,AA,CC,GG,TT,GC,TT,CC,NC,CC,AN,GA,AA,CN,CC,GA,CG,TT,CG,CC,TA,TT,AA,TT,GG,GG,CC,AG,GG,TA,TT,CC,GA,AA,TT,CA,GA,CT,CC,TT,AA
Finnish in Finland,,,,HG00366,,GA,AA,TT,AN,NC,AA,CT,TT,TG,TC,NN,AA,TT,GG,CC,GG,TT,CC,CC,TT,AA,TC,AG,TT,GG,AA,NN,CC,TT,GG,TT,TT,GG,TG,TT,TC,CC,GC,TG,GA,TC,AG,AT,AN,AG,GG,CC,TC,TT,GG,GA,GG,GT,TT,AA,GG,AA,TC,TT,CC,TT,TT,CT,TC,AA,AA,GG,CC,AA,CC,CC,TT,CC,TC,AA,CC,GA,TT,CC,CC,CC,AA,TT,TT,GA,AA,GG,TC,NN,TT,CT,GA,CN,TC,GG,CC,GG,TT,CA,CT,GG,AA,TT,GG,GA,TT,AG,NT,GA,TT,AG,TT,CT,AA,GA,CC,CA,GG,GG,AA,GA,TC,GG,TT,CC,CC,AG,AA,CG,GG,CC,TT,TT,TT,TT,AA,CC,AA,GT,CC,TC,CC,NN,CC,NN,GA,AA,CC,CC,AG,CG,TT,GG,CT,TA,TC,AA,TT,AG,GG,CG,AG,GA,TT,TT,TC,AA,AA,TT,CC,AA,CT,CC,TT,AA
Finnish in Finland,,,,HG00367,,GA,AA,CC,NN,NC,GG,TT,TT,TG,TT,TT,GG,TC,TG,CC,AA,TC,CC,CC,TT,AA,CT,AA,TT,CG,GA,NN,TC,TT,GG,TT,GG,GG,GT,TT,CT,TC,CC,GG,AA,CT,GG,TA,NA,AA,GG,CC,TT,TT,AG,GG,GG,TT,TT,AG,GG,AT,CT,TT,CC,TT,TT,TT,TC,AG,AA,GG,CC,GG,CN,TC,TT,TC,CC,AG,NN,AA,TT,CT,TC,CT,AA,TT,CT,GG,AA,GG,CC,NN,TT,CC,GG,NC,CT,AG,CC,GG,TC,AA,CT,AG,AA,TT,GG,GG,TT,GA,TT,AG,TT,AG,TT,TT,AA,GG,CC,CC,AA,GT,AA,GG,CC,GG,TT,CC,CC,AA,AA,GG,GG,TT,CC,TC,TT,TT,AG,CC,GG,TT,CC,CC,AC,NC,CA,NN,AG,AA,NN,CC,GG,GG,TT,CC,CC,TA,TT,GA,TT,GG,GG,GC,AA,GA,AT,TT,TT,AG,AA,TT,AC,AA,TT,CC,TT,AA
Finnish in Finland,,,,HG00368,,AA,AA,CT,NN,NN,GG,TT,AT,GT,CT,TN,AG,TC,GG,CC,GG,TT,CC,CC,TT,AA,CC,AG,CC,CC,GG,NN,TT,TC,GG,CT,GG,GG,TT,TT,TC,TC,CC,GT,AA,TT,GG,AT,AA,AA,GG,GG,TT,TC,GG,GG,GG,GG,CT,AA,GG,TT,TC,TT,CC,TT,AT,TT,CC,GA,AA,GT,CC,GA,CN,CC,CT,CC,CC,AA,CC,GA,TT,CC,CC,CT,GA,TT,TT,GG,GG,GG,CC,NG,TT,CC,GG,CN,CT,AA,CT,GG,TC,AC,TT,GA,AA,TT,AG,GG,TT,AA,TT,GA,TT,AA,TT,TT,AA,AA,CC,CA,AG,TG,AA,GA,CC,GG,TT,CC,CC,AG,AA,GG,GG,TC,TC,TT,TT,TA,AG,CN,AG,GG,GG,CT,CA,NN,CC,NA,GG,AA,NC,CC,GG,GG,TT,CC,TC,TT,CT,GA,TT,GG,GG,CG,GA,GG,TT,TT,TT,GG,AA,TT,AC,AA,TT,CC,TC,NA
Finnish in Finland,,,,HG00369,,AG,CA,TT,NN,CC,AA,CC,AT,GT,TT,NN,AG,TC,GG,CC,AG,CC,CC,CC,TT,AA,CT,AA,CT,CG,GA,NN,TT,TT,GG,TT,TT,GG,GG,TT,TT,CC,CC,TT,AA,TC,GG,AA,NA,AG,GG,CC,TT,TT,GA,GG,GG,GG,TC,AG,GG,TA,CT,TT,CC,TT,TT,CC,TT,GG,AA,GG,CT,GA,CC,CC,TT,TC,CC,AA,CC,GA,TT,CC,TC,TC,AA,TC,TC,GG,AA,GG,CC,NG,TT,CC,GG,NN,CC,AA,CC,GG,CC,AA,TT,GG,TT,CT,GG,GG,TT,GA,TT,AG,CT,GG,TT,TT,AA,GA,CC,CA,AA,GG,AA,AG,CC,GG,TT,CC,TT,AA,AA,GC,GG,CT,TC,TC,TT,TT,GG,CC,GG,GG,CG,TC,CC,NN,CC,NN,GG,CA,CN,CC,GA,CG,GT,GG,CT,TT,TT,GG,TT,GG,GG,CG,GA,AG,TT,TT,CT,AG,GA,TT,CC,AA,CC,CC,TT,NN
Finnish in Finland,,,,HG00371,,GG,AA,TT,NN,NC,AG,TT,TA,TT,TT,TN,GA,TT,GG,CC,AG,TT,CT,GC,TT,AA,CC,AG,CT,CG,GG,NN,TT,CC,GG,CT,GG,GG,GT,TT,TC,CT,CC,GG,AA,CT,GG,AA,NA,GG,GG,GC,TT,TT,AA,GG,GG,TT,TT,AA,GG,TT,CC,TT,TT,TT,TT,CC,TT,AA,AA,GG,TC,AG,CC,CT,TT,CC,CC,AA,CN,GG,TT,CC,CT,CC,AA,TT,TT,GG,AA,GG,CT,NN,TT,CC,GG,NN,TT,AA,CC,AG,CC,AA,TT,AG,AA,TT,GG,GG,TT,AA,TT,AG,TT,AA,TT,CT,AA,AG,CC,CC,AG,TG,TA,GG,TC,GT,TG,CC,CC,AA,AA,GG,GG,CC,TT,TT,TT,TA,GG,NC,AA,GT,CG,TC,AA,NN,CC,NN,GG,CA,NC,CC,GG,GG,TT,GG,CT,TA,CT,GG,TT,GG,GG,CG,GG,GA,TT,TT,TT,GG,AA,TT,AA,AG,CT,CT,CT,AN
Finnish in Finland,,,,HG00372,,GG,AC,TT,NA,NC,AA,TC,TT,TT,CT,NN,AG,CC,GG,CC,GG,TT,CT,CC,TT,AA,CT,AA,CC,GC,AA,CN,TT,CT,GG,TC,TG,GG,TT,TT,CT,TC,CC,GG,GA,CT,AG,TA,AA,AA,AG,CG,TC,TC,GG,GG,GG,GG,TT,AG,GG,TA,CT,TT,CC,TT,TT,CT,TT,AA,AA,TT,CT,GG,CC,TC,TT,CC,CC,AA,NN,GA,TT,CC,CT,CT,GA,TT,CT,GG,AA,GT,CC,NN,TT,CC,GG,CN,TC,AA,CC,GG,TT,CC,TT,AG,TT,CT,AG,AG,TC,GG,TT,GG,CT,GA,TT,TC,AA,AG,CC,CC,AA,TT,TA,GG,CC,GG,TT,CC,CC,AA,AN,GG,AG,CT,TC,TC,TT,AT,GA,CC,GG,TT,CC,TC,AA,CC,CC,NN,GG,AA,CN,CC,GA,GG,GT,GG,CC,TT,TT,AA,TT,GG,GG,CC,AA,GA,TT,TT,TT,GG,AA,TA,CC,AA,CT,CC,TT,AN
Finnish in Finland,,,,HG00373,,AG,AA,CT,NA,CN,GA,CT,TA,GT,TT,TN,GA,CT,GG,CC,AA,TT,CC,CC,TT,AA,TC,AA,TC,CC,AA,NN,TT,TC,GG,TT,GT,GG,GT,TT,CC,CT,CC,GG,AA,TT,GG,TA,AA,GA,GG,GG,TC,TT,GG,GG,GG,GT,TT,GA,GG,AT,CT,TT,CC,TT,TT,TC,TT,GG,AA,GG,CC,GA,CC,TC,TT,CC,CC,AA,CC,AA,TT,CC,TC,TT,AA,TT,TT,GG,AA,GG,TT,NN,TT,CC,GG,NN,CC,GG,CC,GG,TT,CA,TT,GG,TA,TT,AG,GG,TT,GA,NT,AG,TT,GA,TN,CT,AA,AA,TC,CC,AG,TT,AA,GG,CC,GT,TT,CC,TC,AA,AA,CG,GG,CT,TT,TT,TT,TA,AG,CC,AG,GT,GC,CT,CA,NN,CC,AA,GG,AA,CC,CC,GG,CG,TT,GC,TC,TA,TT,GA,TT,GG,GG,CG,GA,GG,TT,TT,TC,GG,AA,TT,AA,AA,CC,TC,TT,NA
Finnish in Finland,,,,HG00375,,GA,AA,TT,NA,CC,GA,TC,TA,TG,TT,TT,AG,TC,GG,CC,AG,CT,CC,CC,TT,AA,TC,AA,CC,CC,AA,NN,TT,TT,GG,TT,GT,GG,TT,TT,CT,CC,CC,GT,AA,TT,GG,TT,AN,GG,GG,CC,TT,TT,GG,GG,GG,GG,TT,AG,GG,AA,TC,TT,TC,TT,TA,CT,TC,AA,AT,GG,CC,GA,CC,TC,TT,TC,CC,AA,CN,AA,TG,CT,TC,CT,AA,TT,TT,AA,AA,GG,TC,GN,GT,CC,GG,NN,TT,AA,CC,GG,CT,AC,TT,GG,AA,TC,GG,GG,TT,GA,NT,GG,TC,GG,TT,CT,AA,AG,CC,CC,GG,GG,AA,GG,TC,GG,TT,TC,CT,AG,NA,GG,GG,CT,TC,TC,TT,AT,AA,CC,GG,TG,GC,CC,AA,NC,CC,NA,GG,AA,NN,CC,GG,GC,TG,GG,CT,TT,TT,GG,TT,GA,GG,GG,AG,GG,TT,TT,TT,GG,AA,TT,CA,GA,TT,CC,TT,NA
Finnish in Finland,,,,HG00376,,GA,AA,TT,NN,CC,AA,TC,TT,TG,TT,NN,GA,TC,GG,CC,AA,CT,CC,CC,TT,AA,CC,AA,CC,CC,AG,CN,CT,TT,GG,TT,TG,GG,TT,TT,TC,CC,CC,TG,GA,CC,GG,TT,AN,GA,AG,CC,TT,TT,GG,GG,GG,TG,TT,GA,GG,AA,CC,TT,CC,TT,AA,TT,CC,AA,TA,GG,CC,AG,CC,TT,TT,CC,CC,GA,CC,GG,TT,TC,CC,TC,AA,TT,TT,GG,AA,GG,CC,GN,TT,TC,AG,NC,TC,AA,CC,GG,TC,CA,TC,AG,AA,CT,GA,AG,TT,AA,NT,AG,TT,GA,TT,CT,AA,GA,CC,CC,GG,TT,TT,GG,CC,GG,GT,CC,TT,AA,AA,GC,GG,TC,TT,TT,TT,AA,AG,CC,AG,TT,CC,TT,CC,NN,CC,NN,GG,AA,CN,CC,AA,GG,GT,CC,TC,TT,TT,GG,TT,GG,GG,GC,AA,GA,TT,TT,TT,AG,AA,TT,CC,AA,TT,CC,TT,AN
Finnish in Finland,,,,HG00378,,GG,AA,TT,AN,CN,AA,TT,TA,TT,TT,TT,GG,CC,GG,CC,GA,TT,CT,CC,TT,AA,CC,AA,CT,CC,AA,NN,TT,TT,GG,TT,GG,GG,GT,TC,TT,CT,CC,GG,AA,TT,GG,AT,AA,GG,AA,CC,TC,TT,AG,GG,TG,TG,TT,GA,GG,TA,CC,TT,CC,TT,TT,CT,TC,AA,AA,TT,CC,GG,CC,TC,TT,CC,CC,AA,CC,GG,TT,TC,CC,TT,AA,TT,TT,GG,AA,GG,CC,NN,GT,CC,GG,NN,TC,AG,CC,GG,CC,AC,TT,AG,AT,CT,GA,GG,TT,GA,TT,GG,TC,GG,TT,TT,AA,AG,CC,CC,GG,GG,TT,GG,CC,GG,GT,CC,CC,AG,NA,GG,GG,CC,TT,TT,TT,TA,AG,NC,GG,GG,CC,CT,AC,NN,CC,NN,GG,CC,NC,CC,GG,GG,TG,CC,TC,AT,TT,GG,TT,GG,GG,CG,GA,AG,TT,TT,TT,GA,AA,AT,CA,AG,CT,CC,TT,NN
Finnish in Finland,,,,HG00379,,GA,AA,CC,NN,CC,AA,TT,AA,TG,TT,NT,GA,CC,GG,CC,AG,TT,CC,GC,TT,AA,TC,GA,CT,GC,AG,NN,TT,TC,GG,TT,TT,GG,GG,TT,TC,CT,CC,GG,GA,CT,AG,TT,NA,AG,GG,CC,TT,CT,GG,GG,GG,TG,TT,AA,AG,AA,TC,TT,TC,TT,TA,CT,TC,AA,AA,GG,CT,GA,CC,CT,TC,CC,CC,AA,NC,AG,TT,CT,TC,CT,GA,TT,TT,GG,AA,GT,TC,GG,TT,CC,GG,NN,TC,AA,CT,GG,TC,AA,TT,AA,TA,CT,GG,GG,TT,GA,NN,AG,TT,GA,TT,TC,AA,AG,CC,CC,AA,GG,AA,GG,CC,GG,TT,CC,TC,AG,NN,GG,GG,TC,CT,CC,TT,TT,GA,NC,AG,GG,GC,TT,AC,NN,CA,AN,GG,AC,NN,CC,GG,GG,TT,CC,TC,TA,TT,GG,TT,GG,GG,GG,GA,GG,TT,TT,TT,GG,GA,AT,AC,AA,CT,CC,CT,NN
Finnish in Finland,,,,HG00380,,GA,AC,CC,AN,CN,GA,TC,TT,GT,TC,NN,AA,TT,GG,CC,GG,CC,CC,CC,TT,AA,TC,GA,CC,CC,GA,NN,TT,TT,AG,TT,GG,GG,TG,TT,TT,CT,CC,GG,AG,CT,GG,TT,AA,AA,GG,CC,TT,TT,GG,GG,GG,GG,CT,AA,GG,AA,TT,TT,TC,TT,TT,CC,TT,GG,AA,GT,CC,GG,CC,TT,TT,CC,CC,GA,NC,GG,TT,CC,TT,TC,AA,TT,TT,AA,AA,GG,CC,NN,TT,CC,GG,NC,CT,AA,CC,GG,CC,AC,TC,AG,AT,TC,GG,GG,TT,AA,TT,AA,CT,AA,TT,CC,AA,AG,CC,CA,AA,TG,AA,GG,CC,GG,TT,CC,CC,AA,AA,GG,GG,TT,TT,TT,TC,AT,AA,CC,GG,GT,CC,CT,AC,NN,CC,NN,GG,CA,CN,CC,GG,GC,GT,CG,TC,AT,TT,GA,TT,GG,GG,GG,AA,AG,TT,TT,CT,GG,AA,TT,CC,GG,TT,TC,TT,NN
Finnish in Finland,,,,HG00381,,AA,AC,TT,NN,CC,AA,CT,AT,GT,TC,NT,GA,TT,GG,CC,AA,TC,CT,CC,TT,AA,TC,GA,TT,CC,AA,NC,TT,TT,GG,TT,TG,GG,GG,TT,TT,CT,CC,GG,AA,CC,GG,AA,AA,AA,AG,GC,TT,TT,AG,AG,GG,TT,TT,AG,GG,AA,CC,TT,CC,TT,TT,CC,TT,AA,AA,TG,CT,GA,CC,TT,TT,CC,CC,AG,CC,AA,TG,CC,CT,TT,AA,TC,TT,GG,AA,GG,CT,NN,TT,CC,GG,NN,CC,GG,CC,GG,CC,CC,TT,GG,AA,TC,AA,GG,TT,AA,TT,AG,TT,GA,TT,CC,AA,AG,CC,CC,GA,GT,AA,GG,CT,GG,TT,CC,CC,AA,AN,GG,GG,TT,TC,TC,TC,TT,GG,CC,GG,GT,CG,CC,AC,NN,CC,NN,GG,AA,NN,CC,GG,CG,TT,GG,TT,TA,TT,AG,TT,GG,GG,GG,AA,GG,TT,TT,CT,GA,AA,TT,AC,AA,CC,CC,TT,NA
Finnish in Finland,,,,HG00382,,AA,AC,TT,AN,NN,AA,CC,TT,TT,TC,TT,GA,CC,GG,CC,GG,TT,TC,CC,NN,AA,CC,GG,CT,GG,AA,NC,TT,TT,GG,TT,TT,GG,TG,TT,CC,TC,CC,GT,GA,CT,GG,TT,AA,AG,GG,CC,TT,TC,AG,GG,GT,GT,TT,GG,GG,AT,TC,TT,CC,TT,AT,CC,TT,AA,TA,GT,CC,GG,CC,TT,TT,CC,CT,GA,CN,GG,TT,CC,CC,CT,AG,TT,TT,GG,GA,GG,TC,NG,TT,CC,GG,CN,CT,AA,TC,GG,CC,AA,TT,GG,AA,TT,GA,GG,TT,AA,TT,AA,TT,AA,TT,TC,AA,AA,CC,CC,AG,GG,AA,GG,CC,GG,TT,CT,CC,AA,AA,GG,GG,TT,TC,TC,TT,TT,GA,CC,GG,TG,GC,CT,CC,CN,CC,AN,GG,AA,CN,CC,GG,CC,TT,CG,TT,TT,CT,GG,TT,GG,TG,CG,AA,GA,TT,TG,TC,AG,AA,TT,CA,AA,TT,TC,TT,NA
Finnish in Finland,,,,HG00383,,GA,AA,TT,NN,NC,AA,TT,TT,TG,TT,TN,AG,CC,GG,CC,AG,TT,CT,CC,TT,AA,TC,GG,TT,CC,AA,NN,TT,TC,GG,TC,TG,GG,GT,TC,TT,CT,CC,GG,AA,CT,GG,AT,AN,GA,AG,CC,TT,TC,AG,AG,TG,TG,TT,GG,GG,AA,TC,TT,TC,TT,TT,CC,TT,GA,AA,GT,CC,GG,CC,TT,TT,CC,CC,GA,NC,AA,TT,TC,CC,CT,AA,TT,TT,GA,AA,GG,TC,NG,TT,CC,GG,NN,CC,AA,CC,GG,CT,AA,TT,GG,AA,TT,AG,GG,TT,AG,TT,AA,TC,AG,TT,CC,AA,AA,CC,CC,AA,TT,AA,GA,CC,GG,TT,CC,CC,AG,AA,GG,GG,CT,TC,TT,TT,TT,AG,NC,GG,GT,GC,CT,CC,NN,CC,NA,GG,AA,CN,CA,GG,CC,TT,GC,CT,TA,TT,GG,TT,GG,GG,GC,AG,GG,AT,TT,TC,GA,AA,TT,AA,AG,CC,TC,TT,AN
Finnish in Finland,,,,HG00384,,AG,AC,TT,NN,NN,AA,TT,AT,TT,TC,NT,AA,TT,GG,CC,GA,TT,TC,CC,NT,AA,CC,GA,TT,GC,AA,NN,CT,TC,AG,TT,GT,GG,GG,TT,TC,CT,CC,TT,AG,CC,GG,AA,AA,AG,GG,CC,TT,TT,GG,GG,GG,TT,TT,AA,GG,TA,CT,TT,CT,TT,TT,TC,TT,AA,AA,GG,TC,AA,NN,CC,TT,CC,CC,AA,NN,GA,TT,CC,CT,TC,AA,TC,TC,GG,AA,GG,CC,NG,TT,CT,GA,NN,TT,GA,CC,GG,TC,AA,TT,GG,TA,TC,AG,GA,TT,AA,TT,AA,TT,AA,TT,TT,AA,AG,CC,CC,AA,GT,AA,GG,CC,TT,TT,CC,CC,AA,AA,GG,GG,TT,CT,CT,TC,TT,GA,CC,GG,TT,GC,CT,AC,CC,CC,AN,GG,AA,NC,CC,GG,GG,TT,GC,CT,TT,TT,GG,TT,GG,GT,CC,AA,GG,TT,TG,TT,GG,GA,TT,CC,GA,CT,CC,TT,NN
British in England and Scotland,,,,HG01334,,GA,CA,CT,NN,NN,AG,TT,TT,GG,TT,TT,AG,TT,GG,CC,AG,TT,CC,CC,TT,AA,CT,AA,TC,CC,GG,NN,TT,TC,GG,TT,TT,GG,TT,TT,TC,CT,CC,GG,AA,CC,GG,AT,AA,AA,GG,GC,TT,CC,AG,GG,GG,GG,TT,GG,AA,AA,TC,TT,CC,TT,AT,TT,CC,AA,TT,GG,CC,GG,CC,TC,TT,TC,CC,AA,CC,AG,TG,CC,CT,TC,AA,TT,CC,GA,AA,GG,TC,GG,GT,CC,GG,NN,TC,AA,CC,GG,TC,AC,TT,GG,AA,TT,GA,GG,TC,GG,TT,AG,TT,AA,TN,CT,AA,AA,CC,CC,AG,TG,AT,AG,CC,TT,TT,TT,TC,AA,AA,GG,GG,TT,TC,TC,TT,TT,GG,CC,GA,TG,CC,CT,CC,CN,CA,NN,GG,AA,CN,CA,GG,CG,TG,CG,TT,TT,CT,GG,TT,GG,GT,CC,AA,GG,TT,TT,TC,AA,AA,TT,AC,AG,TT,CC,TT,AA
Iberian population in Spain,,,,HG01500,,AG,CA,TT,NN,CC,AG,CC,TT,TG,TT,TT,GA,TC,GT,CC,GG,TT,CC,CC,TT,AA,CC,AG,CC,GC,AA,NN,CT,CT,GG,TT,GT,GG,TT,CT,TT,CT,CC,GG,AA,TC,GG,TT,AA,GG,GG,GC,TT,TT,GG,GG,GG,GG,TT,AA,GG,AA,CC,TT,CC,TT,TT,CC,TT,AG,TA,TG,CC,AG,CC,TT,TT,CC,CC,AA,NC,GG,TT,TC,CC,TT,AA,TT,TT,GG,AA,TG,CT,GG,TT,CC,GG,NN,TC,AG,CC,GG,TC,AA,CC,AG,AA,TT,AG,AG,TT,GG,TT,GG,TC,GA,TT,TT,AG,GA,CT,CC,AG,TG,AT,AG,CC,GT,TT,CC,CC,AA,AA,GG,GG,CT,TC,TC,TT,TA,AG,CC,GG,TG,CC,TC,CA,NN,CC,NA,GG,CA,NC,CC,AG,GC,TT,CG,TT,TT,TT,GG,TC,GG,GG,CG,GA,AG,TT,TT,CT,GA,AA,TT,CA,AA,TT,CC,TT,AN
Iberian population in Spain,,,,HG01501,,AA,AA,TT,NN,NC,GA,CC,AT,GT,TT,NN,GG,TT,GG,CC,AA,TT,CC,CC,TT,AA,TC,AG,CT,CC,AA,NN,CT,TT,GG,TT,GT,GG,TT,TT,CT,CC,CC,TG,AA,TC,AG,AA,NA,AA,GA,CC,TT,TT,GG,GG,GG,GG,TT,AA,GG,AA,TT,TT,CC,TT,TT,TC,TC,AA,AT,GG,TT,GG,CC,TT,TT,TC,CC,AA,NN,GA,TT,CC,CC,TC,GA,TT,CT,AG,AA,GG,CC,GN,TT,TC,GG,NC,TT,AG,CT,GG,CT,AC,TT,AA,TA,CC,AG,GA,TT,AG,TT,AA,TT,GA,TT,TC,AA,AA,CC,CC,GG,GG,AA,GG,CC,GT,GT,CC,CC,AA,AN,CG,GG,TT,TT,CT,TT,TT,AG,CC,GG,GG,GC,CC,CC,NN,CC,NN,GG,AC,CC,CC,AG,GG,TT,CC,TC,TT,TT,GA,CT,GG,GG,GG,AA,GG,TT,GT,CT,AG,GG,TT,AC,AA,TT,CT,TT,AA
Iberian population in Spain,,,,HG01503,,GG,CC,TT,NN,NC,AA,TT,TA,TT,TT,NT,AG,CC,GG,CC,GA,TT,CC,CC,TT,AA,CC,GA,CT,CC,AA,NN,TT,CC,GG,TC,GT,GC,GT,TT,TT,CC,CC,GG,AA,CC,GG,AT,AN,AA,GG,CG,TT,TT,GG,GG,GT,TG,TT,AA,GA,TA,TC,TT,CC,TT,TT,CC,TT,AA,AA,TT,TC,GG,CC,TC,TT,CC,CC,AA,NN,AG,TT,CC,CT,TT,AA,TC,TT,GG,AA,GG,CC,NG,TG,CC,GG,NN,TC,AG,CC,AG,TC,AA,TC,GG,TA,TT,GG,AG,TT,AA,TT,AG,TT,GA,TN,TC,AA,AG,CC,AC,AG,TT,AA,GA,CT,GG,TT,CC,TC,AG,AA,GG,GG,CT,CC,TC,TT,AT,AA,CC,GA,TG,GC,TC,CA,NN,CC,NA,GG,AA,CC,CC,AG,GG,TT,GC,CT,TT,TT,GG,TT,GG,GG,GC,AA,AA,TT,TT,TT,GA,AA,TT,CC,AA,TT,CC,TT,NA
Iberian population in Spain,,,,HG01504,,AA,AC,TT,NN,CN,AA,TC,TA,GT,TT,NT,GA,TC,GG,CA,GG,TT,CC,CC,TT,AA,CC,AG,CT,GG,AA,NC,CT,TC,GG,TT,TT,GG,GT,TT,CC,CC,CC,GT,AA,CC,GG,TA,AA,GG,GG,CC,CT,TT,GG,GG,GG,TT,TT,AG,AG,AA,TT,TT,CC,TT,TT,CC,TT,GG,AA,GG,TC,GA,CC,TT,CT,CT,CC,AG,CC,AG,TG,CC,CT,CT,AG,TT,TT,AG,AA,TG,CC,NG,TT,CC,GG,NN,CT,GA,CC,GG,TC,AC,TT,GA,AT,TT,GG,AG,TT,GG,TT,GG,TT,GA,TT,TC,AA,AG,CC,CC,GA,GT,AT,GG,CT,GT,TT,CC,CT,GG,AA,GG,GA,TT,CC,CT,TC,TT,AA,CC,AG,TG,CC,CC,AC,NC,CC,NN,GG,AA,CC,CC,AG,GG,TT,GG,CC,AT,TT,GG,TT,GG,GG,GG,AA,AA,TT,TT,TT,GG,AA,TT,AC,AA,CT,TC,TT,AN
Iberian population in Spain,,,,HG01506,,AG,AC,CT,NA,NC,AA,CC,TT,GT,TT,NT,AA,TT,GG,CA,GG,CT,CC,CC,NT,AA,CT,AA,TT,CC,GA,NN,TT,TT,GG,TC,GG,GG,GG,TT,TT,CC,CC,GG,AA,TT,GG,AA,AA,GG,GG,CC,TT,TT,GA,GG,GG,TT,TT,AA,GA,AA,CT,TT,CC,TT,TT,CC,TT,AA,AT,GG,CT,AG,CC,CC,TT,CC,CC,AG,NN,AG,GT,CC,CT,CT,AG,TT,TT,GG,AA,GG,CC,NN,GT,TC,AG,NN,TC,AA,CC,GA,CT,CA,CT,AG,TA,TT,AA,GG,TC,GG,NT,GG,CT,AA,TT,TT,AA,AA,CC,CC,GG,TG,AA,AA,CC,GG,TG,CC,CC,AA,AA,CC,GG,TT,TT,TT,TT,TA,GG,CC,GG,TG,GG,CC,AC,NC,CC,NA,AG,AA,CN,CC,AG,GG,TG,GG,CT,TT,TT,GG,TT,AG,GG,GG,AA,GG,TT,TT,TC,AA,AA,TT,CC,AA,TT,TC,TT,AA
Iberian population in Spain,,,,HG01507,,GA,AC,TC,NN,CC,AG,TT,TT,TT,TT,TT,GG,CT,GG,CC,AA,TT,CC,CC,NT,AA,TT,AG,TT,CC,AA,NC,CT,CC,GG,CT,GG,GG,TG,TT,TT,TC,CC,GT,AA,CC,GG,AT,AA,GA,GG,CC,TT,TT,GG,GA,GG,GG,TC,AG,AG,AT,TT,CT,CC,TT,TT,TT,CC,AA,AA,GG,TC,GA,CN,TT,CT,CC,CC,AA,NC,GA,TT,CC,CC,TC,AA,TT,TT,GG,AA,GG,CC,GN,TT,CC,GG,NN,TT,AA,CC,GG,TC,AA,TT,GA,AT,TT,GA,GG,TT,GA,TT,GG,TT,AA,TT,CC,AA,AG,CC,CC,AA,GT,AA,AG,TT,GT,GG,CC,CT,GG,AA,GG,GG,TT,TT,TT,CT,AT,AG,CN,GA,GT,GG,CT,CA,NN,AC,NA,GG,CC,NN,CA,AG,CG,GG,GG,CT,TT,TT,GG,TT,GG,GG,CG,AG,GG,TT,TT,CC,GG,AA,TT,CA,AA,TT,CC,TT,NA
Iberian population in Spain,,,,HG01509,,AG,AA,TT,NN,CN,AA,TC,TT,GT,TT,NT,GG,CC,GG,CC,GG,TT,CC,CC,TT,AA,TC,AA,CT,GG,AG,CN,TT,TT,GG,TT,GT,GG,GG,TT,TT,CC,GC,GT,AA,TC,GA,TA,AA,GA,GG,CC,TT,TT,AA,GG,GG,GG,TT,AA,AG,AA,TT,TT,CC,TG,TT,CC,TT,AA,AA,TG,CC,GG,CC,TT,TT,CC,CC,AA,NN,AA,TT,TT,CC,TC,AA,CT,TT,GA,AA,GT,CC,GN,TT,CC,GG,NN,TT,AA,CC,GG,TC,AC,TC,GA,AA,TT,AG,GG,TT,AG,TT,AG,TT,AA,TT,TT,AA,GA,CT,CC,AA,TT,AA,AG,TT,TT,TT,CC,CC,AA,AA,GG,GA,TC,TT,TC,TT,AT,AG,CC,GG,GT,CC,CT,AC,NN,CC,NN,GG,AA,NC,CC,AG,GG,TG,GC,TC,TT,TT,GA,TT,GG,GG,GG,AA,GG,TT,TT,TT,GG,AA,TT,AA,AA,TT,TT,TC,NA
Iberian population in Spain,,,,HG01510,,GA,CA,TT,NN,CN,GG,CC,TT,TG,TT,TT,GG,CC,GG,CC,AG,TT,CC,CC,TT,AA,CC,GG,CC,CC,AA,CN,TC,TC,GG,TC,GG,GG,TG,TT,TT,TC,CC,GG,GA,TT,GG,TA,NA,AG,AG,CC,TT,TT,AA,GG,GG,TT,TT,GA,GG,TA,TC,TT,CC,TT,TT,CT,TT,GG,AA,TG,CC,GA,CC,TT,TT,CC,CC,AG,CN,AG,TT,CT,CC,CT,AA,TT,TT,GG,AA,GG,TC,GN,TT,TC,AG,NN,TC,AA,CC,GG,CT,AA,TT,AG,AT,TT,AG,AG,TT,GG,TT,GG,TT,AA,TN,CC,AA,AA,CC,CC,AG,GG,AT,AG,CC,GT,TT,CC,CC,AA,AA,GG,GA,TT,CC,CT,TT,TA,AG,CC,AA,TG,GG,TC,AA,NN,CC,NA,AG,AA,CC,CC,GG,GC,TT,CC,TC,TT,TT,GG,TT,GG,GG,GG,AA,AG,TT,TT,TC,GG,AA,TT,CA,AA,TT,CC,TT,AA
Iberian population in Spain,,,,HG01512,,GA,AA,CC,NN,CN,AG,TT,AT,GG,TT,TN,AG,TT,GG,CC,AG,TT,CC,CC,TT,AA,TT,GG,TC,CC,AA,NC,TT,TT,GG,TT,TT,GG,GT,TT,TT,TC,CC,GG,AA,CT,GG,TT,AA,GA,GG,CC,CT,TT,GG,GG,GG,TT,TT,AG,GG,TA,CT,TT,CC,TT,TT,TT,TT,AA,AA,TG,CC,AA,CC,CT,TT,CC,CC,GA,CC,AA,TT,TT,CC,CT,AA,TT,TC,GG,AA,GG,CC,NG,TT,CT,GA,NN,CT,GG,CT,GG,TT,AC,TT,AA,AT,TT,GG,AG,TT,AG,TT,GA,TT,GA,TT,CT,AA,AA,CC,CC,GA,GT,AA,GA,CC,GG,TG,CC,TT,AA,AA,GG,GG,TT,TT,TT,CC,TT,AA,CN,GG,TG,CG,CT,AC,CC,CC,AN,GG,AC,NN,CC,GG,GG,GT,CC,TT,TA,TT,GG,TT,GG,GG,CG,GA,AA,TT,TT,TC,GA,AA,TT,CA,AG,TT,CC,TT,AN
Iberian population in Spain,,,,HG01513,,GA,AA,CT,NN,CC,GA,CT,AT,GG,TT,TN,AA,CC,GG,CC,AG,TT,CT,CC,TT,AA,CT,AG,TC,GG,GA,NC,CT,TC,GG,CT,GT,GG,GT,TT,CT,TC,CC,GG,AA,TC,AG,AA,AN,AA,AG,CC,TT,TT,AG,GG,GG,GG,TT,GA,GG,AA,CC,TT,CC,TT,TT,CC,TT,GA,AT,GG,CC,AG,CC,CT,TT,TC,CC,AA,CC,GG,TT,CC,TC,TT,AA,TT,TT,GG,AA,GG,CT,GG,TT,TT,GA,NN,TT,AA,CC,GG,TT,AA,TT,GA,TA,TC,GA,AG,TT,GG,TT,AG,TC,AA,TN,TT,AA,AA,CC,CC,AA,TT,AA,AG,CT,GG,TT,TC,CC,AA,NA,GG,GG,CT,TT,TT,TT,TT,GA,CC,GG,TG,CC,CT,AC,NC,AC,NA,GG,AC,CN,CC,GA,GG,TG,GG,TT,AT,TT,GA,TT,GG,GG,CG,AG,GG,AT,GT,TC,AG,AA,TT,AC,AA,CT,CC,TT,AN
Iberian population in Spain,,,,HG01515,,GA,AA,TT,NN,NC,AG,CT,TA,GG,CT,NT,AA,TT,GG,CC,GA,TT,CC,CC,TT,AA,CC,GA,TT,GC,AA,NN,CT,CT,GG,TT,TG,GG,TT,TT,CT,CC,GC,GG,AA,TC,AG,TT,AN,AA,GA,CC,CT,TT,GG,GA,GT,TT,TT,AA,AA,TT,CT,TT,TC,TT,TT,CC,TT,AG,AA,GT,CC,GA,CC,TT,TT,CC,CC,AG,NC,GG,GT,CC,TC,TT,AG,CT,CC,GA,AA,GG,CC,NG,TT,CC,AG,NN,TT,AG,CC,AG,TT,AC,TT,AG,TA,TT,GG,GG,TT,AA,TT,GA,TT,AA,TT,TC,AA,AA,TC,CC,AA,TG,AT,GG,CC,GG,GT,TC,CC,AA,AA,GG,GG,CC,TT,TT,TT,AT,GG,CC,GG,TG,GC,TT,AA,NN,CC,NN,GG,AA,CN,CC,GG,CC,TT,GG,TC,TT,TC,AG,TT,GA,GG,GC,AA,AA,TT,TT,TT,GG,AA,TT,AC,AA,CT,CT,TT,AA
Iberian population in Spain,,,,HG01516,,GG,AA,CT,NN,CC,AA,TT,TT,GT,TT,TT,GG,TC,GG,AC,GG,TT,CC,CC,NN,AA,TT,AA,TC,CC,AA,NC,TT,CC,GG,TT,TG,GG,GG,TT,TC,CT,GC,GT,AA,CC,GG,AA,NA,AA,AG,CC,TT,TT,AG,AG,GG,GT,TT,GA,GG,AA,TT,TT,CC,TT,TT,CT,TT,AG,AA,GG,CC,GG,CC,TC,TT,CC,CC,GA,CC,GG,GT,CC,CT,TT,AA,TT,TT,GG,AA,GG,CC,NN,GG,CC,GG,NN,CT,AA,CC,GG,CT,AA,TT,GG,TA,TT,AA,GA,TT,GG,TT,GA,TT,GA,TT,TC,AA,AA,CC,CC,GA,GG,AA,AG,CT,GG,TT,CC,CC,AA,AA,GC,AA,TC,CC,TT,TT,AA,GG,CC,GG,TG,CC,CT,AC,NN,CC,NN,GG,AA,NN,CC,AG,GG,GG,GG,TT,TT,TT,GG,TT,GG,GG,CG,AA,AG,TT,TT,CT,GA,GA,TA,CC,AA,CC,CC,TT,AA
Iberian population in Spain,,,,HG01518,,GA,AC,TC,NN,NN,AA,TT,TA,TT,TC,TT,AA,CC,GG,CC,AA,TT,CC,CC,TT,AA,CT,GG,TT,CG,AA,NC,CT,CT,GA,CT,GG,GG,TG,TT,TT,TC,CG,GG,AG,CC,GG,TT,AN,GA,GA,CC,CT,TT,GA,AG,GG,TG,TT,GG,GA,AT,CT,TT,CC,TT,TT,CC,TT,AG,AA,TG,CC,AG,NC,CC,TT,TT,CC,AA,NN,GG,TT,CC,CT,TC,AA,TT,TT,GA,AA,GG,CC,NN,TT,CC,GG,NN,CC,AG,CC,GG,TT,AC,TT,AG,AA,TC,GG,GG,TT,GA,TT,GG,TT,GG,TT,CC,AA,GA,CC,CC,GG,GG,TT,AG,CT,TG,GG,CT,CC,AA,AA,GG,GG,TT,TC,TT,TT,TA,GG,NC,GG,GT,CC,TC,CA,NN,CC,NN,GG,AA,CC,CC,GG,GC,TT,CG,TC,TA,TT,GG,CC,GG,GG,GG,AA,GG,TT,TG,TT,GG,GA,TT,CC,AA,CC,TT,TT,NA
Iberian population in Spain,,,,HG01519,,AA,CA,TC,NN,CN,AA,TC,TT,GG,CT,TT,GG,CT,GG,CC,AA,TT,CC,CC,TT,AA,CT,AG,TT,CG,AA,CN,CC,CC,GG,TT,GT,GG,TT,TT,CT,CC,CC,GG,AA,CT,GG,AA,AA,GA,GG,GC,TT,TT,AG,GG,GG,TT,TT,GA,GG,AA,TC,TT,CC,TT,TT,CC,TT,AA,AA,TT,CC,GG,CC,CC,TT,TT,CC,AG,NN,AA,TT,TC,CC,TT,AA,TT,TT,GG,AA,GG,CC,NN,TT,CC,GG,CN,TC,AA,CT,AG,TT,AA,TT,AA,AA,TT,GG,AA,TC,AA,TN,GA,CT,GG,TT,CC,AA,AA,CC,CC,AG,TT,AA,AA,CC,GG,TT,CC,CC,AA,AA,CG,GG,TC,CC,CT,TT,TA,GG,CC,GG,TG,CG,CC,AA,CN,CC,NN,GG,AA,CC,CC,GG,CG,TG,GG,TT,TT,TT,AG,TT,GG,GT,GG,AG,GG,TT,TT,CT,AA,GA,AT,CA,AA,TT,CC,TT,AA
Iberian population in Spain,,,,HG01521,,AA,AA,TT,NN,NN,AA,CC,TT,GT,CT,NT,GG,CT,GG,CC,GG,TT,CC,CC,TT,TA,CC,AG,CC,GG,AA,CN,TT,TT,GG,TT,TG,GC,TG,TT,TT,CC,CG,GG,AA,TT,GA,AT,NA,AG,GG,CG,TT,TT,GA,GG,GG,GG,TC,AA,GG,TA,CC,TT,CC,TT,TT,CC,TT,AA,TA,TG,CT,GA,CC,TT,TT,CC,CC,AA,NN,GG,TT,CT,TC,TC,AA,TT,TT,GG,AA,GG,CC,NN,TT,CT,GG,NC,TC,AA,CC,GG,TC,CA,TT,AG,AA,TT,GG,GA,TT,AG,TT,GG,TT,AA,TT,CC,AA,AA,TC,CC,GA,TT,AA,AA,CT,GG,TT,CC,TC,AA,NA,GG,GG,TT,TC,TT,TT,TT,GG,NC,GG,GT,CC,TC,CA,NN,CC,NN,GG,CA,CN,CC,GA,GG,TT,GG,TT,AT,TT,GG,CT,GG,GG,GG,AG,GA,TT,TT,CC,GG,AA,TT,AC,AA,TC,CC,TT,NA
Iberian population in Spain,,,,HG01522,,GG,AC,CC,NN,CC,AA,TC,TT,GG,TT,NT,GA,CC,GG,CC,GG,TT,TC,CC,NN,AA,CT,GA,CC,GC,AG,CN,CT,TC,AG,CT,GG,GG,GT,TT,TC,CT,GC,TG,GA,TC,GA,TA,AA,GA,GG,GG,TT,TC,AG,GG,GG,TT,TT,AA,GG,TT,TT,TT,CT,TT,AT,CC,TT,AG,AA,GG,CC,GG,CC,TT,CT,CT,CC,AA,NN,AA,TT,CT,TC,TT,AA,TT,TT,GG,AA,GT,CC,NN,TG,CC,GG,NN,TT,AA,CC,GG,TT,AA,TT,GG,AA,CC,GA,GG,TT,GG,TT,GA,TT,AA,TT,TT,AA,AA,CC,AC,GA,GG,AA,AG,CC,GG,TG,CT,CC,AA,AA,GG,GG,TT,CT,CT,TT,TT,GG,NC,GG,TT,CC,TC,CC,CN,CC,AA,GG,CA,NN,CC,GG,GC,TG,GG,TT,TT,TT,GG,TT,GG,GG,GC,AA,AA,TT,TT,TC,GA,GA,TT,AA,AA,TC,CC,TT,AN
Iberian population in Spain,,,,HG01524,,AA,AA,CT,NA,NC,AG,TT,TT,TT,CT,TN,AG,TC,GG,CC,GA,TT,CT,CC,NT,AA,CC,GA,CT,CG,AA,CN,CT,TC,GG,CT,TT,GG,TG,TT,TT,CC,CC,GT,AA,CC,GG,AA,AA,GA,GG,CC,TT,CT,AG,GG,GG,GT,TT,GA,GG,TA,TT,TC,CC,TT,TT,CC,TT,GA,AA,GG,CT,GA,CC,TT,TT,CT,CC,GA,NN,AG,TT,CC,CC,TT,GG,TT,TT,GG,AA,GG,CC,NN,TT,CC,GG,NC,TT,AA,CC,GG,TT,AC,TC,GA,AA,TT,GG,GG,TT,GG,TT,GA,TT,AG,TT,CC,GA,AA,TC,CA,GG,GG,AA,GG,TC,GG,GT,CC,CC,GA,AA,GG,GG,CC,TC,TT,TT,AT,GA,CC,GA,TT,CC,TC,CA,NC,CC,AN,GG,CA,NC,CC,GA,GG,GT,GG,CT,TT,TT,GG,TT,GG,GG,GG,AG,GA,TT,TT,TT,GG,AA,TT,AC,AA,CC,TC,TC,AA
Iberian population in Spain,,,,HG01525,,GG,CA,TT,AN,CC,GA,TC,TT,TG,TT,NN,GA,CT,GG,CC,GA,TT,CT,CC,TT,TA,CC,GA,CC,GC,AA,CN,TC,TT,GG,CT,GG,GG,GG,TT,TC,CT,CG,GG,AA,TT,GG,TA,AA,GA,GG,CG,TT,TT,GG,GA,GG,TG,TT,AA,AG,AA,CC,TT,CC,TT,TT,CC,TT,AA,AA,GT,TC,GG,CC,CC,TT,CT,CC,GG,NN,GA,GT,CT,TC,TC,AA,TT,TT,AG,AA,GG,CC,NN,TT,CC,GG,NN,TT,AA,CT,AG,CT,AA,TT,GG,AT,TC,AA,GG,TT,AG,TT,GG,TT,AG,NT,CT,AA,AA,CC,CA,GA,TT,AA,GG,CC,GG,GT,CC,CT,AA,AA,GG,GG,TT,TT,TC,TT,TA,AG,NC,AG,GT,GC,TT,CA,NN,CA,AN,GG,CA,CN,CC,GG,GG,GG,GC,TT,TT,TT,AG,CT,AG,GG,CG,AA,GG,AT,TT,TC,GA,AA,AT,CA,AA,TT,CT,TT,AN
Iberian population in Spain,,,,HG01527,,GG,AC,CC,NN,NN,AA,CT,TT,GT,TT,TT,GG,CC,GG,CC,AG,TT,CT,CC,TT,AA,CC,AA,CT,GG,AA,NC,TT,TC,GG,TT,GT,GG,TT,TT,TT,CC,CC,TG,AA,CC,GG,AT,AN,GA,GG,CC,TT,TT,AG,GG,GG,GG,TT,GA,GG,AA,CC,TT,CC,TT,TT,CC,TT,GA,AA,GG,CC,GA,NC,CT,TT,CC,CC,AA,NN,GG,TT,CT,CT,TT,AA,TT,CC,GG,AA,GG,CC,NN,TT,CC,GG,CN,TT,AA,CC,GG,TT,AC,TT,AG,AA,CC,GA,GG,TT,AG,TT,GG,TT,GG,TT,TT,AA,AA,CC,AC,GA,GG,AT,AG,CC,GG,TT,CC,CC,AA,AN,GG,GA,CC,CC,TT,TT,TT,GA,CC,GG,GG,CC,CC,AA,NN,AC,NN,GG,CA,NN,CA,GG,GG,GT,GG,TT,TT,TT,GG,TT,GG,GG,CG,AA,GG,TT,TT,TT,AG,AG,TT,AC,AA,CT,CT,TT,NA
Iberian population in Spain,,,,HG01528,,AG,AA,TT,NN,NC,AA,TC,TT,TT,TC,NT,AG,TT,GG,CC,GG,TT,TC,CC,TT,AA,TT,GG,TT,GG,AA,NN,TC,TC,GA,CT,GG,GG,GT,TT,TC,TC,CG,GT,AG,CC,GA,AT,AA,AA,GG,CC,TT,TT,AG,GG,GG,GT,TT,GA,GG,AT,TC,TT,CC,TT,TT,CC,TT,GA,AA,GT,CT,GG,CC,CT,TT,CC,CC,AA,NN,AA,GT,CT,TC,TT,AA,TT,TT,GG,AA,GT,TC,GN,TT,CC,GG,NN,TT,AA,CC,GA,CT,CA,TT,GG,AA,TT,GA,GG,TT,AA,NT,GG,TC,AA,NN,TC,AA,GA,CC,CC,AA,TG,AA,AG,CC,TG,TT,CC,CT,AA,AN,GC,GG,TC,CT,TT,TT,TT,GG,NC,GG,TG,CC,TT,CC,NN,CC,NN,GG,AA,NN,CC,GG,GG,GG,GG,TT,AA,TT,GG,TT,GG,GT,CG,AA,GG,TT,TT,TC,GG,AA,TT,CA,AG,CT,TC,TT,NN
Iberian population in Spain,,,,HG01530,,GA,AA,TT,AN,CC,AG,TC,TT,TT,TT,NT,GA,CC,GG,CC,GG,TT,CT,CC,TT,AA,TT,AG,CT,GG,AG,CN,CT,CT,GG,CT,TG,GG,TT,TT,CC,TC,CC,GG,AA,TC,GG,TA,AA,AG,GG,CC,TT,TT,AA,GG,GG,TG,TT,GG,GG,AA,CT,TT,CC,TT,TT,CC,TT,AA,AA,GG,CC,GA,CC,TC,TT,CC,CC,GA,NC,AG,TG,CC,CC,TT,AA,TT,TT,GG,AA,GG,CC,NN,TG,CC,GG,CC,CC,GG,TC,GG,CC,AC,CT,GA,AA,TT,AA,GG,TT,GG,TT,AG,TC,GA,TT,CC,AA,AG,CC,AC,AG,TG,AA,AA,CC,GG,TG,CC,CC,AA,NA,GG,GG,CT,TT,CT,TT,TA,GG,NN,GG,TG,CC,CC,AA,NN,CC,NN,GG,AA,CN,CC,GG,CG,TG,CG,TT,AT,TT,GA,TT,AA,GT,GC,AA,GA,TA,TT,TC,AG,GA,TT,CC,AG,CT,TC,TT,AA
Iberian population in Spain,,,,HG01531,,AA,AA,TT,AA,CC,GA,TT,TT,TT,TT,NT,GA,CC,GG,CA,AG,CT,CC,CC,TN,AA,TC,AA,CC,GG,AA,NC,TC,CC,GA,TT,TG,GG,GT,TT,CT,TC,CC,GG,AA,CT,GG,AT,AA,GG,GG,GC,TT,CT,GG,GG,GG,TG,CT,AA,GA,AA,TC,TT,CC,TT,TT,CT,TC,AG,AA,GG,CT,GA,CC,TC,TT,CC,CC,AG,CN,GG,TT,CC,CT,TT,AA,TT,TT,GG,AA,GG,CC,NN,TT,CC,GG,NN,TT,AA,CC,GG,CC,CA,CT,GG,AA,TT,GG,GG,TT,GG,TT,AA,CT,GA,TT,CC,GA,AA,CT,CC,AG,GG,AA,AG,CT,TG,GG,CT,CC,AA,AA,GG,AG,TT,CC,TC,TT,TT,GG,CC,AG,TT,CC,CC,AA,NN,AC,AA,GG,AC,CC,CC,GA,CG,GT,CC,CC,TT,TC,AG,TC,GG,GG,GG,AA,GG,AT,TT,CC,GG,AA,TT,CC,AA,TT,TC,TT,AA
Iberian population in Spain,,,,HG01536,,AG,AA,TC,NN,CC,AG,TT,TT,GT,TT,TT,AG,CC,GG,CC,AG,TT,CC,GC,NN,AA,CT,AG,CT,GC,AA,CN,CC,TC,GG,TT,TG,GG,GG,TT,CT,CC,CC,TT,GA,TT,GG,TT,AA,GG,GA,CC,TT,TT,AG,GG,GG,TT,TT,AA,GA,TA,CT,TT,CC,TT,TT,CC,TT,AA,AA,GG,CC,GG,NC,TT,TT,CC,CC,AG,NN,AA,TT,TT,CC,TT,AA,TT,TT,GG,AA,TG,CC,NN,TT,CC,AG,NN,CT,AA,CC,GG,CT,CC,TT,AA,TT,CC,GA,GG,TT,GA,TN,GG,TT,AA,TT,CC,AA,AG,CC,CC,AG,TG,TA,GG,CC,TG,GG,CT,CC,GA,AA,GG,GG,CT,TT,CT,TT,AT,AA,NC,GG,TG,GC,CC,CA,NN,CC,NA,AG,AA,CN,AC,GG,GG,TT,GG,TT,AA,TT,GG,TC,GG,GG,CC,AA,AG,TT,TT,TC,AG,AA,TT,CA,GA,CT,CC,TT,AA
Iberian population in Spain,,,,HG01537,,AG,AC,TC,NN,CN,AA,CC,AT,TT,CT,TN,AG,CC,GG,CA,GA,TT,CC,CC,NT,AA,CT,AG,TT,GC,GA,NC,CT,CC,GG,CT,GG,GG,GG,TT,TC,CC,CC,TG,AA,CC,AG,TA,AA,AA,GG,GC,TT,TT,GA,GG,GT,TT,TT,AG,GG,AA,TT,TC,CT,TT,TT,CC,TT,GG,AA,GG,CT,GG,CC,TT,TT,CC,CC,AA,CC,GG,TT,CC,TC,TT,AA,TT,TT,GG,AA,GT,CC,GN,TT,CC,GG,NN,TT,GA,CT,GG,TT,CC,TT,AA,AA,TT,AG,AG,TT,AA,TT,GA,TT,AA,TT,TC,AA,AA,TC,CC,AA,TT,TA,GG,CC,GG,GG,CT,CT,AA,AA,GG,GG,TC,TC,TC,TT,TA,GA,NC,GG,TG,CC,CC,AC,NN,CC,NN,AG,AA,CN,CC,GA,GC,GT,CG,TC,TT,TT,GG,TC,AG,GG,CC,AA,GG,TT,TT,CT,GG,AA,TT,CA,AA,TT,TT,TT,AA
Iberian population in Spain,,,,HG01602,,AG,AA,TT,NN,CC,AA,CT,TT,GG,TT,NT,GG,CT,GG,CC,GG,TT,CC,CC,TT,AA,CC,GG,TC,GC,AA,NC,TT,TT,GG,TT,TT,GG,TT,TT,TC,CT,GC,GG,AA,TT,GG,AT,AN,AA,GG,CG,CC,CT,GA,AG,GG,GT,TT,AG,GG,AA,TC,TT,CC,TT,TT,CC,TT,AA,AA,TG,CC,GG,CC,TC,TC,CC,CT,AA,NN,GA,TT,CC,CC,TT,AA,TT,TT,GG,AA,GG,TT,GG,GT,CC,GG,NN,TT,AA,TC,GG,CT,AA,TT,AG,TA,TC,GG,AG,TT,GA,TT,GA,TT,GA,TT,TT,AA,AA,CC,CA,GA,GT,AT,AG,CC,GT,TT,CC,TC,AG,AA,GG,GG,CC,TC,TT,CT,TA,GA,CC,AG,TT,CG,TC,CA,CN,CC,AN,GG,AA,NC,CC,GG,CG,TG,GG,CT,TT,TT,GG,TT,GG,GG,GG,GG,GG,TT,TT,CC,GG,GG,TT,AA,AA,CC,CC,TT,AA
Iberian population in Spain,,,,HG01603,,GA,AA,CC,NN,NC,AA,CC,TA,GT,CC,TT,AG,TT,GG,CC,GG,TT,CC,CC,TT,TA,CC,AG,TT,GC,AA,NN,TT,CT,GG,TT,GG,CG,GG,TT,CT,CC,CG,TT,AA,TT,GG,AA,AN,AA,GG,GC,CT,CT,GG,GG,GG,GT,TT,GA,AG,AA,CC,TT,CC,TG,TT,CC,TT,AA,AA,TT,CT,GG,CC,CT,CT,CC,CC,GG,NN,GG,TT,CC,TC,TT,AA,TT,TT,GG,AA,GG,CC,GG,TT,CC,GG,NN,CT,GG,CC,GG,CC,CC,TT,AG,AA,TC,AA,GG,TT,GG,TT,GA,TC,GA,TT,CT,AA,AG,CC,CC,GA,GG,AA,GG,TT,GG,TT,CC,CC,GA,AA,GG,GG,CC,TT,TT,TT,TT,GA,CC,GG,GG,GC,CC,CC,NN,CC,AN,GG,CA,NC,CC,GG,CG,GG,CC,TT,AT,TT,GG,TT,GG,GG,CG,AA,GG,TT,TT,CT,GG,GA,AT,AA,AA,TT,CC,TT,NA
Iberian population in Spain,,,,HG01605,,AA,AA,TT,NN,NC,AG,TT,TT,GG,TT,NT,GG,TC,GG,CC,GA,CT,CC,CC,TT,TT,TC,AA,TT,GC,AA,NN,TT,CC,GG,TT,TT,GG,TG,TC,TC,CT,CC,GT,AA,TT,GG,AT,AA,GA,GG,CC,TT,TT,GA,GG,GG,GT,TT,AG,GG,AA,TT,CT,CC,TT,TT,CC,TT,AA,AA,GG,CC,GG,CC,CC,TT,TT,CC,AA,NN,GG,TT,TC,CC,TT,AA,TT,TT,GG,AA,GG,CT,GG,TT,CC,GG,NC,TT,AA,CC,GG,CT,AC,TT,AA,AA,TC,AA,GG,TC,GA,TT,GG,CT,AA,TT,CC,GA,AA,CT,CC,AA,TT,AA,AA,CC,GT,TT,CC,CC,GG,AA,GG,GG,TT,TC,TC,TT,TT,GA,CC,GG,TT,GC,TC,AA,NN,CC,AN,GG,AA,CC,CC,AG,GC,TT,CC,CT,AT,TT,GG,TT,GG,GG,GC,AA,GG,TT,GT,TT,GG,AG,AT,AC,AA,TT,TT,TT,AA
Iberian population in Spain,,,,HG01606,,GG,AA,TC,NN,CC,AA,CC,TT,GG,TT,TT,GA,CC,GG,CC,AG,CT,TT,CC,TN,AA,TC,AG,CC,GG,GA,CC,TT,TC,GG,TT,GG,GG,TT,TT,TT,TC,CC,TG,GA,TT,AG,TT,NN,GA,AA,CC,CT,TT,GG,GG,GG,TG,TT,AG,GG,TT,CC,TT,CC,TG,TT,TC,TT,GA,AA,GG,TC,GG,CC,TC,TT,TC,CC,AA,NC,GG,TT,CC,CC,TT,AA,TT,TT,GA,AA,GG,CC,GG,TT,CC,GG,NN,TT,AG,TC,GA,TT,AA,TT,GG,AA,CT,AA,GA,CC,AA,TT,AG,TT,AG,TT,CT,AG,AA,CC,AC,GG,GG,AT,AG,CT,TG,TT,CC,CC,AA,AN,GG,GG,TT,CT,CC,TT,TT,GG,CC,GG,GG,GG,CC,CC,NN,CC,AN,GG,AA,CC,CC,GG,GG,GT,CC,TC,TT,TT,AA,TT,GG,GG,CC,AA,GA,AT,TT,TC,GG,AA,TT,AA,GA,CT,CC,TT,AA
Iberian population in Spain,,,,HG01607,,AA,AA,CT,NN,CN,GA,TC,TA,GG,TT,NT,GG,TC,TG,CC,AA,TT,TC,CC,TT,AA,TC,GA,TC,GG,AA,NN,CT,CC,AG,TC,GG,GG,TG,TT,TT,CT,CC,GT,AA,CT,GG,TA,NA,GA,GG,GC,TT,TT,GG,GG,GG,TG,TT,GA,GG,AA,TC,TT,CC,GT,TT,CC,TT,AA,AA,TG,CC,GG,CC,TC,TT,CT,CC,AA,NC,AG,TT,TC,CC,TC,AG,TT,CT,GG,AA,GG,CC,NG,GT,CC,GG,NN,TT,AA,TT,GG,CT,AA,TT,GG,TA,TT,AG,GA,TT,AG,TT,AG,CT,AA,TT,TC,AA,GG,CC,CC,AG,TG,AA,GA,CC,GG,TG,CC,CC,AA,AA,GG,GG,TC,CT,TT,TT,TA,GG,CC,GG,TG,CC,CC,AC,NN,CC,AN,GG,AA,NC,CA,AG,GG,TT,GG,TT,TT,TT,GG,TC,GG,GT,GC,GG,AG,TT,TG,TT,GA,GG,TT,CC,AA,CT,CC,TT,NA
Iberian population in Spain,,,,HG01608,,GA,AA,CT,NA,CN,AG,CC,TA,GG,TC,TN,AA,TC,GT,CC,GG,TT,CC,CC,NT,AA,TT,GG,TT,GC,AG,NN,TT,CC,AA,TT,GG,GG,GG,TT,CC,CC,GC,GT,AA,CC,AA,TA,AA,GA,GG,GC,CT,CT,GG,GG,GT,TT,TT,GG,GG,AT,CT,TT,CC,TT,TT,CC,TT,GA,AA,GT,TC,GG,CC,CT,TT,TC,CC,AA,CC,GG,GT,CC,CC,CT,AA,TT,CT,GA,AG,GG,CC,GN,TT,CC,GA,NN,TT,AA,CC,GG,CC,AA,TT,AA,AT,CT,GA,GA,TT,GG,TT,AG,TT,GA,TT,CT,AA,AG,CC,CA,GG,GT,AA,AA,CC,GG,TG,CC,CC,AA,AA,GG,GG,CT,TC,TC,CT,TT,GA,CN,AG,TT,CG,TC,AC,NN,CC,NN,GG,CA,CN,CC,GA,GC,GT,CG,TC,TA,TT,GG,TT,GG,GG,GC,AA,GA,TT,TT,TC,GA,AA,TT,CC,AA,TT,CC,TT,AA
Iberian population in Spain,,,,HG01610,,GG,AC,CT,NN,CC,AA,CT,TA,TT,TT,TT,GA,TC,GG,CA,GA,TT,CC,CC,NN,AA,TT,GA,TC,GC,AA,NC,CT,TT,GG,TT,TT,GG,TT,TT,TT,TC,CC,GG,AA,TC,GG,AT,AN,AA,AG,CG,TT,TT,AG,GG,GG,GT,TC,AA,GG,AA,CC,TT,CC,TT,TT,CT,TT,AG,AT,GG,CT,AA,CC,CC,TT,CC,CC,AA,CC,AA,TT,TC,CC,TT,AA,TT,CT,GG,AA,GG,CC,NN,TT,CC,GG,NN,TT,AA,CC,GG,CC,AC,TT,AG,TA,TT,GG,GG,TT,GA,TT,GA,TT,AG,TT,CC,AA,GA,CC,CC,AA,GT,AT,GG,CC,GG,TT,CC,CC,AA,AA,GG,GG,TT,TT,TT,TT,TT,GA,CC,AG,GG,GC,TT,AA,NN,CA,NN,GG,AA,NN,CC,AG,GG,GG,CC,CT,TA,TT,GG,CT,GG,GG,CG,AA,GG,TT,TT,TC,GG,AA,TT,CA,AA,CT,CT,TT,AN
Iberian population in Spain,,,,HG01612,,AA,AA,CT,NN,NC,AG,CT,TT,GG,CT,TT,GG,TC,GG,CC,AG,CC,CC,GC,TT,AA,TT,GA,CC,GC,AA,NC,TC,CC,GG,TT,TT,GG,TG,TT,TC,TT,CC,GG,AA,CC,GG,TA,NA,AG,GG,CC,TT,TT,GG,AG,GG,GT,TT,GG,AA,AT,TT,TT,CC,TT,TT,CC,TT,AG,TA,GT,CT,AG,CC,TT,TT,CC,TC,AA,CN,GG,GT,CC,CC,CT,AA,TT,TT,GA,GA,GG,CC,NN,TT,CT,GA,NN,CC,GG,CC,AG,TC,AA,TC,GA,AA,TT,GG,GA,TT,AG,TT,GG,TT,AA,TT,TT,AA,GA,CT,CC,AG,GG,AA,AG,CC,GG,TG,CT,CC,AA,NA,GG,GG,CC,CT,CT,TT,TA,GG,CC,GA,TG,GG,CC,AC,NN,CC,NA,GG,AA,CC,CC,GG,GG,TT,CC,TC,TT,CT,GG,TT,GG,GG,GC,AA,GA,TT,TT,TT,AA,AA,TT,CC,GA,TC,CC,CT,NN
Iberian population in Spain,,,,HG01613,,GA,AA,TT,NN,CN,GG,CC,TT,TG,TT,TN,GA,CC,GG,CC,GG,TT,CC,CC,TN,AA,TT,GA,TC,CC,AA,NN,CT,CC,GG,TT,TT,GG,GT,TT,TT,CC,CC,GG,AA,CC,AG,AT,AA,AA,GG,CC,TC,CT,GG,GG,GG,GT,TT,AA,GG,AT,TT,TT,CC,TT,TT,CC,TT,AA,AA,TG,TC,GA,CC,CT,TT,CC,TC,AG,NN,GA,TT,CT,CC,CT,AA,TT,TT,GG,AA,TT,CC,NG,TT,CC,GG,CN,TT,AA,CC,GG,TT,AA,CC,AG,AT,TT,GA,GG,TT,GG,TT,GG,CT,AA,TT,TC,AA,GA,CC,CC,AG,GG,AT,GG,CC,TG,TT,CC,CT,GA,NA,GG,GG,TC,CT,TC,TT,AT,GA,CN,GG,GG,CC,TT,CC,NC,CC,AA,GG,AA,CC,CC,AG,GC,TT,CC,CT,AT,TT,GA,TC,GG,GG,CC,AA,GG,TT,TT,CT,GG,AA,TT,CC,AA,TT,CC,TT,NN
Iberian population in Spain,,,,HG01615,,GG,AA,TT,NN,CN,AG,CT,TT,GG,CC,TT,GG,CT,GG,CC,GG,CT,CC,CC,NT,AA,CC,GA,CT,CC,AA,NN,TT,TT,AG,TT,TG,GG,TT,TT,TT,CT,CC,GT,AA,CC,GG,TA,AA,GA,GG,CC,TT,TT,GG,GG,GG,GT,TT,AA,GG,AA,TC,TT,CC,TT,TT,CC,TT,AG,AA,GT,CT,GA,CC,CT,TT,CC,CC,AA,NC,GA,GT,TC,CC,TT,GA,TT,TT,GG,AA,GG,CC,NN,TG,CC,GG,CN,TT,AA,CC,GG,TT,AA,TT,AA,AT,TT,GG,AG,TT,GA,NT,GG,TT,GA,TT,TC,AA,AA,TC,CC,GG,GG,AT,AG,CC,GT,TT,CC,CC,AA,NA,GG,AG,TT,TT,TT,TT,AT,GA,NC,GG,TG,GC,TC,AA,NN,CC,AN,GA,AA,CC,CC,GG,CG,TT,GG,TT,TT,TT,GG,TT,GG,GG,GG,AA,AG,TT,TG,TT,GG,AA,TT,CC,AA,TT,CT,TT,AA
Iberian population in Spain,,,,HG01617,,AA,AA,TC,AN,NC,GA,TC,TT,GT,TC,TT,GA,CT,GG,CC,AG,TT,TC,CC,NT,TA,CC,GG,CC,GC,AG,CN,TT,TT,GG,TC,TT,GG,GT,TT,CT,TC,CC,GG,AA,CC,GG,TA,AA,GA,GG,CC,TT,TT,GA,GA,GG,GG,TT,GA,GG,AA,CT,TT,CC,TT,TT,CT,TT,GG,AA,TT,CT,GA,CC,CC,TT,CC,CC,AG,CN,GA,TG,CC,CC,TT,AA,TT,TT,GG,AA,TG,CC,GN,TG,CC,GG,NN,CC,AG,CC,GG,CC,CA,TT,AA,AT,CC,AA,GG,TT,AG,TT,GG,TT,GA,TT,CC,GA,GA,CC,CC,AA,GG,AA,AA,CC,GG,TG,TC,TC,GA,NA,GG,GA,TT,TC,TC,TT,TA,GG,CC,GG,TG,GG,CC,AA,NN,CC,AN,GG,CA,CC,CC,AG,CG,GT,GG,TT,TT,TT,GG,TT,GG,GG,GG,AG,GG,TT,TT,TT,GG,AA,TT,AA,AA,TC,CT,TT,NN
Iberian population in Spain,,,,HG01618,,AA,AC,CT,NN,CC,GG,CC,TT,TT,TT,NT,GG,CC,GG,CC,AA,TC,CC,CC,TT,AA,CC,GA,TT,GC,GA,NN,TC,TT,GG,TT,TG,GG,TT,TT,CC,CC,CC,GT,AA,TC,GG,TA,AA,AA,GG,CC,TT,CT,GA,GG,GG,GG,TT,AG,GG,TA,CT,TC,CC,TT,TT,TC,TT,AG,AA,GT,CC,AA,CC,TC,TT,CC,CC,AA,NN,GG,GT,CC,TC,CC,AA,TT,TT,GA,AA,GG,TC,NN,TT,CC,GG,CC,TC,AG,CC,GG,TT,AA,TT,AG,TT,TC,AG,AG,TT,AG,TT,GA,TC,AA,TT,TC,AA,AA,CC,CC,AA,GG,AA,GG,CC,GT,TG,CC,CC,AA,AN,GG,GG,TC,CT,CT,CT,AT,GG,CC,GG,TT,GG,TT,AC,CN,CC,NA,GG,AA,CC,CC,GG,CG,GG,GG,TC,AT,TT,GG,TT,GG,GG,GG,AA,AG,AT,TT,CT,AG,AA,TT,AC,AA,CT,CC,TT,AA
Iberian population in Spain,,,,HG01619,,AA,AC,TT,NN,CC,AA,CC,AT,TG,CT,NN,GA,TT,GG,CC,AA,TT,TT,CC,TN,AA,TT,AG,TC,GG,AA,CN,TT,TT,GG,TT,TG,GG,TT,TT,TC,CC,GC,GG,AA,CC,GG,AA,AN,AG,GG,CG,TT,TC,GG,GG,GG,TT,TT,AA,GG,AA,CC,TT,CC,TT,TT,TC,TT,AA,AA,GG,CT,AG,CC,CC,TT,CC,CC,AA,CC,GG,GT,CC,TC,TT,AA,TT,TT,GG,GA,GG,CC,NN,TT,CC,GG,NC,CT,AA,CC,GG,CT,AA,TT,GG,AA,TT,GG,GG,TT,AA,TT,AG,CC,AA,TT,TC,AA,AA,CC,CC,GG,GT,TA,GA,TC,GG,GG,TC,CC,AA,AA,GG,GG,TT,TT,TT,TT,AT,GG,CC,GA,GT,CC,TT,CC,NN,CC,AA,GG,AA,NN,CC,AG,GG,TT,GG,CT,TA,TT,AG,TT,GG,TG,GC,AA,AG,TT,TT,CT,AA,GA,TT,CA,AA,TT,CC,TT,AA
Iberian population in Spain,,,,HG01620,,GA,AC,TT,NN,CN,AA,CT,AT,GG,TT,TT,AG,CC,GG,CC,GA,TT,TC,CC,TT,AA,TC,GG,CT,CG,AA,NC,TT,TT,GG,TT,GG,GG,GG,TT,CC,CC,CC,TG,AA,TC,GG,TT,AA,AA,GG,CG,TT,CT,GG,GG,GT,GT,CT,AG,GA,AA,CT,TT,CT,TT,TT,TC,CT,AG,AA,TG,CC,GG,CC,CT,TC,TC,CC,GA,NN,GG,TT,TC,CT,CT,AA,TT,TT,GG,GA,GG,CC,NN,TT,CT,GA,NN,TC,AG,CT,GA,TC,AA,TT,GG,AA,TT,AG,GG,TT,AG,TT,GG,TT,AA,TT,CT,AA,AG,CC,CC,GG,GG,AA,GG,CT,GG,TG,CC,TT,AA,AA,GG,GG,CT,TT,TT,TT,AT,GG,CC,GG,GG,CC,CC,CA,CN,CC,NN,GG,CA,NN,AA,AG,GG,TT,CC,CC,AT,TT,GG,CT,AG,GT,GG,AA,GA,TT,TT,CC,GG,AA,TT,CA,AA,CC,CC,TT,NA
Iberian population in Spain,,,,HG01623,,GA,AA,TT,NN,CN,AA,CC,TA,GG,CC,TT,GG,CC,GG,CC,GG,TT,CC,CC,TN,AA,TC,GA,CC,GC,AA,CN,TT,CT,GG,CT,TT,GG,GG,TT,CT,CC,GC,TG,GA,TC,GG,AA,NA,GA,GG,CC,TT,TT,GG,AG,GG,TG,TT,GG,GG,AA,TT,TT,CC,TT,TT,TC,TT,AA,AT,GG,TC,AA,CN,CC,TT,TT,CC,AA,NN,GG,TT,CC,CT,CC,AA,TT,TT,GG,GA,GG,CC,GN,TT,CC,GG,NN,TT,AA,TC,GG,TC,CA,TC,GG,TT,TT,GA,GG,TT,AG,TT,GA,TT,AA,TT,TC,AA,AG,CT,CA,AG,TT,AA,GA,TC,GT,TG,CC,CC,AG,AN,GG,GG,TC,TT,CC,TT,AT,GG,NC,GA,TT,CC,CT,AC,NC,AC,NN,GG,AA,CN,CC,AA,GG,TT,GC,TC,AT,TT,GG,TT,GG,GG,GC,AA,GG,TT,TT,TT,GA,AA,TT,AC,AA,TT,CT,CT,AN
Iberian population in Spain,,,,HG01624,,AG,CA,TT,NN,NN,AA,TT,TA,TT,TC,TN,AA,CT,GG,AC,AA,CT,TC,CC,NT,AA,CC,AA,TC,CC,AA,CN,CC,CC,GG,TC,GT,GG,GT,TT,TC,CT,CC,GG,AA,TC,AG,AT,NA,AG,GG,CC,CT,CC,GG,GG,GT,TG,TT,GA,GG,AA,TC,TT,CC,TT,TT,CC,TT,GA,AA,GG,CC,GA,CC,TC,TT,CC,CC,AA,CC,GA,TT,CC,CT,TC,AA,TT,TT,GA,AG,GG,CT,NN,TT,CC,GG,NN,TT,AA,CC,GG,CC,CA,TT,AA,AT,TC,AG,GG,TT,AG,TT,GG,TT,AA,TT,TT,AA,GA,CC,CC,GA,GT,AA,GG,CC,GG,TG,CC,CT,AA,NA,GG,GG,TT,TT,TT,TT,AT,GG,CC,GG,GT,CC,TC,CA,NN,CC,NN,GG,CC,CN,CC,GG,GG,GG,GG,TT,TT,TT,GG,TT,GG,GG,CC,AA,GA,TT,TT,TT,GA,AG,TT,CC,AA,TT,TT,TT,AA
Iberian population in Spain,,,,HG01625,,GA,AA,TT,NA,CC,AA,TC,TT,TT,TT,NN,AA,CT,GG,CC,AG,TT,CC,CC,TN,AA,TC,GA,TC,GG,AG,NN,TT,TC,GG,TT,TT,GG,TG,TT,TC,CC,CC,GG,AA,TT,GG,AT,AA,GA,GG,GC,TT,TT,GG,GG,GG,TG,TT,AA,GG,AA,CT,TT,CT,TT,TT,CT,TC,AA,AA,GT,CC,AA,NC,CC,TT,CC,CC,AG,CC,AA,TG,CC,CC,CT,AA,TT,TT,GG,AG,TG,CC,NG,TT,CC,GG,CN,TT,AG,CC,GG,CT,AC,TT,AA,TA,TT,AA,AG,TT,AA,NT,AA,TT,AA,TT,TT,AG,AA,CC,CC,GG,GG,AA,AA,CC,GG,GT,CC,CC,AA,AA,GG,GG,TT,TC,TC,TT,TT,GG,CN,GG,TG,CC,CC,AC,NN,CC,NN,AG,AA,NN,CC,GG,CC,GT,CG,TT,AT,TT,GG,TT,GA,GG,GG,AA,GG,TT,TT,TT,AA,GG,TT,AC,AA,CC,CC,TT,NA
Iberian population in Spain,,,,HG01626,,GA,AC,TT,NN,NN,AA,CC,TT,TG,TT,TN,AG,TC,GG,CC,AG,CC,TT,CC,TT,AA,TT,GG,CC,GG,AA,CN,TT,TT,GG,TC,GG,GG,TG,TT,TC,CC,GC,GG,AA,CC,GG,AA,AA,GA,AG,GG,TT,CT,GG,AG,TG,GG,TT,GA,GG,TA,TC,TT,CC,GT,TT,CC,TT,AA,AA,TG,CC,GG,CC,CT,TT,CC,CC,GA,NN,AG,TG,CC,CT,TT,AA,TT,CT,GA,AA,GG,CC,NG,TT,CC,GG,NC,TC,GA,CC,GG,TT,AC,CT,GA,AA,TT,AA,GG,TT,AG,TT,AG,TT,AA,TT,TC,AA,AG,CC,CC,AG,TG,TA,GA,CC,GG,TG,CC,CT,GA,AA,GG,GG,TC,TC,TT,CT,TA,AG,CC,GG,TG,CC,CC,AA,NN,CC,NA,AG,AA,NN,CA,GA,GG,TT,CC,CT,TT,TT,GG,TT,GG,GG,CG,GA,AG,TT,TT,CT,GG,AA,TT,CC,AA,TT,CC,TT,NN
Iberian population in Spain,,,,HG01628,,GA,AA,TT,NN,CC,GA,TT,TT,GG,CT,NT,GA,TT,GG,CC,GA,TT,CC,CC,TT,AA,TC,GA,CC,CG,AA,NN,CC,CC,GG,CT,GT,GG,TG,TT,TT,CC,CC,GG,AA,TC,GG,TA,AA,GA,GG,CC,TT,CC,GG,GG,GG,TG,TT,GG,GG,TT,CT,TT,CC,TT,TT,CC,TT,GA,AA,TG,CC,AA,CC,TT,TC,CC,CC,AA,CN,GG,TG,CC,TC,TT,AA,TT,TC,GG,AA,GG,CC,NN,TG,CC,GG,NN,TC,AG,CT,GG,TT,CA,TT,GG,AA,TT,AA,GG,TT,GG,TT,AA,TT,AG,NT,TC,AA,GA,CC,CC,GA,TT,AT,GG,CC,GG,TT,CT,CC,AG,AA,GG,AA,CT,TT,TT,TC,AT,GG,CC,GA,TG,CG,TC,AC,NN,CC,AN,GA,AA,NN,CC,GA,GG,GG,GG,CC,AT,TC,GG,TT,GG,GT,CG,AA,AG,TT,TT,CT,GG,AG,TT,CA,AA,TC,CC,TT,AA
Iberian population in Spain,,,,HG01630,,AA,CA,CT,NN,CN,GA,CT,TT,GT,TT,NT,GA,TC,GG,CC,GA,TT,CC,CC,TT,AA,CT,AA,TC,GG,AA,CN,TC,TT,GG,TC,GG,GG,GT,TT,TC,TC,CC,TG,GA,CT,GA,AT,AA,AA,GG,GC,TT,TT,GG,GG,GG,GG,TT,AA,GG,AA,CC,TT,CC,TT,TT,CC,TT,AA,AA,TG,TC,AA,CC,TC,TT,CC,CC,AA,CN,GG,GT,CC,CT,TT,AG,TT,TC,GG,AA,TT,TC,NN,GG,TC,AG,CN,CT,GG,TC,GG,CC,AA,CT,GA,AA,TT,GG,GG,TT,GA,TT,GG,TT,AA,TT,TT,GA,GA,CC,CC,AG,TG,AA,GG,CC,GG,GT,TC,CC,GA,AA,GG,GA,TT,TC,TT,TT,TT,GG,NC,GG,TG,CG,CT,AC,NN,CC,NN,GG,AA,CN,AC,GA,GG,TG,CG,TC,TA,TT,GG,TT,GG,GG,GG,AA,GG,TT,GT,CT,GG,AA,TA,CA,AA,CT,CC,TC,AN
Iberian population in Spain,,,,HG01631,,AG,AA,TC,NA,CC,AG,CC,TT,TG,CT,NN,GG,CT,GT,CC,GG,TT,TC,CC,TN,AA,CC,AA,CC,CC,AA,NN,TT,TT,AG,TT,TT,GG,GT,TT,TC,CT,CC,GG,AA,TT,GG,TA,AA,GA,GG,GC,TT,TC,GG,GG,GG,TT,TT,AA,GG,AA,TT,TT,CC,TT,TT,CC,TT,AG,AA,GG,CC,GA,CC,CT,CT,CC,CC,AA,NN,AA,TT,CC,CT,CT,AA,TT,TT,GG,AA,GG,CC,NG,GT,CC,GG,NN,CT,GA,TT,GG,TC,CA,TT,GG,TA,TT,GA,GG,TT,GA,TT,AA,TT,AA,TT,TC,AA,AG,CC,CA,GG,GG,AA,GG,CC,GG,TG,CC,CC,AA,AA,GG,GG,CC,TT,TT,TT,AA,AG,CN,AA,GG,CC,TC,AA,NC,CC,NN,GG,AC,CC,CC,GG,GC,GT,CG,CC,TA,TT,GG,TT,GG,GG,CC,AA,AA,TT,TT,CT,GG,AG,TT,CA,AA,CC,CC,CT,AA
Iberian population in Spain,,,,HG01632,,GG,AA,CC,NN,CC,AA,TT,TT,TT,TT,TT,GG,CC,GG,AC,AA,TC,TC,CG,TT,AT,TC,GA,TC,CG,AA,CC,TT,CC,AG,TT,TT,GG,TG,TT,TT,CT,CC,GG,AA,CC,GA,AT,AA,AA,GG,GC,TT,TT,GG,GG,GT,TT,TT,GG,GG,TA,CT,CT,CC,TT,TT,CC,TT,AG,AA,GG,CC,GG,NC,CC,TT,CC,CC,AA,NN,GA,GT,CC,CC,CT,AG,CT,TT,GG,AA,GT,CC,NN,TG,CC,GG,NN,TT,AA,CC,GG,CT,AC,TT,GG,AT,TC,AA,GG,TT,AA,TT,GA,TT,AA,TT,CT,AA,AG,CC,CC,GG,GG,TT,GG,CC,TG,TG,CC,CC,AA,AA,GG,GG,CT,CC,TT,TT,TA,AG,CC,GA,TT,CC,CC,AA,NN,CC,NA,GG,AA,CC,CC,GG,CC,TT,GG,CT,TA,TT,GG,TT,GG,GG,CG,AA,GG,TT,TT,CC,AA,AA,TT,AA,AA,TT,CC,TT,AA
Iberian population in Spain,,,,HG01668,,GG,CA,TT,AN,CN,AA,CC,TT,TT,TT,NT,AG,CT,GG,CC,GA,TT,CC,CC,TT,AA,CC,AG,TT,CC,AA,CN,TT,TT,GG,TT,GT,GG,TT,TT,TC,TT,CC,GG,GA,TT,GA,TA,AN,AA,GG,CC,TT,TT,GG,GG,TT,GT,TT,AG,GG,AA,CC,TT,CC,TT,TT,CC,TT,AA,AA,TG,CC,AG,CC,TC,TT,CC,CC,AA,NC,AG,TT,CC,TT,CT,AA,TT,TT,AG,AA,GG,CC,GG,TT,CC,GG,NC,TT,GA,CT,GG,TT,CA,CT,GA,AA,TT,AA,GG,TT,AG,TT,AG,TT,AA,TT,TT,AA,AA,CT,CC,GG,TG,AA,AA,CC,TG,TT,CC,CC,AA,AA,GG,GG,TC,TT,TT,TT,TT,GG,CC,GG,GT,CG,CC,AA,NC,CC,NN,GG,CA,CN,AA,GG,GC,TG,GG,CT,TT,TT,GG,TC,GG,GG,GG,AA,AG,TT,TT,CC,AG,AA,TT,CA,AA,CT,CT,TT,AA
Iberian population in Spain,,,,HG01669,,AA,AA,TT,NN,CC,AA,TC,TT,GG,TT,TT,AA,CC,GG,CC,AG,TT,CC,CC,TT,AT,TC,AA,CT,GC,AA,CC,CT,TC,GG,CT,GG,GG,TG,TT,TC,CT,CC,TG,AA,TC,AA,AA,AA,AA,GG,GC,TT,TC,GG,GG,GG,GG,TT,GG,GG,AA,CT,TT,CC,TT,TT,TC,CT,GA,AA,GT,CC,AG,CC,CT,TT,TC,CC,GA,NC,AG,TT,CC,CC,TT,AA,TT,TC,GG,AA,GG,TC,NN,TG,CC,GG,NN,CT,AA,CC,GG,CT,AC,CT,GG,AT,CT,GG,GG,TT,GG,TT,GA,TT,AA,TT,CC,AA,AA,TC,CC,GA,GT,AT,AG,CC,GT,TT,CC,CC,GA,AA,GG,GG,CT,TT,TT,TT,TA,AA,CC,AG,TG,CG,TC,CA,NN,CA,AN,GG,AA,CN,CC,GG,GG,TT,GG,CC,TT,TT,GG,TT,GG,GG,GG,AG,GG,TT,TT,TT,AG,AA,TT,CA,AA,CT,CT,TT,AN
Iberian population in Spain,,,,HG01670,,AA,AA,TT,NN,CN,AA,CC,TA,TG,TC,TN,AG,TC,GG,CC,GA,TT,CC,CC,TT,AA,CT,GA,CC,CG,AA,NC,TT,TT,GA,TT,TG,GG,GT,TT,TT,CC,CC,GG,AA,TC,GG,AT,AA,AA,GA,CC,TT,TT,AG,GG,GG,GG,TT,AA,GG,AT,CT,TT,CC,TG,TT,CC,TT,AG,AA,GT,CC,GG,CC,CT,TT,TC,CC,AA,CC,GA,TT,CC,TC,TC,AA,TT,TT,GG,AA,GG,CC,GN,TG,TC,AG,NN,CC,GG,CC,GG,CC,AA,TT,AG,TA,TC,GA,GG,TC,GG,TT,GA,TT,AA,TT,TT,AA,AA,CC,CC,AA,TT,AA,AA,CC,GT,TT,TC,TC,AA,AA,GG,GG,TT,CC,CC,TT,AT,GG,CC,GG,GT,GC,TT,CC,CN,CC,NA,GA,CC,CC,CC,AG,GG,GT,CC,TT,TA,TC,AG,TT,GG,GG,CC,AA,GG,TT,TT,TT,GG,AA,AT,CA,AA,TT,CT,TT,NA
Iberian population in Spain,,,,HG01672,,AA,AA,TT,NN,CC,GA,CC,TT,GT,TC,NT,GG,CC,GG,CC,GA,TC,CC,CC,TT,AA,CC,GA,CC,CC,AA,NN,CT,CT,GG,TT,TT,GG,TT,TT,CT,TC,CC,GG,AA,CT,GG,TT,NA,AA,GG,CG,TT,TT,GG,AG,GG,TG,TT,AG,GG,TT,CC,TC,CC,GT,TT,TC,CT,AG,AA,TG,CT,GG,CC,TT,TT,CC,CC,AA,CN,AA,TT,CT,CC,CC,AA,TT,TT,GG,AA,GG,CC,NN,GG,CC,GG,NN,CT,GA,CC,GG,CT,AA,TT,GG,AA,CT,AG,GA,CT,AG,TT,GA,TC,AA,TN,CT,AA,GG,CT,CC,AA,TT,TA,GG,CC,GT,TT,CC,CC,AA,AA,GG,GA,CC,CT,TT,TT,TT,AG,NC,GG,TT,GC,TT,CA,NN,CC,NN,GG,CA,NN,CC,GA,GC,TT,GG,CT,AA,TT,GG,TT,GG,GG,CC,AA,GG,TT,TT,TT,GG,AA,TA,CA,AA,CT,CT,TT,AN
Iberian population in Spain,,,,HG01673,,AG,AA,TC,NN,NC,AA,TC,TT,TG,TT,NN,AA,CT,GG,CC,GA,TT,TT,GC,TT,AT,CC,GA,CT,GG,AA,NN,CC,TT,GG,TC,GG,GG,TT,TT,TT,CT,CC,GG,AA,CC,GG,TT,AN,GA,GG,CC,TT,TT,GG,GG,GG,GT,TT,AG,GG,AA,TT,CT,CC,TT,TT,TC,TT,GA,AT,GG,CC,AA,CN,CC,TT,TC,CC,AA,CN,GA,TT,TT,CC,TT,AA,TT,TT,GG,AA,GG,CT,NG,GT,CT,GG,CN,TT,AA,CC,GG,CC,AA,TT,GG,TT,CT,GA,GG,TC,GG,TT,GG,TT,AA,NT,CC,AA,AG,CC,CC,GG,GG,AA,GA,TC,GT,GT,TT,TT,AA,AA,GG,GG,CC,TT,CC,CT,TT,AG,CC,AG,GG,CC,CT,AC,NN,CC,NN,GG,AA,CN,CC,GG,GG,GG,GG,TC,TT,TT,GG,TT,GG,GG,CC,AA,GA,AT,TT,TT,AA,AA,TT,AA,AA,CC,CC,TT,AA
Iberian population in Spain,,,,HG01675,,AA,AA,TT,AN,CC,AG,CC,TT,GT,TT,NT,GG,TT,GG,CA,GA,TT,TC,CC,TT,AA,CC,AA,CC,GC,AA,NN,TT,TT,GG,TT,GT,GG,GT,TT,TC,CC,CC,GG,GA,TT,GG,AT,AA,AA,GG,CG,TC,TC,GG,GG,GG,GG,TT,AA,GG,AA,CT,TT,CC,TT,TA,CT,TT,AA,AA,GG,CC,GG,CC,CC,TT,CC,CC,AA,NN,GG,TT,CT,CC,CT,AA,TT,TT,GG,AA,GG,CC,NG,TT,CC,GG,NN,CT,AA,CC,GG,CT,AC,TT,AG,TA,TC,GA,AA,TC,GG,TT,GG,TT,AG,NT,CC,AG,AG,CC,CC,AA,TT,AA,AG,CC,GT,TT,CC,CC,AG,AA,CG,GG,TC,TC,TT,TT,TA,GA,CN,GA,GT,CC,CT,AC,NN,CC,NA,GG,AA,NN,CC,GG,GG,TG,GG,TT,TT,TT,GG,TT,GG,GG,GG,AA,GG,TT,TT,TT,GG,GA,TT,CA,AA,TT,CC,TT,AA
Iberian population in Spain,,,,HG01676,,AG,AC,TT,NN,CC,AA,CC,TA,TG,TT,TT,AG,TC,GG,CC,GG,TT,CC,CC,NT,AA,CT,GA,CT,CC,GA,NN,TC,CT,GG,CT,GT,GG,GT,TT,CT,CC,GG,TG,AG,CC,GG,AT,NA,AA,GG,CC,CT,TT,GG,GG,GT,GG,TT,GA,GG,AT,CC,TT,CC,TT,TT,CT,TT,AG,AA,TG,CC,AG,CC,CT,TT,TT,CC,AG,NC,GG,TT,TC,CC,TT,AA,CT,TT,GG,AA,TT,CC,NG,TT,CT,GA,CN,TT,AA,CC,GG,TC,AA,TC,GA,AA,TT,GG,AG,TT,AA,TT,GA,TT,AA,TT,CC,AA,AA,CC,CA,GA,GT,AT,GG,CT,GG,TG,CC,TC,AA,AA,GG,GA,CC,TT,CT,TT,AA,GA,CN,GA,TT,CC,CC,AA,NN,CC,AN,GG,AA,NC,CC,GG,GC,TT,GG,TT,TT,TT,GG,TC,GG,GG,GG,AA,AG,TT,TT,TT,GG,AG,TT,AA,AA,CC,TC,TT,AA
Iberian population in Spain,,,,HG01678,,AG,CA,CT,NA,CC,GA,TC,TT,TT,TT,TN,GG,CC,GG,CC,GG,TT,TT,CC,TT,AT,CC,AG,CC,GG,AG,CN,CC,TC,GG,TT,TT,GC,GT,TT,CT,CT,CG,TT,AA,TT,GG,AA,NA,GG,GG,CC,TT,TT,AG,GG,GG,GG,TT,AA,GG,AT,TC,TT,CC,TT,TT,CC,TT,GA,AA,GT,CC,GG,CN,TC,TT,CC,CC,GA,NN,AG,TT,CC,CT,TC,AA,TT,TT,GG,AA,GG,CT,NG,TT,CC,GG,CN,TT,AA,CC,GG,TT,AA,TT,GA,AT,TT,GG,GG,TT,GA,TT,AG,TT,AA,TN,TC,GA,AA,CC,CC,GG,GT,TA,GG,CC,TG,GT,CC,CC,AA,AA,CG,GG,TC,CT,TT,TT,AA,AA,CC,AG,TG,CG,TC,AC,NN,CC,AN,GG,CA,CC,CC,GG,CG,TG,GC,TT,TT,TT,GG,TT,GG,GG,CG,AA,GG,TT,TT,TT,GA,GA,TT,AA,GA,TT,CT,TT,AA
Iberian population in Spain,,,,HG01679,,GG,CA,TT,NN,NN,AA,TC,TT,TT,TT,NN,GG,CT,GG,CC,GG,TT,CC,CC,TT,AA,TC,GG,TT,GC,AA,CC,CT,TC,GG,TT,GG,GG,TT,TT,TT,CC,CC,GT,GA,CC,GA,TA,NA,AA,GG,GG,TT,TT,GG,GG,GG,TG,TT,AG,GG,AA,TC,CT,CC,TT,TT,TT,TT,AG,AT,TT,CC,GG,CC,CT,TT,CC,CC,AA,NN,GG,TT,CC,CC,TT,AA,TT,TT,GG,AA,GG,CC,NN,TT,CC,GG,NC,TC,AA,TC,GG,CT,AC,TT,GG,TT,CT,AG,AG,TT,AA,TT,GG,TT,GA,TT,TC,AA,AA,CC,CC,AG,TG,AA,GG,CC,GT,GG,CC,CC,AA,AA,GG,AG,CT,CC,CC,TT,TA,GG,CC,GG,TT,CC,TC,CA,CN,CC,NN,GG,CA,NN,CC,GG,CG,TT,GG,CT,TT,TT,AG,TT,GG,GG,CC,GA,GA,TT,TG,TC,AA,AA,TA,CA,AA,CC,CC,TT,NA
Iberian population in Spain,,,,HG01680,,GA,CC,CT,NN,CC,AG,TC,AT,TT,TT,TT,GA,TT,GT,CC,GG,TT,CC,CC,NN,AA,CT,GA,TC,GG,AA,CC,CT,TC,GG,TC,GT,GG,GG,TT,TC,CC,CC,GG,AA,CT,GG,TA,AN,GA,GG,GC,TT,TT,GG,AA,GG,TG,TT,AG,GG,AA,CT,TT,CC,TT,TT,CT,TC,AA,AA,GG,CC,GA,CN,CC,TT,CC,CT,AA,CN,AG,TT,TT,CC,CC,GA,TT,TC,GG,AA,GG,CC,GN,TT,CC,GG,NC,TC,AG,CC,GG,CC,AC,TC,GA,AA,TT,AA,GA,TT,AA,TT,GA,TC,GA,TT,TT,AA,AA,CC,CC,AA,TT,AA,GG,CC,GG,TT,CC,TC,AA,AA,GG,GG,TC,CT,CT,TT,TT,GA,CC,AA,TT,CG,TC,AA,NN,CC,NN,GA,CA,NN,CC,GG,GG,GG,CG,CT,TT,TT,GA,TT,GG,GG,GC,AA,AA,TT,TT,CC,GG,AA,TT,CC,AA,TT,CC,TT,NN
Iberian population in Spain,,,,HG01682,,AG,AA,TC,NN,CN,AA,TT,TT,GG,TC,NT,GA,TC,GG,CC,GG,TT,CC,CC,TN,AA,CT,GA,TC,CG,AA,NN,TT,TT,GG,TC,GG,GG,GG,TT,TT,CT,CC,TG,AA,CC,GG,TT,AA,AA,GG,GC,TT,TT,GA,GG,GG,GT,TT,AA,GG,AA,CC,CC,CC,TT,TT,CC,TT,AA,AA,TT,CT,AG,CC,TT,TT,CC,CC,GA,CC,GG,TT,CT,CC,TT,AA,TT,TT,GA,AA,TG,CC,NG,TG,CC,GG,NC,CT,AA,CC,GG,TT,AA,TT,GA,AA,TC,AA,AG,TT,AG,TT,GA,TT,AA,TT,TT,AA,AG,CT,CC,GG,GG,AA,GG,CC,GT,GT,TC,CC,AA,NA,CG,AG,CC,TC,TC,TT,TA,GG,CC,GG,TG,GC,CC,AA,NN,CC,NA,GA,AA,CN,CC,GG,GG,GG,CC,TT,TT,TT,AG,TT,GG,GG,GG,AA,GG,TT,TT,TT,GG,AA,TT,AC,AA,CT,CC,TT,AA
Iberian population in Spain,,,,HG01684,,AG,AA,CT,NA,CC,AA,CC,TT,GG,TT,TT,AG,CT,GG,CC,GA,CT,TC,CC,TT,AA,CC,AA,CC,CG,AA,NC,CC,CC,GA,TC,GG,GG,GG,TC,TT,CC,CC,GG,AA,TT,GA,AA,NA,AA,GG,CC,TT,TC,GG,GG,TG,TT,TT,AA,GG,AA,CT,TT,CC,TT,TT,CC,TC,AG,AA,GT,TC,GA,CC,TC,TT,CC,CC,AA,NN,GG,TG,CC,CC,TT,AA,TT,TC,GG,AA,TG,CC,NN,GT,CC,GG,CN,TT,AG,CC,GG,CT,AA,TT,GA,TA,TC,GA,GG,TT,AG,TT,GG,CT,GA,TT,CT,AA,AG,CC,CC,GG,GG,AA,GA,CT,GG,GT,TC,CC,AG,AA,GG,GG,TC,CT,TT,TT,AA,AA,CC,GG,TG,GG,CC,CA,NN,CC,NA,GG,CA,NC,CC,GG,GG,GT,CG,TT,TT,TT,GG,TT,GG,GG,CG,AA,GG,TT,TT,TT,AA,AA,TT,CC,AA,CC,TC,CT,AA
Iberian population in Spain,,,,HG01685,,AA,AA,TT,NN,CN,AA,CT,TT,GG,CT,TN,GA,TC,GG,CC,GG,TT,CC,CG,TN,TA,TC,GA,CT,GC,AA,CN,TT,TC,GG,TT,GG,GG,GT,TT,CT,CC,GC,GG,AA,TC,GG,AT,AA,AA,AG,GC,CT,TT,GG,GG,GG,TG,TT,AA,GG,TA,CC,TC,CC,TT,TT,CC,TT,GA,AA,GT,CC,AG,CN,TC,TT,CT,CT,AA,NC,GG,TT,TC,CC,TT,AA,TT,TT,AG,AA,GG,CC,NG,TT,CC,GG,CN,CT,AG,TC,AG,TC,AA,CT,GG,AT,TC,AG,GG,TC,AA,TT,AA,TT,AG,TT,CC,AA,AG,CC,CC,GA,GG,AA,GA,CC,TG,TT,CC,TT,AG,AA,GG,GG,TC,CT,CT,TT,TT,GA,CC,GG,GG,CC,CT,CC,NN,CC,NN,GG,AA,CC,CC,GA,GG,TT,GG,CT,AT,TT,GG,TC,GG,GG,GC,AA,GG,TT,TT,CT,AG,AA,TA,CC,AA,TT,CT,TC,AA
Iberian population in Spain,,,,HG01686,,AA,AA,TT,NN,NC,AA,CT,TT,TG,TT,TN,GA,TC,GG,CC,GA,TT,CC,CC,TT,AA,CT,GA,CC,CC,AA,NN,TT,CC,GG,TT,GT,GG,GT,TT,CT,TC,CC,TG,GA,TC,AG,AA,AN,AG,GG,CC,TT,TT,AG,GG,GG,GT,TT,AA,GG,AA,TT,TT,CC,TT,TT,CC,TT,AA,AA,GG,CT,GG,CC,TT,TT,CC,CC,AA,CC,GA,GT,CC,CC,TC,AA,CT,TT,GG,AA,TG,CC,NG,TT,CC,GG,NN,TC,AG,CC,GG,CC,AA,TT,AA,AA,CT,GA,AG,TT,GA,NT,AG,TT,AG,TT,CT,AA,GA,CC,CC,GA,GG,AA,AG,CC,GG,TG,CC,CC,GA,AA,GG,GG,TC,CT,CT,TT,TT,AG,CN,GG,TG,CG,CT,AA,NN,CA,NN,AG,AC,NN,AC,AA,GC,TG,GG,CC,AA,CT,GA,TT,GG,GG,GG,AA,GG,TT,TT,TT,GG,AA,AT,CC,AA,CT,TT,TC,AA
Iberian population in Spain,,,,HG01694,,AG,AA,TT,NN,CC,AG,CT,TT,TT,TC,NT,AA,CC,GG,CC,AG,TT,CC,CC,TT,AA,CC,GA,TC,CC,AA,NC,CT,TT,GG,CT,GG,GG,TG,TT,TT,CT,CC,GG,GA,TC,GG,TT,AN,AG,GG,CC,TT,CT,AG,GG,GG,GT,TT,GA,GG,AA,CT,TT,CC,TT,TT,CC,TC,AA,AA,TG,TC,GG,CC,CC,TT,CC,CC,AA,NN,GA,TT,TT,CC,TC,AA,TT,TT,AG,AA,GG,CT,NN,TT,CC,GG,NN,TC,AG,CC,GG,TC,AA,TT,GA,AT,CT,GG,AG,CT,AG,TT,GG,TT,GA,TT,TC,AA,AA,CC,CC,GA,TT,AA,GG,CC,GG,GG,TC,TC,AA,AA,GG,GG,TT,CT,TC,TT,AT,GG,CC,GA,GG,CC,TC,CA,NN,CC,NN,GG,AA,NC,CC,AG,GC,TT,GG,CT,TA,TC,GG,TT,GA,GG,GG,AG,GA,TT,TT,TT,GA,GA,TT,CA,AG,TT,TC,TT,NN
Iberian population in Spain,,,,HG01695,,AA,AA,TC,NN,CC,AA,TC,AT,TG,TT,TT,AA,TT,GG,CC,GA,CC,CC,CC,TT,AA,CC,GA,CC,GC,AA,NN,CT,CT,GG,TT,TT,GG,TT,TT,CT,CC,CG,GG,AA,CT,GG,TA,AN,GG,GG,CG,TT,TC,GG,GG,GG,GG,TT,AA,GG,AT,CC,TT,CC,TT,AT,CC,TT,GA,AT,TG,CC,GA,CC,CT,TT,CC,CC,GA,NC,AG,TT,CC,TC,TT,AA,TT,TT,GG,AA,TG,CC,NN,TT,CC,GG,CC,TC,AG,CC,GG,CT,AA,TT,GG,AA,TT,AG,GG,TT,AA,TT,AA,TT,AA,TT,CT,AA,GG,CC,AC,AA,TT,AA,GG,CC,GG,TT,CC,CC,GA,AA,GG,AG,TC,TT,TC,TT,AT,AA,CN,AG,TG,GG,CT,CC,NC,CC,NN,GG,AC,NN,CC,GG,GG,TT,GG,TT,AT,TT,GA,TT,GG,GG,CC,GA,GG,TT,TT,TT,AA,AA,TT,AA,AA,TT,TC,TT,AA
Iberian population in Spain,,,,HG01697,,AA,AA,TT,NN,CC,AA,TT,AA,TT,TT,NT,AG,TT,GT,CC,GG,TT,CC,CC,TT,AA,CC,AA,TT,CG,AA,NN,TT,TT,GG,TT,GG,GG,TG,TT,TT,TT,CG,GT,AA,CC,GG,AT,NA,AA,GG,CC,TT,CT,GG,GG,TG,TT,TT,AA,GA,AT,CT,TT,CC,GT,TT,CC,TT,GA,AA,GT,CT,GG,CC,TC,TT,CC,CC,AA,CC,GG,TG,CC,CC,TT,AA,TT,TC,GG,AA,GG,CC,GN,TT,CC,GG,NC,TT,AA,CT,GG,TC,CA,TT,GA,AT,TT,AA,GG,TT,GG,TN,GA,TT,AG,TT,TT,AA,AG,CC,CC,GG,GG,AA,GG,CT,GG,GT,CC,CC,AA,NN,GG,AG,TC,TT,TT,CT,TA,AA,CC,AA,TT,CG,TC,CA,NN,AC,NN,GG,AA,NN,CC,AG,GG,GT,GG,TC,TT,TT,AG,TT,GG,GG,GC,AA,GG,TT,TT,TT,GG,AA,TT,AC,AA,CC,CC,TT,AN
Iberian population in Spain,,,,HG01699,,GA,AC,TT,NN,CC,GG,TT,TT,GG,TT,TN,GG,CC,GG,CC,GG,CC,CC,CC,TT,AA,TC,AA,TC,CC,GA,NN,TC,CC,GG,CC,GG,GG,GT,TT,CT,TC,CG,GG,AA,TC,GG,TA,NN,GA,AG,GC,CT,TT,AG,GG,GG,GG,CT,GA,GA,AT,CT,TT,CT,TT,TT,CC,TT,AA,AA,GT,CC,AA,NC,CC,TT,TC,CT,AA,CN,AG,TG,CC,CT,TC,AA,TT,TC,AG,AA,GT,CC,NG,GT,CC,GG,NN,CT,AA,CC,GG,TT,AC,TT,AG,TA,TT,AA,GG,TT,AA,TT,GG,TT,AA,NT,TT,AA,AG,CC,AC,AG,GT,AA,GG,CC,GG,GT,TC,CC,GG,AA,GG,GA,TT,CC,CC,TC,AT,AG,CC,AA,TT,CG,TC,AA,NN,CC,NN,GG,AA,CC,CC,GG,GG,TT,GG,TT,TA,TT,GA,TT,GG,GG,GC,AA,AG,TT,TT,CT,GG,AA,TT,AC,AA,TT,CC,TT,AA
Iberian population in Spain,,,,HG01700,,GA,AA,TT,NN,CC,AA,CT,TT,TG,TT,TT,GA,CC,GG,CC,GG,TT,CC,CC,TT,AA,TT,GA,CT,CG,GA,NC,TT,CT,GG,TT,GG,GG,GT,TT,TT,CC,GG,GT,AA,TC,GG,AA,AA,GG,GG,CG,TT,TC,GG,GG,GG,TG,TT,GA,GG,AA,TT,TT,CC,TT,TT,CC,TT,AA,AA,GG,TC,GG,CN,TC,TT,CT,CC,AA,NC,GG,GT,CC,CC,CC,AA,TT,TT,AG,GA,GG,CC,NN,TT,CC,GG,NN,CT,GA,TC,AG,CT,AC,TT,GG,AA,TT,GG,GG,TT,GG,TT,GA,TT,AA,TT,TT,AA,AA,CC,CC,AA,GT,TA,GG,TC,GG,GT,CC,CT,AA,NA,GG,AG,CT,CC,TT,TT,TA,GG,CC,AG,GG,CC,CT,AC,NC,CC,NN,GG,CA,CC,CA,GG,GG,TT,GC,TT,TT,TT,GG,TT,GG,GG,GG,AA,GG,TT,TT,CT,AG,AA,TT,CC,AA,TT,CC,TT,AA
Iberian population in Spain,,,,HG01702,,AG,AA,TC,NN,CN,GG,CT,TT,TT,TC,TT,AG,CC,GG,CC,AG,CT,CC,CC,TN,AA,CT,AA,CC,CG,AA,NN,TC,CC,GG,TT,TT,GG,GT,TT,TC,CC,CC,GG,AA,CC,AG,AA,AA,AG,GG,CC,TT,CT,GG,GG,GG,GT,TT,GG,GG,TA,TT,TT,CC,TT,TT,TC,TT,AA,AA,TG,TC,AG,CC,CT,TC,CC,TT,AA,CC,GG,TT,CC,CC,TT,AA,TT,TT,GG,AA,GT,CC,GN,TT,CC,GG,NN,TT,AA,CC,GG,CC,AA,TT,GA,AT,TT,AG,GG,TT,GA,TT,AG,TT,AA,NN,CC,AA,AA,CC,CC,AG,TG,AA,AA,CC,GG,TT,CC,CC,AG,AN,GG,GG,TT,TC,TC,TT,TT,GG,CC,GG,TG,CC,TT,CC,NN,CC,NA,GG,AA,CC,CA,GG,GG,TT,CG,CC,TT,TT,AG,TT,GG,GG,GG,AA,AG,TT,TT,TT,GG,AA,TT,CA,AA,CT,CC,TT,AN
Iberian population in Spain,,,,HG01704,,GG,CA,TT,NN,CC,AA,TT,AA,TG,TT,TT,GA,TT,GG,CC,GA,TT,CC,CC,TT,AA,CC,AA,CC,CC,AA,NN,TT,TC,GG,TT,TT,GC,GT,TT,TT,CC,GG,GG,AG,TC,GA,TA,AA,AG,GG,CC,TT,TT,GG,AG,TG,TT,TT,GA,GG,AA,TT,TT,CC,TT,TT,CT,TT,AG,AA,GG,TC,GG,CN,CC,TT,CT,CC,GA,NN,AA,TT,CT,TC,TT,AA,TT,TT,GG,AA,GG,CC,GN,GT,CC,GG,NC,TT,GG,CC,GG,CC,AA,TT,AG,AT,CT,GA,AG,TT,GA,TT,AA,TT,AA,TN,TC,AA,AA,CC,CC,AA,TT,AA,GG,CC,GT,TT,CC,CC,GA,AA,GG,GG,TT,CT,CC,TT,TA,GG,CC,GG,TT,GC,TC,AC,NN,CC,NN,GG,CA,CN,CC,AG,GC,GT,GC,TT,TA,TT,GG,TT,GG,GG,CG,GA,GA,TT,TT,TT,AA,AA,TT,AC,AA,CT,CC,TC,AN
Iberian population in Spain,,,,HG01705,,AG,AA,CC,NN,CC,AA,CT,TT,GG,TT,NT,GG,TC,GG,CC,AA,TT,CC,CC,TT,AA,CT,GG,CT,GG,AG,CN,CT,CC,GA,CC,GT,GG,GT,CT,CT,CC,GC,TG,AA,TT,GG,TT,NA,AG,GG,CC,TT,TC,GG,AG,GG,GT,TT,GA,GG,AA,CC,TT,CC,TT,AT,CC,TT,GA,AA,GG,CC,GA,CC,TT,TC,CC,CC,AA,NN,AA,TT,TC,CT,CT,AA,TT,TT,GG,AA,GG,CC,NN,TT,CC,GG,NC,TC,GG,TT,GG,TC,CA,TT,GG,AA,TT,GA,GG,TT,GA,TT,AA,TT,AA,TT,TC,GA,GA,TC,CC,GA,GT,AA,GG,TC,GG,TT,CC,CC,AA,AA,GC,GG,CT,TT,TC,TT,TA,AG,CC,GG,TG,CC,TC,CA,NN,CC,AN,GG,AC,CC,CC,GG,CC,TG,GG,CT,TT,TT,GG,TT,AG,TG,GC,AA,AG,TT,TT,TT,GG,AA,TT,CC,AA,CT,TC,TT,AA
Iberian population in Spain,,,,HG01707,,AA,CA,CT,NN,NC,AA,CT,TT,TG,TT,TN,AG,TT,TG,CC,AA,TT,CC,CC,TT,AA,CT,AG,TT,GG,AA,NC,TT,TT,GG,CC,GG,GG,TT,TT,TC,CC,GG,GT,GA,TT,GG,TT,AA,GA,GG,CC,TT,TT,GG,GG,TT,GG,TT,AA,AG,AT,TC,TT,CC,TG,TT,CC,TT,AA,AA,GG,CT,AA,CC,TT,TT,CC,CC,AA,NC,AG,TT,TC,TC,CT,AA,TT,TT,GG,AA,GG,CC,GN,TT,CT,GA,NN,CC,GG,CC,GG,TT,AA,TC,GG,AA,TT,AA,GG,TT,AG,TT,GG,TT,AA,TT,TT,AA,AA,CC,CC,GA,TG,AA,GA,CC,GG,TT,CC,CC,GA,AA,GG,GG,TC,TT,TT,TT,TT,GG,CN,GA,TG,CC,TT,CA,NN,AC,NA,GG,AA,CC,CC,GG,GC,GT,GG,TT,TT,TT,GG,TT,GG,GG,GC,AA,GG,TT,TT,CT,GA,AA,TT,AA,AA,TC,CC,TT,AA
Iberian population in Spain,,,,HG01708,,AA,CA,TC,NN,NC,AG,TT,AA,TG,TT,NT,AA,TT,GG,CC,AA,TT,TC,CC,NN,AA,CT,AG,CT,CG,GA,NC,TC,CT,GG,TT,TG,GG,GG,TT,TT,TC,CC,TG,AA,TT,GG,AA,AN,AA,GG,GG,TC,TT,GG,AG,GG,TG,TC,GG,GG,TA,CT,CT,CC,TT,TT,TC,TT,GG,AA,GG,CC,GG,CC,TC,TT,TC,TC,AA,NN,AG,TT,CC,CC,TC,AA,TT,TT,GG,AG,GG,CT,GN,TT,CC,GG,NN,CT,AA,CC,GG,CT,CA,CT,AA,AA,TC,GG,GG,TT,GA,TT,GA,CT,AA,TT,TC,AA,AG,CC,CC,AG,TG,AA,GA,CC,GG,TT,CC,TC,AA,AA,GG,GG,CT,TT,TC,TT,AA,GG,CC,GG,GG,CC,TT,AA,NN,CC,NN,GG,AC,NN,CC,GG,GC,TT,GG,CC,TT,TT,GG,TT,GA,GG,GC,GA,GA,TT,GT,CC,AG,AA,TT,AC,AA,TT,CC,TT,NA
Iberian population in Spain,,,,HG01709,,GG,AA,CT,NN,NC,AA,CT,TT,TG,TC,NT,GG,CC,GG,CC,GG,TT,CT,CC,TN,AA,CT,AA,TT,GC,AA,CC,TT,TC,AG,CT,GG,GC,GG,TT,TT,CC,CC,GT,AA,CC,GG,AT,NA,AA,GG,CC,TC,TT,GG,GG,GG,GG,TT,GA,GG,AA,CC,TT,CC,TT,TT,CC,CT,AA,AA,GT,CC,AA,CN,TC,TT,CC,CC,GA,NN,AG,TT,CC,CT,TT,AA,TT,TT,GG,AA,TG,CC,GN,TT,CC,GG,NC,CC,GA,CC,GG,CT,CA,TT,GG,AA,TT,AA,GG,TC,GG,TT,GA,TT,AA,NT,TC,AA,GA,CT,CC,GA,TT,AA,GG,CC,TG,TG,CT,CC,AA,AA,GG,GG,TT,CC,TT,CT,AT,AG,CN,AA,GG,CG,TT,CC,NC,CC,NA,AG,AA,CN,CC,GA,GG,GT,GG,TT,TT,TT,GG,TT,GG,GG,GC,AA,GG,TT,TT,CC,GA,GA,TT,CA,GA,CT,CT,CT,AA
Iberian population in Spain,,,,HG01710,,AA,CC,TT,NN,CC,AA,CT,TA,GT,TC,TN,GA,CT,GG,CC,AA,TT,TC,CG,NT,AA,CC,AA,TC,CG,AA,CC,CC,TC,GG,TC,GT,GG,TG,TT,TT,CT,CC,GG,AG,CT,GG,AT,AA,AA,GA,CG,TT,TC,GG,GG,GG,GG,TT,AA,GG,AA,TC,TT,CC,TT,TT,CT,TT,AA,AT,TG,CC,AA,CC,TT,TT,CC,CC,GA,NN,AG,TT,CC,TC,TT,GA,TT,TT,GG,AA,GG,CC,NN,TT,CC,GG,NN,TC,AA,CT,GG,CC,AC,TT,GG,AA,TT,GG,GG,TT,AA,TT,GA,TT,AA,NT,CT,AA,GG,CC,CC,GA,GT,AA,AG,TC,GG,GT,CC,CC,AA,AA,GG,GG,TT,TC,TT,CT,TA,AG,CN,GG,GT,GG,TC,CA,NN,CC,AN,GG,AA,NN,CC,GG,GC,TT,GC,TT,AA,TT,AG,TT,GG,GG,GG,AA,GG,AT,TT,TT,GG,AA,TT,CA,AA,CT,CC,TC,NN
Iberian population in Spain,,,,HG01746,,AG,AA,TC,NN,CC,GA,CC,TT,GG,TT,TT,AG,TT,GG,CC,GG,TC,CC,CG,TT,AA,TC,AA,CT,CC,AA,NN,TT,TT,GG,TT,TT,GG,GT,TT,TT,CT,CC,GT,AA,CC,AA,TA,AA,AA,GG,CC,TT,TT,GG,GG,GG,GT,TT,GA,GG,AA,TC,TT,CC,TT,TT,CC,TT,AA,AA,GG,CC,AA,CC,CT,CT,TT,TC,AA,NN,GG,TG,CC,CC,TC,AA,TT,CC,GG,AA,GG,TC,NN,GT,CC,GG,NN,TC,AG,CT,GG,TT,CA,CT,AG,TT,TT,AG,GA,TT,GA,TT,AA,TT,AG,TT,TC,AA,AA,CC,CC,AA,TT,AA,AG,CC,GG,TG,CC,CC,GG,NA,CG,GG,TT,TT,TT,TT,TT,GG,CC,GG,GT,CG,TC,CA,NC,CC,NN,GG,AA,CC,CC,AG,GG,TG,CG,TC,TT,TT,GG,TT,GG,GG,GC,AA,AG,TT,TT,CT,GG,AA,TT,AC,AA,TT,CC,TT,NA
Iberian population in Spain,,,,HG01747,,AG,AC,TT,AN,CC,AA,TT,TT,GG,TC,TN,AG,CT,GG,CC,GA,TT,CC,CC,TT,AA,TT,GA,TC,CC,GA,CN,CC,TT,GA,CT,TT,CG,TG,TT,CT,CT,GC,TG,AA,CT,GG,TA,NA,AA,GG,CC,CT,TT,GG,GG,GG,TG,TT,AA,GG,AA,TT,TT,CC,TT,TT,CC,TT,AA,AA,TT,CT,AG,CC,CT,TT,TC,CC,AG,NN,GA,TT,CC,TC,TT,AA,TT,TT,GG,AA,GG,CC,NN,TT,CC,GG,CN,TT,GA,CT,GG,CC,AA,TT,GG,TA,TT,AG,GG,TT,GA,TT,AG,TT,AG,TT,TC,AA,GA,TC,AC,AA,TT,TA,GA,TC,GG,TG,CC,TT,AA,AA,GG,AG,CT,TC,TC,TT,TT,GG,CC,AA,TT,CC,TC,AC,NN,CC,AN,AG,AC,CC,CC,AG,CG,GT,GC,CC,TT,TT,GG,TT,GG,GG,CG,AA,GG,TT,TT,TT,GG,AA,TT,CC,AA,CT,CC,TT,AA
Iberian population in Spain,,,,HG01756,,GA,AA,TT,NN,CN,AA,CT,TA,GT,TT,TN,GG,CT,GG,CC,GA,TT,TC,CC,NT,AA,CT,AA,CC,CC,GA,NC,TT,TC,GG,TT,GG,GG,TT,TT,CC,CC,CC,GG,AA,TC,GG,TA,NA,GG,GG,CC,TC,TC,AG,GG,GG,GG,TT,AA,GG,TT,CC,TT,CC,TT,TT,CT,TT,AA,AA,GG,CC,GG,CC,TT,TT,CC,CC,GA,CN,AG,TT,TC,CT,TT,AA,TT,TT,GG,AA,GT,CC,GN,TT,CC,GG,NC,TC,AA,CC,GG,TC,AC,TT,AG,AT,CC,GG,GG,TT,GG,TT,GG,TT,AA,TT,CT,AA,AA,CC,CC,AG,GG,AA,AG,CT,GG,GT,CC,CC,AG,AN,GG,GG,CT,CC,TT,CT,AT,GG,CN,GA,TT,GC,CT,AA,NN,CC,NN,GG,AC,NC,CC,GG,GG,TT,GC,TC,TT,TT,GA,CT,GG,GG,GG,AA,GG,TT,TT,CC,AG,AA,TT,AA,AA,TT,CC,TT,NN
Iberian population in Spain,,,,HG01757,,AA,AC,CT,NN,CC,AA,TC,TA,GT,TT,NN,AA,CC,GG,CC,GA,TT,CC,CC,TT,TA,CC,GG,CT,CG,AA,NN,TT,TT,GG,CT,GT,CG,GT,TT,TT,CC,CC,GG,AA,CC,AA,AT,AA,AA,GG,GG,CT,TC,AG,GG,GG,TG,TT,AA,GG,TT,TC,TT,CC,TT,TT,CC,TT,AA,AA,TG,TC,AG,CC,TT,TT,CC,CC,GA,CC,AG,TT,TC,CT,TC,AA,TT,CT,GG,AA,GT,CC,NN,GT,TC,AG,CN,TT,AA,CC,GG,CT,AA,TT,AG,AA,TT,AG,GG,TT,AA,TT,GA,TT,GG,TT,TC,AA,AG,CC,CC,AA,GG,AA,GG,CC,GG,TG,CC,CT,GA,AA,GG,GG,TT,TT,TT,TT,TT,AG,CC,GG,GT,GG,CT,CA,NN,CC,NA,GG,AA,CN,CC,GG,GG,TT,GG,TC,TT,CT,GG,TT,GG,GG,GC,AA,GA,TT,TT,TT,AG,AA,TT,AA,AA,TT,CC,TT,AA
Iberian population in Spain,,,,HG01761,,AG,AC,TT,AA,CN,GA,CC,TT,TG,TT,TT,AA,CC,GT,CC,AG,TC,CC,CC,TN,AA,TC,AA,CC,CC,AA,NN,CT,TC,GG,TC,TT,GG,TT,TT,TT,TC,CC,GT,AA,CT,AG,AT,AA,AA,GG,GC,TT,CT,GG,GG,GG,GG,TT,AA,GG,AA,TT,TT,CC,TT,TT,CC,TT,AG,AA,GG,TT,GA,CC,TT,TT,CC,CC,AA,NN,AA,TT,TC,CC,TT,AG,TT,CT,GG,AA,GT,CC,NN,GG,CC,GG,NN,TT,AA,CC,GG,CT,CA,TT,GG,AA,CC,AG,AG,TT,AG,TT,GG,TC,AA,TT,TC,AA,AA,CC,CC,GG,GG,AT,AA,CC,GG,TT,CC,CC,GA,AA,GG,GG,TT,TC,TC,TC,TT,AA,CN,AG,TG,CC,CC,AA,NC,CC,AN,GG,CA,NC,CC,GG,CC,TG,GC,TT,TT,TT,GG,TT,GG,GG,GG,AA,GG,TT,TT,TT,GG,AA,TT,AA,AA,CC,CC,TT,NA
Iberian population in Spain,,,,HG01762,,GG,AA,CT,AN,CC,GA,TC,TT,TG,TT,TT,GG,TT,GG,CC,GA,TT,CT,CC,TT,AA,CC,AA,CC,GG,AA,NN,CC,TT,AG,TT,GG,GG,TG,TT,CT,TC,CC,GG,AA,TT,GG,AA,NA,GA,GG,CC,TT,TT,AA,AG,GG,TG,TT,AG,GA,AA,CC,TT,CT,TT,TT,CC,TT,GG,AA,GG,CC,AA,CC,TC,TT,CT,CC,AA,NN,GA,GT,CC,TC,TT,AA,TT,TT,GG,AG,GG,CC,GN,TG,CC,GG,CN,TT,AA,CC,AG,CT,CA,TT,GG,AA,TT,AA,GG,TT,GG,TT,GA,TT,AA,NT,TC,AA,AA,CC,CC,GA,GT,AA,GA,CC,GG,GG,CC,TC,AA,AN,GG,GG,TT,TC,TT,TT,TA,GG,CN,GG,GT,CC,CT,AC,NC,CC,NA,GG,AC,NC,CC,GG,GG,TT,GG,TC,TT,TT,GG,TT,GG,GG,CG,AA,AG,TT,TT,TC,AG,AA,TT,CC,AA,CT,CC,TT,AA
Iberian population in Spain,,,,HG01765,,AA,AA,CC,NN,CC,AA,CC,TT,GG,CC,NN,AA,TT,GG,CC,GG,TT,CC,CC,TT,AA,CT,AG,TC,CC,AA,NN,CT,TT,GG,TT,GG,GG,GG,TT,CC,TC,GG,GG,AA,TC,GG,TA,AA,GG,GG,CG,CT,CT,GG,GA,GG,TG,TC,AG,GG,AA,TT,TC,CC,TT,TT,CC,TT,AG,AA,GG,CC,GG,CC,CC,TT,CC,CC,AA,CN,GG,TG,CC,CT,TT,AA,TT,TT,GG,AA,GG,TC,NN,TT,CC,GG,CN,TT,AA,CC,GG,CT,AA,TT,AA,AA,TT,AA,GG,TT,AA,TN,AG,TT,AA,TN,TT,AA,AA,CT,CC,AA,TG,AA,GG,CC,GG,GG,TC,CC,AG,AA,GG,GG,TT,CC,CT,TT,AA,GG,CC,GG,GT,GC,TT,AC,NN,CC,NN,GG,AA,CC,CC,GG,GG,TT,GC,CT,TT,TT,GG,TC,GG,GG,GC,GA,AG,TT,TT,TT,GG,AA,TT,CA,AA,CT,CC,TT,NN
Iberian population in Spain,,,,HG01766,,GG,AA,TT,NA,CN,GG,TT,TA,TT,CT,TT,AG,TT,GG,CC,GG,TT,CC,CC,TT,AT,TC,AG,CC,CG,AA,NN,TT,TT,GG,TT,TG,GG,GT,TT,CT,CC,CC,GT,AA,CC,GG,TA,NA,AG,GG,CC,CT,CT,GG,AG,GG,GT,CT,AG,GG,AA,TT,TT,CC,TT,TT,CC,TT,GG,AA,GT,CC,GG,CC,TC,TT,CC,CC,GG,NN,GA,GT,TC,CC,TT,AA,TT,TT,GG,AA,GG,CC,NG,TT,TC,GG,CN,CT,AA,TC,AG,TT,AA,TT,GG,AA,TC,AG,GG,CT,AA,TT,AA,TT,AA,TT,TT,AA,GA,CC,CC,GG,TG,AA,GA,CC,TT,TT,CC,TC,AA,AN,GG,GG,CC,CT,CC,CT,TT,GG,CC,GG,GT,CG,CC,AC,NN,CC,AN,AG,CA,NN,CC,GA,GC,TT,GG,TT,TT,TC,GG,TT,GG,GG,CG,AA,GG,TT,TT,TT,GG,AA,TT,AA,AA,TC,TC,TT,AA
Iberian population in Spain,,,,HG01767,,AG,AA,TT,AN,CN,AA,TC,AT,TT,TT,TN,GA,CT,GG,CC,AG,TT,TT,CC,NT,AA,TT,GG,CC,CC,AA,NC,TT,TT,GG,CT,GG,GG,TG,TT,TT,TC,CC,GG,AA,CC,GA,TT,NA,AG,GG,GC,TT,TT,GG,GG,GG,GG,TT,AG,GG,AA,TT,TT,TC,TT,TT,CC,TT,AA,AA,GG,CC,GA,CN,CC,TT,TT,CC,AA,NN,GA,GT,CC,TC,TT,AA,TT,TT,GA,AG,GG,CC,NG,TT,CC,GG,NC,TC,AG,CC,GG,CC,AA,TT,GG,TA,TT,GG,GG,TT,GG,TT,GA,TT,AA,TT,CC,AA,AA,CC,CC,GA,GT,AT,AG,CC,GG,TT,CC,CC,AA,AA,GG,GG,CC,TC,TC,TT,AA,AG,NC,AG,GT,GC,CT,AC,NC,CC,NN,GG,AC,NC,CC,AG,GG,TG,GG,TC,TT,TC,AG,TT,GG,GG,CG,AA,GG,TT,TT,CC,AG,AA,TT,CA,GA,TT,CC,TT,NA
Iberian population in Spain,,,,HG01768,,AA,AA,TT,NN,CC,GA,TT,TT,TG,TT,TT,AG,CT,GG,CC,GG,TT,CC,CC,TT,AT,CC,AA,CT,GC,AA,CN,CT,TC,GG,TT,TG,GG,TG,TT,TC,CT,CC,GT,AA,CT,GG,TA,AA,AG,GA,GG,TT,TT,GG,GG,GG,TG,TT,AA,GG,AA,TC,TT,CC,TT,TT,CC,TT,AA,AA,TT,CT,AA,CN,CT,TT,CC,CC,AA,NN,GA,TT,TC,CC,TT,AA,TT,CT,GG,AA,GG,CC,NN,TT,CC,GG,NC,TC,AA,CC,GG,CC,AA,TT,AA,TA,TT,AA,AG,TT,GG,TT,GG,TT,GG,TT,CC,AA,AA,TC,CC,GG,GT,AA,GA,CC,TG,GT,CC,CC,AA,AA,GG,GG,TT,TT,TC,TT,TA,AG,NC,GA,GT,GC,CC,CC,NC,CC,NN,GG,CA,CN,CC,AG,GG,GT,GG,CT,AA,TT,GG,TT,GG,GG,GC,AA,AG,TT,TT,TC,GG,GA,TT,AC,AA,TT,CC,TT,AA
Iberian population in Spain,,,,HG01770,,GA,AA,CT,NA,NN,GG,CT,TT,GT,TT,NT,AG,CT,GG,CC,AA,CC,CC,CC,TT,AA,CC,AA,CT,GG,AA,NN,TC,CC,GG,TT,GG,GG,GT,TT,CT,CC,GC,GT,AA,CC,GG,AT,NN,AG,GG,CG,TT,TT,GA,GG,GG,TT,TT,AA,GG,AA,CT,TT,CC,TT,TT,CC,TT,AG,AT,GG,CC,AA,CC,CT,TT,TC,CC,GA,NN,GG,TT,CC,CC,TT,AA,TT,TT,GG,AG,GG,CC,GN,TG,CC,GG,NC,CC,AG,CC,GG,TC,AA,TT,GG,TT,TT,AA,GG,TT,GG,TT,GA,TT,AG,TT,CC,AG,AA,CC,CC,GA,GG,AA,GG,CT,GG,TT,CC,CC,AA,AA,GG,GG,TC,TT,CC,TC,TA,GG,CC,GG,GT,GG,TC,AC,NN,CC,NA,GG,CA,NC,CC,GG,GG,TT,GC,TT,TT,TC,GG,TT,GG,GG,GC,AA,GG,TT,TT,CC,GG,GG,TT,AA,AA,TT,CC,CT,NA
Iberian population in Spain,,,,HG01771,,GA,AA,TC,NN,CC,AG,CC,TT,TT,CC,NT,GA,CC,GG,CC,GG,TT,CC,CC,TN,AA,TC,GA,CC,CC,AA,NN,TT,CT,GG,CC,GT,GG,GG,TT,TC,TC,CC,TG,AA,TC,GG,AT,AA,AG,AG,CC,CT,TT,GG,GG,GG,TT,TC,GG,GG,AA,TT,TT,CC,TT,TT,CT,TT,GA,AA,TG,CC,GG,CC,TC,TT,CC,CC,AA,NN,GA,TT,TT,CC,CC,AA,TT,TT,GG,GA,GG,TC,NN,TT,CT,GA,NC,CC,GA,CC,GG,CT,AA,TT,AG,AA,TT,AA,AG,TT,GG,TT,GA,TT,GA,TT,TT,GA,AA,CC,CC,AG,TG,AA,GG,CC,GG,GT,CC,CT,GA,AA,GG,GG,TT,TT,TT,TC,TA,AG,CC,GG,GG,CG,CT,AC,NN,CC,NN,GA,AA,NC,AC,GA,CG,GT,GG,CC,TT,TT,GG,TT,GG,GG,CC,AA,GG,TT,TT,CT,GA,AA,TT,CA,GA,TC,TC,TT,NN
Iberian population in Spain,,,,HG01773,,AA,AA,TT,AA,NN,GG,CC,AT,GG,TC,NT,GG,CC,GG,CC,AG,TT,CC,CC,TN,AA,TT,AG,CT,GG,AA,CN,TT,TT,AG,TC,GG,GG,TT,TT,CT,CC,GC,GT,AG,CT,AG,TA,AA,GA,GG,GC,TC,TT,GA,GG,GG,GT,TT,AA,GG,AA,TT,TC,TC,TT,TT,TC,CT,GA,AA,TG,CT,AA,CC,TC,TT,TT,CC,AG,CN,GA,TT,CC,CC,TT,AA,TT,TT,GA,AA,GG,CC,NG,GT,CC,GG,NN,TC,AG,CC,GG,TT,CA,TT,GG,AA,TT,GA,GG,TT,GA,TT,GG,TT,AA,TT,TC,AA,AA,TC,CC,AG,TG,AA,GG,CC,GG,TG,CC,CC,AA,NA,GG,GG,CT,TT,TT,TT,AT,GG,CN,AG,GT,GC,TC,AA,CN,CC,NA,GG,AC,CC,CC,GG,CC,TT,GG,TT,TT,TT,GG,CT,GG,GT,GG,AA,GG,TT,TG,TT,GA,AA,TT,AA,AA,CT,TC,TT,AN
Iberian population in Spain,,,,HG01775,,GA,AA,CT,NA,CC,GA,TT,AA,TT,CT,TN,GG,CT,GG,CC,AA,TT,CT,CC,TT,TA,CC,AA,CC,CG,AA,NN,TT,TC,AG,TT,GT,CG,GT,TT,TC,CC,CG,GG,AA,CT,AG,TT,AA,GG,GG,CC,TT,TT,GA,AA,GG,TT,TT,AG,GA,AA,CC,TT,CC,TT,TT,TC,TT,GG,AA,TG,CT,GG,CC,TT,TT,CC,CC,GA,CN,AG,TG,CC,TC,TT,AA,TT,TT,GG,AA,GG,CC,NG,TT,CC,GG,CN,TT,AA,CC,GG,CC,AA,CT,AG,AA,TT,GA,GA,TC,GA,TN,GG,TT,AA,TT,TT,AA,AA,CC,CC,GA,GG,AA,GG,CC,TG,TT,CC,CC,AA,AA,GG,GG,CC,TT,TT,TC,TT,GA,CC,GG,TG,GC,CT,CA,NN,CC,NA,GA,AC,NC,CC,GA,GG,GT,CG,TT,AA,TT,GG,TT,GG,GG,CC,AA,GG,TT,TT,TT,GG,AA,TT,AC,AA,CT,CT,TT,AN
Iberian population in Spain,,,,HG01776,,AA,AA,TT,NN,CC,AA,CC,TT,TG,CT,NN,AG,CC,GG,CC,GG,CT,CC,CC,TN,AA,CT,GA,CC,CC,AA,NN,CT,TT,AG,TT,TG,CG,TG,CT,CC,CT,CC,GG,AA,TC,GG,AT,AA,GG,GG,GG,TT,TT,GG,GG,GG,GG,TT,GA,GA,AA,TT,TT,CC,TT,TT,CT,TT,AG,AA,TG,CT,GA,CC,CT,TT,CC,TC,AA,NN,AA,TT,CC,CT,TC,AA,TT,TT,GG,AA,GT,CC,NG,TT,CC,GG,NN,TC,AG,CC,GG,CC,AA,TT,AA,AT,TT,GG,GG,TT,AA,TT,GA,TT,AA,TT,TT,AA,AG,CC,CC,GA,GT,AA,GA,CC,GG,GT,CC,CC,AA,AA,GG,GG,TT,TC,TC,TT,AT,GG,CN,GA,GT,CG,TC,AA,NN,CC,NN,GG,AA,NC,CC,AG,GC,GT,GG,CT,TT,TT,AA,TC,GG,GT,GG,AA,AG,TT,TT,CT,AG,GA,TT,CC,AA,TT,CC,TT,AA
Iberian population in Spain,,,,HG01777,,GA,CA,TT,NA,NC,AG,CT,AT,GT,TT,TN,GG,TT,GG,AC,AG,TT,CC,CC,TT,AA,TC,GG,CC,GG,AA,NN,TT,TC,GG,CT,TG,GG,GG,TT,CT,TT,CC,GG,AA,CC,AG,TT,AA,AA,GG,CC,TT,TT,GG,GG,GG,TT,TT,GG,GG,AA,CT,TT,CC,TT,TA,TT,CC,AA,AA,GG,CT,GG,CC,CT,TT,TC,CC,AA,NN,GA,TT,CC,CT,TT,AA,TT,TT,GG,AA,TG,CC,GG,TT,CC,GG,NN,TT,AA,CC,GG,CC,AA,TT,AA,TA,TT,GG,AG,TC,AG,TT,GG,TT,AA,TT,CT,AA,AA,CC,CC,GG,TG,AA,AG,CC,GT,GT,TC,TC,AA,AA,GG,GG,CT,TC,TT,CT,AT,GG,CC,AG,GT,CC,CT,AC,NC,CC,AN,GG,AA,CN,CC,GA,GG,GT,GG,CC,TT,CT,GG,TT,GA,GG,CC,AA,GG,TT,TT,CT,AA,GA,TT,AC,AA,CC,TT,TT,NA
Iberian population in Spain,,,,HG01779,,GG,AA,TT,AN,CC,AA,CT,TT,GT,TC,TT,GG,CT,GG,CC,GA,TT,CC,CC,NT,AA,CC,AA,TC,CG,AA,NN,TT,TC,GG,CT,GG,GG,TT,TT,TT,CC,CC,GG,AA,TC,GA,AT,AA,AA,GG,CG,TC,CT,GG,AG,GG,TT,TT,AG,GG,TT,CT,CT,CC,TT,TT,CT,TC,GA,AA,TG,TC,GG,CC,CC,TC,TC,CC,AA,NC,GG,TT,CC,TC,TC,AA,CT,TT,GG,AG,TG,CC,NN,TT,CC,GG,NN,TT,AA,CC,GG,TT,AA,TT,AG,AA,TC,AG,GA,TT,GG,NT,AA,CT,AA,TT,CT,AA,AG,CC,CC,AA,TT,AT,AG,CC,GG,TT,CC,CC,AA,AA,GG,GA,TC,TT,TT,CT,TA,GG,CC,GG,GT,CC,TT,AA,CC,CC,AN,AG,AA,CC,AC,GG,GC,GT,CG,CT,TA,TT,GG,TT,GG,GG,CC,AA,GA,TT,TT,TC,GA,AA,TT,CA,AA,CC,CC,TT,AA
Iberian population in Spain,,,,HG01781,,GG,AA,TC,NN,CC,AG,TC,AT,TT,TT,NN,GA,CT,GG,CC,GA,TT,TC,CC,TT,AA,TC,GG,TT,GG,AA,NC,CT,TT,GG,TT,TG,CG,TG,TT,TT,CT,CC,GG,AA,CC,AG,TA,AA,GA,GG,CC,TT,TT,GG,GG,GG,TG,TT,AA,GG,AA,CC,TT,CC,TT,TT,CC,TT,AA,TA,GT,CC,AG,CC,TT,TT,CT,CC,GA,NC,GG,TG,CC,TC,TC,AA,TT,CT,GG,AA,GT,CC,NG,TT,CC,GG,NN,TC,AA,CT,GG,TT,AA,TT,AA,AA,TT,AA,GG,TT,AG,TT,GG,TC,GA,NT,TC,AA,GA,CC,AC,GG,TG,AA,AA,CC,GT,TG,CT,CC,AA,AA,GG,GG,CC,TT,TT,CC,TT,AG,CC,GG,TT,CG,CC,AA,NN,CA,AN,GG,AC,CC,CC,GG,CG,GT,GG,TT,TA,TT,GA,TT,AG,GT,CC,AA,GG,TT,TT,CT,GG,AA,TT,AC,AA,CT,CC,TT,NA
Iberian population in Spain,,,,HG01783,,AA,AA,TT,NN,CC,AA,CT,AA,TT,TT,TN,GG,TT,TG,CC,AA,TT,CC,CC,TN,AA,CC,AA,TT,GC,AA,CC,CT,TC,GG,TT,GT,GG,GT,TT,TC,CC,CC,GG,AA,TC,GG,TT,AA,GG,GG,GC,TC,TT,GG,GG,GG,GT,TT,AA,GG,AA,CC,TT,CC,TT,TT,CC,TT,AA,AA,GG,CC,AG,NC,TC,TT,TT,CC,AA,CC,AG,TT,CC,CT,CC,AA,TT,TT,GG,AG,GG,CT,GN,TT,CC,GG,NN,CC,AA,CC,GG,TT,AA,TT,GA,TA,TT,AA,GA,TC,GA,TT,GG,TC,AA,TT,CC,AA,AA,CC,CC,AA,GT,AA,GG,CC,GT,GG,CC,CC,GA,AN,GG,GG,CC,CT,TT,TT,AA,AA,CC,GA,TG,GC,CC,AA,NN,CC,NN,GG,CA,NC,CC,GG,GG,GG,GC,TT,AT,TT,AG,TT,GG,GG,CC,AG,AG,TT,TT,TT,GG,GG,TT,CA,GA,CT,CC,TT,AN
Iberian population in Spain,,,,HG01784,,GA,CA,TC,NA,CC,AA,CT,TA,GG,CT,TT,GG,TT,GG,CC,GG,TT,CT,GC,NT,AA,CC,GG,TT,CG,AA,NN,TT,TC,GG,CT,GT,GG,GT,TT,CT,CC,GC,GG,AA,CT,GG,TT,AA,AG,GG,GG,TT,TT,GG,GG,TG,TG,TT,AA,GG,AA,CC,TT,CT,TT,TT,TT,CC,AG,AA,GG,CC,AA,CC,TT,TT,CC,CC,AG,NC,GA,TT,TC,CT,CT,AA,TT,TT,GG,AA,GG,CC,NG,TT,CC,GG,NN,TT,GG,TC,GG,TT,AA,CC,GA,TA,TT,GG,GA,TT,AA,TT,GG,CT,GG,TT,CC,AA,AG,CC,CC,AA,TT,AA,AA,CC,GG,TG,CC,TC,AA,NA,GG,GG,TT,CT,CT,TT,TA,GA,NN,GG,GG,CG,TC,CC,CN,CA,AN,GG,AC,NN,CC,GG,GG,GG,GG,TT,AT,CT,GG,TT,GG,GG,GG,AA,GA,TT,TT,TT,GA,AA,TT,CA,AA,TC,CC,TT,AA
Iberian population in Spain,,,,HG01785,,AA,CA,TC,AN,CC,AA,TT,TT,GT,CT,NT,GG,CT,GG,CC,GA,TT,CC,CC,TT,AT,CC,AG,CT,GG,AA,NN,TC,CT,GG,TT,GG,GG,GG,CT,CT,CC,CC,TG,AA,TT,GG,AA,AA,AG,GA,GG,CT,TC,GG,GG,GG,TT,CT,AG,GG,TA,TT,TT,CC,TT,TA,CC,TT,AG,AA,GT,CC,GA,CC,CT,TT,CC,CC,GG,NN,GA,GT,CC,CT,TT,AA,TT,TT,GG,AA,TG,CC,NN,TT,CC,GG,NN,TT,AA,CC,GG,TC,CA,TT,AA,AT,TT,AA,GG,TT,AA,NT,GG,TT,AA,TT,TT,AA,AG,TC,CC,GA,TT,AA,GG,CC,GG,TG,CC,CT,AA,AA,GG,GG,CC,CT,CT,TT,AA,GG,CC,GA,GG,CC,TT,CC,CC,CC,NA,GG,CA,CN,CC,GG,CC,TG,GG,CT,TT,TT,GG,TT,GG,GG,GG,AA,GA,TT,TT,TT,GG,AA,AT,CA,AA,TC,CC,TT,NN
Iberian population in Spain,,,,HG01786,,AA,AA,TC,AN,CC,AG,CT,TT,GG,TT,TT,AG,CC,GG,CC,AG,TT,CC,CC,TT,AT,TT,AG,CC,CC,AG,NC,TC,TT,AG,TT,TG,GG,GT,TT,TT,CC,GC,GT,AA,CT,GG,AT,AA,AA,GG,CC,TT,TT,AA,GA,GT,TG,TT,GA,GG,AT,CC,TT,CC,TT,TT,CC,TT,AA,AA,GT,CC,GG,CC,CT,TT,TC,CC,AA,CN,AA,TT,CC,TC,TC,AA,TT,TT,GG,AA,GT,CC,NN,GT,CC,GG,CN,CC,AG,CC,GG,TT,AA,TT,GA,TT,TT,AA,AG,TT,GA,TN,GG,TT,AA,NT,CT,AA,GA,CC,CC,AA,GT,TA,GA,CT,GG,GG,CC,CC,AA,AA,GG,AG,CC,TT,TT,CT,TT,GG,CC,GG,GG,CC,CC,AA,NN,CC,AA,GA,AA,NC,AC,AA,GG,GT,GG,TC,TT,TT,GG,TT,GG,GG,GG,AA,GA,TA,TT,TT,GG,GA,TT,AC,AA,CC,CT,TT,AN
British in England and Scotland,,,,HG01789,,GG,AA,TT,AN,CC,GG,CC,AA,TT,TT,TT,GG,CT,GT,CC,GG,TT,CC,CC,TT,AA,TC,AG,CT,GC,AA,NN,TT,CC,GA,TT,GT,GG,TT,TT,TT,CC,CC,TG,AA,TT,GG,TA,NA,AA,GG,CC,CT,TC,GG,GG,GG,TT,TT,AA,GG,AA,TC,TT,CT,TT,TT,CC,TT,AA,TA,GG,CT,GA,CC,CT,TT,TC,CC,AA,NC,GG,TG,TC,CC,TC,GA,TT,TT,GG,AA,GG,CT,NN,TG,CC,GG,CN,TC,AA,CC,GG,TC,CA,TT,AA,AA,TT,GG,GG,TT,AG,TT,AA,TT,AA,TT,CT,AA,AA,CC,CC,AA,GT,AA,GG,CC,GT,TT,CC,CC,AG,NN,CG,GG,TC,TT,TT,CT,AT,AA,CC,GG,TT,GC,CC,AA,NN,CC,AN,GG,AA,NC,CC,AA,GG,TT,CC,CT,TT,TC,GG,TT,GG,GG,GC,AA,GG,TA,TT,TT,GA,AA,TT,CA,AG,TT,CC,TT,NN
British in England and Scotland,,,,HG01790,,AA,AA,TT,AN,CC,AA,TT,AT,TT,TT,TT,GA,CC,GG,CC,AG,TT,TC,CC,TT,TA,CC,GA,TT,CC,AG,NN,TT,TT,GG,TT,GG,GG,TG,TT,CT,CC,CG,GG,AA,CT,AG,TT,AA,GG,AG,CC,TT,TC,AG,AG,GG,TG,TC,AG,GA,AA,TC,TT,CC,TG,TT,CC,TT,AA,AA,TG,CC,GG,CC,TT,TT,CC,CC,AA,CC,AG,TT,CC,CT,TT,AA,CT,TC,GG,AA,GG,TC,NG,TT,CT,GA,NN,CT,GA,CC,GG,CC,AA,TT,GG,TA,CT,AA,AG,TT,GG,TT,AA,TC,AA,TT,TT,AA,AG,CC,CC,AA,GT,AA,AA,CC,GG,TT,CC,TT,AA,AA,GG,AG,TT,TC,TC,TT,AA,AG,CC,AG,GT,CG,CC,AA,NN,CC,NN,GG,AA,CN,CC,GA,GG,TT,CG,TC,AA,TT,GG,TT,GG,GG,CC,AA,GG,TT,TT,TT,GG,AA,AT,AA,AA,CT,CC,TT,NA
British in England and Scotland,,,,HG01791,,AA,CA,TT,NN,NC,AA,CC,TT,TG,CT,NT,AG,TC,TG,AC,GG,TT,CT,CG,TT,AT,TT,AA,TC,CG,AA,NC,TT,CC,GG,TT,GG,GC,GG,TT,TT,CC,CG,GG,AA,TC,GG,AT,NA,AG,GG,CG,TT,TT,AG,GG,GG,TT,TT,AA,GG,TT,TC,TT,CC,GT,TT,CT,TT,AG,AA,GG,CC,AG,CC,CT,TT,CT,TC,AA,NN,AA,TT,TT,CC,CC,AA,TT,TC,GG,AA,TG,CC,NN,TG,CT,GA,CN,TT,AA,CC,GG,TC,AC,TC,AA,TT,TT,AG,GG,TT,GG,TT,GA,CT,GA,TT,TT,AA,AA,CC,CC,GA,GT,AA,GG,CC,TG,GG,CC,CC,AA,AA,GG,GG,CT,CC,TC,TT,TT,AA,CC,GA,GG,CC,TC,CA,NN,CC,NN,GG,AC,NN,CC,GG,GC,GG,GC,CC,AT,TT,GG,TT,GG,GG,GC,AA,AG,TT,TT,TC,AG,GA,TT,AA,AA,CT,TC,TT,NA
British in England and Scotland,,,,HG02215,,GA,AA,TC,AN,CC,AA,TC,TT,GG,TC,NT,GA,TC,GG,CC,GA,TT,CC,CG,TT,AA,CT,AA,CT,CG,AA,NN,TC,CC,GG,TT,TG,GG,GG,TT,TT,TC,CC,GG,AA,TC,GG,AA,AA,AA,GG,CG,TT,TT,GG,GG,GG,TT,TT,GA,GG,AT,TC,TT,CC,TT,TT,TT,TC,AA,AA,TG,CC,GG,CC,CT,TT,CC,CC,AG,CN,GG,TG,TC,CT,TC,AA,TT,TC,AG,AG,GT,CC,NN,TG,CC,GG,NN,TT,AG,CC,GG,CC,AA,TT,AA,TA,TT,GG,GG,TT,AA,TT,GA,TC,GG,TT,CC,AA,GA,TC,CC,AA,TT,AA,GG,CC,GG,GT,CC,CC,AG,AN,GG,GG,TT,TC,TC,TC,TT,GA,NC,GA,GG,CG,TC,CC,NN,CC,NN,GG,AA,CN,CC,GG,GG,GT,GG,TC,AT,TT,AG,TT,AG,GG,CC,AA,GG,TT,TT,CT,AA,AA,AT,CC,AA,CC,CC,TT,AA
Iberian population in Spain,,,,HG02219,,AG,AA,CT,NN,NC,AG,CC,AA,GG,TT,TT,GA,CC,GG,CC,AA,TT,CT,CC,TN,AA,TC,AA,CC,GC,AA,NN,TT,TC,GG,CT,TG,GG,GG,TT,TT,CT,CC,GG,AA,CT,GG,TT,AA,AG,GG,GC,CT,TC,AG,GG,GG,GT,TT,GG,AG,AT,TC,CT,CC,TT,TT,CC,TT,AA,AA,TG,TT,GG,CN,TC,TT,CC,TC,AA,NN,AG,TT,CC,TC,TC,AA,TT,TC,GA,AA,GG,TC,GN,TT,CC,GG,NN,TT,AA,CT,GA,TC,CA,TT,AG,AA,TC,AG,GG,TT,GA,TT,GG,TT,AG,TT,CT,AA,AG,CC,CC,AA,TT,TA,GG,CT,GG,GT,TC,CT,AA,NA,GG,GG,CT,TT,TT,TT,TT,GG,CC,GG,TG,GC,CT,CC,NN,CC,NN,GA,AA,NC,CC,GG,GG,GT,GG,TC,AA,TC,GG,CT,GG,GT,CC,AG,GG,TT,TT,TT,GA,AA,TT,CA,GA,TT,CC,TT,NN
Iberian population in Spain,,,,HG02220,,AA,AC,TT,NN,CN,AA,CT,TT,GT,TT,NN,AA,CT,GG,AC,AG,TT,CC,GC,TT,AT,CT,AG,CT,CC,AA,NN,TC,TC,GA,CT,TT,GG,TT,TT,CT,CC,CC,TG,AA,CC,GG,TA,AN,AA,GG,GG,TT,CT,GG,AG,GG,TG,TT,AG,GG,AA,CT,CT,CC,TT,AT,TC,CT,GA,AA,GG,CC,GG,CC,CT,TC,TC,CC,AG,NC,GG,TT,CT,CC,TT,AA,TT,TT,GG,AG,GG,CC,GN,TT,TC,AG,NN,CT,AA,CC,GG,CC,AA,CC,GG,AA,TC,GG,GA,TT,GA,TT,GA,TT,AA,TT,TT,AA,GA,CC,CC,GA,GG,AA,GG,CC,TG,GT,TC,TC,GA,NA,GG,GA,CC,TT,CT,TC,AT,GA,CC,AG,GT,CG,CC,CC,NC,AC,NN,GG,CA,CN,CC,GG,CG,TT,CG,CT,TA,TT,GG,TT,GG,GG,GC,AA,AA,TT,TT,CC,AG,AG,TT,AC,AA,TC,CC,TT,NA
Iberian population in Spain,,,,HG02221,,AA,AA,CT,NN,CN,GA,CT,TT,GG,TC,NN,GG,CT,GT,CC,AA,TT,CC,CC,NT,AA,TT,GA,TC,CG,GA,NN,TC,TC,GA,TT,TG,GG,TG,CT,TC,CC,GC,GT,AA,CC,GG,AA,AA,AA,AG,CG,TT,TT,GG,GG,TG,GG,TT,AA,GG,TT,TT,TT,TC,GG,TT,CC,TT,GA,AA,GG,CC,GA,CC,CT,TT,CT,CT,AA,CN,GG,GG,CC,CT,TT,AA,TT,TT,GG,AA,GG,CT,GN,TT,CT,GA,NN,TT,AA,TC,GG,TC,CA,TT,AG,TA,CC,AG,GG,CT,AG,TT,AA,TT,GG,TN,CC,AA,AA,CC,CC,AA,TT,AA,GG,CC,GT,TT,CC,CC,AG,AN,GC,GG,CC,TT,CT,CT,AA,GG,CC,GG,TG,CG,TC,CC,NN,AC,NN,GA,AA,CC,CC,GG,GC,GT,CC,CT,TT,TT,AG,TT,GG,GG,CG,AA,GA,TT,TT,CT,GA,AG,TT,AA,AA,TT,CC,TT,AN
Iberian population in Spain,,,,HG02223,,AA,AA,TT,NN,NC,AA,TT,TT,GG,TT,TN,GG,CT,GG,CC,GA,CT,CC,CC,NT,AA,TT,AG,CC,CC,AG,CN,TT,TC,AG,TT,TT,GG,TT,TT,TC,TT,CC,GG,AA,CC,AG,TA,AN,GA,AG,CC,TC,TT,GA,GG,GG,TG,TT,GA,GG,AA,TC,CT,CC,TT,TT,CT,TT,AA,AA,TG,TC,AA,CC,TC,TT,CT,CC,AG,CC,AG,TT,CC,CC,TT,AG,TT,TC,GG,AA,GG,CC,GN,TT,TC,AG,NN,TT,AA,CT,GG,TT,AA,CC,AG,TA,CT,GG,AG,TT,GG,TT,AA,TT,AA,TT,TC,GG,AA,CC,AC,AG,GG,AT,AG,CT,GG,TG,CC,CC,AG,AA,GG,GA,CC,TC,TT,TT,TA,AG,NN,GG,TT,CC,CT,AA,CN,CA,NN,GG,AA,CC,AC,GG,GG,TT,CG,TT,TT,TT,GG,TT,GG,GG,CG,AA,GA,TT,TT,TC,GG,AA,TT,CA,AA,TC,CC,TT,AN
Iberian population in Spain,,,,HG02224,,AA,AA,TT,NN,CN,AA,TC,AT,TG,CT,NT,GG,CC,GG,CC,GA,TT,TC,CC,TN,AA,CC,AA,CC,GC,AG,NN,TT,TT,GG,CT,TT,GG,GG,TT,TC,CT,CC,GG,AA,TT,GG,AA,NA,AA,GG,GG,CT,CT,GG,GG,GG,GT,CT,GG,GG,AA,TT,TT,CC,TT,TT,CC,TT,AA,AA,GG,CC,AA,CN,CT,TT,CT,CC,AA,NC,GG,TT,CC,CC,TT,AA,TT,TT,AG,AA,TG,CC,GN,TT,CC,GG,NC,TC,AA,CC,GA,CT,AC,CT,AG,AA,TT,AG,AG,TT,AA,TT,AA,TT,AA,TT,TT,AA,AA,CC,CC,AG,TT,AA,GG,CC,GG,TT,CC,TC,AA,AA,GG,GG,TT,CC,CC,TT,TT,GG,CC,AG,GT,CG,TC,CA,NN,CC,NA,GG,CA,NC,CC,GG,GG,GG,CC,TC,TT,TT,GG,CT,GG,TG,GC,AA,GA,TT,TT,TC,GG,AA,TT,CC,AA,TT,TC,TT,NA
Iberian population in Spain,,,,HG02230,,GA,AA,TT,NN,CC,AA,CT,AT,TT,TT,TN,GA,TC,GG,CC,AA,TT,CC,CC,TT,AA,TC,GA,CC,GC,AA,CC,TC,TT,GG,TT,TT,GC,GT,TT,CT,CC,CC,GT,AA,TC,GG,AT,NA,AA,GG,CC,TT,TT,GG,GA,TG,TG,TT,GG,GG,AT,CC,TT,CC,TT,TT,CC,TT,GA,AA,TG,CT,GG,CC,CC,CT,CT,CC,AA,NC,GA,TT,CC,CC,TT,AA,TT,TT,GG,GA,GG,TC,NN,GT,CC,GG,NN,TT,AA,CC,GG,CT,AA,TT,GG,TA,TT,AG,GA,TT,AG,TT,GG,TT,AA,TT,CC,AA,AG,CC,CA,GG,GG,AA,GG,CC,GT,GG,TT,CC,AA,AA,GG,GG,TT,TT,TT,TT,TT,GG,CC,GG,GT,CC,CT,CA,NN,CC,NN,GA,CA,CC,CC,GG,GC,TT,CG,TC,TT,TT,GG,TT,GG,GG,CG,AA,GG,TT,GT,TT,GA,AA,TT,CA,AA,TT,CT,TT,NN
Iberian population in Spain,,,,HG02231,,AA,AA,CT,NN,CN,AG,TT,TT,GT,CC,NT,AG,CC,GG,CC,AA,TT,CT,CC,TN,AA,TC,GG,CT,GC,AA,NN,TC,TC,GG,TT,GT,GC,GG,TT,CT,CC,CC,TG,AA,CT,GA,AT,AA,GA,GG,GC,CT,CT,GG,GG,TG,GT,TT,GA,GG,AA,CT,TT,CC,TT,TA,CT,TC,AG,AA,GT,TC,AA,NC,CT,TT,CC,CC,AA,CN,AG,TT,TC,CT,CC,AA,TT,CT,GG,AA,GG,TT,NN,TT,CC,GG,NN,CC,AA,TC,GG,CC,AA,TC,GA,TA,TT,GG,AG,TT,GG,TT,AA,TT,GA,TT,CC,AA,AG,CC,CC,AG,TG,AA,GA,TC,TG,TG,CC,CC,GA,AA,GG,GG,TC,CT,CT,TT,AA,GA,CC,GA,TG,CG,CT,CC,CN,CC,NN,GG,CA,CN,CA,GG,CC,GT,GC,CT,TT,TT,GG,TT,GG,GG,GG,AA,GG,AT,TT,TT,AG,GA,TT,AC,AA,TT,CC,TT,NN
Iberian population in Spain,,,,HG02232,,GA,AA,TT,NA,NC,AA,TC,AT,GT,TT,NN,AA,CC,GG,CC,AG,TT,CT,CC,TT,AA,CT,AG,TC,GG,AA,CN,TT,CC,GG,TT,GG,GG,GT,TT,CT,CC,CC,GG,AA,CC,GG,AA,NA,AA,GG,GG,TT,TT,GG,GG,GT,GG,TT,AA,AG,AA,TT,TT,CC,TT,TT,CC,TT,AA,AA,GT,CC,GA,CN,TT,TC,CT,CC,AG,NN,AG,TT,CC,CT,TT,AA,TT,TT,GG,AA,TG,CC,NN,TT,CC,GG,NN,TT,AA,CC,GG,TT,AA,TT,GG,AA,TT,GA,GG,TT,GG,TT,AG,TT,AA,TT,TT,AA,GG,CT,CA,GA,GT,AT,GG,CT,GG,GG,CT,CC,AG,AA,GG,GG,TT,CT,TT,TT,TT,GA,NN,GG,GG,GC,TC,AC,NC,CC,NN,GG,CA,CC,CC,GG,GG,TG,CG,CT,TT,TT,GA,TT,GG,GG,GC,AA,GG,TT,TT,TT,GG,GA,TT,CA,AA,TT,CC,TT,NA
Iberian population in Spain,,,,HG02233,,GA,AA,TT,NN,CN,GA,CC,TT,GG,TT,TT,AG,CT,GG,CC,GG,TT,TC,CC,TN,AA,TT,GG,TC,GC,AA,CN,TT,TC,GG,CT,TT,CG,TG,TT,TT,TC,CC,TG,AA,TT,GG,TT,AA,AG,GG,CC,TT,TT,GG,GG,GG,TT,TT,GA,GG,AA,TT,TT,CC,TT,AT,TC,CT,GA,AA,TG,TC,AG,CC,CT,TT,TC,CC,AG,NN,GG,TG,CC,CT,TC,AA,TT,TT,GG,AA,TT,CC,NN,GG,CC,GG,CN,TC,AG,CC,GG,CT,AA,CT,AG,TA,TC,GG,GG,TT,AA,TT,GG,TT,AG,TT,CT,AA,AA,CC,CC,AA,GT,AA,GA,CC,GG,TT,TC,TC,GA,NN,GG,GG,TT,TC,CC,TC,AA,GG,NN,GG,GT,CC,TT,CA,NN,CC,NA,GG,CA,NC,CC,GG,GG,GG,CC,TT,AT,TT,GA,TT,GG,GG,GC,AA,GG,TT,TT,CT,GG,AA,TA,AA,AA,TT,CC,TT,AA
Iberian population in Spain,,,,HG02235,,AA,CA,TC,NN,CC,GA,TT,TT,GT,CT,NN,GA,TC,GG,CA,GA,TT,CC,CC,NT,AA,CT,AG,TC,GC,AA,NN,TT,TT,GG,TT,GT,GG,GT,TT,CT,CT,CC,TG,AA,TC,GG,TT,AA,AG,GG,CC,TT,TT,GG,GG,GG,TT,TC,AA,GG,TA,CC,TT,TC,TT,TT,CC,TT,AA,AA,GT,CC,AA,CN,CT,TT,CC,CC,AG,NN,AG,TT,TC,CT,TT,AA,TT,TT,GG,GA,GG,CC,GG,TT,CC,GG,NN,TT,AA,CC,AG,CC,AA,TT,GG,TA,CC,GA,AG,TT,AA,TT,GG,TT,AA,TT,TT,AA,GA,CC,CC,GG,GG,AA,GG,CC,GT,TT,CC,CC,AA,NA,GG,AG,TC,TT,TC,TT,AT,AG,CC,GG,GG,CC,TT,CC,NN,CC,NN,GG,AA,CC,CC,AG,GG,TT,CG,TC,TT,TT,GG,TT,GA,TG,GC,AA,AG,TT,GG,TT,GA,AA,TT,CC,AA,CT,CC,TT,AA
Iberian population in Spain,,,,HG02236,,AG,AA,CT,NN,NC,GA,CC,TT,TT,TT,TN,AA,CT,GG,CA,AG,TT,TC,CC,TT,AA,TT,AG,CC,CG,GA,NN,CT,TT,GG,TC,GG,GG,GT,TT,CT,TC,CC,GT,AA,CC,GG,AA,AA,GG,GG,CG,TT,TT,GG,AG,GG,TG,TT,GG,AG,AT,TC,CT,CC,GT,TT,CT,TT,AA,AA,TT,CC,AG,CC,TT,TT,TC,CC,AG,NC,GA,TT,CC,TC,TT,AA,TT,TT,GG,AA,GT,CC,NG,TT,CC,GG,NN,TT,AA,CC,GG,TT,AC,TT,GA,TT,TC,AA,GA,TT,AA,TT,GG,TT,AA,TT,TT,AA,AA,CC,CC,AA,TT,AT,AG,CC,GG,GG,CT,CC,AA,AN,CG,GG,CT,TT,TT,TT,AT,GA,CC,GG,TT,CC,CT,AC,NN,AC,NN,GG,CA,NN,CC,GG,GG,GG,GC,TT,TT,TT,GG,TT,GG,GG,GC,AA,GG,TT,TT,TT,GA,AA,TT,AA,AA,CT,CC,TT,AN
Iberian population in Spain,,,,HG02238,,AA,AA,CT,NN,NC,AA,CC,TT,GG,TT,TT,AA,CT,GG,CC,AG,TT,CC,CC,TT,AA,CC,GA,TC,GC,AA,NN,CT,TT,GG,TT,TG,CG,TG,TC,TT,CC,CC,TG,AA,TT,GG,AT,AA,AA,GG,CC,TC,TT,GG,GG,GG,GT,TT,AG,GG,AT,TC,TT,TC,TT,TT,TC,CT,GG,AA,TT,TC,GG,CC,CT,TT,CC,CC,GA,CC,GG,TT,CT,CT,TT,AA,TT,TT,GG,AA,GG,CC,NN,TT,CC,GG,NN,TT,AA,CC,GG,TC,AC,TT,GG,AA,TC,AG,GA,TT,AA,TT,AG,TC,GG,TT,TT,GA,AA,CC,CC,GA,GT,AA,AG,CC,TG,TT,CC,CC,AG,NA,GG,GG,TC,CC,TC,TT,TT,GG,CN,GG,TT,CC,CT,AC,NN,CC,NN,GG,AA,CN,CC,GG,GG,GT,CG,TC,TT,TT,GG,TT,GG,GG,GG,AA,AG,AT,TT,CT,GG,AA,TT,CA,AA,TC,TC,CT,AA
Iberian population in Spain,,,,HG02239,,AG,AA,TT,NN,NC,AA,TT,TA,GT,CC,NN,AG,CC,GG,CC,GA,TT,TC,CC,TT,AA,CC,GG,CC,GC,AA,NN,TT,CT,GG,TT,GG,GG,TT,TT,CT,TC,CC,GG,AA,TT,GG,TT,AA,GG,GG,CC,TT,TT,GA,GG,GG,GT,TC,GA,GG,AA,CC,TT,CC,TT,TT,CC,TT,AG,TA,GG,CC,AG,CN,TT,TT,CT,CC,AA,CC,AA,TT,CC,TC,TT,AA,TT,TT,AA,AA,GG,CC,GN,TT,TC,AG,NC,TT,GA,CT,GA,TT,AA,CT,AA,TA,TC,GA,GG,CT,AG,TT,AG,TT,AA,TT,TC,AA,AA,CC,CA,AG,GG,TA,GG,TC,GT,TT,CC,CC,AG,AA,CG,GG,TT,TT,CT,TT,TT,GG,CC,AG,TG,CC,TC,CA,CN,CC,AA,GG,AA,CN,CC,GG,CG,TT,GC,CT,TT,TT,GG,TT,GG,GT,GG,GA,GA,TT,TT,TT,GG,AA,TT,CA,AA,TT,CC,TT,AA
Italy,,,,NA20502,,AA,AA,TT,NN,CC,AG,TC,TT,GT,TC,NN,GA,CC,GG,CA,GG,TT,CC,CC,TT,TA,CC,GA,TC,CG,AA,NN,CT,CC,GG,TT,TG,GG,TT,CT,CT,CC,CG,GG,AA,TC,GA,TA,AA,GG,GG,CG,TT,CT,GG,GG,TG,TT,TT,GA,GG,AA,CT,TT,CC,TT,TT,CC,TT,AG,AA,TG,CC,AG,CC,TT,TT,CC,CC,AA,NN,AA,TT,CC,CT,TC,AA,TT,TT,GG,AA,GG,CC,GG,TT,CC,GG,CN,TT,AA,CC,GG,TT,AA,TT,GA,AA,CT,AG,GG,TT,AG,TT,GG,TT,AA,TT,TT,AA,GA,CC,CC,GA,GT,TA,GA,CC,GT,TT,CC,CC,AA,AA,CG,GG,TT,TC,CT,CT,TT,GA,NC,GG,GG,CG,CT,AC,NC,CC,AN,AG,AA,CN,AA,GG,GC,TT,GG,TT,AT,TT,GG,TT,GG,GG,GC,AA,AA,TT,TT,TT,AG,AA,TT,CC,AA,CT,CT,TT,AA
Italy,,,,NA20503,,GA,AA,TC,NN,CC,AA,CT,TT,GT,TT,TN,GA,TT,GG,CC,AG,TT,CC,CC,NT,AA,CT,GG,CT,GG,AA,NC,TT,CT,AG,TT,TT,GG,GG,TT,CT,CC,CG,TG,AA,TC,AG,AA,AA,GA,GG,GC,TT,TT,GG,AA,GG,GT,TT,GA,GG,AA,CT,TT,CC,TT,AT,TT,CT,GG,AA,GT,CC,GG,CC,CC,TT,TC,CC,AA,CN,GA,TT,CC,TC,TT,GA,TT,CT,AG,AA,TG,CC,NN,TT,CC,GG,CC,CC,AA,CT,GG,CT,AC,CT,GG,AA,TT,GA,GG,TT,GG,TT,AG,TT,GA,TT,TT,AA,GA,CC,CC,GG,GG,TT,GG,CC,GG,TT,CC,CC,AA,AA,GG,GG,CT,TT,TT,CT,TA,GG,CC,GA,GG,CG,TT,CA,CN,CC,NN,GG,CA,CC,CC,GA,GG,GG,GG,CT,TA,TT,GG,TT,GA,GG,GC,GA,GA,TT,TT,TT,AA,AA,TT,AC,AG,TC,CC,TT,AA
Italy,,,,NA20504,,GG,AA,TT,AN,CC,AA,CT,TT,TT,TT,TT,AA,CC,GG,CC,AG,TT,CC,CC,TT,TT,CT,AA,CC,CG,AA,NC,TC,CT,GG,TC,TG,GG,GT,TT,CT,CC,CC,GG,AA,TC,GG,AT,NN,GG,GG,CG,TT,TT,GG,GG,GG,GT,TT,GA,GG,AA,TC,TC,CC,TT,TT,CC,TT,GA,AT,TG,CC,AG,CN,CC,TT,CC,CC,GA,NN,GG,TT,CC,TC,TT,AG,TT,TT,GG,AA,GT,TC,GN,TT,CC,GG,NC,TT,AA,CC,GG,TC,AC,TT,GA,AA,TT,GA,GG,CC,GA,TT,AA,CC,AA,TT,CT,AA,AG,CC,CC,AG,TG,TA,GG,CT,TG,GG,CC,CC,AG,AN,GG,GG,CT,TT,TC,TT,TT,GA,CC,GG,TG,CC,TT,AC,NN,CC,AA,GG,AA,NC,CC,GG,GC,TT,GG,TT,AT,TT,GG,TT,GG,GG,CC,GA,GG,TA,TT,CC,AG,AA,AT,AA,AA,TT,CC,TT,AN
Italy,,,,NA20505,,AA,AC,TC,NN,NC,AA,CC,TT,GG,TT,TN,GA,CT,GG,CC,GA,TT,CT,CC,TT,AA,CC,GA,CC,GG,AA,NC,TC,CC,GG,TT,GG,GG,TT,TT,CT,CC,CG,GG,AA,TT,AG,TA,AA,AA,GG,CG,TT,TC,AG,GG,GT,GT,CT,GA,GG,AA,TC,CT,CT,TT,TT,CC,TT,AG,AT,GG,CT,AA,CC,CT,TT,CC,CC,AA,NN,GA,TT,CT,TC,TT,AA,TT,CT,GG,AA,GT,CC,NN,TT,CC,GG,CN,TC,AG,CT,GG,CT,AA,TT,AG,AA,CT,GA,GG,CT,AG,TT,GA,TT,GA,TT,TC,GA,GA,CC,CC,AA,TT,AA,GA,CT,GG,TT,CC,CC,AG,AA,GG,GG,CT,TC,TT,TT,TA,GA,CC,GG,GG,CG,CC,AC,CN,CC,AN,GG,AA,CN,CC,GG,GG,TT,GC,TT,TT,TT,GG,TT,GA,GG,GC,AA,GA,TT,TT,TC,AA,AA,TT,AC,AA,TT,CC,TT,AN
Italy,,,,NA20506,,AG,CA,TT,NA,CN,AA,TC,AA,GT,TT,NT,GA,TC,GT,CA,AG,TT,TC,CG,TN,AA,CT,AG,TT,CG,AA,NN,CC,CC,GG,TT,GG,GG,GT,TT,TT,CC,CG,TG,AA,TC,GG,AT,AA,AG,GG,GC,TT,TT,AG,AG,GT,GT,TC,GA,AG,TA,CC,TT,CC,TG,TT,TT,CC,AA,AA,GG,CT,GG,CN,TT,TT,TC,CC,AA,CN,GG,TT,CC,TC,TT,AA,TT,TT,GG,AA,GG,CC,NN,TT,CC,GG,CN,CT,GA,CT,GG,CC,AC,TT,GG,AA,TT,AA,GA,TT,GG,NT,AG,CT,GA,TT,TC,AA,GA,CC,CC,GG,TT,AA,GG,CT,GG,TG,CC,CC,AG,AA,GG,GG,TT,TT,CT,TC,AT,GG,CC,GG,GG,CG,CC,AA,NN,CC,AN,GG,AA,CC,CC,GG,GG,TG,CG,TC,TA,TT,GG,TT,GG,GG,GC,AA,GG,TT,TT,TC,AA,AA,TT,CA,AA,CT,CC,TT,NA
Italy,,,,NA20507,,AA,AA,TC,NN,CN,AA,TC,TT,TG,TT,NT,AA,CC,GG,CC,AG,TT,TC,CC,TT,AA,TC,AA,TC,CG,GA,NN,TC,TC,GG,TC,GG,GG,GG,TT,TT,CC,CC,GT,AA,TC,AG,TA,AN,GA,GG,CC,TT,TT,GG,GA,GG,GG,TT,GG,GG,AA,TC,TT,TC,TT,TT,CC,TT,AA,AA,TG,CC,GG,NC,CT,TT,CC,CT,AA,CN,AG,TT,TC,CC,TT,AA,TT,TT,GA,AA,GG,CC,NN,GT,CC,GG,NN,CT,AA,CT,GG,CC,AA,TT,AG,AT,TC,GG,GG,TT,GA,TT,AA,CT,GA,TT,CT,AA,AA,CC,AC,AA,TT,AA,GG,TT,GT,TT,CC,CC,AA,AN,CG,GG,CT,TC,TT,TT,TT,GG,CC,GG,TT,GC,CT,AC,NC,CC,AN,AG,AA,CC,CC,GG,GC,TT,GG,TT,TT,TT,GG,TT,GG,GT,GG,AA,AG,TT,TT,TT,AG,AA,TT,CC,AG,TC,TC,TT,AA
Italy,,,,NA20508,,AA,AC,TT,NN,CC,AA,CT,TT,GG,TT,NT,AA,TC,GG,CC,AG,CT,CC,CC,TT,AA,CT,GA,CT,GC,AA,CN,TT,TT,GG,TT,TT,GG,GG,TT,CC,CC,CG,TT,AA,CT,GA,AA,AA,AG,GG,CC,TC,TT,GG,GG,GG,GG,TT,GA,GG,AA,CT,TT,CC,TT,TT,TT,CT,GA,AA,TG,CC,AA,CC,CC,TT,CT,CC,AA,NN,AG,TT,CC,CC,CC,GA,CT,TT,GG,GG,GG,CT,NN,TG,CC,GG,NN,TT,GA,CT,GG,TC,CA,TT,GG,TA,CT,AG,GG,CT,AG,TT,GG,TT,GG,TT,TT,AA,AG,CC,CA,AG,TG,TA,GA,CT,GG,TT,CC,TC,AA,NA,CG,GG,CT,TC,TT,TT,AT,GG,CC,AG,GG,CC,TC,AA,NN,CC,NN,GG,AA,CC,CC,AA,CG,TG,GG,CT,TA,TT,GG,TT,GG,GG,CG,AA,GA,TT,TT,TC,GG,AG,TT,AA,AG,TT,CT,TT,AN
Italy,,,,NA20509,,GA,AC,CT,NN,CC,AA,TC,AT,GT,TT,TT,GA,CT,GG,CA,GG,CT,CC,CC,TT,AA,TT,AA,CT,GG,AA,CC,TT,TT,GG,TC,TG,GG,TG,TT,TT,CC,GC,GG,AA,TC,GA,TA,NA,AA,GA,GG,TT,TT,GA,GG,GG,TT,TT,GA,GG,AA,CC,TT,CT,TT,TT,CC,TT,AA,AA,GG,CT,GG,NC,TC,CT,CC,TC,AA,NN,AA,TT,CC,CT,CC,AA,CT,CT,GA,AA,TG,CC,NG,GT,CC,GG,NC,TC,AG,CC,GG,CT,AA,CT,AA,AT,TT,GA,GG,TT,GA,TT,GG,TT,AA,NT,CT,GA,GA,CC,CC,AG,TG,AA,GG,CC,GG,TT,CC,CC,AA,AN,CG,GG,CT,TC,TC,CT,TA,GG,NC,AG,GG,GC,TT,CA,CC,CA,NN,GG,AA,NN,CC,GG,GC,TT,GG,TT,TT,TT,GG,TT,AA,GG,GG,GG,GG,TT,TT,TC,GG,GA,TT,AA,AA,TT,CC,TT,NA
Italy,,,,NA20510,,GA,CA,TT,NA,NC,AA,CT,AT,GG,CT,NT,AA,TC,GG,CC,GA,TT,CT,CC,NT,AA,CT,AG,TC,CG,AA,NN,TC,TT,GG,CT,TT,GG,TT,TT,TC,CC,CG,GG,AA,TC,GA,TT,AA,GG,GG,CG,TT,TT,GG,GG,GG,TG,TT,AA,GG,AA,CC,TT,CC,TT,TA,CT,TT,AA,AA,GT,CC,GG,NC,TT,TT,TT,CC,AG,NN,AA,TT,CT,TC,TC,AA,TT,TT,GG,AA,GG,CC,NN,TG,CC,GG,CN,CT,AA,CC,GG,TC,AA,CC,AG,AA,TT,AA,GG,TT,AA,TT,GA,TT,GA,NT,CC,AA,GA,CC,CA,AA,TT,AT,AG,CC,GT,TG,CC,CC,AG,AA,GG,GG,TT,TT,TC,TT,TA,AG,CN,AG,TG,CC,CC,AA,NN,CC,AN,AG,AA,NC,CC,AG,GG,TT,GG,TT,AT,TT,GG,TT,GG,GG,CC,AA,GA,TA,TT,TC,AG,AA,TT,CC,AA,CC,CC,TT,NA
Italy,,,,NA20511,,GG,CA,TT,NN,NC,AA,TT,AA,GG,CC,TN,GA,TT,GG,CC,AG,TT,CC,CC,TT,AA,CT,AG,TC,CG,GA,NN,TT,CT,AA,TT,GT,GG,GT,TT,CT,TC,CC,GT,AA,TC,AA,AA,AA,GG,GG,CC,TT,TT,GG,GG,GG,TT,TT,AG,GG,AA,CT,TT,CC,TT,TT,CC,TT,AG,AA,GG,CC,AA,CC,CC,TC,CC,TC,GA,CN,GG,TT,CT,TC,TC,AA,TT,TT,AG,AA,GG,TC,NG,TT,CC,GG,NN,TC,AA,CT,GG,TC,AA,TT,AG,AA,CT,AA,GG,TT,AG,TN,GG,CT,GA,TT,CT,AA,AA,CC,CA,AG,TG,AA,AG,CC,TG,GT,CC,CC,AA,AA,GG,AG,CC,TC,TC,CT,TA,GA,CC,GG,GT,GC,TC,CC,NN,CC,NN,GG,CA,CC,CC,GG,GG,TT,CG,CT,TA,TT,GG,CT,GG,GG,GG,AA,GG,TT,TT,CT,GG,GA,TT,CA,AA,CT,CT,TT,AA
Italy,,,,NA20512,,GA,CA,TT,NN,CC,AA,TT,TT,GT,TT,NT,GG,CC,GG,CC,GA,TT,CC,CC,TT,AA,TC,AG,CC,CG,GG,CN,CT,CT,GG,TT,TG,GG,TT,TT,TC,TC,CC,GG,AA,CC,GG,AT,NA,AA,GG,CC,TT,TC,GG,GG,GG,TT,TC,AA,GG,AA,CC,TT,CC,TT,TT,CC,TT,AA,AA,GG,CC,GG,CC,TC,TT,TC,CC,AA,NC,GG,TT,CC,TC,TT,GA,TT,TC,GG,AG,GG,CC,NN,TT,CC,GG,CN,CC,GA,TC,GG,TT,AC,TT,AA,TT,CT,AG,GA,TT,AA,TT,GG,TT,AA,TT,TT,AA,AA,CC,AC,AA,TT,AA,GG,CC,TG,TT,CC,CT,AG,AN,GG,GG,CC,TC,TT,TT,TT,GG,CC,GG,TT,GC,CC,CA,NN,CC,NN,GG,AA,CC,CC,AG,GG,TG,GG,CC,TT,TT,GG,TT,GG,GG,GG,AA,GA,TT,GT,CC,AG,AA,TT,AA,AA,CC,CC,TT,AA
Italy,,,,NA20513,,GA,AC,TT,NA,CN,AG,CT,TT,TT,TC,NT,GG,CC,GG,CC,AA,TT,CC,CC,TT,AA,TT,AA,CT,GG,AA,CC,TT,TC,GG,TT,TT,GG,GG,TT,TC,CC,CC,GT,AA,TT,GG,AT,AA,AA,GG,CG,TT,TT,GG,GG,GG,GT,TT,AG,GA,AA,CC,TT,CC,TT,TT,CC,TT,GG,AA,GG,CC,GG,CC,CT,TT,TC,CT,AA,CN,AA,TT,TC,CC,TT,AA,TT,TT,GG,AA,GT,TC,NG,TT,CC,GG,NN,TC,AA,CC,GA,CT,AA,CT,AG,AT,TT,AG,GG,CT,AG,TT,GG,TT,AA,TT,TC,AA,AG,CC,AC,GA,TG,AA,AG,CC,GG,TT,CC,TC,AA,AA,GG,GG,TT,CC,TC,TT,AT,AG,NC,GG,GG,GC,CC,AC,CN,CC,AA,GG,AA,NN,CC,GG,GC,TG,CG,CT,TA,TC,GG,TC,GG,GG,GG,AA,GG,TT,TT,CT,AA,AA,TT,AA,AA,TC,CT,TT,AA
Italy,,,,NA20514,,AA,AA,TT,AN,NC,AA,TT,AT,GG,TC,NN,GA,TC,GG,CC,GA,TT,CC,CC,TT,TA,CC,AG,TC,CC,AA,NC,TT,CT,GG,TT,GT,GG,TG,TT,TT,CC,GG,TG,GA,CC,GG,AT,AA,AG,GG,CC,TT,TT,GG,AG,GG,TG,TT,GG,GG,AT,TT,CT,CC,TT,TT,CC,TT,AG,AA,GT,TC,GA,CN,CT,TT,CC,CC,AA,CN,AG,TT,CC,CC,TT,AA,TT,CT,GG,AA,GG,CC,NN,TG,CC,GG,NN,CC,GG,CC,AG,CC,AA,TT,AG,AA,CT,GA,GG,TC,GG,TT,GA,TT,AA,TT,TC,AA,GA,CC,CC,AA,TT,TA,GA,TC,GT,GG,TC,CC,AA,AA,GG,GG,CT,TC,TC,TT,AT,AG,CC,GA,GG,CG,TC,CA,CC,CC,NN,AG,AA,NN,CC,GG,GG,TG,CG,TC,TT,TT,GG,TT,GG,TG,GG,AA,GG,TT,TT,TT,GA,AA,TT,CA,AA,CC,CC,TC,NN
Italy,,,,NA20515,,AG,CA,TT,AA,CN,AA,CC,TT,TT,TT,TT,AG,TC,GG,CC,AA,TT,CC,CC,NT,AA,CT,GG,TC,CC,AA,NN,TC,TT,GG,TT,GG,GC,TT,TT,CC,CT,CC,GG,AA,TC,GG,AT,AA,AG,GG,GG,TC,TC,GG,GA,GG,TG,TT,GG,GG,AA,CC,TT,CC,TT,TT,CC,TT,GG,AA,TG,CC,GA,CC,CT,TT,TC,CC,GG,NC,GG,TT,CT,TC,TT,AA,TT,TT,AA,AA,GG,TC,NG,TT,CC,GG,NC,TC,AA,TT,GG,TC,AA,TT,GG,TA,TT,GG,GG,TT,AG,TT,AG,CC,AG,TT,TT,AA,AA,CC,CC,AG,TT,TA,GG,CC,TG,TT,CC,CC,GA,NA,GG,GG,CC,TT,TT,TC,TT,GG,CN,GG,TT,CC,CT,AC,NC,CC,NN,AG,AA,CN,CC,GG,GC,GG,GC,TC,TA,TT,GA,TT,GG,GG,CG,AG,GA,TT,TT,TT,GA,GA,TT,CA,AA,CT,CC,TT,AN
Italy,,,,NA20516,,GA,AA,CC,NN,CC,AA,TC,TA,GT,CT,NT,AA,TC,GT,CC,AA,TC,TC,CC,TT,AA,CC,AG,CT,CC,GA,NC,TT,TC,GG,CT,TT,GG,GT,TT,CT,CT,CC,GT,AA,CT,GG,TT,AA,AG,GG,CC,TT,CC,GG,GG,GG,GG,TT,AA,GG,AA,TT,TT,CC,TT,TT,CC,TT,GG,AA,GG,TC,AG,CC,TT,TT,CC,CC,GA,NN,AA,TT,CC,TC,TC,AG,TT,CT,AA,AG,GG,CC,NN,TT,CT,GA,NN,TT,AA,TC,GG,TT,AA,TT,GA,AA,TC,AG,GG,TT,AA,TT,GA,TT,AA,TT,CC,AA,GA,CC,AC,AA,GT,AA,AG,CT,TG,TT,CC,CT,AG,AN,GG,GG,CC,TT,TC,CT,AT,GG,CC,GA,TG,GG,CT,AC,NC,CC,AN,GA,AA,CN,CC,GG,GG,TT,CG,TT,TA,TT,GG,TT,GG,GG,CC,AA,GA,TT,TT,CT,AG,AA,TT,AA,AA,CC,CT,TT,NA
Italy,,,,NA20517,,AG,AA,TC,NN,NC,AG,TT,TT,GG,TT,TN,GA,CC,GG,CC,GA,TT,TC,CC,TN,AA,CT,GA,CC,CG,AA,CC,TC,TT,GG,TC,TG,CG,GG,CT,TT,CC,CC,GG,AG,TC,GG,AT,AA,GA,GA,CC,TT,TT,AG,GG,GG,GT,TT,GA,GG,AA,TC,TT,CC,TG,TT,CC,TT,GA,AA,GT,CC,AG,CN,TC,TT,CT,CC,AA,CN,GA,GT,CC,CT,TT,AA,TT,TT,AG,AA,GG,CC,GN,TG,CC,GG,CN,TC,AA,CC,GG,TT,AA,TT,AG,AA,TT,GA,GG,TT,AG,TT,GG,TT,AA,TT,CT,AA,AA,CC,CC,AG,TG,AA,GG,CC,TG,TT,CC,CC,AA,AN,GG,GG,CC,CC,CC,TC,TT,AG,CC,GG,TG,CC,CT,AA,NN,CC,AN,GG,CA,CN,CC,GG,GG,TG,GC,CT,TT,TT,GA,TT,AG,GG,CG,AA,GA,TT,TT,TC,GA,GA,AT,CA,AA,TC,CC,TT,AA
Italy,,,,NA20518,,AA,CA,CT,AN,CN,GG,CT,TT,GG,TT,NN,AG,CT,GG,CC,AA,CT,CT,CC,TT,AA,CC,AG,CC,CC,GA,NN,TC,TC,GG,TT,GG,GG,GG,TC,TT,CC,CC,GG,AA,CC,GG,AT,AA,AA,GG,CG,TT,CT,GG,GG,GG,TT,TT,AA,GG,TT,CT,CT,CC,TT,TT,TC,TT,AA,TA,GG,CC,AG,CC,CT,TT,CT,CC,AA,NN,AG,TT,CC,CT,TT,AA,CT,TT,GG,AA,GG,CC,NG,TT,CC,GA,NN,TC,AA,CC,GG,CC,AA,CT,AG,AT,TT,GA,AG,TT,GA,TT,GG,TT,AA,NT,CT,AA,AG,CC,CC,AG,TG,AT,AG,CC,GG,GT,TC,CT,GA,AA,GG,GG,TC,TC,CT,TT,TA,AA,CN,AG,TG,CG,TC,AA,NN,CC,AN,GA,AA,NN,CC,GG,CG,TT,GG,CT,TT,TT,AG,TT,GG,GG,CC,GA,GG,TT,TT,CT,GG,AA,TT,AA,AA,CC,CC,TT,AA
Italy,,,,NA20519,,AA,CC,TC,NN,CN,AG,CT,TT,TT,CT,TN,GA,TT,GG,CC,GG,TC,CC,CC,TT,AA,CC,GA,TT,GC,AG,NN,TT,TT,GG,TT,TT,GG,TT,TT,CT,TC,CC,GG,AA,TC,GA,AA,AA,AG,GA,CC,TT,TT,GG,GG,TG,GG,TT,AA,GG,AA,CC,TT,CC,TT,TT,CC,TT,AA,AA,TG,CT,AA,CN,CC,TT,CC,CC,AA,CC,GG,GT,CT,CC,CT,AA,TT,CT,GG,AA,GG,CC,NG,TT,CC,GG,NC,CT,GA,TC,GG,CC,AC,TC,AA,AT,TT,AA,GG,TT,GA,TT,AA,TT,AA,TT,CT,AA,GA,CC,CC,AA,GG,TA,GG,CC,GG,TG,CT,CC,AA,AA,GG,GG,CC,TT,TT,TC,TA,GG,NC,GG,GG,GG,CT,AC,NN,CC,NA,AA,CC,CC,CC,GG,GG,TT,GG,CT,TT,TT,GG,TT,GG,GG,CC,AA,GG,TT,TT,CC,AG,GA,AT,AC,AA,TT,CC,TT,AN
Italy,,,,NA20520,,GA,AA,TT,AN,NC,AA,CT,TT,TT,TT,NN,AG,CT,GG,CC,AA,TT,CC,CC,TT,AA,TC,AA,CT,CC,AA,NN,TC,TC,GG,TT,GG,GG,TT,TT,CT,TT,CC,GG,AA,TT,GA,TA,AA,AA,AG,GC,TT,TT,GG,GG,GG,GT,TC,GG,GG,TT,CT,TT,CC,TT,TT,TT,TT,AA,AA,GG,CC,GG,CC,TC,TT,TC,CC,AA,NC,GG,TT,CC,CT,TT,AA,TT,CT,GG,AA,GG,CC,NN,GT,CC,GG,NC,TC,AA,CC,GG,TC,AA,TT,GA,AA,TT,AG,GA,TT,AA,TT,AA,TT,AG,TT,TT,AA,AA,CC,CC,GG,GG,AA,GA,CC,GG,TT,CT,CC,AG,AA,GG,GA,TT,TC,TT,TT,TT,GG,CC,AG,GT,CC,CT,CA,NN,CA,NN,GG,AC,NN,CC,GG,GG,GG,GC,TC,TT,TT,GG,CT,GG,TG,CC,AG,AA,TT,TT,TT,GG,AA,TT,AA,AA,TT,CC,TT,AA
Italy,,,,NA20521,,AA,AA,TT,AN,NN,AG,CC,AT,TT,TT,NT,AA,TC,GG,CC,GA,TT,CC,CC,TT,AA,TC,AG,CC,GG,AA,NC,TT,CC,GG,TT,GT,GG,GG,TT,TT,CC,GC,GT,AA,TT,GG,TT,AN,AA,GG,CC,TT,CC,GG,GG,GG,GT,TC,AA,GG,AA,CT,TT,TC,TT,TT,CC,TT,AA,AA,GG,CT,GG,CC,CT,TT,CC,CC,GA,NN,AA,TT,CC,CT,TT,AA,TT,TT,AG,AA,GG,CT,GN,TT,CC,GG,NC,CT,AA,CC,GG,TC,AC,TC,AA,AA,TT,GG,GG,TT,AA,TT,GG,TT,AA,TT,CC,AA,AA,CC,CC,GG,TG,AA,GG,CC,GG,TG,CC,CC,AA,NN,GG,AG,TC,TT,TT,TC,TA,AG,CC,GA,GT,GC,CC,CA,NN,CC,NN,GG,AA,NC,CC,GG,GC,TT,GC,TT,AA,TT,GG,TT,GG,GG,GC,AA,GG,TT,TT,TC,AA,AA,TT,AA,AA,TT,CC,TT,NN
Italy,,,,NA20522,,GG,AA,CT,NN,CN,AG,CT,TT,TT,TT,NT,AA,TC,GG,CC,GG,TT,CC,CC,TT,AA,CC,AG,CC,CC,AA,CN,CT,CT,GG,TT,TG,GG,TT,TT,TT,CT,CC,GG,AA,TT,GG,TT,AN,AA,GG,GG,TT,TT,GG,GG,GT,GT,TT,GA,GG,AA,CC,TT,CC,GT,TT,CC,TT,GA,AA,GT,CC,GG,CC,TT,TC,TC,CC,GA,NN,GA,TT,CC,CT,CT,AA,TT,TT,AA,AA,GG,CC,NN,GT,CC,GG,NN,TT,AA,CC,GG,CT,AA,CC,AA,AA,CT,AA,GG,TT,AG,TT,AG,TT,AA,TT,TC,AG,GA,CC,CC,AA,TT,AA,GG,TC,GT,TT,CC,CC,AA,AA,GG,GG,CT,TC,TC,TT,TT,GG,CC,AA,GT,CG,CT,AC,NC,CC,NN,GG,AA,CC,CA,GG,GG,TT,GG,CC,TT,TT,GG,TC,GG,GG,GG,AA,GG,TT,TT,CT,GG,AG,TT,AC,AA,TT,CC,TT,NA
Italy,,,,NA20524,,AA,AC,TC,NN,CC,AA,TT,TA,GG,TT,NT,GG,TC,GG,CC,GG,TT,CT,CC,TN,AA,CC,AA,TT,GC,AA,CN,CT,TC,GA,TT,GG,GG,GT,TT,TC,CC,CC,GT,AA,CC,GG,AT,AA,AG,GG,CC,TT,TT,GG,GG,GG,TT,TT,GA,GG,TA,CT,TT,CC,TT,AT,TC,CT,AG,AA,GG,CT,GA,CC,TT,TT,CC,CC,AA,NN,GA,TT,TC,CC,TT,AA,TT,TT,GG,AA,GT,TC,NN,TG,CC,GA,NC,CC,AA,CC,AG,TC,AA,TT,GA,AT,TT,GA,GG,TT,GA,NT,GA,TT,AA,TT,CC,AA,AA,CC,CC,GG,TG,TA,GG,CC,TG,GT,CC,CC,AG,NA,GG,GA,TC,TT,TT,TC,AT,AG,NC,GG,TG,CC,TT,CC,NC,CC,NN,GG,CC,CC,CC,AG,GG,TG,CG,TT,TT,TT,GG,TT,GG,GG,GC,AA,GG,TT,TT,TC,GG,AA,AA,AA,AA,TC,TC,TT,AA
Italy,,,,NA20525,,AA,AA,CC,NN,NN,AA,CT,TA,GG,CT,NT,GG,CT,GG,CC,GG,CC,TC,CC,NN,AA,TC,GA,TC,CC,GA,NN,TT,TC,GG,TT,TT,GG,GT,TT,TT,CC,CC,TG,AA,CT,GG,AA,NA,AA,GG,GC,TT,TT,GA,GA,GG,TG,TT,GA,AG,AA,CT,TT,CC,TT,TT,CT,TT,AA,TA,GG,CC,AG,CC,TT,TT,CC,CT,AA,CN,GG,TT,CC,CT,TC,AA,TT,CT,GG,AA,GG,CT,NN,GT,CT,GA,NN,TC,AA,CC,GG,TT,AA,TC,AA,AA,TT,AG,AG,TT,GG,TT,GG,TT,GA,TT,TT,AA,GA,CC,CC,AG,TG,AA,AA,CC,GG,TT,CC,CC,AA,AA,GG,GG,TC,TT,CT,TT,AT,AA,CC,GA,GG,CC,CC,CC,CC,CA,NN,GG,AA,CN,CC,GG,GG,GT,GC,CC,TT,TT,GA,TT,GG,GG,GG,AA,GG,AT,TG,TT,AG,AG,TT,AA,AA,CC,CC,TT,AA
Italy,,,,NA20527,,AA,AC,TT,NA,CC,AA,TT,TT,GT,TT,NN,GA,CT,TG,CC,GG,TT,CC,GC,TT,AA,CC,GA,CT,CC,AA,CN,TT,TT,GG,TC,TG,GG,GG,TT,TT,CC,CC,GG,AA,CC,AG,TT,AA,GG,GG,CC,TT,CC,GG,GA,GG,TT,TT,AA,AG,TT,CT,TC,CC,TT,TT,CC,TT,GA,AA,GG,TT,GG,CC,TC,TT,TC,TC,AA,CN,GA,TG,CC,CT,TT,AA,TT,TT,GG,AG,GG,CC,GG,TT,CC,GA,CN,TC,AA,TC,GG,CC,AA,CC,AG,AA,TT,GA,GG,CT,GG,TT,AA,TT,AA,TT,TT,AA,AA,CC,CC,AG,TG,AA,AG,CC,GG,TT,CC,CC,AA,AN,GG,GA,CC,CT,CC,TT,TA,AA,NC,GA,TT,CC,TC,CA,NN,CC,AA,GA,CA,CN,CC,AG,CG,GT,CG,CC,AA,TT,AG,TT,GG,GG,GG,AG,GG,TT,TT,CC,GA,AG,TT,AA,AA,TC,CT,TT,AN
Italy,,,,NA20528,,GG,AA,CC,NN,NC,AA,CT,TT,GT,TT,TT,GG,TC,GG,CC,GA,TT,TC,CC,TT,AA,TC,AA,CC,GC,AA,CC,TT,CT,GG,TT,GG,GG,GT,TT,TT,CC,CC,TT,AG,CT,GG,TT,NA,AG,GG,GC,TT,TT,GG,GG,GG,TT,TT,GG,GA,AT,CC,TT,CC,TT,TT,CC,TT,AG,AA,TG,CC,GA,CC,TT,TC,CC,CC,GA,NC,AA,TT,CC,CC,TT,AA,TT,TT,GG,AA,GG,TC,GN,TG,CC,GG,CN,TT,GA,CC,GG,CC,AC,TC,GA,AA,CT,AA,GA,TT,AG,TT,GA,TT,AA,TT,CC,AA,AG,CC,CC,AA,TT,AT,AG,CC,GT,TT,CC,CC,AA,AA,GG,GG,CT,TC,TT,TT,TA,AA,CC,GG,TG,GC,TT,AC,NN,CC,NA,GG,AA,CN,CC,GG,GG,TT,CC,TC,TA,TT,GG,TT,GG,TG,CG,AG,GG,TT,TT,TT,GG,AA,TT,CC,AA,TT,CC,TT,NN
Italy,,,,NA20529,,AG,AC,TT,NN,NC,AA,CC,TT,GT,TT,TT,AG,TC,GG,CC,AG,TT,CC,CC,TN,AA,CT,AG,TC,CG,AA,NC,TT,CT,GG,TT,GT,GG,GT,TT,TT,CC,CC,GT,AA,TC,AG,TA,AA,GG,GG,CG,TT,TC,GG,GG,GT,GG,TT,AG,GG,AA,CT,TT,CC,TT,TT,CT,TT,AG,AA,GG,CT,GG,CC,TT,TT,CT,CC,AA,NN,AA,TG,CC,CT,TT,AA,TT,TT,GG,AA,GG,TC,GN,TG,TC,AG,NN,TT,AG,CT,GG,CC,AA,TT,AG,AT,TC,AA,GG,TT,GG,TT,GA,TT,GG,TT,CC,AA,AG,CC,AC,GA,GT,TA,GG,CC,GG,TT,TC,CC,AA,AN,GG,GG,TT,CT,CT,TT,TT,GA,CC,GG,GG,GC,CT,AA,NN,CC,AA,GG,AA,CC,CC,GG,CG,TT,CC,TT,TT,TT,GG,CT,GG,GG,GC,GA,GG,TT,TT,CT,AG,AA,TT,AC,AA,TC,CC,TT,AN
Italy,,,,NA20530,,AA,CA,TT,NN,NC,AA,CT,TT,GT,TT,TT,GG,CC,GG,CC,AG,TT,CC,CC,TT,AA,CT,AG,CC,CG,AA,NC,CT,CT,GG,TC,GT,GG,GT,TT,TT,TT,CC,GG,GA,TC,GG,TA,NN,AA,GG,CC,TT,TT,GG,GG,GG,TG,CT,AA,GG,TT,CT,CT,CC,TT,TT,CC,TT,AA,TT,GG,CC,AG,CN,TT,TT,CC,CC,AA,NC,AA,TT,CC,CC,TT,AA,TT,TT,GG,AA,TG,CC,GG,TT,CC,GG,NN,TC,GG,CC,GG,TC,CA,CC,GG,AA,CT,GG,GG,TT,AA,TT,GA,TT,GA,TT,TT,GA,AA,CC,AC,AA,TT,AA,GG,CC,GG,TG,CT,CC,AA,AN,GG,AG,TT,TC,TC,TT,TT,AA,CN,AA,TG,CC,CT,AC,NN,CC,NN,GG,AA,NN,AC,GG,GG,GT,CG,TC,TA,TT,GG,TT,GG,GT,CC,AA,GA,TT,TG,TT,GA,AA,TT,AA,AA,TC,TC,CT,NN
Italy,,,,NA20531,,GA,AA,TT,AN,NC,AA,CC,AT,TT,TT,TN,AA,CC,GG,AC,AA,TT,CC,CC,NT,AA,TC,GA,TC,CC,AA,NN,TT,TC,GA,CT,TT,GG,TT,TT,TT,CC,GG,GG,AG,TT,AG,TT,AA,GA,GG,CC,TT,TT,GG,GA,GG,TG,TC,GA,GG,AT,TC,TC,CT,TT,TT,TC,TT,AA,AA,GG,TC,AA,CC,CT,TT,CC,CC,AG,CN,AA,TT,TC,CT,TC,AA,CT,TC,GG,AA,GT,CC,GG,TT,CC,GG,NN,CC,AA,CC,AG,TC,CC,TT,AG,AT,TT,AG,GG,TT,GA,TT,AG,TT,AA,TT,TT,AA,AG,CC,CA,AG,TG,AA,GA,CC,GG,TT,CC,CC,AA,AA,GG,GG,CT,TT,TT,TC,AT,AA,CC,GG,GG,GC,TT,CC,NN,CC,AN,GG,AA,CC,CC,GG,CG,GG,GC,CT,TT,TT,GG,TT,GG,GT,GC,AG,GG,TA,TT,TT,GG,GA,TT,CC,AA,TT,CC,CT,AN
Italy,,,,NA20532,,AA,CA,TT,NN,CN,AG,CC,TT,GG,TT,NT,GA,CT,GG,CC,AG,TT,TT,CC,TT,AT,CC,AA,TC,CC,AG,NN,TT,CT,GG,TT,TG,GG,TG,TT,TT,CC,CC,GG,AA,TC,GG,AA,AA,AA,GG,CC,TT,TC,GG,GG,GG,TT,TT,AA,AG,AT,TC,CT,CC,TT,TT,CC,TT,AA,AA,TG,TC,GA,CC,CC,TC,TC,CC,AG,NC,AG,TG,CC,CT,TT,AA,CC,TC,GG,AA,GG,TT,GN,TT,TC,AG,NN,TC,AG,CT,GG,TT,AA,TT,GG,AA,CT,GA,GG,TT,AA,TT,GG,TT,AA,TN,TT,AA,AG,CT,CC,AG,TT,AA,GG,CC,GG,TT,CC,CC,AA,AA,GG,AG,TT,TT,TT,TT,AA,AG,CC,GG,TG,CG,TT,CC,NN,CC,NN,AG,AA,CN,CA,GA,CG,GT,GG,CT,TT,TT,GG,TT,GG,GG,CG,AA,AG,TT,TT,CC,GG,AA,TT,CC,AA,CC,CC,TC,NA
Italy,,,,NA20533,,GA,CA,TT,NN,CC,AA,CT,AT,TT,TC,TN,GA,CC,GG,CC,GA,TT,CC,CC,TT,AA,CC,AA,CT,GG,AG,NN,TC,TC,GG,TT,GG,GG,GG,TT,TC,CC,CC,TT,AA,TT,GG,AA,NA,GA,GG,CG,TT,TT,AG,GG,TG,GG,TT,GA,GG,TA,CT,TT,CC,TT,TT,CT,TC,GA,AA,GG,CC,GG,NC,TT,TT,TC,CC,AA,CC,AG,TT,CC,CC,TC,AA,TT,TT,GG,AA,TT,CC,GN,TT,TC,AG,NN,TT,AA,CC,GG,CC,AA,TT,AG,TA,TT,AA,AG,TT,GG,TT,GG,TT,AA,TT,TC,AA,GG,CC,CC,AA,TT,AA,AA,CC,TT,TG,CC,CC,GA,AA,GG,GA,CC,TC,TC,TT,TT,GG,NC,GA,GG,GC,CC,AC,NN,CC,AA,GG,AA,NC,CC,GG,GG,TT,GG,TT,TT,TT,AG,TT,GG,GG,GG,AA,GG,TT,TT,CC,GG,AA,TT,CA,AG,TT,CC,TT,AA
Italy,,,,NA20534,,AG,AA,TT,NN,NC,GG,CT,AA,GG,TT,TT,GG,TT,GG,CC,GG,TT,TC,CC,NT,AT,TT,GG,TT,GG,AG,NN,TC,TT,GG,TT,TG,GG,TT,TT,CT,TC,CC,GG,AA,CC,GA,AA,AA,AA,GG,CC,CC,TT,GG,GG,GG,GG,TT,AA,GA,AA,CT,TT,CC,TT,AT,TC,CT,GA,AA,GG,CC,AA,CC,TC,TT,TC,CC,AA,CN,GG,GT,TC,CC,TT,AA,TT,CC,GG,AA,GG,TC,NG,TG,CC,GG,NN,CT,AA,CC,AG,CC,AC,TT,GG,AT,CT,AA,AG,TT,GG,TT,AG,TT,GA,TT,CT,AA,AG,CC,CC,AA,TT,AA,AG,TC,GG,TT,CC,CC,AA,AN,GG,GG,CT,TC,TC,TT,AT,AG,NC,AG,GT,CC,CT,CC,NC,AC,NN,AA,AA,NC,CA,AA,GG,GT,GG,TC,TA,TT,GG,TT,GG,GG,CG,GA,AA,TT,TT,CT,AG,AA,TT,CA,AA,TT,CC,CT,AA
Italy,,,,NA20535,,AG,AA,TT,NN,CN,AA,TT,TT,GG,TT,NN,AA,CC,GG,CC,GA,TT,CT,CC,TT,TT,TC,GA,CT,GG,GA,NN,CT,TT,AG,TT,GG,GG,TG,TT,TC,CC,CC,GG,AA,CC,GG,TT,AA,GA,GG,GG,TT,CT,GG,GG,GG,GG,TT,AA,GG,AA,TT,TT,CC,TT,TT,CT,TT,AA,AA,GG,CT,AG,CN,TC,TC,TC,CT,GA,NN,GG,TT,CC,CC,CT,AA,TT,TT,GA,AA,GG,CC,NN,GT,CC,GG,NN,TC,AG,CC,GG,TT,AC,CT,AA,AA,TT,GA,GG,TT,GG,TT,GG,TT,GA,TN,CC,AA,AA,CC,CC,GA,GT,AA,GG,CC,GG,TT,CT,TC,AA,AA,GG,GG,CT,CT,TT,TT,TT,GA,NC,AG,TG,GC,CT,CC,CC,CC,AN,GG,AC,CC,CC,AG,GG,GT,CG,TT,TT,TT,GG,TT,GG,GG,GG,AA,AG,TT,TT,TT,AA,AA,TT,CA,AA,TT,CT,TT,AN
Italy,,,,NA20536,,AG,CC,TT,NN,CC,AA,TC,TA,GT,TT,TN,AG,CT,TG,CC,AA,TT,TC,CC,TT,AA,TC,GA,CC,GG,AA,NC,TT,TC,GG,TT,TT,GC,TT,TT,TC,CC,CC,GT,AG,CC,AG,AT,AA,AA,GG,CC,CT,CT,GG,GA,GG,TG,CT,AA,GG,AA,CC,TT,CC,TG,TT,CC,TT,AA,AA,GG,CT,GG,CC,CT,TT,CC,CC,GA,NN,AG,TT,CC,TC,TT,AA,TT,TC,GG,AA,GG,CC,NN,TT,TC,AG,NC,TC,AG,CC,GG,CT,AA,TT,GA,AA,TT,GG,GA,TT,AA,TT,GA,TT,GA,TT,CC,AA,AA,TC,CA,AG,TG,AA,GG,CC,GT,TG,CC,CC,AA,AA,GG,GA,CT,CT,TT,TT,TT,AG,CN,GG,TG,CC,CT,AA,NC,CC,AN,GG,AA,NC,CC,GG,CG,TT,CG,CT,TT,TT,GG,CT,GG,GG,CG,AA,GG,TA,TT,CC,GG,GA,TT,AC,AG,TT,CC,TT,AA
Italy,,,,NA20538,,GG,AA,CT,NN,CN,AA,TT,AT,TT,TT,TN,GG,CC,GG,CC,AA,TT,CT,CC,TT,AA,TT,AG,CC,CG,AA,NC,CT,TC,GG,TC,TT,GG,GG,TT,TT,CC,CG,GG,AA,TT,GA,TT,AA,GG,GG,CC,TT,CT,GG,GG,TG,TG,TT,AA,GG,AA,TT,TT,CC,GT,TT,CC,TT,AA,AA,GG,CC,AG,CC,TT,TT,CC,CC,AG,CC,GG,TT,CC,CT,TC,AA,TT,TT,GG,AA,GG,CC,GN,TG,CT,AA,NN,CT,AA,CC,GG,CC,AA,TT,GA,AA,TT,AG,AG,TT,AA,TT,GG,CC,GA,TT,CC,AA,GG,CC,CC,AG,TT,AA,AG,CC,GG,TT,CC,CC,AA,NA,GG,GG,TT,CT,CT,TC,AT,GA,CC,GG,GT,CC,TT,AC,CN,AC,NN,GG,AA,NC,CC,GG,GG,TT,CC,CT,TT,TT,GA,TT,GG,GT,CG,AA,AG,TT,TT,TT,AG,AA,TT,CA,AA,CT,CC,TT,NN
Italy,,,,NA20539,,AG,AA,CC,NN,CC,AA,CT,AT,GT,TT,TN,GG,CT,GG,CC,GG,TT,CC,CC,TT,AA,CC,GG,TT,GG,AG,CC,CT,TT,GA,TT,GG,GG,TG,TT,TT,CC,GG,GG,AA,TC,GG,TA,AA,GG,GG,GC,TT,TC,GG,GG,GG,TT,TT,AG,GG,AA,TT,TT,CT,TT,TT,CC,TT,AA,AA,TG,CC,GA,CC,TC,TT,CC,CC,AG,CC,GG,TT,CC,CC,TT,AA,CT,TT,GG,AA,TG,CC,NN,TG,CC,GG,NN,TC,AA,CC,GG,TT,CC,TC,GG,TT,CC,GA,GG,CT,AG,TT,GA,TT,AA,NT,TT,AA,AA,CC,CC,AA,TT,AT,GG,CC,GG,TT,CC,TC,AG,AA,GG,GG,TC,CT,CT,CT,AA,GG,NC,AG,TT,CC,TT,AC,NN,CC,AN,GG,AA,NC,CC,GG,CG,TG,GG,CT,TT,TT,AA,TT,GG,GG,CC,GA,GG,TT,TT,CT,GG,AA,TT,AA,AA,CC,CC,TT,AA
Italy,,,,NA20540,,GA,AA,TT,NN,CC,AA,TC,TT,TG,TT,TN,GA,CT,GG,CC,GG,TT,CC,CC,TN,TA,CT,GG,TC,GG,AA,CN,TC,TC,GG,CC,TT,GG,GT,TT,CT,CC,CC,GG,AA,CC,AG,TA,AA,AA,GG,CG,TC,TT,GG,GG,GG,GT,TT,AG,GG,TA,TT,CT,CC,TT,TT,CC,TT,AA,AA,TG,TC,GA,CC,CC,TT,TC,CC,AA,NC,AG,TT,CC,CC,TT,AA,CT,TC,GG,AG,GG,TC,GN,TT,TT,AA,NN,TT,AA,CC,GG,TC,AA,TT,GA,AA,CT,GG,GG,TT,AA,TT,AA,TT,AA,TT,CT,AG,AA,CC,AC,AA,TG,AA,GG,CC,GT,TT,CC,CC,AG,AA,GG,GG,TT,TC,TT,TT,TA,GA,CC,AG,TG,CC,CT,AC,CN,CC,NA,GA,AA,CC,CA,GG,GC,TT,CG,TT,AT,TT,GA,TT,GG,GG,GG,AA,GG,TT,TT,TT,GG,AA,TT,AC,AG,CC,TC,TT,AA
Italy,,,,NA20541,,GG,AA,TT,NN,CC,GA,TT,AT,GT,TT,NN,AG,TC,GT,CC,AG,TC,CC,CC,TT,AT,TC,GA,CC,CG,AA,CN,CT,TC,GG,CT,TT,CC,TT,TT,TC,CT,CC,TG,AA,CC,GG,AA,AN,AG,GG,CC,CT,TC,GG,GG,GG,GT,CT,AG,GG,AA,TC,TT,CC,TT,TT,CC,TT,AA,AA,GG,TC,GG,NC,TT,TT,CC,CC,AA,NC,GG,TT,CC,CC,TC,AA,TT,TT,GG,AA,TG,CT,NG,GT,CC,GG,NC,TT,AA,CC,GG,CT,AA,TC,AG,AA,CT,GG,GG,TC,AG,NT,GA,TC,AG,TN,TT,AA,AA,CC,CC,GA,TT,AT,AG,CC,GG,TT,CC,CC,AG,AA,GC,GG,TT,TC,TC,TT,TA,AG,CC,GA,GG,GC,TC,AA,NN,CC,NA,GG,AC,CN,CC,GG,CG,GT,GC,TC,TT,TT,GG,TT,GG,GT,GG,GA,GG,TT,TT,CT,GG,AG,TT,CA,AA,CT,CC,TT,AA
Italy,,,,NA20542,,AG,AA,TT,AN,CC,AA,CT,TA,TT,CT,NT,GG,TC,GG,CC,GA,TT,CT,CC,TT,AA,CT,GG,TC,GC,AA,NN,TT,CT,GG,CC,GG,GG,TG,TT,TC,CC,CC,TG,AA,CT,GG,AA,NA,AA,GG,CC,TT,TT,GA,GG,GG,TG,TT,AA,GG,AA,CT,TT,CC,TT,TT,CC,TT,AG,AA,GG,TC,GA,CC,CT,TC,CC,CC,AA,NN,AG,TT,CC,CC,TT,GA,TC,TT,GG,AA,GT,TC,NN,TG,CT,GA,NN,TT,AA,CT,GG,CC,CA,CC,AG,AT,TC,GA,GG,TT,GA,TT,GA,TT,AA,TT,CT,AA,AA,CC,AC,AG,TG,AA,AG,CC,TG,TT,CC,CC,AA,NA,GG,GG,CT,TT,TC,CT,TT,AG,CC,AA,TT,GC,TC,CC,NN,CC,AN,AG,AA,NC,CC,AG,GG,TT,GG,TT,AA,TT,GG,CT,GG,GG,GG,GA,AG,TT,TT,TT,GG,AG,TT,CC,AA,TT,TC,TT,AN
Italy,,,,NA20543,,GG,AA,CC,AN,CC,AA,CC,TT,TG,TT,TT,AA,TC,TG,CC,AA,TT,CC,CC,TT,TA,CC,AG,TT,GG,AG,CC,TT,TT,GG,TT,GT,GG,GT,TT,TT,CC,CC,GT,AA,CC,GA,AT,AN,GA,GG,CC,TT,TT,AG,GG,GG,TG,TC,GG,GG,AT,CC,TT,CC,TT,TT,CC,TT,AG,AA,GT,TC,GG,CC,TC,TT,CC,CC,AG,CN,AG,TT,CC,CT,TC,AA,TT,CT,GG,AA,GG,CC,GG,TT,CC,GG,NC,TC,AA,CC,GG,TT,AA,TC,GA,AA,CT,AG,GG,TT,AA,TT,GA,TT,AA,TT,CC,AA,AA,CC,CC,AA,TG,AT,GG,CC,GT,TG,CC,CC,AG,AA,GG,GG,TC,CT,CC,TT,TT,AG,CN,GG,TT,GC,CC,AC,NN,CC,NN,GA,AA,NN,CC,GA,GC,TG,CG,TT,AT,TT,GA,TT,GG,GG,GG,AA,GA,TT,TT,CT,GG,AG,TT,AA,AA,TC,TC,TT,NA
Italy,,,,NA20544,,GA,AA,TT,NN,CC,GA,TC,TT,GT,CT,NN,GG,CT,GG,AA,AA,TT,TT,CC,TT,AA,TT,AA,TC,CG,AA,CC,CC,TT,GA,TT,TT,GG,TT,TT,TT,TC,CC,GT,AA,CT,GA,AT,NA,AA,GG,CC,TT,TT,GG,GG,GG,GG,CT,GA,GG,TA,CC,TT,CC,TT,TT,CC,TT,GA,AA,GG,CC,AA,NC,TC,TT,CC,CC,AA,NN,AG,TT,CC,CT,TC,AA,TT,TT,GG,AA,TG,CC,GG,TT,CC,GG,NN,TT,AA,CC,GG,TT,AC,CC,GA,TT,CT,AG,AG,TT,AG,TT,GA,TT,GA,TT,TT,AA,AA,CT,CC,GA,GG,AA,GG,CC,GG,TT,CC,CC,AA,AA,GG,GG,TT,TT,TT,TT,AT,GG,CC,AG,GT,CC,CC,AA,NN,CC,NN,GG,AA,CN,CC,GA,GG,TG,CG,CC,AT,TT,GA,TT,GG,GG,GC,AA,AG,TT,TT,CT,GA,AA,TT,AC,AG,TT,TC,TT,NA
Italy,,,,NA20581,,GG,AC,CT,NN,CC,GA,CT,TT,GT,TT,NT,AG,CC,GG,CC,GA,TT,CC,CC,NT,AA,CC,AA,CC,CG,AA,NC,TT,TT,GG,CT,GT,GG,TT,TT,TC,CC,GC,GG,AA,TC,GG,TT,NA,GA,GG,CG,CT,TT,GG,GG,GG,GG,TT,GG,GG,TA,CC,CT,CC,TT,TT,TC,CT,GA,AA,TT,CC,GA,CC,CC,TT,TC,CC,AA,NN,GA,GT,CC,TC,TC,AA,TT,CT,GG,AA,GG,CC,NG,TT,CC,GG,NC,CC,AA,TC,GG,TC,AC,CT,AG,AA,TT,AG,AG,TT,AA,TT,AA,TT,AA,TT,TT,AA,AG,CC,CC,GG,TG,AA,AA,CC,TG,TT,CC,TC,AA,AA,GG,GA,TC,TT,TT,TT,TT,AA,CC,GG,GG,GC,TC,AC,NN,CC,AA,GG,AA,CN,CC,GG,GG,TG,GG,TT,TT,TT,GG,TT,GG,GG,GC,AG,GG,TT,TT,TC,AG,AA,TT,AA,AA,TT,CC,TT,NA
Italy,,,,NA20582,,AA,CA,TT,NA,CN,AA,CT,TT,TG,CT,NT,GA,TC,GG,CC,AA,TT,CC,CC,TN,AA,CC,AA,CT,CC,GG,NN,TT,CC,GG,TT,TG,GG,TT,TT,TC,CC,CC,GG,AA,CC,AG,AT,AN,GG,GG,CG,TT,TC,AG,GG,GT,TG,TT,AA,GG,AA,TC,TC,CC,GT,TT,TC,TT,GG,AA,GG,CC,GA,CN,CC,TT,CT,CC,AA,CN,GG,TT,CC,TC,TC,AA,TT,TT,GG,AA,GG,CC,NN,GT,CC,GG,NN,TT,AG,TT,GG,TT,AA,TT,GA,AA,TT,AG,GG,TT,GA,TT,GA,TT,AG,TT,CT,AA,AG,CC,AC,AA,GG,AT,GG,CC,GT,GT,TC,CC,GA,NN,CG,AG,CT,CT,CT,TC,AA,GA,CC,GA,TT,CC,TT,CC,NN,CC,NA,GG,AA,NN,CC,AG,CG,TT,CG,TT,AT,TT,GG,TT,GG,GG,CG,AG,AG,TT,TT,TT,GA,GA,TT,AC,AA,TT,TC,TT,NN
Italy,,,,NA20585,,GG,AC,TT,NN,CC,AA,TC,TT,TT,TT,TT,AG,TC,GG,CC,GG,TT,CC,CC,TT,TT,TT,AG,TT,GC,AG,NN,CC,TT,GG,TT,GT,GG,TT,TT,TT,CT,CC,TG,AA,CC,AG,AA,AN,AA,GA,CC,TT,TT,GA,GG,TG,TG,TC,GA,GG,AA,CC,TT,CC,TG,TT,CC,TT,AA,AA,TT,CC,GG,CC,CT,TT,CT,CC,AG,NC,GA,TT,CC,CT,TC,GA,TT,TT,GA,GA,GG,CC,GN,TT,CC,GG,NN,CT,GA,CT,GG,TT,AA,TT,GG,TA,CT,GG,GA,TT,GA,TT,GA,TT,GA,TT,TC,AA,GA,CC,CC,AG,TT,AA,GA,CC,GG,TT,CC,CC,AG,AA,GG,GG,CT,TT,TT,TT,TT,GG,CC,AA,GG,GG,CC,AA,NN,AA,NN,GG,CA,CN,CC,AA,GG,GG,GG,TC,TT,TT,GG,TT,GG,GG,CC,AA,GG,TT,TT,CC,GG,GA,TT,AC,AA,CC,TT,TC,AN
Italy,,,,NA20586,,AG,AA,TC,AN,NC,AG,CC,TT,TG,TT,TT,AG,TC,GG,CC,GG,TT,CC,CC,TN,AA,CT,GA,TC,CG,GA,CN,CT,CT,GG,TT,GT,GG,GT,TT,TT,TC,CC,GT,AA,CT,AG,AA,AA,AA,GA,CC,TT,TC,GG,GG,GG,TG,TT,AA,GG,AA,TC,TT,CC,GT,TT,CT,TT,GA,AA,TG,CC,AA,NC,CC,TT,CT,TC,AA,NC,GG,TG,CC,CC,CT,AA,TT,TT,GG,AA,GG,TC,NG,TT,TC,AG,NN,CT,AA,CT,GG,CT,AA,TT,GG,AA,TC,GA,GG,TT,AA,TT,AG,TT,AG,TT,TC,AA,AG,CC,CC,GG,TG,AT,AA,CC,GG,TG,CC,TT,AA,AA,GG,GG,TC,TT,TC,TT,TT,AG,CC,GG,GG,CC,CC,AA,NN,CC,AN,GG,AA,CN,CC,GG,CG,TG,GG,CT,TT,TT,GG,CT,GG,GG,GG,AA,GG,TT,TT,TC,GA,AG,TT,CC,AA,TT,CT,CT,AA
Italy,,,,NA20587,,GG,AA,TT,NN,NC,GA,CT,AA,GG,TT,NT,GG,CC,GG,CC,AA,TT,CC,CC,NT,AA,TT,AA,CC,CG,GA,CC,TT,CC,GG,TC,TT,CG,TT,TT,CT,TC,CC,GG,AA,TC,GG,AA,AA,AA,GG,CC,TT,TC,GG,GG,GT,GT,TT,GG,GG,TA,TT,CT,CT,TT,TT,TC,CT,GA,AA,TT,TC,AA,CC,TT,TT,CT,CC,AG,NC,AA,TG,CC,CT,CC,AA,TT,TT,GA,AA,GT,CC,NN,GT,CC,GG,NN,CT,AA,TC,GG,TC,CA,TT,GG,TA,TT,AG,GG,TC,GA,TT,AG,TT,AA,TT,TC,AA,AG,CC,CA,GG,GT,AA,GA,CC,TG,GT,CC,TC,AA,NA,GC,GA,TT,CC,CC,TT,TT,AG,CC,AG,TT,GC,CC,CA,NN,CC,NN,GG,AA,NC,AC,AG,GG,TT,GC,CC,TT,TT,GA,TT,GA,GG,GC,AA,GG,TT,GT,TT,GG,AA,TT,CA,AA,CC,CC,TT,AN
Italy,,,,NA20588,,GA,AA,TC,NN,NN,GA,TT,TT,TT,TT,NT,GA,TT,GT,CC,AA,TT,CC,CC,NN,AA,CT,AG,TT,CC,GA,NN,CT,CC,GG,CT,GG,GG,TT,TT,TC,CT,GC,TG,GA,TC,GA,TT,AN,GG,GG,CC,CT,TT,GA,AG,GG,GT,TT,GA,GA,TA,CT,TT,TC,TT,TT,TT,CT,AA,AA,GG,CT,GA,NC,TT,TT,TC,CC,AA,NN,GG,TG,TC,CC,CC,AA,TT,TT,AG,AA,TG,CC,NN,TT,CC,GG,CN,CT,AG,TT,GG,CT,AA,TC,GA,AA,TC,AA,AG,TT,GG,TT,AA,TT,AA,TT,TT,AA,AA,CC,CC,GG,GT,AA,AG,CC,TG,GT,CC,CC,AA,AA,GG,GG,CC,CC,CT,TT,AT,GA,CN,GG,TG,CG,TT,CC,CN,CC,AN,AG,AA,NN,CC,GA,GG,TT,GG,TC,TA,TT,GG,TT,GG,GG,GG,GG,GG,TT,TG,TT,AG,AA,TT,CA,AG,TC,CT,TT,NN
Italy,,,,NA20589,,GG,AA,CC,NN,CN,GA,CT,AT,GT,TT,TN,AG,TC,GG,CC,GA,TT,CC,CC,TT,AA,CC,AA,CT,CC,AA,CN,TC,CT,GG,TT,TG,GG,TT,TT,TC,CC,CC,GT,AA,TC,GA,TT,AA,AG,GG,CG,TT,TT,GG,GG,GT,GT,TT,AG,GG,AA,TT,TT,CC,TT,TA,CT,TC,GA,AA,TG,CC,AA,CC,TC,TT,CC,CC,GA,NN,GG,GG,CC,CT,TT,AA,TT,TT,GG,AA,TG,TC,NN,TT,CC,GG,NN,CT,GG,CT,GG,CC,AA,TT,GG,AA,TT,AA,AG,TT,GG,TT,GA,TT,GA,TT,TC,GA,GA,CC,CC,AG,TG,AA,AA,CC,GG,TT,CC,CT,GG,NA,GG,GG,CT,TT,TT,TT,TT,GA,CC,AG,TT,CC,TC,AC,CN,CC,NA,AG,AC,CC,AC,AG,GC,TG,GG,TT,AT,TT,GG,TC,GG,GG,CG,AG,GA,TT,TT,CT,AA,AG,TT,CC,AA,CT,CC,TT,AN
Italy,,,,NA20752,,AA,AA,CT,AN,NC,AA,TC,TT,TT,TT,TN,AG,CT,GG,CC,AA,TC,CC,CC,TT,AT,TC,AA,CC,GG,AA,NN,TT,TC,AG,TT,GG,GG,GT,TT,CC,CC,CC,GG,AA,CT,GA,AA,AA,GA,GA,CC,TT,TT,GG,GG,GG,TG,TT,AA,GA,AT,CC,TT,CC,GT,TT,CC,TT,AA,AA,GG,TC,GG,CC,TC,TT,CC,CC,GA,NC,GG,GT,CC,CT,TT,AA,TT,TT,GG,GA,TG,CC,NG,GT,TC,AG,NN,TT,AG,CC,GG,CT,AA,TC,GA,AA,CC,GG,GG,TT,GA,TT,AG,TT,AA,TT,TT,AA,AA,CC,CC,GA,GT,AA,AG,TC,GG,TT,CC,CC,AA,NA,GG,GG,TT,CT,TT,TT,TT,GG,NC,AG,TT,CC,TC,AC,NC,CC,AN,GA,CA,CN,CC,GG,GG,TG,GG,CC,TT,TC,GG,TC,GG,GG,CG,GG,GG,TT,TT,TT,GG,AG,TT,AC,AA,CT,TT,TT,NN
Italy,,,,NA20753,,AG,AA,TC,NN,CC,GG,CC,AA,TG,TT,TN,GA,CT,GG,CC,GA,TT,CC,CG,NT,AA,CC,AG,TC,CG,AA,NC,TC,CT,GG,CT,GT,GG,TG,TT,TT,CC,CC,GG,AA,CT,GG,AA,NN,AA,GG,CG,TT,TT,GA,GG,GG,GG,TT,AG,GG,TA,CC,TT,CC,TT,TA,CT,TC,GG,AA,GG,CC,AA,CC,CC,TT,CC,CC,AG,NN,GA,TT,CC,CC,TT,AA,CT,TC,GG,GA,GG,CT,NN,TG,CC,GG,NN,CT,AA,CC,GG,TT,AA,CC,GA,TA,TT,GA,GG,TT,GA,NT,AA,CT,GA,TT,TC,AA,GA,CC,CC,GG,TT,AA,GG,CC,GG,TT,CC,CC,GA,AA,GG,AG,TC,CT,TC,TC,TT,GG,CC,GA,GT,GG,CC,CA,CN,CC,AN,GG,AA,NC,CC,AG,GG,TT,GG,CT,TT,TT,GG,TT,GG,GG,CC,AA,GA,TT,TT,CC,GA,AA,TT,AA,GA,TT,CT,TT,AA
Italy,,,,NA20754,,GA,AA,TT,NN,CC,AA,TT,TT,GG,TT,TT,GA,TC,GG,CC,GA,TT,CC,CC,TT,AT,TC,AG,TC,GC,AA,CN,TT,CT,AG,TT,TT,CG,TT,TT,TT,CC,CC,TG,AA,CC,AG,AT,NA,AG,GG,CG,TT,TT,AG,GA,GG,TG,TT,GA,GG,TA,TC,CT,CC,TT,TA,CC,TT,AG,AA,TG,CC,AA,CC,TC,TT,TT,CC,AA,NN,AG,TT,CC,CT,TC,AA,TT,TT,GG,GA,GG,CC,NN,GT,CC,GG,NN,TT,AA,CC,GG,CT,AA,TT,GG,TA,TT,GA,GG,TT,GG,TT,GG,TT,AA,TT,TT,AA,AA,CC,AA,GG,GG,AA,GG,CC,GT,TT,CC,CT,AA,AA,GG,GG,TT,TT,TT,TT,TT,GA,CN,GG,TG,CC,CC,AA,CN,CC,AA,GG,AA,CC,CC,AG,CC,GT,GG,TT,TA,TT,GG,TT,GG,GT,CG,AA,GG,TT,TT,TC,AG,AA,TT,CA,AA,CC,CC,TT,AN
Italy,,,,NA20755,,AG,CA,TT,AA,NC,AA,CC,TT,GT,CT,NN,AG,CT,GG,CC,AA,TT,CC,CC,NT,AA,TT,AA,CC,CC,AG,NN,TT,TC,GG,CC,GG,GG,GT,TT,TT,CC,CC,GG,AA,CT,GG,AA,AN,GA,GG,CG,TT,TT,GG,AG,GG,TT,TT,GG,GG,TT,TT,TT,CC,TT,TT,CT,TC,GA,TA,GT,CC,GA,CN,TC,TT,CC,CC,GA,NC,GG,TT,CC,CT,CT,AA,TT,TT,GG,AA,GG,CT,NN,TT,CT,GA,NN,TT,AA,CC,GG,CC,AA,TC,GA,AA,TT,GG,GG,TT,GG,NT,GG,CT,GG,TT,CT,AA,AA,CC,AC,AA,GT,TA,GG,CC,GG,TT,CT,CC,GA,AA,GG,GG,CC,TT,TT,CT,TA,GG,CC,GA,GT,CG,CC,CA,NN,CC,NN,GG,AA,CN,AC,GG,GG,GT,CC,CT,TT,TT,AG,TT,GG,GG,CC,GG,GG,TT,TT,TT,GG,AA,TT,CC,AA,TT,TC,TC,NA
Italy,,,,NA20756,,AA,CC,TT,NN,CC,AA,TC,TT,GG,TT,TN,GG,TT,GG,CC,GA,CT,CC,CC,NN,AA,TC,AG,TC,CG,AA,CN,TC,TT,GG,CT,TG,GG,TT,TT,CT,CT,CC,GG,GA,CC,GA,AA,AA,GA,GG,CC,TT,TT,GG,GG,TT,GG,TT,AG,AG,AA,TT,TT,CC,TT,TT,TC,TT,AG,AA,TT,CC,GA,CC,CT,TC,CC,CC,AG,CN,GA,TT,CC,TC,TT,AA,CT,TT,GA,AA,GG,CT,NN,TT,CC,GG,NN,TT,AA,CT,GG,TC,CA,TT,AG,AA,TT,AG,GG,TT,GA,TT,GG,TT,GA,TT,CC,GA,AA,TC,CC,AG,GT,AA,GA,CT,GG,GG,CT,TC,AA,AA,GG,GG,CC,TT,TT,TT,TA,GG,CN,AG,TT,CC,CT,AA,NN,CC,AN,GG,AA,CN,CC,GG,GG,TT,CC,TC,TA,TT,AG,CT,GG,GG,CG,AA,GG,TT,TT,TC,GA,AA,TT,AA,AA,TC,CC,TC,AN
Italy,,,,NA20757,,AA,AC,CT,NN,NC,AA,CC,TT,TT,TT,TT,AA,CT,GG,CC,GA,CT,CC,CC,TT,AA,TC,AA,TC,CC,AA,NN,TT,CT,GG,TT,GG,GG,TT,TT,TT,TC,CC,GG,AA,CT,GG,AT,AA,AG,GA,CG,TT,TC,GG,GG,GG,GG,CT,AA,GG,AA,TC,TT,CC,TT,TT,CC,TT,GG,TA,GG,CC,GA,CC,CT,TT,CC,TC,AA,CC,AG,TT,CC,CC,TT,GA,TT,TT,GG,AA,GG,TT,NN,GT,CC,GG,NN,TT,AA,CC,GG,TC,AC,TT,GG,TA,TT,GA,GA,TT,AA,TT,AA,TT,AA,TT,TC,AA,GA,CC,AC,GG,TT,AA,GG,CT,GG,TT,CC,TC,AA,AA,GG,GG,TC,TT,TT,CT,AT,GA,CC,GG,TT,CC,CT,AA,NN,CA,NN,AG,CA,NC,CC,GG,GG,GT,GG,TC,TT,TT,AG,CC,AG,GG,GC,GA,AA,TT,TT,CT,GG,AA,TT,AC,AA,TT,CT,TT,AN
Italy,,,,NA20758,,AA,AA,TT,NN,CN,AA,TT,TA,GT,TT,TN,AG,CT,GG,CC,GG,TT,CC,CC,TN,AA,TC,GA,CC,GC,AA,CN,CC,CT,GG,CC,GT,GG,TT,TT,TT,CC,CC,TT,AA,TT,AA,TA,NA,GA,GG,CC,CT,TT,GG,GG,GG,TG,TT,GA,GG,TT,CC,TT,CC,TT,AT,CC,TT,AG,AA,TG,CC,GA,CC,TC,TT,CT,CT,AA,CC,AA,TT,CC,TC,TC,AA,TT,TT,GG,AA,GG,CC,GN,TT,CC,GG,NN,CC,GA,CC,GG,TC,AA,TC,GA,AA,TT,GG,GG,TT,AA,TT,GG,TT,AA,TT,TT,AA,AA,CC,CC,GA,GT,TA,GG,TC,TG,TT,CC,CT,AA,NA,GG,GG,TT,CC,CC,TC,AT,GA,CC,AG,GT,GC,CT,AC,NN,CA,NA,GG,AA,CC,CC,AA,GG,TG,GC,TT,AA,TT,GG,CT,GA,GG,GC,AA,GG,TT,TT,TC,GA,AG,TT,AA,AA,TC,TC,TC,AN
Italy,,,,NA20759,,AA,AA,CC,NA,CN,AA,TC,TT,TT,TC,TT,AA,CC,GG,CC,AG,TT,CC,CC,TT,AA,CC,AA,CT,GC,AA,CN,TT,TT,GG,CT,GG,CG,TG,TC,CC,CC,CC,GT,AA,CT,GG,TA,AA,GA,GG,CC,TT,TC,GG,GG,GG,TG,TT,GA,GG,TA,CC,TT,CC,TT,TT,TC,TT,AG,AA,GG,CT,GG,NC,CT,TT,TC,CC,AA,CC,GG,TG,TC,CC,TC,AA,TT,TT,GG,AA,GG,CC,NG,TT,CC,GG,NN,TT,AA,CC,GG,TC,AA,TC,AG,TA,TT,AG,GG,TT,AG,TT,GG,TT,GG,TN,CT,AG,AG,CC,CC,GG,GG,AA,GA,CC,TG,TT,CC,CT,AG,AA,GG,GG,CT,CC,CT,TT,TT,GG,CC,AG,GG,GC,CT,AC,NN,CC,NN,GG,AA,NN,CC,GG,GC,GG,GG,TT,TA,TT,GA,CT,GA,GG,CC,GA,GA,TT,TG,CT,AG,GA,TT,CC,AA,TC,CC,TT,AN
Italy,,,,NA20760,,GA,AA,CT,NA,CC,AA,CT,TT,TG,TT,TT,GA,CT,GG,CC,AG,TT,CT,CC,TT,AA,CC,AA,CC,GC,AG,NN,TT,TT,GG,TT,TG,GG,GG,TT,TC,CT,GC,GG,AA,CC,GG,AA,NA,AA,GG,CC,TT,TT,AG,GG,GG,TT,TT,AA,GG,TA,TC,TC,CC,TT,TT,CC,TT,AA,AA,TT,CC,GA,CC,CT,TT,CC,CT,AA,NN,AA,TT,CC,TC,TC,AA,TT,TT,GA,GG,GG,CC,NN,GG,TC,AG,NN,TT,AA,CC,GG,CC,AA,CT,AA,AA,TT,GG,GG,TT,AA,TT,GG,TT,GG,TT,TT,AA,AA,CC,CC,GA,GT,AA,AG,TT,TG,GT,CC,CT,GA,NA,GG,GG,CC,TT,CT,TT,TA,AA,CC,GG,GT,CG,TC,AC,NN,CC,AN,AG,CA,NC,CC,GG,GG,TT,CG,TC,AT,TT,GG,TT,GG,GG,GC,AA,AG,TT,TG,TT,GA,AA,TT,AC,GA,TT,CC,TT,AA
Italy,,,,NA20761,,GG,AA,TT,NN,NN,GA,CC,AA,GG,TT,NT,GG,TC,GT,CC,AG,TT,TC,CC,NT,AA,TC,GA,CC,CG,AA,CN,TT,TT,GG,TC,TG,GG,TT,TT,CT,CT,CC,GT,AA,TT,GG,AT,NA,AG,GG,GG,TT,TT,GG,GG,GG,TG,CT,GA,GG,AA,TC,TT,CC,TT,TT,CC,TT,GA,AA,TT,TC,GG,CC,TT,TT,CT,CC,AA,CC,AG,TT,CC,CT,TT,AA,TT,TT,AG,GG,GG,CT,NN,TT,CC,GG,NN,TT,AA,CC,GG,CC,AA,TC,GA,AT,TT,GA,GG,CT,AG,TT,GG,TT,AA,TT,TT,AA,AA,CC,CC,AG,TG,TA,GA,TC,GG,TT,CC,TC,AA,AA,GG,GG,CT,TT,TT,TC,AT,AG,CC,AG,GG,GC,CT,AC,NN,CC,AN,AA,AA,NC,CC,AG,GG,TT,CG,TC,TT,TT,GA,TT,GG,GG,GG,AA,GG,TT,TT,TC,GA,AA,TT,AA,GA,TT,CC,TT,NA
Italy,,,,NA20762,,AG,AA,TC,NN,CN,AA,CC,TT,TG,CT,NT,AA,CT,GG,CA,AG,TT,CC,CC,TN,AA,CC,AG,CC,CG,AA,NC,TC,TC,GG,TT,TT,CG,TT,TT,TC,CC,CC,GG,AA,TC,GG,AT,AA,GG,AG,CG,TT,TT,AG,GA,GG,GG,TT,AA,GG,AA,TT,TT,CC,TT,TT,TT,TC,GA,AA,TT,TT,GG,CC,TC,CT,CC,CC,AA,NN,GA,TT,TC,CC,TT,AA,TT,TT,GG,AA,GG,CC,NN,TT,TC,AG,NN,TT,AA,CC,GG,TC,CA,TT,GG,AA,CT,AA,AG,TT,AG,TT,AA,TC,GA,TT,TC,AA,AG,CC,CC,GA,GT,TA,GA,CC,TG,GG,CC,CC,AA,AA,GG,GG,TC,CT,TC,TT,TA,AG,CC,GG,GT,GC,CT,AA,NC,CC,NN,GA,AC,CN,CC,AG,CG,TG,GG,TC,AT,TT,GG,TT,GG,GG,GG,GA,GG,TT,TT,TC,GG,AA,TT,CC,AG,TT,CC,TT,AN
Italy,,,,NA20763,,GA,AA,TC,NN,CN,AG,CT,TT,TT,TT,TN,AA,TC,GG,CC,GA,TC,CC,CC,TN,AT,TC,AG,TC,GC,AG,CC,TC,TT,GG,TC,GG,GG,GT,TT,TT,CT,CC,TG,AA,TC,GG,TT,AA,GA,GG,GC,TT,TC,GG,GG,GG,TG,TC,AA,GG,TA,CT,TT,CC,TT,TT,CC,TT,GA,AA,TG,CT,AA,CC,CT,TT,TC,CC,GG,CN,AA,TT,CT,TC,TT,AA,TT,TT,GG,AA,TG,CC,NG,TT,CC,GG,NN,CT,AA,CT,GA,CC,AC,CC,AG,TA,TT,AA,GG,TT,AG,TT,GG,CT,GA,TT,CC,AA,AA,CC,CC,GA,GT,AA,GA,CC,GG,TT,CC,CC,AG,AA,GG,GG,CT,TT,TT,TT,TT,AG,CC,GG,GT,GC,TT,CC,CN,CC,AN,GG,AA,NC,CC,GG,GG,GG,GC,TC,TT,TT,AG,TT,GG,GG,CC,AA,AG,TT,GG,CC,AA,AA,TT,CC,AA,TC,TC,TT,AN
Italy,,,,NA20764,,AA,CA,TC,AN,CC,AA,TT,TA,GG,TT,NN,AA,TT,GG,CC,GG,TT,CC,CG,NT,AA,CC,GG,CC,CC,AG,NN,TC,TC,GG,TT,GT,CG,TT,TT,CC,CT,CC,TG,AA,CT,GG,AT,AA,AG,GG,CC,TT,CT,GG,GG,GG,GG,TT,GA,GG,AA,TC,TT,CC,TT,TT,CT,TT,AA,AA,GG,CC,AA,CC,TC,TT,CC,CC,GA,NC,GG,TT,CC,CT,CT,AA,TT,TT,GG,AA,GG,CC,NG,GT,CC,GG,NN,TT,AA,CC,GG,CT,AA,TC,AA,AT,TC,AA,GG,TT,AG,TT,GG,TT,AA,TT,TC,AA,AA,CC,CC,AA,TG,AA,AA,CC,GG,GT,CC,CC,AA,AA,GC,GG,TT,TT,TT,TT,TT,AG,CC,GA,TT,GG,TT,AA,NN,CC,NN,GA,AA,NC,CC,AG,GG,TG,CC,CT,TT,TT,GG,TT,GG,GG,GG,AA,GG,TT,TT,CT,GG,AA,TT,AA,GG,TT,CC,TT,AA
Italy,,,,NA20765,,AA,AA,TT,AA,CN,AA,CC,TT,TG,TT,TN,AA,TC,GT,CC,AG,TT,TC,CC,NT,AA,TC,AA,CT,CC,AA,NN,TC,CC,GG,TT,TT,GG,GT,TT,TC,CC,CC,GG,AA,CT,GG,AT,AN,GA,GG,GC,TT,TT,GG,GG,GG,TG,TC,AA,GG,AA,CT,TT,CC,TT,TT,CC,TT,AG,AA,GG,CC,GA,NC,CC,TT,TC,CT,AA,NN,GG,TT,CT,TC,TT,AA,TT,TT,GG,AA,GG,CT,NG,TT,CC,GG,NN,CT,AA,CC,GG,CC,AC,CT,GG,AA,TT,GA,GG,TT,AA,TT,AG,TC,AG,TT,CC,AA,AA,CC,CC,GA,GT,AA,GA,CC,GG,GG,CC,CC,GA,AA,GG,GG,CT,TC,TT,TT,TA,GG,CN,GG,GT,CC,CT,AA,NC,CC,AA,GG,AA,NC,CA,GA,GG,GT,GC,TC,TT,TC,GG,TT,GG,GG,CC,AA,GG,TT,TT,CT,AG,AG,TA,CA,AA,CC,TC,TC,NA
Italy,,,,NA20766,,AA,AA,CT,AN,NN,AA,CT,TT,TT,CT,TT,AG,CC,GG,CA,AA,TT,CC,CC,TT,AA,TC,AG,CT,CC,GA,CN,CT,TT,GG,TT,TT,GG,GG,TT,TT,TC,CC,GG,GA,CT,GG,AA,AA,AA,GG,CC,TT,CC,GG,AG,GG,TT,TT,AA,GG,AA,CC,TT,CC,TT,TT,CC,TT,GA,AA,TG,CC,AA,NC,TT,TT,CC,CC,GA,NC,AA,TT,CC,TC,TT,GA,TT,TT,GG,AA,TG,CC,GN,TT,CT,AG,NN,CT,AA,CC,GG,TC,CC,TT,GG,AT,TT,GG,GG,CT,AG,TT,GA,TT,AG,TT,TT,AA,AA,CC,AC,AG,TG,TA,GG,TC,GG,TT,CC,CT,AA,AA,GG,GG,CT,TT,TT,TT,AT,AA,CC,GG,GT,CG,TC,CC,NN,CC,AA,GG,CA,NC,CC,GG,GC,TT,GG,TC,AT,TT,AG,TT,GG,GG,GC,AA,GG,TT,TT,TC,GA,AG,TA,CA,AG,TT,CC,TT,AA
Italy,,,,NA20767,,AA,AA,TT,NN,CC,AA,TC,TA,TG,TT,TN,AG,CC,GG,CC,GA,TT,CC,CC,TT,AT,TC,AA,CC,CC,GA,NC,TT,CC,AG,TT,GT,GG,GG,TT,CC,CC,CC,TG,AA,CC,GG,TT,AA,GG,GG,GC,CT,CT,GA,GG,GG,GG,TT,AA,GG,AA,TT,TT,CC,TT,TT,CC,TT,AG,AA,TT,CC,AG,CC,TC,TT,CC,CC,AA,NC,AG,TT,TC,CC,TT,AA,TT,TT,GA,AA,GG,CT,GN,TT,CC,GG,NN,CT,GG,CC,GG,CT,CC,TT,AG,AA,TT,GA,GG,TT,GA,TN,GG,TT,GA,TT,CC,AA,GA,TC,CC,GA,GT,AT,AG,CC,GG,TG,CC,CC,AA,NA,CG,AG,CC,TC,TT,TT,TA,AA,CC,GG,TT,GC,TT,CA,CN,CA,NN,GA,AA,CN,CC,GA,GG,TT,GG,CC,AT,TT,GG,TT,GG,GG,CG,AA,AG,TT,TT,CC,GG,AA,TT,CA,AA,CT,CC,TT,AA
Italy,,,,NA20768,,AA,AA,TC,NN,CC,AA,CC,TT,GG,TC,TT,GA,TT,GT,CC,GA,TT,CT,CC,TT,AA,CC,GA,CC,CC,GA,NN,CC,CT,GG,TT,TT,GG,TT,TC,TC,CC,CG,GT,AA,CT,GG,TA,AA,GA,GG,CC,TT,CT,GG,GG,GG,TT,TT,AA,GG,TA,CC,TT,TC,TT,TT,CC,TT,GA,AA,GG,TC,GA,CN,TC,TT,CC,TC,AA,CN,GG,TT,TC,CC,TT,AA,TT,TT,GG,AA,GT,CT,NN,TT,CC,GG,CN,TC,AA,TT,GG,TT,AA,TT,GG,AT,TT,GG,AG,TT,GG,TT,AG,TT,GA,TT,TT,AA,AA,CC,CC,GA,GG,AA,AG,CC,TG,TG,CC,CC,AG,AN,GG,GG,CC,TT,TT,TT,TA,GA,NC,GG,GG,CC,CC,AC,NN,CC,NA,GA,CC,CN,CC,AA,GG,GG,GC,CT,TT,TT,GG,TC,GG,GG,GC,GG,AA,TT,TT,CT,GA,AA,TT,CA,AA,TT,TC,TT,AA
Italy,,,,NA20769,,AG,AA,CT,AN,NC,AG,CC,TT,GG,TC,TT,AA,TC,GG,CC,AA,TC,TT,CC,TT,AA,CC,AA,TT,CG,AA,NC,TT,TC,GG,TT,GG,CG,GG,TT,TC,CC,CC,GG,AG,CT,GG,AT,NA,GA,GG,CC,TT,TT,AA,AG,GG,GG,TT,AA,GG,AA,TC,TT,CC,TT,TT,CT,TC,AA,AA,TG,TC,GG,CC,TT,TT,CC,CC,AA,NN,AG,TT,CC,TC,TT,AG,TT,TT,GG,AA,GT,TC,NN,GT,CC,GG,NC,TT,AA,TC,GG,TT,AA,TT,GA,AA,TT,GG,AG,TT,GA,TT,AG,TT,AA,TT,TT,AA,AA,CC,CC,GA,GT,TT,GG,CC,GT,TT,CC,CT,AA,AA,GC,GA,TC,CC,TT,TT,TT,GA,CC,GG,TT,GC,TT,CA,CC,CC,NN,GG,AC,NC,CC,GA,GG,TT,CC,CC,TT,TT,GG,TT,GG,GG,GC,AA,GA,TT,TT,TC,AG,AA,TT,AC,AA,TC,CC,TC,AN
Italy,,,,NA20770,,AG,AA,CT,NN,CC,AA,TT,TT,GT,CT,NT,GG,TC,GG,CC,AA,TT,TT,CC,TT,AA,CC,GA,CC,CC,AA,NC,TT,TT,GA,TC,TG,GG,GT,TT,CT,CC,GG,GG,AG,CT,GG,AT,AA,AG,GG,CC,TT,TT,GG,GA,GG,TG,TT,GA,GG,AA,CT,TT,CC,TT,TT,TC,CT,AG,AA,TG,CT,AG,NN,CT,TT,CC,CT,AA,NN,AG,TG,CC,CT,TC,AA,TT,TT,GG,AA,GG,CC,GG,TT,CC,GG,CN,TT,AG,CC,GG,TC,AA,TT,GG,AA,TT,AA,GG,TT,GG,TT,GA,TT,AG,TT,CT,AA,AA,CC,CC,GA,TT,TA,GG,TC,GG,TT,CC,TC,AA,AA,GG,GG,TT,CC,TC,TT,TT,GG,CC,GG,GT,CG,TC,CA,NN,CC,AN,AG,CC,NN,CC,GG,GC,GT,GG,CC,TT,TT,GG,TT,GG,GG,GG,AA,GG,TA,TT,TT,GG,AG,TT,AA,AA,TC,CC,TC,NA
Italy,,,,NA20771,,AA,AC,TT,NN,CC,AA,TC,TT,GT,CT,NT,GG,CT,GG,CC,AA,TT,TC,CC,TT,AA,TT,AA,TC,GG,AA,NN,CT,CC,GA,TT,GT,GG,TG,TT,TC,CC,CC,GT,GG,TC,GG,TT,NN,AA,GA,CG,TT,CT,GG,GG,GG,GG,TT,AA,GG,AA,CT,TT,CC,TT,TT,CT,TC,AG,AA,TG,CC,AG,CC,TT,TT,TC,CC,AA,CN,GG,TT,CC,CT,TC,AA,CT,TT,GG,GG,GG,CC,GN,TT,CC,GG,NN,CT,AA,CC,GG,TC,AA,CC,AG,AT,TT,GG,AA,TC,GG,TT,GA,TT,GA,TT,TT,AA,AA,CT,CA,GA,TT,AA,GG,CC,GG,TT,CC,CC,AA,AN,GG,GG,TC,TC,TC,TC,TT,GG,CN,AG,TT,CG,CC,AA,NC,CC,NN,GG,CA,CN,CC,AG,CG,GT,GG,TC,TA,TT,GG,TT,GG,GG,CG,AA,GG,TT,TT,TT,AG,AA,TT,AA,AA,CC,CT,TT,AA
Italy,,,,NA20772,,AG,AA,TC,AN,NC,GA,CT,TT,TG,CC,NT,GA,CT,GT,CC,AG,TT,CC,CC,TT,TA,TC,AA,TC,CG,AA,NN,TT,TT,AG,TT,GT,GG,GG,TT,TT,CC,CC,GT,AA,TT,GG,AA,AA,AG,GG,CG,TT,TT,GG,GG,GG,GG,TT,AG,GG,AA,TT,TT,CC,TT,TT,CC,TT,AA,AA,GG,CC,GA,CC,TT,TT,CC,CC,GA,CC,GG,GT,TC,CT,CT,AA,TT,CT,GG,AG,GG,CC,GG,TT,CC,GG,NN,TC,AG,CC,GG,TT,CC,TT,AG,AA,TT,AA,AA,TC,AA,TT,GG,TT,GG,NT,TT,AA,GA,CT,CC,AG,GG,AA,AG,CC,TT,TG,CT,CC,GA,AA,GG,GG,TC,CT,CT,TT,TT,AG,CC,GG,GT,CC,CT,AC,NN,CC,NN,GG,AA,CC,CC,GG,GG,TT,GG,CT,TT,TT,AG,TT,GA,GG,GC,AA,AG,TT,TT,CT,GA,AA,TT,AC,AA,TT,CC,TT,AN
Italy,,,,NA20773,,AG,AA,TC,NN,CC,AA,TT,TT,TT,CT,NT,GA,CT,GG,CC,GA,TT,TC,CC,NT,AA,TC,AG,CC,CG,GA,NN,TC,TT,GG,CT,GT,GG,TG,TT,TT,CC,CC,GG,GA,TT,GG,TT,NN,AG,GG,CG,TC,CC,GG,GG,GT,TG,TT,GA,GG,AA,CT,TT,CC,TT,TT,CT,TC,AA,AA,GG,CC,GA,CC,TC,TT,CT,CC,GA,NC,AA,TT,TC,CC,TT,AA,TT,TT,GG,AA,GG,CC,NG,TT,CC,GG,CN,TT,AA,CC,GG,TT,AA,TC,AG,AA,TT,GA,GG,TT,GA,TT,GG,TT,AA,TT,CT,AA,AA,TC,CC,GA,GT,TA,GA,CC,TG,TT,CC,CC,GA,AA,GC,GG,TT,CC,CT,TT,AA,GG,NC,GG,TT,GC,TT,AA,CN,CA,NN,GA,AA,NN,CC,GG,GG,TG,GC,CC,AA,TT,GG,TC,GG,GG,CG,AA,GG,TT,GT,TT,AG,AG,TT,AC,AA,TT,CC,TT,NA
Italy,,,,NA20774,,AG,AA,TT,AN,CC,AG,CC,TA,GT,TT,TN,AA,CT,GG,CC,AG,TT,CC,CC,TT,AA,CT,AG,CC,CC,AA,NN,TT,TC,GG,TT,GT,GG,TT,TT,TT,CC,CC,GT,AA,TC,GA,TA,AA,AG,GA,CC,TC,TC,GG,GA,GG,GT,TT,AA,GG,AA,CT,TC,CC,TT,TT,CC,TT,AA,AA,TG,CC,GG,CC,CT,TT,TC,CC,AA,NC,GG,TT,TC,CT,CC,AA,TT,TT,GG,AA,GG,TT,NN,GT,CC,GG,NN,TT,AG,CC,GG,CT,CC,TT,GG,AA,TT,AA,GA,TT,AG,TT,AG,TT,GA,TT,TC,AA,GA,CC,AC,GA,GG,AA,GG,CC,GG,TT,CC,CC,AG,AA,GG,GG,CT,TT,TC,TT,TT,GG,CC,AG,TT,CC,TC,CA,NN,CC,AN,GG,AA,CC,CC,GG,GC,GG,CG,TC,AT,TT,GG,TT,GG,GG,CC,AA,AA,TT,TT,TT,GA,AG,TT,AC,AA,CT,CC,TT,NN
Italy,,,,NA20775,,AA,AA,TT,NN,CN,AG,TT,TT,TG,TT,TT,GG,TT,GG,CC,AA,CT,CC,CC,TT,AA,CT,AA,CT,GG,AA,NN,TT,CC,GG,CC,GG,GG,TG,CT,CT,CT,CC,GG,AA,CT,GG,AA,AA,GG,GG,GC,TT,CT,GG,GG,TG,GT,TT,AG,GG,TA,CT,TT,CC,TT,TT,CC,TT,GA,AA,GG,TC,GG,CN,CT,TC,CT,CC,AA,CC,GG,TT,CC,CT,TT,AA,TT,TC,AG,AA,GG,CC,NG,TT,CC,GG,NN,TT,AA,TC,GG,TC,AC,TT,GA,AA,TC,GG,AG,TT,AG,TT,AG,TT,AA,TN,CC,AA,AA,CC,CC,GG,TG,AA,GA,TC,GG,TT,CC,CC,GG,AA,GG,GA,CT,TT,TT,CT,AT,AG,CN,GG,TT,CG,TC,CC,NC,CC,AA,AG,AC,CC,CC,GG,GG,GT,CG,TT,TT,TT,AG,TT,GG,GG,CC,GA,AG,TT,TT,CT,GG,AA,TT,CC,AA,CT,CC,TT,AA
Italy,,,,NA20778,,GA,AA,TC,NN,CC,AA,CC,TT,TG,TT,NN,AG,CC,GG,CC,AG,TT,CT,CC,TT,AA,CC,AA,CC,GC,AA,CN,TT,TT,GG,TT,GT,GG,GT,TT,CC,CC,CG,GT,AA,CC,GG,AA,AA,AG,GG,GC,TT,TT,GA,GG,GT,GT,TT,AA,GG,TT,CT,TT,CC,TT,TT,TC,CT,GA,AA,GG,CT,AG,CC,CT,TT,CC,CC,GG,CN,GG,TG,TT,CC,TT,AA,TT,TC,GG,AA,TG,CC,NG,TT,CC,GG,CN,TT,AA,CC,GG,TT,AC,TT,AA,AA,TT,GG,GA,TT,GA,TT,AA,CC,AG,TT,CC,AA,AA,CC,CC,GA,GT,TT,GG,CC,GG,TT,CC,CC,AA,AA,GG,GG,CT,TC,CT,TT,AT,AG,CC,AG,GG,GG,CC,AA,NN,CC,NN,GG,AC,CC,CC,GG,GG,GG,CC,TC,TT,TT,GG,TT,GG,GG,GG,GG,AA,TT,TT,CT,GG,AA,TA,CC,AA,TT,CC,TT,AN
Italy,,,,NA20783,,GG,AA,CT,NN,CC,AA,TC,TT,TT,TT,TN,AA,CC,GG,CC,AG,CT,CC,CC,TN,AA,CT,GG,CC,GC,AA,CN,CC,CC,GA,TT,GG,GG,GG,TT,TT,TT,CC,GT,GA,TC,GA,TA,AA,GA,GG,CG,TC,TC,GG,GG,GT,TT,TT,AA,GG,TT,CT,TT,CC,TT,TT,TC,TT,AA,AA,GG,TC,GA,CC,CC,TT,CT,CC,AA,NN,AG,TT,CT,TC,TT,AA,TT,TT,AG,AG,GG,TC,GN,TG,CT,GA,NN,CT,GA,CC,AG,CC,AA,TC,AA,AT,TC,GG,AG,TT,AA,TT,GG,TT,AA,TT,CT,AA,AA,CC,CC,AA,TT,AA,GG,TC,GG,TT,CC,TC,AA,AN,GG,GG,TT,TC,TT,TT,TT,AG,CC,GG,TG,CC,TC,CA,CN,CC,AN,AG,AA,NN,AC,AG,GG,TT,CC,TC,TT,TT,GG,TT,GG,GG,GC,AA,GG,TT,TT,CT,GG,AA,TT,AA,AA,TC,CC,TT,AA
Italy,,,,NA20785,,AG,AC,TT,AN,NC,GA,TC,TA,TG,TT,NN,AA,CC,GG,CC,GG,TT,TC,CC,TT,AA,CC,GG,CC,CC,AG,CN,TT,CT,GG,CT,GT,GG,GG,TT,TT,CT,CC,GG,AA,CT,GG,TT,AA,AA,GG,CC,CT,CT,GG,GG,GG,GT,TT,AA,GG,AT,TC,TT,CT,TT,TT,CT,TT,AA,AA,TG,CT,GA,CC,TC,TT,TC,CC,GA,NC,AA,TT,TC,CC,CT,AA,TT,TT,GG,AA,GG,TT,NN,TT,CC,GG,NN,TT,AG,CC,GG,TC,AA,TT,AG,TT,TC,GA,GG,TT,AA,TT,GA,TC,AG,TT,TC,AA,AA,CC,CC,AA,GT,AT,AG,CT,GT,TT,CC,CT,AG,AA,GG,GG,TT,CT,CC,TT,TT,GA,NC,GG,TG,CC,TC,AA,NN,CC,NA,AG,AA,NC,AC,GG,GG,TT,GG,TT,TT,TT,GG,TT,GG,GG,GC,AA,GG,AT,TT,TT,GA,AA,TT,AA,AA,TT,CC,TT,NN
Italy,,,,NA20786,,GA,AA,CT,NN,CN,AA,TT,TT,GT,TT,TT,AA,TT,GG,CC,AA,TT,CC,CC,NN,AA,TT,GG,CC,CG,AA,CC,TC,TC,GA,TT,GT,GG,GT,TT,TT,CC,CC,GT,AA,TC,GG,TT,AN,AA,GG,CG,TT,TT,GG,GG,TG,TT,CT,GA,GG,TT,CC,TT,CC,GT,TT,CT,TC,AA,AA,TG,TC,AG,CC,TT,TT,TC,TC,AA,NN,AG,TT,CC,TC,TC,AA,TT,TT,GG,AA,GG,CT,NG,TG,CC,GG,NN,TT,AA,CC,GG,TC,AA,TT,AA,AA,TT,GG,GG,TT,AG,TT,GG,CT,GA,TT,CC,AA,GG,CT,CC,AA,TT,AT,GG,CC,GT,GT,CC,CC,AA,AA,CG,AA,TC,TT,TT,TT,TA,GA,CC,AG,TG,CC,CC,AA,NN,CC,AN,GG,AC,CN,CC,AG,CG,TT,GG,TT,TT,TT,GG,TT,GG,GG,GG,AA,GG,TT,TT,CT,GG,GA,TT,AC,AA,TT,CC,TT,AA
Italy,,,,NA20787,,AG,AA,CC,NA,NC,GA,CT,TA,GG,CT,NN,AG,CT,GG,CC,AA,CT,TT,CC,TT,AA,CT,GA,TC,CC,GA,NN,TT,CT,GG,TT,GT,GC,TT,TT,TT,CC,GC,GG,AA,CT,GG,AT,AN,AG,GG,GC,TT,TT,GG,GG,GT,TT,TT,AA,GA,AA,TT,TT,CC,TT,TT,CC,TT,GA,AA,TT,CC,AA,CN,CC,TT,CC,CC,AA,CN,GG,GT,CC,CT,CT,AA,TT,TT,AG,GA,GG,CC,GN,TG,TT,AG,NC,TC,AG,CC,GG,CT,CC,TT,GG,AA,TT,AG,GG,TT,AG,TT,AA,TT,AA,TT,TT,AA,AA,CT,CC,GG,GG,AA,GG,CC,GG,TG,CC,CC,AA,AN,GG,GG,CT,TC,TT,TT,TT,GG,CC,GG,GG,CC,CC,AA,NN,CA,NN,GG,AA,CC,CC,AG,GC,GG,GG,TT,AT,TT,GG,TT,GA,GG,GC,AA,AA,TT,TT,CC,GA,GA,TT,CC,AA,CT,CC,TT,AA
Italy,,,,NA20790,,AA,CA,TC,AN,NC,GA,CC,TT,TT,CC,TT,GA,TT,GG,CC,AA,TT,CC,CC,TT,AA,CC,AG,CC,GG,AA,NC,TT,CT,GG,CC,GG,GG,TT,TT,CC,CT,CC,GG,GG,TC,AG,TA,NN,AA,AG,GC,TT,TC,GG,GG,GT,GT,TT,AG,GG,AA,TT,TT,CC,TT,TT,CC,TT,AA,AA,TG,CT,AG,CC,TT,TT,CC,CC,AG,NC,GG,GT,TC,CC,CT,AA,TT,TT,GG,AA,GT,CC,NN,TT,CC,GG,CN,TC,AG,CC,GG,CC,CC,CT,AG,AA,TT,GG,AG,CT,GG,TT,GA,TC,GG,TT,CC,AG,GA,CC,CC,AA,TG,AA,GG,CC,GG,TG,CC,CC,AA,NA,GG,GG,CC,TT,TT,TT,TA,GG,CC,GG,TT,GC,CT,AC,NN,CC,NA,AG,CA,CN,CC,GG,GG,TT,GG,TT,AT,TT,GG,TT,GG,TG,CG,GG,AA,TT,TT,TT,AG,AA,TA,CA,AA,TT,CC,TT,AA
Italy,,,,NA20792,,GG,CA,TT,AN,NC,AA,TT,TA,GT,TT,NN,GA,TC,GT,CA,GG,TT,CC,CC,TT,AA,TT,GG,TC,GC,AA,CN,TC,TC,GG,TC,TG,GG,TG,TT,TT,CT,CC,TG,AA,TC,AG,AA,AA,GG,GG,CC,TC,TT,GG,GG,GT,TG,TT,GG,GG,AA,TC,TT,CC,TT,TT,CT,TC,AA,AA,GG,CC,GG,CC,TC,TT,CC,CC,AA,CN,AG,TT,CC,CT,CT,AA,TT,CT,GG,AA,GT,CC,NN,GT,CC,GG,CN,TT,AA,CC,GG,CT,AA,TT,GG,AT,TC,AA,AG,TT,AG,TT,AA,CT,AA,TT,TC,AA,AA,CC,CC,GA,TT,AA,AG,CC,GT,GG,TC,CC,AA,AA,GG,GG,CC,TC,CC,TT,AT,AG,NN,GG,GG,CC,TT,CC,NN,CC,NN,GG,CA,NC,CC,AG,GG,TT,CC,TC,TT,TT,GG,TC,GG,TG,CG,AA,GA,TT,TT,TC,AG,AA,TT,CA,AA,TT,CT,TT,AN
Italy,,,,NA20795,,GG,AA,TC,NN,CC,AA,CC,TT,TT,TT,TN,GG,CT,GG,AC,AA,TT,TC,CC,TT,AA,TC,AA,CC,CC,AA,NN,CT,TT,GG,TT,TG,GG,GT,TT,TC,CC,CG,TG,AA,TC,GG,AA,NA,AA,AG,CC,TT,TC,AG,AG,GG,TT,TC,AG,GG,AT,TT,TT,TC,TT,TT,CT,TT,AA,AA,TG,CC,GG,CC,TC,TT,CC,CC,AA,CC,GG,GT,TC,CT,TT,AA,TT,TT,GG,AA,GG,CC,GN,TT,TC,AG,NC,TC,GA,TC,AG,CC,CA,TT,GA,AA,CT,GG,AA,TT,GA,TT,AG,CT,AA,TT,TT,AA,AA,TC,CC,GA,GT,AA,GG,CC,GG,TT,CC,CC,GA,AA,GG,GG,TT,TC,CC,TT,TT,GA,CC,GG,GT,CC,CT,CC,NN,CC,NN,GG,AA,NN,CC,GG,CG,TT,CG,TT,TA,TT,GG,TC,GG,TG,GG,AA,GG,TT,TT,CT,AA,GA,TT,AC,AA,CT,CC,CT,NN
Italy,,,,NA20796,,GA,AA,TT,NN,CN,AA,CC,TT,TG,TT,NT,AG,TT,GG,CC,GG,TT,CC,CC,TT,AA,CC,AG,TT,CG,AA,CC,CC,TC,GG,CT,GT,GG,TG,TT,CT,CC,CC,TG,AA,TC,GG,AT,AN,GA,GG,CC,CT,CT,GG,AG,GT,GT,CT,AA,GG,AT,CT,TT,CC,TT,TT,CC,TT,AG,AA,GG,CC,GG,CC,CT,TT,CC,CC,AG,NN,GG,TG,CC,CT,CT,GA,TT,TC,GG,AA,TG,CC,GN,TT,CC,GG,NN,TT,AA,CC,GG,TT,AA,TT,AG,AA,CT,AG,GG,TT,AG,TT,GG,TT,GA,TT,CC,AA,AA,CC,AC,GA,GT,AA,GA,CC,GG,TT,CC,CC,AA,NA,GG,GG,TT,TT,TC,TT,AT,AG,CC,AG,TT,CC,TC,AA,NN,CC,NN,GG,AA,CN,CC,GG,GG,GT,GC,TC,AA,TT,GA,TT,GA,GG,CG,AG,GG,TT,TT,TT,GG,AA,TT,CA,AA,CT,CC,TT,AA
Italy,,,,NA20797,,GG,CC,TT,NA,CN,AA,TT,TA,TT,TT,TN,GG,TT,GG,CC,AA,TT,CC,CC,TN,AA,TC,GG,TT,GG,AA,NN,CC,TC,GG,CT,GT,GG,TT,TT,TT,CC,CC,TG,AG,TT,GG,AT,NN,AG,GG,CC,TT,TT,GA,AG,GG,TG,TT,GA,GG,AT,CT,TT,CC,TT,TT,CC,TT,GA,AA,TG,CC,AA,CC,CT,TT,CC,CC,GA,NC,GG,TT,CC,TC,TT,AA,TT,CT,GG,AA,GT,CC,NN,GT,TC,AG,NN,TT,AA,CC,GG,CC,AA,CT,GG,AA,CT,AA,GG,TT,GG,TT,GG,TT,AG,TT,TC,AA,AA,TC,CC,GA,GT,TA,GG,CC,GG,GG,CC,TT,AA,AA,GG,GG,TT,CT,TC,TT,TT,GG,CC,GG,TG,GC,CT,CC,CN,CC,NN,GA,AC,CN,CC,GG,GG,TG,CC,CT,TA,TT,GG,CC,GG,GG,GG,GA,GA,TT,TT,TC,GG,AA,TT,AC,AA,TT,CC,CT,AN
Italy,,,,NA20798,,GA,AA,TC,NA,CN,GA,TC,TT,GT,TC,TN,AA,TT,GG,CC,GG,TT,CT,CC,TN,AA,CC,AG,CC,CG,AA,NC,CC,TC,GG,TT,GG,GG,GG,TT,CC,TC,CC,GG,AA,CC,AG,AT,AA,AG,GG,CC,CT,TT,GG,GG,GG,TG,TT,GG,GG,TA,CC,TC,CC,TG,TT,TC,TT,GA,AA,GG,CC,GA,CC,TT,TT,CC,CC,GA,CN,GA,TT,CT,TC,CT,AA,TT,TT,GG,GA,GG,TC,NG,TT,CT,GG,NN,TT,AG,CC,GG,TC,CA,TT,AA,AA,CT,AA,GG,TC,AG,TT,AA,TT,GA,TT,TC,AA,GA,CC,CC,GG,TG,AA,GA,CC,GG,TT,CC,CC,AA,AN,GG,AG,TC,CT,CT,TT,AA,GG,NC,GA,GT,CC,CC,AC,NC,CC,NN,GG,AC,NN,CA,GA,GG,TT,CG,TC,TT,TT,GG,TT,GG,GG,CC,AA,GG,TT,TG,TT,GG,AA,TT,CC,AA,CT,CT,TT,AA
Italy,,,,NA20799,,AG,AA,TT,NN,CN,AA,CT,TT,GT,TT,TT,AA,CT,GG,CC,GA,TT,TC,CC,TT,TA,TT,GG,CC,CC,AA,CN,TT,CT,GG,TT,GT,CG,TT,TT,TT,CT,CC,GG,AA,TC,GG,AT,AA,GG,GG,CC,TT,TT,GA,GA,TG,GG,TT,AG,GG,AA,CC,TT,CC,TT,TT,CT,TT,AA,AA,GG,CT,GG,CN,TT,TC,CC,CC,AA,NC,GG,TG,CT,TC,TT,AA,TT,TT,GG,AA,TT,TC,NG,TT,CC,GG,NN,CT,AG,CC,GG,CC,AA,TT,AA,AT,TC,AG,AG,TT,AA,TT,GG,TT,AA,TT,CC,AA,AA,TC,CC,AG,TG,AA,GG,CC,TG,TG,CC,CC,AA,NN,GG,GG,TC,CT,CT,TT,TA,GA,CC,GG,GG,CG,CC,CA,NN,CC,NN,GA,AA,CC,CC,GA,GG,TG,GG,TT,TT,TT,GG,TT,GG,GG,CC,AA,AA,TT,TT,CT,GG,AA,TT,CA,AA,CT,CT,TT,NA
Italy,,,,NA20800,,AG,CA,TT,AN,CC,GA,TC,TA,GG,TC,NN,GG,CT,GG,AC,AA,TT,CC,CC,NT,AA,CT,AA,CT,CG,GA,NC,TT,TT,GG,TC,GT,GG,GG,TT,TT,CC,GC,GT,AA,TC,GG,TA,AA,GG,GG,CG,TT,CT,GG,GG,GG,GT,TT,AG,GG,TA,CC,TT,CC,TT,TT,CT,TC,AG,AA,GT,CC,AA,CC,TC,TC,CC,CC,AA,NN,GG,TT,CC,CC,CC,AA,TT,TT,GG,AA,GG,CC,NN,TT,CC,GG,NN,TT,AA,CC,GA,CC,CA,TT,AG,TA,TT,AG,AA,TT,GG,TT,GA,TT,AA,TT,CC,AA,AA,TC,AC,GA,GT,AA,GG,CC,GG,TT,CC,CC,GA,AA,GG,GG,TT,CT,CT,CT,TT,GG,CC,GG,GT,CC,TT,CA,NN,CC,AA,GG,AA,CN,CC,AG,GG,TG,GC,TC,TT,TT,GG,TT,GG,GG,GC,AA,AA,TT,TT,TT,GG,AG,TT,AC,GA,TC,CC,TC,AA
Italy,,,,NA20801,,AG,AA,TC,NN,CC,GA,TT,TT,TT,TT,NN,AG,CC,GG,AC,GA,CT,CC,CC,TN,AA,CT,GG,TC,GG,AA,NC,TT,CC,GG,CC,GG,GG,TG,TT,CC,TC,CC,TG,AA,CT,GG,TA,AA,AG,GA,CG,TT,TC,GG,GA,GG,GT,TC,GG,GG,TT,CC,TT,CC,TT,TT,TC,CT,GG,AA,GG,TC,GG,CC,TT,TT,CC,CC,AA,CN,AA,TT,CC,TC,TT,AA,TC,TT,GG,AA,TG,CC,GN,TG,CC,GG,NN,TT,GA,CT,GG,TC,CA,CC,GG,TA,CC,GA,GG,TT,GG,TN,AA,TT,GA,TT,TC,AA,AA,CT,CC,AG,TG,TA,GA,TC,GG,GT,TC,CC,AA,AA,GG,GA,CT,TT,TT,TT,AA,AG,CC,GG,GG,CC,TC,CA,CN,CC,NN,AG,AA,NC,CC,GA,GC,TG,CC,TT,TT,TT,GA,TT,GG,GG,CG,AA,GA,TT,TT,TC,GG,AA,TT,CC,AA,CC,CC,TC,AA
Italy,,,,NA20802,,AA,AA,CT,NN,NC,GA,CC,TA,TT,CT,TT,AG,CC,GG,AC,AG,TT,CC,CC,TT,AA,CC,AG,CC,GC,AA,NC,CC,TT,GA,TT,TG,GG,TT,TT,TT,CC,CC,GG,AA,TC,GG,AA,AA,AG,GG,CC,TT,TT,GG,GG,GG,TT,TT,AA,GG,AA,TC,TT,CC,TT,TT,TC,CT,AA,AA,GG,CT,GG,CC,TC,TT,CC,CC,AG,NC,GG,TT,CT,TC,TC,GA,TT,TC,GG,AG,TT,CC,NN,TT,CC,GG,CN,TT,AA,CC,GG,CT,AA,TT,GA,TA,TC,GG,GA,TT,GA,TT,GG,TT,GA,TT,CT,AA,AA,CC,CC,GG,GG,TA,GG,CC,GG,TG,CT,TC,AA,AN,GC,GG,TT,CT,CT,TC,TT,GG,CC,GG,GG,CC,TC,CA,NN,CC,NN,GG,AA,NN,CA,GA,GG,TT,CG,CT,AA,TT,GG,TT,GG,GG,GC,GA,GG,TT,TG,TC,GG,AA,AT,CA,AA,CC,CC,CT,AN
Italy,,,,NA20803,,AG,AA,TC,AN,CC,AA,TC,AT,TG,TT,NN,GG,CT,GG,CC,AA,TT,CC,CC,TN,AA,TT,GG,CC,CG,AA,NN,CT,TC,GG,TT,TT,GC,GG,TC,TT,CC,CC,TG,AA,CT,GG,AA,AA,GG,GG,CC,TT,TT,GA,GG,GG,TT,TT,AA,GA,TA,CC,TT,CC,TT,TA,CT,TC,AA,AA,GG,TC,AG,NC,TT,TT,TT,CC,GG,NN,GG,GT,CC,CC,CC,AA,TT,TT,AG,AA,GG,CC,NN,TG,CT,GA,NN,TC,AG,CC,GG,CT,CC,TT,AG,TA,CT,AA,GG,TT,AG,NT,AG,TT,AA,TT,TC,AA,AA,CC,CC,AA,TT,TA,GA,CC,GG,GT,CC,CT,AG,AA,GG,GA,TT,CC,CC,TT,AT,AG,CC,GG,GG,CC,TT,CC,CN,CC,AN,GG,CC,CN,CC,GG,CG,TT,GC,TC,TT,TT,GG,TT,GG,GG,CG,AA,AG,TT,TT,TC,GG,AA,AT,AA,AA,TC,CC,TT,AN
Italy,,,,NA20804,,GG,CA,TC,NN,CC,GA,CC,TA,TT,CT,TN,GA,CC,GG,CC,GG,CT,CT,CC,NT,AA,CT,AA,CC,CC,AA,NN,TC,TT,GG,TT,GT,GG,GG,TT,TT,CC,CG,GT,AA,TC,GG,TA,AA,GA,GG,CC,TT,TC,GG,GG,GG,TT,TT,AA,GG,AT,CC,TT,CC,TT,TT,CC,TT,AA,AA,TT,CC,GG,CC,TC,TT,TC,CC,AA,NC,GA,GT,TC,CC,CC,AG,TT,TT,AG,AA,GG,CC,NN,TT,CC,GG,NN,TC,AA,CC,GG,TC,AA,TT,GG,AA,TT,GA,AG,TT,AG,TT,AG,TT,AA,TT,TC,AA,GA,CC,CC,AA,GT,AA,GG,CC,TG,TT,CC,CC,AG,AA,GG,GG,TC,TT,TC,TT,TT,GG,CC,GG,GG,CG,CT,AC,NC,CC,NN,GG,AA,CN,AA,AG,GG,GG,GG,TT,TA,TT,GG,TT,GG,GG,CG,AA,GG,TT,TT,TT,GG,GA,AT,AC,AA,CT,TC,TT,NA
Italy,,,,NA20805,,GA,AA,CT,NN,CC,AG,CC,TT,GG,TT,TT,AG,TT,GG,CC,GG,TT,CC,CC,TT,AA,TC,GA,CT,CC,AG,NN,TT,TC,GG,TT,GT,GG,TG,TT,TC,CT,GC,GG,AA,TT,GG,AA,NN,GG,GG,CG,TT,TT,GG,GG,GG,TG,TT,AA,GG,AT,CT,TT,CC,TT,TT,CT,TC,AA,AA,GG,CC,GG,CC,TC,TT,CC,CC,GA,CN,GG,TT,CT,TC,TC,GA,TT,TT,GG,AA,TT,CC,NN,TT,CT,GA,NN,TT,AA,CC,GG,CC,AA,CT,GG,AA,TT,GA,AG,TT,GA,TT,GG,CT,GA,TT,CT,AA,AA,CC,CC,GA,GT,AT,GG,TC,GG,GT,CC,CT,AA,AA,GG,GA,TC,CT,TT,TT,AA,AA,NN,GG,TT,GC,TC,CA,NN,CC,NA,GG,AA,NC,CA,GG,GC,TT,GG,CT,TT,TT,GA,TT,GG,GG,GC,AA,AG,TT,TT,TC,GG,AG,TT,AA,AA,TC,TT,TT,AA
Italy,,,,NA20806,,AA,AA,CC,NN,CC,GA,TT,TT,TT,TT,NT,GG,TT,TG,CC,AG,TT,CC,CC,TT,AA,TT,AA,TT,CG,AG,CN,TT,CC,GA,TT,TT,CG,GG,CT,TT,CC,CG,GT,AA,TT,GG,AT,AA,GA,GA,CG,TT,TT,GG,AG,GG,GG,TT,GA,GA,AA,CT,TT,CC,TT,TT,CC,TT,GA,AA,GT,TC,GA,CC,TC,TT,CC,CC,AA,CN,GA,GT,CC,CT,TT,AA,TT,TT,AA,AA,GG,TC,NG,TT,CC,GG,NN,TC,AG,TC,GG,TT,AA,CT,AG,AA,CT,GG,GA,TT,GA,TT,GG,TT,AG,TT,TC,AA,GG,CC,CC,AA,TT,AA,GG,CC,TG,GT,CC,CC,AG,AA,GG,GG,CT,TC,TT,CT,TT,GG,CC,GG,TG,CG,CC,AA,NN,CC,NN,AA,AA,CN,CC,AG,GC,GT,GC,TT,TT,TT,GG,TT,GG,GG,GG,AA,AG,TT,TT,CT,GA,AA,TT,CA,AA,TT,CC,TT,NA
Italy,,,,NA20807,,GG,CA,TT,NA,CC,AA,TC,TT,GT,TT,NT,GG,CT,GG,CC,GG,TT,CC,CC,TN,AA,CC,GA,TC,CG,AA,CN,TT,TC,AG,TC,TT,GG,TG,TT,TT,CC,CC,GG,AA,CT,GG,AA,AA,AG,GG,CG,CT,TT,GA,GG,TG,TT,TT,AA,AG,AT,TT,TT,CC,TT,TT,CC,TT,GA,AA,GG,CT,AA,CC,CT,TC,CC,TC,AA,CN,AG,TT,CT,TC,CT,AA,TT,TC,GG,AA,GG,CC,NG,TT,CC,GG,NN,TC,GA,CT,GG,CT,CC,TT,AA,AA,CC,GG,GG,TT,AG,TT,AG,TT,GA,TN,TC,AA,AG,CC,CC,AA,GT,AA,AA,CC,GG,TT,CC,CC,AA,AA,GC,GG,TT,TC,TC,TT,TT,GG,CN,GG,GT,CG,CT,AA,NN,CC,AA,GA,CA,CC,CC,AA,GG,TT,CG,CT,TT,TT,GG,TT,GG,GG,CC,GA,AG,TT,TT,TC,GG,AA,TT,CC,AA,TC,CC,TT,AA
Italy,,,,NA20808,,AA,AC,TC,NA,CC,AA,TC,AT,GG,TC,TN,AA,CC,GG,CC,AG,TT,CC,CC,TT,AA,CC,AG,CT,CC,AA,NN,TT,TC,AG,CC,GT,GG,TT,TT,TT,CC,CC,TG,AA,CT,GG,AT,AA,AA,GG,GC,TT,CT,GG,GG,GG,GT,TT,AA,GG,AT,TC,TT,CC,GT,TT,TC,CT,GA,AA,TG,CC,AA,CC,CT,TT,CT,CC,AA,NN,AA,TT,CC,CC,CC,AA,TT,TT,AG,AA,GG,CC,GN,TT,CC,GG,NN,TC,AA,TC,GG,TT,CA,TC,AG,AA,CC,GA,AG,CT,GA,TT,GG,TT,GG,TT,TC,AA,AA,CC,CA,AA,TT,AA,AA,CC,GG,TT,CC,CC,AG,AA,GG,GG,CC,CT,TT,TT,TA,GG,NC,AG,TG,GG,TC,AA,NC,CC,AN,AG,AA,NN,CC,AG,GG,TT,GC,CT,AA,TT,GG,TT,GG,GG,GG,AG,GG,AT,TT,TT,AG,AA,TT,AC,AA,TC,TC,TT,AA
Italy,,,,NA20809,,GA,AA,TC,NN,NC,AA,CT,TT,GG,TT,TN,GG,TT,GG,CC,AA,TT,CC,CC,NT,AT,CT,GG,CC,GG,AA,NN,CC,TT,AG,TT,GT,GG,TG,TC,TC,CT,CC,GG,AA,TT,AA,AA,AA,GA,GG,CG,TT,TT,AA,GG,GG,GG,TT,AA,GG,AA,CT,TT,CC,TT,TT,CC,TT,GA,AA,GT,CC,GG,CC,TT,TT,CC,CC,AA,NN,AA,TT,CC,CC,CT,AA,TT,CT,GG,AG,GG,CT,NN,TT,CC,GG,NN,CC,GG,CC,GG,CT,CA,CT,GG,TA,TC,GA,AG,TT,AA,TT,GG,TT,AG,TN,CT,AA,AA,CC,AC,GG,GT,AA,AG,CC,GG,TT,CC,CC,GA,AA,GG,GG,TT,CC,TC,CT,TT,GG,CN,GG,GG,GG,TC,CA,CN,CC,NN,GG,AA,CN,CC,GG,CG,GT,CC,TC,AA,TT,GG,CT,GG,GG,CG,AA,AG,TT,TT,TT,GG,AA,TT,CC,AA,TT,CC,TT,AA
Italy,,,,NA20810,,AA,AA,CT,NN,CC,AA,TC,AT,GG,TC,TT,GG,TT,GG,CC,GG,TT,CC,CC,TN,TA,CT,GA,CT,GC,AG,NN,CT,TT,GG,TT,GT,GG,TG,CT,TC,CT,CC,TG,AA,CT,AA,TA,AA,GG,GG,CC,TT,TT,AG,GG,GG,TT,TC,AA,GG,AT,CT,TT,CC,GT,TT,CT,TT,AA,AA,TG,CC,AG,NC,TC,TT,CC,CC,AA,NN,AA,TT,CT,CC,TC,AA,TT,TC,GG,GA,GG,CT,GN,TT,CC,GG,NC,CC,AA,CC,GG,CC,AC,CT,AG,AA,TC,AG,GA,TT,GG,TT,GG,TT,AA,TN,CT,AA,AA,TC,CC,AG,TG,AA,AA,CC,GG,GG,CC,CC,GG,AA,GG,GG,CC,CT,CT,TT,TA,GG,CC,AG,GT,GC,CC,AA,NN,CC,NA,GG,AC,CC,CC,AA,CG,TT,GG,TC,AT,TT,GA,TT,GG,GG,GG,AA,GG,TT,TT,TT,GA,AA,TA,CC,AG,CT,CC,TT,AA
Italy,,,,NA20811,,AG,AA,CT,NA,NN,AG,TC,TA,TT,TC,TN,AA,CT,GG,CC,GG,TT,CC,CC,TT,AA,CC,AA,TT,CG,AA,CN,TT,TT,GG,CT,GG,GG,TG,TT,TT,CC,GC,GG,AA,CT,GG,AT,AN,AG,GG,CC,TT,TT,GG,GG,GT,GG,TT,AG,GG,AA,TT,TT,CC,TT,TT,TC,TT,AG,AA,GT,CC,GG,CC,CC,TT,CC,CC,AA,CN,AA,TT,CC,CT,CC,AA,TT,TT,GG,AA,GT,TC,NN,TT,CC,GG,NN,TT,AA,TC,GG,TT,CA,TT,AA,AT,TT,GG,AA,TT,GG,TT,AA,TT,GA,TT,CT,AA,AA,CC,CC,AA,GT,AT,GG,CC,GG,GT,CC,CC,AA,NA,GG,GG,CT,TT,TT,CT,TT,AG,CC,GG,GG,CC,CC,AA,NN,CA,AN,GA,AA,NN,CC,GA,GC,GT,CG,TC,TT,TT,GG,TT,AG,GG,GC,GA,GG,AT,GG,TC,GG,AA,TT,AA,AA,CT,CT,CT,AN
Italy,,,,NA20812,,AG,AA,TT,NN,CN,AA,CC,TA,GT,TT,TT,AA,TT,GG,CC,GA,TT,CC,CC,NT,AA,TC,GG,TC,GC,AA,NN,TT,TT,GG,TT,GG,GG,GG,TT,CT,CT,CC,TG,AA,CC,GA,TT,AN,AG,GG,GG,TT,CT,GG,GG,GG,TG,TT,AG,GG,AA,CC,TT,CC,TT,TA,CT,TC,AG,AA,TG,TT,GA,CN,TC,TT,CC,CC,GA,CC,GA,TT,CC,CC,TT,AA,TT,TC,GG,AA,TG,CC,NG,TT,CC,GG,NN,CT,AG,CC,GG,TC,AC,TT,AG,AT,TT,AG,AG,TT,GA,TT,GG,TT,GA,TT,CC,AA,AA,CC,CC,AA,TT,AA,AA,CC,GG,TT,CC,CC,GG,AA,GG,GG,TT,TC,TC,CT,AT,GA,CC,GG,GG,CG,TC,AA,NN,CC,AA,GG,CC,NC,CC,AG,GG,GG,CG,TT,TA,TT,AG,TC,GG,GG,GG,GA,AG,TT,TT,CT,GG,AA,TT,AC,AA,TC,TC,TC,NA
Italy,,,,NA20813,,AA,AC,TT,NA,NC,AA,TC,TA,TG,TT,NT,AG,TT,GT,CC,AA,TT,CC,CC,TT,AT,TT,GA,TT,CG,AA,CN,TT,CT,GG,CT,TG,GG,GT,TT,TT,CC,CC,TG,GA,CC,GA,AT,AA,AA,AG,GC,TT,TT,AG,GG,GG,GG,TT,GG,GG,AT,CC,TT,CC,TT,TT,CC,TT,GG,AA,GT,CC,GG,CC,TC,TT,CC,TC,GA,NN,GG,TT,CC,CC,TC,AA,TT,TT,GG,AA,GG,CC,NG,TT,CC,GG,NN,TT,AA,TC,AG,TT,CA,TC,GA,AA,TC,GG,GG,TT,GG,TN,AA,TT,AG,TT,CC,AA,AA,TC,CC,AA,TT,AA,GG,CC,GG,TT,CC,CT,GG,NA,GG,AG,CC,TC,TT,TT,TT,AA,NC,AA,TG,GC,TC,AA,NC,CC,AA,GG,AA,NC,CA,AG,GG,TG,GC,TC,TT,TT,GG,CT,GG,GG,CC,AA,GG,TA,TT,TT,GG,AA,TT,AC,AA,TT,CC,TT,NN
Italy,,,,NA20814,,GG,AA,TT,AN,NN,AA,TT,TT,TT,TT,TT,GA,CT,GG,CA,GG,CT,CT,CG,TT,AA,CT,AG,CC,GC,AA,NN,CT,TT,GG,TT,GG,GG,GG,TC,TT,TC,CC,GG,AA,TT,GG,TA,AA,GA,GA,CC,TT,TC,GG,GG,GT,GT,TT,AA,GA,AA,CT,TT,CC,TT,TT,CT,TT,AG,AA,TG,CC,GA,CN,TC,TC,CC,CC,GA,NC,GA,GT,CC,TC,CT,AA,TT,TC,GG,AA,GG,CT,GN,TT,TC,AG,NN,TT,AA,CC,GG,TT,AC,TT,GG,TA,TT,AA,GA,TT,AA,TT,AA,TC,AG,TT,TT,AA,GA,TC,CC,AA,GT,AA,AG,CC,GG,TT,CC,CC,AA,AA,GG,GG,TC,CT,TT,TT,TT,AG,CC,GG,TG,CC,TC,CA,NN,CC,AN,GA,AA,NC,CC,GA,GG,GG,CC,TT,TT,CT,GG,TT,GG,TG,GG,AA,GA,AA,GT,TT,AG,AG,TT,CA,AA,CT,CT,TT,NA
Italy,,,,NA20815,,AA,AA,TT,NA,CN,AA,CC,TT,TT,TC,TT,AA,CC,GG,CC,AA,TT,TC,CC,NT,TA,TC,GA,CT,CC,AA,NN,TC,CC,GG,TT,TG,GG,GG,TT,TT,CC,CC,TT,AA,CT,AG,TT,AN,GG,GG,GC,TT,TC,GG,GG,GG,TT,TT,AA,GG,AT,TT,TT,CC,GT,TT,CT,TC,GA,AA,GG,CC,AG,CC,TT,TT,TT,CC,AG,NN,GA,GT,CC,CT,TT,AA,TT,TT,GG,AA,GG,CT,NN,TG,CC,GG,NN,CT,AA,CC,AG,CT,AA,TT,GG,AA,CC,AA,GG,TT,GA,TT,AG,TT,AG,TT,TT,AA,AA,CC,CC,AA,GG,AA,AG,TC,GG,GT,CC,CC,GA,AN,GG,GG,CC,TC,CC,TT,TT,AA,CC,GG,TG,CC,CT,AC,NN,CC,NA,GG,AA,CC,AC,GG,GG,GT,GC,TC,AT,TT,GG,TT,GG,TG,CG,AA,GG,AT,TT,TT,GG,GG,TT,AC,AA,TT,CC,TT,NA
Italy,,,,NA20818,,AA,CA,TT,AN,CC,AG,CC,TT,TT,TT,NT,AA,CT,GG,CC,GG,TT,CC,CC,NT,AA,TT,GG,CC,GC,AA,CN,CT,CC,GG,CT,TG,GG,TT,TT,TT,CC,CG,TT,AA,CT,GG,TA,AA,GA,GA,CC,TT,TC,GG,AG,GT,TG,TT,AG,GG,TA,TC,TC,CT,TT,TT,TC,CT,GA,AA,GG,CC,AG,CN,CT,TT,TC,TC,AG,CN,AG,TT,TC,CC,TT,AA,TT,TT,GG,AA,GT,CC,NN,TT,CT,GA,NC,TT,AG,CC,GG,CT,AA,TT,GG,AT,TT,GG,GG,TT,GG,TT,AA,TT,AA,TT,TT,AA,AA,CC,AC,GA,GG,AA,GG,CC,GG,TT,CC,CC,AA,AN,GG,GG,TT,CT,CT,TT,TA,GG,CC,GG,GG,GC,TT,CC,NN,AC,NN,GG,AA,CN,CC,GG,GG,TT,CG,CT,AT,TT,GG,TT,GG,GT,CC,AG,GG,TT,TG,CC,GG,GA,TT,AA,AA,TT,CC,TT,AA
Italy,,,,NA20819,,GG,AA,TT,NN,CN,AA,TC,TT,TG,TT,TT,GA,TT,GG,CC,AA,TT,TC,CC,TT,AA,CC,AA,TC,GC,AA,NC,TT,TT,GA,CT,TG,CG,TG,TT,TC,CC,CC,GT,AA,CT,GG,TT,AA,AA,AG,CC,TT,TT,GA,GG,GG,TT,TT,AA,GG,AT,CC,TT,CC,TT,TT,TT,CC,AA,AA,GG,TC,GG,CC,TT,TT,TC,CC,AG,NN,AG,TT,TC,CT,TT,AA,TT,TT,AG,AA,GG,TT,NN,GT,CC,GG,NN,TT,AG,TT,AG,CC,AA,TC,AA,AA,TC,AA,GG,TC,GG,TT,GG,CT,AA,TT,CC,AA,AA,CC,AC,GG,TG,AA,AA,CC,GG,TT,CC,CT,AA,AA,GG,GG,TC,CT,TT,TT,TT,GG,CC,GG,TG,CC,TC,CA,NC,CC,NN,AG,AC,NN,CC,GA,GG,TG,GG,TT,TT,TT,GA,TT,GG,GG,CG,AA,GG,TT,TT,CT,GG,AA,TT,AC,AG,TC,CT,TT,AA
Italy,,,,NA20821,,GG,AC,CT,NN,CC,AA,TC,TA,TT,TC,NT,GG,CC,GG,CC,AA,TT,CC,CC,TN,AA,TC,AG,CC,GC,AA,NN,TT,CC,GG,CC,GG,GG,TT,TT,TT,CT,CC,TG,AA,TC,GG,AT,AA,AA,GA,CC,TT,CT,GA,GA,GG,TT,TT,GG,GG,TA,CT,TT,CC,TT,AT,TC,CT,AG,AA,GT,CC,GG,CC,TC,TT,TC,CC,AA,CN,GG,TT,TC,CT,TT,AA,TC,TT,GG,AG,TG,CT,NG,TT,CC,GG,CN,CT,AA,CC,GG,TT,CA,TT,GG,AA,TT,AA,GG,TT,AA,TT,AG,TT,AG,TT,TC,AA,AG,CC,CC,AA,TG,TA,GA,CC,TT,TG,CC,TC,AA,AN,GG,GG,TT,TT,TT,TT,AA,AA,CC,GG,TT,GG,CC,AA,NN,CC,NN,AG,AA,CN,AC,GG,GG,GT,CG,CT,TT,TT,GG,CT,GG,TG,GC,AA,GG,TT,TT,TT,GG,AA,TT,CC,AA,CT,CC,TT,AN
Italy,,,,NA20822,,AG,AA,TT,AN,CC,AA,TC,TT,GG,TC,TN,AG,CC,GT,CC,GA,TT,CT,CC,TN,AA,TC,AA,CC,CC,AA,CN,TT,TT,GG,CT,GG,GG,TG,TT,TT,CC,CC,GT,AA,TC,GG,TT,AA,AG,GG,CG,CT,CT,GA,GG,GG,GG,TT,AA,GG,TT,TT,TT,CC,TT,TT,CC,TT,AA,AA,GG,CC,AG,CC,TC,TT,CC,CC,AG,NN,GA,TT,CC,CT,TC,AA,TT,TC,GG,AA,GG,CT,NG,TT,CC,GG,NC,TC,GA,CC,GG,TC,CC,TT,GG,AA,TC,AG,AG,TT,GG,TT,AG,TT,AG,TT,TT,AA,GG,CC,CC,GA,GG,AA,GG,CC,TT,TT,CC,CC,GA,AA,CG,GA,TT,TC,CT,TT,TT,GG,CC,GG,GG,CC,CT,CA,NN,CC,NN,GG,AA,NC,CC,GG,GC,TG,GG,CC,TT,TT,GG,TT,GG,GG,GC,AA,GG,TT,TT,TT,AA,AA,TT,AC,AA,CT,CC,TT,NA
Italy,,,,NA20826,,AG,AA,TT,NN,NC,AA,TT,AT,GG,TT,NT,GA,CC,GG,CC,GA,TT,CC,CC,TT,AA,CC,AG,TC,CC,AA,CN,TC,CT,GA,TC,GT,GG,GG,TT,CC,TC,CG,TG,AA,CC,GG,TT,AN,AG,GG,GC,CT,TT,GG,GG,GG,GG,CT,GG,GG,TT,TC,TT,CC,TT,TT,TC,TT,GG,AA,TG,CC,AG,CC,TT,TT,CC,CC,AA,CN,AA,TT,CC,TC,TT,AA,TT,TT,GA,AA,GG,TC,NN,GT,CC,GG,NN,TC,GA,CC,GG,CC,AA,TT,GG,AA,CT,GG,GG,TT,GG,TT,AG,TT,GG,TT,TT,AA,AA,CT,CC,GA,GT,TA,GG,CC,TG,TT,CC,TC,AG,AN,GC,GG,CT,TC,TT,TT,TA,GG,CN,GG,GT,CC,CT,AC,NN,CC,NA,GG,CA,CC,CC,GG,CG,TT,GC,CC,TA,TT,GG,CT,GG,GG,GC,GA,GG,AT,TT,TT,AG,GA,TT,AC,AA,TT,CC,TT,AA
Italy,,,,NA20827,,AG,AA,TT,NN,NN,AG,TC,TT,GT,TT,TN,GA,TC,GG,CC,GA,TT,CC,CC,TT,TA,TC,GG,CC,CC,AA,NN,TC,TC,GG,TT,TG,GG,GT,TT,CT,CC,CG,GG,AA,CC,GG,TT,AN,AG,GG,GC,TT,TT,GG,GG,GG,GG,TT,AG,GG,AA,TT,TT,CC,TT,TT,CT,TT,GA,AA,TG,CC,AG,CC,TC,TT,TC,CT,AA,NN,GA,TT,CT,CC,CC,AG,TT,CT,GG,AA,GT,CC,NN,TT,CC,GG,NN,CT,AA,TT,GG,TT,AA,CT,AG,AA,TT,GA,GG,TT,AA,NT,GA,TT,AA,TT,TT,GA,AA,TC,CC,GG,GG,AA,AA,CC,GG,TT,CC,TC,AA,AA,GC,GG,CT,TT,CT,TT,TT,GA,CC,GG,GT,GC,CC,CA,NN,CC,AN,GA,CA,CC,CC,GA,GC,TT,CG,CT,TA,TT,AG,TC,GG,GT,GG,AA,AG,TT,TT,CT,GG,AA,TT,AC,AA,CT,CC,TT,NA
Italy,,,,NA20828,,AA,AC,CT,NN,CC,AA,TC,TT,GT,TT,TT,GG,CT,GG,CC,GA,TT,CC,CC,TN,AA,TT,GG,TT,CC,AA,CC,TT,TT,GG,TT,GG,GG,TG,TT,CT,CC,CC,TG,AA,CC,GG,TA,AA,AA,GG,CC,TT,TC,GG,GG,TG,GT,CT,AA,GG,AT,TC,TC,CC,TT,TT,CT,TT,GG,AA,TT,CC,AG,CC,CT,TT,TT,CC,GA,NC,GA,TT,CC,CC,CT,AA,TT,TC,AG,AA,GG,CC,GG,TT,CC,GG,NN,CT,AA,CT,GG,CT,AC,TT,GG,TA,TC,GG,GA,TT,AG,TT,AA,TT,AA,TT,TT,AA,AA,CC,CC,GA,GT,AA,AG,TC,GG,TT,CC,CC,AA,AA,GG,GG,TT,CT,TT,TT,TT,GA,NC,GG,TG,CC,TC,AA,CN,CC,NN,GG,AA,CC,CC,AG,GG,TT,CG,TT,AT,TT,GG,CT,AG,GG,CC,GA,GG,TT,TT,TT,AG,AG,TT,CA,AG,CT,CC,TT,AA
Italy,,,,NA20832,,AA,AC,CC,AN,NC,AA,CC,AT,GT,TT,TT,GA,CC,GG,CC,GA,TT,TC,CC,TT,AA,TC,GA,TT,CC,AA,CN,TC,TC,GG,TT,TT,GG,TT,TT,CT,CC,CC,TG,AA,CT,GG,TA,AN,AA,GG,CC,TT,TT,AG,GG,GG,GT,TT,AA,GG,AA,TC,TC,CC,TT,TT,CC,TT,AG,AA,GG,CC,AA,CC,TT,TT,CC,CC,AA,NN,GG,GT,CC,CT,TT,AA,TT,CT,GG,AA,GT,TC,GN,TT,CC,GG,NN,TC,AG,CC,GG,CC,AA,CC,AA,AA,TC,AG,GG,CT,AA,TT,GG,TT,AA,TT,TC,AA,GA,CT,AC,AA,GT,AA,GG,CC,GG,GT,CC,CC,GA,NA,GG,GG,TC,TT,TT,TT,TT,AG,CC,GG,GG,GC,TC,CA,NN,CC,NN,GG,AA,CN,CC,AA,GG,TT,GC,TT,TT,TT,GG,TT,GG,GG,CG,AA,AG,TT,TT,CT,GG,AG,AT,CC,AG,TC,CC,TT,NA
