Population,col_2,col_3,col_4,Individual,col_6,10177,662414,1062638,1262966,1863405,2063472,2263502,2463749,2884552,3084866,3995268,4195409,4395776,4795874,4995942,5596138,6196493,6596678,6796737,6996880,7196945,7396967,7596972,8199263,8399282,8599461,8999843,9200183,10200574,10400602,10600605,10800737,11401093,11601119,12201845,12802174,13413926,13834572,14034592,14235022,14435366,14635852,15036327,15436457,15836720,16036722,16837500,17237543,17638020,17838397,18038560,18238662,19039502,19640054,20040619,22042643,22242761,22442983,22843428,23043910,24045820,24245878,24847178,25047208,26648033,27048983,28251065,29051886,29252322,29452550,29652675,30653642,30853843,31254019,33256253,34056713,34456770,34656812,34857022,35057082,35257084,36858145,37258597,37458865,37859065,38260503,38861066,39261398,39661593,41664204,41864364,42064477,42665294,42865468,43065679,44066406,44266420,44466606,45067768,45268032,45468606,45668615,50274166,52477480,52677789,53479298,53879927,54079964,54882458,55282556,55683603,56083871,56484269,57084935,57485219,57885765,58085780,58285787,58686544,58886919,59687865,59887911,60689029,60889219,61690161,62291679,62691829,63092120,63893394,64693702,65093851,65294331,66294761,66694847,66895043,67095264,67295483,67495728,68096489,68896644,69297421,70098387,70498868,70899149,71099165,71299622,71499871,71700124,72501283,72901752,73101763,74503575,74703758,74904353,75104487,75705608,76306660,76506771,77107794,77308302,77508587,77708940,77908985,78109772,78309826,78711426,79713751,80114169,80514706,80715054,81516016,82721313,83322217,83522357,83722598,84122965,85525748,85925978,86326403,86526466,86726619,87327273,87728766,87929161,88329878,89531508,89731959,89932275,90532567,91334466,91534586,91934778,92134899,93136589,93336933,94338348,94539004,94739161,95539705,95739748,95939767,96140020,97542236,97742573,97943202,98744169,99545181,100145443,100745956,101746421,101946653,103548319,104003048,104403222,104803458,105203595,105803955,106004039,107006216,107406663,108206960,110008651,110409248,110609288,110809371,111209920,111810753,112211032,114014833,114415368,115016016,115416503,116016845,116217036,116817349,117818856,118018872,118218875,119421209,120222104,121087682,142535439,142781170,143343688,143944382,147220326,147630797,147830989,148737542,149571929,149771954,149971967,150172214,150773539,151174295,151374545,151975094,152175155,153976551,154376671,154577008,154777157,154977929,155380346,155581311,156382470,156783292,156983493,157784255,157984470,158184570,158785947,158986225,159186231,159386239,159787126,159987183,160388370,160588595,160989252,161189344,161589626,161789937,162390353,163191314,163391538,163791840,164192368,164392446,164592465,164792631,165593171,165993353,166593683,166793684,166994085,167594753,168796586,168996624,169397137,169597238,169797512,170197659,170597867,171198083,171598212,171798354,171998476,172799343,172999895,174202219,174402618,174603358,175404089,176605043,177206543,177607116,178408795,178609356,179009645,179209674,179409742,179810201,180010702,180210791,180611293,180811478,181011487,181211581,181611787,181812071,183413886,183814309,184014592,184414948,184817655,185618884,186019583,186219808,186421024,186821353,187822545,188223010,188423070,188623141,189023366,189423944,189623964,190024474,190424966,190625248,190825536,191826111,192226520,192626826,193827754,194227860,195028693,195429151,195629616,195830491,196431156,196831633,197031664,197431932,197832662,198032726,198432948,198833404,199033440,199233710,199433743,200435300,200835590,201035607,201236141,201636724,201836853,202237207,202637815,203038008,203838417,204239527,205040726,205240913,205441059,205841152,206273555,206482511,207284273,207485011,207685764,207885845,208086100,208286280,208486348,209286671,209486770,209687376,210092916,210293333,210493404,212494010,212694370,213495380,213895849,214095868,214496194,216097094,216297468,216498083,216898782,217099271,217299345,217499414,218099577,218299615,218699815,219300973,219901503,220302117,221303317,221503370,222103910,222503969,222704066,222904298,223505095,224105619,224905913,225506780,225907498,226107787,226708389,227308814,227508929,227909907,228510516,228711014,228911279,229311439,230712513,231112738,231313229,231513431,231913653,232313864,232513945,232914197,233114608,233514934,233715170,234115450,234315474,234715693,235316185,235716365,236316575,236516669,236716686,237518018,237718119,239118919,239720458,240120918,240321277,240721552,241322243,241522286,242122829,242723236,243123360,243924743,244725653,244925692,245125829,245726054,245926098,246527524,247327891,247728379,248528837,248728908,249058569
British in England and Scotland,,,,HG00096,,NA,CT,AC,TT,CT,GG,TT,GG,CC,CC,NN,GG,TC,CC,CG,CC,AG,GG,GA,CC,CC,AA,GT,TT,GA,NC,TG,GA,CC,CA,NN,TC,CN,GA,TG,GA,AG,AA,CC,GG,CC,CC,CC,NN,CT,NN,CC,AA,CC,CC,TC,AA,AG,CC,AA,CC,GA,TT,GG,AG,TC,GG,GG,CG,CT,GG,GA,AN,TT,CC,TT,NN,NN,CC,AA,CC,TC,AA,AG,GA,GG,AC,CC,CA,AA,TT,TG,GG,AA,AT,CC,NG,NN,GG,GG,CC,AA,GG,CC,CC,GG,AA,TC,NN,TT,GG,AA,GA,AG,AG,CC,CC,AG,TC,TT,GT,GG,GG,TT,GG,AA,CC,NC,TT,CT,AA,CC,CC,GG,TT,GT,AG,TN,CT,TC,AA,TT,CC,GG,GG,NN,GC,GG,TT,NG,CC,NN,CT,CC,TG,AG,CC,GG,CC,TT,TT,AA,GT,GA,AA,GG,CC,AG,CC,NN,CG,GG,CC,TT,GG,AG,TT,CC,TT,CT,TT,AA,GG,GG,TT,GG,TC,AG,GG,AA,CC,AA,GG,GG,NN,TT,CC,CT,TT,GG,TT,NN,AA,GG,GG,GG,GG,TT,TT,CT,GG,AA,AA,GG,GG,GA,GC,AA,TT,TC,AG,TC,TC,AA,AA,TN,GG,TN,GG,CC,AG,TT,AA,TT,CC,AA,GG,GA,GG,AT,GG,TT,TC,GG,CC,GG,TG,TG,TG,GA,CT,TT,AN,NT,TT,CC,TT,TG,NN,GG,TT,AA,GG,TT,CC,GG,GG,GG,TN,TC,GT,TC,GN,GG,NT,TT,CC,CC,AG,NN,TT,CC,TT,AA,AG,GC,TC,TT,TT,CA,AA,NN,CT,TT,GG,NT,AA,TT,AA,GG,GG,CC,GG,AA,CT,AA,GT,AA,CC,CC,CT,CT,NN,CC,CC,CT,CC,AG,CA,CC,CC,GG,AA,AG,CC,CC,GT,AA,TC,AA,AA,TT,GG,GG,TC,NN,GG,NA,TT,TA,GG,GA,AA,AA,CC,GA,GG,TT,NN,NT,TN,CC,TT,TG,AG,NN,AA,GG,TC,AA,GG,GC,AA,CC,NN,AA,CA,NN,CC,TG,TG,AA,NN,GG,TC,AA,TT,AC,GA,GG,GG,GG,CC,TT,TT,AA,CC,AA,GG,GG,TC,GC,GG,AT,NN,CT,TT,AA,GG,CC,NN,GN,GG,AA,CC,TT,CC,CG,GT,AA,AA,TT,AA,TT,TT,AA,NN,AA,CC,GA,CT,GG,AA,GA,TT,AA,GG,AA,AA,GA,NC,CC,AT,NC,AA,GG,TT,TT,CT,GG,GG,CC,GG,AA,GG,GG,AA,TT,AA,AC,GA,AA,CC,AG,CC,GG,CC,CC,NN,TT,CN,NN,AA,TC,GA,AA,TC,GA,CT,AA,AA,CT,NN,CN,CC,AA,CC,AA,CC,GA,NT,GG,AT,NC,GG,CC,CC,CC,GG
British in England and Scotland,,,,HG00097,,AN,CC,AC,TT,TT,CG,CT,GG,CC,CC,NN,GG,TC,CC,CG,TC,AG,GG,AA,GG,CC,AC,TG,TT,GG,CC,TT,GG,CC,AA,NN,CC,NC,AG,GG,GG,GA,GG,CC,AA,CC,CC,TC,NN,TT,NN,CC,AA,NC,CC,TT,AA,GA,AC,GA,CC,GG,GT,GG,AG,TT,GA,GG,GC,CC,GG,AG,AA,CT,CC,TT,NN,NN,NN,TA,CC,CT,AA,AA,AA,GG,AC,CC,AC,AA,CC,GG,GG,AA,TT,CC,NN,NT,GG,AG,CC,GG,GG,CC,AC,AG,AA,CC,NN,TT,GG,CA,GG,GA,GG,CN,CC,AG,TC,TT,GG,GA,GG,TC,GG,AA,CC,CN,TC,CT,GG,CC,CC,GG,TT,TG,GG,NN,CC,CC,AG,TT,CC,AG,AA,NN,CG,AG,TC,GG,CG,NN,CT,CT,GT,AA,CC,CC,CC,CC,GT,AA,GG,AA,AA,GG,CC,AA,TC,NN,CC,GG,TC,CC,AA,GG,TT,CT,TT,CC,TA,AA,GG,AG,TT,GG,CC,AG,GG,AA,CN,AG,GA,GA,TN,TT,TT,CT,TT,GA,TC,NG,AA,GG,GG,AG,AG,TT,TT,TC,GG,AA,AG,AA,GA,GG,CG,CA,CC,CC,GG,CC,CC,CC,AA,TT,GA,TN,TG,CC,AA,TC,AA,TT,CC,AA,GG,GG,AG,TA,GG,GG,TC,AG,CC,GA,TT,TG,GT,GA,TT,TT,NN,NT,AA,CC,TT,GT,TN,GG,TC,GA,GG,GG,CC,TG,GG,GG,NT,CT,TT,TT,NG,AG,TT,TT,AC,TT,GG,NN,TT,CC,TT,CA,AG,CG,CC,TT,CT,AA,GA,NN,CC,TT,GG,NN,AA,TC,GA,AA,GA,TC,GG,AA,CC,AA,GT,AA,TC,CC,TC,TC,NN,GG,CC,CT,CC,AG,CC,CC,NN,GG,AA,AG,TC,CT,GG,AA,TT,AA,GA,AA,GG,GG,CC,NN,GA,AA,TT,AA,GT,GG,GG,AA,CC,AA,GC,CC,CC,NT,NN,GG,TT,TG,GG,NG,AA,AA,TT,GG,GA,GC,AC,CC,NN,CA,CC,NN,CC,GG,TT,AA,NN,GG,CT,AC,TT,CC,GG,GG,GG,GG,TC,AA,TT,GG,NC,AA,GA,GA,CC,GC,GG,TT,NN,CC,TT,GG,GG,CC,NN,GG,GG,AA,CC,TT,NC,GG,TT,AA,GA,TT,AA,TT,TG,AA,NG,AA,CC,GG,TT,NN,AA,GA,TT,GG,GC,AA,AC,AA,NN,CC,AT,CC,GA,GG,CC,TT,CC,GG,GG,CC,GG,AA,GG,AG,GA,TC,AA,CC,GA,AT,NC,GA,CC,AG,CC,TT,NN,CT,NC,CN,AA,TC,AA,AA,CT,GA,CT,AA,NA,TC,NG,NN,TC,AA,TT,AT,CC,AG,TT,GT,TT,NC,GG,CC,CA,TT,GG
British in England and Scotland,,,,HG00099,,AN,CT,AA,TT,CT,GG,TT,GT,TC,CC,NN,GG,CC,CC,GC,TT,AA,GC,GA,CG,CC,AA,GG,TT,AA,NN,TT,GG,CC,AC,TN,CC,CC,GG,TG,GG,GA,GG,CC,GG,CC,AA,TC,NN,CC,NC,CT,AA,CC,CC,CC,AA,AA,CC,GG,CC,GG,TT,GG,GG,CT,AG,TG,CG,CC,GG,GA,AA,TT,CC,TT,NN,NN,NN,AA,CC,CT,AA,AA,GG,GG,AC,CC,AA,AA,CC,GG,GG,AA,TT,CT,NG,TN,GG,GA,TC,GA,GA,CT,CA,AA,AA,TT,CN,TC,GG,AA,GG,AG,GA,CN,CT,AG,TT,TT,GG,GG,GG,TC,GG,AA,CC,NC,TC,CC,GG,CC,CC,GG,TT,TG,AG,NN,CC,CC,AA,TT,CC,AA,GG,NN,GG,GG,TT,GG,GC,NN,TC,CC,GG,AA,CC,CG,TT,TT,GT,AA,TG,AA,AA,GG,TC,AG,CC,TN,GC,GG,CC,CC,GG,AG,TT,CC,TT,TC,TT,AA,TG,GG,TT,GG,CC,GG,GG,AG,NN,GG,GG,GG,TN,TT,TC,CC,TT,GA,TT,NN,AA,GG,GG,AG,GG,TT,TG,CC,AA,AA,AA,AA,AA,GG,GC,CA,CT,TT,GG,CC,CT,AA,AA,NN,GG,TN,GT,CT,AA,TC,AA,TT,CC,AA,GT,AG,AA,AT,GG,GG,TT,GG,CC,AG,TT,GG,TG,AG,TC,TT,NN,TT,TT,CC,TT,GT,TT,GG,TT,AG,GA,GG,TC,TG,GG,GG,NN,CC,GT,TT,GG,GA,TT,CT,CC,CC,GG,NN,CT,CC,CT,CA,AG,GC,TT,TT,CC,AC,AA,NN,CC,TT,GG,TN,AA,TC,AA,GG,GG,CC,GG,AA,CC,TT,TT,AA,CC,CT,TC,TC,NN,CC,CC,TC,CC,GA,CC,CT,NC,GG,AG,AA,CC,CC,GT,AA,CC,AA,AA,TA,TG,GA,CC,NN,GA,NN,TT,AA,TG,GG,GA,GA,CC,AA,CG,TT,NN,NN,NT,GC,CT,TT,GG,NN,AA,AA,CC,AG,AG,CG,CC,CC,TN,AA,CC,NN,CC,GG,TT,AA,NN,GG,TC,AA,TT,CC,GG,GG,GA,GG,CC,TT,CT,AG,CC,AA,GG,GG,CT,GG,GG,AT,NN,CC,CT,AG,GG,CC,NN,NG,GG,AA,CT,TC,CN,CC,TT,AA,AA,TT,AA,TT,TG,AA,NG,AA,CC,AG,CT,NN,AA,AG,TT,GG,GG,AA,CA,GG,NN,CC,AT,CN,AG,GG,TC,CT,CC,GA,GG,TC,GG,GA,AG,GA,AA,TT,AA,CA,GA,AT,CN,AA,CC,GG,CC,CT,NN,TT,NN,CC,AA,CC,AA,AA,TT,GA,CC,AA,AA,CC,NN,NC,CC,AA,CT,TT,CG,AA,TT,GG,TT,NC,GG,TT,CC,CC,CG
British in England and Scotland,,,,HG00100,,NA,CC,CA,TT,CC,GG,TC,GG,CC,NN,NN,GG,CC,CT,CG,CT,AA,CG,AG,CC,CC,AA,GG,TT,GG,CC,TT,GG,CC,CA,NN,CC,CN,AA,GT,GG,AA,GA,CA,GG,TC,CA,TC,NN,TC,NN,CC,AA,CC,CC,CT,AA,AG,CC,GA,CC,GA,TT,GG,AG,TC,AA,TG,CC,CC,GG,AG,AA,TT,CC,TT,NN,AN,CC,AA,CC,TC,AA,AA,GG,GG,CC,CC,AA,GA,CC,GG,GG,AA,TT,TT,NN,TT,GG,AG,CC,AA,GG,TC,AC,GG,AA,TT,NC,TT,GG,CA,AG,GA,GG,CC,CC,AG,TT,GT,GG,GG,GG,TT,GG,AA,CC,CN,CC,CC,GG,CC,CC,GG,TG,GG,GA,NN,CC,TT,AA,TT,CC,GG,GG,NN,GG,GG,TT,GG,GC,NN,TT,CC,GG,GA,CC,GC,CC,CT,GG,AA,GT,AA,AA,GG,CT,GA,CC,NT,GG,GG,TC,CC,AG,AA,TC,CT,TT,CC,TT,AC,TT,GG,TT,GG,CC,GG,GG,AA,NN,GG,GG,GG,NT,TT,TC,CC,TT,GA,TT,NN,AA,GG,GG,AA,GG,TT,GT,CC,AA,AA,AA,GA,GG,GA,CG,AC,TT,TT,GA,CC,CC,CA,AA,TT,AA,NN,TG,CT,AA,TC,AA,TG,CC,AA,GG,AA,AG,AA,CG,GG,CC,GG,CC,GA,TT,GT,TG,AG,CC,TT,NN,TT,TA,CC,TT,GG,TN,GA,CT,AA,GG,GT,CC,GG,GG,GG,NT,CT,TT,CT,GN,AG,TT,TT,CC,CC,GG,NN,CT,TC,TT,CA,GG,CG,CC,TT,TC,AA,GA,CN,CC,TT,GG,NN,AA,TC,GA,GA,GA,TT,GG,AA,CT,AA,TT,AA,CT,CC,TT,TT,NA,CG,CC,TT,CC,GA,CC,CC,CC,GG,AA,AG,CC,CC,TT,AG,CC,CA,AA,AT,GG,GG,CC,NN,AA,NA,TT,TA,TG,GG,AG,GA,CC,AA,CC,TC,NN,NN,TN,CG,CT,TG,GG,NN,AA,AG,TT,AG,AA,CC,CC,CC,TN,AA,CC,NN,CC,GG,TT,AA,NN,GG,CC,AA,TT,CC,GG,GG,GG,AG,CC,TA,CT,AA,CC,AA,GA,GA,TC,CG,GG,TT,NN,TC,TT,GG,GG,CT,NN,GN,GG,AA,CC,TT,CN,GG,GT,AA,AA,TT,GA,CT,TG,AA,NG,AA,CC,GG,CC,NN,AA,GA,TT,AG,GG,AA,CC,GA,NC,CC,AT,CN,AA,GA,TC,TT,CC,GG,GG,CC,GT,GA,GG,AG,AA,TT,AA,AC,AG,AT,CC,AA,TT,AA,CC,TC,NN,TT,NC,NC,AC,TC,AA,AA,TT,GA,CT,AA,AA,CT,NN,CN,CC,AG,CT,AA,CC,AA,TT,GG,TA,CN,NG,CT,CA,CC,CG
British in England and Scotland,,,,HG00101,,AA,CC,CC,TT,TT,GC,CT,GG,CC,CC,NN,GG,TC,CT,GC,TT,AG,GG,AG,CC,CC,AA,GG,TT,GA,CN,TT,GG,TC,AA,TN,CC,CC,AA,TT,GG,GA,GA,CC,AA,CC,CA,CT,NA,CT,NN,CC,AA,NC,CC,CC,AA,GA,CA,AG,CC,AG,TT,GG,GA,TC,GG,TG,CG,CC,GG,GG,AN,CC,CC,TT,NN,NN,CN,TA,CC,TC,AA,AA,GG,GG,CC,TC,AA,AA,TC,GG,AA,AA,TT,CC,NN,NN,GG,GA,CC,AA,GA,CT,CA,GA,AA,TT,NN,TT,GG,AC,GA,GG,AG,NN,CC,AA,CT,TT,GG,GG,GG,TT,GG,AA,TC,NN,CC,CC,GG,CC,CC,GA,TG,GT,AA,NN,CC,TC,AA,TT,CC,AG,GG,NG,GG,AA,CT,GG,CC,NN,CT,CC,GG,AG,CC,GC,CC,CC,TG,AA,TG,AA,AA,TG,CT,AA,TC,TT,CG,AG,TT,CC,AG,GG,TT,CC,TT,CC,TT,AC,GT,GG,TT,GG,CC,GG,GG,AA,NN,AG,GG,GG,TT,TT,CT,CC,TT,AA,TT,NN,AA,GG,GG,AG,GG,TT,TT,CC,AG,AA,AG,AA,GG,GG,GG,AA,TT,TC,GG,CC,TC,AA,AA,NT,AG,NN,TG,CT,GA,CT,AA,TG,CG,AA,GG,GG,GG,TA,GC,GG,CT,GA,CC,GA,TT,TG,TG,GG,CT,TT,NN,NN,AA,CT,TG,GT,TT,GG,TT,AA,GG,GG,CC,GG,GG,GG,TN,TC,GT,TC,GG,GA,TT,TT,CC,CC,AG,NN,TC,CT,TT,AC,GG,CC,CC,TT,CT,AA,AG,NC,CC,TT,TG,NN,AA,TT,AG,GA,GG,CC,GG,AA,CC,TA,TT,AA,CC,CC,CC,TC,NN,CG,CC,TT,CC,GA,AC,TC,NN,GG,AA,AG,CC,CC,GG,AA,CC,AA,AA,TT,GG,GG,CC,NN,GA,NN,TC,AA,GT,GG,GA,AA,CC,AG,CC,TT,CN,NN,NT,GC,TC,TT,GG,NN,AA,AG,TT,GA,GA,CC,AA,CC,TN,CA,CC,NN,CC,GG,TT,AA,NC,GA,CC,AA,TT,AA,GG,GG,GA,AG,CC,AA,CT,AA,CC,GA,GA,GG,TC,CG,GG,TT,NN,CC,CT,AG,CG,CT,NN,GN,AG,AA,CC,TT,CN,CC,TT,AA,AA,TT,AA,TT,GT,AA,NG,AA,CC,GA,TC,NN,AA,GA,TT,GA,GG,AA,AA,AG,NN,CC,TA,NN,GA,GG,CC,TT,CC,GG,GG,CT,GG,AA,GG,GG,GA,CT,AA,AA,GA,TA,CN,GG,CC,AG,CC,CC,NN,TC,NC,NC,AA,CC,AA,AA,CT,AG,CT,AA,AN,TC,NN,NN,CC,AA,CC,AT,CC,AA,TT,GG,TT,CC,GG,TT,CC,CC,GG
British in England and Scotland,,,,HG00102,,NA,CC,CC,TT,CT,GG,TT,GG,CC,CN,NN,GG,CC,CT,GC,TT,GG,GG,GG,CC,CC,CA,GT,TT,GG,CC,GG,GG,CC,CC,NN,CT,CC,AA,GT,AG,AA,AA,CC,GA,CC,CA,CC,NN,TC,NN,CT,AG,NC,CC,CT,AA,GA,CC,AG,CC,AG,TT,GA,AG,TC,AG,GG,CG,CT,GG,GA,NA,TT,CC,TT,NN,AN,CC,AA,CC,TC,AA,AA,GG,GG,CC,CC,CA,AA,CC,GG,GG,TA,TT,CT,GN,NN,GG,GG,CC,GG,GG,CT,AA,GA,AA,TT,NN,TT,AG,AA,AA,GG,GG,NN,CC,GG,CC,TT,GG,GG,GA,CT,GG,AG,TC,NN,TC,CC,GG,CT,CC,GG,GG,TT,GG,NN,CC,CC,AA,CT,CC,GG,AG,NN,GG,AG,CT,GG,CG,NN,TT,CC,GG,AA,CC,CG,TC,CC,GT,AA,TG,AA,AA,GT,CC,GA,CC,NT,CC,GG,CT,CC,AG,AA,TT,CC,TT,CT,TA,AC,GT,AG,TT,TG,CC,GA,GG,AA,NC,AA,GG,GG,TN,TT,TC,CC,TT,AG,TC,NN,AA,GG,GG,GG,GG,TC,TG,TC,GG,AA,AA,AA,AG,GG,GC,AC,CT,CT,GA,CC,TT,CA,AA,NN,AA,TN,TT,CC,AG,TT,AA,TT,CC,AA,TG,AG,AA,AT,GG,GT,CC,GG,CC,AA,TG,GT,TG,AG,CT,CT,AN,NT,AA,CC,TT,GG,TT,GG,TT,AA,GG,GT,TC,TG,GG,GG,NT,CT,TT,CT,GG,GG,TT,CT,CC,CC,AG,NN,TT,CC,TT,AC,GG,CG,CC,TT,CT,CA,GA,NN,TT,TT,TG,TT,AA,TC,AG,GG,GG,TC,GG,AA,CT,TT,GT,AA,CC,CC,CC,CC,NN,CC,CC,TT,CC,GG,CC,CC,NN,GG,AA,GA,CC,CC,GG,AA,CC,AA,AA,TT,GG,AG,CC,NA,GG,AN,TT,AA,GG,GG,GG,AA,CC,AA,CC,CC,NC,NN,TT,CC,CT,GT,GG,NN,AG,AA,TT,AA,AG,CG,AA,CC,NN,CC,CC,NN,CT,GG,TT,AA,NN,GG,CC,AA,TT,CA,GG,GG,GG,AG,CC,TT,TT,AA,CC,GG,GG,GG,TC,GC,GG,AT,NN,CT,TT,GA,GG,CC,NN,GN,GG,AA,CC,TT,NC,CC,TT,AA,AG,TT,AA,TT,GG,AA,NG,AA,CC,GG,CT,NG,AA,GA,CT,GG,GG,AT,AA,GG,NN,CC,AA,NN,GA,GG,CT,TT,TC,GG,GG,CT,GG,AA,GG,GG,AA,TT,AA,CA,AG,TT,CC,GA,CC,GG,CC,TC,NN,CT,NC,CN,AA,TT,GA,AG,CC,AA,TT,AN,AA,CC,NN,NN,CC,AA,CC,TA,CC,GG,TN,GG,AT,CN,GG,CC,CA,CT,GG
British in England and Scotland,,,,HG00103,,NA,CC,AA,CT,TT,GG,TT,TT,CC,NC,NN,GG,CC,CC,GG,TT,AA,GG,GG,CC,CC,CA,GG,TT,GA,CC,TT,GG,CC,AA,TN,CT,NC,AA,TT,GG,AG,AG,CC,GG,CC,AA,TC,NN,CT,CN,CC,AA,NC,CC,TC,AA,AG,CC,GG,CC,GG,TT,GG,GG,CT,AG,GG,GC,CC,CG,GA,AA,CC,CC,TT,TN,NN,NC,AA,CC,TC,GA,AA,GG,GG,CA,TC,AA,GG,CT,GG,GG,AA,TT,CC,NG,TN,GG,GA,CC,GG,GG,CT,AA,GA,AA,CC,NN,TT,GG,AC,GG,GA,AA,CN,CC,GG,CC,TT,GG,AG,GG,TT,GG,AA,CC,NN,CC,CC,GA,CC,CC,GG,GT,GG,GG,NN,TT,CC,AG,TT,CC,GG,GA,NN,GC,GG,TT,GG,CC,TN,CT,TC,TT,AA,CC,GG,CC,CT,TT,TA,GG,AG,AT,GG,CC,AA,CT,TT,CG,GA,CT,TC,GG,AA,TT,CT,TT,CT,TA,AA,TT,GA,TT,GG,CC,GG,AG,GA,CN,AG,GG,AG,TT,TT,CT,CC,NT,AA,TT,NG,AA,AG,GG,GA,GG,TT,TT,CC,GA,AA,AA,AA,GA,GG,GC,AA,TT,TC,GG,CC,CC,CA,AA,TN,AG,NN,TG,CC,AA,TT,AA,TT,GG,AA,GG,GA,AA,TT,CG,TG,CT,GA,CC,AG,GT,TG,GT,AA,CT,CT,NN,NN,TA,CT,TG,TT,TT,GG,CT,AA,GG,TG,CC,GT,GG,GA,NT,CT,TT,TT,GG,GG,NN,TC,CC,CT,AG,NN,CT,TC,CT,AA,GG,GG,CC,TT,CC,AA,AA,CN,CC,TT,GG,TT,GG,CT,AG,AA,AA,TC,GG,AA,CC,AA,TT,AA,CC,TC,CC,CC,AN,CG,CC,TT,CC,GG,CA,CC,NC,GC,AG,AG,CC,CC,TT,AA,CC,AC,AG,TA,GG,GG,CC,NN,GG,NN,TT,AA,GG,GG,GG,AG,CC,AG,CC,TC,NC,NT,TT,CC,CT,TT,GG,NN,AA,AG,TT,AA,GA,CC,CC,CC,NN,AA,CC,NN,CC,GG,TT,AA,NN,GG,CC,AA,TT,AC,GG,GT,GG,GG,CC,AA,CT,AA,CC,GA,GA,GA,CT,CG,GG,AT,NN,CC,TT,GG,GG,CT,AN,NN,GG,AA,TT,CC,NN,CC,GT,AA,AA,TT,GA,CT,TG,AT,NN,AA,CC,GG,CC,NN,AA,GG,TT,GG,GG,AA,AC,AG,NN,TT,TA,NN,GG,GG,TC,TT,TC,GA,CG,CC,GG,AA,GG,GG,AA,TC,AA,AA,AG,AT,CC,GA,CC,GG,CC,TC,NN,CC,CN,CC,CA,CC,AG,AA,CT,AA,TC,AA,AA,CT,GN,NC,CC,AA,CC,AA,CC,GG,TT,GG,TT,CN,GG,CT,CA,CC,GG
British in England and Scotland,,,,HG00105,,NA,CC,AC,TT,TC,GG,TT,TG,CC,CN,NN,GG,CC,CC,CG,TC,AA,CG,AA,CC,CC,AC,GT,TT,AA,NN,TT,GG,TC,AC,NT,CC,NC,AA,GT,GG,AG,GA,CC,GA,TC,AA,CC,NN,CC,NN,CC,AA,NC,CC,CC,AA,GA,CC,GG,CC,GG,TT,AA,GG,TC,GG,GT,CC,CC,GG,AG,AA,TT,CC,TT,NN,NA,CC,AT,CC,TT,AA,AA,AG,GG,CC,CC,AA,AA,CC,GG,AG,AA,TT,CC,NN,NT,GG,GG,CC,AA,GG,TC,AA,GG,AA,CT,CN,TT,GG,AA,GA,AG,GG,NC,CC,GA,CC,GT,GG,GG,AG,TT,GG,AA,CC,NN,CC,CC,AG,CC,CC,AG,GT,GG,GG,NN,CC,TC,AA,TT,CC,GG,GG,NN,GG,GG,TT,GG,CG,NN,TT,CC,TT,AG,CC,GG,CC,CC,TT,AA,GT,AA,AA,GG,TC,GA,CC,NN,CC,GG,TT,TC,GG,AG,TT,CC,TT,CC,TA,AA,TT,GG,TT,GG,CC,GG,AG,AA,NN,AG,GG,GG,TT,TT,CT,CC,TT,GG,TC,NG,AA,AG,GG,AG,GG,CT,TT,CC,GG,AA,AG,AA,AG,GG,CG,CC,CC,CC,AG,CC,TC,AA,AA,NN,GA,TN,GG,CT,GG,TT,AA,TT,CG,AA,GT,GA,AA,AT,GG,TT,TT,GA,CC,AA,TG,GT,TT,GG,TC,TC,NN,NT,AT,TC,GT,GG,NT,GG,TT,GG,GG,GT,CC,GG,GG,GG,TN,TC,TT,TC,NG,AG,NT,TT,CC,CC,GA,NN,TC,CC,CT,AA,GG,GC,CC,TT,CC,AC,AA,NN,CC,TT,GG,NT,AA,TC,AA,AG,GG,CC,GG,AA,CC,AA,TT,AA,CC,CC,TC,TC,NN,GC,CC,TT,TC,GG,CC,TC,NN,CG,AA,AG,CC,CC,TG,AA,CC,AA,AA,AT,GG,GG,TC,NA,GA,AN,TT,AA,GG,GG,AA,GA,CT,GA,CG,TT,NN,NN,NT,GC,CC,TG,AA,NN,AA,AA,TT,GG,AG,GC,AC,CC,TN,AA,CC,NG,CC,TG,TG,AA,NN,GG,CC,AA,TT,CA,GA,GG,GG,GA,TC,AT,CT,AA,CC,AA,GA,GA,CC,CG,GG,TA,NN,CC,TT,GG,GG,TC,NN,NG,GG,AA,TC,CT,NN,CC,TG,AA,AA,TT,GA,TT,GT,AA,NN,AA,CC,GG,TC,GN,AA,GA,TT,GA,GC,TA,AA,AA,NC,CC,TA,NN,AA,GG,TT,CT,CC,GG,GG,TC,GG,AG,AG,GG,AA,TT,AA,CA,AG,TT,NC,GA,CT,AG,TC,CC,AN,CC,CN,CN,AA,CT,AA,AA,CC,AG,CT,AA,AN,TC,NG,NN,CC,AA,CC,AA,CC,AA,TT,GG,TT,CN,GG,TT,CA,CC,GG
British in England and Scotland,,,,HG00106,,NA,CC,AA,TT,TT,CG,CT,GG,CC,NN,NN,AG,CC,CC,GG,TT,AA,GC,AA,CC,CC,AA,TG,TT,GG,CC,TT,GG,CT,AA,TN,CT,CC,AA,GT,GG,GA,AG,AA,AA,TT,AC,CC,NN,TC,CN,TC,AA,CC,CC,CT,AA,AA,CC,GA,CC,GG,TT,AG,GG,CT,GG,GT,CC,CC,GG,GG,AA,TC,CC,AT,NN,AN,CN,AA,CT,TC,AA,AG,GG,GG,CC,CC,CA,AA,CC,GG,GG,AA,TT,CC,NN,NN,GG,GG,CC,GG,GG,CC,AA,AA,AA,CT,NN,TT,GG,AA,GA,AG,GA,NN,TC,AG,CT,TT,GG,GG,GG,CT,GG,GA,CT,CN,CC,CC,GG,CC,CC,AG,TT,GT,GG,NN,TC,CC,AA,TT,CC,AA,GG,NN,CG,GG,TT,GN,CC,NN,TT,CC,GG,AA,CC,GC,CC,TT,TG,AA,GG,AG,TA,GG,CC,AA,CT,NT,CG,GG,CC,TC,GG,AA,TT,CC,TT,TC,TT,AA,GG,AG,TT,GG,CC,GA,GA,AA,NC,GA,GG,GG,NT,TT,TT,TT,TT,GA,CC,NN,AA,GA,GG,AG,GG,TT,TT,CT,GG,AA,AA,AA,AA,GA,GG,AC,CT,CT,GA,CC,CC,AC,AC,NN,AA,NN,TG,CC,AA,TC,AA,GT,CC,AA,GG,GG,AA,AA,GC,GT,CT,GG,CC,GA,GT,TG,TG,GG,TC,TT,NN,NN,AT,TC,TT,GT,NT,GG,TC,AA,GG,TG,CC,GG,GG,GG,TT,TT,TG,TT,GN,AG,TT,TT,AC,CC,GA,NN,TC,TC,CT,AA,GG,CG,TT,TT,CT,AA,AA,NC,CC,TT,GT,NN,AA,CC,AA,AG,AG,CC,GG,AA,CC,AT,TT,AN,CC,TT,CC,TC,AN,CC,CC,TC,CC,GA,CC,CC,NN,GC,AA,GG,CC,CC,TT,AA,CC,AA,AA,TT,GG,AG,CC,NA,GG,NN,TT,AA,GG,GG,GG,AG,CC,GA,CC,TT,NN,NT,TN,CG,CT,TG,GG,NN,AG,AG,TT,GG,AA,GC,AC,NC,NN,CA,AC,NN,CC,TG,TT,AA,NN,GG,CC,AA,TT,AC,GA,GG,GG,AG,CC,AT,TT,AA,CC,GA,GG,GG,TT,CG,GG,TT,NN,TC,TC,AA,GC,CC,NN,GN,GG,AA,CT,TC,NC,GG,TT,AA,AA,TT,AG,TC,TT,AA,GG,AA,CC,GG,CT,NN,AA,AG,TT,AG,GG,AT,AA,AA,CN,CC,AA,CN,AA,GA,CT,TT,CC,GA,GG,CC,GG,AA,GG,GG,AA,TT,AA,CA,GG,TA,CN,AG,CC,GG,CC,TC,NN,TC,CN,CN,AA,TC,AA,AA,CT,GG,TT,AN,NN,CC,NN,NC,CC,AA,CC,AT,CC,AA,NT,GG,TT,CN,GG,CC,CC,CC,GC
British in England and Scotland,,,,HG00107,,AA,TC,AA,CT,TT,GG,TT,GT,TC,CN,NN,GG,CT,CC,GC,TC,GG,GG,AA,GC,CC,AA,TG,TT,GG,NC,TT,GG,TC,CA,NT,CC,CN,GA,GG,AG,AA,GA,CC,GG,CT,CA,CC,NN,TC,NN,CT,AA,NC,CC,CT,AG,GA,CC,AG,CC,GA,TT,GG,AG,TT,GG,GG,CC,TC,GG,GA,AA,CC,CC,TT,NN,NN,CC,AA,CC,TT,GA,AA,AG,GA,CC,CC,AA,AA,CC,GG,GG,AA,TT,CC,NN,NN,GG,AG,CC,AA,GG,TC,AC,AG,GA,TT,NN,TT,GG,CA,AA,GA,GG,NC,CC,AG,CT,TT,GG,GG,GG,TT,GG,AA,CC,NC,CC,CT,GG,CC,CC,GA,TT,GG,GG,NN,CC,TC,AA,TT,CC,GG,AG,NN,GC,GG,TT,GG,GC,NN,TT,TC,TT,AA,CC,GG,TC,TT,GT,AA,TT,GA,AA,GG,CT,AG,CC,TT,CC,AG,TT,CC,GG,GG,TT,CT,TT,TC,TT,AA,TG,AG,GT,GG,CC,GG,GG,AA,NN,GA,GG,GG,NT,CT,CC,CC,TT,AG,TT,NN,AA,GG,GG,GG,GG,TT,TT,CC,GG,AA,AA,AA,AG,GG,CC,CC,CC,CC,GA,CT,CT,CC,AC,NT,GA,NN,TG,CC,AA,TC,AA,TT,CC,AA,GT,AA,AA,AT,GG,GG,TT,GG,CC,AA,TT,TG,TG,GA,TC,TT,NA,NN,AT,CC,TT,TG,NT,GG,CT,GA,AG,GT,TC,TG,AG,GG,TN,TC,TT,CT,GG,AG,TT,TT,CC,CC,AG,NN,TT,TC,CT,CA,GG,CG,CC,TT,TC,AA,AA,CC,CC,TT,GG,TN,AA,TT,GG,AA,GA,CC,GG,AA,CC,TT,TT,AA,CC,TC,CC,TT,AN,CC,CC,CC,CC,GA,CC,CC,CN,GG,AA,AG,CC,CC,TG,AG,CC,AA,GA,AT,GG,AA,CC,AN,GA,AN,TC,AA,TT,AG,AA,AA,CC,AG,GC,CT,NC,NN,NN,CG,TT,GT,GG,NN,AA,AA,TT,AG,GA,CC,CC,CC,NN,CA,CC,NN,CC,GT,GT,AA,NC,GG,TC,AA,AT,AA,AG,TG,AG,GG,CC,TA,CT,AA,CN,GA,AG,GG,TC,GG,GG,TT,NN,TC,TT,AA,GG,TT,AN,GG,GG,AA,CC,TT,NN,GG,TT,AA,AA,TC,AA,TT,TG,AA,GN,AA,CC,AG,CT,NN,AA,GG,TT,GA,GG,TT,AA,GA,NC,CC,AT,NN,AA,GG,TT,CT,CC,GG,GG,CC,GG,AA,GG,GG,AA,TT,AA,CA,GG,TT,NC,GA,CT,GG,CC,CC,NA,CT,NC,NN,CA,CC,AA,AA,TT,GA,CT,NN,NN,CC,NN,NN,TC,AA,CC,AA,GC,GA,TT,GG,AT,NC,GG,TT,CA,CC,GC
British in England and Scotland,,,,HG00108,,AA,CC,CA,TT,TT,CG,TT,TG,CT,CC,NN,GG,CT,CC,CC,TT,AA,GG,GA,CC,CC,AA,GT,TT,GG,CN,TT,AA,CC,AA,TT,CC,NC,AA,TT,GG,AG,AA,AC,AG,CC,CC,CC,NN,TT,CN,CC,AA,CC,CC,TC,AA,GA,CC,GG,CC,AA,TT,GG,GG,CC,GG,GG,CC,CC,GG,AA,AA,TC,CC,TT,NN,NN,CC,AA,CC,CC,AA,AA,GG,GG,CA,CT,AA,AG,CT,GG,GA,AA,TT,CC,NN,NN,AG,GA,CC,GA,GG,CC,AA,GG,AA,TT,NN,TT,GG,AA,AA,GA,GG,NN,CC,AG,CT,GT,GG,AG,GG,TT,CG,AA,CT,CN,CC,CC,GG,CC,CC,GA,GT,GG,GG,NN,CC,CC,AA,CT,CC,GG,GG,GN,GC,GG,TT,NN,CC,NN,TT,CT,GT,GA,CC,GG,CC,TC,TT,AA,TG,AA,AA,GG,CC,AG,CC,TN,GC,GA,TC,CT,AG,GG,TT,CC,TT,CC,TT,AA,TT,GG,GT,GG,CC,GG,AG,AA,NN,AA,GG,GG,TN,TC,TC,CC,TT,AG,TT,GN,AA,GG,GG,GG,GG,TT,TG,CC,AG,AA,AA,GA,GG,GG,CG,CA,TC,TC,GG,CT,CT,AA,AA,TN,AG,NN,GT,CC,AA,TT,AA,TT,CC,AA,GG,GA,AA,AA,CG,GG,CT,AG,CC,GG,TT,GT,TG,GG,CT,CC,AA,TN,AT,CC,TT,GT,TN,GA,TC,AA,GG,GG,TC,GG,GG,GG,TN,TC,GT,TC,NG,AG,TN,CT,CC,TC,AG,NN,TT,TC,TT,AA,AG,GC,TT,TT,CC,AA,AG,CN,CC,TT,GG,NT,GA,TT,GA,GA,AA,TT,GA,AA,CC,TA,TT,AA,CC,CC,CC,CC,NN,CC,CC,TT,CC,GG,CA,CC,CN,CC,GA,AA,CC,CC,GT,GA,CC,AA,AA,AA,GG,GG,CC,NA,GG,NA,TT,AA,TT,GG,GG,AA,CC,AA,CC,CT,NN,NN,NT,GC,TC,TG,GG,NN,AG,AA,CC,GG,GA,CG,AC,CC,NT,AC,CC,GN,CC,GG,TT,AA,NN,GG,CC,AA,TT,CA,GG,GG,GG,GG,CC,AT,CT,AA,CC,AA,GG,GG,TC,GC,GG,TT,NN,CC,TC,AA,CC,CC,NN,NG,AG,AA,CT,TC,NN,CC,TT,AA,GA,TT,AA,TT,GT,AA,GG,AA,CC,GA,TC,NN,AG,AA,TT,AG,GG,AT,AA,GA,CC,CC,AA,NN,AA,GG,TT,TT,CC,AA,GG,CC,GG,AA,GG,GA,AA,TT,AA,AA,AA,TT,NN,GG,CC,GG,CC,CC,NN,TC,CC,NC,AA,CC,AA,AA,TT,AG,CC,NA,AN,TC,NN,NC,CT,AA,CC,AT,CC,GG,TN,GG,TT,CN,GG,CT,CC,CC,GG
British in England and Scotland,,,,HG00109,,AA,CC,AC,TT,TT,GG,CT,GG,CC,NN,NN,GG,TC,CC,CC,TC,AG,GG,AG,GG,CC,AA,GT,TT,GG,CC,GT,GG,CC,CA,NT,CC,NN,AA,TT,AG,AG,AA,CC,GG,CC,CA,CC,NN,CT,CN,CT,AG,NN,CC,CC,AA,GA,AC,GA,CC,AA,GT,AG,AG,TC,GA,TG,CC,CC,GG,GG,AA,TT,CC,TT,NN,NA,NC,TA,TC,TC,AA,AG,GG,GG,AC,CC,AA,AA,CC,GG,GG,AA,AT,CC,NN,NN,GG,AG,CC,GG,GG,CT,AA,GA,AA,TT,NN,CC,GG,AA,AA,AA,GG,NN,CT,AA,CC,TT,TG,GG,GG,TT,GG,AA,TC,NC,CC,CC,GA,CC,CC,GA,TT,GT,GG,TN,TT,CC,AA,TT,CC,GG,AA,NN,GC,GG,TC,GG,CG,NN,CT,CC,GT,AA,CC,GC,CC,CT,TT,AA,GG,AG,AA,GG,CC,AA,CC,NN,CC,GA,TT,CT,GG,AA,TT,TC,TG,CC,TT,AA,TT,AG,TT,GG,CC,AA,GG,AA,NC,GG,GG,GG,TN,TT,CC,TC,NT,AA,TC,NN,AA,GG,GG,AA,GG,TT,TT,CT,GG,AA,AA,AA,AA,GG,GC,CA,CC,CC,GG,CC,CC,AC,AA,TN,AG,NT,TG,CC,AG,TT,AG,TT,CC,AA,GG,GG,GA,TT,GG,GG,CC,GG,CC,GA,TT,GG,GG,AG,TT,CT,NN,TT,AT,CC,TT,TG,TN,GA,CT,GA,GG,GG,TC,TT,GG,GG,NT,CT,TT,CT,GG,GG,TT,TT,CC,CC,GG,NN,CT,CC,TC,AC,GG,CC,CC,TT,CT,CA,AA,NC,CC,TT,TG,TN,AA,CT,GA,GA,AA,CC,GG,AA,TT,AA,GT,AN,CC,CC,CC,CT,NA,CC,CC,CT,CT,AA,CC,CC,CN,CG,AG,AA,CC,CC,TG,AA,CC,AC,GA,AT,GG,AG,CT,NN,GG,NN,TT,AA,GG,GG,GG,GA,CT,AG,CC,CC,NC,NT,NN,GG,TT,TT,GG,NN,AA,AA,TC,GA,AA,CC,AC,CC,NN,AC,CC,NN,CC,GG,TT,NA,NN,AG,CC,AC,TT,CC,GG,GG,GG,GG,CT,TA,TT,AA,CC,AA,GG,GG,CC,GC,GG,AT,NA,CC,TC,AA,GC,CC,NN,NN,GG,AA,TT,CC,NN,CG,TT,GG,AA,TT,AA,TC,GG,AA,NG,AA,CC,GG,CC,NN,AA,GA,TT,GG,GG,AT,CA,AG,CN,CC,TT,NN,AA,GG,TT,TT,CT,GG,GG,CC,GG,AA,GG,AA,AA,TC,AA,AA,GG,TA,NN,AA,TC,GG,CC,CC,NN,CC,CN,NN,CA,CC,GA,AA,TC,AG,CT,AN,NA,CT,GN,NC,CC,AG,TC,TT,CC,AA,TT,GG,TA,CN,NG,CT,CC,CC,GG
British in England and Scotland,,,,HG00110,,AA,CC,AC,TT,TC,GC,TT,TG,TC,CC,NN,GG,TC,CT,CG,CT,AG,GG,AA,CC,CC,CA,GT,TT,GG,CC,TT,GG,CC,AA,TN,TC,CN,AA,TT,AG,AA,AA,AA,GA,CC,AA,CC,NA,CC,NN,TC,GA,NC,CC,CT,AA,AG,CC,GG,CC,GG,TT,GG,GG,CT,GG,GG,GG,CC,GG,GG,AA,TT,CC,TT,NN,NN,CC,AA,CC,TC,AG,AA,GG,GG,CC,CC,AC,AA,TC,GT,GA,AA,AT,CC,NG,NN,GG,AG,CC,GA,GG,TC,AC,GG,AA,TT,NN,TT,GG,AA,AA,GG,GG,NC,CC,GG,CC,TT,GT,AG,GG,TC,GG,AA,TC,NN,CC,CC,GA,CC,CG,GG,TT,GG,AG,NN,CT,CC,AA,TT,CC,GG,GA,NN,GC,GA,TT,GN,GC,NN,TC,TC,TG,AG,TC,CG,CC,TC,TT,AA,GT,AA,AA,GG,TC,GA,TC,TN,CC,GA,TC,CC,GG,AG,TC,CC,TT,CC,AT,AA,GG,GG,TT,GG,CC,GG,GG,AA,CN,AA,GG,GG,TT,TT,CT,CC,TT,GG,TT,NN,AA,AG,AG,AG,GG,TT,TT,CT,AA,AA,AA,AA,GA,GG,CG,AA,TT,TT,GA,CC,CT,AC,AA,NT,GA,NN,GT,CC,AA,CC,AA,TT,GC,AA,GG,AG,AG,TA,GG,TG,CT,GA,CC,AG,TT,GT,TG,AA,CT,CC,AN,NN,TA,CC,TT,TG,NN,AG,TT,AA,GG,GG,CC,GG,GG,GG,NT,CT,TT,TC,GN,GA,NT,TT,CC,CC,AG,NN,TT,CC,TC,AC,AA,GC,CT,TN,TC,AA,AA,CC,CC,TT,GG,TN,AA,CT,GG,GA,GA,CC,AG,AA,CT,AA,TG,AA,CT,TC,CC,CT,NA,CC,CC,CT,CT,GA,CC,CC,CN,GC,AG,GA,TC,CC,GG,AA,CC,AC,AA,TT,GG,GG,CT,NN,GG,NA,TT,AA,TG,GG,GA,AA,CC,AG,CC,TT,NN,NN,NN,GG,TC,TT,GA,NN,AA,AG,TT,AA,AG,GC,CC,CC,NT,CA,CC,NN,TC,GG,TT,AA,NN,GG,CC,AA,TT,CC,GG,GG,GG,GG,CT,AA,CT,GA,CC,AA,GG,GG,CC,GG,GG,TT,NN,CC,TT,GG,GG,TC,NN,NN,GG,AA,CC,TT,NC,GC,GT,AA,AA,TT,AA,TT,GG,AA,GN,CA,CC,AA,CC,NN,AG,AA,CT,GG,GG,AT,AA,GA,NC,CC,TA,NN,GG,GG,TT,TT,CC,GA,GG,CC,GG,AA,GG,AA,AA,TT,AA,AC,GG,TT,NC,AA,CT,GG,CC,CT,AA,CC,NN,CC,AA,TC,AA,AA,TC,AA,CC,AA,AA,TC,GN,NC,CT,AA,CT,TA,CC,GG,TT,GG,TT,CC,GG,TT,AC,TC,GG
British in England and Scotland,,,,HG00111,,AA,CT,AA,TT,CC,CG,TT,TG,CC,NC,NN,AG,TT,CT,GG,TT,AG,CG,AG,CC,CC,AA,GT,TC,GG,CN,TT,GG,CC,AA,NT,CT,NC,GA,TT,GA,AA,AG,CC,GA,CC,CA,CC,NN,CT,NN,CC,AA,CN,CC,TT,AA,AA,CC,GG,CC,AA,TT,GG,GG,TC,GG,GG,GC,CC,GG,GG,NA,TT,CC,AT,NN,NN,CC,AA,CC,CT,AA,AA,GG,GG,CC,CC,CC,AA,TT,TT,GG,AA,AT,CC,NN,NN,GG,GG,CC,GA,GG,CC,AC,AG,AA,TT,NN,TT,GG,AA,GA,AA,AA,NN,CC,GG,TT,TT,GG,AA,GG,TT,GG,AA,CC,NC,TC,CC,GG,TC,CC,GG,TG,TT,GA,NN,TT,CT,AA,TT,CC,GA,AG,NN,GG,GG,TT,GG,CC,NN,TC,TT,TT,AA,CC,GG,TC,CC,GT,AA,TG,GA,AA,GG,CC,AA,CC,NT,CC,AG,TC,CT,GA,GG,TT,TC,TT,CC,TT,AA,TG,GA,TT,GG,CC,AG,GG,AA,CN,GA,AG,GG,TN,TT,TC,TC,TN,AA,TT,GN,AC,GG,GG,GG,GG,CT,TT,TT,GG,AA,AA,AA,AA,GG,CG,CA,CT,TT,GG,CC,CT,AA,AA,TN,GA,TN,TT,CC,AG,CT,AA,TT,CG,AA,GG,GA,AA,TA,GG,GT,CT,GG,CC,GA,TG,GT,GG,AA,TC,TT,NN,TT,TA,CC,TT,TT,TT,GG,TT,AG,GG,GT,CC,TT,GG,GG,TT,TT,TT,CC,NG,GG,TT,TT,CC,TT,GA,CN,TT,TC,TC,CC,GG,GG,TT,TN,TT,AA,AG,NN,CC,TT,GG,NN,AG,TT,GA,GA,GG,CC,GG,AA,TC,TA,TT,AA,CC,CC,TT,TT,NN,GC,CC,TT,CC,GG,CC,CC,NN,GG,AA,AG,CC,CC,GT,GA,CC,CA,AG,AA,GG,GA,CC,NN,GA,AN,TT,TT,TG,GG,AG,AG,CC,AA,GC,TC,NC,NT,TN,GG,CT,GT,GG,NN,AA,AA,TC,AG,AG,GC,AC,CN,NT,AA,CC,GN,CC,GG,TT,AA,NN,GG,CT,AA,TT,CC,AA,GG,GG,GG,CC,TA,TT,AG,CC,AG,AG,GG,CC,CC,GG,TT,NA,TC,CC,GA,GG,CC,NN,GN,GG,AA,TC,CT,NN,CC,TT,AA,AG,TT,AA,TT,TT,AA,NN,AA,CC,AA,TC,NG,AG,AA,TT,AA,GG,AA,CC,GA,CC,CC,AA,NN,GG,GG,CC,TT,CC,AG,GC,CC,GG,AA,GG,AG,AA,CT,AA,AA,AG,TT,NN,GA,CC,AG,CC,CC,NN,CC,NN,CN,AA,CC,AA,AA,CC,GA,TT,AA,AA,CC,GG,NN,CC,AA,CC,TT,CC,AG,TT,GG,TT,NC,GG,TC,CC,CC,GG
British in England and Scotland,,,,HG00112,,AA,CC,CA,TT,TT,GC,TT,TT,TC,CN,NN,GG,CC,CC,CC,TT,GG,GG,AG,CC,CC,AA,GG,TT,GA,CN,TT,GG,CC,CA,NN,CC,CN,AA,GT,AG,GA,AA,AA,GG,CT,CA,TC,NN,CT,NN,CC,GA,CC,CC,TT,AA,AA,CC,GA,CC,GG,TT,GA,GA,TT,GG,TT,CG,CC,GG,GA,AA,TT,CC,TA,NN,NN,NN,AA,CC,TC,AA,GA,GG,GG,AA,CC,AA,AA,CC,GG,GG,AA,TT,CC,GN,NT,GG,AG,CC,GG,GG,TC,AA,AG,AA,TT,NN,TT,GG,AC,AA,GA,GG,NN,CC,AG,CT,TT,GG,GG,GG,CT,GG,AA,CC,NC,CC,CC,GG,CC,CC,AG,TT,TT,AG,NN,CT,CT,AA,TT,CC,GG,AA,NN,CG,GG,TT,GG,CC,NN,TT,TT,TT,AG,TC,CG,CC,CC,TT,AA,GG,AA,AA,GG,CT,AA,CC,NT,CC,GG,TC,CT,GA,AG,TT,TT,TT,CT,AT,AC,GT,GA,GT,GT,CC,GG,GG,AA,CN,AA,GG,GG,NN,TT,CC,CC,NT,AG,TT,NN,AA,GG,GG,AG,GG,CT,TT,CC,GG,AA,AA,AG,AA,GG,CG,CA,TT,TT,GA,CT,CT,AC,AA,TN,AA,NT,TT,CC,AA,CC,AA,TT,CC,AA,GG,GA,AA,TT,GG,GG,TC,GG,CC,GG,TT,GT,GT,AA,CT,CT,AN,NT,TA,TC,GG,TT,TT,GG,TC,AA,GG,TT,CC,TT,GG,GG,NT,CT,TT,TT,NG,AA,TT,TT,AC,CC,GA,NN,TT,CC,TT,AA,AG,GC,CT,TT,TC,CC,AA,NN,CC,TT,GG,NN,AG,TT,AG,AG,GG,TC,GG,CA,CT,AT,TT,NA,CC,CC,TC,TT,NA,CG,CC,TT,CC,AG,CC,CC,CC,CC,AA,GG,TC,CC,TT,AA,TC,AA,AA,AA,GG,GG,CC,NN,GG,NN,TT,AA,TG,AA,AA,AA,CC,GA,CC,CT,CN,TN,NN,GC,TT,TG,GG,NN,AA,GA,TT,GA,GG,CC,AA,CC,TN,AA,CA,NN,CC,GG,TT,AA,NN,GG,CC,AA,TT,AC,GG,GG,GG,GG,TC,AT,TC,AA,CN,AG,AA,AA,CC,GG,AG,AT,AN,CC,TC,GA,GC,TC,NN,GN,GG,AA,TC,CT,NN,CC,TT,AA,AA,TT,AA,CT,GG,AA,GN,AA,CC,GA,TT,NN,AA,AG,TT,GG,GG,AA,AC,AA,CN,CC,AA,NN,AA,GG,CC,TT,CT,GA,CG,CC,GG,AA,GG,GA,AA,TT,AC,CA,GG,TT,CC,AA,CT,GA,CC,CC,AN,CT,CN,CN,AA,CC,GA,AA,TC,AA,CC,NA,AA,CC,GN,NN,TT,AA,CT,AT,CC,GA,NT,GG,TT,NC,GG,CC,AA,CC,GG
British in England and Scotland,,,,HG00113,,AA,CC,AC,TT,TT,CG,TT,GG,CC,NC,NN,GG,CC,CC,GC,TC,AA,GG,GA,CC,CC,AA,GT,TT,GG,CC,TT,GG,CC,CA,NT,TC,NN,AG,GT,GA,AG,GG,CA,GA,TC,CC,CT,NN,TT,NN,CC,AG,NN,CC,TC,AA,GA,AC,AG,CC,AG,TT,GA,AG,TT,GG,TG,CG,CC,GG,AG,NA,TT,GC,TT,NT,NA,NN,AA,CC,TC,AA,AA,GG,GG,CA,CC,CA,AA,CC,GG,GG,AA,TT,CC,NG,NN,GG,AA,CC,GA,GG,CC,AA,GG,AA,TC,NC,TT,GG,AA,AA,AA,GG,CC,CT,GA,TT,TT,GG,GG,GG,TT,GG,AA,CC,NN,CC,CC,GG,CT,CC,GA,GT,TG,AG,NN,TT,CC,GA,TT,CC,GG,GG,NN,GG,GG,TT,GG,CC,NN,CT,TC,TG,AA,CC,GG,TT,TT,TT,AA,GT,AA,TA,GG,CC,AA,CT,TN,CC,GA,CT,CC,GG,AA,TT,CC,GT,CC,TT,AA,GT,GA,TT,GG,CC,GG,GG,AA,NN,AA,GG,GG,TT,TT,TC,CC,TT,GG,CT,NN,AA,GG,GG,GG,GG,TT,TT,CC,GG,AA,AA,GA,AA,GG,GC,AC,TC,CT,GA,CC,CT,AC,CA,TT,AA,NN,TT,TC,AG,CC,AA,GT,CC,AA,GG,AA,GA,AT,GG,GG,TT,GA,CC,AA,TT,TG,GT,AG,CT,TT,NN,NN,TT,CC,TT,TG,TT,GG,TT,AA,GG,GG,CT,GG,AG,GG,TN,TC,TT,TT,GG,AA,TT,TT,AC,CC,GG,NN,TT,CC,TC,AA,GA,CC,CC,TT,CC,CC,AG,NN,TC,TT,GG,NN,AA,TT,AA,AA,AA,CC,GG,AA,TC,AA,TG,AA,CC,CC,CC,CT,NA,GG,GC,TT,CC,AG,CA,TT,NN,GG,AG,AA,CC,CC,TT,AA,CT,CA,AA,AT,GT,AG,CC,NA,GG,NN,TT,AT,GG,GG,GA,AA,CC,AA,CG,TT,NN,NN,TN,CG,CT,GG,GG,GN,AG,AA,TT,AG,AA,CC,CC,CC,TT,AA,CC,GN,CC,GT,GT,AA,NN,GG,TC,AA,TA,CC,GG,GT,GA,GG,CC,TT,TC,AA,NC,AA,GG,GG,CC,CC,GA,TT,NN,TC,TT,AA,GC,CT,NN,NG,GG,AA,CC,TT,NN,CC,TT,AA,AA,TT,AA,TT,GG,TA,NN,CA,CC,AG,CT,GN,AA,AG,TT,GG,GG,AA,AA,AA,NN,CC,AA,NN,GG,GG,CC,TT,CT,GG,GG,CC,GG,AA,GG,AG,AA,TT,AA,CA,GG,TT,CC,GA,CC,GG,CC,CT,NN,CC,CN,CC,AA,TT,AA,AA,TT,AA,TT,AA,AA,TC,NN,CN,CT,AA,CC,AA,CC,AA,TT,GG,TT,CN,GG,TC,CC,CC,GC
British in England and Scotland,,,,HG00114,,AN,CC,CA,TT,TC,GG,CT,TG,TC,NC,NN,GG,TC,CC,CG,TT,GA,GG,GA,CC,CC,CA,GG,CC,GG,CC,TT,GG,CC,CC,NN,CC,CC,AA,TT,GG,GA,GA,CC,GA,TC,CA,CC,NN,CC,NN,CC,AA,CC,CC,CC,AA,AA,AC,AG,CC,GG,TT,GG,GG,TT,GG,TT,CC,CC,GG,AG,NA,TT,CC,TA,NN,NN,CC,AA,CC,CT,AA,AA,AG,GG,CC,TC,AA,AA,CC,GT,AG,AA,TT,CC,NN,NT,AG,GG,CT,AG,GG,CC,CA,GG,AA,TT,NN,TT,GG,AA,GA,AG,GG,CN,TC,GA,CT,TT,GG,AG,GG,TT,GG,AA,CC,NN,CC,TC,GG,CC,CC,GG,TT,TG,GG,NN,CC,TC,AG,TT,CC,GA,AG,NN,GG,GG,TT,GG,CG,NN,CT,CT,GT,AA,CC,GG,CT,CT,TG,AA,GT,AG,AA,GG,TC,AG,CC,NN,CG,GG,CT,CC,GG,GA,TT,TT,TT,CC,TT,AA,TT,GG,TT,GG,CC,GA,GG,AA,NN,GA,GG,GG,NN,TT,TC,CC,TT,GA,TT,NN,AA,GG,GG,GG,GG,TT,TG,CC,GG,AA,AA,AA,GA,GG,GC,AC,TT,TT,GG,CC,CC,AA,AA,TN,GA,NN,GG,CT,AG,TT,AA,TT,CC,AA,TG,AG,AA,TT,GG,TG,CC,GG,CC,GG,TT,GT,GG,AG,CT,TT,NN,TN,TA,CC,TT,TG,TT,GG,TT,GA,GG,TT,CC,GG,AG,GG,TT,TT,GT,TT,GG,GG,NT,TT,CC,TT,GA,NN,TT,CC,TT,AC,AG,GC,TC,TT,TC,AC,AA,NC,CC,TT,GG,TN,AA,TT,GA,AA,GG,CC,AG,AA,CC,AT,TT,AA,CC,CC,CT,TT,NN,CG,CC,TT,CC,GG,AC,TC,CN,GG,AG,GG,CC,CC,TG,AA,CC,AA,AA,AT,GG,AA,CC,NN,AG,AA,TT,TA,GG,GA,AA,AG,CC,AA,CC,TT,CN,NN,NN,GC,TC,TT,GA,NN,AA,AA,TT,AA,GG,CC,CA,CC,NN,CA,CC,NN,CC,GG,GT,AA,NN,GG,CC,AA,TT,AA,GG,GG,GG,GA,CC,TA,TT,AA,CC,GG,GG,GG,CC,GG,GG,TT,NN,CC,TT,GG,GG,TT,NN,GG,GG,AA,CC,TT,CN,CC,TT,AA,AG,TT,AA,TT,TG,AA,GN,AA,CC,GG,CC,GN,AA,AA,TT,GA,GG,AA,AA,GG,NN,CC,TT,CN,AG,GA,TT,CT,CC,GG,GG,CC,GG,AA,GG,GG,GA,TT,AA,AA,GA,TA,NC,AG,CC,GG,CC,CT,NN,TT,CN,CN,AA,CC,GA,AA,CT,AA,CC,AN,AA,CT,NN,CC,TC,GA,CT,TA,CC,GG,TT,GG,TT,CN,GG,CC,AC,CC,GC
British in England and Scotland,,,,HG00115,,NA,CC,CC,TT,TT,GG,TT,TT,CC,CN,NN,GA,TC,CC,CC,TT,GA,GG,AA,CC,CC,AA,GG,TT,GG,CN,TG,GG,CT,AA,TN,CT,CN,AA,TT,GG,GA,AG,CC,GG,CC,CC,CT,NN,CC,NN,CC,AA,CC,CC,TC,AA,GG,CC,GA,CC,GA,TT,AG,GG,CC,AG,GG,CG,CC,GG,GG,AA,TT,CG,TA,NN,NN,CC,AA,CC,CT,AA,AA,GG,GA,AC,CC,AA,AA,CC,TG,GG,AA,TT,CT,NN,NN,GG,GG,CC,AA,AG,CC,CC,GG,AA,TC,NN,TT,GG,AA,AA,GG,GG,CN,CC,GG,CC,TT,GG,AG,AG,CT,GG,AA,CC,NN,CC,CC,GG,CC,CG,AA,TT,GG,GG,NN,CT,CC,AA,TT,CC,GG,GG,NN,GG,AG,CT,GN,CC,NN,TT,CT,GG,AA,CC,CG,CC,TC,GT,AA,GT,AA,AA,GG,CC,AA,TC,TT,GC,GA,TT,TC,GA,AA,CT,CC,TT,CC,TT,AA,TT,AA,GT,GG,CC,GG,GG,AA,CN,GG,GG,GG,TT,TT,TC,CC,TT,GG,TC,NN,AA,GG,GG,AG,GG,TT,TT,CC,GG,AA,AG,GA,GG,GG,GG,CA,CC,CC,AG,CC,TT,AA,AA,TN,GA,NN,GT,CT,AA,TT,AG,TT,CC,AA,GG,AG,AA,TA,GG,GT,TT,GG,CC,AA,TG,GT,GG,AA,CC,CT,AN,NN,TA,TT,GG,GT,TT,GG,TC,AA,GG,GG,TT,TG,AA,GG,NT,CT,TT,CT,GG,GA,TT,TT,CA,CT,GG,NN,TT,TC,CT,CC,GA,CC,TC,TT,CC,AA,AA,NN,CC,TT,GG,TT,GA,TT,AG,GG,GG,CC,AG,AA,CC,TA,TT,AN,CC,CC,TT,TT,NN,CG,CC,TT,TC,GA,CC,CC,NN,GG,AA,GA,CC,CC,TG,AA,TC,AA,AA,TA,GG,GG,CC,NN,GA,AA,TT,AA,TG,GG,GA,AG,CC,AA,CC,CT,NN,NN,NN,GG,CT,GG,GA,NG,AG,AA,TC,AA,AG,GC,AA,CC,NN,AA,CC,NN,CC,GG,GT,AA,NN,GA,CT,AA,TT,CC,GG,TG,GA,AG,CC,TT,TT,AA,CC,AA,GG,GG,TC,GG,GG,TT,NN,CC,CT,GG,GG,TC,AN,GN,GG,AA,TC,CT,NN,GC,TT,AA,GA,TT,AA,TT,GG,AA,NN,AA,CC,GG,CC,NN,AA,AG,TT,GA,GG,TA,AA,AA,CN,CC,AA,CN,GA,GG,CC,TT,CC,GG,GG,CC,TT,AA,GG,GG,AA,CT,AA,CA,GA,TA,CC,GA,CT,GG,CC,CC,NN,CT,CC,CN,AA,CC,AA,AA,CT,AA,TT,AN,NA,CT,NN,NC,CC,AA,CC,TA,CC,GA,NT,GG,TA,NN,GG,TC,CC,CC,GG
British in England and Scotland,,,,HG00116,,AA,TC,AC,TT,CT,GC,TT,GG,TC,NN,NN,GG,CT,CC,CG,CT,AA,GG,AA,GG,CC,AA,TG,CC,GG,NC,TT,GG,CC,CA,NN,CC,CN,AA,TT,GG,GA,GG,AC,GG,TC,CC,CC,NN,TT,CN,CC,AA,NC,CC,CC,AA,GA,CA,AG,CC,GG,TG,AG,AG,TC,AG,GG,CC,CT,GC,AG,AA,TT,CC,TT,NT,AN,CC,AA,CC,CT,AA,AA,AG,GG,CC,CC,AA,AA,CC,TT,GG,AA,TT,CC,NN,NN,GG,AA,CC,GA,GA,CC,AA,GG,AA,CT,NN,TT,GA,AA,GA,AA,AG,CN,TC,AA,CT,TT,GT,GG,GG,CT,GG,AA,TT,NC,CC,TC,GG,TC,CC,GG,TT,GG,GG,NN,CT,TT,AA,CT,CC,GG,GG,NN,GC,GG,TT,GN,CC,NN,TT,CC,GG,AG,CT,GC,CC,TC,TG,AA,TG,GA,AA,GG,CT,GA,CC,NT,CC,GG,TC,CC,GG,AA,TT,CC,GG,CC,TA,AC,TG,AA,TT,GG,CC,GG,GG,AA,NC,AA,GA,GA,TN,TT,CC,CC,TT,AA,TT,NN,AA,GA,GG,GA,GA,TT,TT,CT,GA,AA,AA,AA,GA,GG,CG,CC,TC,TT,GG,CC,CT,AA,AA,NT,AA,TN,TG,CC,GA,TC,AA,TT,CC,AA,GG,AG,GG,TA,GG,TT,CC,GG,CC,GG,TT,TG,GG,GA,TT,TT,NN,TN,TA,CC,TT,GG,NT,GG,TC,AA,GG,TG,CC,GT,GA,GG,NT,CT,TT,TC,GG,GA,TT,TT,CC,CC,GG,NN,TT,CC,TT,AA,GG,CC,CC,TT,TT,AA,AA,NN,CC,TT,GG,NT,AA,TT,GG,GG,AG,CT,GG,AA,TC,AT,GT,AA,CC,CT,CT,TT,AA,CC,CC,TT,CC,AG,CC,CC,CN,CC,AA,AA,CC,CC,GG,AA,CC,AA,AA,AT,GG,AG,TC,AA,GG,NA,TT,TA,TG,GG,AA,GA,CC,AG,CC,TT,NN,NN,NT,GC,TT,GG,AG,NN,AA,AG,TT,GG,AA,CC,AA,CC,NN,CC,CA,GN,CC,GG,TT,AA,NN,GG,CC,AC,AT,AC,GG,GG,GG,GG,CC,AA,TC,AA,CC,AA,GA,GG,CT,CG,GG,TT,NN,CC,TT,GG,GG,CC,NN,NN,GG,AA,TT,TC,NN,CC,TT,GA,AA,TT,AA,TT,TG,AA,NN,AA,CC,GA,CT,NG,GA,AG,TT,GG,GG,AA,AA,GG,NN,CC,AT,NN,GG,GG,CC,TT,CC,GG,GG,CC,GG,GA,GG,GA,AA,CT,AC,CC,GG,TA,CN,AA,CC,GG,CC,CT,NN,TC,NN,CC,AA,CC,AA,AA,TC,AA,CT,AA,AA,TC,NN,CN,CC,AA,CT,TA,CC,GG,NT,GG,AT,NC,GG,TC,AC,CC,GG
British in England and Scotland,,,,HG00117,,AA,CC,AA,TT,CT,GG,TT,TG,CC,NN,NN,GG,TC,CC,CG,CT,AA,GG,GA,CC,CC,AA,GG,TT,GG,NC,TT,GG,CC,AA,NT,CC,CC,AA,TT,GG,AG,GG,CC,GG,CC,CA,TC,NN,CC,NN,CC,AA,NC,CC,CC,AA,AG,CC,GG,TT,GG,TG,GA,AG,TT,GA,TT,CC,CC,GG,GA,NA,TT,CC,TT,NN,NN,NN,AT,CC,TT,GA,AA,AG,GG,CC,CC,AC,AA,TT,GG,GG,AA,TT,CC,NN,NN,GG,GA,TC,GG,GG,CC,AA,GG,AA,TC,NN,TT,GG,AA,AA,AG,GA,CN,CC,GG,CT,TT,GG,GG,AG,CT,GG,AA,TC,CN,CC,CC,GG,CC,CC,GG,GT,GG,GG,NT,CC,CC,AA,TT,CC,GG,AG,NN,CG,GG,CT,GG,GC,NN,CT,CC,TG,AG,CC,CG,CC,TC,TG,AA,GG,GA,AA,GT,CC,AA,CT,NN,CC,GG,CT,TC,GG,GA,TT,CC,TT,CC,TT,AA,TG,GG,TT,GG,CC,AG,GG,AA,CN,GG,AG,GG,TN,TT,TT,TC,TT,AG,TC,NN,AA,GG,GG,AG,GG,CT,TT,CC,GG,AA,AA,AA,AG,GG,CG,AA,CC,TC,GG,CT,TT,CA,AA,TT,GG,NN,TT,TT,GG,CC,AA,TT,CC,AA,GG,AA,AG,TA,GG,GG,CC,GA,CC,GA,TT,GT,GG,AG,TT,TT,NA,TN,AT,CC,TT,GG,TN,GG,TT,AG,GG,GT,CT,GT,GG,GG,TN,TC,TG,TC,GN,GG,TN,TC,CA,CT,AA,NN,TT,CC,TT,CC,GA,CG,CT,TT,TT,AA,AA,NN,CC,TT,GG,NN,AA,CC,AA,GG,GG,CC,GG,AA,CC,AA,TT,AA,CC,CC,CC,TT,AA,GG,CC,CC,CC,AA,CC,TC,NC,GC,AA,AA,CC,CC,GG,AA,TC,AA,AA,AA,GG,GG,CC,AN,GA,AA,TT,AA,GT,GG,GA,AG,CC,AA,CC,TT,NN,NN,TT,CC,CC,GT,AG,NN,AA,AA,TT,AG,GG,CC,CC,CC,NN,CC,CC,NN,CC,GG,TT,AA,NN,GG,CC,AA,TT,AC,GG,GG,GG,GG,CT,AT,TT,AA,CC,AA,AG,GG,CC,CC,GG,AT,AN,CT,TT,GA,CG,TC,NN,NG,GA,AA,TT,TC,CN,GG,GT,AA,AG,TT,AA,TT,GT,AA,NN,AC,CC,GG,TT,NN,AA,AA,TT,AA,GG,AA,AA,GA,CN,CC,AT,NN,AA,GG,TC,TC,CC,AG,GG,CC,GT,AA,GG,GG,AA,TT,AC,AA,AG,AT,CN,AA,TT,AG,CC,TT,NN,CC,NN,NN,AA,CC,AG,AA,CT,AG,TT,AA,AN,TC,NN,NN,CC,AG,CC,AA,CC,AG,NT,GG,TA,NC,GG,TC,CC,CC,CG
British in England and Scotland,,,,HG00118,,NA,CC,AA,TT,TC,GG,TT,TG,CT,CC,NN,AG,TT,CC,CG,TC,AG,GG,AG,CC,CC,AC,GT,TT,GG,CN,TT,GG,CC,CC,NN,CC,NC,AA,GG,GA,AA,AA,CA,GG,CC,AA,CC,NN,TT,NC,CT,AG,CC,CC,CC,AA,AA,CC,AG,CC,AG,TT,GG,GG,CT,GA,GG,GC,CT,GG,GA,AA,TT,GC,TT,NN,NN,CC,AA,CC,CC,AA,AA,GA,GG,CC,TC,CA,AG,CC,TT,GG,AA,AT,CC,NG,NN,GG,GA,CC,AA,AG,CC,AA,GG,AA,CT,NN,TT,GG,AA,AA,GG,GG,NN,CC,AG,CC,TT,GG,GG,GG,CT,GG,AA,CC,NN,CC,CC,GG,CC,CC,GG,GT,GT,GG,TN,CC,TC,AA,CT,CC,GG,AA,NN,GG,GG,TT,NG,CC,NN,TT,CC,GT,AA,CC,GC,CC,CT,TT,AA,GT,AA,AA,TG,CC,GG,CT,NT,CC,GG,TC,CC,GG,AG,TT,CC,TT,CC,TA,AC,TG,GA,TT,GG,CT,GG,GG,AA,NN,AG,GG,GG,TT,TT,CT,CC,TT,AG,TT,NN,AA,GG,GG,GG,GG,TT,TT,CT,GG,AA,AA,AA,GA,GG,CC,AA,CT,CC,GG,CC,CC,AA,AA,NN,AA,NN,GG,TC,AG,CT,AA,TT,CC,GA,GG,GG,AA,AT,GG,GG,TC,GG,CC,GA,TT,GT,TG,AA,CC,CC,AA,NT,AT,CC,TT,GG,TN,GA,TT,GG,GG,TG,TT,GT,GG,GG,TN,TC,TT,TC,NG,GG,TT,TT,CA,TC,AA,NN,TC,TC,TT,AA,AG,GG,TC,TT,CC,AC,GA,NC,CC,TT,GG,TT,AA,CT,GG,AA,AA,CC,GG,AA,CT,TA,TT,AA,CT,CC,CC,CT,NA,CC,CC,CC,CC,AA,CC,CC,NC,GG,AA,GA,CC,TC,GT,AA,TC,AA,AA,TT,GG,AG,CC,AN,AG,AA,TT,AA,GT,GG,GG,AA,CC,GG,CC,CT,CN,NN,NT,GC,TC,TG,GG,NN,AA,AA,CC,GG,GA,CC,CC,NC,TN,AC,CC,NN,CC,GG,TT,AA,NN,GG,TC,AA,TT,CC,AA,GT,GA,GG,TC,TT,TT,AA,CC,AA,GG,GG,CC,GC,GG,AT,NN,CC,TT,GG,GG,CC,NN,NG,GG,AA,CC,TT,CN,CG,TG,AA,AA,TT,AA,TC,TG,AA,NG,AA,CC,GG,CT,NN,AA,AG,TT,GA,GC,TA,AC,AA,CN,CC,TT,NN,AA,GG,CC,TT,CT,AG,GG,CC,GG,AA,GG,GA,AA,TT,CA,CA,AG,AT,CC,AA,CC,GA,CC,CT,NN,CC,CN,NC,AA,CC,AA,AA,TC,AG,TT,NA,AN,CC,NN,CN,TC,AA,TC,AA,CG,AG,TT,TG,AA,CC,GG,CT,CC,CC,GC
British in England and Scotland,,,,HG00119,,AA,CC,AC,TT,CT,CG,TC,GT,CC,CN,NN,GG,CT,CC,CG,TT,AG,GG,GG,CC,CC,AA,GG,TT,GG,CC,TT,AG,TC,AC,TT,TC,NC,AA,TT,GA,AG,GA,CC,GG,CT,AC,CC,NN,CC,NN,CC,AA,CC,CC,CC,AA,AG,AC,AA,CC,AG,TT,GG,GG,CT,GG,TG,CC,CT,GG,AG,NA,CC,CC,TT,NN,AN,CC,AT,TC,TC,AA,AA,GG,GG,CC,CC,AC,GA,TT,GG,GG,AA,TT,CC,NN,NN,AA,GG,CC,GA,GA,CC,AA,GG,AG,TT,NN,TT,AG,AA,GA,GA,GG,NC,CC,AG,CC,TT,GT,AG,GG,TT,GG,AA,CT,NC,CC,CT,GG,CC,CC,GG,TT,GT,GG,NN,CC,TT,AA,TT,CC,AG,GA,NN,CG,GG,TT,GG,CC,NN,CT,CT,TT,AA,CC,CG,CC,TC,TT,AA,TG,AG,AA,GG,TC,AG,CC,NN,CC,GG,CC,CT,GA,GG,TT,CT,TT,CC,AT,AA,GT,AA,TT,GT,CC,GG,AA,AA,NC,GA,GG,GG,TN,CT,CT,CC,TT,GG,CT,NG,AA,GG,GG,GG,GG,TT,TT,CC,GG,AA,AA,AA,GA,GG,CC,CA,CC,TT,AG,CC,CT,AA,AA,TN,GA,NN,GG,CC,GA,TT,AG,TT,CG,AA,GG,GG,AG,TT,GC,GG,TC,GG,CC,AA,TT,TG,GT,AG,TC,TC,NA,NT,AT,TC,GT,TG,TT,GG,TT,GA,GG,TG,CT,GG,AA,GG,NT,CT,TT,TT,GG,GG,TN,CT,CC,TC,AG,NN,TC,CC,TT,CA,GG,CC,CC,TT,TT,AA,AG,NN,CC,TT,GT,TT,GA,TT,AA,GA,GA,CC,GA,AA,CT,AT,TT,AA,CC,CT,CT,CT,AN,CG,CC,TT,CC,GG,CC,TC,CC,GG,AA,GG,CT,CC,GT,AA,TT,AA,AA,TT,GG,AG,CC,NN,GG,NN,CT,AA,GG,AG,AG,AG,CC,AA,CC,TC,CN,TN,NT,GG,TT,TG,GG,GG,AA,AA,CC,AA,AA,CC,CA,CC,TN,AA,CC,GN,CC,TG,TG,AA,NN,GG,CC,CC,TT,CA,GG,GG,GG,GA,CC,TT,TT,AA,CC,AA,GA,GA,TC,GC,GG,AT,NN,CC,CC,GA,GG,TT,AA,NG,GG,AA,CC,TT,NN,GC,TT,AA,AA,TT,AA,TC,GT,TA,NG,AA,CC,GG,CC,NN,AA,GA,TT,GG,GG,AT,AC,GG,NN,CC,AA,CN,AA,GG,CC,TT,CT,GG,GG,CC,GG,AG,GG,AA,AA,TT,AA,AA,GG,TA,CN,AA,CC,GG,CC,TC,NN,CC,NN,NC,CC,CC,AA,AA,TC,AG,TT,AA,NA,TC,NN,NN,CC,AA,CC,AA,CC,AG,NT,TG,TT,NC,GG,CC,AC,CC,GG
British in England and Scotland,,,,HG00120,,AA,CC,CC,TT,CT,GG,TT,GG,CC,NN,NN,GG,CT,CC,GC,CT,GG,GG,GG,CC,CC,AA,GG,TC,GG,CN,TT,GG,CC,AA,NT,CT,CN,GA,GT,GA,GA,AA,AA,GG,CC,AA,CC,AN,TT,CN,CC,AA,CC,CC,CC,AA,AG,AC,GG,CC,AG,TT,GA,GG,CC,GG,TG,GC,CC,GG,GG,AA,TT,CC,TT,NN,NN,CC,AA,CC,CC,AA,AG,AG,GG,CA,CC,AA,AA,CC,GG,GG,AA,TT,CC,NN,TN,AG,AA,CC,AG,GG,TC,AA,AG,AA,TT,NN,CT,GG,AC,AA,GG,GG,NN,CC,GA,TT,TT,GG,GA,GG,TT,GG,AA,CC,NC,CC,CT,GG,CC,CC,GG,TG,GG,GG,NN,TT,CT,AG,TT,CC,GG,GG,NN,CC,GG,TT,GG,GC,NN,TC,CC,GG,AG,CC,GG,CC,TT,GT,AA,GT,GG,AA,GG,CC,AA,CC,NN,CC,GG,CC,CC,GA,AA,TT,CT,TT,CC,TT,AA,GG,AG,TT,GG,CC,GG,GG,AA,NN,GA,GG,GG,TT,TT,TT,TC,NN,AA,TT,NN,AC,GG,GG,GG,GG,TT,GT,CT,AG,AA,AA,AA,GA,GG,CG,AC,CC,TT,GG,CC,CT,CA,AA,NT,AA,NN,GG,CC,AA,CC,AA,GT,CC,AA,TG,GG,AA,AA,CG,TG,TT,GG,CC,AA,TT,TG,GG,AG,CC,TC,NA,NT,AA,CC,TT,TT,TN,GG,TT,AA,GG,GT,CC,GG,AG,GA,TT,TT,TT,TT,GG,GG,TT,TC,CC,CC,AG,NN,TT,CC,TT,CC,AG,GC,CC,TT,CC,AA,AA,CN,CC,TT,GG,NT,AA,TT,AG,GG,AG,CC,AG,AA,CC,TT,TT,AA,CC,CT,CT,CT,NA,GC,GC,CT,CC,AG,CC,CC,NN,GC,AA,GA,CC,CC,TG,AA,TC,AA,AA,TT,GG,GG,CC,NA,GG,AA,TT,AA,TG,GG,GA,AA,CC,AG,CC,CT,NN,NN,NT,GC,CT,GG,GG,NN,AA,AG,TT,AG,AA,GC,AA,CC,NN,AC,CA,NN,CC,GG,GT,AA,NN,GG,CC,AC,TT,CC,GG,TG,GG,AG,CC,AA,TC,AA,CC,AG,AG,GG,TC,GC,GG,TA,NN,CC,TT,GA,GG,CC,NN,NN,GG,AA,TT,CT,NN,CC,TT,AA,GA,TT,AA,TT,GG,AA,GN,CA,CC,GG,CC,GN,GA,AG,TT,GA,CC,AA,CA,AA,NC,CT,AA,NC,GA,GG,CC,TT,CC,GG,GG,TC,GG,AA,AG,AA,GA,CT,AA,AC,AG,TA,CC,AA,CC,GG,CC,TC,NN,CT,NC,NN,AA,TT,AA,AA,CT,AA,CT,AA,NA,CC,NN,NC,CC,AA,TC,TT,CC,GG,TN,GG,TT,NC,GG,CT,CC,CC,GG
British in England and Scotland,,,,HG00121,,AA,CC,AA,TT,CT,GG,TT,GG,CC,CN,NN,GG,CC,CC,GC,TC,GG,GG,GG,CG,CC,AA,GT,TT,GG,CC,TT,GG,CC,AA,NT,CC,NN,GA,TG,AG,AA,GG,CC,GA,CT,AA,TC,NN,CT,NN,CT,GG,NN,CC,CT,AA,GG,AA,GG,CC,GG,TT,GA,GA,CT,GG,GT,CC,CC,GG,AG,AA,TT,CC,TT,NN,AN,CC,AT,CC,CT,AA,AA,GA,GG,AC,CC,AA,GG,CC,GG,AG,AA,TT,CC,NN,NN,AG,GG,CT,AG,GG,CC,CA,GG,AA,TT,NN,TT,AG,AA,AA,AG,AG,NN,CC,AG,TT,TT,GG,GG,GA,TC,GG,AA,CC,NN,CC,CC,GG,CC,CC,AA,TT,TG,GG,NT,CT,CC,AA,TT,CC,AG,GG,NN,GC,GA,TT,NG,CC,NN,TT,CT,GG,GG,CC,GG,CT,TT,TG,AA,TT,AA,AA,GG,TC,AA,TC,TN,CC,GG,CC,TT,GG,GA,TT,CT,TT,TC,TT,AA,TT,GA,TT,GG,CC,GG,GA,AA,NN,GG,GG,GG,NT,TT,TT,TC,TT,GG,TC,NN,AA,AG,AG,AG,GG,CT,TT,CC,GA,AA,AA,AA,AA,GG,CG,AC,TT,CT,GG,CC,TC,CC,AC,NT,AG,NN,TG,CC,AG,TC,GA,TT,CG,AA,GG,GA,AA,AA,GG,GG,TC,GG,CC,GA,TT,TG,TG,AG,CC,CT,NN,TN,TA,CC,TT,GT,TT,GG,TT,GA,GG,TG,CC,GT,GG,GG,TT,TT,TT,TC,GN,AG,TT,TT,CC,CT,AG,NN,CT,CT,TT,AA,AG,CG,TC,NT,TC,AA,AA,CN,CC,TT,GG,NN,AA,TT,GG,AG,AG,CC,GG,AA,CC,TA,TG,NA,TT,CC,CT,CT,NN,GC,CC,CT,CC,AG,CC,TT,NN,CG,AA,GG,TC,CC,TT,AA,TC,AA,AA,TT,GG,AA,CC,NN,GA,NN,TC,TA,GG,GG,GG,GA,CT,AG,CG,TT,NN,NN,TT,CC,TC,GG,AG,NG,GA,AA,CT,AA,GG,CG,AA,NC,TN,CC,CC,GG,CC,GG,TT,AA,NN,AG,CC,AA,TT,CA,GG,GG,AG,GG,CC,AT,CT,AA,CC,GA,GG,GG,CC,CC,GG,TT,AN,TC,TT,GG,GG,TC,NN,GG,GA,AG,CT,TC,NN,CC,GT,AA,AA,TT,AA,TT,GT,AA,NN,AA,CC,GG,CT,NN,AA,AA,TT,GA,GG,AA,AA,GA,NN,CC,TT,NN,AG,GG,TT,CT,CC,GG,GG,TC,GG,AA,GA,GG,AG,TT,AC,AA,GG,AA,NC,AA,CC,AG,CC,TC,NA,CT,NN,NC,AA,CT,GA,AA,CT,GA,TC,AA,AA,CC,NN,NN,CC,AA,CT,AA,CC,AG,TT,GG,AT,NC,GG,TC,CC,CC,GC
British in England and Scotland,,,,HG00122,,AN,CC,AA,TT,TT,GG,TT,GT,TC,CN,NN,GG,CT,CC,CG,CT,AG,GG,GA,CC,CC,AA,GG,TT,GG,CC,TT,GG,CC,AA,NN,CC,NN,GA,GG,GA,AA,GA,AC,GA,CT,CA,CC,NN,TT,NN,CT,AA,CC,CC,CC,AA,GA,CA,GG,CC,AG,TT,GA,AA,TT,GG,GG,GC,CC,GC,GG,AA,TT,CC,AT,TN,NA,CC,AA,CC,TT,AA,AA,GG,GG,CA,CC,CA,AA,CC,GG,GG,TA,TA,CC,NN,NN,GG,AG,CC,AA,GA,CC,AA,GG,AA,CT,NN,TT,GG,CC,AG,GA,AG,NN,CC,AG,CT,TT,GG,GG,GG,CT,GG,AA,CC,NC,CT,TC,GA,CC,CC,GG,GT,GT,GG,NN,CT,TC,AA,CT,CC,GG,AG,NN,GG,GG,TT,GG,CC,NT,TC,CT,GG,AG,TT,CC,CC,TT,TT,AA,TG,AA,AA,GT,CC,AA,CC,NT,CC,AA,TT,CC,GA,AA,TT,CC,TT,CC,TA,CA,TG,GG,TT,GG,CT,AA,GG,AA,CN,AG,GG,GA,NT,TT,CT,CC,TT,AG,TT,NN,AA,GG,GG,AG,AG,CC,TG,CT,GA,GA,AG,AA,GA,GG,GG,AA,TT,CT,GG,CC,CT,AA,AA,NT,GA,NN,GG,CC,GG,TT,AG,TT,CC,AA,GG,GG,GG,TA,GG,TT,CC,GG,CC,AA,TT,TG,GT,AG,TT,TT,NN,NT,AT,TC,GT,TG,TT,GA,TT,AA,AG,GG,CC,GT,GG,GA,TN,TC,TG,CT,GG,GG,TN,TT,CC,CC,GG,NN,TC,CC,CT,AA,AA,GG,CT,TT,TC,AA,AA,CC,CC,TT,GG,TN,AA,CT,AA,GG,GG,CT,GG,CA,CT,AT,TT,AA,CC,CC,CC,CT,NN,GC,CC,TC,CC,GA,CC,CC,CN,GG,AA,AA,CC,CC,TG,GA,CC,CA,AA,TA,GT,GG,CC,NA,GA,AN,TT,AT,GT,GA,AA,AA,CC,AA,CC,TC,NC,NT,NN,GG,TT,TG,GG,GG,AA,GA,TT,GG,AG,CG,CA,CC,NN,AA,CA,NN,CC,GG,TT,NA,CN,GA,CC,CC,AT,CC,GG,GG,GG,GG,CC,AA,TC,AA,CC,GA,GG,GG,CC,CC,GA,TT,NN,TC,TT,AG,GG,CT,NN,GG,GA,AA,CT,TC,NN,GG,TT,AA,AA,TT,AA,TT,GG,AA,GN,AA,CC,AA,TT,NN,AA,AG,TT,GG,GG,AA,CA,AA,CC,CT,AA,NN,GG,GG,TT,TC,CC,AG,GG,CC,GG,AA,GG,GG,AG,TT,AA,AC,AA,TT,CC,AA,CC,AA,TC,CT,NN,CC,NN,CC,AA,TC,GA,AA,TT,GG,CC,NA,NA,CC,NN,NC,CC,AA,CT,AT,CC,AA,NT,GG,AT,CN,GG,CC,CC,CC,GG
British in England and Scotland,,,,HG00123,,NA,CC,AA,CT,TT,GG,CT,GG,CC,CN,NN,GG,CC,CT,GC,CT,AG,GG,GG,CC,CC,AA,GT,TT,GG,NC,TT,GG,CC,AA,NN,CC,NC,AA,GG,GG,GG,AG,CA,AG,CC,AA,TC,NN,TT,CN,CT,AA,CC,CC,CC,AA,GA,CC,GG,CC,GA,TT,GG,AA,CT,GG,GT,GG,CC,GG,AG,AN,TT,CC,TA,NN,NN,CC,AA,CC,TC,AA,AA,GG,GA,AC,CC,AA,AA,CC,GG,GG,AT,TT,CC,NN,NN,AG,AG,CC,AA,GG,TC,AA,AG,AA,TC,NN,TT,GG,AA,AA,GA,AA,NC,CC,GA,TT,TT,GG,GA,AG,CT,GG,AA,CC,NN,CT,CC,GG,CC,CC,GA,GT,TG,GG,NN,CC,TT,AA,TT,CC,AG,GG,NN,CC,GG,TT,GG,CC,TN,CC,CC,GG,AG,CT,GC,CC,CC,GG,AA,GT,AA,AT,GG,CC,AA,CC,NN,CC,GG,TC,CC,GG,AA,TT,TC,TT,CC,AT,AA,GG,GG,TT,GG,CC,GA,GG,AA,NN,AA,GG,GA,NT,TC,CT,CC,TT,GG,TC,GN,AA,GA,GA,GA,GG,CT,TT,CC,AG,AA,AG,AA,GA,GG,CG,CA,TC,TC,GA,TC,TC,AA,CA,NN,AG,NT,GG,TC,GG,TT,AA,TT,CC,AA,GT,GA,AA,TA,GC,GT,TC,GG,CC,AG,TT,GT,TG,GA,CT,TT,NN,TN,TA,CC,TT,TG,NT,GG,TT,AG,GA,GG,CC,GG,GG,GG,NN,CC,TT,TT,GN,GG,TN,TC,CC,CC,GG,NN,CT,CC,TT,AA,AG,GC,TT,TT,CC,AA,AA,CN,CC,TT,GG,NT,AG,TT,AA,GA,GA,CC,GG,AA,CT,AA,TG,AA,CC,TC,CC,TT,NN,GC,GC,TT,CC,GG,CC,CC,CC,CG,AA,GA,CC,CC,TG,AA,CC,AA,AA,AA,GG,GG,CC,NN,GG,NN,TT,AA,GT,GA,GG,GA,CC,AA,CC,CC,NC,NT,NT,CC,TT,GT,AG,NN,AG,GA,TT,GA,GG,CG,CA,CC,NT,AC,AC,NN,CT,GG,GT,AA,NN,GG,TC,AA,AT,CC,GA,GG,GG,GA,CC,AA,TT,AA,CC,AA,GG,GG,CC,CG,GG,AT,NN,TC,TT,AA,GG,CT,NA,GN,GG,AA,TC,CT,NN,GC,GT,AA,AG,TT,AA,TT,TG,AA,GN,AA,CC,GG,TC,NN,AA,AA,TT,GG,GG,TA,AC,GA,CC,CC,AT,CN,AG,GG,CC,TC,CT,GA,GG,CC,TG,AA,GA,AG,AA,TC,AA,AA,GG,TT,CN,AA,TT,GG,CC,CC,AN,TC,CN,NN,AA,TC,AA,AA,TT,GG,CC,NA,AA,TC,NN,NC,CC,AA,CC,AA,CC,AA,TT,GG,TT,NC,GG,CC,CC,CC,CC
British in England and Scotland,,,,HG00125,,AN,CC,AC,TT,CC,GG,TT,GT,TC,CC,NN,GG,CC,CT,CG,TT,AG,GG,GA,CG,CC,AC,GG,TC,GG,CN,TT,GA,CC,AA,TN,CC,CN,GA,GG,GG,GG,GA,CC,AA,CT,AA,CC,NN,TC,NN,TC,GA,CC,CC,CT,AA,GA,CC,GG,CC,GG,TT,GA,GG,TT,GG,GG,CC,CT,GG,GA,AA,TT,CC,TT,TN,NN,CC,AA,CC,CT,AA,AA,GG,GG,CC,CC,CC,AA,TC,TG,GG,AA,TT,TC,NG,NN,GG,AG,CC,AA,GG,CC,AA,GG,AA,TT,CN,TT,GG,AA,AA,GG,AA,NN,CC,AG,TT,TT,GG,GG,AA,CT,GC,AA,CC,NC,CC,CC,GG,TC,CC,GG,TT,GG,GG,NN,CT,TC,AA,TT,CC,GG,GG,NN,GG,AG,CT,GG,CC,NT,TC,CC,TT,AA,CC,GG,CC,CC,GT,AA,GT,AA,AA,GG,CC,AG,TC,TN,CG,AG,TC,CC,GA,GA,TC,CC,TT,CC,TT,CA,GG,AG,TT,TG,CC,GG,GG,AA,NC,AA,GA,GG,NT,TT,CC,CT,TT,GG,TT,NN,AA,GG,GG,AG,GG,TT,TG,CC,GA,GA,AA,AA,AA,AA,CC,AA,CC,CC,GG,CC,CC,AA,CC,NN,AA,NN,TT,TT,AA,CC,AA,TT,CG,AA,GG,AA,AA,AT,GG,GG,CC,GG,CC,AG,GT,GG,GG,AG,TT,TT,NN,TN,TA,CC,TT,GT,TT,GG,TT,AA,GG,TT,CC,GG,GA,GG,TT,TT,GG,TC,GG,GA,TT,TT,CC,CC,GG,NN,TC,TT,TT,AC,GG,GC,TC,TT,CT,AA,AG,NC,CC,TT,GG,NN,AA,CT,AA,AA,AA,CC,GG,AA,CC,TT,GT,AA,TC,CC,TT,CT,AA,GG,CC,TC,TC,GA,CC,TC,NC,GG,AA,AA,TC,CC,GG,AA,CT,AC,AA,TA,GG,GG,CC,NA,GG,NN,TT,AA,GG,GG,GG,AA,CC,AA,GG,CC,NC,NN,NN,GG,CT,GT,GG,NN,GG,GG,CT,AG,AA,CC,AA,CC,NN,CA,CC,NG,CC,GG,TT,AA,NN,GG,CT,AA,TT,CC,GG,GG,AG,GG,CT,AT,TT,AA,CC,AA,GG,GG,TC,GG,GG,TT,NN,CC,TT,GA,GG,CT,NN,NG,AG,AG,CT,TC,NN,CG,GT,AA,AA,TT,AA,TT,GG,AA,NN,AC,CC,GG,TC,GG,AA,GA,TT,GG,GC,AA,CC,GA,NN,CC,AA,NN,GG,GG,TC,TT,CC,GA,GG,CT,GG,AA,GG,GG,AA,TT,AA,AA,GG,TT,CC,AA,CC,AG,CC,CC,NN,CT,NC,NN,AA,CC,AA,AA,CT,AA,TT,AN,AN,CC,NN,NN,CC,AG,CT,AA,CC,AA,NT,GG,TA,NC,GG,TC,CC,CC,GG
British in England and Scotland,,,,HG00126,,AN,TC,CA,TT,TC,CG,TT,GG,CC,CN,NN,GA,CC,TC,GG,CT,AA,GG,AG,CC,CC,CA,GG,TT,AA,NC,TG,GG,CC,CC,NN,CC,CN,AA,GG,GG,GG,GA,AC,GG,TC,AA,CC,NN,TC,NN,CC,AA,CC,CC,CC,AA,AG,CC,GA,CC,GA,TT,GG,GG,CC,GG,GT,CC,CC,GG,AG,AA,TT,CG,TT,NT,NN,CC,TA,CC,TT,AA,AA,GA,GG,CC,CT,CA,AA,TT,TT,GG,AA,TT,CC,NN,TN,AA,AG,CC,AA,GG,CC,AA,GA,AA,CT,NN,TC,GG,CA,GA,AG,GG,NC,CT,AG,TT,TT,GG,GG,GG,CT,GG,AA,TC,NN,CC,CC,GG,CC,CC,GG,TT,GT,AG,NN,CC,CC,AA,TT,CC,GG,AG,NN,GG,GG,TT,NG,CC,TN,TC,CC,GT,AA,CC,GC,CC,TT,TT,AA,GG,AA,AA,GT,CC,AA,TT,TT,CC,GG,TC,CC,GG,AA,TT,CC,TG,CC,AT,AA,TT,GA,TT,GG,CC,GA,AA,AA,NC,GA,GG,GG,TT,TT,CC,CT,TT,AA,TT,GG,CA,GG,GG,GA,GG,TT,TT,CT,GA,AG,AA,GA,AA,GG,GG,AA,CC,CC,GG,CC,CC,AA,AA,NN,AG,NN,GT,CC,AA,TT,AA,TT,CC,AA,GG,GA,AG,AA,GG,GG,CC,GG,CC,GA,TT,GT,GT,GA,CC,TT,NN,TT,AA,CT,TG,GT,NT,AG,TT,AG,GA,TT,CC,TG,GG,GG,TT,TT,TT,TT,GG,AA,TT,TT,CC,CT,GG,NN,CT,CC,TT,CA,GG,GC,TC,TT,CC,AA,AA,NC,CC,TT,GG,TN,AA,TT,GA,GG,GG,TC,GA,AA,TC,TA,TT,AA,CC,CC,CC,TT,AN,GC,GC,TT,CT,GA,CC,CC,NN,GG,AA,GA,CC,TT,GG,AA,TC,AA,AA,AA,GG,GG,CC,NA,AG,NN,TT,AT,GG,GG,GA,AA,CC,AA,GC,TT,CN,NN,TT,GG,TT,TT,GG,NN,GG,GA,TT,GA,AA,CC,AA,CC,NN,CA,CC,NN,CC,GG,TT,AA,NC,GG,CC,AA,TT,AC,GG,GT,GG,AG,CC,TA,TT,AA,CC,GA,AG,AG,CC,GC,GG,TT,NN,CC,TT,GG,GG,TC,NA,GG,GG,AA,CC,TT,NN,CG,GT,AA,AA,TC,AA,TT,TT,AA,NG,CA,CC,GA,TC,NN,AA,AA,TT,GG,GG,AA,AA,AG,NN,CC,AA,NC,AG,GG,TC,CT,TC,GG,CG,CC,GG,AA,GG,AA,AG,TT,AA,AA,GA,AA,NN,AA,CC,GG,CC,CC,NN,TC,NC,NN,CA,CT,AA,AA,CT,AA,CT,AA,AA,TC,NN,CC,CC,AA,TC,AA,CC,GA,NT,GT,TA,CC,GG,CT,CC,CC,GG
British in England and Scotland,,,,HG00127,,AN,CT,AA,TT,CC,GG,TT,TT,CC,NN,NN,GG,CT,CT,CG,TC,AG,CG,GG,CC,CC,AA,GT,TT,AA,NN,TT,GG,CC,AA,NN,CC,NN,AG,GG,GG,GA,GA,CC,GG,TT,AA,CC,NN,CC,NN,CC,AA,CN,CC,TC,AA,GA,CC,GG,CC,GG,TT,GA,AG,TT,AA,TT,CC,CC,GG,GA,AA,TT,CC,AT,NN,NN,NN,AA,CC,TT,AA,AA,AG,GG,CC,CC,AA,AA,CT,GG,GG,AA,TT,TC,NN,TN,GG,GG,CT,AG,GG,CC,AA,GG,AA,TC,NN,TT,GG,AC,AG,GA,GG,NN,CC,AG,TT,TT,GG,GG,GG,TT,GG,AA,CC,NN,CT,CC,GG,TC,CC,AG,GT,GG,AG,NN,CC,TT,AA,TT,CC,GA,AG,NN,GG,GG,TT,NG,CC,NN,TT,CC,GG,GG,CT,CC,CC,CT,TG,AA,TG,AA,AA,GT,CT,AA,CC,NN,CC,AG,CC,CC,GG,AA,TT,CT,TT,CC,TT,AA,TG,GG,GT,GG,CC,AG,GG,AA,NN,AA,GG,GG,NT,TT,CT,TT,TN,AA,TT,NN,AA,GG,GG,GA,GG,TT,TT,CC,AG,AA,AA,GA,AA,GG,CG,CA,CC,CC,AG,TC,TT,CA,AA,NT,AA,NT,TT,CC,GA,TC,AA,TG,GC,AG,GG,GG,AA,AA,GG,GG,CT,GG,CC,AA,TG,TG,GG,AG,CC,TT,NN,NT,TA,CC,TT,TG,TT,GG,TT,AG,GA,GT,CC,TG,AG,GG,NT,CT,TT,TT,NG,GG,NT,TT,CC,TC,GG,NN,TT,CC,TT,AA,GG,CG,CC,TT,CT,AC,AA,NN,CC,TT,TG,NN,AA,TC,GG,GA,GG,CC,GG,AA,TT,AA,TT,AA,CC,CC,TC,CT,AA,GC,GC,TT,CC,AG,CC,CT,CN,GG,AA,AA,CC,CC,GT,AA,CC,AA,AA,TT,TG,GG,CC,NN,GA,NN,TC,AA,TG,GG,AG,GA,CC,AG,CG,CT,CC,NN,TN,CG,CT,TT,GG,GN,AA,AA,TT,AA,AA,CG,AA,CN,NN,AA,CC,NG,CC,GG,TT,AA,NN,GA,CC,AA,TT,AC,GG,GT,GG,GG,CC,TT,CC,AA,CC,AA,GG,GG,CC,GC,GG,TT,NN,CC,TT,GA,GG,TC,NN,GG,GG,AA,CC,TT,CN,GG,TT,AA,AA,TT,AA,CT,GT,AA,NN,AA,CC,GA,CC,NN,AA,GG,TT,GG,GG,TA,AA,AG,NN,CC,AA,CN,AA,GG,CC,TT,CC,GG,GG,CC,GG,AG,GG,GG,AA,TC,AA,AA,GG,TT,NC,GA,CC,GG,CC,CC,NN,CC,CC,CC,AA,CC,AA,AA,TC,GA,CC,AA,AA,CC,NG,NC,CC,AA,CC,AT,CC,AG,TT,GG,TA,CN,GG,CC,CC,CC,GG
British in England and Scotland,,,,HG00128,,AN,CC,AA,TT,TT,GC,TT,TG,CC,NN,NN,AG,CC,CC,GC,TT,AA,CC,AA,GC,TT,AA,GG,CT,GG,CC,GT,GG,CT,AA,NN,CC,CC,AA,GT,GA,AA,AA,CA,GG,CT,CA,CT,NN,TC,NN,CC,AA,CC,CC,TC,AA,GA,CC,AA,CC,GG,TT,GA,GA,CT,GA,GT,CC,TC,CG,GG,AA,TC,CC,TA,NN,NN,CC,AA,TC,TC,AA,AG,GG,GG,AC,TC,AA,AA,CT,GG,GG,AA,AT,CT,NN,NN,GG,GA,CC,AG,GG,CC,AA,GG,GG,CT,NN,TT,GG,AA,AA,GA,GG,NN,TC,AA,TT,TT,GG,GG,GG,TC,GG,AA,CT,NN,CT,CC,GG,CC,CC,GG,TT,GG,AG,NN,CC,CC,AA,TT,CC,GG,GG,NN,GC,AA,TC,GG,CC,NN,TT,CT,GT,AA,TC,CG,CC,TC,TT,AT,GG,AG,AA,GG,CC,AA,CT,TT,CC,GG,TC,TC,GG,GA,TT,CC,TG,CC,TT,CA,GG,AA,TT,GG,CC,GG,GG,AA,CN,AA,GG,GG,NT,TT,CC,CC,NT,AA,CT,GN,AA,GG,GG,AG,AG,TC,TT,CT,AG,AA,AA,AA,AG,GG,CC,CC,CC,TT,GA,CC,CC,AA,AA,NT,AA,NN,GG,TC,GA,CC,AA,TT,GC,AA,GG,GG,GG,TT,GC,GT,CC,GG,CC,AA,TT,GT,TG,AG,CT,CT,AN,NN,AT,CC,TT,TG,TT,GG,TT,AA,GG,TG,CC,GG,GG,GG,TT,TT,TT,TC,GG,GG,TT,TT,CA,CT,GA,NN,TC,CC,TT,AA,GG,CC,CC,TT,CT,AA,AA,NN,CC,TT,GT,NN,AA,TT,AG,GG,GG,CT,GG,AA,CT,TT,TT,AA,CC,TC,CT,TT,AN,GG,CC,TC,CC,GA,CC,CC,NN,GC,AG,AA,CC,CC,GG,AA,CC,AA,AA,AT,GG,GG,CT,NN,AG,AA,TT,AA,GG,GG,GG,AA,CC,AG,CG,TT,NN,NN,NN,GG,CT,GT,GG,NN,AA,AG,TT,AG,AG,CG,AA,CC,TN,AC,CC,NN,CC,GG,TT,AA,NN,GG,TC,AA,TT,CC,GG,GG,GG,AG,CC,AT,TC,AA,CC,AA,GG,GG,CT,CC,GG,TT,AN,TC,CT,GG,GG,TT,NN,NN,GG,AA,CC,TT,NN,GC,GT,AA,AG,TT,AA,TT,TG,AA,GG,AA,CC,AG,TT,NN,AA,AA,CT,GG,GG,AA,AA,AA,NN,CC,AA,NN,AA,GG,TT,TT,CC,GG,GG,TC,GG,GA,GG,GA,AA,TT,AA,AA,GG,TA,NN,GA,CC,GG,CC,TT,NN,CC,NN,NN,AA,CC,AA,AA,TT,AA,TT,AA,NA,CC,GN,CN,CC,GA,TT,AA,CC,GG,TT,GG,TT,CC,GN,CT,CC,CC,CG
British in England and Scotland,,,,HG00129,,NA,CC,AA,TT,TT,GG,TT,GT,CC,CN,NN,GG,CC,CC,GG,TT,AG,GG,AG,CC,CC,AA,TT,TC,AG,NN,TT,AG,CC,AA,TT,CC,CC,AA,GT,GG,GG,GG,AC,GG,CC,CA,CC,NN,TT,NN,CC,AG,NC,CA,CT,AA,AA,AC,AG,CC,GG,TT,GG,GA,TT,GG,TT,CC,TC,GG,GG,AA,TT,CC,TT,TN,NN,CC,AA,CC,CT,AA,AA,AG,GG,CC,CC,CA,AG,CC,GG,GG,AA,TA,CC,NN,TN,GG,GG,TC,GA,GG,CC,AA,GG,AA,TT,NN,TT,GG,AA,GA,AA,GA,NN,CC,GA,CT,TT,GG,AG,GG,CT,GG,AA,TC,CN,CC,CC,GG,CC,CC,GG,GT,TG,GG,NN,TC,CC,AA,TT,TT,GG,GG,NG,GC,GG,TT,GG,CC,NN,TT,CC,TG,AA,CC,GC,CC,CC,TT,AA,GG,AG,AA,GG,CC,AA,CC,NN,CC,GG,CT,CC,GG,GA,TT,CC,TT,TC,AT,AA,TT,AA,TT,GG,CC,GG,GG,AA,CN,AA,GG,GA,NN,TC,TC,CC,TT,GG,TT,GN,CA,AA,GG,AG,AG,TT,TG,CC,AG,AA,AA,GA,AG,GG,GC,AC,TC,CT,AG,CC,CT,AC,AA,NN,AG,NN,TG,CC,GA,TC,AA,GT,CG,AA,GG,AG,GA,AA,GG,GT,CT,GG,CC,AA,TT,GT,GT,AG,TT,TT,NN,NT,AT,CC,TT,GG,TT,GG,TT,AA,GG,TG,CC,TT,GA,GG,TN,TC,GT,TT,GN,GG,TT,TT,CC,TT,AG,NN,CT,CC,TT,AA,GA,CG,CT,TT,CC,AA,AA,NN,CC,TT,TG,NT,AG,TC,AA,AA,AG,CC,GG,AA,CC,AT,GT,AA,CC,CC,CT,CT,AN,CC,CC,TT,CC,GA,CC,TC,NN,GG,AA,AA,CT,CT,TG,AA,CC,CA,AA,AT,GG,GG,CC,NN,AG,AN,TT,TA,TG,AG,AA,AA,CC,AG,GC,TT,CN,NN,NT,GC,TC,TG,GG,GN,AA,AG,TT,GA,AA,CC,CC,CC,NN,CC,CC,NN,CC,GT,TT,AA,NN,GG,TC,AA,TT,CA,GG,TG,GG,GG,CC,TT,CC,AA,CC,AA,GG,GG,CT,CC,GG,AT,NN,TC,CC,AA,GC,CC,NN,NG,GG,AA,TT,CC,NN,CC,GT,AA,AA,TT,AA,TT,TT,AA,GN,AA,CC,AA,CT,NN,AA,AA,TT,GG,GG,TA,AC,AG,NC,CC,AA,NN,GA,AA,TC,TT,CT,GG,GG,CC,GG,AA,GG,GG,AA,TT,AA,AA,AA,TT,NC,AA,CC,GG,CC,CC,NN,CC,NC,CC,AA,CC,AG,AA,CT,GA,CC,NN,AA,TC,GN,CN,CC,AA,TT,TT,CC,AA,NT,GG,AT,NC,GG,CC,CC,CC,GG
British in England and Scotland,,,,HG00130,,AA,CC,AC,TC,TC,GG,TT,GT,TC,NN,NN,GG,CC,TC,CG,CT,AG,GG,AG,GC,CC,AA,TT,TT,GA,CN,TT,GG,CC,AA,TT,CC,NN,AA,TT,GG,AA,GA,CA,GG,CT,CC,CC,NN,CT,NN,TC,AA,CN,CC,CC,AA,GG,CC,AG,CC,GG,TT,GG,GG,TT,AG,TG,CC,CC,GG,AA,NN,TT,CC,TT,NN,NN,CN,AT,CT,TT,AA,AA,GA,GA,CC,CC,AC,AA,TC,GG,GG,AA,TT,CC,NN,NN,GG,AA,CC,GG,GG,CC,AA,GG,GA,TT,NN,TT,GG,AA,GA,AG,AG,NC,CC,GG,TT,TT,GG,GA,GG,TT,GG,AA,CC,NN,TC,CC,GG,TC,GC,GG,TT,GG,GA,NN,CC,CT,AA,CT,CC,GG,AA,NN,GG,GG,TT,GG,CC,NN,TT,CT,TG,AG,CC,GC,CC,TT,TT,AA,TG,AA,AT,GG,CC,AA,CC,TN,CC,AA,TC,CC,AG,GG,TT,CT,TG,TC,TT,AA,TT,GA,GT,TG,CC,AG,GG,AA,NN,GG,GG,GG,TT,TT,CC,TC,TT,GA,TT,NG,AA,GG,GG,GG,GG,TT,TT,CC,GG,AA,AA,AG,GA,GG,CC,AA,CC,CC,GA,CT,TT,CA,AC,NT,AG,NN,GG,CC,GA,CC,AA,TT,CC,AA,GG,AG,AA,TT,GG,GT,TC,GG,CC,GA,TT,GG,GT,AG,TC,CT,AN,TN,TT,CT,TG,GG,NT,GG,TC,AG,GA,GT,TC,GG,GG,GG,TT,TT,GT,TT,GG,AA,TT,TT,CC,CT,GG,NN,TT,TC,CT,AA,GG,CC,TC,TT,CT,AC,AA,NC,CC,TT,GG,TT,AG,CC,AG,GA,GA,CC,GG,AA,TC,TT,TT,AN,CC,CC,CT,CT,NN,CG,CC,TC,CC,GA,AA,CT,NN,GG,AA,GA,CC,CC,GT,AA,CC,AA,AA,TA,GG,GG,CC,NN,GA,NN,TT,AA,GT,AG,AA,GA,CC,AA,CC,TC,NC,NN,TN,CG,CT,GG,GG,NN,AA,GA,CT,AG,AG,CG,AA,CC,NT,AC,CC,NN,CC,GG,TT,AA,NN,GG,CC,AA,TT,CC,GG,GT,GA,GA,TC,AA,CT,AA,CN,AG,GG,GG,TC,GC,GG,TT,NN,TC,CT,GG,GG,TC,NN,NG,GA,AG,CT,TC,NN,GC,TT,AA,AG,TT,AA,TT,GG,AA,NG,AA,TC,GG,CT,NN,AA,AA,TC,GG,GG,AA,AC,AG,CN,CC,AA,NN,GG,GG,CT,TT,TT,GG,GG,CT,GG,GG,AG,GG,AA,TC,AA,CA,AA,AT,CC,GA,CC,GA,TC,TC,NN,CC,NC,CC,AA,TC,AA,AA,CT,AA,TT,AN,AA,TC,NN,NN,CT,AA,TC,TA,CC,AG,NT,GG,TT,CC,GG,CT,CC,CC,GG
British in England and Scotland,,,,HG00131,,NA,CC,AA,TT,TT,GG,CT,TG,CC,NC,NN,GG,TC,TC,CG,TT,AG,GG,AG,CC,CC,AA,GG,TT,GG,NN,GT,GA,CC,AA,TT,CC,NC,AA,TG,GG,GA,GG,CC,GG,CT,CA,CC,NN,CT,NN,CC,AA,CC,CC,TT,AA,AA,AC,GG,CC,GG,TT,GG,AA,TT,GG,GG,CG,CC,GG,AA,AA,TT,CG,TT,NN,NN,CC,AA,CC,TC,GA,AG,AA,GG,CC,TC,AA,AA,TC,GG,GG,AA,TT,CC,NN,NT,AG,AG,CC,AA,GG,CC,AA,AG,AG,TT,NN,TT,GG,CA,GA,AG,GG,NN,CC,GG,TC,TT,GG,GG,GG,TC,GG,AA,CT,NN,TC,CC,GG,CC,CC,GG,TG,GG,GG,NN,CT,CC,AA,TT,CC,GG,GG,NN,GG,GG,TT,NG,CC,NN,TT,CC,GG,GA,CC,GG,TC,CC,TG,AA,TG,AA,AT,GG,CC,GG,CC,NN,CC,GA,CT,CC,GG,GA,TT,CT,TT,CC,AT,AA,GG,GA,GT,GG,CC,AG,GG,AA,NN,GG,GG,GG,NN,TT,CC,CT,TT,GA,CC,NN,AC,GA,GA,GA,GG,TC,TT,CC,AA,AA,AA,AA,GA,AG,GG,CA,TT,TT,AA,CC,CT,AA,AA,TN,AA,NN,TG,CC,AG,CT,AA,TT,CC,AA,GG,GA,AA,AT,GG,GG,CC,GG,CC,AG,TT,TG,TG,GA,CC,TT,NN,NT,TA,CC,TT,TG,TT,GA,TT,GA,GG,TG,CC,TG,GG,GG,TT,TT,GT,TT,GG,GG,TT,TT,CC,CC,AA,CN,TC,CC,TT,CA,GG,CC,TC,TT,CC,AA,AA,NC,CC,TT,GG,NT,GA,CT,GA,AA,AA,CT,GG,AA,CC,TT,TT,AA,CC,CC,CC,CC,AN,CC,GC,CT,CC,AG,CC,CC,CC,GC,AG,GA,CC,CC,GG,AG,CC,AC,AA,TT,GG,GG,CC,NN,GA,NN,TT,AT,GT,AG,AA,AG,CC,AA,CC,TC,NN,NT,TT,CC,CT,TT,GG,NN,AA,AG,CC,AG,GG,GC,AA,CC,NN,CC,CC,NN,CC,GT,TT,AA,NC,GG,CC,AA,TT,CC,GG,GG,GG,AG,CC,TT,CT,AA,CC,AG,AG,AG,CC,CG,AG,TT,NA,TC,TC,AA,GG,CC,NN,GN,GG,AA,TT,CC,NN,CG,GT,AA,AA,CT,GA,TT,GT,AA,GG,AA,CC,GG,CC,NG,AG,AG,TT,AG,GC,TT,AA,AA,NN,CT,AA,NN,AA,GG,CC,CC,CC,GG,GG,CC,GG,AA,GG,AA,GA,TC,AA,AA,GG,TA,NC,AG,CC,GG,CC,CC,NA,TC,NC,NC,AA,CC,AA,AA,CT,AA,TC,AA,AA,CT,GN,CN,CC,AA,CC,AT,CC,AA,TT,GG,AT,CC,GG,CC,AC,CC,CG
British in England and Scotland,,,,HG00132,,NA,CC,AA,TT,TT,GG,TT,GG,CC,CN,NN,GG,CC,CC,GC,TT,GA,GG,GG,CC,CC,CA,GT,TT,GG,NN,TT,AG,TC,AA,NN,CC,NN,AA,TT,AG,AG,GG,CC,GG,CC,AC,TC,NN,CC,NN,CC,AA,NN,CC,TT,AA,GG,CC,AG,CC,GG,TT,GG,AG,TC,AG,GG,CC,CT,GG,GA,NA,TC,CC,TT,NN,NN,CN,TT,TC,TT,AA,AA,AA,GG,AA,CC,AC,AA,TC,TG,GG,AA,TT,CC,NN,NT,GG,GG,CC,AG,GG,CC,AC,GG,AA,TT,NN,TT,GG,AA,AA,AA,AG,NN,CT,GG,CC,GT,GG,GG,GG,TT,GG,GA,CC,NN,CC,TC,GG,CC,CC,GG,TT,GG,GG,NN,TC,CT,AA,TT,CC,AG,GA,NN,GC,AA,TT,GG,CC,NN,TT,CC,GT,GA,CC,GG,CC,CC,TT,AA,TG,GA,AA,TG,TC,GG,CC,NN,CC,GG,CT,CC,GG,AA,TT,TC,TG,CC,TT,AA,GT,GG,TG,GG,CC,AG,GA,AA,NN,AA,GG,GG,NN,CT,TC,TC,TT,GG,CT,NN,AA,GG,GG,GG,GG,TT,GT,CC,GG,GA,AA,AA,AG,GA,CC,AC,TT,TT,GG,CC,CC,AC,AA,TT,AA,NN,TG,CC,AA,TT,AA,TT,CG,GA,GG,GA,GA,AA,GG,TG,CT,GG,CC,AG,TT,TG,GG,AG,CC,CT,AN,TN,AT,CC,TT,GT,NT,AG,TC,AA,GG,GT,CC,GG,GG,GG,NT,CT,TG,CT,NG,GG,NT,TC,CC,CC,GG,NN,TT,CC,TT,CA,AA,GG,CC,TT,CT,CA,AG,NC,CC,CT,GG,NT,AA,TT,AA,GA,GG,CC,GG,AA,CT,AA,TT,AA,CC,CT,TC,CC,NN,CG,CC,TT,CC,AG,CC,CC,NC,CG,AA,AA,TC,CC,GG,AA,CC,AC,AA,AT,GG,GG,TC,NA,GG,AN,TT,AA,TG,GG,GA,AA,CC,AG,CC,CC,CN,NN,TN,CC,TT,TG,GA,GN,AG,AG,TT,GG,AA,CC,CA,CC,NN,AC,CC,GN,CC,GG,TT,NA,CN,GG,TC,AA,TT,CA,GG,GG,GG,AA,CC,TT,TC,AA,NC,GA,GG,GG,CC,GC,GG,TT,AN,CC,CT,AA,GG,CT,NN,GN,GG,GA,TT,CT,NN,CC,TG,AA,GA,TT,AA,TT,TG,AA,GG,AA,CC,GG,TT,NN,GA,AA,TT,GG,GG,AA,AA,AA,CN,CT,TT,NN,AG,GG,CC,TT,CC,GG,GG,CC,GT,AA,AG,GA,GG,CT,AA,AC,AA,TA,NN,AA,TC,GG,CC,CC,NN,CT,NC,CN,AC,TC,GA,AA,CT,AG,TT,AA,NA,TT,NN,NN,CC,GA,TC,AA,CC,GA,TN,GG,TT,CN,NG,CC,CC,CC,CG
British in England and Scotland,,,,HG00133,,AA,CT,AA,TT,TT,GG,TT,GG,CC,NC,NN,GG,CC,TC,GC,TT,AA,GG,AA,CC,CC,AA,GG,TC,AG,NC,GT,GG,CC,AA,TT,CT,NC,AA,TG,GA,AA,GG,CC,GG,CC,CC,CC,NN,TT,NC,CC,AA,CC,CC,CC,AA,AG,CC,GG,TC,GG,TT,GA,AG,CT,AG,GT,GC,TC,GG,GA,AA,TC,CC,TT,NN,NN,NN,AA,CT,TT,AA,GA,GA,GA,CC,CC,AA,AA,CT,TG,GG,AA,TT,CC,NG,NN,AA,AA,CC,AG,GG,CT,CA,GG,AG,TT,NN,TT,GG,AA,AG,AG,GG,NC,CC,GG,TC,GT,GG,GG,AG,CT,GG,AG,CC,NN,CC,CC,GG,CC,CC,GA,TT,TG,GG,NN,CC,TC,AG,TT,CC,AA,GA,NN,GG,GG,TC,GG,CC,NN,TC,TC,GT,AA,CT,GC,CC,CT,TT,AT,GT,AA,AA,GG,CT,AA,CT,TT,CG,AG,TC,CC,AG,GA,TT,CC,GT,CC,TT,CA,TG,GG,TT,GG,CT,GG,AG,AA,NC,GG,GG,GG,NT,TT,TC,CC,TT,GG,TT,NN,AA,GG,GG,GG,GG,CT,TT,CT,GG,AA,GA,AA,GG,GG,GC,CA,TC,TC,GG,CC,TT,AA,AA,NT,GG,NT,TG,CT,AG,CT,AA,TT,CC,AA,GT,AG,AA,TT,GG,TT,CC,GG,CC,GG,TT,GT,GT,AA,TT,TT,NN,NT,TA,CC,TG,GT,NT,AG,TT,GA,GG,GT,CC,GT,GG,GG,TT,TT,TT,TT,GG,GG,TT,TT,AC,CC,GG,NN,CT,CC,TT,CA,AG,GC,CC,NT,CC,AA,AG,CC,CC,TT,GG,TT,AA,TT,AA,AG,AG,TT,AG,AA,TC,TT,GT,AA,TC,CC,CC,CT,AA,CC,CC,TT,TC,GA,CC,CT,NN,GG,AA,GG,CT,CC,GT,AA,CC,AA,AA,AA,TG,AG,CC,AN,GA,NA,TT,AA,GG,GA,GA,AA,TC,AA,CC,CC,CN,NN,NN,CG,CT,TT,GG,NN,AA,AA,CT,GG,GA,GC,AA,CC,TT,CA,CC,GN,CC,GG,TT,AA,NN,GG,CC,AA,TT,CC,GG,GG,GG,GG,CC,TA,CC,AA,CC,AG,GG,GG,TC,GC,GG,AT,AN,CC,TT,GG,GG,CT,NN,GN,GG,AG,CC,TT,NC,GG,TG,AA,GA,TT,AA,TC,TT,AA,NN,AA,CC,GG,CT,NN,AA,GG,TT,GA,GG,AA,CA,AA,NC,TC,AA,CN,AG,GG,CT,TT,CC,GG,GG,CC,TG,AA,GG,AA,GA,CT,AA,AC,GG,AT,NC,GA,CC,GG,TC,TC,NN,TC,NC,NC,AA,TC,GA,GA,TT,AA,CT,NN,NA,TT,NN,NN,CC,AA,TC,AA,CC,AA,TT,GG,AT,CN,GG,TT,CC,CC,GG
British in England and Scotland,,,,HG00136,,AN,CC,CA,TT,TC,GG,TT,TG,TC,NC,NN,GG,TT,CC,CG,TC,AG,CG,GA,CC,CC,AA,GG,TT,GG,NC,TT,GG,CC,AC,TN,CC,CC,AA,TT,AA,GG,AA,CC,AG,CC,CC,CC,NN,TC,NN,TT,GA,CC,CC,CC,AA,GG,CC,AA,CT,GG,TT,GG,GG,TC,GA,GG,GG,CC,GC,AG,AA,TT,CC,AT,NN,NN,CC,AA,CC,CC,AA,AA,GG,GA,CC,CC,CA,AA,CC,TG,AG,AA,TT,TC,NN,NN,GA,AA,CC,GA,GG,CC,AA,GG,AA,TC,NN,TT,GG,CA,AG,AA,GG,NN,CC,AA,TT,TT,GG,GG,GG,TT,GG,AA,CC,NN,CT,CC,GG,CC,CC,AG,TG,TG,AG,NN,CC,CC,AG,TT,CC,GG,GG,NN,GC,GG,TT,GG,CC,TN,CT,CC,GT,AA,CC,GG,TC,TC,TT,AT,GT,GA,AA,GG,TT,AG,TT,TT,CC,GG,CC,CC,GG,GA,TC,CC,TT,CC,TT,AA,GG,GG,TT,GG,CT,GA,GG,AA,NN,GA,GG,GA,TT,TT,TT,CC,TN,GA,TT,NN,CA,AG,GG,AG,GG,TT,GT,CC,AG,AA,AA,AA,AA,GG,GG,CA,CC,CC,GA,CC,TC,AA,AA,TN,AA,NN,GT,CC,AA,TT,AA,TT,CC,AA,GG,GA,AA,TA,GG,TT,CT,GA,TC,GA,TT,TG,TG,AG,TC,TT,NN,TN,TT,CC,TT,GG,TN,GG,TT,AA,GG,TT,CC,GT,GG,GG,TT,TT,TG,CT,GG,GG,TT,TT,CC,CC,AG,NN,TT,TC,CC,AA,GG,GC,TT,NT,CC,AA,AA,NN,CC,TT,GG,TT,AG,TT,GA,GG,GG,CC,GG,AA,CC,AT,TT,AA,CC,CT,TC,TT,NN,CG,CC,TT,CC,AG,CC,CC,NC,GC,AG,GA,CC,TC,GT,AA,TT,AA,AA,TT,GG,GG,CC,AN,AA,NA,TT,AA,GT,GG,AG,AA,TC,GA,GG,TT,NN,NN,NN,GG,TT,GG,AG,NN,AA,AA,TT,AA,AA,CC,CC,CC,TN,CA,CC,NN,CC,GG,TT,AN,NC,GG,CC,AA,TT,CC,GG,GG,GA,GG,CC,AT,TT,AA,CN,AA,GA,GA,CT,GC,GG,TT,NN,TT,CT,AA,GC,CT,NN,GN,GG,AG,CC,TT,NN,CC,TT,AA,AA,TT,AA,TT,GG,AA,GN,AA,CC,GG,CC,NN,AA,GA,TT,GG,GG,AA,AA,GA,NN,CC,TT,NN,AG,GG,CT,TT,TC,GG,GG,TC,GG,AA,AG,AA,AG,TT,AA,AA,GG,TT,CC,GA,CC,GG,CT,TC,NA,CC,NC,NC,AA,CT,AA,AA,CC,AA,TT,AA,AN,CC,NN,CN,CT,AA,TC,AT,CC,AA,TN,GG,TT,CC,GG,TC,CC,TC,GG
British in England and Scotland,,,,HG00137,,AA,CC,AC,TT,TC,GG,TT,GG,TC,NN,NN,GG,CC,CC,CC,TT,AA,GG,AG,CC,CC,AA,TG,TT,GG,NC,GT,GG,CC,AC,TN,CC,CC,AA,GG,AA,GG,GA,AC,GA,TT,AA,CC,NN,TC,NN,CT,AA,CN,CC,CT,AA,AG,CA,GA,CC,GG,TT,GG,GG,CC,GG,GT,CG,CC,GG,GG,AN,CT,CG,TT,NN,NN,CC,AA,CC,CT,GA,GG,GG,GG,AC,CC,CC,AA,CC,GG,GG,AA,TT,CC,NG,NN,AG,GG,CT,AG,GG,CC,AC,GG,GA,TT,NN,TT,GG,AA,GG,GA,GA,NN,TT,AG,TT,TT,GG,GG,GG,TT,GG,AA,CT,NN,CT,CC,GG,CC,CC,GA,TT,TG,GG,NN,TT,TT,GG,CT,CC,GA,GG,NN,CC,AA,CT,GG,CC,TN,CT,CC,GT,AA,CC,CG,CC,CC,GT,AA,GT,GA,AT,GG,CC,AA,TC,NN,GC,GG,TT,CC,GG,GG,CT,CC,TT,TT,TT,AA,TG,AG,TT,GG,CT,GG,GG,AA,NC,AA,GA,GG,TN,TT,CT,CC,TT,GA,TT,NN,AA,GG,GG,GG,GG,TT,TT,CC,GA,AA,AA,AA,AA,AG,GG,AC,TT,TT,GG,CC,CC,AA,AA,NT,AG,NN,TG,TC,AA,TT,AA,TT,CC,AG,GG,GG,AA,TT,GG,TT,TT,GG,CC,AG,TG,GT,GG,GA,CC,TT,NN,TT,AA,CC,TT,GG,NT,AG,CT,AG,GG,GT,CC,TG,GG,GG,NT,CT,TT,CT,GG,GG,TT,TT,CC,CC,GA,NN,TC,CC,CT,AC,AG,CC,CC,TT,CT,AA,AA,NN,CC,TT,GG,TN,AA,TT,GA,AG,GA,CC,GA,AA,CC,AA,TT,AA,CC,CC,TC,TC,NA,CC,CC,TC,CC,GA,CC,CC,CN,GG,AA,GG,TC,CT,GG,AA,CT,AA,AA,TT,GG,GA,CC,NN,GA,AA,CT,AA,GT,GG,AA,AA,CC,AA,GC,TT,NN,NN,TN,CG,TT,GG,GA,NN,AA,AA,CC,GG,AG,CC,AA,CC,NT,AA,CC,GN,CT,GG,TT,AN,CC,GG,CC,AA,TT,CA,GG,TG,GA,GG,CC,AT,TT,AG,CC,AG,GG,GG,CC,CG,GG,TA,NN,TC,TT,AG,GG,CC,NN,GG,GA,AG,TT,CC,NN,GC,TT,GA,GA,TT,AA,TC,GT,AA,NN,AC,TC,AA,CT,GN,AA,AA,TT,AA,GG,TA,CA,GA,CN,CC,TT,CN,AG,GG,CC,TT,CC,GG,GG,CC,GG,AA,GG,GA,AA,CC,AA,AA,GA,TT,NN,AA,TC,GG,TT,CC,NN,CC,NN,CN,AA,TC,GA,AG,TC,AA,CT,AA,AN,CT,NN,NC,CC,AA,TC,AA,CG,GG,TT,GG,TT,NN,GG,CT,AC,CC,GG
British in England and Scotland,,,,HG00138,,AA,CC,CC,TT,TC,GG,TT,TG,CC,NN,NN,GA,CC,CC,GC,TC,GA,GG,AG,CC,CC,AA,GT,CT,GA,CN,GG,GG,CC,AA,NN,CC,NC,AA,GT,GG,AA,AG,CC,GG,CC,AA,CC,NN,CC,NN,CT,AA,CC,CC,CC,AA,AG,CC,AG,TC,GG,TT,GG,AG,CT,GA,GG,CC,CC,GG,GA,AA,TT,CC,TT,NN,NN,CC,TA,TC,TC,AA,AA,GG,GG,AC,CC,CA,AA,CT,TG,GG,AA,TT,TC,NN,TN,GG,GG,CC,AA,GG,CC,AA,GG,AA,TT,NN,TT,GG,AA,GG,GG,GG,CN,CC,GA,TT,TT,GG,GG,GG,TC,GG,AA,TC,NN,CC,CC,GA,CC,CC,GG,TT,TG,GA,NN,CC,CC,AA,TT,CC,GA,GG,NN,GC,AA,TT,GG,CC,NN,TT,CC,GT,AA,CC,GG,CC,TC,TT,AA,GG,AA,AA,GG,CT,AA,CC,TT,CC,GG,CC,CC,GA,AA,TT,TC,TT,CC,TT,AC,GT,GA,TT,GG,CC,GA,GG,AA,CN,AG,GG,GA,TT,TT,TT,TC,TT,AG,CT,NN,AA,GA,GA,GA,GG,TC,TT,CC,GA,AA,AA,AA,GG,GG,GC,AA,CC,TC,GG,CC,CC,AA,AA,NN,AA,NN,TG,CC,GA,TC,AG,TT,CC,AA,GG,AG,GA,AA,GG,GG,CT,AG,CC,AG,TT,GT,GT,AG,TC,TT,NA,NT,AT,CC,TT,TG,TT,GG,TT,GA,GG,TT,CC,GG,GG,GG,NN,CT,TT,TT,GG,GG,TT,TT,CC,CC,GG,NN,TT,CC,CT,AA,GG,CC,TC,TT,CT,AA,AA,NC,CC,TT,GG,TT,AA,TT,AA,GA,GG,CC,GG,AA,CC,TA,TT,AA,CC,CC,CT,CT,AN,GC,CC,CT,CC,AG,CC,CC,CN,GG,AA,GG,CC,CC,TT,AA,CC,CA,AA,AA,GG,GG,TC,NA,GG,NA,CT,AA,GG,GG,GA,AA,CC,AA,CC,TT,NC,NN,TN,CG,TT,TG,GA,NN,AA,AG,TT,GG,AA,CC,AC,CC,NN,AA,CC,NG,CC,TG,TT,AA,NC,GG,TC,AC,TA,CC,GG,GG,GA,GG,CC,AA,CT,AA,CC,AA,GG,GG,CT,CG,GG,TT,NN,CC,TT,GG,GG,CC,NN,GG,GG,AA,CT,TC,NN,GC,TT,AG,AA,TT,AA,TT,GG,AA,NN,AA,CC,GG,TC,NN,AG,GG,TC,GA,GG,AT,AA,AA,NN,CC,AA,NN,AA,GG,TC,TT,CT,GA,GG,CC,GG,GA,GG,AG,AA,TT,AC,AA,AG,TT,NC,AA,CC,GG,CC,CC,NN,CC,CN,CN,AA,CC,AA,AA,CC,GG,CT,AA,AN,CC,NN,NN,CC,GA,TT,AT,CC,AG,TT,GT,TT,CC,GG,TT,CC,TC,GG
British in England and Scotland,,,,HG00139,,NA,TC,CC,TT,TT,GG,TT,GT,CC,NC,NN,GG,CC,CT,CC,CT,AA,GC,AG,CC,CC,AC,GG,TT,GA,CC,TG,GA,CT,AA,NN,TC,NC,AG,GT,AG,GA,GG,CC,GG,CC,CA,CC,NN,CT,NN,CC,AA,CC,CC,TT,AA,AA,CC,GA,CC,GG,TT,AA,AG,TC,GG,GT,CC,CC,GG,AG,AN,TC,CC,TT,NN,NN,CC,TA,CC,CT,AA,AA,GG,GG,AC,TC,AC,AA,TT,GG,GA,AA,TT,TC,NN,NN,GG,GA,CC,GA,GG,CC,AA,AG,AA,CT,NN,TT,GG,AA,AA,AG,AG,NC,CC,GA,TT,TT,GG,GG,GG,CT,GG,AA,CC,NN,CC,CC,GG,CC,CC,GA,TT,GG,GG,NN,CC,TC,AA,TT,CC,GG,GA,NN,CC,GG,TT,GG,CC,NT,TC,CC,GG,AA,CC,CC,CC,CC,GT,AA,GG,AA,AT,TG,CC,AA,CT,TT,CC,GG,CT,CT,AG,GA,CT,CC,TG,CC,TT,AA,TT,GG,TT,GG,CC,GG,GG,AA,CN,GG,GG,GG,TN,TT,CT,TC,TT,GG,CT,NG,AA,GA,GG,AG,GG,TC,GT,CC,GG,GA,AA,GA,GG,GG,CC,CA,CC,TC,GA,TT,TT,AA,CC,TT,AA,NN,TG,TC,AA,CT,AA,GT,CC,AA,GG,GA,GA,AA,GC,TG,TC,GG,CC,AA,TT,TG,TG,GA,TT,TT,NA,NN,AT,CC,TT,TG,TN,GA,TT,AA,GG,GG,CC,TG,GG,AA,TT,TT,GG,TT,GG,AA,TN,TC,CC,CC,AG,CN,TT,TC,TT,AA,GA,GC,TC,TT,CC,AA,GA,NC,CC,CT,GG,TT,AA,TT,AA,GG,GG,CC,GG,AA,TC,AA,TT,AA,CT,TC,TC,TC,NN,CC,CC,CC,CC,AG,CC,CC,NN,GG,AA,AA,CT,CC,GG,AA,CT,CA,AA,AT,GG,GA,CC,AN,GG,NA,TT,AA,GG,GA,AA,AA,CC,AA,CG,TC,CC,NN,NT,GC,TC,TG,GG,NN,AA,AA,TT,AA,GG,CC,AC,CC,TN,AA,CC,NN,CC,GG,TT,AA,NN,GG,CC,AA,TT,AA,GG,GG,GG,GG,CC,AT,CT,AA,CC,AG,AG,AG,CC,GC,GG,TA,NN,CC,TT,GG,GG,TC,NA,NN,GG,AA,CC,TT,CN,CC,TT,AA,AA,CT,AA,TT,TT,AA,NN,AA,CT,AA,CT,NN,AA,AA,TC,GG,CG,AT,AA,AA,NN,CC,AT,NN,GG,GG,TC,TT,CC,GG,GG,CC,GT,AA,GA,GA,AA,CT,AA,AA,AA,TT,CN,AA,CT,GA,CC,CT,NN,CT,CC,NN,AC,CT,GA,GA,CC,GA,CC,AA,AA,CC,NN,NC,CC,AA,CC,TA,CC,AA,TT,GG,TT,CC,GG,TC,CA,CC,GG
British in England and Scotland,,,,HG00140,,AN,CC,CC,TT,TC,GC,CT,GT,TC,NN,NN,GG,CT,CC,GG,TT,AA,GG,GG,CC,CC,AA,GG,TT,GG,CC,TG,GA,CC,AA,NN,CT,CN,AG,GG,GG,GG,AG,CA,GG,TT,AA,TT,NN,TC,NN,TC,AA,NC,CC,CT,AG,AG,CA,GG,CC,GG,TT,AG,GG,CC,GA,GG,CC,CT,GG,GA,AA,TT,CC,TA,TN,NN,NC,TA,CC,CC,GA,AA,AG,AG,CC,CT,AC,AG,CC,GG,GG,AA,TT,TC,NN,NT,GG,AA,CC,AA,GG,CC,AA,GG,AG,TT,NN,TT,GG,AA,GG,GG,GA,NN,CC,AA,TC,GG,GG,GG,GG,CT,CG,AA,CC,CN,CC,CC,GA,CC,CC,GG,TT,GT,GG,NN,TC,CC,AA,TT,TC,GG,AA,NN,GG,GA,TT,NG,CC,NN,CT,CC,GG,GA,TC,CC,CC,CT,GT,AA,GG,AA,AA,GG,CC,AG,TT,TT,CC,GG,CT,TC,GA,AA,TT,CC,TT,CC,TT,AA,TG,GG,TT,GG,CC,AG,GG,AA,NC,AA,GG,GG,NT,TT,TC,CC,NT,AA,CC,NG,AA,GG,GG,AG,GG,TT,GT,CC,AG,AG,AA,AG,AG,GA,GC,AA,CT,CC,GG,CT,CT,AC,AC,TT,AG,TN,TT,CC,AG,CT,AA,TT,GC,AA,GG,AG,GG,TA,GG,GG,CC,GG,CC,GA,TT,TG,GT,GA,CT,TT,NN,TT,AT,CC,TT,GG,TN,AA,CT,AA,GG,TT,CT,GG,GG,GG,TN,TC,TT,TT,GG,GG,TT,TT,CC,TC,GG,NN,TT,CT,CT,CA,GA,CG,CT,NT,CC,AA,AA,NC,CC,TT,GG,TN,AA,TC,AA,AA,AA,CT,GG,AA,TT,TA,TT,AA,CC,CC,CC,CC,NN,CC,CC,CT,CT,AG,CC,CC,CC,GG,AA,GG,CC,TC,GG,AA,CC,AA,AA,TT,TG,GA,CC,NN,GA,NN,TT,AT,GT,GG,GG,GA,CC,AA,CC,TT,NN,NN,TN,CG,CC,TG,AG,NG,AA,AA,TC,AG,GA,CC,AC,CC,NN,CA,CC,GN,CC,GG,TT,AN,NC,GA,CC,CC,TT,AA,GG,GG,GG,AG,CC,AA,TC,AA,CC,GG,GA,GA,CC,CC,GG,TT,NN,CC,CT,AG,CG,TC,NN,NN,GG,AG,TT,CT,NN,CG,GG,AA,GG,TT,AA,TT,GG,AA,NN,AA,CC,GA,CT,GN,AA,GA,TT,AG,GG,AA,AC,GG,CC,CC,AA,CN,GG,GG,TC,TT,TT,GG,GG,CC,GG,AA,GG,GA,AA,CT,AA,CA,GA,TT,CN,AA,CC,GG,CT,TT,NN,CT,NN,NN,AA,TT,GG,AA,TC,AA,TT,AA,AA,CC,NN,NC,TC,AA,TT,TA,CC,GA,TT,GG,TA,NC,GG,TC,AC,CC,GG
British in England and Scotland,,,,HG00141,,NA,TC,CC,CT,TT,GG,TT,TT,CC,NC,NN,GA,CC,CC,CG,CT,AA,GG,AG,CC,CC,AA,GT,TT,GG,CC,GT,GG,CC,AA,TN,CC,CC,AA,GG,AG,AG,AG,AC,GA,CC,AA,CC,NN,TC,NN,TC,AA,CN,CC,TC,AA,GG,AC,GG,TT,AG,TT,GG,GG,CT,GG,GG,CG,CC,GG,GG,NN,TT,CC,TT,NN,NN,CN,TT,TC,CT,AA,AG,GG,GG,CC,CC,AA,AA,CC,GG,GG,AA,AT,CC,NN,NN,GG,AA,CC,GG,GG,CC,AA,GG,AA,TT,NN,TC,GG,AA,AG,AG,GG,NN,CC,AA,TT,GT,GG,GG,AG,TT,GG,AA,TC,NN,CT,CC,GG,CC,CC,GG,GT,GG,AG,NN,CC,TC,AG,TT,CC,GG,AA,NN,GC,AG,TT,GG,CC,TN,CT,CC,TG,AG,CT,GC,CC,CT,GT,AA,GG,AA,AA,GG,CC,AA,CC,TT,CC,GG,CC,CC,AG,AG,CT,CC,TT,CC,TA,CA,GG,GA,TT,GG,CC,GG,GG,AA,NN,AA,GG,GG,NN,TT,CC,CT,TT,GG,TC,NN,AA,GG,GG,GG,GG,TT,TT,CC,GG,AA,AA,AA,GG,GG,CC,CA,TT,TC,GG,CC,CC,AA,AA,NN,GG,NT,TG,TC,AA,TC,AA,TT,CG,AA,TG,GG,AA,TT,GG,TG,CC,GG,CC,AA,TT,TG,TG,GA,CT,TT,NN,NT,AT,CC,TT,TG,NT,GG,TT,AA,GG,TG,CT,GG,GA,GG,TT,TT,TT,CC,GG,AG,TN,CC,CA,CC,AG,NN,TT,CT,TT,AC,GG,CC,CT,TT,CT,AA,AA,CN,CC,TT,GG,NN,AA,TT,AG,GG,GG,CC,GA,AC,CC,AA,TT,AA,CC,CC,CC,TC,NN,CC,CC,TT,CC,GA,CC,CT,CC,GG,GA,GG,TC,CC,TT,AA,CC,AA,AA,AA,GG,GG,TC,NA,GA,AA,TT,AA,GT,AG,AG,GG,CC,GA,CC,TT,NN,NN,NN,GG,TT,TG,GA,NN,AA,AG,TT,AG,AA,CG,AC,CC,TN,AA,CC,NG,CC,GG,GT,AA,NN,AG,CC,AA,TT,CA,GA,GT,AG,AA,CC,TA,TC,AG,CC,AG,AG,AG,CC,GC,GG,TT,NN,CC,CT,GG,GG,CC,AA,GG,GG,AA,TC,CT,NN,CC,TT,AA,GA,TT,AA,TT,GG,AA,NN,AA,CC,GG,TT,NN,AA,AG,TT,AA,GG,AA,AA,AA,NC,TC,TA,CN,GA,GG,CT,TT,CC,GG,GG,CT,GG,AA,AG,GG,AA,TT,AA,AA,AG,TT,CN,AA,CT,GG,CC,CC,NN,TC,NC,NC,AA,CC,GA,GA,TC,AA,CC,AA,AN,CC,NN,CN,CC,AA,CC,TA,CG,AA,TT,TG,TT,NC,GG,CC,AC,CC,GG
British in England and Scotland,,,,HG00142,,AA,CC,AA,TC,TC,CG,CT,TG,CC,NN,NN,GG,CT,TC,CG,TT,GA,CG,GG,CC,CC,AA,GG,CT,GG,CC,TT,GG,CC,CA,NN,TC,NC,AG,GG,GG,AG,GG,CA,GG,TT,CA,CC,NN,TC,NN,CT,AA,NC,CA,CC,AA,AA,CC,GA,CC,GA,TT,AG,GA,CC,AG,GT,CC,CC,GG,AG,AA,TT,CC,TT,NN,NN,CN,AA,CC,CT,AA,AG,GG,GG,CC,CC,AA,AA,TC,GG,GG,AA,TA,CC,NN,TN,GG,AA,CC,AA,GG,TC,AA,GG,AA,TC,NN,CT,GG,CA,AA,AG,GG,NN,CC,AG,TT,TT,GG,GG,GG,TT,GG,AG,CC,NN,CC,CT,GG,CC,CC,AA,TT,GG,GG,NN,CC,CC,AA,TT,CC,AG,GA,NN,CG,GG,TT,GG,GC,NN,TT,CC,GT,GA,CC,GG,CC,CT,TT,AA,TG,GG,AA,TG,CC,AG,CC,NT,CG,AA,TT,CC,GA,AA,TT,CC,TT,CT,TT,AC,TG,AG,TT,GG,CC,GA,AG,AA,CC,AG,GG,GG,NT,TT,CT,CC,TT,GG,CC,GN,AA,AG,GG,AG,GG,TT,TT,CC,GG,AA,GA,AA,GA,AA,GG,CA,TC,TC,GG,CC,CT,AC,AC,TN,AA,TT,GG,CT,AG,CC,AA,TT,CC,AA,GG,GG,AA,TT,CG,TT,CT,GA,TC,GA,TT,GT,GT,AG,TC,TT,NN,NT,AT,CC,TT,GG,NT,GA,CT,AA,GG,GT,TC,TT,AG,GG,TT,TT,GG,TT,GG,GG,NT,TT,CC,CC,GG,NN,TC,TC,CT,AA,AG,GG,TC,NT,TC,AA,AA,CC,CC,TT,GG,TN,AA,TT,AA,AG,AG,CC,GG,AA,TC,TA,TT,AA,CC,CC,CT,TC,NN,CC,CC,TT,CC,GA,AC,CC,NN,GC,AA,AG,CC,CC,GT,AA,TC,AC,AA,TA,GG,GG,TC,AN,GG,AN,TT,AT,GG,AG,AA,AG,CC,AA,CG,TT,NC,NN,NT,GC,CC,GG,GG,NN,GA,AG,TT,GA,AA,CC,AA,CC,TN,AA,CC,NN,CC,TG,TT,AA,NN,GG,TT,AA,TT,AA,AG,GG,GG,GG,CC,AT,TT,AA,CN,AG,GG,GG,TT,GG,GG,TA,NN,CC,TC,GA,GG,TT,NA,NN,GG,AA,CT,TC,CN,GG,GT,AA,GA,TT,AA,TT,TT,AA,NN,AA,CC,GG,TT,NN,AA,AA,TT,GA,CG,AA,CA,GG,NC,CC,TT,NN,AA,GG,CC,CC,CC,GA,GG,CC,GG,AA,GG,GG,AG,TC,AA,CC,GG,TT,NC,AA,CC,GA,CC,TT,NA,CC,NC,NN,AA,TC,GA,AA,TT,AA,TT,AA,AA,CC,NN,NN,CT,GA,CC,AA,CC,GA,TT,GG,TA,CC,GG,CT,CA,CT,GG
British in England and Scotland,,,,HG00143,,NA,CC,AA,TT,TT,CG,TT,TT,CC,NN,NN,GG,CC,CC,CC,TC,AG,GG,GG,CC,CC,AC,GG,TT,AG,NN,TT,GG,CC,AA,NN,TC,NC,GA,TT,GA,AA,GG,CC,AG,CC,CA,CC,NN,TC,CC,CC,AA,NC,CC,TC,AA,AG,CC,AA,CC,GG,TT,GG,AA,TT,AG,GG,CG,CC,GC,GG,AN,TC,CC,TT,NN,NN,NN,AT,CC,TC,AA,AA,GG,GG,CA,CC,AA,AG,CC,GG,GG,AA,TT,TC,GN,NN,AA,AA,CC,GA,GG,CC,AA,GA,AA,CT,NN,TT,GG,AA,AA,GG,GA,NN,CC,AA,CT,TT,GG,GG,GG,TT,GG,AA,CC,NN,CC,CC,GG,CC,CC,AG,TT,GG,AG,TN,CC,CC,GG,TT,CC,GA,GG,NN,GC,GA,TT,GG,CC,NN,CT,CC,TG,GA,CC,GG,TC,TT,TG,AA,GG,GA,TA,GG,CC,AA,TC,NT,CG,GG,TC,CC,GA,AA,TC,CC,TT,CC,TA,AA,GT,GG,TG,GG,CC,AA,GG,GA,NN,AG,GG,GA,TT,TT,TC,CC,TT,AG,TC,GN,AA,GG,GG,AG,GA,TC,TG,CC,GA,AA,AA,AA,AA,GG,CG,AA,TT,TC,GG,TT,CT,AA,AA,TN,GG,NN,GT,TC,AA,TC,AA,TT,CC,AA,TT,AG,AG,AT,CG,GT,CT,GG,CC,GG,TT,TG,TT,AG,CT,TT,NN,NN,TA,CC,TT,TG,TN,GA,TC,AG,GA,TG,CC,GT,AG,GG,TT,TT,TT,CT,GG,AG,TT,TT,CA,CC,GA,NN,CT,CC,TC,CA,AG,GG,TT,TT,TT,AC,AA,NC,CC,TT,GG,NN,AA,TT,AA,AG,GG,CC,GG,AA,TC,TA,TT,AA,CC,CC,CC,CC,NN,CG,CC,CT,CC,AG,CC,CT,CC,GG,GA,GG,CC,CC,GT,GG,CC,AA,AA,AT,GG,GG,CC,NN,AA,NN,TT,AA,TG,GG,GG,AA,CC,AA,CG,TT,NN,NN,NN,GG,TT,GT,GG,NN,AA,AA,TT,GG,AG,CG,AA,CN,NT,CC,CC,NN,CC,GG,TT,AA,NN,GG,TC,AA,TT,CC,GG,GG,GG,AG,CC,AT,TC,AA,CC,AA,GG,GG,TC,GG,GG,TT,AN,CC,TT,AG,GG,CT,NN,GG,GA,AG,CC,TT,NN,GC,TT,AA,AA,TT,GA,TT,GT,AA,GG,AA,CC,GG,TT,NN,AA,GA,TT,GG,GG,AA,AA,AA,NN,CC,AT,NN,AA,GG,TC,TT,CC,GG,GG,CC,GG,GG,GG,GG,AA,TT,AC,CA,AA,TT,NC,AA,CC,GG,CC,CC,NN,CC,NN,NC,AC,CC,AG,AA,TC,AG,CT,AA,AA,CT,NN,CN,CC,AG,CT,AT,CC,AG,NT,GG,TT,CC,GG,TC,CC,CC,GC
British in England and Scotland,,,,HG00145,,NA,CC,AC,TT,CC,GG,TC,GT,TC,NN,NN,GG,CC,CC,CC,CT,AA,GG,AA,CC,CC,CA,TG,TT,GG,CC,TT,GG,CT,AA,NT,CC,CC,AG,GG,GA,GA,GG,CC,AG,TC,CA,CC,NN,CC,NN,CC,AA,CC,CC,CT,AA,AG,CA,GG,CC,GG,TT,GG,GG,TT,GA,GT,GC,TC,GG,GG,AA,TT,GC,AT,NT,NN,CC,AA,CC,CT,AA,GA,GG,GG,CC,CC,AA,AA,CC,GT,GG,AA,TA,CC,NN,NT,AG,AG,CC,AG,GG,CC,AA,AG,AA,TT,NN,TT,GG,AA,AA,AA,GG,NN,TC,AA,TT,TT,GG,GG,GG,CT,GG,AA,CC,NN,CC,CC,AG,CC,CC,GG,TT,TG,GG,NN,CC,CC,AA,TC,CC,GG,AG,NN,GG,GG,TT,GG,CG,NN,TT,TC,TT,AA,TC,CG,CC,CC,GT,AA,GG,GG,TA,GG,CC,GA,CC,NN,GC,AG,TT,CC,AG,AA,TT,CC,TT,CC,TT,AC,GT,GG,TT,GG,CC,AG,GG,AA,NN,GG,GG,GG,NT,TT,TT,TC,TT,GG,TT,NN,AA,GG,GG,GG,GG,TT,TG,CC,GA,AA,AA,AA,GG,GG,CC,CC,TT,TT,GG,CC,TC,AA,AA,TN,GG,NN,TT,CC,GA,TT,AA,TT,CC,AA,TG,GG,GG,TT,GG,TG,TT,GG,CC,AG,TT,GT,GT,AG,TC,TT,NN,TN,TA,CT,TG,TT,TT,AG,CC,GA,AG,TG,CC,GG,GG,GG,TT,TT,GT,TC,GG,GA,TT,TT,CC,CC,GG,NN,TT,CT,TT,AA,AG,GC,CT,TT,TT,AC,AA,NN,CC,TT,GG,TN,AA,TC,AA,AA,AA,CT,GG,AA,CC,AA,TT,AA,TC,CC,CC,CT,NA,CG,CC,CT,CC,AG,CC,CC,NC,GG,AA,AA,CC,CC,GT,AA,CC,AA,AA,AT,TG,GG,TC,NN,GG,NN,TT,AA,TG,GG,GG,AG,TC,AA,GC,TT,CC,NN,NN,GG,TT,TT,GG,NG,AA,AG,TT,GG,AA,CC,CA,CC,NN,AC,CC,NN,CC,GG,TT,AA,NN,AG,CC,AA,TT,AC,AG,GG,GG,AG,TC,AT,CC,AG,CC,AA,GG,GG,CT,CC,GG,AT,NN,TC,TT,AG,GG,CT,NA,GG,GA,AA,CC,TT,NN,GC,GT,AA,AG,TT,AA,TT,TG,AA,NG,CA,CC,GG,CC,GN,AA,AG,TT,GG,GG,AA,CC,AA,NC,CT,TT,CN,GA,GG,TT,TC,CC,GG,GG,CC,GG,AG,GG,GG,AA,TT,AA,CC,GG,TT,CC,GG,TC,GG,CC,TC,NN,TC,NC,NN,AA,TC,GG,AA,TC,AG,TT,NA,AA,CT,GN,NN,CC,AA,CC,AT,CC,AG,TT,GG,TT,CN,GG,TC,CA,TT,GG
British in England and Scotland,,,,HG00146,,AA,CC,CC,CT,TT,GG,TT,GG,CT,NC,NN,GG,CT,TC,CC,TT,GG,GG,GG,CC,CC,AA,GT,TT,AG,NC,TG,GG,CT,AA,TN,CC,CN,AA,TT,GG,AA,GG,CC,GA,CC,AC,CC,NN,TT,NC,CC,AA,NN,CC,CC,AA,AG,CC,AA,CC,GG,TT,GG,AG,CT,GG,GT,CC,CC,GG,GG,AA,TT,CG,AA,TN,NA,CN,AA,CC,CT,AA,GA,GG,GG,CA,CC,CA,AA,CC,GG,GG,TA,TT,CC,GN,TN,GG,GG,CC,AA,GG,CT,AC,GG,AA,TC,NN,TT,GG,CA,AG,GG,GG,NN,CC,GG,TT,TT,GG,GG,GG,TT,GG,AA,CC,NN,CC,CC,GG,CC,GC,GG,GT,GG,GG,NN,TC,CT,AA,TT,CC,AA,GG,NN,GG,GG,TT,GG,CC,NN,TT,TC,TT,AA,CC,GG,CC,CT,GT,AT,GG,AG,AA,GG,TC,AA,CT,TN,CG,GA,TT,CC,GG,AA,CT,CC,TT,CC,TT,AC,GT,AA,TG,GG,CC,GG,GG,AA,NN,GG,GG,GG,NT,TT,CT,CC,TT,AG,TT,GN,AA,AG,GG,AG,GG,TT,TT,CC,AG,AG,AA,GA,AA,GA,GG,CA,TT,TT,GG,CC,TT,AA,AA,NN,AG,NN,GT,CC,AA,TT,AA,TT,CG,AA,GG,GG,AG,TA,GG,GG,TC,GG,CC,AG,TT,TG,GT,AG,CC,CT,AA,TT,AT,CC,TT,TG,NT,GA,TT,AA,GG,GG,TC,GT,GG,AG,TT,TT,TT,CT,NN,GG,NT,TT,CC,CC,GG,NN,TT,TC,TT,AA,GG,CC,CC,TT,TT,CA,GA,NN,CC,TT,GG,TN,AA,TT,AG,GA,GG,CC,GG,AA,CC,TT,TT,AA,CC,CC,CC,CC,AN,GG,CC,TC,CC,GG,CC,CC,CN,GG,AA,GG,CC,CC,TG,GA,CC,AA,AA,AA,GG,AG,CT,AN,GA,AN,TT,AA,GG,AG,AA,AA,CC,AA,GC,TC,NC,NT,NN,GG,TT,TG,GG,NN,AA,AA,TT,GG,AG,GC,CC,CC,NN,AA,CC,NN,CC,GG,TT,AA,NN,GG,CC,AA,TT,CC,GG,GG,GG,AG,CC,AT,TC,AA,CC,AA,GG,GG,CC,CG,GG,AT,NN,TC,TT,AA,GG,CC,NN,NG,GG,AA,TC,CT,NC,CC,TT,AA,AA,TT,GA,TT,GG,AA,NN,AA,CC,AG,CC,NN,GA,GG,TT,AA,CC,AA,AA,AA,NN,CC,AT,NC,GG,GG,CC,TT,CC,GG,GG,CC,GG,AA,GG,GA,GA,CT,AA,AC,GG,TT,CC,AA,CC,AA,CC,CT,NN,TC,CN,CN,AA,CC,AG,AA,CT,AA,CT,AA,NN,CT,GN,NC,CC,AA,TC,AT,CC,GG,TT,GG,TT,NC,GG,TC,AC,TC,GG
British in England and Scotland,,,,HG00148,,NA,CT,CA,TT,CT,GG,TC,GG,CT,CN,NN,GG,CT,CC,GC,TT,AA,CG,GA,CC,CC,AA,GG,TT,GG,CC,TT,GG,CC,AC,TN,TC,CC,AA,GT,AA,AG,AG,AC,GG,CC,CC,TC,NN,CT,NN,TC,AG,CN,CC,TC,AA,AG,CC,GA,TC,GA,GT,GG,GG,TT,GA,TT,CG,CC,GG,AG,NA,TT,CC,TT,NN,NN,CN,TA,CC,CT,GG,AA,AG,GG,CC,CC,AA,AA,TC,GG,GG,AA,TT,CC,NN,NN,AG,AG,CC,AA,GG,CT,AC,GG,GA,TC,NC,TT,GG,AA,AA,GG,AA,NN,CC,AG,CT,GT,GG,GG,GG,TT,GG,GA,CC,CN,CC,CC,GG,CC,CC,AG,GG,GG,GA,NN,CT,CC,AA,TT,CC,GA,AA,NN,CG,GG,TT,GG,CC,NN,TT,TC,TG,AG,CC,GG,CC,TC,TG,AA,GG,AA,AA,GG,CT,AA,CC,NN,GC,GG,TT,CC,AG,AA,CT,CT,TT,CC,TA,AA,TT,GA,TT,GG,CC,GG,GG,AA,NN,GG,GG,GG,NN,TT,TC,CC,TT,GG,TC,NN,AA,GG,GG,AG,GG,TT,TT,TC,AG,AA,AA,AA,GA,GG,CC,AC,CT,CT,GG,CC,CT,AA,AA,TT,AA,NT,TG,CC,AG,CC,AA,TT,CC,AA,GG,AA,GG,AT,GG,TG,CC,AG,CC,AA,TT,TG,GT,AG,CT,TC,NN,NN,AA,CC,TT,GT,NT,AG,TT,GA,AG,TG,CC,TG,AG,GG,NT,CT,GT,CT,GG,AG,NT,TT,CC,CC,GG,NC,TT,CC,CC,CA,AA,CG,CT,NT,TC,AA,AA,NC,CC,TT,GG,NT,AA,TT,AG,GG,GA,CC,GA,CA,CC,TA,TT,AA,CC,CC,CC,CC,NN,CC,CC,CC,CC,AA,CC,TC,NC,GC,AG,GA,CC,CC,GG,AA,CC,AA,AA,AA,GG,GG,CC,NA,AG,NA,TT,AA,GG,GG,GG,AA,CT,AA,CC,TT,NN,NN,TN,CG,CT,GT,GG,NN,AA,AA,TT,GA,AA,CC,AC,CC,NN,CA,CC,GN,CC,GG,GT,AA,NN,GG,CC,AA,TA,AC,AG,GG,GG,AA,CC,AT,CT,AA,CC,AG,GG,GG,CC,GC,GG,TT,NN,CC,TT,AA,GG,TC,NN,GG,GG,AA,CT,TC,NC,CC,TT,AA,AG,TT,AA,TC,GT,AA,NN,AA,CC,GG,CT,NN,GA,AA,TC,AA,GG,AA,AA,AA,CN,CC,TT,NN,AG,GG,TC,TC,CT,GG,GG,CT,GG,AA,GG,GG,AA,TT,AA,AA,AA,TA,CC,AA,TC,GG,CC,TC,NN,TC,CC,CC,AA,CC,AA,AA,CT,AG,TT,AN,AN,CT,NN,CN,CC,GA,TC,TA,CC,AA,TT,GG,TT,CN,GG,TC,CC,CC,CG
British in England and Scotland,,,,HG00149,,AN,CC,AA,TT,TC,CG,TT,GG,CC,CN,NN,GG,CC,CC,CG,CT,GA,CG,AG,CC,CC,AA,GT,TC,GG,CC,GG,GA,CC,AC,NT,CC,CN,GA,GG,AG,AG,GG,CC,GG,CC,AA,CC,NN,TT,NN,CC,AA,CC,CC,TC,AA,GA,CC,GG,CC,AG,TT,GG,GG,CC,GG,GT,CC,CC,GG,GA,AA,TT,CC,TT,TN,NA,CC,AA,CC,CC,AA,AA,GG,GA,CC,CC,CA,AA,CT,TG,GG,AA,TT,CC,GG,NN,GG,GG,CC,AA,GG,TC,CA,GG,AA,TT,NN,TT,GG,AA,AA,AA,GG,NN,TC,AG,TT,TT,GG,GG,GG,TC,GG,AA,CC,CN,CC,CC,GG,TC,CC,GG,GT,GG,GG,NN,CT,CC,AA,TT,CC,GA,AA,GN,CC,GG,TT,GG,CC,NN,TT,TT,TT,GA,CC,GG,CC,TC,TT,AA,GT,AA,AA,GG,TT,AG,TC,TN,CC,GA,CT,CC,GA,AA,TT,TC,TT,CC,TT,AA,GG,GG,GT,GG,CC,AG,GA,AA,NN,GA,GG,GG,NN,TC,CT,CC,TT,AA,TT,NN,AA,GG,GG,GG,GG,TT,GT,TC,GA,AA,AG,AA,AA,GG,GC,CA,CC,TC,GA,CC,CC,AA,CA,TT,GA,NN,TG,CC,AG,CT,GA,TT,GC,AA,GG,AG,AA,TA,GG,GT,TC,GG,CC,GA,TT,GT,GT,AG,CT,CT,NN,TN,AA,CT,TT,GG,TN,GG,TT,GG,GG,GG,CC,GT,GG,GG,TT,TT,TT,CC,GG,GG,NT,TT,CC,CC,GG,CN,CC,CC,TT,AC,AG,GC,TT,TT,TC,AA,AA,NN,CC,TT,GG,TN,AA,TT,GA,AG,GA,CC,GG,CA,TC,AA,TT,AA,TC,CC,CC,TT,AA,CC,CC,TC,CC,GA,CC,CC,CC,GC,AA,GA,CC,CC,GT,AA,TC,AA,AA,TA,GG,GG,CC,AN,AG,NN,TT,TA,TG,AG,AA,AA,CC,GA,CC,TT,NN,NN,NN,GG,TT,GG,GA,NN,AA,GG,TT,AG,AG,CC,AA,CC,NN,CA,CC,GN,CC,GG,TG,AA,NN,AG,CC,AA,TT,CC,GA,GG,AG,AA,CC,AA,TT,AA,CC,AA,AG,AG,CC,CC,GG,TT,NN,CC,TT,GA,CG,TT,NN,NG,GA,AG,TT,CC,NN,CG,GT,GA,GA,TT,AA,TT,TG,AA,NG,AA,CC,AG,TC,NN,AA,GG,TT,AG,GG,AA,AA,AG,CN,CT,TT,CC,AA,GG,TC,TT,CT,AG,GG,CC,GG,AA,AA,GG,AA,TT,AA,AC,AA,TT,CN,AA,CC,GG,CC,CT,NA,TC,NC,CC,AA,CC,AA,AA,TT,AG,CT,AA,AA,CC,GN,NC,CC,AA,CT,AA,CC,AG,TN,GG,AT,CC,NG,CT,CC,CC,CG
British in England and Scotland,,,,HG00150,,AN,CT,CA,TT,CC,CG,TT,TG,TC,CC,NN,GG,TT,CC,GG,TT,AA,CG,AA,CC,CC,AA,TG,CC,GG,NC,TG,GA,CC,AA,NN,CC,CN,AA,TT,AG,AG,AA,CC,AG,CC,CA,CC,NN,TC,NN,CC,AA,CC,CC,CC,GA,AA,CA,AG,CC,GG,TT,AA,GG,TT,AA,GT,CG,CC,CC,GA,AA,TT,CC,TT,TT,AN,CN,AA,CC,TT,AA,AA,GA,GG,CA,CC,AA,AA,TC,TG,GG,TA,TT,CT,GN,TT,GG,GG,CC,AG,GG,CC,AA,AG,AA,TT,NN,TT,GG,AA,AA,AA,GA,NN,CC,AG,TT,TT,GG,GG,GA,TC,GG,AA,CT,NN,CC,CC,GG,CT,CC,AG,TT,GG,GG,NN,TC,CC,AA,TT,CC,GG,GG,NN,GG,GG,TT,NG,CC,TN,CT,CC,GT,GG,CC,GG,CC,CT,TG,AA,GT,AA,AA,GG,CC,AA,TC,TT,CC,GG,TT,CC,GA,GG,TC,TC,GG,CC,TA,AA,TT,GG,TT,GT,CC,AG,GG,AA,NC,GA,GA,GG,NN,TT,TC,TC,NT,GA,TT,NN,AA,GG,GG,GG,GG,TT,TT,CT,AG,AA,AA,AA,AA,GG,CG,AC,CT,CC,AG,CC,CT,AA,AA,TT,GG,TN,GG,CC,AG,TT,AG,TG,CC,AA,TG,GG,GG,AA,GG,GG,CC,AA,CC,GG,GT,GT,GT,GA,TT,CT,NN,NT,TA,CC,TT,GG,NT,GA,TC,GA,GG,TG,CC,GT,GG,GG,TT,TT,TG,CT,GG,GG,TT,TT,CC,TT,AA,NN,TT,TC,TT,AC,AG,CC,TC,NT,TT,CC,AA,NN,CC,TT,GG,TT,AA,CT,GA,AA,AA,CC,AG,CA,CC,AT,TT,AA,CC,CC,CT,TT,AA,GG,CG,CC,CC,AA,CC,CC,CN,CC,GG,GG,CC,CC,TT,AG,CC,AA,AA,TA,TG,GG,CC,NA,GA,AN,TT,AA,GG,GG,GG,AA,TC,GA,CC,TC,NC,TN,NN,GG,TT,GT,AG,NG,AA,AA,CT,GA,GA,GC,AA,NC,TN,CA,CC,NN,CC,GG,TT,AA,NN,GG,CT,AA,TT,AC,GG,TG,GG,GG,CC,TT,TT,AA,CC,AA,GA,GA,TT,GG,GG,AA,NN,CT,TT,GG,GG,CT,AN,GN,GG,AA,CC,TT,NN,CC,TG,AA,AA,TT,AA,CT,GT,AA,NG,AA,CC,GG,TT,NN,AA,GA,TC,AG,GG,AA,CA,AA,CN,TT,TT,NN,GG,GG,CT,TT,CC,GG,GG,CC,GG,AG,GG,GG,AG,TT,AA,AC,GA,AT,NC,AA,CC,GG,CC,CT,NN,CC,NC,NN,AA,CC,AA,AA,TT,GG,CC,AA,AA,CC,NN,NC,CT,AA,CC,AA,CC,AG,TT,GG,TT,CC,GG,TC,AC,TC,GC
British in England and Scotland,,,,HG00151,,AA,CC,AA,TC,TT,CC,CT,TG,CC,CC,NN,GG,TC,TC,CC,TT,AA,GC,AG,CC,CC,AA,GG,TT,AG,NC,TG,GG,CC,CC,NN,CC,NN,AA,GG,GG,GG,GG,CC,GG,TT,AA,CC,NN,TC,NN,CT,AG,CC,CC,CC,AA,AA,CC,GA,CC,AA,TT,GG,GG,TC,GG,TG,CC,CC,GG,GG,NA,TT,CC,TA,NN,NN,CC,AA,CC,TT,GA,AA,GG,AG,CC,CC,AA,AA,TT,GG,GG,AA,TT,CC,NN,NT,GA,GA,CC,AA,GG,TC,AA,GG,AA,TC,NN,TT,GG,AA,AA,GG,GG,NN,CC,GA,TT,TT,GG,GG,GG,CT,GG,AA,CT,CN,TC,CT,GG,CC,CC,GG,GT,GG,GG,NN,CC,CC,AA,TT,TC,GA,GG,NN,GG,GG,TT,GG,CC,NN,TT,CC,GG,GA,TC,CG,CC,TC,TT,AA,GG,AG,TA,GG,CT,AG,TC,TN,CC,GG,CC,TT,GG,AA,TC,CC,TT,CC,TT,AA,TT,GG,TT,GG,CC,AG,GA,AA,NC,GA,GA,GG,TN,TT,CC,CC,NT,GG,CT,NN,AA,GG,GG,AG,GG,TC,GT,CC,GG,GA,AA,AA,GA,GG,GC,CC,TC,CT,GG,CC,CC,AA,CA,TN,GA,NN,GG,CC,AA,TT,AA,TT,CG,AA,GT,GA,GA,AT,GG,GG,CC,GG,CC,GA,TT,GT,TG,AG,TC,TT,NN,TN,TT,CC,TT,GT,TT,GA,TT,GA,AG,TT,CC,TT,GG,GA,TN,TC,GT,TC,GG,AG,TT,TT,CC,CC,GG,NN,TT,CC,TC,AC,AA,CG,TC,TT,CC,AA,AA,NC,CC,TT,GG,NN,AA,TT,AA,AA,AG,CC,AG,AA,TT,AA,TT,AA,CC,CC,CC,CC,NN,GC,CC,CT,CC,AG,CC,CC,NC,GG,AA,GG,CT,CC,TT,AA,CC,AA,AG,TA,GG,GG,CT,NN,GG,AA,CT,AA,GG,GG,AA,AA,CC,AA,CG,TC,NC,NN,TN,CG,CT,GT,GG,NN,AA,GA,TT,GA,GA,CC,CA,CC,NN,AA,CC,NN,CC,GG,TT,AA,NN,GG,CC,AA,TT,AA,GA,GG,GG,GG,CC,AT,TC,AA,CC,AA,AG,AG,CT,GG,AG,TT,NN,TC,TT,AA,GG,TC,NN,GN,GG,AA,CT,TC,NN,GG,TT,AA,AA,TC,AA,TT,GG,AA,NN,AA,CC,GG,CC,NN,AA,AA,TT,GG,GG,AA,CC,GA,CC,CC,AA,NN,GG,GG,CC,TT,CC,GG,GC,CC,GG,GA,GG,GA,AA,TT,AA,CC,GG,TA,CN,AA,CC,GG,CC,CT,NN,CC,NC,CC,AA,CT,AA,AA,TT,AA,TC,AN,AN,CT,NN,NC,CC,AA,CC,AT,CC,GG,TT,GG,TA,CC,GG,CC,CC,CC,GG
British in England and Scotland,,,,HG00154,,AA,CC,AA,TT,TT,GG,TT,TG,CC,CC,NN,GG,CT,CT,CC,TT,GA,GC,GA,CC,CT,AA,GG,TC,GA,NN,TT,GG,CC,AA,TN,CC,NC,AA,GG,GG,AA,GG,CC,GG,CT,CC,CC,NA,TC,CN,CT,AA,CC,CC,CC,AA,AG,CC,GA,TT,GA,TT,GG,GG,CC,GA,GG,GC,CC,GG,GG,AA,TT,CC,TT,NN,NN,CN,AA,CC,CC,AA,GA,AG,AG,CA,CC,AA,AA,CC,TG,GA,AA,TA,CC,NG,TT,AG,GG,CC,AG,GG,CC,AC,GG,AA,TC,NN,TT,GA,CA,GG,AG,GG,NN,TC,AA,TC,TT,GG,GG,GG,TT,GG,AA,CC,NC,CC,CC,AG,CC,CC,GA,GG,GT,GG,NN,CC,TC,AA,TT,CC,GG,GG,NN,GC,GA,TT,GN,CC,NN,TT,TC,TT,GA,CT,GC,CC,TT,TT,AA,TT,AA,AT,GG,CC,AA,CC,NT,CC,AG,TT,TC,GA,AA,TC,CT,TT,CC,TT,AA,TT,AG,TG,GG,CC,GA,GG,AA,NN,GA,GA,GG,TT,CT,CT,CT,TT,AA,TT,NG,AA,GG,GG,GG,GG,TT,TG,CC,GG,AA,AA,AG,AG,GG,CC,CA,CC,TC,GA,CC,CT,AA,CA,TT,GA,NN,TG,CC,GA,CT,AA,TT,CC,AA,GG,GG,AA,AT,GG,GG,CT,GG,CC,GA,TT,TG,GG,GA,CT,CT,AN,NN,TA,TT,GG,TT,TT,AG,TT,GA,AG,TT,CC,TG,GG,GA,NT,CT,TT,TT,GG,GA,NN,CT,CC,TC,GG,NC,TC,CT,TT,AA,GG,CG,TT,TT,CC,AA,GA,NN,CT,TT,GG,NN,AA,TT,GA,GA,GG,CC,GG,AA,CT,AA,TT,AA,CC,CC,CC,CC,AN,CG,CC,TT,CC,GG,CC,CT,CC,GG,AA,AA,CC,CC,GG,AA,CC,AC,AA,AA,GG,GG,CT,NA,GG,NA,TT,TA,GT,GG,GA,AA,CC,GA,CC,TC,NN,NT,TN,CG,TT,TG,GA,GN,AA,AG,TC,AG,GA,CC,AA,CC,NT,CA,CC,NN,CC,GG,TT,AA,NN,GG,CC,AA,TT,CC,GA,GG,GG,GG,TC,TA,TT,AA,CC,GA,AG,AG,CT,CG,GG,TA,NN,TC,TT,AA,GG,CT,AN,GN,GG,AA,CC,TT,NC,CG,TG,AG,AA,TT,GA,TT,TT,AA,NN,AA,CC,AG,CC,NN,AA,GG,TT,GA,GC,TA,AA,AG,CN,CC,TA,CC,AA,GG,CC,TT,CC,AG,GC,CT,TG,AA,AG,GG,AA,CT,AA,AA,AA,TA,NN,AA,CC,GG,CC,CC,NN,CT,CC,NN,AC,CC,AG,AA,CC,GG,TT,AA,AN,TC,NN,NC,CC,AA,CT,TT,CC,GG,TT,GT,AA,NC,GG,TC,CC,CC,GG
British in England and Scotland,,,,HG00155,,NA,CC,AA,TT,TT,GG,TT,TT,CC,NC,NN,AG,TC,CC,GC,TC,AA,CG,AA,CG,TC,AA,GG,TT,GG,CC,GT,AG,TC,AA,NT,CC,NC,AA,GG,GG,AG,AA,CA,GG,CC,CA,CC,NN,CC,NC,CC,AA,CC,CC,CT,AA,GA,AC,GG,CC,GG,GT,GA,GG,CT,GG,GG,GC,CC,GG,GG,AA,CT,CC,TT,NN,NN,NC,TA,CC,CT,AA,AG,GG,GG,CC,CC,AC,AA,TT,GG,GG,AA,TT,CC,GN,TN,GA,GG,CC,GG,GG,CC,AA,GG,AA,TC,NN,TT,GG,AC,AG,GA,GG,NN,CT,AG,CT,TT,GG,GG,GG,TC,GG,AA,TC,NC,CC,CC,GG,CC,CC,AG,TT,GG,AG,NN,CC,TT,AA,TT,CT,GG,AG,NG,GG,AG,TT,GG,CC,NN,TT,CC,TT,AA,CC,GG,CT,CT,TT,AA,TG,AA,AA,GG,CC,AA,CT,TN,GC,AA,TT,CT,GG,AG,TT,TT,TT,CC,TT,AA,TT,GG,TT,GG,CC,GG,GG,AA,NN,GG,GG,GG,TN,TT,CT,TC,TT,GG,CT,NN,AA,GG,GG,AA,AG,CC,GG,CT,GG,AA,AA,AA,GG,GG,CG,CA,CC,CC,GG,CC,TC,AA,AA,TN,GG,NN,TG,CC,GA,TT,AA,TT,CC,AA,GG,AA,AA,TA,CG,GG,CC,GG,CC,AA,TT,GG,GT,AG,TT,TC,NN,NT,AT,CC,TT,TG,NT,AG,TT,AA,AG,GG,CT,GT,AG,GG,TT,TT,TG,TT,GG,GA,NN,TT,CC,CT,GG,NN,CT,TC,CT,CA,AA,GG,TC,TT,CC,AA,AA,NN,CC,TT,GG,TN,AA,TT,AG,GA,GG,CC,GG,AA,CC,AA,TT,AA,CC,TC,TC,TT,NN,GG,CC,CT,CC,AG,CC,CC,CC,GG,AG,AA,CC,TC,GG,GG,CC,AA,AA,TA,GG,AG,CC,NN,AG,AN,TT,AA,GG,GG,GG,AA,TC,AA,CC,TC,NC,NN,TN,CG,CC,TG,GG,GG,AA,AA,TT,AA,AA,CG,CC,CC,TT,CA,CC,NN,CC,GG,TT,AA,NN,GG,CC,AA,AT,CC,GG,GG,AG,AG,CC,TT,TT,AA,CC,GG,GG,GG,CT,CC,AG,AT,AN,CT,TT,AA,GG,TT,NN,GN,GG,AG,TC,CT,NN,GC,TT,AA,AA,TT,AA,TT,TG,AA,GN,AA,TC,GA,CT,NN,AA,GA,TC,GG,GG,AA,AC,AG,NC,CT,AT,NN,GA,GG,TC,CT,CC,GG,GG,CC,GG,AA,GG,AG,AG,TT,AA,AA,GG,TT,CC,AA,CC,AG,CC,CT,NN,CT,NC,CC,AA,CC,AA,AA,TT,AA,TT,AN,NA,TC,NN,NC,CC,GG,TC,AA,CC,GG,TT,GG,AT,CC,GG,TT,CC,CC,GG
British in England and Scotland,,,,HG00157,,NA,CT,AC,CC,TT,CG,CT,TT,CT,NN,NN,GG,CC,CC,GC,TT,GA,CG,AG,CC,TT,AA,GG,TT,GA,CN,TT,GG,CC,CA,NT,TC,CN,AA,GT,GA,AG,GG,CC,GG,CT,CA,CC,NN,CC,NN,CC,AA,NC,CC,TC,AA,AA,CC,GA,CT,GG,TT,GA,AG,CC,GG,GT,CC,CC,GG,GA,NA,TT,CC,TT,NN,NN,NC,AA,CC,TT,AA,AA,AG,GG,CC,CC,AA,GG,CC,GT,GG,AA,TT,CC,NN,NN,AA,AG,CC,GA,GG,CC,AA,GG,AG,TT,NN,TT,GG,CA,AG,GA,GA,NN,CC,AA,TT,TT,GG,GG,GG,CT,GG,AA,TC,NN,CC,CT,GG,CC,GC,GA,GT,GT,AG,NN,CC,TC,AA,TT,CC,AG,GA,NN,GC,AG,TT,NG,CC,NN,TT,CC,GG,AA,CC,GG,CT,CT,TG,AA,GT,GG,AA,GG,CC,AA,CC,TT,CC,GA,TT,CC,GA,GG,TT,CC,TT,CT,AA,AA,TT,GG,TT,GG,CC,GG,GG,GA,CN,AA,GG,GG,TN,CT,CT,CT,TT,GA,TT,GN,AA,GG,GG,GG,GG,TC,TT,CC,GG,AA,AA,AA,AG,GG,GC,CA,CC,CC,GG,CC,CT,AA,AA,NT,AA,NN,GT,CC,AG,TT,AA,TT,CG,AA,GG,AG,GG,TA,GC,GT,TC,GG,CC,AA,TT,GT,GT,AG,TC,TT,NN,TN,TA,CC,TT,GG,TT,GA,TT,AG,GG,TT,CC,GT,GG,GG,TT,TT,TG,CT,NG,GG,TT,TT,CC,CT,GG,NN,TT,TC,TC,AA,GA,CC,CC,TN,CC,AA,AA,CN,CC,TT,GG,TN,GA,TT,AA,GG,GG,CC,GG,AA,TC,AA,TT,AA,CC,CC,CT,TC,NN,GG,CC,TT,CC,GG,AC,CC,CC,GG,AA,GG,CC,CT,GG,AA,CT,AA,AG,AA,GG,GG,CT,AN,AA,AA,TC,AA,GT,GG,AA,AA,CC,GA,CC,TC,NC,NN,TT,CC,CC,TG,GG,GN,AA,GA,TT,GG,AA,CC,AA,CC,NN,AA,AC,NN,CC,GG,GT,AA,NN,GG,CC,AA,TT,CC,GA,GT,GG,GG,CC,TA,TC,AA,NC,AA,GG,GG,CC,GC,GG,TT,NN,CT,CT,AG,CG,CT,NN,NN,GG,AA,TT,CC,CN,CC,TT,AA,AA,TT,AA,TT,GG,AT,NG,CA,TC,GG,CC,NN,AG,AG,TT,GG,GG,AA,AA,GG,CN,CC,TT,NN,AA,GA,CC,TT,TC,GG,GG,CT,GG,AA,GG,GA,AA,TT,AA,AA,AG,TA,CN,AA,CC,GG,CC,CC,NN,CC,CN,NC,CC,CC,GA,AA,TT,AG,TT,NA,AA,CC,GN,NN,TC,AA,CC,AA,CC,AA,TT,GG,TT,CC,GG,CC,CC,CT,GG
British in England and Scotland,,,,HG00158,,AA,CC,CA,TT,CT,GG,TC,GG,CC,NN,NN,GG,CC,TC,CC,CT,AA,GG,AA,CC,TC,CA,TG,TT,GG,NN,TT,GG,CC,CC,NN,CC,CN,AG,TT,AG,GA,AA,AA,GA,CC,CA,TC,NN,CT,NN,CT,AA,CC,CC,CC,AA,GA,CA,GG,CC,GG,GG,GG,GG,CT,GA,GG,CC,CC,GG,AG,AA,TT,CG,TT,NN,NN,CC,AA,CC,TT,AA,AA,GG,GG,AC,TC,AA,AA,CC,GG,GG,AA,TA,CC,NN,NT,AG,GG,CC,AA,GG,TC,AA,AA,AA,TT,NN,TT,GG,AA,AA,AG,AA,CN,CC,GA,CC,TT,GG,AG,GG,TT,GG,AA,CT,NN,CC,CC,GG,CC,CC,GG,GT,GG,GG,NN,CT,CT,AA,TT,CC,GA,AG,NN,GG,GA,TT,GN,CC,NN,TT,CC,TG,GA,CC,GC,CC,CC,GT,AT,TG,AA,AA,GG,TC,AA,CC,TN,CC,AG,TC,CC,AA,GA,TT,CC,TT,CC,TT,CC,TT,GA,TT,GG,CC,GG,GG,AA,CC,AA,GA,AG,NN,TT,TC,CC,TT,GA,TT,GN,AA,GG,GG,GA,GG,TT,TT,CT,GG,AA,AA,AA,GA,GG,GC,AA,TT,CC,GG,CC,TT,AA,AA,NN,AG,NN,GG,CC,GA,TT,AA,TT,GC,AA,GG,GA,AA,AT,GG,GT,CC,AG,CC,GG,TT,TG,GT,AA,CT,TT,NN,TT,AT,CC,TT,GG,TT,AG,TT,AG,AA,GG,CC,GT,GG,AA,TT,TT,TG,TT,NG,AG,TT,TT,CC,CT,GA,NN,TT,CC,TT,AA,GG,GG,CT,TT,TC,AA,AA,CN,CC,TT,GG,TN,AA,TT,GA,AA,GA,CC,GG,AA,CC,TT,TT,AA,CC,TC,TT,TT,NA,GC,CC,TT,CC,AG,CC,CC,NN,GG,AA,AA,TT,CT,GG,AA,CT,AA,AA,AT,GT,GG,CC,AA,AA,NN,TT,AA,GT,GA,AA,AA,CC,AA,GC,TT,NN,NN,TT,CC,CC,GT,GG,NN,GA,GG,TT,AG,GG,CC,CA,CC,NN,AA,CC,NN,CC,GG,TT,AN,NC,GG,CC,AA,TT,CC,GG,GG,GA,GA,TC,AT,CT,AA,CC,AA,GA,GA,TC,CG,GG,TT,NN,CC,TC,GG,GG,TT,NN,GG,GG,AA,CC,TC,NN,CC,TT,AA,AG,TT,AA,TT,GT,AT,NN,AA,CC,GG,CC,NN,AA,GA,CT,GG,CC,AT,AC,GG,NN,CC,AT,NN,GG,GG,TC,TT,CT,GG,GG,CC,GG,GA,AA,GG,GA,CT,AA,CA,AG,AT,CC,AG,TC,GG,CC,CC,NN,CC,CN,NC,AA,CC,AA,AA,CC,GG,TC,NA,NN,CC,NG,NC,CC,AA,TC,AT,CC,AA,TT,GG,AT,CN,GG,TT,CA,CC,GG
British in England and Scotland,,,,HG00159,,AA,CT,AC,TT,CT,CG,TT,GT,CT,NC,NN,GG,CC,CC,CC,TC,GA,GC,GG,CC,CC,AA,GG,TT,AG,NC,TG,GG,CT,AA,TN,CC,CC,AG,TG,GG,AG,GA,CC,GA,CC,AA,CC,NN,TT,NN,CT,AG,CC,CA,TC,AA,AG,CC,AA,CC,GG,GT,GG,GG,TT,AG,TG,GG,CC,GG,GG,NA,TT,CC,TT,NT,NN,CC,AA,CC,TC,AA,AA,GG,GG,CA,TC,AA,AA,CC,GT,AG,TA,TT,CC,NN,NN,GG,GG,CC,AA,AG,CC,AA,GG,AA,TT,NN,TC,GG,AA,GA,GG,AG,NN,TC,AA,TT,TT,GG,AG,GG,CT,GG,AA,CC,CN,CC,CC,GG,CC,CC,AG,GG,GG,AA,NT,CT,CT,AG,TT,CC,GA,GA,NN,GG,GG,TT,GG,GG,NN,CT,TT,GG,AA,CC,CC,CC,TC,TT,AA,TG,AA,AA,GG,TC,GA,CC,NN,CC,GA,CT,CC,GA,AA,TT,CT,TT,CC,AA,CA,TT,GG,TT,GG,CC,GG,GG,AA,NN,AA,GG,GG,NN,TT,TT,TC,TT,AG,CT,NN,AA,GG,GA,AA,GG,TT,GT,TC,AG,AA,AA,AA,GA,AG,CG,AA,CT,CT,GG,CC,CT,AA,AA,NT,GA,TN,GG,CC,AA,CT,GA,TT,CC,AA,GG,GG,AG,AT,GG,TG,CC,GG,CC,AA,TT,GT,TG,AG,CC,CC,NA,TN,AT,CC,TT,GG,TT,GG,TT,AA,GG,TG,CC,TG,GA,GG,TT,TT,TT,CC,GG,GG,NN,TT,CA,TC,GG,NN,TT,CC,TC,AA,GG,CC,CT,NT,TC,AA,AA,CN,CC,TT,GG,NT,AA,CC,AG,GG,GG,CC,GG,AA,TC,AT,TT,AA,CC,CC,CT,TT,NN,CC,CC,TT,CC,GA,CA,CC,CN,CG,AA,AA,CC,CC,GG,AA,CC,AA,AA,AT,TG,GG,CC,NA,GA,NN,TT,AA,TG,GG,AG,AA,TT,AA,CG,TT,CN,NN,NN,CG,CC,GT,GG,NN,AA,GG,TT,AG,GA,GC,AA,CC,NN,CA,CC,NN,CC,GG,TT,AA,NN,GG,CT,AA,TT,CC,GG,GG,GG,GG,CC,TT,CC,AA,CC,AG,GG,GG,TT,GG,GG,TT,NN,CC,TT,AG,GG,CC,AN,GG,GG,AA,CC,TT,NN,GG,TG,AA,AA,TT,AA,TT,GG,TA,NG,AA,CC,GA,TT,NN,AA,GA,TT,AA,GG,AA,AC,GA,NC,CC,TT,NN,GG,AA,CC,TT,CC,GG,GG,CC,GT,AA,GG,AA,AA,TT,AA,AA,AA,TA,NC,AA,CC,AG,CC,TC,AN,TT,NN,CN,AA,TC,AA,AA,TC,AG,CT,AA,AN,CC,NN,CN,CC,AA,TT,TT,CG,GA,TT,GG,TA,CC,GG,CC,AC,CC,GC
British in England and Scotland,,,,HG00160,,AN,CC,CC,CT,CT,CG,TT,TG,CC,NN,NN,GA,CT,CC,GG,CT,GA,GG,GG,CC,CC,AC,GG,CT,GG,CC,TG,GG,CC,CA,NN,CT,NC,AA,TG,GA,AA,GG,CC,GG,TC,AA,CT,NA,CT,NN,CT,AA,NC,CC,CC,AA,GG,CC,GA,CC,GG,TT,GA,AG,CC,AG,TG,CG,CC,GC,AA,NA,TT,CC,TT,NN,NA,CC,AA,CC,CC,AA,AA,GG,GG,CC,CC,AA,GG,TT,TT,GG,AA,AT,CC,GG,NN,GG,AA,CC,AA,GG,CT,AA,AG,AA,TT,NC,TT,GG,AA,AA,GG,GG,NN,CC,AG,CT,TT,GG,GG,GG,TC,GG,AA,CC,NN,CC,CC,GG,TC,GC,GG,TT,TG,GG,NN,CC,CT,AA,TT,CC,AA,GA,GN,GG,GG,TC,GG,CC,NN,CC,CC,TG,GG,CC,CG,CC,CC,TT,AA,GT,AA,AA,GT,CC,GG,CC,TN,CG,GG,TT,CC,AG,AA,TT,TC,TG,CC,TT,CA,TG,GA,TT,GG,CC,GG,GA,AA,NN,GA,GG,GA,TN,TT,TT,TC,TT,AG,CT,NN,AA,GG,GG,GG,GG,TT,TT,TC,GG,AA,AA,AA,GG,AG,CC,AC,TT,CC,GG,CC,CC,AA,AA,NT,AA,NT,GG,CC,AA,TC,AA,TT,CC,AA,GT,GG,AA,AT,GG,TG,TC,GG,CC,AG,TT,TG,GT,AA,TT,TT,NN,TN,TT,CC,TT,TG,TT,GG,TT,GA,GG,GG,CT,TT,GG,GG,TT,TT,TT,CT,GN,GG,TT,TT,CC,CC,AG,NC,TC,CT,TT,CC,GA,CC,TC,TT,TT,AA,GA,CC,CC,TT,GG,TT,AA,TT,AA,AA,AG,CC,GG,AC,CT,AT,TT,AA,CC,CC,TT,TT,NN,CC,CC,TT,CC,GA,CC,TT,CN,GG,AA,AA,CC,CC,GG,AA,CC,CC,AA,AA,GT,GG,TC,NN,GG,NN,TT,AA,GG,GG,GG,AG,CC,AA,CC,CC,CC,NN,NN,GC,CC,GT,GG,GN,AA,AA,TT,AA,AA,GG,CA,CC,TN,AA,CA,NN,CC,GG,TG,AA,NN,GA,CC,AA,TT,CC,GG,GG,GG,GG,CC,AA,TC,AA,NC,AA,GG,GG,CC,CG,GG,TT,NN,TC,TT,AG,GG,TT,NN,NG,AG,AA,CT,TC,NN,CC,TT,GA,AG,TC,AA,TT,TG,AA,GN,AA,CC,AG,CT,NN,AA,AA,TT,GA,GG,AA,AC,GA,NN,CC,TT,CC,AG,GG,CC,CT,CC,GG,GG,TC,GT,AA,GG,GG,GA,CT,AA,CC,AG,TT,CN,AA,TC,GG,CT,CC,NN,CT,NC,NC,AA,CC,AA,AA,TC,GA,TC,AA,AA,CC,NN,NN,CC,AA,TC,AA,GC,AG,TT,GG,AT,NC,GG,TT,CC,CC,GG
Finnish in Finland,,,,HG00171,,AA,TC,AA,TT,TT,GC,TT,GG,CC,NN,NN,GG,CC,CC,GG,TT,AA,GG,AA,GC,CC,AA,GG,TT,GG,CN,GT,GA,CT,AA,NN,CC,CN,AA,GG,AA,GG,GA,CC,GA,CC,CA,CC,NN,TT,CN,CC,AA,CC,AC,TC,AA,AA,CC,AG,TC,GA,GT,AG,AA,TT,GA,GG,CG,CC,GG,GA,AA,TC,CC,AA,TT,NN,CC,AA,TC,CC,AA,GA,AG,GG,AA,CC,AC,AA,CT,GG,GG,AA,TT,CC,NN,NN,GG,GG,CC,AG,GG,TC,AA,AG,AA,TT,NN,TT,AG,AC,AA,AG,AA,NN,CC,GA,TT,TT,GG,GG,GA,TC,GG,AG,CC,NN,CC,CC,AG,CC,CC,GG,TT,GT,GG,NN,CC,CT,AA,TT,CC,GA,GG,NN,CC,AG,TT,NG,CC,TN,CT,CC,GG,AA,CC,GC,CC,TC,TT,TA,GG,AA,AA,GG,TT,AG,CC,NN,CC,GG,TC,CC,GG,AA,CT,CC,TT,CC,AT,AA,TG,AA,TT,GG,CC,GG,GA,AA,CN,AG,AG,GG,TT,TT,TC,CC,TT,GG,TC,NN,AA,GG,GG,AG,AG,TT,TT,TC,AG,AA,AA,GA,GG,GA,CG,AA,CC,TC,GG,CC,CC,AA,CA,NT,GA,NN,GG,CC,GA,TC,AA,TT,GC,AA,GG,GG,AA,AA,GG,GG,CC,GG,CC,AG,TT,GT,GT,GA,TT,TT,NN,TT,TA,CC,TT,GG,TT,AA,TT,AA,GG,GT,TC,GT,GG,GG,TN,TC,GG,TC,GG,AG,TN,TT,CC,TC,GG,NN,TT,CC,TT,AA,AA,CG,CC,TT,TT,AA,AA,CN,CC,TC,GG,TN,AA,TT,AA,AA,GG,CC,GG,AA,TT,AA,GT,AA,CC,CC,CT,CT,AN,GG,CC,TC,CC,GA,CC,CC,NN,GG,AA,AA,CC,CC,TG,AA,CC,AA,AG,TA,GG,AG,TT,NN,AG,NA,TT,AT,GG,GG,GG,AA,CC,AA,GC,TT,CN,NN,TT,CC,CC,TG,GG,NN,AA,GA,TT,GA,AG,CC,AA,CC,NN,AA,AC,NN,CC,GT,TT,AA,NN,GG,CC,AA,TT,AA,GG,GT,GG,GG,CC,AT,TT,AA,NC,AA,GG,GG,CC,CC,GG,TA,NA,CC,TT,GA,GG,CC,NN,GG,GG,AA,CT,TC,NN,CC,TT,AA,GA,TT,GA,CT,GG,AA,NN,AA,CC,GG,CT,NN,AA,AA,TT,GG,GG,TA,AA,GA,CC,CC,AA,NN,GA,GG,CC,TT,CC,AG,GG,CC,GT,AA,GG,GG,AA,TT,AA,AC,GG,TA,NN,AG,CT,AG,CC,TT,NN,TC,NN,NN,AA,TC,AA,AA,TT,AA,TT,AA,AN,CT,NN,NC,CC,AA,CT,AA,CG,GA,TT,GG,AA,NN,GG,TC,AC,CC,GG
Finnish in Finland,,,,HG00173,,AA,CC,CA,TT,TC,GG,TT,GG,CC,NN,NN,GG,CT,CT,GG,TT,GA,GG,AA,CC,CC,AA,GG,TT,GG,CC,TG,GG,CC,AA,NT,CC,NC,AA,TG,GG,GG,AA,AC,AA,CC,AA,CC,NN,CT,NN,CC,AG,CC,AC,TC,AA,AG,CC,GG,CC,AG,TT,GA,GG,TC,GG,TG,CG,CC,GG,GG,AA,TT,CC,TT,NT,NN,NN,AT,CC,TT,AA,AG,GG,GG,CC,CC,AA,AA,CT,GT,GG,AA,AT,CT,NN,NN,AA,GA,CC,GA,GG,CC,AA,GG,AA,TT,NN,CT,GG,AA,GA,AA,GA,CN,CC,AA,TT,TT,GG,AG,GG,TC,GG,AA,CC,NN,CC,CC,GG,CC,CC,AA,GG,GT,GA,NN,CT,TC,AA,TT,CC,AG,AG,NN,GG,GG,TT,GG,CC,NN,TC,CC,TG,AA,CC,GG,CC,CT,TT,AA,TG,AA,AA,TG,CC,AA,CC,TN,CC,GG,TC,TC,GG,AG,TC,CC,TT,CC,TT,AA,GG,AG,TT,GG,CC,GA,GA,AA,NC,AA,GG,GG,TN,TC,CT,CC,TT,GA,TC,NN,AA,GG,GG,GA,GG,TT,GG,CC,AG,AA,AA,AG,GA,GG,GC,CA,CT,TT,GG,CC,CT,AA,AA,TT,GA,NN,TT,CC,GA,TT,AA,TT,GG,AA,GG,GA,AA,TT,GC,GG,TC,GG,CC,GG,TT,GT,GT,AA,CT,CC,AN,TN,TA,CC,TT,TG,TT,GG,CC,AA,GG,GT,TC,TG,GG,GG,TN,TC,GT,CT,NG,GG,TN,TT,CC,TC,GG,NN,TT,CT,TT,AA,GA,CG,TT,TT,CC,AA,GA,NC,CC,TT,GG,NN,GA,TT,AG,GA,AG,CC,GG,AA,CT,TT,TG,AA,CC,CC,CT,CT,NA,CC,CC,TT,CC,AG,CC,CC,NN,GC,AA,GA,CC,CC,GT,AA,CC,AA,AA,AT,GG,GG,CT,NN,AG,NN,TT,TT,GT,GG,GG,AA,CC,AG,CG,TT,CC,NN,TT,CC,CT,TG,GG,NN,AG,AA,TT,AA,GG,GC,CC,CC,TN,CA,CA,GG,CC,GG,TT,AA,NN,GG,TC,AA,TT,CA,GG,GG,GG,GG,CC,AT,TT,AA,NC,AA,GG,GG,CT,CC,GG,TT,NN,TC,TT,GA,GG,TC,NN,GN,GG,AA,CT,TC,NN,GG,TT,AA,AA,TT,AA,TT,GT,AA,GN,AC,CC,GG,TT,NN,AA,AG,TT,GA,CC,TT,AA,AA,NC,CT,AT,NN,GG,GG,CC,CT,CC,GG,GG,CC,GT,AA,GG,GG,AG,TT,AA,AA,GA,TT,CC,AA,CT,GG,CC,TC,AN,TT,NC,CC,AA,CT,AA,AA,CC,AA,CT,AA,AA,CC,NN,NN,TC,AA,TT,TT,GC,AG,NT,GT,AT,CC,GG,CT,AC,CC,CC
Finnish in Finland,,,,HG00174,,NA,CC,CC,TT,TT,GG,TT,GG,TC,CC,NN,GG,TT,CC,CC,TC,AG,GG,GG,CC,CC,CA,GT,TC,GG,CC,GT,GG,CC,AA,TN,CC,NN,GA,TT,GG,AG,AA,AC,GG,CC,AA,CC,NN,TT,NN,CT,AA,CN,CC,TC,AA,AA,AC,AG,TC,AG,TG,GA,GA,TC,AG,GT,GG,CC,GG,GG,NA,TT,CC,TT,NN,NN,CC,AA,CC,CC,AA,AA,AG,GG,CC,CC,CA,AA,CT,GG,GG,AT,TT,CC,NN,NN,GA,GA,CC,AG,GG,CT,AA,GA,AA,TC,NN,TT,GG,AA,AG,AG,GG,NN,CC,AA,TT,GT,GG,GG,GG,TC,GG,AA,CC,NN,TC,CC,AG,CC,CC,GG,GT,GG,GG,NN,CC,CC,AA,CT,CC,GG,GA,NN,GG,AG,TC,GG,CC,NN,CC,CC,GG,AG,CC,GG,CC,CC,TT,AA,GT,AA,AA,GG,CC,AG,TC,TN,CG,GG,CT,TT,GA,GG,TC,CC,TT,CC,AT,CC,TT,AA,TT,GG,CT,GA,GG,AA,NN,GA,GG,GG,NN,TT,CC,CC,TT,GG,TT,NG,AA,GG,GG,AG,GG,TT,TT,CC,AG,AA,AA,AA,GG,GG,GG,CA,CT,TT,GG,CC,CC,AA,CA,TN,AG,NN,GG,CT,GA,CT,AA,TT,CC,AA,GG,GG,GG,TT,GG,GG,TC,GA,CC,AA,TT,GT,TG,AG,TC,TT,NN,NT,AT,CT,TG,GT,TT,GG,TT,AG,GA,TG,CC,GG,GG,GG,TT,TT,TT,CC,GG,GG,TT,TT,CC,CC,GA,NN,TT,CC,TT,AA,AG,CC,TC,TT,CT,AC,AA,NC,TC,TT,GG,NN,AA,TT,AA,GG,AG,CC,AG,AA,CC,AT,TT,AA,CC,CC,CT,CT,NN,GG,GC,CC,CC,AA,CC,TC,NN,GG,AA,AA,CC,CC,GT,AA,CC,AA,AA,AT,GG,AG,CC,NN,GA,NA,TT,AA,TG,GG,GA,AA,CC,AG,GC,CT,CN,NN,TN,GG,CT,TG,GG,GN,AG,AG,TT,GA,GA,CC,AC,CC,NN,AA,CC,NN,TC,GG,TT,AA,NN,GG,CC,AA,TA,AC,GG,GG,GG,GG,CC,TA,TT,AA,CC,GG,AG,GG,TC,GG,GG,TT,NN,CT,TC,GG,GG,CC,NN,NN,GG,AG,CT,TC,NN,CC,TT,AA,GA,TT,AA,TT,GT,AA,GN,AA,CT,AG,CC,NN,AA,GA,TT,AG,GG,TA,AA,GA,CN,CT,TT,NC,GG,GA,TT,TT,CT,GG,GG,CC,GG,GG,GG,GG,GA,TT,AA,CA,AA,TA,CC,AA,CC,GG,CC,CT,NN,CT,NC,CC,AA,CT,AA,AA,CT,AG,TT,NA,AA,CC,NN,NN,CC,AA,TT,AA,CC,AA,TT,GG,AA,NC,GG,CC,AC,TC,GG
Finnish in Finland,,,,HG00176,,NN,CC,CA,TT,CC,GG,TT,TT,TT,NN,NN,GG,TT,TC,CC,TT,GA,GG,AG,CC,CC,AA,GG,CT,GG,CC,GT,GG,CC,AA,TN,CC,NN,AA,TG,GG,GG,GG,AC,AA,CC,AC,CC,NN,TC,CN,CC,AA,CC,CA,CC,AA,GA,CC,GA,CC,GA,TT,GA,GA,TC,GG,TT,CC,CT,GG,GA,AN,TT,CC,TT,NN,AN,CC,AA,CC,CT,AA,AA,AG,GG,CC,CC,AA,AA,TT,GG,GG,AT,AT,CC,NN,NT,GA,AG,CC,AA,AG,CT,AA,GA,AA,TT,NN,TT,GG,CA,GA,GA,GG,NN,CT,GG,CT,TG,GG,GG,GG,TT,GG,GA,CC,NN,CC,CC,GG,CC,CC,AA,TT,GG,AA,NN,CC,TC,AA,TT,CC,GG,GG,NN,GG,GG,TT,GG,CC,NN,CT,CC,GG,AA,CC,GG,CC,TC,GT,AA,GG,GA,AA,GG,TC,AA,CC,NT,CC,GG,CT,CC,GG,AA,TT,CC,TT,CC,TT,AA,GT,AG,TG,GG,CC,GG,GG,AA,NN,AA,GG,GG,NN,TT,TT,CC,TT,GG,CC,NN,AC,GG,GG,AG,GG,TT,TT,CC,AA,AA,AA,AA,GA,GG,CC,AC,CT,TT,GG,CC,CT,AA,AA,NN,GA,NN,TG,CC,AA,CT,AA,TT,CC,AA,GG,GG,GA,TT,GG,TG,CT,AA,CC,GA,TT,TG,TG,AG,CC,TT,NA,TN,TA,CC,TT,TG,TT,GG,TT,AA,GG,GT,CC,TG,GA,AG,TN,TC,TT,CT,GN,GG,TT,TT,AC,CC,GA,NN,TT,CT,TT,CA,AA,CG,TC,TT,CC,AA,AA,CN,CC,TT,TG,NN,AA,TC,GA,AG,GG,CC,GG,AA,CC,AA,TT,AA,CC,TC,CC,TC,AN,CC,CC,TT,CC,GG,CC,CC,NC,GG,AA,AA,CC,CC,GG,AA,CC,AA,AA,AT,TG,GA,CC,NN,GG,AN,TT,AA,TG,GG,GG,GA,CT,AA,CG,TC,NC,NT,TT,CC,TC,TG,GA,NN,AA,GG,TT,AA,GG,CC,CC,CC,TT,CC,CC,NN,CC,GG,TT,NA,NN,GG,CC,AA,TT,AA,GA,TG,GG,GG,CC,AA,CC,AA,CN,GA,AG,GG,CC,GC,GG,TT,NN,TC,CT,GG,GG,CC,NA,NN,GG,GA,CT,TC,CN,CC,TT,AA,AA,TT,AA,TC,GG,AA,NN,AC,CC,GG,TC,NN,AA,AG,TT,AG,GG,AA,CA,AA,CN,TC,TT,NN,GG,GG,CC,CT,CC,GA,GG,CC,GG,AA,GG,GG,AA,TT,AA,AC,GG,AA,CC,AA,CC,GG,CC,CC,NN,CT,CN,CC,AA,TC,AA,AA,TT,GA,TT,AA,AA,CC,NG,NC,CC,AA,TC,AA,CC,AA,TT,GG,TT,NC,GG,TC,AC,CC,GG
Finnish in Finland,,,,HG00177,,NA,CC,AC,CT,TC,GG,TT,GT,TC,NN,NN,GG,CC,TC,CC,CT,GA,GG,GA,CC,CC,AA,TT,TT,GG,CC,TT,GA,CC,CA,TN,CC,NN,GA,TT,GG,GG,GG,CA,GG,TC,AA,CC,NN,CT,CN,CC,AA,NC,CC,TT,AA,AA,CC,GG,CC,GG,TT,AG,AG,CT,AG,GG,GC,CC,GG,GA,AA,TT,CC,TT,TN,NA,CC,AA,CC,TC,AA,AA,GG,GG,CC,CC,AA,AA,CC,TG,GG,AA,TT,CC,NN,NN,GA,AA,CC,AA,GA,TC,AA,GG,AA,TC,NN,TT,GG,AA,GA,GG,AA,NN,CC,GG,TC,TG,GG,AA,AG,TT,GG,AA,CC,NN,CC,CC,GG,CC,CC,GG,TT,TG,GG,NN,TC,CC,AG,TT,TC,GG,AG,GN,GG,AA,TT,GG,CC,NN,TC,TC,TG,AA,CC,GG,CC,CC,TT,AA,GG,GA,AA,GG,CC,AG,CT,NN,CG,GG,TC,CC,GA,GG,CT,CC,TT,CC,AT,CA,GT,AA,GG,TG,CC,GA,GG,AA,NN,AA,GG,GG,NN,TT,CT,TT,NT,AG,TC,NG,AA,GG,GG,AG,GG,TT,TT,CC,GG,AA,AA,AA,AG,GG,GG,AA,TT,CT,GG,CC,CC,AC,AC,TN,GA,TN,GG,CC,GA,TC,GG,TT,CG,AA,GT,AG,AA,TA,GG,GT,TC,GG,CC,GG,TT,TG,GG,GA,CT,TT,NA,NT,TA,CC,TT,GG,TT,AG,CT,AG,GG,GG,TC,TT,GG,GG,NT,CT,TT,CT,GG,GG,TN,TT,CC,CT,GA,NN,TT,CT,CT,AA,GG,CG,CT,TT,CT,AA,AA,NN,CC,CT,GG,TN,AA,CT,GA,GG,GG,CC,GA,AC,CC,AT,TT,AA,CC,TT,CT,TT,AA,GC,CC,TT,TC,AG,CC,CC,NN,CG,AA,AA,TC,CC,TT,AA,CT,AA,AA,AA,TG,GA,CC,AN,GG,NN,TT,TA,GT,GG,GA,GA,CC,AG,CC,TT,NN,NN,NN,GG,CT,TG,GG,NN,AG,AG,TT,AG,AG,CG,CA,CC,TN,AA,CA,NG,CC,GG,TT,AA,NN,GA,TC,AA,TT,CC,GG,GG,GG,GG,CT,TA,TT,AA,CC,AA,AG,GG,CC,CG,GG,AA,NN,TC,TT,AA,CG,CC,NN,GG,GG,AA,CC,TT,NN,CG,GT,AA,AA,TT,AA,TT,TG,AA,NN,CA,CC,GG,CC,GN,AA,AG,TT,GG,GG,AT,AA,AA,NC,CC,AA,CN,GG,GG,TT,TT,CC,GG,CG,CC,GG,AA,GA,GA,AA,TT,AA,AA,AG,TT,CN,GA,CC,GA,CC,CC,NN,CC,NN,CN,AA,TT,AA,AA,CC,AA,CC,AN,AA,TC,GN,CN,CC,AA,CC,TT,CC,AG,TT,TG,TT,CC,GG,TT,CA,CC,GG
Finnish in Finland,,,,HG00178,,AN,CT,AA,CT,TT,GG,TT,GG,TT,CN,NN,GG,CT,CC,CG,CC,GA,GG,GG,CC,CC,AA,GG,CT,GG,NC,TT,GG,CC,AA,NT,CC,NN,AA,GT,GA,AA,GG,CC,GG,CC,AA,CC,NN,CT,NN,CC,AA,CN,CC,CT,AA,AA,CA,GA,CC,GG,TT,AG,GG,TC,AG,GG,GC,CC,GG,GG,AA,TC,CC,TT,NN,NN,NC,AA,CC,TT,AA,AA,GG,AG,AC,CC,AA,AA,TT,GG,GG,AA,TT,CC,NN,NN,GG,GA,TC,GG,GG,CC,AA,GG,AA,TT,NC,CT,GA,AA,GA,AG,GG,CN,TC,GA,TT,TT,GG,GA,GG,TT,GG,AA,CC,NN,CC,CT,GG,CC,CC,AG,GT,GG,AA,NN,CC,CC,AA,TT,CC,AG,GG,NN,GC,GA,CT,GG,CG,NN,CT,CT,GT,GA,CC,GG,CC,CT,TT,AA,TG,AA,AA,GG,CC,GA,TC,NN,GC,GG,TC,TC,GG,AA,CT,TC,TT,CC,TT,AA,TT,GG,TT,GG,CC,GA,GG,AA,NN,GG,GG,GG,NT,TT,TC,CC,TT,AG,TT,NN,AA,GA,GG,AA,GG,CT,TG,CC,GA,AA,AA,GA,AA,GG,CG,CA,CT,CC,GA,CC,CC,AA,AA,NT,GG,NT,TG,CT,GA,CC,AA,TT,GC,AA,GG,GG,AG,AT,GG,GG,CC,GG,CC,AA,TT,TG,TG,AA,TT,TT,NN,NT,AA,CC,TT,TG,TN,GA,TT,AG,GG,GG,CC,GG,GG,GG,TT,TT,TT,TT,NG,GG,TT,TT,CA,CC,AA,NN,TT,CC,TT,AC,AG,GG,TT,NT,CC,AA,AA,CN,CT,TT,TG,NT,AA,TT,AA,GG,GG,CT,GA,AA,CC,TA,TT,AA,CC,CC,CT,TC,AN,GC,CC,TT,CC,GG,CC,CC,NN,GC,AA,AA,CC,CC,GG,AA,TC,AC,AG,AA,GG,GG,CC,NA,AG,AA,TC,TT,GT,GG,GG,AG,CC,AA,GC,CC,CC,NT,TT,CC,CC,GT,GG,NN,GA,AA,TT,GG,GG,CG,AA,NC,NN,CA,CC,NN,CC,GG,TG,AA,NC,GG,CC,AA,TT,CA,GG,GG,AG,GA,CC,TA,TT,GA,CC,AA,GG,GG,TC,CC,GG,TT,NN,TC,TC,GA,GC,CC,NN,NG,GA,AG,CC,TT,NN,CC,TT,AA,AG,TT,AA,TC,TG,AA,NG,AA,CC,GG,TT,NN,AG,GA,TT,GG,GG,AA,AA,AA,NC,CC,AA,NC,GG,GG,TT,CT,CC,GG,GG,TC,GG,AA,AG,AG,GA,TT,AA,CA,AG,TT,NC,AG,TC,GG,CC,CC,NN,CT,CC,NC,AA,CC,AA,AG,TC,GG,CT,AA,AA,CT,GN,CN,TC,AA,CT,AA,GC,AG,TT,GG,AA,CN,GG,TC,CC,CC,CG
Finnish in Finland,,,,HG00179,,AA,CC,CA,TT,TT,GG,TT,GT,CC,NN,NN,GG,CC,TT,CC,CT,GA,GC,GG,CC,CC,AA,GG,TT,GG,CC,GT,GG,CC,AA,NN,CT,CC,AA,GT,GG,AG,GG,AC,AG,CT,AA,CC,NN,CT,NN,CC,AA,NN,CC,TC,AG,AA,CA,AG,TC,GA,TT,GG,GG,TC,AG,GG,CG,TT,GC,AG,NA,TT,CC,TT,NN,NA,NC,AA,CC,CT,AA,AA,GG,GA,CA,CC,CA,GA,TT,GG,GG,AA,TT,CC,NN,NN,GA,GG,CC,AA,AG,CC,AA,GG,AA,TT,NN,TT,GG,AA,AA,AG,AG,NN,CC,AA,TT,TT,GG,GA,GG,TT,GG,AA,CC,NN,CC,CC,GA,CC,CC,AG,TT,GT,GG,NN,CT,CC,AG,TT,CC,GG,AG,NN,GC,GG,TT,GG,CG,NN,TT,CT,TT,GA,CC,GG,CC,TC,TG,AA,GG,AG,AA,GG,CC,AG,CC,TN,CG,AG,TC,CC,GG,AA,TT,CC,TT,CC,TT,AA,TT,GA,TT,GG,CC,GG,GG,AA,NN,GA,GG,GG,NN,TT,CC,TT,TT,GG,TT,NG,AA,GG,GG,GA,GG,TT,TT,CC,GA,AA,AG,AG,GG,GG,CG,CA,CT,TC,GG,CC,CT,CA,AC,NT,AA,NN,GG,CC,GA,CT,AA,TT,CC,AA,TG,AG,GA,TA,GC,GG,CC,GG,CC,AG,TT,GT,GG,GA,CC,TT,AN,NN,AT,TC,GT,GG,NN,GG,TT,AG,AG,GG,CC,GT,GG,GG,TT,TT,TT,TC,NN,AA,TT,TT,CC,CC,AG,NN,TT,CC,TC,AA,AG,GG,CT,TT,TT,AC,AA,CC,CC,TT,GG,TT,AA,CT,AG,GA,GA,TC,GG,AA,CC,AT,TT,AA,CC,CC,CT,CT,NA,GC,CC,CT,CC,AG,CC,CC,CN,CG,AA,GG,CC,CT,GG,AA,CT,CA,GA,AA,GG,GG,CC,AN,AA,NN,CT,AA,GT,GG,AA,AA,CC,AA,GC,TT,CN,NN,TN,CG,CT,TG,GA,NN,AA,AA,TT,GG,GG,GG,CA,CC,TN,CA,CC,NN,TC,GG,TT,AN,NN,GG,TC,CA,TT,AC,GG,TT,GG,GG,CC,TA,CT,AG,CC,AA,GG,GG,CC,GC,GG,TT,NN,CT,TT,GA,GG,CC,NN,GG,GG,AA,TC,CT,NC,GC,TG,AA,AA,TT,GA,TT,GT,AA,GN,AA,CC,AG,CC,NN,AA,AA,TT,AG,GG,AT,AA,GG,CN,CC,AA,NN,GA,GG,CC,CT,CC,AA,GG,CT,GG,AA,GG,GG,AA,TT,AA,CC,GG,AT,NN,AA,CC,AG,CC,CT,AN,CC,CC,CC,CA,CT,AA,AA,TT,AA,CT,AA,AA,TC,NN,NN,CC,AA,CC,AT,CC,GG,TT,GG,TT,NN,GG,CC,AC,CC,GC
Finnish in Finland,,,,HG00180,,AA,TC,CA,TT,CT,GG,TT,TG,CC,NN,NN,GG,CT,CC,CC,CT,AG,GG,AG,CC,CC,CA,GG,TT,GG,CC,TG,GG,CC,CA,NT,CT,NN,AG,TT,GG,GG,AG,CC,GA,CC,CC,CC,NN,CT,NN,CC,GA,CC,CC,CT,AA,AG,CC,GG,CC,AA,TT,GG,AG,TT,GG,GG,GC,CC,GG,GG,AA,CT,CC,TT,NN,NA,CC,TA,CC,CT,AA,AG,GA,GG,CC,CC,AA,GA,CC,GG,GG,AA,TT,TT,NN,NT,GG,GG,CC,AA,GG,CT,AA,AA,AA,TC,NN,TT,GG,AA,AA,GA,GA,NC,CC,GG,TC,GT,GG,GG,GG,CT,GG,AA,CC,NN,CC,CC,GG,CC,CC,GA,TT,GT,GG,NN,CT,CC,GA,TT,CC,AA,GA,GN,GG,GG,TC,GG,CC,NN,TT,TT,GT,AA,TC,CC,CC,TC,TG,AA,GG,AA,AA,GG,CC,AA,CC,NN,CC,GG,CT,TC,GG,GA,CT,CC,TT,CC,AT,AA,TT,GG,TT,GG,CC,GA,GG,AA,NN,AA,GG,GG,TT,TT,CT,CT,TT,GA,TC,GG,AA,GG,GG,AG,GG,TC,TT,CT,GG,AA,AA,GA,GA,GA,CC,AC,TT,CT,AG,CC,CC,AA,AA,TN,AG,TT,GG,TC,AG,TC,GA,TT,CG,AA,GG,AA,AA,TA,GG,TG,CC,GG,CC,AA,TT,GG,TG,GA,TT,TT,NN,NT,TT,CC,TT,TT,TN,GA,TT,AA,GG,GT,CC,GT,GG,GG,NN,CC,TT,TC,GG,GG,TT,CT,CC,CC,GG,NN,TT,CC,TT,AA,GA,CC,CC,TT,CC,CA,AG,NN,CC,TT,GT,TT,AG,TT,AG,GG,GG,CC,GA,AA,CT,TT,TT,AN,CC,CC,CC,CC,AN,GC,CC,TT,CC,GA,CC,CC,NN,GG,AA,AA,CC,TC,GG,AA,CC,AA,AA,TT,TG,GG,CC,NN,AG,NN,TT,AA,GG,AG,AG,AA,CC,AA,CC,CC,NC,NN,TT,CC,CC,GT,GG,NN,AA,AA,TT,GG,GG,CC,AA,CC,NN,AC,AC,NN,CT,GG,TT,AA,NN,GG,CC,AA,TT,AC,GG,GG,GG,GG,CC,TT,CT,AA,CC,AG,GG,GG,CC,CG,AG,TT,NN,CT,CC,GG,GG,TC,NN,NG,GG,AA,CC,TT,NC,GC,TT,AA,AG,TT,AA,TT,TG,AA,NN,AA,CC,GA,TT,NN,AA,GG,CT,GA,GC,AT,CA,AA,CC,CT,AT,NN,GG,AG,CT,TT,CC,GG,GG,CC,GG,AA,AG,GA,AA,TT,AA,AC,AG,TT,CN,AA,CC,GA,TC,TT,NN,CC,CC,CC,CA,CT,GA,AA,TC,GA,CC,AA,AN,TC,GG,NN,CC,AA,CC,TT,CG,GA,TN,GG,AT,CN,GG,CC,CC,CC,GG
Finnish in Finland,,,,HG00181,,NN,CC,CA,TT,CC,CG,TT,GG,CT,NN,NN,GG,CC,CC,CG,TT,GA,GG,GG,CC,CC,AA,GG,TT,GG,CN,TT,GG,CC,AA,TN,TC,NC,GA,TG,AG,GG,GG,CC,GG,CC,AA,CC,NN,CT,NN,CT,AA,CC,CC,CC,AA,GG,CA,AG,CC,GG,TT,GA,GG,TC,GG,GT,CC,CC,GG,GA,AA,TT,GG,TT,NN,AN,NN,AA,CC,TT,AA,AA,AG,GG,AA,CC,AA,GG,TC,TG,GG,TA,TT,TC,NG,NN,GG,AG,TC,GG,GG,CC,AA,AG,AA,TT,NN,TT,GA,AA,AA,GA,GA,CC,CC,AG,TC,TT,GG,GG,GG,CT,GG,GA,CC,NN,CC,CC,GG,CC,CG,AG,TT,GT,GG,NN,CC,CT,GA,TC,CC,GG,GG,NN,GG,GA,TT,GG,CC,NT,TC,TC,TG,AA,CT,GC,CC,TC,TT,AA,GG,GA,AA,GG,CC,AA,CT,TN,CC,GA,TT,CC,GG,AA,TC,CC,TT,CC,TA,CA,TG,GG,TT,GG,CC,AG,GG,AA,CN,AG,GG,GG,NN,TT,TC,CT,TT,GG,CT,NN,AA,AG,GG,AA,GA,TT,TT,CC,GG,AA,AA,AG,AG,GG,GC,CA,CT,CT,AA,CC,CC,AC,AA,NT,AG,TT,GT,CC,AA,TT,AA,TT,CG,AG,GG,GG,GA,TT,GG,GT,CT,GG,CC,AG,TT,TG,TG,GG,TC,TC,NN,NT,TA,TC,TT,TG,TT,GA,TT,GA,GG,GT,CC,TG,GG,GA,NT,CT,TT,CT,GG,AG,TT,TT,AC,CC,GA,NC,TT,CC,CC,AA,GA,GG,TC,TT,TC,AA,AA,NN,CC,TT,GG,NN,GA,TC,AG,AA,AG,TC,GG,AC,CC,AA,TT,AA,CC,CT,CC,CC,NA,CG,CC,TC,CC,GA,CC,CC,NN,CG,AA,AG,TC,CT,TG,AA,CC,CA,AA,TT,GT,GG,CT,AN,GA,NA,CT,AT,GT,AG,AG,GA,CC,AA,CC,TT,NN,NN,NN,GG,TT,GT,GG,GN,AA,AA,TC,AA,GA,GC,AA,CC,TT,AA,CC,NN,CC,GG,TT,AA,NN,GG,CC,AA,TT,AA,AG,GG,GG,GG,TC,AA,TC,AA,CN,GA,GG,GG,TC,GC,GG,TT,NN,TC,TT,AA,CG,CC,NN,NG,GG,AA,CC,TT,NN,CG,TT,AA,GA,TT,AG,TT,GG,AA,NN,AA,CC,AG,CC,NN,AA,AA,TC,GG,GG,AT,AC,GG,NC,CC,AA,NC,AG,AG,CT,CT,CC,AG,GG,CC,GG,AG,GG,GA,GA,TC,AA,AA,GG,TT,NC,AA,CT,GA,CC,TC,AN,CC,NC,CN,AA,TT,AA,AA,TT,GA,TC,AA,NA,TC,NN,NN,CC,AA,TT,AA,CC,GA,TT,GG,TT,CC,NG,CT,CC,CC,CG
Finnish in Finland,,,,HG00182,,AN,CC,AC,TT,TC,GC,TT,TT,CC,NN,NN,GG,CT,CC,GC,TT,AG,GG,GA,CG,CC,AC,GG,CT,GG,CC,GG,GG,CC,CC,NN,CT,NC,AA,TG,GG,AG,AG,CC,GA,TC,AC,CC,NA,CT,NN,TC,AA,CC,AC,CT,GA,GA,CC,GG,CC,AG,TT,AA,GA,TC,AA,GG,GG,CC,GG,AG,AA,TT,GC,TT,NN,AN,CC,AT,CC,TC,AA,GA,GG,GG,CC,CC,AA,AA,CC,GG,GG,AA,TT,TC,NN,NT,GG,AA,CC,AG,GG,CC,AC,GG,AA,CT,NN,TT,GG,AA,AA,AA,GG,NN,CC,GA,TC,GT,GG,GG,GG,TT,GG,AA,CC,NN,CT,CC,GG,CC,CC,GG,GT,GG,AG,NT,CT,CT,AA,TT,CC,GA,AA,NN,GG,GG,TC,GG,CC,NN,TC,TC,TG,AG,TC,CG,CC,CC,TT,AA,GT,GG,AT,GG,CC,GA,CC,NT,CC,GA,TC,TC,AG,AG,CT,CC,TT,CC,TT,AC,TG,AG,TT,GG,CC,GG,GG,AA,NN,GG,GG,GG,NN,TT,CC,CC,TT,GG,TT,NN,AA,AG,GG,AG,AG,TT,TT,CC,GG,AA,AA,AA,GG,GG,CG,CA,CT,CT,GA,CC,CC,AA,AA,TT,AA,TN,GG,CC,GA,TT,AA,TT,CG,AA,GT,GA,GG,TT,GC,TG,CC,GG,CC,AA,TT,GT,TT,GA,TC,CT,AN,TN,TA,CC,TT,GG,TT,GA,TT,AA,GG,TG,CC,TG,GG,GG,TT,TT,TT,CC,GG,AG,TT,TT,CC,CC,AA,NN,TT,TC,CC,AA,GG,GG,TC,TT,CC,AA,AA,NN,CC,TT,GG,TT,AA,TC,GA,GA,GG,CC,GG,AA,TC,AT,TT,AA,CC,CC,CC,CC,NN,GG,CC,TC,CC,GA,CC,CC,CN,GC,AG,GG,TC,CC,TG,AA,CC,AA,AA,TT,GG,GA,TC,NA,GA,NN,TT,AA,TG,GA,GA,GA,CC,AA,CC,TT,NN,TN,TN,CG,TT,TT,GG,NN,AA,AA,TT,GA,GA,CC,AC,CC,NN,CA,CC,NN,CC,GG,TT,AA,NN,GG,TC,AA,TT,CC,AG,TG,GG,AG,CC,AT,TT,AA,CC,AG,GG,GG,CC,GC,GG,TT,NN,CC,TT,AA,GG,CC,NA,NG,GG,AA,TT,CC,NN,CC,TT,AA,AA,TT,AA,CT,TT,AA,GN,AA,CC,GG,CC,NN,AA,GA,TT,AG,GG,AA,AA,AA,CC,CC,TT,NN,AA,GG,CC,TT,CC,GG,GG,CC,GG,AA,AA,AG,GA,CT,AA,CA,GA,TT,NN,GA,TC,GA,CC,CT,NN,CT,NN,CC,AC,TC,GA,AA,TT,AG,CC,AA,NA,CT,NN,NN,TC,AA,TC,AT,CC,GA,NT,GG,TT,CC,GG,CT,CC,CC,CG
Finnish in Finland,,,,HG00183,,AA,CC,AC,TT,CT,GG,TC,TT,TC,CN,NN,GG,CC,CC,GC,TT,AG,GG,AA,CC,CC,AA,GT,TT,GG,NC,TT,GG,CT,AA,NT,CC,CN,GG,GT,AG,GA,AG,CC,AG,TT,AC,TC,NN,TC,NN,CC,AA,CC,CC,TC,AA,AA,AC,GA,CT,GG,TG,AG,GG,TT,GG,GT,GC,CC,GG,AA,AN,TC,CC,TT,TN,NN,CC,TA,CC,TT,AA,AA,GG,GA,CA,CC,CA,AA,TC,GG,GG,AT,TT,CC,NN,TN,GG,AG,CC,GA,GG,CC,AC,GG,GA,TC,NN,TT,GG,AA,AA,AG,GA,NN,CC,AG,CT,GT,GG,GA,AG,TT,GG,AA,CC,NN,CC,CC,GG,CC,CG,GG,TT,GG,GG,NN,TT,CC,AG,TT,TC,GG,AA,NN,CC,GA,TT,GG,CC,NN,TT,TC,GT,GA,CC,GG,CC,TC,TT,AA,TT,AA,AA,TG,CC,AA,CC,TN,CC,GG,CC,CC,GG,AG,CT,CT,TT,CT,TT,CA,GG,AG,TT,TG,CC,GG,GG,AA,NN,GG,GG,GG,NT,TT,TT,CC,TT,GA,CT,NG,AA,GG,GG,GA,GG,TT,TT,CC,GG,AA,AG,AA,GG,GG,GC,AA,TT,TT,GG,CC,TT,AA,AA,TN,GG,TN,TT,CC,AG,TT,AA,TT,CC,AA,GG,GG,GA,TT,CG,TG,TC,GG,CC,GA,TT,TG,GT,GG,TT,TT,NN,TN,TA,CT,TG,GT,NT,AG,TT,AA,GG,TT,CC,TT,GG,AG,TT,TT,TG,TC,GN,GG,TT,TT,CC,CC,GA,NN,TT,CT,TC,AC,GG,CC,CT,TT,CT,AA,AA,NN,CC,CT,TG,NN,AA,TT,AA,AA,AA,CC,GG,CA,CC,AA,TT,AA,CC,CC,CT,TT,AA,CC,CC,CT,CC,AG,CC,CC,NC,CG,GA,GA,CC,CC,GT,AG,CC,AC,AG,AA,GG,GG,CC,NA,GA,AN,TT,AT,GG,GG,GG,AA,CC,GA,CC,CT,CN,TN,NT,GC,TC,GT,GG,GG,AA,AA,TT,GG,AA,CC,CA,CC,NN,AC,CC,NN,TC,GG,TT,AA,NN,GG,CC,AA,TT,CA,AG,GG,AA,GG,CC,AT,TC,AA,CC,GA,GG,GG,TC,CG,GG,TT,NN,TT,TT,GG,GG,CC,NN,NN,GG,AA,TT,CC,NC,CC,TT,AA,AA,TT,GA,CT,GG,AT,NN,AA,CC,GG,CT,NN,AA,AA,TT,GG,GG,TA,AA,AA,NN,CT,TT,NN,GG,GG,TC,TT,CT,GA,GG,CC,GG,AA,GG,AG,AA,TT,AA,AA,GG,TT,NC,AA,CC,AG,CC,CC,AN,TC,CC,CC,CC,CC,GG,AA,TC,GA,CT,AA,NA,TT,NN,CN,TT,AA,CC,TA,CC,AA,TT,TG,TA,CC,GG,CT,CC,CC,GG
Finnish in Finland,,,,HG00185,,AN,TC,CA,TT,CT,GG,TT,TG,CC,NC,NN,GG,CT,CC,CC,TC,AA,CG,AA,CC,CC,AA,TG,TT,GG,CC,GT,GG,CT,CA,NN,CC,NC,AA,TG,GG,GA,GG,CC,GG,CT,CA,CC,NN,CT,NC,TC,AA,CC,CC,CT,AG,AA,CC,GA,TC,AG,TT,GG,AG,CT,GG,GG,CC,CC,GG,AA,AA,TT,CC,TT,NN,NN,NC,AA,CT,TT,AA,AA,GA,GG,AC,CC,AA,AA,CC,GG,GG,AA,TT,TC,NN,NN,GG,AG,CC,AA,GG,TC,AC,AG,AA,TT,NN,TT,GG,AC,AA,GA,AA,NC,CC,AA,TC,TT,GG,AA,GG,TT,GG,AA,CC,NC,CC,CC,GG,CC,CC,GA,GT,TG,GG,TN,CT,CC,AA,TT,CC,GG,GA,NN,GC,AA,TT,GG,CC,NN,TT,CC,GG,AA,TC,CG,CC,TC,TT,AA,TG,AA,TA,GG,CC,GG,CC,NN,CG,GG,CT,TT,GG,AA,TT,CT,TT,CC,TA,AA,GT,AG,TT,GG,CC,GG,GG,AA,CN,AG,GG,GG,NN,TT,CC,TT,TT,GG,TT,GG,CA,GG,GG,GG,GG,TT,GT,CC,AA,AA,AA,AA,GA,GG,GC,AA,CC,CC,GG,CC,CC,CA,AA,NN,GA,TN,GT,CT,GA,TC,AA,TT,CG,AG,TG,GG,AA,AT,GG,GT,TT,GG,CC,GA,TT,TG,TG,GA,TC,TT,NA,TT,AA,CC,TT,TG,TT,GG,TT,AG,GA,GT,TC,GG,AG,GA,TT,TT,GT,TT,GG,GG,TT,TT,CC,CC,AA,NN,TT,CC,CT,AA,AG,GC,TT,TT,CC,AA,AA,CN,CC,TT,GT,TT,AA,CT,AA,AA,GA,CC,AG,AA,CT,AA,GT,AA,CC,CC,CT,CT,NN,GC,CC,TT,CT,AG,CC,TC,NN,GG,AA,AA,TC,CT,GG,AA,CC,AA,AA,AT,GG,GG,CC,NA,GG,NA,TT,AA,GT,AG,AG,AG,CC,AG,CG,TC,NC,NT,NT,CC,CC,TG,GA,NN,AA,AG,TT,AA,GG,CC,AC,CC,NT,AC,CC,NN,CC,GG,TT,AA,NN,GG,CC,AA,TT,AC,GG,GT,GG,AG,CC,AT,CT,AA,CN,AA,GG,GG,CC,CG,GG,TT,NN,CC,TC,AA,GG,CC,NN,GN,GG,AA,TT,CC,NN,CG,TT,AA,AA,TT,AA,TT,TT,AT,GN,AA,CT,GA,TT,NN,GG,AA,TT,GG,GG,AA,CA,AA,NC,CC,AT,NN,AG,GA,CC,TT,CT,GG,GG,CC,GG,AG,GG,GG,AA,TT,AA,CA,GA,TT,CC,AA,CC,GG,CC,CT,NN,TC,CN,CN,AA,CT,AA,AA,CC,GG,CC,AA,NA,CC,NG,NC,CC,AA,CC,TT,CC,GA,TT,GG,AT,CN,GG,CC,AC,CC,GG
Finnish in Finland,,,,HG00186,,AN,CT,CA,TT,CT,GG,CT,TG,CT,CN,NN,AG,CT,CC,GC,TC,AG,CG,AG,CC,CC,AA,GG,TT,AA,NN,TT,GG,CC,CA,NN,CC,NC,AA,TT,GA,GA,AA,CC,AG,TT,AC,CC,NN,TC,NN,CC,AA,CC,CA,CC,GA,AG,CC,GG,CC,GA,TT,AG,GG,CC,GG,GG,GG,CT,GG,AA,AA,TT,CC,TT,NT,NN,CC,AA,CC,TC,AA,GA,GG,AG,CA,CC,CA,AA,TC,GG,GG,AA,TT,CC,NN,TN,GA,GA,CC,AG,AG,CC,AA,GG,AA,CT,NN,TC,GG,AA,AG,GG,AA,NC,CC,GA,TC,TT,GG,AG,GG,TT,GG,AA,CC,NC,CC,TC,GG,TC,CC,GA,TT,GG,GA,NN,CC,CT,GA,TT,CT,AG,AG,NN,GG,GG,TT,NG,CC,NT,TC,CC,GG,AA,CC,GG,CC,TC,TT,AA,GG,GG,AA,GG,TC,AA,CC,TN,CC,GG,CT,CC,GG,AA,TT,CC,TT,CC,TT,AA,TT,AG,TT,GG,CC,GG,GG,AA,NN,GG,GG,GG,TT,TT,CC,CC,TT,AG,TT,NN,AA,GG,GG,AA,GG,TC,TG,TC,GG,AA,AA,AA,GA,GG,GG,AA,TT,TT,GG,CT,TT,AA,AC,TT,AA,TN,GG,CC,GA,TT,GA,TT,CG,AA,GG,GG,GA,AA,GG,TT,CC,GG,CC,AA,TT,TG,TT,GG,TT,TT,NA,NT,AT,CC,TT,GG,TT,GG,TT,AA,GG,GG,CC,TG,GG,GG,NN,CC,TT,TC,GG,GG,NT,TT,CC,TC,GA,NN,TC,CC,TT,AA,AG,GG,TT,TT,CC,AA,AA,CC,TC,TT,GG,TN,AA,TT,AG,AA,AG,CT,AG,AA,CT,AT,TT,AA,CT,CC,CC,CT,NN,CC,CC,TC,CC,GA,CC,TC,NC,GG,AA,AA,CC,CC,GG,AG,CC,AC,GG,AA,GG,GG,TC,NN,AA,AN,TT,AA,TG,GG,AG,GA,CC,AA,CG,TT,NN,NN,TN,CG,CT,TG,GG,NG,AA,AA,TT,GG,AA,GC,AA,CC,NN,AC,CC,NN,CC,GG,TT,AA,NN,GG,CC,CA,TT,CA,GG,GG,GA,AG,CC,AA,CT,AA,NC,GG,GG,GG,CC,CG,GG,TA,NN,CC,TT,GA,GC,CT,NN,GG,GG,GA,CC,TC,NN,GC,GG,AA,AA,TT,AA,TT,TG,AA,NN,CA,CC,AG,TC,NN,AA,GG,TT,GG,GG,AA,AA,GG,NN,TC,TA,NN,GA,GA,TC,TT,CT,GG,GG,CC,GG,AA,GG,GG,AA,CT,AA,AA,GG,TT,CN,GA,CC,GA,CC,CT,NN,CT,CN,CN,CA,CT,GA,AA,CT,AA,TC,AA,NN,TC,GG,CN,CC,GA,CC,AA,CC,AG,TT,GG,TT,CC,GG,TC,AC,CC,GG
Finnish in Finland,,,,HG00187,,AA,CC,AA,CC,TT,CC,TT,TG,CC,NN,NN,GG,CC,CT,CG,TT,AG,GG,GG,CC,CC,AC,GG,TT,GG,CC,TT,GG,CC,CA,TT,CC,NN,AG,TG,AG,GG,GA,CC,AG,CC,CC,CC,NN,TT,CN,CT,AA,CN,CC,TT,AA,AA,CC,GG,CC,GA,TT,AG,GG,CT,GA,GG,CC,CC,GG,AG,AA,TT,CC,TA,NN,NN,CC,AA,CC,CC,AA,AA,GG,AG,CC,CC,CA,AG,CC,GG,GG,AT,TT,CT,NN,NN,GG,GG,CC,AG,GG,CC,AA,GA,GA,TT,NN,TT,GG,AC,AG,AG,GG,NN,CC,AG,CT,TT,GG,GA,GA,TT,GG,AA,TT,NN,CC,CC,GG,TC,CC,AG,TT,GG,GA,NN,TC,CC,AA,TT,CC,AG,GG,NG,GG,GG,TT,GG,CC,NN,TC,CC,GT,AA,CC,CG,CC,TC,GG,AA,GG,AA,AA,GG,TC,AA,TC,TT,CC,GG,CT,CC,GA,AA,CT,CC,TT,CC,TT,CA,TT,AG,TG,GG,CC,GG,GG,AA,NN,AA,GG,GG,NT,TT,CT,TT,TN,AA,TT,NG,AC,GG,GG,AG,AG,CT,GT,CC,AG,AA,AA,AG,GA,GG,GG,AC,TC,TC,GG,CT,CT,AA,AA,NN,GA,NN,TT,CC,AA,TT,AA,TG,GC,AA,GG,AG,AG,TT,GG,GT,CT,GG,CC,GA,TT,GT,GG,AA,CT,TC,NN,NN,TA,CC,TT,GT,TT,AG,CC,AA,GG,GG,TC,TG,GG,GG,TT,TT,GT,TC,GN,GA,NT,TT,CC,CC,GG,NN,TT,TC,TC,CA,GG,CC,TT,TT,CC,AA,AA,NN,CC,TT,GT,NN,AA,CC,AA,GG,GG,CT,AG,AA,CC,TA,TT,AA,TC,CC,CC,CC,AA,CG,CC,TT,CT,GG,AC,CC,NN,GG,AA,GA,TC,CC,TG,AA,CC,AA,AA,AA,GG,GA,CC,NN,GG,NA,CT,AA,GG,GG,AA,AA,TT,GG,CG,TT,NN,NN,NN,GG,TT,TG,GG,NN,AA,GA,TT,AA,GA,CC,AA,CC,TN,AC,CC,NN,CC,GG,TT,AA,NN,GG,TC,AA,TT,AC,GG,GG,GG,GG,CC,TA,TC,AA,CC,GG,GG,GG,CC,CG,GG,TT,NN,TT,TT,AA,CG,CC,NN,NN,GG,AA,TC,CT,NN,GC,TT,AA,AA,TT,AA,CT,TT,AA,NG,AC,CT,GA,CC,NN,AA,AA,TT,AA,GG,TT,AA,GA,CN,CC,AT,CN,GG,AG,CT,TT,TC,AG,GG,CC,GG,AA,GG,GA,AA,CT,AA,AA,AA,AA,CN,AA,CC,GG,TC,CC,NN,TC,CN,CN,CC,TC,AA,AA,TT,AG,CT,AA,AA,CT,GN,CN,CC,AA,TT,AA,CC,GG,TT,GG,TT,NC,GG,TC,CC,CC,GG
Finnish in Finland,,,,HG00188,,NA,CC,AC,TT,CT,GG,TT,TG,TC,NN,NN,GG,CC,CC,GG,TC,AA,GG,GA,CG,CC,AA,TG,TT,GG,CC,TT,GG,CC,AA,TT,CT,NC,AA,TG,GA,GA,AG,CC,AG,TC,AC,TC,NN,CC,NN,CT,AG,CC,CC,TC,AA,AA,CC,GG,CC,GG,TT,AA,GG,CC,GG,GG,CC,CC,GG,GG,AA,TC,CC,TT,NN,NN,CN,AA,CC,TC,AA,AA,GA,GA,CC,CC,AA,AG,CC,TG,GG,AA,TT,TC,NN,TN,GG,GA,CC,AA,AA,CC,AA,AG,AG,TT,NC,TT,GG,CA,AA,GG,GA,NN,CC,GG,TT,TT,TG,GA,GG,CT,GG,AA,CC,NN,CC,CC,GG,CC,GC,AG,TT,GG,GG,NN,CT,CC,AG,TT,CC,GG,AG,NG,CG,AG,TT,NG,CG,NN,TT,CC,GG,AA,CC,GG,CC,TT,TT,AA,GT,AG,AA,GT,TC,AA,CC,NN,CG,GG,TC,CC,GG,GA,TT,CC,TT,CC,TT,AA,TT,AA,TG,GG,CC,GG,GG,AA,NN,GG,GG,GG,TN,TT,TC,TC,TT,GG,TT,NN,AA,GA,GG,AA,GG,TT,TT,TC,GA,AA,AA,AA,AG,GA,CC,CA,CT,CT,AG,CC,CC,AA,CA,TT,AA,NN,TG,CT,AA,CT,AA,TT,GG,AA,GG,GA,AA,AA,GG,TT,TC,GG,CC,GG,TT,GT,GT,GA,CT,TT,NN,TT,AT,CC,TT,GT,NN,AA,TT,GA,AG,TG,CC,GG,GG,AA,NT,CT,TT,TT,GN,AG,NT,TT,AC,CC,GG,NN,TT,CC,TT,AC,AG,CC,TT,NT,TT,CA,AA,CC,CC,TT,GG,NT,AA,CT,AG,GG,GG,CC,GA,AA,TC,AA,TT,AA,CC,CC,CC,CT,NA,CC,CC,TC,CC,AA,CC,CC,NN,GG,AA,GA,CT,CC,GT,GA,CC,AA,AA,AA,GG,GG,TC,AN,GG,NN,TT,AA,GT,GA,GA,AA,CC,GG,CC,CC,NC,NN,TN,CG,CT,TT,GG,NN,AA,AA,TT,AA,AA,CC,CC,CC,NN,AA,CC,NN,CC,GG,GT,AA,NN,GG,TC,AA,AT,CC,GG,GG,GA,GG,CC,TT,TC,AA,CC,GA,GG,GG,TC,CG,GA,TT,NN,CT,TT,AA,GG,CC,NN,GG,GG,AA,TT,CC,NN,GC,TT,AA,AA,TT,AA,TT,TT,AA,NN,AC,CC,GG,TT,NN,GA,AG,TT,GA,GG,AT,AA,AA,NC,CC,AA,NN,GG,GG,CC,TT,TC,GG,GG,CC,GG,AA,GG,GG,AA,TT,AA,CA,AG,AT,CC,GG,CC,GG,CC,TC,NN,TT,CN,CC,AA,CC,GA,AA,CT,AG,TC,AA,NN,TC,NN,NN,CT,AA,TT,AT,GC,AG,TT,GT,TT,NC,GG,CT,CC,CC,GC
Finnish in Finland,,,,HG00189,,NA,CC,AA,TT,TC,GG,TT,GT,CT,NN,NN,GG,CT,CC,GG,TT,AA,CG,AG,CC,CC,AA,GG,TT,GG,CC,TT,GG,CC,AC,TN,CC,CC,AA,TT,AG,GA,GG,CC,GG,TC,CA,CC,NN,TC,CN,CC,GA,NC,CC,CC,AA,AG,CC,GG,CT,GG,TT,AG,AG,CC,GG,GG,CC,CC,GG,GG,AA,TT,CC,TT,NN,AN,CN,AT,CC,CC,AA,AA,GA,GG,CC,CC,AC,AG,CC,TG,GG,AA,TT,CC,NN,NT,GG,AG,CC,AG,GG,CC,AA,GG,AG,CT,NN,TT,GG,AA,AG,AA,AG,NN,CC,GA,CC,TT,GG,GG,GG,CT,GG,AA,CC,NN,CC,CC,GG,CC,CC,GG,GT,GG,GG,TT,TC,TC,AA,TT,CC,GA,GG,NN,GG,GG,CT,GG,CC,NN,TC,CT,TT,AA,CC,CG,CT,TC,TT,AA,GT,AA,AA,GG,CT,AA,CC,NT,CC,GG,CC,CT,GG,AA,CT,CC,TT,CC,TT,CA,GT,GA,TT,GG,CC,AG,GG,AA,NN,AG,GA,AG,NN,TT,TC,CC,TT,GG,TT,NN,AA,GG,GG,AG,AG,TT,TT,CT,GA,AA,AA,AA,GG,GG,CG,AA,TC,TC,GG,CC,CC,AA,AA,NT,GA,NN,TT,CC,AA,TT,AA,TG,CC,GA,GT,GA,AA,TT,GG,GG,CC,GG,CC,AG,TT,GT,TG,AG,TT,TT,NN,TN,AT,CT,TG,GT,NT,AG,TT,AG,GA,GG,CC,GG,GG,GG,TT,TT,TG,CT,GN,GA,TN,TT,AC,CC,GG,CN,TT,TC,TC,AC,GA,CC,TC,TT,CC,AA,GA,NC,CC,TT,GG,TT,AG,TT,GA,AA,GG,TC,AG,AA,CC,TA,TT,AA,CC,CC,CC,CT,NN,GG,GC,TT,CC,AG,CC,CC,CC,GC,AA,AA,CT,CC,TT,AA,CC,AA,GA,AA,GG,GG,CC,NN,GG,NA,TT,AA,GG,GA,AA,AA,CC,GA,GC,CT,CN,TN,NT,GC,TC,GT,GG,NN,AA,AA,TT,AG,GA,GC,CA,CC,NT,CA,CC,NN,TC,GG,TT,AA,NN,GG,TT,CA,TT,AC,GA,GG,GG,GG,CC,AA,CT,AA,CC,GA,GG,GG,CC,GC,GG,TA,NN,TC,TT,AG,GG,CC,NN,GG,AG,GA,CT,TC,NN,CC,TT,AA,AG,TT,AA,TT,GG,AA,GG,AA,CC,GG,TT,NN,AG,AA,TT,AG,GG,TA,AA,GG,NN,CC,AA,NC,GG,GG,TC,TC,CC,GG,GG,CC,GT,AG,GG,GA,GA,TT,AA,AC,GG,TT,NC,AA,CC,GG,CC,CC,NN,CC,CN,CN,AA,TT,AA,AA,TC,AG,TC,AN,NA,CT,NG,NN,CT,AA,TT,AT,CG,GA,TT,GG,AT,NC,GG,CC,CC,CC,CG
Finnish in Finland,,,,HG00190,,NA,TC,CA,TT,TT,GG,TT,TT,CC,NN,NN,GG,CT,CT,GG,TT,AG,GG,GG,CC,CC,AA,TG,TT,GG,CN,GT,GG,CC,CC,TN,CC,CN,AA,TT,GA,AA,GA,CC,GG,TC,CA,CC,NN,TT,NN,CC,AA,NC,CC,CT,AA,GA,CC,GG,TC,GG,TT,GG,AG,TC,GG,TT,CG,CC,GG,GG,AA,TT,CG,TT,TN,AN,CC,AA,CC,CT,AA,AA,GG,GG,AC,CC,AA,GA,CT,GG,GG,AT,TT,CC,NN,TN,GG,GA,CC,GA,GG,CC,AA,GA,GA,TC,NN,TT,GG,AA,AA,GA,GG,NN,CC,GA,CT,TT,GG,GG,GG,TC,GG,AA,CC,CN,CC,CC,GG,CC,CC,GA,TT,GG,GG,TN,TC,CC,AA,TT,CC,GA,GG,NN,GG,GA,TT,GG,CC,NN,CC,TC,GG,AG,CC,CG,CC,TC,TT,AA,TG,AA,AA,GG,CC,AA,CT,NT,GC,GG,TC,CC,GG,AA,TT,CT,TT,CC,TT,AA,GT,GG,TT,GG,CC,AG,GG,AA,NC,GA,GG,GG,TT,TT,TC,CT,TT,GA,TT,NN,AA,GG,GG,AA,GG,TT,TT,CC,GG,AA,AA,AA,GA,GG,CC,CA,CC,CC,GA,CT,CT,AA,AA,TT,GA,TN,GT,CT,AA,TC,GA,TT,CC,AA,GT,GA,GA,TT,GG,GG,CT,AG,CC,AA,TT,TG,GG,AG,TT,TT,NN,TT,TT,CC,TT,TG,NN,AA,CT,GA,GG,TT,CT,GT,GG,AG,TT,TT,TT,TC,GG,GA,TN,TT,CA,CC,AG,NN,TT,CT,TT,CA,GG,CC,CC,TT,TC,AA,AA,NC,CC,TT,GG,NT,AA,TT,GA,AG,AG,TC,GG,AA,CC,AT,TT,AA,CC,CT,CC,CT,NN,CC,CC,CC,CC,AA,CC,CC,NN,GG,AA,AA,CC,TT,GG,AA,CC,AA,AA,TT,GG,GA,CC,NN,GA,AN,CT,AA,TG,GG,GG,GA,CC,AA,CC,CT,CN,NN,NN,GG,CT,TG,GG,NG,AA,AA,CT,AA,GG,CG,AA,CC,NN,CA,AC,GN,CT,GG,TG,AA,NN,GG,CT,AC,TT,CA,GA,GG,GG,GA,CC,AA,TC,AA,CN,GA,GG,GG,CC,CC,GA,TT,AN,CC,TC,AG,GG,CC,NN,GG,GG,AA,CC,TT,CC,CC,GG,AA,AG,TC,AA,TC,TG,AT,NG,AA,CC,GA,CC,NN,AG,AG,TC,GG,GC,AT,CC,GA,CN,TT,TT,NN,GG,GG,CC,CT,CC,GA,GG,CT,TG,AA,GG,GG,AG,CT,AA,AA,GA,TT,CN,AA,CC,GG,CC,CC,NN,TT,CC,CN,AC,TC,AG,AG,TT,AG,TT,AA,AA,TC,NN,NN,CC,GA,CC,AT,CC,AA,TT,GG,AT,CC,NG,TC,CA,CT,GG
British in England and Scotland,,,,HG00231,,AN,CT,AA,TT,TT,CG,TT,TG,CT,NN,NN,GA,CC,CC,GC,TT,AG,GC,AA,CC,CT,AA,GT,TT,GA,NC,TT,AG,CC,AA,TN,CC,CN,AA,GT,AA,GG,AG,AC,GG,CC,AA,TC,NN,CC,NN,CC,AA,CC,CC,CT,AA,AA,CC,GG,TT,GA,GT,GA,GG,TC,GG,TT,CC,CC,GG,AA,AN,TT,CC,AT,NN,NN,CC,TA,CC,TT,AA,AA,GA,GG,CC,CC,AC,AA,TC,TG,GG,AA,TT,CC,NN,NN,GG,GG,CC,GG,GG,CC,AA,GG,AA,CT,NN,TT,GG,AA,GA,GA,GA,NC,TC,AA,TT,TT,GG,AG,GG,TC,GG,AA,CC,NN,CC,CT,GG,CC,CC,GG,TT,GG,GG,NT,TT,CT,GA,TT,CT,GA,GG,NN,GG,GG,TT,GN,CC,NT,CC,CC,GG,GA,CT,CC,CC,CT,TT,AA,GG,AA,AA,GG,CT,AA,CC,TT,CC,GG,TT,CC,GG,GG,TT,TT,TT,CT,TT,AA,TT,GA,TT,GG,CC,GG,GG,AA,NC,AA,GA,AG,TN,TT,TC,TC,TT,GG,TT,NG,AA,GG,GG,GG,GG,TT,TT,CC,AG,AA,AG,AG,GA,AG,GG,CC,TC,TC,GG,CC,TT,AC,CA,TN,AA,NT,TG,CC,AG,CT,AA,TT,CG,AA,TG,AA,AA,TA,GG,GG,CT,GG,CC,AG,TT,GT,GG,AG,CC,TT,NN,NN,AT,CC,TT,GT,NN,GG,TT,GA,GG,GT,CT,GG,AG,GG,TT,TT,TT,TT,GG,GA,TT,TT,CC,CC,GG,NC,TT,TC,TC,AC,GA,CG,CT,TT,CT,AA,AA,CN,CC,TC,GG,TT,AG,TT,AG,GG,GG,CC,GG,AA,CC,AA,TT,AA,CC,CC,CC,TC,NN,CG,CC,TT,CC,GA,CC,CC,CC,GG,AA,AA,CC,CC,TT,GA,CC,CA,AG,AA,GG,GG,CC,AN,AG,NA,TT,AA,GT,GG,AA,GA,CT,AG,CC,TT,NC,NN,NN,GG,TT,GT,GG,GN,AG,AA,TT,GA,AA,CC,AA,CC,TN,CA,CC,NN,CC,GG,TT,AA,NN,GG,TC,AA,TT,CA,GG,GG,AG,GG,TT,AT,TC,AA,CN,GA,GG,GG,CC,GC,GG,AT,NN,CT,TT,AG,GG,CT,NN,GN,GG,AA,TT,CC,NN,GC,GT,AA,GA,TT,AA,CT,GG,AA,NN,AA,CT,GG,TC,NN,AA,AG,TT,GG,GG,AA,AA,AA,CN,TC,AA,NC,AG,GG,CT,TT,CC,AG,GC,CC,TG,AA,GG,GA,GA,TT,CA,AA,AG,TT,NC,GA,TC,AG,CC,CT,NN,CC,CN,CC,AA,CT,AA,AA,TC,AA,TC,AA,NA,TT,NN,NC,CC,AA,CC,TA,CC,GG,TN,GG,TT,CN,GG,CT,CA,TC,GC
British in England and Scotland,,,,HG00232,,AA,CC,AC,TT,TT,GG,TT,TT,CC,NN,NN,AG,CC,CT,CG,TC,GA,GC,GA,CC,CC,AA,GG,TT,GG,NC,TT,GG,CC,CA,NT,CC,NC,AA,GT,GG,AA,AA,AC,GG,TT,CA,TC,AN,TT,NN,CC,GA,NN,CC,TC,AA,GG,CC,AG,CC,AG,TT,AA,GG,CT,GG,GT,GC,CT,GG,GG,AA,TC,CC,TT,NN,NN,CN,AA,CC,TC,AA,AA,GG,GG,AC,CC,AA,AA,TC,GT,GG,TA,AT,TC,NN,NT,GG,AG,CC,GA,GG,CC,AA,AG,AA,CT,NN,TT,AG,AA,AA,AG,AG,NN,CC,GG,CC,TT,GG,GG,GG,TT,GG,AA,CC,NN,CC,CC,GG,CT,CC,AG,TT,TT,AG,NT,CT,CT,AA,TT,CC,GG,GA,NN,CG,GG,TT,GG,CG,TN,CT,CT,TT,GA,CC,GG,CT,TT,GG,AA,TT,AG,AA,GG,CC,AA,CT,NN,CC,GA,TT,CC,GG,AG,TT,TT,TT,CC,TT,AC,TT,AG,TT,GG,CC,GG,GG,AA,NN,AG,GG,GG,NT,TT,CC,TC,TN,GA,TT,GG,AA,AG,GG,AG,GG,CT,GT,CC,AA,AA,AA,AA,AA,GG,CG,AA,TC,TC,GG,CC,TC,AA,AA,NT,AG,TN,GG,CC,GG,CC,AA,TT,GC,GA,GG,GA,AA,TA,GG,GG,CT,GG,CC,AA,TG,TG,GT,AG,TC,TT,NN,NN,TA,CC,TT,TG,TT,GA,TT,AA,GG,GG,CC,TG,AG,GG,TN,TC,TT,CT,GG,GA,NT,CT,AC,CC,GA,NN,TT,CT,CC,CA,GA,CC,TC,TT,CC,AC,AA,CN,CC,TT,GT,NN,AG,TT,GA,AG,AG,CC,GG,AA,TT,AT,TT,AA,CC,CC,CC,TC,AN,CG,CC,TC,CC,GA,CC,TC,CN,GC,AA,AA,CC,CC,GT,AG,CC,AA,AA,AA,GG,GG,CC,AN,AA,NN,TC,AA,GT,GG,GG,AA,CT,AA,CC,TT,CN,NN,NN,GG,TT,TT,GG,NN,AA,AG,TT,GG,AA,CC,CA,CC,TT,AA,CC,NN,CC,GG,TT,AA,NN,GG,CT,AA,TT,CA,GA,GG,GG,GG,CC,TA,CC,AA,CN,GA,GG,GG,TC,CC,GG,TT,NN,TC,TC,AA,GG,TC,NN,NG,GG,AA,TC,CT,NC,CC,TT,AA,AA,TT,AA,TT,GT,AA,NN,AA,CC,GG,CC,NN,GA,AG,TT,GG,GG,AT,AC,GG,NN,CT,TA,NN,GA,GG,TC,TT,CT,AG,GG,TC,GT,AA,GG,GG,AA,TT,AC,CA,GA,TT,NC,AA,CT,AG,CC,TC,NN,CT,NC,NC,AA,CC,AA,AA,CT,AA,TC,AA,AN,TC,NN,CC,TC,AG,CC,AT,CC,GG,TT,GG,TT,NC,GG,CC,CC,CC,GG
British in England and Scotland,,,,HG00233,,NA,CT,AA,TT,TT,CG,TT,TT,CC,NN,NN,AG,CC,TC,GG,CT,GG,GG,GG,CC,CC,AA,GG,TT,GG,CN,TT,GG,CC,AA,TN,CC,CN,AA,TT,GG,GA,GA,CC,AG,TT,CC,CT,NN,CC,NN,CT,AA,NN,CC,CT,AA,AA,CC,AA,CC,GG,TT,AA,GG,TT,AG,GG,CG,CC,GG,GG,AA,TT,CC,TT,NN,NN,NC,AA,CC,CT,AA,AA,GG,GG,CC,CT,AA,AG,TC,GG,AG,AA,TT,CC,NN,TN,GG,GA,CC,AA,GG,CC,AA,GG,GA,TC,NC,TT,GG,AA,AG,GA,GG,CN,TC,AG,TT,TT,GG,GA,GA,TT,GG,GA,CC,NN,CC,CC,GG,CC,CC,AA,TT,GG,GA,NN,CC,CC,AA,TT,CC,GA,GG,NN,CG,GA,TT,GN,CC,NN,TC,CC,GT,GA,CC,GG,CC,CT,GT,AA,TG,AG,TA,GG,CC,AA,CC,NT,CC,GG,TC,CC,GG,AG,TT,CC,TT,CC,TT,CA,GT,AG,TT,GG,TC,GG,GG,GA,NC,GA,GG,GG,NT,TT,TT,CT,TN,GG,CC,GG,AC,AG,GG,GA,GG,TT,TT,CC,GG,AA,AA,AG,AA,GG,CG,CA,CC,CT,GG,CC,TC,CA,CA,NT,GG,NT,GG,CC,AG,TT,AA,TT,CC,AA,TG,GG,GA,AT,CG,GG,TC,GG,CC,GA,GT,GT,TG,GA,CC,TT,NN,NN,AA,CC,TT,GG,TN,GG,TT,AG,GA,GT,CC,GT,GG,GG,TT,TT,TT,TT,GN,GA,TN,TT,CC,CC,GA,NN,TT,CC,TT,AC,GG,CC,TT,TT,CT,AA,AA,NN,CC,TT,GG,NN,GG,CC,AA,AG,AA,CC,GG,AA,TC,AT,TT,AA,CC,CC,TC,TC,NN,GG,CC,TT,CC,AG,CC,CC,CC,GG,AA,AA,CC,CC,TG,AA,CT,CC,AA,TT,GG,GG,CC,NN,AA,AN,CT,AT,GG,GG,AG,GA,CC,AA,GC,TC,NC,NN,NT,GC,TT,GG,GG,NN,GA,GA,TT,GA,GA,CC,AA,CC,TT,CA,CC,GN,CC,GG,TT,AA,CN,GA,CC,AA,TT,CC,GG,GG,GG,GG,CC,AT,TC,AA,CC,GA,GG,GG,CC,CC,GG,TT,NN,TC,TT,GG,GG,TC,NN,NN,GG,AA,CC,CT,NN,CG,TG,AA,AA,TT,AA,TT,GG,AA,NN,AC,CC,AG,TC,NN,AA,GG,TT,GG,GC,AA,AA,AG,NC,CC,AA,CN,AG,GG,TC,CT,CC,GG,GG,TC,GG,GA,AG,GA,AA,TT,AA,AC,GA,TT,NC,AA,CC,GG,CC,CC,NN,CT,CN,CN,AA,CC,GA,AA,TT,AA,TC,AN,AN,TT,NG,NC,CC,AA,CT,AA,CC,AG,TT,GG,AT,CC,GG,CC,CA,CC,GG
British in England and Scotland,,,,HG00234,,NA,TC,AC,TT,TT,GG,TT,TT,CC,CN,NN,GA,CC,CC,GG,TT,AA,GG,GG,CC,CC,AA,GG,TT,GG,NC,TT,GG,CC,AC,NN,CC,CN,AG,TT,AG,GA,GG,CC,GG,CC,AA,CC,NN,CC,NN,TC,AA,CC,CC,TC,AA,AA,CC,GA,TT,GG,TT,GG,AG,TC,GG,GT,CG,CC,GG,GA,NN,TT,CC,TT,NN,NN,CN,AA,TC,TT,AA,AG,GG,GA,CA,CT,AA,AA,CT,GG,GG,AA,TT,CC,NN,NN,GA,AG,CC,GA,GG,TC,AA,GA,AA,TC,NN,TT,GG,AA,AA,AG,GA,NN,CT,AA,CT,TT,GG,GG,GG,TC,GG,AA,TC,NN,CC,CC,GG,CC,CC,AG,GT,GT,GG,NN,CC,TC,AA,TT,CC,GG,GG,NN,GG,AG,TT,NG,CC,NN,CT,CC,TT,AA,CC,CC,CC,CT,TT,AA,GG,AA,AA,GG,CC,AG,TC,NN,CG,AG,TC,CC,AG,GA,TT,CC,GT,CC,TT,AA,TG,GA,TT,GG,TC,GG,GG,AA,NC,AA,GG,GG,NN,TT,TC,CC,TT,GA,CC,GN,AA,GG,GG,AG,GG,TT,TT,CC,AG,AA,AA,AA,AG,GG,GG,AC,TT,TT,GG,CC,TC,AC,AA,TN,AG,NN,GG,CC,AA,TC,AA,TT,CC,AA,GG,AG,AA,AA,GG,TT,TC,GG,CC,AA,TT,TG,TT,GA,CT,TT,NN,NT,TA,CC,TT,TT,TT,GG,TT,AA,AG,TG,CC,GG,GG,GG,TT,TT,TT,TC,GG,AA,NT,TT,CC,CC,AG,NN,TT,CT,TT,CA,AG,GC,CT,TT,TC,AA,GA,NC,CC,TT,GG,NT,AA,TT,GA,GA,GA,CC,GG,AA,CC,AA,TT,NA,CC,CC,CC,CT,NA,GC,CC,CT,CC,GG,CC,CC,CC,GG,AA,AA,TC,CT,GG,GG,CC,AA,AA,TA,GG,AA,TC,NA,GG,NN,TT,TT,GG,GA,AA,GA,CC,AA,CC,TT,NN,NN,NT,GC,TC,TG,GG,NG,AA,AA,TT,GG,GA,CC,AA,CC,TT,CA,CC,NN,CC,GG,TT,AA,NN,GG,CT,AA,TT,AC,GG,GG,GG,GG,CC,TT,TT,AA,CC,AG,GG,GG,TT,GC,GG,TT,NN,CC,TT,GG,GG,CC,NN,GG,GG,AA,TC,CT,NN,GG,TT,AA,AA,TT,GA,TT,TT,AA,NG,AA,CT,GG,CT,NN,AA,GA,TT,GG,GG,AA,AA,AA,NC,CC,TT,NN,AG,AG,CT,TT,CT,GG,GG,TC,GG,AA,GG,AG,AA,TT,AA,AC,GG,AT,CN,AA,CC,GG,CC,CT,NA,CC,CN,CC,AA,CC,AA,AA,TC,GA,TC,AA,AA,CC,NN,NN,CT,AA,CC,TA,CC,GA,TT,GG,TT,NN,NG,TC,CA,TT,CG
British in England and Scotland,,,,HG00235,,NA,CC,CA,TC,TT,GG,TT,TG,CC,CN,NN,GA,CC,CC,CC,TT,AA,GG,AG,CC,CC,AA,GT,CT,GG,NC,TG,AG,CC,AC,NN,CC,NN,GA,TT,GG,GG,GA,CA,AG,CC,CA,CC,NN,CC,NN,CT,AA,CN,CC,TC,AA,GG,CC,AA,CC,AG,TT,GG,AA,CC,AG,GT,CG,CC,GG,GG,AA,TT,CC,AT,TN,NN,NN,AT,CC,CC,AA,AA,GG,GG,CC,CC,AA,AA,CT,GG,GG,TA,TT,CC,NN,NN,GG,GG,CC,AA,GG,TC,AA,GA,AA,TT,NN,TT,GA,AA,AG,GG,GG,CN,CC,AG,CC,TT,GG,GG,GG,TT,GG,AA,TC,NN,CC,CC,GG,CC,CC,GG,GT,GG,GG,NN,TT,TC,AA,TT,CC,GG,AA,NN,CG,GG,TT,GG,CC,NN,TC,CC,GG,AG,CC,CG,CC,CC,TT,AA,GG,AA,AA,GG,CC,AA,CT,NT,CC,GG,CT,CC,GA,AA,TT,TC,TT,CC,AT,AA,TT,AG,TT,GG,CC,GG,GG,AA,NN,AA,GG,GG,TT,TC,CC,CC,TT,GG,TC,NG,AA,GG,GG,GG,AG,CT,TG,CC,AA,AA,AA,GA,AA,GG,GG,AC,TC,CC,GG,CC,TC,AA,AA,TN,AA,NN,GT,CC,AG,CC,AA,TT,CC,AA,GT,GG,GA,TT,GG,TG,TT,GG,CC,GA,TT,TG,TG,AG,TC,TT,NN,NN,AT,CC,TT,GT,TT,GG,CT,GA,AG,TG,TC,GG,GG,GA,TT,TT,GT,TT,GG,GA,TN,TT,CC,CC,GA,NN,CT,CC,TC,AA,AA,GG,CC,TT,CT,AA,AG,NN,TC,TT,TG,NT,AA,TC,GG,GA,GG,CT,GG,AA,CT,TT,GT,AA,CC,TC,CC,TT,AN,CC,CC,TT,CC,GA,CC,CC,CN,CG,AA,AA,CC,TC,GG,AA,CC,AA,AA,TT,GG,GG,CT,NN,GA,NA,TT,TT,GG,GG,AG,AA,CC,AG,CG,CT,NN,NT,NN,GG,TT,GG,GG,GN,AA,AG,TT,GA,AA,CC,CA,CC,NN,CC,AC,GN,CC,GG,TT,AN,NN,GG,TT,AA,TT,CA,GG,GG,GA,GG,CC,TA,TC,GA,CC,AA,AA,AG,CC,GC,GG,AT,NN,CC,TT,GG,GG,CC,NN,NN,GG,AA,TT,TC,NC,CC,GG,AA,AA,TT,AA,TT,GT,TA,NG,AC,CC,AG,CT,NN,AA,GG,TT,GG,GG,AT,AA,AG,CN,CC,TT,NC,GG,GG,CC,TC,CC,GA,GG,CC,GG,AA,GG,GG,AA,TT,AA,AA,GG,TT,NC,AA,CC,GG,CC,CC,NN,CT,CC,NC,AA,CC,AA,AA,TC,AG,TC,AA,NA,CC,NG,NN,CC,AG,TC,AT,CC,AG,TT,TG,AT,CC,GG,CC,CC,TC,GG
British in England and Scotland,,,,HG00236,,AA,CC,AA,TT,TT,GG,TT,GG,CC,NN,NN,GA,CC,TC,CG,CT,GG,CG,AA,CC,TC,AA,GG,TT,AG,NC,TT,GG,CC,AA,TN,CC,NC,AA,TT,GG,AA,GA,CC,GA,CC,AA,CC,NN,CC,NN,CC,AA,CN,CC,CC,AA,GG,AC,GA,CC,AG,TT,GG,GG,TC,AG,GT,CC,TC,GG,GG,NA,TC,CC,TT,NN,NN,NC,AT,CC,CT,AA,AA,AG,GG,CC,CC,AC,AA,CC,TG,AG,AA,TT,TC,NN,TT,GA,GA,CC,AA,GG,TC,CC,GG,AA,TT,NN,TT,GG,CC,AA,AG,GA,NN,CT,AG,CT,TT,GG,AG,GG,TT,GG,GG,CC,NC,CC,CC,GG,TC,CC,GG,TG,GG,GG,NN,CT,CC,AA,TT,CC,GG,GG,NN,CG,GG,TT,GG,CC,NN,CT,CC,TT,GA,CC,CG,CC,CC,TG,TA,GT,GA,AA,GG,CC,AA,CT,NN,CC,AG,CT,CC,GA,GA,TT,CT,GT,CC,TT,AC,TT,GG,TT,TG,CC,GG,GA,GA,NN,GA,GA,GG,TN,CT,TT,CC,TN,GA,TC,NN,AA,GA,GG,GA,GG,CT,TG,CC,GG,AA,AA,AG,AG,GG,GC,AC,TT,TT,GG,CC,CC,CA,CA,TN,AA,NN,GG,CC,AA,CT,AA,TT,CC,AA,GG,AG,GA,AT,GG,TT,TC,GG,CC,AA,TT,GT,GG,AA,CC,TT,NN,TT,TA,CC,TT,GG,NN,AG,CT,AA,GG,TT,CC,GG,AA,GG,NT,CT,GT,TC,GG,AA,TT,TT,CC,CC,GG,NC,TT,CT,TC,AC,GG,CG,CT,TT,CC,AC,AA,NN,CC,TC,GG,TT,AA,TT,GG,GA,GA,CC,GG,AA,TC,AA,TT,AN,CC,TC,TC,TT,NN,GC,CC,TC,CC,GA,CC,CC,CN,CG,AG,GG,CC,CC,TG,GA,CC,AC,AA,TA,GG,GG,CC,NN,GG,NA,TT,AA,GG,AG,AA,AA,CT,GA,CG,TT,NN,NN,TT,CC,CC,TT,GG,NN,GA,GA,CT,AA,AA,CC,AC,CC,NN,AC,CC,NN,CC,GG,TT,AN,NC,GG,TC,AA,TT,CC,GG,GG,GG,AA,CC,AT,CT,AA,CC,GA,GG,GG,TC,CC,GG,TT,NN,CC,CT,GG,GG,CC,NN,NN,GG,AA,CC,TT,NC,CC,GT,AA,AA,TT,AA,CT,TT,AA,NN,AA,CC,GA,CT,NN,AA,GG,TT,GG,GG,TA,AC,GG,NN,CC,AT,NN,AG,GG,TT,CT,CC,GG,GG,CC,TG,GG,GG,AG,AA,CT,AA,CA,GG,TT,NN,AA,CC,GA,CC,TC,NN,TC,CN,CC,AA,TT,AA,AG,TT,AG,TT,AA,AN,CC,NN,CN,CC,AA,CT,AA,CC,GG,TT,GG,TT,CC,GG,TT,CC,CC,GG
British in England and Scotland,,,,HG00237,,NA,CT,AA,TT,CC,GG,TT,GT,CC,NN,NN,GG,CC,CT,GG,TT,GA,CG,AG,CC,CC,AA,GG,CT,GA,CC,GG,GG,CC,AA,TN,CC,NN,AA,GT,GG,GG,AA,AC,GG,TC,AA,TC,NN,TC,NN,CC,GA,CC,CC,TT,AA,GA,CC,GG,CC,GA,TT,AG,AG,TC,AG,TG,GC,TC,CG,GG,AA,CT,CC,TT,NT,NN,CN,AA,CC,CC,AA,GG,GG,GA,CC,TC,AC,GA,CC,TG,GG,AA,TT,CC,NG,NN,AG,AG,CC,AA,GG,CC,AA,AG,AA,CC,NN,TT,GG,AA,AA,AA,GG,NN,TC,AA,TT,TT,GG,AG,GG,TT,GG,AA,CC,NN,CT,CC,GG,CC,CC,AA,GT,GG,GG,NT,TT,TC,AG,TT,CC,GG,AG,NN,GG,AG,TT,GG,CC,NN,TT,CC,TG,AA,CC,GG,CC,CT,TT,AA,TG,AA,AA,GG,CC,AA,CC,NN,CG,GG,CC,CC,GG,AA,TC,CC,GT,CC,TT,AA,TT,GA,TT,GG,CC,GG,AG,AA,NN,GG,GG,GG,TN,TT,TC,CC,TT,GG,TT,NN,AA,GG,GG,AG,AA,TC,TG,CC,GG,GA,AA,GA,GA,GG,GG,AC,TT,TT,GG,CC,TT,AA,AA,NT,AA,NN,GT,CC,AA,TT,AG,TT,GC,AA,GT,GG,AA,AA,GG,GG,TT,GG,CC,GA,TT,TG,TG,AG,TC,TT,NN,TT,TA,CC,TT,GG,TN,AG,TT,AG,GA,TT,CC,GT,AG,GG,NT,CT,GT,TT,GG,GA,TN,TT,CC,CC,AA,NN,TT,CC,TC,AC,GG,CC,CC,TT,TC,AC,AA,CN,CC,TT,TG,TT,AA,CC,AG,GA,GG,CC,GA,AA,CC,AA,TT,AA,CC,CC,CC,CC,AN,GG,CC,CT,CT,GA,CC,TC,NN,GG,AA,AG,CC,CC,TG,AA,CC,AC,AA,AT,GG,AG,TC,NA,GG,NN,CT,AA,GG,GA,AA,AA,TC,GA,CC,TT,CN,NN,NT,GC,TC,GG,GG,NN,AA,AA,TC,AG,AG,CC,AA,CC,NN,AA,CC,NN,CC,GG,TT,AA,NN,GG,TT,AA,AT,CC,GG,GG,GA,GG,CC,AT,TT,GA,NN,AA,GG,GG,CC,CC,GG,TA,NN,TC,CT,GA,GG,CC,NN,GG,GG,AA,CC,TT,NN,CC,TT,AA,AA,TT,AA,TC,GG,AA,NN,AC,CC,AG,TC,NN,AA,GA,TT,AG,GC,AT,AA,AG,NN,CC,AT,NN,GA,GA,TC,CT,CC,GA,GG,CT,TG,AG,GG,AG,AA,TT,AA,AA,AG,TT,CC,AG,CC,GA,CC,CT,NN,CC,CN,NN,AC,CC,GA,GA,TC,GA,TT,AA,AN,TC,NN,NN,CC,AA,TT,AT,CC,AA,TT,GG,AT,CC,GG,TC,CC,CC,GG
British in England and Scotland,,,,HG00238,,AA,CC,CA,TT,CC,GG,CC,GG,TC,NN,NN,AG,CC,TC,GG,TT,GG,GG,GA,CG,CC,AA,GT,TT,GG,CC,TT,GG,CC,CC,NT,CC,CN,AA,TT,GG,AA,GG,CA,GG,CT,CC,CT,NN,TC,NN,TC,AA,CC,CC,TT,AA,AA,CC,GG,CC,GA,TT,AG,GA,TT,AG,GG,GC,CC,CG,GG,AN,TT,GC,TT,NN,NN,CC,AT,CC,TT,AA,AA,GA,GG,CA,CT,AC,GA,CT,GG,GG,TT,TT,CC,NN,NN,GA,AA,CC,AA,AG,CC,CA,GG,AG,TT,NN,TT,GG,AA,AG,AG,GG,NN,CC,GA,TT,TG,GG,GG,AG,TT,GG,AA,CC,NN,CC,CC,GG,CC,CC,AG,TG,GT,GG,NT,TT,CC,AA,CT,CC,GG,GG,NN,CC,GG,TT,GG,CC,NN,CT,CC,GT,AA,CC,GG,CC,TC,GT,AA,TG,AA,AA,GG,TC,AA,CC,NN,CC,GG,TC,CT,GG,GA,TT,CC,GT,CT,TT,AA,GT,GG,GT,GG,CC,GG,GG,AA,NC,AA,GG,GG,NN,TT,TC,CC,TT,GA,CT,NG,AA,GG,GG,GG,GG,CT,TT,CC,GA,AA,AA,AA,GA,GG,GG,AA,CT,CT,GG,TC,TC,AA,AA,TN,GA,NN,TG,CC,AA,TC,AA,TG,GC,AA,TG,GG,GA,AA,GG,GT,CT,GG,CC,AA,GT,GT,GT,AG,TT,TT,NN,TN,TA,CC,TT,GT,NT,GG,TT,GA,GG,TG,CC,GG,GA,GG,NN,CC,TT,TT,GG,AG,TT,TT,CC,CC,GA,NN,TT,CC,TT,AC,GG,CG,CT,TT,TC,AA,AA,NN,CC,TT,GG,TN,AG,TT,AA,AG,AG,TC,GA,AC,CC,TA,TT,AA,CC,TC,CC,TC,NN,CG,CG,TT,CC,GA,CC,CC,CC,GC,AA,AG,CC,CC,GT,AG,TC,AC,AA,TA,TG,GG,CC,NA,GA,NA,TT,AA,GG,GG,GG,GA,CC,AA,CC,TT,CN,NN,NT,GC,TC,TT,GG,NN,AA,AA,TT,AG,AA,CC,CC,CC,TT,CC,CC,NG,CC,GT,TT,AA,NN,GG,CC,CA,AT,CC,GG,GG,GG,GG,CC,TA,CT,AA,CC,GA,GG,GG,CC,GG,GG,TT,NN,CC,TC,AG,GG,CC,NN,GG,AG,AA,CT,TC,NN,CC,TG,AA,AG,TT,GA,TT,TT,AA,GN,CA,CC,GG,CT,GN,AA,AA,TT,GG,GG,AA,AC,AA,CC,CC,TA,NN,GG,GG,TC,TT,CT,GG,GG,TC,TG,AA,GG,GG,AG,TT,AA,AA,GG,TT,NN,AA,CC,GG,CT,TT,NA,CC,CN,CC,CA,CT,AA,AA,TT,AG,CT,AN,NN,TC,NG,NN,TT,AA,TC,AA,CC,GG,TT,GG,TT,NC,GN,TC,CC,CC,GG
British in England and Scotland,,,,HG00239,,AN,TT,AC,TT,TC,GG,TT,TT,CC,NN,NN,GG,CC,CC,GG,TT,AG,GC,AG,CC,CC,AA,GG,TC,AA,CC,GT,GG,CC,AC,TN,CC,CC,AA,GT,GG,GA,GA,CC,GG,CC,AC,CC,NN,CC,NN,CT,AA,NC,CC,CC,AA,AA,CC,AG,CC,GG,GT,GG,AG,TT,AA,TT,CC,CC,GG,AA,NA,TT,CC,TT,NN,NN,CC,AA,CC,TC,GA,AA,GG,GG,AC,CC,CA,AA,CC,GG,GG,AA,AT,CT,GN,NT,GG,GG,CC,AA,GG,TC,AA,AG,AG,TT,NN,TT,GG,AA,GG,AG,AG,NC,CC,AG,TT,GT,GG,GG,GG,CC,GG,AA,CC,NC,CC,CC,GA,CC,CC,GA,TT,GG,GG,NN,TC,CC,AA,TT,CC,GG,AG,GN,CG,AG,TT,GG,CC,NN,TT,CC,GT,AA,CT,CC,CC,CT,GG,AA,TG,GG,AA,GT,CT,AG,CC,NN,CC,GG,TC,CC,AG,AA,TT,TC,GG,CC,AT,AC,TG,GA,TT,GG,CC,GG,GG,AA,NN,AG,GG,GG,TT,TT,TT,CC,TT,AG,CT,GG,AA,GG,GG,GG,GG,TT,TT,CC,GG,AA,AA,AA,GG,GG,GC,CC,TT,TT,AA,CC,CC,AA,AA,TN,GG,TN,TT,TT,AG,TC,AA,TG,GC,AA,GT,GA,GA,AT,GG,GG,CC,AG,CC,AA,TT,TG,GG,AG,CT,TC,NA,NT,AT,CC,TT,TG,TT,GG,TT,AA,GG,TT,CC,TG,GG,GG,NN,CC,TT,TC,GG,GA,NT,CC,CC,CC,AG,NN,CT,CC,TT,AA,GG,CG,CC,TT,CC,AA,AA,NN,CC,TT,GG,NT,AG,TT,AG,AG,AG,CC,GG,AA,CC,AT,GG,AA,CC,CC,CC,CC,NN,CC,CC,TT,CC,GG,CC,CC,NC,GG,GA,GG,CC,CC,TT,AA,CT,AA,AA,TA,GG,GA,CC,NN,GG,NN,TT,AA,GG,GA,AA,AA,CC,GA,GC,CC,NC,NN,TT,CC,CC,TT,GG,NG,AA,AA,TC,AG,AA,CC,CA,CC,NN,AC,CC,NN,CC,GT,TT,AA,NN,GG,CC,AA,TT,CC,GG,GG,GG,GA,CC,TA,CC,GA,CC,GA,GG,GG,CC,GG,GG,TT,NN,TC,CT,AG,GG,CC,NN,GG,GA,AA,CC,TT,NN,CC,GT,AA,AG,TT,AA,TT,GT,AA,NG,AA,CC,GG,TC,NN,AA,GA,TT,AG,GG,AA,AA,AA,NN,TC,TT,NN,AG,GG,CT,TT,CT,AG,GC,CC,TG,AA,GG,GG,AA,TC,AA,AA,AG,TA,NN,AA,CC,GA,CC,CC,NN,CC,NC,NC,AA,CC,GA,AA,TC,AA,TC,AA,AA,CC,NN,CN,CC,AA,CC,AA,CC,AG,TN,GT,AT,NC,GG,CC,CC,CC,GG
British in England and Scotland,,,,HG00240,,AN,CC,AA,TT,TC,GG,CC,TG,CC,NN,NN,GG,CC,CC,GG,TT,AG,GG,GA,CG,CC,CA,GT,CT,AG,NC,GT,GG,CC,AC,TT,CC,CN,AA,GT,AG,AG,GG,CA,GG,CT,CC,TT,NN,TC,NN,CT,AA,CN,CC,TC,AA,AA,CC,GA,CC,AG,TT,GA,GA,CT,GG,GT,GC,CC,GG,GG,AA,TT,CC,TT,NT,NN,CC,AA,CC,CC,AA,AA,GG,AG,CC,CC,AA,AA,TC,GG,GG,AA,TT,TC,NN,NN,GA,GG,TC,GA,GG,TC,AA,GG,AA,TT,NN,TT,GG,AA,GA,GG,GA,NN,CC,AA,TC,TT,GG,AG,GG,TT,GG,AA,CC,NN,CC,TC,GG,CC,CC,AA,GT,GG,GG,NN,CC,CC,GA,TT,CC,AG,AA,NN,GG,AG,TC,GG,CG,NN,TT,CC,TG,AG,CT,CC,CC,TT,GT,AA,GG,GA,AA,TG,CC,GA,CT,TN,CC,GG,TT,CC,GG,GG,TT,CC,GG,CC,TT,AC,GT,GG,GT,GG,CC,GG,GG,AA,NN,AG,GG,GG,NN,TT,TC,CT,TT,GG,CC,NN,AA,GG,GG,GG,GG,CT,TT,CC,GG,AA,AA,AA,GA,GG,GG,AC,CC,CT,AG,TC,TC,AA,AA,TN,GG,NN,GG,CC,GA,TC,AA,TT,CG,AA,TG,AG,GA,TA,GG,GG,CT,GG,CC,AG,GT,GT,GT,GA,CT,TT,NN,NT,AA,TC,GT,TG,TN,GA,TT,AA,GG,GG,CT,TG,GG,AG,TT,TT,TT,CT,GG,GG,TT,TT,CC,CC,GA,NC,TT,CC,TT,AC,GG,CG,CT,TT,CC,AA,AA,NN,CC,TT,GG,NN,AG,TT,AA,GG,GG,CC,GA,AC,CC,TA,TT,AA,CC,CC,CC,CC,NN,CG,CG,TT,CC,GG,CC,CC,CC,GC,AA,GG,CC,CC,TT,AG,CC,AC,AA,TA,GG,GG,CC,NA,AG,AA,TT,AA,TG,GG,GA,AA,CC,AG,CC,TT,NN,NT,TN,CG,CT,TG,GG,NN,AA,AG,TT,GG,AG,GC,CA,CC,TN,AA,CC,NN,CC,GG,TT,AN,NC,GG,TT,AA,TT,AA,GG,GG,AG,GG,CC,TA,TC,AA,CN,GA,GG,GG,CC,CG,GG,TA,NN,CC,TT,GA,GG,TC,NN,NN,GG,GA,CC,TT,CC,CG,GT,AA,AA,TT,AA,CC,TG,AA,GN,CC,CC,GG,TC,NN,AA,GG,TT,GG,GC,TT,AA,AA,CN,CC,TA,NN,GG,GG,TC,TT,TC,GG,CG,CC,GG,AA,GA,GG,GA,TT,AA,AC,GG,TT,CC,AG,TC,AG,CC,CC,NN,CC,CC,CC,AC,CC,AA,AA,CC,GA,TT,AN,AA,CC,GN,NN,TC,AA,TT,AT,CC,AA,TT,GG,AA,CN,NG,TT,CC,CC,GG
British in England and Scotland,,,,HG00242,,NA,CC,AA,TT,TT,GG,TT,GT,TC,NN,NN,GG,CC,CC,CC,CT,GG,GG,GG,CC,CC,AA,GG,TT,GG,NC,TT,GG,CC,AC,TN,TC,NC,AA,GT,GG,GA,GA,CC,GG,TC,AC,CC,NN,TT,NN,TC,AA,NC,CC,CC,AA,AG,CC,GA,CC,GG,TT,GG,GG,TT,AG,GG,GG,CT,GG,GG,AA,TT,CC,TT,NN,NN,CC,AA,CT,TT,AA,AG,GG,GG,CC,CC,CA,AA,CC,GG,GG,AA,TT,CC,GN,NN,GA,GA,CC,GA,GA,CC,AA,GG,AA,CC,NN,TT,GG,AA,GG,AG,AG,NN,CC,GA,TT,TT,GG,GG,GG,CT,GG,AA,CT,NN,CC,CT,GG,CC,CC,GA,TT,GG,AG,NN,CT,TC,AA,TT,CC,GG,AG,NN,GG,GG,TT,NG,CC,NN,TT,CC,GG,AA,TT,CC,CC,CT,GT,AA,GT,AG,AA,GG,CC,GA,CC,NT,CC,GA,CT,TC,GA,AA,TC,CC,GT,CC,TT,AA,GG,GG,TT,GG,CC,GG,GG,AA,NN,AA,GG,GG,TN,TT,CC,CC,TT,GG,TT,NN,CA,AA,GG,AA,AG,CT,GT,CC,GG,AA,AA,AA,AG,AG,CC,AA,TT,TC,GG,TC,TT,CA,AA,TT,AA,NN,GG,CC,GA,CC,AA,TT,GC,AA,TG,AA,GG,AT,GG,GG,CC,GG,CC,AA,TT,GT,GT,AA,CC,CT,NN,TN,TA,CC,TT,GG,TN,GA,TT,GA,AG,TG,CC,TT,GA,AG,TN,TC,TG,TT,GG,GG,TN,TT,CC,CT,GA,NN,TC,CC,TT,AA,AG,CG,CC,TT,TC,AA,AG,NC,CC,TT,TG,TT,AA,TT,AG,AA,GA,CC,GG,AA,CT,AA,TT,AN,CT,TC,TC,TC,NN,GC,CC,TC,CC,AG,CC,CC,NC,GC,AG,AG,TC,CT,TT,AA,TC,AA,AA,AA,GG,GG,CC,NA,AG,NN,TT,AA,GG,GG,AG,AA,CC,GG,GG,CC,NN,NN,NT,GC,TC,TG,AG,NN,AA,AA,TT,AG,GG,CC,CC,CC,TN,CC,CC,GN,CT,GG,GT,AA,NN,GG,TC,AC,TT,CC,GG,GG,GG,AG,CC,TA,TC,AA,CC,AG,AG,AG,CC,CC,GG,TT,NN,CT,TT,AG,GG,CT,NN,NN,GG,AG,CC,TT,CN,CC,TG,AA,AA,TT,AG,TT,GG,AA,NN,AA,CC,GG,CT,NN,AA,AA,TT,GG,GG,AA,AC,GA,NN,CC,TT,NN,AG,GG,TC,CT,CT,GG,GG,CC,GG,AA,GG,GG,GA,TT,AC,AA,AG,AT,CC,AA,TC,GG,CC,CC,NN,CC,CC,CC,AA,CC,AA,GA,CT,GA,CC,AA,AA,CT,NN,NN,CC,AA,CT,AT,CG,GG,TN,GG,TT,NC,GG,TT,CA,CC,GG
British in England and Scotland,,,,HG00243,,AN,CC,AC,TT,TT,GG,TT,TT,CT,NC,NN,GG,CC,CC,CG,TT,AA,GG,AG,CC,CC,AC,TG,TT,GA,NN,GT,GG,CC,AA,NN,CC,NC,GA,GT,GG,AG,GG,CC,GG,CC,CA,CC,NN,TC,NN,TC,GA,CN,CC,TC,AA,AG,CC,GG,TC,GG,TT,AA,GG,CC,GG,GT,CC,CC,GG,GG,NA,TT,CC,TT,NN,AN,NC,AT,CC,CT,AG,GA,GA,GA,CC,CC,AA,AA,CC,TG,AG,AA,TA,TC,NN,TN,GG,GG,CC,AG,GG,CT,CA,GG,AG,TT,NN,TT,GG,AA,AA,AG,AG,NN,CC,GA,CT,TT,GG,GG,GG,TT,GG,AA,CC,NN,CC,CC,AG,CC,CC,GG,TT,GG,GG,NN,TT,TC,AA,TT,CT,GA,GG,NG,CC,GG,TT,GG,CG,NN,CT,CT,GT,AA,CC,CG,CT,TT,TG,AA,GT,AA,AT,GG,CT,GA,CC,NT,GG,GG,CT,CC,GA,GA,TT,CC,TT,CC,AT,AA,TT,GG,TT,GG,CC,GA,GA,AA,CC,AG,GG,AG,NN,TT,CT,TT,TT,AA,TT,GN,AA,GG,GG,GG,GG,TT,TT,TC,GG,AA,GA,AG,AG,GA,GG,CC,TT,TT,GG,CC,TC,AA,AA,TN,AA,NT,GT,CC,AA,TC,GA,TT,CG,AA,TG,AA,AA,TT,GG,GG,CT,GG,CC,GA,TT,GT,TG,GA,CT,TC,NN,TN,TA,CC,TT,GG,TT,GG,TT,AA,GG,TG,CC,GG,GG,GG,TT,TT,GT,TT,GG,GG,TN,TT,CC,TC,AG,NC,TC,CC,TT,AC,GG,CC,CC,TT,CC,AA,AG,NC,CC,TT,GT,TT,AA,TT,AA,AG,GG,TC,GA,AA,CC,AA,TT,AA,CC,CC,TC,TT,NN,CC,CC,TT,CC,GA,CC,CT,CN,CG,AA,GA,TC,TC,GT,AA,CC,AA,AA,AT,GG,GG,CC,NN,AG,NA,TT,AA,GG,GA,GA,AA,CC,GA,CC,TT,NN,NN,TT,CC,CC,GG,AG,NG,AA,AA,CT,GG,AG,CC,AA,NC,TN,CA,CC,NN,CC,GG,TT,AA,NN,GG,TC,AA,TT,CC,GG,GG,GG,GG,CC,AT,TC,AA,CC,GG,GG,GG,CC,CC,GG,TT,NN,CC,CT,AG,GG,TT,NN,GN,GG,AA,CC,TT,CN,GG,TG,AA,AG,TT,AA,TT,GG,AT,NN,CA,CC,AG,CC,GG,AA,AA,TT,GA,GG,AT,AA,AG,CC,TC,TT,NN,GG,GG,TC,CT,CC,AG,GC,CT,GG,AA,GG,AG,AA,TT,AA,AC,AG,AA,CC,AA,CC,GG,CC,CT,NN,TT,NN,CC,AA,CC,AA,AA,TT,GA,TC,AA,AA,CC,NG,CN,CC,AA,CT,TA,CC,AA,TT,GG,TT,CC,GG,CC,CC,CC,CC
British in England and Scotland,,,,HG00244,,NN,CC,AA,TT,TT,GG,TT,GT,CC,NN,NN,GG,CC,CC,CG,TT,GA,GG,GA,CC,TC,AA,GT,TT,GG,CN,GT,GG,CC,CA,NN,CC,CN,AA,GT,GG,GG,AA,CC,AA,CC,AA,CC,NN,CT,NN,CC,AA,CC,CC,TC,AA,GA,CA,GA,TC,AG,TT,GG,GA,TT,GA,TT,CG,CC,GG,AG,AA,TT,CC,TT,NN,NN,CC,AT,CC,CC,GA,AA,GG,GG,AC,CC,AC,AA,CC,GG,GG,TA,TT,CC,NN,TN,GA,AG,CC,AA,GG,TC,AC,GG,AA,CC,NN,TT,GG,AA,AG,AA,GG,NN,CC,AA,TT,GT,GG,GG,AG,CT,GG,AA,CC,CN,CC,CC,GG,CC,CC,AG,GT,GG,GA,TN,TC,TT,AA,TT,CC,GA,GG,NN,GG,GG,TT,GG,CG,NN,TC,CC,GT,AA,CT,GC,CC,TT,GT,AA,GT,AG,AA,GG,CC,AA,CC,TT,CC,AA,TC,CC,GG,GA,TT,CC,TT,CC,TT,AC,TT,GA,GG,GG,CC,GG,GG,GA,NC,GA,GA,GG,NN,TT,CC,TC,TT,GG,TC,GN,CA,AG,AG,AG,GG,TT,TG,CC,GG,AA,AA,AA,AG,GA,CC,AC,CC,CC,AG,CC,TC,AA,AA,NN,AA,NN,GG,CC,GA,TC,AA,TT,CC,AA,TG,AA,AA,TT,GG,TT,CC,GG,CC,GA,TT,TG,TG,AG,CT,TT,NN,NN,AT,CC,TT,TG,NT,AG,TT,AA,GG,GG,CC,GG,GG,GG,NT,CT,TG,TT,GG,GG,TT,TT,CC,CT,GG,NN,TT,CT,TT,AA,GG,CC,CC,TT,TC,AA,AG,NN,CC,TT,TG,NT,AA,CT,AG,GA,GA,TC,GG,AA,CC,AT,TT,AA,CC,CT,CC,CT,NA,GC,CC,CC,CC,GA,CC,TT,NC,GC,AA,AG,CC,CC,GT,AA,CC,AA,AA,AT,GT,GA,CC,NN,GA,AN,TT,AA,GG,GG,GG,AA,CC,AA,CC,TT,NN,NN,NN,GG,TT,GG,GG,NN,AG,GA,TT,AA,AA,CC,AC,CC,NN,AC,CC,GN,CC,GG,TT,AA,NN,AG,CC,AA,TT,CC,AG,GG,GG,GG,CC,AT,TT,GA,CC,AA,GG,GG,CT,GC,GG,TT,NN,CT,TT,AG,CG,CC,NN,NN,GG,AG,CC,TT,NN,GG,TG,AA,AG,TT,AA,TT,TG,AT,NN,AA,CC,AG,CT,NN,AA,AG,TT,AG,GG,AA,AC,GG,NC,CT,AA,NN,AG,GA,CC,TT,TT,GA,GG,CC,GG,GA,AG,GA,AA,TT,AA,AC,GA,TT,NC,GA,CT,GA,CC,CT,NN,CC,CN,CC,AC,CC,GG,AA,TC,AA,TT,AA,AA,TC,NN,NC,CC,AA,CC,TA,GC,GA,TT,TG,TT,CC,GG,CT,CC,CC,CG
British in England and Scotland,,,,HG00245,,AA,CC,AA,TT,TT,GG,TT,GG,CC,NC,NN,GA,CT,TC,CG,TT,GA,GG,GG,CC,CC,AA,TG,TT,GG,CC,GT,GG,CC,AA,NN,CC,NC,AA,TG,GG,GA,GA,CC,GG,CT,AA,CC,NN,TC,NN,CC,AA,CC,CC,CT,AA,AG,CC,GG,TC,GA,TT,GG,AG,TC,AA,TT,CC,CC,GG,GG,AA,TT,CC,AT,TT,NN,CC,TA,CC,CT,AA,GG,GA,AG,AA,CT,AA,GA,TT,GG,GG,AA,TT,CC,NN,NN,GG,GA,CC,GG,GG,CC,CA,GA,AA,TC,NN,TT,GA,AA,AA,GA,AG,NC,CC,AG,CC,TT,GG,GG,GG,TC,GG,AA,CT,NN,TC,TC,GG,CC,GC,GA,TT,GG,GG,NT,CC,CC,AA,TT,CC,AG,GG,NN,GG,GG,CT,GG,CC,NN,TT,CC,TG,AA,CC,CG,CT,CT,TG,AA,GT,GA,AA,GG,CC,AA,TT,TN,CC,GG,CC,CC,GG,GG,TT,TT,GG,CC,TT,AA,GT,GG,TT,GG,CT,GG,AG,AA,NC,GA,GG,GG,NN,TT,CC,CC,TT,AA,TT,NN,AA,GA,GA,GA,GG,CT,GT,CT,AG,AA,AA,AA,AA,GG,GG,CC,CT,CT,GG,CT,TT,AC,AA,NN,GA,TN,GG,CC,AG,TT,AA,TT,CC,AG,GG,GG,GG,AA,GG,GG,CT,GG,CC,GA,TT,TG,GT,AG,TC,TT,NN,TT,AT,CC,TT,GG,TN,GG,TT,GA,GG,GT,TC,TG,GG,GG,NT,CT,GG,TT,GG,GG,TT,TT,CC,TC,AA,NN,CT,CC,TT,CA,AG,GC,TC,TT,TT,AA,AA,CN,CT,TT,GG,TT,GA,TT,AG,GA,AG,TC,GG,AA,CC,TA,TT,AA,CC,CC,CC,TC,AN,CC,CC,TC,CC,GA,CC,CC,NN,CG,AA,AG,TT,CC,TT,AA,TT,AC,AA,AT,GG,GG,CC,AA,GG,NN,TT,AA,GG,AA,AG,AA,TC,GA,GC,TT,CN,NN,TT,CC,CT,TG,GG,NG,AA,GA,TT,GG,GA,CC,AA,CC,TN,AA,CC,GN,CC,GT,GT,AA,NN,GG,CC,AA,TT,CC,GG,GG,AG,GG,CC,TT,TT,AA,CC,GA,GG,GG,CC,GC,GG,TT,NN,CC,TT,GA,GG,CC,NN,NN,GG,AA,TC,CT,NC,CG,GT,AA,AA,TT,AA,TT,GT,AA,NG,AA,CC,GA,CC,NN,AA,AA,TT,GG,GG,AT,AC,AG,NN,CC,AA,NC,AG,GG,CC,TT,CT,GG,GG,CC,GG,AG,GG,GG,AA,TT,AA,CC,AA,TT,CC,AA,CC,GG,CC,CC,NN,CC,NC,NC,AA,TC,AG,AA,TT,GG,TT,NA,NA,CC,NN,CC,CC,AA,TC,TA,CC,GG,TT,GG,TA,CN,GG,CC,CC,CC,GG
British in England and Scotland,,,,HG00246,,AN,CC,CC,TT,TC,GG,TT,GT,CC,CC,NN,GG,CC,CC,GC,TT,GG,GG,AG,CC,CC,AA,TG,TT,GG,CC,TT,GG,CC,AA,TT,CC,CC,AA,TT,GG,AA,GG,CC,AG,TC,CA,CC,NN,CT,NN,CC,GA,NN,CC,TT,AA,AG,CC,AA,CT,GG,TT,GG,AG,TT,GG,TG,CG,CT,GG,AG,AN,CT,CC,TT,NN,NN,CC,AA,TC,TT,AG,AG,GA,GG,CC,CC,AC,GG,CT,GG,GA,TA,AT,TC,GN,NT,GG,GA,CC,AA,GG,TC,AA,GG,GA,CT,NN,TT,GG,AC,AA,AA,GG,NN,CC,AA,TT,TT,GG,GG,GG,TT,GG,AA,TC,CN,CC,CT,GA,CC,CC,GG,TT,GG,GG,NN,CC,CT,GA,TC,CC,AA,GG,NN,CG,AA,TT,GG,CC,NN,CT,CC,TG,GA,TT,CC,CC,CC,GT,AA,GT,AG,AA,GG,CC,AA,CC,NN,GG,GG,TC,CT,AG,GA,CT,CC,TT,CC,TT,CC,TT,GA,TT,GG,CC,AG,GG,AA,NN,GG,GG,GA,NN,TT,CC,CC,NN,AA,CT,GN,AA,GA,GG,GG,GG,TC,GT,CT,GA,AA,AA,AA,AA,GG,GC,AA,CC,TC,AA,CC,CC,AA,AA,NT,AA,NT,TG,CC,AA,CT,AA,TT,CC,AA,TG,AG,GA,TT,GC,GG,CC,GG,CC,AA,TT,GG,GG,GA,TC,TT,NN,NT,TA,CC,TT,GG,TT,GG,TC,AG,GG,TT,CC,TG,GA,GG,TT,TT,GG,TC,GG,GG,NT,TT,CC,CC,GA,NC,TT,CC,TC,AA,GA,CG,TC,TT,CT,CA,AA,NN,CC,TC,GG,TN,GA,TC,GA,AA,GA,CC,GG,AA,TC,TA,TT,AA,CC,TT,CC,TT,AN,GC,CC,TT,CC,AG,CC,CC,NN,GC,GG,AG,CT,CC,GT,AA,CC,AA,AA,TA,GG,GG,CT,AN,AA,NN,TT,TA,GG,GA,AA,AA,CC,AG,CC,CT,CN,NN,TN,CG,CT,GG,GA,NN,AA,AG,CT,AG,AG,CG,AC,CC,TN,AC,CC,NN,CC,GG,TT,AA,NN,GG,TC,AA,TT,CC,GG,GG,GA,GA,CC,AA,TC,AA,CC,AG,GG,GG,CC,CC,GG,TT,NN,CC,TT,AG,GG,CC,NA,NG,GG,AA,TT,CC,NN,CC,GT,AA,GA,TT,AA,TT,GG,AA,NG,AA,CC,GG,CC,NN,GA,AA,TT,GA,GG,AT,AA,AA,NN,CC,AT,NN,GG,GG,CT,TT,CC,AG,GG,CC,GG,GG,GG,AA,AA,CC,AA,CA,AG,TA,CC,AG,CC,AG,CC,CC,NN,TC,CN,CN,AA,CC,AG,AA,TC,AG,CC,AA,AA,CC,GN,CN,CC,AA,CC,AT,CC,AA,NT,GG,TT,CC,GG,TC,AC,TC,GG
British in England and Scotland,,,,HG00250,,AA,CC,AC,CT,TT,GG,TT,TG,CC,CC,NN,GG,CC,CC,CC,CC,AG,GG,GA,CG,CC,CA,TT,TT,GA,CC,TT,GG,CC,AC,NN,CC,NC,AA,TT,GG,AA,AA,CC,GA,TC,CA,TC,NA,TT,NN,CC,AA,NN,CC,TC,AA,AA,CA,GG,CC,GG,TT,AA,GA,CT,GA,GT,CC,CC,GG,GG,AN,TT,CC,TT,NN,NN,CC,AA,CC,CT,AA,GA,GG,GG,CA,CT,CC,AA,CC,GT,GA,AT,TT,CC,NN,NN,AA,GA,CC,GG,GG,CC,CA,GA,AA,TT,NN,TT,GG,AA,GG,GA,AG,NN,CC,AA,CT,TG,GT,GA,GG,TC,GG,AA,CC,NN,CC,CC,GG,CC,CC,GG,TT,TG,GG,NT,TC,CC,AA,TT,CC,AG,GA,NN,GG,GG,TT,GN,CC,NN,TT,CC,GG,AG,CT,CC,CC,TC,TG,AA,TG,AG,AA,GG,CC,AG,TT,TT,CC,GG,TC,CC,AA,AA,TC,TT,TT,CC,TT,AA,TT,AG,TT,GG,CC,GA,GG,AA,NC,GA,GA,AG,TN,TT,TC,TC,TT,GG,TT,NN,AC,GG,GG,AG,GG,TT,GG,CC,GA,AA,AA,AA,AA,GG,GC,CC,CT,CC,GG,CC,CC,AC,CA,NT,AA,NT,TG,CC,AA,CT,AA,TT,GG,AA,GG,GA,GA,AT,GG,TG,CT,GG,CC,AG,TT,TG,GG,GA,CT,TT,NN,NT,TA,TC,TT,GG,TT,GG,TT,AA,GG,GG,CC,GG,AG,GA,TT,TT,TG,TC,GG,GG,NT,CT,CC,TC,GG,NN,TT,CC,TT,AC,AG,CC,CT,TT,TT,AA,AA,NN,CC,TT,GG,TT,AA,TT,AG,GG,GG,TC,GG,AA,CC,TA,TT,AA,CC,CC,TC,CC,NN,CC,CC,CT,CT,AG,CC,TC,CN,GC,AA,AG,CC,CC,TG,AA,CC,AA,AG,TA,GG,GG,CC,AN,AG,NN,TT,AA,GG,GG,AA,AA,CC,AA,CC,TT,NC,TT,NT,GC,TC,GT,AG,NN,AA,AA,TT,GG,GA,CC,CA,CC,NN,CA,AC,NN,CC,GG,TT,AA,NN,GG,CT,AA,TT,CA,AG,GG,GG,GA,CT,TA,TT,AA,CC,AG,GG,GG,TC,GG,GG,AT,NN,TC,TT,GG,GG,TT,NN,GG,GG,AA,CC,TT,CN,GG,GG,AA,GA,TT,AA,CT,GT,TA,NN,AA,CC,GG,TT,NN,AA,AA,TT,GG,GG,AA,AA,AA,CC,CC,AT,NN,AG,GG,CC,TT,CC,GA,GG,CC,GG,AA,GG,GA,AA,TC,AA,CC,AG,TT,CC,AA,CC,GG,CC,CC,NN,TC,NC,CC,AA,CC,AG,AG,CT,GA,CT,AA,AA,CC,GG,CN,CT,AG,TC,AA,CC,GA,NT,TG,TA,CC,GG,CT,CA,CC,GG
British in England and Scotland,,,,HG00251,,NA,CC,CC,TT,TT,GG,TT,TT,CC,NC,NN,GG,CC,TC,CG,TT,AG,GG,GG,CC,CC,CA,GG,TT,GG,CC,TT,GG,CC,AC,NN,CC,CN,GA,TG,GG,GA,AG,CC,AG,CC,CA,TC,NN,CC,NC,TC,AA,CC,CC,TC,AA,AA,CC,GG,CC,GG,TT,GG,GG,TC,GA,GT,GC,CC,GG,GG,NA,TT,CC,TT,NN,NN,NN,TA,CC,TC,AA,AA,GG,GG,CC,CC,AA,AA,CC,GT,GG,AA,TA,CC,NN,NN,GG,GA,TC,GA,GG,CC,AA,GG,AA,TT,CN,TT,GG,AA,AA,AA,GG,NN,TC,GG,TT,TT,GG,GG,GG,TT,GG,AA,CC,NC,CC,CC,GG,CC,CC,AG,GT,TG,GG,TN,TC,CC,AA,TT,CC,GG,AG,NN,CG,GG,TT,GN,CC,NN,CT,CC,GG,GA,CC,GG,CC,TT,TT,AA,TG,AA,AA,GG,CC,GA,CC,TN,CC,GG,CC,CC,GG,AA,TT,TC,TT,CC,AT,AA,GG,GG,TT,GG,CC,AG,GG,AA,NN,GG,GG,AG,NT,TT,CT,CC,TT,GG,TC,NN,AA,GG,GG,AG,GG,TT,TT,CC,GG,AA,AA,AA,AG,GG,GG,AC,TC,TC,GG,CC,TT,AA,AA,NN,AG,NN,TG,CT,GA,TT,AA,TT,CC,GA,GG,GA,AA,TT,GG,GG,CC,GG,CC,AA,TT,GT,TG,AG,TT,TT,AA,TN,TA,CC,TT,GG,TN,AG,TT,GG,AG,GG,CC,TG,AG,GG,NT,CT,TT,TT,NG,GA,TT,TT,CC,CC,GA,NN,TT,CC,TC,AA,GG,CC,CC,TT,TT,AA,AA,NN,CC,TT,GG,TT,AA,TT,GG,GA,GG,CT,GA,AA,CC,AA,TG,AA,CC,CC,CC,CC,AN,CC,CC,TC,CC,GA,CC,CC,CC,GC,GA,AA,CC,CC,TG,AG,CC,AA,AA,AA,GG,GG,CC,NA,GG,AA,TT,AT,GT,GG,AG,AA,CC,AA,GC,TC,CC,NT,NT,CC,TC,TT,GA,NN,GA,GA,TC,GG,AG,CC,AA,CC,NT,AC,CC,NN,CC,GG,TT,AA,NN,GG,CC,AA,TT,AC,AG,TG,GG,GG,CC,AA,CT,AA,CC,AA,GG,GG,CC,GC,GG,TT,NN,CC,TT,AA,GG,TC,NN,GN,GG,AA,TC,CT,NN,CG,TT,AA,GA,TT,AA,TT,TG,AA,NG,AA,CT,GG,TT,NN,AA,AA,TT,GG,GG,AA,AA,GA,NC,CC,AT,NN,GG,GG,CT,TT,TC,GA,GG,CT,GG,AA,GG,GG,GA,CT,AA,AC,GG,TT,CN,AA,CC,GA,CC,CT,AN,TC,NN,CC,AA,CC,GA,AA,CC,GA,TC,AA,NN,CT,NN,CN,CT,AA,TC,TT,CC,AG,TN,GG,TA,CN,GG,CC,CC,CT,GG
British in England and Scotland,,,,HG00252,,AA,CC,AA,TT,TT,GG,TC,GG,CC,NC,NN,GG,CT,CC,GG,TC,AA,GG,AG,CC,CC,AA,TG,TT,GG,CC,TG,GG,CC,AA,NN,CC,NC,AA,GG,GG,AA,GA,AC,GG,CC,CA,CC,NN,TC,NN,CT,AA,CC,CC,CC,AA,AA,CA,AG,TC,GG,TG,GG,GG,CC,GG,GG,CC,CC,GG,GG,NA,TT,CC,AT,NT,NN,CC,AT,CC,CT,AA,AA,GG,GG,CC,CC,CC,AA,TC,TG,GG,AA,TT,CC,NN,NT,AG,AG,CC,AG,GG,CT,AA,GA,AA,TC,NN,TT,GG,AA,AG,GA,AA,CN,CC,AA,TT,TT,GG,AG,GG,TT,GG,AG,CC,NN,CC,CC,GG,CC,CC,GG,TT,TG,GG,NN,CT,CT,AA,CC,CC,GG,GG,NN,GC,GG,TT,GG,CC,NN,TC,CC,GT,GA,CT,GC,CC,TT,TT,AA,GG,GA,TA,GG,CC,GG,CC,NT,GC,GG,CC,TT,AA,AG,CT,CC,TT,CC,TT,AA,TG,AG,TT,GG,CC,GG,GG,AA,CC,AA,AG,GG,TN,TT,CC,CC,NT,AG,TT,NG,AA,AG,AG,AG,GG,TT,TT,TC,AG,AA,AA,AA,GG,GG,GG,CC,CT,TT,GG,CC,CC,AC,AA,NN,AA,NN,GT,CC,AA,TT,AA,TT,CC,AA,GG,AG,GA,TA,GC,GG,CC,AG,CC,AG,TT,TG,TG,AG,CC,TT,NN,TN,AT,CC,TT,TT,NT,GG,CT,AG,GG,GT,TC,TT,GA,GG,NT,CT,TT,TC,GG,GG,TT,TT,CC,CC,AG,NN,TT,TC,TC,AA,AG,GC,CT,TT,CC,AA,AA,NC,CC,TT,GT,NT,AA,TT,AA,GA,GA,CC,GG,AA,CC,AA,TG,AA,CC,CT,CT,CC,AA,CC,CC,CT,CC,AG,CC,CT,CC,GC,AA,AA,CC,CC,GT,AA,CC,AA,AA,AA,GG,GG,CC,NN,AG,AN,TT,AA,GG,GA,AA,AG,CC,AG,GC,CT,NN,NN,NT,GG,CT,TG,GG,NN,AA,AA,TC,GA,AA,CC,AC,CC,TT,CC,CC,NN,CC,TG,TT,AA,NC,GG,TT,AA,TT,AC,AG,GG,GG,AA,CC,AA,TT,AA,CC,AA,GG,GG,CT,GG,GG,TT,NN,CC,TT,AG,GG,TT,AN,GN,GG,AA,CC,TT,CC,CG,GG,AA,GA,TT,AA,TT,GT,AA,NN,CA,CC,GG,CT,NN,AG,AA,TT,GG,GG,AA,AA,GA,CC,CC,AT,NN,GG,AG,CC,TT,CC,GG,GG,CC,GT,AA,AG,GG,AA,TT,AA,AA,AG,AT,CN,AA,CC,GA,CC,CC,NN,TC,CN,CC,AA,CC,AG,AA,CT,GA,CT,AN,AN,CC,NN,CN,TC,AA,CT,AA,CC,GA,NT,GG,AT,CN,GG,TC,CA,TT,CC
British in England and Scotland,,,,HG00253,,AA,CT,CA,TT,TT,GC,TT,GT,CC,NN,NN,GG,CT,CT,GC,TT,GA,GC,AA,CC,CC,AA,GG,CT,GG,CC,GT,GG,CC,CA,NN,CC,NC,AA,TT,AA,AG,AA,CC,GG,CT,CC,CT,NN,TC,NN,TC,AA,CC,CC,CC,AA,GG,CC,GA,CC,GG,TT,GG,GG,CT,AG,TG,CC,CT,GG,GG,AN,TT,CG,TA,NT,NN,CC,AA,CC,TC,AA,GA,GG,GG,CA,CC,AC,AA,TT,GT,GG,AT,TT,CC,GG,NT,AG,AG,CC,AG,GG,CT,AA,GG,AA,TC,NN,TT,GG,AA,GA,GA,GA,NN,CC,GG,TT,GT,GG,GG,GG,TT,GG,AA,CC,NN,TC,TC,GG,CC,CC,GG,TG,TG,GA,NT,CT,CC,AA,TT,CC,GG,GG,NN,CG,GA,TT,NG,CC,NN,TT,CT,GT,GA,TT,CC,CC,CT,GT,AT,GG,AG,AA,GG,CC,AG,CC,NN,CC,AG,TT,TC,GG,GA,TC,TC,TT,CC,TT,AA,GT,AG,TT,GG,CC,GG,GG,AA,CC,GA,GA,AG,TT,TT,TC,TC,TT,GA,TT,NG,AA,GG,GG,AA,GG,CT,TG,CC,AA,AA,AA,AA,GG,GG,GC,CA,TC,TC,GG,CC,CC,AA,AC,NT,AA,NT,TT,CC,AA,TT,AG,TT,CC,AA,GG,GG,GA,AA,GG,GG,CT,GA,CC,AG,TT,GT,TG,AA,TC,TC,NA,TN,TA,CC,TT,TG,NN,AA,TT,AA,AG,GG,CT,GT,GG,GG,NT,CT,TT,TT,GG,GG,TT,TT,CC,CC,GG,NN,TT,TC,CC,AA,GG,CC,CC,TT,CT,AA,AG,CN,CC,TT,GG,TN,AA,TC,GG,AA,AA,CC,GG,AA,CC,TA,TT,AA,CC,CC,TC,CC,NN,GC,GC,CC,CC,AA,CC,CT,CN,GC,AA,GA,CC,CC,TT,AA,CC,AA,GA,AA,GG,GG,CT,NN,AG,AN,TT,AA,GG,GG,AA,AA,CC,AA,CC,CT,CC,TN,TT,CC,CC,GG,AG,NN,AG,GG,CT,AG,AA,CC,CA,CC,NT,CA,CC,GN,CT,GG,TT,NA,NC,GG,CC,AA,TT,CC,GG,GT,GG,AG,CC,AT,TT,AA,CC,AA,GG,GG,CC,GC,GA,TA,NN,CC,TT,GG,GG,TC,NN,GN,GG,AA,TC,CT,NN,CC,GT,AA,AG,TT,AA,TT,GT,AA,NN,AC,CC,GG,CC,NN,AA,GA,TT,GA,GG,TA,CC,GA,NN,TC,AT,NN,AG,GG,CC,TT,TC,GG,GG,CC,TG,AG,GA,GG,AA,TT,CC,AA,AG,TT,CC,AA,TC,GG,CC,CC,NN,CC,NC,CC,AA,CC,AG,AA,CC,AA,CC,AN,AA,TC,NG,NC,CT,AA,TC,AA,CC,GG,TT,GG,TT,CC,GG,TC,CC,CC,CC
British in England and Scotland,,,,HG00254,,NA,CC,AA,TT,TC,GG,TC,TT,CC,NN,NN,GG,TC,CC,CC,TT,AA,GC,AA,GC,CT,AA,GG,TT,GG,CN,GT,GG,CC,AA,TT,CC,NC,AG,TT,GA,GA,GG,CC,GG,CC,CA,CC,NN,CC,NN,TC,AA,CC,CC,TC,AA,GG,CC,AA,CC,GA,TT,AA,AG,TC,GG,GG,CG,CC,GG,GA,NA,TT,GC,TT,NN,NN,NN,AA,CC,CT,AA,AA,GG,GG,AC,CC,AA,AA,CC,TG,GG,AA,TT,CC,NN,NN,GG,AG,CC,GA,GG,CC,AC,GG,GA,TC,NN,TT,GG,AA,AA,GA,GG,NN,CC,GG,TC,TT,GG,GA,AG,CT,GG,AA,CC,NC,CC,CC,GG,CC,CC,GA,TT,TG,GG,NN,TT,TC,AA,TT,CC,GA,GA,NG,CG,GG,TT,GG,CC,NN,TT,CC,GT,AA,CC,GG,CC,TT,TT,AA,GG,GG,TA,TT,TT,GG,CC,NN,CC,GG,TT,TC,GG,AG,TC,TC,GT,CC,TT,CA,GT,GA,TG,GG,TC,GG,GG,AA,NN,GA,GG,GA,TN,TT,CT,CC,TT,GG,CC,GN,AA,GG,GG,GA,GA,CC,GG,CC,GG,AA,AA,AG,GG,GG,GC,AA,CC,TC,GG,CC,CC,CA,CA,NN,AA,NN,GT,CC,GG,TT,AA,TT,CG,AA,GG,GA,AA,AT,GG,TT,TC,GG,CC,AG,TT,GT,TT,AG,CT,TT,AN,TN,TA,CT,TG,GT,NT,GG,TT,GA,GG,TT,CC,TG,GA,GG,TN,TC,TT,TT,GG,GG,TN,CT,CC,TT,AA,NN,TT,CC,TC,AC,GG,CC,TT,TT,CC,CA,AA,CC,CC,TT,GG,TT,AA,TT,AG,GG,GG,CC,AG,AA,CC,TA,GT,AA,CT,TT,CC,TT,AA,CC,CC,TC,CC,GA,CC,CC,CN,CG,AA,AA,CC,TC,GT,AA,CC,AA,AA,TA,GG,GG,CC,NA,GG,NN,TT,AA,GG,AG,AG,AA,TC,GA,CG,TT,NN,NN,NT,CC,TC,TT,GA,NN,AA,AA,TT,AA,AG,CC,AA,CC,NN,AA,CC,GN,CC,GG,TT,AA,NN,GG,CC,CA,TT,AC,GA,GG,GG,AG,CC,TT,CT,AA,NC,GG,GG,GG,TT,CG,GG,TT,NN,TC,TT,AA,GG,CC,NN,NG,GG,AA,TC,CT,NN,GC,GT,AA,GA,TT,AA,CT,TG,AA,NN,AA,CC,GG,TC,NN,AA,AA,CT,GA,GG,AA,AA,AA,NC,CT,TT,NN,GG,GG,CT,TC,CT,GG,GG,CT,GG,AG,GG,AG,GA,TC,AA,AA,AG,TA,NN,AA,TC,GG,CC,CC,NN,TC,CC,NN,AA,CC,AA,GA,CC,GA,TT,AA,AA,CC,NN,CN,CT,AA,CC,AA,CC,AA,TT,GG,TT,CC,NG,CT,CC,CC,GG
British in England and Scotland,,,,HG00255,,AA,CC,CA,TT,TT,GG,TT,TG,CC,NN,NN,GG,CC,CC,CG,TT,GA,GG,GG,CC,CC,AC,GG,TT,AG,NC,GT,GG,CC,AA,TN,CC,CC,AA,TT,GG,AG,AG,CC,GG,CC,AC,CC,NN,TC,NN,CC,AA,CC,CC,TC,AA,AG,CC,GA,CC,AG,TT,GG,GG,CT,GG,TG,CG,TC,GG,GG,AA,TT,CC,TT,NN,NN,CN,AA,CC,CC,AG,AA,GG,GG,CC,CC,CA,AA,CT,GG,GG,AA,TT,CC,NN,NN,AG,AG,CC,AG,GG,TC,AA,AG,AA,TT,NN,TT,AG,AA,AG,AG,GG,CC,CC,AG,TT,GT,GG,GG,GG,TT,GG,AA,CT,CN,CC,CC,GG,CC,CC,GA,GT,GT,GG,NN,CT,CC,AA,TT,CC,GG,GA,NN,CC,GG,TT,GG,CC,NN,CT,TC,GG,GA,CC,CC,TC,TT,TT,AA,TG,AG,AA,GT,CT,GA,CT,TN,CC,GG,CC,CC,GG,GA,TT,TT,GT,CC,TA,CA,GG,GG,GT,GG,CC,AA,GG,AA,NN,GG,GG,GA,TN,TT,TC,CC,TT,GA,CT,GN,AA,GG,GG,GA,GG,TT,TG,CC,GG,AA,AA,AA,GA,GG,GC,AA,CT,CT,AG,CT,TT,AA,AA,NN,AA,NN,GG,CC,AA,TT,AA,TT,CC,AA,GG,GG,GG,AA,GG,GG,TC,AG,CC,AA,TT,GT,GT,GA,CC,TT,NN,TN,TT,CC,TT,TG,NT,GG,TT,GA,AG,TT,CC,GG,GG,GA,NT,CT,TT,TT,GG,GG,TT,TT,CC,TC,AA,NN,TT,CC,TT,CC,GG,CC,CC,TT,TC,AC,AA,NN,CC,TT,GG,NT,AA,CT,GA,GA,GG,TT,GG,AA,CT,TT,TT,AA,CC,TC,TC,TT,AA,CC,CC,TT,CC,GG,CC,CT,CN,GG,AA,AG,CC,CC,GG,AA,CT,AA,AA,TA,GG,GG,TT,NN,AG,AA,TT,AA,GT,GG,AA,AA,CT,AA,CC,TT,NC,NN,NN,GG,TT,TG,GG,NN,AA,GA,TC,AG,AA,GC,CA,CC,NN,AA,CA,NN,CC,GG,TT,AA,NN,GG,CT,AA,TT,CC,GG,GG,GG,AG,CC,AT,TC,AA,CC,AA,GA,GA,TC,CC,GG,TT,NN,CC,TT,GG,GG,CT,NN,NG,GG,AA,CC,TT,NC,GC,TG,AA,GA,TT,AA,TT,GT,TA,NN,AC,CC,GA,TT,NN,AA,AA,TT,AG,GC,AA,AA,AG,NN,TT,AA,NN,GG,GG,TC,CT,CC,GG,GG,CC,GG,GA,GG,AG,AA,CT,AA,CA,AG,AT,CC,AA,CC,AG,CC,TC,NN,CT,NC,NC,AA,CC,AA,AA,TC,AG,CC,AA,AA,CT,NN,NN,TC,AA,CC,AA,CC,AA,TT,GT,TT,CN,GG,CT,AC,CC,GG
British in England and Scotland,,,,HG00256,,AA,CC,CA,TT,TT,GG,TT,TG,CC,CC,NN,GG,CC,CC,CG,TC,GA,GG,GA,CC,CC,AA,GG,TT,GG,CN,TT,GG,CC,AA,TN,TC,CC,AA,TT,AG,AA,GG,CC,GG,CC,AA,CT,AN,TC,NN,CC,AA,CC,CC,CT,AA,AG,CA,AA,CC,GG,TT,GG,AG,TT,AG,GT,CG,CC,CG,GG,AA,TT,CC,TT,NN,NN,NC,AA,CC,TC,GA,AA,GG,GG,CC,CC,AA,AA,TT,GG,GA,AA,TT,CC,NN,NN,AG,AG,CC,AA,GG,CC,CA,GG,AA,CT,NN,TT,GG,CA,GG,AG,AG,CN,CC,AA,CC,TT,GG,AG,GG,TT,GG,AA,TC,NN,CC,CC,GG,CC,CC,GG,TG,GG,AG,NN,CC,CT,AA,TT,CC,GG,GG,GN,GC,AG,CT,GG,CC,NN,TC,CC,GT,AA,CC,CG,CC,CC,TG,AA,GG,GA,AA,GG,TC,AA,CT,NN,CC,GG,TT,CC,GA,AG,TT,TC,TT,CC,AT,AA,GT,AG,TT,GG,CC,GG,GG,AA,NN,GA,GG,GG,TN,TT,CT,TT,TT,GG,TC,NN,AA,GG,GG,GG,GG,TT,TT,CC,GA,AA,AA,GA,GG,GA,GG,CC,TT,TT,GG,CC,CC,AA,AA,NN,AG,NN,GT,CC,AA,TT,AA,GT,CC,AA,GG,GG,AA,TA,GG,TG,CC,GG,CC,AA,TT,TG,TG,AG,CC,TT,NN,NT,AT,CC,TT,GT,TT,GG,TT,AA,GG,TT,CC,GG,AG,GG,NT,CT,TT,TT,GG,GG,TT,CT,CC,TT,GG,NN,TT,CC,TT,AA,GG,GC,TT,TT,CT,AA,AA,CN,CC,TT,GG,NT,AA,CT,AA,GG,GA,CC,GG,AA,CC,TA,TG,AA,CT,TT,CC,CC,NN,CC,CC,TT,CC,GG,CC,TC,NN,GG,AA,AA,CC,CC,GT,AA,CC,AA,AA,AA,GG,GG,CT,NN,GG,AA,TT,AA,GT,GG,GA,AA,CC,AA,GG,TT,NN,NN,TN,CG,CT,TG,GG,NN,AA,AG,CT,GA,GG,CC,CA,CC,TT,AC,CC,NN,CC,GT,TT,AA,NN,GA,CC,CA,TT,CC,AG,GG,GG,GG,CC,TT,TT,AA,NC,GA,AG,GG,CC,CG,GG,TT,NN,CC,TT,GG,GG,CT,NN,NN,GG,AA,CC,TT,NN,GC,TT,AA,GA,TT,AA,TT,TG,AA,NG,AA,CC,GG,CC,NN,AA,AG,TT,GA,GG,AA,AC,AA,CN,CC,AT,NC,GG,AG,CC,TT,CT,GG,GG,TT,GG,AA,GG,GA,AA,TT,AA,AA,GG,TT,CC,AG,CC,GA,CC,TC,AN,CC,CC,NN,AA,TC,AA,AG,CC,AG,TT,NN,AA,CC,NN,NN,CC,AA,CT,AA,CC,AA,TT,GG,TA,NC,GG,TT,CC,CC,CG
British in England and Scotland,,,,HG00257,,AA,CC,AC,TC,TT,GG,TT,TG,CC,NN,NN,GG,CT,TC,GC,TT,GA,GC,AA,CC,CC,CA,GG,TC,GG,CC,GT,GG,CC,CA,NT,TC,CC,GA,GT,GG,GA,GG,CC,GA,CC,AA,CT,NN,CT,NN,CC,AA,NC,CC,CC,AA,AG,AC,GG,TC,GA,TT,AG,GG,TT,GA,GG,CG,CC,GG,AG,AA,TT,CC,TT,TN,NN,CC,AA,CC,CT,AA,AG,AA,GG,CC,CC,AA,GG,TC,GG,GA,TT,AT,CC,NG,NN,GG,AG,CC,AG,GG,CT,AA,GG,AA,TT,NN,TT,GG,CA,GG,AG,GA,NN,CC,GG,CT,TT,GG,GG,GG,TC,GG,AA,CC,NC,CC,TC,GG,CC,CC,GG,TG,GG,GA,NN,CC,CC,AA,TT,CC,GG,AG,NN,GG,GG,TT,GG,CC,NT,CC,TC,GG,AA,CC,GG,TC,TC,TG,AA,GG,AA,TA,TG,CC,AA,CC,NT,GC,GG,CT,TC,GG,GA,TT,CC,TT,CC,TT,CA,TG,GA,TT,GG,CC,GG,AG,GA,NC,GG,GG,GG,NN,TT,TC,TC,TT,GG,TT,NG,AA,GG,GG,GA,GG,TT,TT,TC,GG,AA,GA,AA,AA,GG,GG,CC,CC,TC,GA,TT,TC,AA,CC,NN,GA,TT,TG,CC,GG,TT,AA,TT,CC,AA,GG,GG,AA,TT,GG,GG,TC,GG,CC,AA,TT,GT,GT,AG,TT,TT,AN,NN,TA,CC,TT,GT,TN,GG,TT,AG,GG,GT,CC,GT,GG,GG,NT,CT,TT,TC,GG,AG,TT,TT,AC,CC,GG,NN,TC,CC,CT,AA,GG,CC,CT,TT,CT,AC,AA,NN,CC,TT,GG,TN,GG,CT,AA,GA,GA,TC,GG,AA,CC,TA,TT,AA,CC,CC,TT,CT,NN,CC,CC,CT,CC,AG,AC,CC,NN,CC,AA,GG,CC,TC,GT,AA,TC,AA,AA,TA,TG,GG,TT,NA,AA,NA,TT,TA,GT,AG,AG,AA,CC,GA,GC,TC,CC,NN,NT,GC,TT,GG,GG,NN,AA,GA,TT,AA,GG,CC,AA,CC,NN,AA,CC,NN,CC,GG,TT,AA,NN,GA,CC,AA,TA,AC,GA,GG,GG,AG,CC,TT,TC,AG,CC,AG,GG,GG,CT,CC,GG,TT,NN,TC,TT,AA,CG,CT,NA,NG,GG,AA,TC,CT,NC,CC,TG,AA,GA,TT,AA,TC,TG,AT,GN,AA,CC,GG,CT,GN,AA,AA,TT,GA,GC,AA,AA,AG,NN,CC,TT,NN,GA,AG,TT,TT,CC,GG,CG,TC,GG,GA,AG,GG,AA,TC,AA,AA,AA,TT,CN,GG,CC,GG,CC,CC,NN,CC,NN,NC,AA,TC,AA,AA,TT,GA,TC,AA,NN,TC,NN,NC,CC,AA,CT,AA,CC,AG,NT,GG,TT,CN,GG,TC,CC,CC,GC
British in England and Scotland,,,,HG00258,,NA,CC,AA,TT,CT,GG,TT,TG,CC,NN,NN,GG,CC,CT,GG,TT,AG,GG,AG,CC,CC,AA,GT,TT,GG,NC,GG,AG,TC,AA,TT,TC,NC,AA,TT,GG,AG,GG,AC,GG,TC,AC,TT,NN,TC,NN,CC,AA,CN,CC,TT,AA,GG,CA,GA,CC,GA,TT,AG,GG,TT,GG,GG,CC,CT,GG,AG,AN,TT,CC,TT,NN,NN,CC,AT,CT,CC,AA,AA,GG,GA,CC,TC,AC,AG,CT,TG,GG,AA,TT,CC,NN,NN,GG,GA,CC,GA,GG,CC,AA,GG,AG,TT,NN,TT,GG,AA,AA,AA,GG,NN,CC,AG,TT,TT,GG,GG,GG,TT,GG,AA,CT,NN,CC,CC,GG,CT,CC,GG,TT,TG,GG,NT,CC,CC,GG,TT,CC,GG,GG,NG,GG,GG,TT,GG,CC,TN,CT,CT,GT,AA,CC,GG,CC,CC,TT,AA,TG,AA,AA,GG,CC,GG,CC,NN,CC,AG,CT,TC,GG,AA,TT,CT,TT,CC,TT,AA,TG,AG,TT,GG,CC,GG,GG,AA,NN,GG,GG,GG,TN,TT,CC,CC,TT,GG,TT,GN,AA,GG,GG,AG,GG,TT,TT,CC,GA,AG,AA,AA,GA,GG,GG,AC,CT,CT,AG,CC,CT,AA,CA,NN,AA,NN,TG,CT,GA,TC,AA,TT,CC,AA,TG,GG,AA,TA,GG,TG,CC,GG,CC,GA,TT,TG,TT,AG,CT,TT,NN,NN,AT,TC,GT,TG,TT,GG,CT,AG,AA,TT,CC,TG,GG,GG,TT,TT,TG,CC,GG,AA,TT,TT,CC,CC,GG,NN,TT,CT,TT,AA,GG,CC,TC,TT,CT,AA,AG,NC,CC,TT,GG,NN,GG,TT,AG,AG,AG,CC,AA,AA,CC,AT,TG,AA,CT,CC,CC,CC,NN,GC,CC,TT,CC,AG,CC,CC,NN,GG,AA,GG,CC,TC,GG,AA,CC,AA,AA,AA,TG,AG,CC,NA,AG,NN,TT,AA,GT,GA,GA,AA,CC,AA,GC,TC,NC,NN,TN,CG,CT,GT,GG,GN,AG,GA,TT,AA,GG,CC,CA,CC,TT,AA,CC,NN,CC,GG,TG,AA,NN,GG,CC,AA,TT,CC,GA,GG,GG,AA,CC,TT,CT,AA,CC,AG,GG,GG,CC,GC,GG,AT,NN,CC,CC,GA,GG,CT,NN,GG,GG,AA,TC,CC,NN,CC,TT,AA,AA,CT,AA,TT,GG,AA,GG,AA,CC,GG,CC,NN,AA,GG,TT,AG,GG,TA,CA,GG,CN,CC,AT,CC,GG,GG,TC,TT,CT,GG,GG,CC,GG,AA,GG,AG,GA,TT,CA,AA,AG,AT,CC,AA,CC,AG,CC,TC,NN,CT,CN,NC,AA,CT,AA,AA,TT,AA,CC,NA,AA,CT,NN,NC,TC,AA,CC,AA,CC,AG,TT,GG,TT,NC,GG,TT,CC,CC,GG
British in England and Scotland,,,,HG00259,,NA,CC,AA,CT,TT,GG,TT,GT,CC,CC,NN,GA,CC,CC,GG,TC,AG,GG,AG,CC,CC,AA,TG,TT,GA,CN,TT,GG,CC,AA,TT,TC,NC,AA,GT,GG,GA,GG,AA,GA,CC,CC,CC,NN,TT,NC,CT,AA,CC,CC,CT,AA,GA,CC,AG,CT,GG,TT,GA,AG,TT,AG,GG,GG,CC,GG,GG,AN,TT,CC,TT,NT,NN,CC,AA,TC,CC,AA,AG,GG,AA,CC,TC,AA,AA,TT,GT,GG,AA,AT,CT,NN,NT,GG,GG,CC,AG,GG,CT,AA,GA,AA,TT,NN,TT,GG,CA,AA,AG,AG,NN,CC,GG,TT,GT,GG,AG,GG,TT,GG,AA,CC,NN,CC,CC,GG,CC,CC,GA,TG,GG,GA,TN,TC,CC,AA,TT,CC,GG,AG,NN,GG,GG,TC,GG,CC,NN,TT,CC,GT,AA,CC,GC,CC,TT,TT,AA,TG,GA,AA,GG,CC,GA,CT,NN,GG,GG,CT,CC,GG,AA,TT,CC,TT,CC,TT,AC,GG,GA,GT,GG,CT,GG,GG,AA,NN,GG,GG,AG,NN,TC,TT,CT,TT,GA,CT,NN,AA,GG,GG,GG,GG,CC,TG,CC,GA,AA,AA,AA,GG,GG,CC,AA,TT,TT,GA,CC,TT,AA,AA,NN,AG,NT,GT,TC,GA,TC,AA,TT,CC,AA,GG,GG,AA,TA,CG,GG,CC,GG,CC,AA,TT,TG,GT,GA,TT,TT,NN,TN,TA,CC,TT,GT,TN,GA,TT,AA,GG,GG,CC,TT,GG,GG,TT,TT,GG,TC,GN,AG,NT,TT,CC,CC,AA,NN,CT,CC,TT,AA,GA,CG,TT,TT,CC,AA,AA,NC,CC,TT,GG,TT,AA,TT,GA,AG,GG,CC,GG,AA,CC,TA,TT,AA,CC,CC,CC,CT,AA,GG,CC,TT,CC,AG,CC,CC,NN,CG,AA,AA,CT,CT,GG,AA,CT,AA,AA,AT,GT,GG,CT,AN,AA,NN,TT,AA,GG,GG,AG,AA,CC,AA,CC,TC,NC,NN,NT,GG,TT,TT,GG,NN,GA,AA,TC,AG,GA,CC,AA,CC,TN,CA,CC,GN,CC,TG,TT,AA,NN,GG,CT,AA,TA,AA,GG,GG,GG,GG,CC,TT,TC,AA,CC,AA,GA,GA,TC,GC,GG,TT,NN,TC,TT,AG,GG,TC,NN,NG,GG,AA,CC,TT,NC,CC,GT,AA,GA,TT,AA,TC,GG,TA,GN,AC,CC,GA,CT,NN,AA,GG,TT,GA,GG,AT,AA,AA,NN,CT,TA,NN,AG,GG,CT,TT,CC,GG,GG,CT,GG,AA,GG,GA,AG,TT,AA,AA,GA,TA,CC,AA,CC,GG,CC,CC,NN,CT,NC,CC,AA,TC,AA,AA,CT,GA,CT,AA,AA,CC,GN,CN,CC,AA,TT,TA,CC,GA,NT,GG,AT,CC,GG,TT,CC,CC,GG
British in England and Scotland,,,,HG00260,,AA,CC,AA,CT,TT,GC,TC,GG,CC,CN,NN,GG,CC,CC,GC,TT,AG,GG,AA,CG,CC,AA,GG,CT,GG,CC,TT,AG,CC,AA,TN,CC,CC,AA,TG,GG,AG,GG,CC,GA,CT,CA,TC,NN,TT,NN,CT,AA,CN,CC,CC,AA,AA,CC,AG,TC,GG,TT,GG,GA,CT,GG,TG,CC,CC,GG,GG,AA,TC,CC,TT,NN,NN,CN,AA,CC,TT,AA,AA,GG,GG,AC,CC,AC,AA,CT,GG,GA,AA,TT,CC,NG,TN,GG,GG,CC,AA,GG,CC,AA,GG,AG,TC,CN,TT,GG,AC,GA,GA,AG,NN,CC,AG,CT,TT,GG,GG,GG,TT,GG,AA,TC,NN,CC,CC,GG,CC,CC,AA,TT,GT,GG,NN,CC,TC,AA,TT,CC,GA,GG,NN,GC,GG,TT,GG,CC,NN,CT,CT,GT,AG,CC,CG,CC,TC,TT,AT,GG,GG,AA,GG,TT,AG,TC,TN,GC,GG,CT,CC,GA,AA,TT,CT,TG,TC,AT,AA,GG,AG,GT,GG,CC,GG,GA,AG,NC,AA,AG,AA,NT,TT,CT,CT,TT,GG,TT,NN,AA,GA,GA,GA,GA,CT,GT,CC,AG,AG,AA,GA,AG,GG,CC,AC,TT,TT,GG,CC,CC,AA,AA,NN,AA,NN,TG,CC,GG,TC,GA,TT,GC,AA,GG,GG,GA,TT,GG,GT,TT,GG,CC,AA,TT,GG,GT,AG,TT,TT,NN,TN,AT,TC,GT,TG,TN,GA,TT,AG,GA,GT,CC,TT,GG,GG,NN,CC,GT,CT,GG,GG,TT,TT,CC,CT,AG,NN,TT,CC,TT,AC,AG,CC,CC,TT,TT,AA,AA,CN,CC,TT,GG,TT,AA,TT,GA,AG,GG,CC,GG,AA,CT,AA,TT,AA,CC,TC,CC,CC,AA,CC,CC,CC,CC,AG,CC,CC,NC,CC,AG,GG,CC,CC,TT,AA,CC,CA,AA,TT,GG,GG,CC,NA,GA,NN,TT,AA,GG,GA,AA,GA,CC,AA,GG,CT,CN,NN,NN,GG,TT,GG,AG,NN,GA,AA,TT,GG,GA,CC,CA,CC,NN,AC,CC,NN,CC,GG,TT,AA,NN,GG,TT,CA,TT,CC,GG,GG,GG,AG,CC,AA,CT,AA,NC,AG,AG,AG,TC,GG,GG,TT,NA,CC,TT,AG,GC,CT,AN,NG,GG,AA,CC,TT,CN,CG,TT,AA,AA,CT,AA,TT,GT,AA,NN,AA,CC,GG,CT,NN,AA,AG,TT,GA,GG,TT,AC,AA,CN,CC,TA,NN,GG,AG,TC,CT,CC,AG,GG,CC,GT,AA,GG,AA,AA,TT,AA,AA,AA,TT,NC,AA,CT,GG,CC,CC,NN,CC,CN,NC,AA,CC,AG,AA,CT,AA,CC,NA,NA,CC,NN,NN,CC,AA,CC,AA,CC,AA,TT,GG,AT,CN,GG,TT,CC,CC,GG
British in England and Scotland,,,,HG00261,,AN,CC,CC,TC,TT,GC,TT,TG,CC,CC,NN,GG,CC,CC,GC,TC,AA,GG,AA,CC,CC,AA,TG,TT,GG,NC,TG,GG,CC,AA,NN,TC,CC,AA,TG,GG,AG,GA,CC,AG,CC,AA,CC,NN,TC,NN,TC,AA,NN,CC,CC,AA,GA,CC,AG,CT,AG,TT,GA,GA,TT,AA,GT,CC,TC,GG,GG,AA,TT,CC,TT,TN,NN,CC,AA,CT,TC,AA,GA,AG,GG,AC,CC,AC,GA,CT,GG,GG,AA,TT,CC,NN,NT,AG,AG,CC,AG,GG,CC,AC,GG,GA,CT,NN,TT,GG,AA,AA,GG,GG,CN,CC,GA,CT,TT,GG,GA,GG,CT,GG,AA,CC,NN,CC,CC,GG,CT,CC,AA,TT,GG,AG,NN,TC,CC,AA,TT,CC,GG,GA,GN,GC,GA,TT,NG,CC,NN,TC,CC,GG,AA,CC,CC,CC,CC,TT,AA,GG,GA,AA,GT,CC,AA,CC,NT,CC,GG,TC,CC,GG,AG,TT,TT,TT,CC,TT,AA,TT,GA,TT,GG,CC,GG,GG,AA,NN,GG,GG,GG,TN,TT,TT,TC,TN,GA,TT,NN,AA,GG,GG,AG,GG,TT,TG,TC,GG,GA,AA,AG,AA,AG,CG,CC,CT,CT,GG,CT,TT,AC,AA,NN,GA,NN,GG,CC,AA,CT,AA,TT,CC,AA,TT,GG,AA,AT,GG,GG,TT,GA,CC,GA,TT,TG,GT,GA,CT,TT,NN,TT,TA,CC,TT,TG,TT,GG,TC,AG,GG,TT,CC,GT,AG,GG,TN,TC,TT,TT,NG,GG,TT,TC,CC,CC,GG,NN,TT,CC,TT,CC,GA,GC,TC,TT,CC,AA,AA,NN,CC,TT,GG,NN,AA,TT,GA,AA,GA,CC,AG,AA,CC,TT,TT,AN,TC,CC,CC,TC,NN,CC,CC,TT,CC,GA,CA,CC,NC,GC,AA,AA,CC,CC,TG,AA,CC,AA,AA,AA,GG,AG,TC,NN,AG,NA,TT,AT,TG,GG,AG,GA,CC,AA,CG,TT,CN,NN,NT,GC,TC,GT,GA,NN,AA,AA,TC,GA,GA,GC,AC,CC,NN,CA,AC,GN,CC,GG,GT,AA,NN,GG,CC,AA,TT,CA,AG,GG,GG,AG,CC,AT,TC,AA,CC,AA,GG,GG,CC,GC,GA,TA,NN,CC,TT,GG,GG,CC,NN,NG,AG,AA,TT,CC,NC,GG,GT,AA,AA,TT,AG,TT,GT,AA,GN,AA,CC,AG,CT,NN,AA,AA,TT,AG,CG,AA,AA,GG,NN,CC,AA,CN,GG,GG,TT,TT,CC,GG,GG,CC,GG,GA,GG,GG,AA,TT,AA,AC,AG,AA,NC,GA,CC,GG,CC,CT,NN,TC,NN,NN,AA,TC,AA,AA,TT,GA,CT,AA,AA,TC,NG,CN,CT,AA,CT,AA,CC,GA,TN,GG,TT,CC,GG,TT,CC,TC,GG
British in England and Scotland,,,,HG00262,,AA,CT,CA,TT,TT,GG,TT,TG,CC,NN,NN,GG,TC,CC,GG,TT,AA,GC,GA,CC,CC,AA,GG,CT,GA,CN,GT,GA,CC,CA,TN,CC,CC,AA,TT,GA,AA,GG,AC,GA,CC,AA,CC,NN,TT,NN,CC,AA,CC,CC,CT,AA,AA,CC,GG,CT,AG,TT,GG,GG,CC,AG,TT,GG,CC,GC,AG,NA,TC,CC,TT,TN,NN,NN,AA,CC,TT,AA,GA,GA,GG,CC,CC,AA,AG,TC,GG,AG,AA,TT,CC,GG,NN,GG,GA,CC,AA,GG,CC,CA,GG,AG,CT,NN,TT,AG,AA,AG,AA,GG,NC,TC,AA,TT,TT,GG,GG,GG,TT,GG,GA,CC,CN,CC,CC,AG,CC,CC,GG,TG,TG,GG,NN,CC,TC,AA,TT,CC,AG,GG,NN,GG,GG,TT,GG,CC,NT,TC,CT,GT,AA,CC,CC,CC,TC,GT,AA,TG,AG,AT,GG,TC,AA,CC,NT,CC,GA,CT,CC,GG,AG,TT,TC,TT,CC,AT,CA,GT,AG,GT,GG,CC,GG,GG,AA,CN,AG,GG,GG,TT,TT,CC,TT,TT,AG,TT,NN,AA,GG,GG,AG,AG,TT,TT,CT,GG,AA,AA,AA,AG,GG,GC,CA,CC,CT,GG,CC,CC,AA,AA,TT,AA,NN,GG,TC,AG,TC,AA,TT,GG,AA,GG,GA,AA,AT,GG,TG,CC,GA,CC,GA,GT,GT,GT,AG,CC,TT,NN,NT,TT,CC,TT,GG,NT,AG,TC,GG,AG,TG,CC,GG,GG,GG,TT,TT,TT,TC,GG,GA,TN,TT,CC,CC,AG,NN,TT,CC,TT,AC,GG,CC,TT,TT,CC,AA,AG,CC,CC,TT,GG,NT,GA,TT,GG,AA,AG,CT,GG,AA,TC,AA,TT,AN,CC,CT,CT,CT,AN,GC,CC,TT,CC,AG,CC,CC,NC,GG,AA,AA,CT,CC,TG,AA,CC,AC,AA,AT,GG,GG,CC,AA,GG,AA,TT,AT,TG,AG,AA,GA,CT,AG,CC,CT,CC,NN,NT,GG,TT,TG,GA,NN,AA,GA,TT,GG,GA,CC,AA,CC,TN,AA,CC,NN,CT,GG,TT,AA,NN,GG,CC,AA,TT,AC,GG,GT,GG,GG,CT,TA,CT,AA,CC,AA,GA,GA,CC,GG,GG,AT,NN,CC,TT,AA,GG,TT,NN,GN,GG,AA,CC,TT,NN,CC,TG,AA,GA,TT,AA,TT,TT,AA,NN,AA,CC,AG,TC,NG,AA,AA,CT,GA,GG,AA,AA,AA,CN,CC,AA,NC,AG,GG,CC,TT,CC,GG,CG,CT,GG,AG,GA,AG,AA,TC,AA,AA,AA,TA,CC,AA,CC,GA,CC,CC,NN,TT,CN,CC,CC,CC,GG,AA,CC,GA,CT,AN,AA,CT,GN,CN,TT,AA,CT,AA,CC,AA,TT,GT,TT,CC,GG,CT,CC,CC,GG
British in England and Scotland,,,,HG00263,,NA,TC,AA,TT,TT,GG,CT,GT,CC,NC,NN,GG,CC,CC,CC,TT,AA,GG,AA,CG,CC,CA,GT,TT,GG,CC,GT,GG,CC,AA,NN,CC,CC,AA,GT,AG,AG,AA,AC,GG,CT,CC,CC,NA,TC,CN,CC,AG,CC,CC,TT,AA,GG,AC,AA,CC,GG,TT,GA,GG,TT,AG,GG,GG,CC,GG,GA,AA,TT,CC,TT,NN,NN,CN,AA,CC,CT,AA,AG,GG,AG,CC,CC,AA,AA,CC,GT,GG,TA,TT,CC,NG,NN,GG,AA,CC,AG,GG,CC,CA,GG,AA,TC,NN,TT,GG,AA,AA,GG,AA,NN,CT,AA,CT,TT,GG,GG,GG,TT,GG,AA,CC,NN,CC,TC,GG,CC,CC,AG,TG,TG,GG,NN,CC,CC,GA,TT,CC,AG,GG,GN,GG,AG,TT,GG,CC,NN,TT,TC,TT,AA,TC,CG,CT,TT,GT,AA,GT,AG,AA,GG,CC,AA,CT,TT,GC,AA,TT,CC,GA,GA,CT,CC,TT,CT,TT,AA,TT,GG,GT,GG,CC,GG,GG,AA,NN,GG,GG,GG,NN,TT,CT,CC,TN,AA,TT,NN,AA,GG,GG,AG,GG,TT,TT,CC,GA,AA,AA,AA,GG,GG,CC,AC,CC,TT,GA,CC,CC,AA,AA,NN,AA,TT,TT,CC,AA,TC,AA,GT,CG,AA,TG,GG,GG,TT,GG,GG,TT,AG,CC,AG,TT,TG,GG,GA,TT,TC,NA,TN,TA,CC,TG,GG,TT,GA,TT,AA,GG,GT,CC,GG,GA,GG,TN,TC,GG,CC,GG,GA,TT,TT,CC,CC,GG,NN,TT,CC,TT,AC,GG,GG,TT,TT,TT,AC,AG,NN,CC,TT,GG,NN,AA,TT,GG,AG,GG,CC,GG,AA,TT,AA,TT,AA,CC,TC,TT,TC,AA,CG,CC,CT,CC,GA,CC,CC,CN,CC,GA,AA,CC,CC,GG,AA,CC,AA,AA,TA,GG,GG,CC,NN,AA,AN,TT,AT,GG,AG,AA,AA,CC,AA,CC,CC,CC,TT,NN,CC,CT,GG,GG,GN,AG,AA,TC,AA,GG,CC,CA,NC,TT,CC,CC,NN,CT,GG,TT,NA,CN,GG,CC,AA,TT,AA,GA,GT,GG,GA,CT,TT,TC,AA,CC,AA,GG,GG,CC,CG,GG,AT,NN,CT,TT,GA,GG,CT,NN,GN,GG,AA,CT,TC,NN,CG,TG,AA,AA,TT,AA,CC,GT,AA,NN,CA,CC,GG,TT,NN,AA,AG,TT,GG,GG,AA,AC,AA,CC,TC,AA,NN,GG,GG,CT,TT,CC,GG,GG,CC,GG,AA,GG,GG,GA,TT,AA,AA,AA,AA,CC,GA,CC,GA,CC,CT,NN,TC,NC,CN,AA,CT,GA,AG,CT,GA,TT,AN,AA,CT,NN,NN,CT,AA,TC,AA,CC,GG,NT,GG,TT,CN,GG,TC,CC,CC,GG
British in England and Scotland,,,,HG00264,,AA,CC,AA,TT,TT,CG,TT,GT,CC,CN,NN,GG,CC,CC,GC,TT,AA,GG,GG,CC,CC,AA,GG,TT,GG,NN,GT,GG,CC,CA,NN,CC,CC,AA,GT,GG,AG,GA,CA,GA,CC,AA,CC,NN,CC,NN,CC,AA,CC,CC,TC,AA,AG,CC,AG,CC,GG,TT,GG,GA,TC,AG,TT,GG,CC,GG,GA,AA,TT,CC,TT,NN,NN,CN,AT,CC,CT,AA,AA,GG,GG,AA,TC,CA,AA,CT,GG,GG,AA,TA,CT,NN,NN,GG,GA,TT,AG,GG,CC,CA,GG,AG,TT,NN,TT,GG,AA,AG,GG,AG,NN,CC,AA,TT,TT,GG,AG,GG,TT,GG,AA,CC,CN,CC,CC,GG,CC,CC,AG,TG,GT,GG,NN,CC,TC,AA,TT,CC,GG,GG,NN,GC,GG,TT,NG,CC,NN,TT,CC,GG,GA,TC,CG,CC,CC,GT,AA,TG,AG,AA,GG,TC,GA,CC,NN,GG,AG,TC,CC,GG,GA,TT,CT,TG,TC,TT,AA,GG,AA,TT,GT,CC,GG,AA,AA,NC,GA,GG,GG,NN,TT,TC,CT,NT,AG,TT,NN,AA,GG,GA,AG,AG,TT,TG,CC,GA,AA,AA,AA,AG,GG,GG,AC,TT,CT,AG,CT,CT,AA,CA,TN,AA,NN,GT,TC,AA,TT,AA,TT,GC,AA,GG,GG,GA,AA,GG,GG,CT,GG,CC,GA,TT,TG,GG,GA,CT,TC,NA,NT,TA,CC,TT,GG,NT,GG,TT,AA,GG,TG,CT,GT,AG,GG,NT,CT,GT,TT,GG,GA,NT,CT,CC,CC,GG,NN,TT,CT,TC,AC,GG,GG,TT,TT,TC,AC,AA,NN,CC,TC,GG,NT,GA,TT,AG,GA,AA,CC,GG,AA,TC,TA,TT,AA,CC,CC,CC,CT,NN,CC,CC,TC,CC,GA,CC,CC,CC,GC,AG,AA,CC,CC,GG,AG,TC,AA,AA,AA,GG,GG,CC,NN,GA,NN,TT,AA,GG,AG,AG,AA,CC,AA,GG,CT,CC,NN,TN,CG,CT,TG,GG,NN,AG,AA,TT,GG,GG,CC,AA,CC,NN,AA,CC,GN,CC,GG,TT,AA,NN,GG,TC,AA,TT,CC,GG,GG,GG,GG,CC,AA,CC,AA,NC,GG,GG,GG,CC,CC,GG,TT,NN,CC,CT,AA,CG,CT,NN,GN,GG,AA,CT,TC,NN,GC,GT,AA,GA,TT,AA,TT,GG,AA,NN,AA,CC,GG,CT,NN,AA,AG,TT,GG,GG,AA,AC,GA,CN,CC,AA,NN,AA,GG,TT,TT,CC,GG,GG,TC,GT,AA,GG,GA,AA,TT,AA,AA,GA,AA,CC,AG,CT,AG,CC,CT,NN,TC,NN,CN,AA,CC,AA,AG,TT,GA,CT,NA,AA,CT,NN,CN,CT,AA,TT,TA,CC,AG,TT,GG,TT,NC,GG,CT,AC,TC,GG
British in England and Scotland,,,,HG00265,,NA,CC,AA,TC,TT,GG,TT,GT,CC,CN,NN,GG,TC,CC,CC,TT,GG,GC,GG,CC,CC,AA,GG,TT,GG,NC,TT,AG,CC,AA,NN,CC,CN,GA,GG,AG,GA,GA,CC,AG,CC,AC,TC,NN,CT,NC,CC,AA,CC,CC,CC,AG,AG,CA,AG,TC,GA,TT,GA,AG,TT,AG,TG,GC,TC,GG,GG,AA,TT,CC,TT,NN,NN,CN,AA,CC,TC,AA,AA,GA,GG,AC,CC,AC,GA,CC,GG,GG,AA,TT,CT,NN,NN,GG,AG,CT,GG,GG,CC,AA,GG,AA,TT,NN,TT,GG,AA,AA,AG,GA,NN,CT,GG,CT,TT,GG,GG,GG,TT,GG,AA,TC,NN,CC,CC,GG,CC,CC,GG,TG,GG,GG,NN,CC,TT,AA,TT,CC,GG,GG,NN,GC,GG,TT,GG,GC,NT,TC,CC,GG,AA,CT,CC,CC,TC,TG,AA,GG,GA,AA,GG,CT,GG,CC,NN,GG,GG,TT,CC,GG,GA,TC,TC,TT,CT,TT,AA,TT,GA,TT,TG,CC,GG,AA,AA,NN,GG,GG,GG,TT,TT,CT,TC,TT,GG,TT,NG,AA,GG,GG,AG,AG,TT,TT,CC,GA,AA,AA,AA,GA,GG,GG,CC,TC,CT,AG,CC,TC,AA,AA,TT,AG,NN,GG,TT,GA,TC,AA,TT,CC,AA,GG,AG,AA,AA,CG,GG,TC,GG,CC,AG,TT,GT,GG,GG,CT,TT,NN,NT,TA,CC,TT,TG,TT,GA,TT,GA,GG,GT,CC,TT,AG,GG,TN,TC,TT,TT,GG,GA,TN,TT,CC,CC,AA,NN,TT,CC,TT,CA,GA,CG,CC,TT,TT,AA,AA,NN,CC,TT,TG,NN,AA,TC,GG,GA,GA,CT,GG,AA,CT,AT,TT,AA,CC,CC,CC,CC,NA,GG,CG,CC,CC,AA,CC,CC,CC,GG,AA,GA,CT,CC,TG,AA,CC,AA,AG,AA,GG,AG,CC,NN,GA,NN,TT,AA,TG,GA,AG,AA,CC,AA,CC,CT,CN,NN,NT,GC,TC,TG,GG,NN,AG,GG,CT,GA,GG,CC,AC,CC,NN,AC,CC,NN,CC,GG,TT,AA,NN,GG,CC,AA,AT,AA,GG,GG,GG,GG,TC,AT,CC,AA,CC,AA,GG,GG,CC,CC,GA,TA,NN,CT,CT,GG,GG,CC,NN,NN,GG,AA,CC,TT,NN,CC,TT,AA,GA,TT,AA,TT,TG,AA,GN,AC,CC,GG,TC,GG,AA,GA,TT,GG,CG,AA,CA,AG,NN,CC,TT,NN,GA,GG,TC,TC,CC,GG,GG,CC,GT,AG,GG,AA,AA,CT,AA,CA,GG,TA,CC,AG,CT,GG,CC,CT,NN,TC,NC,CC,AA,CT,AA,AA,TT,GA,TC,AA,AA,CC,NG,NC,CC,AA,CC,TA,CG,GA,TT,GT,TT,CN,GG,CT,CC,CC,GG
Finnish in Finland,,,,HG00266,,AN,CC,CA,TT,TT,GG,TT,TT,CT,NC,NN,GG,CC,CC,GG,TC,GG,CG,GG,CC,CC,AA,GG,TT,GG,CC,TT,GG,CC,AA,NN,CC,CC,AG,TG,GG,AG,GA,AC,GG,CT,CC,CC,NN,CC,NC,TC,GA,NC,AC,CT,AA,GA,CC,AG,CC,GG,TT,GA,AA,CC,GG,TT,CC,TC,GG,AG,AA,CT,CC,AT,NN,NA,CC,AA,CC,CT,AA,AA,GG,GG,CA,CC,CA,AA,CC,GG,GG,AA,TT,TT,NN,TN,GG,GG,CC,AG,GA,CC,AA,GG,AA,TT,NN,TT,GG,AA,AA,GA,GG,NN,CC,AA,CT,TT,GG,GG,GG,TT,GG,AA,TT,NC,CC,CC,AG,CC,CC,AG,TT,GG,GA,NN,CC,CC,AA,TC,CC,GA,AA,NN,GC,AG,TT,GG,CG,TN,CT,TC,TG,AA,CC,GG,TC,TT,GT,AA,GT,AA,AA,TG,CC,AA,CT,NN,CC,GG,TC,TC,GG,GA,TT,CC,TT,CC,TT,AA,TG,GG,GT,GG,CC,GA,GA,AA,CN,GG,GG,GG,NN,TT,TC,CC,TT,GG,TC,NN,AA,GG,GG,AA,GA,TC,TG,CC,GG,AA,AA,AA,AA,GG,CC,AA,TC,CT,AG,CC,CC,AC,AA,TN,AG,NN,TT,CC,AA,TC,AA,TT,GC,AA,GG,AG,AA,AA,CG,TT,TC,GG,CC,AA,TT,GT,GG,GG,CC,TC,AA,NT,AT,CC,TT,TG,NN,GG,CT,AA,GG,TT,CC,GG,GG,GG,TT,TT,TT,CT,GG,GG,TT,TT,CC,CC,GA,NN,TT,CC,TC,AA,GG,GC,CT,TT,CT,AA,AA,CN,CC,TT,GG,TT,AA,TT,AA,GA,AA,TT,AA,CA,CC,TA,TT,AA,CC,TT,TC,TC,AA,CG,CC,CT,CC,GA,CA,CT,NN,GG,AG,AA,CC,CC,GG,AA,CC,AA,AA,AT,GG,GG,CC,AN,GG,AN,TC,AA,GG,GG,GG,AA,CC,GA,CC,CT,CN,TN,TT,CC,CC,TG,GG,NN,AA,AA,TT,GA,GG,GC,AC,CC,TN,CC,CC,GN,CC,GG,TT,AA,NN,GA,TC,AA,TA,AA,GG,GG,GG,GG,CC,TT,CT,AA,CN,AA,GA,GG,CC,GC,GA,TA,NN,CC,TT,AG,GG,CT,NN,NG,GG,AA,TT,CC,NN,CG,TT,AA,AG,TT,AA,TT,GG,AA,NG,AA,CC,GG,TT,NN,GA,AA,TC,GG,GG,AA,AA,AA,NN,CC,TT,NN,GG,GG,TT,TT,CC,GG,GG,CC,GG,GA,AG,GA,AG,TT,AA,AC,AA,TT,CN,AG,CC,AG,CC,TC,NN,CC,NC,NC,AA,CC,AA,AA,TT,GA,TC,AN,AN,CT,NN,NN,CC,AA,TT,TA,CC,GG,TN,GG,AA,NC,GG,CC,CC,CC,GC
Finnish in Finland,,,,HG00267,,NA,CC,AA,TT,TT,GC,TT,GG,CC,NN,NN,GG,CC,CC,GG,CT,GG,GG,AG,GC,CC,AA,TT,TT,GG,NN,TG,GG,CC,CC,NN,CT,NC,GA,TT,GG,AG,GG,CC,GG,CC,AA,CC,NA,TC,NN,CC,AA,NN,CC,CC,GA,AA,CC,GG,TC,AA,TT,GG,GA,TT,GA,GT,CC,CC,CG,GG,AA,TT,CC,TT,NT,NN,NC,AT,CC,TT,AA,AA,GG,GG,CC,CC,AA,AA,CC,GG,GG,AA,TT,CC,NN,TN,GA,GA,CC,AA,GG,TC,AA,AA,AA,CT,NN,TT,GG,AA,AA,AG,GA,NC,CC,GG,CC,GT,GT,GG,GG,TT,GG,AA,TC,NN,CC,CC,GG,CC,CC,GG,TT,GG,GG,NT,CC,CT,AA,TT,CC,GA,AG,NN,GG,GG,TT,GG,CC,NN,TT,TC,TG,AA,CC,GG,CC,TC,TT,AA,TG,AG,AT,GG,CC,AA,TT,NT,CC,GA,CC,CT,GG,AG,TT,TC,TT,CC,TT,AA,GT,AG,TT,GG,CC,GG,GG,AA,NN,GG,GG,GG,TT,TT,TC,CC,NT,AG,TC,GN,AA,GG,GG,AG,GG,TT,TG,CC,GG,AA,AA,AA,AG,GG,CC,CA,CT,TT,GA,CC,TC,AC,AA,TN,AA,NN,TT,TC,AA,TT,AA,TT,CC,AA,GG,GA,GA,AA,GG,TG,CT,GG,CC,AA,GT,TG,TG,GA,TC,TC,AN,NN,AA,CC,TT,GG,NN,AA,CT,AG,GG,GT,CC,GG,GG,GG,TT,TT,TT,CC,GG,GG,NT,TC,CC,CC,GG,NN,TT,CC,TT,CA,GG,CC,CT,TT,TT,AC,AA,NC,CC,CT,GG,TN,AA,CT,GA,GG,GA,CC,AG,AA,CC,AA,TT,AA,CC,CC,CT,CT,NN,CG,CC,TC,CC,GA,CC,CC,CN,CC,AA,AA,CT,CC,GT,GA,CC,AA,AA,TT,GG,GG,CC,AA,GA,AN,TT,AA,GG,GA,AG,AA,CC,AA,CC,TC,NC,NN,NN,GG,TT,GG,GG,NN,AG,GG,TT,AA,AG,CG,AA,CC,NN,CC,CA,NG,CC,GG,TT,AA,NN,GG,CC,AA,TT,AA,GG,GT,AG,GG,CC,AT,TC,AA,CC,GA,AG,GG,CT,CC,GG,TT,NN,TC,TT,GA,GG,CC,NA,NG,GG,AA,TT,CC,NN,CG,GG,AA,AG,TT,AA,TC,TT,AA,GN,AC,CC,AG,CT,NN,AA,AG,TT,GA,GG,AT,AC,GG,NC,TC,TA,NN,AA,GG,CC,TT,CC,GA,CG,CC,GG,AA,AG,GG,AA,TT,CA,CA,GA,TT,NN,AA,CC,GG,TT,TC,NN,TC,CC,CC,AA,CC,AA,AA,CC,AA,CC,NA,NA,CC,NN,CN,CC,AA,CC,AA,CC,AG,TT,GG,AA,CC,GG,TC,CC,CC,GG
Finnish in Finland,,,,HG00268,,AN,CC,AA,CC,TT,GG,TT,GG,CC,CN,NN,GG,CC,CC,GG,TT,AA,GG,GG,CC,CC,CA,GG,TT,AG,NN,TT,GG,CT,CA,NT,CC,NC,AA,GG,GG,GA,GA,CC,AG,CC,AA,CC,NN,CC,NN,CT,AA,NC,CC,TT,AA,AG,CC,AG,CC,GG,TT,GG,AG,TC,GG,GT,CC,CT,GG,AG,AN,TT,CC,TA,NT,AN,NC,TA,CC,TC,GA,AA,AG,GG,AA,CT,AA,AA,CT,TG,GG,AA,TT,CC,NN,NT,AG,AA,CC,AA,GG,CC,AA,GG,AA,TT,NC,TT,GG,AA,GA,AA,GG,NN,CC,AG,TT,TT,GG,AG,GG,TT,GG,GA,CC,NN,CC,CT,GA,CC,CC,GG,TT,GT,AG,NN,CC,CC,AA,TT,CC,GG,AG,NN,CG,GG,TT,GG,GC,NN,TT,CC,GT,AA,CC,GG,CC,CT,GT,AA,TG,AG,AA,GG,CC,AA,CC,TN,CC,AG,CC,CT,AG,GG,TT,CC,TT,CC,AT,CA,TT,GG,TG,GG,CC,AG,GG,AA,NN,GA,GG,GG,NT,CT,CT,CT,TT,GA,CT,GN,CA,GG,GG,AG,GG,TT,GT,CC,GG,GA,AA,AA,AG,AG,CG,AA,CT,TT,GG,CC,CC,AA,AA,NN,AG,NN,GT,CC,GG,TT,AA,TT,CG,AA,GG,GG,GA,TA,GG,GG,CC,GG,TC,GA,TT,TG,GG,AA,TT,TT,NN,NN,TA,CC,TT,TG,TT,GG,TT,AA,GG,GG,CC,GG,AG,AG,TT,TT,GG,TC,GN,GA,TT,TT,CC,CC,GA,NN,TT,CT,CT,AA,GA,CC,TT,TT,CT,CA,GG,NN,CC,TT,GG,TN,GA,TT,AA,GG,GG,CC,AG,AA,CC,AA,TT,AA,CC,CC,CC,TC,AA,CC,CC,TT,CC,GG,CA,CC,NN,CG,AA,AG,CC,CC,TG,AG,CC,AA,AA,AA,GG,GA,CC,NN,AG,AN,TT,AT,GG,AG,AA,AA,CC,AA,CC,TC,NC,NT,NN,GG,TT,GG,GG,NN,AA,AA,TT,AA,AA,CG,AA,CC,NN,CC,AC,GN,CC,GG,TT,AN,NN,GG,CC,AA,TT,CA,GG,GG,AG,GG,CC,AT,CC,AA,CC,AG,GG,GG,CT,CG,GG,TT,NN,CC,TT,AG,CG,TT,NN,NN,GG,AA,TC,CT,NN,CC,TT,AA,AG,TT,AA,TT,GG,AA,NG,AA,CC,AA,CC,NN,AA,GA,TT,AA,GG,TA,CC,AG,CN,CC,AA,NN,AG,GG,TC,TT,CC,AA,GG,CC,GG,AA,GG,GG,AA,TT,AA,AA,GA,AT,NC,AG,CT,GG,CT,TC,AN,CC,NC,CC,AC,CC,GA,AA,TC,AA,TT,AA,AA,CC,NN,NC,CC,AA,TC,AA,CC,AG,NT,GG,AT,CC,GG,TC,CC,CC,GG
Finnish in Finland,,,,HG00269,,AN,CC,AA,TT,TT,GG,TT,GT,CC,NN,NN,GA,CC,TC,GG,TT,AG,CG,AA,CC,CC,AA,GG,TT,GG,CC,TT,GG,CC,AA,NT,CC,CC,AA,TT,AG,AG,GG,CA,GG,TC,AC,CC,NN,TC,NN,CT,AG,NC,CC,CC,AA,GG,CC,GG,CC,GG,TG,GG,GG,TC,GG,TG,CG,CC,GG,GG,AA,TT,CC,TT,NN,NN,NC,AT,CC,CC,AA,AA,GG,GA,CA,CC,CC,AA,CC,GG,GG,AA,TT,CC,NN,TT,GG,GG,CC,GG,GG,CC,AC,AG,AA,TT,NC,TT,GG,AA,AG,AA,GG,NN,CC,GG,TT,TT,GG,AG,AG,TC,GG,AA,CC,NC,CC,CC,GG,CC,CC,GG,GT,GT,GG,NN,CC,CC,AA,TT,CC,AG,GA,NN,GC,GG,CT,GG,CC,NT,TC,TC,GG,AA,CC,GG,TC,TT,TT,TA,GT,AA,AA,TG,CC,AG,TC,TN,CG,GG,TT,CT,GG,AA,TT,TC,TT,CC,TT,AA,GT,AA,TT,GG,CC,GG,GG,AA,NN,AG,GG,GG,TN,TT,TT,CC,TN,GA,CT,NN,AA,GG,GG,GA,GG,TT,TT,CC,GG,AA,AA,AA,GG,GG,GC,AC,TT,CT,GG,CC,CC,AA,AA,NT,GG,NT,GG,CT,AA,CC,AA,TT,GC,AA,GT,GG,GA,TA,GG,GG,CT,GG,CC,GA,TT,TG,GG,AA,TT,TT,NA,TN,TA,CC,TT,GG,TT,GA,TT,AA,GG,GT,CC,TG,AA,GG,NN,CC,GT,TT,GG,GG,TT,TT,AC,CT,GG,NN,TT,TC,TT,AA,GG,CC,CT,TT,CC,AC,AA,CC,CC,TT,GG,NN,AA,TT,AA,GG,AA,CC,AA,AA,CC,TT,TT,AA,CC,CC,TC,TT,NN,GG,CC,CT,CC,AG,CC,CC,NC,GG,AA,AA,TC,CT,TG,AA,CT,AA,AA,TA,TG,AG,CC,NN,AA,AN,CT,AA,GG,GG,AG,GG,CC,AA,CC,CC,CC,TN,TT,CC,CC,TG,GA,NG,AA,AA,TT,AA,AG,CG,AA,CN,TT,CA,CC,NN,TC,GG,TT,AA,NN,GG,TC,AA,TT,AC,GA,GT,GG,AA,TT,TT,TC,AA,CC,AA,GG,GG,CC,CG,GG,TT,NN,CC,CC,AA,GC,CC,AN,GG,GG,AA,TC,CT,NC,GC,GG,AA,AA,TT,AA,CT,TT,AA,NG,AA,CC,AA,CC,NN,AG,GA,TT,AG,GG,AA,AC,GG,NC,TT,TA,NC,GG,GG,TT,TT,CC,GG,CG,TC,GG,AA,GG,AG,GA,TT,AA,AA,GG,TT,CN,AA,TC,GG,CC,CC,NN,TC,NN,NN,AA,CC,AG,AA,TC,GA,TT,AA,AA,CT,NN,CC,CC,GA,TT,AA,CC,AA,TT,GG,TT,CN,GG,TC,CA,CC,CC
Finnish in Finland,,,,HG00271,,AN,CT,CC,TT,TT,GG,TT,GG,CC,NN,NN,GG,CC,TC,GG,TT,AA,GG,AG,CC,CC,AA,GT,TT,GG,CC,TG,GG,CC,AC,NN,CT,NC,GA,TG,GA,GA,GG,CC,GA,CT,AA,CT,NN,CC,NN,CT,AA,CN,CC,TC,AG,GG,CC,GG,CC,GA,TT,GG,AA,CC,GG,TT,GG,CC,GG,GG,AA,TT,CC,TT,NN,NN,CC,TA,CC,CT,AA,AA,GG,GG,AA,CC,AA,AA,TC,TG,GG,AA,TT,TC,NG,NN,GG,AA,TC,GA,GG,TC,AA,GG,AA,TT,NC,TT,GA,AA,AA,GG,AG,NN,CT,GA,CT,TT,TG,GG,GG,TT,GG,AA,CT,NC,CC,TC,GG,CC,CC,GG,TG,GG,GG,NN,CT,CT,AA,TT,CC,GG,AG,NN,GG,GG,TT,GG,CC,NN,CT,CT,GT,AA,CT,GC,CC,TT,TT,AA,TG,AG,AA,GG,CC,AG,CC,NT,CG,GG,CC,CC,GG,GA,TT,TC,TT,CC,TT,AA,TT,AG,TG,GG,CC,GA,GG,AA,NN,GA,GG,GG,NN,TT,CC,CC,TT,GG,CC,GG,AA,GG,GG,GA,GG,TT,TT,TC,GG,AA,AA,AA,GA,GG,CC,CC,TT,TT,GG,CC,CC,AA,AA,NN,GA,NN,GG,CC,AG,TT,AA,TT,CC,AA,GG,AA,AA,TT,GG,GG,TT,GG,CC,AG,TT,GT,TG,GA,TC,TC,NN,TT,TT,CC,TT,GG,NN,AA,TT,AG,GA,TG,CC,TG,GG,AA,TT,TT,TT,TT,GG,AG,NT,CT,CC,CC,AG,NN,CT,CT,TC,AA,GG,CC,CT,TT,CT,AA,AA,NC,CC,TT,TG,TN,AA,CC,AA,AG,AG,CC,GA,AC,CC,AT,TT,AA,CC,TC,CC,CT,NN,CC,CC,TT,CT,AG,CC,CC,CN,GG,AA,AA,CC,TC,GG,AA,CC,AA,AA,TT,GG,GG,CC,AN,AA,NA,TC,AA,GG,AG,AG,AG,CC,AA,CC,CT,CN,NN,TN,CG,CT,TG,GG,NG,AA,AA,TT,AG,GA,CG,AA,CC,NN,AA,CA,NN,CC,GG,TT,AA,NN,GG,CC,AA,TT,CC,GG,GG,GG,GG,TC,AT,TT,AA,CN,AA,GG,GG,CC,GC,GG,TT,NN,CC,TT,GA,GG,CT,NN,GN,GG,AA,CT,TC,NN,CC,TT,AA,GG,CT,GA,TT,TG,AA,NG,AA,CC,GA,CC,GN,GA,GG,TT,GG,GG,AA,CA,AA,CC,TC,TA,CC,AG,GA,CT,TT,CC,GA,GG,CC,GG,AA,GG,GA,GA,CC,AA,AA,GA,TT,CN,AA,TC,GG,CC,CT,NN,CT,NC,NC,AC,CC,AA,AA,TT,AG,CT,NA,AA,TT,NN,NC,CC,AA,TT,AA,CC,AA,TN,GG,TT,CN,GG,CT,AC,CC,GG
Finnish in Finland,,,,HG00272,,NA,CT,CC,TT,TC,GG,TC,GT,CC,CC,NN,GG,CC,CC,CC,TT,GA,GG,AA,CC,CT,AA,GG,TT,GG,NC,TT,AA,CC,AA,NT,CC,CN,AA,GG,AA,GG,GG,CC,GA,TC,CA,CC,NN,TC,NN,TC,AA,CN,CC,TT,AA,AG,CC,AG,CC,GG,TT,GA,AA,TC,AG,GG,CC,CC,GG,GG,AA,TT,CC,TA,NN,AN,CN,AA,CC,TT,AA,GA,GG,GG,AC,CT,AA,AA,TC,GG,GG,AA,TA,TC,NN,NN,GG,AG,CC,AG,GG,CC,CA,GG,AA,TT,CN,TT,GG,AA,GG,GA,GG,NC,CC,GA,CC,TT,GG,GG,GG,TT,GG,AA,CC,CN,CC,CC,AG,CC,CC,GG,TT,GG,AG,NN,CC,CC,AA,TT,CC,GG,GG,NG,GC,GG,TT,GG,CC,TN,CT,CT,GT,AA,CT,GC,CC,CT,TT,TA,GT,AA,AA,TG,CT,AA,CC,NT,GC,GA,TT,CC,GG,GG,TT,CT,TT,CC,TT,AA,GG,GG,TT,GG,CC,GG,GG,AA,NN,AG,GG,GG,NT,TT,CC,TT,TN,GA,TT,GG,AC,GG,GG,GG,GG,TT,TT,CC,AG,AA,AG,AA,AG,AG,CC,AA,CC,CC,GA,CC,CC,AA,AA,NT,GG,NN,TG,CC,AA,TT,AA,TT,CC,AA,TG,GA,AA,AT,GC,GG,TC,GG,CC,GA,TT,TG,GT,GA,CT,CC,NA,NT,TA,CC,TT,TT,TT,GG,TC,AA,GG,TG,TT,TG,GG,GG,NT,CT,TG,TT,GG,GG,NT,TT,AC,CC,AG,NN,TT,CC,TT,AA,GA,CC,TT,TT,TC,AA,AA,CC,CC,TC,GG,TT,AA,CT,AG,GG,GA,CC,GG,AA,CT,AA,TG,AA,CC,CT,CC,TT,NA,GC,CC,TT,CC,GG,CA,CC,NN,GC,GA,GA,CT,CC,GG,GA,CC,AA,AA,TA,GG,GA,CT,AN,AA,NA,TT,AT,GG,GG,AA,AG,CC,GA,CC,TT,NN,NN,NN,CG,TT,GG,GG,NN,AA,AA,TT,GA,GG,CC,CA,CC,NT,CC,CC,NG,CC,GG,TT,AA,NN,GG,CT,AA,TT,AA,GG,GG,GG,GA,CT,TA,CT,AA,CN,AG,GG,GG,CC,GC,GG,TT,NN,CC,TT,GG,GG,TT,NA,NG,GG,GA,CT,TC,CN,CG,TG,AA,GA,TT,AG,TT,TG,AA,NN,AA,CC,GG,CC,NN,AA,AG,TT,GA,GC,AT,AA,AA,NC,CT,TT,CN,GG,GG,TT,CT,CT,GG,GG,CC,TG,AA,GA,GA,AA,TC,AA,AA,AA,AT,CN,GA,TC,GG,CC,CC,AN,CC,CC,CC,AA,CT,AG,AA,TT,AG,CC,AA,AA,CC,GN,CN,CC,AA,CT,TA,CC,AA,TT,GG,TT,CN,NG,TT,CC,CC,GG
Finnish in Finland,,,,HG00273,,NA,CC,AC,TT,TT,GG,TT,GG,CC,NC,NN,GG,CC,CC,CG,TT,GA,GG,AG,CC,CT,AA,GG,TT,GG,CC,TG,GG,CC,CA,NN,CC,CN,AA,TT,GG,GA,GG,CC,GG,TT,AA,CC,NN,CT,NN,CT,AA,NN,AC,CC,GA,GG,CC,GG,TC,GG,GT,GA,GG,TT,GG,GT,CC,CC,GG,GG,AA,TT,CC,TT,NT,NN,CC,TT,CC,TC,AA,AA,GG,GG,AA,CC,AA,AA,CT,GT,GG,AA,TT,CC,NN,TN,GG,GG,CC,AA,GG,CC,AA,GG,AA,TT,CN,TT,GG,AA,GA,AG,GG,NN,CC,GG,CT,TT,GG,GG,GG,TT,GG,AA,CC,NC,CC,CC,AG,CC,CG,GG,TT,GG,GA,NN,CC,CT,AA,TT,CC,GA,GG,NN,GG,GG,TT,GG,CC,NN,CC,CC,GG,AA,CC,GG,CC,CT,TT,AA,GT,AA,AA,TG,CT,AA,TC,TT,CG,GG,TT,CC,GG,AA,TT,TC,TT,CT,TT,AA,GT,AG,TT,GG,CC,GG,GG,AA,NN,GG,GG,GG,TN,TT,CT,TC,TT,AA,CT,NG,AA,GG,GG,AA,GG,CT,GG,TC,GG,AG,AA,AA,GG,GA,CC,AA,CT,CC,AG,CC,CT,AA,AA,TT,AA,NN,GT,CC,AA,CT,AA,TT,CC,AA,TG,AG,AA,AA,GG,TG,CC,GG,CC,AA,TT,GT,TG,AG,TC,CC,NN,NT,AA,CC,TT,TG,TN,AG,TT,AG,GG,GG,CC,GG,AG,GG,TT,TT,GT,TT,GG,GG,TT,TT,CC,TC,AG,CN,CT,CC,TT,AA,AA,GC,TC,TT,CT,AA,AA,NN,CC,TT,GG,TT,AA,TC,AA,GG,GA,CC,GG,CC,CC,AT,GG,AA,CC,CC,CC,CC,NA,CG,CC,TT,CC,GA,CC,TC,CC,CC,AA,AG,CC,CC,TT,AA,CC,AA,AA,TT,GT,GG,TC,NN,GA,AA,TT,AA,GT,GA,GA,AA,CC,AG,CG,CT,NC,NN,NN,GG,TC,GG,AG,NN,AA,AA,TC,GA,AG,CC,AC,CC,TN,AA,AC,NN,CT,GG,TT,AA,NC,GG,TC,AA,TT,AC,GG,GG,GG,AG,CC,AA,TT,AG,NC,AA,AG,GG,CC,CC,GA,TA,NN,TT,TT,GA,GC,TC,NA,GN,GG,AA,CT,TC,CN,CG,TT,GA,AA,TT,AA,CC,TG,TA,NN,AC,TC,GG,CT,NN,AA,AA,TT,GG,GC,TA,AA,GA,CN,CC,AA,NN,GG,GG,TC,CC,CT,GG,GG,CC,GG,AA,GG,AG,AA,TC,AA,CA,GA,TT,NN,AA,TC,GG,CC,CT,NN,CC,CN,CC,CA,CT,GA,AA,CT,AA,TC,AA,AA,CC,NN,CN,CC,AA,CC,AT,CC,AA,TT,GT,AT,CC,GG,CC,CA,CC,GG
Finnish in Finland,,,,HG00274,,AA,TC,CC,TT,TT,GG,TT,GT,CC,CN,NN,GG,CC,CC,GC,TC,GG,GG,AG,GC,CC,AA,GG,CT,AG,NC,TT,GG,CC,CA,NT,CC,NC,GA,TT,GA,GA,AG,CA,AG,CC,CA,TT,NA,CC,NN,TC,AA,CC,CC,CT,AG,AG,CC,GA,CT,GG,TT,AG,AA,TC,GG,TG,GG,CC,GG,AG,AA,TT,CC,TT,NN,NN,CN,AA,CC,TC,AA,AA,GG,GG,AC,CC,AA,AA,CT,GG,GG,AT,TT,CC,NN,NN,GG,GG,CC,AA,GG,CC,AA,GG,AA,TT,NN,TT,GG,AA,AG,AG,GG,CN,TT,GG,CT,TT,GT,GG,GG,TT,GG,GA,CC,NC,CC,CC,AG,CC,CG,GG,TG,GG,GG,NN,CC,CC,AA,TT,CC,GG,AG,NN,GC,GA,TT,GN,CC,TN,CT,CC,GG,AG,CC,GC,CC,CT,TT,AA,TG,AA,AA,GG,CT,GA,CC,NN,CC,GG,TT,TC,AA,AG,TT,CC,TT,CC,TT,CA,GG,AA,GT,GT,CC,GA,GG,AA,NN,AG,GG,GG,TT,TT,CT,CC,TT,AG,TT,GN,AA,GG,GG,AG,AG,TT,TT,CT,GG,AA,AA,GA,AA,GG,GC,AA,TT,CT,GG,CC,CC,AC,AA,NN,GA,NN,GG,CC,AA,TT,AA,TT,CC,AA,GG,AG,AA,TT,GG,GG,CT,GA,CC,GA,TT,TG,TT,AG,CC,TT,NN,TT,TA,CC,TT,TG,NN,AA,TT,GA,AG,TT,CC,GT,GG,GG,TN,TC,TG,CC,GG,AG,TT,TT,CC,CC,GA,NN,TT,CC,TT,AA,AG,GC,CT,TT,CT,CC,AA,CN,CC,TT,GT,TT,AA,TT,GA,GA,GA,CC,GG,AC,TC,AA,TT,AA,CC,CC,CC,CC,NN,GG,CC,TC,CC,GA,CC,TC,NC,CG,AA,GG,CC,CC,GG,AA,CC,AA,AA,TT,GG,AG,CT,AN,AG,AA,TC,AA,GG,GG,GG,AA,CC,AA,CC,TT,NN,NN,TT,CC,CC,GG,AG,NN,AA,AG,TT,GA,AA,CC,AA,NN,TN,AA,CC,NG,CC,GG,TT,AA,NN,AG,CC,AA,TT,AA,AG,GG,GG,GG,CC,AA,CT,AA,NC,GA,GA,GA,TC,CC,GG,TT,NN,CT,TC,GG,GG,TT,NA,NN,GG,AA,TT,CC,NN,GC,TG,AA,AA,TT,AA,TT,TG,AA,NN,AA,CC,GA,TC,NN,AA,AG,TT,GA,GG,AT,AA,AG,NC,CC,TA,NN,GG,AG,CT,TT,TC,GG,GG,CC,TT,AA,GA,AA,AG,TC,AA,AA,AG,TT,NC,AA,CC,GA,CC,CC,NN,TC,CN,CC,AA,CC,GA,AG,TC,GG,TT,AA,AA,CT,NN,NC,CT,AG,CC,TA,CC,GA,TT,GG,TT,NC,GG,CT,CC,CC,CG
Finnish in Finland,,,,HG00275,,AA,CC,AC,TT,TC,GC,TT,GG,CC,NN,NN,GG,TC,CC,CG,TT,AG,GG,GG,CC,CC,AA,GG,CT,AG,NN,GT,GA,CC,CA,NT,TT,NC,AG,GG,GG,GA,GG,CC,GA,CC,CA,CT,NN,TC,CN,CC,AA,CC,CC,TT,AG,GG,CC,GA,CC,GG,TT,AG,GA,CT,AG,GG,GC,CC,GG,GG,AA,CT,CC,TT,NN,NN,CN,AA,CC,CC,AA,AA,GG,GG,CC,TC,AA,AA,CC,GG,AG,AT,TT,CC,NN,NT,GG,AA,CC,GA,GA,CC,AA,GG,AA,TT,NN,TT,GG,AA,AA,AG,GG,NN,TT,AA,CC,TT,GG,GG,GA,TC,GG,AA,TC,NN,CC,CC,GG,CC,CC,GG,TT,GG,GA,NN,CT,CC,AA,CT,CC,GA,GG,GN,GG,AG,TT,GG,CC,NN,TT,TT,GG,AA,CC,GG,CC,CC,TT,AA,GT,AA,AA,GG,TC,GA,CC,NN,CC,GG,TT,TC,GG,GA,TT,CC,TT,CC,TT,AA,GG,AG,TT,GG,CC,GG,GG,AA,NN,AG,GG,GG,TN,TT,CT,CC,TT,GG,CC,NG,AC,GA,GA,AA,GG,TT,TG,CC,GG,AA,AG,GA,AG,GG,CG,CA,TT,TC,AG,CC,CC,AA,AA,NT,GG,NN,GT,CC,AA,CT,GA,TT,CC,AA,TT,AA,AG,TA,GG,GG,TT,GG,CC,GA,TT,GG,TG,AA,TT,TT,NN,NN,TT,CC,TT,GG,NT,AG,TT,GA,GG,TG,CC,GG,GG,AA,NT,CT,GT,TC,GG,AG,NT,CT,CC,CT,GG,NN,CT,CT,TT,AA,AA,GG,CC,NT,CC,AA,GA,NN,CC,TT,TT,TT,AA,TC,GA,GG,GG,CC,AA,CC,CC,AA,TT,AA,CC,CT,CC,CC,NA,CC,CC,TT,CC,AG,CC,CC,CN,GC,AA,AA,CC,CC,TG,AG,CC,AA,AA,TA,GG,GG,CC,NN,GA,NN,TT,AA,GG,GG,GA,AA,CC,AA,CC,CT,CC,NT,NN,GG,TT,GG,GG,NG,AA,GA,TT,GA,AA,CC,AA,CC,NN,AA,CC,NG,CC,GG,TT,AA,NN,GG,CC,AA,TT,AC,GG,GG,GG,AG,CC,AT,TC,AA,CC,AG,GG,GG,TC,GC,GG,TA,NN,CT,TT,GA,GG,CC,NN,GG,GG,AA,TT,CC,NN,GG,GT,AA,AA,TT,AG,CT,TT,AA,NN,CA,CC,AG,CC,NN,AA,AA,TC,AG,CG,AA,AA,GG,NC,CC,AA,NC,GG,GG,CT,CT,TC,GG,GG,CC,GG,AA,AG,GA,GA,CC,AA,AA,GG,TT,NC,GA,CC,GG,CC,TC,NN,TC,NC,CC,CA,CC,AG,AA,TT,AA,TC,NA,AA,TC,NN,NN,CC,AA,TC,TT,GC,AG,TT,GG,TT,CC,GG,TC,CC,CC,GG
Finnish in Finland,,,,HG00276,,AA,CT,AC,TT,TC,GC,TT,TT,CC,CN,NN,GG,TC,CC,CG,TT,GA,GG,GA,CC,CC,AC,TG,TT,GG,CN,TT,GG,CC,CC,NT,CC,NC,AA,GG,GG,GA,AA,CC,GG,CC,AA,CC,NN,TC,NN,TC,GA,CC,CC,TC,AA,GA,CC,GG,TC,GG,TT,AG,GA,TT,GG,TG,GG,CC,GG,GA,AN,CT,CC,TT,TN,AN,CC,AA,CC,TT,AA,AA,GG,GG,CC,CC,AA,AA,CC,GG,GG,TA,AT,CT,NN,NN,GG,AG,CC,AA,GG,CC,AA,GG,AA,TC,NN,TT,GG,AA,AA,GG,GA,NN,CC,GA,CC,TT,GG,GA,GG,CT,GG,AA,CT,CN,CC,CC,AG,CC,CC,GA,TT,TG,GG,NN,TC,CC,AG,TT,CC,GG,GA,NN,GG,GG,TT,GG,CC,NN,CT,CC,GG,AA,TC,CG,CC,TC,GT,AA,TT,AG,AA,GG,TC,AA,CT,NT,GC,GG,TC,CT,GG,AA,TT,CC,TT,CC,AT,AA,TG,AG,TT,GG,CC,GG,GG,AA,CN,AG,AA,GA,NT,TT,CC,CC,TT,GG,TT,NN,AA,GA,GG,GA,GG,TT,TT,TC,GG,AA,AA,AA,AA,GG,CC,AC,CT,CT,AG,CC,CC,AC,AA,TN,AA,NN,TT,CC,AA,CT,AA,TT,CG,AA,GG,AG,AG,AA,GC,GG,CC,GA,CC,AG,TT,GT,TG,AA,CC,TC,NN,TN,TT,CC,TT,GT,TT,AG,TT,AA,GG,TT,CT,TT,GG,GG,NT,CT,TT,CC,NN,GG,NT,CT,CC,CC,GA,NN,TT,CC,TT,AA,GA,CG,CC,TT,TT,CA,AA,NC,CC,TT,GG,TN,AG,CT,GG,AG,GG,CC,GA,AC,CT,AA,TG,AA,TC,TC,TC,TC,NN,CC,GC,CC,CC,AA,CC,TT,NN,GG,AA,AG,TC,CT,GG,AA,CT,AA,AA,TT,GG,GA,TC,NA,AA,NA,TC,TA,GG,AG,AA,AG,CC,AA,CC,CT,CN,TN,NN,GG,TT,TG,GA,NN,AA,GA,TT,GA,AG,CC,CC,CC,TN,CA,CC,NN,CC,GG,TT,AN,NC,GA,CC,AA,TT,AA,GG,GG,GA,GA,CC,TA,TC,AA,CC,AA,GG,GG,CC,GG,GG,AT,NN,TC,CC,GA,GC,CC,NN,GG,GG,AA,CC,TT,CN,CG,TG,AA,AA,TT,AA,TT,GT,AA,NN,AA,TC,AG,CC,NN,AA,GG,TT,GG,GC,AT,AA,AA,NC,CT,AT,NN,GG,GG,TC,TT,CT,GA,CG,CC,GG,AA,GG,GA,AG,TT,AC,AA,GG,AT,CN,AG,CC,GG,CC,CC,AN,TC,CC,CN,AC,TC,GA,AA,TC,AA,TC,AA,AA,CC,NN,CN,CC,AA,CC,TA,CC,AA,NT,GG,TT,CN,GG,TT,CA,CC,GC
Finnish in Finland,,,,HG00277,,AA,CT,CC,TT,TT,GG,TT,GT,TC,CN,NN,GG,TC,CC,GC,TT,GG,GC,AG,CC,CT,AA,TG,TT,GG,CC,TT,AG,CT,CA,NT,CC,NN,GA,GT,GG,GG,GA,CC,GG,CC,AC,TC,NA,TC,CN,CC,AA,CC,CC,TC,AG,AG,CC,GG,CT,GG,TT,GG,GG,TT,GG,TG,CG,CC,GG,GG,NA,TT,CC,AT,NN,NN,CC,AA,CC,CC,AA,AA,GG,GA,CC,CC,AA,AA,CC,GT,GG,AA,TT,CC,NN,NT,GG,AA,CC,AG,GG,CC,AA,GG,AA,TT,NN,TT,GG,AA,GA,GA,AA,NN,CT,AA,CC,GT,GG,AG,GG,TT,GG,AA,CC,NC,CC,CC,GG,TC,CC,AG,TT,GG,AG,TN,TC,CC,GA,TT,CC,AA,GA,NN,CG,GG,TT,GG,CC,NN,TC,CC,GG,GA,CC,GC,CC,CC,TT,AA,GG,AA,AA,GT,TC,GA,CC,NN,GC,GG,CC,CC,GG,AG,TC,CC,TT,CC,TA,AA,TT,AG,TT,TG,CC,GG,GG,AA,NC,AA,GA,GG,TN,TT,CT,TC,NT,AG,TT,NN,AA,GG,GG,GG,GG,TT,TT,CT,AG,AA,AA,AA,AG,AG,CC,AA,TT,TT,GG,CC,CC,AA,CA,TN,AA,NN,TT,CT,AA,CC,AA,TT,CC,AA,GG,GG,GG,AT,GG,TT,TC,GA,CT,AA,TT,GG,TG,AA,TT,TT,NN,NT,AT,CC,TT,GG,TN,AG,TT,GG,GA,GG,TC,GT,GG,GG,TT,TT,TT,CC,GG,GG,TT,TC,CC,CC,AG,NN,TT,CC,TT,AA,GA,CG,TT,TT,CT,AC,AG,NC,CT,TT,GG,NN,AA,TT,AA,GG,GG,CC,GG,AA,TC,TT,TT,AA,TC,TC,CC,TT,NN,CG,CG,TT,CC,GG,CC,CC,CC,CG,AA,AA,TC,CC,GG,AA,CC,AA,AA,AT,GG,GA,CT,NN,GA,NA,TT,TA,TG,GG,GA,AA,CC,AA,CC,TT,NN,NN,TT,CC,TC,GG,AA,NN,AA,AG,TT,GA,GA,CG,CC,CC,NN,CC,CC,NN,CC,GG,TT,AA,CN,AG,CC,CA,TT,CA,GG,GG,GG,AG,CC,AA,CT,AA,CC,AG,GG,GG,CC,CC,GA,TT,NN,TT,TT,AA,CG,CC,NN,NN,GG,AA,TT,CC,NC,CC,TT,AG,AA,TT,AA,TT,TG,AA,NN,AA,CC,GG,TT,NN,GG,AG,TT,GA,CG,TA,CA,AG,CN,CC,TA,CN,GG,GG,TC,TT,CC,GA,GG,CC,GG,AA,GG,GG,AA,TC,AA,AA,GG,TT,NN,AG,CC,GA,CC,CC,NA,TT,NC,CN,AA,CT,AA,AA,TT,AA,TT,NA,NA,CT,NN,CN,CC,AG,CT,AT,CC,GG,TT,GG,TA,NC,GG,TC,CC,CC,GG
Finnish in Finland,,,,HG00278,,AA,TC,AA,TT,TC,GG,TT,TG,CC,NN,NN,GG,CC,CC,GG,TC,GA,GG,AG,CC,CC,AA,TG,TT,GG,CC,GT,GG,CC,AA,NN,CC,NC,AA,TT,AG,GG,GG,CC,GA,TC,CA,CC,AN,TC,CN,CT,GA,CC,AC,CC,AA,AA,CC,GG,CC,GA,TT,GG,GG,TT,GA,GG,CC,CC,GG,AA,AA,TC,CC,TA,NN,NN,NC,AA,TC,CC,AA,AG,AG,GG,CA,CC,CA,AA,CC,GG,GG,AA,TT,CC,GN,NN,AG,AG,CC,AG,GG,CT,AA,GA,AA,TC,NC,TT,GG,CA,AG,AA,GG,NN,TC,AG,CC,TG,GG,GA,GG,TC,GG,AA,TC,NC,CC,CC,AA,CC,CC,GA,TG,GG,AA,NN,TC,CT,GA,TT,CC,AG,GG,NN,GG,GA,TT,GG,GC,NN,TC,TC,TG,AA,CC,CG,CC,TC,GT,AA,GT,AG,AT,GT,TT,AA,TC,TT,CC,GG,CT,CC,GG,AA,TC,CC,TT,CT,TT,AA,GT,GG,TT,GG,TC,AG,GG,AA,NN,GG,GA,GG,TN,TT,CC,TC,TN,GA,TT,GN,AA,GA,GG,AG,GG,TT,GT,TT,GA,GG,AA,AG,AG,GG,CC,CC,TT,CT,GA,CC,TC,AA,AA,TN,AA,NN,TT,CC,GA,TT,AA,TT,CC,AA,GG,GG,GA,TA,GG,GG,CT,GA,CC,GG,TT,GT,GG,GA,TT,TT,NN,TN,TA,CT,TG,GT,NT,GG,TT,AA,GG,TG,CC,TG,GG,GG,NT,CT,TG,TT,GG,GG,TT,TT,CC,CT,AA,NN,CT,CT,CT,AA,GA,CG,CT,TT,TC,AA,AA,NC,CC,TT,TG,NN,AA,CT,AG,GA,GG,CC,GG,AA,CC,TT,TT,AA,TT,CC,TC,TC,NN,GG,CC,TC,CC,GA,CA,CT,NC,CC,AA,AG,CT,CC,TG,AA,CC,AA,GA,AT,GG,GG,CC,NA,GG,NN,TT,AA,GG,GG,AG,AA,CC,AA,CG,TT,CN,NN,NN,GG,TT,GT,GG,NN,AA,AA,CT,GG,AG,CG,AC,CC,NT,AC,CC,NG,CC,GG,TT,AA,NN,GG,CC,AA,TT,CC,GG,TG,GG,GA,CC,AA,TT,AA,CN,AA,GA,GA,TC,GG,GG,TA,NN,CC,CT,AG,CG,CC,AN,GG,GG,AA,TT,CC,NN,GG,GT,AA,AA,TT,AA,CC,TG,TA,GN,AA,CC,GG,TC,NN,AG,GA,TT,AG,GG,AA,AC,AG,CC,CC,TA,NN,GA,GG,TC,TT,CC,AG,GG,CC,GG,AA,GG,GG,AA,CC,AA,AA,AA,AA,CC,AA,CC,GG,TC,CC,NN,CT,CC,NC,AA,CC,AA,AA,CC,GG,CC,AA,AA,TC,NN,NC,CC,AA,CT,TA,CC,AA,NT,GG,TT,NC,GG,CC,CC,CC,CC
Finnish in Finland,,,,HG00280,,NA,CC,AC,TT,CT,GG,TT,GT,CC,CN,NN,GG,CC,CC,GG,TT,GG,GG,AG,CC,CC,AA,GG,CT,GG,NC,TT,GG,CC,CA,NT,CC,CC,AA,TT,GG,GG,GG,CC,AA,CC,AA,CC,NN,CT,NN,CC,AA,CN,CC,TT,AA,GG,CC,GG,CC,GG,TT,GA,GG,TC,GG,TG,CC,CC,CG,GG,AA,TT,GC,AT,NN,NN,CC,AA,CC,CT,AA,AA,GG,GG,CA,CT,AA,AG,CT,GG,GG,AA,TT,CC,NG,TN,GA,GG,CC,AA,AA,CC,AA,GA,AA,TT,NN,TT,GG,AC,GA,GG,GA,NN,CT,AA,TT,TG,GG,GG,GG,TC,GG,AG,CC,CN,CC,CC,GG,CC,CC,AA,TT,GT,GG,NN,CT,CC,AA,CT,CC,GG,GG,NN,CC,AG,TT,NG,CC,NN,TC,CC,GG,GA,CC,GG,CC,CT,TT,AT,TG,AA,AA,GG,CC,AA,CC,NN,CC,GG,TT,CC,GG,GG,TT,CC,GT,CC,AT,AA,TG,GG,TG,GG,CC,GG,GG,AA,CN,AA,GG,GG,NT,TT,TT,CC,NT,AG,TC,NG,CA,GG,GG,GG,GG,TT,GG,CC,AA,AA,GA,AA,GG,GG,CC,AA,TT,TT,AG,CC,CC,CA,AA,NN,AA,TT,TG,CC,AA,CC,GA,TT,CC,AA,GG,AG,AG,AA,GG,GT,CT,GG,CC,AA,GT,GT,TG,GA,CT,TT,AN,TT,TA,CC,TT,GG,TT,GG,TT,AA,GG,GG,CC,GG,GG,GG,NT,CT,GT,TT,NG,AG,TT,TT,CC,TC,GA,NC,TC,TC,CT,AA,AG,GC,TC,TT,CC,AA,AA,CN,CC,TT,GG,NT,AA,TT,GA,GA,GG,CC,AA,AA,CC,TA,TT,AA,CC,TC,CC,CC,AN,GG,CC,TC,CC,GA,CC,TC,NC,GC,AA,AG,CC,CC,GG,AA,CC,AC,AG,AA,GG,GG,CC,NA,GA,NN,TC,AA,GG,GG,GG,AA,CC,GG,CG,TC,CC,NN,NT,GC,TC,TT,GG,NN,GA,AA,TT,AA,AA,GC,AA,CC,NN,CA,CC,NN,CC,GG,TT,NA,CN,AG,CC,AC,AT,AC,AG,TG,GG,GA,CC,TA,TT,AA,CC,AA,GG,GG,CC,GG,GG,AT,NN,CC,CT,GG,GG,TC,NN,NN,GG,AA,CT,TC,CN,GG,TG,AA,GG,TC,AA,TT,GT,AA,NN,AC,CC,GA,CT,NN,AA,AG,TT,GG,GG,TT,AC,AA,NC,CT,AA,NN,AG,GG,TT,TC,CC,GG,CG,CC,GG,AA,GG,GA,AA,TC,AA,AA,AA,TA,NN,AA,CT,GA,TC,TC,NN,TT,CN,CC,AA,CT,AG,AA,TT,AA,TC,AN,AA,CT,NN,NN,CC,GA,CT,TA,CC,GG,TT,GG,TT,NC,GG,CC,CC,CC,GG
Finnish in Finland,,,,HG00281,,AN,CC,AA,TT,TC,GG,TT,GG,CC,CN,NN,GG,CC,CT,GG,TT,GA,GG,GG,CC,CC,AA,TT,TT,GG,CC,TG,GG,CC,CA,NT,TC,NC,AA,TG,AA,AG,GA,AA,GG,TC,AA,CC,NN,CT,NC,CC,AA,CN,CC,CT,GA,AA,CC,AG,CC,GG,TT,GG,GA,TT,GG,GG,GC,CT,GC,GA,NA,TT,CC,TT,NN,NN,NC,AA,CT,TC,AA,AA,GG,GG,CC,CC,AA,AA,CT,GT,GG,AA,TT,CT,NN,NN,GG,GG,CC,AG,GG,CC,CA,GG,AA,CT,NN,TT,GG,AA,GA,GA,GG,NN,TC,AG,TC,GT,TG,GG,GG,TT,GG,AG,TC,NN,CC,CC,GG,CC,CC,GG,TT,GT,GG,NN,CT,CC,AA,TT,CC,AA,GG,NN,GC,GG,TT,GG,GG,NN,TT,CC,TT,AA,CC,CC,CC,TC,GT,AA,GG,AG,AT,GG,CC,GA,CC,NT,GC,GG,CT,CC,GG,AA,TC,TC,TT,CC,TT,CA,GG,AA,TT,GG,CC,GG,GG,AA,NN,GA,GG,GG,NN,TT,TT,CC,TT,GG,CT,NG,CA,GG,GG,AA,AG,TT,TT,CC,AA,AG,AA,AA,AA,GG,GG,CA,CT,TC,GG,CC,CT,AC,CA,TN,AA,NN,TT,CC,AG,TT,AA,TT,CC,AA,GG,AG,AG,AA,CG,GT,CT,GG,CC,AA,TT,TG,GT,AG,TT,TT,NN,TN,AA,CC,TT,GG,NT,AA,TT,GA,AG,TT,CC,GT,GG,GA,TT,TT,GT,CC,GG,GG,TT,TC,CC,CC,GG,NN,TT,CT,TC,AA,GG,GC,CC,TT,TC,AA,AA,CN,CT,TT,TG,TT,AA,TC,GA,AA,GA,TC,GG,AA,CC,TT,TT,AA,CT,CC,TC,TC,AN,CC,CC,TT,CC,GG,CC,TT,NN,GG,GA,GG,CC,CC,TG,AG,CC,AA,AG,AA,GG,GG,TC,NN,AA,AN,TT,AA,TG,GG,AG,AA,TC,GG,CC,TC,NC,TN,TN,CG,CC,GT,GG,NN,AG,AA,TT,AG,AA,CC,AC,CC,NN,AC,CC,NG,CC,GG,TT,AA,NN,GG,CC,AA,TT,AA,GG,GG,GG,GG,CC,TA,TC,AG,CC,AA,GA,GA,CT,CG,GG,TT,NN,CC,TT,GG,GG,TC,NN,GN,GG,AG,CC,TT,NC,CC,TT,AA,GA,TT,AG,TT,GG,AA,GN,AA,CC,GG,TC,NN,AA,GA,TT,GG,GG,AA,AA,GA,CN,TC,TA,NC,GG,GG,TT,CT,CC,GG,GG,CC,GG,AA,GG,GG,GA,CT,AA,AA,GG,TA,NC,GA,CC,GG,CC,CC,NN,CT,CC,CN,AA,TC,AA,AA,TT,AA,CC,AA,AN,TT,NN,CN,CC,AA,CT,AA,GG,AG,TT,TG,TT,CC,GG,CC,CC,CC,GG
Finnish in Finland,,,,HG00282,,AA,CC,CC,TT,TC,CG,TT,GT,TC,NN,NN,GG,TC,CT,GC,TC,GG,GG,GG,CC,CC,CA,GG,TT,GG,NC,TT,GG,CC,CC,NT,CC,NN,AG,TT,GG,AA,AA,AC,GA,TC,CC,CC,NN,TC,NN,CC,AA,NC,CC,CC,GA,GG,CC,GG,CC,GG,TT,AG,GA,TC,AG,GG,CC,CC,CG,GA,AA,TT,CC,TT,NT,AA,NC,AA,CC,TT,GA,AA,GG,AG,AC,CC,AC,AA,CT,GG,AG,AA,TT,CC,NN,NN,GG,AG,CC,AG,GG,TC,AA,GG,AA,TT,NC,TT,GA,CA,AA,AG,GA,NN,TC,GA,TT,TT,GG,GG,AG,CT,GG,AA,CT,NN,CC,TC,GG,CC,GC,GG,GT,GG,GG,NN,TC,TC,AA,TT,CT,AG,GG,NN,GG,GG,TT,GG,GC,NN,TT,TC,TG,AA,CC,GG,CC,CC,TT,AA,TT,AG,AA,GG,TT,AA,CC,NN,CC,GG,CT,CC,GG,AG,TT,CT,TT,CC,TT,AA,TT,GG,TT,GG,CC,GA,AG,AA,CN,AG,GG,GG,NT,TT,CT,CC,TN,GA,TT,NN,AA,GA,GG,AA,GG,TT,TT,CC,GG,AA,AA,AG,AG,GG,GC,AA,TT,TT,AG,CT,CT,AA,AA,TT,GG,TN,GG,TC,AA,TC,AA,TT,GC,GA,GT,GG,GG,TA,GC,GG,CC,GG,CC,AG,TT,TG,GT,AG,TC,TT,NN,TN,TA,CC,TT,GT,NT,GG,TT,AG,GG,TT,CT,GT,GG,GG,TT,TT,GG,TC,NG,GA,TT,TT,CC,CC,AG,NN,TC,CT,TT,AC,GG,CG,TT,TT,TC,AA,AA,NC,CC,TT,GG,TN,AA,CT,AG,AA,GA,TT,GG,AA,CC,AA,TT,AA,CC,CC,CT,TT,AN,CC,CC,CT,CC,AG,CC,CT,NC,GG,AG,GA,TT,CC,TT,AA,CC,AA,AA,AT,GG,AG,CC,AN,AA,NN,TT,AA,GG,AG,AG,AA,CC,AA,CG,CC,CC,NT,TN,CC,CC,GT,GG,NN,AA,AA,CT,AA,GA,CC,AC,CC,TN,AA,CC,NN,CT,GG,GG,AA,CN,GG,CC,AA,TA,CC,GG,GG,GG,GG,CC,TT,CT,AA,CC,GA,GG,GG,CT,CG,AG,AT,NN,CC,CT,GA,GC,CC,AN,NN,GG,AA,CT,TC,NN,CC,GT,AG,AA,TT,AA,TC,GG,AA,NG,AA,CC,GG,CC,NG,GA,GA,TT,GG,GG,AA,CA,GG,CN,CC,AA,NN,GG,GG,TT,TT,CC,GA,GG,CC,GG,AA,GG,AG,AA,TT,AA,CA,GG,TA,NC,GA,CC,GG,CC,TC,NN,CT,CC,CC,AA,TC,AA,AA,TC,AA,CT,AA,AA,CC,NN,NN,CC,AA,CT,AT,CG,AA,TT,GG,TT,CC,GG,TT,AA,TC,GC
Finnish in Finland,,,,HG00284,,AA,CC,AC,TT,CT,GG,TT,GG,TC,NN,NN,GA,CC,TC,GG,TT,AA,GG,GG,CC,CC,AA,GT,TC,AG,NC,GG,GG,CC,AA,TN,TC,NN,AA,TG,GG,AA,AA,AA,GG,CC,CA,CC,NN,TT,NN,CC,AA,CC,CC,TC,AA,GG,CA,AG,CC,GG,GT,GA,AG,TT,AG,GG,GC,CC,GG,GG,NA,TT,CC,AA,NN,NN,CC,TA,CC,CT,AA,AA,GG,GG,CC,CC,AA,AA,TC,GT,GG,AA,AT,CC,NN,TN,GG,GA,CC,GG,GG,TC,AC,AG,AA,CC,NN,TT,GG,AA,GA,GG,GA,NN,CC,AA,CT,TG,GG,AA,GG,TT,GG,AA,TC,NN,CC,CT,GG,CC,CG,AA,TG,GG,GG,NN,TT,CC,GA,TT,CC,AG,AA,NN,GG,GG,TT,GG,CC,NN,TT,CC,GG,AA,CC,CC,CC,TT,TT,AA,GG,AG,AA,GG,CC,GA,CT,TT,CC,GA,TT,CC,AG,GG,CT,TC,TT,CC,TT,AC,TT,GG,TG,GG,CC,AG,GG,AA,NC,GG,GG,GG,TN,TT,TT,CT,TT,GG,CT,GG,AA,AG,GG,GG,AA,TT,TT,CC,GG,AA,AA,AA,GG,GG,CC,CC,CC,TC,GG,CC,TC,AC,AA,NN,AG,NN,GT,CC,AA,TT,AA,TT,CC,AA,GT,GA,AA,TT,CG,GG,CC,GG,CC,AA,TT,TG,TG,AG,CT,TC,AA,TN,AT,CC,TT,GT,TT,GG,TC,AA,GG,GG,CC,GG,GG,GG,TT,TT,TG,CC,GG,GG,TT,CT,CC,CC,GA,NN,TT,CC,TT,AC,GG,CG,TT,TT,CT,AA,AA,NC,CC,TT,GG,NT,AG,CT,GA,GA,GG,CC,GG,AA,CC,AT,GG,AA,CT,CC,CC,CT,AA,GC,CC,TT,CC,GG,CC,CC,CN,CC,AA,AG,CC,CC,GG,AA,CC,AA,AA,AT,GG,GG,CC,NN,AA,NA,TT,AA,GG,GG,GG,AG,CC,AA,GC,CT,CN,TN,NT,CC,CT,GG,GG,GN,AG,AA,TT,AG,GG,CC,AA,CC,NN,CA,CC,GN,CC,GT,TT,AA,NN,GG,CC,AA,TT,CA,GG,GG,GG,GG,CC,AA,TC,AG,CC,GA,GA,GA,CC,GG,GG,TT,NN,TT,TT,AA,GG,CT,NN,NG,GA,AG,TC,CT,NN,CG,TT,AA,GA,TT,AA,TT,GG,AA,GN,AC,CC,GA,TC,NG,AA,AA,TT,GG,CG,AA,AA,GA,NN,TC,TT,NN,GG,GG,TC,TT,CC,GG,GC,CC,TG,AA,GG,GG,GA,TT,AA,CA,AA,AA,NN,AG,CC,GG,TT,CT,NN,CT,CC,CN,AA,TC,AA,AA,CT,AG,CT,AA,NA,CC,NN,NN,CC,AA,TC,AA,CC,GA,TT,GG,TA,NC,GG,CC,CA,CT,GG
Finnish in Finland,,,,HG00285,,AA,CC,AC,TC,TC,GG,TT,GT,CC,NN,NN,GG,CC,TC,GG,CT,GA,GG,GA,CC,CC,AA,TG,TT,AA,NN,TT,GG,CC,AC,NN,CC,NC,AA,TG,AG,AG,AA,CC,GG,CC,AA,CC,NN,TT,NC,CC,AA,CC,CC,CT,AA,AG,CA,AG,CC,AG,TT,GG,AG,TT,GG,GT,GC,CC,GG,GA,AA,TT,CC,AT,TN,AN,CN,AA,CC,TT,AA,AG,GG,GA,CC,CC,AA,AA,TT,GG,GG,AA,AT,CT,GG,NN,GG,GG,CC,GA,GA,CC,AA,GA,AA,TT,NN,CT,GG,CA,AA,AG,GA,NN,CC,AG,TT,TT,GG,GG,GG,TT,GC,AA,CT,CN,CC,CT,GG,CC,CC,GA,TT,TG,GA,NN,CC,TC,AA,CT,CC,GG,AA,NN,GC,GA,TT,GG,CC,NN,TC,TC,TG,GG,CC,GC,CC,TC,TT,AA,GG,AA,AA,GG,CC,AA,CC,TN,GG,GG,TC,CT,GG,AA,TT,CC,TT,CC,TA,AC,TT,GA,TT,GG,CC,AG,GG,AA,NC,AA,GG,GG,NN,TT,CC,TC,TT,GG,CC,GG,AA,GG,GG,GG,GG,TT,TT,CC,GA,AA,AA,GA,GG,GG,GC,AA,TT,TT,GG,CC,TC,AC,AA,NN,AA,TN,GG,CC,GA,CC,AG,TT,CG,AA,GG,GA,AA,TT,GG,GG,TT,GG,CC,AA,TT,GT,GT,AG,CT,CT,AN,NT,AT,CC,TT,GG,TT,AA,TT,AA,GG,GT,TC,GG,AG,GG,NN,CC,TG,TT,GG,GG,TT,TT,CC,CT,AA,NN,TT,CT,CT,CA,GG,CG,TT,TN,CT,AA,AA,CN,CC,TT,GG,NN,GG,CT,GA,AG,AA,TC,GA,AA,CT,TT,TT,AA,CC,CT,CC,TT,NA,CC,CC,TT,CC,GG,AC,TC,NN,GC,AA,AA,TC,CC,TT,AA,CC,AA,AG,AA,GG,GG,CC,NN,AG,NN,TT,AA,GG,GA,GA,AA,CC,AA,GC,CT,NN,NN,TT,CC,CC,TT,GG,NN,AA,AA,TT,GA,GA,CC,CA,CC,NN,AC,CC,NN,CC,GG,TT,AN,NC,GA,CC,AA,TA,CA,GG,GG,GG,AA,TC,AT,TT,AA,CC,AA,GG,GG,CC,GC,GG,AT,NA,TC,TT,AG,CG,CT,NN,GN,AG,GA,CC,TT,CN,CG,GT,AA,AA,TT,AA,TC,GT,AA,NG,AA,CC,GG,TT,NN,AA,AA,TT,AG,CG,AA,AA,GA,CN,CC,TT,NN,AA,GG,CC,TC,TT,GG,GG,CC,GG,AG,GG,AG,AA,CC,AA,CA,GG,TT,NN,AA,CC,GG,TC,CC,NN,TC,CC,CN,AA,CC,AA,AA,TC,GA,TC,AA,AA,TC,NN,NC,CC,AA,CC,AT,CC,GA,TT,GG,TA,NC,GG,CT,CC,CC,CC
Finnish in Finland,,,,HG00288,,AN,CC,AC,TT,TC,GG,TT,GT,TC,CN,NN,GG,CC,CC,GC,TT,AG,GG,GA,CC,CC,AA,GG,CT,GA,NN,TT,GG,CT,AA,NT,CC,CN,AA,GT,AG,AG,AA,CC,AG,CC,AA,CT,NN,CT,NN,CT,AA,NN,CA,TT,AA,GA,CC,GG,CC,GG,TT,AA,AG,TC,AG,TG,CC,TC,GG,GG,AA,TT,CG,TT,NN,AA,CN,AA,CC,TC,AA,AG,GG,GG,AA,CC,AA,AA,CC,GG,GG,TA,TT,TC,NN,NN,GG,AG,CC,GA,GG,TT,AA,GG,AA,CT,NC,TT,GG,AA,GG,GG,AG,NN,CC,AG,TT,GT,GG,AG,GG,TT,GG,AA,CC,NC,CC,CC,GA,CC,CC,AG,TT,GG,GG,TT,CC,CC,AA,CT,CC,GA,GG,NN,CG,AG,TT,NG,CC,NN,TC,TT,TG,AA,CT,GC,CC,CC,TT,AA,GG,AA,AT,GG,CT,AA,CC,NN,CC,GA,TT,TC,GG,AG,CT,CC,TT,CC,TT,AA,TG,AG,GT,GG,CC,AG,GG,AA,NN,GG,GG,GG,TN,TT,CC,TC,TT,GG,TT,NN,AA,GA,GG,GA,GG,TT,TT,TT,AA,AA,AA,AG,GA,GG,CC,AA,CC,TT,GG,CC,CT,CA,AA,NN,GA,NT,TG,CC,GA,TT,AA,TT,CG,AA,GG,GA,AA,TT,GG,GT,CC,GG,CC,GA,GT,GT,TT,AG,TC,TC,NN,NT,TA,CC,TT,GG,TN,AG,TT,GG,GA,GG,CC,GG,GA,GG,TT,TT,TT,TT,GG,GG,TT,CC,CC,CC,GA,NN,CT,TT,TT,CA,AG,CG,CT,TT,TT,AA,AA,CN,CC,TT,GG,NN,AG,TT,GG,GA,GA,CC,AG,AA,CC,AA,GT,AA,CC,CC,CT,TT,AN,GG,CC,TC,CC,GA,CC,TT,NN,GG,AA,AG,CC,CC,GT,AA,CC,AA,AA,TT,GG,GA,CC,AN,AG,AN,TC,AA,GG,AG,AA,AA,CC,AA,CG,TT,NN,NN,TT,CC,CT,TG,GG,NG,AA,GA,TT,AA,GG,CC,CA,CC,TN,CA,CC,NN,CC,GG,TT,AA,NN,GG,CC,AA,TT,AC,GG,GG,GG,GG,CC,TA,TT,AA,CN,AA,GG,GG,CC,CC,GG,TT,NN,CC,TC,AA,GG,CT,AN,GG,GG,AA,TT,CC,NN,GC,TT,AA,AA,TT,AA,TT,GT,AA,NN,AA,CC,GG,CC,NN,AG,GA,TT,GA,GG,TA,CA,GA,NN,CC,TA,NN,AG,AG,CC,TT,CC,AG,GG,CC,GG,AA,GG,GG,AG,CT,AA,AA,AA,TT,NC,AG,CC,GG,TC,CC,NN,CC,NC,CC,CA,CC,AA,AA,TT,AA,TT,NA,NA,TT,NN,CN,CC,AA,CT,AT,CC,GG,TN,GG,AA,CC,GG,CC,CC,CC,CG
Finnish in Finland,,,,HG00290,,NA,CC,CA,CT,TT,GC,TT,TG,CC,NN,NN,GG,CC,CT,GC,CT,GA,CG,AA,CG,CC,AA,GG,TT,GA,CN,GT,GG,CC,AC,TN,CC,NN,AA,GT,GA,AA,GG,CC,GG,CC,CA,CC,NN,CT,NC,CC,AA,CN,CC,TC,AA,AG,CC,AG,TC,GG,TT,AG,AA,TC,GG,GT,CC,CC,GG,GG,AA,TT,CG,TT,TN,NN,CC,AA,CC,CT,AA,AA,AG,GG,CC,CC,AA,AA,CC,GG,GG,AA,TT,TC,NN,NT,GG,AG,CC,AG,GG,CT,AA,GG,AA,CT,NN,TT,GG,AA,AA,AG,GG,NN,TT,GA,TT,TG,GG,GG,GG,TT,GG,AA,CC,NN,CC,CC,GG,CC,CC,GG,TT,GT,GG,NN,CT,CC,GA,TT,CC,AA,AA,NN,GG,AA,TT,GG,CC,NN,TT,TT,TT,AA,CC,GG,CC,CT,TT,AA,GT,AA,AA,GT,CC,GA,TC,NT,CC,GG,CT,CT,GG,GA,TT,CC,TT,CC,TA,AA,TG,AG,TT,TT,CC,GA,GG,AA,NN,AA,GA,GG,NN,TT,CC,TT,TT,GG,TC,NG,AC,GG,GG,GG,GG,TT,TT,CC,GA,AG,AA,AA,AG,GG,GG,AA,TT,CC,AG,CC,CT,AC,AA,TT,AA,TN,TT,CC,GA,CT,AA,GT,GC,AA,GG,GA,GA,AT,GG,TG,TC,GA,CC,AA,TG,TG,GT,GA,TT,TT,NN,NT,TT,CC,TT,GG,TT,GA,TC,AA,GG,TG,CT,GT,GA,AG,TT,TT,TT,TC,GG,GA,TT,TT,CC,CC,AA,NN,TT,CC,CC,AA,AG,CG,CT,TT,TT,AA,AA,NC,CC,TT,TG,TT,AA,TT,GG,AG,AG,TC,GG,AA,TC,TT,TT,AA,CT,CC,CC,CT,AN,CC,CC,TC,CC,GA,CC,CT,CN,CG,AA,AA,CC,TC,GG,AA,TC,CA,AG,TA,GG,GG,CC,NN,GA,NN,TT,AA,GG,AG,AA,AA,TC,GA,CC,TC,NC,NN,TN,CG,CT,TG,GG,NN,AA,AA,TC,AG,AA,GC,AA,CC,NN,AA,AC,NN,CC,GG,TT,AA,NN,GG,CC,AA,TT,AA,GG,GG,GA,GG,CC,TT,CT,AA,CC,AG,GG,GG,TT,GC,GG,TT,NN,CC,TC,AG,GG,TT,NN,GN,GG,AA,TT,CC,NN,GG,GT,AA,AA,TT,AA,CT,TG,AA,GN,AA,CC,GG,CC,NG,AG,GG,TT,GG,GG,TA,AA,GA,CN,CC,AA,NN,AG,GG,CC,CT,CC,GG,GG,CC,GT,AA,GG,GG,GA,TT,AA,AA,AA,TT,CN,AA,CC,GG,CC,CC,NN,TC,NC,NC,AA,TC,AA,AA,TC,GA,CT,AA,AA,TC,GN,NN,CC,AA,CT,TA,CG,AA,TT,GG,TT,NC,GG,CT,CA,CC,GG
Finnish in Finland,,,,HG00304,,NA,TC,AA,TT,TT,GG,TT,GT,CC,NN,NN,GG,CC,TT,GG,TT,GG,GG,GG,CC,CC,AC,TG,TT,GG,CN,TT,GG,CC,AC,NN,CT,NN,GA,TT,GG,GG,AG,AC,GA,CT,AA,CT,NN,TC,CN,CT,GA,CN,CC,CT,AA,AG,CC,AG,TC,GG,TG,GG,AA,CC,GG,TT,CC,CC,GG,AG,NA,TC,GC,TT,TN,NA,CC,AA,CC,CC,AA,GA,GG,GG,CC,CC,CA,AA,CC,GG,GG,AA,TA,TC,NN,TT,GG,AG,TC,GA,GG,CC,AC,GG,AA,TC,NN,TT,GG,CA,AA,AG,GG,NN,CT,AG,TT,TT,GG,GG,GG,TT,GG,AA,CT,NC,TT,CC,GG,TC,CC,GG,TT,GG,GG,NN,CC,CC,AA,TT,CC,GG,GG,NN,GG,GG,TT,GG,CC,NN,TT,CC,GG,GA,CC,CG,CC,TC,TT,AA,GT,AA,AA,GG,CC,AA,CT,TN,CC,AG,TT,TC,GG,AA,TT,CT,TT,CC,TT,AA,TT,GA,TG,GG,TC,AG,GG,AA,NN,GG,GG,GG,NN,TT,TT,CT,TT,GA,CC,GG,AA,GA,GA,AA,GG,TC,GT,CT,AG,AA,AA,AA,AG,GG,GC,AC,CT,CT,GG,CC,CC,AC,AA,NT,GA,NN,TT,CC,AA,CT,AA,TT,CC,AA,GG,AG,AG,TT,GG,TG,CC,GG,CC,AA,TG,GT,GT,GG,TC,TT,NN,TN,AT,CT,TG,GT,TT,AG,TT,GA,AG,TG,CT,GG,GG,AG,TT,TT,TG,TT,GG,GG,TN,TC,CC,CC,GG,NN,TT,CT,CT,AA,AG,GC,TC,TT,CT,AA,AA,CN,TC,TT,GG,TN,AA,CT,AA,AA,AA,CC,AG,AA,CC,AT,TT,AA,CC,CC,CC,CC,NN,CC,CC,CC,CC,AA,CC,CC,CN,CG,AA,AA,CT,CT,GG,AA,CT,AA,AA,TA,GG,GA,CC,AA,AA,NA,TT,AA,GG,GG,AG,GA,CC,AA,CG,CT,CC,NN,TT,CC,CC,TG,GG,NN,AG,AG,TT,AA,AA,CC,CC,CC,TN,CC,CC,NG,CC,GG,TT,AA,NN,GG,CC,AA,TT,CC,GG,GG,GG,AG,CC,TT,TC,AA,CN,AA,GG,GG,CC,GC,GG,TT,NN,CT,CT,AA,CG,TC,NN,GN,GG,AA,TC,CT,NN,GG,GT,AA,AA,TT,AG,TC,GG,TA,GN,AA,CC,GG,TC,NN,GA,AA,TT,GG,GG,AT,AA,AA,NN,CC,TT,NN,AG,GG,TT,TT,CT,GA,GG,TC,GG,AA,GG,AG,AA,TC,AA,AA,GA,TA,CN,AA,CC,GG,CC,TC,NN,TT,NN,CC,AC,CC,AG,AA,TC,AA,TC,AA,AA,TT,NN,CN,CC,AA,CC,AT,CG,GA,TT,GG,TT,CC,GG,CT,CC,CC,GG
Finnish in Finland,,,,HG00306,,NA,CC,CC,TT,TC,GG,TT,TT,CC,NN,NN,GG,CT,TC,CG,TC,GG,GG,AA,CG,CC,AA,GG,TT,AG,NN,GG,GG,CC,AC,TN,TC,NC,AA,TG,GG,GG,GG,AC,AA,CC,AA,TC,NN,TC,CN,CT,AA,CC,AC,CC,AA,AG,CA,AG,CC,GG,TT,AA,GG,CC,AG,TG,GG,TC,GG,AG,AA,TT,CC,TA,TN,AN,CC,AT,CC,CC,AA,AA,GG,GG,CA,CC,AA,GA,CC,GG,GG,AA,TA,CC,NN,NN,GG,GG,CC,AA,GG,CC,AA,GG,AA,TT,NN,TT,GG,AA,AA,GG,GG,CN,CC,GA,TT,TT,GG,AG,GG,TT,GG,AG,TC,NN,CC,CC,GG,CT,CC,GA,GT,GG,GA,NN,TC,TC,AA,TT,CC,GG,GA,NN,CG,GG,TT,GG,CC,NN,TT,CC,GG,AG,CC,GG,CC,CC,TT,AA,TG,GA,AA,TT,CT,AG,CC,NN,GC,GG,TC,CC,GG,AA,TT,TC,TT,CC,TT,AA,TT,AA,TT,GG,CC,AG,GG,AA,NN,AA,GG,GG,NT,TC,TT,TC,TN,AA,TC,NN,AA,AG,AG,AA,GG,CT,TT,CC,GG,AA,GA,AA,GG,GG,GG,CA,CC,TC,GG,CC,TC,AA,AC,TN,AA,NN,GT,CC,AA,TT,AA,TT,CG,AA,TG,GG,AA,AT,GC,GG,TC,GG,CC,GG,TT,TT,GT,AG,TC,TT,NN,TT,AA,CC,TT,TT,NN,AA,TT,AA,GG,TG,CT,GT,GG,GG,TT,TT,TT,TC,GG,GG,TT,CT,CC,CC,GA,NN,TT,CT,TT,AA,AG,CC,TC,TT,CT,AC,AA,CC,CC,TT,TG,TT,GA,TT,GG,GA,GG,CC,GG,AA,CT,TT,GT,AA,TC,CC,CC,CC,NN,CC,CC,CC,CC,AA,CA,CT,NC,GC,AA,AA,CT,CC,GT,AA,CC,AA,AA,TA,GG,GG,CC,NN,AG,NA,TT,AA,GG,GG,GA,AG,TC,AA,GC,TT,NC,NN,NT,GC,TC,TG,GA,NG,AA,AA,CT,GA,AG,CG,AA,CN,NT,CA,AC,NN,CC,GG,TT,AA,NN,GG,CC,CA,TT,CC,GG,GG,AG,GG,TC,AA,CT,AA,CC,AA,GG,GG,TC,GG,GG,TT,NN,CC,TT,AG,GG,TC,NN,NG,GG,AA,CT,TC,CN,GC,TT,AA,GA,TT,AA,CT,TG,AA,NN,AA,CC,GA,CC,GN,AA,GG,TT,GG,GG,AT,AC,AA,NC,CC,AT,NN,GA,GG,CT,TT,TC,GG,GG,CC,GG,AA,GA,GA,AA,TT,AA,AA,GA,TT,NN,AA,CC,GG,CC,CC,NN,TT,CN,CC,AA,CC,GA,AA,CT,GG,CT,AA,AN,TT,NG,NC,CC,GA,CT,TA,CC,AA,TT,GG,TT,NC,GG,CT,CC,CC,GG
Finnish in Finland,,,,HG00308,,NA,CC,CA,TT,TT,GG,TT,GG,CC,NC,NN,GG,TC,CC,CC,TT,GA,GG,GA,CC,CC,AA,GG,CT,GG,NC,TT,GG,CC,CC,NN,CT,NC,AA,TG,GG,GA,AA,AA,GG,CC,AA,CC,AN,TT,CN,CC,AA,CC,CC,TT,AA,AA,CC,GG,CT,AG,TT,GG,AG,TT,GG,GT,GC,TC,GG,GG,AA,TT,CC,TT,NT,NN,NN,AA,CC,CT,AA,AA,GG,GG,AA,CT,AA,AA,TC,TG,GG,AA,TT,CC,NN,NN,GG,GA,CC,GA,GG,CT,AA,GG,AA,TC,NN,TT,GG,AC,GG,GG,GA,NN,CC,AG,TC,GT,GG,GG,GG,TT,GG,AA,CC,CN,CC,CC,GA,CC,CC,GA,TT,GG,GA,NN,CC,CC,AA,TC,CC,GA,GA,NN,GG,GG,TT,GG,CC,NN,CT,CC,GG,AG,CC,GG,CC,CC,TT,AA,TG,GA,TA,GG,CC,AA,CC,NN,GC,AA,CC,TT,GG,GA,TT,TC,GT,CC,AT,CC,TG,GG,GT,GT,CC,GA,GG,AA,NC,GA,GG,AG,TN,TT,CC,CC,TT,GA,TT,NN,AA,GG,GG,AA,GG,TT,TT,CC,GG,AA,AA,AA,AA,GG,CG,CA,CT,TC,GG,CC,CC,AA,CA,TN,AG,NT,TT,CC,GA,TT,AA,TT,CC,AA,GG,GG,AA,AT,GG,TG,TT,GG,CC,AG,TT,GT,GG,AG,TT,TT,NN,TN,TT,CC,TT,GG,TT,AA,TT,AA,GG,TG,CC,TG,AG,GG,TT,TT,TT,TT,NG,AG,NT,CC,CC,CC,GA,NN,TT,CC,TT,AA,GG,CC,TC,TN,CC,AA,AA,CC,CC,CT,GG,NN,AA,CT,GA,GG,GG,CC,GG,AA,CC,AA,TT,AA,CC,CC,CT,CT,NN,GC,CC,TT,CC,GA,CC,CC,CC,GG,AA,GG,CT,CC,GG,AA,CC,CA,AA,TT,GG,AG,CC,AN,AA,NN,TT,AT,TG,GA,GA,AA,CC,AA,GG,TT,NC,NN,TT,CC,CT,GG,GG,NN,AG,AA,TT,GA,GG,CC,AA,CC,NN,CA,CC,NN,CC,GG,TT,AA,NN,GA,CC,AA,TT,AA,GA,GT,GG,GA,CC,TA,TC,AA,NC,AA,GG,GG,CC,CG,GA,TA,NN,CC,TC,GA,GG,TC,NN,NN,GG,AA,TT,CC,CN,GG,GT,AA,GG,TT,AA,TT,GG,AA,NG,AA,CC,GG,TT,NN,AG,AG,TT,AG,GG,AA,AA,GG,CN,CC,AT,CN,GA,AG,CC,TT,TC,AG,GG,CC,GT,AG,GG,GG,AA,CT,AA,AC,AG,AA,CC,AG,CC,GG,TC,CT,NN,CC,CC,CN,AC,CC,AA,GA,CT,AA,CT,NA,NA,CC,NG,NC,CC,AA,CC,AT,GC,AG,TN,GG,TT,CC,GG,TT,CA,CC,GG
Finnish in Finland,,,,HG00309,,NA,CT,AA,TT,TC,GG,TC,GT,CC,NC,NN,GA,CC,CC,GG,CC,GG,GG,GG,CC,CC,AA,GT,TT,AG,NN,TT,GG,TC,AA,TN,CT,CN,AG,TT,GG,AG,AA,CA,GG,CC,AA,TC,NN,CC,NN,CT,AA,NC,CA,CT,AA,GA,CC,GG,CC,GG,TT,AA,GG,TC,GG,GT,GG,CC,GG,GG,NA,TT,GC,TT,NN,AN,CC,AA,CC,TC,AA,AA,GA,GA,AC,CC,AA,AA,CT,GG,GG,AA,AT,CC,NN,NN,GG,AG,CT,GA,GG,CC,CA,GG,AA,CT,NN,TT,GG,AA,AA,GG,GG,NN,TC,AA,CT,TT,GG,GG,GA,TC,GG,AA,CC,CN,CC,CT,GG,CC,CC,AG,TT,GG,GG,NN,TC,TC,AA,TT,CC,GG,AA,NN,CC,GA,TT,GG,CC,NN,TC,TC,TG,AA,CC,GG,CC,CC,GT,AA,GG,AA,AA,GG,CC,AG,CC,NN,CC,GG,CT,CC,GA,AG,TT,TC,TT,CC,TA,AA,TG,AA,TT,GT,CC,GG,GG,GA,NN,GG,GG,GG,NN,TT,TC,CC,NN,AA,CC,NN,AA,GG,GG,AG,GG,TT,TG,TC,GG,AA,AA,AA,AG,GG,GG,AA,CT,CC,GG,CC,CC,CA,AA,TT,AG,NN,TG,CC,AG,TC,AA,GG,CG,AA,GG,AG,AA,TT,GG,GG,TC,GG,CC,GG,TT,TG,GT,AG,CT,TT,NN,TN,AT,CC,TT,TG,NN,GG,TT,AG,GG,GT,CC,TG,AA,GG,NT,CT,TT,CT,GG,GA,TT,TT,CA,CC,GA,NN,TT,CC,TT,AA,GA,CG,TC,TT,TC,AA,AA,CN,CC,TT,GG,NN,AA,TT,GG,GG,AA,CC,AG,CA,TT,AA,TT,AA,CC,CC,TC,TT,NN,CC,CC,TT,TC,GA,AC,CC,NC,GG,AA,AA,TC,CT,TG,AA,TT,AA,AA,TT,TG,GG,CC,NN,GG,NN,TT,AA,GG,GG,AG,AA,CC,AA,CC,TT,NC,NN,TN,CG,TT,TG,GG,NG,GA,AA,TT,AA,GG,GC,AA,CC,TN,CA,CC,NN,CC,GT,TT,NA,NN,GG,CC,AA,TT,AC,AG,GG,GG,GA,CT,AA,TC,AA,CC,AA,GG,GG,CC,GG,GG,TT,NN,TT,TT,GG,GC,CC,NN,GN,GG,AA,CT,TT,NC,CG,TG,AG,AA,TT,GG,CT,GG,AA,NG,AA,CC,GG,CC,NN,AA,GA,TT,GG,GG,AA,CA,AG,NC,CC,AA,NC,AG,GG,CC,TT,CC,GG,GG,CC,GG,GG,GG,GA,AA,TT,AC,AA,GG,TA,NC,AA,CC,GG,CT,TT,NN,TT,CC,CC,AA,TC,GA,AA,CC,AG,CC,AA,AA,CT,NN,NN,TC,AA,CC,AT,CC,AG,TT,GG,TA,CN,GG,TT,CC,CC,GG
Finnish in Finland,,,,HG00310,,AA,CC,AC,TT,TT,GG,TC,GG,CC,CN,NN,GG,TT,TC,GG,TT,AA,GG,GA,CC,CC,CA,GG,TT,GG,CN,GT,GA,CC,AA,NN,CC,CC,AA,TT,GG,GG,GA,CC,GG,TC,CC,CC,NN,CT,CC,CT,AA,CN,CC,CC,AA,GG,CC,AA,CC,GG,TT,GA,GG,CT,GG,GT,GC,CC,GC,GA,NA,TC,GC,AT,NN,NN,CN,AA,CC,TT,AA,AG,GG,GG,CC,CT,AA,AG,CC,TG,GG,AA,AT,CT,NN,NN,GG,AA,CC,GA,GA,CC,AA,GA,AA,CT,CN,TC,GG,AA,AA,GG,AG,NN,CC,GA,TC,TG,GG,GG,GG,TT,GG,GA,CC,NC,CC,CC,GG,CC,CC,GG,TT,GG,AG,NN,CC,CC,AG,TT,CC,GG,AG,GN,CG,AG,CT,GG,CC,NN,TC,CT,GG,AG,CC,GG,CC,TC,TT,AA,GT,AG,AA,GG,TC,AA,CC,TN,GC,GG,CT,TT,GA,AG,TT,CT,TT,CC,TT,AA,TT,GG,TT,GG,CC,GG,GG,AA,NN,AG,GG,GA,TN,CT,CT,CC,TT,GG,TC,NN,AA,GG,GG,GA,GG,TT,TT,TC,GG,AA,AA,AA,AA,GG,CC,AA,CT,CT,AG,CC,TC,AC,AA,TT,AG,NN,GG,CC,AA,TC,AA,TT,CG,AA,GG,AG,AA,TT,GG,GG,TT,GG,CC,AA,TT,GT,GG,GG,TT,TT,NN,TN,TT,CC,TT,GG,NT,AA,TT,AA,GG,GG,CC,TG,GG,AG,TT,TT,GT,TC,GG,GG,TT,TT,CC,TC,AG,NN,TT,CC,TT,AC,GG,GC,TT,TT,CT,AC,AA,NN,TC,TT,GT,NN,GG,TT,AA,GA,GA,TT,GG,AA,TC,AA,GT,AA,CC,CC,TC,TC,AA,CG,CC,TT,CC,GG,AC,CC,NN,GG,AA,GA,CC,TC,GT,AA,TC,AA,AA,TT,GG,GG,TC,NN,AG,NN,CT,AA,TG,GG,GA,GA,CC,AA,CC,TC,NC,NN,NN,GG,TT,TG,GG,NN,GA,AA,TT,GA,GG,GC,AA,CC,NN,AA,CC,NN,CC,GG,TT,AA,NN,GG,CC,AA,TA,AC,GG,GG,GG,GG,CC,AA,TT,AA,CN,AG,GA,GG,CC,CG,GA,TT,NN,TC,CT,GA,GG,TT,NN,NG,GG,AA,TC,CT,NC,CG,TT,AA,AA,TT,AA,TT,GG,AA,NN,AA,CC,GG,CC,NN,AA,GA,TT,GG,GG,TA,CC,AA,CC,CT,TT,NN,AG,GG,TC,TT,CC,GG,GG,CC,GG,AA,AG,AA,AA,TT,AA,CA,GA,AT,CN,AG,CT,GG,CC,TC,AA,CT,NC,CC,AA,CC,GG,AA,TT,AA,CC,NA,AN,TC,GN,CC,CC,GA,CC,TA,CC,GA,TT,GG,AT,CN,GG,TC,CA,CC,GG
Finnish in Finland,,,,HG00311,,AN,CT,CC,TT,CT,GG,TT,GT,CC,CN,NN,GG,CC,TC,CC,CT,GA,GG,AG,CC,CC,AA,GG,TT,GG,CC,GT,GA,CC,AC,TN,TT,CC,AA,GT,AG,AA,AA,CC,AG,TC,AC,TC,NN,TT,NN,CC,AA,CN,CC,TT,AA,GA,CC,GA,CC,AG,TG,AG,AG,TT,AA,GG,CC,CT,GG,GG,AN,TT,GC,AT,NN,AA,CC,AA,CC,CC,AA,AA,AG,GG,CC,CC,AA,AA,TC,GG,GG,AA,TA,CC,NN,NN,GG,GG,CC,AA,GG,CC,AA,GG,AA,TT,NN,TT,GG,AA,GA,GG,AG,CN,CC,AG,TT,TG,GG,GG,GG,TT,GG,AA,CC,NN,CC,CC,GG,CC,CC,AG,TT,TG,GG,NN,CC,CC,AA,TT,CC,GG,AG,NN,CC,GG,TT,NG,CC,NN,TT,TT,GT,GA,CC,GG,CC,TT,TG,AA,GT,GA,AA,GG,CC,AA,CC,NN,GC,GG,TT,CC,GG,AA,TT,TC,TT,CC,TT,AA,TG,AA,TT,GG,CC,AA,GG,AA,NN,GA,GG,GG,TT,TT,CC,TC,TN,GA,CT,GN,AA,AA,GG,AA,AG,TT,TG,CC,GG,AA,AG,AG,AA,GG,GC,CA,CT,CT,GG,CC,CC,AA,CA,NT,AG,NN,TG,CC,AA,TC,AA,TT,CC,AG,GG,AG,AG,TT,GG,TG,CT,GA,CC,AA,TT,GG,GG,GA,TC,TT,NN,NT,TT,CC,TT,GG,TN,GA,TT,AG,GA,GG,TC,GG,GG,GG,TN,TC,TT,TT,GG,GG,TT,CC,CC,TT,AG,NN,CT,CT,TT,CA,GA,CG,CC,TT,TC,AA,GA,CN,CC,TT,GG,NN,AA,TC,GG,GA,AA,CC,AG,CA,TC,TT,GT,AA,CC,CC,CC,CC,NN,GC,CC,CT,CC,AG,AC,CC,NN,CC,AA,GA,CC,CC,GG,AA,CC,AA,AA,AT,GT,GA,CT,AN,GG,AA,TT,AA,GG,AG,AG,GA,CC,GA,CC,CT,CN,NN,TT,CC,CC,TT,GG,NN,AG,AA,TT,AA,AG,CG,AA,CC,NN,AC,CC,NN,CC,GG,TT,AA,NN,AG,CC,CC,AT,AA,GG,GG,GG,GG,CT,AT,TC,AA,CC,GA,AG,GG,TC,CC,GG,TA,NN,CC,TT,AG,GG,TT,NA,NN,GG,AA,TC,CT,NC,CG,GG,AA,AA,TT,AA,TT,GG,AA,NN,AC,CC,AG,CT,GN,AA,AG,TT,GG,GC,AA,AC,AG,NC,CC,AT,NN,GA,GG,TT,TT,CC,GG,GG,CC,GG,AA,GG,GG,AA,TC,AA,CA,GA,AA,CC,GA,CC,GG,CC,CT,NN,CC,NC,NN,CC,CC,AA,AA,TT,AA,TC,NA,AA,CT,NN,NC,TC,AA,CC,AA,CC,AG,TT,GG,AT,CC,GG,CC,AC,CC,GG
Finnish in Finland,,,,HG00313,,AN,CC,AA,TT,TT,GG,TT,GG,TT,CN,NN,GG,CC,CT,CG,CC,GA,GG,AG,GC,CC,AA,GG,TT,GG,CN,TT,GG,CC,CC,NN,CC,CC,AA,GT,GA,AG,AA,CA,GG,CC,AC,CC,NN,TT,NN,CC,AA,CN,CC,TT,AA,GA,CA,GG,CC,GG,TT,AG,AA,CT,GG,GT,CG,CC,GG,GG,AA,TT,CC,AT,NN,NN,NC,AA,TC,TT,AA,AA,AG,GG,CC,CC,AA,AA,CT,GG,GG,AT,TT,TC,NN,NT,GA,GG,CC,AG,AG,TC,AA,AG,AA,TT,NN,TT,GG,AA,AG,GA,AG,NN,CC,AG,TC,TT,GG,AA,GA,TT,GG,AA,CC,CN,TC,CC,GG,CT,CC,GA,GT,TG,AG,NN,TC,CC,AA,TT,CC,GG,GG,NN,CG,GG,TT,GG,CC,NN,CT,CC,GT,AA,CC,GG,CC,TT,TT,AA,TT,AA,AA,GG,CC,AG,TC,NT,CG,GG,CT,CT,GG,AA,TT,CT,TT,CC,TT,AA,TT,GG,TG,GG,CC,GG,GG,AA,NN,GG,GG,GG,NT,TT,TT,CC,TT,GA,CT,NN,AA,AG,AG,AG,GG,CT,TG,TC,GG,AA,AA,AA,AA,GG,GC,AA,TT,CT,GG,CC,CC,AA,AC,TN,GA,NT,GT,CC,AG,TT,AA,TT,CG,AA,GG,AA,AA,AT,GG,GT,TT,GG,CC,GA,TT,GG,TG,GA,CT,TT,NN,TN,TT,CC,TT,GG,TT,GG,TT,AA,GG,GT,CC,TG,GG,GG,TT,TT,GT,TT,GG,GG,TT,TC,CC,CC,GG,NN,CT,CC,TC,AA,AG,GG,TT,TT,CC,AC,AA,CN,CC,TT,TT,TT,GA,TC,AG,AA,AA,CC,AA,AA,CC,TT,TT,AA,CC,CC,CC,CC,NN,CC,CC,CT,CC,AA,AC,TC,CC,CC,AA,AA,CC,CC,TT,AA,CC,AA,AA,AT,GG,GA,CT,NN,AA,AA,TT,AA,GG,AG,AA,AG,CC,AA,CC,TT,NN,NN,TN,CG,TT,TG,GA,GN,AA,AA,TT,GA,GG,CG,CA,CN,TT,AA,CA,NN,TC,GG,TT,AA,NN,GG,CC,AA,TT,CC,AG,TT,GG,AG,TC,AA,TT,AA,CN,AA,GG,GG,CC,CC,GG,TT,NN,TC,TC,AA,GG,CC,NN,GG,GG,AG,CT,TC,NN,GC,GT,AG,AA,TT,AA,CT,TG,AA,NN,AA,CC,GG,TT,NN,AA,AA,TT,GA,GG,AA,AC,AA,CC,CC,TT,NN,AG,GG,TC,TC,TC,AG,GG,CC,GG,AA,GG,GG,AA,TT,AA,AA,AG,AT,CN,AG,CC,GG,CC,CT,NN,CT,NN,NC,AA,CC,GG,AA,TC,AA,CC,AA,AA,CC,NN,NN,CC,AA,TC,AA,CC,GA,TT,GG,TT,CC,GG,CC,CC,CC,GG
Finnish in Finland,,,,HG00315,,AA,CC,CC,TT,TT,GG,TC,GT,CC,CC,NN,GG,CC,TC,CC,CT,GG,GG,GG,CC,CC,AA,GG,TT,GG,CC,GG,AG,TC,CA,NN,CC,CN,AA,TT,GG,GG,AA,CC,GA,CC,CC,CT,NN,TT,NN,CC,AA,CC,CC,CC,AG,GA,CC,GG,CC,GA,TT,AA,GG,TT,GG,TG,CG,CC,GG,GA,AA,TT,CC,TT,TN,NN,CC,AT,CC,CC,AA,AA,GG,GG,AC,CC,AA,AA,CT,GG,GG,AA,TT,CC,NN,TT,GG,GG,CC,AA,GG,TT,AA,AA,AA,TT,NN,TT,GG,AA,AA,AA,GG,NN,CC,AA,CC,TT,GG,AA,GA,TC,GG,AA,CC,NC,TC,CC,GG,CC,CC,GG,TT,GT,GG,NT,CC,TC,AA,TT,CC,GG,AA,NN,GG,GG,TT,GG,CC,NN,TT,CC,TG,AG,CC,GC,CC,CC,TT,AA,TG,GA,AA,GG,TC,AG,CC,NN,CG,GG,TT,CC,GG,AA,TT,CC,TT,CC,TA,CA,GT,GA,TG,GG,CC,GG,GG,AA,NN,AG,GG,GA,TN,CT,TT,CC,NT,AG,CC,NG,AC,GG,GG,AG,GG,TC,TT,TC,GG,AA,AA,AA,AG,GG,CC,AC,TT,TC,GG,CC,CC,AA,AA,NN,AG,NN,GG,CC,AA,TC,AG,TT,CC,AA,GG,AA,AA,AT,GG,TG,CT,GG,CC,AA,TT,GT,GG,GG,TT,CC,NA,NT,TA,CC,TT,TT,TN,GG,CT,AA,GG,GT,CC,TG,GG,GG,TT,TT,TT,TT,GG,GG,NT,CT,CC,CC,GA,NN,TC,CC,TC,AA,GG,CC,TC,TT,CT,AC,AA,CN,CC,TC,GG,NT,AA,CC,GG,GG,GG,CC,GG,AC,TC,AA,TT,AA,CC,CC,CC,CC,NA,CG,CC,TT,CT,AG,AA,CC,NC,CG,AA,AA,CC,CC,GG,AA,CC,CA,AA,TT,GT,GA,CT,NN,AG,NN,TT,AT,GG,GG,AA,AA,CC,GA,CG,TT,NN,NT,TT,CC,CC,TT,GG,NN,AA,AA,TT,GA,AG,CG,CC,CN,NT,CC,CC,NN,CC,GG,TT,AA,NN,GG,TC,AA,TT,CA,GG,TG,GA,GG,CT,TA,TC,AA,NC,AA,GG,GG,CT,GC,GG,TT,AN,CT,TT,AA,GG,CC,NN,GN,GG,AA,TT,TC,NN,CG,TG,AA,AG,TT,AA,TT,GT,AA,NG,CA,CC,GG,TC,NN,GA,AA,TT,AA,GG,AA,AA,AA,CC,CT,AT,NN,GG,GG,CC,TT,CC,GG,CG,CC,GT,AA,GG,GA,AA,TT,AA,AA,AA,TT,CN,AA,TC,GG,CC,CT,NN,TC,NN,NN,AA,CC,AG,AA,TT,AA,CC,AA,AN,CC,NN,CN,CC,AA,CC,TA,CC,GA,TN,GG,AA,NC,GG,CC,AC,CC,CG
Finnish in Finland,,,,HG00318,,AA,CC,AC,CC,CT,GG,TT,TG,CC,CN,NN,GG,CC,TC,CC,TT,AA,GG,GA,CC,CC,AA,GT,CT,GG,NC,TT,GG,CC,CA,TN,CC,CN,GA,TT,GG,AA,GG,CA,AA,CC,AC,CC,NN,TT,CN,CC,GA,CC,CC,TT,AA,GG,CC,GA,CC,GG,GT,GA,AG,TC,AG,GT,CC,CC,CG,AG,NA,TC,CC,TT,NN,NN,CN,AA,CT,CC,AA,GA,AG,AG,AA,TC,AA,GG,CC,TG,GG,AA,TA,CC,NN,NN,GG,GA,TC,AG,GG,TC,AA,AA,AA,TT,NN,TT,GG,AA,AA,GG,GG,NN,CC,GG,TC,GT,GG,AG,GG,TC,GC,AA,CC,NN,CC,CC,AG,CC,CC,AG,TT,GG,GA,NN,TC,TC,AA,TT,CC,GG,GG,NN,GG,AA,TT,GG,CC,NN,CT,TC,GT,AA,TC,CC,CC,CC,GT,AA,GT,GA,AA,GT,TC,AA,CC,TN,GC,GG,TT,TC,GG,GG,TT,CC,TT,CC,TT,AC,TG,AG,TT,GT,CC,GA,GG,AA,NC,GA,GG,GG,NN,TT,CC,CT,TT,GA,CT,GN,CC,GG,GG,GG,GG,TT,GT,CC,AG,AA,AA,AA,GG,GG,GC,AC,TC,TT,GG,CC,TC,AC,AC,TT,AG,NT,GT,CC,GA,CT,AA,TT,CG,AA,TT,AG,GA,TA,GG,TT,CC,GG,CC,GA,TT,GT,TG,AA,CC,CC,AA,NT,AT,CC,TT,TT,TN,GA,TT,AA,GG,TG,CC,TG,AG,GA,NT,CT,TG,CT,GG,GG,TT,TT,CC,CC,GG,NN,TC,CC,TT,AA,AA,CG,CC,TT,TC,AA,AA,NC,CC,TT,TG,TN,AA,CC,GA,AG,AG,CC,GA,AA,TC,AA,TT,AA,CC,CC,CC,CC,NN,CG,CC,TT,CC,GG,CC,CC,NC,GG,AA,GG,CC,TC,GG,AA,TC,AA,AG,TA,GG,GG,TC,NN,GG,NA,TT,AA,GT,GG,AG,AG,CC,AA,CG,TT,NN,NN,NT,GC,TT,TG,GA,NN,GA,AA,TC,GA,GA,GC,AA,NN,TT,CA,CC,NN,CC,GT,TT,AA,NC,GG,CC,AA,TT,AC,GG,GG,GG,AA,CC,AA,TT,AA,CC,GA,GG,GG,CC,GG,GG,TT,NN,TC,TT,GA,GG,CC,NN,NG,GG,AA,CC,TT,NN,CG,TT,AG,AA,TT,AA,TT,TG,AA,NN,AA,CC,GG,TT,NN,AG,AA,TC,GA,GG,AT,CA,AA,NN,CT,AT,NN,AA,GG,TT,CT,CC,GA,GG,CC,TG,AA,GG,AA,AA,CT,AA,AA,AA,TT,NN,AA,CC,GA,CC,CT,NN,CC,CC,CC,AC,CC,AA,AA,TC,AA,CT,AA,AA,CC,GG,NN,TC,AA,CC,AT,CC,GG,TT,GG,TA,CN,GG,TC,CA,CC,GG
Finnish in Finland,,,,HG00319,,AA,CC,CC,TT,CT,GG,TT,TT,CC,NN,NN,GG,TC,CC,GG,TT,AG,GG,GG,CC,CC,AA,GG,TT,GA,CN,TT,GG,CC,AA,TT,TC,NC,AA,GG,GA,GA,AG,CC,GG,TC,AC,CC,NA,CT,NN,TC,AG,CC,CC,TC,AG,GG,CC,GA,CC,GG,TT,GA,GA,TC,GG,TG,CC,CC,GG,GG,AA,TT,CC,TT,NN,NN,CC,AT,CC,CC,AA,AG,AG,AG,CC,CC,AA,AA,TT,GT,GG,AT,TT,CT,NN,NN,GG,GA,CT,AA,GA,CC,AC,AG,AA,CT,NN,TT,GG,AA,AA,GA,AG,NN,TC,AA,CT,GT,GG,AG,GG,CT,GG,AA,TC,CN,CC,CC,GG,CC,CC,AG,TT,GG,AG,NN,CC,CC,AA,TT,CC,GA,AA,NN,CG,GG,TT,GG,CC,NN,CT,CC,GG,AG,CT,GC,CC,CT,TT,AA,GG,AA,AA,GG,CC,AG,CT,NN,CC,GG,TT,CC,GG,GA,TT,CC,TT,CC,TT,AC,GT,GG,TT,GG,CC,GG,GG,AA,NN,AA,GG,GG,NN,TT,CT,CC,TT,AA,TT,NG,AA,GG,GG,AG,GG,TC,TG,CC,AA,AA,AA,AA,GG,GG,CG,AA,TC,CT,GG,CC,CC,AA,AA,TT,GG,NN,GG,CT,GA,TT,AA,TT,CG,AA,GG,AA,GA,AT,GG,TG,TT,GA,CC,GA,TT,TG,GT,AG,CC,TT,NN,TT,AA,CC,TT,GG,TN,AA,TT,AG,GG,TG,CC,TG,AG,GG,NT,CT,TT,TC,NG,GG,TT,TT,CC,CC,GA,NC,TT,CC,CT,AC,GG,GC,CT,TT,CT,AA,AA,NC,CC,TC,GG,NN,AA,TC,AA,GG,GG,CC,AG,AA,CC,AA,TT,AA,CT,TT,CC,TC,AA,CC,CC,TT,CC,GG,AC,CC,NC,GG,AA,AG,TC,TC,GG,AA,TT,AA,AA,TT,GG,GG,CT,NN,AG,AA,TT,AA,GG,GG,AG,GA,CT,AA,CG,TT,NC,NN,TT,CC,CC,GG,GG,GN,AG,AA,TT,GA,AG,GG,AC,CC,NT,AC,AC,NN,CT,GG,GT,AA,NN,GG,CT,AC,TT,AA,GG,GT,GG,GG,CC,TT,TT,AA,CC,GA,GG,GG,TT,GG,GG,TT,NN,CC,TT,AG,GG,CT,AN,GG,GA,AA,CT,TC,NN,GC,GT,AA,GA,TC,GA,TT,GG,AA,NN,AA,CC,GG,TT,NN,AA,GA,TT,AG,GG,AA,AA,AG,CN,CC,TA,NN,GG,GG,CC,TT,CC,GG,GG,CC,GG,AA,GG,GG,GA,CT,AA,AC,AA,TA,CC,GA,CC,GG,CC,CC,NN,CC,NC,CN,AA,TC,AA,GA,CT,GA,CC,AA,AN,CT,NN,NN,CC,AA,CC,AT,CC,GG,TT,GG,AT,CC,GG,CC,CC,CC,GG
Finnish in Finland,,,,HG00320,,AA,TT,CA,TT,TC,GG,TT,GT,CC,CN,NN,GG,CC,CC,CG,TT,GA,GG,AA,CC,CC,AA,GG,TT,GG,CC,TG,GG,CC,CC,NN,TC,NC,GA,TG,GG,GA,AG,AA,GA,CC,AA,CC,NN,TC,NN,TC,AA,NC,CC,TC,AG,GA,CC,GG,CC,GA,TT,GG,GA,TT,AG,TT,CC,CC,GG,GG,AA,TC,CC,TT,NN,NN,NC,AA,CT,TC,AA,AG,GG,GG,CC,CT,AC,AA,TC,GG,GG,AA,TT,CT,NN,NT,GG,GA,CC,AG,GG,CC,AA,GG,AA,TT,NN,TT,GG,AA,AA,GG,GG,NC,CC,GA,TT,TT,GG,GA,GG,TC,GG,AA,CC,NC,CC,CC,GG,CC,GC,AG,TT,GG,GG,NN,TT,CC,AA,TT,CC,GG,GG,NN,CG,GA,TT,GG,CC,NN,CT,TC,TG,AA,CC,CC,CC,CC,TT,AA,GT,AA,AA,GG,CC,GA,CT,NN,GC,GG,CC,CC,GG,AA,TT,CT,TT,CC,TT,AA,TG,GG,TT,GG,CC,GG,GG,AA,NN,AA,GG,GG,NN,TT,CT,CC,TT,AG,TT,NN,AA,GG,GG,GA,GG,TT,GT,CC,AG,AA,AA,AA,GG,GG,GC,AC,TC,TT,GG,CC,CT,AA,AC,NN,AG,NN,GG,TC,GG,CT,AA,TG,GC,AA,GG,AG,AA,TA,GG,TG,TC,GG,CC,AA,TT,GT,TT,AG,TC,TT,NN,TN,TT,CC,TT,GG,NT,AA,TC,GA,GG,TG,CC,GG,GG,GG,NT,CT,TT,CC,NG,GG,TT,TT,CC,CC,GG,NN,TT,CC,CT,AA,AG,GC,CT,TT,CC,CA,AA,NN,CC,TT,GT,TT,AA,TC,AG,GA,GA,CC,GG,AA,CC,TT,TT,AA,CC,TC,CC,CC,NA,GG,CC,TT,CC,AG,CC,TC,CN,GG,AA,GG,TC,CC,GT,AA,CC,CC,AA,AT,GG,GG,CC,AA,GA,NN,TC,AA,GG,GG,AG,AA,CC,GA,GC,CC,CC,NN,NN,CG,TT,GT,GG,GN,AA,AG,TT,AA,AA,CC,CC,NC,NT,AC,CC,NN,CC,GG,TT,AA,NC,GG,CC,AA,TT,AA,GG,GG,GG,AG,CC,AT,TT,AA,CC,GA,AG,AG,CT,GC,GG,TT,NN,CC,TT,AA,GG,TC,AN,GG,GG,AA,TC,CT,NN,GC,GT,AA,AA,TT,AA,TT,GG,TA,NN,AC,CC,GA,TT,NN,AA,AA,TT,GA,GG,AA,AA,AG,CN,CC,AA,NN,AG,GA,CT,TC,CC,GG,GC,TC,GG,AA,GG,GA,AA,CT,AA,AA,AA,TT,NN,AA,CC,AG,CC,CC,AN,CC,CC,NN,AA,CC,AA,AA,CT,AA,CT,AA,AA,TC,NN,NN,CT,AA,CT,AA,GC,AA,TT,GT,TA,CN,NG,TT,CC,CC,CG
Finnish in Finland,,,,HG00321,,NA,TT,CC,TT,TT,GG,TT,TG,CC,CC,NN,GG,CC,CT,CC,TT,AA,GC,AG,CC,CC,AA,GG,TT,GG,CC,TT,GG,CC,AA,NT,CC,CN,GA,TT,AG,AG,GG,CC,GG,TC,CC,CC,NN,CT,NN,CC,AA,CC,CC,CT,GA,GA,CC,GG,CC,GG,TT,AG,AG,TT,AG,GG,CC,TC,CG,GG,AA,TT,CC,TA,NN,NN,CC,TA,CC,CC,AA,AA,GG,GG,CC,CC,AA,AA,TC,GT,GG,AA,TT,TT,NG,NN,GG,AA,CC,AA,GG,TC,AA,GG,AA,TT,NN,TT,GG,AA,AA,GA,AG,CN,CC,GA,CC,TT,TG,AG,GG,TT,GG,GA,CC,CN,CC,CC,GG,CT,CC,GA,TT,GT,GG,TN,CT,CT,AA,CT,CC,GA,AA,NN,GG,AG,TT,GG,CC,NN,TT,TC,TG,AA,CC,CG,CC,CT,TG,AA,GT,GA,TT,GT,CT,AG,CT,TN,CG,GG,TT,CT,GG,GA,CT,CC,GT,CC,TT,AA,TG,AG,TG,GG,CC,GG,GG,AA,NC,GA,GG,GG,NN,TT,TC,CC,TT,GG,TT,NN,AA,GG,GG,AG,GG,TT,TG,CC,GA,AA,AA,AG,GG,GG,GC,AC,TC,TC,AG,CC,TC,AA,AA,TN,GG,NN,GT,CT,AG,TT,AA,TT,CC,AA,TG,GG,GG,AA,GG,GG,TC,GG,CC,AG,TG,GT,GT,AG,TC,TT,NA,NT,TT,CC,TT,GG,NT,GA,TT,AA,GG,TT,CC,GT,GG,GG,TT,TT,GG,CC,GG,AG,TT,TT,CC,CC,GG,NN,TT,CC,CT,CA,GG,CG,TC,NT,TT,AA,AA,NN,CC,TT,GT,TN,AA,TT,AA,GG,AA,TC,AG,CA,TT,AT,TT,AA,CT,CC,CT,CC,NN,GC,CC,TT,TC,GA,CC,CC,NN,GC,AA,AA,TT,CC,TT,AA,CC,AA,AG,TA,GG,AG,CT,NN,GG,NA,TT,AA,GG,GG,AA,AA,CC,AG,CC,TT,CN,NN,TT,CC,CC,TG,GG,NG,AA,GA,TT,AG,GA,CG,CA,CC,NN,CA,CA,NN,CC,GG,TT,AA,NN,GG,CC,AA,TT,CA,GG,GG,GA,AG,CC,AT,CT,AA,NC,AA,GG,GG,CC,CG,GA,TA,NN,CC,CT,GG,GG,CC,NN,GG,GG,AA,CC,TT,NC,CG,TT,AA,AA,TT,AA,TT,TT,AA,NG,AC,CC,GA,CC,GN,AA,GG,TT,GG,CG,AA,AA,GA,NN,TC,TA,NC,GA,GG,TC,TT,CC,AG,GG,CT,GG,AA,GG,GA,AA,TT,AA,AA,AA,TA,CN,AA,CC,GG,CT,TC,NN,CT,NC,CC,AC,TC,AA,AA,CT,AA,CC,AA,AA,TT,NN,NN,CC,AA,CC,AT,CC,AG,NT,GG,AT,CC,GG,CC,AC,CC,GG
Finnish in Finland,,,,HG00323,,AN,CC,CC,TT,CT,GG,TT,TG,CC,CN,NN,GG,TC,CT,GG,CT,GG,GG,GG,CC,CC,AA,GT,TT,AG,CC,GT,GG,CC,AA,TN,CC,CC,AA,TT,AA,GG,AG,AC,AG,CC,CC,CC,NN,CT,NC,TC,GG,NC,AC,CC,AA,AA,CC,AG,CC,AG,TT,GA,GG,TC,AG,GT,CG,CC,GG,GG,AA,TT,CC,TT,NN,NN,CC,AA,CC,CT,AA,AA,GG,GG,CC,CC,AC,AA,TT,GG,GG,AA,AT,CC,NN,NN,AG,AG,CC,GA,GG,CT,AA,GA,GA,TC,NN,TT,AG,AA,GA,GG,AG,NN,CC,GA,TC,TT,GG,GG,GG,TT,GG,AA,CC,NN,CT,CC,GG,CC,CC,AA,TG,GG,GA,NN,CC,CT,AA,TT,CC,GA,AG,NN,CG,GG,TT,GG,CC,TN,CT,CC,GG,AA,CC,GG,CC,CT,TT,AA,GT,AA,AA,GG,CC,GA,CT,TN,GC,GG,TC,TC,GG,AA,TT,TT,TT,CC,TT,AA,TG,GA,TT,GG,CC,GG,GG,AA,CN,AA,GG,GG,TN,TT,CC,TC,TT,GG,TT,NN,AA,GG,GG,AA,GG,TC,TT,TC,GG,AA,AA,AA,GA,GG,CG,AA,CC,CC,GG,CC,CC,AA,AA,TN,GA,NN,GG,CC,AA,TT,AA,TT,GG,AA,GG,AA,GA,AT,GG,TT,TT,GG,CC,GA,TT,TG,GG,AG,TC,CC,NA,TN,AT,CC,TT,GG,TN,GG,TT,AA,GA,GT,CC,GT,GG,GG,TT,TT,TT,CC,GG,GG,TT,CC,CC,CC,AA,NN,CC,CC,TT,AA,AG,GC,CC,TT,TC,AA,AA,NN,CC,TT,GG,NN,AA,TC,AA,AA,GA,CC,AG,AA,TC,TA,TT,NA,CT,CT,CT,TT,AN,CC,CC,CT,CC,AG,CC,CT,NN,GG,AA,AA,CC,CC,GG,AG,CC,AC,AA,TT,TT,GG,CC,NN,AA,NN,TT,AA,TG,GG,AA,AG,CC,GA,GC,TC,CN,NN,NT,GC,TC,GT,GG,NN,AA,GA,TT,AA,GA,CG,AA,CC,TN,AA,CA,GN,CC,GG,TT,AA,NN,GG,CC,AA,TT,CC,AG,GG,GG,AA,TC,AA,TC,AA,CC,GA,GG,GG,TT,CC,AG,AA,NN,CT,TT,GA,GC,TC,NN,GN,GG,AA,CC,TT,NN,GC,TT,AA,AA,CT,AA,TT,GG,AA,GG,AA,CC,GG,TC,NN,AA,GA,TT,GG,GG,AA,AA,AA,NN,CC,AA,NN,AG,GA,CT,TC,CC,GG,GG,CC,GG,AA,GG,GA,GG,CC,AA,AC,GA,TT,NN,GA,CC,GG,CC,TT,NN,TC,NN,CC,AC,TC,AG,AA,TC,GA,CT,AN,AA,TT,NN,CN,CC,GA,CT,AA,GC,GA,TT,GT,TT,NC,GG,CC,CC,CC,GC
Finnish in Finland,,,,HG00324,,AA,CC,CA,TT,CC,CG,TC,GT,CC,NC,NN,GG,CC,CC,CG,TT,GG,GC,GA,CC,CC,AA,TT,TT,AG,NN,GT,GG,CC,AC,NT,TT,CN,AA,TT,GG,GG,AA,CC,AG,TC,AA,TC,NN,TT,NN,CT,AG,CC,CC,TC,AA,AA,CC,GG,CC,AG,TT,GA,AA,TC,AA,TG,CC,CC,GG,GG,AA,TT,CC,TT,TN,NN,CC,AA,CC,TT,AA,AA,GG,GG,CA,CC,AC,AA,CC,GG,GG,AA,TT,CC,NN,NT,GG,GG,TC,GA,GG,CT,AA,GA,AA,TT,NN,TT,GG,CA,AA,AG,GG,NC,CT,AG,TT,TT,GG,GG,GG,TT,GG,AA,CC,NC,CC,CC,GG,CC,CC,AG,GT,GG,GA,NN,CC,CC,AA,TT,CT,GA,AG,NN,GG,GG,CT,GG,CG,NN,CT,CC,GT,GA,CC,GG,CC,CC,TT,AA,TG,AG,AA,GG,CC,AA,CC,NT,CC,GG,TT,CC,AA,GA,TT,CC,TT,CC,TA,CA,TT,GG,TT,GT,CC,GG,GG,AA,NC,AG,GG,GG,TN,CT,CT,CC,TN,AA,TT,NN,AA,GA,GA,GA,GG,TT,TT,CC,GG,AA,GA,AA,AG,GG,GG,AA,CT,CC,GG,CC,TC,AA,AA,NT,AA,NN,GG,CT,GG,CT,AA,TT,GC,GA,GT,GG,AA,AT,GG,GT,CC,GG,CC,GA,TT,GT,GG,GA,CT,TT,NN,TN,TA,CC,TT,GG,TT,GG,CT,AA,GA,TG,CC,GT,GA,GG,NN,CC,TT,TC,GG,GG,TN,TC,CC,CT,GA,NN,TT,CC,TT,AA,AG,GC,CC,TN,CT,AA,AA,NC,CC,TT,GG,NT,AA,TT,GA,AG,GG,TT,GG,AA,CC,AA,GG,AA,CC,CC,CC,CC,AN,CG,CC,TT,CC,GG,CC,TC,NN,CG,AA,AA,TC,CC,TT,AA,CC,AA,AA,TT,GG,GG,CT,NN,AA,NA,TT,AA,GG,AG,AG,AA,CC,AA,CG,TT,NN,NN,TT,CC,TC,TG,GG,GN,AA,AA,TC,GA,GA,CC,CC,CC,TN,CA,CA,NN,CC,GG,TT,AA,NN,GG,CC,AA,TT,CA,GG,TG,GG,AA,CC,AA,TC,AA,CC,AA,GG,GG,CT,GC,GA,TA,NN,CC,TT,AG,CG,CT,NN,NN,GG,AA,CC,TT,NN,GG,TT,AA,AA,TT,GA,TT,GG,AA,GG,AA,CC,GG,CT,GN,AA,GA,TT,GG,GG,AA,AA,AA,CC,CC,AA,CN,GA,AG,CC,TT,TC,AG,GG,CC,GG,AA,GG,GA,AA,TC,AA,AA,AA,AT,CN,GA,CC,GG,CC,CC,NN,CT,CN,CC,AA,CC,AG,AA,CT,AA,CC,AA,AN,TT,NN,NN,CT,AA,TT,AA,CC,AA,TN,TG,TT,NN,GG,CT,CA,CC,GG
Finnish in Finland,,,,HG00325,,AA,CC,AA,TT,CC,CC,TT,TG,CC,NN,NN,GA,TC,TC,CG,TT,AA,GG,GG,CC,CC,CA,GG,TT,GG,CC,TT,GG,CC,AA,NN,CC,NN,GA,TT,GA,GA,GA,CA,GG,CC,CA,TC,NN,CT,NN,CT,AA,NC,CC,TT,AA,AG,CC,GA,CC,AG,TT,AG,AA,TC,GA,GG,CC,CC,GG,GG,AA,TC,CC,TT,NN,NN,NN,AA,CC,TT,AA,AG,GA,GG,AC,CC,CA,AA,CT,GG,GG,AA,TT,CC,NN,NN,GG,AA,CT,GG,GG,TT,AA,AA,AA,CT,NN,TT,GA,AA,GG,AG,GA,NC,CC,AA,CC,GT,GG,GG,GG,CT,GG,AA,TC,NN,CC,CC,GG,CC,GC,GG,TT,GG,GA,NN,CC,TT,AA,TT,CC,GG,AG,NN,GG,GG,TT,GG,CC,NN,TC,CC,GT,GG,CC,GG,CC,CT,TT,AT,TT,AG,AA,GG,CC,GA,CT,NN,CC,GG,TT,CC,GG,AG,TC,CT,TT,CC,TT,AA,GT,AG,TG,GT,CC,GG,GG,AA,CN,AG,GA,GA,TT,TT,TC,CC,TT,GG,CT,NN,AA,GG,GG,GA,GG,TT,GT,CC,AG,AA,AG,AA,GG,GG,CC,CA,TT,TT,GG,CC,CC,AA,AA,NT,AG,NN,GT,CC,GA,CC,AA,TT,GG,AA,GT,AA,AG,TT,GG,GG,CT,GG,CC,AA,TT,GT,TG,AA,CC,TT,NN,TN,AT,CC,TT,GT,NT,GG,TT,GA,AG,TT,CC,TG,GG,GG,NT,CT,TG,CT,GG,GG,TT,TT,CC,CC,AG,NC,TT,CC,TT,AA,AA,GG,TT,TT,TC,CA,AA,CC,CC,TT,GG,NT,GA,TT,AA,GG,GA,CC,GG,AA,CC,TA,TT,AA,TC,TC,TC,TC,AN,CC,CC,TT,TC,AG,CC,CC,CN,GG,AA,GA,CC,CC,GG,AA,CC,AC,AA,TA,GG,GA,CC,AA,GG,NN,TT,AA,TG,GG,GA,AG,CC,AA,CG,TT,NN,NT,TN,CG,CT,GG,GG,NG,AA,AA,TT,GA,GG,CG,AA,CN,NT,AA,CC,NN,CC,GG,TT,AA,NN,GG,TC,AA,TT,CA,GA,GT,GG,AG,CC,AA,CT,GA,CC,AG,GA,GA,TC,CC,GG,TT,NN,CT,CC,AG,CG,CC,NN,NN,GG,AA,TC,CT,NN,CC,TT,GG,AA,TT,AA,TT,TG,AA,GN,AA,CC,GG,TT,NN,AA,AG,TT,GA,GG,AA,AA,AA,CN,CC,AA,NN,AG,GG,CC,TT,CC,GG,GG,CC,GG,AG,GA,AG,AA,TT,AA,CA,AA,TT,NN,GA,CC,GG,CC,CC,NN,CC,NC,CC,CA,CC,AA,AA,TT,AG,CC,AN,NN,CC,NN,CN,CC,AA,CC,TA,CG,AA,TT,GG,TT,CN,GG,CC,CA,CC,GG
Finnish in Finland,,,,HG00326,,AA,CC,CA,TT,CC,GG,TT,GT,CC,NN,NN,GG,TC,CC,GG,TT,GA,GG,AA,CC,CC,AC,TG,TT,GG,NC,TT,GG,CC,CC,TN,TT,CC,AA,TT,GG,AG,AA,AA,GA,CT,CA,TC,NN,TT,NN,TC,GA,CC,CC,CT,AA,GG,CC,GG,TC,GG,GT,GG,GA,TT,GA,GG,CC,CC,GG,GA,AA,TT,CC,TT,NN,AN,CC,AA,CC,CC,AA,AA,AG,GG,CC,CC,AA,AA,TC,GG,GG,AA,TT,CC,NN,TN,GG,GG,CC,GA,GG,CC,AA,GA,GA,TT,NN,TT,GG,AA,GA,GA,GA,CN,CC,AA,TT,TT,GG,AG,GG,TT,GG,AA,CC,CN,CC,CC,GG,CC,CC,GG,TT,GG,GA,NN,TC,CC,AA,TT,CC,GG,AG,NN,GG,GG,TT,GG,CC,NN,CT,CC,GG,GA,CC,GG,CC,CT,TG,AA,TG,GA,AA,GG,CC,GA,CC,NN,GC,AG,CT,CC,GG,AG,TT,TC,TT,TC,TT,AA,GG,AA,TT,GG,CC,GG,GG,AA,NN,GA,GG,GG,NN,TT,CC,CC,TT,GG,TT,GN,AA,GG,GG,AA,GG,CC,TT,CT,GG,AA,AA,AA,GA,GA,CC,AA,TT,CT,GG,CC,CC,AA,AA,TT,GA,NN,GT,TC,AA,TC,AA,TT,CG,AG,GG,AA,AG,TT,GG,GG,TC,GG,CC,AG,TT,GT,GT,GA,TT,TT,NA,TT,AT,CC,TT,GG,NT,AA,TT,AG,GG,TG,CC,TG,GG,GA,TT,TT,GT,TT,GG,GG,TT,TT,AC,CT,AA,NC,TT,CT,TT,AA,GA,GG,CC,TT,CC,CA,AA,NN,CC,TT,GG,NN,AA,CT,AA,GG,GG,CT,GG,AA,TC,AA,TT,AA,CC,TC,CC,CT,NN,CG,CC,TC,CC,GG,CC,CC,NC,GC,AA,GA,CC,CC,TG,AA,CC,AA,AA,TT,GT,GG,TT,NN,GA,AA,TT,AA,GG,GG,GG,AA,CC,AA,GC,TC,NC,NT,NT,GC,TC,TT,GA,NN,AA,GA,TT,AG,GA,CC,AA,NC,NT,CC,CC,NN,CC,GG,TT,AA,NN,GG,CC,AA,TT,CA,AG,GG,GG,GG,CC,AT,TC,AA,NN,GG,GG,GG,CT,CC,GG,TT,NN,TC,CT,GG,GC,CC,NN,NG,GG,AA,TC,CT,NC,GC,GG,AA,AA,TT,AA,TT,GG,AA,NN,AA,CC,GG,CC,NG,AG,AA,TT,AG,GG,AT,AC,AA,NC,CT,TT,NN,GG,GG,CC,TT,CT,GG,GG,CC,GG,AA,GG,AA,AA,TT,AA,AA,GG,TT,CC,AG,TC,GA,CC,TT,NA,CC,CC,CN,AA,TT,AG,AA,CT,AA,CC,AA,AN,TC,NN,CN,CC,AG,TC,AT,CC,AA,NN,GG,TA,CC,GG,TT,CC,CC,GG
Finnish in Finland,,,,HG00327,,AN,CC,CC,TT,TT,GG,TT,GG,CC,NN,NN,AG,CT,TC,GG,TT,AA,GG,AA,CC,CC,CC,GG,TT,GG,NN,TT,GG,CT,AA,NT,CC,NC,AA,GG,GG,AG,AA,AC,GG,CC,AA,CC,NN,TC,NN,CC,AA,NN,CC,CT,AA,AG,CC,GG,CC,AG,TT,GA,GA,TT,GG,GG,GC,CC,GG,GG,NN,TT,CC,TT,NN,NN,CC,AA,CC,CC,AA,GG,GG,AG,CA,CC,AA,AA,CT,TG,GG,AA,TT,CC,NN,TN,GG,GA,CC,AA,AG,CC,AA,GA,AA,TT,NN,TC,GG,AA,AG,AG,GG,CN,CC,AG,TT,GG,GG,AA,GG,TC,GG,GA,CC,NN,CC,CT,GG,CC,CC,GA,GT,GG,GG,NT,CC,CC,AA,TT,CC,GG,AG,NN,GG,GG,TT,GG,CC,NN,CT,CT,GT,AA,CC,GC,CC,CT,TT,AA,GT,AA,TA,GG,CT,AG,TC,NT,CC,GG,CC,CT,GA,AG,TT,TC,TT,CC,TT,AA,TT,AA,TT,GT,CC,GG,GG,AA,NN,AA,GG,GG,NN,TT,TC,CC,TN,GA,TC,NG,AA,GG,GG,AG,GG,TT,TT,TT,GA,AA,AA,AA,AG,GG,CG,CC,CC,TC,GG,CT,CT,AA,AA,NN,AA,NN,TG,CC,AA,CC,AA,TT,CC,AA,GG,AG,AA,TA,CG,TG,CT,GG,CC,GG,TT,TG,GG,AG,TT,TC,NA,NT,AA,CC,TT,TT,TN,GG,TT,AA,GG,TT,CC,TG,GA,GG,TN,TC,TT,CT,GG,AA,NN,TT,CC,TC,GA,NN,TT,CC,CT,AA,GG,GC,CT,TT,TC,AA,AA,NN,TC,TT,GG,TN,GA,TT,GA,AA,AG,CC,AG,CA,TT,AT,TG,AA,CC,CC,CT,CT,NN,CG,CC,CT,CC,AG,CC,CC,CC,GG,AA,AA,CC,TT,GG,AA,TC,AA,AG,TA,GG,GG,CT,NN,GA,AN,TT,AA,GG,AG,AG,AA,CC,AA,CC,TT,NN,NN,NT,CC,TC,TT,GA,NN,GA,GA,TT,GA,GG,GC,CA,CC,TN,CA,CA,NN,CC,GG,TT,AA,NN,GA,TC,AA,TT,CC,GG,GG,GG,GG,CC,AT,TC,AA,CC,AA,GG,GG,CT,GC,GG,TT,NN,TT,CC,GG,GG,CC,NA,GG,GG,AA,CC,TT,CN,GC,TT,AA,AA,TT,AA,CT,GG,AA,GN,AA,CC,GA,CT,NN,AA,AA,TT,GA,GG,AA,CA,GG,CN,CC,AA,CC,GG,AG,CC,TT,TC,GG,GG,CC,GG,AA,GG,GA,AA,TT,AA,AA,GG,TT,NC,AA,TC,GG,CC,CC,NN,CT,NN,CC,AA,TC,GG,AA,TT,GA,CC,AA,AA,CT,NN,NN,CC,AA,TC,AT,CC,GA,NT,GG,TT,NC,GG,CT,CC,CC,GG
Finnish in Finland,,,,HG00328,,AN,CC,AC,TT,CT,GG,TT,GT,TC,CN,NN,GG,TC,TC,GG,TT,GA,GG,AA,CC,CC,AA,GG,TT,GA,NC,TT,GG,TC,CC,NN,CC,CC,AA,TT,AG,GG,GA,CC,GG,CC,AA,CC,NN,TT,CC,TC,AA,NN,CC,CT,AA,GG,AC,AA,CC,GG,TT,GA,GA,TT,AG,TG,GC,TC,GG,GA,AA,TC,CC,TT,NN,NN,CC,AA,CC,CC,AA,AA,GG,GA,AC,CC,CA,AA,TT,GG,GG,TA,TT,CT,NG,TN,GG,GA,CC,GA,GG,CC,AA,GA,AA,CT,NN,TT,GG,AC,AA,GA,GG,NN,CT,AA,CT,GT,GG,GG,GG,CT,GG,AA,CC,NN,CC,CC,GG,CC,GC,GA,TT,GG,AA,NN,TT,TT,AG,TT,CC,GA,AG,NN,GC,GG,CT,GG,CG,NN,CT,CC,GG,GA,CC,GG,CC,CT,TT,AA,TG,AA,AA,GG,CC,GA,TC,NT,GC,GG,CT,CT,GG,GG,TT,CC,TT,CC,TT,AC,GT,GG,GT,GG,CT,AG,GG,AA,NN,AG,GG,GG,NT,TT,CC,CT,TT,AA,CT,NN,AC,GG,GG,GA,GG,CT,GG,CC,GA,AA,AA,GA,GG,GG,GG,AC,CC,CC,GG,CT,CT,AA,AA,TT,AA,TT,GG,CC,GG,TC,AA,TT,CC,AA,TG,GA,GA,TA,CG,GG,CT,GA,CC,GA,TT,TG,GT,GG,CT,TC,NA,TN,TA,CT,TG,GT,NT,GG,TT,AA,GG,GG,CC,GT,GG,GG,TN,TC,TT,TC,GG,GG,TT,TT,CA,TC,AA,CN,TT,TC,CT,AA,AG,CC,CC,TT,TT,AA,AG,CC,CC,TT,GG,NT,AA,CT,AA,GG,GG,CC,AG,AA,CC,TA,TT,AA,TC,CT,CT,CT,AN,CC,CC,TT,CC,GG,AC,CC,NC,GG,AA,GG,TC,CT,GG,AA,CC,CA,AA,TT,GT,GG,TC,NN,GG,AN,TT,AA,GG,GG,GG,AA,CC,AA,GG,TC,NC,NN,NT,GC,TT,TG,AA,NN,AA,AA,TT,GG,AA,CC,AC,NC,NN,AC,CC,NN,CC,TG,TT,NA,CN,GG,CT,AA,TT,CA,GG,GG,GA,GG,CT,AA,TC,AA,CC,GG,GG,GG,CC,GC,GG,AT,NN,CT,TT,GG,GG,CC,NN,GG,GG,AA,TC,CT,NN,CC,TT,AA,AG,TT,AA,TT,GT,AA,NN,AA,CC,GG,TT,NN,AA,GA,TT,GG,GG,AA,AA,AA,CC,TC,AA,NC,GG,GA,CC,TT,TT,AA,GG,CC,GT,AA,GG,GG,AA,TC,AA,AC,GG,AT,CC,AA,CT,GA,CC,CC,NN,TC,CN,CN,AA,TC,AA,GA,TC,AA,CC,AA,AA,CC,NN,NC,CC,AA,CT,TA,CC,GG,TT,GG,TT,CN,GG,CT,CC,CC,GG
Finnish in Finland,,,,HG00329,,NA,CC,AA,CT,TT,GG,TT,GG,CC,CN,NN,GG,CC,CC,CC,CT,AG,GG,AA,CC,CC,AA,TG,TT,AG,NC,TT,GG,CC,CC,NN,CT,CN,AG,TT,AG,GG,AA,CC,GG,TC,AC,CC,NN,TC,CN,CC,AA,NC,CC,CC,AA,GA,AC,GG,CC,AG,TT,GG,GG,TC,GG,GG,CG,CC,GG,GG,AA,TT,CC,TT,NN,NN,CC,AA,CC,CC,AA,AA,AG,GG,CA,CC,CA,AA,TC,GG,GG,AA,TT,CC,NN,NN,GG,AG,CC,AA,GG,TC,AA,AG,AA,TT,NN,TT,GG,AC,AA,AA,GA,NC,CC,AA,TC,TT,GG,GA,GG,TT,GG,AA,CC,NN,CC,CC,AG,CC,CC,GG,TT,GG,GG,NN,CC,CC,AA,TT,CC,GG,GA,NN,GG,GG,TT,GG,CC,NT,TC,TC,TG,AA,CT,GC,CC,CT,TT,AA,TG,AA,TA,TG,CC,AA,CC,NN,GC,GG,TC,TT,GA,GG,TT,TC,TT,TC,TA,CC,GT,GA,TT,GG,CC,GG,GG,AA,NN,AG,GG,GG,TN,TC,CT,CC,TT,AA,CC,GN,CA,GG,GG,GG,GG,CT,TT,CT,GA,AA,AA,AA,GG,GG,GC,CA,CC,CC,GG,CC,CC,AC,AA,TT,AG,TN,GG,CC,AG,TC,AA,TT,CC,AA,GG,GA,AA,TA,GG,TG,TT,GG,CC,GA,TT,TG,TG,AG,TT,TT,NN,TN,AA,CC,TT,GT,TN,AG,TT,AA,GG,TT,TC,TG,GG,GG,NT,CT,TT,CT,GG,GG,TT,TT,CC,TC,GG,NC,TT,TC,TT,AA,GA,CC,CT,TT,TT,AA,AA,CN,CC,TT,GG,TN,AA,TT,AA,AG,AG,CC,GA,AC,CC,TA,TT,AA,CT,CT,TT,TT,NN,GC,CC,TC,CC,AA,CC,TC,NN,GG,AA,AG,CT,TC,GT,AA,TC,AA,AA,TA,GG,GA,CC,NA,AA,AN,TT,TA,TG,GA,AA,AA,CC,AA,CC,TC,NC,NN,TT,CC,CC,GG,GG,NN,AA,AA,TC,AA,GG,CC,AA,CC,NT,AA,CC,NN,CC,GT,TT,NA,NN,GG,CC,AA,TT,CC,GG,GG,GG,GA,CT,AA,CC,AA,CC,GA,GA,GA,TT,GC,GG,TT,NN,TC,TT,AG,GG,CC,NN,NG,GA,AA,CC,TT,NN,CG,TG,AA,AA,TT,GA,TT,GG,AA,NN,AA,CC,GA,TC,NG,AA,AA,TT,AG,GG,AA,AA,AA,NN,CT,AA,CN,AA,GG,TC,CT,TC,GG,CG,CC,GG,AG,GG,GA,AA,TC,AA,CC,AA,TT,CC,AA,CC,GG,CC,CT,NN,TC,CN,CC,AA,CC,AA,AA,TC,AA,TT,AA,AA,CC,NN,CN,CT,AA,CC,TT,CC,AA,NT,GG,TA,CC,GG,CT,AC,CC,GG
Finnish in Finland,,,,HG00330,,AA,CC,AA,TT,TT,GG,TT,GT,CC,NC,NN,GA,CC,CC,GG,CT,AA,GG,GG,CC,CC,AA,GT,TT,GG,CC,TT,GG,CC,CA,NN,CC,CC,AA,GT,GA,GG,AG,AA,GG,CT,AA,CC,NN,TC,NN,CC,AA,CC,AC,CT,GA,GA,CC,GA,CT,AA,TT,AG,AA,TC,GG,TT,CC,CC,GG,GG,AN,TT,CC,TT,NN,NA,NC,TA,TC,TT,AA,AA,AG,AG,CC,CC,AC,AA,TT,GG,GG,AA,TT,TT,NN,NN,GG,AA,CC,GA,GG,CC,AA,GA,AA,TT,NN,TT,GG,CA,GA,GG,GG,CC,TC,AA,CT,TT,GG,GG,GG,CT,GG,AA,TC,CC,CC,CC,GG,CC,CC,GG,TT,GG,AG,NN,CC,TC,AA,TT,CC,GG,GA,GN,GG,GG,TC,GG,GC,NN,TC,TC,GG,GG,CC,CC,CC,CT,GT,AA,TG,AG,AA,TG,CC,AA,CC,TN,CC,GG,TC,CC,GA,GG,CT,CC,TT,CC,TT,AA,TT,GG,TT,TG,CC,GG,GG,AA,NN,GA,GG,GG,TN,TT,TT,CC,TT,GA,TT,NG,AA,AG,AG,AA,GA,CT,TT,CT,GA,GG,AG,GA,AA,GG,CG,AC,TT,CC,GA,CC,CC,CA,AA,NT,GA,TT,GG,TC,AG,CT,AA,TT,GC,AA,GG,AA,GA,AA,GG,TG,CT,GG,CC,GG,TT,GT,GG,AA,TC,TT,NN,NT,AT,CC,TT,GT,TT,GG,TT,AA,GG,GT,CC,GT,AG,GG,TN,TC,TT,TC,GG,GG,TT,TT,CC,CC,GG,NN,TT,CC,TT,CA,GA,CG,TT,TT,TT,AC,AA,NC,CC,TT,GG,TN,AG,CT,AA,AG,AG,CC,GA,AA,CC,AT,GT,AA,CC,CC,TT,CT,AN,GC,CC,CT,CC,AG,CC,TC,NN,GG,AA,GA,TC,CC,GT,AA,CC,AC,AA,AT,GG,GG,TC,NN,AG,AN,TT,TA,GG,GG,AG,GA,CC,AA,CC,TT,NN,NN,TT,CG,CT,GG,GG,GG,AA,AA,TT,GG,AA,GC,AA,CC,NT,AC,AC,NN,CC,GG,TT,AA,NN,GG,CT,AA,TT,AC,GG,GG,AG,GG,CC,AA,TT,AA,NN,AG,GG,GG,CC,GC,GG,TT,NN,TC,CT,GA,GG,CC,NN,GG,GG,AG,CC,TT,NN,GG,GT,AA,AA,TT,AA,CT,TT,AA,NN,AA,CC,GA,TC,NG,AA,GA,TT,AG,GC,AA,AA,AA,CC,CC,AT,NN,GA,GG,CT,TT,CT,GG,GG,CC,GG,AA,GG,AA,GA,TC,AA,CC,AG,TT,NC,GA,CC,GG,CC,TT,NN,TC,CN,CN,AA,CC,AA,AA,TT,GA,TC,AA,AA,CC,NN,NN,TC,AA,CC,TA,CC,GG,TT,GG,AT,NC,GG,CC,AC,TT,GC
Finnish in Finland,,,,HG00331,,AA,CC,CC,TT,TT,GG,TT,GG,CC,CN,NN,GG,CC,CT,CC,CT,GA,GG,GG,CC,CC,AA,TT,CC,GG,CN,GT,AG,CC,AA,NT,CT,CN,AA,TT,AA,AG,AG,CC,GA,CC,AA,CT,NN,TC,CN,CC,AA,NC,CC,CT,AA,AA,AA,AG,CT,GG,TG,GG,AG,TT,GG,GG,CC,CC,GG,GG,AA,TT,CC,TT,NT,NN,CC,TA,CC,CT,AA,AA,GA,GG,CC,CC,AA,AA,CT,GG,GG,AA,TT,CT,GN,TN,GG,GA,CT,GG,GG,CC,AA,GA,AA,CT,NN,TT,AG,AA,AA,AA,GA,NN,CC,AA,CT,TG,GG,GG,GG,TC,GG,AG,TC,NN,CC,CC,GG,CC,CC,AG,TT,GG,AA,NN,CT,CC,AG,TT,CC,GA,AA,NN,GC,AG,TT,GG,CC,NN,TC,CC,TG,AA,TC,CG,CC,TC,TT,TA,GT,GA,AA,GG,CC,AG,CT,NN,CG,GG,TC,CT,GA,AG,TT,TC,TT,CC,TT,AC,GG,AA,TT,GG,CC,GG,AG,GA,NN,GG,GG,GG,TN,TT,TT,TC,TT,AG,CC,GN,AA,GG,GG,AA,GG,TT,TT,CC,GG,AA,AG,AA,GG,GG,GC,CC,TT,CC,AG,CC,TC,AA,AA,NN,GA,NN,GT,CC,GA,TC,AA,TT,CG,GA,GG,GG,AA,TT,GG,TT,CC,GG,CC,AA,TT,GT,GT,AG,CT,TT,NN,NN,AT,CC,TT,TT,NT,GG,TT,AA,GG,TG,CT,GT,GG,GG,TT,TT,TT,TT,GG,GG,NT,TT,CC,CC,GG,CN,TT,CC,CT,AA,AG,GC,CC,TT,CC,CA,AA,CC,CC,TT,GT,NT,AG,TT,GG,GG,GG,CC,GG,AA,TT,TT,TT,AA,TC,CC,CC,TC,AN,GG,CC,TC,CC,GG,CC,CC,NN,GG,GA,GG,CC,CC,GG,GA,CC,AA,AA,TT,GG,GG,CC,AA,AA,NA,TT,AT,TG,AG,AG,AA,CC,AA,CC,TC,CN,NN,TT,CC,CC,TG,GG,NN,GG,AA,TC,GA,AG,CG,AA,NC,NN,AA,CC,NN,CC,GG,TT,AN,NC,GA,TC,AA,TA,AA,AA,GT,GG,AA,CC,AA,CT,AA,CC,AA,GG,GG,TC,CG,GG,TT,NN,CC,TT,GG,GG,TT,NN,NN,GG,AA,CT,TC,CN,GG,TT,AA,AA,TT,AA,TT,GT,AA,GN,AA,CC,GA,CT,NN,AG,GA,TT,AG,GC,AT,AA,GG,CN,CC,AA,CN,AA,GG,CT,TT,TT,GG,GG,TC,GG,AA,GG,AA,GA,CC,AC,CA,GG,AA,NC,AG,CC,GG,CT,CC,NN,CC,CC,NN,CA,CC,GG,AA,TC,AA,TT,AN,AN,CC,NN,NN,CC,AA,CT,AT,CC,AA,TT,GT,TT,NC,GG,CT,CC,CC,GG
Finnish in Finland,,,,HG00332,,AA,CC,CC,TT,TT,GC,TT,TG,CC,CC,NN,GG,TT,CT,GG,CT,AA,GG,GG,CC,CC,AC,TT,TT,GG,NN,TT,GG,CC,AC,NN,CT,NC,AA,GT,GG,AA,GA,CA,AG,TC,AC,CC,AN,TT,NN,TC,AA,CC,CC,TT,AA,GA,CC,GA,CT,GG,TT,AG,GG,TC,GG,TG,CC,CC,GG,GG,AA,TT,CC,TT,NN,NN,CC,AA,CC,TT,AA,AA,GA,GG,CA,CC,AA,AG,CT,TT,GG,AA,TT,TT,NN,NN,AG,AA,CC,AA,GG,CC,AA,GG,AA,TC,NN,TT,GG,AA,AA,AA,AA,CN,CC,AG,TT,TT,GG,GG,GG,CT,GG,AA,CC,CN,CC,CC,GG,CC,CC,GA,GT,GG,GG,NN,CT,CC,AA,TT,CC,GG,GA,NN,GG,GA,TT,GG,CC,NN,TT,CC,GG,GA,CC,GC,CC,CT,TT,AA,TG,GG,AA,GG,CC,AG,CT,TN,CC,GG,CT,CT,GG,GA,TT,TC,TT,CC,TT,AA,GG,GA,TT,GG,CC,AG,AG,AA,NN,GG,GG,GG,NN,TC,CC,TC,TT,GG,TT,NG,AC,GG,GG,AG,GG,TT,TT,CC,GG,GA,AA,AA,GA,GG,GC,AC,CC,CC,AA,CC,TT,AA,CC,TN,GA,NT,GG,CC,AA,TT,AA,TT,GC,AA,GG,GG,AA,AT,GG,TT,CC,GG,CC,AG,TT,GT,GT,AA,TT,TT,NA,TT,AA,CC,TT,GG,NT,AG,TT,AA,GG,TG,CC,GT,GG,GG,NT,CT,TG,TT,GG,GG,TT,TT,CC,CC,GG,NN,TT,CC,TC,AA,GG,GC,TC,TT,TC,AA,AA,CC,CC,TT,GG,NT,AA,CT,AG,AG,AG,TC,GA,AC,TT,AA,TT,AA,CC,CT,CC,TC,AN,GC,CC,TC,CC,GA,CC,CC,NN,GG,AA,AG,TC,TC,GT,AA,TC,AC,AA,TA,GG,GG,TT,NN,GA,NN,TT,AA,GT,AG,AA,AG,CC,AA,CC,TT,CN,NN,TT,CG,CT,TG,GG,NN,GA,GG,TT,GG,AA,CC,AA,CC,NT,CA,CC,NN,CC,GG,TT,AA,NN,GG,CC,AA,TT,AA,GA,GG,GA,GG,CC,AA,TT,AA,CC,AG,GG,GG,CC,CC,GG,TT,NN,TC,CT,GG,GG,CT,NA,GG,GG,AA,CT,TC,NN,CG,TT,AA,AA,TT,GA,TT,TG,AA,NN,AA,CC,GG,TC,GN,AG,GG,TT,GG,GG,AA,CA,AG,NN,CC,AT,NN,GG,GA,CC,CT,CC,GG,GC,TC,GG,AA,GA,AA,GA,CT,AA,CA,GA,TT,CC,AA,CC,AG,CC,CT,NN,TC,NC,CC,AA,TT,AA,AA,TT,AG,CC,AA,AN,CT,NN,NN,CC,AA,CT,TA,CC,AA,TT,TG,TA,NC,GG,CT,CC,CC,GC
Finnish in Finland,,,,HG00334,,NA,CC,AA,CT,TC,GG,TT,TT,TC,CC,NN,GG,TC,CC,GC,TC,AA,GG,AG,CC,CC,AA,GT,TT,GG,CC,TT,GG,CC,CA,NT,TC,CC,AA,GT,AG,GG,AG,CA,GA,CT,AA,CT,NN,CC,NC,CC,AA,CC,CC,TT,AA,AG,CC,GG,CC,GG,TT,AG,GA,CT,GG,GT,CC,CC,GG,AG,AA,TT,CC,TT,NT,NN,CC,AT,CT,TC,AA,AA,GG,GG,CC,CC,CA,AA,TC,TT,GG,AA,TT,CC,NN,NT,GG,GA,CC,GA,GA,CC,AA,GA,GA,TC,NN,TT,GG,AA,AG,AA,GG,NN,CC,GG,TT,TT,GG,GG,GG,CT,GG,AA,CC,NN,CC,CC,GG,CC,CC,GG,TT,TG,GG,NN,TT,CT,AA,TT,CC,GG,AG,NN,GG,GG,CT,GG,CC,NN,CT,CT,GT,GA,CC,GG,CC,CT,TT,AA,TG,AG,AT,GG,CC,GA,TT,NN,GC,GA,TC,CC,GG,GG,TT,TT,TT,CC,TT,CA,GT,AG,TG,GG,CC,GG,GG,AA,CN,AG,GG,GG,TT,CT,CC,CC,NT,AA,CT,GN,CA,GG,GG,GG,GG,TT,GT,TC,GG,AA,AG,AA,GG,GG,GG,AA,TT,TT,GA,CC,CC,AA,AA,TT,AA,NN,TG,CT,AA,TT,GA,TT,CG,AA,GG,GG,GG,TA,GG,TT,CC,GG,CC,AA,TT,GT,GT,GG,TC,TT,NN,TT,AT,CC,TT,TT,NT,AG,TT,AG,GG,GT,CC,GG,GA,GA,TT,TT,TT,TT,GG,GA,NT,TT,AC,TC,GG,NN,TT,CC,TT,AA,GG,CC,TT,TT,TT,AC,AA,NC,CT,TT,GG,NN,AA,CT,GA,GA,GA,CC,GA,AA,CC,TA,TT,AA,CC,CT,CC,CT,NA,CG,CC,CT,CC,AG,CC,CT,CN,GC,AG,AA,TC,TC,GG,AA,CC,AA,AA,AT,GG,AG,CC,NN,AG,NN,TT,AT,TG,GG,GA,AA,CC,AA,CC,TT,NN,NN,NN,GG,CT,TT,GG,NN,GA,AA,CC,GA,AG,GC,CA,CC,TN,AA,CC,NN,CC,GT,TT,AA,NN,GG,CC,AA,TT,AA,GG,GG,GG,GG,CC,AT,TT,AA,CN,GG,GG,GG,CC,GC,GG,AT,NN,CC,CC,GA,CC,CC,NN,GN,GG,AA,CT,TC,CN,CG,GG,AA,AA,TT,AA,TT,TG,AA,GG,AA,CC,GG,CC,NN,AA,AA,TT,GG,CG,TA,AA,AG,NC,TC,TA,NN,AA,GG,TC,TT,CT,GA,GG,CC,GG,AA,GG,AG,AA,TT,AA,CA,GG,AA,CC,AA,CC,GA,CC,TT,NN,TC,CN,CC,AA,CT,AA,AA,TC,AG,CC,AN,AN,CC,NG,NC,CC,GA,TT,AA,CC,GA,TT,GG,AT,CN,GG,CT,CC,CC,GC
Finnish in Finland,,,,HG00335,,AA,CC,AC,TT,TT,GG,TT,TT,TC,CN,NN,AG,CC,TT,GC,TC,AG,CG,AG,CC,CC,AA,GG,TT,GG,CC,TT,GG,CC,AA,TN,CC,NC,AA,GT,AG,AG,GG,AC,GG,CC,CA,CC,NN,CT,NN,CC,AA,NC,CC,CC,AA,GA,CC,GG,CT,GG,TT,GG,GG,CC,GG,GG,CC,CC,GG,AA,AA,TT,CC,TT,NN,NN,CC,AA,CC,TC,AA,AA,GG,GG,CC,CC,AC,AA,CT,TG,GG,AA,TT,CC,NN,NT,GG,AG,CC,GA,GG,CC,CA,GG,AA,CT,NN,TT,GG,AA,GA,GA,AG,CC,CC,AG,CT,TG,GG,GG,GG,TT,GG,AA,CC,NN,CC,CC,GG,CC,CC,GG,TT,GG,GG,NT,CT,CT,AG,TT,CC,GA,GG,NN,CG,AG,TC,NG,CC,NN,TC,CC,GG,AG,CC,GG,CC,CC,TT,AA,TT,AA,AA,GT,CC,AA,TC,NN,CG,AG,TC,CC,GG,GA,TT,CC,GT,CC,AT,AA,GT,GA,TT,GG,CC,GG,GG,AA,NN,GA,GG,GG,NN,TC,CT,CC,TT,GA,TC,NN,AA,GG,GG,AA,GG,TT,TG,CC,GA,AA,AA,AA,GG,GG,CC,CA,TT,TT,GG,CC,CC,AA,AA,NN,GA,NN,GT,CC,AA,TT,AA,TT,CG,AA,GG,AA,AA,TT,GG,TG,CC,GG,CC,AA,TT,TG,TG,GA,TT,TT,NN,TN,TA,CT,TG,TT,NT,GG,TT,AA,GG,TG,CC,TG,GG,AG,TT,TT,TG,CT,GN,GG,TN,TT,AC,CC,GA,NN,CT,CC,TC,CA,GG,GG,TC,TT,CT,AC,AA,NC,CC,TT,GG,NN,AG,TC,AG,GA,GG,TC,GA,AA,CC,TA,TT,NA,CC,TC,TC,TC,NN,GC,CC,CT,CC,AG,CC,TC,NN,GG,AA,GG,CC,CT,TG,AA,CT,CA,AA,AT,GG,GG,CC,NN,AG,NN,CT,AA,TG,GG,GG,AA,CC,GA,CC,CT,CN,NN,TN,CG,CT,GT,GG,GN,AA,AA,CC,AA,GG,CC,AC,CC,TN,AC,CC,NN,CC,GG,TT,AA,NN,GA,CC,AA,TA,CA,GG,GG,GG,GG,TC,AT,TT,AA,CC,AA,GG,GG,CT,CG,GG,TA,NN,CC,CT,GG,GG,TC,NN,NG,GG,AA,CC,TT,NC,GC,TT,AA,AA,TT,GA,TT,GG,AA,GN,AA,CC,GG,TT,NN,AG,AA,TT,GG,GG,AA,AC,GA,NN,CC,TA,NN,AA,GG,CC,CT,TC,GG,GG,CC,GG,AA,AG,GG,AA,TT,AA,CA,GG,TA,CC,AA,CC,GG,CC,CC,NN,CT,NC,NC,CA,CC,AA,AA,TC,AA,CC,AA,NA,CT,GN,CN,TC,AA,CC,TT,CC,GA,TT,GG,TT,NC,GG,CC,CA,CC,GG
Finnish in Finland,,,,HG00336,,NA,CT,CA,TT,TT,GG,TT,TG,CC,CN,NN,GG,CC,CT,CG,TC,AG,GG,AA,CC,CC,AA,GG,TC,GG,CN,TT,GA,CC,CC,NN,CC,CC,AA,TT,AG,GG,GA,CC,AG,CC,CC,CC,NN,CT,NN,CC,AA,CN,CC,CC,AA,AG,CA,GA,CC,GG,TT,GG,GA,TT,GA,TG,CG,TC,GG,GA,NA,TT,GC,TT,TT,NN,CC,AT,CC,CC,AA,AA,GG,GG,AC,CC,AA,AG,TC,GG,GA,AA,TT,CC,NN,NN,GG,AG,CC,AA,AG,CC,AA,GG,AA,TT,NN,TT,GG,AA,AA,GG,GG,NN,CC,GG,CT,TT,GG,GG,GG,CT,GG,AA,TC,NC,CC,CC,AA,CC,CC,GG,TG,GG,GA,NN,CC,TC,AA,TT,CC,GG,GG,NN,GC,GG,TT,GG,CC,NN,CT,TC,GG,GA,CC,CG,CT,TT,GT,AA,GG,AA,AA,GG,CT,AA,CT,NT,CC,GG,TC,CT,AG,AA,TT,CT,TT,CC,TT,AA,TT,GG,TT,GG,CC,GG,GG,AA,NN,GA,GG,GG,TN,TT,CC,CT,TT,GA,TT,GN,AA,GG,GG,GA,GG,TT,TG,CC,AA,AA,AA,AA,GG,GG,GC,AA,TT,CT,AG,CC,TC,AA,AA,NT,AA,NT,GG,CC,AA,TT,AA,TT,CC,AA,GG,AA,AA,AA,GG,GT,TC,GG,CC,AA,TT,TG,GG,GG,TT,CC,NA,TN,AT,CC,TT,GT,NN,AA,TT,GA,AG,TT,CC,GG,GG,GG,TN,TC,TG,TT,GG,GG,TT,TT,CC,CC,AG,NN,TC,CC,CT,AA,GG,CC,CT,TT,CC,AA,AA,CN,CC,TT,GT,TN,AA,TT,GG,AA,GG,TC,AG,CA,CC,TA,TT,AA,CC,CC,CC,CT,NN,CC,CC,CC,CC,AA,CC,CC,CN,GG,AA,GA,CC,CC,GT,GA,CT,AA,AA,TT,GT,GG,CC,NA,GG,NN,TC,AA,TG,AG,AG,AG,CC,AA,CC,TT,NN,NN,NN,GG,TT,TG,GG,NG,AA,AA,CT,GG,GG,CC,AA,CC,TN,CC,CC,NG,TC,GG,TT,AA,NN,GG,CC,AC,TT,CA,GG,GG,GG,GA,CC,AA,TC,AA,CN,GG,GG,GG,CC,CC,GG,TT,NN,CC,TT,GA,GG,CT,NN,GG,AG,GA,CC,TT,NC,GC,GG,AA,AA,TT,AA,TT,GT,AA,NG,AA,CC,GG,CT,NN,GG,AA,TT,GG,GG,AA,CA,AA,CN,CC,AA,CC,GG,GG,TC,TT,CC,AG,GG,CC,GG,AA,GG,AA,GA,TT,AA,AC,GG,TT,CC,AA,CT,GG,CC,CT,NN,TT,CC,CN,AC,TC,AA,AA,CT,GG,TT,NA,AA,TC,NN,NN,CC,AA,TT,TA,CC,GA,TT,GG,TA,CC,GG,CC,AA,CC,CG
Finnish in Finland,,,,HG00337,,AA,CC,CA,TC,TC,GG,TT,TT,CC,CN,NN,GG,CT,CC,CG,CT,AA,GG,GA,CC,CC,AC,TT,TC,GG,NN,TT,GG,CC,AA,NN,CC,CC,AA,TT,GG,GA,GG,CC,AG,CC,AC,TC,NN,TT,NC,CC,AA,NC,CC,TC,GA,AA,AC,GG,CC,GG,TT,GA,AA,TT,GA,GT,CC,CC,GG,GG,AN,TT,CC,TA,NN,AN,CC,AA,CC,TT,AA,AA,GA,GG,AC,CC,AA,GA,CC,GG,GA,AA,TT,CC,NN,NT,GG,GG,CC,AA,GG,TC,AC,GG,AA,TT,NN,CT,GG,AA,GA,AA,GA,NN,CC,GG,CC,TT,GG,AG,AG,TC,CG,AA,CC,NN,CC,CC,GG,CC,CG,AG,GT,GG,AG,NN,CT,CC,AA,CT,CC,AA,AG,NN,GC,GG,CC,NG,CC,NN,TT,CC,GG,AA,CC,GG,CC,TC,TG,AA,TG,AA,AA,GG,CC,AA,CC,TN,CC,GG,TT,TC,AG,GG,TT,CC,TT,CC,TT,AA,TG,GG,GT,GG,CC,GG,AG,AA,NN,GA,GG,GG,TN,TT,TT,CC,NT,AG,TT,NN,AA,AG,AG,AG,GG,TT,TT,CC,AA,AA,GG,AA,GG,GG,CG,AA,TC,CC,AG,TC,TC,AA,AA,NT,AG,NN,GT,CC,AA,TT,AA,TT,GC,GA,GT,GG,AA,TA,GG,GG,TT,GG,CC,AA,TT,GT,GT,AG,TT,CC,NA,NT,TA,CC,TT,GT,TT,GG,CT,GA,AG,GG,CT,TT,GG,GG,TN,TC,TT,TT,GG,GG,TT,CT,CC,CC,GG,NN,TT,CC,TT,AA,AG,CG,CC,NT,TC,AA,AA,CN,CC,CT,GG,TT,AA,TT,GG,GG,GG,CT,GG,AA,CT,TA,TT,AA,CC,CC,CC,CT,NA,CC,CC,CT,CC,AG,CC,CC,NC,GC,AG,AA,CC,CC,TT,AA,CC,AC,AG,AA,GG,GG,CC,NN,AA,NA,TT,AA,TG,GG,AA,AA,CC,AA,CC,TC,CN,NN,TT,CC,CC,TG,GG,NG,GG,AG,TC,GG,GA,CG,CA,CC,TN,CA,CC,NN,CC,TG,TT,AA,NN,GG,TT,AA,TT,CC,AG,GT,AG,GG,CC,TA,CT,AA,NC,AA,GG,GG,TT,CG,GG,TT,NN,CT,CT,GA,GG,CC,NN,GG,GG,AA,CC,TC,NN,GC,TT,AA,AA,TT,AA,CT,GT,AA,NG,CA,CC,GG,CT,NN,AA,AG,TT,AG,GC,AA,AC,AG,CN,CC,AT,NN,GG,GG,TT,TT,CC,AG,GG,TT,GG,AA,GG,GG,AA,TT,AC,AA,GG,TT,NN,AA,CC,GG,CC,TC,AN,CC,CC,CC,AC,CC,AA,AA,TC,GA,TC,AA,AN,CC,GN,CN,TC,GA,TC,AT,CC,GG,TT,GG,AT,CN,GG,CC,AC,TC,GG
Finnish in Finland,,,,HG00338,,AN,CT,AA,TT,CC,GC,TT,GT,TC,CN,NN,GG,TT,CC,GG,TT,GG,GG,GG,CC,CC,AC,GG,TT,GG,CC,GT,GG,CC,AA,TN,CC,NC,AA,GT,AG,GA,GG,CC,GA,CC,AA,CC,NN,TT,CC,CC,AA,CN,CA,CC,AG,GG,CA,AG,CC,GA,TG,GG,GG,CT,GG,GT,CC,CC,GG,GG,AA,TT,CG,TT,TN,NN,NC,AA,CC,CC,AA,AG,GG,GG,CC,CC,AA,AG,TC,GG,GG,AA,TT,CC,NN,NN,AG,AG,CC,GA,GG,CT,CA,GG,AA,TC,NN,TT,GG,AA,GG,AG,AG,CN,TC,AA,CC,TT,GG,GG,GG,TT,GG,AA,CC,NN,CC,CC,GG,CC,CC,AG,TG,TG,GA,NN,CT,CC,AA,TT,CC,GA,GG,NN,GG,GG,TT,GG,GC,NN,TT,TC,TG,AG,CC,CG,CC,CC,GT,AA,GT,AA,AA,GG,CC,AG,CC,NN,CC,AG,TC,CC,GG,AG,TT,CC,TT,CC,TT,CA,GT,GG,GT,GG,CC,GG,GG,AA,NN,GG,GG,GG,TN,TT,TC,CC,TT,GG,TT,NN,AA,GG,GG,AA,GG,TC,TT,CC,GA,AA,AG,GA,AG,GG,GC,CA,CT,TT,AG,CC,CC,AA,AA,NN,AA,NN,TT,CC,GG,CC,AA,TT,CG,AA,GG,GG,GA,TT,GG,GT,TT,GG,CC,AG,TT,GT,GG,AG,CT,TC,NA,TN,AT,CC,TT,GT,TT,AG,CT,AG,GG,GG,TC,TG,AG,GA,TN,TC,TT,CT,GG,GG,TT,TT,CA,CT,GA,NN,TT,CC,TT,AA,AG,CC,CC,NT,CC,AA,AA,NN,CC,TT,GG,NN,AA,TC,AA,GA,AA,CC,AA,CA,CC,TA,TT,AA,CC,CT,CC,CC,AN,CC,CC,TC,CC,GA,CC,TC,NC,GC,AA,AA,CC,CC,GG,AA,CC,CA,AA,AT,GT,GG,CC,NN,GG,NN,TT,AT,GG,GG,GA,GA,CC,AA,GC,TT,NN,NN,TN,CG,CT,GT,GG,NN,AG,GA,TC,AG,AA,CC,CA,CN,NN,CA,CC,NN,CC,GG,TT,AA,NC,GG,CC,AA,TT,CC,GG,GG,GG,GA,CT,AT,CC,AA,CC,AA,GG,GG,CC,GC,GG,TA,NN,TC,CT,GA,GG,TC,NN,GN,GG,AA,CC,TT,NN,GC,GT,AA,AA,TT,AA,TT,GG,AA,GG,AA,CC,GG,CT,NN,GA,GA,TT,AG,GG,TA,AA,AA,NN,CC,AT,NN,GA,GG,TC,CT,CT,AG,GG,CC,GG,AG,GG,GG,AG,TT,AA,AA,AA,TT,CN,AA,CC,AA,CC,CC,NN,TC,CC,NC,CA,CC,GA,AA,TC,AA,CC,AA,AA,CC,NN,NN,CC,AA,CC,AT,GG,AA,TT,GG,TT,CC,GG,CT,CC,CC,GG
Finnish in Finland,,,,HG00339,,AN,CT,AC,CT,CT,GG,TT,GG,CT,NC,NN,GG,TC,CC,GG,TT,AA,GC,GG,CC,CC,AC,TG,TC,GG,CC,GG,AG,CC,CA,NT,CC,NC,AA,TG,GG,AG,GA,CC,AG,TT,AA,CC,NN,TT,NN,CC,AG,CC,CC,CC,AA,GA,CC,AA,CC,GG,TT,AA,GG,TC,AG,TT,CC,CC,GG,GG,AN,TT,CC,TT,NN,AN,NC,AT,CC,TC,AA,AG,AG,GG,CC,CC,AA,AA,TC,TT,GG,AT,AT,TC,NN,NT,AG,AG,CC,AA,GG,CC,AA,GA,AA,TT,NN,TT,GG,AA,AA,GG,GG,NN,CC,AA,CT,TT,GG,AG,GG,TT,GG,AA,CC,NC,CC,CC,GG,CC,CC,AG,GT,GG,AG,TN,CT,CC,AA,TT,CC,AG,AA,NN,CG,GG,TT,GG,CC,NN,TT,CC,GG,AA,CT,CC,CC,CT,TT,AA,GG,AA,AA,GG,CT,AA,TC,NT,CG,GG,TC,TC,GG,AA,TT,TC,TT,CT,TT,AA,TG,AA,TT,GT,CC,GG,GG,AG,NN,AG,GG,GG,TN,TT,TC,TC,TT,GG,TT,NN,AA,GG,GG,GA,GG,TT,TT,TC,GG,AA,GA,AA,AG,GG,GG,AA,CC,CC,GG,CC,CC,AA,AA,NN,GG,NT,GG,CC,AG,CC,AA,TT,CG,AA,TG,AG,GA,TT,GG,GG,TC,GG,CC,AA,TT,GT,TG,GA,CT,CC,NA,TN,AT,CC,TT,TG,TT,GG,TT,AA,GG,GT,CT,GG,AG,GA,TT,TT,TT,TT,GG,GG,TT,TC,CC,CT,GA,CN,TT,TC,TT,AC,GG,CG,TC,TT,TC,CA,AA,NC,CC,TT,GG,NN,AA,CT,AG,AA,AG,CT,GA,AA,TC,TT,GG,AA,TC,CC,TC,TT,NN,CG,CC,TT,CC,GG,CC,CC,NN,GG,AA,AG,CC,CC,GG,AA,CC,AA,AG,TA,TT,GA,CT,NA,AG,NN,TT,AT,GT,GG,GG,AA,CC,AG,CC,TT,CN,NN,TN,CG,CT,GT,GG,NN,AG,GA,CT,AG,AG,CG,AA,CC,TN,AC,CC,NN,CT,GG,GT,AN,NC,GG,TC,AA,TA,AA,GG,GG,GG,GA,CC,AA,TT,AA,NC,AG,GG,GG,CC,GC,GG,TT,NN,TT,CT,GG,GG,CT,NN,NN,GG,AA,CT,CC,NN,CC,TT,AG,AA,TT,AG,TT,GT,AA,NN,AA,CC,GG,CT,NN,AA,AA,TT,GG,GG,AA,AA,AA,CC,CC,TA,NN,GA,GG,TC,TT,CC,GG,GG,CT,GG,AA,GG,AG,AA,TT,AA,AC,GG,TA,CN,AA,CT,GG,CC,TT,AA,CC,CC,NN,CA,CC,AA,AA,TT,AA,CT,NA,AA,CT,NG,NC,CC,AA,TT,TA,GC,AA,TT,GG,TT,CN,GG,CT,AC,CC,GG
Finnish in Finland,,,,HG00341,,AA,CC,CC,TT,TC,GG,TT,TT,CC,CN,NN,GG,CC,CC,GG,TT,AG,GG,AA,CC,CC,AA,GG,CT,GG,NC,TG,GG,CC,CC,NN,TT,NC,GA,TG,AA,GG,GG,CC,GA,TC,CA,CC,NN,CC,NN,CT,AA,NN,CA,TC,GA,GG,CC,AG,CC,GG,TT,GA,GA,TT,AG,GG,CG,CC,GG,GG,NA,TT,CC,TT,NN,AN,NC,TA,CC,CC,AA,GA,GG,GG,AC,CC,CA,AA,TT,GG,GG,TA,TT,CC,NN,TN,GG,GG,CT,AG,GG,CC,AA,GG,AA,TT,NN,TT,GG,AA,GG,GA,GA,NN,CT,AA,TC,TT,TG,GA,GG,TT,GG,AA,CC,NN,CC,CC,GG,CC,CC,GG,TT,GG,AG,NN,TC,CC,GA,TT,CC,GA,AG,NN,GC,GG,TT,GG,GC,NN,TT,CC,GT,AA,CT,GC,CC,TC,TT,TA,TT,AA,AA,GG,CC,GG,CC,TT,GC,GA,TC,CC,AA,AG,TT,CC,TT,TC,TT,CA,TT,GA,TT,GG,CC,GG,GG,AA,CC,AA,AG,GG,TN,TT,TT,CC,TT,GG,TC,NG,AA,GG,GG,AG,GG,TT,TG,CC,GG,AA,AA,AA,GG,GG,CC,AA,CC,TC,GA,CC,CC,AA,AA,NN,AA,NT,GG,CC,AA,TC,AA,TT,GC,AA,GT,GG,GA,AT,GG,GG,CC,AG,CC,AA,TT,TG,TG,GG,TT,TT,NN,NT,TA,CC,TT,TG,TT,AG,TT,AA,GG,TT,CC,GT,GG,GG,TN,TC,TT,CC,NG,GG,TN,TT,CA,TC,GG,NN,TT,CC,TT,CA,GA,GG,CC,TT,TT,AC,AA,NC,CC,TT,GG,NT,AG,TT,GG,AG,GG,TC,GA,AC,TC,AT,TG,AA,CC,CC,CC,TC,AN,GG,CC,CC,CC,AA,CA,CT,CN,CG,AA,GG,CC,CC,TT,AA,CC,AC,AA,AT,GG,GG,CC,NA,GA,NA,TC,AA,GG,GG,AG,GA,CC,AA,CC,TT,NN,NN,TT,CC,TC,GG,GG,NN,AA,AG,TC,GG,AG,CC,CA,CC,NN,CA,AC,NN,CC,GG,TT,AA,NN,AG,CT,AC,TA,AA,GG,GG,GG,GA,CC,AT,CC,AA,CC,GG,GG,GG,CT,CG,AG,TA,NN,TC,TC,GA,GC,TC,NN,NN,GG,AG,CT,TC,NN,CG,TT,GA,AA,TT,AA,TT,GG,AA,GG,AA,CC,GG,CC,NN,AA,AA,TT,GA,GG,AA,AC,GA,NC,CC,TT,CN,GG,GG,CC,TT,CC,GG,GG,CC,TT,AG,GG,GG,AG,TC,AA,AA,AG,TT,CC,GA,CC,GG,CC,TT,NN,CT,CC,CC,AA,TC,AA,AA,CC,AA,TT,AN,AA,CC,NG,NC,CT,AA,CC,TT,CC,AA,TT,GG,AT,CN,GG,CC,CC,CC,GG
Finnish in Finland,,,,HG00342,,AA,CC,AA,TT,TT,GG,TT,GG,TC,CC,NN,GG,CC,CT,CC,TT,AA,GC,AA,CC,CC,AA,GG,CT,GG,NC,TT,GG,CT,AA,NN,CC,NN,AA,GG,GG,AA,GG,CC,GA,CC,AA,CC,NN,TT,NN,CT,GA,NC,CC,TT,AA,GA,CC,GG,CC,GG,TT,GG,GA,CC,GA,GG,CG,CC,GG,GG,NA,TT,CC,TT,TN,NN,NN,AA,CC,TT,AA,AG,GG,GG,AA,CC,AA,AA,CC,GG,GG,AA,TT,CC,NN,NN,GG,AA,CC,AA,AG,CC,AA,GA,GA,TT,NN,TT,GG,AA,AG,GA,GA,NN,CT,AA,TT,TT,GG,AG,AG,CT,GG,AA,CT,NN,CC,CC,GG,CC,CC,AA,TG,GG,GG,NT,CT,CC,AA,TT,CC,GG,AG,NN,GG,GG,TT,GG,CC,NN,TC,CT,TG,AA,CT,GC,CC,TC,GT,AA,GT,AA,AA,GG,CC,AG,CC,NN,CC,AG,TT,CC,GG,GA,TT,CC,TT,CC,TT,AA,TT,GG,TT,TG,CC,GG,GG,AA,CN,AG,AG,GG,NN,TT,CT,CC,TT,GG,CT,GN,CA,GG,GG,GG,GG,TT,TG,CC,GG,AA,AA,AA,GA,GG,CC,CA,CT,TT,GG,CC,TC,CA,CA,TT,AG,NN,GT,CC,AA,TT,AA,TT,GC,AA,TT,AG,AA,TA,GG,GG,TT,GG,CC,AG,TT,GT,TG,AG,TC,TC,AN,TT,TA,TT,GG,TT,TT,GG,CT,AA,GG,GG,CT,GT,AA,GG,TT,TT,GG,TT,GG,GG,TT,TC,CC,CC,AG,NN,TT,CT,TT,AA,GG,GG,TC,TT,CC,AC,AA,NN,CC,TT,GG,TN,AG,TT,GG,AA,AA,TC,GG,AA,CC,AT,TT,AA,CC,CC,CC,CC,NN,GG,GG,TT,CC,GA,CC,TC,NN,GG,GA,AG,CC,CC,GG,AA,CC,AA,AG,AA,GG,GG,TC,NN,AA,NA,TT,AA,GT,GG,GG,AG,CC,GA,CC,TT,CN,NN,TT,CC,TC,GG,GA,NN,GA,AG,TT,AG,AA,CC,CC,CC,TN,AC,CC,NN,CC,GG,TT,AA,NN,GG,CC,AA,TT,CC,GG,GG,GG,GG,CC,AT,TT,AA,CC,AG,GG,GG,CC,GC,GG,TT,NN,CC,TT,GA,GG,CT,NN,GN,GG,AA,TT,CT,NC,GG,TT,AA,AA,TT,AA,TT,GT,AA,GN,AA,CC,GG,CC,GG,AA,AG,TT,GG,GG,TA,AA,AG,NN,CC,TA,CN,AA,GG,CT,TT,TC,GA,GG,CC,GG,AA,GG,GG,AG,TT,AA,CC,GG,AT,NC,AA,CC,GG,CC,CC,AN,TC,NN,NC,CA,CC,AA,AA,CT,GA,CT,AA,AN,CC,NN,NC,CC,GA,TC,TA,CC,GA,TN,GG,TT,CC,GG,TC,CA,CC,GG
Finnish in Finland,,,,HG00343,,AN,CT,AC,TT,TT,GG,TT,GT,CC,NC,NN,GG,TC,CC,CG,TT,GA,CG,GA,CC,CC,AA,GG,TT,GG,CC,TT,GG,CC,AC,NN,CC,NN,AG,GT,AA,AA,AA,CA,GG,CC,CA,TC,NN,TT,NN,CT,AG,NN,CC,CT,AA,AA,CC,GG,CC,AA,TT,AA,AG,TC,GG,GG,GC,CT,GC,AA,AA,CT,CC,AT,TN,AN,CC,TA,CC,TT,AA,GA,GG,GA,CA,CC,CA,AA,CC,GT,AG,TA,TT,CT,NN,NT,GG,GG,CC,AG,GG,CC,AA,AG,AG,TT,NN,TT,GG,AA,AA,GG,GG,CN,CC,AA,CT,TT,GG,GA,GG,CT,GG,AA,CC,NN,CC,CT,AG,TC,GC,AG,TG,GG,GA,TN,TC,CT,AA,TT,CC,GG,GG,NN,CG,AG,TC,NG,CC,NN,TC,TC,TG,AG,TC,CG,CC,CC,TT,AA,GT,GA,TA,GG,CC,GG,CT,NN,GG,GG,TT,CT,GG,AA,TT,CT,TT,CC,TT,AA,TT,AG,TT,GG,CC,GG,GG,AA,NN,GG,GG,GG,TN,CT,TC,TC,TT,AA,TT,GG,AA,GG,GG,GG,GG,TT,TT,CT,AA,AA,AA,AG,AG,GG,GC,AC,CT,CT,GG,CC,CC,CA,AA,NT,AA,NN,GT,CT,GA,TC,AA,TG,CC,AA,TG,GG,GG,AT,GG,GG,TC,GG,CC,AA,TT,GT,GG,AG,CC,CC,AA,NN,TA,TC,GT,GT,NN,AG,TT,AA,GG,TG,CC,GT,GG,GG,NT,CT,GG,CT,GG,GG,TT,TT,CC,TC,GG,NN,TT,CC,TT,AA,GA,CC,TT,NT,CC,AA,AA,NC,CC,TT,GG,TT,AA,TT,GA,GA,GA,TC,AG,AA,CC,TA,TT,AA,CC,CC,TT,CT,AA,CC,CC,TT,CC,GG,CC,CC,CN,GG,AA,AA,CC,CC,GT,AA,CC,AA,AA,TT,GG,AG,CC,NN,GA,AA,TT,AT,GG,GA,GA,AA,CT,AA,GG,CT,CN,NN,TT,CC,CT,GG,AA,NN,AA,AG,TC,AA,GA,CC,AC,CC,NN,CC,AA,NN,CC,GG,TT,AA,NN,GG,CC,AA,TT,CA,GG,GG,AG,AG,CC,TT,CT,AA,NC,AG,GG,GG,CC,CC,GA,TA,NN,CT,TT,GA,GG,CC,NN,GN,GG,AA,CT,TC,CN,GG,GG,AA,AA,TT,AA,TT,GG,AA,GN,AA,CC,AG,CC,NN,AA,GG,TT,GG,GG,AA,AA,AA,NN,CC,TT,NN,GA,GG,TT,TT,TC,GG,GG,CC,GG,AA,AG,GG,AA,TT,AA,CC,GG,TA,CC,AG,CC,GG,CC,CC,NN,CT,CC,CN,CC,CC,AA,AA,CC,AA,CT,AA,NN,CC,NN,NC,CC,AG,CC,TT,CC,GA,NT,GG,AT,NC,GG,CT,CC,CC,GG
Finnish in Finland,,,,HG00344,,AA,CC,CC,TT,CT,GG,TT,GT,CC,CC,NN,AG,CT,CC,CC,TC,GA,GG,GG,CC,CC,AA,GG,TT,GG,CC,TT,GA,CC,CA,NT,CC,CC,AA,TT,GG,GG,GG,CA,AG,CC,AC,CC,NA,TT,NN,CC,AA,NC,CC,TC,AA,AA,CC,GA,TC,AG,TT,GG,GG,TC,AG,GT,GG,CC,GG,AA,AA,TC,CC,TT,NN,NN,CC,AA,CC,TT,AA,AA,GG,GG,CC,CC,AC,AA,CC,GG,AG,AA,TT,CC,NN,NN,GG,AA,CC,AA,GG,TC,AA,GG,AA,TT,NN,TT,GG,CA,GA,AA,GG,NN,CC,GG,TT,TT,GG,GG,GG,TT,GG,AG,CC,NN,CC,CC,GG,CC,CC,GG,TT,GG,GG,NN,TC,CC,AA,TT,CC,GG,GA,NN,GG,GG,TT,GG,CC,NN,TT,CT,GT,AA,CC,CC,CC,CC,GT,AT,GT,AG,AA,GG,CT,AA,CC,NN,CC,GG,TT,CC,GG,GG,TT,CC,TT,CC,AT,AC,TG,AG,TT,GG,CT,GG,GG,AA,CN,AG,GG,GG,NN,TT,CT,CC,TT,GA,TC,NN,AA,GG,GG,GG,GG,TT,TG,CC,GA,AA,AA,AA,GG,GG,GG,CA,TT,TC,GG,CT,TT,AA,AA,NT,AA,NN,GT,TC,AA,TC,AA,TT,GG,AA,TG,GG,AA,TT,GC,GG,TT,GA,CC,AA,TT,GG,GT,GG,TT,TT,NA,NT,AA,TC,GT,GG,NT,GG,TC,AA,AA,GG,CC,GG,GG,AG,TT,TT,GT,TC,GG,GA,TT,TT,CC,CC,AG,CN,TT,CC,TC,CA,GA,CG,CT,TT,CC,AC,AA,CC,TC,TT,GG,NN,AA,TT,AG,AA,AG,TC,GG,AA,CC,AA,GT,AA,CC,CC,TC,CT,AA,CC,CC,TT,CC,AG,CC,CC,NC,GC,AA,AG,CT,CC,TG,GA,CC,AA,AA,TT,GT,GG,TC,NA,GA,NN,CT,AA,TT,GG,AA,GA,CC,GG,CG,TT,CC,NN,NT,GC,TT,GG,AG,NN,AA,AG,TT,AA,AG,CC,AA,CC,NN,AC,CC,NN,CC,GG,TT,AA,NN,GG,TC,AA,TT,AC,AG,GG,GG,AG,CC,AA,CC,AA,CC,AA,GA,GG,TC,CC,GG,TT,NN,CC,TT,AG,GG,TC,AN,GN,GG,AA,CC,TT,NC,GC,GG,AA,GA,TT,AG,CT,GT,TA,NN,AA,TC,GG,CC,NG,AA,AG,TT,GG,GG,AA,AA,AG,CC,TC,TA,NN,GG,GG,TT,TT,CT,AG,GG,CC,GG,AA,GA,AA,AA,TC,AA,AA,AA,TT,CN,GA,CC,GA,CC,CC,NN,CC,NC,NC,AC,CC,AA,AA,TT,AA,TT,AA,AA,CC,NN,CC,CC,AA,TT,AT,CC,GG,TT,TG,TT,CN,GG,TC,CC,CC,GG
Finnish in Finland,,,,HG00345,,NA,TC,CC,TT,CT,CG,TT,GT,CT,NC,NN,GG,TT,CC,CC,TT,AA,GG,GA,CC,CC,AA,GG,TT,GG,NC,GT,GG,CC,AA,TN,CC,CC,AA,TT,AA,GG,GG,CC,AG,CC,AC,TC,NA,TC,NN,CC,AA,NC,CC,CT,AA,GA,CC,GG,CC,GG,TT,AG,GG,CC,GG,GT,GC,CC,GG,AG,NA,TT,GC,TT,NN,AN,CN,TT,CC,TC,GA,AA,AG,GG,AA,CC,AC,GA,CT,GG,GG,AA,TT,CC,NN,NN,GG,AG,CC,AA,GG,CC,AA,GG,AA,TT,NN,TT,GG,AA,AA,AG,GG,NN,CC,GG,TC,TT,GG,GG,GG,TT,GG,AG,CC,NN,CC,CC,GG,CC,CC,AG,TT,GG,GG,TN,TT,TT,GG,TT,CC,GG,AG,GN,GG,GG,TT,GN,CC,NN,TT,CC,TT,AA,CC,GG,CC,CC,GT,AT,TG,AA,AA,GG,TT,AA,CC,TT,CC,GG,TT,TC,GG,AA,TT,TC,TT,CC,AT,CA,TT,GA,GT,GG,CC,GG,AG,AA,NN,AA,GG,GG,NT,TT,TT,CT,TT,GA,TT,NN,CA,GG,GG,AG,GG,TT,GT,CT,AA,AA,AG,GA,AA,GG,GC,AC,CC,CC,AA,CC,CC,AA,CA,TT,GG,NN,GG,CC,AG,CC,AA,GT,GC,AA,GG,GG,GA,AA,GG,TG,CC,GG,CC,GA,TT,GT,TG,AG,TT,CT,NN,NT,TA,CC,TT,GG,NT,AG,TT,AA,GG,GG,CC,TT,GA,GG,TN,TC,TG,CT,GG,GG,TN,CC,CC,TC,AA,NN,TT,CC,TT,CA,GG,CC,TT,TT,CT,AA,GA,NC,CC,CT,TG,NT,AA,TT,AA,AA,AA,CC,GG,AA,CT,AA,TT,AA,CT,CC,CT,CT,NN,CG,CC,TT,CC,GA,CC,TC,NN,CG,AA,GG,CC,CC,GT,AA,TC,AA,AA,AA,GG,GG,CC,AA,AA,AN,TT,AA,GG,GA,AA,GA,CC,AG,CG,TT,NC,NN,NT,GC,TC,TG,GA,NN,GA,AG,TT,AA,AA,CC,AC,NC,TT,AA,CC,NN,CC,GT,TT,AA,NN,GG,CC,AA,TT,CA,GA,GT,GG,GG,CC,AA,TT,AG,NC,AA,GG,GG,CC,GG,GA,TT,NN,CC,TT,GG,GG,TT,NN,GN,GG,AA,TC,CT,NC,GG,TT,AA,AA,TT,AA,TT,GT,AA,NN,AA,CC,GG,TT,NN,AA,AA,TT,GG,GG,TA,CA,AA,NN,CC,TT,NN,AA,GG,CC,TC,CT,GG,GG,TC,GG,GA,GA,AG,GA,TT,AA,AA,AA,TT,NC,AG,CC,AA,CC,CC,NN,CT,NC,NC,AA,CC,AG,AA,TT,AA,CC,AA,AN,TC,NN,NN,CC,AA,CC,AT,CC,AG,TT,GG,AT,CC,GG,CT,CC,CC,GG
Finnish in Finland,,,,HG00346,,AA,CC,AA,TC,TT,GC,TT,TT,CC,NC,NN,GG,CT,CC,GC,CT,GA,GG,GG,CC,CC,AA,GG,TT,GG,CC,TT,GG,CC,AA,TN,CC,CC,AA,TT,AG,GA,GG,CA,GA,CC,AA,CC,NN,TC,NN,CC,AA,CC,CC,CC,AG,GA,CC,AA,TT,GG,GT,GG,GA,CT,AG,GT,CC,CC,GG,GG,NA,TT,CC,AT,TN,AN,NN,AA,CC,CT,AA,GA,GG,GG,CA,TC,AA,AA,CC,GG,AG,AA,TT,CC,NN,NN,GG,AG,CC,AG,AG,CC,AA,GA,AA,TT,NN,TT,GG,AA,GG,GG,GA,NN,CC,GG,TT,TG,GG,GG,GG,CT,GG,AA,CC,NN,CC,CC,AG,CC,CC,AA,TT,GG,GG,NN,CC,TC,AA,TT,CC,GG,GG,NN,GG,GA,TT,GG,CC,NN,TC,CC,GG,AA,CC,GC,CC,CC,GT,AA,TG,AA,AA,GT,CC,AA,CC,TT,CC,GG,CC,TC,GG,GA,CT,CC,TT,CC,AT,AA,TT,GG,TT,GG,CC,GG,GG,AA,NN,AG,GG,GG,TN,TT,TT,CC,TT,GG,CT,NN,AA,GA,GA,GG,GG,TT,TT,CC,AG,AA,AA,AA,AA,GG,CG,AA,TT,TT,GG,CC,TC,AC,AA,NT,GA,NN,TT,CC,GA,CC,AA,TT,CC,AA,GG,GG,AG,AT,GG,GG,TT,GG,CC,AA,TT,TG,GT,AG,CC,TC,NN,NT,TA,TC,TT,TG,TT,AA,TT,AA,GG,TT,CC,TT,GA,AG,TT,TT,GT,TT,GN,GA,TT,TT,CC,CC,GG,NN,TC,CC,TC,AA,AG,GC,CT,TT,CC,AA,AA,NC,CC,TT,GG,NT,AA,CC,GG,AG,GG,CC,GA,AA,CC,AT,GT,AA,CT,CC,CC,CT,NN,CC,CC,CC,CC,AA,CC,CC,CC,CC,AA,AA,CC,CT,TG,AA,CC,AA,AA,TA,GG,GG,CC,NN,AA,AN,TT,AT,GG,GG,AA,AA,CC,GA,CG,CT,NC,NN,NT,GC,TC,GG,GG,NG,AA,AA,TT,AG,AG,CC,AA,CC,NT,AC,CC,NG,CC,GG,TT,AA,NN,GG,CT,AA,TT,CC,AG,TG,GG,GG,CC,TA,TT,AA,CC,AG,GG,GG,CC,CG,GG,TT,NN,CT,TT,AG,GG,CC,NA,NG,GG,AA,CC,TT,NN,CC,TT,AA,AG,TT,AA,CT,TT,AA,GN,AA,CC,GA,CC,NG,AA,AG,TT,GG,GG,AA,AA,AA,NC,CT,TT,NN,GG,GG,TC,TT,CC,GA,GG,TC,GG,GA,GG,GG,AA,TT,AA,CA,AG,TT,NC,AA,CC,GG,CC,CT,NN,CC,NC,CC,AA,CT,AA,AA,TC,GA,CT,AA,AA,CC,NN,CN,TC,AA,CT,TA,CC,AA,TT,GG,TT,NC,GG,CT,AC,CC,GG
Finnish in Finland,,,,HG00349,,AN,CC,AC,TT,TC,GG,TT,TG,CC,CN,NN,GG,TT,TC,GG,TC,GG,GG,GG,CC,CC,AA,TG,CT,GG,CC,GT,GG,CC,CC,NN,CC,CC,AA,TT,AG,GG,GA,CC,GA,CC,AA,CC,AN,CC,NN,CC,AA,CC,AC,TT,AA,GA,CC,AG,CC,GG,TT,AG,AG,TT,AG,TT,CC,TC,CG,GG,AA,TT,CC,TT,NN,NN,CN,TA,CC,CT,AA,AA,GG,GG,CA,CC,AA,GA,CT,GG,GG,AA,TT,TC,NN,NT,AG,AA,CC,AA,GG,CC,AA,GG,AA,TT,NN,TT,GG,AC,AG,AA,GG,NN,CC,GA,TT,TG,GG,GG,GG,TT,GG,AA,CC,NN,CT,CC,GG,CC,CC,GA,TT,GG,GG,NN,TC,CC,AA,TT,CC,GA,GA,NN,GC,AA,TT,GG,GC,NT,TC,CC,TT,AA,CC,GG,CC,TC,TT,AA,GT,GA,AA,GG,CC,AA,CT,TN,CC,GG,CC,TC,GG,AA,TT,CC,TG,CC,TT,AA,GG,AG,TT,TG,CC,GG,GG,AA,NN,GG,GG,GG,NN,TT,CT,CC,TT,GG,CC,GN,CA,AG,GG,AG,GG,TT,TT,TC,GA,AA,AA,AG,AA,GG,CG,AA,TT,CT,GG,CC,TT,AA,AA,TT,GA,TN,TG,CC,AA,TT,AA,TT,GG,GA,GG,GG,GG,TA,GG,GT,CT,GG,CT,AA,TT,GT,TG,AG,TT,TT,NN,TT,AT,CC,TT,GT,TT,GG,CC,GA,GG,TG,CC,GG,GG,AG,TT,TT,GG,TT,GG,GG,TT,TT,AC,TC,AA,NN,TT,CT,CT,AA,GG,GC,CC,TT,TT,AA,AA,CN,CC,TC,GT,NT,AA,CT,AA,AA,AA,CC,GG,AA,CC,AA,TT,AA,CC,CC,CC,TC,NN,GC,CC,TT,CC,GA,CC,CC,CC,GG,AA,AG,TT,TC,TG,AG,CC,CC,AA,AT,GT,GG,CC,NA,AG,NN,TT,AT,TT,GG,AG,GA,CC,AA,CC,TT,CN,NN,NT,GC,CC,TT,GG,NN,AG,GA,TT,GG,AG,CC,AA,CC,NT,CC,CC,NG,CC,GG,TT,AA,NN,GG,CC,AA,TA,CC,GG,GG,GG,AG,CC,AT,TC,AA,CC,AA,GA,GG,TC,CG,GG,TA,NN,TC,TT,AG,GG,TT,NN,GG,GG,AA,CT,TC,NN,CC,TG,AA,GA,TT,AA,TT,GG,TA,GN,CA,CT,AA,TC,NN,AG,GG,TC,AG,GG,AA,AA,AG,NN,CC,TA,NN,GG,GG,TC,TT,CC,GG,GG,CT,GG,AA,GG,GG,AA,CC,AA,AA,AA,TT,NN,GA,CC,GA,CC,CC,NN,TT,NC,CC,AC,CC,AA,AA,CT,GA,TC,NA,AA,TC,NN,CN,CC,AA,CC,AA,CC,GG,TT,GG,TT,CN,GG,CC,CC,CC,GG
Finnish in Finland,,,,HG00350,,NA,TC,CA,TT,TC,GG,TC,TT,CC,CC,NN,GG,CC,CC,GC,CT,GG,GG,GA,CC,CT,AA,GT,CT,GA,NN,TT,GG,CC,CA,NT,CC,NN,AA,TT,AA,AA,GG,CC,AG,CC,AA,CC,AN,TT,CN,CC,AA,CC,CA,CC,GG,AA,CC,AG,CT,GG,TG,GA,GG,TT,AG,TG,GG,CC,GG,AG,AA,CT,CC,TT,NN,NA,CC,AT,CC,CT,AA,AA,GG,GG,CA,CT,AC,AA,CC,GG,GG,AA,TT,CC,NN,NT,GG,GG,CC,GA,GA,CC,AA,GA,AA,TT,NN,TT,GG,AA,AA,AA,GG,NC,CT,AG,TT,TT,GG,GG,GG,CT,GG,AA,CC,NN,CC,CC,AG,CC,CC,GG,TT,GG,AG,NN,CC,CC,AG,TT,CC,AG,AG,NN,CG,GG,TT,GG,CC,NN,TC,CC,GG,GA,CC,CC,CC,CC,TG,AA,GT,AG,AA,GG,CC,GG,CC,NN,GC,GG,TC,CC,GG,AA,TT,CT,TT,CC,AT,AA,GT,GA,TT,GG,CC,GG,GA,AA,NN,GA,GG,GG,NN,TT,CC,TC,TT,GA,TC,NN,AA,GG,GG,AG,GG,TT,TT,CC,GG,AA,AA,AA,AG,GG,CC,AC,CC,CC,AG,CC,CC,AA,AA,NN,GG,NN,GG,CC,AG,TT,AA,TT,CC,AA,GG,AG,AA,TA,GG,GT,TC,AG,CC,GA,TT,TG,TG,AG,TT,TT,NN,TN,AT,CC,TT,GT,TT,GG,TC,AA,GG,TT,TC,GG,AG,GG,NN,CC,TT,CC,GG,GG,TT,TT,CC,CC,GG,NN,CC,CC,TT,CA,AA,GG,CC,TT,TC,AA,AA,NN,CT,TT,GG,TT,AA,CT,AG,GG,GA,CC,GG,AA,CC,AA,TT,AA,CC,CC,CC,CC,NN,GG,CC,TT,TC,GA,CC,CC,CN,GG,AA,GA,CC,CC,TT,AA,CC,AA,AA,AT,GG,GG,CC,NN,AG,NN,TT,AA,GT,AG,AA,AG,CC,GA,CG,TT,NN,NN,TN,CG,CT,GG,GG,NN,AA,GA,TT,AA,AG,CC,CC,CC,NN,AA,AC,NN,CC,GG,TT,AA,NN,GG,CC,AA,TT,CC,GG,GG,GG,GG,CC,AA,TT,AA,CC,GA,GG,GG,TC,CC,GG,TA,NN,CC,TT,AG,GG,CT,NN,GG,GG,AA,TC,CT,NN,CG,TG,AA,AG,TT,AA,TT,TG,AA,NN,AA,CC,GG,CC,NN,AG,GA,TT,GG,GG,TA,AA,GA,NN,CC,AA,NN,AG,GG,TT,TT,CC,GG,GC,TC,GT,AA,GG,GG,AG,TT,AA,AC,GA,TT,NC,AA,TC,GA,CC,CT,NA,CC,NC,CN,CA,TT,AG,GA,TT,AG,CC,AA,AA,CC,NN,NC,CC,AA,CC,TA,CC,AG,TT,GG,AA,NN,GG,CC,CC,CC,GG
Finnish in Finland,,,,HG00351,,AN,TC,AC,TT,TC,GG,TT,TG,CC,CN,NN,GG,CT,CC,GC,TC,AG,GG,GG,CC,CC,AA,TG,CT,AG,NC,TT,GG,CC,AA,NT,CT,NC,AA,GT,GG,GG,GG,CC,GA,CT,AC,CC,NN,TT,NN,TC,AA,NC,CC,CT,AA,AA,CC,GA,CC,GG,TT,GG,GG,TT,GG,GG,GG,CC,GG,GG,AA,TT,CC,TT,TN,NN,NC,AA,CC,CT,AA,AA,GA,GA,AC,CC,AA,AG,CC,TG,GG,AA,TT,CC,NN,NN,GG,GA,CC,GA,GA,CC,CA,GG,AA,CT,NN,TT,GG,AA,AA,AG,GG,NN,CC,GG,CC,TT,GG,AG,GG,TT,GG,AA,TC,NC,CC,CC,GG,CC,CC,GG,GT,GG,GG,TN,TT,CT,AA,TC,CC,GG,GG,NN,GC,GG,TT,GG,CC,NT,CC,TC,GG,AG,TC,CG,CC,CC,TT,AA,TG,AG,AA,GG,CT,AA,TC,NT,CG,GG,CT,CC,GG,AG,TT,TT,TT,CC,TT,CC,TT,AG,TT,GG,CC,GG,GG,AA,NN,GG,GG,GG,NT,TT,CT,CC,TT,GG,CC,GG,AA,GG,GG,GG,GG,TT,TT,CC,GG,AA,AA,AA,GA,GG,CC,AA,TT,TT,GG,CC,TC,AA,AA,NN,GA,NN,TG,CC,GG,CT,AA,TT,CC,AA,GG,AA,AA,TT,GG,GG,CC,AG,CC,AG,TT,TG,GG,AG,TC,TT,NN,NN,AT,CC,TT,GG,NT,AA,TT,GA,AG,TG,CC,GG,GA,GG,TT,TT,TT,TT,GG,GG,NT,TT,CA,CT,AA,NN,TT,CC,TC,CA,AG,GG,CT,TT,CT,AA,AA,NC,CC,TT,GG,NN,AA,CT,AG,GA,GG,CT,GG,AA,TT,TA,TT,AA,CC,CC,CC,CC,NA,CC,CC,CC,CC,AA,CC,TC,NN,GC,AA,AG,TC,TC,GT,AA,TT,AA,AA,TT,GG,AG,CC,AN,AG,NN,TT,AA,TG,GG,AG,GA,CC,AG,CC,CT,NN,NN,TN,CG,CT,GG,GA,GN,AA,AA,TT,GG,GG,GC,AC,CC,NN,AC,CC,NN,CT,GG,TT,AA,NN,GG,CT,AA,TT,CC,GG,GG,GG,GG,TC,AA,CT,AA,CC,AA,GG,GG,CT,GC,GG,TT,NN,CC,TT,GA,GG,TC,NN,GN,GG,AA,CT,TC,CN,GG,GT,AA,AA,TT,GA,TT,TT,AA,GN,AA,CC,GG,CT,NN,GA,GG,CT,GG,GG,AT,AC,GA,NC,CC,AT,NN,GA,GG,CT,TT,CC,GG,CG,CC,GG,AA,GA,GG,AA,TT,AA,CA,GA,AT,CN,AA,CC,GG,CC,CT,NN,CC,CC,NC,AA,CT,GA,AG,CC,AA,CC,NA,AA,CC,NN,CN,CT,AA,CC,TT,CC,AA,NT,GG,AT,CC,GG,CT,CC,CC,CG
Finnish in Finland,,,,HG00353,,AA,TT,CA,CT,TT,CG,TT,TT,CC,NN,NN,GG,CC,CC,GG,CC,AG,CG,AA,CG,CC,AA,GG,TT,GG,CC,TT,GG,CC,AA,NT,CC,NN,AA,TG,GG,GG,GG,CC,GG,CC,CA,TT,NA,CT,CN,CC,AG,CC,CC,CT,AA,GG,CC,AA,TC,GA,TT,AG,AG,TT,AA,TG,CC,CC,GG,AG,AA,TC,CC,TT,NN,NN,CC,AA,CC,TT,AA,GA,AG,GA,CA,CC,AA,AA,CC,TG,GA,AA,TT,CC,NN,NN,GG,GG,CC,GA,AG,CC,AA,GG,AA,TT,NN,TT,GG,AA,AA,GA,GG,NN,CC,GG,CT,TT,GG,GA,GA,TT,GG,AG,CC,NC,CC,CC,GG,CC,CC,GG,TT,TG,GG,NN,TT,CT,GA,TT,CC,GG,GA,GN,GC,GG,TT,GN,CC,NN,TT,CT,TT,AA,CC,CG,CT,TT,TG,AA,GG,AA,AA,GG,CT,AG,CC,TN,CG,GG,TC,CC,GG,AG,CT,CC,TT,CC,TT,AA,GT,AA,GT,GG,CC,GG,GG,AA,CN,AG,GG,GG,NN,CT,TC,CT,TT,AG,CT,NN,AA,AG,AG,AA,GG,CT,GT,CC,GG,AA,AA,AA,AA,GG,GG,AA,TT,CC,GG,CC,TC,AC,AA,TT,AA,NN,GG,CC,AA,CT,AA,TG,CG,AA,GG,GA,AA,TA,GC,GT,TT,GG,CC,GG,TT,GT,TG,AG,CC,CT,AN,TT,AT,CC,TT,GG,TT,AG,TT,AA,GG,TT,CC,TT,AG,GG,TN,TC,GT,TT,NG,GG,TT,TT,CC,CC,GG,NN,TC,CC,CT,CC,GG,GC,TT,TN,TT,AA,GA,NN,CC,TC,GT,NN,AA,TT,AA,GG,GG,CC,GG,AA,CC,AA,TT,AA,CC,CC,CC,CC,NA,GC,GC,TT,CC,AG,CC,TC,NN,GC,AG,GG,CC,CC,GT,GA,CC,AA,AA,AT,GG,AG,CT,NN,AG,NN,TT,AA,GG,GA,AA,GA,CC,AA,CC,CC,CC,NN,TN,GG,CT,TG,GG,GN,AA,AG,TT,AA,GG,CG,CA,CC,NN,CA,CC,NN,CC,GG,TT,AA,CN,GG,TC,AA,TA,AA,GA,GG,GG,GA,CC,AA,CT,GA,CC,AA,GA,GA,TC,GG,GG,TT,NN,CC,TT,GG,GG,TC,NN,NN,GG,AG,TT,CC,NN,GG,GG,AA,AA,CT,AA,TT,GG,AA,GN,AA,CC,GG,CC,NG,AA,GG,TT,GG,GG,AA,AA,AG,NN,CC,TA,NN,GG,GG,CT,CC,CC,GG,GG,CC,TG,GA,GG,AG,AA,TT,AA,AA,AG,TT,NC,GA,TT,GG,CC,CT,AN,CC,CN,CC,AC,TC,GG,AA,CC,GG,CC,AA,AA,CC,NN,NC,CC,AA,TC,AT,CC,GG,NT,GG,TT,CC,GG,TT,CA,CT,GG
Finnish in Finland,,,,HG00355,,NA,CC,AA,TC,TT,GC,TT,GG,CC,NN,NN,GG,CC,CC,GG,TT,AA,GG,AA,CC,CC,AA,GT,TT,GG,NN,TG,GG,CC,AC,TN,CC,CN,AA,GT,GG,AA,AG,AC,AA,CC,AA,CT,NN,TT,NN,CT,AA,NC,CC,TT,AA,AA,CC,AA,CC,GG,TT,AG,GG,TC,GA,TG,GC,CC,GG,GG,AA,TT,CC,TT,TN,NN,CC,AA,CC,TC,GA,AA,GG,GG,CC,CC,CA,AA,TC,TG,GG,AA,TT,CC,NN,NN,GG,GG,CC,AA,GG,CC,AA,GG,AA,CT,NN,TT,GG,AA,AA,AA,AG,NN,TT,AA,CC,TT,GG,GG,GG,TT,GG,AA,CC,NN,CC,CC,GG,CC,CC,GG,TT,GG,GA,NN,CC,TC,AG,TT,CC,GA,GA,NN,GC,GG,TT,GG,CG,NN,CT,CC,TG,GA,TC,CG,CC,CC,GG,AA,GT,GG,AT,GG,TC,AA,CC,TT,CC,GG,TT,CC,GG,GG,TT,CC,GG,CC,TT,AA,TT,GA,TT,GG,CC,GG,GG,AA,NN,AG,GG,GG,TT,TT,CC,CT,TT,GG,TC,NN,AA,GG,GG,AG,GG,TT,TG,CC,GA,AA,AG,AA,GG,GG,GG,AA,TT,CT,GG,CC,CC,AC,AA,NN,AA,NN,GG,CC,AG,TC,GA,GT,CG,AG,TG,AG,AG,TA,GG,GT,TC,GG,CC,AA,TT,GT,GT,AG,CT,TC,AN,NN,AT,CC,TT,TG,TT,GG,TT,AA,GG,TG,CC,TT,AA,GG,NN,CC,TT,TC,GG,GG,TT,TT,CC,TC,GG,NN,TT,CC,TT,AA,AG,CC,TT,TT,CT,AA,GA,CN,CC,TT,GG,NT,AG,CT,AG,GA,GG,TC,GG,AA,TC,TA,TT,AA,TC,CC,TC,CT,NA,GC,CC,TT,CC,GG,AC,CC,NN,GG,AA,AA,CC,CC,TT,AA,CT,AA,AA,TA,TG,GA,TC,NN,AG,NA,TC,AA,TG,AG,AG,AA,CT,AG,CG,TT,NN,NN,NN,GG,TT,GG,GG,NG,AA,GA,TT,AA,GA,GG,CA,CC,TN,AC,CC,NN,CT,GG,TT,AA,CN,GG,TC,AA,TT,AC,GG,GG,AG,AG,CC,AA,TT,AA,NC,AA,GG,GG,CC,GC,GG,TT,NN,CC,TT,AG,GG,TC,NN,NN,GG,GA,CC,TT,NN,GG,TT,AA,GA,TC,GA,TT,GT,AA,NG,AA,CC,GG,CT,NN,GA,AA,TC,AA,GG,AA,AC,GA,NN,CC,TT,NN,GG,GG,CC,TT,TC,GA,GG,TC,GG,AA,GG,AG,AA,CC,AA,CA,GG,TT,CC,AG,CC,GG,CC,TC,NN,CC,NC,NC,CA,CC,AA,AA,TT,AA,TC,AA,NA,TC,NN,NN,CC,AA,TT,AA,CC,AG,TT,GG,AA,CC,GG,CC,CC,CC,GG
Finnish in Finland,,,,HG00356,,NA,CC,AC,TT,TT,GC,TT,GG,TC,NN,NN,GG,CT,CC,CC,TT,GG,GG,AG,CC,CC,AA,TG,TT,GA,CN,TT,GG,CC,AA,TT,CC,NC,AA,TT,GG,AA,GG,CC,GA,CC,AC,CC,NN,CC,NC,CC,AA,CN,CC,CC,AA,GG,CC,GA,CC,GG,TT,AA,GA,TT,GG,GT,GG,CC,GG,AG,AN,TT,CC,TA,NN,AN,CC,AA,CC,CC,AA,AA,GG,GA,CA,CC,AA,AA,CC,GG,GG,AA,AT,CC,NN,NN,AG,AG,CC,GG,GG,CT,AC,GG,AA,TC,NN,TT,GG,AA,AA,AG,AG,NN,TC,AG,TT,TT,GG,GG,GG,CT,GG,AA,CC,NN,CC,CC,GG,CC,CC,GG,TG,GT,AG,NN,TC,CC,GA,TT,TC,GG,GG,NN,CG,AA,TT,GG,CC,TN,CT,CC,GG,GA,CC,GG,CC,CC,TT,AA,TG,AA,AT,GG,CC,AG,TC,NN,CC,GG,CT,CC,GG,AA,TT,CC,TT,CC,TT,AA,TG,AA,TT,GG,TC,AG,GG,AA,CC,AA,AG,GG,NN,TT,CC,CT,TT,GA,CT,GG,CA,AG,AG,AA,GG,TT,TG,CC,AA,AA,AA,AA,GG,GG,CC,AC,TC,TT,GG,TC,CT,AC,AA,NT,AA,NN,TG,CC,AG,TC,AA,TG,CC,AA,TG,GG,AA,TT,GG,TG,TC,GG,CC,AA,GT,GT,GT,AG,TT,TT,NN,NN,AT,TC,GT,GT,NT,GG,TC,AA,AG,TG,CT,TG,GG,GG,NT,CT,TG,TC,GN,GG,NT,TT,AC,TT,GG,NN,TT,CC,TC,CA,GG,GC,CT,NT,CC,AA,AA,NN,CC,TT,GG,TT,AA,TT,AA,GG,GG,CC,GA,AA,TC,TT,TG,AA,CC,TC,CC,CT,AA,CC,CC,TT,CC,GG,CC,CT,NC,CC,AA,AA,TT,TC,GT,AA,TT,AA,AA,AA,GG,GG,CC,NA,AG,AN,CT,AA,GT,GG,GA,AG,TC,AA,CC,TT,NN,NN,NT,GC,CC,TT,GG,NN,AA,AA,TT,AG,AA,CC,AC,CC,TT,AC,CC,NN,CC,GG,TT,AA,NN,GG,CC,AA,TT,CA,GA,GG,GG,GG,CC,TA,TC,AG,CC,GA,AG,GG,CC,CG,GG,TT,NN,TC,CT,GG,GG,CC,NN,NN,GG,AA,CT,TC,NN,GG,GT,AA,AA,TC,AG,TT,GT,AA,GN,AA,CC,GA,CC,NN,AA,GA,TT,GA,GG,AT,CA,AG,NN,CC,TT,NC,AA,GA,CT,CT,TT,GG,GG,TC,GG,AG,GG,GG,GA,TT,AA,AC,GA,TA,CC,AA,CC,GG,CC,CC,NN,TC,NC,CN,AA,TC,AA,AA,CT,GA,CC,NA,AA,CC,NN,NN,CC,AA,CT,TA,CC,AG,TT,GG,TT,CC,GG,TT,AA,CC,GG
Finnish in Finland,,,,HG00357,,AA,CC,AA,TT,TT,GG,TT,TG,CT,CN,NN,GG,CC,CC,GC,CC,GA,GG,GA,CC,CT,AA,TT,TT,GG,CC,TT,GG,CC,AA,NN,TC,NN,GA,TG,GG,GA,GG,CC,GG,CT,AC,CC,NN,CT,NN,TC,GA,CC,CC,TT,AA,AA,CC,GA,CC,AG,TT,GA,GG,CT,GG,TG,CG,CC,GG,GA,AA,TT,CC,TT,NN,NN,CN,TA,CC,TC,AA,AA,GG,GG,CA,CC,AA,AA,CT,GG,GG,AA,TT,CC,NN,NN,GG,GA,TC,GG,GG,CC,AA,GG,AA,TT,NN,TT,AG,AC,GA,AA,GA,NN,CC,GA,CC,GT,GG,AG,GG,TT,GG,AA,CT,NN,CC,TC,GG,CC,CC,GG,GT,GG,GG,NN,TT,CC,GA,TT,CT,GG,GG,NN,GG,GG,TT,GG,CC,NN,CC,CT,GG,AG,CC,GG,CC,TT,TT,AA,TG,AA,AA,GG,CT,AA,TC,NT,CC,GG,CC,CT,GG,AA,TT,TC,TT,CC,TT,CA,GG,AG,TT,GT,CC,GG,GG,AA,CN,AG,GG,GG,NT,TT,TC,CT,TT,AG,CC,NG,AA,GG,GG,AG,GG,TT,TT,CC,GG,AA,AA,AA,GG,GG,GG,AA,TC,TC,GG,CC,TC,AC,AA,TN,AA,NT,GT,CC,AG,TT,GA,TT,CC,AA,GG,GG,GG,TT,GG,TG,TC,GG,CC,AA,TT,TG,TG,GA,TT,TC,NN,TN,TA,CC,TT,GT,NT,AG,TT,GA,GG,TG,CC,GG,GA,GA,TT,TT,TT,TT,NG,AA,TN,TT,CC,TC,GA,NN,TT,CC,CT,AA,GG,CC,TC,NT,CC,AC,AA,NN,CC,TC,GG,NT,AA,TC,AG,GG,GG,CC,GA,AA,CC,AA,GT,AA,CC,CT,CC,CC,NN,GC,CC,TC,CC,GA,CC,TC,NN,CC,AA,AA,TC,CC,TG,AA,TC,AA,AA,TT,GG,GG,CT,NA,GA,NA,TT,AA,GG,GG,GG,AG,CC,AG,GC,TC,NC,NN,TT,CC,CC,GG,GG,GN,AA,AA,TC,GG,AA,GC,AA,CC,NN,AA,AC,NN,CC,GG,TT,AN,NN,GG,CC,AA,TT,AC,GG,GG,GG,GG,TC,AA,TT,AA,CC,AA,GG,GG,CT,CC,GG,TT,NN,CC,TT,AG,GG,TC,NN,NN,GG,AA,CT,TC,CN,CC,TT,GA,AA,TT,AA,TT,GG,AT,NG,AA,CC,AG,TC,NN,AA,AA,TT,GG,GG,AA,AC,GA,CN,CC,AA,CC,GA,AA,CC,TT,TC,AG,GG,CC,GG,AA,GG,GG,AG,TT,AA,CA,AG,TT,CN,AG,CC,GG,CC,CC,NN,TC,NN,NN,CA,CC,AA,AA,TC,AA,CT,AA,AA,TT,NG,CN,CC,AA,CC,TA,CG,AG,NT,GG,AT,CC,GG,CT,CC,CC,GG
Finnish in Finland,,,,HG00358,,AN,CC,CA,TT,CT,CC,TT,TT,CC,NC,NN,GG,CC,CT,GG,CT,AG,GG,AA,CC,CC,AC,GG,TT,GG,NC,TT,GG,CT,AA,TT,CC,NC,GA,GG,GG,GG,GG,CC,AG,CC,AC,TT,NN,TC,NN,CT,AA,CC,CC,TC,AA,GG,CC,GG,CT,AG,TT,AG,GA,TC,GA,TG,GC,CC,GG,GA,NN,TT,CG,AT,NT,NN,CC,AA,CC,CT,AG,GA,GG,GG,AA,CC,AA,AA,CC,GG,GG,AT,AT,CC,NN,NN,GG,AG,CC,GG,GG,CC,AA,GG,AA,CT,NN,TT,GG,AA,AA,GA,GG,NN,CC,GG,CC,GT,GG,GG,GG,TT,GG,AA,CC,NN,CC,CC,AG,CC,CC,GG,GG,GG,GA,NN,CC,CT,AA,TT,CC,AG,GA,NN,GG,GA,TT,GN,CC,TN,CT,CC,GG,AG,CC,CC,CC,TC,TT,AA,GT,AA,AA,GG,CT,AA,CC,NN,CC,GG,TT,CC,GG,AA,TT,TC,TT,CC,TT,AA,GG,AG,TT,GG,CC,GA,GA,AA,NN,AA,GG,GG,TN,TT,TC,CC,TT,GG,CC,NG,AA,AG,AG,AA,GG,CT,TG,TC,GG,AA,AA,AA,GG,GG,CG,CA,CC,TC,GG,CC,CC,CA,CA,TT,AA,NN,GG,CC,AA,TT,AA,TT,GC,AA,GG,AG,AG,TA,GG,TG,TT,GG,CC,AA,TT,TG,GT,GA,TC,TC,NA,TN,TA,CC,TT,TG,TT,GG,TT,AA,GG,TT,TC,TG,GG,GG,TT,TT,TT,CC,GG,GG,TT,TT,CC,CC,GG,NN,TT,CC,CT,AA,GG,CC,CC,TT,TT,AA,AA,NC,CC,TT,GG,NN,AA,CT,AG,AA,AG,CC,GG,AA,CT,TA,TT,AA,CC,CC,CC,CC,NN,GC,CC,TT,CC,GG,CC,CC,NN,GG,GA,GA,CC,TC,GT,AA,CC,CA,AA,AT,GT,GG,CC,NN,GA,AN,TT,AA,GG,GG,GA,AG,CC,AG,CC,CT,CN,NT,NN,GC,TT,GT,GG,NG,AA,AA,TT,GG,AG,CG,AA,CC,NT,CC,CA,NN,CC,GG,TT,AA,NN,GA,CC,AA,TT,CC,GA,GT,GG,GG,CC,TT,CT,GA,CC,AG,GG,GG,CT,GG,GG,TT,AN,CT,TT,AA,GG,CC,NN,GG,GG,AA,TT,CT,NN,GC,TT,AA,AA,TT,AA,CT,TG,AA,NG,AA,CC,GA,CC,NN,AA,GG,TT,GA,GG,AT,CA,AG,NC,CC,TT,NN,GA,GG,CT,TT,CC,GG,GG,CC,GG,AA,GG,GG,GA,TT,AA,AA,AA,TA,NN,AA,CC,AG,CC,CT,NN,TT,NN,CC,AC,TC,AA,AA,CC,AA,CT,AA,AA,CC,NN,CC,TT,AA,TT,AA,CG,GA,TT,GG,TT,CC,GG,CT,CC,CC,CG
Finnish in Finland,,,,HG00360,,NN,CC,AA,TT,TC,GG,TT,GG,CC,NN,NN,GG,CC,CC,CG,CT,GA,GG,GG,CC,CC,AA,GT,TT,AG,NC,TG,GG,CC,CA,NN,CC,CN,AA,GT,GG,GA,GA,CA,AG,TC,CC,CC,NN,TT,NN,TC,GA,CN,CC,CT,AA,GA,CA,GG,CC,AG,TT,GA,AG,CC,AG,GT,CC,CC,GC,GG,NN,TT,CC,AA,NN,NN,NC,TA,CC,TC,AA,AG,GA,GG,AC,CC,CA,AA,CC,GG,GG,TA,TT,CC,NG,TN,GG,GA,CC,GG,GG,TC,AA,AG,AA,TT,NN,TT,GG,AA,AA,AA,AG,NN,CC,AA,TC,TG,GG,GG,GG,TC,GG,AA,CC,NN,TC,CC,GA,CC,CC,AG,TG,GG,GG,NN,CT,CT,GA,TC,CC,GG,GG,NN,GG,GG,TT,GG,CC,NN,TC,CC,GG,GA,CC,GC,CC,TC,TT,AA,TG,GG,TA,GT,CC,AA,CT,TT,CC,GG,CT,CC,AG,AG,TT,TC,TT,CC,TT,AC,TG,AA,TT,GT,CC,GG,GG,AA,NC,GG,GG,GG,NN,TT,TT,TC,TT,GG,TT,NN,AA,GA,GG,GA,GA,TT,TT,CC,GA,AA,AA,AA,AG,AG,CG,CA,CT,CT,GG,CC,CC,AA,AA,TN,AG,NN,GT,CC,AA,TT,AA,TT,CG,AA,GG,GA,GA,TA,CG,GG,TC,GG,CC,AG,TT,GT,GT,AG,TT,TT,NN,NT,AT,CC,TT,TT,TT,GG,CT,GG,GA,TG,CT,GG,GA,GG,TT,TT,GT,CT,GG,GA,TT,TC,CC,CC,GA,NN,TT,CC,TT,AC,GA,CC,CT,TT,TC,AA,AA,NN,CC,TT,GG,NT,AA,TC,AA,GA,AG,CT,GA,AA,TC,AT,GT,AA,CC,CC,CC,CC,NN,CG,CC,TC,CC,GA,CC,CC,NC,GG,AA,AA,CT,CT,GG,AA,CT,CA,GA,AT,GG,GG,TT,NN,GA,NN,TT,AA,GG,AG,AA,AA,CT,AA,GC,CT,CN,NN,NT,GC,TC,TT,GG,NN,AG,AA,TT,GG,AG,CC,AC,CC,NN,CC,CC,NN,CC,GG,TT,AA,NN,GA,CC,AA,TA,CA,AG,GG,GA,AG,CC,AA,CT,AA,CC,AG,GG,GG,CT,GC,GG,TT,NN,CT,TT,AA,CG,TC,NN,GN,GG,AA,TT,CC,NN,GC,TT,AA,AA,TT,GA,CT,GG,AA,GN,AA,CT,GA,TC,NN,AA,GA,TT,AG,GG,AA,AA,AA,CN,CC,AA,NC,AG,GG,TT,TT,CC,GG,GG,CT,GG,AA,GG,GG,AG,TT,AA,AA,GA,AA,NC,AA,CC,GG,CC,CC,NN,TC,NN,CN,AA,CC,AA,AA,TT,AA,CC,NA,AA,CC,NN,CN,CC,AA,CC,TA,CC,GG,TN,GG,TA,NC,GG,CC,AC,TC,GG
Finnish in Finland,,,,HG00361,,AA,TC,AA,TT,TT,GG,TT,TT,CC,NN,NN,AG,CT,CC,GG,TT,AA,GC,GG,CC,CC,AA,GG,TC,GG,NN,TT,GG,CC,AA,NN,CC,CC,AA,TT,GG,AG,AA,AA,GG,TC,AA,CT,NN,CC,NN,CT,AA,CC,CC,CC,AA,GA,CC,GG,CC,GA,TT,AG,AG,TT,AA,TT,CC,CC,GG,GG,AA,TT,CC,TT,NN,NN,CC,AA,CC,CC,AA,GA,GG,GG,AC,CC,AA,AA,CC,GG,GG,AA,TT,CC,NG,NN,GA,GA,CC,AA,GG,CC,CA,GG,AG,TT,NC,TT,AG,AA,AA,AG,GG,NN,CC,AG,CT,TT,GG,AA,GA,CT,GG,AA,CC,NC,CC,CC,GG,CC,GC,GG,TT,GG,GG,NN,CC,TC,AA,TT,CC,AG,GA,NN,GG,AG,TT,GG,CC,NN,TT,CC,TG,GA,CC,CG,CC,CT,GT,AA,TT,AA,AA,GG,CT,AA,CC,NT,CG,GG,TC,CT,GG,GG,TC,CC,TT,CC,TT,CA,TG,AG,TT,GG,CC,GG,GG,AA,NN,AG,GG,GG,NN,TT,TT,CC,TN,GA,CC,NG,AA,GG,GG,AG,GG,TT,TT,CC,GG,AA,AA,AA,GG,GG,CC,AC,CC,TC,GG,CC,CC,CC,CA,NT,AA,NN,GT,CC,AA,CT,AA,TT,CC,AA,GG,GA,AA,TT,GG,TT,TC,GG,TC,AA,TT,TG,GG,GA,TT,TT,NN,NT,TA,CC,TT,GG,TT,AG,TT,GA,AA,TT,CC,TG,AA,AG,TN,TC,TT,CT,GG,GA,TT,TT,CA,CC,GA,NN,TT,CC,TC,CA,GG,GC,TC,TT,CC,AA,AA,CN,CC,TT,TT,TT,AA,CT,GA,GA,GA,CC,GA,AA,CC,TT,TT,AA,TC,CC,CC,CC,NN,CG,CC,TT,CT,GA,CC,CC,CN,CG,AA,AA,CC,TC,GG,AA,CC,AA,AA,TA,GG,AA,TC,NN,AG,AN,TT,TT,GG,GG,AA,GG,CC,AA,CC,TC,CC,NN,TN,CG,CT,GG,AG,NG,AA,AA,TT,AA,GG,CC,AA,CC,NN,AA,CA,NN,CC,GG,TT,AA,NN,GA,CC,AA,TT,CA,GG,TG,GG,GG,CC,TA,CT,AA,CC,AG,GG,GG,CC,CG,GG,TA,NN,CC,TT,AA,GC,CT,AN,NG,GG,AA,CT,TC,NN,GC,TG,AA,AA,TT,AA,TT,GT,AA,GN,AA,CC,GG,CC,GG,AA,AA,TT,GG,GC,TT,AA,AA,NN,CT,TT,NN,GG,GG,TT,TT,CT,GG,GG,TC,GG,AA,GG,GG,AA,TC,AA,AA,AG,TA,CN,AG,CT,GG,CC,CT,NN,CC,NN,CN,AA,CT,AA,AA,CT,AA,CT,NN,AA,CT,NN,NN,CT,AA,TC,AA,CC,AA,TT,GG,TT,CC,GN,TC,CC,CC,GG
Finnish in Finland,,,,HG00362,,NN,CC,AA,CT,TT,GG,TT,GG,CC,NC,NN,GG,TC,TC,CC,CT,AG,GG,AG,CC,TC,AA,GG,CT,GG,CC,TT,GG,CC,AC,TN,CC,NN,AG,TG,AA,AA,AG,CC,AG,CC,CA,CC,NA,TC,CN,TC,GA,NC,CC,CT,AA,GA,AC,GG,CC,AA,TT,AG,GG,TC,GA,GG,GC,CC,GG,GA,AN,TC,CC,TT,NT,NA,CN,AA,CC,TC,AA,GA,GG,GG,CC,CC,AA,AA,TC,GT,GG,AA,TT,CC,NN,TN,GG,AA,CC,GG,GG,CC,CA,GG,AG,TT,NN,TT,GG,AC,GG,AG,GG,NN,CC,AG,TT,TT,GG,GG,GG,TT,GG,AA,CC,NN,TC,CC,GG,CC,GC,AG,TT,GG,GA,NN,TC,CC,AA,TT,CC,AG,GG,NN,GC,GA,TT,GG,CC,NN,CT,CC,GG,GA,CC,CG,CC,TC,TT,AA,TT,AA,AA,GT,CC,AA,TC,TT,CC,AG,TC,CC,AG,AA,TT,TC,TT,CC,TT,AA,TT,AG,TT,GG,CC,GG,GG,AA,NC,AG,GG,GG,TT,TT,TT,CC,TT,AG,TT,NN,AA,GG,GG,AA,GG,TT,GT,CC,GA,AA,AA,AA,AA,GG,GG,CA,CT,TT,GG,CC,TC,AA,AC,TT,GG,NN,TG,TC,AA,TC,AA,TT,CC,AA,GG,GG,GG,TA,GG,GT,CT,GG,CC,AA,TT,GT,GT,AA,TT,TT,NN,TT,AA,CC,TT,TG,TN,AA,CC,AA,GG,GG,CC,GG,AG,GG,TT,TT,TT,TC,GG,GA,TN,TT,CC,CC,GG,NN,TT,CT,TT,AA,AG,GC,CC,TT,CC,AA,AA,NN,CC,TT,GG,TT,AA,TC,GA,GA,GA,CC,GA,AC,CC,AT,TG,NA,CC,TC,CC,TC,AA,CG,CC,TT,CC,GA,CC,CT,CN,GG,AA,GA,TT,CC,TT,AA,CC,AA,AA,AT,GG,AG,CC,AN,AG,NN,TT,AA,GT,AG,AG,AA,CT,AA,CC,CC,CC,NN,TT,CC,CC,GT,GA,NN,AA,AA,CT,AA,GG,GC,AC,CN,TN,AC,CC,NG,CC,GG,TT,AA,NN,GG,CT,AA,TT,CC,GG,GG,GG,GG,CC,AA,CT,AA,CC,GA,GG,GG,CT,GC,GG,TT,AN,CC,TT,AG,GG,CT,NN,NG,GG,AA,CT,TC,NN,CG,TT,GA,AA,TT,AA,TT,GG,AA,NN,AC,CC,GG,CT,NN,GA,GG,TT,GG,GG,AT,AA,GA,NN,CC,AA,NN,GG,GG,TT,TT,CC,AA,GG,CC,GG,AA,GG,GG,GA,TC,AA,AA,GA,TT,CN,AA,CC,AG,CC,TC,NN,CT,NC,NC,AA,CT,AG,AA,CC,GA,CC,AA,AA,CT,NN,CN,CC,AA,TT,AA,GC,GG,TT,GG,TT,NN,GG,CC,AC,CC,GC
Finnish in Finland,,,,HG00364,,AN,CC,AA,TT,CT,GG,CT,GG,CC,CN,NN,GG,CC,CC,GG,TT,GG,CC,GA,CC,CC,AA,GG,TC,AG,CN,TT,GG,CC,AC,NN,CT,CN,AG,GT,GG,AG,GG,CC,GG,TC,CA,CC,NN,TT,NC,CT,AA,CN,CA,CT,AA,GA,CC,GG,CC,AG,TT,GA,GG,CC,GG,GG,CG,CC,GC,GG,AA,TT,CC,TT,NN,NN,CC,AA,CC,CT,AA,AA,GG,GG,CC,CC,CA,AA,CC,TT,GG,AA,TT,CT,NN,NN,GG,AA,CC,GA,GG,CC,AA,GG,GA,TT,NN,TT,GG,AA,AA,AG,GG,CN,CC,AA,CT,GT,GG,AG,GG,TT,GG,AA,CC,NN,CC,CC,GG,CC,GC,AG,TG,GG,GG,NN,CC,CC,AA,TT,CC,GG,GA,NN,GG,GG,TT,GG,CC,NN,TT,CC,GT,AA,CC,GG,CC,CT,TG,AA,TG,GA,AT,GG,TC,AA,CC,NN,CC,GG,TT,CT,AA,GG,TT,CC,TT,CC,TT,AA,TT,AG,TG,GG,CC,GG,GG,AA,NN,GA,GG,GG,TN,TT,CT,CT,TT,GA,TT,NN,AA,GG,GG,GA,GG,TT,TT,CT,GG,AA,AA,GA,GA,GG,GG,AC,TT,CT,GG,CC,CC,AC,AA,TN,AA,NT,TG,CT,AA,TC,AA,TT,CC,AA,GT,AG,AG,TA,GG,GG,TC,GG,CC,GA,TG,TG,TG,AG,CC,TT,NN,NT,AT,CC,TT,TG,TT,GG,TC,AA,GG,TG,CT,GG,GG,GG,NN,CC,GG,TT,GG,GA,TT,TT,AC,CC,GG,NN,TT,CC,TT,AA,GG,CG,CC,TT,TC,AA,AG,NC,CC,TT,GG,TT,AA,CT,AA,GG,GG,CC,GG,AA,CC,AT,TT,NA,CC,CC,CC,CT,NA,GG,CC,CC,CC,AA,CC,CC,CN,GG,AA,AG,TC,CT,TG,AA,CT,AA,AA,AA,GG,GG,CC,NN,GA,NN,TT,AA,TG,AG,AG,AA,CT,GA,CG,TT,CN,NT,NT,GC,TC,GT,GG,NN,AA,AA,TT,GA,AA,GC,CC,CC,NN,CC,CC,NN,CC,GG,TT,AA,NC,GG,TC,AA,TT,CC,GG,GG,GG,GA,CT,TT,TT,AA,CN,AG,GG,GG,TC,GG,GG,TT,NN,TC,TT,AA,GG,CC,NN,NN,GG,AA,TC,CT,NN,CG,TT,AA,AA,TT,AA,CT,GG,AA,GG,AA,CC,GG,CT,NN,AA,AG,TC,AA,GG,TA,AA,GG,NC,CC,TA,NN,GG,GG,CC,TT,TT,GA,GG,TC,GG,GA,GG,GG,AA,TT,AA,CA,GG,TT,CC,AA,CC,GG,CT,TC,NN,CT,NC,CC,AA,TT,AA,AA,CC,AA,TT,NA,AN,TC,NN,NC,CC,AA,CC,AT,CC,AA,TN,GG,TT,CC,GG,TT,CC,TC,GG
Finnish in Finland,,,,HG00365,,AA,CC,CA,CT,TT,GG,TT,GG,CT,NN,NN,GG,TC,TT,GG,CC,GA,GG,GG,CC,CC,AA,TT,TT,GG,CC,TT,GG,CC,AC,TN,CT,CN,AA,GT,GA,AG,GA,CC,GG,CT,CC,TC,NN,TT,NN,CT,GG,NC,CC,TT,AA,AG,AC,GG,CC,GG,TT,GG,AG,TT,GG,TG,GC,CT,GG,GG,AN,CT,CC,TT,NN,NA,CC,AA,CC,CC,AA,AA,AG,AG,CC,CC,AA,GA,CT,GG,AG,AA,TT,CC,NN,TT,GG,GG,CC,GG,GG,TC,AA,GG,AA,TT,NC,TT,AG,AA,GA,GG,AG,CN,CC,GA,TC,TT,GG,GG,GG,TC,GG,GA,CC,CN,CC,CT,GA,CC,CC,AG,TT,GG,GG,TT,TT,TT,GA,TT,CC,AG,AG,NN,GC,GA,TT,NG,CC,NN,TT,TC,TG,GA,TC,CC,CC,TC,TT,AA,GG,AA,AA,GG,CC,GA,CC,NT,CC,GA,CT,TT,GG,AA,TT,CC,TT,CC,AT,AC,TG,AG,GT,TG,CC,GG,GG,AA,NN,AG,GG,GG,NT,TC,TC,CC,TT,GG,TT,NN,AA,GG,GG,AG,GG,TT,TG,TC,AA,AA,AA,AA,AA,GG,CC,AC,TC,CT,GG,CC,CC,AA,AC,NN,GA,NN,GT,CT,GA,CC,AA,TT,CG,AA,GG,AA,AG,AT,GG,GG,TC,GG,CC,AG,TT,GT,TT,GA,TT,TT,NN,TT,TT,CC,TT,GG,NT,AG,TT,AG,GG,GT,CC,TG,GG,AG,TT,TT,TT,CT,GG,GG,TT,CT,CC,CC,AG,NN,TT,CC,TT,AA,GG,CC,CT,TT,TC,AA,AA,CN,CC,TC,GT,NT,GG,TT,AG,AA,GG,CT,AG,AC,TC,AA,TT,AA,TC,CT,CC,CT,NA,CC,CC,CT,CC,AG,CC,CC,NN,GG,AG,AA,TC,TC,GG,AA,TT,AA,AA,TT,GG,GA,CC,NN,AA,NN,TT,AA,TG,GG,AG,AA,CC,AA,CG,TT,NC,NN,TT,CC,CC,GT,GG,NN,AA,AA,TT,GG,GA,CG,AA,NC,NN,CA,CA,NN,CC,GG,TT,AA,NN,GA,CC,AA,TT,AA,GG,GG,GG,AG,CC,TT,TT,AA,CN,GA,GG,GG,TC,GG,GG,TT,NN,TC,TT,AA,GG,CC,NN,NG,GG,AG,TT,CC,NN,CC,TT,AA,AA,TT,AA,TT,GT,AA,GG,AA,CT,GG,CT,NN,AA,AA,CC,GG,GG,AA,AA,GA,CC,CC,AT,CN,GG,GG,TC,TT,CC,GG,CG,CC,GT,AA,GG,GA,AA,TT,AA,CA,AG,TA,NC,AA,CC,GG,CC,CC,NN,CT,CN,NN,CA,CC,GA,AA,CC,AG,TC,AA,AA,CC,GN,NN,CC,AA,TC,AA,CC,GA,TT,GG,TT,CN,GG,CC,CC,CC,GG
Finnish in Finland,,,,HG00366,,NA,CC,AC,TT,CC,CG,TT,TT,CC,CN,NN,GG,CT,TC,CG,TC,AA,GG,GG,CC,CC,AA,TT,TT,GG,CC,TT,GA,CC,AA,NT,CC,CN,AG,TG,GA,AG,AG,CC,GG,CC,AA,CT,NN,TT,NN,CT,GA,CC,CC,CT,AA,GA,CC,GG,CC,AG,TT,GG,AG,TT,GG,GT,CC,TC,GG,GG,AA,CT,CC,TT,TN,NN,CC,AA,CC,CC,AA,AG,GG,GG,CA,CT,AA,AA,CT,GG,GG,AA,TT,CT,GN,NN,GG,AG,CC,GA,GG,CC,AA,AG,AA,TC,NN,CT,GG,AC,AG,AG,GG,NC,CC,AG,CC,TT,GG,GA,GG,TT,GG,AA,CC,NC,CC,TC,GG,CC,GC,AA,TT,GG,GG,NN,TC,CC,AA,TT,CC,GG,GG,NN,CG,AG,TT,GG,CC,NN,TC,CC,GT,AA,CC,CC,CC,TC,TT,AA,GT,AA,AA,GG,CT,AA,TC,NT,CC,GG,TC,CT,GG,AA,TT,CT,TT,CC,TT,AA,GT,GG,TT,GT,CC,GG,GG,AA,NN,GG,AG,AG,TN,TT,CT,CC,TT,GA,TT,NN,AA,GG,GG,AA,GA,CC,TG,TC,GG,AA,AA,AG,GG,AG,GG,AA,CT,CC,GA,CC,CT,AA,AA,TT,AG,TN,GG,CT,GA,CT,AA,TT,GG,AA,GG,GA,GA,TT,GG,GG,CT,GG,CC,AA,TT,GG,GG,AG,TT,CT,AN,NN,AA,CT,TG,TG,TT,AG,TT,AG,GG,TG,TC,TG,GG,GA,TT,TT,GT,TC,GG,GG,TT,TT,CC,CC,GG,NN,TT,CC,TT,AC,AG,GG,CT,TT,TC,AA,AA,CC,CC,TT,GG,TT,AA,CT,GG,AA,AG,CC,GG,AA,TC,AA,TG,AA,CC,CC,CC,CC,AN,GC,CC,CC,CC,AG,AC,CC,CN,CG,AA,AA,CC,CC,GT,AA,CC,AA,AA,TT,GG,AG,CT,NN,GA,NN,TT,AA,GG,GA,GA,AA,CC,AA,CG,TC,CC,NN,TT,CG,CC,GG,GA,NG,AA,GA,CT,AA,AG,CC,AA,CC,TT,AA,AC,GN,CC,GG,TT,AA,NN,GG,CC,AA,TT,CC,GG,GG,GA,AG,CC,AA,CT,GA,CC,AA,GG,GG,CT,CC,GG,TT,NN,CC,TT,GA,GG,CC,NN,GG,GG,AA,CT,TC,CN,GG,GT,AG,AA,TT,AA,TT,GG,AA,NN,AA,CC,AG,CC,GN,AA,AA,TT,GG,GC,AT,AA,GA,NC,CC,AT,NN,GG,GA,TC,TT,CC,AG,GG,TC,TG,GA,AG,GA,AA,TT,AA,AC,AA,TT,NN,AG,TC,GG,CC,TT,NN,CT,NC,NC,AA,CC,AA,AA,CC,GA,CC,NA,AN,CC,NN,CN,TC,AA,TT,AA,CC,GA,TN,GG,AA,NC,GG,CT,CC,TC,GG
Finnish in Finland,,,,HG00367,,NA,CC,AC,TT,TC,GG,TC,GT,CC,NN,NN,GG,CT,CC,GG,CC,AA,GG,AA,CG,CC,CA,GG,TT,GG,CN,TT,GG,CC,AA,NN,CC,NC,AA,GT,GG,AA,GG,CC,AG,CC,AC,CC,NN,CT,NC,TC,AA,NN,CC,TC,AA,AG,CC,GG,CC,GG,TT,GA,GG,TC,AA,GT,CC,CT,GG,GG,AA,TT,CC,TT,NN,AN,CC,AA,CC,CT,AA,GA,GA,GG,CC,CC,AC,AA,TC,GG,GG,AT,TT,CC,NG,TN,GG,GG,CT,GG,GG,CC,AA,GG,AA,CC,NN,TT,GG,CA,AA,GG,GA,CN,CC,GG,TT,TG,GG,AA,GG,TT,GG,AA,TC,NN,CC,CC,GA,CC,CC,AG,TT,GG,GG,NN,CC,TT,AA,TT,TC,AG,GG,NG,GG,GG,TT,GG,CG,NN,TT,CC,GG,AA,CC,GG,CC,TC,TT,AT,TT,GA,AT,GG,CT,AA,CC,NN,CC,AG,TT,CC,AG,GG,TT,CC,GT,CC,TA,AA,TG,GA,GG,TG,CC,AG,GG,AA,NN,GG,GG,GG,NN,TT,TC,TC,TT,GG,TT,NN,AA,AG,AG,AA,GG,TT,TT,CC,GG,AA,AA,AA,AA,GG,CC,AA,CT,TC,GG,CC,CC,AC,AA,TN,AG,NT,TG,TC,AA,CT,GA,TT,CG,AA,GT,AG,AA,TT,CG,TT,TC,GG,CC,AA,TT,TT,GG,AA,CT,CT,AN,NT,AT,TC,GT,TG,TT,GG,TC,AG,GA,TG,CT,GG,GG,GG,NN,CC,TT,TT,GG,GA,TT,TT,CC,CC,GG,NN,TC,CC,TT,AC,GG,CG,CT,TT,TT,CA,AA,NC,CC,TT,GG,TN,AA,TT,GA,AG,GG,CC,GA,CC,CC,AT,TT,AA,TC,CC,CC,CT,AN,CG,CC,TT,CC,GG,CC,CC,NN,GC,AA,AG,CT,CC,TG,AA,CC,AA,AA,AT,GG,GA,CT,NN,AG,NN,TC,AA,GG,GG,AG,AG,CC,AA,CC,TT,NN,NN,NN,CG,CT,GG,GA,NN,AA,GA,TT,GA,GA,CG,CA,CC,NN,AA,CC,NG,CC,GG,TT,AA,CN,GG,CC,AA,TT,AC,GG,GG,GG,AG,TC,AT,TT,AA,CC,AG,GG,GG,TT,CC,GG,TT,NN,TT,TT,AG,CG,CC,NN,GN,GG,AA,TT,CC,NN,GC,GT,AA,AA,TT,AA,TC,TT,AA,NN,AA,CC,GG,TT,NN,AA,AA,TT,GG,CG,AA,AA,GG,CN,TC,AT,NN,GA,GG,TC,TT,CC,GG,GG,CC,GG,AA,GA,AG,AA,TT,AA,AA,GA,TT,CN,GA,CC,GG,CC,CC,NN,TC,NN,NC,AA,TC,AA,AA,TT,AA,TC,AA,AA,CC,NN,NN,TC,AA,TC,AT,CC,AA,TT,GG,TT,NN,GG,CC,CA,TC,GG
Finnish in Finland,,,,HG00368,,AN,TC,CA,TT,CT,CG,TT,GT,CC,CN,NN,GG,TC,TC,GG,CT,GG,GG,GG,CC,CT,AA,TT,CT,GG,CC,TT,GG,CC,AC,NN,CC,CN,AA,TG,AG,AG,GG,CA,GG,CC,AA,CC,NN,CT,NC,TC,AA,CN,CC,TT,AA,GG,CC,GA,CC,GG,TT,AG,GG,TT,GA,GG,GC,CC,GG,GG,AA,CT,CC,TT,NN,NA,CN,TT,CC,CC,AA,AA,GG,GG,CA,CC,AA,AG,TT,GG,GG,AA,TT,CC,NN,NN,GG,AG,TC,GA,GG,TC,AA,AA,AA,TT,NN,TT,GA,AA,AA,AG,GG,NN,CC,GG,CC,GT,GG,GG,GG,TT,GG,AA,TT,CN,CC,CC,GA,CC,CC,GA,GT,GG,GA,NN,CC,TC,AA,TT,CC,AG,AG,NN,GG,GG,TT,GG,GC,NT,TC,TC,TG,AA,CC,CG,CC,CC,TT,AA,GG,GG,TA,GG,CC,AA,CC,NN,CC,GA,CT,CC,GA,AG,TC,CT,TT,CT,TT,AA,GG,GA,GT,GT,CC,GG,GG,AA,NC,GA,GG,GG,NN,TC,TT,CC,TT,GA,CC,GN,AA,GA,GA,AA,AG,CC,GG,CC,GA,AA,AA,AA,GG,GG,GC,AA,TT,CC,GG,CC,CC,AA,AA,NT,GA,NT,GT,CC,AG,TC,AA,TT,CC,AA,GG,AA,GA,AT,GC,TG,CC,GG,CC,AA,TT,TG,GG,GG,TT,TT,NN,TN,TA,CC,TT,GG,NT,AG,TT,GA,GG,TT,CT,GT,GG,GG,NT,CT,TT,TT,NG,GG,TT,TT,AC,CC,GA,NN,TT,CT,TT,CA,GG,CC,TT,TN,TT,AA,AA,NC,CC,TT,GG,NT,AA,TT,GA,GG,GG,CC,GA,AC,CT,TA,TT,AA,CC,CC,TC,TC,NN,GC,CC,TT,CC,AG,CC,CC,CN,GC,AG,GA,CT,CT,GG,GA,CT,CA,AA,TA,GG,AA,CC,NN,GA,NA,TT,AT,GG,GG,GA,AG,CC,AA,GC,CT,NN,NN,TN,CG,CC,GT,AG,NN,AA,GA,TT,GG,GA,GG,AA,CC,TN,AA,CC,NN,CC,GT,TT,AA,NN,GG,CC,AC,TT,AC,GG,GG,GG,AA,CC,TA,TT,AA,CN,AG,GG,GG,CT,GG,GG,TT,NN,CC,TT,GA,GG,CC,NN,NG,GG,AA,CT,TC,NN,CC,GT,AA,AA,TT,AA,CT,GT,AA,GN,AA,CC,GG,TC,NN,AG,AA,TT,GA,GC,AT,AA,AA,NC,CT,TT,NN,GG,AG,CT,TT,TC,AG,GG,CC,GG,AA,GG,GA,AA,TT,AA,CA,GG,TT,CN,AA,CC,GG,CC,TT,NN,TC,NN,CN,CA,CC,AA,AA,CC,AG,TC,AA,AA,CT,NG,NC,CC,AA,TT,AT,CC,AA,TT,GG,TT,CC,GG,CC,CA,CT,GG
Finnish in Finland,,,,HG00369,,AA,CC,CA,TT,TT,GG,TT,TG,CC,NC,NN,GG,CC,CC,CG,TT,AA,GG,AG,GC,CC,AA,GG,TT,GG,CC,GT,AG,CC,AA,NT,TC,CN,AG,TG,AG,GA,GA,CC,GG,TC,AA,TC,AN,TT,NN,TC,AG,CC,CC,CC,AA,GG,CC,GG,CT,AA,TT,GA,GG,TT,AG,GG,CC,CC,GG,GG,AA,TC,CC,TT,NN,NN,CN,AA,CC,CC,AA,AG,GG,GG,AA,CC,AA,AA,TC,GG,GG,AT,TT,CT,NN,NT,GG,AG,CC,AG,AG,CT,AA,GG,AG,TC,NN,TT,GG,AA,GA,GG,AA,NN,CT,AA,TC,TT,GG,AG,GG,TT,GG,AA,CC,NN,CC,CC,GG,CC,CG,AA,TT,GG,AG,NN,CC,CC,AA,CT,CC,GA,AG,NN,GC,GG,TT,GG,CG,NN,CT,CT,GG,GG,CC,GC,TC,TC,GT,AA,GT,AA,AA,GG,TC,AA,TT,TN,CC,GG,CC,CC,GG,AA,TT,CC,TT,CC,TT,CA,GG,AG,TT,GG,CC,GA,AA,AA,NN,GG,GG,GG,NN,TT,TT,CC,NT,AA,TC,GN,CA,GG,GG,AA,GG,TT,GG,CT,GG,GA,AA,AA,GG,GG,GG,AA,TT,TT,GG,CC,TC,AA,AA,TT,AG,NN,GT,CC,AA,CC,AA,TT,GG,GA,GG,GG,GG,TT,GG,GG,CC,GG,CC,AG,TT,TG,GG,GA,TT,TT,NN,TN,TA,CC,TT,TG,TT,GG,TC,AG,GG,TT,CC,GG,GG,AG,TN,TC,TT,TT,NG,GA,TN,TT,CC,CC,GG,NN,TC,TC,TC,AA,GG,CC,TC,TT,CC,AA,AA,NN,CC,CT,GG,TT,AA,CT,AA,GA,AA,CC,GA,AA,CT,TA,TT,AA,CC,CC,CC,CC,AN,GC,CC,CT,CC,AG,CC,CT,NC,GG,AA,AG,CC,CC,GG,AA,CC,AA,AG,AA,GG,GG,CC,AA,AG,NA,TT,TA,GG,GG,AA,GA,CT,GG,CG,TT,NC,NN,TN,CG,TT,GT,AA,NN,AA,AA,TC,GG,GG,GC,AA,CC,NT,AA,CC,NN,CC,GG,TT,AA,NN,GG,CC,AA,TT,CA,GG,TG,GA,GA,CC,AA,TT,AA,CC,AG,GG,GG,CC,CC,AA,TT,AA,TC,TT,GA,GG,TC,NA,NN,GG,AA,TT,CC,NN,CG,TG,GA,AA,TT,AA,CT,TG,AA,GN,AA,CC,GG,CT,NN,AA,AA,TT,GG,GG,AA,AC,AA,CC,CC,AT,NC,AG,GG,CC,TT,CC,GG,GG,CT,GG,AA,GG,GA,AA,CT,AA,AA,GG,AT,CC,GA,CC,GG,CC,CC,NN,TC,NN,CC,AA,TC,GA,AA,TT,AG,TT,AA,AA,TC,NN,CN,CC,GA,CC,TA,CC,AA,TT,GG,AA,NC,GG,CT,CC,CC,CG
Finnish in Finland,,,,HG00371,,AN,CC,AC,CC,TC,GG,TT,GG,CC,NN,NN,GG,CC,CC,GG,CT,GA,GG,GG,CC,CC,AA,GG,TT,AG,NC,TT,GG,CC,AA,NN,CC,NN,AG,GT,GG,AG,AG,AA,GG,CT,AA,CC,NA,CC,NN,TC,AA,NN,CC,CC,AA,AG,CC,GG,TT,GG,TG,AG,GG,TC,GG,GG,CC,TC,GG,GG,AA,TT,CC,TT,TN,AN,CC,AA,CC,TT,AG,AA,GG,GG,CC,CC,AA,AA,CC,GG,GG,AA,TT,CT,NN,NN,GG,AG,CC,AA,GG,TC,AA,AG,AA,TC,NN,CC,GG,AA,GG,AA,GA,CC,CC,AA,TC,TG,GG,GA,GG,TC,GG,AA,TC,NN,CC,CC,GG,CC,CC,GG,GG,GG,GG,NN,CC,TC,AG,TT,CC,GG,GG,NN,GG,GG,TT,GG,CC,NN,TT,CC,GG,AG,CC,CG,CC,CC,TT,AA,GT,GG,TA,GG,CC,AG,CT,TN,CC,GA,TC,CT,GG,GG,TT,CC,TT,CC,TA,CA,TT,AG,TT,GG,CC,GG,GG,AA,NN,AG,GG,GG,NT,TT,TC,CC,TT,GA,TT,NN,CA,GG,GG,GG,GG,CT,TT,CC,GA,AA,GA,AA,GA,GG,GG,AA,CT,CT,AG,CC,CC,AA,AA,TN,AA,NT,GT,CC,AA,TT,AG,TT,CC,AA,GG,GG,GG,TT,GC,GG,CT,GG,CC,AG,GT,GT,GT,AA,TT,TT,NN,TN,AT,CC,TT,GT,TT,GG,TT,AG,GG,GT,CC,TG,GG,GG,TT,TT,GT,CC,GN,AA,NT,TT,CC,CC,AG,NN,TT,CC,TT,AA,GG,GC,CT,TT,TC,AC,AA,CC,CC,CT,GT,NT,GA,TC,AA,AA,AG,CT,GG,AA,CC,AA,TT,AA,CC,CC,CT,CT,NN,CG,CC,TT,CC,GA,CC,CC,NC,GG,AA,AA,CT,CC,GT,AA,CC,AA,AA,AT,GG,GG,CC,NA,AA,NN,TT,TA,GT,AG,AG,GA,CC,AA,CC,TT,CN,NN,TT,CC,TC,GT,GA,GN,AA,AA,TT,GA,GA,CC,AA,CC,NN,CA,CC,GN,CC,GG,TT,AA,NN,GG,CC,CA,TT,AA,GG,GG,AG,GG,CC,TT,TT,GA,CC,AA,GG,GG,CC,CG,GG,TT,NN,CC,CC,GA,GC,CC,NN,GG,GG,AA,TC,CT,NN,GC,TT,AG,AA,TT,AA,TC,GG,AA,NN,AA,CC,GG,CC,GG,AG,GG,TT,GA,GG,AA,AC,AG,CC,CC,TT,NN,AG,GG,CT,TC,TC,AA,GG,CC,GG,AA,GG,AG,AA,TT,AA,AA,AG,TT,CC,AA,CC,GG,CC,CT,NN,CT,CC,CC,AA,TT,AA,AA,CC,AA,TT,AA,AA,TT,GN,CN,CC,AG,TC,TA,GG,AG,NT,GG,TT,NC,GG,CT,CA,CT,GG
Finnish in Finland,,,,HG00372,,AA,CT,AC,TT,TT,CG,TT,GG,CT,CN,NN,GG,CC,CT,GC,CT,AA,GC,GA,CC,CC,AA,GG,TT,GG,NC,TG,GG,CC,AA,NN,CC,CN,AA,TT,GG,GA,AA,CC,GA,CT,CA,CC,NN,TT,CN,TC,AA,NC,AC,TC,AA,GA,CA,GA,CT,GG,TT,GG,GG,TT,AA,TG,GG,CC,GG,GG,AA,TC,CC,TA,NN,NA,CC,AT,CC,CC,AA,AG,GG,GG,CA,TC,AA,AA,TC,GG,AG,TT,TT,TC,NG,NN,AA,AA,CC,AA,GG,CC,AA,GG,AA,TT,NN,TT,GG,AC,AA,AA,GA,NN,CC,AA,TT,TT,GG,GG,GG,TT,GG,AA,CT,NN,CC,CC,GG,CC,CC,AA,GT,TG,AG,NN,CC,CC,AA,TT,CC,AA,GA,NN,CG,AG,TT,GG,CC,NN,CT,CC,GT,GA,CC,GC,CC,CT,TT,AA,GG,GA,AA,GG,CT,AA,CC,NT,CC,GG,TT,CT,GA,AG,TT,CC,GG,CC,AA,AA,TT,AA,TT,GG,CC,AG,GG,AA,CN,AG,GG,GA,TN,TT,TC,TC,TT,GG,TT,GN,AA,GG,GG,GA,GA,TT,TG,CC,GG,AA,AA,AA,AG,GG,CG,CA,TT,CT,GA,CT,CT,AC,AA,TT,AA,NT,TG,CC,AA,TC,AG,TT,CC,AA,GG,GA,AG,TT,GG,TT,TC,GG,CC,GA,TT,TG,GG,GA,CT,TT,NN,NN,AT,TC,GT,TG,TN,GG,TT,AA,GG,TT,CC,GG,GG,GG,NT,CT,TG,TC,GG,GG,TN,TC,CC,TC,GG,NN,TC,CC,TT,AA,AG,GG,CT,TT,CC,AC,AA,NN,CC,TT,GG,NT,AA,CT,GA,GG,GG,CC,GG,AA,TT,AT,TG,AA,CC,CC,CT,CT,AN,GC,CC,CC,CC,AA,CC,CT,NN,GG,AA,GA,TC,CC,GG,AA,CC,AA,AA,TA,GG,GA,TC,AN,GA,NA,TT,AA,GG,AG,AA,GA,CC,AA,CG,TC,CC,NN,TT,CC,CC,TT,GA,NN,GG,AG,TT,GA,AA,GC,AA,CC,NN,CA,CC,NN,CC,GG,TT,AA,NN,GG,CC,AA,TT,CA,AA,TT,GG,AG,CC,AA,TC,AA,CC,AA,GG,GG,CT,GG,GG,TT,NN,CT,TT,AA,GG,CC,NN,NN,GG,AA,CC,TT,NN,GG,TG,AA,AA,TT,GG,CT,TG,AA,NN,AC,CC,GG,TC,NN,AG,AG,TT,GG,GG,AA,AA,GA,NN,CC,AT,NN,AG,GG,TT,TT,CC,AG,GG,CC,GG,AA,GG,GG,GA,CT,AA,AA,AA,TT,NN,AG,CC,GG,CC,TT,AA,TC,NN,CN,AA,CT,AA,AA,TT,AG,TC,NA,AA,CC,NN,NN,CC,AA,TC,TT,CC,GG,TT,GG,AT,CC,GG,CT,CC,CC,GC
Finnish in Finland,,,,HG00373,,AA,TC,CC,TT,CT,CC,TT,TG,TC,NN,NN,GG,CC,TC,GG,TT,AG,GG,AA,CC,CC,AA,GG,TT,GG,CC,TT,GG,CC,AA,NN,CC,NC,AA,TG,GG,AG,GG,AC,GA,TC,CC,CC,NN,CT,NN,CC,AA,CC,CA,CC,AA,AG,CC,GA,TC,GA,TT,AA,AA,TC,AG,GG,GC,CC,GG,GG,AN,TT,CC,AT,NN,NN,CC,AA,CT,TC,AA,AA,GG,GG,AC,CT,AA,AA,TC,GG,GG,AA,TA,CC,NN,NN,GG,GG,CC,AA,GG,TC,AA,GG,AA,CT,NN,TT,GG,AA,AG,GA,GG,NC,CC,AG,TC,TT,GG,GG,GG,TT,GG,AA,TC,NC,CC,TC,GG,TC,CC,AA,GT,GT,AA,NT,TT,CT,AA,TT,CC,GG,GG,NN,CG,GG,TT,GG,CC,NN,CT,CC,GG,AG,CC,GG,CC,TT,TT,TA,GG,AA,AA,GG,TC,AA,TT,TT,CC,AG,TT,CC,AG,AG,TT,CC,TT,TC,TT,AA,TG,AG,TG,TG,CT,GG,GG,AA,NN,GG,GG,GG,TN,TT,CC,CT,TT,AG,TT,NG,AA,AG,AG,AA,GG,TT,TT,CC,GA,AA,GA,AA,GG,GG,GC,AA,TT,TT,AG,CC,TC,AA,CA,NT,GA,NN,GG,CC,AA,TT,AA,TT,CC,AA,TG,AG,AA,TT,GG,TG,CT,GG,CC,AA,TT,GG,TG,GA,CC,TT,AN,TN,TT,TC,GT,TT,TN,GG,TT,AA,GG,TT,CC,GG,GG,GG,TT,TT,TT,TT,NG,GG,TT,TT,CC,CC,AA,NN,TT,CC,CT,AA,GG,CC,CT,TT,CC,AA,AA,CC,CC,TC,GG,TT,AA,TT,AG,GG,GA,CC,GG,AA,TT,TA,TT,AA,CC,CC,CC,CC,NA,GG,CC,CC,CC,AA,AA,TT,CC,CC,AA,AA,CC,CT,TG,AA,CC,AA,AA,AA,GG,GA,CC,NN,AG,AN,CC,AA,GG,GA,AA,GA,CC,AA,CC,TC,CC,NN,TT,CC,CC,GG,GG,NN,AA,GG,CT,AA,AG,CC,AA,CC,TN,AC,AA,GN,CC,GG,TT,AA,NN,GG,CC,AA,TT,AA,GG,GG,GG,AA,CC,AT,TT,AA,CC,AA,GA,GA,CC,CG,GG,TT,NN,CC,TC,AA,CG,CC,NN,NG,GG,AA,TT,CC,NN,CC,TT,AA,GA,TT,AA,TT,GG,AA,NN,AA,CC,GA,CC,NN,AA,GA,TT,GA,GG,AA,CA,AA,NN,CC,TT,NN,GG,GG,CT,TT,CC,GG,GG,CC,TG,AA,GG,GA,AA,TT,AA,AC,AG,AA,NC,GA,CC,GG,CC,TT,NN,TC,NN,NC,AA,CC,AG,AA,CT,GG,CT,AA,AA,CC,NN,CN,CC,AA,TT,AA,CC,GG,TT,GG,TA,NC,GG,CC,CC,CC,GG
Finnish in Finland,,,,HG00375,,AA,CC,AA,TT,TT,GC,TC,TT,CC,NN,NN,GG,CC,CT,GG,TT,AG,GG,AA,CC,CC,CA,GG,TT,GG,CN,TT,GG,TC,AA,NN,CC,CN,AA,GG,AG,GA,AA,CC,AG,CC,AA,CT,NN,TT,NN,CC,GA,CC,CC,CC,AA,AA,CC,GG,CC,GG,GT,GA,AA,TT,GG,GG,CG,CC,GG,AG,AA,TT,CC,TT,NN,NN,CC,AA,CC,TC,AA,GA,GA,GA,CA,TC,AA,AA,TC,GG,GG,AA,AT,CT,NN,NT,GA,AG,CC,AG,GG,CC,AC,GG,AA,TT,NN,TT,GG,AC,AA,GA,GA,NN,CT,GA,CT,TT,GG,GG,GG,TT,GG,AA,CC,NN,CC,TC,GG,CC,CC,AG,GG,GG,AA,NN,CC,CC,AA,TT,CC,GA,AG,NN,GG,GA,TT,GG,CC,NN,TT,CC,TG,AA,TC,CC,CC,TC,TT,AA,GT,GA,AA,GG,CC,AA,CC,NT,CC,GG,CT,CC,GG,AA,TT,CC,GT,CC,AT,AA,GT,AA,TT,GG,CC,GG,GG,AA,NN,GA,GG,AG,TN,CT,TT,CC,NT,AG,CC,NN,AA,GG,GG,AA,GG,TT,TT,CC,AG,GG,AA,AA,AG,GG,GC,AA,TC,CT,GG,CC,CC,CC,AC,TN,AA,NT,GT,CC,AA,CT,AA,TT,CC,AA,GG,GA,GG,TT,GC,GG,TT,GG,CC,AG,TG,GT,TG,GA,TT,TT,NN,NT,TA,CC,TT,GT,TT,AG,TT,AG,GG,TT,CC,TG,GG,GA,NT,CT,TG,TC,GG,GA,NT,TT,CC,CC,AG,NN,TT,TC,CT,AA,GA,GC,TT,TN,CC,AA,AG,CN,CT,TT,GG,NT,AA,TT,GG,AA,GA,TC,GG,AA,TT,AT,TT,AA,CC,CC,CC,CT,AA,CG,CC,CT,CC,AG,CA,CC,CC,CG,AA,AG,CC,CC,GG,AA,CC,AC,AA,TT,GG,GG,TT,NN,GG,NA,TT,AA,GG,GA,GA,GA,CT,AA,CC,TT,NC,NN,TN,CC,CC,TT,GG,GN,AA,AA,TT,AA,GG,CC,AA,CC,TN,AA,CC,GN,CC,GT,TT,AA,NN,GG,CC,AA,TT,CC,GG,GG,GG,GA,CC,AA,CC,AA,CC,AA,GG,GG,TC,GG,GG,TT,NN,CC,TT,GG,GG,CC,NN,NN,GG,AA,CT,TC,CC,CG,TT,AA,AA,TC,AA,TC,TT,AA,NN,AA,CC,GA,CC,NN,GA,AA,TT,GG,GG,TT,CC,AA,NN,CT,TA,NN,GA,GG,TT,TT,CT,AG,GG,TC,GG,AA,GG,GG,AA,TC,AA,CC,AA,TT,NN,AG,CC,GG,TC,CT,NN,CT,NN,NC,CA,CT,AA,AA,CC,AA,CC,AN,AN,CT,NG,NN,CT,AA,TC,AT,CC,GA,TT,GG,TT,CN,GG,TC,CA,CC,GG
Finnish in Finland,,,,HG00376,,AA,CC,AC,TT,CT,GG,TT,TT,CC,NC,NN,GG,CC,CC,CC,TC,AA,GG,GA,CG,CC,AA,TG,TT,GG,CC,TG,GG,CC,AA,TT,CC,CN,AA,TG,GG,GA,AG,CA,GG,CC,AC,CT,NA,CC,NC,CC,AA,CC,CC,CT,AA,AA,CC,GG,CC,AG,TT,GG,AG,CT,GA,TT,CG,CC,GG,AA,AA,CC,CC,TT,NN,AA,CC,AA,CC,TC,AA,AA,AG,GA,CC,CC,CA,AA,TC,GT,GG,AA,TT,CC,NN,NN,GG,GG,CC,AG,GG,TC,AA,GG,AG,TT,NN,TT,GG,AA,GA,AA,AG,NN,CC,AA,TT,TT,GG,GA,GA,CT,GG,AA,CT,NN,CC,CC,GG,CC,CC,GG,TT,GT,AG,NN,CT,CC,GA,TT,CC,GG,GA,NN,GG,AA,TT,GG,CC,NN,TT,CC,GG,AA,CC,GC,CC,TC,GT,AA,GG,AA,AA,GG,CT,GA,CC,NN,GC,GG,TC,TT,GG,AA,TT,CT,TT,CC,TA,CA,TT,GA,TG,GG,CC,GG,GG,AA,NN,AG,GA,GG,NN,TT,TC,CC,TT,GG,CC,NN,AA,GG,GG,GG,AG,TT,GG,CC,GG,AA,GA,AA,AA,GG,GC,AA,TT,TT,GG,CC,CC,CC,AA,NN,AA,NN,GT,CT,GA,CC,AA,TT,CC,GA,GG,GA,AA,TT,CG,TT,TT,GG,CT,AA,TT,GT,GG,AG,TT,TT,NN,NN,TA,CC,TT,GT,NT,AG,TT,AA,GG,GT,CC,TG,GG,GG,TT,TT,GT,CT,GG,AG,TT,TT,CC,TC,GG,NN,TT,CC,CT,AA,AG,GC,CT,TT,TT,AA,AA,NC,CC,TC,GG,NN,GA,TT,AG,AG,AA,CC,GG,AA,TC,AA,GT,AA,CC,CC,TC,TC,NN,GC,CC,TT,CC,GA,CC,CC,NN,GG,AA,GA,TC,CC,TG,AA,CC,AA,AA,AA,GG,AG,CC,AA,AG,NA,TT,AT,GG,AG,AG,AA,CC,AA,CC,CT,CN,NN,TN,CC,CT,GT,GG,NN,AA,AA,CT,AA,GG,CG,AC,CC,TT,AC,CA,NN,CC,GG,GT,AA,CN,GG,CC,AA,TT,CA,AG,TT,GG,GG,CC,TA,TC,AA,CC,AA,GA,GA,CC,CC,GG,TT,NN,CT,TT,AA,GG,TC,NN,NN,GG,AA,CC,TT,NN,GG,GT,AA,GA,TT,AA,TC,GG,AA,GN,AA,CC,AG,TT,NN,AA,AG,TT,GG,GG,AA,AC,GA,CN,CT,AT,CN,GG,GG,TC,TT,CC,AA,GG,CC,GG,AA,GG,GA,AA,TC,AA,AA,AG,TT,CC,AA,TC,GA,CC,CC,NA,TC,NC,CC,AA,TT,AG,AA,TC,GA,TT,NN,AA,CC,NN,CC,CC,AA,CC,AA,CC,GG,TT,GG,TA,CC,GG,CT,CA,CC,CC
Finnish in Finland,,,,HG00378,,AA,CC,AA,TT,TC,GG,TT,TG,CC,NN,NN,GG,CT,TT,CG,TC,GG,GG,GA,CC,CC,AA,GG,TT,GG,CC,TT,GG,TC,AC,TN,CT,CN,AG,TT,GG,GA,GA,CC,AG,CC,CA,CC,NN,TC,CN,CC,AA,NC,CC,TT,AG,AA,AC,GA,CC,GA,TT,AG,GG,TT,GG,GG,CG,CC,GG,GG,AA,TC,CC,TT,NN,NA,CN,AT,CC,TC,AA,AA,GA,GA,CA,CC,AA,AA,CC,GT,GG,AA,TT,TC,NN,NN,GA,GA,CC,AG,AG,CC,CC,GG,AA,TT,NN,TT,GG,CA,GG,AG,GA,NN,TC,AA,CT,TT,GG,GG,GG,TT,GG,AA,CC,CN,CC,CC,GG,TC,CC,GG,GT,GG,GG,NN,TC,CT,AA,TT,CC,GA,GG,NN,GG,GG,TT,GG,GC,NN,TT,TC,TT,AA,CC,GG,CC,TT,TG,TA,TG,GG,AA,GG,CT,AA,TC,NN,CC,AG,TT,CC,GG,GA,TT,CC,TT,CC,TT,AA,TT,AG,TT,GG,CC,GG,GG,AA,NN,GG,GG,GG,NN,TT,TT,CC,NT,AG,TT,NN,AC,GA,GA,AA,GG,TC,TT,CC,AA,GA,AG,AA,GG,GG,CC,CC,CC,TT,GG,CC,CC,CA,AA,TN,AG,NN,GG,CC,AA,TT,AA,TT,CC,AA,GG,AG,GA,TT,GC,GT,CT,GA,CC,AA,TT,GG,TG,AG,CC,TT,NN,TT,AT,CC,TT,TG,TN,GA,TT,AA,GG,GT,CT,GG,GG,GG,TT,TT,GT,TC,NG,GA,TN,TT,CC,CC,AG,NN,CT,CC,TT,CA,AA,CG,TC,TT,TC,AA,AA,CC,CC,TT,TG,TT,AA,TT,AA,AG,AG,CC,GG,AA,CC,TT,TT,AA,CC,CC,CT,TT,NA,CG,CC,CT,CC,AG,CC,CC,CN,GG,AA,GA,CC,CC,GG,AA,CT,AA,AA,TT,GT,GG,CC,AA,AA,NN,TT,AA,GG,GA,AA,AA,CC,AA,GC,TC,NC,NN,TT,CC,TC,GT,AA,NN,AA,GA,CT,AA,AA,CC,AC,CC,NN,AA,AA,GN,CC,GG,TT,AA,NN,GG,CT,AA,TT,AC,AG,GG,GG,AG,TC,TA,CT,AA,CC,AA,GG,GG,TC,CC,GG,TT,NN,CT,CT,AA,CC,CC,AN,NN,AG,AA,TT,CC,NN,GG,TG,GA,AG,TT,AA,CT,TG,AA,NN,AA,CC,GG,CC,NN,AA,GG,TT,GA,GG,TA,AA,AA,NC,CC,TT,NN,GG,GA,CC,TT,TT,GG,GG,CC,GT,AA,GG,GG,AA,TT,AA,CA,GA,TT,CN,AG,CC,GG,CC,TT,NA,CC,CC,NN,AC,CC,AA,AA,TC,AG,CC,AA,AA,TT,NG,CN,CC,AA,CC,TA,CC,AA,TT,GG,AT,NC,GG,TC,CC,CC,GC
Finnish in Finland,,,,HG00379,,AA,CC,AA,TT,TC,GG,TT,GG,CT,CC,NN,GG,CC,CT,GC,CC,GA,CG,AA,CG,CC,AA,GG,TT,GA,CN,GT,GG,CC,CA,NT,CT,CN,AA,GT,GG,GG,AG,CC,GG,TC,CA,CT,NN,TT,CN,CC,AA,CN,CC,CC,AA,GA,CC,AG,CC,GG,TT,GG,GG,CT,GA,GG,CC,CC,GG,GG,AA,CC,CC,TT,NN,AN,CN,AA,CC,TC,AA,GA,GG,AG,CA,CC,AA,AA,TC,GG,GG,AA,TT,CC,NN,NN,GG,AA,CC,AA,GG,TC,AA,GG,AA,CT,NC,TT,GG,AA,GG,GG,GG,NN,TC,GG,TC,TT,GT,AA,GG,CT,GC,AG,CC,NN,CC,CC,GG,CC,CC,GG,TG,GG,GG,NN,TC,CC,AA,TT,CC,GG,AG,NN,GG,GG,TT,GG,CC,NN,TT,TC,TT,GA,CC,CG,CC,CT,TT,AA,GG,GA,TA,GG,CC,AA,CC,NT,CC,GG,TC,CC,AG,AA,TT,CC,TT,CC,TT,CA,TT,AA,TT,GG,CT,GG,GA,AA,NN,AA,GG,AG,TN,TT,TC,CC,TT,GA,CT,GG,AC,GG,GG,AG,GG,TC,TG,CC,GA,AG,AA,AA,GA,GG,GC,AA,CT,TC,AA,CC,TT,AA,AA,TT,AG,NT,TG,CC,AA,TT,AA,TT,CC,AA,GG,GG,AG,TT,GG,TG,CC,GG,TC,GG,TT,TG,TT,AA,TT,TC,NN,TN,TA,CC,TT,GG,TN,GG,TT,AA,GG,TG,CC,TT,GG,GG,TN,TC,GG,TT,GG,GA,TN,CT,CA,CT,GG,NN,TT,TC,TC,AA,GA,GG,CC,TT,CC,AA,AA,NN,CC,TT,GT,TN,AA,TT,AA,AA,AA,CC,GG,AA,TC,TA,TT,AA,CC,TC,TC,CT,NN,GG,CC,CT,CC,AG,AC,CC,NN,GC,AG,AA,TC,CC,TT,AA,TC,AA,AA,AT,GT,GG,CC,NA,GG,AN,TT,AA,GT,GG,GG,AG,CC,AA,CC,CT,CN,NN,TN,CG,TT,GG,AA,NN,AA,AA,TT,GA,GG,CG,AA,CN,NT,AA,CC,NN,CC,GG,TT,AA,NN,GG,CC,AA,TT,CA,GG,GG,GG,GA,CC,AT,TT,AA,NC,GG,AA,AG,TT,CC,GG,AT,NN,CT,CT,AA,CC,TC,AN,NG,GG,AA,TT,CC,NN,CG,TG,AA,GG,TT,AA,TT,GG,AA,NN,AA,CC,GG,CT,NN,GA,AA,TT,GG,CG,TA,CA,AG,NN,CC,TA,NN,GG,GG,TT,TT,CT,GG,GG,CC,GG,GA,AG,GG,AA,TT,AA,CC,AA,AT,CC,AA,CC,GG,CC,TT,NN,CC,NN,CN,CC,CC,AA,AA,TT,AA,CC,AA,AN,CT,NN,NN,CC,AA,CT,TA,CC,GA,NT,GG,AT,CN,GG,TC,AC,TT,GG
Finnish in Finland,,,,HG00380,,AN,CC,CA,TT,CT,GG,TT,TG,CC,CC,NN,GA,CT,TC,GG,CT,GG,GG,GA,CC,CT,AA,GG,TC,GG,CC,GG,GA,CC,AA,TN,CC,NC,AA,GT,GG,AG,AG,CC,AG,CT,CC,CC,NN,TT,NN,CT,AA,CC,CC,CC,AA,AG,CC,GG,CC,GA,TT,GG,AG,CT,GG,GG,CC,CC,GG,GG,AA,TC,GC,TT,NN,NA,CC,AA,CC,TC,AA,AA,GG,GG,CC,TC,CA,AA,TC,GT,GG,AA,TT,CC,NN,TN,GG,AA,TC,GA,GG,CC,AA,GG,GA,TT,NN,TT,GG,AA,AG,GA,AA,NN,CC,GA,CC,TT,GG,GG,GG,CT,CG,AA,TT,NN,CC,TC,GG,CC,CG,GG,TT,GT,AA,NN,CT,TC,GA,TC,CC,GA,GG,NN,GG,GG,TT,GG,CC,TT,CC,CC,GT,AG,TT,CC,CC,TC,TT,AA,GG,AG,AA,GG,CC,AA,TC,TT,GC,GG,CC,CC,GG,GG,TT,CC,GT,CC,TA,CC,GT,AG,GT,GG,CT,GA,GG,AA,NC,GA,GA,GG,NT,TT,TC,CC,TT,GA,CT,GN,AA,GG,GG,GG,GG,TT,TG,CC,GA,AA,GA,AA,GA,GG,CC,CA,TC,TC,GG,CC,CC,AA,CA,TT,AA,NT,GG,CC,GA,CC,AA,TT,GC,AA,GG,AG,AA,TT,GG,GT,CC,GG,CC,AG,TT,GT,GT,AG,TT,TT,NN,TT,TA,CC,TT,TT,TN,GA,TT,AG,GG,TG,TC,GG,GA,GG,NT,CT,GG,TT,GG,GG,TT,TT,CC,CC,AG,NN,TT,CT,CT,AA,GA,CG,TT,NT,CC,AC,AA,NN,CC,TT,TG,TN,AA,TT,GA,AG,GA,CC,GG,AA,CC,AT,TT,NA,CC,CC,CC,CC,NA,CG,CC,TT,CC,GA,CC,CC,NC,CG,AA,GA,CC,TT,GG,AA,CC,AA,AA,TT,GG,GG,CT,NN,GA,NA,TT,AA,TG,GG,GG,AA,CC,AG,GC,CC,CC,TN,NT,GC,TC,TG,GG,NG,AA,GA,TC,GA,AG,CG,AA,CC,TT,CA,CC,NN,TC,GG,TT,AA,NN,GG,CC,AA,TT,CC,GG,GG,GG,AG,CC,AT,TT,AA,CN,AG,GG,GG,TC,GG,GG,TA,NN,TC,TT,AG,GG,CC,NN,GG,GG,AA,CC,TT,NN,GC,GT,AA,AA,TT,AA,CC,TT,TA,NG,CA,CC,GG,TT,NG,AA,GG,TT,GG,GG,AA,AA,AA,NN,CT,TA,NN,AA,GG,CC,CT,CC,GA,GG,TC,GG,AA,GG,AG,GA,TC,AA,CA,GA,TT,CN,AA,CC,GG,CC,CC,NN,TT,NN,NC,CA,CT,AA,AA,TC,AA,CC,AA,AA,CT,NG,NN,CC,AA,CT,AT,CC,AG,TT,GG,TT,CC,GG,CC,CC,CC,CG
Finnish in Finland,,,,HG00381,,AA,CT,CC,TT,TC,CG,TC,GT,TT,CN,NN,GA,CT,TT,GC,TC,GA,GG,GG,CC,CC,AA,GG,TT,AA,NN,GT,GG,TC,CA,NT,CC,NN,GG,TT,GG,GG,GG,CC,GG,TC,AA,TC,NN,CT,NC,TC,AA,NC,CC,CT,AA,AA,CC,GA,CC,GA,TT,GA,GG,TT,GG,TG,CG,CC,GG,AA,AA,TT,CC,TT,NN,NN,CC,AT,CC,CT,AA,AA,GG,GG,CC,CC,CA,AA,TT,GG,GG,AA,TA,CC,NN,NT,GG,GG,CC,AG,GG,CT,AA,GA,GA,TT,NN,TC,GG,AA,AA,AG,GA,NN,CC,AG,TC,TT,GG,GA,GG,CT,GG,GA,CC,NC,CC,CC,GA,CC,GC,GG,TT,GT,GG,NN,TC,CC,AA,TT,CC,AG,GG,NN,GC,GA,TT,GG,CC,NN,TC,TT,GG,AA,CC,GC,TC,CC,TT,AA,GG,AG,AA,GG,CC,GA,CC,TT,GC,GG,TT,CT,GA,GA,TT,CT,TT,CC,TT,AC,GT,AG,TG,GG,CC,GA,GG,AA,CN,GA,GG,GG,NN,TT,TC,CC,TT,AA,TT,NG,AA,AG,AG,GG,GG,TC,TT,CT,GG,AA,AA,AA,GA,GG,CC,CA,CT,CT,GG,CC,CC,AA,AA,NT,GA,NT,GT,CT,GG,TT,AA,GT,CC,GA,GG,GG,GA,AA,GG,GG,TT,GG,TC,GG,TT,GG,GT,AA,TC,TC,NA,TN,TT,CC,TT,TG,NT,AA,TC,AA,GG,TT,CC,GG,GA,GG,NT,TT,TT,CT,GG,GG,TT,TT,CC,TT,GG,NN,TT,TC,TT,AA,GG,GG,CT,TT,CC,AA,AA,NN,CC,CT,TG,NN,AA,TC,AA,GG,AG,TC,GG,AC,CC,TA,TT,AA,CC,CC,TC,TC,NA,CC,CC,CT,CC,AG,CC,CC,NC,GG,AA,AG,CC,CC,GG,AA,CC,AA,AA,TT,GG,GG,CC,NA,AG,AN,TC,TA,GG,AG,GG,GA,CC,AA,CC,CT,CN,NN,TT,CC,CC,GG,AG,GN,AA,AA,TT,AA,AA,CC,CC,CC,NN,AA,CC,NN,CC,GG,TT,AA,NN,GG,TC,AA,TT,CA,GG,GG,GG,GG,CC,AA,TC,AG,CC,AA,GG,GG,CC,GC,GG,TT,NN,CC,TT,GA,GG,CC,NA,NG,GG,AA,CT,TC,NN,GC,TT,AA,AA,TT,AA,TT,GT,AA,NN,AA,TC,GG,CT,NN,AA,GG,TT,GG,GG,AA,AA,AG,CN,TC,TA,NC,GG,GG,CC,TC,CC,GG,GG,CC,GG,GA,AG,GG,AA,TT,AA,CA,GG,TT,NN,AA,TC,GG,CC,TC,NN,CC,CC,CN,AC,TC,GG,AA,TC,AG,TC,AA,NA,CT,NG,CC,CC,AA,CT,AA,CC,GA,TT,GG,AA,NN,GG,TC,CC,CC,GG
Finnish in Finland,,,,HG00382,,AA,TC,CA,TT,TT,GC,TT,TG,CC,NN,NN,GG,CT,CT,CC,TT,AA,GG,GG,CC,CC,AA,GT,TT,GA,NN,TT,GG,CC,AC,NN,CC,NN,AA,GT,AG,AG,GA,CC,GA,TC,AA,CT,NN,CC,CN,CC,AA,CN,CC,CC,AA,GA,CC,GG,CC,GG,TT,GA,GA,CT,GG,GT,CC,CC,GG,GA,AA,CT,CC,TT,NN,NN,CC,AA,TC,CC,AA,AA,GG,GG,AC,CC,AC,AA,TT,GG,GA,AA,TT,CC,NN,NN,GA,AA,CT,AG,GG,TC,AA,AG,AA,TT,NN,TC,GG,AA,GG,AG,GG,NC,CT,GA,TT,TT,GG,AG,AG,TC,GG,AA,CT,CN,CC,CC,GG,CC,CC,AA,TG,GG,AG,NN,CT,TC,AA,TT,CC,AA,AA,NN,GG,AG,TT,GG,CC,NN,TT,CC,TG,AG,CC,GC,CC,TT,TT,AA,TT,AG,AA,GG,CC,AA,CC,NN,CC,GG,CC,CC,GG,AA,CT,CC,TT,CC,TT,AA,TG,AG,TT,GG,CC,GG,GG,AA,NC,GA,GA,GG,TT,TT,CT,CC,TN,GA,CC,GN,CA,GG,GG,GA,GG,TT,GT,CC,AG,AA,GA,AA,GA,GG,CG,AA,TC,CC,GG,CC,CC,AA,AA,TT,AA,NN,GT,CC,GA,CC,AA,TT,CG,AA,GG,AG,AA,AA,CG,TG,TC,GG,CC,AA,TT,GT,TG,GA,TC,TT,NN,TT,TA,CC,TT,TT,TT,GG,CT,GA,AG,TT,CC,GG,GG,AA,TT,TT,TT,CT,NG,AG,TT,CT,CC,CC,GG,NN,CT,CC,TT,AC,GG,CC,CC,TN,CT,AA,AA,NN,CC,TT,GG,TT,AA,TC,AA,AG,AG,CC,AA,CA,CC,TT,TT,AA,CC,CC,CT,TT,NA,CG,CC,TT,TC,AG,CC,CC,CC,CC,AA,AA,CC,CC,GG,AA,CT,AA,AA,TT,GG,AG,CC,NN,GG,AN,TT,AA,TG,GG,AG,AA,CC,GG,GC,TC,CC,NN,TT,CC,TC,GG,GG,NG,GA,AA,TC,AA,GG,CG,CA,CC,TT,CA,CC,NN,CT,GG,TT,AN,NC,GG,CC,AA,TT,CA,GG,GG,GG,GG,CC,TT,TT,AA,NC,AA,AG,GG,CC,CC,GG,TT,NN,CC,TT,GA,GC,TC,AN,NN,GG,AA,CC,TT,NN,CG,TG,AA,AA,TT,AA,TT,TG,AA,NN,CA,CC,AG,TC,NN,AA,GG,TT,AG,GG,TA,AA,GA,CN,CC,TA,NN,GA,GA,CT,TT,CC,GG,GG,CT,GG,AA,AA,GG,AA,CT,AA,AA,AG,TT,NN,AA,CC,GA,CC,CC,NN,CT,CN,CC,CC,CC,AA,AA,TC,AG,CT,AA,NA,CC,NG,NN,CC,AA,CC,TT,CC,AA,TT,GG,TT,NC,GG,CC,CC,CC,GC
Finnish in Finland,,,,HG00383,,AA,CC,CA,TT,TC,GG,TC,GT,CC,CN,NN,GG,CT,CT,GG,TT,AG,GG,GG,CC,CC,AA,GG,CT,GG,NC,TT,GA,CC,CA,NN,CC,CC,AA,TG,GG,AG,GA,CC,GA,TC,AA,CT,NN,TT,NN,TC,AA,NN,CC,CC,AA,GG,CA,AG,CC,GG,TT,GA,GA,TT,GG,TT,CG,CC,GG,GG,AN,CT,CC,TT,NN,NA,CC,AA,CC,TC,AA,AA,GG,GG,CA,CC,AA,AA,TC,GG,GG,AA,TT,CC,NN,NN,GG,AG,CC,AA,AA,CC,AC,GG,GA,TT,NN,TT,GG,AA,GG,AA,GG,NN,CC,GG,CT,GG,GG,GG,GG,CT,GG,AA,CT,NC,TC,CC,GG,CC,CC,AG,TT,GG,GG,NN,TT,CC,GA,TT,CC,AG,GA,NN,GG,GG,TT,GG,CG,NN,CT,CT,GT,AA,CC,GG,CC,TT,TT,AA,GT,AA,AA,GG,CC,GG,CC,NN,GC,GG,CC,CT,GG,AA,TT,CC,GG,CC,TA,CC,GT,AG,TT,TG,CC,GG,GG,AG,CC,AG,AG,GG,NT,TT,CT,CT,TT,GA,TT,NN,AA,GG,GG,GA,GG,TT,TT,CC,GG,AA,AA,AA,GG,GG,CG,CA,CT,TC,GG,CC,CC,AC,AA,TN,AA,NN,GG,CC,AG,CC,AA,TT,CC,AA,GT,AG,GA,AA,GG,GT,CT,GG,CC,GA,TT,GT,TT,GA,TT,TT,NN,TN,AT,CC,TT,TG,TN,GG,TT,AA,GG,TT,CC,TG,GG,GG,NT,CT,TT,TC,GG,GG,NT,TT,CC,CT,AG,NN,TT,CC,CT,AA,AA,CC,CT,TT,TC,AA,AA,NC,CC,TT,GG,NT,AA,TT,GG,GA,GA,CC,GG,AA,TC,TA,TT,AA,CC,CC,CC,CC,NN,GC,CC,CT,CC,AG,CC,CT,NN,GG,AA,AA,CC,TC,GG,AA,CC,AA,AA,AT,GG,GG,CC,AN,AG,AN,TT,AA,GG,AG,AG,AA,CC,GA,CG,TT,NC,NN,NN,GG,TT,GG,GA,GN,AA,AG,TT,AG,GG,GC,AC,NC,TN,AC,CC,NN,CC,GG,TT,AA,NN,GG,CT,AA,TT,AC,GG,GG,GA,GG,CC,TT,TT,AA,CC,AA,AG,AG,CT,CC,GG,TA,NN,CT,CT,GA,GG,CC,NN,NN,GG,AA,TT,CC,NN,GC,GT,AA,AA,TT,GA,TT,TT,AA,NN,AA,CC,GG,TC,NN,AG,AA,TT,AG,GG,AA,AC,AA,NN,CC,AA,NN,GA,GG,TC,CC,CC,GG,GG,CC,GG,AA,AG,GA,AA,TT,AA,AA,AG,TT,CN,AA,CC,GG,CC,CT,NN,CT,NC,NC,AA,TC,GA,AA,TT,GA,CC,AA,AA,CC,NN,NN,CT,GA,CT,AA,CG,AG,TT,GG,TA,NC,GG,TC,CA,CC,GG
Finnish in Finland,,,,HG00384,,AN,CT,CC,TC,TT,CG,TT,TG,CC,CN,NN,GG,TC,TC,CG,TT,AA,GG,GA,CC,CC,AA,GG,TT,GG,CC,TG,GG,CC,AA,TT,CC,NC,GA,GG,AA,AG,AA,CC,GA,CC,AA,CC,NN,TT,NN,TC,AA,CN,CC,TC,AA,GA,CC,AG,TC,GG,TT,GG,GG,TC,AG,GT,CC,CC,GG,GA,AN,TT,CC,TT,NN,NA,NC,AA,CC,CC,AA,AA,GG,GG,CA,CC,CA,AG,CC,TG,GG,AA,AA,CC,GN,TN,GG,AA,CC,AA,GG,CC,CA,GG,AA,TT,NN,TT,GG,AC,AA,AG,GA,NN,CT,AA,CT,GT,GG,AG,GG,TT,GG,GA,CC,CN,CC,CC,GA,CC,CC,GA,GT,GG,GG,NN,TC,TC,AG,TT,CC,GG,GG,NN,GC,GA,TT,GG,CC,NN,TT,CC,GG,GG,CC,GG,CC,TC,TT,AA,TT,AG,AA,TT,CC,AA,CC,TN,CG,GA,TT,CC,GG,AG,TT,CC,GT,CC,AT,AA,GT,GG,TT,GG,CC,GG,GG,AA,NN,GA,GG,GG,NT,TT,TC,CC,NT,AG,TC,GG,CC,GG,GG,AG,GG,TT,GT,CC,GG,AA,AA,AA,AG,AG,GG,CA,CT,CT,GG,CC,CC,AA,AA,TN,AA,NN,GT,CC,AG,TT,AA,TT,GC,AA,GG,AG,AA,AA,GG,GG,TC,GA,CC,AG,TT,GT,TT,GA,CT,TT,AN,NT,AT,CC,TT,GT,NT,GG,TT,AA,GG,GT,CC,GT,GG,GG,TT,TT,TT,TT,GN,AG,TT,TT,CC,CC,AG,NN,TT,CT,TT,AA,AG,CC,TC,TT,TT,CA,AA,NC,CC,TT,GG,NN,AA,TT,AA,GG,GA,CT,GG,AA,CT,TT,GT,AA,CC,CC,CC,CC,NA,CC,CC,TT,CC,GG,CC,CC,CN,GG,AA,GA,TC,CC,GG,AA,CC,AA,AA,AT,GG,GG,CC,NA,AG,AN,TT,AT,GT,GG,GG,GA,CC,AA,GC,TT,CN,NN,TT,CC,TC,TG,GA,NN,AA,GG,TT,GG,AA,CC,AA,CC,NN,AA,CC,NN,CC,GG,TT,AA,NN,GG,CC,AA,TA,AA,GG,GG,GG,GG,CC,TA,TT,AG,CN,AA,GG,GG,CC,GG,GG,TT,AN,CC,TC,GA,GG,CC,NN,NN,GG,AA,CT,TC,CN,GC,TT,AA,AA,TT,AA,CT,GT,AA,NN,AA,CC,GG,CT,NN,AA,AA,TC,AG,GG,AA,CA,GA,CC,CC,AA,CN,GA,GG,TC,TT,CC,GG,GG,CC,GT,AA,GG,GG,AA,TT,AA,AA,AG,AT,CN,AA,CC,GG,TC,CT,AA,CC,CN,CN,CA,CT,AA,AA,CT,GA,CT,AN,AA,TC,NG,CN,CC,AA,CC,TA,GC,AA,TT,GG,TA,CC,GG,TC,AC,TC,GG
British in England and Scotland,,,,HG01334,,NN,CC,AA,TC,TC,GG,TT,GG,CT,NC,NN,GG,CC,CC,CG,CC,GG,GG,GG,CC,CC,AA,GT,TT,GG,CC,GG,GG,CC,AC,NN,CC,NC,AA,GT,GG,GA,AA,CC,GA,TC,AC,CC,NN,TC,NN,CT,AA,NN,CC,CT,AG,AG,AC,GG,CC,AG,TT,GG,GG,TT,GG,GG,GC,CC,GG,AG,AA,TT,CC,TT,NN,NN,NC,AA,CC,CT,GA,AG,GG,GG,AA,CT,AC,AA,TC,GG,GG,AA,TT,CC,NN,NT,GG,AG,CT,GG,GG,CC,AA,GG,AA,TT,NN,TT,GG,AA,AG,GA,GG,CN,CC,AA,CC,TT,GG,GG,GG,TT,GG,AA,CT,CN,CC,CC,GG,CC,CC,GG,TT,GG,GG,NN,CC,TC,AA,TC,CC,GG,AG,NN,GC,GG,TT,GG,CC,TN,CT,CC,GT,AA,CC,GG,CC,CC,TT,AA,GG,AA,AA,GT,CT,AA,TC,NN,CC,AG,TT,CC,AG,GA,TT,TC,TG,CC,TT,AA,TT,GG,TT,GG,TC,AG,GG,AG,NN,GA,GG,GG,TT,TC,CC,CC,TT,GG,CT,NN,AA,AG,GG,AG,AG,TT,TT,CC,GG,AA,AA,AA,GG,GG,GG,AA,TT,CT,GA,CC,TC,AA,AC,TT,AA,TN,GG,CC,AA,TC,AA,GT,CC,AG,GG,GG,AA,AT,GG,GG,CC,GG,CC,AG,TT,GT,GG,GA,TC,TT,AN,NT,TA,CC,TT,GG,NN,AG,TT,AG,GG,GG,TC,GG,GG,GG,TN,TC,TT,TT,GG,AG,TT,CT,CA,CC,GA,NN,TT,CC,TT,AA,GG,CG,TT,NT,CC,AC,AA,NN,CC,TT,GG,TN,AA,TT,AA,AG,AG,CT,GG,AA,TC,TT,TT,AA,CC,CC,CC,CC,AN,CG,CC,TT,CC,GG,AC,TC,NN,GG,AA,GA,CC,CC,GG,AA,CC,AC,AA,AA,GG,GG,CC,NN,GG,AA,TT,AA,GT,AG,GG,AA,CC,GA,CC,TC,NN,TN,TN,CG,CT,GG,GG,NN,AA,GA,TT,AG,GA,CG,AA,CC,NN,AA,CC,NN,CC,GG,TG,AA,NN,GG,CT,AA,TT,CC,GG,TG,GG,AG,CC,TA,CC,AA,CC,GG,GG,GG,CC,GC,GG,TT,NN,TC,TC,AA,GG,CT,NN,GG,GG,AA,CT,TC,NN,CG,TT,AA,AG,TT,AA,TC,GG,AA,NG,AA,CC,GG,TC,NN,AA,GA,TT,AG,CG,AA,AA,GA,NN,CC,TA,NN,GA,GG,TT,TT,TC,GG,GG,CC,GT,GA,GG,GG,AG,TT,AA,AC,GA,TT,NC,AG,CC,GG,TC,CC,NN,TT,NN,NN,AC,CC,AA,GA,TC,AG,TT,AA,NA,CC,NN,NC,TC,GA,TT,AT,CC,GG,TT,GG,AA,CN,GG,CC,CC,CC,GG
Iberian population in Spain,,,,HG01500,,AN,CC,AC,TT,CT,GG,TT,GT,CC,CC,NN,GG,TT,CC,GG,TC,GA,CG,AG,CC,CT,AC,GG,CT,GG,CN,TT,AA,CC,AC,TN,CT,CC,AA,GT,GA,AA,GA,CC,GG,TT,AA,CC,AN,TC,NN,TC,AA,NC,CA,CC,AA,GA,CA,GG,TT,GG,TT,GG,GG,TT,GA,GG,CG,CC,GG,AA,AA,TT,CC,TT,NN,NN,CC,AA,CC,CC,AA,AA,GG,GG,AA,CC,AA,GG,CT,TT,GA,AA,AT,CT,GN,NN,GG,AG,CC,AA,GA,TT,AA,GA,AA,TC,NN,TT,GA,AA,GA,GA,GA,NC,CC,AG,CC,TT,TG,GG,GG,TC,GG,AG,CC,NN,TC,CC,AG,CC,GC,AA,TG,TT,GA,NN,TT,TC,AA,TT,CC,AG,GA,NN,GG,AG,TT,GG,CC,TT,CC,TT,TT,AA,CC,GC,TC,CC,TT,AA,GT,GG,AA,GG,CC,GA,CT,TT,CC,GG,TC,TT,GG,AG,CT,TC,TT,CC,AT,AA,TT,AG,TT,GG,CC,GA,GG,AA,NN,GG,GG,GG,NN,TT,TT,TC,TT,GG,TT,GN,AA,GG,GG,GG,GG,TC,TG,CC,GA,AA,AA,AA,AA,GG,GC,CA,CC,CC,GG,CC,CT,AA,CC,NN,GA,NT,TT,TC,AA,TT,AA,TT,GC,AA,GG,AA,AA,AT,GG,GT,TT,AG,CC,AA,TT,TG,TT,GG,CT,CC,NN,NT,AT,CC,TT,GT,TT,GG,TT,AA,GG,TG,CC,GG,GA,GG,TT,TT,GT,TC,GG,AA,TN,TT,CA,TT,AA,NN,TT,TT,TT,CC,GG,CC,CC,TT,TT,CA,AA,NC,CC,TT,GG,NT,GG,TT,AA,GA,AG,CC,GA,AA,TT,TT,TT,AA,CC,CC,CC,CT,AN,GG,CC,TC,CC,AG,CC,CC,NC,GG,AA,GG,CT,CC,TT,AA,CT,CC,GA,AA,GG,GG,TC,NN,AG,NN,TT,AA,GG,GA,GA,AA,CC,AG,GC,TT,NN,NN,NN,GG,TT,TG,GG,NN,AA,GG,CT,AA,GA,CC,AA,CC,NN,AC,CC,NG,CC,GG,TT,AA,NN,GG,TC,AA,TT,AA,GG,GG,GA,GG,CC,AA,CC,AA,CC,AG,GG,GG,CT,GC,GG,TT,NN,CC,TT,GG,GG,CT,NA,GN,GG,AA,CC,TT,NC,CG,GG,GA,AA,TT,AA,TC,GT,AA,NN,AA,CC,GG,TC,NG,AA,GA,TT,GG,GG,TA,AA,GA,CN,CC,AA,NC,AA,GG,TT,TC,CC,AG,GG,CC,GG,AA,GG,AG,AA,TT,AA,AA,GG,TT,CN,AA,CC,GG,CT,TC,NA,CT,NN,CN,AA,CC,GA,AA,CT,GA,CT,AA,NN,CT,GN,NC,CC,AA,CC,AA,CG,GA,TT,TG,TT,CC,GG,TC,CA,CC,GG
Iberian population in Spain,,,,HG01501,,NA,CC,AC,TT,TT,CG,CT,GT,CT,CC,NN,GG,CC,CC,GC,TT,AG,GG,GA,CC,CC,CA,GG,TT,AG,NC,GG,GG,CC,AA,NN,CC,NC,AA,TT,AG,AG,AG,CC,AG,CC,AC,CC,NN,CT,NN,CC,AA,CN,CC,CC,AG,GG,CC,AG,CC,GG,TT,AG,GA,TT,AG,GG,CG,CC,GG,GG,AA,CT,CC,TT,NN,NA,CC,AA,CC,CC,AA,AA,AG,GG,AC,TC,CA,AA,CC,GG,AG,AA,TT,CT,NN,NN,GG,GG,CC,AA,GA,CC,CC,GG,AA,CC,NN,TT,GG,AC,AG,AG,GG,NN,CC,AG,CT,TT,GG,GG,GG,TT,GG,AA,TC,NN,CT,CT,GG,CC,CC,GA,TT,TG,GG,TN,CC,CC,AA,CT,CC,GA,GG,NN,GG,GG,TT,GG,CG,NN,TT,CT,TT,AA,CC,GG,CC,CC,TT,AA,TG,GA,AA,GG,CC,GA,CT,TN,CC,GG,TC,CT,GG,AA,TC,CC,TT,CC,TT,CA,TG,AG,GT,TG,CC,AG,GG,AG,NN,GG,GG,GG,TT,TT,TT,CT,TT,GG,CT,NG,AA,GG,GG,GG,GG,TT,TT,CT,AG,AG,AA,AA,AG,AG,GC,CC,TC,TC,GA,CC,CC,CC,CA,TN,AA,NN,GT,CC,AA,TT,AA,TT,CC,AA,GG,GA,AA,TA,GG,TT,CC,GG,CC,GA,TT,GT,GT,GA,CT,TT,NN,NN,AT,CC,TT,TG,TN,GA,TT,GA,AG,TG,CC,GG,GG,GG,NT,CT,TT,CT,GG,GG,NT,TC,AC,CT,AA,NC,TT,CC,TC,CC,GA,CC,CC,NN,TC,AA,AA,NN,CC,TT,GG,TT,AA,TT,GA,GG,GG,CC,GA,AA,TC,AT,TG,AA,CC,CC,TT,CC,NN,GG,CC,TC,CC,GA,CC,CC,NC,GG,GA,GG,TC,CC,TT,AG,CC,AA,AA,AT,GT,GG,CT,NA,AG,NA,TT,AT,GT,GG,GA,AA,CC,GA,CG,TT,NN,NN,NT,GC,CC,TT,GA,NN,AA,AA,TT,AG,AG,GC,CA,CC,TN,CC,CC,NN,CC,TG,TT,AA,NN,GG,CC,AC,TT,CC,GG,GG,GG,GG,TC,AA,TC,AG,CC,AG,GA,GA,TC,GC,GG,TT,NN,TC,TT,GG,GG,CT,NN,NN,GG,AG,TT,CC,NN,CG,GG,AA,AA,TT,GA,CT,TT,AA,NN,AA,CC,AG,CT,NN,GG,AG,TC,GG,GC,AT,AA,AG,NN,CC,AT,NN,AG,GA,TT,TC,CC,GG,GG,CC,GT,AA,GG,GG,AA,TC,CA,AA,AG,AA,CC,AA,TT,AA,TC,CT,NA,TT,NC,CN,AC,CT,AA,AA,CT,AA,CT,AA,AA,CC,NG,NN,TC,AA,CC,TA,GC,AG,TT,GG,TT,CN,GG,CT,CC,CC,GG
Iberian population in Spain,,,,HG01503,,AN,CC,CA,TT,TT,GG,TT,GG,CC,NC,NN,GG,CT,CC,CC,TT,GA,GG,AA,CC,TC,AA,TG,TT,AG,NN,GT,GA,CC,AA,NT,CC,NN,AA,TG,GG,GA,GG,CC,AA,TC,CC,CT,NN,CC,NC,TC,AA,NC,CC,CC,AA,GA,CC,GA,CT,GG,TT,GA,GA,TC,AG,GG,GC,CC,GG,GG,AN,TC,CC,TT,NT,AN,CC,TT,CC,TC,AA,AA,GA,GG,AC,CC,CA,AA,CT,TG,GG,AA,TT,CC,NN,NT,GG,GG,CC,GA,GG,CC,AC,GG,AA,TT,NN,TT,GG,AA,AA,AG,AG,NC,CT,AG,TC,TT,GG,AG,GG,CT,GC,AA,TT,NN,CC,CC,GG,CC,CC,GG,TT,TT,AG,NN,CT,CC,AA,TT,TC,AA,GG,NN,CG,GG,TC,GG,CG,NN,TT,CT,GT,GA,CC,GG,CC,CC,TT,AA,TG,AA,AA,GG,TC,AA,CC,TN,GC,AA,TC,CT,GG,AG,TC,CT,TT,CC,TT,AA,TT,GG,TT,GG,CC,AG,GG,AA,NN,AG,GG,GG,TT,TC,TT,CT,TN,AA,TT,NN,AA,GA,GG,GA,GG,TT,TT,CC,GG,AA,AA,AA,GG,GG,GC,CC,TC,TT,GG,CC,TC,CA,AA,TN,GG,NN,TG,CC,AG,TT,AA,TT,CC,AA,GG,GG,AG,AT,GG,GG,CC,GG,CC,AG,TT,GG,TT,AG,CT,CT,AN,NT,AA,CC,TT,GG,NT,AG,TT,GA,GG,TT,CC,GT,AG,AG,NT,CT,GT,TT,NG,GA,NT,TT,AC,CC,AA,NN,TT,TC,TT,AA,AG,CC,CC,TT,TT,AA,GA,NC,CC,TT,GG,NN,AA,TC,AA,GA,GA,CC,AG,AA,TC,AA,TT,AA,CC,CC,CT,TT,AN,CC,CC,CT,CC,AG,CC,TC,NC,GC,AA,AA,CC,CC,GT,AA,CC,AA,AA,TT,GG,GG,CC,AN,GG,NN,TT,AA,GT,GG,GG,AA,CC,GA,CC,CC,NC,NT,TN,CG,CT,TG,GA,NN,AA,AA,TT,GG,AG,GC,AA,CC,NN,CC,CA,NN,CC,GG,TT,AA,NN,GG,CT,AA,AT,AA,GG,GG,GG,AA,CT,AA,CC,AA,CC,GA,GG,GG,CC,CG,GG,TT,NN,CT,TC,GG,GG,CT,NN,NG,GA,AA,CC,TC,NN,GC,TT,AA,AG,TT,AA,TT,GG,AA,GN,AA,CC,GG,TC,NG,AA,AA,TT,GG,GG,AA,AA,AA,NC,CC,TA,NN,GA,GG,CC,TT,CC,GG,CG,CC,GG,AA,GA,GA,AA,TT,AA,CA,GG,AT,CN,AA,CC,GG,CC,CC,NA,CC,CC,CN,AC,CC,GA,AA,TC,GA,TC,AA,AA,TC,NN,CN,CT,AA,CC,AA,GC,AG,NT,GG,TT,NC,GG,TT,CC,CC,GG
Iberian population in Spain,,,,HG01504,,AN,TC,CA,TT,CT,GG,TT,TT,CT,NN,NN,GG,TC,CC,CC,TT,GA,GG,AA,CG,CC,AA,TT,TT,GG,CC,GG,GG,CC,CA,NT,CT,NN,AA,GG,AG,AG,AA,CC,GG,TC,AC,CT,NN,CT,NN,CC,AA,CC,CC,CC,AA,GA,AC,AG,CT,AA,TT,GA,GA,TC,GG,TG,CC,CC,GG,GG,AN,CT,CG,AT,NN,NN,CC,TT,CC,TT,AA,AA,AG,GA,AC,CC,AA,AG,TC,GG,GG,AA,TT,CT,NN,NN,AG,AG,CT,AA,GG,CC,CA,GG,AG,TC,NN,TT,GG,AC,GA,AA,GA,NC,CC,GA,TC,TT,GG,GG,GG,CT,GG,AA,CC,CN,CC,CC,GA,CC,CC,GG,GT,GG,AG,NN,TC,CC,AA,TT,TC,GG,GG,NN,GG,GG,TT,GG,CC,NN,TT,CC,GG,GG,CT,GC,CC,TT,TG,TA,GT,GA,AA,GG,CC,AA,CC,TT,CC,AG,TT,TC,GG,AG,TT,TC,TT,CT,TT,AC,TT,GA,TT,TG,CC,GG,GG,GA,CC,AA,GG,GG,NT,TT,CT,CT,TN,AA,TT,NG,AA,GG,GG,GA,GG,TC,GT,CC,GG,AA,AA,AG,GA,GG,CG,AA,CC,CC,GG,CC,CC,AA,AA,NT,AG,TT,GT,CC,GA,CT,AA,TT,GC,AA,GT,GG,AA,TT,GG,TT,CC,AG,CC,AG,GT,GT,GG,AG,CT,CC,NN,TT,TA,CC,TT,GG,NT,AG,TT,AA,GG,GG,CT,GG,GG,GG,TT,TT,TT,TT,NN,GA,NN,TT,CC,CC,GG,NN,CT,CT,TT,CC,GA,CG,CC,TT,TT,AA,AA,CN,CC,TT,GG,NN,GA,TT,AG,GA,AA,TC,GG,AA,CC,TA,TT,AA,CC,CC,CC,TC,AN,CG,CC,TT,TC,GG,CC,CC,NN,GG,GA,GA,CC,CC,TG,GA,CC,CA,AA,AT,GG,GG,CC,NA,AG,AA,TT,AA,GG,GG,AG,GA,CC,AA,GC,TC,CC,NN,TT,CC,CC,GG,AG,NG,AA,GA,TT,AA,AA,CC,CA,CC,NN,AA,CC,NN,CC,GG,GT,AA,NN,GG,CC,AA,TT,CC,GG,GT,AG,AG,CC,TT,CT,AA,CC,GA,GG,GG,CC,CG,GG,TT,NN,CC,TT,AG,GC,CC,NN,GN,GG,AG,TT,CC,NN,GC,TT,AA,GA,CT,AA,TT,GG,AA,GN,AC,CC,GG,CT,NN,GA,GG,TT,GG,GG,AA,CC,AA,CC,CT,AT,NN,GA,GG,TC,TT,CC,GA,GG,TC,GG,GG,GG,GA,GA,TT,AA,AA,AG,TA,CN,AA,CC,GG,CC,CT,NN,CC,CN,NN,AC,TC,AA,AA,CC,GG,CC,AN,NA,TC,NG,NN,CC,AA,CT,AA,CC,AG,TT,GT,TT,CN,GG,CC,CC,CT,GG
Iberian population in Spain,,,,HG01506,,AN,CC,AC,TT,TT,GG,CT,TT,TC,NN,NN,GG,TC,TC,GC,TT,GA,GC,AA,GC,CC,AA,GT,TT,GG,NN,TT,AG,TT,AA,NN,CC,CN,AA,TG,AG,GG,GG,CA,GG,CC,AA,CC,NN,CT,NC,CC,AA,CC,CC,CC,AA,GA,CC,GA,CC,AG,TT,GA,GG,CT,GG,GT,CG,CC,GG,AG,AN,TT,CC,TT,NN,NN,CC,AA,CC,CC,AA,AA,GG,GG,CC,CC,AA,AG,CC,GG,GA,AA,TT,CC,NN,NT,GG,GA,CC,AG,GG,CC,AA,GG,GG,TC,NN,TT,GG,AA,AA,AA,AA,NN,TC,AG,TT,TT,GG,GG,GG,TT,GG,AA,CC,NC,CT,CC,GG,CC,CC,AA,TT,GG,GG,NN,CC,CT,AA,TT,CT,GG,AG,NN,CG,AA,TT,GG,CC,NN,TT,CC,GG,AG,CC,GC,CC,CT,TG,AA,GT,AG,AA,GG,CT,GA,CC,NN,CC,AG,TC,CC,GG,AA,CT,CC,TG,CC,TT,CA,TT,GG,TT,GG,CC,GG,GG,AA,NC,GA,GG,GG,TT,TT,CC,TC,TN,AA,TT,NN,AA,GG,GG,AG,GG,TT,GT,CC,GA,AA,AA,AA,AA,AG,GG,AC,CC,CT,GA,CC,TT,AA,AA,TN,AA,TN,GG,CC,AA,CT,AA,TT,CC,AA,GG,AG,AG,TT,GG,GG,CT,GG,CC,AA,TT,GG,GG,AG,TT,CT,AN,NT,TT,CC,TT,GG,NT,GG,TT,AA,GG,TG,TC,GT,GA,GG,TN,TC,TT,TT,GG,AA,TT,TC,CA,CC,AA,NN,TT,CC,CT,AA,GG,GC,TC,TT,CT,AA,AA,NN,CC,TT,GG,NN,AA,TT,AG,AA,AA,CC,GG,AA,CT,AT,TT,AA,CC,CC,CC,CT,NA,CG,CC,CC,CC,GA,CC,CC,NC,CG,AA,AG,CC,CC,GG,AA,CC,AA,AA,TT,TG,GA,TC,NN,AA,NN,TC,AA,GG,GG,AA,AA,CC,AA,CC,TT,NN,NN,TN,CG,CT,GG,AG,NN,AA,GA,TT,GG,AG,CC,AC,CC,NN,AA,CC,NN,CT,GG,TT,AA,NN,GG,CT,AA,TT,CA,GG,GG,GG,GA,CC,AA,CC,AA,CC,AA,GG,GG,CT,CC,GG,TT,NA,CC,TT,GA,GG,TC,NN,GG,GG,AA,CT,TC,NN,CG,GT,AA,AA,TT,AA,TC,GG,AA,GN,AA,CC,GG,CC,NN,AA,AA,TT,GG,GG,AA,AA,AG,CC,CC,TT,NN,GG,GG,TT,TT,CC,AA,GG,CC,GT,AG,GG,GA,AA,CT,AA,CC,GG,TT,NC,AA,CC,GG,CC,CC,NN,TT,CN,CN,CA,TC,AA,AA,TT,AA,TC,AN,AA,CC,NN,NN,CC,AA,CT,AA,GC,AG,TT,GG,TT,CC,GG,TC,CC,CC,GG
Iberian population in Spain,,,,HG01507,,NN,CC,CC,TT,TT,GG,TT,TG,TC,CN,NN,GG,CC,CC,GG,TT,AG,GG,GA,CC,CC,AA,GG,CT,GG,NC,TT,GG,TC,AC,NN,CC,NC,AA,TT,AG,GG,AA,AC,GG,TC,AA,CT,NN,TT,NN,CC,AA,CN,CC,CT,GA,AA,CC,GG,CC,AG,TT,GG,GG,CT,AG,GG,GC,CC,GG,AG,AA,TT,CG,TT,NN,NN,CC,AA,CC,TT,AG,GA,GG,GG,CC,CC,AA,AA,TC,GG,AG,TA,TT,CC,NN,NN,AG,AG,CC,GG,GG,CC,AA,GG,AA,TT,NN,TT,GG,AA,AA,GG,GG,CN,CC,GA,TC,TT,GG,GG,GG,TT,GG,AG,CT,NN,CT,CC,GG,CC,CC,GA,TT,GG,AG,NN,CC,CT,AA,TT,CC,GG,GA,NN,CG,AG,TT,GG,CC,NN,TT,CC,GG,GA,CC,GG,CC,CT,TT,AA,GG,AA,TA,GG,CC,AG,CC,TN,CC,GG,CC,CT,AG,GG,TT,CC,TT,TC,TT,AA,GT,AG,TT,GG,CC,AG,GG,AA,NN,GG,GG,GG,NT,TT,CC,TC,TN,GA,TT,GN,AC,AG,AG,AA,GG,TT,TT,CC,GA,AG,AA,AA,AG,GG,GG,CA,CT,CT,AA,CC,TC,AA,AC,TN,AA,TN,TG,CC,AA,TC,GA,TT,CC,AA,GG,GG,GA,TT,GG,GG,CC,GG,CC,AA,GT,TG,GT,AG,TC,TT,NN,NT,TA,CC,TT,GG,TT,AG,CT,AG,GG,TG,CC,GT,GG,GG,TT,TT,TT,CT,GG,GG,TT,TT,CC,CC,AG,NN,TT,CC,TT,AC,GG,CC,TC,TT,TT,AA,AA,NN,CC,TC,GG,NT,AA,CT,AG,AG,AG,CC,GG,AC,CT,AT,GT,AN,CC,CC,TC,TT,NN,CG,CC,TT,TC,GG,CA,TC,NN,GC,AA,AA,CC,CC,TT,AA,CC,AC,AA,AA,GG,GG,CC,NN,AG,NA,TT,AA,TG,GG,GA,AA,CT,AA,CG,CC,NC,NN,NN,GG,TT,GT,GG,NN,AG,AA,TC,GG,AA,CC,CC,CC,TN,AA,CC,GN,CC,GG,TT,AA,NN,GG,CC,CA,TT,AA,GG,GG,AG,GA,TC,AA,TT,AA,CC,GA,GG,GG,TC,GC,GG,TT,NN,CC,TC,GG,GG,CC,NN,GN,GG,AA,CC,TT,NN,GG,GT,AA,AA,TT,AG,CT,GG,AA,GN,AA,CC,GG,TC,NN,AA,AA,TT,AG,CG,TA,CA,GA,NN,CC,TT,NN,AG,GG,CC,TT,CC,GG,GG,CT,GG,AA,GG,GA,AA,CC,AA,AC,GA,AT,CC,AA,CT,GG,CC,CC,NN,CT,CN,CC,AA,CC,AA,AA,TC,AA,CT,AA,NN,CT,NN,CN,CC,AA,TT,TA,CC,AA,NN,GG,TT,CC,GG,CT,CC,CC,GC
Iberian population in Spain,,,,HG01509,,AN,CC,AA,TT,TT,GG,TT,TT,CC,NN,NN,GA,CT,CC,GG,CT,AA,GG,AA,GC,CC,AA,GG,TT,GG,CN,TT,GG,CC,CA,NT,CC,NC,AG,TT,GA,GA,AG,AC,GG,CC,CC,CC,NN,CC,NN,CT,AA,NC,CC,TC,AA,GA,CC,GA,TC,GG,TT,AA,GG,TT,GA,GT,GC,CT,GG,GG,AA,TT,CC,TT,NT,NN,NC,AT,CC,TC,AG,AA,GG,GG,AC,CC,CA,AA,CC,GG,GG,AA,TT,CC,NN,NN,AG,AG,CC,AA,GG,CC,AA,AG,AG,TC,NN,TT,GG,CA,AA,GA,GG,NN,TC,GG,TT,GT,GG,AG,AG,TC,GG,AA,TC,NC,CT,CC,GG,CC,CC,GG,TT,GT,AG,NT,CC,CC,AG,CT,CC,GG,GG,NN,GG,GG,TT,NG,CG,NN,TT,TT,GG,AG,CC,GG,CC,TT,GT,AA,GG,GG,AA,GG,CC,AG,CC,NT,CG,GG,CC,TT,AG,AA,TT,TC,TT,CC,TT,AC,TT,GG,TT,GG,CC,AG,GG,AA,CC,AA,GG,GG,TN,TT,TT,CT,TT,GG,TT,NG,AA,GG,GG,GG,GG,TT,TG,CC,GA,AA,AA,AA,AG,GG,GC,CA,CC,CC,GG,CC,TT,CA,AC,TT,AA,NN,TG,CC,AG,TT,GA,TG,CC,AA,TG,AG,AA,AT,GG,GG,CT,GG,CC,GG,TT,TG,TT,AA,CC,TT,NN,TN,TA,CC,TT,TG,TT,GG,TT,AA,AG,GT,CC,GG,GG,GG,TT,TT,GT,TT,NG,AG,TT,TT,CA,CC,GA,NN,CT,CC,TT,AA,GG,CG,CT,TN,TC,AC,GA,NN,CC,TT,GG,NN,GG,CT,AA,GG,GA,CC,GG,AA,CC,TT,TT,AA,CC,CC,CC,TC,NN,GC,CC,TT,CC,AG,CA,TT,NN,GG,AA,AG,CC,CC,TG,AA,TC,CA,AA,AA,GG,GG,CC,NA,GA,NA,TT,AA,GT,AG,AG,AA,CC,GA,GG,TT,NC,NN,TN,CG,CT,GG,AG,NG,AA,GA,TT,GA,AA,CC,AC,CC,TN,CA,CC,GN,CT,GG,TT,AA,NN,GA,CC,AA,TT,AA,GG,GG,AG,GG,CC,AT,TC,AA,CC,GA,AA,GA,TC,GC,GG,TT,NN,TC,TT,GA,GG,CT,NA,NG,GG,AA,CT,TC,CN,CC,TT,AA,AG,TT,AA,TC,GG,AT,GN,CA,CC,GG,CC,NN,AA,AA,TT,GA,GG,AA,AA,GA,NC,CC,TA,NC,GA,GG,CT,TT,CC,GG,GG,CT,GG,GA,GG,GG,AA,CC,AA,AA,GA,TA,CC,AG,CC,GG,CT,TC,NN,CC,NC,NC,AC,CC,AA,AA,TT,AA,TC,AA,NA,CC,NN,NN,CC,AA,CC,TA,CC,AA,TT,TG,TT,CC,GG,CC,CC,CT,GG
Iberian population in Spain,,,,HG01510,,AN,TC,AC,TT,CC,GG,TC,GG,CC,NN,NN,GG,CT,TC,GG,TT,AG,CG,GA,CC,CT,AA,GG,TT,GG,CC,TT,GG,CC,AC,NN,CC,NC,AA,GT,GG,GG,AG,CC,GG,CC,CC,CC,NN,CT,NC,TC,AA,CC,CC,CC,AA,AA,CC,GA,CC,GG,TG,GA,AG,TT,GG,GG,GG,CC,GG,AG,NA,TT,CC,TT,NN,NA,NC,AT,CT,CT,AA,GA,GG,GG,CC,CC,AA,GA,TC,TG,GG,AA,TT,CC,NN,NN,GG,AA,CT,GA,GG,CC,AA,GG,AG,TT,NN,TT,GG,AA,AG,GA,GG,CN,CC,GG,TT,TG,TG,AG,GG,TT,GG,AA,CT,NN,CC,CC,GG,CC,CC,GA,TG,TT,AG,NN,CC,CC,AA,TT,CC,AG,AG,NN,GG,GG,TT,GG,CC,NN,TT,TC,TT,AA,CC,CG,CC,CC,TT,AA,GG,AA,AA,GG,CC,AA,CT,TN,CC,GG,CC,TC,GA,GG,TT,TC,GT,CC,TA,CA,TT,GG,TT,GG,CC,GG,GG,AA,NN,GG,GG,GG,NT,TT,TC,TT,TT,AG,TT,NN,AA,GA,GG,AG,GA,TT,TT,TC,GG,AA,AA,AA,GA,GA,CC,AA,CC,TT,AA,CC,TC,AA,AA,NT,AG,NN,GT,CC,GG,TT,AA,TT,CC,AA,GG,GG,AG,AT,GG,GT,CC,GG,CC,GG,TT,GT,TG,GA,TT,CC,NN,TN,TA,CC,GT,TT,TT,GG,TT,AG,GA,GT,CC,TG,GG,GG,TT,TT,TT,TT,GG,GG,NT,TC,CC,CC,GG,NN,TT,CC,TC,AC,AG,GG,CT,TT,CC,CA,AA,NN,CC,TT,GG,TN,GA,TC,AG,AA,AA,TC,GA,AA,CC,AT,TT,AA,TC,CC,CC,TC,NN,CG,CC,TC,CC,GA,CC,CC,NC,GG,AA,AA,CC,CC,TT,AA,CC,AA,AA,TA,GT,GG,CC,NA,AG,NN,TT,AA,GG,GG,GA,GA,CC,AA,CC,CT,NN,TN,TT,GC,TC,GG,GG,NG,AA,GA,CT,AG,GA,CC,AA,CC,NN,AC,CC,NN,CC,GG,TT,AA,NN,GG,TC,AA,TT,AC,GG,GG,GG,AG,CC,TT,CC,AA,CC,AG,GA,GG,CC,GC,GG,TT,NN,TT,CC,AG,CG,TT,AN,GN,GG,AA,TC,CT,NN,GC,GG,AA,AA,TT,GA,TT,GG,AA,NN,AA,CC,AG,TC,NN,AA,AG,TT,GG,GG,AT,AA,GA,NN,CC,AA,NN,AG,GG,TT,CT,CC,GG,GG,CT,GG,AA,GG,GA,GA,TT,AA,CA,AG,TT,NN,AA,CC,GA,CC,TC,NN,CT,CC,CN,AA,CC,AA,AA,TT,AG,TT,AN,AA,CC,NG,NC,CT,AA,CT,TA,CC,GA,NN,GG,AT,CC,GG,TC,CA,CC,GG
Iberian population in Spain,,,,HG01512,,NA,CC,AC,TT,CT,CG,TT,TT,TC,CC,NN,GG,CC,CC,CG,TT,AG,GG,AG,CC,CC,AA,GG,TT,GA,CN,TT,GG,CC,CA,NT,CC,CN,AA,GT,GA,GA,AA,AC,AG,TC,CC,CC,NN,CC,NN,CC,AA,CC,CC,CC,AA,AA,CC,AG,CC,GA,TT,GG,GG,CT,GA,GT,CC,CC,GG,GG,AA,TT,CC,TT,TN,NN,NC,AA,TC,TC,AA,AA,GA,GG,CC,TC,CA,AG,CC,GG,GG,AA,TT,CC,NG,NN,GG,AG,CC,GG,GG,CC,CC,GG,AA,CT,NN,TC,GG,CC,AA,GG,AG,NN,CC,GG,CT,TT,GG,GG,GG,TC,GC,GA,CC,NC,TC,CC,GG,CC,CC,GG,TT,GT,GG,TN,TC,TC,AA,TC,CC,GG,GA,NN,CC,AA,TT,GG,CC,NN,TT,TC,GT,AA,CC,GC,TC,TC,TT,AA,TG,GA,AA,GG,CT,AA,TC,TT,CC,GG,CC,TT,GG,GA,TC,TC,TT,CC,TT,AC,GT,GG,TT,GT,CC,AG,GG,AA,NC,GG,GG,GG,NN,TC,CT,TC,TT,AA,CC,GG,AA,GG,GG,GG,GG,TC,TT,CC,GA,AA,AA,AA,AA,GG,CG,AC,TC,CT,GA,CC,TC,AA,AA,TN,GA,TN,GG,TC,AA,TC,AA,TT,CC,AA,GG,GG,GA,TA,GC,GG,CC,GG,CC,AA,TT,GG,TG,AG,CT,CT,AN,NN,TA,CC,TT,GT,TN,GG,TC,AA,GG,GG,CC,TG,GA,GG,NT,CT,GG,TT,GG,GG,TN,TT,AC,CC,GG,NN,TT,CT,CT,AA,GG,CG,CT,TT,CC,AA,AA,CN,CC,TT,GG,TN,AA,TT,AA,GG,GG,CC,GG,CA,CT,AA,TG,AA,CC,CC,CC,CT,NN,CC,CC,TT,TC,GG,CC,CC,NC,GC,AA,AG,CC,CC,TT,AA,CT,AA,AA,AA,GG,GG,CC,AN,GG,NN,TT,AT,GT,GG,GG,AG,CC,AG,CC,TT,NN,NN,NT,GC,TT,GT,GG,GN,AA,AG,TT,GA,AG,CC,AA,CC,TN,AC,CC,NN,CT,GG,TT,AA,CN,GG,CC,AA,TT,CA,GG,GG,GG,GG,CC,TA,CT,AA,CC,GG,GG,GG,CC,GG,GG,TT,NN,CC,TC,GA,GC,CC,NN,NN,AG,GA,TT,CC,NN,CC,TT,GA,AA,TT,AA,TT,TG,AT,NN,AA,CC,GG,CC,NN,AA,AA,TT,GG,CG,AA,AA,GA,NC,CC,TT,NC,AG,GG,CC,TT,TT,GG,GG,CC,GG,AA,AG,GG,AA,CC,AA,CC,GG,AT,CC,AG,CC,GG,CC,CC,NN,CC,NC,NN,AA,TC,GA,AA,CT,AG,TC,AA,AA,CT,NN,CN,CC,AG,CC,TA,GC,GA,TN,GG,TA,NN,GN,CT,CA,CC,GG
Iberian population in Spain,,,,HG01513,,NN,TC,CA,TT,TC,CG,TT,GT,CC,NN,NN,GG,CC,CC,GG,TT,GA,GG,AA,GC,CC,AA,GG,TT,GA,CN,TT,GG,CC,AA,TN,CC,CN,AA,TG,GG,AG,GA,CA,GG,CT,CA,CC,NN,TC,NN,CC,AA,CN,CC,TC,AA,AG,CC,AG,CC,AG,TT,GG,GA,TT,AA,GG,GC,CC,GG,GA,AN,TT,CC,TA,NN,NA,NC,TA,CC,CT,AA,GG,GG,GG,CC,CC,AA,AA,CT,GG,GG,AA,TT,CC,NN,NN,GG,AG,CC,GA,GG,CC,AA,GG,AA,TC,NN,TC,GG,AA,GA,AA,GG,CC,CC,GA,CC,TT,GG,GG,GG,CT,GG,AA,CC,NN,CC,CC,GG,CC,CC,GG,TT,GT,GG,NN,TC,TC,AA,TC,TC,GA,GG,NN,CG,AG,TT,NG,CC,NN,TT,CT,GG,GA,CC,GC,CC,TC,TG,AA,TG,AG,AA,GG,CT,AA,CC,TT,CG,AA,CT,CC,GG,AG,TC,TC,GT,CC,TA,AA,GT,GG,TT,GG,CC,GA,GG,GG,NN,GA,GG,GG,NN,TT,CC,CC,TT,AG,TT,NN,AA,GG,GG,AG,AG,TT,TT,CC,GA,AA,AA,AA,GG,GG,GC,AC,TT,TC,GA,TC,TC,AA,AA,NN,GG,TN,TT,CC,AA,TT,AA,TT,CC,AA,GT,GG,GA,AA,GG,GG,CC,GG,CC,AA,GT,TG,GT,GA,CT,TT,NN,NT,AT,CC,TT,TT,NT,AG,CT,AA,GG,TG,CC,TG,AG,GG,NN,CC,TG,TT,GG,GG,NT,TT,CC,CC,GG,NN,TT,CC,TT,CA,GG,GC,TT,TT,CT,CA,GA,CN,CC,TT,GG,NN,AA,TT,GA,AG,AG,CC,GA,AC,TC,TT,TT,NA,CC,CC,CC,TC,NN,CG,CC,TC,CC,GA,CC,CC,NN,GC,AG,AG,CC,CC,GT,AA,TC,AA,AA,AT,GG,GG,TC,NN,GA,AN,TT,TT,GT,GG,AA,AA,CT,AG,CG,TC,NC,NN,TN,CG,CT,TG,GG,NN,AG,GA,TT,AG,AA,CC,AA,CC,NN,CA,CC,NN,CC,GG,TT,AA,NN,GG,CT,AA,TT,CC,GA,GG,GG,GG,CT,AT,CC,AA,CC,AA,GG,GG,TC,GC,GG,TT,NN,CC,TT,GG,GG,CT,NN,NG,GG,AA,TT,CC,NN,CC,TT,AA,AA,TT,AA,TT,TG,AA,NN,AA,CC,GG,TT,NN,AG,AG,TT,AA,GG,AA,AC,AA,NN,CC,AT,NN,GA,GG,CC,TT,CT,GG,GG,CC,TG,AA,GG,GG,AA,TT,AA,CA,GG,AT,CC,GG,TT,GG,CC,CC,NN,TC,NC,CN,AA,CC,AA,AA,TT,AG,TT,AA,AA,CT,NN,NC,CC,AA,TC,TA,CC,GG,TT,GG,AT,CN,GG,CC,CC,CC,GG
Iberian population in Spain,,,,HG01515,,AN,CC,CA,TT,TT,GG,CT,TT,CC,NC,NN,AA,CC,CC,GG,TT,AG,GG,AG,CC,CC,AA,GG,TC,AG,NN,TT,GG,CC,AA,NT,CT,NC,AA,TG,GA,AG,AG,CA,GG,TT,CA,CC,NN,CT,NN,TC,GA,CN,CC,CC,AA,AG,CC,GA,CC,AG,TG,AA,GG,TC,GG,GG,GG,TC,GG,GG,AA,TC,CC,TT,NN,NN,CC,AT,CC,TC,AA,AA,GG,GG,AA,CC,AA,GA,CT,GT,AG,AA,AT,CT,NN,NN,GA,AA,CC,GG,GG,TC,AA,AG,AA,TT,NC,TT,GG,AA,GA,GA,GA,CC,CC,GA,TT,TT,GG,GG,GG,CT,GG,AA,CC,NN,CC,CC,GG,CC,CC,AA,TT,GG,AG,NN,CC,CT,AA,TT,CC,GG,AG,NN,GG,AG,TT,GG,CC,NN,TT,TC,TG,AG,CC,GG,CT,TT,TG,AA,TT,AA,AA,GG,CC,AA,CC,TT,GC,GG,TC,CT,AA,AA,TT,CT,TT,CC,AT,CA,TT,GG,TT,GG,CC,GG,GG,AA,NN,GA,AG,GG,NN,TT,TT,CC,TT,GG,TT,GG,AA,AG,AG,AG,GG,TT,TT,CC,AG,AA,AA,AA,AG,AG,CC,CC,CT,CC,AG,TC,TC,AA,AA,NN,AA,NN,TT,CC,AA,TT,AA,TT,CC,AA,GG,GG,AG,AA,GG,TG,TC,GG,CC,AA,TG,GG,TT,AG,CT,CT,NN,NT,AT,CC,TT,TG,TT,GA,TT,AA,GA,GG,CC,GG,GA,GA,TT,TT,TT,TT,GG,GA,TN,TT,CC,CC,GG,NN,TT,CC,TT,AA,GG,CG,CC,TT,TC,CC,AA,NC,CC,TT,GG,NN,AA,CC,AG,GA,GG,TC,AG,AA,TC,AT,TT,AA,CC,CC,CT,CT,NN,GC,CC,CC,CC,AA,CC,CC,NN,GC,AG,GA,CC,CT,GG,AA,CC,AC,AA,AA,GG,GG,CC,NN,AA,NN,TC,AA,GG,GG,AG,GG,CC,AA,CC,TT,NN,NN,NT,CC,TC,GT,GG,GN,AG,AA,TT,GG,AG,CC,AC,CC,TT,AC,CC,NN,CC,TG,TT,AN,NC,GA,CC,AA,TT,CA,GG,TG,GG,GG,TC,TA,TT,AA,CC,AA,GA,GG,CC,CC,GA,TT,NN,CC,TT,GG,GG,CT,NN,NG,GG,AA,TT,CC,NN,GC,TT,AA,AA,TT,AA,TT,GT,AA,NN,AC,CC,GG,TC,NN,AA,AA,TT,GG,GG,AA,AC,GA,NN,CC,AA,NN,AG,GG,CC,TC,TT,GG,GG,CC,GG,AA,GG,AG,AA,TT,AA,CA,AG,TT,CN,AA,CC,AG,CC,TC,NA,TT,NN,CN,AA,CC,AA,AA,CT,AA,CT,AA,AA,CC,NN,NN,CC,AA,TC,AA,CC,GA,NN,TG,TT,NC,GN,TC,CC,CC,GG
Iberian population in Spain,,,,HG01516,,NA,CC,CA,CT,CT,GG,TT,TT,CC,CC,NN,GG,CC,CC,CC,TT,GA,GG,GG,CC,CC,AA,GG,TT,GG,NN,GT,GG,CC,AA,TT,CC,CC,AA,TG,GG,AA,GA,AC,AA,CC,CC,TC,NN,CC,NN,CT,AA,NN,CC,CC,AA,AA,AC,AA,CC,GG,TT,AG,GG,CT,GA,TT,GC,CC,GC,GG,AA,TT,CC,TT,NN,NN,NC,TA,CT,CT,GA,GA,GA,GG,AA,CC,AA,AA,CT,GG,GG,AA,TT,CC,NN,NN,GA,AA,CC,GA,GG,CC,CA,GG,AG,TT,NN,TT,GG,AA,AA,GG,GA,NN,CT,AG,TC,TT,GG,GG,GG,CT,GG,AA,TC,NN,TC,CC,GG,TC,CC,GA,TT,GG,GG,NN,TC,CC,AA,TT,CC,GA,GG,NN,GG,AG,TT,GG,CG,NN,TT,TC,GG,AA,CC,CC,CC,TC,TG,AA,TG,AA,AA,GG,CC,GA,CC,TN,CC,AG,TC,CC,GA,AA,TT,CT,TT,CC,TT,AA,TT,AG,TT,GG,CC,GG,GG,AA,NC,AA,GG,GG,TN,TT,TT,CC,TT,GA,CT,NG,AA,GA,GG,GA,GA,CC,TT,CC,GG,AA,AG,AA,AA,GG,GG,CA,TC,TC,GG,CC,TC,AA,AA,NN,GA,NN,TG,CC,AG,CT,AG,TT,CC,GA,GT,GA,GA,AT,GC,TG,CT,GG,CC,GA,GT,GT,GT,AG,TT,CT,NN,NT,TA,CC,TT,TG,NN,AG,TT,AG,GG,TT,CC,TT,AA,GG,TN,TC,TT,TT,GG,GG,TN,TT,CC,TC,GA,NN,TT,CC,TC,AA,AG,GG,TT,TT,CT,AC,AA,NC,CC,TT,GG,NT,AA,TT,AG,GA,GA,CC,GG,AA,CC,TT,TT,NA,CT,CC,CT,CT,NN,CG,CC,CC,CC,GA,CC,CC,NN,GG,AA,GG,CC,CC,TG,GA,CC,AA,AA,TA,GG,AA,CC,AA,AG,NA,CT,AA,GG,GG,AG,AA,CC,GA,GC,TC,NN,NN,TN,CG,CT,GG,GG,NG,AA,GA,TT,GG,GA,CC,CC,CC,NN,AC,CC,GG,CC,GG,TT,AA,NN,GG,TT,AA,TT,AC,GG,GG,GA,AA,CC,AA,TT,AA,CC,GA,GG,GG,CC,CG,GG,AT,NN,CC,TT,AA,GG,CC,NN,GN,GG,AA,CC,TT,CN,GG,TG,AA,AA,TT,AA,TT,TG,AA,NN,CA,CC,GG,TC,NN,AA,AG,TT,GA,GG,AA,AC,GG,NN,CC,AT,NN,GG,GG,CC,TT,CT,GG,GG,CC,GG,AA,GG,GA,AG,TT,CA,AA,GG,AT,CN,GG,CT,GG,CC,CC,NN,CC,NC,CN,AA,CC,AG,AA,CT,AA,CC,AA,NA,CC,GN,CN,CT,AA,CC,AT,GC,AG,TN,GG,TA,NC,GG,TC,AC,CC,GG
Iberian population in Spain,,,,HG01518,,AN,CC,AA,TC,CT,GG,TT,GT,CC,CN,NN,GA,CC,CC,CG,TT,AA,GG,AA,CC,CC,AA,TG,CC,GG,CC,TG,GG,CC,CA,TN,CC,NC,AA,TT,GG,GA,AG,CC,GA,CT,AC,CC,NN,TC,CN,CC,AA,CN,CC,CC,AA,GA,AC,GG,CC,GG,TT,GA,GG,TC,GG,GG,CC,CT,GG,GG,AA,TC,CC,TT,NN,NN,CC,AA,CC,CC,AA,AA,GG,GA,AA,CC,AA,AG,CC,GT,GG,AA,TT,CC,GN,NN,GG,AG,CC,GG,GG,CC,AA,GG,AA,TC,NN,TT,GG,AA,AA,AA,GG,CN,CC,AA,TT,TT,GG,GG,GG,TT,GG,AA,CC,NN,CC,CC,GG,CT,GC,AA,TT,GG,GG,NN,TC,CC,AA,CT,TC,GA,AA,NN,CG,GG,TC,NG,CC,NN,CT,CT,GT,AA,CC,CG,CC,CT,GG,AA,GT,AA,AA,TG,CC,AA,CT,NT,CC,AG,TC,CT,GG,AA,TT,TC,TT,CC,TT,CA,TT,AG,GT,GG,CC,GG,GG,GA,NN,AA,GG,GG,NN,TT,TC,TC,TT,GA,TT,GN,AA,GG,GG,AG,GG,TT,TT,CC,GG,AA,AA,AA,AG,GG,GG,AC,CC,TC,GA,TC,TT,AA,AA,NN,GA,NN,TT,TC,AA,TT,AA,TG,CC,AA,GT,AG,GA,AT,GG,GG,TT,GG,CC,AG,TG,TG,GT,GG,CT,TT,NN,NT,AT,TT,GT,TG,TT,GG,TT,AA,GG,TG,CC,GG,GA,AG,TT,TC,TG,TC,GG,GG,NN,TT,CC,CC,GA,NN,TT,CC,CT,AC,GG,CC,CT,TT,CC,AA,AG,CN,CC,TT,GG,NN,AG,TT,AA,AG,AG,CT,GG,AA,CC,AT,TT,AA,TC,CC,CC,TT,NA,CG,CC,TT,CC,GA,CC,CC,NN,GG,AA,AA,CC,CC,GG,AA,CC,AC,AA,AT,GG,GG,CC,NN,AG,NN,TT,AT,TG,GA,GA,AA,CC,AA,CC,CC,CC,TN,TN,CC,CC,GG,GG,NN,AA,AG,TT,GA,AA,CC,CC,CC,NN,AC,CC,NG,CC,GG,TT,AA,NN,AG,CC,AA,TT,CC,GG,GG,AG,GA,CC,AA,TC,AA,CC,AA,AG,AG,CT,GG,GG,TT,NN,CC,TT,AG,CG,CC,NN,GN,GG,GA,CT,TT,NC,CC,TG,AA,GA,TT,AA,CT,GG,AA,NG,AA,CC,GA,CT,NN,AA,AG,TT,AA,GC,AA,AA,AA,NC,CC,AA,NN,GA,AA,CT,TT,CT,GA,GG,CC,GG,GA,AG,AG,GA,CT,AC,AC,AA,TA,NC,AG,TC,GG,CC,TC,AN,CT,CN,NC,AC,CC,AA,GA,CC,AA,TC,NA,AN,CC,NN,NN,TC,AA,CC,AT,CC,GG,NT,GG,TT,CC,GG,CT,CA,CC,GG
Iberian population in Spain,,,,HG01519,,NA,CC,AA,TT,TC,GG,TT,TG,CC,CC,NN,GG,TT,CT,GC,TC,GG,GG,GA,CG,CC,AA,GG,TT,AG,NC,GT,GG,CC,AC,TT,CC,CN,GA,TT,GA,GA,AA,CC,GG,TC,CA,CT,NN,CT,NN,TC,AA,CC,CC,TC,AA,AA,AC,AG,CC,GG,TT,AA,GA,CC,GG,GG,CG,CC,GG,GA,AA,TT,CC,TT,NN,NN,NC,AA,CT,TT,AA,AA,AG,GG,CA,TC,AA,AA,CT,TG,GG,AT,TT,CT,GN,NT,GG,GG,CC,GA,GG,CC,AC,GG,AA,TT,CN,TT,GG,AA,AG,GA,GG,CC,CC,AG,TT,TT,TG,AG,GG,TT,GC,AA,CC,NN,TC,CC,GG,TT,CC,GA,TT,GT,GG,NN,CC,CT,AA,CT,TC,GA,GG,NN,GG,GG,TT,GG,CC,NN,TC,TT,TG,AA,TC,CC,CC,TC,TT,AT,GG,AA,AA,GG,CC,AA,CC,NT,CC,GA,CC,CC,GG,AA,TT,CT,TG,CC,TT,AA,TG,GA,GT,GG,CC,GG,GG,AA,CN,AG,GG,GG,TT,TT,CT,CC,TT,GG,TC,NN,AA,GG,GG,AG,GG,TC,GG,CC,AG,AA,AA,AA,AA,GG,CG,CA,CT,CC,GG,CC,TC,AA,AA,TN,AA,NN,TG,CC,AA,TT,AA,TT,CC,AA,GG,GG,AG,TT,GG,GG,TC,GG,CC,AG,TT,TG,TG,AG,CC,TT,NN,TN,TA,CC,TT,GG,TN,AA,TT,AG,GA,TT,CC,GT,GG,GG,TT,TT,TT,CT,GG,GG,NT,TT,CC,CT,AA,NN,TT,TT,TT,AA,AG,CC,CC,TT,CT,AA,AA,NN,CT,TT,GG,TN,AA,TC,AA,GG,GG,CC,GG,AA,TT,AA,TT,AA,CC,CC,CC,TC,NN,GC,CC,TT,CC,AG,CC,CC,CN,GG,AG,GA,CC,CC,TG,AA,CC,AA,AA,TA,GT,GG,CC,NN,GA,NN,TC,AA,GG,GG,AG,AA,CC,AA,CG,TT,NN,NN,TT,GC,TC,TG,GG,NN,AG,AA,TC,GA,GG,CG,AA,CC,NN,CA,AA,GG,CC,GG,GT,AN,NC,GG,CC,AA,TT,CC,AG,GG,AG,GG,CC,AT,TT,AG,CC,GG,GG,GG,TC,CC,GG,AT,NN,CC,TT,GG,GG,CC,NN,NG,GG,AA,CC,TT,NC,GG,GG,AA,GG,TT,AA,TT,TG,AA,NN,AA,CC,GG,TT,NN,AA,AA,TT,AG,GG,AA,AA,GG,NN,TC,TA,CN,GA,GG,CT,CC,CC,GG,GG,CC,GT,AG,GG,GG,AG,TT,AA,CA,GA,TT,CN,AA,TC,GG,CC,TT,NN,TC,CN,CN,AA,CC,AA,AA,TT,AA,TT,AA,AA,TT,NN,CN,CC,AA,CT,TT,CC,AG,NN,GG,AA,CN,GG,TT,CC,TC,GG
Iberian population in Spain,,,,HG01521,,AA,CC,AA,TT,TC,GG,CT,TG,CC,CC,NN,AG,TC,CC,GG,TT,AA,GG,AG,CC,TC,AA,GT,TT,AG,NC,TT,GG,CC,CC,NN,CC,CC,AG,GG,AG,GA,GA,AA,AA,CC,AA,CC,NN,TC,NC,CT,AA,CC,CA,CC,AG,AA,CC,GA,CC,GG,TT,GG,AG,TT,AA,GG,CC,CC,GG,GG,AN,TT,CC,TT,TN,AN,CC,AT,CC,CC,AA,GG,GG,GG,CC,CC,CA,AA,CC,GG,GA,AT,TT,CT,GN,NN,GG,GA,CC,AA,GG,CC,CC,GG,AA,TC,NN,TT,GA,AA,AA,AG,GG,NC,CT,AG,TT,TT,GG,AG,GG,TT,CG,AA,TC,NN,CC,CC,GG,CC,GG,GA,TT,GT,GA,NN,TC,CC,AA,TT,CC,GA,AG,NN,GG,GG,TT,GG,CC,NT,TC,CC,TG,AA,CC,GC,CC,TT,GT,AA,GT,AA,AA,GG,TC,AA,TC,NT,CC,GG,CC,TC,AA,AG,TT,CT,TT,CC,TT,AA,TG,GG,TT,GG,CC,GG,GG,AA,NN,AG,GG,AA,NN,TT,CC,CC,TT,AG,TC,GG,AA,AG,AG,AG,GG,TT,TG,CC,GA,AA,AA,AA,AA,AG,CG,AA,CT,TT,AG,CT,TT,AA,AA,NN,AA,NN,GT,CT,AA,CC,AA,TT,CC,AA,GG,GG,AA,AT,GG,GG,TC,AG,CC,AA,TT,GT,GG,GG,CC,CC,NA,NT,AA,CC,TT,TG,TN,GG,TT,AA,GG,GG,CC,GG,GG,GG,TT,TT,TT,TT,GG,GA,TN,TT,CC,CC,GA,NN,TC,CC,TC,CA,AG,CC,CT,TN,CT,AA,AA,CN,CC,TT,GG,NN,AA,TT,AG,GG,GG,CC,GG,AA,CT,TT,GT,AA,CC,CC,CC,CC,NN,CC,CG,TT,CC,GG,CC,CC,NN,GG,AG,GA,TC,CC,TG,AA,CC,AA,AA,TA,GG,GG,CT,NN,AG,NN,TT,AA,TG,GG,AG,GA,CC,GA,CC,TT,NN,NN,NT,CC,TC,GG,GA,GN,AA,AG,TT,GA,GA,GG,AC,CC,TN,AC,CC,NN,TC,GT,GT,NA,CN,GG,CC,AA,TT,CA,GG,TG,AG,GG,CC,AA,TC,GA,CC,AA,GG,GG,CT,CG,GG,TA,NN,CC,CT,AA,CG,CC,NN,GG,GG,AA,TC,CT,NN,CC,TG,AA,AA,TT,AA,TT,GT,AA,NN,AA,CC,GG,CC,NN,AA,AG,TT,GA,CG,AA,AA,AA,CN,TC,AT,CC,AA,GG,CC,TT,CC,GG,GG,CC,GT,AA,GG,GG,GA,TT,AA,CC,GA,TT,CN,GA,CC,GG,CT,CT,NA,CT,NC,NN,AA,TC,AA,AA,TC,GA,TT,NA,AA,CC,NN,NN,CC,AA,CT,AA,CC,GA,TT,GG,TT,CC,GG,CC,CC,CC,GG
Iberian population in Spain,,,,HG01522,,AA,CC,AC,TT,TT,GG,TC,GT,CC,CC,NN,AG,CC,CC,CC,TT,AA,GG,GA,CC,CC,AA,TG,TT,GA,NN,GG,GG,CC,AA,TT,CT,CC,AA,TT,AG,GG,AA,AA,AG,TC,AC,CC,NN,CC,CN,CC,AA,CC,CC,CT,AA,AA,CC,GA,TC,GG,TT,AG,AA,TC,GG,TG,CC,CC,GG,GG,NA,TT,CC,TA,NN,NN,NC,TA,CC,CC,AA,AA,GG,GG,AA,CC,CA,AA,CC,GG,GG,AA,TT,TC,NN,NN,AG,AA,CC,AG,GG,CC,AA,GA,AA,CC,NN,TT,GG,AA,GG,GA,GA,NN,CC,AG,CT,TT,GG,GG,GG,TT,GG,AA,CC,CN,TC,CC,GG,CC,CC,GA,TT,GG,GG,NN,CC,TT,AA,TT,CC,AA,GG,NG,GC,GG,CT,GG,GC,NT,TC,TC,TG,AA,CC,GC,CC,CT,TT,AA,GG,GA,AA,GG,TC,GA,CC,NN,GC,GG,CT,TC,AG,AA,TT,CT,TT,CC,TT,AC,TT,GG,TT,GG,CC,AG,GG,AA,NN,GA,GG,AA,TN,TT,TT,CC,TT,AA,TC,NN,CA,GA,GA,GA,GG,TT,GT,TT,GG,AA,AA,AA,GA,GG,CC,CA,CC,TC,GG,CC,TC,AA,AA,NN,AA,NN,GT,TC,GA,TT,AA,TT,CC,AA,GG,GG,AA,TA,GG,TT,TT,AG,CC,GA,GT,GT,GT,AG,TT,TT,NN,NT,TA,CC,TT,GG,NN,GG,TT,AG,GG,TT,CC,TG,AG,GG,TT,TT,TT,CT,GG,GA,TN,TT,CC,CC,AG,NN,TT,CC,CT,CA,GA,CG,TT,TT,TC,CA,AA,CN,CT,TT,GG,TT,GA,TT,GG,GA,GA,TC,GG,AA,CC,AA,TT,AA,CT,CC,CT,TT,AA,GC,CC,CT,CC,AG,CC,CC,NC,GG,GA,GA,CC,CC,GG,GA,CC,AA,AG,AA,GG,GG,CC,NA,GA,NA,TC,AA,GG,GG,AA,AA,CC,AA,CC,TT,NC,NN,TN,CG,CT,TT,GG,NN,GG,GG,CT,AG,AA,CC,CC,CC,NT,AA,CC,GG,CC,GG,TG,AA,NN,GG,CC,AA,TT,AC,GG,GG,GG,GG,CC,TT,CT,AA,CC,GA,GG,GG,TT,CG,AG,TT,NA,CC,TC,GA,GC,TC,AA,GG,GA,AA,CT,TC,NN,GC,TT,AA,AA,TT,AA,TC,TT,AA,NN,AA,CC,GA,TC,NN,AA,GG,TT,GG,CG,AA,AA,GA,CN,CT,AA,NC,AA,GG,TC,TT,CC,GG,GG,CC,GG,AA,GG,AG,AA,TT,AA,AA,AA,TT,CC,AG,TT,GG,CC,TC,NN,CT,CN,NN,CC,CC,GA,AA,CC,AA,TT,AA,AA,TT,NN,NN,CC,AA,CT,TT,CG,AA,TT,GG,TA,CC,GG,CT,CC,CC,GG
Iberian population in Spain,,,,HG01524,,AN,CT,AC,TT,TT,CG,TT,GT,CC,NN,NN,GG,CC,CC,CC,TT,AA,CC,AA,CC,CT,AA,GG,TC,AG,NC,TG,GG,CC,CC,NN,TT,CC,GA,GG,GA,GA,AA,CC,GG,CC,CA,CC,NN,CC,NN,CT,AA,CN,CC,CC,AA,GA,CC,AG,CT,GA,TT,AG,GG,CT,GG,TG,CC,CT,GG,GG,AN,TC,CC,TT,NN,NN,CC,AA,CC,TT,AA,AA,GG,AG,CC,CC,CA,AA,CC,GG,GG,AA,TT,CC,NN,NN,GA,AA,CC,AA,GG,CC,AA,GG,AA,CC,NN,TT,GG,AA,GA,AG,GG,NN,CC,AG,CT,TT,GG,GG,AG,TT,GG,AA,CT,NN,CC,CC,GG,CT,CG,GG,TT,GG,GG,NN,CC,CT,AA,TT,CC,GG,GA,GN,GG,GG,TT,GG,CC,NN,TT,TC,TG,AA,CC,GG,CC,CT,TT,AT,GT,GA,AA,TG,CC,AA,CC,TT,CC,AG,CT,TC,GG,AA,TT,CC,TG,CC,AT,CC,TT,AG,TT,GG,CC,AG,GG,AA,CC,AG,GA,GG,NN,TT,TT,CT,TT,GG,TT,GG,AA,GG,GG,GA,GA,TC,GG,TC,GA,GA,AA,GA,GA,GG,GG,AC,TC,CC,AG,CC,TC,AA,AA,NT,AG,TT,TT,CT,AA,TT,AA,TT,GG,AA,GG,GA,GA,TT,CC,TG,TT,GG,CC,AG,TT,TG,TT,AG,CT,CT,NN,TT,AA,CC,TT,TG,NT,AG,TT,AA,GG,GT,TC,TG,GA,AG,TT,TT,GT,TT,NG,GG,TN,TT,CC,CC,GA,CN,TT,CC,CC,AC,GG,CC,CC,NT,CT,AA,AA,NN,CC,TT,GT,TN,AG,TT,GG,GG,GG,CT,AG,CA,TT,TA,TT,AA,CC,CC,CC,CC,NN,CG,CC,TT,CC,AG,CC,TT,NC,GG,AA,AA,CC,CC,TG,GG,TC,CA,GG,AA,GG,GG,CC,NN,GG,AN,TT,AA,GG,GG,GG,AA,CC,GG,CC,CT,CN,NN,NT,GG,TT,TG,GA,GN,AA,AG,TT,GA,AG,CC,CA,NC,NN,AA,CC,NN,CC,GG,TT,AA,NN,GG,CC,AA,TT,CA,GG,GG,GG,AG,CC,AA,CC,AA,CC,AA,GG,GG,TC,CC,GG,AT,NA,CC,CT,AG,CG,CT,AN,NN,GG,AA,CC,TT,NN,CG,TT,AA,AG,TT,AA,TT,GG,AA,NG,AA,CC,GG,CC,NN,AA,AA,TT,GG,GG,AA,AA,AA,CN,TC,TT,NN,GG,GG,CC,TT,CC,AG,GG,CT,TG,AA,GA,GA,GA,TT,AA,AA,GA,TT,NC,AA,TC,AG,CC,CT,NN,CC,NC,CC,AA,CT,AA,AA,CT,GA,CC,AN,AA,TT,NN,NC,CC,AA,TC,TA,CC,AG,TN,TG,TT,NC,GG,TT,CC,CC,GG
Iberian population in Spain,,,,HG01525,,AN,CC,CC,TT,TT,CG,TC,TG,CC,CN,NN,GG,CC,CC,CG,TT,AA,GG,GG,CC,CC,AA,TG,TT,GG,CC,GG,GG,CT,CA,NT,CT,CN,GA,GG,GG,GA,AA,CA,GA,CC,CA,CC,NN,TC,NN,TC,AA,CC,CC,CC,AA,AG,AC,GA,CC,GG,TT,GG,AG,TT,GG,GT,CC,CC,GG,GA,AN,TT,CC,TT,TN,NN,CC,AA,TC,TT,AA,AA,GA,AG,CC,CC,AA,GA,CC,GG,GG,AA,TT,CC,NN,NT,GG,AA,CC,AA,GG,TC,CA,GG,AA,TT,NN,TT,GG,AA,AA,AG,AA,NN,CC,AG,TT,TT,GG,GG,GG,TT,GG,AA,CC,CN,CC,CC,GG,CT,CC,GG,TT,GG,GG,NN,TT,CC,AA,TC,CT,AA,GG,NN,GG,GG,TT,GG,CC,NN,TT,TC,GT,GG,CT,CC,CC,TT,TG,AA,GG,AA,AA,GG,CC,AA,TC,TT,GC,GG,CT,TC,GA,GA,TT,CC,GT,CC,TT,AA,TT,GG,TG,GG,CC,GG,GG,AA,NN,AG,GG,GG,NT,TC,TT,TT,TT,AG,TC,GN,AA,GG,GG,AA,GG,TT,TG,CC,GG,AA,AG,AA,AA,GG,CG,AC,CC,TT,GG,CT,TT,AA,CA,NN,AG,NT,GT,CC,AA,TT,AA,GT,GC,AA,GG,AG,AA,TA,GG,TG,TC,GG,CC,GG,TT,GT,TG,AG,TT,TT,NN,NT,TA,CT,TG,GT,NT,AG,TT,AA,GG,GT,CC,TG,GG,GA,TT,TT,TG,CC,GG,GG,TT,TT,CC,CT,AA,NN,TT,CC,TT,CC,GG,CG,TC,TT,CC,AA,AG,CN,CT,TT,GG,NT,AA,TC,AA,GG,GG,CC,GG,AA,TC,AA,TT,AA,TC,CC,CC,CC,NN,CC,CC,TT,CT,GG,CC,CC,NN,GG,GA,AA,CC,CC,GG,AA,CC,AA,AA,AA,GG,GG,CT,NN,AA,AA,TT,TA,TG,GA,GA,AA,CT,AG,CC,CT,CN,TN,NN,GC,TT,GG,GG,GG,AG,AA,TT,AG,AG,CG,AA,CC,NT,AA,CC,NN,TC,GG,TT,AA,NN,GG,CC,AA,TT,AC,GG,GG,GG,AG,TT,TT,TT,GA,CC,AG,AG,AG,CC,CC,GA,TT,NN,CC,TT,GA,GG,CC,NN,GN,GG,AA,TC,CT,CN,GC,TT,AA,AA,TT,AA,TT,GG,AA,GN,AA,CC,GG,TC,NN,AA,AG,TT,AA,GG,TA,AA,AA,NC,TC,AT,NN,AG,GG,CT,TC,CC,GG,GG,CC,GT,AA,GG,GG,AA,TT,AA,AC,GG,TT,CN,AA,CC,GA,CC,CC,NN,TT,CC,CC,CA,CC,AA,GG,CC,GG,TC,AN,AA,TC,GN,NN,CC,AA,TC,AA,CC,AG,NT,TG,TT,CC,GG,CT,CC,CC,GG
Iberian population in Spain,,,,HG01527,,AN,CC,AA,TC,CT,GG,CT,TG,CC,NN,NN,GG,CC,CC,GG,CT,GA,GC,AA,CC,CC,AC,GG,TT,GG,NC,GT,GG,CC,CC,TN,CC,CN,AA,TG,GG,GG,GA,CC,GG,CC,AC,TC,NN,CC,NN,CC,AA,NC,CC,CT,AA,GG,CC,GG,CT,GA,TT,GA,GG,CT,AG,GG,GG,CC,GG,GG,AA,TT,CC,TT,NN,NA,NN,AT,CC,CC,GA,AA,GA,GG,AA,CC,AA,GA,CT,GT,GG,AA,TA,CC,NN,TN,GG,GA,CC,AA,GG,CC,AA,GG,AA,TC,NN,TT,GG,AA,GA,AA,AG,NN,CC,AG,TT,TT,GG,GG,GG,TT,GG,AA,TC,CN,CC,CC,AG,CC,CC,AG,TT,TG,GG,NT,CC,TT,AA,TT,CC,GG,AG,NN,GG,AG,TT,GG,CC,NN,TT,TC,GT,AA,CC,CG,CC,CC,TT,TA,GT,GG,AA,TG,CC,AG,TC,TT,CG,GG,CC,CC,GG,AA,TT,CC,TT,CC,AA,AA,TG,AG,TT,GG,CC,GG,GG,GG,NC,GA,GG,AG,TN,TC,TC,CC,TT,GA,TT,NG,CA,GG,GG,AG,AG,CT,TT,CC,AG,AA,AA,AA,GA,GG,CG,AA,TT,CT,AA,CC,CT,AA,AA,NT,GG,NN,GG,CC,GG,TT,GA,TT,CC,AA,GG,GG,AA,AT,GC,GG,CC,GA,CC,AG,TT,GT,TG,GG,TT,TT,NN,TN,AT,CC,TT,TG,TT,GG,TT,AG,GG,GG,CC,TG,GA,GG,TT,TT,TT,CT,NG,GG,NN,TT,CC,TC,AG,NC,TC,CC,TT,CA,GG,CC,TT,TT,TT,AC,AA,NN,CC,TT,GG,TT,AA,TC,GA,AG,AG,CC,GG,CA,TC,AA,TT,AA,TC,CC,CC,CT,NA,CC,CC,TT,CC,GG,CC,TC,NN,GG,AA,GA,CC,CC,GG,AA,TC,AA,AA,AA,GG,AG,CC,AN,GG,NN,TT,AT,GT,AG,AG,AA,CC,GA,GC,TT,NN,NN,TN,CG,CT,GG,GG,NG,GA,GA,CT,GG,AA,CC,AC,CC,NN,AA,CC,NN,CC,GG,TT,NA,CN,GG,CT,AA,TT,CC,GG,GG,GG,GG,CC,AA,TC,GA,NN,AA,AG,GG,CC,GC,GA,TT,NA,CC,CT,AG,CC,CC,NA,GG,GG,GA,CC,CT,NN,GC,TT,GA,AA,TT,AA,CT,GT,AA,GN,AA,CC,GG,CC,NN,AA,AA,TT,AA,GG,AA,CA,GG,NC,CC,AT,NN,AA,GG,CT,TT,TC,GA,GG,CC,GG,AA,GG,GA,AA,TT,AA,AA,GG,TT,CC,AA,CC,AG,CC,CT,AN,TT,NN,CN,AC,TC,AG,AA,TT,AA,CC,AA,AA,CC,NN,CN,CT,AA,CT,TT,CC,AA,TT,GG,AT,NC,GG,CT,CA,CC,GG
Iberian population in Spain,,,,HG01528,,NA,CC,CA,TT,TT,GC,TT,GG,CT,CN,NN,GG,TC,TC,GC,CT,AA,GG,GG,CC,CC,AC,GG,TT,GG,CC,TT,GG,CC,AA,TT,TC,CC,AA,GT,GG,AG,GG,CC,AG,CC,CA,CC,NN,CT,NN,CT,AA,CC,CC,CC,AA,AG,CC,GG,CC,GG,TT,GG,GG,CC,GG,GG,CC,CC,GG,AA,NA,TT,CC,TT,TN,NN,CC,AA,CC,CT,AA,GA,AG,GA,CC,CC,AA,AA,CC,GG,GG,AA,TT,CC,NN,NN,GA,GA,CC,AA,GG,CC,AC,GG,AA,CC,NN,TT,GG,AA,AA,GG,GG,CN,TC,AA,CT,TT,GG,AG,GG,TC,GG,AA,CT,NN,CC,CC,GG,CC,CC,GG,TG,GG,GG,NT,CC,CT,AA,TT,TC,GG,GG,NN,GG,GA,TT,GG,CC,NN,TT,CC,TG,AA,CC,CG,CC,TT,TT,AA,GT,GA,AA,GG,CT,AA,TT,NT,GC,AG,CT,CC,GA,AA,TT,CC,TT,TT,TT,AC,TT,AA,TT,GG,CC,AG,GG,AA,CC,AA,GA,GG,NN,TT,TT,CT,TT,GG,TC,NN,AA,GA,GA,GA,GG,TT,GG,CC,AG,GA,AA,AA,AA,GA,GC,AA,TC,CT,GA,CC,CC,CC,AA,TN,AA,NN,GG,CC,AG,CC,AA,TT,CG,AA,GT,GA,GG,AA,GG,GT,TC,GA,CC,AG,TT,TG,GT,GA,TC,TC,NA,TT,TT,CC,TT,GG,NT,AG,CT,AA,GG,GG,CC,GG,AG,AG,TN,TC,TT,TT,GN,AG,TN,TT,CC,TT,AG,NN,TT,CC,TT,CC,GG,GC,TC,TT,CT,CA,AA,NN,CC,TT,GG,NN,AA,CT,GA,AA,GA,CC,GG,AA,TT,TT,TT,AN,CC,CC,CC,CC,AN,GG,GC,TT,CC,GG,AA,CC,NC,GC,AA,AG,CC,CC,GG,AA,CT,AA,AA,TT,TG,GG,TC,NN,GA,AA,TT,AA,GT,GG,GG,AA,TC,AA,GC,TT,CN,NT,NN,CG,TT,GG,GG,NG,AA,AA,TT,GG,AA,CG,AC,CC,TN,CA,CC,NG,CC,GG,TT,AN,NN,GG,TC,AA,TA,AC,GG,GT,GA,GA,TC,TT,TT,AA,CC,AA,GG,GG,CC,CC,GG,TT,NN,TC,TT,AA,GG,CC,NN,GG,GG,AA,TC,CT,NC,GG,GT,AA,AA,CT,GA,TT,TG,AA,NG,AA,TC,GA,TC,NN,AA,AG,TT,GA,GG,AA,AA,AG,CN,CC,AT,NN,GA,GG,TT,TT,CC,GG,GG,TC,GG,AA,GG,AG,AA,CT,AA,CA,AA,AT,CN,AA,CT,GG,CC,CC,NN,CC,NN,NN,CA,CC,AA,AA,TC,AG,TT,AA,AA,CT,NN,NC,CC,AA,CC,TA,CC,AG,TT,GG,TT,NN,GG,CT,CC,CC,GG
Iberian population in Spain,,,,HG01530,,NN,CT,CA,TC,TT,GG,TT,GG,TC,NN,NN,GG,CC,CC,CC,CT,AA,GG,GA,CG,CC,AA,TG,TT,GG,NC,TT,GG,CC,AA,TN,CC,NN,GA,GT,GA,AG,GA,CC,GG,CC,AA,CC,NN,TC,CN,CC,AA,CN,CC,CC,AA,GA,CC,GG,CC,GG,TT,AG,GA,TC,GG,GG,GC,CC,GG,AG,AA,TT,CG,TT,NN,NN,CN,TA,CC,CC,AA,AA,GG,GA,CC,CC,AC,AA,CC,TG,GG,AA,TT,CC,NN,NN,GG,AA,CC,GG,GG,CC,AC,GG,AA,TT,NN,TT,GG,AA,AA,GA,AA,CN,CT,AG,TC,TT,GG,GG,GG,TC,GG,AA,TC,NN,CC,CC,GG,CC,GC,AA,TT,TG,GG,NN,CC,TC,AA,TT,CT,GG,GG,NN,GG,GG,TT,GG,CC,NN,TC,TT,GG,GG,TT,CC,CC,TC,GT,AA,GT,AA,AA,GG,TC,AG,CC,TT,GG,GG,CT,CT,AG,AA,TT,CC,TT,CC,AT,CA,TT,AA,TT,GT,CC,GG,GG,AA,NC,AG,GA,GG,TT,TT,TT,CC,TT,GA,TC,NN,AA,GG,GG,GA,GG,TC,TT,CT,GG,AA,AA,AA,GG,GG,CG,CA,CC,TC,GG,CC,CC,AA,AC,TT,AG,NT,TT,CC,AG,TT,AA,TT,CC,GA,GT,GG,GG,TT,CG,GG,CC,GG,CC,AG,TT,GG,GT,AG,TC,TT,NN,TT,TT,CC,TT,GT,TN,GA,TT,AG,GG,GG,CC,TG,GA,AG,TT,TT,TT,CT,NN,GG,NN,TC,CC,CC,GG,NN,TT,CC,TC,CA,GG,GC,TT,NT,CC,AA,AA,CC,CC,TT,GT,NN,AG,TT,GG,GA,GG,CC,GG,AA,CC,AA,TG,NA,CC,CC,TC,CC,AN,GC,CC,TT,CC,AG,CC,CC,NN,CG,AA,GA,TC,CC,TG,AA,TT,AA,AA,TA,GG,GG,CC,NN,GG,AN,TT,AA,GT,AG,AA,AA,TC,GG,CC,CC,CN,NN,TT,CG,CT,GG,GA,NN,AA,AG,TT,GG,GA,CG,AA,CC,NN,CA,CC,GN,CC,GG,TT,AA,NN,GG,CT,AA,TT,AC,GG,GT,GG,AG,CC,AA,TT,AA,NC,GA,GG,GG,TT,CC,GG,TT,NN,CC,TT,GG,GG,CT,AN,NN,GG,AA,TC,CT,NN,CG,TG,AA,AA,TT,AA,TT,GT,AA,NN,AA,CC,GA,CC,NN,AA,AG,TT,GG,CG,AA,AA,GA,CN,CC,TA,NN,AA,GG,TT,TT,CT,GG,GG,CC,GG,AA,GG,AA,AA,TT,AA,CA,GG,AT,CN,AA,CC,GG,CC,TC,AN,CT,CC,CC,AA,TC,AA,AA,TC,AG,TT,AA,AA,CC,NN,CN,CC,AA,TT,AT,CC,AA,NN,GG,TA,NC,GG,CC,CC,CC,GG
Iberian population in Spain,,,,HG01531,,AA,CC,AA,TT,TT,GG,TT,TG,CC,CN,NN,GG,CT,CC,GC,TT,AA,CG,AG,CC,CC,CA,GT,TT,AG,NN,TG,AG,CC,AA,NT,CC,CN,AA,GG,AG,AG,GA,CC,GG,CT,CA,TC,NN,CT,NN,CC,AA,CN,AC,TT,AA,AG,CC,GG,CC,GG,TT,GG,AG,TT,AG,GG,CG,CC,GG,GA,AA,TT,CC,TT,NN,NN,NC,AA,CC,CT,AA,AA,AG,GA,CC,CC,AA,AA,CT,TT,GG,AA,TT,CT,NN,NN,GG,GG,CC,AA,GG,CC,AA,AA,GA,TC,NN,TT,GG,AA,AA,AG,GG,CN,CT,GA,TT,GT,GG,GG,GG,TT,GG,AA,CC,NC,CT,CC,GG,CC,CC,GA,GT,TG,GG,NN,TT,TT,AA,CT,CC,AG,GG,NN,CG,GG,TT,GG,CC,TN,CT,CC,GT,AA,CC,GC,CC,CC,TT,AA,GG,GA,AA,GG,CC,AA,CC,NT,CC,GA,CT,TC,GA,GA,TT,CT,TT,CC,AT,CA,GG,GG,GT,GG,CC,GA,GA,AA,CN,AA,GG,GG,NN,TT,TT,CC,TT,GA,TT,NN,AA,GA,GG,GA,GA,CT,GG,CC,GG,AA,AA,AA,AA,GG,GC,AC,CC,CT,AG,CC,TC,AA,CA,NT,GA,NN,TG,CC,GA,TT,GA,TT,CC,AA,TG,GG,AA,TA,GG,GG,CC,GG,CC,AA,GT,TG,GT,GA,CT,TT,NN,TN,TT,CC,TT,GG,TN,GA,TT,AA,GG,GT,CC,GG,GG,GG,TN,TC,TT,TT,GG,GG,TN,TC,CC,CC,GG,NN,TC,TC,TC,AA,AG,GC,TT,TT,CC,AC,AA,NN,CC,TT,GT,TT,AA,CT,AA,GG,GG,CT,GA,AA,CT,TA,GT,AA,TC,CC,CC,CT,NA,GC,CC,TT,CC,GG,CC,TC,NN,GC,AG,AG,CC,CC,TG,AA,CT,AA,AA,TT,GT,GG,CC,NN,AG,AA,TT,AT,TG,GG,GG,AA,CC,AA,GC,TT,CN,NN,NT,GC,TC,TT,GG,GN,AA,AA,TT,GG,AA,CC,CA,CC,NT,AC,CC,NN,CC,GG,GG,AA,NN,GG,CC,AA,TT,CC,GA,GG,GG,GG,CC,TT,TT,AA,CC,AA,GG,GG,TC,CC,GG,TT,NN,CC,CT,GG,GG,TT,NN,NG,GA,AA,TT,CC,CC,CC,TT,AA,AA,TT,AA,TT,GG,TT,GG,AA,CC,GG,CC,GN,AA,GA,TT,AG,GG,AA,CA,AA,NN,CC,TT,NN,GA,GG,CT,TC,CT,GG,GG,TT,GG,AA,GG,AG,AA,TC,AA,AC,AA,TT,NC,AA,CT,AA,CC,CC,NN,CC,CC,NN,CC,CC,GG,AA,TT,AA,TT,AA,NN,CC,NN,NN,TT,AA,CC,AT,CC,GG,TT,TG,TT,CC,GN,CC,CC,CC,GC
Iberian population in Spain,,,,HG01536,,AN,CC,CA,TC,TC,GG,TC,GT,TC,CC,NN,GG,CC,TC,GC,TC,AA,GG,GG,CC,TC,AA,GG,TT,AG,CC,TT,GG,CC,AA,NN,CC,CN,AA,TG,AG,GA,AA,AA,GA,CT,AC,CC,NN,TT,NN,CC,AG,CC,CC,CC,AA,GA,AA,AA,CC,GG,TT,GG,GG,TT,GA,TG,CC,CC,GG,GA,AA,TT,CG,TT,NN,NN,NC,TT,TC,TC,AA,AG,GG,GA,AA,CC,AC,AA,CC,GG,GA,AT,TT,CC,NN,NN,GG,AG,CC,AG,GG,CC,AC,AG,AA,TT,NN,TT,AG,CA,GG,GG,GG,NN,CT,GG,TC,TT,GG,GG,GG,TT,GG,AA,TC,NN,CC,CC,GG,CC,CC,GG,TT,GG,AA,NT,CT,CC,AA,TT,CC,GG,AG,NN,CG,GG,TT,GN,CC,NN,TT,TC,TG,AA,CC,GG,CC,CC,TT,AA,GT,AA,AA,GG,CT,AA,TC,TT,CC,GG,CT,CC,GG,GG,TT,CC,TT,CC,TT,AA,GT,GG,TT,GG,CC,GA,GG,AA,NN,AG,GG,AG,NN,TT,TC,CT,TT,GA,TT,GG,CA,GG,GG,GA,GG,CT,TT,TC,GG,AA,AA,AA,AG,GG,CG,AA,CT,TC,GA,TC,TT,AA,AA,NT,GA,NT,GT,CC,AA,CT,AA,TT,GG,AA,TG,AG,GA,AT,GG,GG,CC,AG,TC,GG,GT,GT,TG,AG,TC,TT,NN,TT,TT,CC,TT,TG,NT,AG,TT,AA,GG,GG,CC,GG,AG,GG,TT,TT,TT,TT,GG,GG,TT,TT,CC,CT,AG,NN,TC,CT,TT,AA,GA,CC,TC,TT,CT,AC,AG,NN,CC,TT,GG,NN,AA,TT,AG,GG,GG,CC,AA,AA,CC,TA,TG,AN,CC,CC,TC,TT,AA,CG,CC,CC,CC,AG,CC,CC,NN,GG,AA,AA,TC,CC,TG,AA,CC,AA,AA,AT,GT,GG,CC,NN,AG,AA,TT,TA,TG,GG,GA,GA,CC,AA,CC,TC,NN,NT,NN,GG,CT,TT,GG,NN,AG,AA,TT,AA,GA,GC,CA,NC,TN,CA,CC,NN,CC,GG,TT,AA,NN,GG,TT,AA,TT,CA,GG,GG,AG,AA,CC,AA,TC,AA,CC,AG,GA,GA,CC,CC,GG,AT,NN,TC,CT,GG,GG,TC,AN,NN,GG,AA,CT,CC,NN,CC,TG,AA,AA,TT,GA,TT,TT,AA,NN,AA,CC,GG,CT,NN,AA,GA,TT,GG,GC,TA,AA,AA,CC,CC,AT,NC,GA,GG,TT,TC,CC,GA,GG,CT,GG,GA,GG,GG,AA,CT,AA,AC,AG,AA,CN,AA,CC,GA,CC,TT,NA,TC,NN,CN,AA,CT,AA,AA,CC,GA,CC,NA,NN,CT,NN,CN,CC,AA,TT,AA,CC,AG,TT,TG,TA,NC,GG,CC,CA,CC,GG
Iberian population in Spain,,,,HG01537,,NA,CC,CC,TT,TC,CG,TT,TG,CC,NC,NN,GG,CC,CC,CG,TT,AG,GG,AA,CC,CC,AA,GG,TT,GA,NN,TT,GG,CC,CC,NN,CC,CC,AA,TG,GG,AA,AA,CA,GG,TT,AA,CC,NN,TC,NN,TC,GA,CC,CC,TC,AA,GA,CA,AG,CC,GG,TT,GA,GG,CT,AA,GT,CG,CC,GG,GG,AN,TT,CC,TT,TN,NN,NN,AT,CC,TT,AG,GA,AA,GA,CC,CC,AC,GA,CT,GG,GG,AA,TT,CC,NN,NN,AG,GG,TC,GA,GG,CC,AC,GG,AA,TC,CN,TT,GG,AA,AA,GA,GG,NN,CC,AG,TT,TT,GG,AG,GG,TT,CG,AA,TC,NC,CC,CC,GA,CC,CC,AA,TT,GT,GG,NN,TT,CC,AG,TT,CC,AG,GG,NG,GC,GG,TT,GG,CC,NN,TT,CC,TT,AA,CC,GG,CC,TC,TT,AA,GG,AA,AA,GG,CC,AG,CC,NN,GC,GA,CT,CC,GG,AA,TT,CC,TT,CC,TA,AC,TT,AG,TG,GG,CC,GG,GG,AA,NN,GA,GG,GG,NN,TC,CT,TC,TN,AA,TT,NN,AA,GG,GG,AA,GG,TT,TG,CT,GA,AA,AG,GA,GA,GG,CG,CA,TT,CC,AG,CC,CT,CA,CA,NT,GG,TN,GT,CC,GA,CT,AA,TG,GC,AA,TG,AA,AA,TT,GG,GG,TC,GG,CC,AA,TT,GT,GG,GA,TC,TT,NN,NT,TA,CC,TT,GG,TN,GG,TT,GG,AG,TT,TC,GT,GG,GG,TT,TT,GG,TC,GG,GG,TT,TT,CC,CC,AG,NN,TT,CC,TT,AA,GG,GC,TT,TT,CC,AA,AA,NN,CC,TT,GG,TN,AA,TT,AG,AG,AG,CC,AG,AA,TT,TT,TT,AA,CC,CC,TC,CT,AA,CC,CC,CT,CC,AG,CC,CC,CN,CG,AA,AA,CC,CC,GT,GG,CC,AA,AA,AA,GG,GG,CC,NN,GG,NA,TT,AA,GT,AG,GA,AA,CC,GG,CC,CT,NN,NN,NT,GC,TC,TG,GG,NN,GA,AG,TT,AG,AG,CC,CA,CC,TN,CA,CA,NG,CC,TG,TT,AA,NC,GG,CC,AA,TT,AC,GA,TG,AG,AG,CT,TT,CC,AA,CC,AA,GG,GG,CC,GC,GG,AT,NN,TT,TT,AA,GC,TT,NN,GN,GG,AA,CC,TT,NN,GC,TG,AA,GA,TT,GA,TT,GG,AA,NN,AA,CC,GG,CC,NN,AA,AA,TT,GG,GG,AA,AA,AA,CN,CT,AT,NN,AA,GG,CT,TT,CC,GG,GG,CC,TT,GG,AG,GG,AA,TT,AA,CA,GG,AT,CN,AA,CC,GG,CC,TT,NN,CT,NN,CC,AA,CC,AG,AA,TT,AG,CC,AN,NA,TT,NN,CN,CC,AA,CC,TT,CC,AG,NN,GG,TT,CC,GG,CT,CC,CC,CG
Iberian population in Spain,,,,HG01602,,NA,CC,CA,TT,CT,GC,TT,TG,CC,CC,NN,GG,CT,CT,CG,CC,AA,GC,GA,CC,CC,AA,GG,TT,GG,NC,TG,GG,CC,AC,TN,CC,CC,GG,GG,GG,GA,AA,CA,GG,TC,CA,CC,NN,TT,NC,CC,AG,CC,CC,CC,AA,AG,CC,GA,CC,GG,TT,AG,GG,TT,GG,GG,CG,CC,GG,GA,AA,TT,CC,TT,TN,NN,NC,AT,CT,CC,AA,AG,GA,GG,CA,CC,AA,GA,TC,GG,GG,AA,TT,CC,NN,NN,GG,AA,CC,GG,GG,TC,AA,AG,AA,CT,NN,TC,GG,CA,AA,GG,AA,NN,CC,AA,TT,TG,GG,AA,GG,TC,GG,AA,CC,NN,CC,CC,GG,CC,CC,GG,TT,GT,AG,NT,CC,TC,AG,TT,CC,AG,AG,NN,GG,AG,TT,GG,CC,NN,CT,CC,TG,AA,CC,GC,CC,TT,TT,AA,GG,AA,AA,TG,CC,AG,CC,NT,GG,AA,CT,CC,GG,GG,TT,CC,GG,CC,TT,AC,TT,GA,TT,TG,CC,GA,GG,GA,NC,GA,GA,GG,TN,TC,CT,CC,TT,GG,TT,NN,AC,GG,GG,AG,AG,CT,GT,CC,GG,AA,AA,AA,GG,GG,CG,CA,CC,TT,GG,CC,TC,CA,AA,TT,AG,NT,GT,TC,AA,CT,GA,TT,CG,AA,GG,GA,AG,TT,GG,GG,CT,AG,CC,AA,TT,TG,TG,GA,TT,TT,NN,NT,AA,CC,TT,GG,TT,GG,TT,AA,GG,TT,TC,TG,AG,GA,TT,TT,GG,TT,GG,AG,NN,TC,CC,CT,GG,NN,TC,TT,TT,AA,GG,CG,TC,TT,TC,CA,AA,CC,TC,TT,GG,NN,GG,TC,AA,GA,GG,TC,AG,AA,TT,AA,TT,AA,CC,CC,CC,TC,AN,CG,CC,TT,CC,GG,AC,CT,NN,GG,AA,GA,TC,CC,TT,AA,CC,CA,AA,AA,GG,GG,CC,NA,AG,NN,TT,TA,GG,GG,GG,GG,CC,AA,CC,TT,CC,TN,NN,GG,TC,TT,GA,NN,AA,AA,TT,GG,GA,CC,AA,CC,NT,CA,CC,NN,CC,GG,TT,AA,NN,GG,CC,AA,TT,AA,GG,GG,GG,GA,CC,TA,TC,AA,CC,AA,AG,GG,TC,CG,GG,TA,NA,CC,TT,GG,GG,CC,NN,NG,GG,AA,TC,CT,NC,CG,GG,AA,AA,TT,GA,TT,GT,AA,NG,AA,CC,GA,CT,NN,AA,AA,TT,AG,GG,AA,CA,AA,CC,CC,TA,NN,AG,GG,CC,TT,TC,GA,GG,CC,GG,GA,GG,GG,GA,TT,AA,AA,GG,TT,CC,AA,CC,GA,CC,CT,NN,TC,NC,NN,AA,CC,AA,AA,CT,AA,TT,AA,AA,CC,NN,NC,CC,AA,CC,AT,CC,GG,TT,GG,TT,NC,NG,CT,CC,CC,GG
Iberian population in Spain,,,,HG01603,,AN,CT,CC,TT,TT,GG,TT,TG,CT,CN,NN,AG,CC,CC,GG,TT,AA,CG,GA,CG,CC,AA,TG,TT,GG,CN,GT,GG,CC,CA,NN,CT,CN,AG,TT,GG,GA,AA,CC,GG,CT,AC,TC,NN,TT,NN,CC,AA,NC,CC,CC,AA,GA,CC,AA,CC,GG,TT,GA,GA,TC,GG,GG,GG,CC,GG,GG,AN,TT,CC,AT,NN,NN,CC,AT,CC,TT,AA,GG,GG,AG,CC,CT,AA,AG,CC,GG,GG,AA,TT,CC,GN,NN,GG,GA,CC,AA,GG,CC,AA,GG,AA,TT,NN,TT,GG,AA,AA,AA,AG,NC,CC,AG,CC,TT,GG,GA,GG,TT,CG,AA,CC,NC,CT,CC,GG,CC,CC,GG,GT,TG,AG,NN,TC,CC,AA,TT,CC,GA,GG,NN,GC,GG,TT,GG,CC,NT,TC,CC,GT,AA,CC,GC,CC,TC,GG,AA,GT,AA,AT,GG,CC,AA,CC,TN,CC,GG,CC,CC,GG,GA,TT,CC,GT,CC,TT,AC,TG,GA,TT,GG,CC,GG,GG,AA,NN,AA,GG,GG,NN,TT,TT,TC,NT,AA,TT,NN,AA,GG,GG,GG,GG,TT,TT,CT,AA,AA,AA,AA,AA,AG,GG,AC,CT,CT,AG,CC,TT,AC,AC,TN,AG,NT,GG,CC,AG,CC,AA,TT,GC,AA,GG,GG,AA,AT,GG,TG,TC,GG,CC,GA,TT,TG,TG,AG,CC,TT,NN,TN,AT,CC,TT,GG,TT,GG,TT,AA,GG,GG,TC,GT,GG,AG,TT,TT,TT,TC,GN,AG,TN,TT,CC,CT,GA,CN,TT,CC,TT,AA,AG,CG,CT,TT,TC,AC,GA,CN,CT,TT,GT,TT,AA,TT,AA,GG,GG,CC,GG,AA,CT,TA,TT,AA,CC,CC,CC,CC,NA,CG,CC,TC,CC,GA,AC,CC,NC,GC,AG,GG,CC,CC,TG,AG,CC,AC,AA,TT,GG,AG,CC,NN,AG,NN,TT,AA,GT,GA,GA,AA,CC,AA,CC,TT,NN,NN,NN,GG,TT,TT,GG,GN,AA,AA,TT,GA,AA,CC,CC,NN,NT,AA,CC,NN,CC,GT,TT,AA,CN,GA,TC,AA,TT,AC,AG,TG,GA,GG,TC,TT,TT,AA,CC,AA,GG,GG,TC,CG,GA,TT,NN,TC,TT,AG,GG,TT,NN,NN,GG,GA,CC,TT,NN,CC,TT,AA,GA,TT,AA,CC,GG,AA,GG,AA,CC,GG,CT,NN,AA,GA,TT,AG,GG,AT,CA,AA,NN,TC,TT,NN,GG,GG,TT,TC,CC,AG,GG,CT,GT,GG,GA,GG,AG,TT,CA,AA,AG,AT,CN,AA,CC,AG,CC,TC,NN,CC,NN,CN,AA,CC,AA,AA,CT,AA,TT,AA,AN,CC,NN,CN,CC,AG,CC,AT,CC,AG,TT,TG,TT,CC,GG,TC,CA,CC,GC
Iberian population in Spain,,,,HG01605,,AA,CC,AA,TT,TT,GC,TT,GG,CC,CC,NN,GG,CT,CC,CG,CT,AA,GG,GA,CC,CC,AA,TT,TT,GG,CN,TT,GG,CC,CA,NN,CT,CC,AG,TG,GG,AG,GG,CC,GA,CC,AA,CC,AN,TT,NN,CC,AA,NC,CC,TT,AA,GG,CC,AA,CC,AG,TT,GA,GA,CT,GG,GT,CG,CC,GG,GG,AA,TT,CG,TA,NN,NN,CN,AA,CC,TT,AA,AA,AA,AG,CC,CC,AA,AG,CC,TG,GG,AA,TT,CC,NN,NT,GA,GA,CC,GA,GG,TC,AA,GA,AG,TC,NC,TT,GG,CA,GA,AG,GG,NN,TC,GA,TT,TT,GG,GG,GG,TT,GG,GA,CC,CN,CT,TC,GG,CC,CC,AA,TT,GT,GG,NN,CC,TC,AG,TT,CC,AG,GG,NN,CG,GG,TT,GG,CC,NN,TT,CC,GG,AG,TT,CC,CC,TC,TG,AA,TG,AG,AT,TG,CC,AA,TT,NT,CC,GG,CT,CC,AG,AA,TT,TT,TT,CC,AT,AA,GT,AG,TG,GG,CC,GA,GG,AG,NC,GA,GA,GG,TT,TT,CT,CC,TN,GA,TC,GN,AC,AG,GG,GG,GG,TC,TT,CC,GA,AA,AG,AA,AA,GG,CG,AA,TC,CC,AA,TC,TC,AA,AC,NN,AA,NT,GT,TT,AA,CT,AA,TT,CC,AA,GG,AG,GA,TA,GG,GT,TC,AG,CC,GG,TT,TG,GT,AG,TC,TT,NN,TN,AA,CC,TT,TG,TT,GG,TT,AA,GG,GG,CC,GG,GG,AG,TT,TT,TT,CC,GG,GG,NT,TT,CC,CT,GG,NN,TT,CC,CT,AA,AG,GG,CT,TT,TC,AA,AA,NN,CC,TT,GT,TN,AA,TT,AA,GG,GG,CC,GG,AC,CC,TA,TT,AA,CC,CT,CT,CC,NN,CG,CC,TT,CC,GG,CC,TC,CC,GC,AA,AA,CC,CC,TT,AA,TC,AA,AA,TT,GG,GG,CC,NN,GA,AA,CT,AT,TG,AG,AA,AA,CC,AA,CG,TC,NC,NT,NT,GG,TT,GG,GG,NN,AA,AG,TT,AA,AG,CC,AC,CC,NN,CA,AC,GN,CC,GG,TT,AA,NN,GG,CC,AA,TT,AC,GG,TG,AG,GG,CC,AT,CC,AA,CC,GA,GG,GG,CT,GG,AA,TT,NN,CC,CT,AA,CC,CT,NN,GN,GG,AA,TC,CT,NC,GG,TT,AA,AA,TT,AA,TC,GT,AA,GG,AA,CT,GG,CC,NN,AG,AA,TT,GG,GG,TA,AA,AA,CC,CC,AT,NC,AG,GG,TC,CT,CT,AG,GG,CC,GG,AA,GG,GA,AA,TT,AA,AA,AA,AT,CC,GA,CC,GG,CC,TT,NA,CC,NC,NN,AA,CC,AA,AA,TC,AA,TC,AA,AA,TC,NN,NN,CC,AA,CT,TA,CC,AG,TT,GG,AT,NC,GG,CC,CC,CC,GG
Iberian population in Spain,,,,HG01606,,NA,CC,AA,TT,CT,GG,TT,TT,CC,NN,NN,GG,CC,CC,GC,TC,GA,GG,AG,CC,CC,AA,TG,TT,GG,CC,TT,AG,CC,CC,NN,TC,NC,AA,GG,GA,GG,GA,AC,AG,TT,AC,CC,NN,TT,NN,CC,AA,NC,CC,CC,AA,AG,CC,GG,CT,GG,TT,GA,GA,CT,AG,GG,CG,CC,GG,AG,AN,TT,CC,TT,NN,NN,CC,AA,CC,CC,AA,AA,GA,GG,CC,CC,AC,GA,TC,GG,GG,AA,AT,CC,NN,TN,GG,GA,CC,AA,GG,CC,AA,GG,GA,CT,NN,TT,AG,AA,AA,GA,GG,NN,CC,AA,TC,TT,GG,AA,GG,TT,GG,AG,CC,NN,CT,CC,GG,CC,CC,GG,TG,TG,GA,NT,TC,TC,AA,TT,CC,GA,GA,NN,CG,GG,TT,GG,CC,NT,CC,CC,TG,AA,CC,GC,CC,TT,TT,AA,GT,AG,AA,GT,CT,AA,CT,TN,GC,GG,CT,CC,GG,AA,TT,CC,TT,CC,TT,CC,GT,AA,TT,GG,CC,GG,GG,AA,NN,GA,GG,GG,NN,TT,CT,CC,TT,GG,TT,GG,AA,GG,AG,AG,GG,TT,TG,CC,GA,AA,AA,GA,GG,GG,GG,AA,CT,CC,AG,CC,CT,AC,AA,NN,AA,NT,GG,CC,GA,CC,AA,TT,CG,AA,TG,AA,AA,TT,GG,GG,CC,GG,CC,AG,TT,TG,GG,GA,TT,TT,NN,NT,AT,CC,TT,GG,TN,GG,TT,AA,GG,TT,CC,GG,GG,GG,TN,TC,GG,TT,GG,GG,NT,TT,AC,CC,GA,NC,TT,TC,CT,AA,AA,CG,TT,TT,CC,CA,AA,NN,CC,TT,TG,TN,AA,TT,AA,GA,AA,CC,GG,AA,TT,AT,TT,AA,CC,CC,CC,TT,NN,CG,CC,TT,CC,AG,CC,CC,CC,GC,AA,GA,CC,CC,TG,AA,CC,AA,AA,AA,GG,GG,CC,NA,GG,NN,TT,AA,GT,GG,GA,AA,CC,GA,CC,CC,NC,NT,TT,CG,CT,TG,GA,NN,AA,GG,TT,AA,AG,CG,CC,CC,NN,AA,CC,GN,CC,GG,TT,AA,NN,GA,CT,AA,TT,CC,GG,GG,GG,GA,CC,TA,TC,AA,CC,AA,AG,AG,CC,CC,GG,TT,AN,TC,TT,GG,GG,TT,AN,GN,GG,AA,CC,TT,NC,CC,TT,AA,AA,TT,AA,TC,GG,AA,NG,CA,CC,GG,CT,NN,AA,AG,TC,AA,GG,AA,AC,AA,NC,CC,AA,NN,AG,GG,CT,TT,CC,GG,GG,CT,GG,AA,GG,GA,GA,TC,AA,CA,AG,TT,NC,AA,CC,GG,CC,TC,NN,TC,CN,CN,AA,CT,AA,AA,CC,GA,CC,AA,AA,CC,NN,CC,TC,AA,CC,AA,CC,AA,TT,TG,AT,CC,GG,TT,CC,CC,CG
Iberian population in Spain,,,,HG01607,,AA,CC,AA,TT,TC,GG,TT,GT,CC,NN,NN,GG,CC,CT,GG,TT,AA,GC,GG,CC,CC,AA,TG,TT,GG,NN,TT,GG,CC,AC,TT,CC,NC,AA,TT,GA,AG,AG,CA,GA,CC,AA,TT,NN,CC,NN,CT,AA,CC,CC,TC,AA,GA,AA,AA,CC,GG,TT,GA,GG,TT,GA,GT,CC,CT,GG,GG,AA,TT,CC,TA,NN,NN,CC,TT,CC,TT,AA,AG,AA,GA,CA,CC,AC,AA,CC,GG,GG,AT,AT,CC,GN,NN,GG,GG,CC,GA,GG,CC,AA,AG,AA,TC,NN,TT,GG,AA,AA,AA,AA,NC,CC,AA,TT,TT,GT,AG,AG,CT,GG,AG,CC,CN,CC,CC,GA,TC,CG,AA,GT,TG,GG,TN,TC,TT,AA,TT,CC,AG,GG,GN,GC,GG,TT,GG,GC,NN,TT,TC,TG,GG,CC,CG,CC,TT,TT,AA,TG,AA,AA,GG,CT,AA,CC,NT,CC,GA,TT,TC,GA,GA,TT,CC,TT,CC,TA,CC,GG,AG,TT,GG,CC,GG,GA,AA,NC,AA,GG,GA,NT,TT,TC,CC,TT,GG,TT,NN,AA,GG,GG,AG,GG,TT,TT,CC,AG,AA,AA,AA,GG,GG,GC,CC,TT,TC,GG,CC,CC,AA,AA,TT,AA,TT,TG,CT,AA,TC,AA,TT,CC,AG,GG,GG,GG,TA,GG,GT,TT,GA,CC,GA,TT,GG,TG,GA,TC,TT,NN,TN,TA,CC,TT,TG,NT,AG,TT,AA,GG,GG,CC,TG,AA,GG,NT,TT,TT,TT,GN,GG,TT,TT,CC,TC,AG,NN,CT,CC,TT,CA,GG,CC,TC,TT,CT,AA,AA,NC,CC,TT,TT,TN,AA,TC,GA,AG,GG,CC,GG,AA,TT,AA,TT,AA,TC,CC,TC,TC,NN,GC,GC,TT,CC,GG,CC,CC,CN,CC,GA,GA,CC,CC,GT,AA,TC,AA,AA,TT,GG,AA,CT,NN,GG,NN,TT,AA,GG,AG,AA,GA,CC,AG,CC,CC,CC,TN,NT,GC,TT,TG,GG,NN,GG,AG,CT,GA,AA,CC,AC,CC,NN,AC,CC,NG,TC,GG,GT,AA,NN,GG,TC,AA,TT,CA,GG,GG,GG,GG,CC,AA,TC,AA,CC,AA,GG,GG,TC,CC,GG,TT,NN,CT,TT,AA,CG,CC,NN,GN,GG,AA,CC,TT,CN,CG,TG,AA,GA,TT,AA,TT,TG,AA,NG,AA,CC,GG,TT,NN,GA,GG,TT,GG,GG,AA,AC,AG,NC,CC,TA,NN,AG,GG,CT,TT,CT,GG,GG,CC,GG,GG,GG,GG,AA,TC,AA,AC,GG,TT,CC,GG,CC,GG,CC,CC,NN,CC,NN,NN,AA,CC,AA,AA,TT,AA,CT,AA,NA,CC,NN,CN,CC,AA,CT,AA,CC,AG,TT,GG,AT,CN,GG,CC,CC,CC,GG
Iberian population in Spain,,,,HG01608,,NA,TC,AA,TT,TT,GG,TT,TT,CC,NN,NN,GG,CC,CC,CG,TT,GA,GG,AG,GC,CC,AA,GG,TT,GG,CN,TT,GG,TC,AA,NT,CC,NN,GA,TT,GG,AG,GA,CC,GG,CC,AC,CC,NN,TC,CN,TC,AA,NC,CC,CC,AA,AG,CC,AG,CT,GG,TT,GG,GA,CC,AG,GT,CC,TC,GC,GA,AA,TT,CC,TT,NN,NN,CN,AA,CC,CT,AG,AA,GG,AG,CC,TC,AA,AA,CC,GG,GG,AA,TT,CC,GG,NN,GG,AA,CC,GA,GG,CC,AA,AG,AA,TT,NN,TT,GG,AA,AA,AG,GG,NC,CC,GG,TC,TT,GG,GG,GG,TT,GG,AA,TC,CC,CC,CC,GG,CC,CC,AA,TG,GG,GG,NT,CT,CT,AA,TT,CC,GG,GA,NN,CC,GG,TT,GG,CC,NN,TT,CC,GG,AG,CC,GG,CC,CT,TT,AA,GG,AA,AA,GG,CT,AA,CC,NN,CC,GG,CC,CC,GG,AG,TT,CC,TT,CC,AT,AA,TG,GA,TT,GG,CC,GG,GG,AA,CC,GA,GG,GG,TN,TT,CT,CT,TT,AG,TT,NG,AA,GG,GG,GG,GG,CC,GT,CC,GG,AA,AA,AA,AG,GG,GG,CA,CT,CT,GG,CC,TT,AA,AA,NN,GA,TN,GT,CC,GA,TT,AA,TT,GG,AA,TG,GG,AA,TT,GG,TT,TC,GG,CC,AG,TT,GT,TG,GG,CT,TT,NN,TT,AT,CC,TT,TT,TN,GG,CT,AG,GG,GT,CC,GG,GG,GA,TT,TT,GT,CT,GG,GG,TT,TC,CC,CC,AA,NC,TC,CC,TC,AA,GA,CG,TT,TT,CT,AA,AA,NN,CC,TT,GT,NN,GA,TC,AA,GA,AA,TT,GG,AA,CC,AA,TT,AA,CC,CC,TC,TT,NA,CG,CC,TT,CT,GG,CC,CT,NN,GG,AA,AA,CC,CC,TG,GA,CC,AA,AA,AT,GG,GG,CT,NN,GG,AN,TT,AA,TG,GA,AA,AA,CC,GA,CG,CT,CN,TN,TT,CC,CT,TG,GG,NN,AA,GA,TT,GA,AG,CG,CC,CN,TN,CC,CC,NN,CT,GG,TT,AA,NN,GG,TT,AA,TT,CA,GG,GT,GG,AG,CC,AA,CT,AG,CC,AA,AA,GG,CT,CC,GG,TT,NN,CC,TT,GG,GG,TC,AN,GN,GG,AA,CT,TC,NN,CC,TT,AA,AG,TT,GA,TT,GG,AA,NG,AA,CC,AG,TC,NN,AA,AA,TT,GG,GC,AT,AC,GA,NC,CT,TT,NN,AG,GG,CT,TT,CC,AG,GG,CT,GG,AG,AG,GG,AA,TT,AA,CC,AG,AA,NC,AA,CT,GG,CC,TT,NN,TC,CN,CC,AC,CC,AA,AA,TT,AG,TT,NN,AA,CC,NG,NC,CC,AA,TC,AT,CC,AA,TT,TG,TT,CN,GG,TC,CC,CC,GG
Iberian population in Spain,,,,HG01610,,AN,TC,CC,TT,TC,CG,TC,TG,CT,CN,NN,GG,CC,CC,CG,TT,GG,GG,GA,CC,CC,AA,GG,TT,GA,NN,TT,GG,CC,CC,NN,CC,CN,AA,TG,AG,GA,GA,AC,AG,CC,AA,CC,NN,TC,NN,CT,AA,CC,CC,TC,AA,AG,CC,GG,CT,GG,TG,GG,AG,TC,GG,GT,CC,CC,GG,GG,AA,CT,CC,TT,NN,NN,NC,AA,CC,TC,AA,GA,GG,GG,CC,CC,CC,GA,CT,GG,GG,AA,TT,CT,NN,NN,AG,AA,CC,GA,GG,TC,AC,GG,AA,TC,NN,TT,GG,CA,AA,GA,GG,NN,CT,GA,CT,TT,TG,GA,GG,TC,GG,AA,CC,NN,CC,CC,GG,CC,CC,GA,TT,GG,GG,NN,TC,CC,AG,TT,CC,GA,GA,NN,CG,GG,TT,GG,CC,NN,TT,CC,TT,AG,CC,GG,CC,CC,TT,AA,GT,GA,AA,TG,CC,GG,CC,NT,GC,GG,TT,CC,GG,AA,TT,CC,TT,CC,AT,AA,TG,GA,GT,GG,CC,AG,GG,AA,NN,AA,AA,GG,TT,TT,CC,CT,TT,AA,TT,NN,AA,GG,GG,GG,GG,TT,TT,CC,GG,AA,AA,GA,AA,GG,GC,AA,TC,CT,GG,CC,CC,AA,CA,NN,GA,NN,GT,CC,AA,TT,AA,TT,CC,AA,GG,GA,AA,AA,GG,TT,TC,AG,CT,AA,TT,GT,GG,AG,TC,TT,NN,TT,TA,CC,TT,GG,NN,GA,CT,AA,GG,GG,CC,GT,AG,GA,NT,CT,TG,TC,GN,GG,TT,TC,CC,CC,AG,NN,TT,CC,CT,AC,GG,CG,TT,NT,CC,AA,AG,NC,CC,TT,GG,NT,AA,TT,GA,GA,GA,CC,AG,AC,CT,TT,TT,AA,CC,CC,CC,TC,NA,GC,CC,TC,CC,GA,CA,CC,NN,GG,AG,AG,CC,TC,GG,AA,TT,AA,AA,AT,GT,AG,TC,AN,GG,NN,TT,AA,TG,GG,GA,AA,TC,GA,GC,CC,CC,NN,NN,GG,TT,TT,GG,NN,AA,AA,TT,GG,GA,CC,AA,CC,NN,AC,CC,NG,CC,GG,TG,AA,NN,AG,CT,AA,TT,CC,GG,TG,GG,AA,TC,TA,TT,AA,CC,GG,GG,GG,CT,CC,GG,TT,NN,CC,CT,AG,GG,CC,NN,GN,GG,AA,CT,TC,NN,GC,TT,AA,GA,TT,AA,TC,GG,TA,NN,AA,CC,GG,CC,NG,AA,AA,TT,GG,GG,AA,AA,AA,NN,CC,TT,NN,AA,GG,CC,TC,CC,GG,GG,CC,GG,AA,GG,GG,GA,TT,AA,CA,GG,AT,CN,GA,CC,GG,CC,TT,NA,CT,CC,NN,AA,CC,AA,AA,TC,GA,TT,AA,AN,CC,NN,NN,TC,GA,CC,AT,CC,AA,TT,GG,TT,CC,GG,CT,CC,CC,GG
Iberian population in Spain,,,,HG01612,,AA,CC,CC,TT,CT,GG,TT,TG,CC,CN,NN,GG,CC,TC,CC,TT,GG,GG,GA,CG,CT,AA,GT,TT,GG,CC,GT,GA,CC,CA,NT,CC,CN,AA,TT,AG,AG,AA,CC,GG,CT,CC,CC,NN,TT,NN,CC,AA,NC,AC,CC,AA,AG,CC,GG,CC,GG,TT,GG,AG,CC,GA,GT,CC,CC,GG,AA,AA,TT,CC,TT,NN,NN,NC,AA,CC,TT,AA,GG,GG,GG,CC,CC,AA,AG,CC,GG,GG,AA,TT,CT,NG,NT,GG,AG,CC,GA,GG,CT,AC,GG,AA,TT,NN,TC,AG,CA,GA,AA,AA,CN,CC,AG,CC,TT,GG,AG,GA,CT,GG,AA,CC,NN,CT,CC,GG,CT,CC,GG,GG,GT,GA,TN,TC,CC,AG,TT,CC,AA,AG,NN,GG,GG,TT,GG,CC,NN,CT,CC,GT,GA,CC,GG,CC,CT,TT,AA,GG,AA,AA,GG,CC,AA,CC,NN,CC,GG,TT,CC,GG,AG,TT,CC,TT,TC,TT,AC,TT,GA,TT,GG,CC,GG,GG,AA,NC,GA,GG,GG,NN,CT,TC,CC,TT,GG,TC,GN,AA,GG,GG,AA,GG,TT,GT,CC,GA,AA,AA,AA,GA,GA,CG,AA,CC,TC,GG,CC,CC,AC,AC,TN,GG,NN,GT,CC,AG,TT,AA,TG,GC,AA,GT,GA,GA,TA,GG,GT,CC,GG,CC,GA,TT,TG,GT,AA,CT,CT,NN,NT,AT,CC,TT,TG,TT,GG,TT,AA,GG,TG,TC,TG,GG,GG,TT,TT,TT,CT,GG,GG,TT,TT,CC,CC,GG,NC,TT,TC,CC,AA,AG,CC,TT,TT,TC,AA,AA,NN,CC,TT,GG,TN,AA,TT,GA,AA,AG,TC,GG,AA,CC,AA,TG,AN,CC,CC,TC,CC,AN,CC,CC,TT,CT,GG,CC,CC,NN,GG,AA,GA,CC,CC,TT,AA,CT,AA,AA,TT,GG,AG,CC,NN,GG,NN,TT,AA,GT,GG,AG,GA,CC,GA,GG,CT,CN,NN,NT,GG,CT,TG,GG,NG,AA,GA,CT,AG,AA,GG,CA,CC,TN,CA,CC,NG,CC,GG,TT,AA,NN,GG,CC,AA,TT,CC,GA,GG,AA,GG,CC,AT,TT,AA,CN,GG,GA,GG,TT,CG,GA,TT,NN,CC,TT,GA,GC,CC,NN,GG,GG,AA,CC,TC,NN,GC,GG,AA,AA,TT,AG,TT,GG,AA,NN,AA,CC,GG,CC,NN,AG,GG,TC,GG,GG,AA,CA,GA,NN,CT,AT,CN,AG,GG,CT,TC,CC,GG,GG,CC,GG,GA,GG,GG,AA,CT,AA,AA,GG,AT,CN,AA,CC,GG,CC,CC,NN,CT,NC,NC,AA,CT,AA,AA,TC,AG,CC,AA,AN,TC,NN,CN,CC,AG,TT,TA,CC,GA,TN,GG,TT,CN,GG,TC,CC,CC,CC
Iberian population in Spain,,,,HG01613,,NA,CC,CA,TT,TT,GG,TT,TT,TC,NN,NN,GG,CC,CC,GC,TT,AA,CG,GG,CC,CC,AA,GG,TT,GG,NN,TT,GG,CC,AA,NN,CC,CC,AA,GT,GG,AA,GG,CA,GA,CC,AA,CC,AN,TC,NN,CC,AA,CC,CC,CC,AA,AA,CC,AG,TT,GA,TT,GG,GG,TT,GG,GT,CC,CC,GG,GA,AA,TT,CC,TT,NN,NA,NC,TA,CC,CT,AA,AA,GG,AG,CC,CC,AC,AG,CC,GT,GG,AA,TT,CC,NN,NN,GG,AG,CC,GA,GG,CC,AA,AG,AG,TT,NN,TT,GG,AA,GG,AG,AA,NN,CT,GG,CC,TT,GG,GG,GG,TC,GC,AA,CC,NN,CT,CC,GG,CC,CC,AA,TT,GG,AG,NN,CT,CC,AA,TT,TC,GG,AG,NN,CG,GG,TC,GG,CC,NN,CT,CC,GT,GA,CC,GG,CC,CT,TT,TA,GT,GA,AA,TG,CT,AA,TC,TT,CC,AG,CC,CT,GA,GA,TT,CT,TT,CC,TT,AA,TT,GG,TT,GG,CC,GG,GG,AA,NN,AA,GG,GG,NN,TT,CT,CT,TT,AG,TC,NG,AA,GA,GG,GG,GG,TC,GT,CC,GA,AA,AA,AA,AA,GG,GG,CA,TT,TT,GA,CC,CT,AA,AA,TT,AA,TN,GT,CC,AA,TC,AA,TT,GC,AA,GT,AA,GA,AT,CG,GG,CC,GG,CC,AG,TT,GG,TG,AG,CT,CT,NN,TN,TT,CC,TT,TG,NN,AA,TC,AA,GG,GG,CC,GT,GA,AG,TT,TT,GG,CC,GN,GG,TN,TT,CC,TC,GG,NN,TT,TC,CC,CA,GA,CC,TT,TT,CT,CA,AA,NC,CC,TT,GG,NN,AA,CT,GA,AG,GA,CC,GG,CA,CC,TA,TT,AA,TC,CC,TT,CC,NN,GG,CC,TT,CT,GG,CC,CC,CN,GG,AA,AG,CC,CC,TT,AA,CC,AA,AA,TA,TG,GG,CC,NA,GA,NN,TT,AA,GG,GG,AG,AA,CT,GA,GC,TT,CN,NN,NN,GG,CC,GT,GG,GN,AA,AA,TC,GG,GA,CC,AA,CC,NT,AA,CC,GN,CC,GG,TT,AA,NN,GG,CC,AA,TT,CC,GG,GG,AG,GG,CC,AA,TC,AA,CC,AA,AG,AG,CC,CG,GG,TT,NN,CC,TC,GA,GG,TT,NN,GN,GG,AA,CC,TT,NN,GC,GG,AA,AA,TT,AA,CC,GG,AA,NN,AA,CC,GG,CC,NN,AA,AA,TT,GG,GG,AA,AC,AG,NN,CC,TT,NN,AA,GG,CC,TT,CC,AG,GG,TC,GG,GG,GG,AG,GA,TT,CA,CA,AA,TT,CN,AA,CC,GA,CC,TC,NA,CC,NN,CN,CA,CT,GG,AA,TC,GA,CT,AA,AA,CT,NN,NC,CC,AA,CC,TT,GG,GA,TT,GG,TT,NC,GG,TC,CC,CC,CC
Iberian population in Spain,,,,HG01615,,AA,CC,CA,TT,CT,GC,CC,GG,CC,NC,NN,GG,CT,CC,GC,TT,AA,GG,GG,CC,CC,AA,TG,TT,GG,CC,TT,GG,CC,CC,NN,TC,CC,GA,GG,GA,GG,AG,CC,GG,CC,AC,CC,NN,CC,NN,CT,AA,NN,CC,CC,AA,AA,CC,GG,CC,GA,GT,GG,GA,TT,AA,GG,GC,CC,GG,GA,AN,TT,CC,TT,NN,NN,NC,AA,CC,TC,AA,GA,GG,GG,CA,CC,AA,AA,CC,GG,GG,AA,TT,CC,NN,NT,GG,AA,CC,AG,GG,CC,AA,GA,AA,TC,CN,TT,GG,AA,GA,GA,AG,NN,CC,GA,TT,TT,GG,AG,GA,TT,GG,AA,CC,NN,CC,CC,AG,CC,CC,GA,TG,GG,GA,NN,CC,TC,AA,CT,CC,GA,GA,NN,GG,GA,TT,GG,CC,NN,TT,CC,GT,AA,CC,CG,CC,TC,GT,AT,TG,AA,AA,GG,CT,AA,CC,NN,CG,AG,CC,CC,GG,GA,TT,CC,TT,CC,TT,AC,TG,GG,TT,GG,CC,GG,GG,AA,NC,AA,GG,GG,NT,TT,TC,TC,TT,GG,CT,GN,AA,AG,GG,GG,GG,CT,TT,CC,AG,AA,AA,AA,AG,GG,GG,CC,CC,CC,GG,CC,TT,CC,AA,TT,AA,NN,TT,CC,AA,CC,AA,TT,CC,AA,GG,AA,GG,AA,GC,GG,CC,GG,CC,AA,TT,TG,GT,GA,CC,CC,NN,NT,TT,CC,TT,TT,TN,GA,CT,AA,GG,GG,CC,GG,GG,GA,NT,CT,GG,TC,NN,AG,TT,TT,CC,TT,GG,NN,TT,CT,CC,AC,GG,CC,CT,TT,TT,AA,AA,NC,CC,TT,GG,TN,AA,TT,GG,AA,GG,CT,GG,AA,TC,TT,TT,AA,CC,CC,CC,CT,AN,GC,CC,TT,CC,GG,CC,CT,CN,CC,AA,AG,CC,CC,GT,AA,CC,AA,AA,TT,GG,GG,CC,NN,AG,AN,TT,AA,TT,GG,AA,GA,CT,GA,GG,TT,NN,NN,NN,GC,TT,GG,GG,GG,AA,GA,TT,AG,AA,CC,CA,CC,NT,AA,CC,NN,CC,GG,TT,AA,NC,GA,TC,AA,TA,AC,GG,TG,GA,GG,TT,AA,CT,AA,CC,AA,GG,GG,CC,GG,GG,TT,NN,TC,TT,AG,GG,TC,NN,NN,GG,AG,TC,CT,NN,CC,TG,GA,GG,TT,AA,TT,TG,AA,NN,AA,CC,AG,CT,GN,AG,GA,TT,GG,GG,AA,AA,AA,NN,CC,AT,NN,AG,GG,TC,CT,CC,GG,GG,CT,GG,AA,GG,AG,AG,TT,AA,CA,AA,TT,CN,GA,CC,AG,CC,CT,NN,TC,NC,NC,AA,TT,AA,AG,TT,GG,TT,AN,NA,CT,GN,NN,TC,AA,CC,TA,CC,AG,TT,GG,TT,CN,GG,CC,CC,CC,GG
Iberian population in Spain,,,,HG01617,,AN,CC,AC,TT,CC,CG,TC,TG,CT,NN,NN,GG,CT,CC,CC,TT,GG,GG,GA,CG,CC,AA,TG,TC,GA,NC,TT,GG,CT,AC,TN,TT,CC,AA,GG,GG,GA,GA,AA,AG,CT,CC,CC,NN,TC,NN,CC,AA,NC,CC,CC,AA,GA,AC,AA,CC,AA,TT,GA,GG,CC,GG,TT,CC,CC,GG,GG,AA,TT,CC,TT,NN,NN,NC,AA,CC,CT,AA,GA,AG,GG,CC,CC,AA,AA,CC,TG,GG,AA,TT,CT,NN,NN,AG,GA,CT,AG,GG,CC,AA,GG,AA,TC,NN,TT,GG,AA,AA,AA,AG,NN,CT,GA,TC,TG,GG,GG,GG,CT,GG,AG,TC,NN,CT,CC,GG,CC,CC,GG,TT,GT,GA,NN,TT,CT,AG,TT,CC,GG,AA,NN,CG,AA,TT,GN,CC,NN,TT,CC,GG,GA,CC,GG,CC,TT,GT,AA,GG,AG,AA,GG,CT,AG,CC,NN,CG,GA,CC,CT,GG,AG,TT,TC,TT,TC,TA,CA,TT,GA,TT,GG,CC,GG,GG,AA,CC,AA,GA,GG,NN,TT,CC,CT,TT,GG,TT,NN,AA,GA,GG,GG,GG,TT,TT,CC,AA,AA,AA,AA,AG,GG,GG,AA,CC,TT,GG,CC,CC,AA,AA,NT,AA,TN,TT,CC,AG,TT,AA,TT,GG,GA,GG,GG,AA,TT,CG,GT,CC,GG,CC,AG,TT,GT,TG,AG,CC,CT,NN,NT,AA,CC,TT,GT,NN,AG,TT,GA,GG,GT,CC,GG,GG,GG,TT,TT,GG,CT,NG,GG,TN,TT,CC,CC,AG,NN,CT,CC,CC,CA,GG,CC,CC,TN,CC,AA,AA,NC,CC,TT,GG,NN,AA,TC,GA,GA,GA,CC,AG,AA,CC,AA,TT,NA,CC,CC,CC,CC,NN,CG,CC,TC,CC,GA,CC,CT,NN,GG,AA,AA,CC,CC,GT,AG,CC,AA,AA,TT,GG,AG,CC,AN,AG,AA,TT,AA,GT,AG,AG,GA,CC,AA,CC,CT,NC,NT,TN,CG,TT,TT,GG,NN,AA,AG,TT,GG,AA,CC,AA,CC,TT,CA,CC,GG,CC,GG,GT,AA,NN,GG,CC,AA,TT,CA,GG,TG,AG,AG,CC,TA,TT,AA,CC,GA,AG,AG,CT,CC,GA,TA,AN,CC,TT,GA,GG,CC,NN,NN,GG,GA,TC,CT,NN,GG,TT,AA,AA,TT,AG,TC,TT,AA,NN,AA,CC,AA,TC,NN,AA,AG,TT,GG,GG,AA,CA,GA,NC,CC,TT,NN,AG,GG,CC,TT,CT,GG,GG,CC,GG,AA,GG,GA,AA,TT,AA,AC,GG,TT,CC,AA,TT,GG,CC,CC,NN,CC,NN,CC,AA,CC,AG,AA,CC,AG,TT,AA,AA,CC,GN,NN,TC,AA,TT,AA,CC,AG,TT,TG,TA,CC,GG,CC,AC,CC,GG
Iberian population in Spain,,,,HG01618,,AN,CC,AA,TT,CT,GG,TC,GT,CC,NN,NN,GA,CC,CC,CG,TC,GA,GG,GA,CG,CC,AA,GG,TT,GG,CN,TT,GG,CC,AC,TN,CC,CN,AA,GG,AA,GA,AG,CC,GG,CC,AA,CC,NN,TT,NN,CC,AA,CN,CC,CT,GA,GG,CC,AG,CC,GA,TT,AG,AA,TT,GG,GG,CG,CC,GG,AG,AA,CC,CC,TT,NN,AN,NC,AA,CC,TT,AA,AA,GG,AG,AC,CC,AC,AA,CC,TG,GG,AA,AT,CC,NN,NN,AA,AA,CC,GG,GG,CC,AA,GG,AA,TT,NN,TT,AG,AA,AG,GG,AA,NN,CC,GG,TC,TG,GG,AA,GG,CT,GG,AA,TC,CC,CC,CC,GG,CC,CC,GA,GG,GG,AG,NN,TT,TC,GA,CT,CC,GG,GG,NN,CG,GG,TT,GG,CG,NN,TT,CC,GT,AA,CC,GG,CC,CT,GT,AT,TG,AA,AA,GG,CC,AA,CC,NT,CG,GG,TT,CC,AG,GA,TT,CC,TT,CC,TT,AA,GG,AG,TT,GG,CC,GG,GG,AA,NN,AA,GG,GG,TN,TT,TC,TT,TT,GG,TT,NN,AA,AG,AG,AA,GG,TT,TT,CC,GA,AG,AA,AA,GA,GG,GG,CC,TC,TC,GA,CC,CC,AA,AA,NN,GA,NT,TG,CC,GG,TT,AA,TT,GC,AA,GG,GA,AG,TT,GG,GG,CC,GA,CC,AA,TT,GT,GG,GA,CT,CT,NN,TN,AT,CC,TT,TT,NT,GG,TT,AG,AG,GT,CC,GT,GG,GG,TT,TT,TT,TT,GG,GG,TT,TT,CC,CT,GA,NN,TT,CC,TT,AA,GA,CG,CC,TN,CT,CA,AA,NC,CC,TT,GT,NT,AG,CC,AA,GG,GG,CC,AG,AC,TC,AT,TT,NA,CC,CC,CC,CT,NA,CC,CC,TT,CC,AG,CA,TC,CC,GG,AA,AG,CC,CC,GG,AA,CT,AA,AA,TT,GT,GG,CC,NA,AG,NN,TT,AA,GG,GG,GA,AA,CT,GA,CG,CC,CC,NN,NN,CG,CT,TG,GG,NN,AA,AA,TT,AG,AA,CG,AA,CC,NN,AA,CC,NN,CC,GG,TT,AA,NN,GG,CC,AA,TT,CC,GG,GG,GG,GA,CC,TT,CC,AA,CC,GG,GG,GG,CT,CC,GG,TT,NN,CC,TT,AG,GG,TC,AA,GN,GG,AG,TC,CT,NN,CG,TT,AA,AA,TT,AA,TT,GG,AA,NN,AA,CC,AA,TT,NN,AA,AG,TT,AA,GG,AT,CC,AA,CC,CT,TT,NN,AA,GA,CT,TT,TC,GG,GG,TC,GG,GA,GG,GG,GA,TT,AA,CA,GA,TA,CC,GA,CC,GG,CC,TC,NN,CC,CC,CC,AA,CC,GA,AA,CT,GA,CC,AA,AA,CT,NN,CN,CC,AA,CT,AT,CC,GA,NT,GT,TT,CC,GG,CC,AC,TC,GG
Iberian population in Spain,,,,HG01619,,AN,CC,CA,TT,CC,CG,TT,GG,CC,NN,NN,GG,CC,CT,GG,TT,AA,GG,GA,CC,CC,AC,GG,CT,GA,CN,TT,GG,CT,AA,NN,CC,CC,AG,TT,GG,AA,GA,AC,GG,CC,AA,CT,NN,CC,NN,CC,AA,CC,CC,CC,AA,GG,CC,GG,TT,GG,TT,AA,AG,CC,AG,GG,CC,CC,GG,GG,NA,CT,CC,TT,NN,AN,CC,AA,CC,CT,AA,GA,GG,GG,CC,CC,AA,GG,CT,TG,GG,AA,TT,TC,NN,NN,AG,AA,CC,AA,GG,CC,AA,GG,AG,TT,NN,TT,GG,AC,GA,AG,GG,NN,CC,GG,TT,TT,GG,GG,GG,TC,CG,GA,CC,NN,CT,CC,GG,CC,CC,GG,TT,GT,GA,NN,CT,CT,AA,TT,TC,AG,GA,NN,CG,GA,TT,GG,GC,NN,CT,TC,TG,AA,CC,CG,TC,CT,TT,AA,TG,AA,AA,GG,TT,GG,CC,NT,GC,GG,TC,CC,AG,GA,TT,CC,TT,CC,TT,AA,GT,AA,GT,GG,CC,GA,GG,AA,NN,AA,GG,GG,TN,TT,CT,TC,TT,GG,CT,NN,AA,GG,GG,GG,GG,TT,GT,TT,AG,AA,AA,AA,GG,GG,GG,AC,CT,CT,GG,CC,TC,AA,AA,NN,AG,NT,TG,CT,AA,CC,AA,TT,CC,AA,GT,GA,AA,AT,GG,GG,CT,GA,CC,AA,TT,GT,GT,AG,TC,TC,NA,TN,TT,CC,TT,TG,TT,GG,TT,AA,GG,GT,CC,GG,GG,AA,TT,TT,TT,CT,NG,GG,TT,TT,CA,CC,GG,NN,TC,CC,TT,CA,GA,CC,CT,TT,TC,AC,AA,CN,CC,TT,GT,TN,AA,TT,AA,AG,AA,CT,GG,AA,CT,AT,TT,AA,CC,CT,CC,CT,NA,GC,GC,TT,TC,GG,CA,CC,NN,GG,AA,AA,CC,CC,GT,AA,TC,AA,AA,TA,GG,GG,CC,NN,GA,AN,TC,AT,GT,GG,GA,GA,CC,GA,GC,TT,NC,TN,NT,CC,CC,TT,GG,NN,AA,AG,TT,AA,GA,CC,CA,CC,NT,AA,CC,NN,TT,GG,GT,AA,NN,GG,CT,AA,TT,CC,GG,GG,GG,GG,CC,TT,CT,GA,CC,GA,GA,GA,CC,GC,GG,TT,NN,CC,TC,GG,GG,CC,NN,NG,GG,AA,TT,CC,NN,GG,GG,AA,AA,TT,AA,TT,GT,AA,GN,AA,CC,GG,TC,NN,AG,AG,TT,AG,GG,AA,AA,AA,NC,CC,AA,NN,GG,GG,CC,CT,TC,GG,GG,TC,GG,AA,GG,GG,AA,TC,AA,AA,GA,AT,CN,AG,CC,GG,CC,CC,NN,CC,NC,CN,AC,CC,GG,AA,CT,GG,CT,AA,AA,TT,NN,CN,CC,AA,CT,TA,CC,AG,TT,GG,AT,CC,GG,CT,CC,CC,GG
Iberian population in Spain,,,,HG01620,,NA,CC,AA,TT,TT,GG,TC,TT,TC,CN,NN,GG,CT,CC,CG,TT,AA,CG,AG,CC,CC,AA,GG,TT,GA,CN,TT,GG,CC,CC,NN,CC,NN,AG,GG,GA,AG,AG,CA,GG,TT,AA,CC,NN,TC,NN,CC,AA,NN,CC,CC,AA,AA,CA,AG,CC,GG,TT,GG,AG,TC,AG,GT,GG,TC,GG,GG,AN,TC,CC,AT,NN,AN,CC,AA,CC,CT,AA,AG,GG,GA,CC,CC,AA,AG,CC,GG,GG,AA,TT,CC,GN,NN,GG,GG,CC,AG,GG,CC,AA,GG,AA,CT,NN,TT,GA,AA,AA,GA,AA,CN,TC,AG,TT,TT,GG,GG,GG,TC,GG,GG,CC,NN,CC,CC,GG,CC,CG,AG,GT,GG,GG,TN,CC,CC,GA,TT,CC,AG,GA,NN,GG,GA,TC,NN,CC,NN,TT,CC,GT,AA,TC,CG,CC,TT,TT,AA,TG,GG,AA,GG,CC,AG,CC,NN,CC,AA,CC,CT,GG,GA,TT,CC,TT,CC,TT,AA,TT,GA,TT,GG,CT,AG,GA,AA,CN,AG,GG,GG,NT,TT,TC,CC,TT,GG,TT,GG,AA,GA,GG,GA,GG,TC,TG,TC,GG,AA,AA,AG,AG,GG,CG,AA,CC,TC,GG,CC,CC,AA,AA,TN,GA,TN,TG,CT,AA,TC,GA,TT,CC,AA,GG,GA,AA,TT,GG,GT,CT,GA,CC,AA,TT,TG,TG,AA,TT,TC,NA,TN,AT,CC,TT,GT,TT,GG,TT,AA,GG,TG,CC,GG,GA,GG,NT,CT,TT,CT,GN,GA,TT,TT,CC,TC,GG,NC,TT,TC,CT,AA,GG,CC,TC,TT,CT,CA,AG,NN,CT,TT,GG,NN,AA,CT,GA,AG,GG,CT,GG,AA,TC,AT,TT,NA,CC,CC,CC,CC,NN,CC,CC,CT,CC,GG,CC,CC,NC,GG,AA,AA,CC,CC,GT,AA,CC,AA,AA,TA,GG,GG,TC,AN,AG,NN,TT,AT,GT,GG,AG,AA,CC,AA,CG,TT,NN,NN,NN,CG,CT,TG,GG,NN,AA,AA,TT,GA,AG,CG,CA,CC,NT,AA,CC,GG,CC,GG,TT,AA,CN,GG,TC,AA,TT,CA,GG,GG,GG,GA,CC,TA,TT,AA,CC,AA,GG,GG,TT,CC,GG,TT,NN,CC,TC,GG,GG,CT,AN,NN,GG,AA,CT,TC,NN,CC,TG,AA,AA,TT,AA,TT,GT,AA,GG,AC,CC,GG,TT,NN,AG,AA,TC,GA,GG,AA,AC,AG,CC,CC,AT,NN,GA,GG,TC,TT,CC,GG,GG,CC,GG,AA,GG,GG,AA,CT,AA,AA,AG,AT,CC,AG,CC,GG,CC,TC,NN,CC,CC,CN,AA,CT,AA,AA,CC,AA,TC,AA,AA,TT,NG,NC,TC,AG,CC,AA,CC,GG,TT,GG,AT,CN,GG,TC,CC,CC,GG
Iberian population in Spain,,,,HG01623,,AN,CC,AA,TT,TT,GG,CT,TT,TC,NN,NN,GG,CT,CC,GG,TT,GG,GC,AA,CG,CC,AA,GG,TT,AG,NC,TT,GG,CC,CC,NN,CC,CN,AG,TG,GA,GA,GA,CC,AG,TC,CA,CC,NN,TT,CN,CC,AA,CC,CC,TC,AA,AA,AC,GA,CC,AG,TT,GA,GG,TT,GG,TT,CC,CC,GG,GA,AA,TT,CG,TT,TN,AN,CC,TA,CC,CC,AA,AA,AG,GG,CA,TC,AA,AA,CC,GG,GG,AA,TT,CC,NN,NN,GA,GA,TC,GA,GG,CT,AA,GA,GA,TT,NC,TT,GG,AA,AA,GA,AG,NN,CC,GA,CT,TT,GG,AG,GG,CT,GG,AG,CT,NN,CC,CC,GG,CC,CC,AG,TT,GG,GG,NN,TC,TC,AA,TT,CC,GG,GG,NN,CG,GG,TT,GG,CC,NN,TT,CC,GG,AG,CC,GG,CC,TC,TT,TT,GT,GA,AA,GG,TC,AA,CC,TT,GC,GG,TT,TT,AA,AA,TT,CT,TT,CC,TT,AC,TG,GA,GT,GG,CC,GG,GG,AA,NN,GA,AG,GG,NT,TT,TC,TC,TT,AG,TT,GG,CA,GG,GG,GA,GG,TT,TT,CC,GG,AA,GG,AA,GG,GG,GG,AC,TT,TT,GG,CC,CT,AA,AA,TT,GG,NN,TG,CC,AA,TT,AA,TT,CC,AA,GG,AG,AA,AT,GG,TG,TC,GG,CC,GG,TT,GT,GT,AG,TC,TT,AN,NN,TA,CC,TT,GT,TT,GG,TT,GA,GG,GT,CC,GT,AG,GG,TT,TT,TT,CC,NG,GG,TT,TT,CC,CC,AG,NN,TT,CC,TC,AC,GG,CC,TT,TT,CC,AC,AG,CN,CC,TT,GG,TN,AA,TC,AA,AG,AG,TC,GG,AA,CC,AA,GT,NA,CC,CC,CC,CT,NA,GC,CC,CT,CC,AG,CC,CT,CN,CG,AG,GA,CT,CC,GG,AA,CC,CA,GA,AT,GG,GA,CT,AA,GG,AN,TT,AA,GG,AG,AG,GA,CC,AA,CG,TC,NN,NN,TN,CG,CT,TG,GA,GN,AA,GA,TT,GG,AA,GG,CA,CC,NN,AC,CC,NG,CC,GG,GT,AA,NN,GG,CC,AA,TT,CA,GG,GG,GA,AG,CC,AT,TT,AA,CC,AA,GA,GG,CC,CG,GG,TT,NN,TC,TT,AA,GG,CT,NN,GG,GG,AA,TT,CC,NN,GG,TT,GG,GA,CT,AA,CT,GG,AT,NN,AA,CC,GA,CC,NG,AA,AA,TT,GG,GG,AA,AA,GA,CC,CC,AA,NN,GA,GG,TC,CT,TC,AG,GG,TC,GG,GA,GG,AG,AA,TC,AA,AA,GG,AA,CC,AA,TC,GG,CC,TC,AN,TC,CC,NC,AA,CT,AA,AA,CC,GA,CC,AA,AA,TC,NN,CN,CC,AA,CC,AA,CC,GG,TT,GT,AT,CC,GG,CT,CC,CC,CG
Iberian population in Spain,,,,HG01624,,AN,CC,AA,TT,TC,CG,TC,GT,CC,CN,NN,GG,CC,CC,GG,CT,AA,GG,GG,CC,CC,AA,TG,TT,GG,NC,TG,GG,CC,AA,NT,CC,NC,AA,GG,AG,AG,AG,CC,GG,CT,AC,CC,NN,CT,NN,TC,AA,CC,CC,CC,AA,GG,AA,AA,CC,AG,GT,GA,GA,CC,AG,GG,GG,TC,GG,GG,AN,TT,CC,TT,NT,NN,CC,AT,CC,TC,AA,AA,GA,GA,CC,CC,AC,AA,CT,GG,AG,AA,TT,CC,NG,NN,AG,GA,CT,AG,GG,CC,AA,GG,AA,TC,NN,TT,GG,AA,AA,GA,AG,NC,CC,GA,TT,TT,GG,GG,GG,TC,GG,AA,TC,NN,CC,CC,GA,CC,CC,GG,TT,TG,GG,NN,CT,CT,AG,TT,CT,AA,GG,NN,CG,GA,TT,NG,CC,NN,TT,TC,GT,GA,CC,GG,CC,TC,TT,AA,GG,AA,AA,GG,CC,AA,TT,TN,CC,GG,CT,CC,GG,GA,TT,CC,GT,CC,TT,AA,TT,AG,GT,GG,CC,GG,GG,AA,NN,AG,GG,GG,TN,CT,TC,CC,TT,AA,CT,NN,AA,GG,GG,GG,GG,TT,TT,CC,GG,AG,AA,AA,AG,GG,CG,AA,CC,CC,GA,CC,TT,AA,AA,NN,AA,NN,GT,CC,GG,CC,AA,TT,CC,AA,GT,AG,AA,TA,GG,TG,CC,GG,CC,AA,TT,TG,TG,AG,TT,TT,NN,NT,AT,CC,TT,TT,NN,AA,TT,AA,GG,TT,CC,TG,GA,GG,NT,CT,TT,TT,GG,GA,TN,TC,CC,CT,AG,NN,TT,CC,CT,AA,AG,CG,CC,TT,CT,CA,AG,NN,CC,TT,GG,NN,AA,TT,AA,AA,GA,CC,AG,AA,CT,AA,TT,AA,CC,CC,CC,CT,NN,CG,CC,CT,CC,AG,CC,TC,NC,GG,AA,AG,CC,CC,GT,AA,CC,AA,AA,TT,GG,AG,CC,NN,AA,AN,TT,AA,GG,GG,GG,AA,CC,GA,CC,CC,CC,NN,NT,GC,TT,GG,GA,GN,AG,AA,TT,AG,GG,CG,AA,CC,NN,AA,CC,NG,CC,GG,TT,AA,NN,GG,CT,AA,TT,CC,GG,GG,GG,GG,CC,AA,TT,AA,CC,GA,GG,GG,CT,GC,GG,TT,NN,TT,TT,GA,CG,CC,NN,GN,GG,AA,CC,TT,NN,CC,TG,AA,AA,CT,AA,TT,GT,AA,NN,AA,CC,GA,TC,NN,GA,GA,TT,AG,GG,TA,AA,GG,NN,CC,TT,NN,GA,GG,TT,TT,CC,GG,GG,CC,GG,GA,GG,GG,AA,TT,AA,CA,AA,AT,CC,AA,CC,AG,CC,CC,NN,CC,NC,NC,AC,CC,GA,AA,CT,AA,TT,AA,AA,TT,NN,CN,CC,AA,CC,AT,CC,AA,TT,GG,TT,NC,GG,CT,AC,TT,CG
Iberian population in Spain,,,,HG01625,,AN,TC,AC,TT,TT,GG,CT,GG,CC,CC,NN,GG,CC,CT,CG,TT,AA,GG,GA,CG,CC,AA,TG,TT,AG,NN,TT,GG,CC,AC,TT,TC,CN,AA,GT,AG,AA,GG,AC,GG,CT,CA,CC,NN,TC,NC,TC,GA,CC,CC,CC,AA,AA,CA,GA,CC,AA,TT,AG,GG,CC,AG,GG,CG,TC,GG,GG,AA,CT,CC,TT,NN,NN,NC,AA,CC,TC,AA,AA,AG,GA,AC,CC,AA,AA,CC,GT,AA,AA,TT,CC,NN,NN,AG,AA,CT,AA,GG,CC,AA,GG,AA,CT,NN,TT,GG,AA,AA,AA,GG,CN,CT,AG,TC,GT,GG,GA,GG,CT,GG,AG,TC,NN,CC,CT,GG,CC,CC,GA,TT,GG,GA,NT,CC,CT,AA,TT,CC,AG,GA,NN,CG,GG,TC,GG,CC,NN,TC,TT,TG,AA,CC,GC,CC,CT,GT,AT,GT,GA,AA,GT,CC,AA,CC,NT,GG,GG,CT,CC,GG,AA,TT,CC,GT,CC,TT,CA,TT,GG,TT,GG,CC,AG,GA,AA,NN,GA,GG,GG,NN,TT,CC,TC,TT,GA,CT,NN,AC,GG,AG,AA,GA,TT,TT,TC,GA,AA,AA,AG,AA,GG,GG,AC,TC,TC,AA,CC,TC,AA,AA,NN,GG,TN,TG,CT,AG,CT,AG,TT,CC,AA,GG,GA,AG,TT,CG,GT,TC,GG,CC,AA,TT,GG,GT,GA,CC,CC,NN,NT,TA,CC,TT,TG,TT,GG,CT,AG,GG,GT,CC,GT,GG,GG,TT,TT,GT,TT,GG,GG,TN,TT,CC,CC,GG,NN,CC,CC,TT,AA,AG,GC,CC,TT,TT,AA,AG,NC,CC,TT,TG,NN,AG,CC,AA,AG,AG,CC,GA,AA,TT,AT,TT,AA,CC,CC,TC,CC,NN,CC,CC,TT,CC,GA,AC,CC,NN,CG,AA,AG,CC,CC,GG,AA,TC,AA,AA,TA,GG,GG,CC,AN,GA,NA,TT,TA,TG,GG,GG,AG,CC,GG,CC,CT,NN,NT,TN,CG,CT,GG,GA,NN,AG,AA,TT,AA,AG,GC,CA,CC,NN,AC,CC,GN,CC,GG,TT,AA,NN,GG,TC,AA,TT,CA,GG,GG,GG,GA,CC,AT,TT,AA,CN,GA,GA,GA,CC,CC,GG,TT,NN,CC,TT,AA,GC,TC,NN,NG,GA,AA,TC,CT,NN,CC,TG,AA,GA,TT,AA,TT,GT,AA,GN,AA,CC,GG,CT,NG,GA,GA,TT,AA,GC,AT,CA,GG,CN,CC,TT,NN,AG,GG,CT,CT,TT,GG,GG,CT,GT,AA,AG,GA,AA,CC,CA,AA,AG,AT,NN,GA,CC,AG,CC,TC,NN,CC,NN,CC,AA,CT,AA,AG,TT,AA,CT,AA,AA,TC,NN,NC,TC,AG,CC,AA,CC,AG,TT,TG,TT,CC,GN,CC,CC,CC,GG
Iberian population in Spain,,,,HG01626,,AN,CC,AC,TT,CT,CG,TT,TT,TC,CN,NN,GG,CC,CC,GG,TT,GG,GC,GA,CC,CC,AA,GG,CT,GA,CN,TT,GG,TC,AA,NT,CC,NC,AA,GT,GG,AG,GG,CC,GG,CC,CC,CC,NN,CT,NC,CC,AA,CC,CC,CC,AA,GG,CC,GA,CC,GG,TT,GG,GG,TC,GG,TG,GC,CT,GG,GA,NA,TC,CC,TT,TN,NA,CN,AA,CC,CT,AG,AA,GG,GG,CC,CT,AA,AG,CC,GG,GG,AA,TT,CC,NN,TT,AG,AG,CC,GA,GG,TC,AA,AA,AA,TC,NN,TC,GG,AA,GA,AA,AG,NN,CT,AG,CT,TG,GG,AG,GG,CT,GG,AA,CT,NN,CC,CC,GG,CC,CC,AG,TT,GG,AG,NN,CT,CC,AA,TT,CC,GA,AG,NG,GG,GG,TT,NG,CC,NN,TT,CC,TG,AG,CC,GG,CC,TT,TG,AA,TT,AA,AA,GT,CT,AA,CC,TN,CC,GA,TT,CC,GG,AA,TT,CT,GT,CC,TT,AA,GT,AA,TT,GG,CC,GG,GG,AA,NN,GG,GG,GG,TN,TT,CC,TC,TT,GG,TT,NN,AA,GG,AG,AG,GG,TT,GT,CC,GA,AA,AA,AA,GG,GG,CG,AA,CC,TT,AG,CC,TC,AA,AA,NN,AA,NN,GG,CC,AG,TT,AA,TT,CG,AA,GG,GG,AA,AA,GG,GG,CC,GG,CC,GA,TT,GG,GG,AG,CC,TT,NN,TT,AT,CC,TT,GT,TT,GG,TT,GA,GG,GG,CC,GT,AA,GA,TT,TT,TT,TC,NG,GG,NT,TT,CC,TC,AA,NN,TT,CC,CT,AA,GA,GG,TT,TT,CC,CC,AG,NN,CC,TT,GG,NT,AA,TT,GA,AG,GG,CC,GG,AA,CC,AT,TT,AA,CT,CC,CT,TC,AA,GG,GC,TT,CC,GG,CC,CT,NN,GC,AA,AG,CC,CC,GT,AG,CC,AA,AA,TA,GG,GA,CC,NN,AG,AN,TC,AA,GT,GA,GA,AG,CC,GA,CC,TT,NN,NN,TT,CC,CC,GT,GG,GN,AA,AA,TT,GG,AA,GC,CC,CC,NN,AA,CC,NN,TC,GG,TT,AA,NN,GG,CC,CA,TT,CA,GG,GG,GG,GA,CC,TA,TT,AA,CC,AA,GG,GG,TC,GG,GG,TA,NN,CC,TT,GA,GG,CC,NN,GN,AG,AA,TC,CT,NN,GC,TT,AA,GA,TT,AA,CT,GG,TA,NG,AC,CC,GG,TC,NN,AA,GA,TT,AA,GC,AT,AA,GA,NN,CC,TA,NN,AG,GA,CT,TT,CT,GG,GG,CT,GG,AG,GG,GA,AA,TC,AA,CA,GG,AT,CN,AG,TC,GG,CC,TT,NN,CC,NN,NN,AA,TT,AA,AA,CC,GA,TC,AA,AN,CT,NN,CN,CT,AA,TC,AA,CC,GA,TT,GG,AT,CC,GG,CC,CC,CC,GG
Iberian population in Spain,,,,HG01628,,AN,CC,CC,TT,TC,GC,TT,GG,CC,CN,NN,GG,CC,CT,CG,TT,GG,GG,GG,CC,CC,AA,TG,TC,GG,CC,TT,GG,CC,AA,TT,CC,NC,AA,TG,GG,GG,AG,AC,GG,CT,CA,CC,NN,CT,NN,CC,AA,CN,CC,CC,AA,GA,CC,GG,CC,AG,TT,GG,GG,CC,AA,GT,CC,CC,GG,GG,AA,TT,CC,TT,NN,NN,CC,AA,CT,TT,AA,AA,GG,GG,CC,CT,AA,AA,CC,GG,GA,AA,TT,CT,NG,NN,GG,AA,CC,GA,GG,CC,AA,AG,AA,TC,NN,CT,GG,AA,AA,AG,GG,NC,CC,GA,CC,TT,GG,GG,GA,TT,GG,AA,CC,NN,CC,CC,GG,CC,CC,GG,TT,GT,GA,NN,TC,TC,AA,TC,CT,GA,GG,NG,CC,GA,TT,GG,CC,TN,CT,CC,TT,AA,TC,CC,CC,TT,TT,AA,GG,AG,AA,GG,CC,AA,CC,TN,CC,GG,TC,CT,GA,GG,TT,CT,TT,TT,TA,AC,GT,AG,TT,GG,CC,GG,GG,AA,NN,GA,GG,GG,TN,TT,CT,CC,TN,GA,TT,NG,AA,GG,GG,AG,GG,TT,TG,CC,AG,AA,AA,AA,AG,GA,GG,AA,TT,TT,GG,CC,CC,AA,AA,TT,AA,NN,TT,CC,AA,TT,AG,TT,CC,GG,GG,GG,AA,AA,GG,GG,CC,GG,CC,AA,TT,GG,GG,AG,CC,TT,NN,TN,AT,CC,TT,GT,TT,GG,TT,AA,GG,TG,CC,GG,GG,GG,TN,TC,TT,TT,GG,GG,TT,TT,CC,CC,GG,NN,TC,CT,TT,CA,GG,CC,TT,TT,CC,AA,AA,NC,CC,TT,GT,TT,AG,CT,AG,AA,GG,CC,GG,AA,CC,TT,TT,AA,CC,CC,CC,TT,AN,GG,CC,TT,CC,GA,CC,TC,CC,GC,AG,AG,CC,CC,TT,AA,CT,AA,AA,TT,GG,GG,CC,NA,GG,AA,CT,AA,GG,GA,AA,AA,CC,GA,CC,TT,NC,NN,TT,CC,CC,TG,GG,NN,AA,AG,TT,GA,AG,CC,CA,CC,TN,CA,CC,NG,TC,GG,TT,AA,NN,GG,TC,AA,TT,AC,GG,GG,GG,AG,CC,TT,TC,AA,CC,GG,GG,GG,CT,GC,GG,AT,NN,CT,TT,GG,GG,CT,NN,GN,GG,AA,CC,TT,CN,CC,TG,AA,AG,TT,AA,TT,GG,AA,NN,CA,CC,GA,CC,NN,AA,GG,TT,GG,GG,TA,AA,AA,CN,CC,AT,NN,AG,GG,CC,CC,CC,GG,GG,CC,GG,AA,GG,AG,AA,TC,AA,CA,GA,TT,CN,GA,CC,AG,CC,CT,NN,TC,CN,NN,AA,CC,AG,AA,CC,AA,CC,AA,AN,CC,NN,CN,CT,AA,CC,AA,CC,AA,NN,GG,TA,CC,GG,TC,CC,CC,GG
Iberian population in Spain,,,,HG01630,,AN,CC,CA,TT,TT,GG,TT,GG,CT,NC,NN,GG,CC,CT,GC,TT,AA,GG,GG,CC,CC,AA,TG,TT,GG,NN,TT,GG,CC,AA,NT,TC,NC,AA,TG,GG,AA,AG,CA,AG,CT,AA,CC,NN,CT,NN,CC,AA,CC,AA,TT,AA,AG,CC,GA,CC,GG,TT,GG,GA,TT,GG,GG,GC,CC,GG,GA,AA,TT,CC,TT,NN,NN,NC,AA,CC,CC,AG,AA,GG,GG,AC,CC,AA,AA,CC,TG,GG,AA,TT,CC,NG,NT,AG,AG,CT,AA,GA,CC,AC,GA,AA,TC,NN,TT,AG,AA,AG,AA,AG,CN,CC,AG,TT,TT,GG,GG,GG,TT,GG,AG,CC,NN,TC,CC,GA,TC,CC,AG,TT,GG,GG,NT,CC,CC,GA,TT,CC,GG,AA,NN,GG,GG,TT,GG,CC,TT,TC,CC,GG,AA,CC,GC,CC,CT,GT,AA,GT,AA,TA,GG,CC,GG,CT,TN,GC,GG,CC,CC,AG,GA,TT,TC,TG,CC,TA,AC,TT,GA,TT,GG,CT,GG,GG,AA,CN,AG,GG,GG,NN,TT,CT,CC,TT,AA,TT,GG,AA,GG,GG,AG,GG,CC,GG,CC,GG,AG,AA,AA,GA,GG,GC,AA,CT,TT,AG,TC,TT,AA,CA,NN,AA,TT,GT,CC,AA,CC,GA,TT,CC,AA,GG,GG,AA,TA,CC,GG,CT,GG,TC,AA,TT,GG,GT,AG,CC,TT,NN,TN,TA,CC,TT,TG,NN,AG,TT,GG,GA,GT,CC,TG,GG,GA,TN,TC,TG,TT,NG,GG,TT,CT,CC,CC,GG,NN,TT,CC,TT,AC,AG,CC,CT,TT,TC,AC,AA,NN,CC,TT,GG,TN,AA,TC,AA,GA,AA,TC,GA,AC,TT,AT,TT,AN,CC,CC,CC,CC,NA,GG,CC,TC,CC,GA,CC,CT,CC,GG,AA,GA,CC,CC,TG,AA,CC,AA,AA,TA,GG,AG,CC,NN,GG,NN,CC,AA,GG,AG,AA,AA,CC,AA,CG,TT,CN,NN,TN,CC,CT,TT,GG,NN,AA,AA,TT,AA,AG,CC,AC,CC,NT,AA,AC,GG,CC,GG,TT,AA,NN,GG,CC,AA,TT,CC,GG,TG,GG,AG,CC,AA,CT,AA,CC,AG,GG,GG,CT,CG,GG,TT,AN,CC,TT,AG,GG,CC,AN,GN,GG,AA,CC,TT,NN,GC,GT,AA,AA,TT,AG,TT,GG,AA,NN,AA,TC,AG,CT,GN,AA,AA,TT,GG,GG,TA,AA,AA,NN,CT,AT,CN,GG,GG,TC,CT,CC,GA,GG,CC,GG,AA,GG,GG,AA,TC,AA,CA,AA,TT,CC,AA,CC,GG,CC,CC,NN,CT,CN,CN,AA,CC,AA,GA,TT,GG,TT,AA,AA,CT,NN,NC,CT,GA,CC,TA,CC,GA,TT,GG,AA,NC,GG,TC,CC,CC,GC
Iberian population in Spain,,,,HG01631,,NA,CT,CC,TT,TT,GG,TT,TT,CC,CC,NN,GG,CC,CC,GC,TC,AA,GG,GG,CC,CT,CA,GG,TT,AA,NC,TT,GG,CC,AA,TT,CC,CN,GG,TG,GG,GG,AA,AA,GA,CC,AA,CC,NA,TC,CN,CT,AG,CN,CC,CC,AA,AG,CC,AG,CC,GG,TT,GG,GA,CC,GG,GG,GC,CC,GG,GA,AA,TT,CC,TT,NN,NN,CC,AA,CC,CC,AA,AA,GG,AG,CC,CC,AC,AA,CC,GG,GG,AA,TT,CC,NN,TT,AG,AG,CC,AA,AA,TC,AC,AG,AA,CT,NN,TT,GG,AA,AA,GG,GA,NN,CT,AA,TC,TT,GG,AG,GG,TT,GG,AA,CC,NN,CC,CC,GG,CC,CC,AG,GG,GG,GG,NN,CT,CC,AA,TT,CC,GG,GG,NN,GG,GA,TT,GG,CC,NN,TT,TC,GT,GG,CC,GC,CC,TT,TG,AA,TG,AA,AA,GG,CC,AA,CC,TT,CG,GG,CC,TC,GG,AA,TT,CC,TT,CC,TT,AA,TT,AA,TT,GG,CC,GG,GG,AG,NC,GA,GG,GG,NT,CT,TT,CT,TT,AG,TT,NN,CA,GG,GG,GG,GA,TT,TT,TC,GG,AA,AA,AA,GA,GG,CG,CC,CC,CT,GA,CC,CC,AA,AA,NT,AA,NN,TG,CT,AA,CT,AA,TT,CC,AA,TT,GA,AA,AA,CG,GG,TC,GA,TC,GG,TG,GT,GT,AG,TC,TT,NN,NT,AT,CC,TT,TG,NT,GG,TT,AA,GG,GT,CC,GG,GG,GG,TN,TC,TT,TC,GG,GA,TT,TT,CC,CT,GG,NN,CT,CC,TT,AA,GA,GG,CC,TT,CT,AA,AA,NC,CC,TT,GG,NT,AG,TC,AA,GA,GA,TC,GG,AA,CT,AA,TT,AA,CT,TC,CC,TC,AA,GG,CC,TT,TC,GA,CC,TC,NN,GG,AA,GA,TC,CT,TT,AA,CC,AA,AA,AA,GG,GG,CC,AA,GA,AN,TT,AA,TG,GG,AG,AA,CC,AA,CG,TT,NN,NN,NT,GC,TT,GG,AG,NN,AG,GA,TT,AA,AA,CC,CC,CC,NT,AA,CC,GN,CC,GG,TT,AA,NN,GG,CC,AA,TT,AC,GG,GG,AG,GA,CC,AA,CT,AA,CC,AA,GA,GA,CC,GC,GG,TT,NN,CC,TC,AA,GG,TC,NN,NG,GG,AA,CC,TT,NN,CG,TT,AA,AG,TT,AG,TT,GG,AA,NN,AA,CC,GG,TC,NN,AA,AA,CT,AA,GG,AT,AA,GA,CN,CT,AT,NN,GG,GG,CT,TC,TC,GG,GG,CC,GG,AA,GG,GA,AA,TC,AA,CC,GG,AT,NC,AA,TC,GG,CC,CC,NN,TC,NN,NC,AC,CC,GA,AA,TC,AA,TT,AA,AA,CC,NN,NN,CC,AA,CC,AT,CC,GG,NT,GG,TT,CC,GG,TC,CC,CC,GC
Iberian population in Spain,,,,HG01632,,AA,CC,AC,TT,TC,GC,TT,GT,CC,CC,NN,GA,CC,CC,CG,TT,GA,GC,GG,CC,CC,AA,TG,TT,GG,CN,TT,GG,CT,CA,NN,CT,NC,AA,GG,AG,GA,GG,CA,GG,CC,AA,CT,NN,CC,CN,CC,AA,CC,CA,CC,AA,GA,CC,GA,CC,GG,TT,AG,GA,TC,GG,GG,GC,CC,GG,GA,AA,TT,CC,TT,NN,NN,NC,TA,CC,CC,AA,AA,AG,AG,CA,TC,CA,AA,CC,GG,GG,AA,TT,TC,NN,TN,GA,GA,CC,AG,GG,CC,AA,GG,GG,CC,NN,TC,GA,AA,AA,GA,AA,NN,CC,GG,TT,TT,GG,GG,GG,CT,GG,AA,CC,NN,CC,TC,AG,CC,CC,GA,TT,GG,AA,TN,CC,CT,AA,TT,CC,GG,GA,NN,GC,AG,TT,GG,CC,NN,CT,TC,GG,AA,CC,GC,CC,TT,TG,AA,GT,AG,AA,GG,CC,AA,TC,TT,CC,GG,CT,CC,GA,AA,TT,CT,GT,CC,TT,AA,GT,GA,TT,GG,CC,AA,GG,AA,NN,GA,GG,AA,TN,TT,TT,CC,TN,GA,TT,NN,AA,GG,GG,GG,GG,TT,TT,CC,GG,AG,AA,AA,AA,GG,GG,AC,CC,CT,GG,CT,TT,AA,AC,NN,GG,NN,GT,CC,AA,CT,AA,TT,CC,AA,GG,GG,AG,TA,GC,TG,CC,GG,CC,GG,TG,GT,TG,GG,CC,TT,NA,NN,TA,CC,TT,GT,NN,AA,TC,GG,AG,GG,CC,GG,GA,GA,TT,TT,TT,TC,GN,GG,TT,TT,CA,TC,AA,NN,TC,CC,TT,CC,AG,GC,CT,TT,TT,AC,AA,NN,CC,TT,GG,NT,GA,TT,GA,GG,GG,CC,GG,AA,CC,AA,TT,AA,CC,CC,CC,CC,NN,CG,CC,CC,CC,AG,CC,CC,NC,GG,AA,AG,TC,CC,GG,AA,CC,AA,AA,AA,GG,GA,CC,AN,AA,AN,TT,TA,GG,GG,GG,GA,CC,AA,GG,TT,CC,NN,NN,CG,CT,TT,GA,GN,AA,AG,TC,AA,AG,CC,AC,CC,TN,AA,CC,NN,CC,GG,TT,AA,NN,GG,TC,AA,TT,CC,GG,TG,AG,AA,CC,TT,TC,AA,CC,GG,GG,GG,CT,GG,AG,AT,NN,CC,CT,AG,CG,CC,NA,NN,GG,AA,CT,TC,NN,CC,TG,AA,AA,TT,AA,TT,GG,AA,GN,AA,CC,GG,TC,GN,GA,AG,TT,AA,GG,AT,AC,AG,NC,CT,AA,NN,GA,GG,TC,TT,CT,GG,GG,CC,GT,AA,GG,GG,AG,TT,AA,AA,GG,TT,NC,AG,CC,GA,CC,TC,AN,CC,CN,CN,AA,CT,AA,AA,TT,AG,CC,AA,NN,TT,NN,NN,CC,AA,CC,TA,CC,AG,NT,GG,TT,NC,GG,CT,CC,CC,GG
Iberian population in Spain,,,,HG01668,,AN,TC,CA,TC,TT,CG,TC,GT,TC,CN,NN,GG,TC,TC,CC,TT,AA,GG,AA,CC,CC,AA,TG,TT,GA,NN,TT,GG,CC,AA,NN,CC,NC,AA,TG,GG,AG,AG,AA,GG,CC,AA,CC,NN,TC,NN,CC,AA,CC,CC,CT,AA,AG,CC,GG,CC,GG,TT,AA,GG,CC,GG,GG,GC,CC,GG,GA,AA,TT,CC,TT,NN,AN,CN,AA,TC,TT,AA,GA,GA,GG,CA,CC,AA,GA,CC,GG,GG,AA,TT,CC,GN,NN,GG,AG,CC,GG,GG,CC,AC,GG,AA,TT,NN,CT,GG,AA,AG,GA,GG,NC,CC,AG,TC,TT,GG,GG,GG,TC,GG,AG,CC,NN,CC,CC,GG,CC,CC,GG,GT,TT,GG,TT,TC,CC,AA,TT,CC,GA,GG,NN,GC,GG,TT,NG,CC,NN,TT,CC,GT,GA,CC,GG,CC,TC,TT,AA,TG,AA,AA,GG,CC,AG,TC,NN,CC,GA,TT,CC,GA,GG,TC,TC,TT,CC,TA,AA,GT,GA,GG,GG,CC,AG,GG,AA,NN,GG,GG,GG,NN,TT,CT,CC,TT,AG,CT,NN,AA,GA,GG,AG,GG,TT,TG,CC,GG,AA,AA,AA,GA,GG,CC,AC,CC,CT,GG,CC,TC,AA,AA,NN,AA,NN,TG,CC,AG,CC,AG,TG,CC,AA,TG,AG,AG,AA,GG,GG,CC,GG,TC,AA,TT,GT,TG,AG,TC,TT,NN,TT,TA,CC,TT,GG,NT,GA,TT,AG,GG,GT,TC,GG,GG,AG,TT,TT,TG,TT,NG,GA,TT,TC,CA,TT,GG,NN,TT,CC,CT,AA,AG,CC,CT,TT,CC,AA,AA,NC,CC,TC,GG,TT,GA,TT,AG,GG,GG,CC,GG,CA,CC,TA,TT,NA,CC,CC,CC,TC,AN,CC,CC,CT,CC,AG,CA,CC,NN,CG,AA,AA,CC,TC,GG,AA,TC,AA,AA,AT,GG,GG,CC,AN,AA,NN,TT,AA,GG,GG,GG,AA,CC,AA,CG,TT,NN,TN,NT,GC,TC,GG,GG,GN,AG,AA,TT,AG,AA,GG,AC,CN,TN,CA,CC,GG,TC,GG,TT,AA,NN,GG,CC,AA,AT,CC,AG,GG,GG,GG,CC,AA,CT,AA,NC,AA,GA,GA,TC,CC,GG,TT,NN,CC,TC,AA,GC,CC,NA,NN,GG,AA,TC,CT,NC,GC,TT,AA,AA,TC,AA,TT,TG,AA,NN,AA,CT,AG,TC,NN,AA,AG,TT,GA,GG,AA,CA,AA,NN,CC,TA,CN,AG,GG,CT,TT,CC,GG,CG,CC,GT,AA,GG,GG,AA,TT,AA,AC,GG,TA,NC,AG,TT,AG,CC,CC,NN,CT,NN,CC,AA,CC,GA,AA,CT,AG,CT,AA,AA,CC,GN,NC,CC,AA,CC,TT,CC,GA,TT,GG,TA,CC,GG,TC,AC,CC,GG
Iberian population in Spain,,,,HG01669,,NN,CC,AA,TT,TC,GG,TT,GT,CC,NN,NN,GG,CC,CC,GC,CT,GG,GG,AG,CC,CC,AA,TT,TT,GG,CC,GG,GG,CC,CC,NN,CC,NN,GA,TG,GG,AG,AG,AC,AG,TC,AA,CC,NN,CT,NN,TC,GA,CC,CC,TT,AA,AG,CC,GA,CC,AG,TT,GG,GA,TT,AG,TT,CG,CC,GG,GG,NA,TT,CC,TT,NN,NA,NN,AA,CC,CC,AA,AA,GG,GG,CC,CC,AA,AA,CT,GG,GG,AA,TT,CC,NN,NN,GG,AG,CC,AA,GG,TC,AA,GG,AA,CC,NN,TT,GG,AA,AA,GG,AG,NN,CC,GG,TT,TG,TG,GG,GG,CT,GG,AA,CC,NN,CC,CC,GG,CT,CC,AG,TT,GG,AA,NN,TT,CC,AA,TT,CC,GG,GG,GN,CG,GA,TT,GG,CC,TN,CT,CC,GT,AA,CC,CG,CC,TT,TT,AA,GG,GA,AA,GG,CT,AG,TC,TN,CG,GA,TC,CC,GG,GG,TT,TC,TT,CT,TT,AA,TT,GG,TT,GG,CC,GG,AG,AA,CC,AA,GA,AG,TN,TC,TT,CT,TT,GA,TT,NN,AA,AA,AG,AA,GG,TT,TT,CC,GA,AA,AA,AA,GG,GG,CC,AA,TT,CC,GG,CC,CC,AA,AA,NT,AG,TN,TG,TC,AA,TT,AA,TT,CC,AA,GG,AG,GG,AA,GG,GG,CC,GG,CC,AG,TG,GT,GG,AA,TT,CT,NN,NT,AA,CC,TT,GT,TT,GG,TT,AA,GG,TG,CC,GG,GA,GG,TT,TT,TT,CT,NN,GG,NT,TT,CC,CC,AA,NN,TT,CT,CC,AA,GG,GC,CT,TN,CC,AA,AA,NN,CT,TT,GG,TT,GA,TC,GA,GG,GG,CC,AA,CA,CT,AA,TT,AA,CC,CC,CC,TT,AA,CG,CG,TT,CC,AG,CC,CT,NC,GG,AA,AA,CT,CC,GT,AA,CC,AA,AA,TA,GG,GA,CC,AN,AA,NN,TC,AA,GT,GG,GG,AG,TC,GA,CC,TT,NN,NN,TN,CG,CT,GG,GG,NN,AA,AA,CT,GA,AA,CC,CA,CC,NT,CC,CC,NG,CC,GG,TT,AA,NN,GA,CC,AA,TT,AC,AG,GG,GG,GG,CT,TA,TC,AA,NC,GG,GG,GG,CC,CG,GG,TT,NN,CC,TT,GA,GG,CC,NN,NG,GG,AA,CT,TC,NN,CG,GT,AA,AA,TT,AA,TT,TG,AA,GN,AA,CC,AG,CC,NN,AG,AA,TT,AG,CG,AA,AC,AG,CN,CC,TT,NN,GG,GG,TC,TT,CC,GG,GG,CC,GT,AA,GG,GA,GA,TT,AA,AA,GG,TT,CC,AG,CC,GG,CC,TT,NN,CC,NC,CC,CA,CC,AA,AA,TC,AG,TT,AA,AA,TT,NN,NN,CC,AA,CT,AT,CG,GG,TT,GG,AA,NN,GG,CC,AC,CC,GG
Iberian population in Spain,,,,HG01670,,NN,CC,AA,TT,TT,GG,CC,GT,TC,CC,NN,GG,CC,TC,CC,TT,AA,GG,AA,CC,CC,AA,TG,TC,AG,NC,TT,GA,CC,AA,TN,CC,NN,AA,TT,GG,GG,AA,CA,AG,CC,AA,CT,NN,CT,CN,CT,AA,CC,CC,CC,AA,GA,CC,AG,CT,GG,TT,GG,GG,TT,GG,TG,CC,CC,GG,GG,AA,TT,GC,AA,NN,NN,CC,AT,CC,TT,AA,AA,GG,AG,CC,CC,AA,GA,CC,GG,GG,AT,TA,CC,NN,NN,AA,AA,CC,AG,GG,CC,CA,GG,AA,CT,NN,TT,GG,CA,AG,AG,AG,NN,CC,AA,CT,TT,GG,AG,GG,TT,GG,AA,CC,NC,CC,CC,GG,CC,CC,GA,TG,GT,GG,NT,CT,TC,AA,TT,CC,GG,GG,NN,CG,GG,TT,GN,CC,NN,TT,TC,TG,AA,CC,GG,CC,TC,TT,AA,TG,AA,AA,GG,CC,AA,TC,NT,CG,GG,CC,CC,GA,GA,TT,CT,GT,CC,TT,AA,TT,GG,TT,GG,CC,GG,GG,AA,CN,AG,GA,GG,TN,TT,CT,CT,TT,AA,TC,GN,AA,GG,GG,GG,GG,CT,TT,CC,AG,AA,AA,GA,GA,GG,GC,CC,TT,TT,AG,CT,CT,AA,AA,TT,AG,NN,TG,CC,GA,TT,AA,TT,CC,AA,TG,AG,GA,AT,GG,GG,CC,GA,CC,GA,TG,GG,GT,AG,CT,TT,NN,TT,AT,CT,TG,TT,TN,GA,TT,AG,GA,GG,CC,GG,GG,GG,TT,TT,GG,CT,GG,AG,TT,TT,CC,CC,AA,NN,TC,CC,TT,CC,GG,GC,TT,TT,CC,CA,AA,NN,CC,TT,GG,TT,AA,TT,AA,AG,AG,CC,GG,AA,CC,TA,GT,AA,CC,CC,TC,TC,AN,CC,CG,TT,TC,GA,CC,CC,NN,GG,AA,GG,CC,CC,TG,AA,CC,CC,AA,AT,TT,GG,CC,NN,GA,AN,TC,AA,GG,AG,GA,AA,CC,GG,GG,TT,NN,NN,NT,CC,TT,GG,GG,NN,GA,GA,CT,GA,AA,CC,AC,CC,NN,AC,CC,NN,CT,GG,GT,AA,NN,GG,CT,AA,TT,CA,GG,TG,GA,GG,CC,TA,TC,AG,CN,GG,GG,GG,CC,GC,GG,TT,NN,CC,CT,AG,CG,CT,AN,GN,GG,AA,CC,TT,CN,CC,GT,AA,AA,TC,AA,TT,GG,AA,NG,AA,CC,GG,CC,NN,GA,AG,TT,GG,GG,TA,AC,AG,NN,CC,AT,NN,GA,GG,CC,TT,CC,GG,CG,CC,GG,AA,GG,GG,AA,CT,AA,AC,GG,AT,CN,GA,CC,GG,TC,TT,NN,TC,CN,CC,AA,CC,AA,AA,TC,AG,TC,AN,AA,CC,GN,NN,TC,AA,CC,AT,CG,AA,TT,GG,AA,CC,GG,TC,CC,CC,GC
Iberian population in Spain,,,,HG01672,,AN,CC,CA,TT,TT,GC,TC,TT,CC,NN,NN,GG,CC,CC,GG,TT,AG,GG,GG,CC,TC,AA,GG,TT,GG,NC,TG,GG,CT,CA,NN,CC,CC,AA,TT,GG,GG,GA,AA,AG,CT,AA,CC,NN,TC,NN,CC,AA,CC,CC,CT,AA,GA,AA,GG,CC,AG,TT,GG,AG,TT,GG,GG,CC,CC,GG,AG,AA,TT,CC,TT,NN,AN,NN,AA,CC,CC,AA,GA,GG,GG,CC,CC,CA,AA,TT,GG,GG,AA,AT,CT,NN,NN,GG,GG,TC,GG,GG,CC,CC,GG,AA,TC,NC,TT,GG,AC,AG,AG,GG,CN,TC,GG,TT,TT,GT,AA,GG,TT,GG,AA,CT,CN,CC,CC,GG,CC,CC,GG,GT,GG,GG,NN,CC,TC,AA,TT,CC,GG,GA,NN,CG,AA,TT,GG,CC,NN,TT,CC,GG,AA,CC,CC,CC,TT,TT,AA,GG,AA,AA,GG,TC,GG,CC,NN,CC,GG,CC,TT,AG,AA,TT,TC,TT,CC,AT,CA,TT,AG,TT,GG,CC,AG,GG,AA,NC,GG,AG,GG,NN,TT,CT,CC,TN,GA,CT,NN,AA,GG,GG,AG,AG,TT,TT,CC,GG,AA,AA,GA,AA,GG,GC,CA,TC,TC,GG,CT,TT,AA,AA,NN,AA,TN,TG,CC,AG,CC,GA,TT,CC,AA,GG,GG,AA,AT,GG,TG,CC,GG,CT,GG,TT,TG,GG,AG,TT,TT,AA,TN,AT,CC,TT,GG,TT,GG,TT,AA,GG,GT,TC,TG,GG,AG,TT,TT,GT,TT,GG,GG,TT,TT,CA,CC,GG,NN,TT,CC,TT,CC,GG,GG,TT,TT,TT,AA,AA,NN,CC,TT,TT,TT,AA,TT,AA,GG,GA,CC,GG,AA,TT,AA,TT,AA,CC,CT,CC,CT,NN,GC,CC,TT,TC,GG,CC,TT,NN,CC,AA,AA,CC,CC,TG,AA,CT,AA,AA,AT,TT,GA,CC,NN,GG,NA,TT,AA,GT,GG,AG,AA,CC,GA,CC,TT,NN,NN,NN,CC,TC,TG,GG,GG,AA,AA,TT,GG,AA,CC,AA,CC,TT,AC,CC,NN,CC,GG,TT,AA,NN,GG,TC,AA,TT,AA,GA,GT,GG,GA,TC,TA,CC,AA,CC,GA,GG,GG,TT,CC,GA,TA,NN,TC,TT,AG,GG,CC,NN,GN,GG,AA,CT,TT,NN,CC,TT,AA,AA,TT,AA,TT,GT,AA,GN,AC,CC,GG,CC,NN,AA,AA,TT,GA,GG,AT,CC,AA,CN,TC,TA,NN,AA,GG,CC,TT,CT,AG,GG,CC,GG,AA,GA,GA,AG,TT,AA,AA,GG,TT,CN,AG,CC,GG,CC,TT,NN,CC,NN,CN,CC,CC,AA,AA,TT,AA,TT,AA,AA,CC,NN,CN,CT,AG,CT,TA,CC,AG,TN,GG,TT,CC,GG,TC,AA,TT,GG
Iberian population in Spain,,,,HG01673,,AA,CC,AA,TT,TT,GG,TC,TT,CC,NC,NN,GG,CC,CC,GG,TT,AA,GG,AA,CC,CC,AA,GG,TT,GG,NC,TT,GG,CC,AA,TN,CC,NC,AA,GG,GG,GA,GG,CA,AG,TC,CC,CC,NN,TC,NC,CC,AA,NC,CC,CT,AA,GG,AC,AG,CC,AG,TT,GA,AG,TT,GG,GG,CG,TC,GG,GG,AA,TC,CC,TT,NN,AN,CN,AA,CC,CT,AA,AA,GG,GG,CC,TC,AA,AA,TT,GG,GG,AA,TT,TT,NN,TN,AA,GA,CC,AA,GG,CC,AA,GG,AA,CC,NN,TT,GG,AA,AG,AG,GA,CN,CC,GA,CT,TG,GG,GA,AG,TC,GG,AA,CT,NC,CC,CC,GG,TT,CC,GG,TG,GT,GG,NN,CC,TC,AG,TT,TC,GA,GA,NN,CG,GG,TT,GG,CC,NN,CT,CT,GG,GG,CC,GC,CC,TC,TT,AT,GG,AA,AA,GG,TC,AG,TC,TT,CC,GG,TC,CC,GA,AA,TT,CC,TG,CC,TT,AA,GT,GG,TT,GG,CC,AG,GG,AA,NC,GA,GA,GG,NT,TT,CC,CC,TT,GG,TT,GG,AC,GA,GA,GA,GG,TT,TT,CC,GA,AA,AA,AA,GA,GG,GG,AA,CT,TT,GG,CC,CT,AA,AC,NN,AA,NT,GG,CC,AA,TC,AA,TT,CC,AA,GG,GG,AA,AT,CG,GG,CC,GG,CC,AA,GT,TG,GT,GA,CT,TT,NN,TN,AA,CC,TT,GG,NT,GA,TT,GG,GG,TT,CC,GG,GA,GG,TN,TC,TT,TC,GG,GG,TT,TT,CC,CC,AG,NN,TT,TC,CT,CC,AG,CC,TC,TT,CC,CC,GA,NC,CC,TT,GG,NN,AG,TC,GA,AA,AA,CC,GA,AA,TC,TT,TT,AA,CC,CC,CC,CC,AA,CC,CC,CT,CC,AA,CC,CC,NN,GG,AA,AG,CC,CC,GG,AA,CC,AA,AA,TA,GG,GA,CC,AA,GG,NN,CT,AA,GG,GG,GG,AA,CC,GA,CC,TT,NN,NN,TT,GC,TC,GG,AG,NN,AA,AA,CT,GA,GA,CC,CA,CC,TN,AA,CC,NN,TC,GG,GT,AA,NN,GG,CC,AA,TA,CC,GG,GG,GG,GA,CC,AA,TC,GA,CC,AA,GG,GG,CT,CG,GG,TT,NA,CT,TT,GA,GC,CC,NN,GG,GG,AA,CT,TC,NN,GG,GG,GA,GA,TT,AA,TT,GG,TA,NN,AA,CC,GA,CC,NN,AG,GA,TC,GG,GG,AT,AA,AG,NN,CC,AT,NN,GG,GG,CT,TC,TT,GG,GG,CT,GG,AA,GG,AA,AA,CC,AA,CC,GG,TT,CC,AA,TC,GG,CC,CT,AN,CT,CN,CN,AC,CC,AA,AA,CC,GG,CC,AA,NA,CT,NG,NN,CC,AG,CC,AT,CC,AA,TN,GG,TA,NC,GG,CC,CC,CC,GC
Iberian population in Spain,,,,HG01675,,AA,CC,CC,TT,TT,GG,TC,GT,CC,CN,NN,GG,CC,CC,GG,TT,GA,CG,AA,CC,CC,AA,GG,TT,GG,CN,GT,GG,CC,AA,NT,TC,CN,AA,GT,GA,AG,AG,CC,GA,TC,AA,TC,NN,CT,NN,CC,AA,NC,CC,CC,AA,GG,CC,GA,CC,AG,GT,AG,AG,TT,GG,GT,GC,CC,GG,GG,AA,TC,CC,TT,NN,NN,CC,AA,CC,CC,AA,AA,GG,GG,CC,TC,AA,AA,CC,TG,GG,AT,TT,TT,NN,NT,GG,GA,CC,AA,GA,CC,AA,AG,AA,TT,NN,TT,GG,CA,AA,AG,AG,NN,CC,AA,TT,TT,GG,GG,GG,TT,GC,AA,TT,NN,CC,CT,GG,CC,CG,GA,GT,GT,GG,NN,CC,CC,AA,TT,CC,AG,AG,NG,GG,GG,TT,GG,CC,NN,TT,CC,GT,GG,CC,CG,CC,CT,GT,AA,TG,AA,AA,GG,CC,AA,CC,TT,CG,GA,TT,CC,GG,GA,TC,TC,TT,CC,TT,AC,TT,GG,TT,TG,TC,AG,GG,AA,CN,AG,GG,AG,NT,TT,CT,CC,TN,AA,TT,GN,AA,GA,GA,GA,GG,CT,GT,CC,AA,AA,AA,AA,GG,GG,CG,CA,TT,TC,GA,TT,TT,AA,AC,NN,AA,NN,TT,CC,AA,TC,AG,TT,CG,AA,TG,GA,AA,AA,GG,GT,TT,AG,CC,AA,TT,TG,TG,AA,TT,TT,NA,TT,TA,CC,TT,GG,TT,GG,TT,AG,GA,TG,CC,GG,GG,AG,NN,CC,GT,CT,GG,GG,TT,TT,CC,TT,GA,NN,TT,CT,TT,CC,GG,CC,CT,TN,CT,AA,GA,NN,CC,TT,GG,NN,GA,TT,AA,GA,GA,CC,GG,AA,CC,TT,TT,AA,CC,TC,CC,TT,NA,CC,CC,TT,CC,AG,CC,CC,NC,GG,AA,AG,TC,CC,TG,AA,TC,AA,AA,TA,GG,GA,CC,AN,GG,NA,TT,TA,GG,GG,GG,AG,CC,AA,GC,TC,NC,NN,TT,CC,CT,GT,GG,NN,AA,GA,TT,AA,AA,CC,AC,CC,NT,AA,CC,GN,CC,GG,TT,AA,NN,GG,TC,AA,TA,CC,GG,GG,GA,AG,CC,AA,TC,AA,CC,AG,GA,GG,TC,CC,GG,TT,NN,CC,TT,AG,GG,CT,NA,NN,GG,AA,TT,CC,NN,CC,GT,AA,AG,TT,GA,TT,GG,AT,GN,AA,CC,AA,CC,NN,AA,AA,TT,GG,GC,AT,AA,AA,NN,TC,TA,NN,AG,GG,CC,TT,TC,GG,GG,TC,GG,AA,GG,AG,GA,TT,AA,AA,GA,AT,CN,AA,CC,AG,CC,CT,NA,CC,CC,CC,AA,TC,AA,AA,TT,AG,TT,NA,AN,CC,NN,CC,TC,AA,CT,AT,GC,GG,TT,GG,TT,CN,GG,TT,AC,CC,GG
Iberian population in Spain,,,,HG01676,,AA,CT,AA,TT,TT,GG,TT,TG,CC,NC,NN,GG,TT,CC,GC,TT,AA,GG,AA,CC,CC,AA,GT,TC,GG,CN,TT,GG,CC,CA,NN,CC,NN,AA,GG,AG,AA,GG,CC,GG,CC,CA,CC,NN,TC,NN,CC,AA,CN,CC,CT,AA,GA,CC,GA,CC,GG,TT,AG,AG,CC,GG,GG,CG,CC,CG,GA,NA,TT,GC,TT,NN,NN,CC,AA,CC,TT,AG,AA,GG,GG,CC,CC,AA,GG,CC,TT,GG,AA,TA,CC,NG,NN,GA,AA,CT,GG,GG,CT,AC,GG,AA,CT,NN,CT,GG,CA,GA,AA,GA,NN,CC,GA,TT,TT,TG,GA,GG,CT,GG,AA,CC,CN,CC,CC,GG,CC,CC,GA,TG,GG,GG,NN,CT,CT,AA,TC,CC,GG,GG,NN,GC,AG,TT,GG,CC,NT,TC,CC,TG,AA,CC,GG,CC,TC,TT,TA,GG,GG,AT,GG,TC,AA,CC,TN,CC,AG,CC,CC,GA,AG,TC,CC,TT,CC,TA,AA,TT,GA,TT,GG,CC,GG,GA,GA,CN,AA,GG,AG,NN,TT,TT,CC,NT,AA,CT,NN,AA,GA,GG,GA,GG,TT,TT,TC,GG,AA,AA,AA,GA,GG,GG,CA,CC,TC,GG,CC,CC,AA,AC,NN,AA,NN,GG,CC,AG,TC,AA,TT,CG,AA,GG,GA,AG,TT,GG,GT,CT,GA,CC,AA,TT,GG,GT,GG,TC,TT,NN,TN,TT,CC,TT,TT,TN,GG,TT,AA,GG,GG,CC,GT,GG,GG,TN,TC,TT,CT,GG,GG,TT,CT,CC,CC,GG,NN,TT,CC,CT,AC,GG,GC,TT,NT,CC,AC,AA,NN,CC,TT,GG,TT,GA,TT,GA,GA,AA,CT,GA,AC,CC,TA,TT,AA,CC,CC,CC,TC,NN,CC,CC,CT,CC,AG,CC,TC,NN,GG,GA,AG,CC,CC,GG,AA,TT,AA,AA,TT,TG,AG,CC,NA,GG,AN,TT,AA,TG,GG,GG,AA,CT,AA,CG,TC,NC,NT,TT,CC,TC,GT,GG,NN,AA,AA,TT,GG,AA,CC,CC,CC,NT,CC,CC,NN,CC,GG,TT,AA,NN,GA,CC,AA,TT,CC,GG,GG,GG,GG,CC,AA,TT,AA,CC,AG,GG,GG,TT,GC,GG,TT,NN,CC,TT,GA,CC,CC,AN,NG,GG,AA,TC,CT,NC,GC,GG,AA,AA,TT,AA,TT,GG,TT,NG,AA,CT,GA,CC,NN,AA,GA,TT,GA,GG,AA,AA,GA,NN,CC,TA,NN,AA,GG,TC,TT,CC,GG,GG,CC,GG,AA,GG,GG,AG,TT,AA,AA,GG,TT,CN,AA,CC,AG,CC,CT,NN,CT,CC,NN,AC,TC,GA,AA,CC,GA,TT,AA,AA,TT,NN,NN,CC,AA,CT,AT,CC,GG,TT,GG,TT,CC,GG,CT,CC,CC,GG
Iberian population in Spain,,,,HG01678,,AN,TC,CA,TT,TC,CG,TT,TT,CC,CC,NN,GG,CC,CC,CG,TT,AG,GG,GA,CC,CC,AA,GG,TT,AG,NC,TG,GG,CC,AA,NN,CC,CN,GA,TT,GA,GA,AA,CC,GG,CC,AC,CC,NN,TC,NN,CC,AA,NC,CC,CC,AG,GA,CC,AG,CC,GG,TT,AG,AG,CC,AG,TG,GG,TT,GG,AG,AA,TT,CC,TT,NN,NN,CC,TT,TC,TC,AA,AA,GG,GG,CA,CC,CC,AA,CT,GG,GG,AA,TT,CC,NN,NN,AG,AA,CC,GA,GG,CC,AA,GG,AA,CT,NN,TT,GG,AA,AG,AA,GG,NN,CC,GG,TC,GT,GG,GG,GG,TT,GG,AA,CT,NN,TC,CC,GG,CC,CC,GG,TT,GG,GA,TN,CC,CC,AA,TT,CT,GG,GG,NN,GG,AG,TT,GG,GC,NN,TT,CT,GT,AA,CC,CC,CC,CT,TT,AT,GG,AA,AA,GG,CC,AG,CC,TN,CG,GA,CC,CC,GG,AG,CT,CT,TT,TC,TA,AC,TT,GA,TT,GG,CC,GG,GG,AA,NN,AG,GG,GG,NN,TT,TT,TC,NT,AG,CT,NN,AA,GG,GG,AG,AG,TT,TT,CC,GA,AA,AA,AA,AG,GG,CG,AA,CT,CC,AG,CC,CC,AA,AA,TT,AG,NN,TG,CC,AG,CC,AA,GT,CC,AA,GG,GG,AA,TA,GG,TG,CC,GG,CC,AA,GT,TG,GT,GA,CT,TT,AN,NT,AT,TC,GT,TT,NN,AA,TC,GA,AG,GT,TT,TT,GG,AG,NT,CT,GG,CT,GG,GG,TN,TT,CC,TC,GG,NN,TC,CC,TT,AC,GA,CG,TC,TT,TC,AC,AA,CC,CC,TT,GG,NT,AG,TT,AA,AG,GG,CC,GA,AC,CC,AA,TG,AA,CC,TC,CT,TC,AN,GG,CC,TT,CC,AG,CC,CC,NN,GG,AG,AA,TC,CC,TG,AG,CC,AA,AA,AA,GT,GG,CC,AA,GG,NN,TT,TA,GG,GA,GA,AA,CC,AA,CG,TT,CN,NN,NT,GC,TC,GT,GG,NN,AG,AG,TT,GA,AG,CG,CC,CC,TN,AA,CC,NN,CC,GG,TT,AA,NN,GG,CC,AA,TT,CC,GA,TG,GG,AG,CC,TA,TC,AA,CC,AA,AG,AG,CT,CG,GG,TT,NA,CC,TC,GA,GC,TC,NA,NN,GG,AA,CT,TC,NN,CC,TG,AA,AA,TT,AA,TT,TG,AA,NG,AA,CC,GG,TC,NN,AA,AG,TT,GG,GG,AA,AA,GG,NN,CC,AT,NN,AG,GG,TT,TT,CT,GG,GG,CT,GT,AA,GG,GA,GA,TT,AA,AA,GG,TT,CN,AA,CT,GG,CC,CT,NN,CC,NN,NC,AA,CC,AA,AA,CT,GA,CT,AA,AA,CC,GN,NN,TC,AA,CT,TA,CC,AG,TT,GG,TT,NC,GG,CC,CC,CC,GG
Iberian population in Spain,,,,HG01679,,NA,CC,CA,CT,CT,GG,TT,TT,CC,NN,NN,AA,CC,CC,GG,TC,AG,GG,GG,CC,CC,CC,GT,CT,GG,CN,TT,GA,CC,AA,TN,CT,CN,AA,GG,GG,AA,AG,CA,GG,CC,CA,CC,NN,TT,NN,CC,AA,NC,CC,CC,AA,GA,CC,AA,CC,AA,TT,GA,AG,CT,GA,TG,CC,CC,GG,GG,AN,TT,CC,TT,NN,NN,NC,AT,CC,TC,AA,AA,GG,GG,CC,TC,AA,AA,TC,GG,AA,AA,TT,CT,GN,TN,GG,GG,CC,AA,GG,CT,AA,GA,AA,TC,NN,TT,GG,AA,GA,GG,GG,NN,TC,AA,CT,TT,GG,GG,GG,TT,GG,AA,TT,CN,CC,CC,GG,CC,CC,GG,TG,GG,AG,NN,CC,CC,AA,TT,TC,GG,GG,NN,CG,GG,TC,GG,CC,NN,TC,CC,GT,AA,CC,GG,CC,TC,TT,AA,GG,AG,AA,TG,TC,AA,CT,TT,CC,GG,CC,CC,GA,GG,TT,TC,TT,CC,TT,AA,TG,GG,TG,GG,CC,GG,GG,GA,CN,GA,GG,GG,NN,TT,TT,CC,TT,GG,TT,GN,AA,GA,GA,GA,GG,TT,TT,CC,GA,AA,AA,AA,GG,AG,GG,CC,CT,CT,GG,CC,CT,AA,AC,TN,GA,NN,GT,TC,AG,CC,AA,TT,CC,AA,GG,AG,AA,TA,GG,GG,CT,GG,CC,GG,TT,GT,GT,GA,CT,TT,NN,TN,AT,CC,TT,TG,TT,AG,TT,AA,GG,TT,CT,GG,GA,GG,NN,CC,TT,TT,NN,GG,TN,TT,CC,TC,GG,NC,TT,CC,CT,CA,AG,CC,CT,TT,CC,CA,AA,NN,CC,TT,TG,TT,AA,TT,GA,GG,GG,CC,GG,AA,CT,TT,TT,AA,CC,CC,TC,TC,AN,CC,CC,TT,TC,GA,CC,CC,CN,GG,AA,GA,CC,CT,TG,AA,CC,AA,AA,AT,GG,GG,CC,NN,AG,NN,TT,TA,GG,GA,GG,GA,CC,AA,CC,CT,NN,TN,NN,GG,TT,GG,GG,NN,AA,GG,TT,GG,AA,GG,AA,CC,NN,AA,CC,NN,CC,GG,TT,AA,NN,GG,CC,AA,TT,CC,GG,GG,AA,AA,CC,AA,CC,AA,CC,GA,GG,GG,TC,GC,GG,TT,NN,CC,TT,AG,GG,CC,NN,NN,GG,AA,CC,TT,NN,GC,GG,AA,AA,TT,GA,TC,TG,AA,GG,AA,CC,GA,TC,NN,AA,GG,TT,AA,GG,AA,AA,AA,NN,CC,TT,NN,GG,GG,CC,TT,CC,GG,CG,CC,GG,AA,GG,GA,GA,TT,AA,AC,GA,TT,CN,AG,CC,GA,CC,CT,NN,CT,NN,CC,AC,TC,AG,AA,TT,AG,TC,AA,NA,TT,NN,NN,TC,AA,TC,AA,CC,AA,TT,GT,TT,NC,GG,TC,CC,CC,GG
Iberian population in Spain,,,,HG01680,,AA,CC,AC,TT,TT,GG,TT,GT,TC,NC,NN,GG,CC,CC,GC,CC,AA,GG,GA,CC,CC,AA,GG,TT,AG,NC,TG,GA,CC,AA,NN,CT,CC,AA,TT,GA,AG,AA,CC,GA,CC,AA,CC,NA,CC,CN,CT,AA,CN,CC,CC,AA,GA,CC,AA,TT,GG,GT,AG,AG,TT,GG,TT,GC,CC,GG,GG,NN,TC,CC,TT,NT,NN,CC,TA,CC,TT,AA,AA,GA,GG,AA,CC,AA,AA,CC,GG,GG,AA,TT,CC,NN,TN,GG,AG,CC,GA,GG,CC,AA,AG,AA,CT,NN,TT,GA,AA,AA,AG,GA,NN,CC,AG,CC,GT,GG,AG,GG,TT,GG,AA,CC,CC,CC,CC,GG,TC,CC,GA,TG,TG,GG,NN,CC,TC,AA,TT,TC,AA,GG,NN,GG,GA,TT,GG,GC,NN,TC,CC,GG,AG,CC,GG,CC,CT,TT,AA,TG,AA,AA,TG,CC,GA,CC,NT,GC,AG,CT,CC,GG,AG,TT,TT,TT,CT,TT,AA,TT,AA,TT,GG,CC,AA,GG,AA,CC,AA,GA,GG,TT,TT,TT,TC,TT,GG,TT,NN,AC,GA,GG,GA,GG,TT,TT,CC,GA,AA,AA,AA,GG,GA,CC,AA,CT,CT,GG,CC,CC,CA,CA,TN,AA,NN,TT,TC,GA,CT,AA,TT,CC,AA,GG,GG,AA,AA,GG,GG,CC,GA,CC,GA,TT,TG,TT,GA,CT,CT,NN,NT,AT,CC,TT,GT,NN,GA,CC,AA,GG,GG,CC,GG,GG,GG,NT,CT,TG,TT,GG,AG,TT,TT,CC,TC,AG,NN,TT,TC,TT,CC,AG,CC,CC,TT,CC,AA,AA,NN,CC,TT,GG,TN,AA,TT,GA,GG,GG,CC,GG,AA,CC,TT,TT,AA,CC,CC,TC,CC,NN,GC,CC,TT,TC,GA,CC,CT,NC,CG,AG,AG,CC,CC,TG,AA,CC,AA,AA,TT,GG,GG,CC,AN,AA,AN,TT,AA,GG,GG,AG,GA,CC,AA,CC,CC,CN,TN,TT,CC,CT,GG,AG,NN,AA,AG,TT,AG,GG,CG,AA,CC,NN,AA,CC,NG,CC,GG,GG,AA,NN,GG,TC,AA,TT,CA,GG,GG,GG,GG,CC,AT,TT,AA,CC,AA,GG,GG,TC,GC,AG,TA,NN,CC,TT,AG,CG,CC,NN,NG,GG,AA,CT,TC,NN,CC,GT,AA,AG,TT,AA,TC,GG,TA,NN,AC,TC,GG,CC,NN,AA,GA,TT,AA,GC,AT,AA,AG,NN,CT,TA,NN,GG,GG,TT,TT,CC,GA,GG,TC,TT,GG,GA,AG,AG,CC,AC,AA,GG,TT,NN,GA,CC,GG,CT,TC,NN,CT,CN,NN,AC,TC,AG,AA,TC,AA,CT,AA,AA,CC,NN,CN,CC,AG,CC,AA,CG,AA,TN,GG,TT,CC,GG,CT,CC,CC,GG
Iberian population in Spain,,,,HG01682,,NA,TC,AA,TT,TT,GC,TC,TT,CC,CC,NN,GG,CC,TC,GC,TT,GA,GG,GG,CC,CC,AA,GT,TT,GG,CN,TT,GG,CC,CA,NN,CC,NC,AA,TT,AG,GG,GA,AA,AA,CC,AC,CC,NN,CC,NN,TC,AA,CC,CC,CT,AA,AG,AC,GG,CC,AG,TG,GA,GG,TC,GG,GG,GC,CC,GG,GG,NA,TT,CG,TT,NT,NN,CC,AA,CC,TT,AA,AA,AG,GA,CA,CC,AA,AA,CT,GG,GG,AA,TT,CC,GN,NT,GG,GA,CC,AG,GG,CC,AA,GG,AA,TC,NN,TT,GG,AA,AA,GA,GG,NC,CC,AG,TT,TT,GG,GG,GG,TT,GG,AA,CC,NC,CC,CC,AG,CC,CC,AG,TT,GG,GG,NT,TC,CC,AA,TT,CC,GG,GG,GN,GG,GA,TT,GG,CC,TT,CT,CC,GT,AA,CC,GG,CC,TC,TT,AA,GT,GA,AA,GG,CT,AA,CT,TN,CC,AA,CT,CC,GA,AA,TT,TT,TT,CT,TT,AA,TT,AG,TT,GG,CC,GA,GG,AG,NN,AA,GG,GG,TT,TT,TT,CC,TT,GA,TC,NG,AA,GG,GG,AA,AG,TT,TT,CC,AA,AA,AA,AG,GA,GG,CG,CC,CC,TC,GA,CC,CT,AA,AA,TT,AG,NN,TT,CC,AA,CC,AA,TT,GC,AA,TG,AG,GA,TA,GC,GG,CC,GG,CC,GA,TT,TG,TT,GG,TT,CT,NN,TN,AT,CC,TT,TT,NN,GA,TC,AG,GG,GG,CT,GT,GG,AG,TT,TT,GT,TT,NG,AG,NN,TT,CC,TC,GA,NN,CT,CC,TT,CA,AG,CC,CC,TT,TC,AC,AA,CN,CC,TC,GT,NT,AA,TT,AA,GG,AG,CC,GG,AA,TT,AT,TT,AA,CT,CC,CC,CT,NN,GG,CC,CT,CT,AG,CC,CC,CN,CG,AA,AA,CC,CC,GG,GA,CC,CA,AA,AA,GG,GG,CC,NN,AG,AN,TT,AA,GG,GG,AG,AA,CC,AA,CC,TC,NC,NN,NN,GG,TT,TT,GA,NN,GA,AG,CT,AA,AA,CC,AA,CC,NT,CC,CC,NN,TC,GT,TT,AA,NN,GG,TC,AA,TT,CC,GG,GG,AA,GA,CT,AA,TT,AA,CC,AG,GA,GA,CT,CC,GG,TT,NN,TC,TT,AG,GG,TT,AN,GN,GG,GA,CC,TT,NN,GC,GT,AA,AA,TT,AA,TT,GG,AA,NN,AA,CC,GG,CT,NN,AA,AA,TT,GG,GC,AA,AA,GA,NN,CC,TA,CN,AG,AG,TT,TC,CC,AG,GG,CC,GG,AA,GA,GA,GA,TT,AA,AC,AG,TT,NC,GA,CC,GG,CC,CT,NA,TT,CC,CN,CA,CT,AA,AA,CC,AG,TC,AA,NN,CC,NN,CC,CC,AA,TC,TA,CC,AG,TT,GG,AA,CN,GG,CT,AC,TC,GG
Iberian population in Spain,,,,HG01684,,AN,CT,AC,TT,TC,GC,TC,GG,CC,NC,NN,GA,CC,TT,GC,TT,AG,GG,GG,CC,CC,AA,GT,TT,GG,CN,TT,GG,CC,CA,NN,CC,CN,AA,GT,GG,GA,AA,CC,GA,TC,AA,CC,AN,TT,NN,CC,AA,CC,AC,CC,AA,GG,CC,GA,CT,GG,TT,AG,GG,CC,GA,TG,GG,CC,CG,GA,AA,TT,CC,AT,NN,NN,NC,AA,CC,CC,AA,AG,GG,GG,AC,TC,AA,AA,CC,GG,GG,AA,TT,CC,NN,NN,GG,GG,CC,AA,GG,CC,AA,GG,AA,TC,NN,TT,GG,CA,GG,AG,AA,NN,CC,AA,TT,TT,GG,AG,GG,TT,GG,AA,CC,NN,CC,CC,GG,CC,GC,GG,TT,GG,AG,NN,CC,CC,AA,TT,CC,GG,AG,NN,GG,AG,TT,GG,CC,NN,TT,CC,TG,GA,CC,CC,CC,TC,TT,AA,GT,AA,AA,GT,TC,AA,TC,TN,CC,GG,TT,CC,AA,GA,TT,TC,TT,CC,TT,CA,GT,GG,TT,GG,CC,GG,GG,AA,CN,GG,GG,GG,NN,TT,CT,CC,TT,GG,TC,NG,AA,GG,GG,AG,GG,TT,TT,CC,AG,AA,AA,AA,AA,GG,CG,AA,TT,CC,GG,CC,CT,CA,CA,NT,AA,NN,GT,TC,AA,CT,AA,TT,GC,AA,GG,GG,AA,TA,GG,GT,CC,GA,CT,GG,TT,GT,GT,GA,TC,TT,NN,TN,TA,TC,TT,TT,TT,GG,TT,AA,GG,GG,CC,TT,GG,GG,TT,TT,TT,CT,GG,GA,TT,TT,CC,TC,GA,NN,TT,CC,CT,AC,GG,GG,CC,TT,CC,AC,AA,NN,CC,CT,GG,NT,GG,TT,AA,GA,GA,TC,GG,AA,CT,AT,TT,AA,CC,CC,CT,CC,NN,CC,CC,CT,CC,AG,CC,CC,CN,GG,AA,AA,CT,CC,TT,AA,CC,AC,AA,AT,GG,GA,CT,NN,GG,AA,CC,AA,GG,GG,AG,AG,CC,GA,GG,TT,CN,NT,NT,GC,TC,TT,GG,GG,AA,AA,CC,GA,AA,CC,AA,CC,TT,CA,CC,NN,CC,GG,TT,AA,NN,GG,CC,AC,TT,AA,GG,GG,AG,GG,CC,TT,CC,AA,CC,GA,GG,GG,CC,GC,GG,TT,NA,CT,TT,GA,GG,CT,NA,NG,GG,AA,TC,CT,NN,CG,TT,AA,AA,TT,AA,TT,TG,AA,NN,CA,CC,AG,CT,NN,AG,AA,TT,AG,GG,TT,CA,AA,NN,CC,TA,NN,GG,GG,TT,TT,TT,GG,GG,CC,GG,AA,GG,GG,AA,CC,AA,AA,GG,AA,CC,GG,CC,AG,CC,CC,NN,CC,NC,NC,AC,CC,AA,AA,CC,AA,TC,AA,AA,TC,NN,CC,CC,AA,CC,AT,CC,AG,TT,GT,AT,CC,GG,TC,CC,CC,GG
Iberian population in Spain,,,,HG01685,,AN,CC,AA,TT,TT,CG,TT,GG,CT,NN,NN,GG,CC,CC,CG,TC,GA,GG,AG,CC,CC,AA,GG,TT,GG,CN,TT,GA,CC,AA,TT,CC,CN,AA,TG,AA,AA,GG,CC,GG,TC,CC,CC,NN,CC,NN,TC,AA,CN,CC,CT,AA,AG,CC,AG,CC,AA,TT,AG,GG,TC,GG,GG,GG,CC,GG,GA,AN,TC,CC,TT,NN,NN,CC,AA,CC,CC,AA,AA,AG,GG,CC,CT,AA,AA,CT,GT,GG,AA,AT,CC,GN,TN,GG,GA,CC,AA,GA,CT,AA,AG,AA,CC,NN,TT,GG,CA,AA,GA,AG,CN,CC,AG,CC,TT,GG,GA,AG,TT,GG,AG,CC,NN,TC,CC,GG,CC,CC,GG,TG,TT,GG,NN,CT,CC,AA,TT,CC,GA,AG,NN,GC,AG,CT,NG,CC,NN,CT,CC,GG,GA,CC,GG,TC,TT,GT,AT,GG,GA,AA,GG,CC,AA,CC,TT,CC,GG,CC,CC,GG,AA,TT,CC,TT,CC,TT,AA,GG,AG,TT,GG,CC,GG,GG,AA,CN,AA,GG,GG,TN,TT,CC,CC,TT,GG,TC,NG,AA,GG,GG,GA,GA,TT,TG,CC,GG,AA,AA,AA,AG,GG,GG,AC,TC,TC,GA,CT,TT,CA,AA,NT,AG,NN,GG,CC,AA,CC,AA,TT,CC,AA,GG,GG,AG,TT,GC,GG,CC,GG,CC,GA,TT,GG,GG,AG,CT,TT,NN,NT,TA,CC,TT,GG,NT,AG,CC,GG,AG,TT,CT,GT,GG,GG,TT,TT,TT,CC,GG,GG,TT,TT,CA,TC,GA,NN,TT,CC,TT,CA,GG,CC,TT,TT,CT,AA,GA,NN,CC,TT,TT,NT,AA,TC,AG,GA,GA,CC,AG,AA,TC,AA,TT,AA,CC,CC,CC,TC,NN,CC,CC,TT,CC,GA,CC,CC,NC,GC,AA,GA,CC,CC,GG,GA,CC,AA,AA,AT,GG,GA,CC,NN,GG,AN,CT,AA,GG,GG,AA,GA,CC,AG,CC,CT,NN,NN,TT,CC,TC,TG,GG,GN,AG,GA,CT,GG,GA,CG,AA,CC,NT,CA,CC,NN,CC,GG,TT,AA,NN,GG,CC,AA,TT,AC,GG,GG,AG,AG,CC,TA,TC,AA,CC,GA,GG,GG,TC,GC,AG,TT,AN,CC,TC,AA,GC,TC,NA,GN,GG,AA,CC,TT,NN,CC,TT,AA,AA,TT,AA,TT,TT,AA,NN,AA,CC,GG,CT,NN,AA,AA,TT,GG,GG,AA,CA,GG,NN,CC,AA,CC,GA,GG,CT,TT,CC,GG,GG,CC,GG,AA,AG,GA,AA,TC,AA,AA,GG,TT,CC,GA,CC,AG,CC,CT,AN,CT,CN,CN,CA,CC,GA,GA,CC,AA,TT,NA,AN,CC,NN,NN,CC,AG,CC,AA,CC,AA,TT,GG,AT,CN,GG,CC,CC,CC,GG
Iberian population in Spain,,,,HG01686,,AA,CC,AA,TT,TT,GG,TT,TG,CC,NC,NN,GG,CC,CC,CG,TC,GG,GG,GA,CC,CC,AA,TG,TT,AA,NN,TT,GG,CC,CA,NT,TC,CC,AA,TG,GG,GA,GG,CC,AG,CC,CC,CC,NN,TT,NN,CC,AA,CN,CC,CC,AA,GA,CC,GG,CC,GG,TT,GG,AG,TC,GG,GG,CG,CC,GG,GG,AA,CT,CC,TT,NT,NN,CC,AT,CT,CT,AA,AA,GA,GA,CC,CT,CA,AA,CT,GG,GG,AA,TT,TT,NN,NN,GG,GA,CC,AA,AA,CC,AC,AG,AA,TT,NN,TT,GG,AA,GA,AG,AG,NN,CC,GG,CC,TT,GG,AA,GG,TT,CG,AA,CC,NN,CC,CC,GG,CC,CC,GG,TT,GG,AG,NN,TC,CC,AA,TT,CC,AG,AG,NN,CG,GA,TT,GG,GC,NN,TC,CC,TG,AA,CC,CG,CC,TT,TG,AA,TG,AA,AA,GG,CC,AG,CC,NN,CC,GG,CC,TC,GG,AG,TT,TT,TT,CC,TT,AA,TT,AA,TT,GG,CC,GG,GG,AA,NC,AA,GG,GG,TN,TT,TT,CC,TT,GA,TT,NG,AA,GG,GG,GA,GG,TT,TG,CC,GA,AA,AA,AA,AG,GG,GC,AC,CC,CC,AG,TC,TC,AA,AC,TT,AA,NN,TT,CC,AA,TT,AA,TT,CC,AA,GG,AG,GG,AT,GC,TG,TC,GG,CC,GA,TT,GG,GT,AA,CC,TT,NN,TN,AT,CC,TT,TT,NT,AG,TT,AA,GG,GT,CC,GG,AG,GG,TT,TT,GT,TT,GG,GG,TT,TT,CC,TC,AG,NN,TT,CC,TC,AA,GG,CC,CC,TT,TC,CA,GA,NN,CC,TT,GG,NN,GA,TT,GA,AG,GA,TC,GG,AC,CC,AA,TT,AA,CT,CC,TC,CT,AN,GG,CC,TT,CT,GG,AC,TC,CN,GG,AA,AA,CC,CC,TT,AA,CC,AA,AA,TT,GT,GG,CC,AN,AA,NA,TT,AA,GG,GA,GA,AA,CC,AG,GC,TT,NC,NN,TT,CC,TC,GG,GG,NG,AA,AA,TT,AA,AG,GC,AA,NC,TN,CA,CC,NN,CC,GG,TT,AA,NN,GG,TC,AA,TT,CC,GG,GT,GG,AA,CC,TT,TT,AA,CN,AG,GG,GG,CT,GC,GG,AT,NN,CC,TT,GA,GG,TC,NN,NG,GG,GA,CT,TC,NN,CG,TT,AA,AA,TT,AA,TT,GT,AA,GN,AA,TC,AG,CT,NN,AA,AG,TT,GG,GC,TT,AC,AG,NC,CC,AA,NN,GG,GG,TC,TT,CC,GG,GG,CT,GT,AG,AA,GA,AA,CT,AA,CA,GA,TT,CC,AA,CC,GG,CC,CT,NN,TC,NN,CC,AA,CC,GA,AG,CT,GG,TT,AA,AA,CC,NN,NN,CC,GA,TC,TA,CC,GA,NN,GG,TT,CC,GG,TC,CC,CC,GC
Iberian population in Spain,,,,HG01694,,AN,CC,CA,TC,TC,GC,TT,GG,CT,NC,NN,GG,CC,TC,GG,TT,AA,GG,AG,CC,TC,AA,GG,TT,GG,NN,TT,GG,CC,AA,TT,CC,CN,AA,GT,GA,AA,GG,AA,GA,CC,AA,CC,NN,CC,NN,TC,AA,NC,CC,CC,AA,AA,CC,AG,CT,GG,TT,AG,AG,CT,GG,GG,CC,CC,CG,AG,AA,TT,CC,TT,NT,NN,CN,AA,CC,CC,AA,AG,AG,GG,CC,CC,AA,AA,CC,TG,GA,TA,TT,CT,GN,NN,GG,GG,CC,AA,GG,CC,AA,GG,GA,TC,NN,TT,GG,AA,AA,AG,GG,NN,CC,GA,TT,TT,GG,GA,GG,TT,CG,AA,CC,CN,CC,CC,GG,CC,CC,GG,TT,GT,AG,NN,CC,CC,AA,TT,TC,GA,GA,NN,CC,GA,TT,GG,CC,TN,CT,CC,GG,GA,CT,CC,CC,TT,TT,AA,TG,AA,AA,GG,CC,AA,TT,NT,GC,GG,TC,CC,GG,AA,TT,CC,GT,CC,TT,CA,TT,GA,GT,GG,CC,GG,GG,AA,NN,GA,GG,GG,TT,TT,TT,CC,TT,GG,TT,GG,AA,GG,GG,GG,GG,TT,GG,CC,GG,AA,AA,AA,AG,GG,GC,CC,TC,TC,GA,CC,CT,AA,AA,TT,AA,TN,TT,CC,AA,CT,AA,TT,CC,AG,GG,GG,AA,TT,GG,TG,CC,GG,CC,AG,TT,GG,TT,AG,CT,TT,NN,TT,AT,CC,TT,TT,TT,GG,TT,AA,GG,TG,CC,GG,GG,GG,TT,TT,TT,CT,GG,AG,NT,TT,AC,CT,AG,NN,TC,CT,TT,AA,GG,GC,TT,TT,CC,CA,AA,NN,CC,TT,GG,TN,AG,TC,GA,GA,GA,TC,GG,AA,CC,TA,TT,NA,CT,CC,CC,CC,NN,GG,CC,TC,TC,GA,CC,CC,NN,GG,AA,GG,CC,CC,GG,AA,CC,AA,AA,AT,GG,GG,TC,NA,AG,AN,TT,AT,GG,GG,GA,AA,CC,AG,CC,TT,NC,NT,NN,CG,CT,TT,GG,NN,AA,AA,CC,GG,AA,CC,AC,CC,NN,AA,CC,GN,CC,GG,GT,AA,NN,GG,CT,AA,TT,CC,GG,GG,GG,AG,CC,AT,TC,GA,CC,GA,GG,GG,TT,CC,GG,TA,NN,TC,TT,AA,GC,CC,NN,GG,AA,GG,CC,TT,NN,CC,GG,AA,AA,TT,AA,TC,GG,AA,NG,AA,CC,GG,CC,NN,GA,AG,TT,GG,GC,TT,AA,GA,NN,CC,AT,NN,GA,AG,TT,CT,CC,GG,GG,CT,GG,AA,GG,GG,AA,TT,AA,CA,AG,AT,CC,GA,CC,GG,CC,TC,AN,CC,NN,CN,AA,CC,AA,AA,CT,GA,TT,AA,NN,CT,NN,CN,TC,AA,CC,AT,CC,AG,NN,GG,TT,CN,GG,TT,AC,CC,CG
Iberian population in Spain,,,,HG01695,,AA,CC,CC,TC,TT,GG,TT,GG,CC,NN,NN,AG,CC,CT,GG,TT,AA,GC,GA,CC,CC,AA,GG,TT,GG,NN,TT,GG,TC,AA,NT,CC,CC,AA,TT,GA,GA,GG,CC,GG,CT,AA,TC,NN,CT,NC,CC,AG,NC,CC,TC,AA,AA,CA,GG,CC,GG,TG,GA,GG,CC,GG,TG,CG,CC,GG,GG,AN,TT,GC,TA,NT,AN,CN,AT,TC,TC,AA,AA,GG,GG,AC,CT,AA,GA,CC,TT,GG,AA,TT,CC,NN,NN,AG,AG,CC,GA,GG,TC,CC,GG,AA,CT,NN,TT,AG,AA,AG,AG,GG,CN,CC,GA,TT,TT,GG,GG,GG,CT,GG,AA,CC,NN,CC,CC,GG,CC,CC,GG,TT,GT,GG,NN,TC,TC,AA,TC,CT,GG,GG,NN,GG,AG,TT,NN,CC,NN,TT,TT,TG,GA,CC,GG,CC,TC,TT,AA,GG,AG,AA,GG,CC,GG,CT,NN,CC,GG,TC,TC,GG,AG,TT,TT,TT,TC,AT,AC,TG,GG,GT,GG,CC,GA,GG,AG,NN,GG,GG,GG,NN,TT,TC,TC,NT,AA,TT,NG,CA,GG,GG,GA,GG,TT,GG,CT,GG,AA,AA,AA,AA,GG,CC,CC,CC,CC,GG,CC,CC,AA,AA,TT,AA,TN,GT,CC,AG,CT,AA,TT,CC,AA,GG,GG,AG,AA,GG,GG,TT,GA,CT,AG,TT,GT,TG,AG,TC,TT,NA,NT,AT,CT,TG,TG,TN,GG,TT,AA,GG,TT,CC,TT,GA,GA,TT,TT,TT,TT,GG,GG,TT,TT,CC,CC,AG,NN,TT,CT,CT,AA,AG,GC,CC,TT,CT,AA,AA,NN,CC,TT,GG,TN,AA,CT,AG,GA,GA,TC,GG,AA,TT,TA,TT,AA,TC,CC,CC,CT,NA,CG,CC,TT,CC,AG,CA,TC,NN,GG,GA,GA,CC,CC,GG,AA,TC,CA,AA,TT,GG,GG,CC,NN,GG,AN,TT,AA,GT,GG,GG,AA,CC,AA,CC,CT,NN,NN,NN,GC,TT,TG,GA,NN,AA,AG,CT,GA,AA,CC,AA,CC,NN,CA,CC,NG,CC,GG,TT,AA,NN,GA,CC,AA,TT,CA,GG,GG,AG,GA,CC,TA,TT,AA,CC,GG,GG,GG,CC,CC,GG,TA,NN,TC,TT,AG,GG,CC,NN,NG,GA,AG,TT,CC,NN,CG,TT,AA,AG,TT,AA,TT,GG,AA,GG,AA,CC,AG,CT,GN,AA,AA,TT,AG,GG,TA,AC,GA,CC,CC,AT,CN,AA,GG,TT,TT,CC,GG,GG,TC,GG,GG,GG,GG,AA,TT,AA,AA,GG,TT,NC,AA,CC,GA,CC,CT,NN,CC,CN,CN,AA,CT,AA,AG,CT,GA,TT,AN,AN,CC,NN,NN,CC,GA,CC,AT,CC,GG,NT,TG,TT,CC,GG,CT,CC,CC,GG
Iberian population in Spain,,,,HG01697,,AN,CC,CA,TT,TT,GG,TT,TT,CC,NC,NN,AG,TT,TT,GC,TT,AG,GC,AA,CC,CC,AA,GT,TT,GA,CN,TT,AG,CC,CA,NN,CC,NC,AG,GT,AG,GG,GG,CC,AA,CT,AA,CC,AN,CT,NC,TC,AA,CC,CC,CC,AA,GG,AC,GA,CC,GG,TT,GG,GG,TT,GG,GG,GG,CC,GG,GG,AA,CT,CC,TT,TN,NN,CN,AA,CC,TT,AA,GA,GA,GG,CC,TT,AA,AG,CT,GT,GG,AA,TT,CC,NN,NN,GA,AA,CC,AA,GG,CC,AA,GG,AG,TT,NC,TT,GG,AA,AA,GA,GA,NN,TC,GG,TC,TT,GG,AG,GG,TT,GG,AA,CC,NN,CC,CC,GG,CC,CC,AG,TT,GT,GG,NN,CT,CT,AG,TT,CC,GG,GG,NN,GG,AA,TT,GN,CC,NN,TT,CC,GT,AA,CC,CG,CC,TT,TT,AA,GG,AA,AA,GT,TT,AA,CC,TN,GC,GA,TT,TC,GG,AG,TT,CC,TG,CC,TT,AA,TT,GA,TT,TG,CC,GG,GA,AA,NN,AG,GG,GG,NN,TT,TT,CT,TT,GG,TT,NN,AA,GG,GG,GA,GG,TT,TT,TC,AG,GA,AA,AA,GG,GG,GC,AA,CT,CT,GG,CC,CC,AA,AA,NN,AG,NT,GT,TC,AG,TT,AA,TT,CC,GA,GG,GG,AG,TT,GG,GG,CT,GG,CC,GA,TT,TG,GT,AG,TT,TT,NN,TT,TT,CC,TT,GG,NT,AA,TT,GA,GG,TT,CC,GG,GG,GG,TT,TT,TT,TC,NG,GA,TT,TT,CC,CC,GA,NN,TT,CC,TT,AA,GG,CG,TT,NT,CC,AA,AA,NC,CC,TC,GG,NT,AG,TT,AA,GG,GG,TC,GG,AA,CC,AT,TT,AA,CC,CC,CC,TC,NA,CC,CC,TT,CC,GA,CC,CC,NN,GC,AA,AA,CT,CT,GG,AA,CC,AA,AA,TA,TG,AG,TC,NN,AG,AA,TT,AT,TG,AG,GG,AA,CC,GA,GC,TT,NC,NN,NN,GC,TC,TG,GG,NG,AA,GA,TT,GG,AG,CC,CA,CC,NT,AA,CC,GN,CC,GG,GT,AA,NN,AG,CC,AA,TT,AC,GG,GT,GG,GG,TC,TT,TC,AA,CC,AG,AG,GG,CT,GC,GG,TA,NN,CC,TC,GG,GG,CC,NN,GG,GG,AA,TT,CC,NN,CC,TT,GA,AA,TT,AA,TT,GT,AA,NN,AA,CT,GG,TC,NG,AG,GA,TT,GA,GG,AA,CA,AA,CC,CC,TA,CN,GA,GG,TT,TT,TT,AG,GG,CT,GG,AG,GA,AA,AA,TT,AA,CC,GG,AA,CC,AA,CC,AG,CC,CT,NN,CT,CC,CC,AA,CC,GG,AA,CT,AA,TT,AA,AA,CC,GG,CN,CC,AA,TT,AT,GC,GG,TT,GG,TT,NC,GG,CT,CC,CC,GG
Iberian population in Spain,,,,HG01699,,AN,CC,AC,TT,TT,CC,CT,GT,TC,NN,NN,GG,CC,CT,GC,TC,AG,GG,GA,CG,CC,CA,GT,TT,GG,CC,TT,GG,CC,AA,TT,CC,NC,AA,TT,AA,AG,AG,CC,GG,CC,CA,CC,NN,TT,NC,CT,AA,NC,CC,CC,AG,AA,CC,AG,CC,AG,TT,GG,GA,CC,GG,GG,CC,CC,GG,GG,AA,TC,CC,TT,NN,AN,CC,AA,TC,CC,AA,AA,GG,GG,AC,CC,AC,GA,CC,TG,AG,TA,TT,CC,NN,NN,GA,AG,CC,AA,GG,CC,AA,AG,GA,TC,NN,TT,GA,AA,AA,GA,GA,NN,TC,GG,TC,TT,GG,GG,AA,TT,GG,AA,CT,NC,CC,CC,GG,CC,CC,GA,GT,GG,GG,NT,TT,CT,AA,TT,CC,AG,AG,NN,GC,AA,CT,GG,CC,NN,TT,CT,GT,GA,CC,GG,CC,TT,TT,AA,TG,AA,AA,GG,CC,AA,TC,TT,CC,GG,TT,CC,GA,AG,TT,CC,TT,TC,TT,AA,GT,AG,GT,GG,CC,AG,GG,AA,NN,GA,GA,GG,TT,TC,CT,TC,TT,GA,TT,GG,AA,GG,GG,GA,GG,TT,TT,CC,GG,AA,AA,GA,GG,GG,GG,CC,CT,TT,GG,CT,TT,AC,AC,NN,AA,NT,GG,CC,AG,TC,GA,TT,GG,AA,TG,AG,AA,TA,CG,GT,CC,GG,CC,AA,TT,GT,TT,GA,TT,CT,NN,TN,AT,CC,TT,GG,TN,GA,TC,AG,GG,TG,CC,TG,GG,AG,NT,CT,TT,CT,NG,AG,TT,TT,CC,CC,AA,NN,TT,CC,TT,CC,AA,GG,CC,TT,CT,AA,AA,CN,CC,TT,GG,TT,AG,TC,AA,GG,GG,CC,GG,AA,TT,TT,TT,AA,CC,CC,CC,CT,NA,GC,CC,TT,CC,GG,CC,TC,CC,GG,AG,AA,TC,CC,GG,AA,CC,AA,AA,TT,GG,GG,CC,NN,GG,AN,TT,AA,TG,GG,AA,GG,CC,AA,CG,CC,NC,TN,TN,CC,CC,TG,GA,NN,GA,AG,TT,AG,AA,CC,AA,CC,NN,AA,CC,NN,CC,GG,GT,AA,NN,GG,CC,AA,TT,AC,GG,TG,GG,AA,CC,AA,TC,AA,NN,AG,GG,GG,TC,GC,GG,AT,NN,CC,TT,AG,CG,CC,NN,NG,GG,AA,CT,TC,NN,CG,TT,AA,AA,TT,GA,TC,GT,AA,NN,CA,CC,GA,CC,NN,AA,AA,TT,GA,GC,AA,AA,GG,CC,CC,TA,NN,AG,GG,TT,TC,TC,GG,GG,CT,GG,AA,AA,AG,AA,TC,AA,AC,AG,AT,NC,AA,CC,AA,CC,TT,NN,CC,CN,CC,AA,CC,GA,AA,TC,GA,TC,AA,AA,CC,GN,NN,CC,AA,TT,AA,CC,GA,TN,GT,TT,CC,NG,TC,CC,CC,GG
Iberian population in Spain,,,,HG01700,,AA,CC,CC,TT,TC,GC,TT,GG,CC,NN,NN,GG,CC,CC,CC,TC,GA,GG,GG,CC,CC,AA,GG,TT,GG,CN,TT,GG,CC,AC,NN,CC,CC,AA,TT,GG,GA,GG,CC,GG,CC,CC,CC,NN,CT,NN,CC,AG,CC,CC,CC,AG,GG,CC,AA,CC,GA,TT,GG,GA,TT,GA,GT,CC,CC,GG,AG,AA,TT,GC,TT,NN,NN,CC,AA,CC,TC,AA,AA,AG,GA,AC,CC,CA,AA,CC,GT,GG,AA,TT,CC,GN,NN,GG,AA,CC,AA,GG,CC,AC,GG,AA,CC,NN,TT,GG,AA,AA,AG,GG,NC,CC,AG,CT,GT,GG,GG,GG,TT,GG,AA,CC,NN,CC,CT,GG,TC,CG,GA,TT,GG,AG,NT,CC,TC,AG,TC,CC,AG,GG,NN,GG,GG,TT,GG,CC,NN,CT,CC,GG,AA,TC,CG,CC,TC,TT,AA,GG,AA,AA,GT,CC,AA,CT,NN,CC,GA,TT,TC,GG,GA,TT,CC,TT,CC,TA,AA,GT,GG,TT,GG,CC,GG,GG,AA,CN,AA,GG,AG,TT,TT,TC,CT,TT,GG,TT,GN,AA,GG,GG,GG,GG,TT,TT,CT,AG,AA,AG,AG,AA,GG,GG,AC,TC,TC,AG,CC,TC,AA,AC,NN,AA,NN,TT,TC,AA,TT,AG,TT,GC,AA,GG,GA,AA,TT,GC,GG,TC,GG,CC,AG,TT,GT,TG,GA,TT,TT,NN,TN,AT,CC,TT,GG,NN,AA,TT,AA,GG,GT,TC,GG,GA,GG,TN,TC,TT,TT,GN,GG,TN,TT,CA,CC,AG,NN,TC,CC,TT,CA,GG,CC,CT,TT,TT,CA,AA,NN,CC,TT,GG,NN,GA,CT,AG,AG,AG,CC,GG,AA,CC,TT,TT,AA,CC,TC,CT,TC,AN,CG,CC,TT,CC,AG,AA,CC,NN,GG,AA,AA,CC,CC,TT,AA,CC,AA,AA,AA,GG,GG,CC,NN,GA,NN,CT,AA,GG,GG,AA,AG,CC,AA,CG,CT,NN,NN,NN,GG,TT,GG,GG,NG,AA,AA,TT,AG,GA,CC,AA,CC,NN,CA,CC,GN,CC,GG,TT,AA,NN,GG,CC,CA,TT,CC,AG,GG,GG,GG,TC,AT,CT,AA,CC,AG,GG,GG,CC,CC,GG,TT,NA,CC,TT,AG,CG,CC,NN,GN,GG,AG,CC,TT,CN,GC,TT,AA,GA,TT,AA,TT,GG,AA,NN,AA,CT,GG,CC,NN,AA,AA,TT,GA,GC,AA,AA,AA,NN,CT,TA,NN,AA,GG,CC,TT,TT,GG,GG,CC,GG,AA,GG,GG,AG,TT,AA,AA,AA,AT,NN,AA,TC,GG,CC,TT,AN,TC,CN,CC,AA,CC,GA,AA,TC,AA,CT,AA,AA,CC,NN,NC,TC,GA,CC,AA,CC,GA,NN,GG,TT,CN,GN,TT,CC,CC,GG
Iberian population in Spain,,,,HG01702,,AA,CC,AA,TT,TT,CG,TT,TG,CC,NC,NN,GG,CC,TC,GC,TT,GA,GG,GG,CC,CC,AA,GG,TC,GG,CN,TT,GA,CC,AA,TN,CC,CN,AA,TT,GG,AG,AA,CA,GG,CC,AA,CC,NN,CC,NN,TC,AA,CC,CC,TC,AA,GG,CC,GA,CC,GG,GT,GG,GA,CC,GG,TT,GC,CC,GG,GG,AA,CC,CC,TT,TN,AN,CC,AA,CC,CT,AA,AA,GG,GA,CC,CT,AA,AA,TC,GT,GG,TA,TT,CT,NN,TN,GA,GA,CC,AA,GA,CC,AA,GG,AA,CT,NN,TT,GG,AA,AA,AG,GG,NN,CC,AA,CT,TT,GG,AA,GG,TT,GG,AA,CC,NC,CC,CC,GG,CT,CC,GA,TT,GG,GG,NN,CT,TC,AA,TT,CC,AA,AG,NN,GG,GG,TT,GN,CC,NN,TT,CC,GG,AG,CC,CG,CC,TT,TT,AA,TG,GG,AA,GT,CC,AA,TC,TN,CC,GG,CT,CC,GA,AA,TT,TC,GT,CC,TT,AA,TT,GA,TT,GG,CC,GG,GG,AA,NN,AA,GG,GA,TN,TT,CC,CC,TT,GA,CC,NN,AA,AG,GG,GA,GG,TT,GT,CC,AA,AA,AA,AA,GA,GG,CG,CA,TC,TT,GG,CT,CT,AA,AA,NN,AA,TN,TG,TC,AA,TT,AA,TT,CC,AA,GG,AA,GA,AT,GC,GT,CT,GG,CC,GA,TT,TG,GT,GA,CT,TT,NN,TN,AT,CC,TT,GT,TN,AA,CC,GG,GA,GG,CC,GG,AA,GG,TT,TT,TT,TT,NG,GG,TT,TC,CC,CT,AG,CN,TT,CC,CT,AA,GA,CG,TC,TT,TT,CA,GA,NN,CC,TT,GG,TN,AG,CT,GG,AA,AG,CC,GG,AA,CT,TA,TT,AA,CC,CC,TC,CC,NN,GC,CC,TT,TC,GA,CC,CC,NN,GG,AG,AA,CC,CC,GG,AA,CC,AA,AA,TA,TG,GG,CC,NN,GG,NN,TT,AT,GT,GG,GA,AG,TC,AA,CG,TT,NC,NN,NN,GG,TT,TG,AG,NN,AA,AA,CT,GA,AA,CC,AA,CC,NN,AC,CC,NN,TC,GT,TT,AA,NN,GG,TC,AA,TT,AC,AA,GG,AA,GG,CC,AA,TT,GG,NC,AG,GG,GG,CC,GC,GG,TT,NN,CC,TT,GA,GC,CT,NN,GG,GG,AA,CT,TC,CN,CC,TT,AA,AA,TT,AG,TT,GG,AA,NN,AA,CT,GG,CC,NN,AA,AG,TT,AA,GG,AA,AA,GA,CC,CC,TT,NN,GA,GG,CT,TT,CC,GG,GG,TT,GG,AA,GG,GG,AA,TT,AA,AC,GG,AT,CC,AA,TC,GA,CC,CC,NN,CC,CC,NN,AA,CC,AG,AG,TT,AA,TT,AA,AA,CC,NN,CC,CC,AA,CC,AT,CG,AA,TT,GG,TT,CC,GG,CC,CC,TC,GG
Iberian population in Spain,,,,HG01704,,NA,CC,AA,TT,CT,GG,TT,GG,CC,NN,NN,GG,CC,CC,CC,TT,GA,CC,GA,CC,CC,AA,GG,TT,GG,CC,TT,GG,CC,CA,NT,TC,NN,GA,TT,GG,GA,AG,AC,GG,CC,AA,CC,NN,CC,NN,CC,AA,CC,CC,TT,AA,AA,CC,AA,CC,GG,TT,AA,GG,TC,GA,GT,CG,CC,GG,AG,AA,CT,CC,TT,TN,NA,NN,TA,CC,CT,AA,GA,GG,GG,CA,TC,AA,AA,CT,GT,GG,AA,TA,CC,GN,NN,GA,GA,CC,GA,GG,CC,AC,GG,AA,CC,NN,TT,GG,AA,AA,GA,GA,CN,CC,GG,CC,TT,GG,GG,GG,TT,CG,AA,TC,CC,CC,CC,GG,CC,CC,GG,GG,GG,GG,NT,CT,CT,AA,TT,TC,GG,GG,NN,CG,GG,TT,GG,CC,NN,TT,TC,GT,AA,CC,CG,CC,TT,TG,AA,GT,AA,AT,TG,CC,GA,CC,NT,CC,GG,CT,CC,GG,GA,TT,CC,TG,CC,TT,AA,TT,AG,TT,GG,TC,AG,GG,GA,CN,AA,AG,AG,NT,TT,TT,CC,TT,GA,TT,NG,AA,GG,GG,GG,GA,TT,GT,CC,AA,AA,AA,AA,GA,GG,GG,CC,TC,TT,GG,TC,TC,AA,AA,TN,AA,NT,TG,CC,GA,TC,AA,TT,CC,AA,GT,GA,AG,TA,GC,TG,TC,AG,CC,AA,GT,TG,GT,AA,TT,TT,NN,NT,AA,TC,GT,TT,TT,GG,TT,AG,GG,GT,CC,TG,GG,GG,NN,CC,TT,CT,GG,AG,NT,TT,CC,TC,GA,CN,TC,CC,CT,CA,AG,CG,TT,TT,CT,AA,AA,NC,CC,TT,GG,TN,AA,TC,GG,GA,GA,TC,GA,CA,CC,TA,TT,AA,TT,CC,CC,CC,NN,CG,GC,CT,CC,AG,CC,CC,NC,CG,AA,AG,TC,CC,TT,AA,CC,AA,AA,TA,GG,GG,TC,NN,GG,AN,TT,AA,GG,GG,AA,AA,CC,AG,GC,TT,NN,NN,NN,CC,TT,GT,GG,NN,AA,AA,TT,AG,AG,GG,AA,CC,NT,AC,AC,NG,CC,GG,TT,AA,NN,AG,CT,CA,TT,AA,GG,GT,GG,AA,CT,TA,CC,AA,NC,AA,GG,GG,CC,GG,AG,TT,NA,TC,TT,AA,CG,CC,NN,NG,GG,AA,CC,TT,NN,GC,TT,GA,AA,TT,AA,TC,GT,AA,NN,AA,CC,AG,CC,NN,AA,GA,TT,GG,GG,AA,CC,AG,CC,TC,TT,CC,GA,GG,TC,TT,CC,GG,GG,CC,GG,GA,GG,AG,AA,CT,AC,CC,GA,TT,NC,AA,CT,GA,CC,CC,NN,TT,CC,NN,AC,TC,AG,AA,CT,AA,CC,AA,AA,TC,NN,NN,CC,AA,TC,AA,CC,AA,TT,GG,TA,CC,NG,CC,CC,CC,CG
Iberian population in Spain,,,,HG01705,,AA,CC,CA,CT,TT,GG,TT,TG,CC,NC,NN,GG,CC,TC,GG,TT,AA,GG,GG,CC,CC,CA,GG,TT,AG,NC,TT,GG,CT,CA,NN,CC,NC,AA,TG,GA,GA,GA,AC,GG,CC,AA,CC,NN,TT,NN,TC,GA,NN,CC,CC,GA,AG,CC,AG,CC,GG,TT,GA,GG,CC,AG,GT,GC,CC,GG,GA,AA,TT,CC,AT,NN,NN,CN,AA,CC,CT,AA,AA,AG,GG,CC,CC,AA,AA,CT,GG,AG,AA,TT,CC,NN,TN,GG,GA,TC,AA,GG,CT,AA,GG,GA,TC,NN,TT,GG,CA,AG,GG,AG,CN,CC,AG,TT,TT,GG,GG,GG,TT,GG,AA,CC,NN,CC,CT,GG,CC,CC,AG,TT,GG,AA,NN,TC,CC,AA,TT,CT,GG,AA,NN,CG,GG,TT,GN,CC,TN,CT,CC,TT,AA,CC,CC,CC,TT,TT,AA,GG,GA,AA,GG,CC,AG,CC,TT,CC,GG,TC,CC,GG,AG,TT,TT,GT,CC,AT,AA,TG,AG,TT,GG,CC,GG,GG,AA,NN,AA,GG,AG,TT,TT,CC,TT,TN,GA,TC,NN,AA,GG,GG,GG,GG,TT,TT,CC,GG,AA,AA,AA,AG,GG,GG,CA,TC,TC,AG,CC,CC,AA,AA,NT,AG,TN,TT,CT,AA,TC,GA,TT,CC,AA,GG,GG,AG,AA,GC,GG,CT,GG,CC,AA,TT,GT,TG,AG,TC,TC,NN,TT,TT,CC,TT,GT,TT,GG,TT,AA,GG,GT,TC,TG,GG,AG,TT,TT,TT,TT,GG,GG,TT,TT,CC,CC,AG,NN,TC,CC,CT,AC,AG,CG,CT,TT,CC,AA,GA,CN,CC,TT,GG,NT,AA,TT,GG,AA,GA,CC,GG,AA,CT,AT,TT,AN,TT,CC,TT,TC,NN,CC,CC,TT,CC,GA,CC,CC,CC,CG,AA,GG,CC,CC,TG,AA,CC,AA,AA,AT,GG,GA,TC,NN,AG,NA,TT,AA,GG,GG,AG,AA,CC,AA,CC,CC,CC,NN,TN,GG,TT,GG,GG,NN,AA,AA,TT,AA,AG,CC,CA,CC,NT,AA,CC,NN,TC,GG,TT,AA,NN,GG,CC,AA,TT,CA,GG,GG,AG,GG,CC,AT,CC,AA,NC,AA,GA,GA,CC,CC,GG,TA,NN,CC,TT,GG,GG,CC,NN,GG,GG,AA,CT,TC,NC,CC,TG,GA,GG,TT,AG,TC,GG,AA,NN,AA,TC,AG,TT,NN,AA,GA,TT,GG,GG,AA,AA,AG,NN,CC,TA,NN,AA,GG,TT,TT,CC,GG,GG,CC,TG,AA,GG,GG,GA,TC,AA,AA,GG,TT,NN,AA,TT,GG,CC,TC,AN,CT,NC,CN,AA,CC,AA,AA,TT,AA,TT,AA,AA,CT,NN,CN,CC,AA,CC,AA,CC,GA,TT,GG,TT,CC,GG,TC,CC,CC,GG
Iberian population in Spain,,,,HG01707,,AA,CC,AA,TT,TT,CC,CT,GT,CC,NC,NN,GG,CT,CT,GC,TT,AA,GG,AG,CC,CC,AA,GT,TT,GG,CC,TG,GG,CC,AC,NT,CC,NN,AA,GG,GA,GG,GG,CA,GG,CC,CA,CC,NA,CC,NN,CC,AA,CC,CC,CC,AA,GG,CC,AG,TT,AG,TT,AA,GG,TT,GG,GG,GC,CC,GG,GG,AA,TT,CC,TT,NN,NN,CC,AA,CC,TC,AG,GA,AA,AG,CC,CC,AA,AA,TC,GG,GG,AA,TT,CT,NN,NN,GG,GG,CC,GG,GG,CC,CA,GG,AA,CT,NN,TT,GG,AA,GA,AG,GG,NN,CC,GA,TT,TT,GG,AG,GG,TT,GG,GA,CC,NN,TC,CC,GG,CT,CC,GG,TT,GG,GG,NT,CT,CC,AA,TC,CC,GG,GA,NN,GG,AA,CT,GG,CC,NN,TT,CC,GT,AA,CC,CG,CC,CT,TT,AA,GT,AA,AA,GG,CC,GG,CC,TT,GC,GG,CC,CC,AA,AA,TT,CC,TT,TC,TA,AA,TT,GG,TT,GG,CC,GA,AG,GA,CN,AG,AG,GG,NT,TT,CT,CC,TT,GA,CT,NN,AA,AG,GG,AG,GG,TC,TG,CC,GA,AA,AA,AA,AG,GG,CG,CA,CC,TC,GG,CC,CC,CA,AA,NN,AA,NT,TT,CC,AA,CT,AA,TT,CC,GA,GT,GG,GA,AT,GG,GG,TC,GG,CC,AA,TT,GT,TG,GG,TC,TT,NN,NT,AT,CC,TT,GT,TN,GG,TT,AA,GG,TT,CC,GT,GG,AA,TT,TT,GT,TT,NG,AG,TT,TC,CA,TC,GG,NN,TC,TC,TT,AC,GG,CC,CC,TN,TT,AA,AA,NN,CC,TT,TG,TT,AA,TC,AA,GA,GA,TC,GA,AA,CC,AA,TT,AA,CC,CC,CT,CT,NN,CC,CC,TT,CC,AG,CC,CC,CC,GG,AA,AA,CC,CC,GG,AA,CC,AA,AA,TA,TG,GG,CT,AN,GG,NA,TT,AA,GT,GA,AA,AA,TC,AA,CG,CT,CN,TN,TT,CC,CC,GT,GG,NN,AA,AA,TC,GG,AG,CC,AA,CC,NN,AA,CC,NN,CT,TG,TT,AA,NN,GG,CC,AC,TT,CC,GG,GG,AG,GA,CC,TA,TC,AA,NC,AA,GG,GG,CC,GG,GG,AT,AN,CC,TT,GG,GG,CC,NN,NN,GG,GA,CC,TT,NC,GC,TT,AA,AA,TC,GA,TC,TT,AA,NN,AC,CC,GG,CT,NN,GG,AG,TC,GA,GG,AA,AA,GG,CC,TC,AT,NN,AA,GG,TC,TT,CC,GG,GG,TT,GG,GA,GA,AG,AA,TC,AA,AC,GG,AA,NC,GG,CC,GG,CC,CC,NA,TC,CC,NC,AA,CC,AA,AA,TC,AG,CC,AN,NA,TC,NN,NC,CT,AA,CT,TA,CC,AG,TT,GG,AT,CN,GG,CT,CC,CC,GG
Iberian population in Spain,,,,HG01708,,AA,CC,AC,TT,CT,GG,TC,GT,CT,CC,NN,GG,CC,CC,CC,TT,GA,CG,AG,CC,CC,AA,TG,CT,GG,NN,TT,GG,CC,CA,NT,CC,CN,AA,TT,GG,AA,GG,CA,GA,CC,AA,CT,NN,CC,NC,CC,AA,NN,CC,CC,AA,AG,CC,AG,CC,GG,TT,AA,AG,TT,AG,TG,CC,CC,GG,GG,AA,TT,CC,AT,NN,NN,NN,AT,CC,CT,AA,AA,AG,GG,CC,CC,CA,AG,TC,GG,AG,AA,AT,CC,NN,TT,GG,AG,CC,GA,GG,CC,AA,GG,AA,TT,NN,CT,GG,AC,AG,AA,GA,CN,CC,AG,TT,TT,TT,GG,GG,TT,GG,AA,CC,NN,CC,CC,GG,CC,CC,AG,TT,TT,AA,NN,TC,CT,GA,TC,CC,GG,AA,NG,GC,AG,TT,GG,CC,NN,TT,CC,TG,AA,CC,CG,CC,TT,TT,AA,GG,GA,AA,TG,CC,AA,TC,TN,CC,GG,TC,CC,GG,GA,TT,CC,TT,CC,TT,AA,TG,GG,TT,GG,CC,AG,GG,AA,NC,GA,AA,AG,NN,TT,CT,CT,TT,GA,TT,GN,AA,GG,GG,AA,GA,TC,TT,CC,GG,GA,AA,AA,AA,GG,GG,CA,TC,TC,GG,CC,CC,CA,CA,NT,GA,NN,GT,CC,AA,TT,AA,TT,GC,AA,GG,GA,GA,AA,GG,TT,TC,GG,TC,AA,TT,TG,TG,AG,TT,TC,AN,TT,AT,CC,TT,TG,NN,GA,TC,AG,GG,GG,CC,GG,AG,GG,TT,TT,TT,TT,NG,GG,TT,TT,CC,CC,GG,NN,TT,CC,TT,AC,GG,GG,CC,TT,TT,AA,AA,CN,CC,TT,TG,NT,AA,CT,GG,AG,AA,CC,AA,AA,CC,TA,TT,AA,CC,CC,TC,CC,NN,CC,CC,TT,CT,AG,CC,CC,NN,CG,AA,GA,CC,CC,GG,AA,CC,AA,AG,TA,GG,GG,CC,NN,GG,NN,TT,TA,GG,AG,AG,AA,CC,AA,CC,CT,CC,NN,NT,GC,CC,TG,GG,NG,AA,AA,CT,GG,AG,CG,AA,CC,NT,AC,CC,NN,TC,GG,TT,AN,NC,GG,CT,AA,TT,AA,GG,GG,GG,AA,CC,AA,TT,AA,CC,AA,AG,GG,CC,GC,GA,AT,NN,CC,CT,GA,GG,CC,NA,NG,GA,AG,CC,TT,NN,CC,TT,AA,AA,TC,AA,CC,TT,AA,NN,AA,CT,GG,CC,NN,AA,GA,TT,GG,GG,AA,AA,GG,NN,CC,AA,NC,GG,AG,CC,TT,TC,GG,GG,CC,GG,AA,AG,GG,AG,TT,AA,AA,GA,TT,CN,AA,TC,GA,CC,TC,NN,TT,NN,NC,AA,TC,AA,AA,TC,AA,CC,AA,NA,CC,NN,NN,CC,AA,CC,TA,CC,AA,TT,GG,TA,NC,GG,CT,CC,CC,GG
Iberian population in Spain,,,,HG01709,,AA,CC,CC,TT,TC,GC,TT,TG,CT,NC,NN,GG,CC,CT,GC,TT,GA,GG,GG,CC,CC,AA,GG,TT,AA,NN,TT,GG,CC,CA,NT,CC,CC,AA,GT,AA,AG,GG,CC,GA,TT,CA,CC,NN,CT,CN,CT,AG,CC,CC,CT,AA,GG,CC,GG,CC,GG,TT,GA,AG,TC,GG,TG,CG,CC,GG,GA,NA,CT,CC,TT,NN,NN,CC,AA,CC,TC,GA,AA,GG,GG,CA,CC,CC,AA,CC,TG,GG,AA,TT,CC,NN,NT,GA,AG,CC,AA,GG,CT,CA,GA,AA,CT,NC,TT,GA,AA,GG,GG,AG,NC,TC,AG,CC,TT,GG,GG,GG,TT,GG,AA,TC,CN,CC,CC,GG,TC,CC,GG,GT,GG,GG,NN,CT,TC,AA,TC,CT,AG,AG,NN,GG,GG,TT,GG,CC,NT,TC,CC,GG,GG,CT,GC,CC,CT,GT,AA,TG,AA,AA,GG,CC,AG,CC,TN,CC,AA,CC,CC,AG,AA,TT,CC,GT,CC,AA,AA,TG,GG,TT,GG,CC,GG,GG,AA,CN,GA,AG,GA,NN,TT,TT,CT,TT,GA,TC,NN,AA,AA,GG,AG,GG,TC,TG,CC,AA,AA,AA,AA,GG,GG,GC,AA,TC,TC,AG,CC,CC,CA,AC,NT,AG,NN,TT,CC,AA,CC,AA,TT,CC,AA,GG,GG,AG,AA,GG,GT,CC,GG,CC,GA,TT,GT,TG,AA,TT,TT,NN,NT,AA,CT,TG,GT,TN,GG,TT,AA,GG,GT,CC,GG,GG,GG,TT,TT,TT,TT,NG,GG,TN,TT,CC,CC,AG,CN,TT,CT,TC,AC,GG,CG,CT,TT,CT,AA,AA,NC,CC,TT,TG,NN,GG,TC,AG,GA,GG,TC,GA,AA,CT,AA,GT,AA,CC,CC,CT,TC,NN,CC,CC,TT,CC,GG,CC,TC,NN,GG,AA,GA,CC,CC,GG,AA,CC,CC,AA,AT,GT,GG,TT,NN,AA,NA,TT,AA,GT,GA,GA,AA,CC,AG,CC,CC,NC,NN,NN,GG,TC,TG,GG,NN,AG,AG,TC,GA,AA,CC,CC,CC,NN,CC,CC,NG,CC,GG,TT,AA,NN,GG,TC,AA,TT,CC,GG,GG,GG,GG,TC,AT,TT,AA,CC,AA,GA,GA,CT,CC,GG,TA,NN,CC,TT,AA,GG,CC,NN,NG,GG,AA,CC,TT,NC,GC,GG,GA,AG,TT,AA,TT,GG,AA,NN,AA,CC,GG,CC,NN,AA,GG,TT,GA,GG,TA,CA,AG,CN,CC,TA,CN,GA,GG,CT,TT,CT,GG,GG,CC,GG,GG,GG,GG,AA,TT,AA,AC,AA,TT,NC,AG,TT,GG,CC,TC,AN,TC,CN,CN,AA,TC,AA,AA,TC,GA,CC,AA,AA,TT,NN,NC,TC,AA,CT,TT,CC,AG,NN,GG,TT,NC,GG,CC,CA,CC,GG
Iberian population in Spain,,,,HG01710,,AN,CC,AC,TT,TT,GC,TT,TG,CC,CN,NN,AG,TT,CC,GG,CC,AG,GG,GG,CC,CC,AA,GG,TT,AG,NN,TT,GG,CT,AA,TT,CC,NC,GA,TG,AA,GA,GG,CC,GG,TC,AA,CC,NN,TT,NC,CC,AA,CC,CC,TC,AA,AG,CC,GG,CC,GG,TT,GG,GG,TT,AA,GG,CG,CC,GG,GG,AA,TT,GC,TT,NN,NN,CC,AA,CC,TT,AA,AA,AG,GG,CC,TC,AA,AA,CC,GG,GG,AA,TT,CC,NN,TN,GA,AA,CC,GA,GG,TC,AA,GG,AG,TC,NN,TT,GG,CA,GA,AA,GA,CN,CC,AA,CC,TT,GT,GG,GG,CT,GG,AA,CT,NN,CC,CC,GG,TT,CC,GG,TT,GG,GG,NN,CC,TC,AA,TT,TC,AG,AA,NN,CG,AG,TT,GG,CG,NN,CT,CC,TT,AA,CC,CC,CC,CC,TG,AA,GG,AA,AT,GG,CT,AA,CC,NN,CC,GG,TT,CC,GG,GA,TT,CC,TT,CC,TA,CA,GT,GA,GG,GG,CC,GG,GG,AA,NC,GA,GA,GA,NT,TT,CT,TC,TT,GG,TT,NN,CA,GA,GA,AA,GG,TT,TT,TC,GG,GA,AA,AA,AG,GG,CG,CA,CC,CT,GG,CC,CC,AA,AA,NN,AA,NN,TG,CC,GG,CT,GA,TG,GC,AA,GG,AG,AG,TT,CG,GG,CC,GG,CC,GA,TT,TG,GT,AG,TT,CT,AN,NT,TA,CC,TT,GT,TN,GA,TT,AA,GG,GT,TC,TG,GG,AG,NT,CT,TT,TT,GG,GG,TN,TT,CC,CC,GA,NN,TT,TC,TT,CA,GG,CC,CC,TT,CC,AA,AG,CN,CC,TT,GT,NT,GA,TT,GA,AG,GG,CC,GG,AA,CT,AT,GT,AA,CT,CC,CC,CT,NA,GG,CC,CT,CC,AG,CC,TC,CN,GC,AA,AA,CC,CC,GT,AA,CC,AA,AA,TA,GG,GG,CC,NN,AG,NA,TT,AA,GG,GG,GA,AG,CC,GG,CC,CT,NN,NN,TN,CG,CT,GT,GG,GN,AA,AG,CT,AG,GA,CC,CC,CC,NN,AA,CC,NG,CC,GG,TT,AA,NN,GG,TC,AA,TT,CC,GG,TG,GA,GG,CC,TT,TC,AA,CC,AG,GG,GG,CT,GC,GG,TA,NN,CC,TT,GG,GG,TC,NN,NG,GG,AG,TT,CC,NN,CC,TT,AA,AA,TT,AA,TT,GG,AA,NG,CA,CC,AA,TC,NN,AG,AA,TT,GG,GG,AA,AC,AA,NC,CC,AA,NC,GG,GG,TT,TT,TT,GG,GG,CC,GG,AA,GG,GG,AA,TT,AA,CA,AG,TA,NC,AA,CC,GG,CT,CC,NN,CC,CC,NC,AA,CC,GA,AA,TT,GG,TT,NN,NA,CT,NG,NC,TC,GA,CC,AA,CC,GA,TT,GG,TT,CC,GN,TC,AC,CC,GG
Iberian population in Spain,,,,HG01746,,AA,CC,AA,CT,CT,CG,TT,GG,CT,NC,NN,GG,CC,TC,GC,TC,AA,GG,AG,CC,TC,AA,TG,TT,GA,CN,TT,GA,CC,CC,NN,CC,NC,AA,GG,GA,GA,AG,CC,AG,CC,AA,CC,AN,CC,NN,CC,AA,NC,CC,CT,AA,AG,AC,GG,CT,GG,GT,AG,GG,TT,AA,TT,GG,CC,GG,AG,NA,TC,CC,TT,NN,NN,CC,AA,CC,TC,GA,AA,GG,GG,AA,CT,AA,AA,CC,GG,GG,AA,TT,CC,NN,NT,GG,AG,CC,AG,GG,CT,AA,GA,GA,CT,NN,TT,GG,AA,AA,GA,GA,NN,CC,AA,TC,TT,GG,GG,GG,TT,GG,AA,CC,NN,CC,CC,GG,CC,GC,AA,TG,GG,GG,NT,CC,CT,GA,TT,CC,AG,AG,NN,GC,GG,TT,GG,CC,NN,TT,CC,TT,AA,CC,GG,CC,TC,TT,AA,GT,AA,AA,GT,CC,AA,TC,NT,CC,GG,CC,CC,AA,AA,TT,CC,TT,TC,TT,AA,TT,GA,TG,GG,CC,GG,GG,AA,NN,GG,GG,GG,TT,TT,TT,TT,TT,AA,TT,NN,AA,GG,GG,AA,GG,TT,GT,CC,GG,AA,GG,AA,AG,GG,GC,CC,CC,CC,GG,CC,TC,AA,AA,NN,GA,TT,TG,CC,AA,CC,AA,TT,GC,AA,GG,GG,AA,AA,CG,GT,TC,GG,CC,AA,TG,GG,TG,GA,CC,TT,NN,TN,AT,CC,TT,TG,TT,GA,TT,AG,GG,TG,CC,TG,GG,GG,TT,TT,TT,CT,GN,GG,TT,CT,AC,CC,GA,NN,TT,CC,CC,AC,GA,CC,TC,TT,TC,CA,AA,NN,CC,TT,GG,TT,AG,CC,AA,GG,GG,CC,GA,AA,CC,AT,TT,AA,CC,CT,TT,CC,NN,CC,CC,TT,CC,GA,CC,CC,NN,GG,AA,GA,CC,CC,GT,AA,CC,AA,AA,TT,GG,GG,CT,NN,GG,NN,TT,AA,GT,GA,GG,AA,CT,AG,CC,CC,CN,NN,TT,CC,CC,TG,GG,GG,AA,AG,TT,GG,AA,CC,AA,CC,NT,AC,CC,NN,CC,GG,GT,AN,NC,GG,CC,AA,TT,AC,AG,TG,GG,AG,CT,TA,TT,GA,CC,GG,GA,GA,CC,CC,GG,AT,NN,CC,TT,GA,GG,CC,AN,NG,GG,AA,TC,CC,NN,CG,TT,AA,AG,TT,AG,TC,TG,AA,NN,AA,CC,AG,CC,NN,AA,AG,TT,GA,CC,AA,AA,GG,NN,CT,AA,NN,AG,GG,CC,TT,TC,GA,GG,CC,GG,AA,GG,GG,GA,TC,AA,CA,AG,TA,CC,AG,CC,GG,CC,CT,NN,CT,NC,CC,AC,CC,GA,AA,TT,GA,CC,AN,NA,TC,NG,CN,CC,AA,TC,TT,CC,GG,TT,GG,TA,CC,GG,TC,CC,CC,GG
Iberian population in Spain,,,,HG01747,,AA,CC,CA,TT,TC,GG,TT,TT,CC,CN,NN,GG,TC,CC,CC,TT,AA,GC,AA,CC,CC,AA,GG,TT,GG,CC,TT,GG,CC,AC,NN,CC,CC,AA,TG,GG,AG,GA,CA,GA,CC,CC,CC,NN,CC,NN,TC,AA,CC,CC,CC,AA,AA,CC,AA,CC,GG,TT,AA,GG,CT,GA,TG,GC,CC,CG,AG,AA,TT,CC,TA,NN,NN,CC,AA,CC,CC,AA,AA,GA,GG,CC,CC,AC,AG,TC,TG,AG,AA,TT,CC,NN,NT,GG,AG,CT,GG,GG,CC,AA,GG,AG,TT,NN,TT,GG,AA,AA,AG,GA,NN,CT,GA,TT,TT,GG,GG,GA,TT,GG,AA,CC,NN,CT,CC,AG,CC,CC,AG,TG,GG,GG,TT,CC,CC,AA,TT,CC,GG,GG,NN,GG,GG,TT,GG,CC,NN,TT,TC,TG,AA,CC,CC,TC,TT,TT,AA,GT,AA,AA,GG,CC,AG,CC,TN,GG,GG,CT,CT,GA,AA,TT,CT,TT,CC,TT,CA,TT,GG,GT,GG,CC,GG,GG,AG,CN,GA,GG,GA,TT,TT,CC,CC,TT,GG,CC,NG,AA,GG,GG,AG,GG,TT,GT,CC,GG,AA,AA,AA,AG,GG,GG,CA,CT,CC,GG,CC,CC,AA,AA,NN,AA,NN,GT,CC,AA,TC,AA,TT,CC,AA,GG,GA,AG,TA,CG,GG,CC,AA,CC,AA,TT,TG,TG,AG,CC,TC,NA,TN,AT,CC,TT,GG,TT,AG,TT,GA,GG,GG,CC,TG,GG,GG,TT,TT,GG,CC,GG,AG,NT,TC,CA,CC,GA,NN,TT,CC,TT,AA,GG,CC,CC,TT,TT,AA,AA,NC,CC,TT,GG,TT,AA,TT,GA,AA,GA,CC,GA,AA,TC,AA,TG,AN,CC,CC,CC,CC,NA,CG,CC,TT,CC,GA,CC,TC,CC,GC,AA,AG,CC,CC,GT,AG,CC,AA,AA,TA,GG,GG,CT,NA,AG,AN,TT,TA,TG,GA,GG,AA,CC,GG,CC,CT,NN,NN,TN,CG,TT,GG,GG,NN,AA,AG,CC,GA,AA,CC,AA,CC,NT,AC,CC,NG,CC,GG,TG,AA,NN,GG,CC,CC,TT,CC,GG,GG,GA,GG,CC,TT,TC,AA,NC,GA,GA,GG,TT,CC,AG,TT,NN,TT,CT,GG,GC,CC,NA,NG,GG,GA,CT,TC,CN,CG,TT,AA,GG,TT,AA,TT,GT,AA,NN,AA,CC,AG,CC,NN,AG,GA,TT,GA,GG,AA,CA,GA,NN,CC,TA,NN,GG,GA,TC,TT,TT,GG,GG,CC,GG,AA,GG,AG,AA,TT,AA,CA,GA,AT,CC,AA,CC,GA,CC,CC,NN,CC,NC,CN,AA,CC,AA,AA,TT,AA,CC,AA,AA,TC,NN,NN,CC,GG,CC,AA,CC,AG,TT,GG,TT,NC,GG,CC,CC,CC,GG
Iberian population in Spain,,,,HG01756,,NN,CC,CA,TT,CC,GG,TT,GG,CC,NC,NN,GG,CC,TC,CC,TC,AA,GG,GG,CC,CC,AA,GT,TT,GG,NC,TT,GG,CC,AA,TN,TT,CC,AA,GT,GG,AA,AA,CC,GA,CC,AA,CC,NN,TC,NN,CC,AA,CC,CC,CC,AA,GG,CC,GG,CC,GG,TT,GG,AA,TT,GG,GG,GG,CC,GG,AG,AA,TT,CC,TT,NT,NN,CC,AA,CC,TT,AA,AA,GG,GG,CC,TC,AC,AA,CC,GG,GG,AA,TT,CC,NN,NN,GG,AG,TC,AG,AG,CC,AA,GA,GA,TC,NC,TT,GG,AA,AA,GA,GG,NC,TC,GA,TC,TT,GG,GG,GG,TT,GG,AA,CC,NN,CC,CT,GG,CC,CC,GG,GG,TG,AG,NT,TT,TT,AA,CT,TC,GG,AG,NN,CG,GG,TT,GG,CC,TN,CT,TC,GG,GA,CC,GG,CC,CC,TT,AA,GG,AA,AT,GG,CC,AG,CC,TN,CC,GG,TC,CC,GG,AA,TT,CC,TT,CT,TA,AC,TG,AG,TT,GG,CT,GG,GG,AA,CN,GA,GG,GG,TT,TT,CT,CC,TT,AG,CT,GN,AC,GG,GG,GA,GG,TT,TT,CC,GG,AG,AA,AA,AA,GG,CG,AC,TC,CC,AA,CC,TC,AA,CA,NN,AA,NT,TT,CC,AG,TC,AA,TT,GC,GA,GT,AG,GA,AT,GG,GG,TT,GG,CC,GG,TT,GT,GT,AG,CT,TT,NN,TN,TA,CC,TT,GG,NN,AG,TT,AA,GG,GG,CC,TT,GG,GG,NT,CT,TT,TC,NN,AG,TT,TT,CC,CC,GA,NN,TC,TC,TT,AC,GG,CC,TC,TT,TT,AA,AA,NN,CC,TT,GG,TT,AA,TC,AA,AG,AA,CC,GG,AA,CC,TT,TT,AA,CT,CC,CC,CT,NA,CC,CC,TT,TC,AG,CC,TC,NN,GG,AA,GA,CC,CC,GT,AA,CC,AA,AA,AT,GG,GG,CT,NN,GG,AN,TT,AA,GT,GG,GA,AA,CC,GA,CC,TT,NC,NN,TT,CC,CC,TG,GG,NG,GA,AA,TC,GA,AG,CC,CC,CC,TT,AC,CC,NN,TC,GG,TT,AA,NN,GA,CC,AA,TT,CC,GG,TG,GG,GG,CC,AA,TT,AA,CC,AA,GG,GG,TC,GC,GG,TT,NN,TT,TT,GG,GG,CT,NN,GG,GG,AA,TT,CC,CN,GG,TT,AG,AG,TT,AG,TT,GG,AA,NN,CA,CT,GA,TC,NN,GA,AG,TT,AG,CG,AA,AA,AG,NN,CC,TT,NN,GA,GG,TT,TT,CC,GG,GG,CC,GG,AA,GG,GG,AA,TT,AA,AC,AG,AT,CN,GA,CT,GG,CC,CT,NN,CC,NC,NN,AC,CC,AA,AA,TT,AG,CT,AA,AA,TC,GN,CN,CC,AA,CC,AA,CC,GG,TN,GT,TA,NN,GG,TT,CC,CC,GG
Iberian population in Spain,,,,HG01757,,NA,CC,AA,TC,TT,GC,TC,GG,CC,NN,NN,GG,TC,CC,CG,TC,GA,CC,GA,CC,CC,AA,TG,TT,GG,NN,TT,AG,CC,AC,NN,CT,CN,AA,TG,AA,GA,AA,CC,GG,TC,CA,CC,NN,CT,NN,CT,AA,CN,CC,TC,AA,AA,CC,GA,CT,GG,TT,AG,GG,CT,GG,GT,CC,CT,GC,AG,AA,TT,CC,AA,NN,NN,NC,AA,CC,CC,AA,AA,GA,GG,AA,CT,AA,AA,CC,GG,GG,AA,TT,CC,NN,NT,GA,GA,CC,AG,GG,CC,AA,GG,AA,CT,NN,TT,AG,AA,AA,GA,AA,NN,CC,AG,TC,TT,GG,GG,GG,TT,GG,AA,CC,NN,CC,CC,GG,CC,CC,GG,GG,GT,GA,NN,CC,CC,AA,TT,CC,GA,AA,NN,GG,GA,TT,GG,CC,NN,TT,CC,GG,GA,TT,CC,CT,TC,TG,AA,GT,AA,AA,GG,CC,AA,CT,NT,CC,AG,TC,CT,GG,GA,TT,CC,TT,TC,TT,AA,TT,GA,GT,TG,CC,GG,AG,AA,CN,AA,GG,AG,NN,TT,TT,TC,TT,GG,TC,NN,AA,GG,GG,GA,AG,TT,TT,CC,GG,AA,AA,AA,AG,GG,GG,AA,TC,CC,AA,CC,TT,AC,AA,NT,AA,TN,TT,TT,AA,CC,AA,TT,CC,AA,GG,AG,GG,AA,GG,GG,CT,GG,CC,AA,TT,TG,GT,AA,CC,TC,NN,TN,TA,CC,TT,TG,NN,AG,TT,AA,GG,GT,CC,GG,GG,GG,TT,TT,GG,CT,GG,GG,TT,TT,CC,CT,AG,NN,TT,TC,CT,CA,AA,GG,CC,TT,TC,CA,AA,NC,CC,TT,GT,NN,AA,TT,AA,GG,GG,CC,GG,AA,CC,TT,GT,AA,CC,TC,CC,TC,NN,CC,CC,TC,CC,GA,CC,TT,NN,GG,AA,GG,CC,CC,GT,AA,CC,AA,AA,AT,GG,GG,CC,NN,AA,AN,TT,AA,GT,GG,AG,AA,CT,AA,CC,TC,NN,NN,NT,CC,TC,GT,GG,GN,AA,AA,CT,GG,AG,CC,AA,CC,TN,AC,CC,NN,CC,GG,TT,NA,CN,GG,CT,AA,TT,CA,GA,GT,GA,GG,CC,TA,CT,AA,CC,GA,GG,GG,TT,CG,GG,TT,NA,CC,TT,AG,GG,CC,NA,NN,GG,AA,TT,TT,NN,GG,GT,GA,AA,TT,GA,TT,TG,AA,NN,AA,CC,AG,CC,NN,AA,GG,CT,AG,GG,AA,CA,AG,NN,CC,AA,CN,AA,GG,CT,TC,CC,GG,GG,TC,GG,AA,GG,GA,GA,TC,AA,AA,GA,TA,NC,AA,CT,GG,CC,TT,NN,CC,NC,CC,CA,TT,AG,AA,CC,GA,TC,AA,AA,CC,GG,CN,CT,AG,CT,TA,CC,GA,TT,GG,TA,NC,GG,CT,CC,CC,GG
Iberian population in Spain,,,,HG01761,,NA,CC,CA,CT,CT,GG,TT,TG,CC,CN,NN,GG,TC,CC,CG,TT,AA,GG,AA,CG,CC,AA,GG,TT,GA,CC,TT,GG,CC,AC,TN,CC,NN,GG,TG,GA,AG,GA,CA,AG,CT,AC,CC,NN,TT,NN,TC,AA,NC,CC,CC,AA,AA,CC,AG,CC,GA,TT,GG,GA,TT,AA,TG,CG,CC,GG,GA,NA,CT,CC,TT,TN,NN,NC,AA,CC,TC,AA,GG,GA,GG,CC,CT,CA,AA,CT,GG,AG,TT,TT,CC,NN,NT,AG,GG,TC,AG,GG,TC,AA,GG,AA,TC,NN,TT,GG,AA,AG,AA,AA,NC,CT,GA,TC,TT,GG,GA,GG,CT,GG,AA,CC,NC,CC,CC,GG,CC,CC,AG,TT,TG,AG,NN,TT,CC,AA,TT,CC,AG,AG,NG,CG,GG,TT,GG,CC,NN,TT,TC,GG,AA,CT,GC,CC,CT,TT,AA,GG,AA,AA,GG,TC,AA,TT,TN,CC,GG,CT,TC,GG,GG,TT,CT,TT,TC,TT,AA,TG,AA,TT,TG,TC,GG,GG,AA,NN,AA,GG,GG,NN,TT,CC,CC,TT,GG,CC,GN,CC,GG,GG,GG,GG,CC,TT,CC,GG,AA,AA,GA,AG,GG,CG,AA,CT,TC,GA,CC,CT,AA,AC,NN,GA,TN,TG,CC,AA,CT,AA,TT,CC,AA,GT,AG,AG,AA,GC,TG,CC,GG,TC,GA,TT,GT,GT,GA,TC,CT,AN,NT,TA,CC,TT,GT,NN,GA,TT,AA,GA,GT,CC,GT,GG,GG,TT,TT,TT,TT,GG,GG,TT,TT,CC,CC,GA,NC,TT,CC,CC,AA,GA,CG,TC,TT,TT,AC,AG,NN,CC,TT,GG,NT,AA,CT,GA,GG,GG,CC,GA,AA,TC,AA,TT,AA,CC,CC,CT,CT,NN,CC,CC,TT,CC,GA,CA,TT,CN,GC,AA,AG,CT,CC,GG,AA,TC,AA,AA,TT,GG,GA,CC,NN,GA,NA,CT,AA,GG,GG,AG,GA,CC,AA,GC,TT,NN,NN,NT,GC,TC,GG,GG,NN,AA,GG,TT,GG,GA,CC,AC,CC,TT,CC,AC,GN,CC,GG,GT,AA,NN,GG,CC,AA,TT,CC,GG,GG,GG,AG,CC,AT,TC,AA,CC,AA,GG,GG,TT,GG,GG,TT,NN,CC,TT,AG,CG,CT,AN,GN,GG,AA,TT,CT,NN,CC,TT,AG,GA,TT,AG,TT,GT,AA,NN,AA,CC,GA,CC,NN,AA,AA,TT,GA,GG,AA,CA,AA,NC,CC,AA,NN,AG,GG,TT,CT,CC,GG,GG,TC,GG,GA,AG,GG,GA,TC,AC,CA,GG,TT,NC,AG,CT,GA,CC,CT,NA,CC,NC,CC,AA,CT,AA,AA,CC,AA,TT,AA,AA,CC,NN,NN,CC,AA,CT,TT,CC,GG,TT,GG,TT,CC,GG,CC,CC,CC,GG
Iberian population in Spain,,,,HG01762,,AN,CC,CA,TC,TC,GG,TC,TG,TT,CN,NN,GG,CC,CC,GG,TT,GA,GC,GA,CC,CC,AA,GT,TT,AG,NN,GT,GG,CC,AA,TT,CC,NC,AA,TG,GG,AG,AA,CC,AA,TC,AA,CC,NN,TC,CN,CC,AA,NC,CC,CC,AA,AG,CC,GG,CC,GG,TT,GG,GA,CT,AA,GG,GG,CC,GG,AG,AN,TT,CC,TT,NN,NN,CC,AA,CC,TC,AA,AA,GG,GG,CC,CC,AA,GG,CT,GG,GG,AA,TT,CC,NG,NN,AG,GA,CC,AA,GG,CC,AC,GG,AG,TT,NN,TT,GG,CA,GA,AG,GG,NN,CC,AG,CC,TT,GG,AG,GG,TT,GG,GA,TC,CN,CC,CC,AG,CC,GC,AG,TG,GG,AG,NN,TT,CT,AA,TC,CC,GG,AG,NN,GG,GA,TT,GG,CC,NN,TT,CC,GG,AA,CC,GG,TC,TT,TT,AA,GG,AA,AA,GG,CC,AA,CC,TT,GC,GA,TC,CC,AG,AA,TT,CT,TT,TC,AT,CA,TG,AA,TT,TG,TC,GG,GG,AA,NC,GA,GG,GG,NN,TT,CT,CT,TT,GG,CT,NN,AA,AG,GG,AG,GG,TT,TG,CC,GA,AA,AA,AA,AA,AG,CG,AC,TT,TT,AG,CC,CC,AA,AA,NT,AA,NN,GG,CC,AA,CT,AA,TT,CC,AA,GT,GG,AA,TA,GG,GT,CC,GG,CT,GG,TT,GT,GT,GA,TC,TT,AN,TT,AT,CT,TG,TT,NT,AG,CT,AA,GG,TG,CC,TT,GG,AG,TT,TT,TT,TT,GG,GG,TT,CT,CA,CC,GG,NN,CT,CC,CT,CA,GG,CC,CT,TT,CT,AA,AA,NN,CC,TT,GG,TT,AA,CT,AA,GG,GG,CC,GG,AA,CC,AT,TT,AA,CC,TC,TC,TT,AN,GG,CC,TC,CC,AG,CC,CC,NN,GG,AG,GG,TT,CC,TT,AG,CC,AA,AA,TA,GG,AA,CC,NN,AA,AA,TT,TT,GT,GG,GG,AA,CC,AA,GG,TT,NN,NN,NN,GC,TT,GT,GG,NN,AG,AA,TT,AG,GA,GC,AA,CC,TN,CA,CC,GN,CC,GG,GT,AA,NN,GG,CC,AA,TT,CC,GG,GG,GA,GG,CC,AA,TC,AA,CC,AA,GG,GA,CC,GG,GG,TT,NN,TC,TT,AG,CG,CC,NA,GN,GG,AA,TC,CT,NN,GC,TT,AA,AA,TT,AA,TT,TT,AA,GN,AC,CC,AA,TC,NN,AA,GA,TC,GA,CG,AA,CC,GA,NN,CC,AA,NN,AA,GG,TC,CT,CC,GG,GG,CC,GT,AA,GG,GG,AA,TT,AA,AA,AA,AA,CN,AG,CC,GA,CC,TC,AN,TT,NN,CN,AA,CC,AA,AA,TC,GA,CT,NA,AN,TC,NN,CN,CC,AA,CC,AA,CC,GG,TT,GG,AA,NC,NG,CC,CC,CT,GG
Iberian population in Spain,,,,HG01765,,AN,CT,CC,TT,TC,CG,TT,GT,TC,CN,NN,GG,CT,CC,CG,TT,AG,GG,AA,CC,TC,AA,GG,TT,AA,NN,TT,GG,CC,AC,TT,CC,NC,AA,GG,GG,GG,GA,CC,GG,CC,CA,CC,NN,CC,NN,TC,GA,NN,CC,CC,AA,AG,CC,GA,CC,GG,TT,AG,GA,CT,GG,GG,CG,CC,CG,GG,AN,TT,CC,TT,NN,NN,NC,AA,CC,CC,AA,AA,AG,GG,CC,CC,AC,AG,CT,GG,GG,AA,AT,CC,NG,TN,GG,GA,CC,GA,GG,CC,AA,GG,AA,CT,NN,TT,GG,AA,GG,GG,GG,NC,CC,AG,CT,TT,GG,GG,GG,TC,GG,AG,TT,NC,CT,CC,GG,CC,GC,GG,GT,GG,GA,NN,CC,CC,AA,TT,CC,GA,GA,NN,CG,GG,CT,GG,CC,NN,CT,CC,GG,AG,CC,GG,CC,CC,TG,TA,TG,AA,AA,GT,CT,AA,TT,NT,CC,GA,CT,CT,GG,AG,TT,CC,GT,CC,TT,AC,GG,AA,GG,GG,CC,GG,AG,AA,NN,GA,GG,GG,TN,TT,TC,CT,TT,AA,CC,NG,AA,GG,GG,AG,GG,TT,TT,CC,GG,AA,AA,AA,AA,GG,CC,AC,CT,TT,GA,CT,CT,AA,CA,TN,AG,NN,GG,CC,GG,TC,AA,TT,CC,AA,GG,GG,GA,TA,GG,GT,TT,AG,CC,AA,TT,TG,TT,GA,TT,CC,NN,NT,AT,CT,GG,TT,NT,GG,TT,AA,GG,GT,TC,GG,GG,GG,TT,TT,TT,TC,GG,AG,NN,TC,CC,TT,AG,NN,TT,CC,TT,CC,GG,CG,CC,TT,CT,AA,AA,CN,CC,TT,GG,NT,AA,TT,AG,AG,AG,CC,GG,AA,CT,TT,TG,AA,TC,CT,CT,TC,AN,CC,CC,TT,CC,GA,AC,CT,CC,GG,AA,GA,TC,CC,TG,AA,CC,AA,AA,TT,GG,GG,CC,NN,GA,NA,CT,AA,GG,GG,AA,AA,CC,AG,CG,CT,NN,TN,TT,CC,TC,GT,GG,NN,AA,AA,CT,AA,GG,GC,AC,CC,NN,AA,AC,NN,CT,GG,TT,AA,NN,AG,CC,CA,TT,AC,AG,GG,GG,GG,CC,TT,CC,AA,CC,GA,GG,GG,CC,CC,GG,TT,NN,CC,TT,GA,GG,CT,NN,GN,AG,AA,TT,CC,NN,GC,TT,AA,AA,TC,AA,TT,GT,AA,GN,AA,CC,GG,CC,NN,AA,AG,TT,GG,GG,AA,AA,GG,CN,CC,AA,CN,AG,GG,CC,TT,CC,GG,GG,CC,GG,GA,GG,GA,AA,TT,AA,CA,AG,AT,CN,GA,CC,GG,CC,TC,NN,CC,NC,CN,AA,CC,AA,AA,CT,AG,TT,AN,AN,CT,NG,NC,CC,AA,CT,AA,CC,AG,TT,GG,TA,NC,GG,TC,AC,CC,GG
Iberian population in Spain,,,,HG01766,,AA,CC,CA,TT,TT,GG,TT,TG,CC,CN,NN,GG,CC,TT,GG,TT,GA,GG,AA,CC,CC,CC,GG,TT,GA,NN,TG,GG,CC,CA,NN,CC,NN,AA,TT,AG,AA,GA,CC,GG,TC,AA,CC,NN,CT,NN,TC,AA,CC,CC,CC,AA,AG,CC,GG,CC,AG,TT,AA,AG,TT,GG,GT,CC,CC,GG,GG,AA,TT,CC,TT,NN,NN,CC,AA,CC,TT,AA,AA,GG,GG,CA,CC,CA,AA,CC,TG,GG,AA,TT,CT,NG,NN,GG,GA,CC,GG,GG,TC,AA,GA,GA,TT,NN,TT,GG,AA,AA,GG,GG,CN,CC,GG,TT,TT,GG,GG,GG,TT,GG,GA,CT,NN,TC,CC,GG,CT,CC,GG,TT,GT,GG,NN,CC,CT,AA,TT,CT,GG,AG,NN,GC,GG,TT,NG,CG,NN,CT,CC,TG,AA,CC,CG,CT,TC,TT,AA,TG,AA,AA,GG,CT,AA,CC,TT,CG,GG,CC,CC,AG,AG,TT,CC,TT,CC,TA,AA,GT,GG,TT,GG,CC,GA,GG,AA,NN,GG,GG,GG,NN,TT,TC,TC,TT,GG,TC,NN,AA,AG,GG,AA,GA,CC,TT,CC,AG,AA,AA,AA,GG,AG,GG,AA,CC,CC,GG,CT,CT,AA,AA,TN,AG,TN,GG,CC,AA,CC,AA,TT,CC,AA,GG,AG,AA,AA,GC,GG,CC,AG,CC,AG,TT,TG,TG,AA,CC,CC,AN,TT,AT,TC,TT,GG,TT,GG,TT,GA,GG,GG,CC,GG,GG,GG,TT,TT,TT,TT,GG,GG,TT,TT,CC,CC,AG,NN,TT,CC,TT,CA,GG,GG,TT,TT,CC,CA,GA,NN,CC,TT,GG,TT,AA,TT,AA,GG,AG,TT,GG,AA,CC,TA,TT,AA,CC,TC,TC,CC,NN,CG,CC,TT,CC,GA,AC,CC,NN,GG,AG,GG,CC,CC,TG,AA,CT,AA,AA,AT,GG,GG,CC,NN,GA,AA,TT,AA,TG,GG,GG,AG,CC,AA,CC,TT,NN,NN,NN,GG,TT,TT,GG,NN,AG,AA,TC,GG,GG,CG,AA,CC,TN,CC,CC,NN,CC,GG,TG,AA,NN,GA,TC,AA,TT,CC,GA,TG,AG,AA,CC,AT,TT,AA,CC,GA,GG,GG,CC,CC,GG,TT,NN,CC,CT,AG,GG,CT,NN,NN,GG,AA,CC,TT,NN,CG,TT,GA,AA,TT,AA,CT,TG,AA,NG,AA,CC,GA,CC,NN,AA,AA,TT,AA,GG,AA,AC,AA,NN,CC,AA,NN,GG,GG,TT,CT,TC,GA,GG,CC,GG,GA,GG,GG,AA,CT,AA,AA,AA,AA,CC,GA,CC,GG,CC,CC,NN,CC,CN,CN,CA,TC,GA,AA,TC,AG,TT,AA,NA,CC,GN,NN,CC,AA,CC,AA,CC,AA,TT,GG,TT,CC,GG,CC,CC,TC,GG
Iberian population in Spain,,,,HG01767,,AA,CC,CC,TC,TC,GC,TT,TG,CT,NC,NN,GG,CC,CC,CG,TT,AA,GG,GG,CC,CC,AA,TG,TT,GG,CC,TT,GG,TC,AC,NN,CC,CC,AA,TG,GG,AA,AA,CC,GG,CC,AA,CC,NN,CT,NN,CC,AA,NC,CC,CC,AA,GG,CC,AG,CT,AG,TT,AG,GG,CC,GG,TT,GG,CC,GG,GG,AA,TC,CC,TT,NN,NN,CC,AA,CC,TT,AA,AA,AG,GG,CC,CC,AA,GA,TT,GG,GG,AA,TT,CC,GN,NN,GA,GA,TC,GA,GA,TT,CA,GA,AA,TT,NN,TT,GG,AA,AA,AA,AG,NN,CC,GG,CT,TT,GG,GG,GG,TT,GG,AA,CC,NN,CC,CC,GG,CC,CC,AG,TT,GT,AG,TN,CC,CC,AA,TC,CC,GG,GA,NN,CC,GA,TT,GG,CC,TN,CT,CT,GG,AA,CC,GG,CC,TC,TT,AA,TG,AA,AA,GG,CT,AG,TC,TN,GC,GG,TC,TT,GA,GG,TC,TC,TT,CC,TT,AA,GT,AA,TT,GG,CC,AA,GG,AA,NN,AA,GG,GG,NN,TT,TT,CT,TT,GG,CT,NN,AA,GG,GG,AA,GA,TC,TG,CC,GA,GA,AA,AG,GG,GG,GC,AA,CT,CT,GG,CC,CC,AA,AA,NN,AA,NT,TG,CC,AA,CC,AA,TT,CC,AA,GG,AG,AG,TT,GG,GG,CC,AG,CC,AA,TT,GG,TT,GG,TT,TT,NN,TT,TA,CC,TT,GG,TT,AG,TT,AA,GG,TT,TC,GG,GG,GG,TT,TT,TT,CT,GG,GG,TT,TT,CA,CC,AG,NN,TT,CT,TC,AA,AG,GC,CC,TT,CT,AA,AA,NN,CT,TT,GG,NN,AG,TC,GA,GG,GG,CC,GA,AC,CT,TA,TG,AA,CC,CC,CC,TT,NA,CC,CC,TT,CC,GG,CA,CC,NC,CG,GA,AA,CT,CT,TG,GA,CC,AA,AA,AA,GG,GG,CC,AA,AA,NA,TT,AA,TG,GA,GA,AA,TC,AA,CC,TC,NC,NT,TN,GC,TT,TT,GG,NN,AG,AG,TC,GG,AA,GC,CA,CC,NN,AA,CC,GN,CC,GG,TT,AA,NN,GG,CC,AA,TT,AC,GA,GG,GG,GG,CC,AT,TT,AA,CC,GG,GG,GG,CC,CC,GG,TT,NN,TC,TT,AA,GG,CT,NN,GN,GG,AA,TT,CC,NN,CG,GG,AA,AA,TT,AA,TT,GT,AA,NN,AA,CC,GG,CT,NG,AG,AA,TT,AA,CG,AA,AA,AA,NC,CC,AT,NN,GA,GG,CT,TT,CC,GG,GG,CC,TG,AA,GG,GG,AA,TT,AA,CA,AG,TT,CN,AG,CC,GG,CC,CT,NA,CC,CN,CN,AA,TC,GA,AA,CT,AA,TC,NA,AA,TT,NN,CC,CC,AA,CT,TA,CC,AA,TT,GG,TT,CC,GG,CC,CC,CC,GG
Iberian population in Spain,,,,HG01768,,AA,CT,AC,TT,CT,GG,CT,GT,CC,NC,NN,GG,CC,CT,GC,CC,AA,GG,AA,CC,CC,AA,GT,TT,GG,CN,TT,GG,CC,CC,NN,TC,NN,AA,TT,GA,AG,AG,AA,AG,TC,AC,CC,NN,CC,NN,CT,AA,CC,CC,CC,AA,AA,CC,GG,CT,GG,TT,GG,GG,TC,AA,TT,CC,CC,GG,GG,NA,TT,GC,TT,TN,NN,CC,AA,CC,CT,AG,AG,GG,GG,CC,CC,AA,AG,CC,GG,GA,AA,TA,CC,NN,NT,GA,AG,CC,GA,GG,CC,AA,GG,AA,CC,NN,TT,GG,AA,AG,GA,AG,NN,TC,GG,CC,TT,GG,GG,GG,CT,GG,AA,CC,CN,CC,CC,GG,TC,CC,AG,GT,GT,GG,NN,CT,CT,AA,TT,CC,GG,AG,NN,CG,AG,CT,GG,CC,NN,TC,TC,GG,GG,CC,GC,CC,TT,TT,AT,TG,AA,AA,GG,CC,AA,CC,NN,GG,GA,CT,TC,AA,GG,TT,CC,TG,CC,TT,CA,TT,AA,TT,GT,CC,GG,AG,AA,NN,AA,GG,GG,NN,CT,CC,CC,TN,GA,TT,NG,AA,AG,AG,AG,GG,TC,GT,TC,GG,AA,AA,AA,AA,GG,CG,AA,TC,CC,GA,CC,TC,AC,AC,NT,AA,NN,TT,CC,AA,CT,AA,TT,CC,AA,GT,AG,GA,TA,GG,GG,TC,GG,CC,AG,TT,GT,GT,GA,TC,TC,NN,TN,AA,CT,TG,GT,TT,GG,TC,AA,GG,TG,CT,GG,GA,GG,NT,CT,GG,TT,GG,GG,NT,TT,CC,CC,AG,NN,TT,CC,TC,AA,GG,CG,TC,TT,TC,AA,GA,NN,CC,TT,GG,TT,GG,TT,AA,AG,GG,CC,GG,AA,CC,TA,TT,AA,CT,CC,CC,CC,AN,CG,CC,TC,CC,GA,CC,CT,NN,CG,AA,AG,TC,TC,GG,AA,TC,CA,AG,TA,GG,AG,CC,NN,GA,NN,TT,AA,GT,GG,AG,AA,CC,AG,CG,TT,NN,NN,NT,GC,TC,GG,GG,NG,GA,GA,TT,AG,GA,CC,CA,CC,TT,CC,CC,GN,CC,GG,GT,AA,NN,GG,TC,AA,TT,CC,GA,GG,GG,GG,TC,AA,TT,AA,CC,GG,GG,GG,CC,GC,GG,TA,NN,CC,TT,GG,GG,TC,NA,GN,GG,AA,TC,TT,NN,CG,TT,GA,AA,TT,AA,TT,GT,AA,NG,AA,CC,GG,CT,NN,AA,AG,TT,GA,GG,AA,CA,AG,NN,CC,AA,CN,AG,GG,TC,CT,CC,GG,GG,CC,GG,AA,GG,GG,GA,TC,AA,CA,AG,TA,CC,GG,CC,AG,CC,CC,AN,TC,NC,NC,CA,CC,AA,AG,TC,GG,TT,AA,AA,TT,NN,CN,CC,AA,CT,TT,CC,GA,TN,GG,TT,NN,GG,TC,CC,CC,GG
Iberian population in Spain,,,,HG01770,,AN,CC,AC,TT,TT,CG,CT,TT,CC,NN,NN,GG,TC,CC,CG,TT,AG,GG,GG,CC,CC,AA,GG,TT,AA,CN,TG,GG,CC,CC,NN,CC,NC,AA,TG,AA,GG,GA,AC,AG,CC,AC,CC,NN,CC,CN,CC,AA,NC,CC,CC,AA,AG,CC,AA,CT,GG,TT,GG,GG,TC,GA,GG,CC,CC,GG,AG,AN,TT,CC,TT,NN,NN,CC,AA,CC,CT,AA,AA,GA,GA,AC,CC,AA,AG,CC,GG,GG,AT,TA,TT,NN,NN,AG,AG,CC,AA,GA,CC,CA,GG,AA,TT,NN,CT,GG,AA,AA,AA,AA,NN,CC,AG,CT,TT,GG,GA,GG,TT,GG,AA,CC,NC,CC,CC,GG,CC,GC,GA,TT,GT,GG,NN,CT,CC,AA,TT,CC,GG,GG,NN,CG,AA,TT,NG,CC,NN,TT,CC,TT,AA,CC,GG,CC,CT,TT,AA,TG,AA,AA,GG,CC,AA,TC,TT,GC,GG,CC,CT,GA,AG,TT,CT,TG,CC,TT,AA,TT,GG,TT,GG,CC,GA,GG,AA,NN,AG,GG,GG,NT,TT,CC,CC,TT,AA,TT,NG,AA,GA,GG,GG,GG,TT,TG,CC,GG,AA,AA,AA,GG,GG,CG,AA,TC,CC,GG,CC,TC,AA,AA,NN,AA,NT,GG,CC,GG,CC,AA,TT,GC,AA,GG,AA,AA,TT,GC,GG,CT,GG,CC,AG,TT,TG,GT,GG,CT,TT,NN,TN,TT,CC,TT,GG,TT,AG,TT,AA,GG,GT,CC,TG,GG,GG,TT,TT,TT,TT,GG,GA,TT,TT,AC,CC,AG,NN,TT,CC,CT,AA,GA,CC,CT,TT,TC,AA,AA,NN,TC,TT,GG,TN,AG,TT,AG,GA,GA,CC,GG,AA,CT,TA,TT,AA,CT,CC,CC,CC,NN,GG,CC,CC,CC,GA,CC,TC,NN,CG,AA,GA,CC,CC,GG,AA,CC,AA,AA,AT,GG,GG,CC,NN,GG,NA,TT,AT,GG,GA,AA,AG,CC,AA,CC,TT,NC,NN,NN,GC,CC,TT,GG,GN,AA,GA,TC,GA,GA,CG,AA,CC,TN,AA,CC,NG,TC,GG,TT,AA,NN,AG,CC,CA,TT,AC,GG,GG,GG,GA,CC,AA,TT,AA,CC,GG,GG,GG,CT,CG,GA,TT,NA,CC,TT,AA,CC,CT,NA,NG,GG,AA,CC,TT,CN,GC,TT,AA,GA,TT,GA,CC,GT,AA,GG,AA,CC,GG,CC,NN,AA,GA,TT,GG,GG,AA,AC,GG,NN,CC,TA,CN,GG,GG,CC,TT,TC,GG,CG,TC,GG,AG,GG,GA,AA,CC,AA,AC,AA,AT,CN,GA,CT,GA,CC,CT,NA,CC,NC,CN,AA,TT,AA,AA,TT,AG,CT,AA,AA,CT,NN,NN,TC,GA,TC,AA,CC,GA,NT,GG,TT,NC,GG,TC,CC,CC,GG
Iberian population in Spain,,,,HG01771,,NA,CC,AA,TT,TT,GG,CT,TG,CC,NC,NN,GG,TC,CT,CG,TT,AA,GG,AA,CC,CT,AA,GG,TT,AG,NN,TT,GG,CC,AA,NT,CT,NN,AA,TG,GA,GA,AA,AC,GG,CC,AC,CC,NN,CC,NN,TC,AG,CC,CC,TT,AA,GA,CC,GG,CC,GG,TT,GG,GG,TC,GA,GG,CC,CC,GG,AA,AA,TT,CC,TT,NN,NN,CN,TA,CC,TT,AA,AA,AG,GG,AC,CC,CC,AG,CT,GG,GG,AA,TT,CT,NN,TN,GG,GA,CC,AA,GG,CC,AA,GG,GG,TT,NN,TT,GG,AA,GG,GG,AG,CC,TC,AG,TC,TT,GG,GG,GG,TT,GG,AA,TT,NN,CC,CC,GG,CC,CC,GG,GT,GG,GG,NN,CT,CC,AA,TT,CC,AG,GG,NN,GG,GG,TT,GG,GC,NN,TT,CT,GG,GA,CC,CG,CC,TT,TT,AA,GG,AA,AA,GG,CT,AA,CC,NT,CC,AG,CC,TT,GG,AG,TT,TC,TT,CC,TT,AA,TG,AG,TT,GG,CT,GG,GG,AA,NN,AA,GG,GG,NT,TT,CC,TC,TT,GG,TT,NG,AA,GG,GG,GG,GG,TC,TG,CT,GA,AA,AA,AA,AG,GG,GC,AC,TT,CT,GG,CC,CC,AA,AA,NT,AA,NT,TG,TC,AA,TT,AG,TT,CG,AA,GG,GG,GA,AT,GG,GG,CT,AG,CC,GA,TT,TG,GT,GA,TT,TT,AN,NT,TA,TC,GT,TG,TN,GG,TT,GA,GG,TT,CC,GG,GA,AG,TN,TC,GT,TT,GN,GG,TT,TT,CC,CT,AA,NN,TT,CC,TT,AA,GG,CG,CT,TT,CT,AA,GA,CN,CC,TT,GG,NT,AG,CT,AG,AA,AA,CC,AG,CA,TC,TT,TT,AA,TC,CT,CC,TC,NN,CC,CC,CT,CC,AG,CC,CC,NC,CG,AA,GG,TC,TC,GG,AA,CT,AA,AA,TA,GG,GG,TC,NN,GG,NA,TT,TT,GG,GA,GA,AG,CC,AA,CG,CT,NN,NN,TT,CG,CT,GT,GG,NN,AA,AG,TT,AA,GG,GC,CC,NC,TT,CA,CC,NG,CC,GG,TT,AA,NN,GG,CC,AA,TT,CC,GG,GG,GG,AG,CC,TT,TC,AA,CN,AG,GG,GG,CC,CC,GG,TA,AN,CT,TT,GA,CG,CC,NN,GG,AG,AA,CC,TT,NN,CG,TT,AA,AA,TT,GA,TT,GT,AA,GG,AA,CC,GA,CC,NN,AA,AG,TT,GG,GC,AT,CA,AA,NN,CC,AT,NN,AG,GG,CT,TT,CC,GG,GG,CC,GG,AA,GG,GA,AA,TT,AA,AC,GG,TT,CN,AA,TC,GG,CC,CC,AN,CC,CC,NC,AA,CC,AG,AA,TC,GA,TT,AA,NA,TC,NN,NC,TT,AA,TC,TT,CC,AG,TT,GG,TA,NN,GG,CT,CC,CC,GG
Iberian population in Spain,,,,HG01773,,AN,CC,AC,TT,CC,CC,TT,TG,CC,CC,NN,GG,TC,CC,GG,TT,GA,GG,AG,CC,CC,CA,GT,TT,GG,NC,TG,GG,CC,AC,TT,CC,CN,AA,TT,AA,AA,AG,AC,GG,CC,AA,CC,NN,TC,NN,CC,AA,CC,CC,CC,AA,GA,CC,GA,CC,GG,TT,GG,GG,TT,AG,TG,GG,CC,GG,GG,AN,TC,CC,AT,TN,NN,CN,AT,CC,TC,AA,AG,GG,GG,AA,CC,CC,AA,CC,TG,GG,AA,TT,CC,NN,NT,AG,AG,CC,AA,GG,CC,CA,GG,AA,TC,NN,TT,GG,CA,AA,AG,GA,NN,CC,AG,CC,TT,GG,GG,GG,TC,CG,AA,CC,NN,TC,CC,GG,CC,CG,GG,TG,TG,GA,NN,CT,TC,AA,TT,CC,GG,GA,NN,GG,GG,TT,GG,CG,NN,CT,TC,GG,AA,CC,GC,CC,CT,TT,AT,GG,GG,AA,GG,CC,AA,TT,NT,GC,GG,CC,CC,GA,GG,TT,CC,TG,TC,AT,AA,GT,GA,TT,GG,CC,GG,GG,AA,CN,AA,GG,AG,NN,TC,TC,CC,TT,AG,TT,NN,AA,GG,GG,GA,GG,CT,GT,CC,AG,AA,AA,GA,AG,AG,GG,AA,TT,CT,GG,TC,TC,CA,CC,TT,AA,TT,GT,CC,AA,TC,AA,TT,CC,AA,GG,AG,AA,TT,CG,GG,TC,GG,CC,AG,TT,GG,GT,GA,TC,TT,NA,TN,AT,CC,TT,TG,TT,GG,CT,AA,GG,TT,CC,GT,AG,AG,NN,CC,TT,CT,GN,GG,TT,TT,CC,CC,AG,CN,TT,CC,CC,AC,AA,CC,TT,TT,CC,AA,AA,NN,CC,TT,TG,NN,AG,TT,GA,AG,AG,CC,GG,AA,CC,TA,TG,AA,CC,CC,TC,TC,NN,CC,CC,TT,CT,GG,CC,CT,CN,GG,AA,AG,CT,CC,GT,AG,CC,AA,AA,TA,GG,GG,CC,NA,GG,NN,CT,AA,GG,AG,AA,GA,CC,AG,GC,TC,NC,NN,TT,CC,CT,GT,GA,NN,AA,AA,CT,GG,AA,CC,AA,CC,TN,AA,CC,NG,TC,GG,TT,AA,NN,GA,CT,AA,TT,CC,GG,GG,GA,GG,CC,TA,TC,AA,CC,AA,GG,GG,CC,CG,GG,TA,AN,CC,TT,AG,GG,CT,NN,GG,GA,AG,TC,CT,NN,CC,TT,AA,AG,CT,AA,TT,GT,TA,NN,AA,CC,AA,CC,NN,AA,AA,TT,GG,CG,TA,AA,GG,CN,CC,TA,CC,AA,GG,CC,TT,CT,GG,GG,CT,GG,GA,GA,AG,GA,TT,AC,AA,AA,AT,NC,GA,CC,GA,CC,TC,NN,CC,NC,CC,AA,CC,AA,AA,TC,AG,TC,AA,AA,CC,NG,CC,CC,AA,CT,TA,GC,AA,NN,GG,TA,CC,GG,TC,CC,CC,CG
Iberian population in Spain,,,,HG01775,,AA,CC,CA,TT,TT,GG,CT,TT,CC,NN,NN,GG,CC,CC,GC,TT,AG,GC,GA,CC,CC,CA,GG,TT,GG,CC,TT,GA,TC,AA,NN,CT,NN,AG,TT,GG,GA,GG,AC,AA,CC,AC,CC,NN,TT,NC,CC,AA,CN,CC,CC,AA,AA,AA,AG,CC,AA,TT,GG,GG,TC,AG,GG,CC,CC,CG,GG,AA,TT,CC,TT,NN,NN,CC,TA,CC,TC,AA,GA,GG,GA,CA,CC,AA,AA,CC,TG,GG,AA,TT,CC,NN,NN,AG,GG,TC,GG,GG,CC,AA,GG,AA,TC,NN,TT,GG,CA,AG,AG,AA,NC,CC,GA,TC,TT,GG,AG,GG,TT,GG,AA,CC,NN,CT,CC,GG,CC,CC,GG,TT,GT,GG,NN,TC,CC,AA,TT,CC,GG,GG,NN,CG,GG,TT,GG,CG,NN,TT,TT,TG,AA,CC,GG,CC,TC,GT,AA,GT,GG,AT,GG,TC,GG,CC,NN,CC,AG,TT,CC,AG,AA,TT,CC,GT,CC,AA,AA,GG,GG,TT,GG,CC,GG,GG,AA,NN,AA,GG,GG,NT,TT,CC,TC,TT,GG,TT,GN,AA,GG,GG,GG,GG,CT,TT,CC,GG,AA,AA,AA,AG,GG,GG,AA,CC,CC,AG,CC,TT,AC,AC,TN,AA,NT,TG,CT,GG,TT,AA,TT,CC,AA,GG,GG,AA,TT,GG,GT,TC,GG,CC,AG,TT,TG,GT,AG,TC,TT,NN,TT,TA,CC,TT,GG,NT,GG,TT,GA,AG,GT,CC,GG,GG,GG,TT,TT,TT,TC,GG,GG,NN,CT,AC,TT,AA,NN,TT,CT,CT,CA,AG,CC,TC,TT,CC,AA,AA,CN,CC,TT,GG,TT,AA,TT,GG,AA,AA,CC,GG,AC,TT,AT,TT,AN,TT,CC,CC,TC,NN,CG,CC,TT,CT,GG,CC,CC,NC,GC,AA,GA,CT,CC,TT,AG,CC,AA,AA,AA,GG,GG,CC,AA,GA,NA,TT,AA,TG,GG,GG,AA,CC,AA,CG,CT,CN,TN,NN,CG,TT,GT,AG,NN,GA,AA,TT,GA,GA,CC,AA,CC,NN,AA,AC,NN,CC,GG,TT,AN,NC,GG,TT,AA,TT,CA,AG,GG,GG,GG,CC,TT,CT,AA,CC,GA,GG,GG,TC,CG,GG,TT,NN,CC,TT,AA,GC,TC,NN,GN,GG,AA,CT,TC,NN,CG,TT,GA,AA,TT,AA,TT,TG,AA,NN,AA,CC,AA,TC,NN,AA,AA,TT,GG,GG,AT,AA,GG,CN,CC,AT,NN,AA,GG,TC,TT,CT,GG,GG,CC,GG,AA,GG,GG,GA,TC,CA,AA,GA,AA,CC,GA,TC,GG,CC,TT,NN,CC,NC,CC,AA,CT,AG,AA,TT,AA,TC,AA,AA,CC,NN,CN,CC,AA,CC,AA,CC,AA,TN,GG,TT,CC,GG,TT,CC,CC,GG
Iberian population in Spain,,,,HG01776,,AN,CC,AC,TT,TT,GG,TT,TT,CC,CC,NN,GG,TC,CC,GC,CT,AA,CG,AG,CC,CC,AA,GT,TT,GG,CC,TT,GA,CC,AA,NT,CC,CC,AA,GG,AG,GA,GG,CC,GG,TC,AA,CC,NN,TT,NN,CT,AA,CC,CC,TC,AA,AG,CC,AG,CC,AG,TT,GG,GA,TT,GA,TG,CC,TT,CG,GA,AA,TT,CC,TT,NN,NN,CC,TA,CC,CT,AA,AA,AG,GG,AC,CC,AA,AG,CC,TG,GG,AA,TT,CC,NN,NN,GG,AA,CC,AA,GG,CC,AA,GG,AA,TC,NN,TT,GG,AA,GA,AG,GG,NN,CC,GA,TT,GT,GG,GG,GG,TT,GG,AA,CC,CN,CC,CC,GG,CC,CC,GG,TT,GT,GG,NN,CT,CC,AA,TT,CC,GG,GA,NN,GC,GA,TC,NG,CC,NN,TT,CC,GT,AA,CC,GC,CT,TT,TT,TA,GT,AA,AT,GG,CC,AG,CC,NN,CG,GG,CT,TC,GG,AG,TT,TC,TT,CC,TT,AA,TT,AA,GT,GG,CC,GG,GG,AA,CN,AG,GG,GG,NN,CT,CC,TT,TT,GG,TT,NN,AA,GG,GG,GA,GA,TT,TT,TC,GG,AA,AA,AA,AG,GG,CG,CA,CC,TC,GA,CT,CT,AA,AA,NN,AG,NN,GG,CC,GA,CT,AA,TT,CC,AA,GG,GA,AG,TA,GG,TG,TT,GG,CC,GA,TG,GG,GT,GG,TC,CT,AN,NT,AT,CC,TT,TG,NT,GG,TC,AG,GG,GT,CC,TG,GG,AG,TN,TC,TT,CT,GG,GA,NN,TT,CC,CT,AA,NN,TT,TC,TC,CC,GG,CC,CC,TN,TC,AA,AG,CN,CC,TT,GG,TN,AA,TT,AA,GG,GG,CC,GG,AA,CC,TT,TT,AA,CC,CC,CC,CC,NA,CC,CC,TT,CC,GG,CC,CC,CC,CC,AG,AG,CT,CC,GT,AA,CC,AA,AA,AT,TG,GA,CC,NN,AG,NN,TT,AA,GG,GG,GG,AA,TC,GA,CC,TT,NN,NN,TT,CC,CC,GG,GG,GN,AA,AA,TT,GG,AA,CC,CA,CC,NT,AC,CC,NN,CC,GG,TT,AA,NN,GG,CC,AA,TT,CA,GG,GG,GG,GG,TC,TT,TC,AA,CC,AA,GG,GG,CC,CG,GG,TT,NN,CC,CT,AA,GC,CT,NN,GG,GG,AA,CT,TC,NN,CC,TG,AA,AG,TT,AA,TT,TT,AA,NG,AA,CC,GA,TC,NN,AG,AA,TT,AG,GG,AA,CC,AA,NN,CC,AA,NN,GG,GG,TT,TT,TC,GG,GC,CC,GG,AA,GG,AG,AA,TT,AA,CA,GG,AT,CC,AA,CC,AG,CC,TC,NN,TT,NN,CN,AA,CC,AG,AA,CT,GA,CT,AA,NA,CC,NN,NN,CC,AA,CT,AT,CC,GA,NT,GG,TT,CC,GG,CT,CC,CC,GG
Iberian population in Spain,,,,HG01777,,AN,CC,AA,TT,TC,GG,TT,GT,CC,CN,NN,GG,CC,CC,GC,CT,GA,GG,AG,CC,CC,AA,TG,TC,GG,CC,GT,GG,CC,AA,NT,CC,CC,GA,TG,GG,GA,AA,AC,GG,CC,CA,CC,NN,CC,NN,TC,GA,CC,CC,CC,AA,GA,CC,AA,CC,GG,TT,GG,GA,TT,AG,GG,CG,CC,CG,GG,AA,TC,CC,TA,TN,NN,CC,AT,CC,TT,GA,AA,AG,AG,AC,CC,AC,AA,CC,GG,GG,AA,TT,CC,NG,TN,GG,GG,CC,GA,GG,CC,AC,GG,GA,CT,NN,TT,GG,AA,AG,GG,GA,NN,CC,GG,TT,TT,GG,GG,GG,TT,CG,AA,CC,CN,CC,CT,GG,CT,CC,GG,TT,GG,GG,TN,TC,TT,AA,TT,CC,AG,GG,NN,GG,GG,TT,NG,CC,NN,TC,CC,GG,AA,CC,GG,CC,TC,GT,AA,GG,AG,AA,GG,CC,AA,CC,NN,CC,GG,TC,CT,AG,AA,TT,CC,TT,CT,TT,AA,TT,AA,TT,GG,CC,AG,GA,AA,NC,GA,GG,GA,TN,TT,CT,CC,TT,AA,TT,NG,AC,GA,GG,AA,GG,TC,TG,CC,GA,AA,AA,AA,AA,GG,GC,AA,TC,CT,GA,CC,CC,AA,CC,TN,AA,NN,GG,CC,AA,TT,AA,TT,CC,AA,GG,AA,GG,TA,GG,GG,CC,GG,CC,AG,TT,GT,GT,AA,CT,TT,NN,TN,AT,CC,TT,GT,TN,GA,TT,AA,GG,TG,CC,TG,AG,GG,TT,TT,TT,TT,GN,GG,NT,TT,CC,TC,AG,NN,TT,CC,TT,AA,AG,CC,TT,TN,CC,AC,AA,NC,CC,TT,GG,TT,GA,TT,AA,AG,GA,CC,GG,AA,CC,TA,TT,AA,CC,CC,CC,TC,AN,CC,CC,CC,CC,AG,CC,CC,NC,GC,AA,GA,CT,CC,GT,AG,CC,AA,AA,TT,GG,GG,TC,NN,GG,NN,CT,AA,TG,AG,GG,AA,CC,AG,GC,CC,NC,NN,TT,CG,CT,GG,GG,NN,AA,AG,CT,AG,AA,CC,AA,CC,NT,CA,CC,NN,CC,GG,TT,AA,NN,GA,TC,AA,TT,CC,GG,GG,GA,GG,CC,TA,CC,AA,CN,GA,GG,GG,TC,GC,AG,AT,NN,CC,TT,AG,CG,CC,NN,GN,GG,AA,CC,TT,NC,CG,GT,AA,GA,TC,AA,CT,TG,AA,GN,AA,CC,GG,TC,NN,GA,AA,TT,AA,GG,AA,AA,AA,CN,TC,AA,NN,GA,AG,CT,CT,CT,AG,GG,CC,GG,AA,GG,GG,AA,TC,AA,AA,GA,TT,NN,AA,CC,GG,CC,CC,NN,TC,CN,CN,AC,CC,AA,AA,CT,AA,CT,AN,NA,TC,NN,NN,CC,AA,CC,AA,CC,GG,NT,GG,TA,NN,GN,TC,CC,CC,GG
Iberian population in Spain,,,,HG01779,,AA,CC,CC,TT,CT,GG,TC,TT,CC,CN,NN,GG,CC,CT,GG,TT,GG,GG,GG,CC,CC,AA,GG,TT,GG,CC,TT,GG,CC,AA,TN,CC,NN,GA,TG,GG,AA,GG,CC,GG,TC,AA,CC,NN,TC,CN,CC,AA,NC,CC,TC,AA,GA,CC,GG,CC,GA,TT,GG,AG,TT,GG,GG,GG,CT,GG,AG,NA,TT,CC,TT,NN,NN,CC,AT,CC,CC,AA,AA,GG,GG,CC,CC,CA,GA,CC,GG,GG,AA,AT,CC,NN,NN,GG,AG,CC,GA,GG,CC,AA,AA,AA,TT,NN,TT,GG,AA,AG,GG,GG,CN,TC,GG,TT,TT,GT,GA,GG,TC,GG,AA,CC,NN,CC,CC,GG,CC,CC,GG,GG,TG,AG,NN,CT,CC,AA,TT,CC,AA,AG,NN,CG,GG,TC,GG,CG,NN,TT,CC,GG,AG,CT,GC,CC,TT,TT,AA,GG,AA,AA,GT,CT,AA,CC,TT,CC,GG,CT,CC,AG,GA,TT,TC,TT,CC,TT,AA,GG,GG,TT,GG,CC,GA,GG,GA,NN,AG,GG,GG,TN,TT,CT,CC,TN,AA,CT,NG,AA,GG,GA,AA,GG,TT,TT,CC,GG,AA,AA,AA,AA,GG,GC,CA,CC,CC,AG,TC,TC,CA,AC,TN,AA,NT,GT,TC,AA,CT,AA,TT,CG,AA,GG,GG,GG,TA,GG,GG,CC,AG,CC,GA,TT,TG,GG,GA,CT,TT,NN,NN,TA,CT,TT,GG,NN,GG,TT,AA,GG,TT,TC,GT,GG,AG,TN,TC,TT,CT,GG,AA,NT,TT,CC,CT,GG,NN,TT,TC,TT,AA,GG,CC,CC,TT,CC,CC,AA,NC,TC,TT,GG,TT,AA,CT,AG,AA,GG,CC,AG,CA,CT,TT,TT,AA,CC,CC,CT,TT,AN,GC,CC,TC,CC,GA,CC,CC,NN,GG,AA,AA,CC,CC,TG,AA,CC,CA,AA,AT,GG,GA,CC,AN,GG,AA,TT,AA,GG,GG,GG,AA,CC,AA,CC,CT,CN,NN,TT,CC,CC,GG,GG,NN,AA,AA,TT,GG,AG,CC,AC,CN,NN,CA,CC,NN,CT,TG,TT,AA,NN,GG,CC,AA,TT,AC,GG,GG,GA,AG,CC,TT,TC,AA,CC,GA,GG,GG,CC,CC,GG,AT,NN,CC,TT,GG,GC,TT,AN,GN,AG,GA,CT,TC,NC,CG,TT,AA,AA,TT,AG,TT,GT,AA,NG,AA,CC,GG,TC,NN,AA,AA,TT,GG,GG,AA,AA,AA,NN,CC,TA,NN,AG,GG,TC,TT,CC,GG,GG,CC,TG,AA,GG,GA,AA,TT,AA,AA,GG,TT,CC,GA,CC,GG,CC,CT,NN,TC,NN,CC,AA,CC,AG,AA,CT,GG,TT,AA,AA,TC,NN,NN,CC,AA,CC,AT,CC,AG,TN,GG,TA,CC,GG,TC,CC,CC,GG
Iberian population in Spain,,,,HG01781,,NA,TC,AA,TC,CT,GC,CT,GT,CC,CC,NN,GG,CC,CC,GG,TT,AG,GC,GG,CC,CC,AA,GG,CT,GG,NC,TT,GG,CC,AA,TN,CC,CN,AA,TT,GG,GA,AG,CC,GG,CC,AC,CT,NN,CT,NN,CC,AA,NC,AC,TC,AA,AG,CC,GG,CC,GG,TT,AA,GG,TT,GA,GG,CC,TC,GG,GG,AA,TC,CC,TT,NT,NN,NC,AA,CC,CC,AA,AA,GG,GG,CA,CC,AA,AA,CC,GG,GG,AA,TT,CC,NN,NN,AA,AA,CC,GA,GG,CC,AA,GG,AA,TC,NN,TT,GG,AA,AA,AG,GG,NC,CC,GG,CC,TT,GG,AA,GG,TT,CC,AA,CC,CN,CT,CC,GA,CC,CC,GG,TT,GG,GG,NN,TC,CC,GA,CT,CC,GA,AG,NN,GC,GA,TT,GG,CC,NN,TT,CT,TG,AA,TC,CG,CC,TC,TG,AA,GG,AA,AA,TG,CC,GG,CC,NN,GC,GG,TT,CC,GA,AG,TT,CT,TG,CC,TT,AA,GT,GG,TT,GG,CC,GA,GG,GA,NN,GA,GG,GA,NN,TT,TT,CC,TT,GG,CT,GG,AA,GG,GG,GG,GG,CT,TT,TC,GG,AA,AA,AG,GA,AA,GG,AA,TT,CT,AG,CC,CC,AA,AA,NT,GG,NT,GT,CC,AG,TC,AA,GT,CC,AA,GG,GA,AA,TT,GG,GG,TC,GA,CC,AG,TT,TG,TG,AG,TT,TT,NN,NT,TA,CC,TT,TT,TT,GG,TT,GA,GG,GT,CC,GG,AA,GG,TT,TT,TT,TT,NG,AA,TN,TT,CC,CC,AA,NN,CT,CC,CC,AA,GA,CC,TT,TN,TT,CA,AA,CN,CC,TT,GG,TT,AA,TC,GA,GG,GG,TC,GG,AA,TT,AT,TT,NA,CC,CC,CC,CC,NA,GC,CC,TT,CT,GG,CC,CC,NN,CG,AG,AA,CT,CC,GT,AG,TC,AA,AA,AA,GG,GG,CT,AN,GA,AA,TT,AA,GT,GA,GG,AA,CC,GA,GC,TT,NC,NT,NN,GG,CT,TG,GG,NN,AA,AA,TT,AG,GA,CC,CA,CC,NN,AA,CC,GN,CT,GG,TT,AN,NC,GG,CC,AA,TT,CA,GA,GG,AG,GG,CC,AA,TC,AA,NC,AA,GG,GG,TT,GG,GG,AT,NA,CC,TT,GG,GG,TC,NN,GG,GA,AA,CC,TT,NC,GC,TT,AA,AA,TT,AG,TT,GT,AA,GG,AA,CC,GG,TT,GG,AA,GA,TT,GG,GG,AA,CC,AA,NN,CC,TA,CN,GG,AG,CT,TT,CC,GG,GG,TC,GG,AA,GG,GG,AA,TT,AA,AC,GG,AT,CC,AA,CT,GA,CC,CC,NN,CT,NC,NC,CA,CT,GA,AA,CT,AG,CT,AA,AA,TC,GG,CN,CT,AA,CC,AA,GC,GG,TT,GG,TT,CC,GG,CC,CC,CC,GG
Iberian population in Spain,,,,HG01783,,AN,CC,AC,TT,TT,GG,TT,GG,CC,NC,NN,GG,TC,CT,GC,TC,GA,GG,AG,GC,CC,AA,GG,TT,AG,NC,TG,GG,CC,CC,TN,CC,NN,GA,TG,GG,GA,AG,AC,GG,CC,AA,TC,NN,CC,NN,CT,AA,CN,CC,CC,AA,AG,CC,GA,CC,GG,TT,AG,GG,TT,AG,GG,CC,CC,GG,GA,AA,TT,CC,TT,NN,NN,NC,AA,CC,CT,AA,AA,AG,GG,CC,CC,AA,AA,CC,TG,GG,TA,TT,CC,NN,TT,AG,GA,CC,AG,GG,CC,AA,GG,AA,CT,NN,TT,GG,AA,AA,GA,GG,NC,CC,GG,TT,TT,GG,AA,GG,TC,GG,AA,CC,NN,CC,TT,GG,CC,CC,GA,GT,GG,GA,NN,CC,CC,AA,TT,CC,GG,AA,NN,CG,AG,TT,NG,CG,NN,TT,CC,GG,GA,TC,CG,CC,TC,TT,AA,GG,AA,AA,GG,CC,AA,TC,TT,CC,GG,TT,CC,GG,GG,TT,TC,TT,CC,TT,AC,TG,AG,TT,GG,CC,GG,GG,AA,NN,GG,AG,GA,TN,TT,CT,CC,TT,GG,TC,NN,AA,GG,GG,GG,AG,TT,TG,CC,GA,AA,AA,AA,GA,GG,CG,CC,CC,TT,GG,CC,TC,AA,AA,TN,AA,TN,GG,CC,AA,CT,AA,TT,CC,AA,GG,GA,AA,TA,GG,TG,CC,GG,CC,GG,TG,TG,GT,GG,TC,TC,NN,TT,AA,CC,TT,TT,TT,GG,TT,AA,GG,TG,CC,TG,AA,GG,NN,CC,TT,TC,GG,GG,TT,TT,CC,CT,GG,NN,TT,CC,CC,AA,AG,GG,CC,TT,CC,AA,GA,NC,CC,TT,GG,NN,AA,CT,GA,AA,AA,CC,GG,AA,TC,AT,GT,AA,CC,CC,CT,TC,NN,GC,CC,TC,CC,GA,CC,CC,CN,CG,AA,AA,CC,CC,TT,AA,CC,AA,AA,TT,GG,AG,CT,AN,AG,AA,TT,AA,GG,AG,AG,AA,CC,GG,CC,TT,NN,NT,TT,CC,TC,GG,GG,NG,AA,GA,TC,AA,AA,CC,AC,CC,TN,AC,CC,NN,CC,GG,TT,AA,NN,GG,TT,AA,TT,CC,GG,GT,GA,AA,CC,TA,TC,AG,NC,GG,AA,GA,CC,GC,AG,AT,AN,TT,TT,AA,GG,CT,NN,NN,GG,AA,CT,TC,NN,GG,TT,AA,AA,TT,AA,TT,GG,TT,NN,AA,CC,AG,CC,NN,AG,GG,TC,AG,CC,AT,AA,GA,NN,CT,AT,NN,GA,GG,CC,TT,TC,GG,GG,CC,GG,AA,GG,GG,AA,TT,AA,CC,AA,AA,NN,AG,TC,GG,CC,CT,NN,TC,CC,CC,AA,CC,AG,AA,CC,AA,TT,AN,AA,CC,GN,NN,CC,AA,CC,AA,CC,GG,TT,GG,AT,NC,GN,TC,CC,CC,GG
Iberian population in Spain,,,,HG01784,,AN,CT,CC,TT,TT,GG,TT,TG,CC,NC,NN,GA,CT,CT,CG,CT,AG,GG,AG,CC,CC,AA,TT,CT,AG,NC,TT,GG,CC,AA,NT,TC,NN,AA,TT,AG,AA,GG,AC,GG,CC,CA,CC,NN,CC,NN,CC,AA,CN,AC,CT,AA,AA,CC,AG,CT,GA,TT,GG,GA,CC,GA,GG,CC,CT,GG,AA,AA,TT,CC,TT,NN,NA,NN,AA,CC,CC,GG,GA,AA,AG,CC,CC,AC,AA,TC,GG,AG,AA,TA,CC,GG,NN,GA,AA,CT,GG,GG,CC,AA,GG,AA,TT,NN,TT,GG,AA,GG,GG,GG,NN,CT,GA,CT,TG,TG,GA,GG,TT,GG,AA,CC,NC,CC,CC,GG,TC,CC,GG,TT,GT,GG,TN,CC,CC,AA,TT,TC,GA,GA,GN,GG,AG,CT,GG,CC,NT,TC,CT,TT,AG,CC,GG,CC,TT,TT,TA,TG,GA,AA,GG,CT,GG,TC,NT,CG,GG,TC,CC,GG,GA,TT,CC,TT,CC,TT,CC,GG,AA,TT,GG,CC,AA,GG,AG,CN,AA,GG,GG,NN,TT,CT,CC,TT,GA,TT,GN,AA,AG,GG,GA,GG,TT,TT,CC,AA,AA,AA,AA,GA,GG,GG,CC,CC,CT,GA,CC,CT,CC,AA,NN,AA,TT,GT,CC,AA,CC,AA,TT,GC,AA,GG,GG,AG,TA,GG,GG,CT,GG,CC,GA,TT,TG,TG,GA,CT,CT,NN,TN,AT,TC,TT,GG,TT,GG,TT,GG,AG,TG,CC,TG,GG,GG,NN,CC,TT,TC,GG,AA,TT,TC,CC,TC,GG,NN,TT,TT,TT,CA,GG,GC,CC,NT,CT,AA,GA,NC,CC,TT,GG,TN,GG,TC,GG,AG,AG,CT,GG,AA,TC,TT,TT,AA,CC,CT,CT,TT,AA,CC,CC,TT,CC,GG,CC,TC,CN,CG,GG,AG,CC,CC,TG,AA,CC,AA,AA,AT,GG,GG,CC,NN,GG,AN,TT,TA,TG,GG,AA,AA,TC,GG,CC,TT,CN,NN,NT,CC,TC,GG,GG,NN,AG,AA,TT,AA,AG,CG,AC,CC,NN,AC,CC,NN,CC,GG,TG,AA,NN,GA,CC,AC,TT,CA,GG,GG,GG,GG,CC,TA,TT,AA,CC,GA,GG,GG,CC,GC,GA,AT,AN,TT,TT,GG,GG,CC,AN,NN,GG,AA,TT,CC,NN,CG,TT,AA,AA,CT,GA,CC,TG,AA,NN,AA,CC,GA,TC,NN,AA,AA,TT,GG,GG,TA,AA,AG,NC,CC,AA,CN,AA,GG,CT,TT,CC,GG,GG,CT,GG,AG,GG,GG,AA,CC,AA,CA,GA,TA,CN,AA,CC,GG,CT,CT,NA,CC,NN,NC,AA,CC,AA,GA,TT,GA,CC,AA,AA,CT,NN,CN,CC,AA,CC,TT,CC,AA,NN,GG,TT,CN,GG,TT,AC,CC,GG
Iberian population in Spain,,,,HG01785,,AN,CC,AA,TT,TT,GG,CT,GG,CC,NN,NN,GG,CC,CC,GC,TT,AA,GG,AG,GC,CC,AC,TG,TT,GG,NC,TT,GG,CC,CC,NN,CC,CC,AA,TT,GG,GG,GA,CA,GG,CC,CC,CC,NN,TT,NC,TC,GG,CN,CC,CT,AA,GG,CC,GG,TC,GG,TT,AG,AG,TC,AG,TG,GC,CC,GG,GG,AA,TT,CC,TT,NN,NN,CC,TA,CC,TT,AA,GA,AG,GG,CA,CC,CA,AA,CC,GG,AG,AA,TT,CC,NN,TN,GG,GG,CC,AG,GG,CC,CA,GG,AA,CT,NN,TT,GG,AA,AA,AG,GG,NN,CT,AG,TC,TT,GG,GG,GG,TC,GG,AA,CC,NN,CC,CC,AG,CC,GC,AG,TT,GG,AA,NT,CC,TC,AA,CT,CC,GG,AG,NN,CG,AG,TT,GN,CC,TN,TC,CC,GG,AG,CC,GG,CC,TC,TG,AA,GG,AA,AA,GG,CC,AA,CC,NT,CC,GG,TC,CC,GG,AA,TT,CC,TT,CC,TT,CC,TG,GG,TT,GT,TC,GA,GG,AA,CC,AA,GG,GG,NN,TT,TC,CC,TN,GA,TC,NN,AA,GG,GG,AA,GA,CT,GT,CC,GG,AA,AA,AA,GA,GG,GG,CA,TC,TC,AG,CC,CC,AC,AA,TN,AA,TN,GG,CC,AA,CC,AA,TT,CC,AA,GG,GA,GA,TT,GG,GG,TC,GG,CC,AG,GT,GT,GT,AG,TC,TT,AN,TN,AT,CC,TT,TG,TT,GA,TT,AA,GG,GG,CC,GG,AG,GG,TN,TC,TT,CC,GG,GG,TT,CC,CC,CC,GG,NC,TT,CC,CT,CA,GA,CC,CT,TN,CC,AA,AA,NN,CC,TT,GG,NT,AA,TT,GA,GA,GA,CT,GG,AA,CC,AT,TT,AA,CC,CC,CC,TC,NN,CC,CC,CC,CC,AA,CC,TC,NC,GC,AA,GA,CC,CC,GT,AA,CT,AA,AA,TA,GG,GG,CC,NA,GG,AN,TT,AA,TG,GG,AG,AA,TC,GG,GC,TT,NC,NN,NT,GC,CC,TG,GA,NN,AA,AA,TT,GG,AA,GC,AA,CC,NN,AA,CC,NN,CC,GG,TT,AA,NN,AG,CC,AA,TT,AA,GG,GG,GG,AG,CC,AA,TC,AA,CC,GG,GG,GG,CC,CC,GG,TT,AN,CT,TT,AA,GG,CC,NN,NN,GG,AA,CT,TC,NN,CC,TT,AA,AG,TT,GA,TT,GG,AA,NN,AA,CC,AG,TT,NN,AA,GA,CT,GA,GG,AA,AA,AG,NN,CC,TA,NN,GA,GG,CT,TT,TC,GG,GG,CC,GT,GG,GG,GA,AA,TT,AA,AA,AG,TA,NC,AA,CC,GG,CC,TC,NN,CC,NC,NN,AC,CC,AA,AA,CC,AA,CC,AA,AN,TC,NN,CN,CT,AA,TC,AA,CC,GG,TT,TG,TA,CC,GN,CC,CC,CC,CG
Iberian population in Spain,,,,HG01786,,NN,CC,CA,TT,TC,GG,TC,TT,CC,CC,NN,GG,CC,CT,GC,TT,GG,GG,AA,CC,CC,AA,GG,TC,GG,CC,GG,GG,CC,AC,TN,CT,CC,AA,TG,GG,AA,AG,AA,GA,CC,CA,CC,NN,CT,NN,CT,AA,CN,CC,CC,AA,AA,CA,AG,CC,GA,TT,GA,GG,TT,GA,GG,CC,TC,GG,GG,AA,TC,CC,TA,NN,NN,NC,AT,CC,TT,AA,AA,GA,GG,CC,CC,AA,GG,TT,GG,GG,TA,TT,CC,GN,NT,GG,GG,CC,AA,GG,CC,CC,GG,AA,TT,NN,TT,GG,AA,AG,GG,GA,CN,CC,GG,CT,TT,GG,GG,GG,TT,GG,AA,TT,NN,CC,CT,GG,CC,CC,GG,TT,GG,AA,NN,TT,TC,AA,TC,CC,GG,GG,NN,GG,GG,TT,GG,CC,NN,TT,CC,TT,AA,TT,CC,CC,TT,TT,AA,GT,GA,AA,GG,TC,GA,CC,NT,CC,GG,CT,CC,GG,GG,TT,TC,TT,CC,TA,AC,GT,AG,TT,GG,CC,GG,GG,AA,CN,AG,GG,GG,NT,TT,TT,CC,NN,AA,CT,NN,AA,GA,GA,GA,GA,TT,TT,CC,GG,AA,AA,AA,AG,GG,CC,AC,CT,TC,AG,CC,TT,AA,AA,NN,GG,TN,GT,CC,AA,TT,AA,TT,GC,AA,GG,GG,AA,TT,CG,GG,TC,GG,CC,GA,TT,GG,TG,AG,TT,TC,NA,NN,TA,CC,TT,TG,NN,GG,TT,GA,GG,GG,CT,GT,GG,GG,NT,CT,TT,TT,GG,GG,NN,TT,CC,CC,GA,NN,TC,CT,CT,CC,GG,GC,CT,TT,CT,AA,AA,NN,CT,TT,GG,NN,AA,CT,AA,AA,AA,TC,GG,AA,CT,TT,TT,AA,CC,CC,TC,CT,NN,CG,CC,CC,CC,AG,CC,TC,NC,CG,AA,AG,CT,CC,GG,AA,CC,CA,AA,TA,GG,GG,CC,NN,AG,NN,TC,AA,GT,GA,AA,AG,CC,GG,GC,TT,NN,TN,NT,GC,TT,TG,GA,GN,AA,AA,TT,AG,GA,CC,AA,CC,TN,CA,CC,NN,CC,GG,TT,AA,NN,GG,CC,AA,TT,AA,GA,GT,GG,GG,CC,AT,TT,AA,NC,GG,GG,GG,CC,GC,GG,TT,NN,CC,TC,GA,GG,CT,NN,NN,GG,AA,CT,TC,CN,CG,TT,AA,AA,TT,AA,TT,GT,AA,NN,AA,CC,GG,CC,NN,AA,AA,TT,GG,GG,AA,AA,GG,NN,TC,TA,NN,AA,GG,CT,TT,CC,GG,GG,CC,GG,AG,GA,GG,GA,TC,AC,AC,GG,AA,NC,AG,CC,GG,CC,CC,NN,CT,CN,CC,AA,CT,AA,AA,TC,AG,TC,AA,NA,CC,NN,CN,CC,AA,CC,AA,CC,GG,TT,GG,TT,NC,GG,TC,CC,CC,GG
British in England and Scotland,,,,HG01789,,NA,CC,AA,TT,CC,GG,TT,TG,CC,NN,NN,GG,TT,TC,GG,TT,AG,GG,AG,CC,CC,AA,TG,TT,GG,CC,TT,GG,CC,AC,NN,CC,NC,AA,GG,AG,AG,GG,CC,GG,CT,AC,CT,NN,TT,NC,CC,AA,CC,CC,CT,AA,AG,CC,AG,CT,GG,TT,AG,GG,CC,AA,TG,GC,TC,GC,GG,AN,TT,CC,AT,NN,NN,CC,AA,CC,TT,AA,AG,AG,GG,AC,CT,AA,AA,CC,GG,GG,AA,TT,CC,NG,NT,GG,AG,CC,AG,GG,CC,AA,AG,AA,TT,NN,TT,GG,CA,AA,GA,GG,CN,CT,AA,CT,TG,GG,GG,AG,TT,GG,AA,CC,NN,CT,TC,GG,CC,CC,AA,GT,TG,GG,TN,TT,CC,AA,TT,CC,GG,GG,NN,GG,GG,TT,NN,CG,NN,TT,CT,TT,AA,CC,CG,CT,TT,TG,AA,GT,AA,AA,GT,CT,AA,CT,TT,CC,AG,TT,CC,GG,AA,TT,CT,TT,CC,TT,AA,TT,GG,TT,GG,CC,GG,GG,AA,NN,GA,GG,GG,NN,TT,TT,CC,TN,GA,TC,GN,AA,GG,GG,AG,GG,TT,TG,TC,AG,AA,AA,AA,AA,GG,GC,AA,CC,CC,GA,CC,TT,AA,AC,NT,GA,NT,GT,CC,GA,CC,AA,TT,GC,AA,GG,AG,GG,TA,GG,GG,CC,AG,CC,GG,TT,GT,TG,AA,TT,CT,AN,TN,TA,CC,TT,TT,TN,GA,CT,AG,AA,TG,TC,GG,AA,GG,NN,CC,GT,CT,GG,AG,TT,TT,CC,TC,AA,NN,TT,CT,CC,AC,AG,GC,CT,TT,TC,AA,AA,CN,CC,TT,GG,NT,AA,TT,GG,AA,AA,CC,GG,AA,TC,TT,GT,AA,TC,CT,TC,CT,AN,CG,CC,TT,CC,GA,CC,TC,NC,GG,AA,GG,CC,CC,TT,AG,CC,AA,AA,TA,GG,GG,CC,NA,AG,NN,TT,AA,GG,GA,AA,AA,TC,AA,CC,CT,CN,NN,TT,CC,TC,GT,GG,NG,AA,AG,TT,AA,GA,CC,AC,CC,TN,AA,CC,NN,CC,GG,TT,AA,NN,GG,CC,AA,TT,AC,GG,GG,GG,GG,CC,AT,TC,AA,NC,GA,GG,GG,TT,CC,GG,TT,NN,CC,CT,AG,GG,TC,NN,NG,GG,GA,CC,TT,NC,GC,TT,AA,AA,TT,AA,TT,GT,AA,NN,AA,CC,GG,TT,NN,GA,GA,TT,AA,GG,AA,AA,AA,CN,CC,TA,NN,AG,GG,CC,CT,CT,GG,GG,CT,GG,AG,GG,AG,GA,TC,AA,CA,AA,AT,NC,AA,CC,GA,CC,TT,NN,CC,NC,NC,AC,TC,AA,AA,TC,AG,CT,AA,AA,CC,NN,CN,CC,AG,TT,AA,CC,AG,TT,GG,TT,NN,GG,CC,CC,CC,CG
British in England and Scotland,,,,HG01790,,AN,CT,CA,TT,TT,GG,TT,GG,CC,CN,NN,GG,CC,CC,GG,TC,GA,GG,AA,CC,CT,AA,GG,TT,AG,NC,TG,GG,CC,AA,NN,CC,CN,AA,GT,AG,AG,GG,AC,GG,CT,AA,CT,NN,CC,NC,CC,AA,CN,CC,CC,AA,GA,AC,GG,CC,GG,TT,GG,GA,TC,GA,GT,CC,CC,GG,GG,AA,TT,GC,TT,NN,NN,NC,AA,CC,TT,AA,AA,GG,GG,CA,TC,AA,AG,CC,GG,GA,AA,TT,CC,NN,NN,GG,AA,CC,AA,AG,TC,AA,AA,GA,TT,NN,TT,GG,AA,AG,AA,GA,NN,CC,AG,TT,TG,GG,GA,GG,TT,GG,AA,CC,NC,CC,CC,GG,CC,CC,AA,TT,TG,GA,NN,TC,CC,AA,TT,CT,GG,GG,NG,CG,GA,TC,GG,CC,NN,CT,CT,GG,AA,CC,CG,CC,CC,TG,AA,GG,AG,AT,GG,CC,AA,CC,TN,CC,GG,TT,TC,AG,AA,TT,TC,TT,TC,AT,AC,GT,GG,GT,GG,CC,AG,GG,AG,NN,AG,GG,GG,NN,TT,TT,TC,TN,AA,TT,NN,AA,GG,GG,GG,GG,TT,GT,TC,GG,AG,AA,AA,GG,GG,CC,CC,TC,TC,GG,CC,CC,CC,AC,NT,AA,TT,TT,CC,AA,TC,AA,TT,CC,AA,GG,GA,AA,AA,GG,GG,TT,GG,CC,GG,TT,GT,GT,AG,TT,TT,NN,NT,TA,TC,GT,TG,NT,GG,TC,GA,AG,GG,CC,TG,GG,AG,TT,TT,TT,CT,GG,GG,TT,TT,CC,CC,GG,NN,TT,CC,TC,CA,GA,CC,CC,TT,TC,AA,AA,NN,CC,TT,GG,NT,AG,CT,AA,AA,GG,CC,GG,AA,CC,AA,TT,AA,CC,CC,TC,CC,NN,CC,CC,CT,CC,AG,AC,CC,CC,CG,AA,GA,CC,CT,GG,AA,CT,AA,AA,TT,GG,GG,CC,NA,GA,NA,TC,AA,GT,GA,GA,AG,CC,GA,CC,TT,NN,NN,NT,GC,CC,TT,GG,NN,AA,AA,TT,AG,AA,CC,CA,CC,NN,AC,CC,GN,CT,GG,TT,AA,NN,AG,CC,AA,TT,AC,GG,GG,GA,GG,TC,TT,TC,AA,CC,AG,GG,GG,CT,GG,GG,TA,NN,CC,CT,AG,CG,TT,AN,GG,GG,AA,TT,CC,NN,CC,TT,AA,AG,TT,GA,TT,GG,AA,GG,AA,CC,GA,CT,NG,GA,AG,TT,GA,GG,AA,AA,GG,NN,CC,AT,CN,GA,GG,CC,TT,CC,GG,GG,CC,GG,AA,GG,GG,AA,TC,AA,CC,GG,TT,CC,GG,TC,GG,CC,CC,NA,CC,CN,CN,CA,CT,AA,AA,TT,AA,CT,AA,NA,CC,GN,NC,CC,AA,CT,TA,CC,AA,TT,GG,TA,NC,GG,TC,CC,CC,GG
British in England and Scotland,,,,HG01791,,NN,CC,AA,TC,CT,GG,TT,TG,CC,NC,NN,GG,CT,TC,CG,CT,GG,GG,GA,CC,CC,CA,TG,TT,GG,CC,TG,GA,CC,CC,NT,CT,CN,AG,GG,GG,GA,AA,CC,GA,CC,AA,CC,NN,TT,CN,CT,AA,NC,CC,CC,AA,AA,AC,GG,CT,GG,TT,GA,GG,CC,AG,GG,CG,CC,CG,AA,AA,TT,CC,TT,NN,NN,NC,AA,CC,TC,AG,AA,GG,AG,AC,CC,AA,AA,TC,GG,GG,AA,AT,CC,NG,NN,GG,AA,CT,AG,GG,CC,CA,GG,AG,TT,NN,TT,GG,AA,AA,GA,GG,CN,CC,AG,TC,TT,GG,GG,GG,TT,CG,AA,CC,NN,CT,CC,GG,CC,CC,GG,GG,GG,GG,NN,CT,CT,AA,TT,CC,GG,GG,NN,GC,AG,TT,NG,CC,NN,TC,CC,GG,AA,CC,GC,CC,CT,TT,AA,GG,AA,AA,GG,CC,AA,TC,NN,CG,GG,CC,CC,GG,AA,TT,TC,TT,CC,TT,AC,TG,AG,TT,GG,CC,GG,GA,AA,NN,GA,GG,GG,TT,TT,TT,TC,TT,GA,TT,NN,AC,GG,GG,GG,GG,TT,TG,CC,AG,GA,AA,AA,AA,GG,CC,CA,TT,TC,GG,CC,CC,CA,CA,TT,GG,NN,GG,CC,AA,CT,AA,TG,CC,AA,TG,AG,AG,AT,GG,GG,CC,GG,CC,GA,TT,GT,TT,GA,CC,CC,NA,NT,AA,CC,TT,GT,NN,AG,CT,AG,GG,GG,CC,GT,GG,GG,TN,TC,TT,CT,GG,GA,TN,TT,CC,CC,AG,NN,TC,CT,CT,AC,GA,CG,TC,TN,TC,AC,AA,CN,TC,TT,GG,TN,GA,CC,AG,AA,AG,CC,GG,AA,TC,AA,TG,AA,CC,CC,TC,TT,AA,CC,CC,CT,CC,AA,CC,CC,CN,CG,AA,GA,CC,TC,TT,AA,TC,AA,AA,AA,GG,GG,CC,NA,AA,AA,CC,AA,TG,GG,GA,AG,CC,AA,CG,CT,CN,NN,TT,CC,CT,TT,GG,NG,AA,AA,TC,GG,GG,CC,CA,CN,NN,AC,CC,NN,CC,GG,TT,AA,NN,GG,CC,AA,TA,AA,GG,GG,GG,GG,CC,TA,CC,GA,CN,AG,GG,GG,CC,GG,GG,TT,NN,CC,TC,AG,GG,CC,NN,GN,GG,AA,TC,CT,NN,CG,TT,AA,GA,TT,AA,TT,GG,AA,NG,AA,CC,AA,TC,NN,AA,GA,CT,GA,CG,TA,AA,GG,NN,CC,TT,CN,AA,GG,CC,TT,CC,GG,GG,CC,GG,AA,GG,GA,AA,TC,CA,AA,AA,TA,NN,AA,CT,GG,TC,CC,NN,TC,CC,NC,AA,CC,AG,AA,CC,GA,TT,AN,AA,TC,NN,CC,CC,AA,TT,TT,CC,GA,TN,GG,TT,CC,GG,CC,AC,TT,GC
British in England and Scotland,,,,HG02215,,AN,CC,CA,TT,CT,GC,TT,TT,CC,CN,NN,GG,CC,CC,GC,TT,GG,GG,GG,GC,CC,AA,GG,TT,GG,CC,TT,GG,CC,AA,NT,CT,CC,AA,GT,GG,GG,AA,CA,GA,TC,AA,CC,NN,CC,CN,CC,AA,CC,CA,TC,AA,GA,AC,AG,CC,AA,TT,GG,GA,CT,GG,GG,CG,CC,GG,GG,AA,TT,CC,TT,NN,NN,NN,AA,CC,CC,AA,AA,AG,GA,CA,TC,AC,GA,CC,GG,GG,AA,AT,CC,NN,NT,GG,GG,CC,GA,GG,CC,AA,GG,GA,TT,NN,TT,GG,AA,AG,GG,AG,CN,TT,GG,CC,TT,GG,GG,GG,CT,GG,AA,CC,CN,TC,CC,GG,CT,CG,AG,TT,GG,GG,NN,CC,TC,AA,TT,CC,GA,GG,NN,GG,GA,TT,GG,CC,NT,CC,TC,GG,GA,CC,CC,CC,TT,TT,AA,GG,GG,TA,GG,CC,AA,CC,NN,CC,GG,TC,CT,GG,AG,TT,CC,TT,CC,TA,AC,TT,AG,TT,GG,TC,GG,GG,AA,NC,AG,GG,GA,NT,TT,CT,CT,TT,AA,TT,NN,AA,GA,GA,AA,GG,TT,GT,CC,GG,AA,AA,AA,AA,GA,GG,CC,TC,TT,GG,CC,CT,AA,AA,TT,AA,TN,GT,CC,AA,CC,AG,TT,CC,AA,GG,AG,AG,TT,GG,TT,TC,GG,CC,AG,TT,GT,TG,AA,TT,TT,NA,TT,AT,CC,TT,GG,TN,AA,TT,AA,GG,GG,CT,TG,GG,GA,TT,TT,TT,TT,GG,AG,NT,TT,CC,TC,AG,CN,TT,CC,TT,AA,GG,CC,TT,TT,TC,AA,AA,NN,CC,TT,GG,TT,AA,TC,AA,AA,GA,CC,GG,AA,TC,TA,TT,AA,CC,CC,CC,CC,NN,CC,CC,TT,CC,GA,AC,CC,CC,GG,GA,AA,CC,CC,GT,AA,CC,AA,AG,AA,GG,GA,CC,AN,AA,AA,CC,AT,GG,GG,GG,AA,CC,AA,CG,CC,CC,TN,TT,CC,CC,TG,GG,GN,GA,AG,TT,GG,AG,CC,AC,CC,NT,AA,AC,NN,CC,GG,TT,AA,NN,AG,CC,AA,TT,AC,GG,GG,GG,GG,CC,AT,TT,AA,CC,GA,GG,GG,CT,CG,AG,AT,NN,CT,TT,GG,CG,CC,NN,NN,GG,AA,TC,CT,NN,CG,GG,AA,AG,TT,GA,CT,GG,AT,NN,AC,CC,GG,TT,GN,AA,AA,TT,GA,GG,AT,AA,AA,NN,CC,TA,CN,AA,GG,CC,TT,CT,AG,GG,CT,GG,AA,GG,GG,AG,TT,AA,AC,AA,AT,NN,AA,CC,AG,CC,CT,NN,CT,CN,CC,AC,CC,AA,GA,TC,AA,CC,AA,AA,CC,NN,NN,CC,AA,CC,AT,GC,GG,TT,GG,AT,CC,NG,CC,CC,CC,CG
Iberian population in Spain,,,,HG02219,,AN,CC,AA,TT,TT,GG,TT,TG,TC,NN,NN,GG,CC,CC,GC,TT,GA,GG,AG,CC,CC,AA,GT,TT,GG,CC,TG,GG,CT,AA,NN,CC,CN,AA,GT,AG,AA,AG,CC,GA,CT,AC,CT,NN,TT,NN,TC,AA,CN,CC,TC,AA,GA,CC,GG,CC,GA,TT,GG,GG,TC,GA,GG,CC,CC,GG,GG,AA,TT,CC,TT,NN,NA,CC,AA,CC,TT,AA,GA,GA,GG,CC,TC,CC,AA,CT,GG,GG,AA,TT,CC,NN,NN,GA,AA,CC,GA,GG,CC,CA,GG,AA,TT,NN,CC,GG,CA,AG,AG,AG,NN,CC,GA,TT,TG,GG,GG,GG,TT,CG,GG,CC,NN,CC,CC,GA,CC,CC,GG,TG,GT,GG,NN,CC,TT,AA,TT,CC,GA,GA,NN,CG,GG,CT,GN,CC,NN,TT,CC,TG,GG,CC,CG,CC,TT,TT,AA,GG,AA,AA,GG,CC,AA,TT,TT,CG,GA,TC,CC,GG,AA,TT,TC,GT,CC,TT,AA,GT,AG,TT,GT,CC,GG,GG,AA,NN,AG,GG,GG,NN,TT,CT,TC,TT,GG,CT,NN,AA,GG,GG,GA,GG,TC,TT,CT,AG,AA,AA,AA,GG,GA,CC,AC,TT,TC,GA,CC,CC,CA,AC,NT,GA,NN,TT,CT,AA,TT,AA,TT,CC,GA,GG,AG,AG,AT,GG,GT,CT,GG,CC,AG,TT,GT,TT,GA,CT,TT,NN,TT,TA,CC,TT,GG,NT,AG,TT,AA,GG,TG,TT,TG,GA,GG,NN,CC,TG,TT,GG,AA,TT,TT,CC,CT,AA,NN,CT,CC,TT,AC,AA,GG,TC,TT,CT,AA,AG,NC,CC,TT,GG,NT,AA,TC,GA,AG,AG,CT,GG,AA,CT,TT,TT,AA,CC,CC,CC,TC,NN,CC,CC,TT,CT,AG,CC,CC,NC,GG,AA,AG,CC,CC,TT,AA,CT,AA,AA,TT,GG,GG,CC,AN,GG,AN,TT,AA,GT,GG,GG,GG,CC,AG,CC,TT,CC,NN,NT,GC,TT,TG,GA,NN,GA,AA,TT,GG,AG,CC,AC,CC,NN,AA,CC,NN,CC,GG,GT,AA,NN,AG,CC,AA,TT,CC,GG,GG,GG,GA,CC,AT,CT,AA,CC,AG,GG,GG,TT,CC,GG,TT,NN,CC,TC,GA,GC,CC,NN,GG,GG,AA,CC,TT,NC,GC,TG,AA,AA,TT,AA,TT,GG,AA,NG,AA,CC,GA,CT,NN,AA,AA,TT,GG,GG,AA,AA,AG,NC,CC,AA,NN,GG,GG,TC,TT,CC,GG,GG,CC,GG,AA,GG,AG,AA,TT,AA,AC,GG,AT,CC,AA,CC,AG,CC,CT,NN,CC,CN,CC,CC,CC,AG,GA,TT,AA,TT,AA,AA,TC,NG,CN,CT,AG,TC,AT,CC,GA,TT,GG,TT,NC,NG,CC,CC,CC,GG
Iberian population in Spain,,,,HG02220,,AA,CC,AA,TT,TT,CG,TC,TT,TC,NN,NN,AG,TT,CC,GC,TT,GA,CG,GA,CC,CC,CA,TG,CC,GG,NN,TT,GG,CC,AA,NT,TT,NC,AA,GG,AG,AG,AG,CC,GG,CT,AA,TC,NN,CC,NN,CC,AA,CC,CC,CT,AA,GG,CC,AA,CC,GG,TT,GG,GG,TC,AG,GG,CG,CC,CG,GG,AN,TT,CC,TT,NN,NN,CC,AA,CC,TT,GA,AA,GG,GA,AC,CC,AA,AA,CC,GG,GG,AA,TT,TC,NG,NN,AA,AA,CC,AA,GG,CC,CA,GA,AA,TC,NN,TT,GG,CA,GA,GG,AA,NN,CC,AG,TC,TG,GG,GG,GG,CT,GG,AA,CT,CN,CC,CC,GG,CC,CC,GA,TT,TG,GG,NN,CT,CC,AA,TT,CC,GG,GG,NN,GG,GG,TT,GG,CC,TN,CT,CC,TG,AG,TC,CC,CC,TT,TT,AA,GG,AA,AA,GT,CT,AA,CC,NN,CC,AG,CT,TC,GG,AA,TT,CT,TG,CC,TT,AA,GG,AG,TT,GG,CC,GG,GG,AA,NN,GG,GA,AG,NN,TT,TT,CC,NT,AA,TC,NG,AA,GG,GG,GG,GG,CT,GT,CC,GA,AA,GA,AA,GG,AG,CG,AC,CT,TC,AG,CC,CC,AA,AA,NN,AA,NN,GG,CT,AA,CC,AA,TG,CC,AA,GG,AA,AA,AT,GC,GT,CC,GG,CC,AA,TG,GT,TG,AG,CT,TT,NN,NT,AT,CT,TT,TG,NT,GG,TT,AA,GG,TT,CC,TT,AG,GG,TT,TT,TT,TC,GG,GG,TT,TC,CC,CC,GA,NN,TT,CT,TT,AA,GG,CC,TC,NT,CC,AA,AA,NN,CC,TT,TG,TN,AA,CT,GG,AG,AG,CC,AG,CA,CT,AT,TT,AA,CC,CC,CC,CT,NN,CC,CC,CT,CC,AG,CC,CC,NN,CG,AA,AA,CC,CC,TG,AA,CC,AC,AA,AT,GT,GA,CC,NN,AA,NN,TT,TA,GG,GG,AG,AA,CC,AA,GC,TT,NC,NN,NN,GG,TC,TG,GA,GN,AA,AA,TT,AG,AG,CC,AC,CC,TN,AA,CC,NN,CC,GG,TT,AN,NC,GG,CC,AA,TT,CA,GG,GG,GG,GA,CC,TT,CT,GA,CC,AA,GG,GG,CT,CG,GG,TT,NN,CC,TC,GG,GG,TC,NN,GG,GG,AA,CC,TT,NC,GG,GT,AA,AA,CT,AA,TT,TT,AA,GN,AA,CC,AG,TT,NN,GA,AA,TT,AG,GC,AA,AA,GA,NC,CC,AA,NC,AA,GG,TC,TT,CC,GG,GG,CC,GG,AA,GA,GA,AA,TT,AA,AC,GA,TA,CC,AG,CC,GG,CC,CT,NN,CC,NN,CN,AA,TC,AA,AA,TC,GA,CC,AA,AA,CC,GN,NC,TC,AA,CC,AA,CC,GG,TT,GG,TA,NC,GG,TT,CC,CC,GG
Iberian population in Spain,,,,HG02221,,AA,CC,CC,TT,TC,GG,CT,GT,CC,CC,NN,GG,CC,CT,GC,TT,AA,CG,GG,CC,CC,AC,GG,TT,GA,NC,GT,GG,CT,AA,NN,TC,NN,GA,TT,GG,GA,AG,CC,GG,CC,AA,CC,NN,TC,CN,CC,AA,CN,CC,CT,AA,GA,CC,AA,CC,GA,TT,GA,AG,TT,AA,GG,GC,CC,CG,GG,AA,TT,CC,TT,NN,NN,CC,AA,CT,TT,AA,GA,GA,GG,CC,CC,AA,GA,CC,GT,GG,AA,TT,CC,NN,TN,GG,AG,CC,AA,GG,CC,CC,GG,AA,CT,NN,TT,GG,AA,AA,AA,GA,NN,CC,GG,TT,TT,GG,AG,GG,TT,GG,AA,CT,NN,CC,CC,GG,CC,CC,GG,TG,TG,AG,NT,TT,CC,AA,TT,CC,GA,AA,NN,GG,GA,TT,GG,CC,NN,TC,CC,TT,AA,CC,CC,CC,CT,TG,AA,GG,GG,AA,TG,TC,AA,TC,NN,CG,GG,CC,TT,GG,AA,TT,CC,TT,CC,TA,AA,TT,GG,TT,GG,CC,GA,GG,AA,NC,GA,GG,GG,TT,TT,CT,TC,TT,AG,CT,GN,AA,GG,GG,GA,GG,CT,GG,CC,AG,AA,AA,AA,GA,GG,GG,AA,TT,TT,GG,CC,CT,AA,CA,NN,AG,TN,GG,CC,GA,TC,GA,TT,CC,AA,GG,AG,AA,TA,GG,TT,CC,GG,CC,AA,TT,GT,TG,AG,CT,TT,NN,TN,TA,CC,TT,GG,TT,AA,TT,AA,GG,TG,CC,TT,GG,GA,TT,TT,TT,TT,GG,GG,TT,TT,CC,CC,GG,NN,CT,TC,TT,CA,AG,CG,CC,TT,TC,CC,AA,NN,CC,TT,GG,NT,GG,TT,AG,AA,AA,TC,GG,AA,TC,TT,TT,AA,CC,CC,CC,CC,NA,CC,CC,CT,CC,AG,CC,CT,NC,CC,AA,GA,CC,TC,GT,AG,TC,AA,AA,TA,GG,AG,CC,NN,AG,NN,TT,AA,GG,AG,AG,AA,TT,AG,GG,CT,CN,NN,TN,GG,TT,TT,GG,NN,AA,AG,TT,AA,AA,CC,AC,CC,TN,AA,CC,NN,CC,GG,GT,AA,NN,GA,TC,AA,TT,AA,GG,GT,GG,GA,CC,AT,TT,AA,NC,GA,GG,GG,TC,CC,GG,TT,NN,TT,TT,GA,GG,TC,NN,NN,GG,AA,CT,CC,NN,GC,TT,GA,AA,TT,GG,TT,TG,AT,NG,AA,CC,AA,CT,NN,AA,AA,TC,GA,GG,AA,AA,GG,NC,CC,AA,CN,AG,GG,CC,TT,TC,GG,GG,TC,GG,AA,GG,GG,AA,TT,AA,CA,GA,TA,NC,GA,CC,GG,CT,CC,NN,CC,NC,NN,AA,CC,AG,AA,TT,AA,CT,AA,AA,CT,NN,NN,CC,AA,CC,AA,CC,AG,TT,GG,TA,CC,GG,CT,CC,CC,GG
Iberian population in Spain,,,,HG02223,,NN,CT,AA,TT,TT,GG,TT,TG,TC,CN,NN,GG,CC,CC,CG,TT,GG,CG,GG,CC,CC,AA,GG,TC,GG,CN,TT,GA,CC,AC,TN,CT,NC,AA,TT,GA,AG,GA,CA,GG,TC,AC,TC,AN,CT,NN,TC,AA,NN,CC,TC,GA,GA,CC,AG,CC,GG,TT,GG,GA,TT,GG,GT,CC,CC,GG,AA,NA,TT,CC,AT,NT,AN,CC,AA,CC,CT,AA,AA,GA,GG,AA,CC,AA,GG,TC,GG,GG,AT,AT,CT,NN,NN,GG,GG,CC,GA,GG,CC,AC,AA,AA,TC,NN,TT,GG,AA,AA,AG,GG,NN,CC,GA,TT,TG,GG,GA,GG,TC,GC,AA,CC,CN,CC,CC,GG,CC,CC,GG,TT,GG,GG,TN,TC,CC,AA,TT,CC,AA,AG,NN,GC,GG,TT,NG,CG,NN,TT,TC,TG,AA,CC,CG,CC,TT,TG,AA,GG,AA,AA,GG,CC,AA,CC,TN,CC,GG,CT,CC,GG,AA,TT,CT,GG,CC,AT,AA,GT,GG,TT,GG,TC,GA,GG,AA,NC,AA,GG,GG,TN,CT,TC,CC,TT,AA,TC,NN,AA,AG,GG,GA,GG,TT,GT,CC,AG,AA,AA,GA,GA,GG,GC,AA,TT,CT,GA,CC,CC,AC,AA,TT,AA,NN,GG,CC,AA,CT,AA,TT,CC,GA,GT,AG,GA,TT,GG,TG,CC,GA,CC,GA,TT,TG,TG,AG,TT,TC,NN,TT,AA,CC,TT,TT,NT,AG,TT,AA,GG,TG,CC,GT,AG,GA,TT,TT,TT,TT,GG,GG,TN,TT,CC,CC,GG,NN,TT,CC,TC,AA,GG,CC,TT,TT,TT,AA,AA,CN,CC,TT,TG,TN,GA,TT,AA,GA,GA,CC,GG,AA,CC,AT,TT,AA,CC,CC,TT,CT,NN,CC,CC,CT,CC,AG,CC,CC,NN,GG,AG,GA,CC,CC,GT,AG,CC,AC,AA,TT,GT,GG,CC,NA,GG,AA,TT,AA,GT,GG,AG,AA,CC,AA,CC,CC,CN,NN,TN,CC,CT,TG,GG,NN,GA,GG,TT,GA,AA,CC,AA,CC,NN,AA,CC,GN,CT,GG,TT,AA,NC,GG,CC,AA,TT,CA,GG,GG,AG,GG,CC,AA,TT,AA,CN,AA,GG,GG,TC,GC,GG,TT,AN,CC,TT,AA,GG,CC,NA,GG,GG,AA,TT,CC,NN,GG,GT,AA,AA,TT,AA,TT,TG,AT,NN,AA,CC,AG,CC,NN,AG,AG,TT,GG,CC,AA,AA,GA,NN,CC,AA,NN,AG,GG,TT,TT,CC,GG,GG,CC,GT,GA,AG,AA,AG,TC,AA,CC,AA,AT,CN,AA,TC,GG,CC,CC,NA,CC,NN,CC,AC,TC,AG,AA,TC,AA,CT,AA,AA,CC,NG,NC,CT,AA,CC,AA,CC,GA,TT,TT,AT,NC,NG,TC,CC,CT,GG
Iberian population in Spain,,,,HG02224,,NA,CC,AC,TT,TT,CG,CC,GT,CT,NC,NN,GG,TC,CC,CG,CC,GG,GG,AG,CC,CC,AA,GG,TT,GG,CC,TT,GG,CC,AA,TN,CC,NC,AA,GT,GA,GA,GG,AC,GA,CC,AC,CC,AN,TC,NN,CC,GA,CC,CC,CC,AA,AA,CC,GA,TC,GA,TT,GG,AA,TT,AG,TG,GG,CC,GG,AG,AA,TT,CC,TA,NN,AN,NN,AA,CC,TT,AA,AA,GG,GG,CC,CC,CC,AA,CT,GG,GG,AT,TT,CC,NN,TT,GG,AG,CC,AG,GG,CC,AA,AG,AA,CT,NN,TT,GG,AA,AA,GG,AG,NN,CC,GG,TT,TT,TG,GG,GG,TT,GG,AA,CC,NC,CC,CC,AG,CC,CC,GG,TT,GG,AG,NN,CT,CC,AA,TT,TC,GG,GG,NN,GG,GG,TT,GG,CC,TN,CT,CC,GG,AA,CC,GG,CC,TC,TT,TA,GT,AA,AA,GG,CT,AA,CT,NT,CC,GG,TC,CC,GG,GA,CT,TC,TT,CC,TA,AC,GG,GG,TT,GG,CC,GG,GG,GA,CN,AA,GG,GG,TT,TT,TT,TC,TT,GG,CT,GG,AA,AG,AG,AG,GG,TT,TG,CC,GG,AA,AA,AA,AA,GG,CG,AA,TC,CC,AG,CC,CC,AA,AC,TT,AA,NN,GT,CC,AG,CT,AA,TG,CC,AA,GG,GA,AA,TA,GG,TG,CC,GA,CC,GA,TT,GG,GG,GG,TT,CC,AA,TN,AT,CC,TT,GG,TT,GG,TT,AA,GG,GT,CC,GG,GG,GG,TT,TT,GT,TT,GG,GG,TN,TT,CC,CC,GA,NC,TT,CT,TT,AC,GA,CC,TT,TN,TC,AA,AA,NN,CC,TT,GG,TT,AA,TC,GA,AA,AA,CC,GG,AA,CC,AA,GT,AA,CC,CC,CC,CC,NN,CC,CC,CT,CC,AG,CC,CC,CN,GG,AA,AA,CC,CC,GT,AA,TC,AA,AA,AT,GG,GA,CC,NA,GA,AA,TT,AA,GT,GG,GA,GA,CC,GA,CC,TC,CC,NN,NN,GG,TT,TT,GG,GN,AA,AG,TT,GG,AA,CC,AC,CC,NN,AA,CC,NN,TC,GG,TT,AA,NN,GG,CC,AA,TT,CC,GA,GG,GA,AG,CC,TT,CT,AA,CC,AA,GG,GG,CT,GC,GG,TT,NN,CC,TT,GA,GG,TT,NN,NN,GG,GA,TT,CC,NN,CC,TT,AA,AA,TT,AA,CT,GT,AA,GG,AA,CC,GG,TT,NN,GA,AG,TT,AG,GG,AA,CC,AA,NC,CC,AT,NN,GA,GG,TT,TT,TC,GG,CG,TC,TT,GG,GG,GG,AG,TT,AA,AA,GA,AT,CN,AA,CC,GG,CC,TC,NN,CC,NC,CC,AA,TC,GG,AA,TT,AA,CC,AA,NA,CT,NN,CC,CC,AA,CC,AT,CC,AA,TT,GG,TA,CC,GG,TC,CA,TC,GG
Iberian population in Spain,,,,HG02230,,NA,CC,AC,TT,CT,CC,TT,TG,CT,CN,NN,GG,CC,TC,CG,TC,GA,CG,AG,CC,CC,CA,GG,TT,AA,NN,GT,GG,CT,AA,TT,CC,NC,AG,TT,GA,AG,AG,AC,GA,TC,CC,CC,NN,CC,NC,CC,AA,NN,CC,CC,AA,GG,AC,AA,CC,GG,TT,AG,AG,CT,GG,TG,CG,CT,GG,AA,NA,TT,CC,AT,TN,NN,CN,AT,CC,TC,AA,AA,GA,GG,CA,CT,CC,AA,CC,GG,GG,AA,TT,CC,NG,NT,GG,AG,CC,AA,GA,TC,CC,GG,AA,TT,NN,TT,GG,AA,AG,GA,GG,CN,CC,GG,CT,TT,GG,AG,GG,TT,GG,AA,CC,NN,CC,CC,GG,CT,CC,GA,TG,GT,GG,TN,TC,CC,AA,TT,CC,GG,GG,NN,GG,GG,TT,GG,CC,TN,CT,CC,GT,AG,CT,GC,CC,TT,TG,AA,GT,AA,AA,GG,CT,AA,CT,TT,CC,GG,TT,CT,AG,AA,TT,CC,TT,CT,TA,CA,TT,GG,TG,GG,CC,AG,GG,AA,NN,GA,GG,GA,NN,TT,TC,CT,TT,AG,TC,GN,AA,GG,GG,GA,GG,TC,GT,CC,GA,AA,AA,AG,AA,GG,CG,AC,TC,CC,GG,CC,CT,AA,AA,NT,AG,NN,GG,CC,GA,CC,AA,TT,CC,AA,GG,GG,AA,TA,GG,GG,TT,GA,CC,GA,TT,GT,TT,AG,TC,TT,NN,TN,TA,CC,TT,GT,TN,AA,TT,AA,GG,GG,CC,GG,AA,GA,TT,TT,TT,TT,GG,GG,TT,TT,CC,CC,GG,NN,TT,CT,CT,AA,GG,CC,TC,TT,CT,CA,AA,NN,CC,TT,GT,NN,AA,TT,AG,GA,GG,CC,AG,AA,CT,AA,TT,AA,CC,CC,CC,CC,NN,CG,CC,TC,CC,GA,CC,CC,CN,GG,AA,AG,TC,CC,TG,GA,CC,CA,AA,AT,GG,GG,CT,AN,GA,AA,TT,AA,GT,AA,AA,AA,CC,GA,CC,TC,NC,NN,TN,GG,TT,TT,GG,NN,AG,AA,TT,GA,AA,GC,CC,CC,NN,AA,CC,NN,TC,TG,TT,AA,NN,GG,TC,AC,TT,AA,GG,GG,GA,GG,CT,TA,TC,AA,CC,GA,AG,AG,TT,GC,GG,TT,NN,CC,TT,GA,GG,CC,AN,NN,GG,AA,TC,CT,NN,GG,GG,AA,AA,TT,AA,CT,GG,AA,NG,AA,CC,GG,CC,NN,AA,GG,TT,AG,GG,AA,AA,AA,NN,CC,TT,NC,GG,GG,TT,TT,CC,GG,GG,TC,TG,AA,GG,GG,AA,TT,AA,CA,GG,AT,NN,AG,CC,GG,CC,TC,NN,CC,CN,CN,CA,CC,GA,AA,TC,AA,CC,AA,AA,TT,NN,NN,CC,AA,CC,AA,CC,AA,TT,GG,AT,CN,GG,CC,CC,CC,GG
Iberian population in Spain,,,,HG02231,,NA,CC,CA,TT,CC,GG,TT,GT,CC,CC,NN,GG,CT,TC,CG,TT,GA,CG,AG,CC,CC,AA,GG,CT,GA,NC,TT,GG,CC,AA,TT,CC,NC,GA,GG,AG,AG,AG,CC,GG,CC,CA,CC,NN,TT,NN,CT,AA,CC,CC,CC,AA,AG,CC,GA,CC,GG,TG,AG,GG,CC,GG,GT,CG,CC,GG,GG,AA,TC,CC,TT,NN,NN,CC,AA,CC,CT,AA,AA,GG,GA,CA,TT,AA,AA,CC,GG,GG,AA,TA,TC,NN,TN,GG,GG,CC,AG,GG,CC,AA,GG,AA,TC,NN,TT,GG,AA,AA,AG,GG,NN,CC,GG,TT,TT,GG,GG,GG,TT,GG,AG,CC,NN,CC,CC,GG,TC,CC,GG,GT,GG,AG,NT,CC,CT,AA,TT,CC,GG,GG,GN,GG,GG,TT,GN,CC,NN,TT,CT,GT,AA,CC,GG,CC,CT,TG,AA,TG,AA,AA,GG,CT,AA,CC,NN,CG,GA,CC,CC,GG,AA,CT,CC,TT,CC,TT,AA,TT,AG,TT,GG,CC,GG,GG,AA,NN,AA,GG,AG,NT,TT,TC,CC,TT,GA,TC,NN,AA,GG,GG,GG,GG,TT,TT,CC,GG,AA,AA,AA,AA,GG,GG,CA,TT,TC,AG,CC,TC,AA,AA,NT,GA,NT,TT,TC,AA,TT,AA,TT,CC,GA,GG,GA,AG,AT,GG,TG,TC,GA,CC,AA,TT,GG,GG,AG,TC,TT,NN,TN,AT,CC,TT,TT,TN,GA,TT,AA,GA,TG,CC,TG,AA,GG,NT,CT,TG,CT,GG,AG,NT,TT,AC,CC,GG,NN,TT,CC,TT,AC,GG,CG,CT,TT,CC,CA,AA,CC,CC,TT,GG,NT,AA,TT,GG,AG,AG,CC,GG,AA,CT,AA,TT,AA,TC,CT,CC,CC,AN,CG,CC,TT,TC,GG,CC,CC,NN,GG,AA,AG,CT,CC,TT,AA,CC,AA,AA,TT,GG,GG,CC,NN,GG,NA,TC,AA,TT,GG,GA,AA,CC,GA,GC,TT,CN,NN,TT,CC,CC,TT,GG,NN,GG,GA,CT,GG,AA,CG,CA,CC,TN,CC,CC,GN,CC,GT,TT,AA,NN,GG,TC,AA,TT,AC,GG,TG,GG,GG,CC,AT,CT,AA,CC,AA,GG,GG,CT,GC,AG,TT,NN,CC,CT,GA,CG,CT,NA,GN,AG,GA,CC,TT,NN,CG,TT,AA,AA,TT,AA,TT,TT,AA,NN,AC,CC,GG,CC,NN,AA,GA,TT,AG,GG,TT,CC,AA,NN,CC,AA,NC,AG,GG,CC,TT,CC,GA,GG,CC,GG,GA,GG,AG,AA,CT,AC,AA,GG,AT,CN,AA,CC,GG,CT,CT,NN,CC,NC,CC,AA,CC,AG,AG,TC,AA,TC,NA,NA,TT,NN,CN,TC,AA,CT,AA,GC,AA,TT,GG,TA,CC,GG,TC,CC,TC,GG
Iberian population in Spain,,,,HG02232,,AA,CC,CA,TT,TT,GG,TT,GT,CC,CN,NN,GG,TC,CC,CC,CT,AA,GC,GG,CC,CC,AA,GG,CT,GA,NC,GT,GG,CC,CC,NN,CC,CC,AA,TG,AG,AG,AA,AC,GG,CC,AA,CC,NN,CT,NN,CT,AG,NC,CC,TC,AA,AG,CA,GA,CC,GG,GT,AA,AG,TC,AG,GG,GC,CC,GG,GA,AN,TT,CC,TT,NN,NN,CN,AA,CC,CT,AA,GA,AG,GG,AC,CC,AA,AG,CC,TG,AG,AA,TT,CC,NN,NN,GA,AA,CC,AA,GG,CT,AC,GG,AA,TT,NN,TT,AG,AA,AA,GG,GG,CN,CC,AG,TT,TT,GG,GA,GG,TT,GG,AA,TC,NN,CC,TC,GG,TC,CC,GA,TT,GG,GG,NT,CT,TT,AA,TT,CC,GA,AA,NN,GG,GA,TT,GG,CC,TN,CT,TC,TG,AA,TC,CC,CC,TT,TT,AA,TG,AA,AA,GG,TC,AG,CT,TN,CC,AG,TC,TC,GG,AG,TT,TC,TT,CC,AT,CA,TG,AA,TT,GG,CC,GG,GG,AA,CN,GA,GG,GA,TN,CT,TC,CT,TT,GG,CT,NN,AA,GG,GG,AG,AG,TT,TT,CC,GG,AA,AA,AA,AG,GG,GC,AC,CT,CT,AG,CC,TC,AC,AA,NN,AA,NT,GG,CC,GG,TT,GA,TT,CC,GA,GG,AA,AA,TT,GG,TG,TC,GG,CC,AA,TT,GT,GT,AG,TC,TT,NN,TN,AT,CC,TT,TT,NT,GG,TT,GA,GA,GT,CC,GG,AA,GG,NT,CT,TG,TC,GG,AG,NT,TT,CC,CC,AG,NN,TT,TC,TT,AA,GG,CG,TC,TT,CC,CA,AG,NC,CT,TT,GG,NT,AA,CT,GG,AG,AG,TC,GG,AA,CC,TA,GT,AA,CC,CC,CC,CC,NN,CC,CC,TT,CC,GG,CC,CC,NC,GC,AA,AA,CC,CC,GG,AA,CC,AC,AA,TA,GG,AG,CC,AN,GG,AN,TC,AA,GT,GG,GA,AG,TC,GG,GC,TT,CN,NN,NT,GC,TT,GG,GG,NG,AA,AG,TC,GG,GA,CC,AC,CC,TN,AA,CC,NN,CC,GT,TT,AA,NN,GG,CT,AA,TT,CC,GG,GG,AA,AG,CC,TA,TC,AA,CC,AG,GG,GG,CC,GG,GG,TT,NN,TT,TC,GA,GG,CC,NA,GN,GG,AA,CC,TT,CN,CC,GT,AA,GA,TT,AA,TT,GG,TA,GN,AA,CC,GA,CT,GN,AA,GA,TT,GA,GG,AA,AA,AA,NC,TT,AT,CN,GG,GG,TT,TT,CT,AG,GG,CC,GG,AA,GG,AG,AA,CT,AA,AA,AG,TT,NN,GA,CC,GG,CC,CT,NA,CT,CN,NN,AA,TT,GA,AA,CT,AG,TT,AA,NA,CT,GN,NC,CT,AA,CC,TA,CC,GA,TT,GG,TT,CN,GG,CC,CC,CC,GG
Iberian population in Spain,,,,HG02233,,AA,CC,AC,TT,TC,GG,TT,TT,CT,NN,NN,AG,CC,TC,CC,TT,AG,CG,GA,CG,CC,AA,GT,TT,GG,CC,TT,GG,CC,AA,TT,CC,NC,AG,TT,GA,GA,AA,CC,GA,CT,AA,CC,NN,CC,CN,CC,AA,CN,CC,TC,AA,AG,CC,AA,CC,GA,TT,GA,GA,TT,GG,GG,CG,TC,CG,GA,AA,TT,CC,TT,NN,NN,NN,AA,CC,TT,AA,AA,GG,GG,CC,CC,AA,AA,CC,GG,GG,AA,TT,TC,NN,NN,GA,AG,CC,AA,GA,CT,AA,GG,AA,TC,NN,TT,GG,AA,AA,GG,GG,NN,CC,GA,CT,TT,GT,GA,GG,TT,GG,AA,CC,CN,CC,CC,GG,TC,CC,GA,TT,GG,GG,NN,CC,CC,GA,TT,CC,GG,AA,NN,GG,GG,TT,GG,CG,TN,CT,TC,GG,GA,CC,GG,CC,CC,TT,AA,GG,AA,AA,GG,CC,AA,CC,TN,CC,GG,CC,CC,AG,AA,TT,CC,GT,CT,AT,AC,TT,GA,TT,GG,CC,GG,GG,AA,NN,GA,GA,GA,TN,CT,TC,CC,TT,GG,CC,NG,AC,GA,GA,GG,GG,CT,TG,CC,AA,AA,AA,AA,GA,GG,CC,CC,TC,TC,GG,TC,TC,AA,AA,TN,AG,NT,TG,CT,AA,TC,AA,TT,GC,AA,GG,GA,AA,TA,GG,GG,CC,GG,CC,AG,TT,GT,GT,GA,TT,CT,AN,NN,AT,CC,TT,GG,TT,GG,TT,AA,GG,GT,CC,TG,GA,GG,TN,TC,TT,TC,GG,GG,NT,TT,CC,CC,GA,NN,TC,CC,TT,AA,GA,CG,CC,TT,CC,CA,AA,CN,CC,TC,TG,NT,AG,CC,AA,GG,GG,CT,GG,AA,TC,AT,TT,AA,CT,CC,TC,TC,NN,GC,CC,TT,CC,GA,AC,CT,NN,GC,AG,AA,CT,CC,GG,AA,CC,CA,AA,TA,GG,GG,CT,NN,GA,AN,TC,AA,GG,AG,AG,AG,CC,AA,CG,TT,CN,NN,NT,CC,TT,GG,GG,NG,AA,AA,TT,AG,AG,CC,AA,CC,NN,AA,CC,NN,CC,GG,TT,AN,NC,GG,TC,AA,TT,CA,GA,GG,GG,GG,CT,AT,CT,AA,CC,AG,GG,GG,CC,GG,GG,AT,NN,CC,TT,GA,GG,CC,NN,GG,GG,AA,CC,TT,NC,CC,TT,AA,AA,TT,AA,TT,TT,AA,NN,AA,CC,AG,CC,NN,AA,GG,TT,GA,GG,AA,AA,AG,NC,CC,AA,NC,AG,GG,TT,TT,TT,GG,GG,CC,GG,AA,GG,AG,AA,TT,AA,AC,GG,TT,CC,AA,CT,GG,CC,CC,NN,CC,CN,CN,CA,CC,AA,AG,TT,GA,TT,AN,AN,TC,NN,CN,CC,GA,CT,AA,CC,AA,NN,GG,TA,CN,GG,CT,CA,CC,CG
Iberian population in Spain,,,,HG02235,,NA,CC,AC,TT,TT,GG,TT,GG,CC,NC,NN,GG,CC,TC,GC,TC,AA,GG,GA,CC,CC,AA,TG,TC,GG,NN,TT,AG,CC,CA,NT,CC,CC,GA,TG,AA,AA,AG,AA,AG,CC,CC,CC,AN,CT,NN,CC,AA,NC,CC,CC,AA,AA,CA,GG,CC,AG,TG,GG,AG,TT,AG,TG,GG,CC,GG,GG,AA,CT,CG,AT,NN,NN,CC,TA,CC,TT,AG,GA,GG,GG,CA,TC,AA,AA,CC,GT,AA,AA,TT,TC,NN,TN,GA,GA,CC,GA,GG,TC,AA,AG,AA,CT,NN,TT,GG,AA,AG,GG,GG,NN,TC,AA,TC,TT,GG,GA,GG,TC,GG,AA,CC,NC,CC,CC,GG,CC,CC,GA,GG,GG,GG,NT,CC,TC,AA,TT,CC,GG,GG,NN,GG,GG,TT,GG,CC,NN,TT,CC,TG,GA,CC,GG,CC,TT,TT,AA,TG,GA,AA,GG,CT,AA,CC,TT,CC,AA,CC,TC,GG,AA,TT,TT,TT,CC,TT,AA,TT,AG,GT,GG,CC,GA,GG,AA,CN,AA,AG,GG,TN,TT,CT,CC,TT,GG,TC,NN,AA,GG,GG,AG,GG,CC,TT,CT,GA,AA,AA,AA,GG,GA,GG,AA,TT,CT,GG,CC,TC,AA,AA,TT,AA,TN,GG,CC,AG,TT,AA,TT,CG,AA,GG,GG,AA,TA,GG,GG,CT,GA,CC,AG,TT,TG,TG,AG,CC,CT,NN,TN,TA,CC,TT,TG,TN,GG,CT,AA,GG,TG,CT,GG,GG,GA,TN,TC,TG,TT,GG,GG,TT,TT,CC,CC,GG,NN,TT,CC,CC,AA,GG,CC,CC,TT,CC,CA,GA,NC,CC,TT,TG,TT,AA,CT,AA,GA,GA,CC,AA,AA,CC,TT,TT,AA,CT,CC,CC,CT,NA,CG,CC,TT,CC,GA,CC,CC,NN,CG,AA,AG,CC,CC,GG,AA,CC,AA,AA,AA,GG,AG,TT,NN,GG,AA,TT,AA,GG,GG,GG,AA,CC,AA,CC,CC,CN,NN,NN,CC,TT,GG,AA,NN,AA,GA,TT,GA,AA,GC,AA,CC,TT,CC,CC,NN,CC,GG,TT,AA,NN,GG,CC,AA,TT,CC,GG,GG,GG,GG,CC,TT,TC,AA,CN,AG,GG,GG,TC,GG,GG,TT,NN,TT,TC,GG,GG,TT,NN,NG,GG,AA,TC,CT,NN,CG,TG,AA,AA,TT,AA,TC,GG,AA,NN,AA,CC,AA,CC,NN,AG,GA,TT,GG,GG,AA,CA,AG,CN,CC,TT,NN,GG,GG,CC,CT,CC,GG,GC,CC,GG,AA,GG,GA,AA,TC,AA,AA,GG,AT,NC,AA,CC,GG,TC,CC,NN,CC,CN,CC,AA,CC,AA,AA,CT,AA,CT,NA,AA,TC,NN,NN,CC,AA,TC,TA,CC,AA,NN,GG,TT,CN,GG,TC,AA,CC,CC
Iberian population in Spain,,,,HG02236,,AA,CC,AA,TC,TT,GG,TT,TG,CT,NN,NN,GG,TC,CC,CC,TC,AA,GG,GA,CG,CC,AA,GT,TT,AG,NC,TT,GG,CC,CA,TN,CC,NC,AA,TT,GG,GG,GG,CA,GG,CC,CA,CC,NN,CC,NN,CT,AA,CC,CC,CT,AA,AA,CC,GA,CC,GA,GT,AG,GG,CT,AG,GT,GC,CC,GC,AG,AA,CC,CC,TT,NN,NN,NC,AA,CC,CC,AA,AA,GG,GG,CA,CT,CC,AA,CC,TG,GA,AA,TT,TC,NN,TN,GG,GG,CC,GA,GG,CC,CA,GG,AA,TC,NN,TT,GG,AC,AA,GG,GG,NN,CC,GA,TT,TT,GG,GG,GG,TT,GC,GA,CC,NN,CC,TC,GG,CC,CC,GA,GT,TG,GG,NN,CC,CT,AA,TT,CC,GG,AG,NN,CG,GG,TT,GG,CC,NN,TT,TC,TG,AA,CC,GG,CC,CC,TT,AA,GG,GA,AA,GG,CC,GA,CC,TT,GC,GA,CT,TC,GG,AG,TT,TC,TG,CC,TT,AA,TG,AG,TT,GG,CC,GG,GG,AA,CN,AA,GG,GG,NN,TT,TT,TC,TT,GG,TT,NN,AA,GG,AG,AA,AG,TT,TG,CC,GA,AA,AA,AA,AA,GG,CC,AC,CC,CT,GG,CC,CT,CC,AC,NN,AA,NN,GT,CC,AG,TT,AA,TT,CG,AA,GG,GA,AA,AT,GG,GG,TC,GG,CC,GA,TT,GG,TG,GA,TC,TT,NN,NT,AA,CC,TT,TT,NT,AG,TT,AA,GG,GG,CC,GT,GG,GG,TT,TT,TT,CT,GG,GG,NT,CT,CC,CC,AG,NN,TT,CC,TT,AA,GA,GC,TT,TT,CT,AA,AA,NC,CC,TT,GG,TT,AA,CT,AG,GA,GA,CC,AG,AA,CC,TT,TT,AA,CC,CC,TC,CC,NN,CC,CC,TT,CC,GG,CC,TC,NN,GG,AA,AG,TC,CC,TG,AA,CC,CA,AA,AT,GG,GG,CC,AN,GA,NN,TT,TA,GG,AG,AG,AG,CC,AG,GG,TT,NN,NN,TN,CG,TT,GG,AG,NN,AA,AA,TT,GG,AA,CC,CC,CC,TN,CA,CC,NG,CC,GG,TT,AA,NN,AG,CC,AC,AT,AA,GG,GG,GG,GA,CC,AT,CT,AA,CC,AA,AG,AG,CC,CG,GG,TT,NN,CT,CT,AA,GG,CC,NN,GG,GG,AA,CC,TT,NN,GC,TT,AA,GA,TT,GA,TT,GT,AA,GN,AA,CC,GG,CT,NN,AG,AA,TT,GG,GG,AA,AC,AG,NN,CC,AT,NN,GG,GG,TC,TT,TC,GG,GC,CC,GG,GA,GG,AG,AA,CT,AA,CC,GA,TT,CC,AA,CC,GG,CC,CC,NN,CT,NN,NC,AA,CC,GA,AA,CC,GA,TC,AA,AA,CC,NN,NC,TC,AA,CT,AT,CC,AG,TT,GG,TT,CN,GG,CC,CC,CC,GG
Iberian population in Spain,,,,HG02238,,AA,CT,AC,TT,TT,GG,TT,TG,TC,NN,NN,GG,CC,CT,GC,TC,GA,GG,AG,GC,CC,AA,GG,TT,AG,NC,GT,GG,CC,CA,NN,CC,NN,AA,TT,GG,AA,GA,CA,GA,CC,AA,CT,AN,TC,NN,CC,AA,NN,CC,CT,AA,AA,AC,GG,CC,AG,TT,GG,GA,TT,GA,TG,CG,CC,GG,GG,AN,TT,CC,AT,NT,AN,CC,AA,CC,CC,AA,AA,GG,GG,CC,TC,AA,AA,CC,GT,GG,AA,TT,CC,NN,NN,GA,AG,CT,GA,GA,CC,AA,GG,AA,TC,NN,TT,GG,AC,AG,GA,AA,NN,CT,AG,TT,TT,GG,GG,GG,TC,GG,AA,TC,NN,CC,CT,AG,CC,CC,AA,TT,TG,GG,NN,TT,CC,GA,TT,CC,GG,AA,NN,GG,GG,TT,GG,CC,NN,TT,CC,TT,AA,CC,GG,CC,TT,TT,AA,GG,GA,AA,TG,CC,AA,CC,NN,GC,GG,TC,CC,GA,AA,TT,CT,TT,CC,TT,AA,TT,AG,TT,GG,TC,AG,GG,AA,NN,GG,GG,AG,TT,TC,TC,CC,TT,AG,CT,NN,AA,GG,GG,GG,GG,TT,TT,CC,GG,AA,AA,AA,GG,AG,GC,CA,CC,CT,GA,CC,CT,AA,AA,NT,AA,NT,GG,CC,AG,CT,AA,TT,CG,AA,GG,AG,AA,TT,GG,GG,CC,GG,CC,GA,TT,GG,GT,GA,CT,CT,AN,NT,AT,CC,TT,GT,TN,GA,TT,AG,GG,GT,CC,GG,GA,GG,TT,TT,TG,TC,GN,GG,NT,TT,CC,CC,GA,NN,TT,TC,CT,AC,AG,GC,CC,TT,CC,AA,AA,NN,CC,TC,GG,TT,GA,TC,AA,AG,AA,CT,GG,AA,CC,TT,TT,AA,CC,TC,CT,CT,NN,CC,CC,TT,TC,GA,CC,CC,NN,GG,AA,GA,CC,CC,TT,AA,CC,AA,AA,TA,GG,GG,CC,NN,GG,AN,TT,AA,TG,GG,GG,AA,CC,AA,GG,TT,NN,NT,NN,GC,TT,GT,GG,NN,AA,AA,TT,GA,GA,CC,CC,CC,NN,AC,CC,NN,CT,GG,TT,AA,NN,GG,CC,AA,AT,CC,GG,GG,GG,GG,CC,AT,CT,AA,CC,GA,AG,AG,CC,CC,AG,TT,NN,CC,CC,GA,GG,TT,NN,GG,GG,AA,CT,TC,CN,CC,TT,AA,AA,TT,AA,CT,TG,AA,NN,AA,CC,GG,TC,NN,AA,AA,TT,GG,GG,AA,CA,GA,NN,TC,TT,NN,GG,GG,TC,TT,CC,AG,GG,CC,GG,AA,GG,GA,AA,TT,AA,AC,AA,TA,CC,AA,TC,GG,CC,CC,NN,CC,NC,NN,AA,CC,AA,AA,TT,AG,CT,AA,AN,CC,NN,NN,CC,AA,TC,TT,CC,GG,NT,GT,TA,CN,GG,CC,CC,CC,GG
Iberian population in Spain,,,,HG02239,,AA,CT,AA,TT,TT,GG,TT,GT,CC,CN,NN,GG,TC,CC,CC,CT,GA,GG,AG,CC,CC,CA,GG,TT,GG,NN,TG,GG,CC,CA,NT,CC,CN,AA,TT,GG,AA,GA,AC,GG,TC,AA,CC,NN,TC,NN,CC,AA,NC,CC,CC,AA,AA,CC,GG,CC,GG,TT,AG,GG,CC,GG,GT,CC,CC,GG,GG,NA,TT,CC,TT,NN,NA,NC,AT,CT,CT,AA,AG,GA,GG,CA,CC,AA,AA,TC,GG,GG,AA,TT,CC,NN,NN,GG,AG,CC,AG,GG,CC,CA,GG,AA,TT,NN,TT,GG,AA,GA,AA,AA,NN,CC,GA,TC,TT,GG,GA,GG,TC,CG,AG,TC,NN,TC,CC,GG,CT,CC,AG,TT,GG,AG,NN,CC,CT,GA,TT,CC,AG,GG,NN,GG,GA,TT,GG,CC,NN,TT,CC,TG,AA,TC,CC,CC,TC,TT,AA,TG,GA,AA,GG,CC,AA,CC,NN,CC,GG,TC,CC,GG,AG,TT,TC,TT,CC,TT,CA,TT,GG,TT,GG,CC,GA,GG,AG,NN,GA,GG,GG,NT,CT,TC,CC,TT,GA,CT,NN,AA,GA,GG,GA,GG,TC,TT,CC,GG,AA,AA,GA,AG,GG,GC,AC,CC,CC,GG,CC,CC,AA,AA,TN,AA,TN,GG,TC,AA,TT,AA,TT,CC,AA,GG,AG,AA,AT,GG,GT,CT,GA,CC,AA,TT,TG,GG,AA,CT,TT,NN,NT,AA,CC,TT,GT,TT,AG,TT,GA,GG,TT,CC,TG,GG,GG,TT,TT,GT,TC,GG,GG,NN,TT,CC,CC,GG,NN,CC,CT,CT,AA,GA,GC,TT,TT,TC,AA,AA,NN,CT,TT,GG,TT,AA,TT,GA,GA,AA,TT,AG,AA,TC,AA,TT,AA,CC,CC,CT,CT,NN,CC,CC,CT,CC,GA,CA,CC,CN,CG,AG,GA,CT,CC,TG,GA,CC,AA,AA,AT,GG,GA,TT,NN,GG,NN,CT,AT,GT,GG,GG,AA,CC,GG,CC,TC,NC,NT,TN,GC,TC,TG,GG,NN,AA,AA,TT,GA,AG,GC,CA,NC,NN,AA,CC,GN,CC,GG,TT,AA,NN,GG,TC,AA,TT,CC,GG,GG,GG,GG,TC,AT,CC,AA,CC,GA,GG,GG,CT,CG,GG,TT,NN,TT,TT,GG,GG,CC,NN,GN,GG,GA,TC,CT,NC,CC,TT,AA,GA,TT,AA,CT,TG,AT,NN,AA,CC,GG,TC,NN,AG,AA,TT,AA,GG,AA,AA,AA,NC,CT,TA,CN,GG,GG,TT,TT,CC,AG,GG,TC,TG,AG,GG,AG,AA,CC,AA,AC,GG,TA,NC,GA,CC,GG,CC,CC,NN,CC,NC,NC,AA,CC,AG,AA,TT,GG,TT,AA,NN,CC,NN,NN,CC,AA,CT,AA,CC,AG,TN,GG,TT,CC,GG,TC,CC,CC,GC
Italy,,,,NA20502,,NA,CC,AC,TT,TC,GG,TT,TG,CC,NN,NN,GG,TT,CC,CG,TT,AA,GG,AA,GC,CC,AA,TG,TT,GG,CC,TG,GG,CC,AC,TN,CC,CC,AG,GT,GG,AA,GA,CC,GG,TT,AA,CC,NN,TC,CN,TC,AA,CN,CC,TT,AA,AA,AC,GA,CC,GG,TT,GG,GA,CT,AG,GT,CG,CC,GG,AG,AA,TT,CC,TT,NN,AN,NC,AA,CT,CT,GA,AG,AA,GG,AA,CC,AC,AG,CC,GG,GG,AA,TT,CC,NN,NN,GG,GA,CC,AA,GA,CC,AA,GA,AA,CT,NN,TT,GG,AA,AG,GA,GG,NN,CC,GA,TC,TT,GG,GG,GG,TT,GG,AG,CC,NN,CT,CC,GG,CC,CC,GG,GG,GG,GG,NT,TT,CC,GA,TT,TC,GG,AA,NN,GG,AG,TT,GN,CC,NN,CT,CT,GT,AA,CC,GG,CC,TC,GT,AA,TG,AG,AA,GG,CC,AA,CC,NT,CC,GG,TT,CC,GG,GG,TT,CT,TT,CC,TT,AC,GT,AA,GT,GG,CC,GG,GG,AA,NC,GA,GG,GG,TN,TT,CT,CT,TT,GA,CT,NN,AA,GG,GG,GG,GG,TC,TG,CC,GG,AA,AA,AA,GA,GG,CC,CA,CC,TT,AG,CC,TT,AA,AA,NT,GG,TN,TT,CC,AG,TC,AA,TT,CG,AA,GG,AA,AA,TA,GC,GG,CT,GG,CC,GA,TT,GT,GT,GA,CC,CC,NA,NT,AA,CC,TT,TT,NN,AG,CT,AG,GG,TG,CT,GT,GA,GG,TT,TT,TG,TC,NG,GG,TT,TT,CC,CT,AG,NN,CT,CC,TC,AC,GG,CC,TT,TT,CC,AA,AA,NN,CC,TT,GG,NT,AG,TT,AA,GG,GG,TT,AG,AA,TC,TT,TT,AA,CC,CC,TC,CC,AA,CC,CC,TC,CC,GA,CC,CT,NN,GG,AA,GG,CC,CC,TG,GA,CC,AA,AA,TT,TG,GA,CC,AN,AG,NN,TT,AT,GT,AG,AA,GG,CC,GA,CC,TC,CC,NN,TN,CG,CC,GG,GA,NN,GA,GG,TT,AA,GA,CC,AA,CC,NN,AA,CC,NN,CC,GG,TT,AA,NN,GG,CC,AA,TT,CA,GG,GG,GA,GA,CC,AA,TT,AA,CN,AA,GG,GG,TC,CC,GA,TT,NN,TT,CT,GG,GG,TC,AN,GG,GG,AA,TT,CC,NN,GC,GT,AA,AA,TT,AA,TT,GT,AA,NN,AA,CC,GG,CC,NN,AA,GA,TT,GG,GG,AA,AA,GG,NN,CC,AA,NN,AG,AG,CT,TT,CC,AG,GG,TC,GG,GA,GA,GG,AA,TT,AA,CA,GG,AT,NN,AG,CC,GG,CC,CC,AN,CC,NN,NN,AA,CC,AA,AA,TC,GG,TC,AA,AN,CC,NN,CN,CC,AA,TC,AA,CC,AG,TT,GG,TT,CC,GG,CC,CC,TC,GG
Italy,,,,NA20503,,AA,CT,CC,CT,TC,GC,TT,GT,CC,CN,NN,GG,CC,CC,GC,TT,GA,CG,GA,CC,CC,AC,GG,TC,GG,CN,TT,AG,CC,AA,NN,CC,CN,GA,TG,GG,AA,GG,CA,GG,CC,CA,CC,NN,CT,NN,CC,AA,CC,CC,CC,AA,GA,CC,GG,CC,GG,TT,AA,GG,TC,GG,TG,CC,CC,GG,GG,AA,TT,CC,AT,NT,NN,NC,TA,CC,CT,AA,AA,AG,GG,CC,CC,CA,AA,CT,TT,GG,TT,TA,CC,NG,TN,GG,GG,CC,AG,GG,CC,AA,GG,AG,CC,NN,TT,GG,AA,AG,GA,GA,NN,TC,AG,CC,TT,GG,AA,GG,TT,GG,AA,CC,CN,CC,CC,AG,TC,CC,AG,GT,TG,GG,NN,CT,CC,AA,TT,CC,GA,GG,NN,GC,GG,CT,GG,CC,NN,TT,CC,GG,GA,CC,GC,TC,TT,TT,AA,GG,AA,AA,GG,CC,GA,CC,NN,CC,GG,CC,CT,GG,AA,TT,CC,GT,TC,TT,AA,GG,GG,TT,GG,CC,GG,GG,AA,NN,AG,GG,GG,TN,TT,TT,CC,TN,GA,TT,GN,AA,AG,AG,AG,GG,TT,TG,CC,GA,AG,AA,AA,GA,GG,CG,AC,TT,TT,GG,CC,TC,AA,AC,NN,AA,NN,GT,CC,AA,TT,AA,TT,CG,AA,GG,GA,AA,AA,GG,TT,TT,AG,CC,GA,TT,TG,GT,GG,CT,TC,AN,TN,AA,CC,TT,GG,TN,AA,TT,AA,AA,GT,CC,GT,AG,GG,TT,TT,GT,TC,GN,GG,TT,TT,CC,CC,AA,NN,TT,CC,CT,AA,GG,CC,CC,NT,TC,AA,AA,NN,CC,TT,GG,TN,AA,CT,AG,AA,AA,CC,GA,AA,CC,TT,TT,NA,CT,CC,CC,TT,NA,CC,CC,TT,CC,GA,CC,CC,CN,GC,AA,AA,CC,CC,TG,AA,CC,CA,AA,AT,GG,GG,CC,NA,AA,NN,CT,AT,TG,GG,GA,GA,CC,AA,GC,TT,NN,NT,NN,GC,TT,GT,GG,NN,AA,GA,TT,GA,AA,CC,CA,CC,TT,AA,CC,NN,CC,GG,TT,NA,CN,GG,CC,AA,TT,AC,GG,GG,GG,GG,TC,AT,CT,AG,CC,AA,GA,GA,TC,GG,GG,TT,NN,CC,TT,AG,CG,TC,NN,GG,GG,AA,CC,TT,NN,GC,TT,AA,AG,TT,AA,TT,TG,AA,GN,AA,CC,AG,CT,NN,AA,AA,TT,GA,GG,AA,AA,AA,CN,CC,TT,NN,AA,AA,CT,TT,CT,GG,GG,CT,TT,GG,GA,AG,AA,CT,CA,AA,GA,TA,CC,AA,CC,GG,CC,TC,NN,TC,NC,CC,AC,CC,GG,AA,CT,AA,TC,AA,AA,CT,GN,CN,CT,AA,CC,TA,CC,GA,TN,GG,AA,CC,GG,TC,AC,TT,GG
Italy,,,,NA20504,,AN,CC,AA,TT,TT,GC,TT,GG,CC,CN,NN,GG,TC,CC,CC,CT,AG,GG,GG,CC,CC,AA,GG,TT,GA,NN,TT,AA,CC,AC,TN,CC,NC,AA,GT,GG,AA,AA,CC,AG,TC,CC,CC,NN,CT,NN,CC,AA,CC,CC,CC,AA,GG,CC,AG,CC,AG,TT,GG,GG,CT,GG,TG,CG,CC,GG,GG,AA,CT,CC,TT,NN,NN,CN,AA,CC,TC,AA,AA,GA,GG,CC,CC,CA,AA,CC,GG,GG,AT,TT,CC,GN,TT,GG,GA,CC,AA,GG,CC,AA,GA,AA,TT,NN,TT,GG,AA,AG,AG,GG,CN,CT,AG,TT,TT,GG,GG,GG,CT,GG,GA,CC,NN,CT,CC,GG,CC,CC,AG,GT,GT,GG,NN,TT,CT,AA,TT,CC,AG,GG,GG,GG,GG,TT,NG,CC,NN,TT,CT,TG,GG,CC,GG,CC,CC,TT,TA,GT,GA,AA,GT,TC,AA,CC,TN,CC,GG,TC,CT,GA,AA,CC,CC,TT,TC,TT,AC,TT,GG,TT,GG,CC,AG,GG,AA,NN,GA,GG,AG,TN,TT,TT,CT,NT,AA,TT,GN,AA,GA,GG,AG,GG,TT,TG,CC,GG,AA,AA,AA,AA,GG,CC,AA,CC,CT,AG,CC,CC,AC,AA,TN,GG,NT,TT,CC,AA,CT,AA,TT,CC,AA,GG,GG,GA,TA,GG,TG,CC,GG,CT,AG,TG,TG,TT,GA,CC,TT,NN,TN,TA,CC,GT,TG,TT,GG,TT,GA,GG,TT,CT,GG,AG,AG,TN,TC,TT,TC,GG,GG,TT,CT,AC,CC,GA,CN,TT,CC,CT,AA,GG,GC,CC,TT,CC,AA,AA,CN,CC,TT,GG,TT,GA,CT,AA,AA,AA,CC,GG,AA,CT,AT,GT,AA,CC,CC,CC,CC,NN,CC,CC,TC,CC,GA,CC,CC,CN,GG,AA,GA,CC,CC,TG,AA,TC,AA,AA,TT,GG,GG,TC,NN,AA,AN,TT,AA,GT,GA,AA,GG,CC,AA,CC,CT,CN,NN,NN,CG,TT,TT,GG,NG,GA,AA,TT,GA,AA,CC,CC,CN,NN,AA,AC,GN,CT,GG,TT,AA,NN,GG,CT,CA,TT,CA,GG,GG,AG,GA,CC,TA,CT,AG,CC,GA,GG,GG,CC,CC,GG,TT,NN,CT,CT,GA,GG,CC,AN,NG,GG,AA,CT,TC,CN,CC,TT,AG,GA,TT,AA,TT,TG,AA,GN,AC,CT,AG,CC,NN,AA,AA,TT,GG,GC,AA,AA,GG,CN,CC,AA,CN,GG,GG,CT,TT,CC,GG,GG,CT,GG,AA,GG,GG,GA,CT,AA,AA,GG,AT,CC,AA,CC,GG,CC,CC,NA,CC,NC,NC,AA,TC,AA,AA,TT,AA,TT,AA,NA,CT,NN,NN,CT,AA,TC,TA,CC,AG,NT,TG,TT,CC,GG,CC,CC,TC,GG
Italy,,,,NA20505,,NA,CT,AA,TT,CT,GG,TC,TG,CC,NC,NN,GG,CC,CC,CC,TT,AA,GG,AG,CC,TC,AA,GG,TT,GG,CC,TT,GG,TC,AA,NN,CC,CN,AA,GG,GG,GA,AG,CC,GG,TC,AC,CC,NN,CT,NN,CC,AA,CC,CA,TT,AA,AA,CC,GG,CC,AG,TT,GG,GG,TC,GG,TG,CC,CC,GG,AG,AA,CC,CC,TT,NN,NN,NN,AA,CC,TC,AA,GG,GG,GG,CA,CC,CA,AG,CC,GT,GG,AA,TT,CC,NN,NN,AG,AG,CC,AG,GG,CC,CA,GG,AA,CT,NC,TT,GG,AA,AA,AA,AA,NC,CC,GG,TT,TT,GT,GG,GG,TT,GG,AA,TT,NC,CC,CC,GG,CC,CG,AA,TG,GG,GA,TN,TT,CC,AA,TT,CC,GA,GG,NN,CG,AA,TT,GG,CC,NN,TT,CC,TT,AA,TC,CG,CC,CT,TT,AA,GT,AA,AA,GG,CC,AA,TC,NT,CG,GG,CC,TT,GG,AA,CT,TC,TT,TC,TA,AC,GT,GA,TG,GG,CC,AG,GG,AA,CN,AA,AG,GG,TN,TT,TC,CC,TT,GG,TT,NN,AA,GA,GG,GG,GG,TT,TG,CT,AG,AG,AA,AG,GA,GG,CC,AA,CT,TT,GG,CT,TT,AA,AA,NN,GA,NN,GT,CC,GG,TC,AA,TT,GC,AA,GG,GA,AG,TT,GG,GT,CT,GG,CC,AA,GT,TG,GT,AG,CT,CT,NN,TN,AT,CC,TT,GG,TN,AG,CT,AA,GG,GT,TT,TG,GA,GG,NT,CT,GG,TT,GG,AG,TT,TT,CA,CC,AA,NN,TT,TC,CC,AC,GA,GG,CC,TT,CC,CA,AA,NN,CC,TT,GG,NT,AA,TT,GA,GA,GA,TC,GG,AA,CT,AT,TT,AA,TC,CC,CT,CC,AN,CC,CC,CC,CC,GA,CC,CC,NN,GG,AG,AA,CC,CC,GT,AA,TC,AA,AA,AT,TT,GG,TC,NN,AG,NN,CT,TA,GG,GG,GG,AA,CC,AA,CC,CT,CN,NN,NT,GC,TT,TG,GG,NN,AA,AA,TT,AA,AA,CC,CC,CC,NT,AA,CC,NN,CC,GG,TT,AA,NN,GG,CC,AA,TT,CC,GG,GG,GA,GG,CC,TT,TT,AA,CC,AA,GG,GG,TT,GC,GG,TA,NN,TT,TT,GA,GG,TT,NN,GG,GG,AA,CT,TC,NN,CC,TT,AA,AG,TT,GA,TT,GT,AA,NN,AA,CC,GG,CC,GG,GA,AA,TT,AG,GG,AA,AA,AA,NN,CC,TT,NN,AA,AG,CC,TT,CC,GA,GG,TC,GG,AG,GG,AG,AG,TT,AA,CA,GG,TT,NC,GA,CC,GG,CC,CC,NA,CC,CC,NN,AA,CT,AG,AA,TT,AA,CC,AN,AN,CC,NG,NN,CT,AG,CT,AA,CC,GA,NT,GG,TT,CC,GG,CT,CC,CC,GG
Italy,,,,NA20506,,AN,CC,CA,TT,CT,GG,TT,TT,TC,NN,NN,GG,CC,CC,GC,TT,AA,GG,GA,CC,CC,AA,GG,TT,GG,CN,GT,GG,CC,CA,NN,CC,NC,AA,GG,GG,AA,GA,CC,GG,TT,CC,CC,NN,TC,NN,CC,AA,CN,CC,CC,AA,GA,AC,GG,CC,GA,TT,GG,AA,TT,AG,GG,CG,CC,GG,GG,AA,TT,CC,TT,NN,NN,CC,AA,CC,TC,AA,AA,GG,GG,AA,CC,CC,AA,CC,GG,GG,AT,TA,CC,NN,NN,GG,AG,CC,GG,GG,TC,AA,AG,AG,TC,NN,TT,GG,AA,GG,GA,AA,NN,CC,AG,CC,TT,GG,AG,GA,TT,GG,AA,CC,NC,CC,CC,GG,TC,CC,AG,TT,GT,GG,NN,CC,CC,AA,CT,CC,GG,GG,NN,GC,GA,TT,GG,CC,NN,TT,TC,GG,AA,CC,GG,CC,CT,TT,AA,GT,AA,AA,GG,TT,AA,TC,NN,CG,AG,CT,CC,GG,GA,TT,TC,TT,CT,TT,AA,TG,AA,TT,GG,CC,GG,GG,AA,NN,AA,GG,GA,NN,TT,TT,CC,TT,GA,TT,NG,AA,GA,GA,GA,GG,TT,TT,CC,GA,AA,AA,AA,GG,GG,GG,AA,CT,TT,AA,CC,CT,CA,AA,TT,AG,NN,TG,CC,GA,TC,AA,TT,CG,AG,GG,AG,AA,AA,GG,GT,CC,GG,CC,AA,TT,TG,GT,AG,TT,TT,NN,TT,AA,CC,TT,GG,TT,GG,TT,AG,GA,GT,CC,TG,AG,GG,NT,CT,TG,TT,GG,GG,TT,TT,AC,CT,AG,NN,TT,CC,CT,AA,GA,CC,CT,TT,TC,CA,AG,CN,CC,TT,GG,TT,AA,TT,AA,AA,AA,TC,GG,AA,TT,AA,TT,AA,CC,CT,CC,TC,NN,GC,CC,TT,TC,GG,CC,TC,CN,CC,AA,GA,CC,CC,TT,GA,CC,AA,AA,TT,GG,GG,TC,NN,AA,AN,TT,AA,TG,GG,AA,AA,CC,AG,GG,TC,CC,NN,NN,GG,CC,TG,GG,NG,AA,AA,TT,GG,AA,CC,AA,CC,NN,AA,CC,GN,CC,GG,TT,AN,NC,GG,CC,AA,TT,AA,GG,GG,GG,AG,CT,TT,CT,AA,CC,GA,GA,GA,TT,GG,GG,TT,NN,CT,TT,AA,CC,CC,NA,GG,GG,AA,CC,TT,NN,GC,GT,AA,AA,TT,GA,CT,GT,AA,NG,AA,CC,GA,CC,GN,GA,AA,TC,GG,GG,AA,CC,GA,CN,CC,TA,NN,GG,GG,CT,CT,CC,GG,CC,TC,GG,AG,GG,GG,AA,TC,AA,AA,AG,TT,CN,GG,TT,GG,CC,TT,NN,CT,NN,CC,AC,CC,AA,AG,CC,GG,TC,AA,AA,CC,GN,CN,CC,AG,CC,TA,CC,GA,TT,GG,TT,NC,GG,CC,CC,CC,GC
Italy,,,,NA20507,,NA,CC,AC,TT,TT,GG,TT,TT,CC,NN,NN,GG,CC,TC,CG,TT,GA,GC,AA,CC,CC,AA,TG,TT,GA,NC,TG,GA,CC,AA,NN,CC,CC,AA,GT,AA,AG,AA,CA,GA,CT,CA,TC,NN,TT,NN,CT,AA,CC,CC,CT,AA,AG,CC,AG,CC,GG,TT,AG,GG,TT,AG,GG,CC,CC,CG,GA,AA,TT,CC,TA,NN,NN,CN,AA,TC,CC,AA,AG,GG,AG,AC,CC,CA,AG,CC,GG,GG,AA,TT,CT,NN,NN,GG,GG,CC,AA,GG,CT,AA,GG,AA,TT,NN,TT,GG,AA,AG,AG,AG,NN,CC,GA,TT,TT,TG,GG,GG,TT,GG,AA,CC,NN,CC,CT,GG,CC,CC,GA,GT,GG,GG,NT,TT,CC,GA,TT,CC,GA,GG,NG,CG,AG,TT,GG,CC,NT,TC,CC,TG,AG,CC,GG,CC,TC,TT,AT,GG,AA,AA,GG,CC,AA,CT,TT,CC,GG,TC,TT,GG,AA,TT,TT,GT,CC,TA,AA,TG,GG,TG,GG,CC,GA,GG,AA,CN,AA,GG,GG,TN,TT,CT,CC,TT,GG,TC,GG,AA,GG,GG,GA,GG,TT,TT,CC,GG,AG,AA,GA,GA,GG,CC,CC,CC,CC,GG,CC,CT,AA,CA,TT,GA,NN,TG,CC,AA,TT,AA,TT,GC,AA,GG,GA,GA,AA,CC,GG,CC,AG,CC,GG,TT,GT,GT,AA,TT,TT,NN,NT,TA,CC,TT,GT,TT,AG,CC,GA,GG,GT,TC,TG,GG,AG,TT,TT,TT,TT,GG,GG,TT,TC,CC,CC,GG,NN,TT,CT,CT,CA,AG,CG,CT,TT,CT,AA,AA,NN,CC,TC,GG,NN,AA,TT,AA,GG,GG,TC,GG,AA,TC,TT,TT,AA,CT,CC,CT,CC,NN,GC,CC,TC,TC,GA,CC,CC,NN,CC,GA,GA,TC,CC,GG,AA,CC,AA,AA,TA,GG,GA,CC,NN,AG,NN,TT,AA,GG,GG,GG,GA,CC,AA,CG,TT,NN,NN,NN,CG,CT,GG,AG,NG,AA,AG,CT,GG,GA,CC,AA,CC,NN,AA,CC,NN,CC,GG,TT,AA,NN,GG,CC,AA,TT,CC,GG,GG,GA,GG,CC,TA,CT,AA,CC,AG,GA,GG,CT,CC,GG,TT,NN,TT,TC,GG,GG,CT,NN,NG,GG,AA,TC,CT,NN,CC,TT,AA,AA,TT,GA,TC,GG,AA,NG,AA,CC,GA,TC,NN,AA,GA,TT,GG,GG,AA,AC,GA,CN,CC,AA,CN,GG,AG,CC,TT,TT,GG,GG,CC,GG,AA,GG,GG,GA,TT,AA,AA,GG,TT,CN,GA,CC,AG,CC,CC,NN,CT,CC,CN,AA,CC,AG,AA,CT,GA,TT,AA,AA,CC,NN,NC,CC,AA,CC,AA,CC,GA,TT,GG,AT,CC,GG,CC,CC,CC,GG
Italy,,,,NA20508,,AN,CC,AC,TT,CT,GG,CT,TG,CC,NC,NN,GG,CC,TC,CG,TT,AA,GG,GG,CC,CT,AA,GG,TC,GG,CC,TG,AG,CC,AA,TN,CC,NN,AA,TT,GG,AG,AG,CC,AG,CT,AA,CC,NA,TT,NN,CT,AA,CC,CC,CC,AA,GG,CC,AA,CC,GG,TT,GA,GG,TC,GA,TT,CC,CC,GG,AG,NA,TT,CC,TT,NN,AN,NC,AA,CC,TC,AA,AG,GG,GG,CC,CC,AA,AA,CT,GG,GG,AA,AT,CC,NN,TN,GG,GG,CC,AG,GG,CC,AC,GG,AA,CT,NN,TT,GG,AA,GA,GG,GG,NN,CC,AG,CC,TT,GG,GG,GG,TT,GG,AA,CC,NN,CC,CC,GG,TT,CC,GG,GT,GG,GG,NN,CC,CC,AA,TT,CC,AG,GG,GN,GG,GG,TT,GG,CC,NN,TT,CT,GG,AA,CC,GG,CC,CT,TT,AA,GG,AA,AA,GG,CC,AG,CC,TN,CG,GA,CC,CC,GG,GA,CT,TC,TT,CC,AA,AA,GG,AG,GT,GG,CC,GG,GG,AA,NC,AA,GG,GG,NN,TT,CC,CT,TT,GG,CT,NN,AA,GG,GG,AG,AG,TC,TT,CC,GG,AA,AA,AA,GA,GG,GG,AC,CC,CC,GA,CT,TT,CA,AA,TT,AA,NN,TT,CC,AG,CC,AA,TT,GG,AA,GG,AG,GA,TA,GG,GT,TC,GG,CC,GA,TT,GT,GG,GA,TT,CT,NN,TT,TA,CC,GT,TT,TN,GG,TT,AA,GG,GT,CC,GG,GG,GG,TT,TT,GT,TC,NG,GG,NT,TT,CC,CC,AG,NN,TT,TT,TC,CA,GG,CC,CT,TT,CC,AA,AA,CN,CC,TT,TG,NT,GG,TT,AG,AA,AG,CC,GG,AA,CT,AT,TT,AA,TC,TC,TC,TC,NN,CG,CG,TT,CC,GA,CC,CC,NC,GG,AA,AA,CC,CC,GT,AG,CC,AA,GA,AA,GG,AG,CC,NN,GG,AN,TT,AA,GT,GG,GG,AA,CC,AG,CC,TT,NN,NN,TN,CG,TT,TG,AG,NN,AA,AG,CC,GG,AA,CC,AC,CC,NT,AA,CC,NN,TC,GG,TT,AA,NN,GG,CT,AA,TT,AA,GG,GG,AG,GG,CC,TA,CT,AA,CN,AG,GA,GA,CC,CG,GG,AT,NN,CC,TT,GA,GG,TT,NN,NG,GG,AA,TT,CT,NN,CG,TT,AA,AA,TT,AG,TT,GT,AA,NG,AA,CC,GA,TC,GN,AA,GA,TT,AG,GG,AA,AC,GA,NC,CC,AA,NC,AG,GG,TT,CT,CC,GG,GG,CC,GG,AA,GG,GA,AG,TT,AA,CC,AG,AT,NC,AA,TC,GG,CC,CC,NN,CC,CC,NC,AA,CC,GA,AA,CC,AG,TT,NA,NA,CC,NG,CC,CC,GA,TC,AT,CC,AG,TT,GG,TT,CC,GG,CC,CA,CT,GG
Italy,,,,NA20509,,NA,CC,AA,TT,TT,GG,CT,TT,CT,CN,NN,GG,CT,CC,CC,TT,GG,GG,GG,CC,CC,AA,GG,TT,GG,CC,TT,GG,CT,AA,NN,CC,CN,AA,TG,GG,AG,AA,CC,GG,CC,CA,CC,NA,CC,NN,CC,AA,CC,CC,CT,AA,GA,CC,GA,CT,GG,TT,GA,GG,TT,GG,GG,CC,CC,GG,GG,AA,TT,CC,TA,NN,NN,NC,AA,CC,TT,AA,AA,GG,GG,CC,CC,AC,AA,CC,GG,GG,AA,TT,CC,NN,TN,GG,GG,CC,AA,GG,CC,AC,AG,AA,CT,CN,TT,GG,CA,AA,GA,AG,NN,CC,AG,TC,TT,GG,AG,GG,CT,GG,AA,CC,NC,CT,CC,GG,TT,CC,GG,TT,TG,GG,NN,CC,CT,AA,CT,CC,AG,AG,NN,GG,GG,TT,GG,CC,NN,TT,CC,TG,AA,CC,GG,CC,CT,TT,AA,GT,AG,AT,GG,CC,AA,CC,NN,GC,GG,CT,CC,GG,GA,TT,CC,TT,CT,TT,CC,TG,GA,TT,GG,CC,GG,GG,GA,NN,AA,AG,GG,TT,TT,TT,CC,TT,AG,TT,GN,CA,AG,AG,GA,GA,TC,GT,CC,GG,AA,AA,AA,AA,GA,CG,CC,TC,CC,AG,CC,CT,AA,AA,NN,GA,NT,TG,CC,AA,TT,AA,TT,CC,AA,GG,AG,AA,AA,GG,GG,CT,GG,CC,AA,TT,GT,TT,AG,TC,TT,NN,TN,AT,CC,TT,TG,TT,GG,CT,AA,GG,GT,CT,GG,GA,GG,TN,TC,TT,CC,GN,AG,TT,TC,CC,TC,AG,NN,TT,CT,TT,CA,GG,CC,TC,TT,CC,AA,AA,NC,CC,TT,GT,TN,AA,TT,AA,GA,GA,TC,GA,AA,CC,AT,GT,AA,CC,TC,CC,CC,AN,GC,CC,TT,CC,GA,CA,CC,NC,GC,AA,GA,CC,CC,TG,AA,CC,AA,AA,AT,GG,GG,TT,NN,AG,NN,TT,AT,GT,GG,GG,AA,TC,GA,GG,TT,NN,NN,NN,CG,TT,TG,GA,NN,AG,GA,TT,GG,AA,CC,AA,CC,NT,AC,CC,NN,CC,GG,TT,NA,CN,GG,CC,AA,TT,CC,GG,GT,GG,GG,CC,TA,TT,AA,CC,GA,GG,GG,CT,GG,GG,TT,NA,CC,TT,GG,GG,TT,NN,GG,GG,AA,CC,TT,NC,GG,TG,AG,GA,TT,AA,TT,GG,AA,GG,AA,TC,GG,CT,NN,GA,AA,TT,GA,GG,AA,AA,GG,NC,CC,AT,NC,GA,GG,CC,TT,CT,GG,GG,TC,TG,AG,GG,AG,AA,TT,AC,CA,GA,TT,NN,AG,CC,GG,CC,TT,AA,CC,NC,CN,AA,CT,AA,GA,CT,GA,TC,AA,AA,CT,NN,NC,CC,AA,CT,AA,CC,AA,TT,GG,TA,CC,GG,TC,CC,CC,GG
Italy,,,,NA20510,,AN,CC,CA,TT,TT,GC,CC,GT,TC,CC,NN,GG,TC,CC,CC,TT,AA,CC,AA,CC,CC,AA,GG,TT,GG,NN,TT,GG,CC,AC,NN,CC,NC,AA,TG,AG,AA,GG,CA,GG,CC,AA,CC,NN,TC,NN,TC,AA,CN,CC,TC,AA,AG,CC,AA,CC,GG,TT,GG,GG,CT,GG,GG,CG,CC,GG,GA,AA,CT,CC,TT,TN,NN,NC,AT,TC,TT,AA,AA,GG,GG,CC,CC,AA,AA,CC,GT,GG,AA,TT,CC,NN,NN,GG,GG,CC,AA,GG,TT,AA,GA,AA,TT,NC,TT,GG,AA,AA,AG,GG,NN,CC,AG,CC,TT,GG,AG,AG,CT,GG,GG,CC,NN,CC,CC,GG,CC,GC,GA,GG,GG,GG,NN,TT,CC,AA,CT,TT,GA,GG,NN,CG,GG,TT,GG,CC,NN,TT,CC,GG,AA,CT,GC,CC,CT,TT,AA,TG,GA,AA,GG,CT,AA,CT,NT,CC,GG,CT,CC,AA,GA,TT,CT,TT,CC,TT,AA,GG,AG,TT,GG,CC,GG,GG,AG,NC,GA,GG,AG,TN,TC,TT,TC,TT,AG,TT,NN,AA,GA,GG,AG,GA,TT,TT,CC,GA,AA,AA,AA,GA,GA,GG,AC,TT,TT,AG,CC,TT,AA,AA,NT,AA,TN,TG,CT,AG,CC,AA,TG,CC,AG,TG,AA,AA,TA,CG,GT,TT,GG,CC,AA,TT,GT,GT,AG,TT,TT,NN,TN,AT,CT,TG,GG,NN,GG,TT,AG,GA,TG,CC,GG,AA,GG,TT,TT,GT,TT,GG,GG,NN,TT,CC,CC,GG,NN,TC,CC,CC,AA,GG,GC,TC,TT,TT,AA,AA,NN,CC,TC,GT,NT,AG,TT,GG,AA,AA,CC,GA,AA,CT,AT,TT,AA,CC,CC,CC,CC,NN,GC,GC,CT,CC,AG,CC,TT,NC,GG,AA,GA,TC,CC,TG,AA,CT,AA,AA,AA,GG,GG,CC,AN,GG,AN,TT,TT,GT,GG,AA,AG,CC,AA,CG,CT,CC,NN,NT,GC,TC,GG,GG,NG,AA,AA,TC,GA,GA,CC,CA,CN,NN,CA,CC,NN,TC,GG,TT,AA,NN,GG,CC,AA,AT,AC,GG,GG,GG,GG,CC,AT,TT,AA,CC,GA,GG,GG,TC,CG,GG,TT,NN,CT,TT,GG,CG,CT,NN,GN,GG,AG,CC,TT,NN,CC,TT,AA,AA,TT,AA,TT,TT,AA,NN,AA,CC,GG,CC,NN,AA,GA,TT,GG,GG,TT,AA,AG,NN,CC,AT,NN,AG,GG,CT,CT,CC,GG,GG,CC,TG,GG,GG,GA,AA,CT,AA,AA,AG,TT,NN,AA,CT,GG,CT,CC,NN,CT,NC,CN,AA,TT,GA,AA,CT,AG,TC,AA,AA,TC,NN,NC,CT,AA,CC,AA,CC,GG,NT,GG,TT,NC,GG,CC,CC,CC,GG
Italy,,,,NA20511,,AA,CC,AA,TT,TT,GG,TC,GG,CC,CN,NN,GG,CC,CT,GG,CT,AG,GG,GG,CC,CC,AA,GG,TT,GG,CC,TG,AG,CC,AA,TT,CC,CN,AA,TT,AG,AA,AG,AC,GG,TC,CC,CC,NN,CC,NC,TC,AA,CC,CC,CC,AA,AA,CC,GG,CT,GG,TG,GG,AA,CT,AG,GG,CG,CC,GG,GG,AN,TT,CC,TT,NN,NN,CC,AA,CC,CT,AA,GA,GG,GG,CC,CC,AA,AG,CC,GG,GG,AA,TT,CC,NG,NN,AG,AG,CC,AA,GG,CC,AA,GG,AA,TT,NN,TT,GG,AA,GA,AG,GG,NN,CC,AG,TT,TT,GG,GA,GG,CT,GG,AA,CC,NN,CC,TC,GG,CT,CC,AA,TT,GG,GG,NN,TC,CC,GG,TT,TC,AG,AG,NN,CG,AA,TT,GG,CC,NN,TT,CC,GG,AA,CC,GG,CT,TC,TT,AA,GG,AA,AA,GG,CC,AA,CC,NN,GC,GG,CC,TT,AG,AG,TT,TC,TT,CC,TT,AC,TG,GA,TT,TT,CC,GG,GG,AA,CN,AA,GG,GG,TN,TT,CT,CC,TT,GG,CC,GN,AA,GA,GA,AG,GG,TT,TG,CC,GG,AA,AA,AA,AG,GG,CC,CC,TT,TT,GG,CC,CT,AA,AA,TN,AA,TT,TG,CC,AA,TT,AA,GT,CC,AA,GG,GA,AA,AA,GG,TG,CC,GA,CC,AG,TT,TG,TT,GA,CT,TT,NN,NT,AA,CC,TT,TG,TT,GG,TT,AG,GG,TG,CC,GG,GG,AG,TT,TT,TT,CC,GG,GG,TN,TT,CC,CC,AA,NN,TT,CT,TT,AC,GG,GC,TC,TT,TT,AA,AA,NN,CC,TT,GT,NT,AA,TT,AG,GA,GG,CC,AG,AA,TC,AA,TT,AA,CC,TC,TT,CT,NN,CC,CC,TT,CC,GA,CC,CC,CC,GC,AA,GA,CC,CC,TT,AA,CC,AC,AA,AT,GG,AG,CT,NN,GG,NN,CT,AA,GT,GG,GG,AA,CC,AA,CC,CT,NC,NT,TN,CG,TT,TT,GG,NN,AA,AG,TC,AG,AA,GC,AC,CC,TN,AC,CC,NN,CC,TG,TT,AN,NC,GG,TC,AA,TT,AC,AG,GG,GA,GG,CC,TA,CT,AA,CC,GA,GG,GG,TT,GC,GG,TT,NN,CT,TC,GA,GC,CC,NN,NG,GG,GA,CT,TC,NN,GG,GT,AA,AG,TT,AA,TT,GG,AT,GG,AA,CC,GG,CC,GN,AA,AA,TT,GG,GG,AA,AA,AA,NC,CC,AA,NN,GG,GG,CC,CT,TT,GG,GG,CC,GG,GG,AG,GG,GG,CT,AA,AA,AG,TA,CN,GA,CC,GG,CC,CC,NN,TT,NN,CN,AA,CC,AA,AA,TT,GA,CT,NA,NA,CC,GN,NN,CT,AA,CC,TA,CC,AG,NN,GG,TA,NC,GG,TC,CC,CC,GG
Italy,,,,NA20512,,AN,CC,CC,TT,TT,GG,TT,GG,TC,NN,NN,GG,CC,TT,CC,TT,GA,CG,AG,CC,CT,AA,GG,TT,GG,CN,GT,GG,TC,CC,NN,CT,NN,AG,GT,GG,GA,GA,AC,GA,CT,AA,CC,NN,TC,NN,CC,AA,CC,CC,CT,AA,AA,CA,GG,CC,GG,TT,AG,GA,CT,GG,TT,GC,CC,GG,AG,AA,TC,CC,TT,NN,NN,CC,TT,TT,TC,AA,GA,AA,GG,CC,CC,AA,GA,CC,GG,GG,AA,TT,CT,NG,NT,GG,AA,CC,AA,GG,CC,CA,GG,AA,CT,NN,TT,GG,AA,AA,GA,GA,NN,CC,GA,TC,TG,GG,GG,GG,CT,CC,AA,CC,NN,CC,CC,GG,CT,GC,GG,TT,GG,GG,NN,TC,CC,AA,TT,CC,AA,GG,NN,GC,AG,TT,GG,CC,NN,TT,TC,TT,AA,TC,CG,CC,TC,TT,AA,TG,AG,AA,GT,CC,AA,TC,TN,CG,GG,TC,CT,GG,GA,TC,TC,GT,CC,TT,CA,TG,GA,TT,TT,CC,AA,GG,AA,CC,AA,GG,AG,NN,TT,TC,TC,TT,GG,CC,NN,AC,AA,GA,GA,GG,TC,GT,CC,GA,AA,AA,AA,AG,GA,CC,CC,CT,CT,AG,CT,CT,AA,AA,TN,AA,NN,TG,TC,AG,TC,AG,TT,GC,AA,GG,GG,AA,AT,GG,GG,CT,GG,CC,AA,TT,GT,TG,GG,TC,TT,NN,NT,AT,CC,TT,GG,TN,GG,TT,GA,GG,GT,CC,TT,GG,GG,TT,TT,TT,TT,GG,GG,TT,TT,CC,CC,GG,NN,TT,CC,TT,CA,GA,CG,CT,TT,CC,AC,GA,CC,CT,TT,GG,NT,AA,TC,GA,AG,GG,CC,AG,CA,CC,AT,TT,AA,CC,CC,CT,CC,NN,GC,CC,TT,CC,GA,CC,CC,NN,GG,AA,AG,CC,CC,GT,AA,CC,AA,AA,AA,GG,GG,TT,NA,GG,AA,TT,AA,TG,GG,AG,AA,CC,AA,CG,CC,CN,NN,NN,GC,TT,GG,AG,GG,GA,AA,CT,GA,AA,CC,AA,CN,NN,AA,CC,NN,CC,GG,TT,AA,NN,AG,CC,AA,AT,AC,GG,GG,GG,AA,CC,TA,TT,AA,CC,GG,GG,GG,CT,GG,GG,TA,NN,CC,TT,AA,GG,CC,NA,NG,GG,AA,TT,CC,NN,GG,GT,AA,AA,TT,GA,TT,GT,AA,NN,AC,CC,AA,TC,NN,AA,GA,TT,GG,GG,AA,AA,AA,NC,CT,AA,NN,GG,GG,TC,TT,CC,GG,GG,CC,TG,GA,GG,GG,AA,TC,AA,AA,GG,TT,CN,AG,CC,GG,CC,CT,NN,CT,NC,NC,AA,CC,AG,AA,TT,AG,TT,AA,AA,TC,NG,NN,TT,AA,CT,AA,CC,AG,NT,GG,TT,CN,GG,CT,CC,CC,GG
Italy,,,,NA20513,,NA,TC,CA,TT,TC,GC,TT,TT,CC,NC,NN,GG,CC,CC,CG,TC,GG,GG,GG,CC,CC,CC,GG,TC,GG,NC,TT,GG,CC,AA,TT,CC,NC,AA,GT,GA,GA,GA,AC,GG,CT,CA,TC,NA,CC,CN,CC,AA,CC,CC,CC,AA,GA,CC,AA,CC,GG,GT,AG,GA,TT,AG,GG,CC,CC,CG,AA,AA,TT,CC,TA,NT,NN,CC,AA,CC,CC,AA,AG,GG,GG,AA,TC,CA,AA,CC,TG,GG,AA,TT,CC,NN,TN,GG,GA,CC,AA,GG,TC,AA,GG,AA,TT,NN,TT,GG,AA,AA,AG,GG,CN,CC,GA,TT,TG,GG,GG,GG,TT,GG,AG,CC,CN,CC,CC,AG,CC,CC,GG,TT,TG,AG,TN,TC,CC,GG,TT,CC,GA,GA,GN,GG,GG,TT,GN,CC,NN,TT,TC,TG,AA,CT,CC,CC,CC,TT,AA,GG,AA,AA,GG,CC,AG,TC,TT,CC,GA,CT,TC,GG,AA,TC,TC,TT,CC,AT,AC,TG,GG,TT,GG,CC,GG,GG,AA,NN,AA,GG,GG,NN,TT,TT,CC,NT,AG,TC,NG,AA,GG,GG,GA,GG,TT,TT,CC,GG,AA,AA,AA,AG,GG,CG,CA,CC,TC,GA,CC,TT,AA,CA,TT,GA,TT,TG,CC,AG,TT,AA,TT,CC,AA,GG,GG,AG,TA,GG,GG,CC,AG,CC,AG,TT,GT,GT,AG,CT,CC,NN,TT,TA,TC,TT,TG,NT,AG,TT,AA,GG,TG,CC,GG,AA,AG,TT,TT,TT,TT,GG,GA,NN,TT,CC,CC,AA,NN,TT,TC,TT,CC,GG,GC,CC,TT,CC,AA,AA,NC,CC,TT,GG,NN,AG,TC,GG,AA,GG,TC,GG,AA,TT,TT,TT,AA,CC,CC,CT,CT,NN,CC,CC,TT,TC,GG,CC,CC,NN,GG,AA,AA,CC,CC,GT,AG,CC,AC,AA,TT,GG,GG,CC,NN,GG,NN,TT,AA,TG,GG,AA,GG,CC,AA,CC,CC,CC,TN,TT,CC,CC,GG,AG,NN,AA,AA,TT,AG,GA,CC,AA,CC,NN,AA,CC,NN,TC,GG,TT,AN,NC,GG,CC,AA,TT,CC,GG,GG,AG,AA,TC,TT,TC,AA,NC,GA,GG,GG,CT,CG,GG,AT,NN,TT,TT,GA,GG,TT,NN,GG,GG,AG,CC,TT,CN,CC,TT,AA,AG,TT,GA,TT,GG,AT,NN,AA,CC,AG,CC,NN,AA,AA,TT,GG,GG,AA,AA,AA,NN,CC,TT,NC,GA,GG,TC,TT,CC,GG,GG,CC,GT,AA,GG,AG,AA,TC,AA,CA,GA,TT,NN,GA,CT,GG,CC,CC,NN,CC,NC,NN,AA,TC,GG,AA,TT,AA,CT,AA,NA,TT,GN,NN,CT,AA,TC,AA,CC,AG,TT,GT,TT,NC,GG,TC,CC,CC,GG
Italy,,,,NA20514,,AN,CC,AC,TC,TT,CC,TT,GT,CC,CN,NN,GG,CC,CC,GG,TC,AG,GG,GG,CC,CT,AA,GG,CT,GA,NN,TT,GG,CC,AC,TN,CC,NN,GA,GT,GG,AG,GG,CC,GG,TC,AC,CT,NN,CT,NC,TC,AA,CN,CA,TC,AA,AA,CC,GG,CC,GG,TT,GG,AG,TT,AG,GG,GC,CC,GG,GG,AA,TT,CC,TA,NN,NN,NC,TT,CC,CC,AA,AA,GG,AG,CC,CC,AA,AA,CC,GG,GG,AA,TT,CC,NN,NN,GG,AG,CC,AG,GG,CC,AA,GG,AA,TT,NN,TT,GG,AA,AA,AG,GA,NN,CC,AG,TC,TT,GG,GG,GG,TT,GG,AA,CC,NN,CC,CC,GG,CC,CC,GA,TT,GG,AA,NN,TT,CC,AA,TT,CC,AA,AA,NN,CC,GG,TT,NG,CC,NN,TT,CC,TG,GG,TC,CC,CC,TC,GG,AA,GG,AA,AA,GG,CC,AA,CC,TN,CG,GA,CT,CC,AG,GG,TT,CC,TT,CC,TA,AA,TT,AA,GT,GG,CC,GA,GG,AA,NN,GG,GG,GG,NN,CC,TC,CC,TT,GG,TT,NG,AA,GG,GG,GG,GG,TT,TT,TC,GG,AA,AA,AA,GA,AG,GC,CC,CT,TT,GA,CC,CC,AC,AA,TT,AA,NT,TG,CC,AA,CC,GA,TT,CC,AA,GG,GA,GG,AT,CG,TT,CC,GG,TC,AA,TG,GT,TG,AA,TC,TT,NN,TT,AA,CC,TT,GG,TT,GG,TT,AG,GG,TT,CC,GG,AG,GA,TT,TT,GT,TC,GN,GG,TN,TT,CC,CT,AG,NN,TT,TC,TC,AA,AA,CG,CT,TN,CC,CA,AA,NC,CC,TT,GG,NT,GA,CC,AG,AA,AA,TC,GG,AA,TC,TT,TT,AA,CC,CC,CT,CT,NN,CC,CC,TT,CC,GG,CC,CC,NN,CG,AA,GG,CC,CC,TG,AG,CC,AA,AA,AT,GG,AG,CT,AN,GA,AN,TT,AT,GT,AG,AA,AA,TC,AG,CG,CT,NN,TN,TN,CG,TT,TG,GG,NN,AA,AG,TT,GG,AG,CC,CC,CC,TN,AA,CC,NN,CC,GT,TT,NA,CN,GG,CC,AA,TT,AA,GG,GG,GA,GG,CC,TT,CT,AA,CC,AG,GG,GG,TC,CC,GG,TT,NN,CC,CT,GG,GG,TC,AN,GN,AG,GA,TC,CT,NN,CG,GT,AA,AA,CT,GG,CT,GT,AA,NN,AA,CC,AA,CT,NN,AA,AG,TT,AA,GG,AA,AA,AG,CN,CC,TT,NN,AG,GG,CT,TT,CC,GG,GG,CT,GG,GA,AG,GG,AA,CT,AA,AC,GA,TT,NC,GA,CC,AG,CC,CT,NN,CC,CN,NC,AA,CC,AA,AA,CT,GA,TT,NA,AA,CT,NN,NC,CT,AA,CC,AA,CC,AA,TN,TG,TT,NC,GG,CC,CC,CC,CG
Italy,,,,NA20515,,NN,TT,CA,TT,TC,CG,TT,TG,CC,CC,NN,GG,CC,TC,GG,TT,AG,GC,GA,CC,CC,AA,GG,TT,AG,NC,TG,GA,CC,CA,NT,CT,NN,AG,GG,GG,AG,GA,CC,AG,CC,AC,CC,NN,CT,NN,TC,GA,CC,CC,CC,AA,AA,CC,AG,CC,GG,TT,AG,GG,TT,AG,GG,CG,CC,GG,GG,AN,CT,CC,TA,TN,NN,CN,AA,CC,TC,AA,AA,GG,GG,AC,CT,AA,AG,TC,GG,GG,AA,TT,CC,NN,NN,GG,GG,CC,AG,GG,CC,AA,GA,AA,TT,NN,TT,GG,AA,GA,GG,AG,NN,TC,GG,TC,TT,GG,AG,GG,TT,GG,AA,CT,NN,CC,TC,GG,CC,CC,AG,TT,GT,GG,NN,TC,CC,AA,TT,CC,GA,GG,NN,GC,GG,TT,GG,CG,NN,TT,CC,GT,GA,CC,GC,CC,CC,TT,AA,GT,GG,AA,GG,CC,GA,CC,NN,CC,GG,CC,CT,AG,AA,TT,CC,TT,CC,TT,CC,GT,AA,TT,GG,CT,GG,GG,AA,CC,AA,GG,GG,NT,CT,CC,CT,TT,GG,TC,GN,AA,AA,AA,AG,GG,TT,TG,TC,GG,AA,AG,AA,GA,GG,GC,AA,CT,TT,GA,CC,CT,AA,AC,NN,GA,NT,TT,CT,GA,TT,AA,TT,GC,AA,GG,AA,AA,AA,CG,GG,CC,GG,CC,GA,TT,GG,GT,GA,TT,TT,NN,NT,TA,CC,TT,GG,TT,AG,TT,AG,GG,TT,CC,TT,GG,GA,NN,CC,TT,TT,GG,AG,NT,TT,CA,CC,GA,NN,TT,TC,CT,AC,GG,CC,TC,TT,CC,CA,AG,NN,CT,CT,GG,NT,AG,TT,AA,GG,GG,CC,AG,AA,CC,AT,TT,AA,CC,CC,CC,CC,NN,CC,CC,CT,CC,AG,AC,TC,CN,GG,AA,AG,CC,CC,TG,AA,CT,AC,AA,AA,GG,GG,CT,NN,GG,NA,TT,AA,GG,AG,AG,AA,CC,AA,CG,CT,CN,TN,NN,GG,TT,GG,GG,NN,AA,GA,CT,GG,AA,CC,AA,NC,NN,AC,CC,NN,CC,GG,TT,AA,NN,GG,CT,AA,TT,AC,GG,TG,GA,AG,CC,AA,CT,AA,CC,AA,GG,GG,CT,GC,GG,TA,NA,CC,TC,GG,GG,CC,AN,GG,GA,AG,CT,TC,NN,GG,TT,AA,AA,TT,AA,CC,TG,TT,NN,AA,CC,GA,CT,NG,AA,AG,TT,GG,CG,AA,AC,AA,NC,CC,AA,NN,AA,GG,CC,TT,TC,GG,GC,CC,GG,AA,GG,GG,AA,TT,AA,AA,GA,AT,CN,AA,CC,GA,CT,TC,NN,TT,NN,NC,AA,CC,GA,GA,TT,GA,TT,NA,AN,CC,NG,NC,CC,AG,CT,AA,CC,GG,TN,GG,TA,NC,GN,TT,CC,CC,GG
Italy,,,,NA20516,,AN,CC,CC,TT,CT,CG,TT,GG,CC,NN,NN,GA,CT,CC,GG,TT,AG,GG,GA,CC,CC,AA,TG,TT,GG,NN,GT,GG,CC,AA,NN,CC,CN,AA,TT,GG,GA,GA,CC,GA,CC,CA,CT,NN,TC,CN,TC,AA,CC,CC,CC,AA,GA,CA,AG,CC,GA,TT,GG,GG,CT,AG,TG,GC,CC,GG,GA,AA,CT,CC,TT,NN,NN,CC,AA,CC,TT,AA,AG,GG,GG,AC,CC,CA,AA,CC,GG,GG,AA,TA,CC,NG,NN,GG,AA,CC,AA,GG,TC,AA,AG,AA,TC,NN,TC,GG,AA,AG,AA,GA,CN,CC,GG,TT,TT,GG,AG,GG,TT,GG,AA,CC,NN,CC,CC,GG,CC,CC,GA,TG,TG,GG,NN,CC,CT,AA,TT,CC,GG,AA,NN,GG,GG,TT,GG,CC,NN,TC,CC,TT,AG,CC,CG,CT,TT,TT,AA,GG,AA,AA,GT,TT,AA,TC,TT,CC,GA,CT,CC,GA,GG,TT,CT,TG,TC,TT,AA,TT,GA,TT,GG,CC,GG,GG,AA,NN,GA,GG,AG,TT,TT,TT,CC,TT,GG,TT,NN,AA,GA,GG,AG,GG,TT,TG,CC,GG,AA,AA,AG,AG,GG,GG,CC,TT,CT,GA,CT,TT,CA,AA,TN,AA,TT,TG,CC,AG,TT,AA,TT,GC,AA,GG,GG,AA,AT,GG,GG,TT,GG,CC,AA,TG,GG,GT,GA,TC,TT,NN,TN,TT,CC,TT,TT,TN,GG,TT,GG,GG,TG,CC,GT,AA,GG,TT,TT,TT,CC,GN,AA,NT,TT,CC,CC,GG,CN,TC,CC,TT,AA,GA,CC,CT,TT,CC,AC,AA,NC,CC,TT,GG,NN,AA,CT,AA,GG,GG,CC,GA,AA,CC,AA,TT,AA,CC,CT,CC,CT,NN,CG,CC,CT,CC,AG,CC,CC,NN,CG,GA,AA,CC,CC,GG,GG,CC,CC,AA,TT,GG,GG,CC,NN,GG,NN,TT,AA,GG,AA,GA,AA,CC,AA,CC,CT,CN,TN,NN,GG,TT,TG,GA,NN,AA,AG,TT,AG,AA,CC,CC,CC,NT,AC,CC,NN,CC,GG,TT,AA,NN,GG,TC,AA,TT,CC,GG,GG,GG,GG,CC,TA,TT,AA,CC,AG,GG,GG,TC,GC,GG,AT,NN,TT,TT,AG,GG,CC,NN,NG,GG,AG,CC,TT,NC,CC,GG,AA,AG,TT,AA,TT,GT,AT,GN,AA,CC,GG,TC,NN,AA,GA,TT,AA,GG,AA,AC,AG,NN,CC,TA,CC,GG,GG,CC,TT,CT,GG,GG,CC,TG,AA,GG,GA,AG,TC,AA,AA,GA,TA,CC,AA,CC,GA,CC,CC,NN,CC,NC,CN,AA,TT,AG,AA,TT,AA,CT,AN,AA,TC,NG,CN,CC,AA,CC,AT,CC,AA,TN,GT,TT,NC,GN,TT,CA,CC,GG
Italy,,,,NA20517,,AN,CC,AA,TT,TT,CG,CT,TG,CC,CC,NN,GG,CC,CC,CC,TT,GG,GG,GA,CC,CC,AA,GG,CC,GG,NC,TG,GG,CC,AA,TT,CC,NC,GA,TG,AG,GG,AA,CC,GG,TC,AA,CC,AN,TC,NN,TC,GA,NC,CC,CT,AA,AG,CC,GG,TC,GG,TT,AG,AG,CT,GG,GG,CG,CC,GG,GG,AA,CT,CG,TA,NN,NN,CC,TA,CC,TC,AA,AA,GG,AG,CC,CC,AC,GA,CC,GG,GG,AA,TT,CC,NN,NN,GG,GG,CC,AG,GG,CC,AA,AG,AA,TC,NC,TT,GG,AA,AA,GG,GA,NC,CC,GG,TC,TT,GG,GG,GA,TT,GG,AA,CC,NN,CC,CC,AA,CC,CC,GG,TT,GG,GG,NN,TT,TC,AA,TT,CC,AG,AA,NN,GC,AA,CT,NG,CC,NN,CT,CC,TG,AG,CC,CG,CC,TT,TT,AT,GG,AA,AA,GG,CC,AA,CC,TT,CC,AG,CC,TC,GG,AA,TT,CC,GT,CC,TT,CC,GT,AG,TT,GG,CC,GG,GG,AA,NC,GA,GA,GG,TN,TT,TC,CC,TT,AA,TT,GN,AA,GG,GG,GG,GG,TC,TT,TC,GG,GA,AA,AA,GG,GG,CC,CA,TT,TT,GG,CC,TC,AA,AA,TT,AA,NN,TG,CC,AA,TT,AA,TT,CC,AA,GG,GG,GA,TT,GC,GG,CT,GG,CT,AA,TT,GT,TG,AG,TC,TT,NN,NT,TA,TC,GT,TG,TT,GG,TT,GA,GG,GT,CT,GG,GG,GG,TT,TT,TT,CC,GG,AA,TT,TT,CC,CC,GG,NN,TT,CC,TC,AC,AG,GC,TC,TN,CC,CA,AA,CN,CC,TC,GG,NT,AA,TT,AG,AA,GG,CC,GG,AA,CC,TT,TT,AA,CC,CC,TC,TC,NN,CG,CC,TT,CC,GA,CC,CC,NC,CG,AA,AA,CC,CC,GT,AA,TC,AA,AA,TT,GT,AG,CC,AN,AA,NA,TT,AA,TG,GG,AG,AA,CC,AA,CC,TC,NC,NT,NT,GC,TT,TG,GA,GN,AA,AA,TT,GG,GG,GG,CC,CC,NN,AA,CC,NG,CC,GG,TT,AA,NN,GG,CC,AA,TA,CA,GG,GG,GG,GG,CC,TA,CT,AA,CC,AA,GG,GG,CC,GC,GA,TT,NN,CT,CC,AG,GG,CT,AN,NG,GG,AA,TT,CC,NN,CG,TT,AA,AG,TT,AG,TT,GG,TA,NG,AA,CC,GA,CT,GN,AA,GA,TT,AG,GG,AA,AA,AG,NN,CC,AA,CN,AG,GG,TC,TC,CC,GG,GC,CT,GG,GA,GG,GG,AA,TT,AA,AA,AA,TT,CC,AG,CT,GG,CC,CT,NN,CT,NC,CC,AA,CC,AG,GA,TC,GG,CT,NA,NA,CC,NN,NC,TC,AA,CC,AA,CC,GG,TN,GG,TT,CC,GG,TT,CC,CC,GG
Italy,,,,NA20518,,NA,CC,AC,TT,TC,GG,TT,TG,CC,NC,NN,GG,CC,CC,CG,CT,GG,GG,GG,CC,CT,CA,GG,TT,GG,CC,GT,GG,CC,AC,TN,CT,CC,AG,GG,AG,AG,AG,AC,AA,TC,AA,CC,NN,TC,NN,TC,AA,NN,CC,TC,AA,AA,CC,AG,CC,AG,TT,GA,AG,TT,GG,GG,CC,CC,GG,GG,AA,TT,CC,TT,TN,AN,CC,AT,CC,TC,AA,AA,GA,GG,CC,CC,AA,AA,CC,GT,AG,AA,TT,CC,GN,TT,GG,GG,CC,AA,GG,CC,AA,AG,AA,TT,NN,TT,GG,AA,GA,GA,AG,NN,CC,AG,TT,GT,GG,GA,GA,TT,GG,AA,TC,NN,TC,CC,GG,CC,CC,GG,GT,TT,GG,NN,CC,TC,AA,TC,CC,GG,GG,NN,GG,GG,TC,GG,CG,NN,TT,CC,GG,GG,TC,CG,CC,TC,TT,AT,GG,AA,AA,GT,CC,AA,CC,NT,CC,GG,TC,CT,GG,AG,TT,CT,TT,TC,AT,CA,TT,GA,TT,GG,CC,GA,GG,AA,NN,AG,GG,GA,TN,CT,TC,CC,TT,GG,CC,NN,AC,GA,GA,GA,GA,TT,TG,CC,GG,AA,AA,AA,GA,GG,GG,CA,CT,TC,GA,CC,CT,AA,AA,TN,AG,TN,GG,CC,AA,TT,AA,TT,CG,AA,GT,AG,GA,AT,GG,GG,TT,GG,CT,GA,TG,GG,GT,AG,CC,TC,NN,TN,TT,CC,TT,TT,NN,AA,CT,GA,GG,TT,CT,TG,GG,GG,TT,TT,GT,TC,GG,GG,NN,TT,AC,CC,GG,NN,TT,CC,TT,AC,GA,CG,CT,TT,CC,AA,AA,NN,CC,TC,GG,NT,AA,CT,AG,GA,GA,CT,GG,AA,TT,AA,TT,AA,CC,CT,CC,TC,NA,CC,CC,TC,CC,GA,CC,CC,NN,GG,GA,AA,CC,CC,GT,GA,CC,AA,AA,AA,TG,GG,CC,NN,GA,NN,CC,AA,GT,AG,AG,AA,CC,AA,GC,TT,NC,NN,NN,GG,TT,GT,AG,NN,AA,GA,CT,GA,AA,CC,CC,CC,NT,AA,CC,NN,TC,GG,TT,AA,NN,GG,CC,AA,TT,CC,GG,GG,GG,GA,CC,AT,TT,AA,CC,AA,GG,GG,CC,GG,GA,AA,NN,CC,TT,AG,CC,CC,NN,GN,GG,AA,TT,CC,NN,CG,GG,AA,AG,TT,AA,TT,GT,AA,GN,AA,CC,GG,TC,NG,AA,AG,TT,GG,GG,AA,AA,AG,NN,CC,TA,NC,AG,GG,CC,TT,CT,GG,GG,CC,GG,AA,GG,AA,AA,CT,CA,AC,AG,TT,CN,AA,TC,GA,CC,CC,NN,CT,CN,CN,AA,CC,GA,AA,CC,AA,TT,AA,AA,CT,GN,NC,CC,AA,CC,AT,CG,GG,TN,GT,TA,NC,GG,CT,CA,CC,GG
Italy,,,,NA20519,,NA,CC,CA,TT,CC,GG,TT,TG,CT,NC,NN,GG,CC,CC,GG,TT,GG,GG,GA,CG,CC,AA,GG,TT,GG,NC,TT,GG,CC,AA,NT,CT,CN,GG,GG,GG,GG,AA,CC,GG,TC,AA,CC,AN,CT,NN,CC,AA,CN,CC,TC,AA,GG,CC,AA,TC,GG,TT,GA,GG,TC,GG,GG,GG,CC,GG,GA,AA,TT,CC,AT,NN,NN,NC,AA,CC,TT,AA,AA,GG,GG,CC,CC,AA,AA,CC,GT,AG,AA,TT,CC,NN,NT,GG,GG,CC,GA,GA,CT,AA,GG,AA,TT,NN,TT,GG,AA,GA,GA,AG,NN,TC,GG,TT,TT,GG,GG,GG,TT,GG,AA,CC,NN,CC,CC,GG,CC,GC,GA,GT,TT,AG,NN,CC,CT,AA,TT,CC,AG,GG,NN,GG,GA,TC,GG,CC,NN,TC,CC,GT,GA,CC,GC,CC,TT,TT,AA,GG,AA,AA,GG,CC,AA,CT,NN,CC,AG,CC,CC,GA,AG,TT,CC,GT,CC,AT,AA,TT,GA,TT,GG,CC,GG,GG,AA,NC,GA,GG,GG,TT,TT,TT,CC,TT,AG,CT,NG,AA,GG,GG,AA,GG,CT,TG,CC,GG,AA,AA,AA,GG,AG,GC,CC,CT,CT,AG,CT,TT,AA,AC,NN,AA,TN,GT,TC,GA,CT,AA,TT,CG,AG,GG,AG,AA,TA,CG,GG,CC,GG,CT,AA,TT,GT,TG,GG,CC,TT,NN,NT,TA,CC,TT,GT,TT,GG,TT,GG,GG,TG,CC,GT,GG,GG,TT,TT,GT,CT,NG,GG,TN,TT,CA,TC,AG,NN,TT,CT,TT,AA,GG,GC,TC,TT,TC,AA,AA,NN,CC,TT,GG,NN,AA,TT,AA,GG,AG,CC,GG,AA,CT,AT,TT,AA,CC,TC,TC,TT,NN,GG,CC,TT,CT,GG,CC,CC,NN,GC,AA,AG,CC,CC,TT,AG,CT,AA,AA,AA,GG,GA,TC,NN,AG,NA,TT,TT,GT,GG,GG,AA,CC,AA,GC,TT,NN,NN,NT,CC,TC,TT,GG,NG,AA,AA,TT,GA,AA,CC,AA,CC,NN,AC,CC,NN,CC,TG,TT,AN,NC,GG,CC,AA,TT,CC,GG,GG,GG,AG,CC,TT,CT,AA,CC,AG,GA,GA,TC,GC,GG,TT,NN,CT,CT,AA,GC,TC,NN,NG,GG,GA,CC,CT,CN,CC,TT,AA,AA,TT,AA,CC,GG,AT,GN,AA,CC,AG,TC,NN,AG,AG,TT,GG,GG,AT,AA,AG,CN,CC,TA,NN,GG,GG,CT,TT,TC,GG,GG,CT,GG,AA,GG,AG,AA,TT,AA,AC,AG,TT,NC,AA,CC,GG,CC,CC,NN,CC,CN,NN,AA,CC,GA,AA,TT,AA,TT,AA,AA,TC,NN,NN,CC,AA,CC,TT,CC,AG,TN,GG,TT,NC,GG,CT,CC,CC,GG
Italy,,,,NA20520,,NA,CC,AC,TT,TC,GG,CT,TT,CC,NN,NN,GG,TT,CC,CG,TT,AA,CG,GG,CG,CT,AA,GG,TT,GG,CC,GT,GG,CC,AA,TN,CC,CC,AA,TG,GG,AA,AG,CC,GG,CC,AC,TC,NN,TC,NN,TC,AA,NC,CC,CC,AA,GA,CC,GG,CT,AG,TT,AG,GA,TT,GG,GG,CG,TC,CG,GA,AN,TT,CC,TT,NT,NN,CN,AT,CC,TT,AA,GA,GA,AG,CC,TC,AA,AA,CT,GT,GG,AA,TT,TC,NN,NT,GG,GG,CC,AA,GG,CC,AC,GG,AA,TT,NN,TT,GG,AA,AG,AA,GG,NN,CC,GG,TT,TT,GG,GG,AG,TC,GG,AA,CC,NC,CC,CC,GG,CC,GG,GG,TT,GG,GG,NN,TC,CC,AA,TT,CC,AG,AG,NG,GC,GA,TT,GG,CC,NN,TT,CC,TG,AG,CC,CG,CC,CC,TT,AA,GG,AA,AA,GG,TT,AA,TC,NN,CC,GA,TT,CC,AG,AA,CT,TC,GT,CC,AT,AA,GG,GG,TG,GG,TC,GG,GG,AA,CN,AA,GG,GG,NT,TT,TT,CC,TT,GG,CT,NN,AA,AG,GG,AA,GG,TT,TG,CC,AG,AA,AA,AA,AG,GG,GC,AA,CC,TT,GG,CC,CC,AA,AA,NN,AA,TT,TT,CT,AA,TT,AA,TT,GC,AA,GG,GG,AA,TT,GG,GG,CC,AG,CC,AG,GT,GG,TG,GA,CT,TT,NN,TN,TA,CC,TT,GG,TN,AG,TT,GA,GG,TG,CC,GG,GG,GG,TT,TT,TT,TC,GN,GG,NT,TC,CC,CC,GG,NN,TT,CC,TT,CA,GG,CG,CT,NT,CC,AC,AA,NN,TC,TT,GG,TT,GA,TT,AA,GG,GG,CT,GG,AA,TC,TA,TT,AA,CC,CC,CC,TC,NN,GG,CC,TT,CC,GA,CC,CT,NN,GG,AG,GG,CC,CC,TG,GG,CC,CA,GA,AT,GG,GG,CC,NN,AA,NN,TT,AA,GT,AG,AA,AA,CC,AA,CC,CT,CN,NN,TN,CC,CC,TT,AG,NN,AA,AA,TC,AG,AG,CC,AA,CC,NN,AA,CA,GN,CC,GG,TT,AA,NN,GG,CC,AC,TT,CA,GG,GG,GG,AG,CC,TT,CT,AA,CC,AA,GG,GG,CC,CC,GG,TA,NA,CC,TT,AA,CG,CT,AA,NN,GG,AA,TT,CC,NN,CG,TG,AA,GG,TT,AA,TT,GG,AA,NN,AA,CC,GA,TT,NG,AA,AA,TT,GG,GG,TA,AA,AA,CN,CC,AA,NN,AA,GG,CT,CT,TT,GG,GG,CC,GG,AA,GG,AG,AG,TT,AA,AA,GG,AA,CN,AG,CC,GG,CC,CT,NN,CT,CN,CC,AC,CC,GA,AG,TT,AG,TC,AA,AA,TC,NN,NC,CC,AG,TT,AA,CC,AA,TT,GG,AA,CC,GG,CC,CC,CC,GG
Italy,,,,NA20521,,NN,CC,CA,TT,TT,GG,TT,TG,CC,CN,NN,GG,TC,CT,GG,TT,AG,GG,AG,CC,CC,AA,GG,TT,GG,CN,TT,AG,CT,CA,NT,CC,CN,AG,GG,GG,AA,AG,CA,AA,TC,CC,TC,AN,TC,NN,CC,AA,CC,CC,CC,AA,GA,AA,AA,CT,GG,TT,GG,GG,TT,GG,TT,GG,CC,CG,AG,NA,CT,CC,TT,NN,AN,NC,AA,CC,TT,AA,AA,GG,GG,CC,CC,AA,AA,CC,TT,GG,AT,TT,CC,NN,TN,GG,GG,CT,AG,GG,TC,AC,AG,AA,TT,NC,TT,GG,AA,GG,GA,AG,NC,CC,GG,TC,TT,GG,GG,GG,TT,GG,AA,TC,CN,CC,CC,GG,CC,CC,GG,TT,TG,GG,NN,CC,CC,AG,TT,CT,GG,GG,GN,GG,GG,TT,GG,CC,NN,TT,CC,GG,AA,CC,GG,CC,CC,TT,AA,TG,AG,AA,GT,TT,AG,CC,TN,CC,GG,TT,TT,AA,AA,TT,CC,TG,CC,TT,AC,GT,GA,TT,GT,CC,AG,GG,AA,CC,AG,GG,AG,NT,TT,CT,CT,TT,AG,TT,NN,AA,GA,GG,GA,GG,CC,TT,CC,GG,AA,AA,AA,AG,GG,GG,CC,TT,TT,AG,CC,CT,AA,AA,TT,AG,NT,TT,CC,AG,CC,AA,TT,CC,AA,GG,GG,AA,TA,GG,TG,CC,GG,CT,GA,GT,TG,TG,GA,TT,TT,NN,TT,TA,CC,TT,GT,TN,GA,TT,AA,GG,TT,CC,GG,GG,GA,TT,TT,GT,CC,GN,GG,TN,TT,CA,TT,AG,NC,TT,CC,TC,AA,AA,CG,TT,TN,TC,AA,AA,NC,CC,TT,GT,TN,GG,TC,AA,AG,AG,CC,AG,AA,CC,TT,TG,AA,CT,CT,TC,CC,NN,CC,CC,TC,CC,GA,CA,CC,NN,GG,AA,GG,TC,CC,TG,AA,CC,AA,AA,AA,GG,GG,CC,NA,AG,NA,TT,AA,GT,GG,AG,AA,CC,GG,CC,TT,NN,NN,NT,GC,TT,GG,GG,NG,AA,GA,TC,GG,AG,CC,AC,CC,NN,AA,CC,NN,CC,GG,TT,AA,NN,GG,TT,AA,TT,CC,GG,GG,AA,GG,CC,AA,TC,AA,CC,AA,GG,GG,CC,GC,GG,TT,NA,CT,CT,GA,GG,TT,NN,GN,GA,AG,TT,CC,NN,CG,GT,AA,AG,TT,AA,TT,GT,AA,NN,AA,CC,GG,CC,NN,AA,AA,TT,GA,CG,AT,AC,AA,NC,CT,AT,NN,AG,GG,CC,TT,TC,AG,GG,CT,GG,AA,GG,GG,AA,CT,AA,CA,GG,TT,NC,AG,CC,AA,CC,CC,NN,CC,NN,NN,AC,CT,GA,AA,CT,GG,CC,AA,AA,CC,NN,CN,CC,AA,CC,AT,CC,GG,TT,GG,TT,CC,GG,CC,CC,CC,GG
Italy,,,,NA20522,,NN,CC,AA,TT,TT,GG,TC,GT,CC,CC,NN,GG,CC,TC,CC,CT,GA,GG,AA,CC,CC,AA,GG,TC,GA,CN,GT,GG,TC,AA,NT,TC,NC,AG,TG,AA,AG,GA,AA,AG,TT,CC,CC,AN,CT,NN,CC,AA,CC,CC,CC,AA,GG,AC,GA,CC,GG,TT,GG,GG,TC,GG,TT,GC,TC,GG,AG,AA,TT,CC,TT,NN,AN,NN,AA,TC,TT,AA,AA,GG,AG,CC,CT,AA,AA,TC,GG,GA,AA,TT,CT,NG,NT,GG,AA,CT,AG,GG,CC,AA,AG,AG,CC,NN,TT,GG,AC,GG,GG,AA,CN,CC,GA,TT,GT,GG,AA,GG,TC,GG,AA,TC,NC,CC,CC,GG,CT,CG,GA,TT,GG,GG,NN,CC,CC,AA,TT,CC,GG,AG,NN,GG,GA,TT,GG,CC,NN,TT,CC,TG,AG,CC,GG,CC,CC,TT,AA,TG,GG,AA,GG,CT,AG,CC,TN,CC,GG,TC,CC,GA,GA,TT,TC,TT,CC,AT,AA,TT,GG,TT,TG,CC,GA,GA,AG,NN,AG,GG,GA,TN,TT,CC,CT,TT,AA,TT,NG,AA,GG,GG,GG,GG,TC,GT,CC,GG,AG,AA,AA,GA,GA,GG,AA,TT,TC,GG,CC,TC,AA,AA,NT,GA,TT,TG,CC,AA,CT,AA,TT,CC,AA,GG,GG,AA,AA,GG,GG,CC,GG,CC,AA,TT,TG,TT,GA,TT,TC,NA,TN,AT,CC,TT,GT,NN,GA,TT,AA,GG,TG,TC,GG,GG,GG,NT,CT,TG,TT,GN,GG,TT,TC,CC,CC,AA,NN,TT,CC,TC,CC,AA,CC,TC,TT,CC,AA,AA,CN,CC,TT,GG,TN,AA,TT,AG,AA,AG,TT,GG,AA,CT,TT,TT,AA,CC,CT,CC,TT,NA,CC,CC,TT,CC,AG,CC,CC,NN,GC,AA,AA,CC,CC,TG,AA,CC,CA,AA,TA,TG,GG,CC,NA,AG,NA,TT,AA,TG,GA,GA,AA,CC,AA,CC,CT,NN,NN,TN,CC,CT,TG,GG,NN,AA,AG,CT,GA,GG,CC,CA,CC,NN,AC,CC,NN,CC,TG,TT,AA,NN,GG,CC,AA,AT,CA,GG,GG,GA,GG,CC,TA,TT,AA,CC,GA,GG,GG,CC,GC,AG,TT,AN,TC,TT,AG,GG,TC,NN,GN,GG,AA,TC,CT,NN,GC,TT,AA,AG,TC,GA,CT,TG,AA,NG,AA,CT,GG,CT,NN,AA,AG,TT,GG,GG,AA,CA,GA,CN,TC,AT,NN,GA,GA,TC,TT,CT,GG,GG,TC,GG,AA,GG,GG,GA,TT,AA,AA,GA,AT,CN,AA,CT,AA,CC,TT,NN,TC,CN,CC,AA,CT,AG,AA,TT,AG,TC,AA,AN,CC,NN,CN,CC,AA,TC,AT,CC,GG,TN,GG,AT,CC,GG,CT,CA,CC,GG
Italy,,,,NA20524,,AN,CC,AC,TT,CC,CG,TT,GT,CC,CN,NN,GG,CC,CC,GG,TC,GG,CG,AG,CC,CC,AA,TG,TT,GG,CN,TT,GG,CC,CA,NN,CC,NN,GA,TT,GG,AA,AA,CC,GG,TT,AC,CC,NN,TT,NN,CC,AA,CC,CC,TC,AA,AA,AC,AG,CC,GG,TT,GA,AG,CC,AG,GG,GC,CC,GG,GG,AA,TT,CC,AT,NN,NN,CC,AA,CC,TT,AA,AA,AG,AG,CA,CC,AA,AG,TT,GG,GG,AA,AT,CC,NN,NN,GA,AA,CC,AG,AG,CT,AA,AA,AA,CC,NN,TT,GG,AC,AA,AA,GG,NN,CC,GA,CC,TT,GG,GG,GG,CT,GG,AA,CC,NC,CC,CC,AG,CC,CC,GA,TT,TT,GA,NN,TC,CC,GG,TC,CC,GG,GG,NN,GC,GG,TT,GG,CC,NN,TC,CC,GT,AA,TC,CG,CC,TT,GT,AA,GT,AG,AA,GT,TC,AA,CC,TN,CG,GA,TC,CC,GA,AA,CT,CC,TT,CC,TT,CA,GT,GG,GT,GG,CC,GG,GG,AA,NN,AG,GG,AG,TN,TT,TT,CC,TT,GG,CC,GN,AA,GG,GG,GG,GG,TT,GT,CC,GG,AA,AA,GA,AA,GA,CG,AA,CC,TT,GG,CC,CC,AA,AA,NN,GA,NN,TG,CC,AA,CC,AA,TT,CC,AA,GG,AG,GG,TT,GC,GG,CT,GG,TC,AA,TG,GT,TG,GA,TT,TC,NN,TN,AT,CT,TG,GT,NN,GA,TT,AA,GG,TT,TC,GG,AG,GG,TT,TT,TT,TT,GG,GG,TN,TT,AC,TC,GA,NN,TT,CC,TT,AA,GG,GC,TC,TT,CC,AA,AA,NN,CC,TT,GG,NN,AA,CT,AA,GA,GA,CC,GG,AA,CC,AT,TT,AA,TC,CC,TC,TC,AN,GG,CG,TT,CC,GA,CA,CC,NN,GC,AA,AA,CC,CC,GT,AA,CC,CA,AA,AT,GG,GG,CC,NN,AA,AN,TT,AA,TG,GG,GA,AA,CC,AG,CC,TT,NN,NN,NN,CG,TT,GG,AG,NN,AA,AG,TC,GG,AG,GG,AC,NC,NN,AA,CA,GN,CC,GG,TT,AA,NN,GG,CC,AA,TT,AC,GG,TT,AG,GG,CT,AA,TT,AA,CC,GA,AG,GG,TC,CG,GG,TA,AN,CT,CT,GA,GC,TC,NN,GG,GA,AA,CT,TC,NN,GC,TT,AA,AG,TT,AA,TT,GG,AA,NN,AA,CC,GG,TC,NN,AA,AG,TT,GG,GG,AA,AA,AA,CC,CC,TA,NN,AA,GG,CC,TC,CT,GG,GG,CC,GG,GA,GA,AG,AG,TT,AA,AA,AG,TT,CN,AG,CC,GG,CC,CC,NN,TC,NC,CN,AA,CT,AA,AA,TT,AG,TC,AA,NA,TC,NN,NN,CT,AA,CC,AA,CC,AG,TT,GG,AT,CC,GG,TT,CC,CC,GG
Italy,,,,NA20525,,NA,CC,CC,TT,TT,GC,TT,GG,TT,CC,NN,GG,CC,TC,GG,CT,AA,GG,AG,CC,CC,AA,TG,TT,GG,CC,TT,GG,CC,CA,TT,CC,NN,AA,GG,GG,AG,GA,CA,GG,CC,CA,CC,NN,CC,NN,CC,AA,CC,CC,TT,AA,GG,CC,GG,CC,AG,TT,GA,GG,CT,GA,TG,CC,CC,GG,GG,AN,TT,CC,TT,NN,NN,CN,AT,CC,TC,AA,GG,GA,AA,CC,CC,AA,AA,CC,GG,AG,AA,TA,TC,NN,NT,AG,AA,CC,AA,GG,CT,AC,GG,GA,TT,NN,TC,GG,AA,GG,GA,AG,NC,CT,AG,TC,TT,GG,GG,GG,TT,GG,AA,CC,CN,CC,CC,GG,TC,CC,GG,TT,TG,AA,NN,CC,CC,AA,TT,CC,GG,GA,NN,GC,GG,TT,GN,CC,NN,TT,TT,TT,AA,CC,CG,CC,TC,TT,AA,TG,AA,AA,TG,CT,AA,CT,TT,CC,AG,TC,TC,AG,AG,TT,CC,TT,CC,TT,CC,GT,GA,GT,GG,CC,GA,GG,GA,CC,AA,GG,GG,NT,CT,TT,TC,TT,GG,TT,NN,AA,GG,GG,AG,GG,TT,TT,CC,GA,AA,AA,AG,GA,AG,GC,AC,TC,CC,GA,CC,CC,AC,AA,NT,AA,NT,GG,CT,AA,TT,GA,TT,GG,AA,GG,GG,GA,TT,GC,GG,CC,AG,CC,GG,TG,GT,TG,GG,CC,TC,NA,TN,AT,CT,TG,GT,NT,AG,TT,AG,GG,TG,CT,TG,GA,GG,NT,CT,TG,TT,GG,GG,NT,CC,CC,CC,AG,NN,TT,CC,CC,AA,GG,CC,CC,TT,TT,AA,AA,NN,CC,TT,GG,NT,AA,TT,AG,GG,GA,CC,AG,CA,CT,TT,TT,AA,TC,CC,CC,CC,AN,GG,CC,TT,CC,GG,CC,CT,NC,GG,AG,AA,CC,CC,GG,AA,CC,AA,AA,AA,GG,GA,TC,NA,AG,NA,CT,AA,TG,GG,GA,AA,CC,GA,GC,CT,NN,NN,NN,CG,TT,TT,GG,NN,AG,AA,TT,GG,AG,CC,AA,CC,TN,CA,CC,NN,CC,GG,TT,AA,NN,GG,CC,AA,TT,CC,GG,GG,GG,GG,CC,AA,TC,AA,CN,AA,AG,AG,CT,CC,GG,TT,NN,CT,TC,GA,GG,TC,NN,GG,GG,AA,CT,TC,NN,GC,TT,AA,AG,TC,GG,CC,GG,AA,NN,AA,CC,AG,TT,GN,GA,AG,TT,GG,CG,TA,CA,GA,NN,CC,AA,CC,GG,GG,TT,TT,CC,GG,GG,TC,GG,GG,GG,AA,AA,TT,AA,AC,AG,AT,CN,AA,CC,GA,CC,TC,NN,CC,CN,NC,AA,CC,AA,AA,TT,GA,TT,AA,NN,TT,NG,NC,CC,AA,TC,TA,CC,GG,TT,GG,TT,CC,GG,CC,AC,CC,GG
Italy,,,,NA20527,,AN,CC,CC,TT,TT,CG,TT,TT,CC,CN,NN,GG,CC,TT,GC,TT,AA,GG,GA,CC,CC,CA,GG,TC,GA,CC,TT,GG,CC,CC,NN,TC,NN,AA,TG,GG,AA,GG,AC,GA,CC,CA,CT,NN,TT,NN,CT,GA,CC,CC,TT,AA,GG,AC,GA,CC,GA,GT,AA,AG,CT,GG,GG,CC,CC,GG,AG,AN,TT,CC,TT,NT,NN,CN,AA,CC,CC,AA,GA,GG,GG,CC,CC,AA,AG,CC,GG,GG,TA,TT,CC,NN,TN,AG,GG,CC,AA,GG,CC,AA,GG,AA,CT,NN,TT,GG,CA,AG,AA,AA,NN,CC,GA,CT,TT,GG,GA,GG,TT,GC,AA,TT,NN,CC,CC,GG,CC,CG,AA,TT,GG,GG,NN,CC,CC,GA,TT,CC,GA,AG,NN,CC,AG,CT,GG,CC,NN,TT,CT,GT,AA,TT,CC,CC,TC,TT,AT,GT,AA,AA,GG,CC,AA,CT,NT,CC,GG,TC,CC,GA,AG,TT,CC,TT,CC,TT,AA,TT,GA,TG,GG,CC,GG,AG,AA,NC,GA,GG,GG,NT,TT,TC,TC,TN,GA,CC,NN,AA,GG,GG,AA,GG,TC,GG,CC,GG,AA,AA,AA,AA,GG,CG,AC,TC,CC,GG,CC,TT,AA,AA,TT,AG,NN,GG,CC,GA,TC,AA,TT,CC,AA,GG,GG,AA,TT,GC,GG,CT,GA,CC,AG,TG,GT,TT,GA,TC,TT,NN,TN,AA,CT,TG,TT,NN,GG,TC,AG,GA,GG,CC,TT,AA,GG,TT,TT,TT,TT,GG,AG,TT,TT,CC,CC,GG,NN,TC,TT,TT,AA,AG,GC,TC,TT,TT,AA,AA,NN,CC,TT,GG,TN,GG,CC,GA,GA,GA,TC,GG,AA,CC,AA,TT,AA,CC,CC,CC,TC,AN,CG,CC,TC,TC,AA,CC,TT,NN,GG,AA,AG,CC,CC,TG,GA,CC,CA,AA,AA,TT,GG,CC,NN,GG,AN,TT,AA,GT,AG,AA,AA,CC,AG,CC,TC,NC,NT,NT,GC,TC,GG,AG,NN,AG,AA,TT,GG,GA,GG,AA,CC,NN,CC,CC,NN,CC,GG,TT,AA,NN,GG,CT,AA,TT,AA,GG,GG,GG,GA,TC,AT,TC,AA,CC,AG,GG,GG,TC,GG,GG,TT,NN,CT,CT,GG,GG,TT,NN,GN,GG,AG,CC,TT,NN,GC,GT,AA,AA,TT,AA,TT,GG,AA,NN,AA,CC,GG,CT,GN,AA,AG,TT,GG,GC,AT,AA,GG,CN,CC,AT,NN,AA,GG,CC,TT,CC,GG,GG,TT,GG,AG,GG,GA,GA,CT,CA,AA,GA,AA,NN,AA,CC,GG,CC,CT,NA,CC,NC,CN,AC,CC,AA,AG,TT,GG,TT,NA,NN,CT,NN,NC,CC,AA,CT,TA,CC,AA,TN,TG,TT,CC,GG,CC,CC,CC,CG
Italy,,,,NA20528,,NA,CC,CC,TT,TT,GC,TT,GT,CC,CC,NN,GG,CC,CC,GC,TT,GA,GG,GG,CC,CC,CA,GG,TC,GG,CC,GT,GG,CC,AA,NN,CC,CN,AA,TT,AG,GG,GG,CC,GG,CT,AA,CT,NN,CT,NN,CC,AA,CN,CC,CC,AA,AA,CA,AG,TC,AG,TT,GA,GG,CC,GA,GG,GG,CC,GG,GG,AA,TT,CC,TT,NN,NA,CC,AA,CC,TT,AA,AA,GG,GG,CC,CC,AA,GG,CC,GG,GA,AA,TT,CC,NN,NT,GG,GG,CC,GG,GG,CC,AA,GG,AA,TT,NN,TT,AG,AA,GA,GG,GA,CN,CC,AG,CC,TT,GG,GG,GG,TT,GG,AA,CC,NN,TC,CC,GG,CC,CC,GG,TG,TG,AG,NN,TT,CT,AA,TT,CC,AG,GA,NN,CG,GG,TT,GG,CC,NN,TT,CT,GG,AA,CC,GG,CC,TC,TT,AA,GG,AA,AA,GG,CC,GA,CC,TN,GC,GG,TT,CT,GA,AA,TT,TC,TG,CC,TA,AA,GT,GG,TT,GG,CC,GG,GG,AA,NC,GA,GG,GG,NN,TT,TT,CC,TN,GA,TT,NG,AA,GG,GG,GA,GA,TC,TG,CC,GG,AA,AA,GA,AA,GG,GG,CA,TC,TT,AG,CT,TT,AA,CC,NN,AG,NN,GT,CC,AG,TC,AA,TT,GG,AA,GG,GG,AA,TT,GG,GG,CC,GA,CC,GA,TT,TG,TG,GG,TT,TT,NN,TN,AT,CT,TT,GT,TT,GG,TT,AG,GA,TG,CT,GT,GG,GG,NT,TT,GG,TC,GN,GA,TN,TC,CA,CT,GG,NN,TC,CC,TT,AA,AG,GC,TC,TT,TT,AA,GA,NN,CC,TT,GG,NN,AA,TC,AA,GG,AG,CT,GG,AA,TT,TA,GT,NA,CC,CC,CC,TC,NN,GC,CC,TT,TC,GG,AC,TC,NN,GG,GA,AA,TC,CC,TT,AA,TC,AA,AA,AT,GG,AA,CC,NN,GA,NA,TT,AT,GT,GG,GA,AA,CC,GA,CC,TC,NN,NN,NT,GC,TT,TG,GG,NN,GG,AA,CT,AA,AA,CC,AA,CC,TT,CA,CC,NN,CC,GG,TT,AA,NN,GG,TT,AA,TT,AA,AG,GT,AG,GG,CC,TA,TT,AA,CC,AA,GG,GG,CC,GC,GG,TA,NN,CC,CT,AG,GG,CT,NN,GG,GG,AA,TT,CT,NN,CC,TT,AA,AG,CT,AA,TT,GT,AA,GN,AA,CC,GA,TC,NN,AA,AG,TT,GA,GC,AA,AA,AA,NN,CC,AA,NC,GG,GG,CC,TT,CC,GG,GG,TC,GG,AG,GG,AG,AA,CC,AA,AC,AA,TT,CN,AA,CC,GA,CC,CC,NN,CC,NC,CN,AC,TC,GA,AA,CT,AA,TT,AN,AN,TC,NN,CN,CC,AA,CT,TA,CC,GG,TT,GG,TA,CN,GG,CT,CC,CC,CG
Italy,,,,NA20529,,AN,CC,CC,TT,TT,GC,TT,TG,CT,NC,NN,GG,CC,CC,CG,CT,AA,GC,AA,CC,CC,AA,TG,TT,GG,CN,TT,GG,CC,AA,TT,CC,NC,AA,TG,GG,AA,AG,CA,AG,CT,AC,CC,NA,TT,NN,CT,AA,CC,CC,CT,AA,AG,AC,GG,CC,GG,TT,GG,GG,TC,AG,GG,CC,CC,GG,GG,AA,TT,CC,TT,NN,NN,NN,AA,CC,CC,AA,AA,GG,GG,CC,CC,AA,AA,CC,GG,GG,AA,TT,CT,NN,TN,GA,GA,CC,AA,GG,CC,AA,GG,AA,TT,NN,TT,GG,AA,AA,GA,GG,NN,CC,GA,TC,TT,GG,GG,GA,TT,GC,AA,CT,NN,CC,TC,GG,CC,CC,GG,TT,GG,GG,NN,TT,CC,AA,TT,TC,AA,GG,NN,GC,GG,CT,GG,CC,NN,TT,TT,GT,AG,CC,GC,CC,CT,GT,AA,GT,AA,AA,GG,CT,AA,CT,TN,CG,GG,CC,TT,GG,GA,TT,CT,TT,CT,TT,AA,TG,GG,TT,GG,CC,GG,GG,AA,CN,AA,GG,GG,NN,TT,TC,CT,TT,AG,TT,NG,AA,GG,GG,GA,GG,TT,TG,CT,GG,AA,GA,AA,AG,GG,GG,CA,TT,TC,AA,CC,CC,CA,AA,TN,AA,NT,GG,CC,AA,TT,GA,TT,GC,AA,GG,AG,AG,AT,GG,GG,TC,GG,CC,AA,TT,GG,TT,AG,TC,TC,NN,NT,AT,CC,GT,TG,TT,GG,TT,AA,GG,TT,CC,TG,GA,GG,TT,TT,GT,TC,GG,GG,TT,CC,CA,CC,GA,NN,CT,CC,CT,AC,GG,CC,CT,TN,CT,AA,AA,NN,CC,TT,GG,TN,AG,TC,AA,GG,GG,CT,GG,AA,CC,TA,GT,AA,CC,CC,CC,CT,NA,CC,CG,TT,CC,GG,CC,CC,NN,CC,AA,GG,TT,CC,GG,AA,CC,AA,GG,AA,GG,GA,CT,NN,AA,AN,CT,AA,TG,GG,GG,AA,TC,AA,CC,CT,NN,NN,TN,CG,TT,GG,AG,GN,AA,AG,CT,GG,AG,CG,AA,NC,TN,CC,CC,NN,CC,GG,TT,AA,NN,GG,CC,AA,TT,CA,GG,GG,GA,GG,CT,AA,TT,AG,CC,GA,GG,GG,CC,GC,GG,TT,NA,CC,TT,GG,GG,TT,NN,GG,GG,AA,TT,CC,NN,CC,TT,AA,AA,TT,AA,TT,TT,AA,GN,AA,CC,GG,CC,NG,AA,GG,TC,GG,GG,AA,AA,GA,NC,CC,AT,NC,GA,GG,CC,TT,CT,AG,GG,CT,GT,AG,GG,AA,AA,TC,AA,CA,AA,TA,NC,AA,CC,GG,CC,CC,NN,CC,CN,CN,AA,TC,AA,AA,TT,AA,TC,AA,NA,TT,GN,NN,CC,AA,TT,TA,CC,AG,NT,GG,TT,CC,GG,CC,CC,CC,GG
Italy,,,,NA20530,,NA,TC,CC,TT,TC,GG,TT,TG,CC,NC,NN,GG,CC,CC,GG,TT,AA,GG,AG,CC,CC,AA,GT,TT,AA,NN,TG,GA,CC,AC,NN,CC,CC,AA,TT,GG,AG,GA,CC,GG,TC,CA,CT,NN,CC,NC,CC,AA,CN,CC,TC,GA,AG,CC,AA,CC,GG,TT,GA,GG,TT,AG,TG,CC,CC,GG,GG,AA,TT,CC,TA,NT,NN,NN,TA,CC,CC,GA,GG,AG,GG,CA,CC,AA,AG,TC,GG,GG,AA,AT,CC,NN,NN,GG,GG,CC,AA,GG,CC,AA,GG,AA,TC,NN,TT,AG,AA,GA,AG,GG,CN,TT,AG,TT,TT,GG,AG,GA,CT,GG,AA,TC,CN,CT,CC,GG,CC,CC,GG,TT,TG,GG,NN,TT,CC,AA,TT,CC,GA,AG,NN,GC,GG,TT,GG,CC,NN,TT,CC,GG,GA,CC,GC,CC,TT,GG,AA,TT,AA,AA,GG,CT,AA,TC,NN,CC,AG,TC,CC,AG,AA,TT,CC,TT,TT,TT,AA,TG,AA,TG,GG,CC,GG,AA,AA,CN,AA,GG,AG,NN,CT,CT,TC,TT,GG,TT,NN,AA,GG,GG,AG,GG,CT,GT,CC,GG,AA,AA,AA,GG,GA,GC,AC,TC,CT,GG,CC,TC,CA,AA,NT,AA,NT,TG,TC,AA,TC,AA,GT,CC,GG,GG,GG,AA,AA,CG,GT,TC,GG,CT,AA,TT,TG,GT,AA,CT,CT,AN,NN,AT,CC,TT,TG,TT,GG,TT,AA,GG,GT,CC,GG,AG,GA,NT,CT,TT,TT,GG,GG,TT,TT,CA,CC,AG,NN,TC,CC,TT,CA,GA,CG,TT,TT,TT,AC,AA,NN,CC,CT,GG,TT,AA,TT,AG,GA,GA,CC,GA,AA,TC,TT,TT,AA,CC,CC,CC,TC,AN,CC,CC,TT,TC,GG,CA,CC,NN,GG,AG,AA,TC,CC,TG,AA,CC,AA,AA,AA,TG,GG,CC,NA,AA,NA,TT,TA,TG,GG,GG,AA,CC,AA,CG,CT,CN,NN,TT,CC,CC,TT,GA,NN,AG,AA,CC,GA,AG,CC,CA,CN,NN,AA,CC,NN,CC,GG,TT,AN,NC,GG,TC,AA,TT,AA,AG,GG,GG,GG,CC,AA,CC,AA,CC,AA,GG,GG,CC,GC,GG,AT,NN,CT,CT,AA,GC,CC,NN,GN,GG,AA,TC,CT,NN,GG,TT,AA,GA,TT,AA,TT,GG,AA,NN,AA,CC,GA,TC,NN,AA,AA,TT,GG,GG,TA,AA,GA,NC,CC,AA,NN,AG,GG,CT,TT,CC,GG,GG,TC,GG,AA,GG,AG,GA,TT,AA,CA,GA,TT,CC,AG,CC,GG,CC,CC,NN,CT,NC,CN,AA,CT,AG,AA,TT,AA,CT,AA,AA,TC,NG,CN,CC,AA,CC,TA,GC,GG,TT,GG,TT,CN,GG,TC,CC,CC,GC
Italy,,,,NA20531,,AN,CC,CA,TT,TT,GG,CT,TT,TT,CC,NN,GG,CT,CC,CG,CT,GG,GC,AG,CC,CC,AA,TG,TT,AA,NN,GG,GG,CC,AA,TT,CC,NC,AA,GT,GG,AG,GA,CC,AG,CC,AC,CC,NN,TC,NN,CC,AA,CC,CC,CC,AA,AA,CC,GA,TT,GG,TT,GA,GG,TT,GG,GG,CC,CC,GG,AG,NA,TT,CC,TA,NN,NN,CC,TA,CC,TC,AA,AA,AG,GG,CA,TC,CA,AA,CT,GG,GG,AA,AT,CC,NN,NN,GG,GG,CC,AG,GG,CC,AC,GG,AG,TC,NN,TT,GG,AA,AG,AA,AG,NC,CC,GA,CC,TT,GG,GA,GG,TT,GG,AA,CC,NN,CC,TC,GG,CC,CC,AA,GT,GG,GG,NN,CC,CC,AA,TT,CC,AG,GA,NN,GG,AG,TT,GG,CC,NT,TC,CC,TG,AA,CC,GC,CC,CT,TT,AA,GG,GA,AA,TG,CC,AA,CC,TT,CC,AG,TC,CC,AG,AA,TT,CT,TG,CC,TA,AC,GT,AG,TT,GT,CC,GG,GG,AA,CN,GA,GG,GG,NN,TT,TT,CT,TT,GG,TT,NG,AA,GG,GG,GA,GG,TC,GG,CC,GA,AA,AA,AA,AA,GG,CG,CA,CT,CT,AG,CC,CT,AA,AA,NT,AG,NT,GG,TC,AG,TT,AA,TT,CG,AA,TG,AA,GA,AT,GC,TG,CT,AG,CC,AA,TT,GG,TG,AA,CC,TC,NN,TN,TA,CC,TT,GT,NT,GA,TT,AA,GG,TG,TC,GG,AG,GG,NT,CT,TG,TT,GN,GG,NN,TT,AC,CC,AA,CN,TT,CC,TT,CC,GG,CC,TC,TT,CC,AA,AA,NN,CC,TT,GG,TN,AA,TT,GA,AG,AA,CC,GG,AA,CT,TA,TG,AA,CC,CC,CT,TC,NN,CC,CC,TT,CC,GA,CC,CC,NC,GG,GA,AA,CC,CC,GT,AA,TC,AC,AA,TT,GT,GG,CC,NN,AG,AA,TT,TA,GG,GA,GA,GG,CC,AG,GG,TT,NN,NN,NT,GC,TC,TT,GG,NN,AA,AG,TT,AG,AA,CG,AA,CC,TN,AC,CC,NN,CC,GG,TT,NN,CC,GG,CT,AA,TT,CA,GG,GG,GG,AG,CC,TT,CT,AA,CC,AG,GA,GA,CT,CC,GG,TT,AN,CC,CT,AA,GG,TT,NA,NN,GG,AA,CT,TC,NN,GC,TT,AA,AA,TT,GA,TT,TG,AA,NN,AA,CC,AG,TC,NG,AA,AG,TC,AG,GG,AA,AA,AA,NC,CC,TT,NC,GA,GG,CC,TT,CT,AG,GG,CT,GT,AG,GG,GA,AA,TT,AC,AA,GG,AA,CC,AA,CT,GG,CC,CC,NN,CC,NC,NC,AA,CC,AA,AA,TC,GG,CC,AA,AA,CC,NN,NC,CC,AA,TC,TA,CC,GA,TT,GG,AT,NC,GG,TC,CC,CC,GG
Italy,,,,NA20532,,AN,CC,CA,TT,CT,GC,TT,TG,CC,CN,NN,GG,CC,CC,GG,TT,AA,GC,GA,CC,CC,AA,GG,TT,AG,NN,TG,GG,CC,AA,TT,CC,CC,GG,TG,GG,GA,AA,CA,GA,CC,CA,CC,NN,CT,CN,CC,AA,CC,AC,CT,AA,GG,CC,AG,CC,GG,TT,AG,AG,TT,GG,GG,CG,CC,GG,GG,AA,TT,CC,TT,TN,NN,CN,TA,CC,TT,AA,GA,GA,AG,CC,CC,AA,AA,CC,GG,GG,AA,TT,TC,NN,TN,GG,GA,CC,GG,GG,TC,AA,GA,AA,TT,NN,TT,GG,AA,AA,GA,GG,NN,CC,GG,TT,GT,GT,GG,GG,TT,GG,AA,CC,NN,CC,CC,GG,CC,GC,GG,TT,TG,GG,NN,TT,CC,AA,TT,CC,GA,AG,NN,CG,GG,TT,NG,CC,NN,TT,TC,TG,AG,CC,GC,CC,TT,TT,AA,GT,AA,AA,TG,CT,AA,CT,NT,GC,AA,CC,TC,GG,AA,TT,CC,TT,CT,TT,CA,TG,AG,TG,TG,CC,GG,GG,AA,NN,AA,GG,GA,NN,TT,TT,CT,TT,AG,TT,NN,AA,GA,GG,GG,AG,TC,TT,CC,GA,AG,AA,AA,GG,GG,GC,AA,CC,TC,GA,CT,CC,AA,AC,TN,AA,NT,TG,CT,GA,TC,AA,TT,CG,AA,GG,GG,GG,AA,GG,GT,CC,GG,CC,AA,TT,GT,GG,GG,TT,CC,NN,NT,AT,CC,TT,GT,NN,AA,CC,AA,GG,GG,TT,TG,GG,GG,TT,TT,GG,CT,GG,AG,NN,TT,CC,CC,AG,NN,TT,CC,CC,AA,GG,CC,TC,TT,CT,AA,AA,NN,CC,TT,TG,TN,AG,TT,GA,GA,GG,TC,GA,AA,TC,AA,TG,AA,CC,CC,CT,TT,AN,GC,CC,TT,CC,AG,CC,CT,NC,GG,AA,AA,CC,CC,GG,AA,CT,AA,AA,AA,GG,GG,CC,NN,GG,NA,TT,AT,TG,GG,AA,AA,CC,AA,CG,TT,CC,NT,TN,CG,CT,GG,AG,NN,AA,AA,TT,GG,AG,CC,AA,NC,NT,AA,CC,NN,CC,GG,TT,AA,NN,GA,CC,AA,TT,AC,GG,GT,GG,GG,CC,TA,CT,AA,NC,AG,GG,GG,TC,GG,GG,TT,NN,CC,CT,AG,CG,TC,NA,GG,GG,GA,TC,CT,NN,GC,GG,GA,GA,TT,AA,TT,GG,AA,NG,AA,CC,GA,CT,NN,GA,AA,TT,GG,GG,TA,AA,AG,NN,CT,TA,NN,AG,GG,CT,TT,CC,GG,GG,CC,GG,AA,GG,AG,AA,TT,AA,CA,GG,TT,NC,AG,CC,GG,CT,CC,NN,CC,NN,CN,AA,CC,AA,AA,TT,AG,CT,AA,AA,CC,NN,CN,CC,AG,CC,AA,CC,GG,NT,GG,TT,CN,GG,CT,CC,CC,GG
Italy,,,,NA20533,,AN,CC,AC,TT,TT,CG,TT,GT,CC,CN,NN,AG,TC,CC,GG,TC,AA,CG,AA,CC,CC,AA,GG,TT,GA,CC,GG,GG,CC,AC,NN,CC,NC,AA,GT,GG,GA,GA,AA,AG,CC,AC,CC,NN,CT,CN,TC,AA,NC,CC,TT,AA,GA,AC,GA,CC,GG,TT,AA,AG,TC,GG,TT,CG,CC,GG,GG,AA,TT,CC,TT,NN,NN,CN,TA,CC,TC,AA,AA,GG,AG,CC,CC,AC,AA,CC,GG,GG,AA,TT,CC,NG,NN,GA,GA,CC,AG,GG,CC,AA,GG,AA,CT,NN,TT,GG,AA,AA,AA,GG,NN,CC,AG,TT,TT,GG,GG,AG,CT,GG,AA,CC,NN,TC,CC,GG,CT,CC,GG,GT,GG,GG,NN,CC,CC,AA,TT,CC,AG,AA,GN,CG,GG,TT,GG,CC,NN,TT,CC,GT,AA,CT,GC,CC,TT,TT,AA,GG,AA,AA,GG,CC,AA,CC,TT,CC,GG,CC,CC,GG,GG,TT,CC,GT,CC,AT,AA,TT,GA,TT,GG,CC,GA,GG,AA,CC,GA,GG,AG,TN,TT,CC,TC,TT,GG,TT,NN,AA,GA,GG,AA,GG,TT,TT,CC,GA,AA,AA,AA,GA,AG,GG,CA,TC,TC,GA,CC,CT,AA,CA,NT,AG,NN,TT,CC,AA,TC,AA,TT,CG,AA,GG,GG,AA,TA,GG,GT,TC,GG,CT,GG,TT,TG,GG,AG,TT,TC,NA,NT,TA,CC,TT,GT,NT,GG,TT,AG,GG,GT,CC,GG,GG,GG,TN,TC,TT,TC,GG,GG,TT,TT,CA,CC,GA,NC,TT,CC,TC,CA,GG,CC,TT,TN,TC,AA,AA,CN,CC,TT,GG,NT,GG,CC,AA,GG,GG,CC,GG,AA,CC,TT,TT,AA,CC,CC,CC,TC,AN,CC,CC,CT,CC,AG,CC,CT,CN,GG,GA,AA,TC,CC,GG,AA,CC,AA,AA,AA,GG,GA,CC,AN,AG,AN,TT,AA,GT,GA,AG,AA,CT,AG,GC,CT,CN,TN,NN,CG,TT,GG,GG,NN,AA,GA,TT,AG,AA,CC,AC,CC,TN,CC,CC,NN,CT,GG,TT,AA,CN,GG,CC,AA,TA,CA,GG,GG,GG,AG,CC,TA,TT,AA,CC,AA,GG,GG,TC,GC,GG,TT,NN,TC,TT,AA,GC,TC,NN,GG,GG,GA,CT,CC,NN,CG,GT,AA,AA,TT,GA,CC,GG,AA,NG,AA,CC,AG,CT,NN,AA,GA,TT,AA,GG,AA,AA,AA,NC,CC,TA,NN,AA,GG,CC,TT,TC,GG,GG,CC,GG,AG,GA,GG,AA,CT,AA,AC,GG,TT,CC,GA,CC,GG,CC,CC,NA,CC,NC,CC,CA,CC,GA,AA,CT,GG,TT,AN,AA,CC,NG,NC,TC,AA,TC,AA,CC,AG,NT,GG,TT,CN,GG,CC,CC,CC,GG
Italy,,,,NA20534,,NN,CT,CC,TT,CC,GG,TT,GG,CT,NN,NN,GG,TC,CC,GC,TT,GA,CG,GG,CC,CC,AC,TT,TT,GG,NC,TG,GG,CC,AA,TT,CC,CN,AA,TT,GG,GA,GG,CC,GG,TT,CA,CC,NN,TT,NN,CT,AG,NN,CC,CC,AA,AG,CA,GG,CC,GA,TT,GA,GA,TT,GG,GG,GC,CC,CG,GG,NA,TC,GC,TT,NN,AN,NN,AA,CT,CC,AA,GA,GA,GG,CC,CC,CC,AA,CC,GG,GG,AA,TA,CC,NN,NT,GG,GA,CC,GA,GG,CC,CA,GG,AA,CT,NN,TT,GG,AA,AA,AG,AG,CN,CT,GG,TT,TT,GG,GG,GG,CT,GG,AA,CT,NN,CT,CC,GG,CT,GC,GG,TT,GG,GG,NN,TC,CC,AA,TT,CC,AG,AA,NN,GG,GG,TT,GG,CC,NT,TC,CT,TT,AA,CC,CC,CC,CC,TT,AA,TG,AA,AA,GG,CT,AA,TT,NN,CC,GG,TT,CC,GA,GA,TT,CC,GT,CC,TT,CC,TG,GA,TG,GG,CC,GG,GG,AA,CN,AG,AG,GG,TN,TT,CT,CT,TT,AG,CC,NG,AC,AG,GG,AA,GG,TT,TT,CC,GG,AA,AA,GA,GG,GG,CG,CC,CT,TT,GA,TC,TT,AA,AA,TN,AA,TN,GT,CC,GA,CC,AA,TT,CG,AA,GT,AA,GA,AT,GG,GG,TT,GG,CC,GG,TT,GT,TG,GA,CT,TT,NN,NN,TT,CC,TT,TG,NN,GG,TT,AG,GA,GG,TC,TG,GG,GG,TN,TC,TT,TT,GG,GA,TT,TT,CA,CC,AG,NN,TT,CC,TC,AC,GA,CG,CT,TT,CC,AC,AA,NC,CC,TT,GG,NN,AA,TT,AA,GA,GG,CC,AG,AA,CC,TT,TT,AN,CC,CC,CC,TC,NN,CC,CC,TT,TC,GA,CA,CC,CC,GG,AA,GA,CC,CC,TT,AA,CC,AA,AA,AT,GG,GG,CC,NN,AG,NA,TT,AA,TG,AG,AA,AA,CC,AA,GC,TC,NC,NN,NN,GG,TT,GG,AA,NG,AA,AA,TT,AG,AA,CC,CC,CC,NT,AA,CC,NG,CC,GG,TT,AA,NN,AG,CT,CA,TT,AA,GG,GG,AG,AG,CC,AA,CC,AA,CC,AA,GG,GG,TC,GG,GG,AT,NN,TT,TT,AG,GG,TT,NN,NN,GG,GA,CC,TT,NC,GC,TT,AA,AG,TT,AA,CT,TG,AA,NG,AA,CC,AG,TC,GN,AA,AA,TT,AG,GC,AA,AC,GA,NC,CC,TT,NN,AG,GG,CT,TT,CC,GG,GC,CC,GG,AA,GG,GG,AA,TT,AA,CA,GG,TA,CC,AA,CT,GG,CC,CC,AN,CC,NC,CC,AA,CT,AG,AA,TT,GG,TC,AA,AA,TC,NN,CN,TC,AA,CC,AA,CC,GA,TT,GG,TA,NN,NG,TC,AC,CC,GG
Italy,,,,NA20535,,NN,CC,CC,TT,TC,GG,CT,TT,CC,CN,NN,GG,CC,CC,GG,TT,AA,GG,AG,CC,TC,AA,TT,TT,GG,NC,TT,GA,TC,AC,NN,CT,NC,AA,GT,AA,AA,AA,CC,AA,TC,CC,CC,NN,TT,NN,CC,AA,NN,CC,CC,AA,AG,CC,AG,TC,GG,TT,GA,GA,TC,GA,TG,GG,CC,GG,GG,AA,CT,CC,AT,NN,NA,CC,AA,CC,TT,AG,AG,AG,GG,CA,CC,AA,AA,CC,GT,GG,AA,TT,CC,NN,NN,GA,AA,CC,GG,GG,CC,AA,GA,AA,CT,NN,TT,GG,AA,AA,AA,GG,NC,CC,AG,TC,GT,TG,GG,GA,TC,GC,AG,CC,NC,TT,CC,GG,CC,CC,AG,TT,TG,AG,TN,CC,CC,GG,TT,TC,AG,GG,NN,GG,GA,TT,GG,CC,NN,TT,CC,GG,AA,TC,CG,CC,TT,TT,AA,TG,GA,AA,GG,CC,AA,TC,NT,CG,GG,CT,CC,GG,GA,TT,CC,TT,CC,TT,AC,GG,AG,TT,GT,CC,GG,GG,GA,NN,GG,GG,GG,TT,TT,CT,CC,TT,GG,TT,NN,CA,GG,GG,AA,GG,CC,GT,CC,GG,AA,AA,AA,GA,GG,CC,AA,CT,CT,GG,CC,CT,AA,AA,TN,AA,NN,TT,CC,AA,TC,AA,TT,CC,AA,GG,GG,AG,AA,GG,GG,CT,GG,CC,AG,TT,GT,TG,GA,CC,TT,AN,NT,TT,CC,TT,TT,TT,GG,TT,GG,GG,TG,CC,GG,GG,GG,TT,TT,GG,TC,GG,GG,TT,TT,CC,TC,AG,NN,TC,CC,TT,AA,GG,CC,CC,TT,TT,AA,AA,NN,CC,TT,TG,TN,AA,CT,AG,GG,GG,TC,GG,AA,CC,TA,TT,AA,CC,CC,TT,TT,NN,CC,CC,TT,CC,GA,CC,CC,CC,CG,AA,AG,CT,CC,GG,AA,TC,AA,AA,TA,GG,GG,TT,NN,AG,NA,TT,AA,GT,GG,GA,GA,CC,GA,CG,CT,CN,NN,NN,CG,TC,GT,GG,GN,AA,GA,TT,GG,GA,CC,CA,CC,TN,AA,CC,GN,CC,GG,TT,AA,NN,GG,CC,AA,TT,CC,GG,GG,GG,GG,CT,AA,TC,AA,CC,AG,AG,GG,CT,CC,AG,TT,NN,CC,TT,GA,GG,TC,AN,NG,GA,AG,TT,CC,NN,CC,TT,AA,GA,TT,AA,TT,GG,AA,GN,AA,CT,GG,TT,NN,AA,AG,TT,GG,GG,AA,AA,AA,NN,CT,AT,NN,GG,AG,TT,TT,TC,GG,CG,CC,GG,AA,GG,GG,GA,TC,AA,CA,GG,TT,CN,AA,CC,GG,CC,TT,NA,CC,NC,NC,AA,CT,AA,AG,CC,AG,CT,AA,AA,CT,NG,NC,CC,AA,CT,AT,CC,AA,TT,GG,TT,CN,GG,CC,AC,CC,GG
Italy,,,,NA20536,,NN,CC,AC,TT,CT,CC,TT,TG,CC,NN,NN,GG,CT,CC,GC,CT,AG,GG,AA,CC,CC,AA,GG,TT,AG,NC,TT,GG,CC,CC,NN,CC,NC,AA,GT,GG,AG,GA,CA,AG,CC,AA,CC,NN,CC,NN,TC,GA,CC,CC,TC,AA,AA,CA,GA,CC,AG,TT,GG,GG,TT,GA,GG,CC,CC,GG,GG,AA,TT,CC,TT,NN,NN,CN,TA,CC,CC,AA,AA,AG,GG,CC,TC,AA,AA,CC,GT,GG,AA,TT,CC,NN,NN,GG,GA,CC,AG,GG,CC,AA,AA,AA,TC,NN,TT,GG,AA,GA,AG,GG,NC,CC,AG,TC,TT,GG,GG,GG,CT,GG,AA,TC,NN,CC,CC,GG,CC,CC,GG,TT,GG,GG,NN,TC,CC,AA,TT,CC,AG,GG,NN,GG,GG,TT,GG,CC,NN,TT,CC,GT,GA,CC,GG,TC,TC,TT,AA,GT,AG,TA,GG,CC,AA,CC,TN,CC,GG,CT,CC,GG,GA,TC,TC,TT,CC,TA,AA,GG,AG,TT,GG,CC,GA,GG,AA,CN,AG,GA,GG,NN,TC,TC,CC,TT,AG,CT,NN,AA,GG,GG,GG,GG,TT,TT,CC,GG,AA,AA,AA,AA,GG,GG,CC,CT,CC,GG,CC,TT,AA,AA,TT,GA,TT,GG,TC,GA,TC,AA,TT,CC,AA,GG,GG,AG,AA,GG,GG,TT,GG,CT,GA,TT,GT,TT,AG,CC,TT,NN,TN,TA,CC,TT,TG,NT,GG,TT,GG,GA,GG,TC,TG,GA,GG,TN,TC,TT,CT,GG,GA,TN,TT,AC,CC,GG,NN,TT,CC,CT,AA,GG,CC,CC,TT,CC,AA,GA,NN,CC,TT,GG,TN,AA,TT,GA,GG,GG,TT,GG,CA,CT,AT,TT,AA,CC,CC,CT,CC,NN,CC,CC,TC,CC,GA,CC,CC,NN,GC,AG,GA,CT,CC,GG,AA,TC,AA,AA,AA,GT,GG,CC,NN,GG,NN,TT,AA,GG,GG,GA,AA,CC,AA,CC,TT,NN,NN,TT,CC,CT,TT,GA,GN,AA,AA,TT,GG,GA,CC,AA,CC,NN,AA,CC,NN,CT,GG,TT,AN,NC,GG,CC,AA,TT,CA,GA,TT,GG,AA,CC,AA,TC,AA,NC,AG,GG,GG,CC,GC,GG,TT,AN,CC,TC,AG,GG,CC,NN,NN,GG,AA,TT,CC,NN,CC,TT,AA,AG,TT,AA,TT,GT,TA,NN,AA,CC,GA,CC,NG,AA,AA,TT,GG,GG,AA,AC,AA,NC,CC,AA,NN,AG,GG,TT,TT,TT,GG,GG,CC,GG,AA,GG,GA,GA,CT,CA,CC,AA,TT,NC,GG,CC,GA,CC,CC,NN,CT,NC,NC,CA,TC,GA,AA,TT,AA,CC,AA,AA,CT,NN,NC,CC,AG,TC,AA,CC,GA,NT,GG,TT,CC,GG,TC,CA,CC,GC
Italy,,,,NA20538,,NA,CC,AA,TT,TC,GG,TT,TG,CC,CN,NN,GG,CT,CT,GG,TT,AG,GC,GG,CC,CC,CA,GG,TT,GG,CN,GT,GG,CC,AA,TT,CT,NC,AA,TG,GA,GA,AG,CC,AG,CC,CA,CC,NN,TT,NN,CC,AA,CC,CC,CC,AA,GG,CC,AG,CT,GG,TT,AA,AA,TC,GG,GT,CC,CT,GG,AA,NA,TT,CC,AT,NN,NN,CN,AA,CC,TT,GA,GA,AA,GG,CA,CC,AA,AA,CC,GG,AG,AA,TT,TC,GN,NN,AG,AG,CC,AA,GG,CC,AA,AG,AA,TC,NN,TT,GG,AC,AA,AG,GG,NN,TC,AA,CT,TT,GG,AG,GG,TT,GG,GA,CT,NN,CC,CC,GG,CC,CC,AG,TT,GT,GG,NN,CC,TT,AA,TT,CC,AA,AG,NN,GG,GG,TT,GG,CC,NN,TT,CC,TG,GA,CC,GC,TC,TT,TT,AA,GG,GA,AA,TG,TC,GA,CT,NN,CC,GA,CT,TC,GG,AA,TT,CC,TT,TC,TT,AC,TG,GA,TT,GT,CC,GG,GG,AA,NN,AA,GG,GG,NT,CT,TC,TC,TT,AG,TC,GN,AA,GA,GG,AA,GG,CT,TT,CC,GG,AA,AA,GG,AA,GG,CC,CC,TT,CT,AG,CC,CT,AA,AA,TN,AA,NN,TG,CC,AA,TT,AA,TT,CG,GG,GG,AA,AA,AA,CG,GG,CT,GA,CC,AA,TT,TG,TG,GA,CT,TC,NN,NT,TA,CC,TT,GG,NT,GA,TT,GG,GG,TT,CC,GG,GA,GG,TT,TT,TT,TT,GG,GG,TT,TT,CA,CC,GG,CN,TT,CC,CT,AA,AG,CG,CC,TT,TT,AA,AA,NC,CC,TT,GG,NN,GA,TC,AA,AA,AA,CC,GG,AA,TC,TT,TT,AA,CC,CC,TC,TT,NN,CG,CC,TC,CC,GA,CC,CC,NC,GG,AA,AG,TC,CC,TT,AA,CC,AA,AA,AA,GT,GG,CT,AN,GG,AA,TT,AA,GT,GG,AA,AA,CT,GA,CG,CT,CN,TN,TT,CC,CC,GG,GA,NN,AA,AA,TT,AA,AA,GG,CA,CC,NT,AA,CC,GN,CC,GG,TG,AA,NN,GG,TT,AA,TT,CA,GG,GG,GA,GA,CC,TT,TC,GA,CC,GG,GG,GG,CC,GC,AG,TT,NN,CT,TT,GG,GG,TT,NN,GG,GG,AA,CC,TT,NN,CC,TT,AA,AA,CT,GA,TT,TG,AA,NN,AA,CC,AG,TT,NN,AA,AA,TT,AG,GG,AA,AC,AA,NN,CT,AA,NN,GG,GG,TC,TT,TT,GG,GG,CC,GG,AA,GG,AG,AA,TT,CA,AA,GG,TT,NC,AA,CC,GA,CC,CC,NN,CT,NN,NC,CA,CC,AA,AG,CT,AA,TT,AA,AA,TT,NN,CN,CT,AA,CC,TA,CC,GG,TT,GT,TA,CN,GG,CC,AC,CC,GG
Italy,,,,NA20539,,NN,CC,CA,TT,TT,GG,TC,TT,CC,NC,NN,GG,CC,CC,CC,TT,AG,CG,AG,CC,CC,AA,GG,TT,GG,CN,TT,AG,CC,AC,TN,CC,CC,GA,TG,GG,GA,AG,AC,AG,TC,AA,CC,NN,TT,NN,TC,AA,CN,CC,TT,AA,GA,CC,GA,TC,GG,TT,GG,GG,TT,AA,GT,CG,CC,GG,AG,AA,TT,CC,TA,NN,AN,CN,TA,TC,TC,AA,AA,AG,GG,CC,CC,AC,AA,TT,GG,GA,AA,TA,TC,NN,NN,AG,AG,CC,GG,GG,CC,AA,GG,AG,CC,NN,TT,GG,AA,AA,GA,AG,NC,CC,GG,CC,TT,GG,GG,GA,TT,GG,AA,CC,CC,CC,CC,GG,CT,CG,GG,TG,GT,GG,TN,TT,CC,AA,TT,CC,AG,GG,NN,GC,GG,TT,GG,CC,NN,TT,CC,TT,GA,CC,CG,CC,CT,TT,AA,GG,AA,TA,GG,CT,AA,CC,NT,CC,AG,TC,CC,AG,GG,TC,CT,TT,CC,TT,CA,GT,GA,TT,TG,CC,GG,GA,AA,CC,AA,GG,GG,NT,CT,TT,CC,NN,AG,TT,NN,AA,AA,AG,GA,GG,TT,TT,CC,GG,AA,AA,GG,GG,AG,GG,CA,CT,CT,AG,TT,TT,AA,AA,NT,AA,NN,GG,CC,AA,TT,AA,TT,GC,AA,GG,GG,AA,TA,GG,TG,CC,GG,CC,GA,TT,GT,GG,GA,CT,TC,NA,TN,AA,CC,TT,TT,TN,GG,TT,GA,GG,GT,CC,GG,GG,GG,TT,TT,TT,TC,GG,AG,NN,TC,CC,CC,GG,NN,TT,CC,CC,AC,GG,CG,CT,TT,TC,AA,AA,NN,CC,TT,GG,TT,AA,TT,AA,GG,GG,CC,GA,AA,TC,AA,GG,AA,CC,CC,TC,TC,NN,GC,CC,TT,CC,GA,CC,TC,NC,GG,AA,AA,CC,CC,TG,AA,CC,CA,AA,TA,GG,GG,CC,NN,AA,NA,CT,AT,GT,GG,GG,GA,CT,AG,CC,CC,CC,NT,NN,GG,TT,TT,GG,NN,AG,AG,TT,AG,AA,CC,CA,CC,NN,AC,CA,NG,CC,TG,TT,AN,NC,GA,TC,AA,TT,CC,GG,GG,GA,GG,CC,AA,CT,AA,NC,GG,GG,GG,CC,GG,AG,AT,NN,CC,TC,GG,GG,CC,AN,NN,GG,GA,TT,CC,NN,CG,GG,GA,GA,TT,AG,CC,GG,AA,NN,AA,CC,AA,TT,NN,GA,AG,TT,AA,GG,TT,AA,AG,NN,CC,TT,CN,AG,GG,CT,TT,CC,GG,GG,CT,GG,AG,GG,GG,GA,TT,AA,AA,AA,TA,NC,AA,CT,GG,CC,CT,AN,CC,CC,NN,AA,TC,AA,AA,TT,GG,CT,AA,AN,TC,NG,NC,CC,AA,TC,AA,GC,AA,TT,GG,TT,CC,GG,CC,CC,CC,GG
Italy,,,,NA20540,,NA,TC,CA,TT,TT,GC,TT,GG,CC,NC,NN,GG,CC,CC,GG,TC,GG,GG,AG,CC,CC,AC,TG,TT,GG,CC,TG,GG,CC,AA,NT,CT,CN,AA,GG,GA,AG,GG,CC,GA,CC,AA,CC,NA,TC,NN,CC,AA,CC,AC,TC,AA,GG,CC,GG,TC,AG,GT,GA,AG,CT,GG,GG,CC,TC,GG,GA,NA,TT,CC,TT,NN,NN,NC,AT,CC,CC,AA,AA,AG,GG,CC,CC,AC,AA,CC,GG,GG,AT,TA,CC,NN,NN,GG,GG,CC,GA,GG,CC,AA,GG,AA,TT,NN,TT,GG,CA,AA,AA,GA,NN,TC,AA,TC,TT,TG,AG,GG,TC,GG,AA,CC,CN,CC,CC,GG,TT,CC,AG,TT,TT,GG,NN,CC,TC,AA,TT,CC,GA,GA,NN,CG,GG,TT,GG,CC,NN,TT,CT,GT,GA,CC,GG,CC,TT,GT,AA,TG,GA,AA,TG,CC,AA,CC,NN,CC,GG,TC,CT,GG,GG,TT,CC,TT,TC,TT,CA,TT,AG,TT,GG,CC,GA,AA,AA,NN,AG,GG,GG,TT,TC,CT,CC,TT,GG,TC,NG,AA,GG,GG,AG,GG,TT,TT,CT,AG,AA,AA,AA,AG,GG,GC,AA,TC,CC,GA,TC,TT,AA,AA,TN,AA,NN,TG,CC,AG,TT,AA,TT,CC,AA,GG,GG,AA,TT,GG,GG,CT,GG,CC,AA,TT,TG,GG,GA,CT,TT,NN,NN,TA,CC,TT,GG,NT,AG,CT,AG,AA,GT,CC,TG,GG,GG,NN,CC,TT,CT,GG,GG,NT,TT,CC,CT,AG,NN,TT,CC,TT,CA,GG,CC,CT,TT,CT,AA,GA,NN,CC,TT,GT,TN,AA,TT,AG,GA,GG,CC,GA,AC,CT,TA,GT,AA,CC,CC,CC,TT,NA,CC,CC,CT,CC,AG,CC,CC,CN,GG,AG,GA,CT,CC,TT,AG,CC,CA,AA,TA,GG,AG,TC,NN,GG,NA,TT,TA,GT,GG,GA,AA,CT,AA,CG,TT,CN,NN,TN,CG,CT,GT,GG,NN,AA,AG,TT,AG,AG,CG,AA,CC,NN,AA,CC,GN,CC,GG,TT,AA,NN,GG,TC,AA,TT,CC,GG,GG,AG,AG,CC,AA,TT,AA,NC,AA,AA,AA,CC,CC,GG,TT,NN,TC,TT,AA,GC,TT,NN,NG,GA,AG,CC,TT,NN,CC,TT,AA,AA,TT,AA,TT,TG,AA,NG,AA,CC,AA,CC,NN,AA,AG,TT,GG,GG,AA,CA,AG,NC,CC,AT,NN,GA,GG,CT,TT,CC,AG,GG,CC,GG,GG,GG,GA,AG,TC,AA,AA,GG,TA,NN,GA,CC,GG,CC,CC,NN,CC,CC,CN,AA,CC,GA,AA,CC,AA,TT,AA,AA,TT,NN,CN,CC,AA,CC,AT,CC,AG,TT,TG,TT,CC,GG,TT,CA,CC,GG
Italy,,,,NA20541,,NN,CC,AA,TT,TC,GC,TT,TT,CC,NC,NN,GG,CC,CC,GC,TT,AA,GG,GG,CC,CC,AA,GG,TT,GG,NC,TG,AG,CC,AA,NN,CT,NC,AA,TG,GA,GA,GA,CC,GG,CC,CA,CC,NA,TC,NN,CT,AA,CC,CC,TC,AA,GG,CC,GG,CT,GG,TG,AG,GA,TC,AG,GG,GC,CC,GG,GA,NA,TT,GC,AT,NT,AA,CN,AA,CC,CC,AA,AA,AG,AG,AC,CC,AA,GG,CC,GG,AG,AT,TT,CC,NN,NN,GA,GG,CC,AG,GG,CC,AA,GG,AA,TT,NN,TT,GG,AA,AA,AG,AA,CN,CC,GA,CC,TT,TG,AG,GG,TT,GG,AA,TC,NN,CC,CC,GG,CC,CC,GA,TT,GG,GG,NN,CC,CT,AA,TC,CC,GG,GG,NN,CC,AG,TT,GG,CC,NN,TT,TC,TG,AG,TT,CC,CC,TC,TT,TA,GT,AA,AA,GG,CC,GA,CC,NT,CG,GG,CC,CT,GG,AG,TT,TC,TT,CC,TT,AA,GG,GG,TG,GG,CC,GG,GG,AA,NN,GG,GG,GG,TT,TT,TT,TC,TT,GG,TT,NN,AA,AA,GG,AA,AG,CT,GT,CC,AG,AA,AA,AA,AG,GG,CG,AA,TC,TT,GG,CC,CT,AA,AC,NN,AA,NN,TG,TC,AA,TT,AA,TT,GC,AA,GG,GG,AA,TT,GG,GG,CC,GG,CC,AG,GT,TG,TG,AA,TC,TT,NN,TT,TT,CC,TT,TG,NT,GG,TT,AA,GG,TT,CC,GG,AG,GG,TT,TT,TT,CT,GG,GA,TT,CT,CA,CT,GG,NN,TT,CC,CT,CA,AG,GC,TT,TT,CC,AA,AA,NN,CC,CT,GG,TN,AG,TT,AG,GA,GG,TC,AG,CA,TC,AA,TT,AA,CC,CC,CC,CC,NA,CC,CC,CT,CC,AG,CC,CC,CC,GC,AA,AG,CC,CT,TG,AA,CT,AA,AA,TT,GG,GG,CT,NN,GG,NA,TC,AA,GG,GG,AA,AA,CC,GA,CC,CC,CN,NN,NT,CC,TC,TT,GG,NN,AA,AG,TT,GG,AG,CG,AA,CC,NT,CC,CC,GG,CC,GG,TT,AA,NN,GG,CT,AA,TT,AC,GG,GG,AG,GG,CC,TT,TT,AA,CC,GG,GG,GG,TC,GC,GG,TT,NN,CT,TT,GG,CG,TC,NN,NG,GG,AA,TC,CT,NN,CC,TT,AA,GA,TT,AA,CT,TT,AA,NN,AA,CC,GG,CC,NN,AA,AA,TT,GG,GG,AA,CC,GG,NN,CC,AA,CN,GG,GG,TC,TT,CC,GG,GG,CT,GG,GA,GG,AG,GA,CT,AA,CA,AA,TT,NC,AA,CC,GG,CC,TT,NA,CT,NN,CN,AA,CC,AG,AA,CC,AA,TT,AA,NA,TC,NN,NN,TC,AA,CC,AA,CC,GA,TT,GG,TT,NC,GG,TT,CC,CC,CC
Italy,,,,NA20542,,NA,CC,AC,TT,TT,GG,TT,TT,TC,CN,NN,GG,CC,CC,CC,TT,GG,GG,GA,CG,CC,AA,TG,TT,AG,NN,GT,GA,CC,AA,NT,TC,CC,AA,GG,AG,AG,GA,CA,GA,TC,CA,CC,NA,CT,CN,CC,AA,NC,CC,CT,AA,AA,CC,GA,TC,GG,GT,AA,AA,TT,GG,GG,CG,CC,GG,GG,AA,TC,CC,TT,NN,NN,CC,AA,CC,TT,AG,AA,GA,GG,CC,CC,CC,AA,CC,GT,GG,AA,TA,CC,NN,TN,GG,AG,CC,GG,GG,CC,CA,GG,AG,CT,NN,TT,GA,AC,AG,AA,GA,NN,CC,GG,TT,TT,GG,GG,GG,TT,GG,AA,TC,NN,CC,CC,GG,CC,CC,AA,TT,GG,GG,NN,TC,CC,AA,TT,CC,AG,GG,NN,GG,GG,TT,GG,CC,NN,TT,TC,TG,AA,CC,GG,CC,TC,TT,AA,GG,AG,AA,GG,TC,AA,CC,TN,CC,GG,CC,CT,GG,GG,CT,CC,TT,TC,TA,AA,TT,GA,TG,GG,CC,GG,GG,AA,NC,GA,AG,GG,TT,TT,TT,CT,TT,AG,TT,NN,AC,GG,GG,GG,GA,TT,TT,TC,GG,AA,AA,AA,AG,GG,GC,CA,TC,CT,AA,CC,TT,AC,AA,TN,AG,NN,TT,CC,GA,CC,AA,TG,CC,AA,GG,GG,GA,TA,GG,GG,TC,GG,CT,AG,GT,GT,TT,GA,TC,CT,NN,NN,AA,CC,TG,GT,TT,AG,TT,AA,GG,GG,CC,GT,GA,GG,TN,TC,GG,TT,GG,GG,NT,TT,CC,CT,GG,NN,TC,CT,TC,CA,GA,CG,TC,TT,TC,AC,AA,NN,TC,TT,GG,TT,AA,TT,AA,GA,AA,CT,GG,AA,CT,TA,TG,AA,CC,CC,TC,TT,AA,GC,CC,TT,CC,GA,CC,CC,CN,GG,AG,GA,CC,CC,GT,AG,CC,AA,AA,AA,GT,GG,CC,NN,AG,NA,TT,TA,TG,GA,AA,AA,CT,GA,GC,CT,CN,NN,NN,GG,TC,TG,AG,NN,AA,AA,TT,GG,AA,CC,CA,CC,TT,AA,CC,GN,CC,GG,TT,AA,NN,GG,TT,AA,TT,CA,AG,GG,GG,GG,CC,TT,TT,AA,CC,AG,AG,AG,CC,CC,GG,AT,NN,CC,TT,AG,GC,CT,NA,GG,GG,GA,TC,CT,NN,CG,TG,AA,AA,TT,AA,TC,TT,AA,GG,AA,CC,GA,TT,NN,AA,GG,TT,AG,GG,AA,AA,AA,NC,CC,TA,NN,GA,GG,TT,TC,CC,GG,GG,CC,GG,AA,GG,GA,AA,TT,AA,CA,GG,TT,NN,GA,CC,GG,CC,CC,NN,CC,NN,CC,AA,CC,AA,AG,TT,AA,TT,AN,NA,CC,NG,NC,CC,AA,CC,AA,CC,GA,NT,GG,TT,NC,GG,CT,CC,CC,GG
Italy,,,,NA20543,,AN,CC,AA,TT,TC,GG,TC,TG,CC,NC,NN,GG,CC,CC,GC,TT,AA,GG,GG,CC,CC,AC,GG,TC,GG,CN,GG,GG,CC,AA,NT,CT,CN,AA,TG,GG,AG,AG,CC,GG,CC,AA,CC,NN,CC,NN,TC,AA,NN,CC,CC,AA,GA,AC,AA,CC,GG,TT,GG,AA,CT,AG,TG,CC,CC,GG,GG,AN,TC,CC,TT,TN,NN,NC,AA,CC,TT,AA,AA,GA,GA,AC,CT,CA,AG,TC,GG,GG,AA,TT,CC,NN,NN,AG,AG,CC,GG,GG,TC,AA,GG,AG,TC,NN,TT,GG,AA,GA,AA,AA,NN,CC,AG,CC,TT,GG,GG,GG,TC,GC,GA,CC,NN,CC,CC,AG,CC,CC,GG,GT,GG,GA,NN,CC,CT,AG,TT,CC,AG,AG,NN,GG,GG,TT,GG,CC,NN,TT,CC,TT,AG,CC,GG,CC,TC,GT,AA,GT,GA,AA,GG,TC,AA,CC,TN,CC,GG,CC,CT,GG,GA,TC,TT,TG,CC,AT,AC,TG,GG,TT,GG,CC,GG,AG,AG,CN,AG,GG,GA,TN,TT,TT,CC,TT,GG,TT,NN,AA,GG,GG,GA,GG,TT,TG,TC,AG,AA,AA,AA,GG,GG,CG,CC,TT,TC,GA,CC,CT,AA,AA,NN,AG,NN,GT,CT,AA,CC,AA,TT,CC,AA,GG,GG,GG,AT,GG,TG,TC,AG,CC,AA,TT,TG,TT,GG,TC,TT,NN,NT,TA,CC,TT,TG,NN,GA,TC,GA,GG,GG,CC,GG,GG,GG,TT,TT,TG,TT,GN,AG,NT,TT,CC,CC,GA,NN,TC,CC,CC,CC,GG,GC,CC,TT,TC,CC,GA,CN,TC,TT,GG,NT,GA,TT,GG,GA,GG,CC,GA,AA,CC,TA,TT,AA,CC,CC,TC,CC,NN,CG,CC,CC,CC,AG,AC,TT,CC,GG,GA,AA,CC,CC,GG,AA,CC,AA,AA,AA,GG,GA,CC,NA,AG,NN,TC,AA,GG,GG,AA,AA,CC,GG,CG,CT,CN,TN,TN,CG,TT,GT,AG,NN,AG,AG,TT,GA,AG,CC,CA,CC,NN,AA,CC,NN,CC,TG,TT,AA,NN,GG,CC,AA,TT,CC,GG,GG,GA,GG,CC,TT,CT,AA,NC,AA,GG,GG,CC,CC,GG,TT,NN,CC,TT,GA,GG,TT,NN,NG,GG,AA,TC,CT,NN,CC,TT,AA,GA,TT,AG,TT,GG,AT,GG,AA,CC,GG,CC,GN,GA,GA,TT,GG,GG,AA,CC,AA,NN,CC,AA,NN,AA,GG,TT,CT,CC,GG,GG,CC,GG,AG,GG,GG,AA,CT,AA,CA,GA,AA,CN,AG,TT,GG,CC,CC,AN,TC,CN,NN,AA,CC,AG,AA,TC,AA,CT,AA,AN,CC,NN,CN,TC,AA,CT,AT,CC,AA,TT,GG,TT,NC,GG,CT,CC,CC,GG
Italy,,,,NA20544,,NA,CC,AC,TT,TT,CG,TT,TG,TC,NC,NN,GG,CC,TT,CG,TT,AA,GC,GA,CC,CC,CA,GG,TT,AG,NN,GT,GG,CC,CC,NT,TC,CN,AG,TG,GA,AA,GG,CC,GG,TC,AA,CC,NN,TT,NC,CC,AA,NN,AC,CC,AA,AG,AC,AA,CC,GG,TT,GG,GG,TT,GG,TG,GG,CC,GG,GA,AN,CT,CC,TT,NN,NN,CC,AA,CC,CC,AA,AG,AA,GG,CC,TC,CA,AA,CC,GG,GG,AT,TT,CC,NN,NT,GG,GG,CC,GA,GG,CC,AA,GG,AA,CT,NN,TT,GG,AA,GA,AG,GG,NN,CC,GG,TT,TT,GG,GG,GG,TC,CG,AG,CC,NC,TC,CC,GG,CC,CG,GA,TT,GG,GG,NN,CC,CC,AG,TC,CC,GG,AG,NN,GG,GG,TT,GG,CC,NN,TT,CC,GG,AA,CC,GG,CC,CT,TT,AA,GG,GA,AT,GG,CC,AA,TT,TT,CG,GG,CT,TC,GA,AG,TT,CT,TT,CC,TT,AA,GG,AA,GG,GG,CC,GG,GG,AA,CN,AA,GG,GG,TN,TT,CC,CT,TT,GA,TT,NN,AC,GA,GG,GA,GG,TT,GT,CC,AA,AA,AA,AA,GG,AA,GG,AC,TT,TT,GA,TC,TC,CA,AA,NN,GA,NN,TG,TT,AG,CC,AA,TT,GC,AA,GG,AA,AA,AA,GC,GG,TC,GA,CT,AG,TT,TG,TG,GA,TC,TT,NN,NT,AT,CC,TT,GT,NT,GG,TT,AA,GG,GT,CC,GG,AG,GA,NT,CT,TG,TC,GG,GG,NT,TT,CA,TC,AG,NN,TT,CC,TT,AA,GA,CC,CC,TT,TT,AC,AA,NN,CC,CT,GG,NT,AA,TC,GA,AG,GG,CC,GG,AA,CC,TA,TT,AA,CC,CC,CC,TC,NN,CG,CC,TT,CC,AA,AC,CC,NC,CC,AG,AA,CC,CC,TG,AA,CC,AA,AA,AT,GG,GG,CC,NN,AG,NA,TT,AA,TG,GG,GA,AA,CC,GA,CG,TT,NN,NT,TN,CG,CT,TG,GG,NN,AA,AA,TT,AG,AA,CC,CA,CC,TN,AA,CC,NN,CC,GG,TT,AN,NN,AG,CT,AA,TT,AC,GG,GG,GG,AA,CC,AT,CT,AA,CC,AA,AG,GG,TT,GC,GG,TT,NN,CC,CT,AG,CG,TC,NN,NG,GG,AA,CC,TT,NN,CC,GT,AA,AA,TT,AA,TT,GG,AA,NN,AA,CC,AG,CC,NN,AA,GG,TT,GG,GG,AA,AA,AA,NC,CC,AA,NN,AG,GG,TC,TT,TT,GG,GC,TT,GG,AA,GG,AG,AA,CT,AA,CC,GA,AT,CN,GA,CT,GG,CC,TC,AN,CC,NC,NC,AA,TT,AA,AA,CT,AA,CT,AA,AA,TT,GN,NN,CC,AA,CC,TT,CC,AA,TT,GG,TT,CN,GG,CC,CC,CC,GG
Italy,,,,NA20581,,AN,CC,AC,TT,TT,CC,TT,TG,CC,NC,NN,GG,CC,CC,GG,TT,AG,GG,AG,CC,CC,CA,GG,TT,AG,CC,TT,GG,CC,CC,NN,TC,CC,AA,TG,GG,GA,AG,AC,GG,CT,CC,CT,NN,CC,NN,TC,AA,CN,CC,CC,AA,GA,AC,AA,TC,GG,TT,GG,GG,TT,GG,GG,GC,CC,GG,AG,AA,TT,CC,TT,TN,NN,NC,AA,CT,TC,AA,AA,GG,GG,CC,CC,AA,GG,CT,GG,GG,AA,TT,CC,NG,TN,GG,AA,CC,AA,GG,CC,AA,GG,AA,TC,NC,TT,GG,AA,AA,AA,GA,NC,TC,GA,TC,TT,GG,GG,GG,TT,GG,AA,TC,NC,CC,CC,GG,CC,CC,AG,TT,GG,GA,NN,TC,CC,AA,TT,CC,GG,AG,NG,GG,GG,TT,GG,CC,NN,TC,CC,TT,GG,CC,GC,CC,CT,TT,AA,TG,AA,AA,GG,CT,GG,CC,TN,CG,GG,TC,CT,GA,GA,TT,CC,TT,CC,AT,AA,GT,AG,GG,GG,CT,AG,AG,AA,CC,AG,AG,AG,TN,CC,TC,CC,TT,GG,TT,GN,AA,GA,GA,GA,GG,TT,TT,CC,GG,AA,AA,AA,AA,GG,GG,AA,CC,CT,AG,CT,TT,AA,AC,TN,GA,TN,TT,CT,AG,TC,GA,TT,CC,AA,GG,GG,GA,AT,GG,GG,TT,GG,CC,GG,TT,GT,GT,AG,TC,CC,AA,NN,TT,CC,TT,TT,TT,AG,TT,AG,GG,TG,CC,GG,GA,GG,TN,TC,GT,CC,NG,AG,TN,TC,CC,CC,AG,NN,TT,CT,TT,CC,GG,CC,CC,TN,CC,AA,AA,NN,CC,CT,TG,TT,AA,CT,AG,GG,GG,CC,GA,AA,CC,TT,TT,AA,CC,CC,TT,CC,NA,CG,CC,CT,CC,AG,CC,TC,NC,GC,AA,AG,TC,CC,GG,AA,TC,CA,AA,AA,GG,GG,CC,NA,GA,NN,TT,AA,TG,GG,GA,AA,CC,GG,CC,CT,CC,TT,NN,GG,CT,TT,GG,GN,AG,AA,TT,AG,AG,CC,AA,CC,NN,AA,CC,GN,CT,GG,TT,AA,NN,GG,TC,AA,TT,AC,GG,GG,GA,GG,CC,TT,TT,AA,CC,AG,GG,GG,CT,GC,GG,AT,AN,CC,TT,GA,GG,TT,NN,NG,GG,AA,CC,TT,NC,GG,TG,AA,AA,TT,AG,TT,GG,AA,NN,AA,CC,GA,TT,NN,AA,AG,TT,GA,GG,AT,AA,GA,CN,CC,TT,NN,GG,GA,CT,TT,CC,GG,GG,CC,TG,AG,GG,GA,AA,TT,CA,AA,AA,TT,NC,AA,CC,GG,CC,CT,NN,TC,CN,CN,AA,TT,AG,AG,TT,AG,TT,AA,AA,CT,NN,NC,CC,AA,CC,TT,CC,GA,TT,GG,AT,CC,GG,CC,CC,CC,GC
Italy,,,,NA20582,,NA,CC,AC,TT,TT,CG,TT,TG,CC,CN,NN,GG,CC,CC,CC,TC,GG,CG,AA,CC,CC,AA,GT,CT,GG,NC,TG,GG,TT,AA,NN,CT,NC,GA,TT,AG,AG,AA,CC,AA,CC,CA,CC,NN,TT,NN,CC,AA,CC,CC,CC,AA,GA,CC,AG,CC,AG,TG,GG,GG,TT,AG,TG,CG,CC,GC,AG,NA,TC,CC,AT,NN,NN,CC,AA,CC,CC,AA,AA,GA,GG,CA,TC,AC,AA,CC,GG,GG,AA,TA,CC,NN,NN,AG,GA,CT,GG,GG,CC,AC,GG,AA,TC,NN,CT,GG,AA,AA,AA,GA,NC,TC,AA,TC,TT,GG,GG,GG,TT,GG,AA,CC,NN,CC,CC,AG,CC,GC,AA,TG,TG,GG,NN,TT,CC,AA,TT,TT,GG,GA,NN,GG,GG,TT,GG,CC,NN,TT,CC,GG,AG,CC,GG,CC,CT,GT,AA,TG,AG,AA,GT,CC,GA,TC,TT,CC,GG,CC,CC,AG,GA,TT,CC,GT,CC,AT,AA,TG,GG,TT,GG,CC,GA,GG,AA,NN,GG,GG,GG,NN,TC,CT,CC,TN,GA,CT,NN,AA,GA,GA,AA,GG,TT,TG,CC,GA,AA,AA,AA,GA,GA,GG,AA,CC,CC,AA,CT,CT,AA,AC,NN,AA,NT,GG,CC,GG,TC,AA,TT,CC,AG,GG,AG,AA,AA,GG,GG,CC,GG,CC,GG,TT,GT,GG,AG,CC,TT,NN,TN,TA,CC,TT,TT,TN,AA,TT,AA,GG,TG,CC,GT,AG,GG,TT,TT,TT,TC,NG,AG,TT,TT,CA,TC,AA,NN,TT,CC,TT,AC,AA,GC,TT,TT,TT,CA,GA,NN,CC,TT,GG,NT,GG,CT,AA,AG,AG,TC,GG,AA,CC,AA,TT,AA,CC,CC,CC,CC,NA,GC,CC,CT,CC,AA,CC,CC,NC,GC,AA,GA,TC,CC,GG,AA,TC,AA,AA,TT,TG,AA,CC,NN,GA,AA,TT,AT,GT,GG,GA,AA,TC,AG,CC,TC,CN,NN,NT,CC,CC,TT,GG,NN,GA,AG,TT,GG,GA,CG,CC,CC,TN,CA,CC,NN,CC,GG,TT,AA,NN,AA,CC,CA,TT,AC,GG,GG,GA,GA,CC,AT,CC,AA,CC,AA,GG,GG,TC,CC,GG,TT,NN,CC,TT,GA,GG,CT,NN,GN,GG,AA,CC,TT,NN,CC,TT,AG,GA,TT,AA,TT,TT,AA,NN,AA,CC,GA,CC,NG,AA,AA,TT,GG,GG,TA,AA,GG,NN,CC,AA,NC,GG,GG,TC,TT,CC,GG,CG,TC,GG,AG,GG,GG,AA,TT,AA,AA,GG,TT,NN,AG,CT,GG,CC,TC,AN,CC,NC,CC,AA,TC,AA,AA,TT,AA,TT,AA,AA,CT,NN,CN,CC,GA,CC,AA,CC,GG,TT,GG,TT,CC,GG,TT,CC,CC,GG
Italy,,,,NA20585,,NA,CC,CA,TT,CC,GC,TT,TG,CT,NN,NN,GG,CT,CC,GG,TT,AA,GG,GG,CC,CC,AA,GG,TT,GG,CC,TG,GG,CC,CA,NN,CC,NC,AG,TG,GG,GA,GA,AC,GG,TC,CA,CC,NN,TC,NN,CC,AA,CN,CC,CT,AA,AA,CA,AA,CT,AG,TG,AG,AA,CT,AG,GG,GC,CC,GC,GA,AA,CC,CC,TT,NN,NN,CC,AA,CC,CT,AA,GA,AA,AG,AC,CC,AA,AA,CC,GT,AG,AA,TT,TC,NN,TN,GG,GA,CC,AA,GG,CC,CA,GG,AA,TC,NN,TT,GA,AC,AG,AA,AG,NN,CC,GA,TT,TT,GG,GA,GG,TT,GG,AA,CC,NC,CC,CC,GG,TC,CC,GG,TT,GG,GG,NN,CC,CC,AA,TT,CC,GG,GG,NN,GG,GG,TT,GG,CC,NN,TT,CC,GG,GG,CC,CC,CC,TT,GG,AA,GT,AA,AA,GG,CC,GG,CC,TT,GG,GG,TT,CC,GG,GG,TT,CC,GG,CC,TT,CC,TT,GG,GG,TT,CC,GG,GG,AA,NN,GG,GG,GG,NN,TT,CC,CC,TT,AA,TT,NN,AA,AA,GG,AA,GG,TT,TT,CC,AG,AA,AA,GA,AG,GA,CG,CA,TC,TC,GG,TC,TT,AA,AA,TN,GA,NN,TT,TT,AA,TT,AA,TT,CG,AA,GG,AG,AG,TT,CG,GG,TC,GG,CC,AG,TT,GT,GT,AA,CC,CC,AN,TT,AT,CC,TT,GG,TN,GG,TT,AA,GG,TG,CC,TG,GA,GG,TT,TT,TT,TT,GG,AG,NN,TT,AC,CC,AA,NN,TT,CC,CT,AC,GA,CG,CC,TT,CT,CC,AG,NN,CC,TC,GT,TT,AA,TT,AA,GG,GG,CC,GG,AA,TT,AT,TT,AA,CT,CC,CC,CT,AN,CC,CC,TC,CC,GA,CC,CC,CN,CG,GA,AG,CC,CC,GT,AA,CC,AA,AA,TA,GG,GA,CC,NN,GG,NA,TT,AA,GT,GG,GG,AA,CC,AA,CC,TT,NN,NN,TN,CG,CT,GG,GG,NN,GA,GA,TT,AG,AA,CC,AC,CC,NT,CA,CC,NG,TC,GG,TT,AA,NN,GG,CC,AA,TT,CC,GG,GG,GG,GG,CC,TT,TT,AA,CC,AA,GG,GG,TC,GC,AG,TT,NN,TC,TC,AG,GG,CC,NN,GN,GG,AA,CC,TT,CN,CC,TT,AA,AG,TT,AA,TT,GG,TA,NN,AA,CC,GA,TC,NN,AG,AA,TT,AA,GG,AA,AA,GA,CN,CC,AT,NC,AG,GG,CC,TT,TC,GG,GG,CC,GG,AA,GG,GG,AG,TT,AA,AA,GG,AT,CC,AG,CC,GA,CC,TT,AN,CC,NN,NN,AA,TT,AA,GG,CC,AA,TT,AA,AN,CT,GN,NN,TC,AA,CC,TA,CC,GA,TT,GT,TT,CN,GG,TC,CC,CC,GG
Italy,,,,NA20586,,AA,CC,CA,TT,CT,GG,TC,TT,CC,CC,NN,GG,TC,CC,GC,TT,AA,CG,GA,CC,CC,AA,GT,TC,GG,CC,TT,GA,CC,CC,NN,CC,NC,AA,GG,GA,GG,GA,CC,GG,TC,CC,CC,NA,TT,NN,TC,AA,NC,CC,CT,AA,AG,CC,GG,TC,GG,GT,AG,GA,CT,GG,TG,GG,CC,GG,GG,AA,TT,CC,TT,NN,NN,CN,AA,CC,TT,AA,GA,GG,GG,AC,CC,AC,GA,CC,GG,GG,AA,TT,CC,NN,NN,GG,AG,CC,AA,GA,CC,AA,GG,AG,TC,NC,TT,GG,AA,GA,AG,AG,NN,CC,AG,TC,TT,GG,GG,GG,TT,GG,AA,CC,NN,TC,CC,GG,CC,CC,GG,GT,GG,AG,NN,CC,CC,AA,TT,TC,GA,GG,NN,GG,GG,TT,GN,CC,NN,TT,CC,GG,AA,CC,CG,CC,CC,TT,AA,TG,GG,AA,TT,TC,AA,CT,TT,CC,GG,TC,TC,AA,AA,TT,CC,TT,CC,TA,AA,TG,AA,TT,GG,CC,GG,GG,AA,NN,GA,GG,AG,NN,TT,CC,TT,TT,GG,TT,GN,AA,GG,GG,GG,GG,TC,TG,CC,GG,GA,AA,AA,GA,AG,GC,AC,CT,TT,AA,CC,CT,CA,AC,NT,AA,NN,TT,CC,GA,CT,AA,TT,CG,AA,GG,AG,GA,TT,GG,TG,CT,GG,CT,AA,TT,TG,GT,AG,CC,TT,NN,TN,AT,CC,TT,GT,TN,GG,CT,GA,AG,TT,CC,GG,GG,GG,TT,TT,TG,TC,NG,AG,TN,TT,CC,CC,AG,NN,TT,CC,TT,CC,GG,CC,TC,TT,TC,AA,GA,NN,CC,TT,GG,TT,AA,TT,AA,GG,GG,TC,GG,AA,CT,AT,TT,AA,CC,CT,CT,TT,AN,GC,GC,TT,CC,GG,CC,CC,CN,GG,AA,AA,CC,CC,TG,AA,CT,AA,AA,TA,GG,GG,CC,AA,GG,AA,TT,AA,GG,GG,GA,AA,CC,AA,CC,CT,CC,NN,TT,CC,TT,TG,GG,NN,AG,AG,TT,AA,AA,GC,AA,CC,TN,AA,CC,NN,CC,GT,TT,AA,NN,GG,CC,AA,TT,CC,GG,GG,AG,GA,CC,TA,TC,AA,CC,AG,GG,GG,TC,GC,GG,TT,NN,CC,TT,GG,GG,TT,NN,GN,GG,AA,CT,TC,CN,CG,TT,AA,GA,TT,AA,TT,GG,AT,NN,AA,CC,GA,TC,GN,AA,GA,TT,GG,GC,AT,AC,AA,NN,CC,AT,NN,GG,GG,CC,TT,CT,AG,GG,CC,GT,AA,GG,AG,GA,TC,AA,CA,GG,TA,NC,AG,CT,GG,CC,CC,NN,CC,NN,NN,AA,CC,GA,AA,CT,GA,CC,AA,AN,TT,GN,NC,CC,AA,CT,AA,CC,GA,TT,GG,TT,CN,GG,TC,CC,CC,CG
Italy,,,,NA20587,,NA,TC,CC,TT,CT,GG,CT,TG,CT,NC,NN,AA,CC,TC,GG,TT,GG,GC,GA,CC,CC,AA,GG,TT,AG,NC,TT,GG,CC,AA,TN,CC,CC,AA,GT,GG,AA,AA,CA,GG,CC,AA,CC,NN,TC,NC,TC,GA,NC,CC,CT,GA,AG,CC,AA,CC,GG,TT,AG,GG,TC,AG,GT,GG,CC,GG,GG,AA,TT,CC,AA,NN,NN,CC,AA,CC,TC,AA,GA,GG,GG,AC,CC,CA,GA,CC,GG,GG,AA,TT,CT,GN,NT,GG,GG,CC,AG,GG,TC,AC,GG,AA,TT,NN,TT,GG,CA,AG,AG,AG,NN,CC,GA,TT,GG,GG,GG,GG,CT,GG,AG,CC,CN,TC,CC,AG,CC,CC,GG,GT,GG,GA,NN,CC,CC,AA,CT,CT,GG,GG,NG,GG,GG,TT,GG,CC,NN,TT,CC,TG,AG,CC,CC,CC,TT,TT,AA,GG,AA,AA,GG,TC,AA,CC,TT,GC,GG,CC,TC,GG,AA,TT,TC,TT,CC,TT,AC,TT,GG,TT,GG,CC,GA,GA,AA,CC,GA,GA,GG,TT,TT,CT,CC,TT,GG,TT,GN,AC,GG,GG,GG,GG,TT,TT,CC,AA,AA,AA,GA,GA,GG,GC,AC,TT,TT,AG,CC,CC,CA,AA,TT,AA,TT,GT,TC,AA,TT,AA,TT,CG,AA,GG,AA,GA,TT,GG,GG,TC,GG,CT,AA,TT,GT,TG,AG,TC,TT,NN,TT,AT,CC,TT,TT,TT,GG,CT,GG,GG,GT,TC,TT,GG,GG,TT,TT,TT,CC,GG,GG,TT,TT,AC,CC,GA,NN,TT,TC,TT,AA,AG,GG,TC,TT,TT,AA,AG,NN,CC,TT,GG,NT,AA,TT,AA,AA,GG,CC,GA,AA,CT,AA,GT,AA,CC,CC,CC,CC,NA,CC,CC,CC,CC,AG,CC,CC,CN,GC,AA,GA,CC,CC,TG,GG,CC,AA,AA,AA,GG,GG,CC,NN,GG,NA,CT,AT,TG,AG,GG,AA,CC,AA,GC,TT,NN,TN,TT,CC,CC,GG,AA,NN,AA,AA,TC,GG,GA,CC,CA,CC,NN,AA,CC,NG,CC,GG,TT,AA,NN,GG,CC,AA,TT,CC,GG,GG,GG,GG,CT,AA,TC,AA,CC,AA,GG,GG,TT,CC,GG,AT,NN,CC,CC,GA,GC,CC,NN,NN,GG,AA,CT,TC,NN,GC,TT,AA,AG,TT,AA,TT,TG,AA,NG,AA,CC,GG,TT,NN,AA,GA,TT,AG,GG,TA,AA,AA,CC,CC,AA,CN,GG,GG,CC,TT,CC,GA,CG,CC,GG,AA,GG,GG,AG,TT,AA,AA,GG,AT,CC,AA,TC,GA,CC,TC,NA,CC,CN,CC,AA,CT,AA,AA,TC,AA,TT,NA,NN,CC,NN,CN,CC,AA,CC,AA,CC,GG,TT,TG,TT,CN,NG,TC,AA,CC,GG
Italy,,,,NA20588,,NA,CC,AC,TT,TT,GG,TT,TT,CC,CN,NN,GG,CC,CC,CC,TT,GA,CG,AA,CC,CC,AA,GG,TT,GG,NC,TT,GG,TC,AC,NN,CT,CN,GA,GG,AG,GA,GA,CC,AG,CT,AA,CC,NN,TC,NN,CT,AA,CC,CC,CC,AA,AA,CC,GG,CC,GG,TT,GG,GG,TT,AG,GG,CC,CC,GG,GG,AN,TT,CC,TT,NN,NN,CC,AA,CT,CT,AA,AA,AG,GG,AC,CC,AA,AG,CC,GG,GA,AT,TT,CC,NN,TN,GG,GG,CC,GA,GG,CC,CA,GG,AA,TT,NN,TT,GG,AA,GA,GG,GA,CN,CT,GG,CT,TT,GG,GG,GA,TC,GG,AG,TT,NC,TC,CC,GG,CC,CC,AA,TT,TG,GG,NN,TT,CT,AA,TC,CC,GA,GG,GN,CC,GG,TT,GG,CC,TN,CT,CC,GG,AA,CT,GC,CC,TT,TG,AA,TG,AA,AA,TG,CT,GA,TC,TT,CC,GG,TC,CC,GA,AG,TT,CC,TG,CC,TT,AC,TT,GG,TT,GG,CC,GG,GG,AA,CN,AA,GG,GA,NN,TT,CC,CC,TT,GG,TT,NN,AA,GG,GG,AG,AG,TT,TT,CC,GG,AA,AA,GA,GA,GG,CG,AC,TT,CT,GG,CC,CC,AA,AC,NT,GG,TN,GG,CC,GA,CC,AA,TT,CC,AA,GG,AA,GG,TA,GG,TG,CT,GG,CC,GG,TT,TG,GT,AA,CC,TT,AN,TN,TA,CC,TT,TG,TT,GG,TT,AG,GG,TG,CC,GG,AG,GG,TT,TT,GT,CT,GG,GG,TN,TT,CA,CT,GA,NN,TT,CC,TT,CC,GG,CC,CT,TT,CT,CA,AA,NC,CC,TT,GG,NT,AA,TT,GA,AG,AG,CT,GA,AA,CC,AA,TT,AA,CC,TC,CC,CT,AN,CC,CC,CT,CC,GG,AA,TT,CN,CC,AA,AA,TC,CC,GG,AA,CT,AA,AA,TA,GG,AG,CC,NA,GG,AN,TT,AA,TG,GG,GA,AA,CT,AA,CG,CT,NN,NN,TN,CG,CC,GG,AG,NN,AG,GG,TT,AG,AG,GC,CA,CC,NN,CC,CC,GN,CC,GG,TT,AA,NN,GG,CC,AA,TT,AA,AG,TG,GG,GA,CC,TA,TT,GA,CC,AA,GG,GG,CC,CC,AG,TT,NA,CC,TT,GG,GG,TC,NN,GG,GG,AA,CT,TC,CN,GC,TT,GA,GA,TT,AA,TT,GT,AA,NG,CA,CC,GG,CC,NN,AA,AA,TT,GG,GG,AA,AC,AA,CC,CC,AA,NC,AA,AG,CT,TC,CC,GG,GG,CC,GG,AA,GG,AG,AA,CT,AA,AA,AG,TT,CN,AG,CC,GG,CC,TC,NN,CC,NC,NC,AA,CC,GG,GA,TC,AA,TT,AA,AA,CC,NN,NN,CT,GA,TC,AT,CC,GA,NT,TG,TT,NC,GG,CC,AC,CC,GG
Italy,,,,NA20589,,NA,CC,AC,TT,TC,GG,TT,GT,CC,NN,NN,GG,CC,CC,CC,TT,AA,GG,GA,CC,CC,CA,TG,TC,AG,CN,TT,GG,CC,CA,NT,CT,CN,AA,TG,GG,AA,AA,AC,GG,CT,AC,CC,NN,TC,NN,CT,AA,NC,CC,CT,AA,AA,CA,AG,CC,AG,TT,GG,GG,TT,GA,GG,GC,CC,GG,GG,NA,TT,CC,TT,TN,NN,CN,AA,CC,TC,AA,AA,GG,GG,CC,CC,AA,AG,TC,GG,GG,AA,TT,CT,GN,NN,GG,AG,CT,AG,GG,CT,AA,GG,GG,CT,NN,TT,GG,AA,AG,AA,GG,NC,TT,GG,CT,TT,GG,GG,GG,TT,GG,AA,TC,NN,CC,CC,GG,CC,CC,GA,TT,GG,GA,NN,TC,CC,AA,TT,CC,GG,AG,NN,GC,GG,TT,GG,CC,NN,TT,CC,TG,GA,CC,GC,CC,TT,TT,AA,TG,GA,AA,TG,CC,GA,TC,NT,CC,GG,CC,CC,GG,AA,TC,CC,TT,CC,AT,AA,TG,GA,TT,GG,CC,GG,GG,AA,CC,AA,GG,AA,TN,CT,TC,CT,TT,AG,TT,NN,CA,GG,GG,GA,GG,TT,GT,CC,AG,AA,AA,GA,GG,GG,GC,AA,CT,CC,GG,TC,TT,AA,AA,NT,GG,NT,GT,CC,AA,CT,AA,TT,CC,AA,GG,GA,AA,AT,GG,GG,TC,GG,CC,AA,TG,GT,GT,AA,CT,TT,NN,NT,AA,CC,TT,GG,TN,GG,TT,GA,AG,TT,CC,GG,GA,GG,NN,CC,GT,CC,GG,AA,TN,TT,AC,CT,GG,NN,TT,CC,TC,CC,GA,CG,TT,TT,TT,CA,AA,CN,CC,TT,GG,TN,AA,CT,AG,GG,GG,CC,GG,AA,TC,TT,TG,AN,CC,CC,CC,CC,NN,GG,CC,TT,CC,GG,CC,CC,CN,CG,AA,GA,CT,CC,TT,AA,CC,CA,AA,TT,TG,GG,CC,AN,GA,AA,TT,AA,TG,AA,AA,AA,CC,AG,GC,TT,NN,NN,TT,CC,CC,TG,GG,NG,GA,AA,TT,AG,AG,CC,AC,CN,TT,CC,CC,NG,CC,GG,TT,AA,NN,GG,TC,AA,TT,CC,GG,GG,GA,AG,CT,AA,CT,AA,CC,GA,GG,GG,CC,GG,GG,AT,NN,CT,TT,AA,GG,CC,NN,GN,GG,AA,CC,TT,NC,GC,TT,AA,AA,TT,AA,TT,GG,AA,NN,AA,TC,GG,CC,NN,AA,AA,TT,GG,GG,AA,AA,GG,NN,CC,TA,NN,GG,GG,CT,TT,TC,AG,GG,CC,TG,GA,GG,GG,AA,TT,AC,CA,GG,AT,NC,GA,CC,AA,CC,CC,NN,CC,NC,NC,AC,CC,GA,AA,TT,AA,TC,AA,AA,CC,NN,CN,CC,AA,CC,AA,CC,GA,NT,TG,AT,NC,GG,TC,AC,CC,GG
Italy,,,,NA20752,,NA,CC,CC,TT,CT,GG,TT,GG,CT,CN,NN,GG,CC,CC,CC,TC,GG,CG,AG,CC,TC,AA,GG,TT,AG,NN,TT,GA,CC,AA,TT,CC,NC,AA,TG,GA,GG,GG,CC,GG,CT,AC,CT,NN,CT,CN,CC,AA,CN,CC,CC,AA,AG,CC,GA,CC,GG,TT,GG,AG,TC,AG,GG,GC,CC,GC,GG,AA,TT,CG,AA,NT,NN,CC,AA,CC,TT,AG,AG,GG,GG,CA,CC,CA,AG,CC,GG,GG,TA,TT,CC,NN,NT,GG,AG,CC,AA,AG,TT,AC,AG,AA,TT,NN,TT,GG,AA,GA,AG,AG,NN,TC,GA,TC,TT,TG,GG,GG,TT,GG,GA,TC,NC,CC,CC,GG,CC,CC,GG,TT,GG,GG,NN,CC,CC,GA,TT,TC,AA,GA,NN,GC,AG,TT,GG,CC,TN,CT,CC,GG,AA,TC,CC,CC,TC,TG,AA,GT,AA,AA,GG,CT,AA,CC,TT,CG,GG,TT,CC,AA,AA,TT,CT,TT,CC,TT,AA,TT,GG,TG,GG,CC,GG,GG,AA,CN,AG,GG,GA,TN,TT,TT,TC,TT,GA,TT,NN,AA,GG,GG,AA,GG,TT,TT,CC,GG,AA,AA,AA,GA,AG,GC,CC,TT,TC,GG,TC,TC,AA,AA,TT,GA,NT,TG,TT,GG,TC,AA,TT,CG,GA,GG,AG,AA,TA,GG,GG,TT,GG,CC,AA,TT,TG,TG,GA,TT,TT,AN,TT,AA,CT,TT,GT,NT,AA,TC,GA,GG,GG,CC,GT,GG,GG,TN,TC,TT,TC,GN,AG,NT,TC,CC,CC,GA,NN,TT,CC,CC,CC,GG,GC,CT,TT,TT,CA,GA,CN,TC,TT,GT,NN,GA,TC,AA,GG,GG,CC,AG,AA,CC,TA,TT,AA,CT,CT,CC,CT,NN,CG,CC,TT,CC,GG,CC,CC,CC,GG,AA,AA,CC,CC,TT,AA,TC,CA,AA,TA,TG,GA,CC,NN,AA,AN,TT,TA,GG,GG,AG,AG,CC,AG,GC,TC,NC,NN,TN,CG,CC,TG,GG,NN,AA,AA,TT,GG,AA,CC,AA,CC,NT,AC,CC,NN,TC,GG,TT,AN,NN,GG,CC,AA,TA,CA,GG,GG,GG,GG,CC,TT,TT,AA,NC,AG,GG,GG,TC,GG,GG,TT,NN,CT,TT,AA,GG,CC,NN,NN,AG,AA,TC,CT,NN,GC,TG,AA,GA,TT,AA,CT,GT,AA,GN,AA,CT,GG,CC,NN,AA,AG,CT,AG,GG,AA,AC,GA,NC,CC,TA,NN,GA,GG,TC,CT,CC,GG,GG,TC,GG,AA,GG,GA,AA,TT,AA,AA,GG,TT,NN,AG,TC,GA,CC,CT,NN,TC,NC,CC,AA,CC,AA,AA,CT,AA,TC,NA,AA,CC,GN,NN,CC,AA,TC,AT,CC,GA,TT,GG,TT,NN,GG,CC,CA,CC,GG
Italy,,,,NA20753,,NN,CC,AC,CT,TT,GG,TT,TG,CT,NC,NN,GG,TC,CC,GG,TT,AA,GG,GG,CC,CC,CA,GG,TT,GG,CC,TG,GG,CC,AC,TN,CC,CC,GA,TG,GG,AG,GA,CA,GG,TT,AC,CC,NN,CC,NN,CC,AA,CN,CC,CC,AA,AA,AC,AG,TC,GG,TT,GG,GG,TT,GA,GG,GC,CC,GG,GG,AA,TT,CC,TT,NN,NN,CN,AA,CC,CT,AA,AA,GG,AG,CC,CT,AA,AA,CC,GG,GG,AA,AA,CC,GN,TN,GG,GA,CC,GA,GG,TC,CC,GG,AA,TT,NN,TT,GG,CA,GA,AA,GA,NN,CC,AG,TC,TT,GG,AA,GG,TT,GG,GA,CC,NN,CC,CC,GA,CC,CC,GA,GT,GT,AA,TN,TC,CC,GG,TT,CC,GA,AA,NN,CC,AG,TT,GG,CG,NN,TT,TC,GT,AA,CC,GG,CC,CT,TT,AA,GG,AA,AA,GG,CC,AA,TT,NN,CC,GG,TT,CC,GG,GA,TT,TC,TT,CC,AA,CA,GT,AA,GT,GG,TC,GG,GG,AA,CC,GA,GA,GG,NT,TC,CC,TC,TT,GG,TT,NN,AA,GG,GG,AA,GG,CT,TG,CC,GG,AA,AA,AA,GA,GG,CC,CC,TC,TC,GG,CC,TT,AC,AA,NT,AA,TN,GG,CC,AA,TT,AA,TT,GC,AA,GG,AA,AA,AA,CG,GT,TT,GG,CC,GA,TT,GT,TT,GA,CT,TT,NN,TN,AA,CC,TT,TG,TN,GG,TT,GA,GG,GT,CC,GT,GG,AG,TT,TT,TT,CT,NG,GG,TT,CT,CC,TT,AG,NC,TC,CC,TT,AA,GA,CG,CC,NT,CC,CA,AA,NN,CC,TC,GG,TT,AA,TT,AA,GA,GA,TC,GG,AA,TC,AT,GT,AN,CC,CC,CC,TT,NN,CC,CC,TT,CC,GG,CC,CC,NN,CC,AA,AG,CT,CC,GT,AA,CC,AA,AA,TA,GG,GA,CC,AN,GG,AA,TT,AA,GG,AG,AA,GA,CC,AA,CG,TT,CN,TN,TT,CC,CC,TT,GG,GN,AA,AA,TT,AG,GA,GC,AA,CC,NN,AC,CC,NN,CC,GG,TT,AN,NC,GG,CT,AA,TA,AC,GG,GG,AG,GA,CC,TA,CT,AA,CC,AA,GG,GG,CT,GC,GG,TA,NA,TT,TT,AG,GG,CT,NA,NG,GG,AA,TC,CT,NN,CC,GT,AA,AA,CT,AA,TT,GG,AA,NG,AA,CC,GG,CC,NN,AA,GA,TT,GG,GG,AT,AA,AA,NN,TC,TA,NN,GG,GG,CC,TT,TC,GG,GG,CC,GG,AA,GG,AG,AA,TT,AA,AA,AA,TT,CC,AA,TC,GG,CC,TT,NA,CC,NC,NC,AC,CC,AA,AA,CT,AA,TT,AA,AN,CT,GN,NC,CC,AA,TC,AA,CC,AA,TT,GG,AT,NC,GG,CC,AA,CT,GG
Italy,,,,NA20754,,NN,CC,CC,CT,TT,GC,TT,GG,CC,CN,NN,GG,CC,CC,GC,CT,AA,GC,AG,CC,CC,AA,TG,TT,GG,NN,TT,GG,CT,AA,NT,CC,CN,AG,TG,GA,AG,AG,CC,AG,CT,AA,CC,NN,TT,NN,CC,AA,NC,CA,CC,AA,AG,AC,GA,CC,GG,TT,GG,GG,TT,AA,GT,CG,CC,GG,GG,AA,TT,CC,AT,NN,NN,CC,AA,CC,TT,AA,AA,GG,GG,AA,CC,AC,AA,CT,GG,GG,AA,TT,CC,NN,NT,GG,GG,CC,AA,GG,CC,AA,GA,AA,TC,NN,TT,GG,AA,AA,AG,GG,CN,CT,AG,TT,TT,GG,GG,GG,CC,GG,AA,CC,NN,CC,CC,GG,CT,CC,GA,TT,TG,GG,NN,TT,CC,AA,TT,CT,AA,GG,NG,CG,GG,TT,NG,CC,NN,TT,CT,TG,GA,TC,CG,CC,TC,TT,TT,TG,AA,AA,GT,TT,AG,TT,TT,CC,GG,CT,CC,GG,GA,TT,CC,TT,CC,AA,AA,TT,GG,GT,GG,CC,GA,GG,AA,NC,AA,GG,GG,NN,TT,CT,CC,NT,AG,CT,NN,AA,GG,GG,GA,GG,TT,TT,TC,GA,AG,AA,AA,GA,GG,GC,AC,CC,TT,GG,CC,TT,AC,AA,NT,AG,TT,TG,CT,AA,TC,AA,TT,CC,AA,GT,GG,AA,AT,GG,GG,TC,GG,CC,AA,TT,GT,TG,GA,CT,CC,NA,TN,AT,CC,TT,TG,TT,GA,TT,AA,GG,TT,TC,TG,GA,GG,TT,TT,TT,CT,GG,GG,TN,TT,CC,CT,GA,NN,TT,TT,TT,AA,GG,CC,CT,TT,TC,AC,AA,NN,TC,TC,GT,NT,GA,TT,AA,GG,GG,CC,GG,AA,CT,AT,TT,AA,CC,CC,TC,CC,NN,CC,CC,TT,CC,AG,CC,CC,CN,GG,AG,GA,CC,CC,TT,AA,CC,AA,AA,AA,TG,GA,TC,NN,GG,AN,TT,AT,TT,GG,AG,AA,TC,AA,GC,TC,NC,NT,TN,CG,CT,TG,GG,NN,AG,AA,TC,GG,AG,CC,AA,CC,NT,AC,CC,GG,CC,GG,TT,AA,NN,GG,CC,AA,TT,AA,GG,GG,GA,AG,CC,AT,CC,AA,CC,AG,GG,GG,CT,CG,GG,TT,NN,TC,TC,AA,GC,TT,NA,GN,GG,AG,CC,TT,NN,GG,GT,AA,AG,TT,AG,TC,GT,AA,GN,AA,CC,GG,CC,NN,AA,AA,TT,GG,GG,AA,CA,AA,CC,CC,AT,NN,AG,GG,CT,TT,CC,GG,GG,CC,GG,AA,GG,AA,AA,TT,AC,AA,GA,AT,CN,AA,CT,GG,CC,CC,NN,CC,NN,NC,AA,CT,GA,AA,TC,AG,CC,AA,AA,CC,NG,CN,CC,AA,CC,TA,CG,AA,TT,GG,TT,CC,NG,CT,CC,CC,GG
Italy,,,,NA20755,,NN,CC,CA,TT,CT,GG,TT,GT,TC,CN,NN,GG,TC,CC,GG,TT,AG,GG,AG,CC,CT,AA,GT,TT,GA,NN,TT,GG,CT,CA,NN,CC,NN,GG,GT,GG,GA,AG,CC,GG,CT,AA,CC,NN,CC,NN,CC,AA,CC,CC,CT,AA,AG,CC,GG,CT,AG,TT,GA,GG,TC,GG,GT,GC,CC,GG,AG,AA,TT,CC,TA,TN,NN,CC,AA,CC,TC,AA,GA,GG,GG,CC,CC,AA,AA,CC,TT,GG,AA,TT,CC,NG,NT,GG,AA,TC,GA,GG,CC,AA,GG,AA,CT,NC,TT,GG,AA,AA,GG,GG,NN,CC,GG,TC,TT,GG,AG,GA,TT,GG,AG,CC,NN,CC,CC,GG,CC,CC,AG,TG,GG,GA,NT,CC,CC,AA,TT,CC,GG,GG,NN,GG,GG,TT,GG,CC,NN,TT,CC,TT,GG,CC,GG,CC,CT,TT,AA,TT,AA,AA,GG,CT,AA,TC,TT,GC,AG,TT,TC,GG,GG,TT,CC,TT,CC,TT,AA,TG,GG,TG,GG,CC,GG,GG,GA,CN,AG,GG,GG,NN,TT,CC,CC,TT,GG,CC,NN,AA,GG,GG,GG,GG,CT,TT,CC,GG,AA,AA,AA,GG,GG,GG,AA,CT,TC,AA,TC,TT,AA,AA,TN,GA,NN,GG,CC,AA,CC,AA,TT,CC,AA,GG,GG,GG,AT,CG,TG,TC,AG,CC,AA,TT,GT,GT,GA,TC,TC,NA,TN,AA,CC,TT,GG,TT,GG,TT,AG,GG,TT,TC,GG,GA,AA,TT,TT,GT,CC,GG,GG,TT,TT,CC,TC,GG,NN,TT,CC,TT,CA,AA,GG,CC,TT,TC,CA,AG,NN,CC,TT,GG,TT,AA,CT,AA,AG,AG,CC,GG,AA,CC,AA,TG,AA,TC,CC,TT,TC,NA,CG,CC,TT,CC,AG,CC,CC,CN,CG,AA,AA,CC,CC,GG,GA,CC,AA,AA,AT,GG,GG,TC,NN,AG,AN,CT,AA,TG,GA,GA,AA,CC,AA,GC,TC,NC,NN,NT,GC,TC,GG,GA,NN,AA,AA,TT,AA,AG,GC,AA,CC,NN,AA,CC,GN,CC,GG,TT,AA,NN,GG,CT,AA,TT,AA,GG,GG,GG,GA,CC,AT,TC,AG,CC,AA,GG,GG,CC,GC,GG,TT,NN,CC,TT,GG,GG,TC,NA,NN,GG,AA,CT,TC,CN,CG,TT,AA,AA,TT,AA,TT,GT,AA,NN,AA,CC,GG,TT,NN,AA,GA,TT,GG,GG,AA,AA,AA,NN,CC,TA,NN,GG,GG,CC,TT,CC,GG,GG,CC,TT,AA,GG,AA,AA,TC,AA,AC,GG,TA,NC,AG,CC,GG,CC,TT,NA,CC,CN,NN,AA,TC,AG,AA,CC,AA,CT,AA,AA,CC,NG,CC,CC,AA,CT,AA,CC,AG,TT,GG,TT,NC,GG,TT,CC,CC,GG
Italy,,,,NA20756,,AN,CC,AA,TT,TC,CC,TT,TT,CC,NC,NN,GG,TC,CC,CC,TT,AA,GG,GA,CC,CC,CA,GG,TT,GG,NC,TT,GG,CC,AA,NT,CC,CN,AA,TT,GG,GA,AA,CC,GG,CT,AC,CC,NN,TT,NN,TC,AA,CN,CC,CC,AA,GG,CA,AG,CC,AA,TG,AG,GA,TT,GG,GG,GC,CC,GG,GG,AA,TT,CC,TA,NN,NA,CC,AA,CT,TC,AA,AG,GG,GG,CC,CC,AC,AA,CC,TG,GA,AT,TT,TC,GN,NN,GG,AA,CC,GA,GG,CC,AC,GG,AA,CT,NN,TT,GG,CA,GA,AG,AA,CN,CC,GA,TT,TT,GG,AG,GG,TT,GG,AA,CT,NN,CC,CC,GG,CC,CC,GG,TT,GG,GG,NN,TC,TC,AA,TT,CC,AG,GG,NN,GC,GG,TT,GG,CC,NT,TC,CC,GG,AA,CC,GG,CC,CC,TG,AA,GG,AA,AA,GG,CC,AG,CC,TN,CG,GG,CC,CC,GG,AA,TT,TT,GT,CC,AA,CA,TG,AG,TT,GG,CC,AG,GG,GA,NN,GG,GA,GG,TT,CT,TT,TC,TT,GA,TT,GN,AA,GG,GG,GG,GG,TT,GT,CC,GG,AA,AA,GA,GG,GG,CG,AA,TC,CT,GG,CC,CC,AC,AA,NN,AA,NN,GG,CT,GA,TT,AA,TT,GC,AA,GG,GG,AA,TA,GC,TT,CT,GG,CC,GG,TT,GT,TG,AG,TC,TT,NN,NN,TA,CC,TT,GT,NN,AA,TT,AG,GG,GG,CC,GG,GG,GG,TN,TC,TT,CT,GG,GA,TT,TT,CC,CC,AG,NN,TT,CC,TC,CC,GA,CC,TT,TT,CC,AC,AA,CN,CC,TT,GG,NT,AA,TC,AG,GA,GG,TT,GA,AC,CT,AT,TT,AA,CC,CC,CT,CC,NN,GC,CC,TT,CT,GG,CC,CC,NN,GG,AA,AA,CC,CC,TT,AA,CC,AA,AA,AA,GG,GG,CC,NA,AG,AN,TT,TA,TG,GG,GA,AA,CC,AA,CC,CT,CN,NN,NN,GC,TT,TG,AG,NG,AA,AA,TT,GA,GA,GC,AA,CC,TT,CC,CC,NN,TT,GG,TT,AA,NN,GG,TT,AA,TT,CC,GG,GG,GG,AA,CC,TA,TT,AA,CC,GA,GA,GA,CC,GC,GA,TT,AN,TC,TT,AA,GG,CT,NN,GG,GG,AA,TT,CC,CN,CG,TT,AA,GA,TT,AA,TT,GG,TA,NG,AA,CC,GG,TT,NN,AG,AA,TT,GA,GG,AA,AA,GA,CN,CC,TT,NN,AG,GG,CC,TT,CC,GG,GG,CC,GG,AG,GG,GG,AA,TT,AA,AA,GA,TT,CC,AG,CT,GG,CC,CC,NN,CC,NC,CC,AA,CC,AG,AA,TC,AG,TT,AA,NN,CC,GN,NC,CT,AA,TT,AT,CC,GA,TT,GG,AA,NC,GN,CC,AC,CC,GC
Italy,,,,NA20757,,AN,CC,AC,TT,TT,CG,TT,GG,CT,NN,NN,AG,CC,CC,GG,TT,GA,GC,GG,CC,CC,AA,GG,TT,GG,CC,GG,GG,CC,CC,NN,CC,CN,AG,TT,AA,GA,AG,AC,GG,CC,CA,CC,NN,CT,NN,CC,AA,CN,CC,CC,AA,AA,AC,AA,CC,GG,GT,AA,GA,TT,GG,GG,CC,CC,GG,GG,AA,TT,GC,AT,NN,NN,CC,TT,TC,TC,AA,AA,AG,GG,AC,CC,AC,AA,CC,GG,GG,AA,TT,CC,NN,NN,GG,AA,CC,AG,GG,CC,AA,GG,AG,CC,NN,TT,AG,AA,GA,AA,GA,NN,CC,GG,TC,TT,GG,AG,GG,TT,GG,AA,CC,NN,CC,CC,GG,CC,CC,GA,GT,GG,GG,NT,CC,TC,GA,TT,CC,GG,GG,NG,CG,AA,TT,GG,CC,NT,TC,CC,TT,AA,TC,CG,CC,TT,TT,AA,GG,AA,AA,GG,CC,AG,CC,NN,GC,AG,TC,CT,GG,AA,TT,CC,TT,CC,TT,AA,GT,GG,GT,GG,CC,GG,GG,GA,CN,GA,GG,GG,TN,TT,CC,CC,NT,AA,TT,NN,AA,GA,GG,GG,GG,TT,TG,TC,GG,AA,AA,GA,GG,GG,CC,AA,CT,TT,GG,CC,TT,AA,AA,NN,AA,TN,GT,CC,AA,TT,AA,TT,CG,AA,GT,GG,GA,TT,GG,GG,CC,GG,CT,AG,TT,TG,TG,AG,CT,TC,NA,NT,AA,CC,TT,TG,NN,GA,TT,GA,AG,GT,TC,GG,GG,AG,TT,TT,TT,TC,GG,GG,TT,TT,CA,CC,GA,NN,TT,CC,TC,AC,GG,CC,TT,TT,TT,AA,AA,NN,CT,TT,GG,TN,AA,TT,AG,GA,AA,TC,GG,AA,CT,TA,GT,AA,TC,CC,TC,CT,AA,CC,CC,TT,CC,AG,CC,CT,CN,GG,AA,AG,TT,CC,GG,AA,CC,CA,AA,TA,GG,GG,CT,NN,GG,AN,TT,AA,GT,GG,GG,AA,CC,GA,CC,TT,NC,NN,TN,CG,CT,TG,GG,NN,AA,AA,TT,GG,GA,CC,AA,CC,TN,AA,AC,NN,CC,GG,GT,AA,NN,GG,TC,AA,TT,AA,GA,GG,GA,GG,CC,AT,CT,AG,CC,AG,GG,GG,CC,CG,GG,TT,NN,CC,TT,GG,GG,CT,NA,GG,GG,AA,TC,TT,NN,GC,TT,AA,GA,TT,AA,TT,GG,AA,GN,AA,CT,GA,TC,NN,AA,AA,TT,GG,GG,AA,AA,AG,NN,CC,AT,CC,GA,GG,CC,TT,TC,GG,GG,CT,GT,AA,GG,AG,AA,CC,AA,CA,GG,TT,NC,AA,CT,GG,CC,CC,NN,CT,NC,CN,AA,TC,GA,AA,TT,GA,TT,AN,AA,CC,NN,NC,CC,AA,TC,TA,CC,AG,TN,GG,AA,CC,NG,TT,CC,CC,GG
Italy,,,,NA20758,,AN,CC,AA,TT,TT,GG,TT,GG,TC,CN,NN,GG,CT,CC,CG,TT,GA,GG,AG,CC,CC,AA,GG,TT,GG,CN,TG,GG,TC,AC,NN,CT,CC,GA,TG,GG,AA,GG,AA,AA,TC,CC,CC,NN,TC,NN,CC,AA,CC,CC,CT,AA,AG,CC,AA,CC,GG,TT,GA,GG,CC,GG,GG,CC,CC,GG,AG,AA,TT,CG,TA,NN,NN,CC,AA,CT,TC,AA,AA,AA,GG,CC,CC,AC,AA,CT,GG,GG,AA,AT,CC,NN,TN,GA,AA,CC,AG,GG,CC,AA,GG,GA,CT,NN,TT,GG,AA,GG,AA,AG,NN,CC,GG,CC,TT,GG,AG,GG,TT,CG,AA,TC,NN,CC,CC,GG,CC,CG,GG,GT,GT,GG,NN,TC,CC,AA,TT,CT,GG,GA,NN,CC,GA,TT,GG,GG,NN,TT,CT,TT,AG,CC,GC,CC,CT,TT,AA,GG,AA,AA,GT,TC,AG,TC,TN,CG,AG,TC,CC,GG,AA,TC,CC,TT,CC,TT,CA,TG,AA,TG,GG,CC,GA,GG,AA,NN,AG,GG,GG,TT,TT,CT,CC,TT,GG,TC,NN,AA,GG,GG,GG,GG,TT,GT,CT,AG,AA,AA,GA,GA,GG,GG,AA,CC,TC,GA,TC,TT,CA,AA,TT,AA,TN,TG,TT,AA,CT,AA,TT,CC,AA,TG,AG,AG,TT,GG,GG,CT,GG,CC,AA,TG,GT,TG,AG,CT,CC,AN,NT,AT,CC,TT,GT,TT,AG,TT,GA,GG,GT,CC,GG,GG,GA,TT,TT,GG,TC,GG,GG,TT,TC,CA,CC,AG,NC,CT,CC,CT,CC,AG,CC,CC,TN,TC,AC,AA,CN,CC,TT,GG,TT,AA,CC,GA,AG,GG,CC,GG,CA,TC,TA,TT,AA,CC,CC,CC,CC,NA,CG,CC,CT,CC,AG,AC,TC,NN,GC,AA,GA,CC,CC,TT,AA,CT,AA,AA,TA,GG,GG,CC,NA,AG,NA,TT,AA,GG,GG,AG,AA,CC,AA,CC,CC,CC,TN,TT,CC,CT,GG,GA,GG,AG,AG,TC,AG,GA,CC,AA,CC,NN,AA,CC,NN,CT,GG,TT,AA,NN,GG,CC,AA,TT,CA,GG,GG,GG,GG,CC,AT,CT,AA,CC,AA,GG,GG,CC,GC,GG,TA,NN,TC,TT,AA,GG,CT,AN,NG,GG,AA,CC,TT,NC,GC,GT,AA,AA,TT,AA,TT,GG,AA,NN,AA,CC,GG,CC,NN,AA,AG,TT,GG,GG,AA,AA,AA,CN,CC,AA,NN,AA,GG,TC,TC,CC,AG,GG,CC,GG,AA,GG,AG,AG,TC,AA,CC,GA,TA,NN,AA,CC,GA,CC,CC,NA,CC,CC,CC,AA,CC,GA,AA,TT,AA,TC,AA,NA,CC,NN,CN,CT,AA,TT,TT,CG,AG,TT,GG,TT,CC,GG,CT,CC,CC,GG
Italy,,,,NA20759,,NA,CC,AC,TT,TT,CG,TT,TT,CT,CN,NN,GG,CC,CT,CG,TT,AA,GG,GA,CC,CC,CA,TT,CT,AA,NN,TG,GG,CT,CC,NN,TC,CC,AG,TG,GG,AA,AA,CC,GG,CT,AA,CT,NA,TT,NN,CC,AA,CC,CC,CC,AA,AG,CC,GA,CC,GG,TT,AG,AG,TT,GG,GG,CG,TC,GG,GA,NA,TT,GC,AT,NN,NN,CC,TA,CC,TC,AA,AA,GG,GG,CC,CC,CA,AG,CC,GG,GG,AA,TT,CT,NG,NT,GG,GA,TT,AG,GG,CC,AA,AG,AG,CC,NN,TT,GA,AA,AA,GA,AA,NN,CC,AA,CT,TT,GG,GG,GG,TT,GG,AA,CT,CN,CC,CC,GG,CT,CC,GG,TT,TG,GG,NN,TT,CT,AA,TT,CC,AG,GG,NN,CC,AG,TT,GG,CC,NN,TT,CC,GG,AA,CC,GG,CC,TC,TG,AA,TG,AA,AA,GG,TC,GG,CT,NT,CC,GG,TT,CC,AG,GG,TT,CC,TT,CC,TA,AA,TT,GG,TT,GG,CC,GG,GG,AA,CC,AA,GG,GA,TN,TT,TC,CT,TT,GG,TC,NN,AA,GG,GG,GG,GG,TT,GT,TT,GA,AA,AA,AG,AA,GG,GC,AA,CT,CT,AG,CC,TC,AA,AA,NT,AG,TN,GG,CC,GA,CT,AA,TG,CC,AA,GG,GG,AA,TT,GG,GG,TC,AA,CC,AA,TT,TG,GT,GG,TT,TT,NN,TN,TT,CT,TG,TT,NN,AG,TC,AA,GG,GT,CC,GG,GA,AG,TN,TC,TT,TC,NG,GG,NT,TT,CC,CT,AA,NN,TT,CC,CC,CC,GA,CG,TC,TT,CC,AA,AA,NN,CC,TT,GT,NN,AA,TT,GA,AA,AG,CC,GG,AA,CT,TA,TT,AA,CT,CC,CC,CT,AA,GC,CC,TC,CC,GA,CC,TC,NN,GG,AA,GA,CC,CC,TT,AA,CC,AA,AA,AT,GT,GG,CC,AN,GA,NA,TT,AA,GG,AA,AG,GG,CC,AA,CG,CT,CC,NN,NN,CG,CT,GT,GG,NN,AA,AA,TT,AG,GG,CC,AC,CC,NN,AA,CC,NN,CC,GG,TT,AA,NN,GG,TC,AA,TT,AC,GG,GG,GG,GG,CC,AA,TC,AA,CC,AA,GG,GG,CC,CG,GG,TT,NN,CT,TT,AG,GG,CT,NN,GG,GG,AA,CC,TT,NN,CG,TT,AA,AA,TT,AA,TT,GT,AA,NN,AA,CC,GA,CT,NG,AG,AG,TT,AG,GG,AA,AC,AA,NN,CC,AT,NN,GA,GG,TC,TT,CC,GG,GG,CC,GG,AA,GG,AG,AA,TT,AA,CA,GG,TT,CN,AA,CT,AG,CC,CC,NN,CC,NC,CC,AA,CC,GG,GA,CC,AA,TT,AA,AA,CC,GN,CN,TC,AA,CC,AA,CC,GA,NT,GG,TA,CC,GG,CT,AC,CC,GG
Italy,,,,NA20760,,NA,CC,CA,TT,TT,GG,TT,GG,CC,NN,NN,GG,CC,CC,CC,CT,GA,GC,GG,CC,CC,AA,GG,TC,AA,NN,TT,GG,CC,AA,TT,CC,NC,AA,GG,GG,AA,GG,CC,GG,CT,AA,CC,NN,CT,NN,TC,AA,NC,CC,CC,AA,GG,CC,GG,TC,AG,TT,GG,GA,CT,GG,GG,GC,CC,GG,AG,AA,TC,CC,TT,TN,NN,CC,AA,CC,CT,AA,AG,AA,GG,CC,CC,CA,AG,CC,GG,GG,AA,TT,CC,GG,NN,GG,GG,CC,GA,GG,CC,CA,GG,AA,TT,CC,TT,GG,AA,GA,AA,GA,NN,CC,GG,CT,TT,GG,GG,GG,CT,GG,AA,CC,NN,TC,CC,GG,CC,CC,GG,TG,TG,AA,NT,TT,TT,AA,TT,CC,GA,AA,NN,CG,AG,TT,GG,CC,NN,TT,CC,GT,AG,CC,GG,CC,CT,GT,AA,TG,AG,AA,GG,CC,AA,TC,TT,CG,GG,TT,CC,GG,GA,TT,CT,TT,CT,AT,AC,GT,GG,TG,GG,CC,AG,GG,AA,CN,AG,GG,GG,TN,TT,CC,CT,TT,AG,TT,NG,AA,GG,GG,AA,GG,CC,TT,CC,AG,AA,AA,AA,AA,GG,CG,AA,CC,TC,AG,CC,TC,AA,AA,TT,GA,NN,GT,CT,AA,CT,GA,TT,CC,AA,TG,GG,GG,TT,GG,TG,CC,GG,CC,GA,TT,GT,TG,AA,CT,TT,NN,TN,TA,CT,TG,GT,TT,GG,TT,AA,GG,TG,CC,GG,GG,GG,TN,TC,GG,TT,NG,GG,TT,TT,CC,CT,GG,NN,TT,CC,TT,AA,GG,CC,TC,TT,TC,AA,AA,CN,CC,TT,TG,TT,AA,TT,GG,AA,AA,CC,GA,AA,TC,AA,TT,AA,CC,CT,CC,CC,NN,GG,CC,CT,CC,AG,CC,TC,NC,GC,GA,AA,CC,CC,GT,AA,TT,AA,AA,AT,GG,GG,TC,NA,AA,AN,TC,AA,GG,GG,AA,AA,CC,AA,CG,TT,NN,NN,NT,GC,CT,TT,GG,NN,AA,AA,TT,GA,GA,CC,CA,CN,TN,CC,CC,NG,CC,GG,TT,AA,NN,GG,TC,AA,TT,CC,GG,GG,GG,GG,TC,TT,TT,AA,CC,AA,GG,GG,CC,GC,AG,AT,NN,TC,TC,GA,GC,CC,NN,NG,GG,AA,TT,CC,NN,CC,GT,AG,AA,TT,AA,TC,GG,TA,NG,AA,CC,GG,TC,NG,AA,AG,TT,GG,GC,AT,AA,AG,NC,TC,TA,NN,GA,AG,CT,TT,TC,GG,GG,CT,GG,AA,GA,GG,AA,TC,AA,AA,GG,TT,NN,GA,CC,GG,CC,TC,NN,CC,CC,NC,CA,CC,GA,AA,CT,GA,TT,AA,AA,CC,GN,NC,CC,AA,CC,AA,CC,GA,TT,GG,AA,CC,GG,CT,CC,CC,GG
Italy,,,,NA20761,,NA,CC,CA,TT,TC,GC,TT,TT,CT,NC,NN,GG,CC,CC,GC,TT,AA,GG,GG,CC,CC,AC,TG,TT,AG,NC,TT,GG,CT,AA,NN,CC,CN,AA,TG,GG,GA,AA,CC,GG,CC,AC,TC,NN,TT,NN,CC,AA,CN,CC,CT,AA,GA,CC,AG,CC,GG,TG,GG,AA,TT,GG,GT,CG,CC,GG,GG,AA,TT,CC,AT,NN,NA,CN,AA,CT,TC,AA,GA,AG,GA,CC,CC,AA,AA,TC,GG,GG,AA,AT,TT,NN,TN,AA,AA,CC,GA,GG,CC,AA,AG,AA,TT,NN,TT,GG,AA,AA,AG,AG,NN,CC,GA,TT,TT,GG,AG,AG,TC,GG,AA,CC,NN,TC,CC,GG,CC,CC,AA,GT,GG,GA,NN,TC,CC,AA,TT,CC,GG,GA,NN,GG,AG,TC,GG,CC,NN,CT,CT,TT,AA,CC,CG,CC,TT,TT,AA,GT,AA,AA,TG,CC,AA,TC,TT,GC,GA,CT,CC,AG,AG,TC,TT,TT,CC,TA,CA,TT,GA,TG,GG,CC,AG,GG,AA,CC,AA,GG,AG,TN,TT,TC,CC,TT,AG,TT,NG,CA,AG,GG,GA,GA,TT,TT,TT,AG,GA,AA,AA,GG,GG,CC,AC,TT,TT,GG,CC,TT,AC,AA,TN,AA,TN,GG,CC,GA,TC,AA,TT,CC,AA,GG,AA,AA,AA,GG,GG,CT,GG,CC,AA,TT,GG,GT,GG,CC,TT,AN,NT,AA,CC,TT,GT,TN,GA,TT,GG,AA,TT,CC,GT,AG,GG,TT,TT,TG,TT,GG,GG,NN,TC,CA,TC,GG,NN,TC,CC,TC,CC,GG,CC,CC,TT,TT,CA,AG,NN,CC,TT,GG,TN,AA,CT,AA,AG,GG,CT,AG,CA,TC,TT,TT,AA,CT,CC,TC,CC,NN,CG,CC,TC,CC,GA,CC,CT,NN,GG,AA,GA,CT,CC,GG,AA,CT,CA,AA,TT,GG,GG,CC,NN,GG,NN,TT,AA,GG,GG,AG,AG,CC,AA,GC,CC,NC,NT,TN,CC,TT,TG,GG,NN,AA,AA,TT,GA,AG,CG,AC,CC,TN,CC,CC,NN,CC,GG,TT,NA,NN,GG,CC,AA,TT,CC,GG,GG,AG,GG,CC,TT,TT,AA,NC,GG,GG,GG,CC,CC,GG,TT,NN,TT,TT,AG,GG,CC,NN,NN,GG,GA,CC,TT,NN,CC,TT,AA,AA,CT,AA,CT,GT,AA,NN,AA,CC,GA,TC,NN,GA,AA,TT,AG,GG,AA,AA,GA,NC,CC,TA,NN,AG,GG,CC,TT,CC,GG,GG,CC,GG,GA,GG,GA,AA,CT,AA,AC,GG,TT,CC,AA,CC,GA,CC,TT,NA,CC,CN,NC,AA,CC,AA,AA,TT,AA,CT,AA,AA,CC,NN,NC,CC,AA,CC,TA,CC,AG,TN,GG,TA,CC,GG,TC,CC,CC,GG
Italy,,,,NA20762,,AA,CC,CA,TT,TC,GG,TC,GT,CC,NN,NN,GG,CT,CC,CG,CT,AA,GG,GG,CC,CC,AC,GT,TT,AA,NN,TG,GG,CC,AA,TN,TC,CN,AA,TG,GG,GG,AG,AA,AG,CC,CA,CC,NN,CC,NN,TC,AG,CC,CC,CC,AA,AA,AC,GG,TC,GG,TT,GA,AA,CT,GA,GG,CC,CC,GG,GG,AA,TT,CC,AT,NN,NA,CN,AA,CT,TC,AA,GA,AG,GG,CC,CC,AA,GA,CC,GG,GG,AA,TT,CC,NN,NN,AG,AA,CC,AG,GG,CC,AA,AA,AA,CT,NN,TT,GG,AC,AA,AG,GG,NN,CC,GG,TC,TT,GG,GA,GG,CT,GG,AA,CC,NN,CC,CC,GG,CC,CC,GG,TT,TG,GG,NT,CT,CC,AA,TT,CC,AG,GG,NN,GG,GG,TT,GG,CC,NN,TC,TT,TG,AG,TC,CC,CT,TC,TT,TA,TG,AA,AA,GG,CC,AA,TC,TT,GC,GG,CC,TC,GG,AG,TT,TC,TG,CC,TT,AA,TT,AG,TT,GG,CC,AA,GG,AA,NN,AG,GG,GG,TT,CT,CC,CC,TT,GG,TT,NG,AA,AG,GG,GG,GG,TT,TT,CT,GG,AA,AA,AA,GA,AG,CG,AA,CT,TC,GG,CC,CC,CA,AA,NT,GG,NN,GG,CC,AA,TT,AA,TT,CC,AA,GG,GA,AA,AA,GG,TT,CT,GA,CC,AA,TT,TG,GG,GG,TC,TT,NN,TT,TA,CT,TT,TT,NT,GG,TT,AA,GG,GG,TC,TG,AG,AG,TN,TC,TT,TC,GG,GA,TN,TT,CC,CC,GA,NN,CT,CC,TT,CC,GG,CC,TT,TT,TC,AA,AA,CN,CT,TT,GG,TN,AA,TC,GA,AG,AG,TT,AG,AA,CC,AT,TT,AA,CC,CC,CT,TC,AN,CG,CG,CT,CC,AG,CC,TC,NN,CG,AA,AA,CC,CC,GG,AA,CC,AA,AA,AT,GG,GG,CC,AN,GG,NA,TT,AA,GG,GG,GG,AA,CC,AA,GC,TT,NN,NT,NN,GC,CT,GT,GG,NG,GA,GA,TT,AG,AG,CC,AA,CN,NT,CA,CC,NN,TC,GG,TT,AN,NC,GG,TC,AA,TT,AC,GG,TG,GG,GG,CC,TT,TT,AG,CC,AA,AG,AG,TC,GC,GG,TT,NN,CC,CT,AG,GG,CC,NN,NG,GG,GA,TT,CC,NN,CC,TT,AG,GG,TT,AA,TT,TT,AT,NN,AA,CC,AG,CC,GN,GA,AA,TT,AG,GG,AA,AA,GA,NN,CC,AA,NN,GG,GG,TC,CT,TT,GG,GG,TC,GG,AA,GG,GG,AA,TC,AA,AA,GA,TT,NC,AA,CC,GG,CC,CC,NN,CC,CN,NC,AC,TC,AA,AA,TT,GG,CT,AA,AA,CC,NN,NC,CC,AA,TC,TT,CC,GG,NT,GG,AT,CN,GN,CC,AC,TC,GG
Italy,,,,NA20763,,AA,CC,CC,TT,TT,GG,TT,GG,TC,CN,NN,GG,CT,CC,GG,TT,AA,CG,AG,CC,CC,AA,GG,TT,GG,CC,GT,GG,CC,AA,TN,CC,CN,AA,GG,GG,AA,GA,CA,AG,TC,CA,CC,NN,TC,NN,CT,AG,NC,CC,CC,AA,AA,CC,GG,CC,GA,TT,GG,GA,TT,GG,GG,CG,CC,GG,GA,AA,TT,CC,TA,TT,NN,CC,AT,TC,TT,AA,AA,GA,GG,AA,CC,CA,AA,TC,TG,GG,AA,TA,CC,NN,NN,AG,AA,CC,GA,GG,CC,AA,GA,AA,TC,NN,TC,GG,AA,AA,GG,AA,NN,CC,GA,TT,TT,GG,GG,GG,TT,GG,AA,TC,NN,CC,CC,GG,CT,CC,GA,TT,GT,GG,NN,CT,CC,AA,TT,CC,GA,AA,NN,CG,AG,TT,GG,CC,NN,TC,CC,GT,AA,CC,CC,CC,TT,TT,AA,TG,AG,AT,GG,CC,AA,CC,TT,CC,AG,TC,CC,GA,AA,TT,CC,GT,CC,AT,CA,TT,AG,GT,GG,CC,GG,GA,AA,CN,AA,AG,GG,NN,TT,CC,TC,TT,GG,CT,NG,AA,AG,GG,GG,GG,TT,TT,CC,GG,GA,AA,AG,AG,GG,CG,AC,TC,TC,GA,TC,TC,AA,CA,TN,AA,NN,TG,TC,AA,TT,AA,TT,CC,AA,GG,GG,AA,TT,GG,GG,TT,GG,CC,GG,TT,TG,GT,GA,CC,CT,NN,NT,AT,CC,TT,TG,TN,GG,TT,AA,GG,GT,CC,TG,AG,GG,TT,TT,TT,TC,NG,AG,TT,TT,CC,CC,AG,NN,TT,CT,CC,CA,GG,CG,CT,TT,CC,CA,AG,CN,CC,TT,GG,TN,AA,TT,AA,GA,AG,CC,GG,AA,TC,TA,TT,AA,CC,CC,CC,CT,NN,GG,CC,CT,CC,AG,CC,CC,NN,GG,AA,AG,CC,CC,TT,AA,CC,AA,AA,AA,TG,GG,CC,NN,AA,NN,TT,AA,GT,AG,AA,AA,TC,GA,GC,TC,NN,NN,NN,CC,TC,TG,GG,NN,AA,AA,TT,AA,AG,CC,CA,CC,NT,AA,CC,NN,CC,GG,TT,AA,NN,GG,CC,AA,TT,AA,GG,GG,GG,GG,CT,AT,TC,AA,CC,GA,GG,GG,TT,GC,GG,AT,AN,TC,TC,AA,GC,TC,NA,NG,GG,AA,TC,CT,NN,CC,TG,AA,AA,CT,GA,TT,TT,AA,GG,AA,CC,GA,TC,NN,AA,AA,TT,GG,GG,AA,AA,AA,NN,TC,AT,CN,GG,GG,CC,TT,CT,GG,GG,CC,GG,GA,GG,AA,GA,TT,AA,CA,GG,AT,CN,AG,CC,AG,CC,CC,NN,CC,NN,CC,AA,CC,GG,AA,TC,AA,TC,NN,NA,CC,NN,CN,CC,AA,CC,TA,CC,GA,TT,TG,TT,CC,GG,CC,CC,CC,GG
Italy,,,,NA20764,,AN,TC,AA,TT,CT,CG,TT,GT,TT,CC,NN,GG,CC,CC,GC,TT,AA,GG,GA,CC,CC,AA,GG,CT,GG,CC,TT,GA,CC,AA,TN,CC,NC,AA,GG,AG,GG,GG,AC,GG,CC,AA,CC,NN,TC,NN,CC,AA,CC,CC,CC,AA,AG,CC,GG,CC,GG,TT,GG,AG,CC,GG,GG,CG,CC,GG,GA,NN,TT,GC,TT,NN,NN,CC,AT,CT,TT,AA,GA,GA,GG,CC,TC,CC,AA,CT,GG,GA,AA,AT,CC,NG,NT,GG,GG,CC,AA,GG,CC,AA,GG,AA,TC,NN,TT,GG,AA,AG,AG,AG,NN,CC,GA,CT,TT,GG,GA,GG,TT,GG,AA,CC,NN,CC,TC,GG,CC,CC,GA,TT,TG,GG,NN,CC,CC,AA,TT,CC,AG,AG,NN,GC,GG,TT,GG,CC,NN,TT,TC,GT,GG,CC,GG,CC,TT,TT,AA,GG,AG,AA,GG,CT,AA,TC,TT,CG,GG,TC,CT,GG,GG,TT,CC,TG,CC,AA,AA,GT,GA,TT,GG,CC,GG,GG,AA,NN,GG,GG,GG,TN,TC,CT,CC,TN,GA,CT,NN,CA,GA,GG,GA,GA,TT,TT,CC,GA,AA,AA,GA,AA,AG,CG,CC,TT,CT,AG,CC,CT,CC,CA,NT,AA,TN,TT,CT,AG,CC,AA,TT,CC,AA,GG,GG,AA,AT,CG,GG,CC,GG,CC,GG,TT,TG,TT,AG,CT,TT,NN,TT,TA,CC,TT,GG,TT,AA,TT,AG,AA,TT,CC,GT,GG,GG,NN,CC,GT,TT,GG,GG,TT,TT,CC,CC,AG,NN,TT,CC,CT,AA,GG,CC,CC,NT,CC,AA,AA,CN,CC,TT,GG,TT,AA,TT,AA,GA,GG,CC,GG,AA,CT,TA,GT,AA,CC,CC,CC,CC,NN,CG,CC,TT,CC,AG,AC,CC,NN,GC,AA,AA,CC,CC,GG,AG,CC,AA,AA,TT,GG,AA,TC,AA,AG,NN,TT,AA,GT,AG,AA,AA,CC,AG,GC,CT,NN,NN,NN,GC,TT,TT,GG,NN,AA,GA,CT,GG,GA,CC,CA,CC,NN,AC,CC,GN,CC,GG,TT,AA,NN,GG,CC,AA,TT,AC,GG,GG,GG,AG,CC,TT,TT,AA,CC,AA,GG,GG,CT,GC,GG,TT,NN,TC,TC,AA,CC,TC,NN,NG,GG,AA,CT,TC,NN,GC,TG,AA,AA,TT,AA,TT,GG,AA,NN,AA,TC,AG,CC,NN,GA,AG,TT,GA,GG,AA,CA,AG,NN,CC,TA,NN,AA,GG,CC,TT,CC,GA,GG,CC,GG,AA,GG,AG,AA,TT,AA,AA,AA,AT,NC,AA,CT,GG,CC,CT,NN,CT,NN,CC,CA,CC,AG,AA,TT,AG,TT,AA,NN,CC,NG,NC,CC,AA,CT,TA,CG,GA,TN,GG,AT,CN,GG,CC,CC,CC,GG
Italy,,,,NA20765,,AN,CC,AA,TT,TT,GG,CT,GG,CC,CC,NN,GG,CC,CC,CG,TC,GA,GG,AG,CC,TC,AA,GG,TC,AG,NC,TT,AG,TC,AA,NT,CC,CN,AA,GG,AA,AA,GA,AC,AG,CC,CA,CC,NN,TC,NC,TC,GA,NN,CC,CT,AA,GA,CA,AA,CC,GG,TT,GG,GG,TT,GA,GG,CC,CC,GG,GA,AA,CT,CC,TT,NN,NN,CC,AT,CC,CT,AG,AA,GG,GG,CC,CC,AC,GG,CT,GG,AG,AA,TT,CT,NG,NN,GA,GA,CC,AA,GA,CC,AA,AA,AA,TT,NN,TT,GG,AA,AG,GG,GA,CN,CT,GA,TT,TT,GT,GG,GG,TT,GG,AA,CC,NN,CC,CC,GG,CC,CC,AG,TG,TG,GG,NN,TC,CC,AA,TT,CC,GA,GG,NN,GG,GA,TT,GG,CC,TN,CT,CC,GT,AA,CC,GG,CC,CC,TT,AA,GT,GG,AT,GG,CC,AA,CT,TT,CG,GG,CT,TC,AG,AA,TC,CC,TT,TC,TA,AC,GG,AG,GT,GT,CT,GA,GG,AA,NC,AG,GG,GG,NT,TT,CT,CC,TT,AA,TT,NN,AA,GG,GG,AG,GG,TC,TT,CC,GG,AA,AA,AA,AG,GA,CC,AC,CT,CT,AG,CT,CT,AC,AA,TT,AG,NN,GG,CC,GA,TC,AA,TG,CC,AA,GG,GG,GG,TT,GC,TG,TC,GG,CT,AG,TT,TG,GT,GG,CC,CT,AN,NT,AT,CC,TT,GG,TT,GG,TT,GG,GA,TG,CT,GG,GG,GG,NN,CC,TT,CT,GG,GG,NT,TT,AC,CC,GG,NN,TT,CC,TT,CA,GG,CC,TC,TT,TC,AA,AA,CN,CC,TT,GG,TT,AA,TC,AA,GG,GG,CC,GG,AA,CT,TA,TT,AA,CC,CC,CC,CC,AA,CC,CC,TT,CC,AG,CC,TC,NN,GC,AA,GG,CC,CC,GG,AA,CC,AC,AA,AT,GG,GA,CC,NN,GG,NA,CC,AA,TG,AG,AG,AA,CC,AA,CC,TC,NN,NN,NN,GG,TT,GG,AA,NN,AA,GG,TC,GA,GA,CC,AA,CC,NT,AC,CC,NN,CT,GG,TT,AA,NN,GA,CC,AA,TT,AA,GA,GT,GA,GG,TC,AT,TT,AA,CC,GA,GG,GG,CC,CC,GA,TA,NN,CC,TC,GG,GG,CC,NN,NN,AG,AA,CT,TC,NN,CC,TT,AA,AG,TT,AA,TT,GT,AA,NN,AA,CC,GA,TC,NN,AA,AA,TT,GG,GG,AA,CA,AA,NN,CC,AT,CN,GG,GG,CC,TT,TT,GG,GG,CC,GG,AG,GA,GA,GA,TT,AA,AA,GG,AA,CC,AA,CC,GG,CC,CT,AA,TC,CN,CN,AA,CC,AG,AA,TT,AA,TC,AN,AA,CT,NN,NN,TC,AA,CC,AT,GC,AG,TT,GG,TT,CN,GG,CC,CC,CC,GG
Italy,,,,NA20766,,NA,CC,CC,TT,CT,GG,TT,GT,CC,NN,NN,GG,TC,CC,CC,TT,GA,GG,AG,CC,CC,AA,GG,TT,GG,NN,GT,GG,CC,AA,NT,CT,CC,GA,GG,GG,GA,GA,CC,GA,TC,AC,CC,NN,TC,NN,CC,AA,CN,CC,CC,AA,GG,CC,GG,TC,GG,GT,GG,AG,TT,GG,GG,GC,CC,GC,AG,NA,CT,CC,TT,NN,NA,CC,AA,CC,CT,AA,AG,GA,GA,CC,CC,AA,GA,CC,GG,GG,AA,TT,CC,NN,NT,GG,AG,CC,AG,GG,CC,AA,AG,AA,TT,NN,TT,GG,AA,AA,AA,GA,CN,CC,AA,TC,TT,GG,GG,GG,CT,GG,GA,CC,NN,CC,CC,AG,CC,CG,GG,TT,GG,GG,NT,TC,CT,AA,TT,CC,AG,GG,GG,CC,GA,TT,GG,CC,NN,CT,CC,TG,AA,CT,CC,CC,TC,TT,AA,GG,AA,TA,GG,CT,AA,CC,NT,CC,AG,TC,CT,AG,AA,TT,TC,TT,TC,TA,AA,TG,AA,TT,TG,CC,GG,GG,AA,NN,GG,GG,GG,NT,CT,CT,CC,TT,GG,CC,NN,AA,GA,GA,AA,GG,TT,TG,CT,GG,AA,AA,AA,AG,AG,CC,CA,CC,TC,GG,CC,CT,AA,AA,NT,GA,NT,TG,CC,GA,CT,AA,TG,CC,AA,GG,GG,AA,TT,GG,TT,CC,GG,TC,AG,TT,TG,TT,AG,CC,TC,NN,NN,AA,CC,TT,GT,TN,GG,TT,AA,GG,GT,CT,GG,GG,GG,NT,CT,GG,CT,GG,GA,TT,TT,CC,TT,GA,NN,TT,TC,TC,AA,AG,GG,TC,TT,TC,CA,AA,NN,CC,TT,GG,NT,AA,CC,AA,GA,GG,CC,GG,AA,CC,AA,TT,AA,CC,CC,CC,CC,AA,CG,CC,TC,CC,GA,CC,TC,CC,GG,AA,GG,CC,CC,GT,AA,CC,AA,AA,TA,GG,AA,CT,NN,GG,AA,TT,TT,TG,AG,AG,AA,TC,AG,CC,TT,NC,NT,TT,CC,CC,TG,GG,NN,AA,AG,TC,AG,GA,GC,AA,CC,TN,CA,CC,GG,CC,GG,TT,AA,NN,GA,CC,AC,TT,AC,GG,GG,GG,GG,CC,TA,TT,AA,CC,AA,GG,GG,CC,GC,GG,TT,NA,CC,TT,GG,GG,CT,NN,NG,GA,AG,TC,CT,NN,CC,TT,AA,AA,TT,AA,TT,GG,AA,NN,AA,CC,GG,CT,NN,AA,AA,CC,GG,CG,AA,CA,GG,NC,CC,AA,NN,GG,GG,CT,TT,CC,GG,GG,CC,GG,AA,GG,GG,AA,TT,AA,AA,GA,TT,CN,GA,CC,GA,CC,CC,NN,TC,CC,NC,CA,CC,AG,AA,TT,GA,TT,AA,AA,CC,NG,NN,TC,AA,CC,TA,CC,GG,TN,GG,AT,CN,GG,TC,CC,CC,GG
Italy,,,,NA20767,,NA,CC,AA,TT,CT,GG,TT,GT,CC,CN,NN,GA,TC,CC,GG,TT,GA,GC,GA,CC,CC,AA,GG,TT,AA,NN,TT,GG,CC,CC,NN,CT,NN,AA,TG,GG,AA,GA,CC,AG,CT,CA,CC,NN,TT,NN,CC,AA,CC,CC,TC,AA,GG,AC,GG,TC,AG,TT,AA,GG,CT,AG,GT,CG,CC,GG,AA,NN,TT,CC,TT,TN,NN,CN,AA,CC,CC,AA,AA,GG,GG,CC,TC,AA,AA,TC,GG,GG,AA,TT,CC,NN,NT,GG,GG,CC,GA,GG,CC,AC,GG,AA,CT,NN,TT,GG,AA,GG,GG,GG,NN,CC,AA,TT,TT,GG,GG,GG,TT,GG,AA,CC,NN,CC,CC,GG,CC,CC,GG,TT,GG,GA,TN,CC,CC,AA,TT,CC,GG,AG,GN,CC,GG,TT,GG,CC,NN,TC,CT,GT,GA,CC,CC,CC,CC,GT,AA,GT,AA,AA,GG,TT,AG,TC,NN,GG,GG,CC,CC,GA,AA,TT,TT,TG,TC,TT,AA,TG,AA,TT,GG,CC,GA,GG,AA,CN,GG,AG,GG,NT,TT,TT,CC,TT,GA,TT,NN,AA,GG,GG,GA,GG,TT,TT,CC,GG,AA,AA,AA,AA,GG,GC,AC,CC,CT,AG,CC,TC,AA,CA,NN,AA,NN,TT,CC,AA,TC,AA,TT,CC,AA,GG,GA,AA,TT,CG,GT,CC,GG,CC,AG,TT,GT,GT,AA,CT,TC,NN,NT,TA,CC,TT,GG,NN,GA,TT,AA,AG,TT,CC,GG,GA,GA,TN,TC,TG,TT,NG,AG,NT,TT,CC,CC,GA,NN,TT,CC,CT,AA,GA,GG,TT,TT,CT,AA,AA,NC,CC,TT,TG,TT,AA,CT,AG,AA,GG,CC,GG,AA,CC,AA,TT,AA,CT,CC,CC,TC,NN,GG,CC,TC,CC,GA,AC,CC,NN,GG,AA,GA,CC,CT,GG,AG,CC,AA,AA,AA,GG,GG,CC,AN,AG,AN,TT,TA,GT,GG,GG,AA,CT,GG,GG,TT,NN,NN,NT,GC,TC,TT,GG,NN,AA,GA,TT,AG,AA,CC,AA,CC,NN,AA,CC,NN,CC,GT,TT,AA,NN,GG,CC,AA,TT,AA,AG,GT,AA,GG,CC,TT,CT,AA,CC,AA,GG,GG,TT,CG,AG,TT,NN,TT,TT,GA,GG,CC,AN,NG,GG,AA,TC,CT,NN,CC,TT,AA,AG,TT,AA,TT,GG,TA,GN,AA,CC,GG,CC,NN,AA,AG,TT,AG,GG,AA,AC,GG,NC,CC,AT,NN,AG,GG,TC,TT,TC,AG,GG,CC,GG,AA,GG,GA,AA,TT,AA,CC,GA,TT,CN,GG,TC,AG,CC,TT,NN,CC,NC,NC,AC,CC,GA,AA,CC,AG,TC,AA,AA,CT,NN,CN,CC,AA,TT,TT,CC,AA,NN,GT,TA,NC,GG,TC,CA,CT,GG
Italy,,,,NA20768,,AN,CC,AC,TT,TC,CG,TC,GT,CC,NN,NN,GG,CC,CC,CC,TT,AG,CG,GG,CC,CC,AA,GG,CT,GG,NC,GT,GG,CC,CA,NN,TC,NN,AA,GG,GG,AG,GG,CC,GG,TC,CA,CC,NN,CC,NN,CT,AG,CC,CA,CC,AA,GA,CC,AG,CT,GG,TT,AA,GG,TT,GG,TT,GC,CC,GG,GG,NN,CT,CC,TA,NN,NN,CN,TA,CC,CC,AA,AA,AG,AG,AC,TC,AC,AG,CT,GG,GG,AA,TT,CC,NN,TN,GG,AA,CC,GG,GG,CT,AC,GG,AA,TC,NC,TT,GG,AA,GA,AA,AG,NN,CC,GG,CC,TT,TG,GG,GG,TT,GG,AA,TC,NN,CC,CC,GG,CC,GC,GG,TT,GT,GG,NN,CC,CC,AA,TC,CT,GA,AG,NN,GG,GG,TT,GG,CC,NN,TT,CC,GT,AA,CC,CG,CC,TC,GG,AA,GG,AA,AA,TG,TT,AA,TT,TT,CC,GG,TC,CC,GA,GA,TT,CC,TG,CC,TA,AA,TT,GG,TT,GG,CC,AG,GG,AA,NN,AA,GG,GG,NN,TT,TT,CT,TT,GA,TT,GN,AA,GG,GG,GA,GG,CT,TT,CT,AG,AA,AA,AA,AA,GG,GG,CA,TT,TC,GG,CC,CC,AA,CA,NT,AG,NT,GT,CC,AA,CC,GA,TT,CC,AA,GG,GG,AA,TA,GG,GG,TC,GG,TC,AA,TT,TG,GT,AG,CC,TT,NN,TN,AT,CC,TT,TG,NN,GA,TT,AA,GA,TG,CC,TG,GG,GG,NT,CT,GG,CT,GG,GA,TN,TT,CC,TC,AG,NN,TT,TT,CT,CC,AA,GG,TC,TT,TT,AA,AA,NC,TC,TT,GG,TN,AG,CC,GG,GA,GA,CT,GA,AA,TT,AT,TT,AA,CC,CC,CC,TC,AN,CC,CC,TT,CC,GA,CA,CC,NC,CG,AA,GG,CT,CC,GT,AA,CC,AC,AA,AT,GT,AG,CC,NN,GA,NN,TT,TA,TG,GG,AA,AA,CC,AA,CG,CC,CC,NT,TT,CC,CC,GG,GA,GN,AA,AA,CT,AG,GA,CG,CA,CC,TN,AA,CC,NG,CC,GG,TT,AA,CN,GG,CC,AA,TT,AC,GG,GG,GG,GG,CT,TT,TT,AA,CN,GG,GG,GG,CC,CC,GG,TT,AN,CC,TT,GG,GG,CT,NA,NN,GG,AA,TT,CC,NN,CC,TT,AA,GA,TT,AA,CT,GG,AT,GN,AA,CC,GG,CT,GN,AA,AG,TT,GG,GG,AA,AA,AA,NN,CC,TT,NN,GG,GG,TC,CT,TC,GG,GG,CT,TG,AA,GG,GA,AA,TT,AA,AA,GA,TT,CN,GA,CC,GG,CC,TC,NA,CC,CN,CC,AA,CC,AA,AA,TC,GA,CT,AA,NA,TC,GG,NC,CC,AA,TC,AT,CC,AG,TT,GG,TT,NN,GG,CT,AC,TC,GG
Italy,,,,NA20769,,NA,CC,CC,TT,TT,GG,CT,TT,CC,NC,NN,GG,CC,CC,GG,TC,AG,GG,GA,CC,CC,AC,TG,CC,GA,NN,TG,GG,TC,AC,TN,CC,NN,AA,TT,GG,GA,AA,CC,GG,CC,AC,CC,NN,CC,NN,CC,AA,CN,CC,TC,AA,AG,AC,AG,TT,GG,TT,AG,GG,TT,GG,TG,GG,CC,GG,GA,NA,TT,GC,TT,NN,NA,CC,AT,CC,TT,AA,AG,GG,AG,CC,CC,AA,AA,TC,GT,GG,AA,TT,CC,NN,TN,GG,AA,CC,AA,AG,CC,AA,GG,AA,CC,NN,TT,GG,AA,GA,GG,AG,NC,TC,GG,CC,TT,GG,GG,AG,TC,GG,GA,CC,NN,CC,CC,GG,TC,CG,AA,TG,GT,GG,NN,TC,CC,AA,TT,CC,AG,GA,NN,GC,GG,TT,GG,CC,NN,TT,CT,TT,AA,CC,GC,CC,TT,TT,AA,GG,AA,AA,GG,TC,AA,CT,TT,CC,GG,CT,TC,AG,AG,TT,CT,TG,TC,TT,CA,GG,AA,TT,GG,CC,GG,GG,AA,NC,AA,GG,GG,NT,TT,TC,CC,TT,GG,TC,NN,CC,GG,GG,GA,GA,TT,TG,TC,GG,AA,AA,AA,AA,GG,CG,AA,TC,CC,GG,TC,TT,AA,AC,TN,AA,NN,GT,CC,AG,TC,AA,TT,CC,AA,GG,GA,GA,AA,GC,GG,CC,GG,CC,GA,TT,GG,TT,GA,TC,TT,NN,NT,AT,TC,GT,TG,NT,AA,TC,AG,GG,GT,CC,GT,GG,GG,TT,TT,TG,TT,GG,GG,NN,TT,CC,TC,GG,NN,TC,CC,TC,CA,GG,CC,CC,TT,TC,AA,AA,CC,CC,TT,GG,NT,GA,TC,AG,GA,GA,CC,GG,AA,CC,AT,TT,AA,CC,CC,CT,CT,NA,CG,CC,TC,CC,AA,AC,CC,NC,GG,AA,GG,CC,CC,TG,AA,CC,AA,AA,TT,GT,AG,CT,NN,AA,NA,TT,AT,TG,GG,AG,AA,TT,GG,GC,CT,CN,NN,NN,CG,CC,GT,AG,NG,AA,GA,TT,GA,AA,CC,CC,CC,NT,CA,CC,NG,TC,GG,GT,AA,NN,GG,CC,AA,TT,CA,GG,GG,GG,GA,CC,TA,TC,AA,CC,AG,GG,GG,TC,GC,GG,AT,NN,TC,TT,AA,CG,CC,AN,GN,GG,AG,CC,TT,NN,CG,GT,AA,AA,TT,AA,CT,GG,TA,NN,AA,CC,GG,TT,GN,GG,AG,TT,GG,GG,AA,CA,GA,NC,CT,AA,CN,GG,GG,TT,TT,CC,GG,GG,CC,GG,AG,GG,AA,AA,TT,AA,AC,GA,AA,CN,GA,CC,GG,CC,TC,NN,TT,CC,CN,AA,CC,AG,AA,TT,AG,CC,AA,AN,TC,NN,NC,CC,GA,CC,TA,CC,GG,TT,GG,TT,CC,GG,CC,CC,CC,GC
Italy,,,,NA20770,,AN,CC,AA,TT,TT,CG,TT,GT,CC,CC,NN,AG,TC,CT,CC,TT,GG,CG,AA,GC,CC,AA,GG,TT,GG,NN,TG,GA,CC,AC,TN,CT,CN,AA,GT,GG,AG,GG,CC,GG,CT,AC,CC,AN,CT,NC,CT,AG,NC,CC,CC,AA,AG,CA,GA,CC,GA,TT,GG,AA,TC,AG,TT,CC,CC,GG,AG,AA,TC,CC,TT,NN,NN,CC,AA,CC,TT,AA,AG,GG,AG,AA,CC,CA,GA,CC,GG,GG,AA,TT,CC,GN,NN,GG,GA,CC,AG,GG,CC,CA,GG,AA,TC,NN,TC,GG,AA,GG,GA,AA,NN,TC,AG,TC,TT,GG,GA,GG,TT,GG,AA,CC,NN,TC,CC,GG,TC,CC,GG,TT,GG,GG,NN,CT,CT,AA,TT,CC,AG,GA,NN,GC,AG,CT,GG,CC,NN,TT,TC,TG,GA,CC,GG,CC,TC,TT,AA,TG,AA,AA,GG,CC,AA,CT,TN,CC,AG,TC,CC,GA,GA,TT,TC,TG,CC,TT,CA,GT,GG,GT,GG,CC,GA,GG,AA,NN,AG,GG,GA,NN,TT,CT,CT,TT,GA,TT,NN,AC,GG,GG,AG,GG,TC,TG,CC,GG,AA,AA,AA,AG,GG,GC,CC,TT,TT,GG,CC,TC,AA,CA,NN,AA,NN,GT,CC,AA,TT,AA,TT,CC,AA,GT,GA,GG,TA,CG,GG,CT,GG,TC,GG,GT,TG,GT,AG,TC,TC,NN,NT,TA,TC,GT,TT,TT,GG,TT,AA,GG,GT,TT,GG,AG,GG,TT,TT,TG,CC,GG,AA,TN,TT,CC,CC,AA,NN,TT,CC,CT,AC,GA,CG,CC,TT,TC,AC,AA,NN,CC,TT,GG,NT,AA,TT,AG,GA,GG,TT,GG,AA,TT,AA,TT,AA,CT,CC,CC,CT,NN,CC,CC,TC,CC,GA,CC,CC,CN,CG,AG,AA,CC,CC,TG,AG,CC,AA,AA,TA,GG,GA,CT,NN,GA,NN,TT,TA,TG,GG,AA,GA,CC,GG,CC,CT,CC,NN,NN,GG,TT,GT,GG,NG,AA,AA,TT,GG,GA,CC,CC,CC,NN,AA,CC,NN,CC,GG,TT,AA,NN,GG,CT,AA,TT,AC,GG,GT,AG,AA,TC,AA,TC,AG,CN,GA,GG,GG,TC,CG,GA,TT,AN,CC,TT,AG,GG,CT,NN,GG,GG,AA,TT,CC,NN,CC,GG,AA,GA,TT,AA,TT,GT,AA,GG,AA,CT,GA,CC,NN,AA,AG,TT,GG,GG,AA,CA,AA,NN,CC,AA,NN,GG,GG,CC,CT,CC,AA,GG,CC,GG,AA,GG,GA,AA,TT,AA,AC,GA,TT,CN,AA,CC,GG,CC,CC,NN,CC,NC,CC,AA,CC,AG,GA,CT,GA,TT,AN,NN,TC,GN,NC,TC,AG,CC,AA,CC,AG,NN,GG,TT,CC,GG,CC,CC,CC,GG
Italy,,,,NA20771,,NA,CC,AA,TT,TT,GG,TT,GT,CC,NN,NN,GG,CC,TC,GG,TT,GA,GG,GG,CC,CC,AA,GT,TC,GG,CN,TT,GG,CC,CA,NN,CC,NN,AA,GT,GA,AG,GG,CC,GG,TC,CA,CC,NN,TC,NN,CC,AA,CN,CC,CC,AA,GA,CC,AA,CC,GG,TT,AG,GG,TT,GG,GT,CC,CC,GG,GA,AA,TT,CG,TA,NN,NN,CC,AA,TC,TT,AA,GA,GG,GG,CC,CC,AC,AG,TT,GG,GG,TA,AT,CC,NN,NT,GG,GG,CC,GA,GG,CC,CA,GA,AA,CT,CN,TT,GG,AA,AA,GG,GA,NN,CC,GG,CC,TT,GG,AG,GG,TT,GG,AA,CC,NN,CC,CT,GG,CC,GG,AG,TT,GT,GG,TN,CT,CT,AA,TT,CT,AG,GG,NN,GG,GG,TT,GG,CC,TN,CT,CT,GG,GA,CC,GC,CC,TC,GT,AA,GG,AG,AA,GG,TT,AA,TT,NT,CC,GG,CC,CC,GG,GA,TT,CT,GT,CC,TT,CA,GT,AG,GT,GG,CC,GG,GG,AA,NC,GA,GG,GA,NN,TT,CT,CC,TT,GG,TC,NN,AA,GG,GG,GA,AG,TT,TT,TT,GG,AA,AA,AA,GG,AA,CC,AC,CT,TT,GA,CT,TT,AA,AC,TT,GA,NN,TT,CC,GA,CT,AA,TT,CC,AA,TG,AA,GA,TA,GG,GG,CC,GA,CC,GA,TT,GT,TG,AG,CT,TT,NA,TT,TA,CC,TT,TG,TN,AG,CC,GA,GG,TG,TC,TT,AG,AA,TN,TC,TT,TT,NG,GG,NN,TT,CC,TC,GG,CN,TC,CC,CC,AA,AG,GG,CT,TT,CC,AA,AA,NN,CT,CT,GG,NN,AA,TT,AG,GG,GG,CC,GG,AA,CC,TA,TG,AA,CC,CT,TC,CC,NA,CC,CC,TT,CC,GG,CC,TC,NN,CC,AG,AA,TC,CT,GG,AG,CC,AC,AA,AT,GG,GA,CC,AN,GA,NN,TT,AA,GG,AG,AG,GA,CC,AA,GC,TT,NN,NN,NT,GC,TC,TG,GA,NG,AA,AA,TT,GA,GG,CC,AA,CC,TT,CA,CC,GN,CC,GG,TT,AA,NN,GG,TC,AA,TT,AC,GA,GG,GG,GG,CC,AA,CT,AA,CC,AA,GG,GG,CT,CC,GG,AT,NN,CC,TT,AG,GG,CC,NN,NN,GG,AA,TC,CT,NN,CC,TT,AA,AA,TC,AA,TC,TG,TA,GG,AA,CC,GA,CC,GN,GA,AA,TT,GG,GG,AA,AC,AG,NC,CC,AA,NN,GG,GG,CT,TT,CC,AG,GG,CC,GT,AA,GG,GA,GA,CT,CA,AA,GA,TA,CN,GA,CT,GA,CC,CC,NN,TC,CN,NC,AA,CC,AG,AA,TT,GG,TC,AN,AA,CC,NN,CN,CC,AA,CT,AA,CC,GA,TT,GG,AT,CC,NG,TT,CA,TT,GG
Italy,,,,NA20772,,AN,CC,AC,TT,TT,GC,TT,TG,CC,NC,NN,GG,CC,CC,GG,TT,GG,GG,AG,CC,CC,AA,GG,CT,GG,CC,TT,GG,CC,AA,NT,CC,CN,AA,GT,GG,GA,GG,CC,AA,TC,CA,CC,NN,TT,CN,CC,AA,CC,CC,CC,AA,AG,CC,AG,CT,GG,TT,GG,AA,CT,GG,GG,CG,CC,GC,GG,AA,TT,CC,TT,TN,NN,CN,TA,CC,CT,AA,AA,AG,GG,CC,CC,AA,AG,CC,GG,AG,AA,AT,CT,GN,NT,GG,GG,CC,AA,GG,CC,AC,GG,AA,TT,NN,TT,GG,AC,AG,AG,AA,CN,CC,GA,CT,TT,GG,GA,AG,CT,CG,GA,CT,NN,CC,CC,GG,CT,CC,AA,GT,GG,GG,NN,CC,CC,AA,TT,CC,GG,GA,NN,CG,AG,TT,GG,CC,NN,TT,CC,GG,AG,CC,CC,CC,CT,TT,AA,TG,AA,AA,GG,TC,AG,TT,NN,CC,GG,CC,CC,AA,GG,TT,CC,GT,CC,AT,AA,GT,AG,TT,GG,CC,GG,GG,AA,CN,AA,GG,GA,NN,TT,TT,TC,TT,GG,TC,NN,AA,AG,GG,GA,GG,CT,TG,CC,GG,AA,AA,AA,GG,GG,CG,AA,TC,TT,GG,CC,CC,AC,AA,NN,AA,NT,GG,CC,AG,TC,AA,TT,CC,AA,TG,AG,AA,AA,GG,GT,CT,GG,CC,GA,GT,TG,TG,GA,TC,TT,NN,NT,TA,CC,TT,GG,TT,GA,TC,AG,GA,GG,CC,GG,GG,GG,TT,TT,TG,TT,GG,GG,TT,TT,CA,TT,AA,CN,CT,CC,TT,AA,GG,GG,TT,TT,CC,CA,AG,CN,CC,TT,GG,TN,AG,TT,GA,GA,GG,CC,GG,AA,CC,TT,TT,AA,CC,CC,TC,TT,NN,CG,CG,TT,CC,GA,CC,CC,NN,GG,AA,GA,TT,CC,TT,AA,CC,AA,AA,TT,GG,GG,CC,NN,GG,AN,TT,AT,GT,GG,GA,AA,TC,AA,CC,CT,CN,NN,TN,CG,CC,GG,AA,GN,AA,GG,TT,AA,GA,CC,AA,CC,NT,AC,AC,NN,CC,GG,TT,AA,NN,GG,CC,AA,TT,CC,GG,GG,AA,GA,CC,TT,TC,AA,CC,GA,AG,GG,CT,CG,GA,TT,NN,CC,TC,AG,GC,CC,NN,GN,GG,AA,TT,TC,NN,CC,GT,AA,AA,TT,GA,TT,GT,AA,NN,AA,CC,AG,CT,GN,AA,AG,TT,GA,GG,AA,AA,AA,NN,CC,AA,NN,GA,GG,CC,TT,CC,GG,GG,CC,TG,GA,GG,AG,AA,CT,AA,CA,GG,AT,CN,AG,CC,AG,CC,CC,NN,CC,CC,NC,AA,CC,GA,AA,TC,AA,TT,AN,AA,CT,GG,CN,CC,AA,CC,TT,CC,GG,NT,GG,TT,CC,GG,CC,CC,CC,GG
Italy,,,,NA20773,,NA,CC,CA,TT,TT,GC,TT,TG,TC,NC,NN,GG,CC,CT,CG,TT,GA,GG,GA,CC,CC,AC,GG,TT,GG,CC,TT,GG,CC,AA,TT,TC,CN,AG,TT,GA,AA,AA,CC,AA,TT,CA,CC,NN,CC,NN,CC,AA,CC,CC,CT,AA,GG,CC,AA,CC,GA,TT,AG,GG,TT,GG,GG,GC,CC,GG,GG,AA,TT,CC,TT,NN,NN,CC,AA,CC,TC,AA,AA,GA,GG,CA,CC,AA,GG,TC,GG,GG,AA,TT,TC,NN,NT,GG,AG,CC,AA,GA,CC,AA,GA,GA,TT,NN,TC,AG,AA,AA,GA,AG,CC,CC,GG,TT,TT,GG,GA,GG,TT,GG,AA,CC,NC,CC,CC,GG,CC,CC,GG,TT,GG,GG,NN,CC,CC,AG,TT,CC,GG,GG,NN,CG,GG,TT,GG,CC,NN,CT,TC,GT,AG,CC,GG,CC,CC,TT,AA,TG,AA,AA,GG,CC,AA,TC,TN,GG,AG,TC,TC,GG,GG,TT,CC,TG,TC,TA,CA,TG,GA,GT,GG,CC,GG,GG,AA,CN,AG,GG,AG,NN,TT,TT,CC,TT,GG,TC,NN,AA,GG,GG,GG,GG,TT,GT,CC,GG,AA,AA,AA,AG,GG,CG,AC,TC,TC,AA,TC,TC,AA,AA,NT,GA,NN,TG,CT,AA,CT,AA,TT,GG,AA,GG,AA,AG,AA,GC,GG,TC,GG,CT,GG,TT,GT,GG,AG,TC,TT,NN,TN,TA,CC,TT,TG,NT,GG,TC,GA,GG,TG,CC,TG,GG,GG,TT,TT,GG,TT,GG,GG,TT,TT,CC,TC,AG,NN,TT,TC,TC,AA,GA,GC,TC,TT,CT,AA,AA,CC,CC,CT,GG,TT,AA,TC,GA,GG,GG,CC,GG,AA,CC,AT,TT,AA,CC,CC,CT,CT,NA,CC,CC,TT,CT,GG,CC,CC,NC,GC,AA,AG,CC,CC,GT,AA,CC,AC,AA,AT,GG,GG,CT,NN,GA,AN,TT,TA,GG,AA,AA,AA,CC,AG,CC,TT,CN,NN,NN,CG,TT,TG,GA,NN,AA,GA,CT,GG,AA,CG,CC,CC,TT,CC,AC,GG,CC,GT,TT,NA,CC,AG,TT,CA,TT,AC,GG,GG,AA,GG,CC,TT,CC,GA,CC,GA,GG,GG,TC,CG,GG,TT,NN,CC,TT,AA,GG,CT,NN,GN,GG,AA,CC,TT,NN,CC,TT,AA,AG,TT,AA,TT,GT,AA,NN,AA,CC,GA,CT,NN,AA,AG,TT,AA,GC,AT,CA,GG,NN,TC,AT,NC,GG,GG,TC,TT,CC,GG,GG,CC,GG,GA,AG,AA,AG,TT,AA,CC,GA,TT,CC,AA,CC,AG,CC,TC,NN,TT,CN,CN,AA,TC,AA,GG,TT,GA,TC,AA,AA,CC,NN,NN,CC,AA,CT,AT,CC,GA,TT,GG,TT,CN,GG,CC,CA,CC,GG
Italy,,,,NA20774,,NA,CC,AA,TT,TT,GC,TC,GG,TC,CC,NN,AG,CT,CC,GC,TT,AA,GG,GG,CC,CC,CA,GT,TC,GG,CC,TG,GG,CC,CA,NT,CT,NN,AA,TT,GG,AG,GG,CC,AG,CC,CC,CC,NN,TT,NN,CC,AA,CC,CC,CT,AA,GA,CC,AA,TC,GG,TT,GG,GA,TC,AG,GG,CG,CC,GG,GG,AA,TT,CC,TT,NN,NN,CC,AA,CC,CT,AA,AA,GG,GG,CC,CC,AA,AA,CT,TG,GG,AA,TT,CC,NN,TN,GG,GA,CC,AG,GG,TC,CA,GG,AA,TC,NN,TT,GG,AA,AA,AG,GA,NN,CC,GG,CT,TT,GG,GG,GG,TT,GG,AA,CC,CN,CC,CC,GG,TC,CC,GG,TT,TG,GG,NN,CC,CT,AA,TT,CC,GG,AG,NN,GG,GG,TC,GN,CC,NN,TT,CC,TT,AA,CC,CC,CC,TC,TT,AA,GT,AG,AA,GG,TC,AA,TC,TN,CC,GA,CT,CT,GG,AA,TT,CC,TG,CC,AT,AA,TG,GG,GT,GG,CC,GG,AG,AA,NN,AA,GG,GG,TN,TT,TC,TC,TT,AA,CT,NN,AA,AG,AG,GA,GG,TC,TT,CC,GG,AA,AA,AG,AG,GG,GG,CA,TT,TC,GA,CC,CC,AA,AC,TN,AA,NT,GT,TT,GA,TT,GA,TT,CG,GG,GG,GG,AA,TT,GG,TG,CT,GG,CC,GG,TT,TG,GG,GA,CT,CT,NN,NT,AT,CC,TT,TT,NN,AA,CC,GA,GG,GT,CC,TG,GA,GG,NN,CC,TT,CC,NG,GA,TN,CT,CC,CC,GG,NN,TT,TT,CC,AC,GA,CG,TT,TT,CT,CA,AA,CN,TC,TT,GG,NT,AA,TT,AA,AG,AG,CC,GG,AA,TT,AA,TT,NA,CC,CC,CC,CT,NN,GC,CC,TT,TC,GG,CC,CC,NN,GG,AG,GA,CC,CC,TG,AA,CT,AA,AA,TT,GG,AG,TC,NN,AG,NN,TT,AA,GG,GG,AG,GA,CC,AG,GC,TC,NC,TN,NT,GC,TC,TG,GG,NG,AA,GG,TC,GG,AA,CC,AC,CC,NN,AA,CC,NN,CC,GG,TT,AA,NN,GG,TT,AA,TT,AA,GG,TG,GG,GG,CC,AT,TT,AA,CC,AG,GA,GA,CC,CC,GG,TT,NN,CC,TT,AG,GG,TC,AA,GN,GG,AA,TC,CT,NC,CC,TG,AA,GA,TT,AA,TT,GG,TA,NG,AA,CC,GG,CC,NG,AA,AA,TT,GG,GG,AA,AA,GG,NN,TC,AA,NN,AG,GG,CC,TT,CT,GG,GG,CT,GG,AA,GG,AG,AA,TC,CA,AC,AA,TA,CC,GA,CC,GG,TC,CC,NN,CT,NC,NC,AA,CC,GA,AA,TT,AA,CT,NA,NA,TC,NN,CN,CC,AA,CT,TA,CC,GG,NT,GG,TT,NN,GG,TT,AC,CC,GC
Italy,,,,NA20775,,AN,CC,AA,TT,TT,GC,TT,GG,CC,NN,NN,GG,CC,CC,CG,TT,GA,GG,AA,CC,TC,AA,GG,TT,GG,CN,GT,GA,CC,CC,NN,CC,CC,AA,TG,GG,GA,AG,CA,GG,CC,CA,CC,NN,TC,NC,TC,AA,CC,CC,CC,AA,AG,CC,AG,CC,GG,TG,GG,AG,CC,GG,GG,CG,CC,GG,AA,AA,TT,CC,TT,NN,NN,CC,AA,CC,TC,AA,AA,AA,GG,CC,CC,AA,AG,CT,GG,GG,AA,TT,CT,NN,NT,AG,GG,CC,AG,GG,CC,AA,AG,AA,TT,NN,TT,GG,AA,AA,AA,GA,NN,CT,GG,CC,TT,GT,GG,GG,TT,GG,AA,CC,NN,CC,CC,GG,CT,CG,GA,GT,GG,AG,NT,CT,TT,AA,TT,TC,GG,GG,NN,GC,GG,TT,NG,CG,NN,TC,CC,GG,AA,CC,CC,CC,CT,TT,AA,GG,AA,TA,GG,CC,AA,CC,NT,GC,AG,TC,CT,GG,AA,TT,TC,TT,CC,AT,AA,GT,GG,TT,GG,CC,AG,AG,GA,NC,GA,GG,GA,NN,TT,TT,CT,TT,GA,CT,NG,AA,GG,GG,AG,GG,TC,TT,CC,GG,AA,AA,AA,AG,AG,CC,CC,CT,TT,GG,CC,CC,AA,AC,NN,GG,NN,TT,TC,AA,TT,AA,TT,CG,AA,GG,GG,GG,AT,GG,GG,CC,GG,CC,AA,TT,TG,GT,GA,CT,CT,AN,NT,AT,CC,TT,GG,TT,GG,TC,AG,GA,GT,CT,GT,GG,GG,NT,CT,TG,CT,GG,AG,NT,TT,CC,CC,GG,NN,TT,CC,CT,CA,GG,GC,TT,TT,TT,CA,AA,NN,CC,TT,GG,TN,AA,TT,AG,GG,GG,CC,AG,AA,CT,TA,TT,AA,CT,CC,CC,CC,AN,CG,CC,TT,CC,AG,CC,CC,NN,CC,AA,AA,CC,CC,GG,AG,TC,AA,AA,AA,GG,AG,CC,NA,GG,NN,TC,TA,TG,AG,AG,AA,CC,GG,GC,TC,NC,NT,TT,CC,CC,TT,AG,NN,AA,AA,CT,AA,AA,GC,CC,CC,TT,CA,AC,NN,CC,GT,TT,AA,NN,GG,CT,AA,TT,AA,GG,GG,GG,GA,CC,AA,TC,AA,NC,AG,GG,GG,CT,GC,GG,TT,NN,CC,TT,AA,CG,TC,NA,NG,GG,AA,CC,TT,NN,CG,TT,AA,AG,TT,AG,CT,TG,TA,NN,AA,CC,AG,CC,GN,GA,AA,TT,GA,GG,AA,AA,AG,NC,CC,AT,CC,GG,GG,CT,CC,TC,GG,GG,CC,GG,AA,GG,AG,AG,CT,AA,CA,AG,TA,CC,AA,CC,GG,CC,CT,NN,CT,NN,CN,AA,CT,AG,AA,TT,GG,TT,AA,AA,CT,NN,CN,CC,GA,TC,AT,CC,GG,TT,GG,TT,CC,GG,TT,CC,CC,GG
Italy,,,,NA20778,,NA,TC,CA,TT,TT,GG,TT,TG,CT,NC,NN,GG,CC,TT,GG,CC,AG,GG,AA,CC,CC,CA,GT,CT,GG,CN,TT,GG,CT,AA,TN,CC,NC,AA,TT,AG,AG,GA,CC,GA,CC,AA,CC,NN,TT,NN,CC,AA,NC,CC,CC,AA,GA,CC,GG,CC,AG,TT,GG,GG,CT,GG,GG,CG,CC,GG,GG,AA,TT,CG,TT,NN,NN,CC,AA,CC,CT,AA,GA,AG,GG,CC,CC,CA,AA,CT,GG,GG,AA,AT,CC,NN,NN,GG,AA,CC,AA,GA,TC,AA,GA,AA,CT,NN,TT,GG,AA,AA,AA,GG,NN,CT,AA,TT,TT,GG,AG,GG,TT,GG,AA,CC,CN,TC,CT,GA,CT,CC,GG,TT,GG,AG,NN,CC,TC,GA,TT,CC,GG,GG,NN,GG,GA,TT,GG,CC,NN,TT,CC,TT,GA,CC,GC,CT,TC,GT,AA,GG,GA,AA,GG,CC,AA,CC,NN,CC,GG,TT,CC,GA,AA,TT,CC,TT,CC,TT,AA,TT,GG,GG,GG,CC,GG,GG,AA,CN,AA,GG,GG,NN,TT,CC,CC,TT,GG,TC,NN,AA,GG,GG,AG,GG,TT,TT,CC,AA,AA,AG,AA,AG,GG,GG,AC,TT,CT,GG,CC,TC,AA,AA,TT,AA,NT,TT,CC,AA,TT,AA,TT,GC,AA,GG,GG,GG,TA,GC,TG,CC,AA,CC,AG,TT,GT,TT,GA,TC,CT,NA,NT,AT,CC,TT,GT,NT,GA,TT,GA,AG,GG,CC,GG,GG,GG,TT,TT,GT,TT,GG,AG,NT,TT,CC,TT,GG,NN,TT,CC,TC,AA,GA,GC,TC,TT,CT,CA,AA,NN,CC,TT,GG,TT,AA,TT,AG,AG,AA,CC,GG,CA,TC,AA,TT,NA,CC,CT,CC,CC,NN,GG,CC,TT,CC,GA,CC,TT,NC,GG,AA,AG,CC,CT,GG,GA,CT,AA,AA,AA,GG,AA,CC,NN,GG,NA,TT,AA,GT,GG,GA,AA,TC,AG,CC,TT,NN,NN,TT,CC,CC,TT,GG,GN,AA,AA,TT,GA,GA,CC,CC,CC,NT,AA,CC,NG,CC,TG,TT,AA,NN,GG,TC,AA,TT,AA,GG,GG,GG,AG,CC,TT,CC,AA,CC,AA,GG,GG,CC,CC,GG,TT,NN,CC,TT,GG,GG,TC,NN,GN,GG,AG,CT,TC,NC,GG,TG,AG,AA,TT,AA,CT,GT,TA,GN,AA,CC,GA,CC,NN,AA,GG,TT,AA,GG,AA,AA,GA,NC,CT,TA,NC,AA,GG,CT,TC,CC,GG,GG,CC,TG,AA,GG,GG,AA,TT,AA,AA,AG,TT,NC,AG,CC,GG,CC,CC,NA,CC,CN,NN,AA,TT,AA,AA,CT,AA,TT,AA,AA,TT,NN,NC,CC,AA,CT,AT,CC,AA,TN,GG,TT,CN,GG,TC,CC,CC,GG
Italy,,,,NA20783,,AN,CC,AC,TT,CT,GG,CT,TG,CC,NC,NN,GG,CT,CC,CG,CT,GA,GG,GA,CC,CC,CA,GG,TC,GA,CN,TT,GG,CT,CA,NT,TC,CN,AA,GT,GA,GA,AG,CA,GG,CT,AA,CC,NN,CT,NC,CC,AA,CC,CC,CC,AA,GG,CC,AA,CC,GA,TT,GG,GA,TC,GG,GG,CC,CC,GG,GG,AA,TT,CC,TT,NN,NN,NN,TA,CC,CC,AA,AA,GG,AA,CC,TC,AA,AA,CC,GG,GG,AA,TT,TT,NN,NT,GG,GG,CC,AA,GG,CC,AC,GG,AA,TT,NN,TT,GG,AA,GA,AG,AG,NN,CC,AG,TT,TT,TG,GG,GG,TC,GG,AA,CC,CN,TC,CC,GG,CC,CC,GA,TT,TG,GG,NN,CC,CT,AA,TT,CC,AA,GA,NN,GG,GG,TT,NG,CC,NN,TT,TC,GT,GG,CC,GG,CT,CT,TT,AA,TG,AA,AA,TG,CC,AA,CT,NT,GC,GG,TT,CC,GG,AG,TT,TC,TT,CC,TT,AA,TG,AG,GG,GG,CC,GG,GG,AA,NN,GA,GG,GA,NT,TT,TC,CC,TT,GG,TC,GN,AA,GA,GG,GG,GG,TT,GT,CC,GA,AA,AA,GA,GG,GG,GG,AC,CT,TT,GA,CC,CT,AA,CA,TT,AG,NT,GT,TC,GA,TC,AA,TT,GC,AA,GG,AG,AA,TT,GG,GG,TT,GG,TT,GA,GT,TG,GT,GA,CC,CT,AN,NN,TT,TC,GT,TT,TN,GG,TT,AA,GG,TT,CC,GG,GG,GG,TT,TT,TT,TC,GG,GG,NT,TT,AC,TC,AA,NC,TT,CT,TT,CC,GG,GG,CC,TT,CT,CA,AA,NN,TC,TT,GG,NN,AA,TC,AG,GA,GG,CC,GG,AA,TT,TT,TG,AA,CC,CC,CC,CC,NA,CC,CC,TT,CC,AG,CC,CT,CN,GG,AA,AA,CC,TC,GG,AA,TC,AA,AA,TT,GG,GG,TC,NN,GA,AA,TT,AA,GT,GA,GG,GA,CT,AA,GC,TT,CN,NN,NN,GC,TT,GT,GG,NN,GG,AA,TT,GA,AA,CC,AA,CC,NN,AA,CC,NN,CC,GG,TG,AA,NN,GG,CC,AA,TT,CC,AG,GG,GG,GG,CC,TT,TC,AA,CC,AA,GG,GG,CT,CG,GG,TT,NN,CT,TT,AG,GG,CT,NA,GN,AG,GA,TT,CC,NN,CC,TT,AA,AA,TT,AG,TT,TG,AA,NN,AA,CC,AA,CC,NG,AA,AA,TT,GG,GG,AA,AA,AG,CN,CC,TA,CC,GG,GG,TC,TT,CC,GG,GG,CC,TT,AG,GA,AA,AA,TT,AA,CA,AA,TA,NC,AG,CC,AG,CC,CT,NN,CC,NC,NN,AA,CC,AG,AA,TT,AA,TC,AA,NN,CC,NN,NC,CC,AA,TC,AA,CC,AA,TT,GG,TT,CC,NG,CC,AC,CC,GG
Italy,,,,NA20785,,NA,TT,CA,TC,TT,GG,TT,TT,CC,CN,NN,GG,CC,CC,GG,TT,GA,CG,AG,CC,CC,AA,GT,TT,GG,CC,TT,AG,TC,AA,TN,CC,CC,GA,TT,GA,AA,GA,CC,AG,CC,AA,CC,NN,CT,NN,CC,GA,CC,CC,CT,AA,AG,CA,AG,CC,GG,TT,GG,GA,TT,GA,GG,CC,CC,CG,GG,NA,TT,CG,AT,NN,AN,CC,AA,CC,CC,GA,AA,GG,GG,CC,CC,AA,AG,CC,GG,GG,AA,TT,TT,GN,TN,GG,GG,CC,AA,GG,CC,AA,GG,AA,TT,NN,TT,GG,AA,AA,AA,GA,NN,CC,AG,TT,TT,GT,AG,GG,TT,GG,AA,CC,CN,TC,CT,GG,CC,CC,GA,TT,TG,AG,NN,TC,CT,AA,TC,CC,GG,GG,NN,CC,GG,TT,GG,CC,NN,CT,CC,GG,GG,CC,GC,CC,TT,TT,AA,TG,AA,AA,GG,CC,AA,CC,NT,CC,GG,TC,CT,GG,GA,TT,CC,TT,CC,TT,AA,TG,AA,TT,GG,CC,GA,GG,AA,NN,GA,GG,GG,NN,TT,TT,TC,TT,GG,TT,NG,AA,GG,GG,AG,GG,TT,TT,CC,GA,AA,AA,AA,GG,GG,GG,CA,CC,CC,AA,CC,TC,AA,AA,NT,AA,NN,GG,CT,GG,CT,AA,TT,CG,AA,GG,GA,GA,TA,GG,GG,CT,GG,CC,AA,GT,TG,GT,AG,TT,TT,NN,NN,AT,TT,GG,TG,TN,AG,CT,AG,GG,TT,CC,GG,AG,AG,TT,TT,TT,TC,GG,GA,NT,TT,CC,CC,GA,NN,TT,CT,TT,AA,GA,GG,TT,TT,CC,CA,AA,NC,CC,TT,GG,TN,AA,TC,GA,GG,GG,CC,GG,AA,TC,AA,TT,AA,CC,CC,CC,CT,NN,CC,CC,TT,CC,GA,CC,CC,CN,GG,AA,AA,CC,CC,TG,AA,CC,AA,AA,TT,GT,GG,TC,NN,AA,AN,TT,TA,GT,GG,GG,AA,CC,AA,GG,TC,NC,NT,TN,CC,CT,TG,GA,NN,AG,AG,TC,GG,AA,CC,AA,CC,NN,CA,CC,NN,CT,GG,TT,AA,NN,GG,TC,AA,TT,AA,GG,GG,GG,AG,CC,TA,CC,AA,NC,GG,AG,GG,CC,GC,GG,TT,NN,CT,TT,AA,GG,CC,NA,GG,GG,AA,CC,TT,NN,CC,GT,AA,AA,TT,AA,TT,TG,AA,NN,AA,CC,AG,TC,NN,AA,AA,TT,GG,GG,TT,CA,GG,CN,CC,AA,NN,GG,GG,TC,CT,TC,GG,GG,CC,GG,AG,GG,AG,GA,TT,AA,CC,AA,TT,CC,AA,CC,GG,CC,CT,NN,CC,CN,CN,AA,CC,AA,AG,TT,GA,CT,AA,AA,CC,NG,CN,CC,AA,CT,AT,CC,GG,NN,GG,TT,CC,GG,CT,CC,CC,GG
Italy,,,,NA20786,,AN,CC,CC,TT,CT,GG,TT,GT,CC,CN,NN,GG,CC,CC,CC,TC,AA,GG,AG,CC,CC,CC,GG,TC,AA,NC,GG,GG,CC,AC,NN,CC,CC,AA,GT,AG,GA,AA,CA,GG,TC,CC,CC,NN,CT,NN,CT,AG,CC,CC,CC,AA,AA,CC,GG,CC,GG,TT,AG,GG,TT,GG,GG,CG,CC,GG,GG,AA,TT,CC,TA,TN,NN,CC,AA,CC,CT,AA,AA,GG,GG,CC,CC,AA,GA,CC,GG,GG,AT,TT,CT,GN,TN,GG,GG,CC,GA,GA,CC,AA,GG,AG,CT,NN,CT,GG,CA,AG,GA,GG,NN,CC,AA,TC,TT,GG,GA,GG,TC,GG,AA,TC,NN,CT,CC,GG,CT,CC,GG,TT,TG,GG,NN,CT,TC,AA,TT,CC,AA,AA,NN,CG,AG,TT,GG,CC,TN,CT,CC,GG,AA,CC,CC,CC,TC,TT,AA,GG,AA,AA,GG,TC,AA,TC,TT,GG,GG,CT,CT,AA,GA,TT,CT,GT,CC,TT,AA,TT,AA,GT,GG,CC,GG,GG,AA,NC,AA,GG,GG,NT,TT,CT,CC,TT,GA,CT,NN,AA,GA,GA,GA,GG,TC,TT,CC,GG,AA,AA,AA,AG,GG,GC,AC,CT,CT,AG,CC,CC,AA,AA,NN,AA,NN,TG,CC,GA,CT,AA,TT,CC,GA,GG,GA,AG,TT,GC,TG,TC,GG,CC,GA,TT,GG,TT,AG,TT,TT,NN,NT,TA,CC,TT,GT,TN,GG,TT,AG,GG,TG,CC,GG,GG,AA,TT,TT,TT,TT,GG,AA,TN,TT,CC,CC,AG,NC,TT,CC,TT,AC,GG,CG,CT,NT,CC,AA,AA,CN,CC,CT,GG,TN,AG,TT,GA,AA,GA,CC,GG,AA,TC,AA,TT,AA,CC,CC,TC,CC,AN,CG,CC,CT,CC,GA,CC,CC,CN,GG,AA,GG,CC,CC,TG,AA,CC,AC,AA,AA,GG,GG,CC,NN,AA,AN,TT,AA,TG,GG,GA,AG,TC,AA,GG,TT,NC,NN,NT,GC,TT,TT,GG,NN,AG,AA,CC,GA,AA,GG,AC,CC,NN,AA,CC,NN,TC,GG,TT,AA,NN,GG,CC,AA,TT,CC,AG,GG,GG,GG,CC,TA,TT,GA,CC,AA,GA,GG,CC,GC,GG,TT,NN,CC,TT,GG,GG,TT,NA,NG,GG,AG,TT,CC,NN,CC,TT,AG,GA,TT,AA,TT,TT,AA,NG,AA,CC,GG,CC,NN,GA,AA,TT,GG,GG,AT,AA,AG,NN,CC,AT,NN,GG,GG,CT,TT,TC,GG,GG,CC,GG,AA,GG,GG,AA,CT,AA,AA,AG,TT,NN,AG,CT,GG,CC,TC,NN,CC,NC,CC,AA,TC,GA,AA,CT,AA,CT,AA,AA,CC,NN,NN,CT,AA,TT,AA,CC,AG,TN,GG,TT,NC,GG,TT,CC,TC,GG
Italy,,,,NA20787,,AN,CC,CA,TT,TT,CG,TT,TG,CC,NC,NN,GG,CC,CC,CG,TC,AA,GG,GA,CC,CC,AA,GG,TT,GA,CC,TG,GG,CC,AA,NN,CC,CN,AA,GG,GG,GA,GG,CA,AA,CC,AA,CC,NN,TC,NN,TC,GA,CN,CC,CT,AA,GA,AC,AG,TC,GG,TT,GA,AG,CC,AG,GT,CG,CC,GG,GG,AA,TT,CC,TA,NN,NN,CC,AT,CC,TT,AA,AA,GA,AG,CC,CC,AA,AA,CC,GG,GG,AA,TT,CC,NN,NT,GG,AA,CC,GA,GG,CC,AA,GG,AA,TC,NN,TT,GA,CA,GG,GA,AA,NN,CT,GA,TT,TT,GG,GG,GG,TT,GG,AA,CC,NC,CC,CC,GG,CT,CC,GG,TT,TG,AG,NN,TC,CC,AA,TT,CC,GG,AG,NN,CG,GG,TT,GG,CC,NN,TT,TT,TG,AA,CC,GG,CC,TT,TT,AA,TG,GA,TA,GG,CC,AG,CC,TN,CG,AA,TC,CC,GG,GA,TT,CC,TT,CC,TA,CA,GG,AG,TT,GG,CC,GG,GG,GA,CC,AA,GG,GG,NN,TT,TC,CT,TT,GG,TT,GN,AA,GG,GG,GG,AG,CC,TT,CC,GG,AA,AA,GA,GG,GG,CG,AC,CC,TT,AG,CC,CC,CA,AA,NN,GA,NN,TG,CT,AA,CT,AA,TT,GC,AA,GG,GG,AA,TT,CG,GG,TC,GG,CC,AA,TT,TG,TG,GA,CC,TT,NN,TT,AT,CC,TT,GG,TN,GA,TT,AA,GA,GT,CT,GT,GG,GG,NT,CT,TT,TC,GG,GG,TT,TT,CC,TC,AG,NN,TT,CC,TT,AC,GG,CC,TT,TT,CT,CA,AA,NC,CC,TT,GG,NN,AG,TC,AA,GG,AG,CC,GG,AA,CT,AA,TT,NA,CC,TC,TC,TT,NN,CG,CC,CC,CC,AA,CC,CT,NN,GG,AG,AA,CC,CC,GT,AG,CC,AA,AA,TA,GT,GG,CC,NN,GA,AN,TT,AA,GG,AG,AG,AA,CC,AA,CG,CC,CC,NN,TT,CC,CC,GG,GG,NN,AA,AA,TT,AG,AA,CC,AA,CC,TT,AC,CC,NG,CC,GG,TT,AA,NN,GG,CC,AA,TT,CA,GG,GT,GG,GG,CC,AA,CT,AA,NC,AA,GG,GG,CT,CC,GG,TT,NN,CC,TT,GG,GG,CT,NN,GN,GG,AA,CC,TT,CC,GC,GG,AA,GG,TT,AA,TT,GG,AA,NN,AA,CC,AG,CC,NN,AA,AA,TT,GA,GG,AA,AC,AG,NN,CC,AA,NN,AG,GG,CC,CT,CC,GA,GG,CC,GG,GA,GG,AG,AA,TT,AA,CC,GG,TA,CC,GA,CC,AG,CC,CT,NN,CC,NN,NN,CA,CC,AA,GG,TT,GA,TT,AA,AA,CT,NN,CN,CC,AA,TC,TA,GC,AA,TT,GG,TT,CC,GG,CT,CC,CC,GG
Italy,,,,NA20790,,NA,CC,CA,TT,TT,GG,CT,TG,CC,CC,NN,GG,CT,CC,CC,TC,AA,GG,AA,CC,CC,AA,GT,CT,GG,NC,TT,GG,CC,CA,NT,CC,NC,AA,GT,GG,AG,GG,CC,GG,CC,CA,CC,NN,CT,NN,CT,AA,NC,CC,CC,AG,AA,CC,GA,CC,GG,TT,GG,AG,TT,AG,TG,CC,CC,GG,GG,AA,TT,CC,TT,TN,NN,CN,AA,CC,TC,AA,GA,GG,GA,AC,CC,AA,AA,CT,TG,GG,AA,TT,CC,NN,NN,GG,GG,CC,GA,GG,CC,AA,GG,AA,CT,NN,TT,GG,AA,AG,GA,GA,CN,CC,AG,TC,TT,GG,GA,GG,TT,GG,AA,CC,NN,CT,CC,AG,CC,CG,AG,TT,GG,AA,NN,CT,CC,GA,CC,CC,AG,AG,NN,CG,GA,TT,GG,CC,NN,TT,CC,GT,GA,CC,GC,CC,TT,TG,AA,GT,AA,AA,GG,CC,AG,CC,TN,CG,GG,CT,CC,GG,GA,CT,TT,TT,CC,AT,AA,TT,AG,TT,GG,CC,GA,GG,AA,NC,AA,GG,AG,NT,TT,CC,CT,TT,GA,TT,NN,AC,GA,GG,GG,GG,TT,TT,CC,GG,AA,AA,AA,GA,GA,CG,AA,CC,CC,AA,CC,CC,AC,AC,TN,GA,NN,TG,TC,AA,TT,AA,TT,CC,AA,GG,GG,AG,AT,GG,GG,CC,GA,CC,GA,TT,TG,TT,AG,CC,TT,NN,NT,AT,TC,TT,GT,NN,AG,CT,AA,GG,TG,TC,GG,GG,AG,TT,TT,TG,TT,GG,AA,NN,TC,CC,CC,AA,NN,CC,CC,TT,AC,GA,CC,CC,TT,CC,AC,AA,NN,CC,TT,GG,TT,AA,TT,AG,AA,AA,CC,GA,AA,TC,AA,TT,AA,CC,TC,CC,CT,AA,GC,CC,CC,CC,GA,CC,CC,NC,CG,AA,AA,CC,CC,GT,GG,CC,CC,AA,TA,GG,GG,CT,NN,GG,AN,TT,AA,GT,AA,AA,AA,CC,GA,GG,TT,CC,NN,TN,CG,CT,GG,GA,GN,AA,AA,CC,AG,AA,CC,AC,CC,NT,AA,CC,NN,CC,GG,TT,AA,NN,GG,TC,AA,TT,AC,GG,GG,GG,GG,CC,AT,CT,AA,NC,AA,AG,AG,CC,CC,GG,TT,NN,TC,TT,AA,CC,CT,NN,GN,GG,AA,TT,CC,NN,CC,TT,AG,AG,TT,GA,TT,GG,AA,NN,AA,CC,AG,CC,GN,AA,AA,TT,GA,CG,AA,AA,GA,CN,CC,TA,NN,AG,GG,TC,TT,CC,GG,GG,CC,GG,AA,GG,GG,GA,TT,AA,AC,GG,TA,CN,AG,CT,GG,CC,CT,NN,CT,NN,NC,CA,CC,AA,AA,CT,GA,TT,AA,AA,TT,NN,NC,TC,AA,CT,AA,CC,AG,TT,GG,TT,NC,GG,CT,CC,CC,GG
Italy,,,,NA20792,,NN,CC,AA,TC,TT,GG,TT,GG,CT,NN,NN,GG,TC,CC,GG,TC,AA,GG,AA,CC,CC,AC,GG,TC,AG,CC,TG,GG,CC,AA,NT,CC,CN,AA,TT,GG,AG,AA,CC,GG,CT,CA,TC,NN,TC,NN,CC,AA,NC,CC,CC,GA,GG,CC,GG,CC,GG,TT,AG,GG,TC,GG,GT,CG,CC,GG,GA,AA,TT,CC,TT,NN,NN,NC,AA,CC,CC,AA,AA,GG,GG,AC,CT,CA,AA,CC,TG,GG,AA,TT,CC,NN,NT,GG,GG,CC,AG,GG,CC,AA,GG,AA,TC,CN,TT,GG,AA,GA,GG,GG,NN,CC,AA,TT,TT,GG,AG,GG,CT,GG,AA,CC,NN,CC,CC,AA,CC,CC,AG,TT,GG,AG,NN,CT,CC,AA,TT,CC,AG,AA,NN,GC,GG,TT,NG,CC,NN,CT,CC,TT,AA,CC,CG,CC,TC,GT,AA,GG,GA,AA,GG,CC,AA,CT,TT,CC,AG,TT,CC,GG,AA,TT,TC,TT,CT,TT,CC,GT,GA,TT,GG,CC,GG,GA,AA,CN,AA,AG,GG,TN,TT,CT,CC,TT,AG,TC,NN,AA,GG,GG,AA,GG,TT,TT,TC,AG,AA,AA,AA,GA,GG,GC,CC,CC,TC,GG,CC,CC,CA,AA,NN,AG,NN,TT,CC,GG,TT,AA,TT,CC,AA,GG,AG,AA,TT,GG,TG,TT,GG,CC,AA,TT,GT,TG,GA,CT,TT,NN,TN,TA,CC,TT,TG,TN,GG,TT,GA,GG,TG,CC,TT,GG,GG,TT,TT,GG,TC,GN,GG,NT,TT,CC,TC,AG,NN,TT,TC,TT,AA,GG,CG,CC,TT,TT,AC,GA,NC,CC,TT,GG,NT,AA,TC,GA,AA,GG,CC,GG,AA,CT,AT,TT,AA,CC,CC,CC,CC,AN,CC,CG,TT,CC,GA,CC,CC,CN,CC,AA,AG,CC,CC,TG,AG,CC,AA,AA,AA,TG,GG,CC,AA,GA,NN,TT,AA,GT,GG,AG,AA,TT,AG,CC,TT,NC,NN,NT,GC,TC,GG,AG,NN,AG,AG,TT,GG,AA,CG,AA,CC,NT,AA,CC,NN,CC,GG,TG,AA,NN,GG,CT,AA,TT,CA,GG,GG,GG,GA,CC,AT,CT,GA,CC,AG,GG,GG,CC,CC,AG,AT,AN,CC,TT,GA,GG,CT,NN,GN,GG,AA,TC,CT,NC,CC,GT,AA,AG,TT,GA,TT,TT,AA,NN,AA,TC,GG,CC,NN,AA,AG,TT,GA,GG,AA,AA,GG,NN,CC,TA,NN,GA,GG,CC,TT,CC,GA,GG,CC,GG,AA,GG,GG,AA,TT,AA,AA,AA,TT,CC,GA,TT,AG,CC,CC,NN,CC,CC,CN,AA,CC,AA,AA,CT,AG,CT,AA,NA,CC,GN,NN,CC,AA,CT,TT,CC,AG,NT,GG,TT,NC,GG,CT,CC,CC,GG
Italy,,,,NA20795,,NN,CT,AC,CT,TT,GG,TT,GG,CC,NC,NN,GG,TC,CC,CC,TT,AA,GG,GA,CC,CT,AA,GG,TT,GG,CC,TT,GG,CC,AA,NT,CC,CC,AA,GT,GG,GA,GA,CC,GG,CC,CC,CC,NN,CC,NN,CC,AA,NC,CC,CC,GA,GA,CC,AG,CC,GG,TT,GG,GA,CC,GA,GG,GG,CC,GG,GG,AA,TC,CC,TT,NN,AN,CN,TA,CC,CT,AG,AG,GG,GG,AC,CC,AA,AA,CC,TG,GA,AA,TT,CC,NG,TN,GG,GG,CC,GA,GG,CC,AA,GA,AA,TT,CN,TT,GG,AA,GA,AG,GA,CN,CC,AG,TT,TT,GG,GG,GG,CT,GG,AG,CC,NN,TC,CC,GG,TC,CC,GG,TT,GG,GG,NN,CT,CC,GA,TT,CC,GA,GA,NN,CG,AG,TT,NN,CC,NN,CT,CC,TG,AG,CT,CC,CC,TC,GT,AA,TG,AG,AA,GG,TC,AA,CT,TT,CC,GG,TC,CC,GG,GG,TT,CT,TT,CC,AA,AA,TG,GG,TT,GG,CC,GG,GG,AA,NN,GA,GG,GA,NN,TT,TT,CC,TT,GG,CT,NG,AA,GA,GG,GG,GG,CT,GT,CT,GG,AA,AA,AA,GA,GG,GG,AA,CC,CC,AG,TC,TC,CA,AA,NN,AA,NN,GT,CC,GA,TC,AA,GT,CC,AA,GT,AA,GA,AT,CG,GT,TC,AG,CC,AG,TT,GT,GG,AA,TC,TC,AA,NN,AA,CT,TG,GT,TT,GG,TT,GG,AA,GG,CC,GG,GG,GG,TT,TT,TT,TT,NG,AA,TT,TT,CA,CC,AG,CN,TT,CC,TC,AA,AG,GC,TT,TT,TT,CC,AA,CN,CC,TT,GT,TN,AA,TT,GA,GG,GG,CC,AG,CA,CC,AA,TT,AA,TC,CC,CC,CT,NA,CG,GC,CT,CT,AG,CC,CT,NN,GG,AG,AA,CC,CC,TG,AA,CC,AA,AA,AT,GG,GG,CC,NN,GG,AN,TT,AA,GT,GG,AG,AG,CC,AA,CC,TC,NC,TN,TN,CG,CT,TT,GG,NG,AA,AA,TT,AG,AA,CC,AA,CC,NN,AA,CC,GN,CC,GG,TT,AA,NN,GG,TC,AA,TT,CC,GA,GG,GG,GG,CC,AA,TT,AA,CC,AG,GG,GG,TC,GG,GG,TA,NN,CC,TT,GA,GG,CC,NN,GG,GG,AA,TC,CT,NN,GC,GT,AA,AG,TT,AA,TT,GG,AA,NN,AA,CT,GG,CT,NN,AA,GA,TT,GA,GC,AT,AA,AA,NC,CC,TT,NN,GG,GG,CC,TT,CT,GG,GG,CT,GG,AA,GG,GG,GG,TT,AA,AC,GA,AA,NC,AA,TC,GG,CC,CC,NN,CC,CN,CN,AA,CC,AA,AA,TC,AG,CT,AA,AN,TC,NN,NN,CC,AA,CT,AT,CC,GG,TT,TG,AT,CC,GG,TC,CC,CC,GG
Italy,,,,NA20796,,AN,CT,AA,TT,CT,GC,TC,TT,CC,NN,NN,GG,TC,CC,CC,CT,AA,GG,AG,CC,CC,CA,GG,CT,GG,CN,TT,GG,CC,CC,NN,CC,CN,GA,GT,AG,AA,GG,CC,GG,CC,AA,CC,NN,CC,NN,CT,AA,NC,CC,CC,AA,AA,CC,GG,CC,GG,TT,GG,GG,CT,GG,GG,CC,CT,GG,AG,AA,TT,CC,TT,NN,NN,CC,AA,TC,CT,AG,GA,GG,AG,CA,CC,CC,AA,CT,GT,GG,AA,TT,CC,NN,NN,GG,AA,CC,AA,GG,CC,AA,GA,AA,CT,NN,TT,GG,AA,GA,AG,GA,NN,CC,AA,CT,TT,GG,GA,GG,CT,GG,AG,CC,NN,CC,CC,GG,CT,CC,GG,GG,GT,GG,NT,CT,CT,AA,TT,CC,AG,GG,NN,CC,GG,TT,GG,CG,NN,TT,CC,GG,AA,CC,GG,TC,TC,GT,AA,TG,AA,AA,GG,TT,AA,TT,NN,CC,GA,CT,CC,GA,AG,TT,CT,TT,CC,TA,AA,GT,AA,TT,TG,CC,GG,GG,AA,CN,AA,GG,GG,NT,TT,CC,CC,TT,GG,CC,NG,AA,GG,GG,GG,GG,CT,TT,CC,AA,AA,AA,AA,GA,GG,GC,AC,TC,TC,AA,CC,TC,AC,AA,NT,GA,TT,GG,CC,AA,CC,AA,TT,GC,AA,GT,GG,AA,AA,GG,GG,CC,GG,CC,AG,TT,GT,GG,AG,TC,TT,NN,TT,TA,CC,TT,TG,NT,GG,CT,AA,GG,TT,CC,GG,GG,GG,TT,TT,TT,CT,NG,AG,TT,TT,CC,CC,GG,NN,TT,CT,CT,CA,GA,CC,TC,NT,CC,AC,AG,NN,CC,TT,GG,TT,AA,TT,GG,GG,AG,CT,GG,AA,CC,AA,GT,AA,CT,CC,CT,TC,NN,CG,CC,TT,TC,GA,CC,CT,NN,GG,AG,AG,CC,CC,GG,AG,CC,AA,AA,TT,GG,GG,CC,NN,GA,AN,TT,TA,GG,GG,AG,AA,TT,AA,CC,CC,CC,TN,NT,GC,TC,TT,GG,NN,AG,AA,TT,GG,GA,CC,AC,CC,TN,AC,CC,NN,CC,GT,TT,AA,NN,GA,CC,AA,TT,CA,GG,GG,GG,GA,TC,AT,CT,AG,CC,AA,AG,AG,TC,CG,GG,TT,NN,CT,TT,AA,GG,CT,NN,GN,GG,AA,CT,TC,CN,CG,TT,AA,AG,TT,AA,TT,TT,AA,NG,AA,CC,AA,CT,NN,AA,AA,TT,GA,GG,AT,AA,GG,NC,CC,TA,CN,GG,GG,TC,TT,CT,GG,GG,CC,GG,AA,GG,AG,AA,TC,AA,CA,GA,TT,NC,AA,CC,GG,CC,TC,NN,CC,CN,CC,AA,CC,GA,GG,CT,AG,TT,AA,AA,CC,NG,CN,CC,GA,CC,AA,CC,GA,NN,GG,TT,CC,GG,TC,CC,CC,GG
Italy,,,,NA20797,,AN,CC,CA,TT,TT,GG,TT,TG,CC,NN,NN,GG,TC,CC,CG,CT,GA,GG,GG,CC,CC,AC,GG,TC,GG,CN,TT,GG,CC,AC,TN,CC,CN,AG,GT,AG,AG,AA,CC,AG,CC,CA,CC,NN,CT,NN,CC,AA,CN,CC,CC,AA,AA,CC,AA,CC,GG,TT,GA,GG,TT,GG,GG,CC,CC,GG,GG,NN,TT,CC,AT,NN,NN,NC,AA,CC,TT,AA,AA,GG,GG,AC,CC,AC,AA,CC,TG,GG,AA,TT,CC,NN,NN,GG,AA,CC,GA,GG,CC,AA,GG,GA,TC,NN,TT,GG,AA,AA,GA,AG,NN,TC,GG,TT,TT,GG,GA,GG,TT,GG,AG,TC,NC,CT,CC,GG,TT,CC,GG,GT,GG,GG,NN,TC,CT,AA,TT,CC,GA,GA,GG,GG,AG,TT,GG,CC,NN,TT,CC,GG,AA,CC,CG,CC,CC,TT,AA,TT,AA,AA,GG,CC,AA,CT,NT,CC,GG,CC,CC,GG,GG,TT,CC,GT,CC,TA,AC,TT,GG,TT,GG,CC,AA,GG,AA,NN,AA,GG,AG,NN,TT,CT,CT,TT,AG,TT,NN,AA,GG,GG,AG,GG,TT,TT,CC,AA,AA,AA,AA,AG,GA,GG,CA,TT,TC,AG,CT,TT,AA,AA,NN,AA,NT,TT,CC,AA,CC,AA,TT,CG,AA,GG,GG,AA,AT,GG,GG,TC,GA,CC,GG,GT,GT,GG,GG,TC,TT,NN,TN,TA,CT,TG,GT,NT,GG,TT,GA,GG,GG,CT,TT,GG,GA,NT,CT,GT,TC,GG,GA,TT,TT,CC,CC,GG,NN,TT,TC,TT,CA,AA,GC,TC,TT,TC,AA,AA,NN,CT,TT,GT,TN,AA,CT,AA,GG,GG,CT,GG,AA,TC,TT,TT,AA,CC,CC,TC,CC,AN,CC,CC,TC,TC,GA,CC,CC,CC,GG,AA,GG,CC,CC,GT,AA,CT,AA,AA,TT,GT,GG,CT,NN,AA,NA,TT,AA,GT,GA,AA,AA,CC,AG,CC,TT,NN,NN,NT,CC,TC,GT,AG,GN,AA,GG,TC,GG,AA,CC,CC,CC,NT,AC,CC,NG,CC,GG,TT,AA,NN,GG,CT,AA,TT,CC,GG,GG,GG,GA,CC,TT,TT,AA,CC,AA,GA,GA,TC,CC,GG,TT,NN,CC,TT,AG,GC,CT,NN,NG,GG,AA,CC,TT,NN,GC,TT,AA,GA,TT,AA,TT,GT,AA,NG,AA,CC,GG,TT,NN,GA,GG,TC,GA,GG,AA,AA,GA,CN,CC,AT,NN,AG,GG,TT,CT,CC,GG,GG,TC,GG,GG,GG,GG,AA,CC,AA,CC,GG,AT,CC,GA,TC,GA,CC,CC,NN,CC,NN,NN,AA,CC,AA,AA,CC,AA,TT,AA,AA,TC,NN,NN,CC,AA,TT,TA,CC,GG,TT,GG,AT,CN,NG,TC,CC,CC,GG
Italy,,,,NA20798,,AN,TC,CC,TT,TT,CC,TT,GG,TT,CC,NN,GG,CC,CC,GC,TT,GA,GG,GA,CC,CC,CA,GG,TT,GG,CN,TG,GG,CC,AC,TN,CC,CC,AA,TT,GG,AA,GG,CC,GA,CC,AC,CC,NN,CT,CN,CC,AA,CC,CC,CT,AA,AA,CC,AA,TC,GG,TT,GG,GG,CT,GA,TT,CC,CC,GG,GG,AA,TC,CC,TT,NN,NN,CC,AA,CC,TT,AA,AA,AG,GG,CC,CC,AA,AA,CC,GG,AG,AT,TT,TC,NN,NN,GG,AA,CC,GA,GA,CC,AA,GG,AA,TT,NN,TT,GG,AA,GA,AG,GG,NN,CC,AG,TC,TT,TG,GG,AG,TT,GG,GA,CC,NN,CC,CC,GG,CC,CC,GG,TT,TT,GG,NT,CC,CC,AG,TT,TC,AA,GG,NN,CG,GA,TT,NG,CC,NN,TT,CC,GT,GA,CC,GC,TC,CC,TG,AA,GT,AA,AA,GT,CC,AA,CC,TT,CC,GG,CT,TC,GA,AG,TT,TT,TT,CC,TT,AA,GG,AG,TT,GG,CC,GA,GG,AA,CC,AA,GA,AG,NT,TT,CT,TT,TT,GA,TT,GN,AC,GA,GA,AA,GG,CC,TG,CC,GG,AA,AA,AA,GG,GG,GC,AA,CT,TT,AG,TC,TC,AA,AA,NN,GA,NT,GG,CC,AA,TC,AA,TT,GC,GA,GG,GG,AG,TA,CG,GG,CC,GG,CC,AA,TT,GG,GG,GA,TC,TT,NN,NT,TT,CC,TT,GG,TT,GG,TT,AA,GG,GT,CC,GT,GG,GG,TT,TT,TT,TT,GG,GA,NT,CT,CC,CT,AA,NN,CT,CC,TT,CA,GG,CG,TC,TT,CC,AA,AA,CN,CC,TT,GG,NN,AG,TC,GG,AG,GG,TT,GA,AA,CC,AT,TT,AA,CC,CC,TC,CC,NN,CG,CC,TT,CC,GG,CC,CC,NC,CG,AA,GA,CC,CC,TG,GA,CC,AC,AA,TT,GG,GA,CC,AN,AG,NN,TT,TA,GG,AG,AA,AA,TC,AG,GC,CT,CN,NN,NT,CC,TT,GT,AG,NG,AA,AA,TC,AA,AA,CC,AA,CC,NT,CA,CC,GN,CC,GG,TT,AA,NN,GA,CC,AA,TT,AC,GG,TT,GG,AA,CC,AA,CT,AA,CC,AA,GG,GG,TC,GG,GA,TT,NN,TT,CT,GA,GG,CC,NN,GG,AG,AA,TT,CC,NN,CC,TT,AA,AA,TT,AA,TC,GG,TA,NN,AA,CC,AG,TC,NN,AA,AG,TT,GG,GG,AA,AA,GG,NC,CC,AT,NC,GA,GG,TC,CT,CC,GG,GG,CC,GG,AA,GG,GG,AG,TT,AA,CA,AA,AT,NC,AA,CC,GG,CC,CT,NN,CC,NN,CN,AA,CT,AG,AA,TC,GA,CT,NN,NA,CC,GN,CN,CC,AA,CC,AA,CC,GA,TT,GT,TA,NC,GN,CT,CC,CC,GG
Italy,,,,NA20799,,NA,CC,AC,TT,TT,CG,TT,TG,CC,NC,NN,GG,TC,CC,CC,TT,AA,CG,AG,CC,CC,AA,GG,TT,GG,NN,TT,GG,CT,AA,TN,CC,CN,AA,TT,GG,AG,AG,CC,GG,CT,AA,CC,NN,CT,CC,CC,AA,CC,CC,CC,AA,GG,CC,GA,TC,GG,TT,GA,GG,TT,GA,TG,CC,CC,GG,GG,AN,TT,GC,AA,NN,NN,NC,TA,CC,TC,AA,AG,GG,GG,CA,CC,AA,AA,CC,GG,GG,AA,TA,TC,NN,NN,GG,AA,CC,AG,GG,CT,AA,GG,AA,TT,NN,TT,GG,AA,AG,AG,AG,NC,TC,GG,CT,TT,GG,GG,GG,CT,GG,GA,CT,NN,TC,CC,GG,CC,CC,GG,TT,GG,GG,NN,TC,CC,AA,TT,CC,AG,GG,NG,CC,GG,TT,GG,CC,NN,TT,CC,GT,AA,CC,GG,CT,TT,TT,AA,GG,GA,TA,GG,CC,GG,CC,NN,CC,AA,CC,TC,GG,AG,TT,CC,TT,CC,TT,AA,GT,GG,GG,GG,CC,GG,GG,AA,NC,GA,GG,GG,NT,TT,TT,CT,TT,GG,TC,GN,AA,AG,GG,AG,GG,TT,GT,CC,AG,AG,AA,GA,GG,GG,GC,CA,CC,TC,AA,TC,TT,AA,AA,TT,AA,NT,GT,CC,AG,TT,AA,TT,CG,AA,TG,GG,AA,AA,GC,GT,CT,GG,CC,AA,GT,TG,GT,GG,TC,CT,NN,NN,TT,CC,TT,GT,NN,AG,TT,GA,GG,GT,CC,GG,GG,GG,TT,TT,GG,CT,GG,GA,TN,TT,CC,CC,AG,NN,TT,CT,CC,AC,GA,CG,TC,TT,CC,AC,AA,NN,CT,TT,GG,TT,AA,TT,AA,AG,GG,CC,GG,AA,CT,AA,TT,AA,CC,CC,CC,CC,NN,CG,CG,TT,CC,GA,CC,CC,NN,GG,AA,AA,CC,TC,GG,GA,CC,AA,AA,TA,GG,GG,TC,NN,GG,AA,TT,AA,TG,GG,GG,AA,CC,AG,CG,TT,NN,NT,NT,CC,CC,TG,GG,NN,AG,AA,TT,AG,AG,CC,AA,NC,NT,AC,CA,NG,CC,GG,TT,NN,CN,AG,CC,AA,TT,CC,GG,GG,AG,AA,CT,AT,CT,AA,CC,GA,GG,GG,TC,CC,GG,TT,NN,CC,TT,GA,GG,TC,NN,NN,GA,AG,TC,CT,NN,GG,GT,AA,AG,TT,AA,CC,TG,AA,NN,AA,CC,GG,TT,NG,AA,AG,TT,GG,GG,AA,AA,GG,NN,CT,AA,NN,AG,GG,CT,CT,CC,GG,GG,CC,GG,GA,GG,GG,AG,CT,CA,AA,GA,TT,CN,AA,TC,GG,CC,CC,NN,CC,NN,NC,AA,TT,AA,GA,TT,AG,TT,NA,NA,TC,NN,CN,CC,AA,CC,TA,CC,GA,TT,GG,AA,NC,GG,TT,CC,CC,GG
Italy,,,,NA20800,,AN,CC,AC,TT,TC,GG,TT,TG,CC,NN,NN,GA,CC,CC,GG,CT,AA,GG,GG,CC,CC,AC,GT,TC,AA,NC,TT,GG,CC,AA,NN,CC,NC,GA,TT,GG,AG,GG,CC,AG,TC,CC,CC,NN,CC,NN,CC,AA,CN,CC,CC,AA,GA,CC,AG,CC,AG,TT,GG,GA,TC,GG,GT,GG,CC,GG,AA,AA,TT,CC,TT,NN,NN,CC,AA,CC,CT,AA,AA,GA,GG,CC,CC,AA,AA,CT,GT,GG,AA,TA,TC,NG,NT,AG,AG,CC,GG,GG,CC,AC,GG,AA,CC,NN,TT,GG,AA,AG,AA,AG,NN,CT,GA,CC,TT,GT,GG,GG,TC,GG,AA,CC,NN,TT,CC,GG,CC,GC,GG,TT,GG,GA,TN,CT,CT,AA,TT,CC,GG,GG,NN,CG,GG,TT,GG,CC,NN,TT,CC,GG,AA,CC,CC,CC,CT,TT,AA,GG,AA,AA,GG,CC,GG,TT,NT,CC,GG,CC,CT,GA,AG,TT,CT,TT,TC,TT,AC,TT,GA,GT,GT,CC,GG,GG,AG,NC,AA,GG,GG,TN,TT,TT,CT,TT,GA,TT,NN,CC,GA,GG,AG,GG,TT,TG,CC,GA,AA,AA,AA,AG,GG,GC,CA,TT,TT,AA,CC,TT,AA,AA,NN,AG,NN,GT,CC,AA,TC,AA,TT,CC,AA,GG,AA,AA,AA,GG,GG,TC,AG,CC,GG,TT,TG,GG,GA,TC,TC,NN,NN,AT,CC,TT,TG,NT,GG,TT,GA,GG,TG,CT,TT,AA,GA,NT,CT,TG,TT,GG,GG,TT,TT,CA,CT,GA,NC,TC,CC,CT,CA,AG,GC,CC,TT,CC,AA,AA,CC,CC,TT,GG,NT,AA,TC,GA,AG,AG,CC,GA,AA,CC,AA,GG,AA,CC,CC,CC,CC,NN,GG,CC,CT,CT,AG,CC,TC,NN,GG,GA,AG,CC,CC,GG,AA,TC,AA,AA,TA,GG,GA,CC,NN,GG,NN,TT,AA,GG,AG,AA,AG,CC,AA,CC,CT,CN,NN,NN,GG,TT,GT,AG,NN,AA,AA,TT,GG,AA,GG,AA,CC,NN,AA,CC,NN,TC,GG,TG,AA,NN,GG,CC,AA,TT,CC,AG,TG,GG,GG,CC,AT,TC,AA,NC,AA,AG,AG,CC,CC,GG,AT,NN,TC,CT,GA,GG,TC,NN,NG,GG,AA,TT,TC,NN,GG,GT,AA,AA,TT,AA,TT,GG,AT,NN,AA,CC,GG,TT,NN,AA,GG,TT,GG,GG,AA,AA,AA,NN,CC,TT,NC,AA,GG,TC,TT,TC,GG,GG,CC,GG,GA,AG,GG,AG,TT,CA,CC,GG,AT,CN,AA,CC,GA,CC,CC,NN,CC,CC,NC,AA,TC,AA,AA,TT,GG,TT,AA,AA,TT,NG,CN,CT,AA,CT,TA,CC,AG,NT,GG,TA,CC,GG,TT,CC,CT,GG
Italy,,,,NA20801,,NA,CC,AC,TT,TC,GG,TT,TG,CC,CC,NN,GG,CC,CC,GC,TT,AA,GG,AA,CC,CT,AA,TT,TT,AG,NC,TT,GG,CC,AC,TN,CC,CC,GG,GG,GG,AA,AG,CC,GG,CC,CA,TT,NN,CT,NN,CC,AA,CC,CC,CC,AA,GA,CC,AA,CC,GA,TG,AG,GG,TT,AG,GT,GG,CC,GG,GG,AN,TC,CC,TT,NN,AN,NC,AT,CC,CC,AA,AA,GA,GA,CA,CC,AA,AG,CC,GG,GG,TA,TT,CC,NG,TN,GA,AA,CC,GG,GG,CC,AA,GG,AA,TC,NN,TT,GG,AA,GA,GA,AG,NC,CC,AG,TC,TT,GG,GG,AG,CT,GG,AA,CC,CN,CC,CC,GG,TC,CC,GG,TT,GG,GG,NN,CT,CC,AA,TT,CC,GG,AG,NN,GC,GA,TT,GG,GC,NN,TT,CC,TT,AG,CT,GC,CC,TC,GG,AA,TG,AG,AA,GG,CT,GA,CT,NN,GG,GG,TC,TT,GG,AA,TT,TC,GG,CC,AT,AA,TT,AG,TT,GG,CC,GA,GG,AA,CN,AA,AG,AA,TN,TC,CC,CC,TT,AA,CT,NN,AA,GA,GA,AA,GG,TT,TT,TC,GG,AA,AA,AA,AG,GG,CC,AC,CC,CT,AA,CC,CC,AA,AA,TT,AG,NT,GG,TC,GA,CT,AA,TT,CC,AA,GT,GG,GG,AT,CG,GG,CT,GG,CC,AG,TT,GT,TG,AG,CC,TC,NN,TN,TA,CC,TT,GG,TN,GA,CT,GA,GG,GG,CC,GG,GG,GG,TT,TT,TG,CT,NG,GA,NN,TT,CC,TC,GA,NN,TT,CC,CT,AA,AG,CC,CC,NT,TC,AC,AA,NN,CC,TT,GT,NT,AG,TT,AA,AG,GG,CC,GA,AA,CC,TA,TT,AA,CC,CC,CC,CC,NN,CC,CC,TC,CC,GA,CA,TT,NN,GG,AA,AA,CC,CC,GT,AA,CC,AA,AA,TT,GG,GG,CT,NN,GA,AA,TT,AA,GT,GA,GA,AG,CC,AG,CC,TT,NC,NT,TT,CC,CC,GT,GG,NG,AA,GG,TT,GA,GA,CC,AA,CC,TN,CC,CC,NN,CC,GG,TT,AA,NN,AG,CC,AA,TT,AC,GG,GG,GG,GA,CC,AT,TT,AA,CC,AG,GG,GG,CC,CC,GG,TT,NN,CC,TC,GG,GG,CC,AA,GN,GG,AA,CC,TT,NC,CC,TG,AA,AA,TT,GA,TT,GT,TA,NG,AA,CC,GG,CT,NN,AA,AG,TT,AG,GG,AT,AA,AG,NC,CC,AT,CN,AG,GG,CT,TT,CT,GG,GG,CC,TG,AA,GG,AA,AA,CT,AA,AA,AA,TT,CC,GA,CC,GG,CC,CC,NN,TC,NN,CC,AA,CC,AA,AG,TC,GG,CC,AA,AA,CT,NN,NC,TT,AG,CT,AA,CC,GG,TT,GT,AT,CC,GG,CC,CC,CC,GG
Italy,,,,NA20802,,NA,CC,CC,TT,TT,GG,TT,GG,CC,CN,NN,GG,CC,CC,GG,TT,AA,GG,AG,CC,CC,CA,GT,TT,GG,NN,GT,GA,CC,CA,NT,CC,CN,AA,GG,GG,AG,GG,AC,GG,CC,CC,CT,NN,TT,NN,CC,AA,CN,CC,CC,GA,GA,CC,GA,CC,GA,TT,GG,GG,TT,GG,GG,CC,CC,GG,GA,AA,TT,CC,TT,NN,NA,NC,AA,CT,CC,AA,AA,GG,GG,CA,CC,AA,GA,CT,GG,GG,AA,TT,CC,NG,TN,GA,GA,CC,AA,GG,CC,AA,GA,AA,TT,NN,TT,GG,AC,AG,AG,AG,NN,CT,AG,TT,TT,GG,GG,AG,TT,GG,AA,CC,NN,TT,CC,GG,CC,CG,GG,TT,GG,GG,NN,TC,CT,AA,TC,CC,GG,AA,NN,CG,AG,TT,GG,CC,NN,TT,CC,TG,AA,TC,CG,CC,TC,TT,AA,GG,AG,AA,TG,CC,GA,CC,NT,GG,GG,TC,CT,GG,AA,TT,CT,TT,CC,AT,AC,TT,GG,TT,GG,CC,GA,GG,AA,NC,GA,GG,GG,NT,TT,TT,TC,TN,GA,CT,GN,CA,GG,GG,GA,GG,TT,TG,CC,GG,AA,AA,AA,GG,GG,GG,AA,CT,TC,AG,CC,CC,AA,AA,TN,GA,NT,TT,TC,GG,CT,AA,TT,CC,AA,GG,GG,AA,TA,GG,GG,CC,GG,CC,AG,TT,TG,GG,AG,CT,TT,NN,TT,TT,CC,TT,TG,NT,GG,TT,AA,GG,TG,CC,GG,GG,GG,NT,CT,TT,TT,GG,GG,TT,TT,CC,TC,GG,NN,TT,CC,CT,AA,AA,GG,CT,TN,CC,AA,AA,NC,CC,TT,GG,TT,AA,TT,AA,AG,AA,CC,GG,AA,TC,AT,TT,AA,CC,CC,CT,TT,NN,GG,GG,CT,CC,GA,CC,CT,NN,GG,AA,AG,CT,CC,GT,AA,TT,AA,GA,AA,GG,AG,CC,AN,GG,NA,TT,AA,GT,AG,AG,AA,CT,AA,CC,TT,NN,NN,TT,CC,CC,TG,AA,NN,AA,GG,CT,AA,AG,CC,CC,CC,NN,CA,CC,NG,CC,GG,TT,AA,NN,GG,CC,AA,TT,AC,GG,GG,GG,GG,CC,AT,CC,AA,CC,GA,GA,GA,CC,CG,GG,TT,NN,CC,TT,GA,GC,TT,NN,GG,GG,AA,CT,TC,NN,CC,TG,AA,AG,TT,AA,CT,TT,AT,NG,AA,CC,AG,TC,GN,AG,AG,TC,AG,GG,AA,CA,AG,NN,TC,AT,NC,AG,GG,CC,TT,CT,GG,GG,TC,GG,AA,GG,GG,AA,CC,AC,CC,GG,TT,NN,AA,CC,GG,CC,CC,NN,CT,CN,NN,AA,CC,AA,AA,TT,AA,CC,AN,AA,TC,NN,CN,TC,AA,CT,TT,CC,GG,TT,GG,TT,CC,GG,CT,AC,CT,GG
Italy,,,,NA20803,,NA,TC,CC,TT,TC,GG,TT,GT,CC,CC,NN,GG,CC,CC,GG,TT,AG,GG,GG,CC,CC,AA,GG,TT,AG,NC,GT,GG,CC,AA,TN,CC,CC,AA,GT,AG,GG,GG,AA,GG,CC,AC,CT,NN,CC,NC,CC,AA,CN,CC,CT,AA,AA,CC,GG,CC,GG,TT,GG,GA,CT,GG,GG,CC,CC,CG,GG,AA,TT,CC,TT,TN,NN,CC,AA,CC,TC,AA,AA,GG,GG,CC,CC,AA,AA,CC,GG,GA,AA,TT,TC,NG,NN,GA,GA,CC,GA,GG,CC,AA,GG,AA,CT,NN,TT,GG,AA,GA,AG,GA,CN,CC,GG,TT,TT,GG,GG,GG,TT,GG,AG,CC,CN,TC,CC,GG,TC,CC,GG,TG,GG,GA,NN,CC,CC,AG,TT,CC,GG,GG,NN,GC,GG,TC,GG,CC,NN,CT,CC,TG,AA,CC,GG,CC,CT,TT,AA,GT,AG,AA,TG,CC,AG,TC,TN,CC,GG,TT,CC,AA,AG,TT,CT,TT,CC,TT,CA,GG,GG,TT,TG,CC,GA,GG,GA,NC,GA,GA,GG,TT,TT,TT,CC,TT,AA,TT,NN,AC,GA,GA,AA,GG,CC,TG,CC,GG,AA,AA,GA,AG,GG,GC,AA,TT,TT,AG,CC,CC,CA,AA,TN,GG,NT,TG,CC,AA,CT,AA,TT,CC,AA,GT,AG,GA,AT,CG,GG,CT,GA,CC,GG,GT,TG,TG,GG,TC,TT,NN,NT,TT,CC,TT,GG,TN,AG,TC,GG,AG,TT,CT,GG,AG,GG,TT,TT,GT,CC,GG,GG,TT,TT,AC,CT,GG,NN,TT,TT,CC,CC,GG,CC,CC,TT,TC,AA,AA,NN,CC,TT,GG,TT,AG,TC,AG,GA,GA,TC,GG,AA,CT,AT,TT,AA,CC,CC,TC,TC,NN,GC,CC,TT,CC,GA,CC,CC,NC,GG,AA,AA,CC,CC,GG,AA,TC,AA,AA,TA,GG,GG,CT,NA,AA,AA,TT,AT,GG,GG,AG,AA,CC,GA,CG,TC,NC,NT,NN,GG,TT,TT,GG,NN,AA,AA,CT,GG,GA,GG,AC,NN,NT,AA,CC,GN,CC,GG,TT,AN,NC,GG,CC,AA,TT,CC,GG,GG,GG,GG,CC,TT,CT,AA,CC,GG,GG,GG,CC,CC,GG,TA,NN,CC,TT,GG,GG,CT,NN,NG,GG,AA,CC,TT,CN,CC,TG,AA,AA,TT,AA,TT,TG,AA,NN,AA,CC,GG,CT,NN,AA,AA,TT,GA,GG,AA,AA,AA,CN,CC,TT,CC,GG,GG,CT,TT,CT,GG,GG,CT,GG,AA,GG,GG,AA,CT,AA,AA,AG,TT,CC,GG,CC,GG,CC,CC,NN,CC,NC,NC,AA,CT,GA,AA,TT,AA,TT,AA,NA,CC,GN,NN,CC,GA,TC,AT,CC,GG,TT,GG,TT,NC,GG,TT,CC,CC,GG
Italy,,,,NA20804,,AN,CC,CC,TT,TC,GG,TC,TT,CC,NC,NN,GG,CC,CC,CG,CT,GA,GG,GA,CC,CC,AA,GG,TC,GG,CN,GT,GG,CC,CA,TN,CT,CN,AA,TT,GA,AG,GA,AC,GA,TC,CA,CC,AN,CT,NN,CC,AA,NC,CC,CT,AG,GA,CC,GA,CC,AG,TT,GG,GA,TT,GA,GG,CG,CC,GG,GG,AA,TT,CC,TT,TN,NA,CC,AA,CC,CC,AA,AA,GG,GG,CC,CC,AA,AA,CC,GG,GA,AA,TT,TC,NN,NN,GG,AG,CC,GG,GG,CC,CA,GG,AA,CT,NN,TT,GG,AA,AA,GA,GA,NC,TC,GA,CT,TT,GG,GG,GG,TC,GG,AA,CC,NC,CC,CC,GG,CC,CC,GG,TT,GG,GG,NN,CC,CC,AA,TT,CC,AA,GA,NN,GG,GG,TC,GG,CG,TN,CT,CC,GG,AA,CC,CC,CC,TC,TT,TA,GG,AA,AA,GG,TC,GA,CC,NN,GC,GA,TT,CC,GA,AA,TT,CC,TT,CC,TA,AA,GT,AG,TT,GG,CC,GG,GG,AA,CN,AA,GG,GG,TN,TT,TT,CC,TN,GA,TT,NN,AA,AG,GG,GG,GA,TT,GG,CT,GG,GA,AA,AA,GG,GG,GG,AA,CT,CT,AG,TC,TC,AC,AA,NN,AG,NN,GT,TC,AA,TT,AA,TT,GC,AA,GG,GG,AG,AA,CG,TT,CC,GG,CT,AG,TT,GT,TG,AG,CC,TT,NN,NN,AT,CC,TT,TG,TT,GG,TT,GG,GG,TG,CC,GG,GA,GG,NT,CT,TT,TT,NG,GG,NT,TT,CC,TC,GA,NN,CT,TC,TT,AA,GG,CC,TT,NN,CT,CC,AA,NC,CC,CT,GT,NN,AA,CT,GG,AA,GG,TC,GG,AA,CC,AT,TT,AA,CC,CC,CC,TC,NN,GG,CC,CT,CC,AG,AC,CC,NN,GG,AA,AA,CC,CC,GT,AA,CC,AC,AA,TT,GT,GA,CC,NN,GG,AN,TT,AA,TG,GG,GG,AA,TC,GA,CG,CC,CN,NN,NN,CG,TT,GG,GG,NN,AA,AA,CT,GG,AA,GG,AC,CN,NT,CA,CC,NN,CC,GG,TT,AA,CN,GG,CC,AA,TT,AC,GG,TG,GG,GG,CC,TA,CT,AA,CC,AG,GG,GG,TC,CG,GG,TA,AA,CC,TT,GA,GC,TT,AN,NN,GG,GG,CT,TC,NC,CC,TT,AA,AA,TT,AA,TT,GT,AA,GN,AA,CC,GG,CT,NG,AA,GA,TT,GG,CG,TA,AC,GG,NN,CC,AA,CN,AG,GG,CC,TT,CT,GG,GC,CC,GG,GA,GG,AG,AA,CT,AA,AC,GA,TT,NC,AG,CC,GG,CC,CC,NN,CC,NN,CC,CA,CC,AA,AA,TC,AG,TT,AA,AA,CC,NN,NN,CC,AA,CT,AA,CC,AG,NN,GG,TT,CC,GG,CC,CC,CC,GG
Italy,,,,NA20805,,NA,CC,AC,TT,TC,GC,TT,TG,CC,CN,NN,GG,CT,CC,GC,TT,GA,GG,GG,CC,CT,AA,GG,TT,GG,CN,GT,AG,CC,CC,NN,CC,NC,AA,GT,AG,GA,GG,CC,GG,CT,AA,CC,NN,TC,NN,CC,AA,CC,CC,CC,AA,AA,CC,GG,CC,GG,TT,GG,AG,CT,GG,GG,CG,CT,CG,AG,AN,CT,CC,TA,NN,NN,CC,AA,CC,CC,AA,AA,GG,AG,CC,CC,AA,AA,CC,GG,GG,AA,TT,CT,NN,NN,GA,AA,CC,AA,GG,CC,CA,GG,AA,TT,NN,TT,AG,CA,AG,GA,AG,NC,CC,GG,TT,TT,GG,GG,AG,TC,GG,AA,TC,NC,CC,CC,GG,CT,CC,AG,TT,TG,AG,NN,CC,CC,AA,TT,TC,GG,AG,NN,GG,GG,TT,GG,CC,NN,TC,CC,TT,AA,CC,CG,CC,CC,TT,AA,TG,GA,AA,GG,CC,AA,CC,NN,CC,GG,TC,CT,GG,AA,TT,TC,TG,CC,TT,AA,GT,GA,TT,GT,CC,GG,GG,AA,NC,GA,GG,GG,NT,TT,TT,CC,TT,AG,CT,NG,AA,GG,GG,AG,GG,TT,TT,CC,GG,AA,AA,AG,AG,GG,CG,CA,TC,CC,GA,TC,TT,CA,AA,TT,AG,TN,TT,CC,AA,TC,AA,TT,GC,AA,GG,AG,AA,TA,GG,GG,TC,GG,TC,AA,GT,TG,GT,GA,TT,TT,NN,NT,TA,CC,TT,GG,TN,GG,TC,GA,GG,TG,TC,GG,GG,GG,TT,TT,TT,TT,GN,GG,NT,TT,CC,CC,GA,NN,TT,CC,TT,AA,GG,GC,CC,TT,CT,CA,AA,CN,TC,TT,GG,NN,AA,TT,GA,AA,GA,CC,GG,AA,TC,TT,TT,AA,CC,CC,CC,CC,NN,GC,CC,CT,CC,AG,CC,CC,NC,CG,AA,AA,CC,CC,TT,AG,CC,AC,GA,AT,GG,GG,CC,NN,GG,NN,CT,AA,TG,GG,AA,GG,CC,GA,CC,CC,NC,NN,NT,CC,TT,GG,AA,NN,AA,GG,CC,GG,AA,CC,AC,NC,NT,AC,CC,NN,CC,GG,TT,AA,NN,GG,CC,AA,TT,CC,GG,GG,AG,AG,CC,TT,CC,AA,CC,GA,GG,GG,CT,CC,GG,TT,NN,CC,CC,AA,CC,CC,NN,GN,GG,AA,CC,TT,NN,CC,TG,AA,GG,TT,AA,TT,GT,AA,NN,AA,CC,GG,CT,NN,AA,GA,TT,GA,GG,AA,CA,GG,CN,CC,TT,NN,GG,GG,TT,TC,TC,GG,GG,TC,TG,AA,GG,AG,AA,TT,AA,CA,AA,TT,NN,AG,CC,GA,CC,TC,NN,TC,NN,CC,AA,CC,AA,AA,TT,AA,TC,AA,NN,CC,NN,CN,CC,AA,CC,TA,CC,GA,TT,GG,TT,CN,GG,CT,CC,CC,CG
Italy,,,,NA20806,,NA,CC,AA,TT,TT,CG,TT,TG,CC,NC,NN,GG,TT,CT,GC,TT,GA,GG,GG,CC,TC,AA,GG,TT,GG,CC,TG,AG,CC,AC,TN,CC,CN,AG,GT,GA,GA,GG,CC,GG,TC,CA,CC,NN,CT,NC,CC,AA,CN,CC,CT,AA,AG,CA,GG,CC,GG,TT,GG,AG,TT,GA,GT,CC,CC,GG,GG,AN,TT,CC,TA,NT,NN,CC,AT,TC,CT,GA,AA,AA,GA,CC,CC,AA,AG,CC,GG,GG,AA,TT,CT,NN,NN,GG,AG,CC,AA,GG,CT,AC,AG,AA,TC,NN,TT,GG,AA,AG,GA,GG,NN,CC,AG,TT,TT,GG,GG,GG,TT,GG,AA,TT,NN,CC,CC,GG,TC,GC,GG,TT,GT,GG,NN,TT,CC,GA,TT,CC,GA,GG,NN,CC,AG,TT,GG,CC,NN,TT,CT,GG,AA,CC,GG,CC,TT,GT,AA,TG,AG,AA,GT,CT,GA,CC,TN,CC,AG,TC,CC,GG,GG,TT,CC,GT,CC,TA,CA,TT,AA,TG,GG,CC,GA,GG,AA,NN,AG,GG,GG,NN,TT,TT,CC,TN,AG,TC,NN,CA,GA,GG,AA,GG,TC,TG,CC,GG,AA,AA,AA,GG,AA,GG,AA,TT,TC,GA,CC,TT,AA,AC,NN,AA,NN,GG,CC,AG,TT,AA,TT,CC,GA,GG,AG,AA,TA,GG,GG,TT,GG,CC,GG,TT,TG,GT,AG,TT,TT,NN,NN,TA,CT,TG,TG,NT,AA,TT,AA,GG,TG,CT,GT,GG,GA,TT,TT,TT,CC,NN,AG,NT,TT,AC,TC,AG,NN,TT,CC,CT,CC,GG,CC,TC,TT,CT,CA,AA,NC,CC,TT,GG,TT,AA,CT,GA,GG,GG,CC,GA,AA,CC,TT,TT,AA,CC,CC,TC,TC,NA,CC,CC,TC,CC,GA,CC,CC,NC,CG,AA,AA,CC,CC,TG,AA,CC,AA,AA,TT,GG,AA,CT,NN,GG,AN,CT,AT,GT,AG,AA,GA,CC,GA,CG,CT,CN,NN,TT,CC,CC,TG,GG,NN,AA,AG,TT,GG,AA,GC,AA,CN,NT,CC,CC,NN,CC,TG,TT,AA,NN,GG,CC,AA,TT,CA,GG,TG,GG,GG,CC,TA,CC,GA,NC,GA,GA,GA,TT,GC,GG,AT,NN,CT,TT,GA,GG,CT,NN,NG,GG,AA,CT,TC,NN,GC,TT,AA,AA,TT,AA,TT,GG,TA,NN,CA,CC,AG,CC,NN,AA,AA,TT,GG,GG,AA,AA,AA,NN,CC,AA,CN,GG,GG,TC,TT,TC,GG,GG,CC,GG,GA,GG,AA,AA,TT,AA,AC,GG,TT,NC,GA,CC,GG,CC,CC,NN,CT,CN,CC,AA,CC,GG,AA,CC,AG,TT,AA,NN,TT,NN,NC,TT,AA,TC,AA,CC,AG,NN,GG,TT,NC,GG,TC,CC,CC,GG
Italy,,,,NA20807,,AN,CC,CA,TT,TT,GC,TT,GG,CC,NN,NN,GG,CC,CC,CG,TC,GA,GG,GG,CC,CC,CA,GT,CT,GG,NC,TT,GA,CC,AC,NN,CC,CN,AG,GG,AG,AG,GG,CC,GG,CC,AA,CT,NA,TC,NN,TC,AA,CC,CC,TC,AA,GG,AC,GG,CC,GG,TT,GG,GG,TC,GG,GG,CC,CC,GG,GA,AA,TT,CC,TT,NN,AN,CN,AA,CC,TC,AA,GG,GG,GA,AC,CC,CC,AA,CC,TT,GG,AA,TT,CT,NN,TN,GG,GG,CC,GG,GG,CC,AA,GG,AA,TT,NN,TT,GG,AA,AA,AA,AG,NC,TC,AG,TC,TT,GG,GA,GG,TT,GG,AA,CC,NN,CT,CC,GG,CC,CC,GG,GT,TT,GG,NN,TT,CC,AG,TT,CC,GG,AA,NN,GG,GG,TT,NG,CC,NN,TT,CT,TT,AA,CC,GC,CC,CC,TT,AA,GT,AA,AA,GG,TC,AG,TC,TT,CC,GG,CC,CC,GA,GA,TT,CC,TT,CC,TT,AC,TT,AG,TT,TG,CC,GG,AG,AA,NC,AA,GG,GG,TN,TT,CT,TC,TT,GG,CC,GN,AA,GA,GG,GG,GG,TT,TT,CC,GG,AA,AA,AG,AA,GG,CG,CA,CT,TC,GG,CT,TT,AA,AC,NT,GA,NN,GT,CC,AA,TC,AA,TT,GC,AA,GG,AA,AA,TA,CG,GG,CC,AG,CC,AA,TT,TG,GT,AA,TC,TT,NN,TN,AT,CC,TT,GG,TT,GA,TT,GG,GG,TT,CC,TG,AG,AG,TT,TT,TT,TC,GG,GG,TT,TT,CA,CC,GG,NN,TT,CT,CT,CA,GG,GC,TT,TT,CC,AA,GA,CC,CC,TT,GT,NN,AA,TT,AA,GG,GG,CC,GG,AA,TC,TA,TT,AA,CC,CC,CC,CC,NN,GG,CG,CT,CC,AG,CC,TC,NN,GC,GA,AA,TC,TC,GG,AA,TC,AC,AA,TA,GG,GA,CC,AN,AG,NA,TT,AA,GT,GG,AG,AA,CC,AA,CC,TC,CC,NN,NT,GG,TC,TG,AA,NN,AA,AA,CT,GG,AA,CC,CC,CC,NN,AC,CC,NN,CC,GG,TT,AA,NN,GG,CC,AA,TT,CA,GG,TG,GG,GG,CC,TT,TC,AA,CN,AG,GG,GG,TC,GG,AG,AT,NN,CC,TT,GG,GG,CC,NN,GN,GG,AA,TT,TC,CN,GC,GT,AA,GG,CT,AA,TT,TG,AA,GG,AA,CT,GG,TT,NN,GA,AG,TT,GA,GG,AA,CA,GG,NN,CC,AA,NN,AG,GG,CT,TT,CC,AG,GG,CC,GG,AA,GG,GA,AA,TT,AA,CA,GG,TA,NN,GA,CC,GA,CC,CC,NN,CC,NC,NN,AA,CC,AA,AA,TC,GA,TT,AN,AA,CC,NN,CN,CC,AA,CC,AT,CC,GA,NT,GG,TA,CN,GG,TT,AC,CC,GG
Italy,,,,NA20808,,NN,CC,AC,TT,CT,GG,CT,GG,CC,CN,NN,GG,CC,CC,CC,TT,AA,GC,GA,CG,CC,AA,GG,TT,AG,NN,TT,GA,TC,AA,TN,TC,NN,AA,GT,GG,GA,GG,CC,GG,CC,CC,CC,NA,TT,NC,CC,AA,CN,CC,TC,AA,GG,CC,GG,TC,GG,TT,GA,GG,CC,GG,TT,GC,CC,GG,AG,AA,TT,CC,TT,NN,NN,NC,AA,CC,TC,AA,AA,GG,GG,CC,CC,AA,AA,CC,GT,GG,AT,TT,CT,NN,NN,GG,AA,CC,AA,GG,TC,AA,GG,AA,TT,NN,TT,GG,AA,AA,GG,GG,NN,CC,AA,TT,TT,GG,GG,GG,TT,GG,AG,CC,NN,TC,CC,AA,CC,CC,AA,TT,GG,GG,NN,CC,CC,AA,TT,CT,GG,GG,NN,GG,GA,TT,GN,CC,NN,TT,TC,TT,AA,CC,CC,CC,CT,TG,AA,GG,AG,AA,GG,CC,AG,CC,NN,CG,GG,TC,CT,GG,AA,TT,TC,TT,CT,TT,AA,GT,GA,TT,GG,CC,GG,GG,AA,CN,GG,GG,GG,NT,TT,CC,CC,TT,GG,TT,GN,AA,GG,GG,AG,GG,TT,GG,CC,GG,AA,AA,AG,AA,GG,GG,CA,TC,TC,GG,CC,CT,AC,CA,TN,GA,NN,TT,CC,AA,TT,AA,TT,GC,AA,GG,GG,AA,TA,GG,TT,CT,GG,CC,GG,TG,GG,GT,AA,TT,TT,NN,TN,TA,CC,TT,GG,NT,GG,TT,AA,GG,TG,CC,TG,GA,GG,TT,TT,GG,TC,GG,GG,TN,TT,CC,CC,GG,NN,TT,CC,TT,AA,GG,CC,TT,TT,CC,AA,AA,NN,CC,TT,GG,NN,AA,TT,AG,AA,AA,CC,GA,AA,TC,AA,TT,AA,CC,CC,CT,CT,AN,CC,CC,TT,CC,GA,CA,CC,CN,GG,AA,AA,TC,CC,TG,AA,CC,AA,AA,TT,GT,AG,CC,NN,GA,NN,TC,AA,TG,GG,AG,GA,CC,AG,CC,CC,CC,TN,NT,GC,TC,TG,GG,NN,AA,GA,TT,AG,AA,GC,CA,CC,NN,AA,CC,NN,CC,GG,TG,AA,CN,GG,CC,AA,TT,CA,GG,GG,GG,AA,CC,AT,CC,AA,CC,AA,GG,GG,TC,GG,GG,TT,NN,TT,TT,GA,GG,CC,NN,GG,GG,AA,TC,CC,NN,CC,TT,AA,GA,TT,AA,TT,GT,TA,GN,AA,CC,GA,TC,GN,AA,AA,TT,GA,GG,AA,AA,AA,CC,CC,TT,NN,GG,GG,CC,TT,CC,GA,GG,CC,GG,AA,GG,GG,AA,CC,AA,AC,GG,TA,NC,GG,CC,GA,CC,CT,NN,CC,NC,CN,AA,CC,GG,AA,CT,AG,CT,AA,AN,TC,NG,CN,CC,AG,CC,TA,CC,AG,TT,GG,TT,NC,GG,TT,CC,CC,GG
Italy,,,,NA20809,,AN,CC,CC,TT,TT,GC,TT,TT,CC,CC,NN,GG,CC,CC,GG,TT,AA,CC,GG,CC,CC,AA,TG,TC,GG,CN,TT,GG,CC,CA,NN,CC,CN,AA,TT,GA,AG,GG,CC,AG,CC,AC,CC,NN,TT,NN,CC,AA,NC,CC,TC,AA,AA,CC,AA,CC,GG,TT,GG,GA,TT,AG,GG,CC,CC,CG,GG,AA,TT,CC,TA,NN,NN,NC,AT,CC,TC,AA,AA,GA,GG,CC,CC,CC,AA,CT,GG,GA,AA,TT,TC,NN,TT,GG,AG,CC,GA,GG,TT,CA,GA,AA,TC,NC,TT,GG,AC,GA,AG,GG,CN,CC,GA,TT,TT,GG,GG,GG,TT,GG,AA,CC,NN,CT,CC,GG,CC,CG,GG,TG,GG,AG,NN,TC,CC,AA,TT,CC,GG,GG,NN,GC,AG,TC,GG,CG,NN,TT,CC,TG,AA,CC,CG,CC,TC,TT,AA,GT,GA,AA,GT,CT,AA,CT,NT,GC,GG,CT,CT,GA,GA,TT,CC,TT,CC,TT,AA,TT,GG,TT,GG,CC,AG,GG,AA,NN,GG,GG,GG,TN,TT,TC,CC,TT,GG,TT,NN,AA,GG,GG,AA,GG,TT,TT,CC,GG,AA,AA,AG,AA,GG,CC,CC,CC,CT,GG,CC,TT,AA,AA,TN,AA,NT,GT,CC,AA,CT,AA,TT,CC,AA,GG,GG,GG,AA,CG,GG,TC,GG,CC,GA,TT,GT,GT,AG,CC,CT,NN,TT,TA,CC,TT,GT,NT,AA,CC,GA,GA,GT,CT,TT,AG,GG,NN,CC,GT,CT,GG,GG,TT,TT,AC,TC,GA,NN,TT,CC,TT,AC,GG,CC,TT,TT,TT,AA,AA,CN,TC,TT,GG,NT,AA,TT,AG,AA,AG,TC,GG,AA,TC,TT,TT,AA,CC,CC,CC,CC,AA,CG,CG,TT,TC,GG,CC,TT,NN,CG,AA,AA,CC,CC,GG,GG,CC,CA,AA,AT,GG,GG,TC,NN,GG,NN,TT,AA,GG,AG,AG,AA,CC,AA,CC,TT,CN,NN,NN,GG,TT,TT,GG,NN,AA,AG,TT,AG,AA,CG,CC,CC,NN,AA,CC,NN,CC,TG,TT,AA,CN,GG,TC,AA,TT,CC,GG,GG,GG,GG,TC,AT,CC,AA,CC,GA,GG,GG,TC,GG,GG,TA,NN,CC,TT,AG,GG,CT,NN,GG,GG,AA,TC,CT,NN,CC,TT,AA,AA,TT,AA,TT,TG,TA,GN,AA,CC,AG,TC,NG,AA,AA,TT,AG,GG,AA,AC,GG,NC,CC,AT,NN,GA,GG,TC,TT,CC,GG,GG,CC,GG,AA,GG,GA,AA,TT,AA,CA,GG,TA,CC,GA,CC,GG,CC,CT,NN,TC,CC,NC,CA,CC,AG,AG,CC,AG,TC,AA,AA,CT,NN,NC,CC,AA,CT,AT,CC,AG,TN,GG,TT,NC,GG,CC,CA,CC,GG
Italy,,,,NA20810,,AN,CC,CC,TT,TT,CG,TC,GT,CC,NN,NN,GA,CC,CC,GG,TT,GA,GG,GA,CC,CC,AA,GG,TT,GG,CN,TT,GG,CC,CC,NN,TC,CN,AA,GG,AG,AA,GG,CC,GA,CC,AA,CC,NN,TT,NN,CC,AG,NC,CC,CC,AA,AA,AC,GA,CC,GA,GT,GG,GA,CC,GA,GT,GC,CC,GG,GG,AA,TT,CC,AT,NN,NN,NC,AT,CT,CC,GA,GG,GG,GG,CC,CC,AA,AA,CC,GT,GG,AT,TT,TC,NG,TN,AG,GA,CC,AA,AG,CC,AC,GG,AA,CT,NN,CT,GG,AA,GA,GA,AA,NN,CC,GG,CT,TT,GG,GG,GG,TC,GG,GA,CT,NN,CC,CC,GG,CT,CC,GG,TT,GT,GG,NN,CC,CT,AA,TT,CC,GG,AG,NN,GG,GA,TT,GN,CC,NN,TC,CC,GG,AG,TC,CG,CC,TT,TT,AA,GT,AA,AA,GG,CC,AA,CC,TN,GC,GG,CC,TT,GA,AA,CT,CC,TT,CC,AT,CA,TG,AA,TG,GG,CT,GA,GG,AA,CN,AA,AG,AG,NT,TT,CT,CT,TT,GG,CT,NN,AA,GG,GA,AA,GG,CT,TT,CC,GG,AA,AA,AA,GG,GA,GC,CA,TT,TC,GG,CC,CT,AA,AC,TN,GA,NN,GG,CC,AA,TT,AA,TT,CC,AA,GG,AA,GA,TT,GG,GG,TT,GG,CC,GA,TT,TG,GT,GA,TT,TT,NA,NT,AT,CC,TT,GG,TT,GG,TT,AG,GG,TT,CC,GG,GA,AG,NN,CC,TT,TT,NG,GG,NT,TT,CC,CC,GG,NN,TC,TC,CC,AC,AG,CC,CT,TT,CT,AA,AA,NC,CC,TT,GT,NT,GA,TC,AA,GG,GG,CC,GG,AA,CC,AA,GT,NA,TC,CC,CT,CC,NN,CC,CC,TC,CC,GA,CC,CT,NC,GG,AA,AG,CC,CC,TT,GG,CC,AA,GA,AT,GT,AG,CC,NN,AG,AN,TC,AA,GG,GG,AA,AA,CT,GG,CC,TT,CN,NN,TN,CC,CT,GG,AG,NN,AA,GA,TT,GG,AA,CC,CA,CC,NN,CA,CC,GN,CC,GG,TT,AA,NC,GG,TC,AA,TT,CA,GG,TT,GA,GG,CC,AT,TC,AG,CC,GA,GG,GG,TT,CG,GG,AT,NN,CT,CT,GG,GG,TC,NN,NG,GG,AA,CC,TT,NN,GG,GT,AA,GA,TT,AA,TT,TT,AA,GG,AA,CC,GA,TT,NN,GA,GA,TT,AG,GG,AT,AA,GG,CN,CC,AT,NC,GG,GG,TC,TT,CC,GG,GG,CC,GG,AA,GG,GA,AA,CT,AA,AC,GG,TT,CN,AA,CC,GG,CC,CT,NN,CC,CN,CC,AA,TC,AA,AA,TT,AG,TT,AA,AA,TC,GN,NC,CC,AA,CC,AA,CC,AG,TT,GG,TA,CN,GG,CC,CC,CC,GG
Italy,,,,NA20811,,NN,CC,CC,TT,CC,GC,TT,TG,CC,NN,NN,GG,CC,CC,GC,TT,GA,GG,AA,CC,CC,AA,TT,TT,GA,CN,GG,GG,CC,AA,NN,CC,CC,AG,TG,GG,AG,AA,CC,GA,TC,AA,CC,NA,TC,NN,CT,AG,CC,CC,TT,AA,GA,CC,GG,CC,GG,TT,AA,GA,TT,GG,TG,CC,CC,GG,GA,AA,TT,CC,TT,TN,NA,CC,AA,TC,CT,AA,AA,GG,GA,AC,CC,AA,AA,CC,GG,GG,AA,TT,TC,GN,NN,GG,GG,CC,AA,GG,CC,AA,GG,AA,TC,CN,TT,GG,AA,AA,AG,GG,NC,CC,AG,TT,TT,GG,GG,GG,TT,GG,AA,CC,NN,CC,CC,GG,CT,CC,GG,TT,TT,GG,NN,CC,CC,AA,TT,CC,GG,AA,NN,GG,GG,TT,NG,CC,TN,CT,TC,GT,AA,CC,CC,CC,CT,TT,AA,GT,GA,AT,GG,TC,AA,TT,TT,CC,AG,CC,CC,GA,GG,TC,CC,GG,CC,TA,AA,TT,AG,GT,GG,CC,GG,GG,AA,CN,AG,GG,GG,NT,TT,CC,CC,TN,GA,TT,GN,AA,AG,GG,GG,GG,TT,TG,CC,GG,AA,AA,AA,AG,GG,CG,CA,TC,CT,GA,CC,CC,CA,AA,TN,AG,TT,GG,CC,AG,CC,AA,GT,CC,AA,GT,AA,AG,AT,GG,GG,CC,GG,CC,AG,TT,GG,TG,GA,CT,CT,NN,TT,AA,CC,TT,GG,TN,GG,TT,GG,GA,GG,CC,GG,GG,GG,TT,TT,TG,TT,GG,AG,TT,TT,CC,CC,GG,NN,TC,TC,TT,AA,GG,CC,CT,NT,TC,CA,AA,NN,CC,TT,GG,NT,GA,TC,AA,AA,AG,CT,GG,AA,CC,AT,TG,AA,CC,CC,CC,CC,NN,GC,CC,CT,CC,GG,CC,CC,NN,GG,AA,AG,CC,CT,GG,AA,CC,AA,AA,TA,GG,GG,CC,NN,GG,AN,TT,AA,GT,GA,GA,AA,CT,AG,GC,CC,CC,NT,TT,CC,TC,TT,GG,NN,GA,AA,TC,AA,AA,CC,AC,CC,NT,AA,CC,GG,CC,GG,TT,AA,NN,GG,CC,AA,TT,CA,AG,GG,GA,GG,CC,TT,TT,AG,CC,GA,GG,GG,TC,GC,GG,TT,NN,CC,TT,AA,GG,TC,NN,NN,GG,AA,TC,TT,NN,GG,GT,AA,GG,TT,GA,TT,TG,AA,NN,AA,CC,AG,CC,NN,AA,AG,TT,GG,GG,TA,AC,GG,CN,CC,TA,CN,AG,GG,CT,TT,TT,GG,GG,CC,GG,AA,GG,GA,AA,TT,AA,AA,GA,TT,CC,AG,TT,GG,CC,CT,NN,CC,NN,NC,AA,CC,AG,GA,TT,AA,TT,AA,AA,TC,NN,NN,CC,AA,TC,TA,CC,AG,TN,GG,TA,CN,GG,TC,CC,CC,GG
Italy,,,,NA20812,,NN,CC,AC,TT,CC,CG,TT,GT,CC,NC,NN,GG,CC,CC,GG,TC,AG,CG,GG,CC,CC,AA,TG,TC,GG,CN,GT,GG,CC,CC,NN,CC,CC,GA,GG,AA,AA,GG,CC,GG,TT,CC,CC,NN,TT,CN,CC,AA,CC,CC,CC,AA,GA,AA,GA,TT,GG,TT,AG,GG,CC,AA,TG,GC,CC,GG,GG,AN,TT,CC,TT,NN,NN,CN,AA,CC,CT,AA,GA,GG,GG,AC,CT,CA,AA,CC,GT,AG,AA,TT,CC,NN,NN,GA,AG,CC,AA,GG,CC,CA,GG,AG,TT,NC,TT,GG,AA,AG,GG,GA,NN,CC,GG,CT,TT,GG,AG,GG,TT,CG,GA,CC,CN,TC,CC,GG,CT,CC,GG,TT,GG,AA,TN,TC,TC,AG,TT,TC,AG,AG,NN,GC,GG,CC,GN,CC,NN,TT,CC,GT,GG,CC,CC,CC,TT,TT,TA,TG,AG,AA,GG,CC,AA,CC,NN,CC,GG,TC,CT,GG,AA,TT,CT,TT,TC,TA,CA,GT,AG,GT,GT,CC,GG,GG,AA,CN,AG,AG,GG,TN,CT,TT,CC,TT,AG,TC,GN,AA,GG,GG,AG,GG,TT,TT,CC,GA,AA,AA,AA,AG,GG,GG,AC,TC,TT,GG,CC,CC,AC,CC,NN,AA,NN,GG,CC,GG,TC,AA,TT,CC,AA,GG,GG,GA,TT,GG,GG,TC,GG,CC,GG,TT,GT,GT,AG,CC,CT,NN,TT,AT,CC,TT,GT,TT,GG,TT,AA,GG,TT,CT,TG,GG,GG,TT,TT,TG,CT,GG,GG,TN,TT,CC,TC,GG,NN,TT,CT,TT,AC,AG,CC,CT,NT,CC,AC,GA,NC,TC,TT,GG,TN,AA,TT,AA,AA,AG,TT,GG,AA,CT,TA,TT,AA,CC,CC,CC,CC,NN,CG,GC,CT,CC,AG,CC,CC,NN,GG,GA,AG,CC,CC,GG,AA,CC,CA,AG,TA,GG,GG,CC,NN,GG,AN,CT,AA,GT,GG,GA,AA,CC,AA,CC,CT,CC,NT,TT,CG,CT,TT,AG,NG,AA,AA,CT,AG,AA,CC,CA,CC,NN,AC,CC,GN,CC,GG,TT,AA,NN,GG,CC,AA,TT,AC,GG,GG,GG,AA,CC,AT,TC,AA,CC,AA,AG,AG,CT,GC,GG,TT,NA,CC,TT,AA,GG,CC,NN,GG,GG,AA,CC,TT,NC,GC,GT,AA,GG,TT,AG,TT,TT,AA,NN,AA,TC,AA,CC,NN,AA,GA,TT,GG,GG,AA,AA,AA,NN,CC,AT,NN,AG,GG,TT,TT,CT,GG,GG,CC,GG,AG,GG,GA,AA,CT,AA,CA,AG,TT,NN,GA,CC,GA,TC,TC,NN,TT,CN,NN,AA,CC,GG,AA,CC,GG,TT,AA,AA,CT,NN,NC,TC,AA,CC,AA,CC,GG,TN,GG,TT,CC,GG,TC,CC,CC,GG
Italy,,,,NA20813,,NA,CC,CC,TT,TC,GG,TT,TG,CC,CN,NN,GG,CC,CC,CC,TT,AG,GG,AG,CC,CC,AA,GG,TT,AA,NN,TT,GG,CC,CC,TT,CC,CC,AG,TT,GG,AG,AA,CC,GG,CC,CC,CC,NN,CC,NN,CT,AA,CC,CC,CT,AA,GG,CC,AA,TT,GG,GT,AG,AG,TT,GG,TG,CC,CC,GG,GG,NA,CT,CC,TT,NN,NN,NN,TT,CC,TT,AA,GA,GG,GG,CC,CC,AA,AA,CT,GG,GG,AT,TT,CC,NN,NN,AG,AG,CC,AA,GG,CC,AC,GG,AA,TT,NN,TT,GG,AA,AA,AG,AG,NC,CC,AG,TT,TT,GG,GG,GG,CT,CG,AA,CC,NN,CC,CC,GG,CC,CC,GA,TT,TG,AG,TN,TC,TC,AA,TT,CT,GA,GG,NN,GG,GG,TT,GG,CC,NN,TT,CC,TG,AA,CC,GC,CC,CT,GT,AA,GG,AA,TA,GG,CT,AG,TC,TN,GG,GG,CC,TT,AG,GG,TT,CC,TT,CC,TA,CA,TT,GG,TG,GG,CC,GG,GG,AA,NN,GA,GG,GA,TT,TT,TC,CT,TT,GA,CT,NN,AA,GG,GG,GG,GG,TT,TT,CT,GG,AA,AA,AA,GG,GG,GG,AA,CT,TC,AG,CC,CC,AA,AA,NT,AA,NN,GT,CC,GA,CT,AA,TT,CC,AA,GG,GG,GA,AT,GC,GG,CC,GG,CC,GG,TT,TG,GT,AG,TC,TC,NN,NN,TT,CC,TT,GT,NN,GG,TT,AG,GG,TT,CC,GG,GA,GG,TN,TC,TT,CT,GG,GG,TT,TT,CC,CT,GG,NN,TT,CC,CC,CA,GG,GG,CC,TT,CT,CC,AA,CN,CC,TT,TG,TT,AA,TC,GA,AG,GG,CC,GA,AA,CC,TT,TT,AA,CC,CC,CC,CT,NA,CC,CC,TT,CT,AG,AC,TT,NN,GG,GA,AG,CC,CC,GG,AG,CC,AA,AA,TT,GG,GG,CC,NN,GG,NA,TT,AA,GG,GG,AG,AA,CC,AA,CC,TT,NN,NN,TN,CG,CT,TT,GG,NN,AG,GA,TC,AA,AA,CC,CA,CC,NT,CC,CC,GN,CC,GG,TT,AA,NN,AG,CC,AA,TT,AC,GG,GT,AG,GG,CC,TA,TT,AA,CC,AA,GG,GG,CC,CG,GA,TT,NN,TC,TT,GG,GG,CC,NN,NG,GG,AA,CC,TT,NN,CG,GT,AA,AG,TT,AA,TT,GT,AA,NN,AA,CC,AA,CC,NN,AA,GG,TC,GG,GG,AA,AA,GA,NN,CC,AT,NN,GA,GG,TT,CT,CC,GG,GG,CC,TG,AG,GG,GA,GA,TT,AA,CC,AA,TT,NC,AA,CC,GG,CC,CC,NN,CT,CN,CN,AA,CT,AA,AA,TT,AG,CC,AA,AA,TT,NG,NN,TC,AA,CC,AA,CC,GG,TT,GG,AT,CN,GG,CT,AC,CC,GG
Italy,,,,NA20814,,NN,CC,CC,TT,TT,GG,TT,GT,CT,NN,NN,GG,CC,CC,GG,TC,AG,GG,GG,CC,CC,AA,GG,TT,AG,NC,TG,GG,CC,AC,NN,CC,NC,AA,TG,GA,AA,GG,CA,GG,CC,AA,CT,NN,CC,NN,CC,AA,NC,CC,CC,AA,AA,AC,GA,CC,GG,TT,GG,AG,CT,GG,GT,CG,CC,GG,GG,AA,TT,CG,TT,NN,NN,CC,AA,CC,CT,AA,AA,GA,GG,CC,CC,AA,AA,TC,GG,GA,AA,TT,CT,NN,NN,GG,GA,CC,AA,GG,CC,CA,GG,AA,TC,NC,TT,GG,AA,AG,GA,GA,NN,TC,GG,CT,TT,GG,GG,GA,TT,GC,AA,CT,NN,CC,CC,GG,CT,CC,GG,TT,GG,GA,NN,TC,CT,AA,TT,CC,GG,AG,NN,GG,GG,TT,GG,CC,TN,CT,CC,TG,AA,CC,CC,CC,CT,TT,AT,TG,AA,AA,TT,CC,AA,CC,NT,CG,GG,CC,TT,GG,GA,TT,TC,GT,CC,TT,AA,GG,GG,TT,GG,CC,AA,GG,AA,NN,AG,GG,GG,TT,CT,CC,CT,TT,GG,TC,NG,CA,GA,GG,GG,GG,TT,TT,CC,GG,AA,AA,GA,GG,GA,GG,AC,TC,CT,AG,CC,TT,CA,AA,TN,GA,NN,GG,CT,AA,CT,AA,TT,CC,AA,GG,GG,GA,TA,GG,GG,CC,GG,CC,AA,TT,GT,GT,GG,TT,TT,NN,TN,AT,CC,TT,GT,TT,AG,TT,GA,GA,TG,CC,GG,GG,GA,TT,TT,TT,TT,GG,GG,TT,TT,CA,CT,AG,NN,CT,CC,CT,AC,AG,CC,CT,TT,CC,CA,AA,CN,CC,TT,GG,NT,AA,CT,AG,GG,GG,TC,GG,AA,TC,AT,TT,AN,CC,CC,CC,CT,AN,GG,CC,TC,CC,GA,CA,CC,NN,CG,AG,GA,TC,CC,TG,AA,TC,AA,AA,TA,TG,AG,CC,AA,AA,NN,TT,AA,GG,GG,AA,AG,CC,GG,CC,CT,CN,NN,NN,GG,TT,TT,GA,NN,AA,AA,TT,AG,AA,CC,AC,CC,TN,CA,CC,NN,CC,GG,TT,AA,NN,GG,TC,AA,TT,AC,GG,GG,GG,AG,CT,TA,CC,AA,CC,GA,GG,GG,CC,CC,AG,TA,NN,CC,TC,GA,GG,CT,NN,NG,GG,AA,CC,TT,CN,GC,GT,GA,AA,TT,AG,TT,TT,AA,NN,AA,CC,GG,CC,NN,AA,GA,TT,GG,GG,AA,AA,AG,CN,CT,AA,NN,GG,GG,CT,TC,CT,GG,GG,CC,GT,GG,GA,AA,AA,CT,AA,CA,GG,TT,NN,AA,CT,GG,CC,CC,NN,CC,NC,NC,AA,CC,AA,AA,TT,GA,TC,AN,AA,CC,NN,NN,CC,AA,TT,AA,CC,GG,TT,GG,TT,NC,GG,CC,CC,CC,GG
Italy,,,,NA20815,,NN,CC,AC,CT,CT,GG,TT,GT,TC,NC,NN,GA,TT,TC,CG,CT,AA,GC,AA,CC,CC,AA,GG,TT,GG,NC,TG,GG,CC,AA,TN,CC,NC,AA,GG,GA,AG,GA,AC,GG,CC,AC,TC,AN,TT,NN,CC,AA,NC,CC,CC,AA,GA,AC,AG,CC,AG,TG,AG,GG,TT,GG,GG,CC,CC,GG,AG,NA,TT,CC,TT,NT,NN,NC,AA,CC,TT,AA,GA,GA,GG,CC,CC,AA,GA,CT,GG,GG,AA,TT,TC,NN,NT,AG,AG,CC,AA,AG,CC,AA,GG,GA,TC,NN,TT,GA,AA,AA,AG,AG,NN,CC,GG,TC,GT,GG,GG,GG,CT,GG,AA,CC,CN,CC,CC,AG,CC,CG,GA,GT,TG,GG,NN,CC,CC,AA,TT,CT,GA,GA,NN,GC,GG,TT,GG,CC,NT,TC,CC,TG,AA,CC,GG,CC,CT,TT,AA,GG,GA,AA,GG,TC,AA,TC,TT,CC,GG,CC,CC,GG,AG,TT,CC,TT,CC,TT,CA,GT,GG,TG,GG,CC,GG,GG,GA,NC,AG,GG,GG,TN,TT,TT,CT,TT,AG,TT,NN,AA,AG,AG,AG,GG,TT,TT,CC,GG,AA,AA,AA,GG,GA,GG,AC,TT,TT,AG,CC,CT,AA,AA,NN,AA,TN,TG,CC,GA,TT,AA,TT,GG,AA,GT,GG,AA,TA,GG,GG,CT,GG,CC,GA,TT,GG,GT,AG,CT,TT,NN,TN,AA,CC,TT,GG,NT,GG,TT,AG,GG,GT,TC,TG,GG,GG,TT,TT,TG,CT,NN,AG,TT,CT,CC,TC,GG,NC,TT,CC,TT,CA,GG,CC,CC,TT,TC,CA,AA,NN,CC,TT,GT,TT,AG,TC,GA,AG,GG,TC,GG,AA,TT,TA,TT,AA,CT,CC,CT,CT,AN,CC,CC,TT,CC,GG,AC,CT,CN,GG,GG,AA,CC,CC,GG,GG,CC,AA,AA,AT,GG,GG,CC,NA,GA,NA,TC,TA,TG,GG,GA,AG,CC,AA,CC,CC,NC,NN,NT,GC,TC,GT,AG,NG,AA,AG,TT,AG,AG,CC,AA,CC,NT,AC,CC,GG,CC,GG,TT,AA,NN,GG,TC,AA,TT,CC,GG,GG,AG,GG,TC,TT,TC,AA,CC,AG,GA,GA,CC,GG,GG,TT,NN,TC,CT,AA,GG,TC,NN,GG,GG,AA,TT,CT,NN,GG,TT,AA,AA,CT,GA,TT,TT,AA,NN,AA,CC,AG,CC,NG,GA,AA,TT,AG,GG,TT,AC,AG,NN,CC,TA,NC,GA,GA,TC,CT,CT,GG,GG,CC,TG,GA,GG,GG,AA,CT,AA,AC,AG,TT,NN,AA,CC,GA,CC,CC,NN,CC,NN,CN,AA,TC,GA,AA,CT,GA,TT,AA,NA,CC,NN,NC,CC,AG,CC,AA,CC,GG,TT,GG,AA,CN,GN,CC,CC,CC,CC
Italy,,,,NA20818,,NN,CC,AC,TT,TT,GC,TC,TG,CC,NC,NN,GG,CC,CC,GG,TT,AA,GG,GG,CC,CC,AA,GG,TT,GG,CC,TT,AA,CC,AC,NT,CC,CN,GA,TT,GG,AG,GG,AC,GA,TC,CC,CC,NN,TT,NN,CC,AG,CN,CC,CC,AA,GG,CC,GG,CC,GA,TT,GG,GG,CC,GG,TG,GC,CC,GG,GA,AA,TT,CC,TT,TT,NN,CN,AA,CC,CT,AA,AA,GG,GG,CC,CC,AA,AA,TC,GT,GG,AT,TT,CC,NN,NN,AG,GG,CC,GA,GG,CC,AA,AA,AA,TC,NN,TT,GG,AA,GA,GA,GA,NC,TT,AA,TT,TT,GG,GA,GG,TT,GG,AA,CT,NN,CC,CC,GG,CC,CC,GG,TT,GG,GG,TN,TC,CC,AA,TT,CC,GG,GA,NN,CG,GG,TT,NG,CC,NN,TT,CC,GG,AA,CC,CG,CC,TT,TT,AA,GG,GA,AA,GG,TT,AG,CC,TN,GC,GG,CT,CC,GG,GG,TT,CT,GT,CC,AT,AA,GG,AA,TG,GG,CC,GA,GG,GA,NC,AA,GA,AG,TT,TT,CT,CT,TT,GG,CT,NN,CA,GG,GG,GA,GG,TT,TT,CC,GA,AA,AA,AA,GG,GG,CG,AA,TT,TC,AG,CC,CT,AA,AC,NN,AA,TN,GG,TT,AG,TT,AA,TT,CC,AA,GG,GG,AG,AT,GG,TG,TC,GG,CC,GA,TT,TG,GT,GG,TC,TT,NN,NT,TA,CC,TT,GG,NN,GG,CT,AG,GG,TT,CC,TG,GG,GG,TN,TC,TT,TC,GG,GG,NT,TT,CC,CT,GA,NN,TT,TC,CT,AA,GA,CG,TC,TT,CT,AA,AA,NN,CC,TT,GG,NN,AA,TT,AA,AG,AG,CC,GG,AC,TC,AT,TT,AA,CC,CT,CC,TC,AN,CC,CC,TT,CT,AG,CC,CC,NN,GC,AA,AA,CC,CC,GT,AA,TC,AA,AA,TT,GG,AG,TT,NA,AG,AN,CT,AA,GT,AG,AA,AA,CC,AA,CC,TC,NN,TN,NN,CG,TT,TT,GG,NG,AA,AA,TT,AG,AG,CC,AC,CC,TT,CC,CC,NN,CC,GT,TT,NA,CN,GG,CT,AA,TT,CC,GG,TG,AG,AG,CC,TA,TT,AA,CN,GA,GG,GG,TT,CG,GG,TT,NA,TT,TT,AA,GG,TC,NA,GN,GG,AA,TT,CC,NN,CC,TT,AA,AG,TT,AA,TT,GG,AA,GN,AA,CC,AG,CC,NN,AA,GG,TT,GA,GG,AT,AA,GG,NN,CC,TA,NN,GG,GG,TT,TT,CC,GG,GG,TC,GG,AG,GA,GG,GA,TT,AA,CA,GG,TT,CN,AA,CC,AG,CC,TC,NN,CC,NN,CN,CA,TT,GA,AA,TT,AG,CT,NN,AN,CC,GN,NN,CC,AA,CC,TA,CC,GA,TN,GG,TT,CC,GG,CC,CC,CC,GC
Italy,,,,NA20819,,NA,CC,CA,CC,TT,GG,TT,GT,CC,NC,NN,GG,CC,CC,GG,TT,AA,GG,AA,CC,CC,CA,GG,CC,GG,NC,TT,GG,TC,AC,TN,CC,NC,AG,TT,GA,GA,GG,CC,GG,CC,CA,CC,NN,TC,NN,CT,AA,CC,AC,CT,AA,AG,CC,GG,CC,AG,TT,AA,GG,TT,GG,TG,CC,CC,GG,GG,AA,CT,CG,TA,NN,NN,CC,TA,CC,TT,AA,AA,AG,AG,CA,CC,CC,AA,CC,GG,GG,AA,TT,CC,NN,NN,GG,AG,CT,GG,GG,TT,AA,GA,AA,TT,NC,TT,GG,AA,AA,AG,AG,NN,TC,GA,TT,TT,GG,GG,GA,CT,GG,GG,CC,NC,CC,CC,GG,CC,CC,GG,TG,GG,GG,TN,CC,CC,AG,TT,CC,GG,AG,NN,GG,GG,TT,GG,GC,NN,TT,CC,GG,AA,CC,GG,CC,CC,TT,AA,GG,GG,AA,GG,TC,GA,CT,NT,CG,GG,CT,TC,GG,AA,TT,TC,TG,CC,TT,AA,GG,AG,GT,GG,CC,GG,GG,GA,CC,AA,GA,AG,TN,TT,TT,CC,NT,AA,TT,GN,AA,GG,GG,GA,GG,TT,TT,CC,AG,AA,AA,AA,AG,GG,GG,CA,CC,CC,GG,CC,TT,AA,AC,TT,AA,NN,TG,CC,AG,TT,AA,TT,CC,AA,GG,GG,AG,AA,CG,TT,CC,GA,CC,AG,TT,GT,TG,GA,CC,CT,NN,NT,AT,CC,TT,GG,NT,GG,TC,GG,GA,TT,CC,GG,AA,GA,TT,TT,TT,CT,GG,GG,TT,CT,AC,CC,GA,NN,TT,CC,TT,CA,GG,CC,CC,TT,TC,AA,GA,NN,TC,TT,GG,NN,AA,TT,AG,AA,AG,CC,GA,AA,CC,AA,TT,AA,CC,CC,TC,CT,AA,GC,CC,TT,CC,GG,CC,TC,CN,GG,AA,AA,CC,CC,GG,GA,CC,CA,AA,AA,GG,GG,CC,NA,GG,AA,TT,AA,GT,GG,GG,AA,CC,AA,CC,TT,CC,NN,NT,GC,TC,GT,GG,NN,AG,AA,TT,AA,AA,GC,CC,CC,NN,AA,CC,NG,CC,GG,TT,AA,NN,GG,CC,AA,TT,CC,GG,GG,GG,GG,CC,TA,TC,GA,CC,GA,GG,GG,CT,GC,GG,TT,NN,CC,TT,GA,GG,TT,AN,NG,GG,AA,TC,CT,NC,CC,GT,AA,AA,TT,AA,TT,GG,AT,NN,AA,CC,AG,CC,NN,AA,AA,TT,GG,GC,TA,AA,AA,NN,CC,TA,NN,GG,AG,CT,TC,CT,GG,CG,TT,GG,GA,GG,GG,AA,CT,AA,CA,AG,TA,CC,GA,TC,GG,CC,CT,NN,TT,NN,NN,CA,TC,AA,GA,TT,AG,TT,AA,NA,TC,NN,CN,CC,AA,TT,TT,CG,GG,NT,GG,TA,CN,GG,CC,CC,CC,GG
Italy,,,,NA20821,,NA,TC,AA,TT,TT,GG,TT,TT,CC,NC,NN,AG,TC,TC,GC,TC,GA,GG,AA,CC,CC,CA,GG,TT,GG,NN,GT,GG,CT,CA,NT,CC,NC,AG,TG,GA,AG,GG,CA,GG,TC,CC,CC,NN,CT,NN,CT,AA,NN,CC,TC,AA,GA,CC,GG,CC,GG,TT,GG,AA,TC,GG,GT,CC,CT,GG,GA,NA,TT,CC,TT,NN,NN,CC,AA,CC,TT,AA,AG,GG,GG,CC,CC,AC,AA,CT,TG,GG,AA,TT,CC,GN,TT,GA,GA,CC,GG,GG,TC,AA,AG,AA,TC,NN,TT,GG,AC,AG,AG,GA,NN,CC,AA,CT,TG,GG,GG,GG,CT,GG,AA,TC,NC,CC,CC,AG,CC,CC,GG,TT,GT,GA,NN,TC,CT,AA,TC,CC,GA,GA,NN,GC,GG,TT,NG,CG,NN,TT,CC,GG,AA,CC,CG,CC,TT,TT,AA,GG,AA,AA,GT,CC,AA,CT,NT,CG,AG,TC,CC,GG,AA,TC,TC,GG,CC,TA,AA,TG,AG,TT,GG,CC,GG,GG,AA,CC,AA,GA,GG,NN,TT,TT,TC,TN,AA,CC,NN,AA,GG,GG,AG,GG,CT,TG,CC,GG,AA,AA,AA,AA,GG,GG,AA,TC,TC,AG,CC,CC,AA,CA,NT,AA,NN,GT,CC,AG,TT,AA,TT,CC,AA,GG,AG,AG,TT,CG,GG,CT,GA,TC,GG,GT,TG,TG,GA,CT,TT,AN,NT,AT,CC,TT,GG,TT,GA,TT,AA,GG,GT,CC,TG,GG,GG,TT,TT,TT,TC,GG,GA,NT,TT,CC,CC,GA,NN,TT,CC,CC,AA,AG,GG,CT,TT,CT,AA,AA,CN,CC,TT,GG,NT,GA,CC,GA,AG,AG,CC,AG,AA,TC,TT,TT,AA,CC,CC,TT,CC,NN,CC,CC,TT,CC,AG,AA,CT,NC,CG,AA,GA,CC,CC,TG,AA,CC,AA,AA,AA,GG,GG,TC,NN,GG,NA,CT,AA,GT,GG,AA,AA,CC,AG,CG,CC,CN,NN,TN,CG,CT,TG,GA,NN,AA,AA,TT,AG,AA,CC,AC,NC,NN,AA,CC,NN,CT,GG,TT,AA,NN,GG,CT,AA,TT,CC,GG,GT,GG,GA,TC,AT,TC,AA,CC,GA,AG,AG,TC,GC,GG,TT,NN,TT,TT,GA,GG,CC,NN,GG,GG,AA,CC,TT,NN,CC,TT,AA,AG,TT,AA,TT,GT,AA,NN,AA,CC,GG,CC,NN,AA,GA,TT,GG,CG,AA,AC,AA,CC,CC,TT,CN,AA,GG,CT,TT,TC,GG,GG,CC,GG,AA,GG,GG,AA,CT,AA,AA,GG,TT,NC,AA,CT,GG,CC,TC,NN,CC,CC,NN,AC,CC,AA,AG,CT,GA,TT,AA,AA,TC,NG,NN,CT,AG,TT,AA,CC,AG,TT,GG,TT,CC,GG,CT,CC,CC,GG
Italy,,,,NA20822,,NN,CC,CA,TT,TT,CG,TC,TT,CC,NN,NN,GG,CC,CT,CG,TT,AA,CG,GG,CC,CC,AA,GT,TT,AG,CN,TT,GG,CC,AC,TN,CC,CC,AA,TT,AG,AA,AG,CC,GG,CT,CC,CC,NA,CT,NN,CC,AA,CC,AC,CC,AA,AG,CC,AG,CC,GG,TG,GA,GG,CC,AG,GG,CC,TC,GC,AG,AA,CT,CC,TT,NN,NN,CN,AA,CC,TC,AA,GA,GG,AG,CA,TC,AA,AA,CC,TG,AG,AA,TT,TC,GG,TT,GG,AG,CT,AG,GG,CC,AA,GG,AA,TT,NN,TT,GG,AA,AA,AA,GG,NN,CC,GA,CT,GT,GG,GG,GG,TT,GG,AA,TC,NN,TC,CC,GG,CC,CC,AG,TT,GT,GG,NN,CC,CC,GA,TC,CC,GG,GG,NN,GC,AG,TT,GG,CC,NN,TT,CC,GG,AA,TT,CC,CC,TC,TT,AA,TG,GA,AA,GG,TC,AA,TT,TN,CC,GG,CT,CC,AG,AG,TT,CC,TT,CC,TT,CA,TT,AG,GT,GG,CC,GG,GG,AA,NC,AA,GG,GG,NT,TT,TC,CT,TT,GG,TC,NN,CA,GG,GG,GA,GG,TT,TT,TC,GG,AA,AG,AG,GA,GG,GG,CA,TT,TC,GA,CC,TC,AC,AA,TN,AA,TN,GG,CC,AG,TC,AA,TT,CC,AA,GG,AG,AA,TA,GG,GG,CC,GG,TC,GG,TT,GT,GT,GA,TT,CT,AN,NN,TA,CC,TT,GG,TT,GG,TT,AA,GG,TT,CC,GG,AG,GG,NT,CT,TT,CT,GG,AG,NN,TT,AC,CC,AA,NN,TC,CC,TT,AA,GG,GG,TC,TT,CT,AA,AG,NC,CC,TT,GG,TT,AA,TT,GG,AG,AG,CC,GA,AA,CC,AA,TT,AA,CC,TC,CC,CC,AN,GC,CC,CT,CC,AG,CC,CC,NC,GG,AA,GA,CC,CC,TT,AG,CC,CA,GA,AA,GG,GA,CC,NN,AG,NN,TC,AT,GG,GA,GA,GG,CC,AA,CC,TC,NC,NN,NN,GG,TT,TT,GG,NN,GG,AG,TT,GA,AA,CC,CC,CC,NT,AA,CC,GN,CC,GG,TT,AA,NN,GG,CC,CA,TT,CC,GA,GG,GG,GG,CC,AA,CT,AA,CC,AG,AA,AG,CT,GG,GG,TT,NN,TC,TC,AG,CG,CC,AN,NG,GG,AA,TC,CT,NN,CG,GG,AA,GA,TT,AA,TT,GG,AA,GN,AC,CC,GG,CT,NN,AA,AA,TT,GA,GG,AA,AA,GA,NC,CC,AA,NN,AG,AG,TT,TT,CC,GG,GG,CC,GG,AA,GA,GG,GG,TT,CA,AC,GA,AT,CC,AA,TC,GG,CC,CT,NN,CC,CN,CN,AA,CC,AG,AA,TC,AA,TT,AA,AA,TC,NN,CN,CC,AA,TC,AT,CC,GA,NN,GG,TT,CC,NG,TC,CC,CC,GG
Italy,,,,NA20826,,AN,CC,CC,CC,TC,GG,TT,TT,CC,NC,NN,GG,TC,CC,CG,TT,AG,CG,GG,CC,CC,AA,TG,TT,GA,CN,TT,GG,CC,CC,TN,CT,NN,GA,GT,GG,AG,GG,CC,GG,CC,CA,CC,NN,TC,NN,CC,AA,CN,CC,CT,AA,GG,AC,AG,CC,AG,TT,GG,GG,TT,AG,GG,CC,CC,GG,GA,AA,TT,CC,AT,NN,NN,NC,AA,CC,CC,GA,GA,GG,GA,AC,TC,AA,AA,CC,GT,GG,AA,TT,CC,NG,NN,AG,AA,CC,AA,GA,CC,CA,GA,AA,CC,NN,TT,GG,CA,AG,GA,AA,CN,CC,GG,CC,TT,TG,GG,GG,TT,GG,AG,CC,NN,CC,CC,GG,CC,CG,GG,TG,GG,AG,NN,CC,CT,AA,CT,CC,GA,AA,NN,CG,AG,TT,GG,CC,TN,CT,CC,GT,GG,CC,CG,CT,TT,TT,AA,GG,GG,AA,GT,TT,AG,CC,TN,CC,GG,CC,TT,GG,AG,CT,CC,TT,CT,TT,CA,GT,AG,GT,GG,CC,GA,AG,AA,NN,GA,GG,GG,NN,TT,CC,CT,TT,GG,CC,GN,AC,GG,GG,AA,GG,TT,TT,CC,GA,AA,AG,AA,AG,GG,CG,CA,TT,TT,AG,CC,CT,AC,AA,NT,AG,NN,GT,TT,AA,CT,AA,GT,CC,AA,GT,GG,AA,AA,GG,GG,TC,GG,CC,GG,TT,GG,TG,GA,CT,CC,AA,TT,TA,CC,TT,GT,NN,GG,TT,AG,GG,TG,CC,TT,GG,GG,NT,CT,TT,TC,GG,GG,TN,TT,CC,CT,GA,NN,TT,CT,CT,CA,AG,GC,TT,TT,CC,AC,AA,CN,TC,TC,GT,TT,AA,TT,GA,AG,AG,CC,GG,AA,TT,AT,TT,AA,CC,CC,CT,TC,NA,GC,CC,CT,CC,AG,CC,CC,NC,GG,AA,AA,TC,CC,GT,AA,CC,AA,AA,TA,TG,GG,CC,NN,GG,NA,TT,AA,TG,GG,GG,AA,CC,AA,CG,TT,NN,NN,NT,GC,TT,TG,GA,NN,GA,AA,CC,GA,AA,CC,AA,CC,NT,CC,AA,GN,CC,GG,GG,AA,NN,GG,CT,AA,TT,CC,GG,GG,GA,GG,CC,TT,TT,AA,CC,GG,GG,GG,TT,GG,GG,TT,NN,CC,TT,AA,GG,CT,NN,NN,GG,AA,CC,TT,NN,CC,TT,AA,AA,TT,AA,TT,TT,AA,GN,AA,TC,GG,TC,NN,AA,GA,TT,GG,GG,AA,AA,AA,NC,CC,AT,NN,GG,GG,CT,TT,TC,GG,GG,CT,GG,AA,GG,GG,AG,TT,AA,AC,AG,AT,CC,AG,CC,GG,CC,CC,NN,CC,NC,NN,AA,CT,GA,AA,CT,AA,CT,AN,AA,TC,NN,CN,CC,AA,CT,AA,CC,GG,NN,GG,TA,CC,NG,TC,CC,CC,GG
Italy,,,,NA20827,,NN,CC,CA,TT,TT,GG,TT,TG,CC,CN,NN,GG,CT,CC,GG,TT,GA,GC,AG,CC,CC,AA,GG,TT,AA,CN,GT,GG,TC,AA,TT,CC,CC,AA,TG,AG,GG,GA,CA,AA,CT,CC,CT,NN,CT,NN,CC,AA,NN,CC,CC,AG,GG,CC,GG,CC,GA,TT,GG,GG,TC,GG,GG,CG,CC,GG,GG,AA,TT,CC,TT,NT,NN,CC,TA,CC,TT,AA,GA,GG,GG,CC,CT,AC,AA,CC,TG,GG,AA,AT,CC,NN,NT,GG,AG,CC,AA,AG,CC,AA,AG,AA,TT,NN,TT,GG,AA,GG,GG,AA,NC,CC,AG,TT,TT,TG,AG,GG,TT,GG,AA,CC,NC,CT,CC,GG,CC,GC,GG,TT,GG,GG,NN,CC,TC,AA,TT,CC,AG,AG,NN,GG,GA,TT,NG,CG,NN,TT,CC,GT,AA,CC,CC,CC,CT,GT,AA,GG,GA,AA,GG,CT,AA,CT,NN,GC,GG,CT,CT,GG,AG,TT,CT,TT,CC,TT,AA,TT,GG,TT,GG,CC,GG,GG,AA,NN,AG,GG,GG,NT,TT,CT,CC,TT,GA,TT,NN,AC,AG,GG,AG,GG,TC,TT,CC,GG,AA,AA,AA,AG,GG,GC,AA,CT,TC,GA,TC,TC,AC,AC,TT,AA,NN,TG,CC,AA,CC,AA,TT,CC,AA,TG,GG,AG,AA,GC,GG,TC,GG,CC,GG,GT,GT,GG,GA,TT,TT,NN,TT,TA,CC,TT,GG,TT,GG,TT,AA,GG,GG,CC,GG,GG,AG,TT,TT,TT,CT,NG,GA,NT,TT,CA,TC,GG,NN,TT,TC,TT,AC,GG,CG,CC,TT,TT,AC,AA,NC,CC,TT,GG,TT,GG,CT,GA,GG,GG,CC,AG,AA,CT,TA,TT,NA,CC,CC,CC,TT,NA,GG,CC,TT,CC,AG,CC,CC,NC,CC,AA,AG,CC,CC,TG,AG,CC,AA,AA,AA,GG,AA,CC,NA,GG,AN,TT,AA,GT,AG,AG,AA,CC,AG,CC,TT,NN,NT,TN,CG,CT,GG,GA,GN,AA,AG,CC,GG,GG,CC,CA,CC,NN,AA,CC,NG,CC,GG,TT,AA,NN,GG,CC,AA,TT,CC,GA,GG,GG,AG,TC,TT,TT,AA,CC,GA,GA,GA,CC,GG,GA,AT,AN,CC,CT,GG,GG,TC,NA,NG,GG,AA,TC,CT,NN,CC,TT,AA,AG,TT,AA,TT,TT,AT,GG,AA,CC,GG,CT,NN,AA,AA,TT,AG,GG,TA,AA,AA,NC,TC,AA,NN,AA,GG,CC,TT,TC,GA,GG,CC,GG,AA,GG,GG,AA,CT,AA,AA,GG,TT,CC,AG,CC,GA,CC,TT,NN,CC,NC,NC,AA,CC,AG,AA,TC,GA,TT,AA,NA,CC,NG,NN,CC,GA,CC,TT,CC,AG,NT,GG,TA,CC,GG,CC,CC,TT,GG
Italy,,,,NA20828,,AN,TC,AA,TT,TT,CG,TC,TG,CT,NC,NN,GG,CC,CC,GC,TT,GA,GG,AA,CC,CC,AA,GG,TT,GG,CN,GT,GG,CC,AC,NN,CC,NC,AG,TG,AG,AA,GG,CC,AA,TC,AC,CC,NN,CT,NN,CC,AA,NC,CC,TC,AA,AG,AC,GA,CC,AG,TT,GA,AA,CC,AG,GT,CC,CC,GG,GG,AA,CT,CC,TT,NN,AA,NN,AA,CC,TT,AA,AG,AG,GG,CC,CC,CA,GA,CC,GG,GG,TA,AT,CC,NN,NN,GG,AG,CC,AG,GG,CT,AA,AA,AA,TC,NN,TT,GG,AA,GG,AG,GA,NN,TC,AA,CC,TT,GG,GG,GG,TT,GG,AA,CT,NC,TC,CC,GG,CC,CC,GA,TT,GG,AG,TN,TC,TC,AA,TT,CC,GG,AG,NN,GG,AG,TT,GG,CC,NN,TT,CT,TT,GA,CC,GG,CC,CC,TT,AA,GT,AA,AA,GG,CC,AA,CC,NN,CC,GA,CT,TC,AG,GG,TT,TT,TG,CC,TT,AA,TG,GA,TT,GG,CT,GG,GG,AA,CC,AG,GG,GG,NT,TT,CT,TC,TT,GG,TC,NG,AA,GG,GG,GG,GG,CT,GT,CC,GG,AA,AA,AG,AG,GG,CG,CA,CT,CT,GG,CC,CT,CA,CA,NN,AG,NN,GT,TC,AG,CT,AA,TT,CC,AA,GG,GG,AA,AA,GG,GG,CT,AG,CC,AG,GT,GT,TG,AG,CC,CC,NN,TT,AA,CC,TT,TG,TT,AA,CT,GA,AG,GG,CC,TT,GA,GG,TT,TT,GG,TT,GG,GG,TN,TC,CC,CC,AG,CN,TT,TC,TT,AA,GG,CC,CT,TT,CC,AC,AA,NN,CC,TT,GG,NT,GG,TC,AA,GA,GA,CC,GG,AA,CT,AA,GT,AA,CC,CC,TT,TT,NN,CC,CC,TC,CC,GA,CC,CC,NN,GG,AA,GA,CC,CC,TG,AA,CC,AA,AA,AT,GG,AG,CT,AN,AA,AA,TT,AA,GT,GG,AG,GA,CT,AA,CC,TT,NC,NN,TN,CG,CC,GT,GG,GG,AA,AG,TC,AG,AA,GC,AA,CC,TT,AC,CC,NN,CC,GG,GT,AA,NN,GG,TC,AA,TT,AC,GG,GT,GG,GG,CC,AA,CT,AA,CC,GG,GA,GA,CC,CG,GG,AT,NN,CT,TT,GA,GG,CT,NA,GN,GG,AA,CC,TT,NN,GC,TG,AG,GG,TT,AA,TT,GT,AA,GN,AA,CC,GG,CT,GN,AA,GA,TC,GG,GG,TA,CA,GA,CN,CT,TT,NC,GG,AG,CC,TT,TT,GG,GG,TT,GG,AA,GG,GG,AA,TT,AA,CA,AA,TA,NC,AA,CC,GG,CC,CT,NN,TC,CN,CC,AA,CC,AA,AA,CT,AA,CT,AA,AA,CC,NN,NC,TC,GG,TT,TA,CC,GG,NT,GG,TT,CC,GG,CC,CC,CC,GG
Italy,,,,NA20832,,AN,CC,CC,TT,TT,CC,TT,GT,CC,NC,NN,GG,CT,CC,GC,TT,AG,GG,GA,CC,CC,CA,GG,TT,GG,CC,TT,GA,CT,AC,TN,CC,CC,AA,TT,GA,GA,GG,AC,GA,CC,CA,CC,NN,TT,CN,CT,AA,CC,CC,TC,AA,GG,CC,AA,TC,GG,TT,AA,GG,TT,AA,GT,GC,CC,GG,GG,AA,TC,CC,AT,NN,NN,CC,AT,CC,TT,AA,AG,AA,GG,CC,CC,CA,AA,CC,GG,GA,AA,TT,CC,NN,TN,GA,GA,CC,AA,GG,TC,AA,AG,AA,TT,NN,TT,GG,AA,AG,GG,GG,NN,CC,GA,TT,TG,GG,GA,AG,CT,GG,AA,TT,NN,CC,CC,GG,CC,CG,GG,TT,GG,GG,TN,CC,CC,AA,TT,CC,GG,GA,NN,GG,GA,TT,NG,CC,NN,TC,CC,GG,GG,CC,GG,CC,CC,TT,AA,GG,AA,AA,GG,CC,AA,CC,TN,CC,GA,CT,CC,GA,GG,TT,CT,TT,CC,AT,AA,TG,GA,TG,GG,CT,AG,GG,AA,CC,AG,GG,GG,NN,CT,CT,TT,TN,GA,TT,NG,AA,AG,GG,AG,GG,TT,GG,CC,GA,AA,AA,AG,AG,GG,CC,AA,TC,TC,GG,CC,TC,AA,AA,TN,AA,TN,TT,CC,AG,CT,AA,TT,CC,AA,GG,AA,AA,TA,GG,GG,CT,GG,CT,AA,TT,GT,GG,GA,CT,TT,NN,TT,AT,CC,TT,TT,TN,AA,CC,AA,AG,TG,CT,TT,GG,GA,TT,TT,TT,TC,GN,GG,NT,TT,AC,CC,GA,CN,TT,CC,TT,CA,GG,CG,CC,NT,TC,AA,AA,CC,CC,TT,GG,TN,AA,TT,AA,GG,GG,CC,GG,AA,CC,AA,TT,AA,CC,CC,TC,CT,NN,GC,CC,CT,CC,AG,CC,CC,CC,CG,AG,GA,CC,TC,GT,AA,TC,AA,GA,AT,GG,GG,CC,NA,GG,AN,TT,AA,GT,GG,AG,AA,CT,AA,GG,TT,NN,NT,TN,CG,CT,TT,GG,NN,AA,AG,TT,AA,AG,CC,CC,CC,TN,CA,CC,NN,CC,GT,TT,NA,NN,GG,CT,AA,TT,CA,GG,GT,GG,AG,CC,TT,CT,GA,CC,GA,GA,GG,CT,CC,GG,TT,NN,CC,TT,GG,GG,TT,NN,GG,GG,AA,CT,TC,NN,GC,GT,AG,GA,TT,AA,CT,GG,AA,NN,AA,CC,GG,TC,NG,AA,GA,TT,GG,GG,AA,CA,GG,CN,CC,TT,NN,GG,GG,TC,CT,TC,GG,GG,CT,GG,AG,GG,GA,AA,TT,AC,CA,AA,TT,CC,GG,CC,GG,CC,CT,NN,CC,NN,CN,AC,TC,GA,AA,TC,AG,CT,AA,AA,TT,NN,NN,CC,AA,CC,AA,CC,GA,NT,GT,TA,CC,GG,CT,CA,CC,GG
