Population,col_2,col_3,col_4,Individual,col_6,19803902,20004068,20804464,21004578,21204656,21804837,22605557,22805654,23005786,23205811,24206025,24406124,24806852,25407974,25607984,25808060,26408721,26809628,27810660,28010729,28210824,28611162,29211632,29814491,30214629,30414998,30615057,30815684,31617880,32018030,32418082,32818180,33018462,33619080,34019487,34620512,34820891,35021037,35221110,35421157,35621291,35821572,36422045,36622105,36822215,37022572,38024286,38224432,38824539,39224755,39624878,40025246,40225753,40626289,40826634,41026771,41227042,41427756,42228458,42628558,42828595,43428904,43829304,44229621,44429844,45230520,45630581,46230815,46431023,46831206,47432423,47833625,48033866,48234475,48434826,48835476,49035597,49236056,49436751,49636822,49836993,50438556,50638660,50838823,51441172,51641256,51841424,52041601,52642921,53844253,54444750,55045155,55445976,55646000,55846071,56046075,56446157,56646809,56847002,57447716,57647842,58448252,58848313,59248761,59848979,60049079,60449168,60649224,60849915,61050397,62452554,62652586,63453139,63853535,64253647,64453699,64653869,65053999,65254054,66054778,66255110,67656715,68057031,68257083,68657171,68857256,69457409,69657764,70458035,70658044,71058974,71659609,72660154,73260377,73460672,74261063,74461117,75662679,75862771,76062806,76463334,76663351,77063668,77664095,78064162,78264243,78464709,78665246,79666284,80066582,80266617,80667226,81067449,81267738,81467864,82869189,83269346,83670415,83870522,84270980,84671390,84871501,85272044,85472649,85872952,86073052,86473196,86873597,87273783,87474040,88274261,88474391,88674491,89475684,89875810,90276722,90678396,90878676,91079310,91879560,92279983,92480009,92680083,92880148,93080192,93280307,93680662,93880734,94681174,95081744,95281804,95682152,95882224,96082253,96482880,96683186,97083600,97283613,97684186,98484637,98684674,99084921,99485426,99686265,100686801,100887239,101687995,101888862,103290220,103490305,103890399,104090499,104290674,104691552,105091910,105893925,106895234,107095259
British in England and Scotland,,,,HG00096,,CT,AA,CT,CC,NN,CC,GG,NN,AC,TC,CT,AG,CC,CT,CT,NN,GA,GC,GG,CT,GG,AA,TT,TT,GA,CT,GA,NN,AA,TT,CC,CC,CC,TT,AA,AA,TT,GA,AT,AG,CT,CC,GG,GG,AG,CC,TT,GN,NC,AA,TC,TT,TT,CT,TT,AA,CC,CC,CC,CC,GG,AA,TA,TT,CT,GG,AG,AG,GT,CC,TC,GG,CC,AA,TT,TT,GG,CC,GG,GA,AG,AN,TC,TT,CC,CC,AT,TG,GA,GA,TC,GG,CT,GG,TT,GG,AA,TT,CC,CA,TT,TC,GG,CC,CC,TT,TT,TT,TT,CA,CG,TT,GG,GG,AG,CC,CT,TT,AC,TC,TT,GG,GG,TT,CC,CC,TT,CN,CC,GG,AA,AG,AA,GG,GA,AA,TT,CC,GG,TT,AG,CC,GG,TT,NG,TT,TG,AA,GG,TT,AG,TA,TC,AA,NN,AG,CC,AA,GC,NN,CC,CC,CC,GG,GG,AA,GG,CC,TT,AG,TT,AG,AA,TT,TT,CT,GG,CT,CC,CT,TT,TT,AA,GG,GA,TT,GA,CC,CC,GG,GA,NN,CC,AA,CT,GG,GG,TT,GG,CT,CC,GG,AA,AA,GG,CC,CG,AA,NG,CC,AA,AG,CT,GG,TT,AA,TT,TT
British in England and Scotland,,,,HG00097,,CT,AA,CC,CC,GN,CT,GA,AA,AA,TT,CT,AG,CC,CC,CC,NG,GG,CC,GG,CT,GA,AA,TT,AT,AA,CT,AA,TT,AC,TT,CC,CC,TC,GT,AG,AA,TT,GA,AA,AA,CC,CC,GG,GG,GG,CC,TT,NN,NN,NA,CT,TT,TT,TT,CT,AA,CC,CC,CC,CC,GG,AA,TT,TT,CC,GG,GG,GG,TG,CC,CT,GG,CC,AA,TT,AT,GG,CC,GG,AA,AA,NA,CC,GG,TC,TT,AA,GT,AG,GA,TC,GG,CC,GG,TT,GG,TA,TT,CG,AC,CT,TT,GG,CC,TC,TT,TT,CC,TT,AA,CC,TC,GG,GG,AA,CC,CC,TT,CC,CT,TT,GG,GG,CT,CC,GC,AT,CC,CC,GC,AA,GG,AA,GG,AG,AG,TT,CC,GG,TT,AA,TT,GG,TC,NN,TT,TT,GA,GG,TC,GG,TT,CC,AA,NN,AA,TT,AA,GG,GG,CC,CC,GC,GG,AG,GA,GA,CC,TT,AA,CT,AG,AT,TT,TT,CT,TT,CC,CC,CC,TT,CC,AA,GG,AG,TT,GA,TC,TC,GG,AG,NN,CC,GA,TT,AG,GG,TT,GG,CC,CC,GG,AA,AG,GG,CC,CC,AC,NN,CC,GG,GG,TC,GG,TT,AA,TT,TT
British in England and Scotland,,,,HG00099,,TT,AA,CC,CC,NN,CC,GG,AA,CA,TT,CT,GG,CC,CC,TC,NN,GG,CC,GG,CT,GA,AA,CT,TA,AA,CC,AA,NT,AA,TT,CC,CC,TC,TG,AA,AA,TA,AA,AT,AG,CT,CC,GG,NG,GG,CT,TT,NN,NC,NN,CC,TT,TT,TT,TT,AG,CA,CT,CC,CC,GG,AA,TT,TC,CT,GG,GG,AG,TT,TT,TT,GG,CC,AA,GT,AT,GG,CC,GG,AA,AA,NN,CC,GT,CC,TC,TT,TT,GG,AG,CC,GG,CC,GG,TT,AG,TA,TG,CC,AA,TT,TT,GG,CC,CC,TC,TT,CT,CT,AA,GG,TT,GG,GG,AA,TC,CT,TT,CC,TT,TT,GG,GG,CT,CC,CC,TA,CC,CC,CC,AA,GG,AG,GG,AA,AA,TT,CC,GG,TT,AG,TC,GA,CT,GG,TT,GG,AA,GC,TT,GG,TT,CC,AA,NN,AG,CT,AT,GG,GN,CC,CC,CC,GG,GG,AA,AG,CC,TT,AA,CT,AG,AA,CT,TG,CC,TT,CC,CC,CC,TT,TC,AA,GG,GA,TT,GG,CC,TT,AG,AA,CN,CC,AA,TT,AG,TG,TT,GG,CC,CG,GG,CA,GG,GG,CC,CC,AA,NG,CC,GG,GG,CC,TG,TT,AA,TT,TT
British in England and Scotland,,,,HG00100,,CT,AA,CC,CC,GN,CC,GG,NA,CC,TC,CC,AA,CC,CC,CT,NN,AA,GC,GG,CT,GG,AA,TT,AA,GA,TC,AG,NT,AA,TT,CG,CC,CC,TT,AG,AA,TT,GG,AT,AG,CT,CC,GG,GG,AA,CC,CT,NG,CN,AA,TT,TT,TT,TC,TT,AA,CC,CT,CC,CC,GG,AA,TT,TT,CC,GG,GG,GG,TG,CT,CT,GG,CC,AA,TT,TT,GG,CC,GN,AA,AG,AA,CC,GG,CC,CT,TA,TT,GA,GG,CC,GG,CC,GG,TT,GG,TA,TT,CG,AA,TT,CT,GG,CC,TC,CT,TT,CT,CT,AA,GC,CT,GA,GG,AA,CC,TC,TT,CC,TT,TT,AG,GG,CC,CC,GG,TT,CN,CC,CC,AA,GG,AG,GG,AA,AA,TT,NC,GG,TT,GG,TT,GG,CC,GG,NT,TG,GA,GC,TT,GG,AA,CC,AA,NN,AA,TC,AT,CC,GG,CC,CC,CG,GG,GG,AA,AA,CC,TT,GA,TT,AA,AT,CC,TG,TC,GT,TC,CC,CC,TT,CT,AA,GG,AG,TC,GG,TC,TT,GG,AA,NN,CT,AA,CC,GA,GT,TC,GG,CC,GC,GG,AA,GG,TG,TC,CC,AC,GN,CC,GA,GA,CC,GG,TT,AA,TT,TT
British in England and Scotland,,,,HG00101,,CT,AA,CC,TT,NN,TT,GA,AA,AC,CT,TC,AG,CC,CT,CC,GN,AA,CC,GG,TC,GG,AA,TT,TA,GA,TT,AA,NT,CA,TT,CC,CC,CC,GG,AA,AA,TT,GG,AA,AA,CC,CC,GG,NG,GA,CC,TT,NG,CN,NA,CC,TC,TT,TT,TT,AA,CC,CC,CC,AA,GG,AA,TA,TT,CC,GG,GG,GA,TG,TT,TT,GA,CC,AA,TT,AT,GG,CT,GN,AA,AA,AN,CC,GG,CC,CT,AT,TT,GG,GG,CC,GG,CC,AG,TT,GG,TT,TG,CC,CA,TT,CC,GA,CC,TC,CT,TT,TC,TT,CA,CC,TT,GG,GG,GG,CC,TC,TT,CA,TT,NN,GG,GG,TC,CC,CC,TT,CC,CC,CC,AA,GG,GA,AG,AA,AG,TT,NC,GG,GT,GA,TC,GG,CT,NG,TN,GT,AA,GG,TT,GG,TT,CC,AN,CN,AG,TC,TA,GC,NG,CC,CC,CG,GG,GG,AA,GA,CC,TT,GG,TT,AA,TA,CT,TT,CC,GG,CT,TC,CC,TT,TT,AA,GG,GA,TT,AG,CC,TC,AA,AA,NN,TC,AA,CT,GG,GG,TT,GG,TC,GC,GG,AA,AG,TG,CC,CC,CA,GN,CC,GG,GG,TT,GG,TT,AA,CC,TT
British in England and Scotland,,,,HG00102,,CT,AA,CC,TT,NN,CT,GG,AN,AC,CT,CC,AA,CC,CC,CC,NG,AG,CC,GG,TC,AG,AA,CT,AA,AG,TT,AG,TN,AA,GT,CC,CC,CC,GG,AA,AG,TT,GG,AA,GA,CC,CC,GG,NN,GA,CC,TT,NG,CN,NA,CT,TT,TT,TT,TC,AA,CC,CC,CC,AA,GG,AA,TT,TT,CC,CC,GA,GG,TG,CT,TT,GG,CG,AA,TT,TT,GA,CT,NG,GA,GA,AN,CC,GG,CC,TC,TT,TT,GG,GA,CC,AG,CC,GG,TT,GG,TA,TT,CC,AA,TT,CT,GG,GC,CC,TT,TT,CC,TT,AA,GC,TT,GA,AG,AA,CC,TC,TT,CA,TT,TN,GG,GG,TC,CC,CC,TT,CN,CC,CG,AA,GG,AG,GG,GA,AA,TT,CC,GG,TT,GG,TT,GG,CT,GG,NT,TT,GG,CC,TT,GA,AT,CC,AA,NN,AA,CT,AA,GG,GG,CC,CC,GC,GG,AG,GA,GA,CC,TT,AG,CC,AA,AT,TT,GT,CC,TT,CC,CC,CC,TT,TT,AA,GG,AG,TT,GG,CT,CC,GG,AA,NC,TC,GA,CT,GG,GG,TT,AG,TC,CC,GG,AA,AG,TT,CC,CC,CA,GG,CC,AG,GG,CT,TG,TT,AA,TT,TT
British in England and Scotland,,,,HG00103,,TT,AA,TC,TT,GN,CC,GA,AA,CC,TT,TC,GA,CC,CC,CC,NG,GG,CC,GG,TT,GG,GA,TC,AA,AG,TT,AA,TN,AA,TT,CG,AC,CC,TG,AA,AA,TT,GG,AA,AA,CC,CC,GG,GN,AG,CC,TT,GN,NN,AN,TC,TT,TT,TT,CT,AA,CC,CC,TC,AA,GG,AA,AT,TT,CC,GG,GG,AG,GG,TC,TT,AG,CC,AA,TT,TT,GG,CC,GG,AA,GA,NA,CC,GG,CC,CC,TT,TT,GG,GA,CC,GG,CC,AG,TT,GG,AT,TT,GC,AA,TT,TC,AA,CC,CC,CT,TT,TT,TT,AA,CC,TT,GG,GG,AA,TC,CT,TT,CC,TT,TT,GG,GA,TC,TC,CC,TT,CC,CC,CG,AA,GG,GA,GA,GG,AA,TT,CN,AG,TT,GG,CT,GG,TT,NN,TT,GG,AG,GG,TT,GG,AA,TC,AA,NN,AG,TC,AA,GG,GN,CC,CC,CG,GG,GG,AG,AG,TC,TT,AA,TT,AA,TA,TT,TG,CT,TT,CC,CC,CC,TT,TT,AA,GG,AA,TT,GG,CC,CC,GG,AG,CN,CT,AA,TC,GG,GG,TT,GG,TC,CG,GG,AA,GG,GG,TC,CC,CC,GN,CC,GA,AG,CC,GG,TC,AA,CT,TT
British in England and Scotland,,,,HG00105,,CT,AA,CC,CC,NN,CC,AG,NN,CA,TC,CT,AG,CC,CC,CT,GN,AA,CC,GG,CC,GG,GA,TT,AA,AA,CT,GA,NT,AA,TT,CC,CC,TT,TT,AA,AA,TT,AA,AA,AA,CC,CC,GG,NN,AG,TC,TT,NN,NN,AA,TT,TT,TT,TT,TT,GA,AC,CC,CC,CC,GG,AA,TA,TT,CC,CG,AG,GG,TT,TC,TT,AG,CC,AA,TT,TT,GG,CC,GG,AA,AA,AN,CC,GG,CC,CC,AA,GT,GG,AG,CT,GG,CC,GG,TT,GG,AT,GT,CG,CA,TT,TT,GG,CC,TC,CT,TT,CC,TC,CA,CC,CC,GG,GG,AA,CC,CC,TT,CC,TT,TT,GG,GG,CT,CC,CC,TT,NC,TC,CG,AA,AG,GG,GG,GG,AA,TT,NN,GG,TG,AG,CT,GG,TT,GN,TT,GG,GA,CC,TT,GG,AA,CT,NA,NN,AA,TT,AA,GC,NN,CC,CC,CC,GG,GG,AA,GG,TT,TT,AA,TC,GA,AA,CT,GT,TT,TT,CC,CC,CC,TT,CT,AG,GG,AG,TC,GG,TC,CT,GG,GA,NN,CC,AA,TT,AG,GG,TT,GG,CT,CG,GG,AA,GG,TT,CC,CC,AA,NG,CC,AG,AG,CC,GG,TT,AA,TT,TT
British in England and Scotland,,,,HG00106,,TT,AA,CC,TT,NN,CC,GG,NN,CA,TC,CC,GA,CC,CC,CT,GG,GA,CC,AG,TC,GG,AA,TT,TA,AA,CC,AA,NN,AA,TT,CC,CC,CC,GT,GA,AA,TT,AA,AA,AA,CC,CC,GG,GG,GA,CC,TT,NG,CN,AA,CC,TC,TT,TT,CT,AA,CC,TC,CC,AA,GG,AA,TA,TT,CC,CG,GG,GG,TT,CT,TT,GG,CG,AA,TT,TT,GG,CC,GG,AA,AA,AA,CC,TG,CC,CT,TT,TT,GG,AG,TC,GG,CC,AA,TT,GG,AT,TG,CC,AA,TT,TT,GG,CG,CC,CC,TT,CT,CT,AA,CG,TT,GG,GG,GA,CT,CC,TT,CC,TT,TT,GG,GA,CT,CC,CC,AA,CC,CC,GC,AA,GG,AA,GA,GA,GA,TT,CN,GG,TT,AG,TT,GG,TT,GN,TT,GG,GG,CG,TT,GG,AT,TC,AA,NN,AA,CT,TA,CC,NN,CC,CC,CC,GG,GG,AG,GA,CC,CT,GA,CT,AA,AT,TT,TT,CT,GG,CC,CT,CC,GT,TT,AA,GG,GG,TT,GG,CC,TC,GG,AA,NC,CC,AA,TC,AG,GG,TT,GG,TC,GG,GG,AA,AG,TT,CC,CC,AC,NN,CC,AG,GG,TC,GG,TT,AA,TT,TT
British in England and Scotland,,,,HG00107,,TT,AA,CC,TC,NN,CC,GG,AA,AC,TT,TT,AA,CT,CC,CT,GG,GG,CG,GA,CC,GG,AA,TT,AT,GG,TT,GG,NN,AA,TT,CC,CC,CT,GT,AG,AA,TT,AG,AA,AA,CC,CC,GG,NG,GG,CC,TT,NG,NN,AN,CC,TT,NT,TT,TT,AA,CC,CC,CC,CC,GG,AA,TT,TT,CC,CG,GG,AG,GT,CC,CT,GG,CC,AA,TT,TT,GG,CC,GG,GA,AG,NN,CC,TG,CC,CC,TT,TT,GG,AG,TC,GG,CC,AA,TT,GG,TA,GG,GC,AC,TT,TT,GG,CC,CT,TC,TT,TT,TT,AA,GG,TT,AG,GG,AG,TC,TT,CT,CC,CT,TT,GG,GG,TT,CC,CC,TT,CN,CC,GG,AA,AA,AA,GG,AG,AA,TT,CC,GA,TT,AA,CT,AG,TC,NG,TT,TG,AA,GG,TT,GG,AT,CC,AA,NN,AA,CC,AA,CC,NG,CC,CC,CG,GG,GG,GG,AA,CT,TT,GA,TT,AA,TA,TT,TT,TT,GG,CT,CC,CC,TT,TT,GA,GG,AG,TT,AG,CT,CC,GG,AA,NC,CT,AA,TT,GG,GG,TT,AG,CC,CC,GG,AA,GA,TT,TC,GG,AA,NN,CC,GG,GG,CT,TT,CT,AA,TC,TT
British in England and Scotland,,,,HG00108,,CT,AA,TT,CC,NG,CC,GA,AA,CC,TT,CC,AA,CC,CC,CC,NG,AG,CG,GA,CC,GG,AA,TT,TA,GA,CT,AA,NN,AA,TT,CG,CC,TT,GG,AA,AA,TT,GA,AA,AA,CC,CC,GG,GG,AA,CC,TT,GG,NC,AA,CC,CT,TT,CT,TC,AA,CC,CC,CC,CC,AG,AA,TT,TT,TT,GC,GG,AG,GT,TC,TT,AA,CC,AA,TT,TT,GG,CC,GG,AA,AG,AN,CC,GG,CC,TT,AT,TT,GG,GA,CC,GG,CC,AG,TT,GG,AT,TT,CC,AA,TT,CC,GA,CC,CC,TT,TT,CT,TT,AA,GC,TT,GG,GG,AA,TC,CC,TT,CC,TT,TT,GG,GG,TC,CC,CC,TT,CC,CC,CC,AA,AG,AA,GG,GG,AA,TT,NN,AG,GT,AA,CT,AG,TT,NN,TT,TT,GG,GC,TT,GG,TT,CT,AN,NN,GA,CT,TT,CG,GG,CC,CC,CC,GG,AA,AA,AA,TC,TT,AA,TT,AG,TT,TT,TG,CC,GG,CC,CC,CC,TT,TC,GA,GG,AG,TC,GG,CT,TT,GA,GA,CN,CT,AA,TT,GG,GG,TC,GA,CC,CC,GA,AC,GA,TT,TT,CC,AA,GG,CC,GG,GG,CC,GG,TT,AA,TT,TT
British in England and Scotland,,,,HG00109,,CT,AA,CC,CC,NG,CC,AA,AA,CC,TC,TC,AA,CC,CC,CC,GG,GA,CC,GA,CC,GG,AA,CT,TA,AA,TT,AA,NT,AA,TT,CG,CC,CC,GT,AA,AA,AT,GA,AA,AA,CC,CC,GG,NN,AA,TC,TT,GN,CN,AA,CC,TT,NT,TT,TC,AA,AA,TT,CC,CC,GG,AA,TT,TT,CC,GG,GG,AG,GT,CT,TT,GG,CG,AA,TT,TT,GG,CC,GN,AA,AA,NN,CT,TG,TC,TC,AT,TT,GG,GG,CC,GA,CC,GA,TT,GG,AA,TT,CC,AA,TT,TT,GA,CC,CC,CT,TT,TC,TT,AA,GG,TT,AG,GG,AA,TC,CT,CC,AC,TT,TT,GG,GG,CC,CT,CC,TT,CC,CT,GC,AA,GA,AG,GG,GA,AA,TT,CN,GG,TG,AG,CT,GG,TT,NG,TN,GG,AG,CG,TT,GG,AA,CC,AN,NN,AA,TC,AA,CC,NG,CT,CC,CG,GG,GG,AA,AG,CC,TT,AA,TT,GG,TA,TT,TT,CC,TT,CC,CC,CT,TT,TT,GA,GA,AG,TT,GA,CC,TT,GG,GA,CN,CC,AG,TT,GA,TT,TT,GG,TC,CC,AG,AA,AA,GT,CC,CC,CC,GG,CC,GA,GG,TT,GT,TT,AA,TT,TT
British in England and Scotland,,,,HG00110,,CT,AA,TT,TT,NN,CC,GG,AA,CC,TT,CT,GG,CC,CC,CC,GG,GA,CC,GG,CC,GG,AG,CC,AT,AA,CT,AA,TN,AA,TT,GC,CC,CC,TG,AA,AA,TT,GG,AA,AA,CC,TC,GG,GN,AG,CC,TT,NG,NC,NA,TT,TT,TN,TT,TT,GA,AC,CC,CC,CA,GG,AA,TT,TC,TC,CG,GG,AA,TG,CT,TT,GG,GG,AA,TT,TA,GG,CC,GN,GA,AA,AA,CC,TG,CC,TC,TT,TT,GG,AG,CC,GG,TC,GG,TT,GG,AA,GT,GC,CA,TT,TT,AG,GC,CC,CT,TT,TC,TT,AA,GC,TT,GG,GG,GA,CT,TC,TT,CC,TT,TT,GG,GG,TC,TC,GC,TA,NC,CC,CG,AA,GA,AA,GG,AG,AA,TT,NN,GG,TT,GA,TC,GG,TT,GG,TN,GT,GG,CG,TT,GG,AT,CC,NA,NN,GG,CC,AA,CC,NG,CC,CC,GC,GG,GG,AA,AG,CC,TT,AA,TT,AA,TA,TT,TT,TC,GT,TC,CT,TC,TT,TC,AA,GG,AG,TC,AA,CC,CT,GG,AG,NC,CC,AA,TC,AG,GG,TT,GG,CC,GG,GA,AA,AA,GT,CT,CC,CA,NN,CC,AA,GA,CC,GG,CT,AA,TT,TT
British in England and Scotland,,,,HG00111,,TC,AA,CC,TT,NN,CC,GG,NN,CA,TT,CC,GG,CT,CC,CC,NN,AG,CC,GG,TC,AG,AA,CT,AT,AA,TT,AA,NT,AA,TT,CC,CC,CC,TG,AA,GA,TT,AG,AA,AA,CC,CC,GG,NG,GG,CC,TT,GN,NC,NN,CC,TT,TT,TT,TT,AA,CC,CC,CC,AA,GG,AA,TT,TT,CC,CG,GG,GA,GT,TC,TT,GG,GC,GA,TT,TT,GG,CC,GG,GA,AG,AN,CC,GG,CC,TC,AA,GT,AG,AA,CC,AG,CC,GG,TT,GG,TT,TG,CC,CC,TT,TT,GG,CG,TT,CT,TT,CC,CT,AA,CC,TT,GG,GG,AA,CC,TC,TT,CC,TT,TT,GG,GG,CC,CC,GC,TT,CC,CC,CG,AA,GG,AA,GG,AG,AA,TT,CN,GG,GG,GG,TT,AG,TT,GN,TT,GT,AG,GG,TT,GG,AT,CC,AA,NN,AA,CT,AA,GC,NG,CC,CC,CC,GN,GG,AA,GG,CC,TT,AA,TT,GG,TT,TC,TT,CC,GG,CC,CC,CC,TT,CT,AA,GG,AA,CT,GG,CT,TC,GA,AA,CN,CC,AA,TC,GA,GT,TT,GG,TT,CC,GG,AA,GA,TT,TC,CC,AC,GN,GC,AG,AA,TT,GG,TT,AA,TC,TT
British in England and Scotland,,,,HG00112,,TC,AA,CC,CT,NN,CC,GG,NA,CC,TT,TC,AG,CC,CC,CT,GG,GG,CC,GG,CT,GG,AA,TT,TA,AG,TC,AA,TT,AC,GT,CC,CC,CC,GT,AA,AA,TT,AA,AA,AA,CC,CC,GG,GG,AA,CC,TT,GG,CC,NN,TT,TT,NN,TT,TT,AA,CC,CC,CC,CC,GG,AA,TT,TT,TT,GG,GG,AA,TT,CC,TT,AA,CC,AA,TT,TT,GG,CC,NN,AA,AA,NN,CC,TT,CC,TT,TT,TT,GG,GG,CC,AG,CC,GG,TT,GG,TT,TT,GC,AA,TC,TC,AA,CC,CC,TT,GT,TC,TT,AA,GG,TC,GG,GG,AG,CC,TT,TT,CA,TT,TT,GG,GG,TC,CC,CC,AT,CC,CC,GG,AA,AG,AA,GG,AA,AA,TT,NC,GG,TT,GG,TC,GG,TT,GG,TT,GG,AA,GG,TT,GG,AA,CC,AA,NN,AA,CT,AA,CG,NG,CC,CG,CG,GG,GG,AG,AA,CC,TT,GA,TC,AA,TT,CT,GT,TT,GT,TC,CC,CC,TT,TT,AA,AG,GG,TT,AG,TC,TT,GA,AA,NC,CT,AA,TC,GG,GG,TC,GA,CC,CC,AG,AA,GG,GT,CC,CC,AA,NN,GC,GG,GG,CT,GG,CC,AA,TT,TT
British in England and Scotland,,,,HG00113,,TT,AA,TC,TC,NN,CT,GA,NN,CC,TT,CC,AG,CC,CC,CC,NG,AG,CC,GG,CC,GG,AA,CC,AA,AG,TT,AA,NT,AA,TT,CC,CC,CC,GG,AA,AA,TT,GA,AT,AG,CT,CC,GG,GG,GG,CC,TT,NN,NC,AA,CC,TT,TT,TT,TT,AA,CC,CC,CC,AC,GG,AA,TA,TT,CT,GC,GG,GA,TT,CT,TT,GG,GC,AA,TG,TT,GG,CC,GG,GA,AA,NA,CC,GG,CC,CC,AA,TT,GG,GG,CC,GA,CC,GG,TT,GG,TT,TT,CC,AA,TT,TT,AA,CC,CC,CT,TG,TT,TT,AA,CC,TT,GG,GG,AA,CC,CT,TT,AC,TT,TT,AG,GG,TC,CC,CC,TT,NC,CC,GG,GA,AG,AA,GA,GG,AG,TT,NN,GG,TT,AA,TT,GA,CT,NG,TT,TG,GA,GG,TT,GG,AT,CC,NA,CN,GA,CT,AA,GC,GG,CC,CC,CG,GG,GG,AA,AG,CC,TT,AG,TC,AA,TT,TT,TT,CT,GT,CT,CC,CC,TT,CT,AA,GG,GA,CC,GG,CC,TT,AG,AA,NC,TC,GA,TT,AG,GG,TT,GA,TT,CC,GG,AA,GG,GT,CC,CG,AA,NG,GC,GA,GA,TC,GG,TT,AA,TT,TT
British in England and Scotland,,,,HG00114,,TT,AA,TC,TC,NN,CC,GG,AA,AC,TT,TT,GA,CC,CC,CC,GN,GG,GC,AG,CC,GG,AG,TT,AA,GA,TC,GA,TN,CA,TT,GG,CC,CC,GG,AA,GG,TT,AA,AA,AA,CC,CC,GG,NN,AA,CC,TC,NN,CN,AA,CT,TC,TT,TT,TT,AG,CA,CT,CC,AC,GG,AT,TT,TT,CC,CG,GG,GG,GG,CC,TT,GG,GG,GA,TT,TT,GG,TC,GG,AA,GA,NA,CC,GG,TC,CC,TT,TT,GG,AG,CC,GG,TC,GG,TT,GG,TA,TT,GC,AA,TT,TT,GA,GG,CC,TT,TT,CT,TT,AA,CG,CT,GA,GA,AA,TC,CC,TT,CC,TT,TT,GG,GG,TC,CC,CC,TT,CC,CT,CC,AA,GG,GA,GG,AG,GA,TT,CC,GG,GT,GG,CT,GG,TC,NG,TT,GG,AG,CG,TT,GG,AA,CC,AA,NN,AA,TT,TA,GC,NG,TC,CC,GG,GG,GG,AA,GA,TC,TT,GG,TT,AA,AA,TC,GT,TT,GT,CC,CC,CC,TT,CC,AA,GG,GG,TT,GG,TC,CC,GG,AG,NC,TC,AG,TT,GG,GG,TC,GA,CC,CC,GG,AA,GG,TG,CC,CC,AA,NG,CC,AA,GG,CT,GT,CT,AA,CT,TT
British in England and Scotland,,,,HG00115,,CT,AA,CT,CC,NN,CC,GA,NA,CC,TC,TC,AG,CC,CC,CT,NN,GG,CC,GA,CC,GG,AA,CC,AT,AA,TT,AG,TN,AA,TT,CC,CC,CC,GG,AA,AA,TT,GA,AA,AA,CC,CC,GG,GN,AG,CC,TT,GN,NC,AA,TC,TT,TN,TT,TC,AG,CA,CT,CC,CA,GA,AA,TT,TT,CC,GC,GG,GA,TG,CC,TT,GG,CC,AA,TT,TT,GA,CT,GG,AA,GG,NN,TC,TT,CC,TC,AT,TT,AG,AG,CC,GG,TC,GA,TT,GG,AA,TT,CC,AC,TT,CC,GA,CG,CT,TT,TT,TC,TT,AA,GG,TT,GG,AG,AG,TC,CT,TT,CA,TT,TT,GG,GG,CT,CT,GC,TT,CN,CC,CC,AA,GG,AA,GG,AA,AA,TT,CN,GG,TT,AG,CT,GG,TC,GN,NT,GG,AA,CC,TT,GG,TT,CC,AA,NN,AA,CC,AA,CG,NG,CC,GC,CC,GG,GG,AA,AG,CC,TT,GG,TT,GA,TT,TT,GT,CT,TT,CT,CC,CC,GT,TT,GA,AG,GG,TC,GG,CC,CT,GG,AG,NC,CC,AA,CT,AG,GG,TT,GG,CC,GC,GG,AA,GA,TG,CC,GC,AA,NG,CC,AG,AG,TT,GT,TT,AA,CC,TT
British in England and Scotland,,,,HG00116,,TT,AA,CT,CC,NN,CC,GA,AA,AC,TT,TC,GA,CC,CC,CC,NN,AG,CC,GG,CC,GG,AA,TT,AA,AA,TT,GA,TN,AA,TT,CG,CC,CC,TT,GG,AA,TT,AG,AA,AA,CC,CC,GG,GG,GA,CC,TC,NN,NN,AA,TC,TT,NT,CT,TT,AA,CC,CC,CC,AC,GG,AT,TA,TT,CC,GG,GG,GG,GT,CC,TT,GG,GG,AA,TT,TT,GG,CC,GG,AA,AA,NA,CC,GG,CC,TC,TT,TT,GG,GA,TT,GG,CC,GG,TT,GG,TA,TT,CC,AC,TT,TC,GA,CC,TC,CC,TT,TT,TC,AA,CG,TT,AG,GG,AA,CC,CC,TT,CC,TT,TT,GG,AG,CT,CT,CC,TT,CC,CC,GC,AA,GG,AA,GG,AA,AG,TT,CN,GG,TT,AG,TT,GG,TT,GG,TT,GG,GA,GC,TT,GG,AA,CC,NN,NN,GA,CT,AA,CG,GN,CC,CC,CC,GG,GG,GG,GG,CC,TT,AG,TT,AA,TA,TC,TT,CT,GT,CC,CC,CC,TT,TC,AG,GG,GA,TC,AG,CC,CT,GG,AA,NN,TT,AA,TT,GG,TT,TT,GG,CC,GC,GA,AA,GA,TT,CC,GC,AC,NN,CC,AA,GG,CC,GG,TC,GA,CC,TT
British in England and Scotland,,,,HG00117,,CT,AA,TT,CT,NN,CC,GG,AN,CC,TT,TC,GA,CC,CT,CT,NN,GG,CC,GG,TC,GG,AA,TT,AA,AA,CC,AA,NN,CA,TT,GC,CC,CT,GG,AA,AA,TT,GA,AA,AA,CC,CC,GG,GG,GA,CC,TT,GN,NC,AA,CC,TT,TT,TC,TT,AA,CC,CC,CC,CC,GG,AA,TT,TT,TC,GC,GA,GA,GG,CT,TT,GA,CC,AA,TT,TT,GG,CC,NN,AA,GG,NN,CC,TG,TC,TC,TA,TT,GG,AG,CC,GG,CC,GA,TT,GG,AA,TT,CC,AC,TT,TC,AA,CC,CC,CC,TT,TT,CT,AA,CG,TT,GA,GG,AA,CC,CC,CC,CC,TT,TT,GG,GA,CT,CC,CC,TA,CC,CC,CC,AA,GA,AA,GA,AG,AA,TT,CN,GG,TG,GG,TT,GG,CC,GG,TN,GG,AA,GC,TT,AG,TT,CC,AA,NN,AA,TC,AA,GC,NG,CC,CC,CG,GG,GG,AA,GA,CC,TT,AG,TC,GA,TT,TT,GT,TC,TG,CC,CC,CT,TT,TT,AA,GG,GG,TT,GA,CC,TT,GG,AA,NN,TC,AA,TC,GG,GT,TT,GG,TC,GG,GG,AC,GG,GT,CT,CC,AA,NG,CC,AG,AG,TC,TG,TT,AA,CT,TT
British in England and Scotland,,,,HG00118,,CT,AC,CT,TC,GN,CC,AG,NA,AA,TC,CT,GA,CC,CC,CT,NG,AG,CC,GG,CC,GG,AA,TT,TA,AG,TT,AA,NN,AA,TT,CC,CC,TC,GT,AA,AG,TT,GG,AA,AA,CC,CC,GG,GN,AG,CC,TT,NG,NC,AA,CC,TC,TT,TT,TT,GA,AC,CC,CC,AA,AG,AA,TT,TT,TT,CC,GA,GA,TG,CC,TC,GG,CG,AA,TT,TT,GG,CC,GG,AG,AA,NN,CT,GT,CC,TC,TT,TT,GG,GG,TT,GG,CC,GA,CT,AG,TA,TT,CC,AA,TT,TC,GG,CC,CC,TC,TT,TT,TT,AA,GC,TT,GG,AG,AA,CC,CC,TT,AC,TT,TT,GG,GG,CT,CT,CC,TT,CC,TC,GG,AA,AG,GA,GG,GG,AA,TT,CC,GG,TT,GA,TT,GG,TT,NG,TN,GG,AA,CG,TT,GG,TA,CC,AN,NN,GA,TC,AA,CC,GN,CC,CC,GC,GG,AG,AA,AA,CC,TT,AG,TC,GA,TT,TC,TT,CT,GG,CC,CC,TC,TT,TT,AA,GG,GA,TT,GG,CT,CT,GA,AA,NN,CC,AG,TT,GG,GG,TT,GG,CC,CC,GG,AA,AA,GG,CC,CC,CA,NN,CC,GA,GA,CT,GG,TT,AA,TC,TT
British in England and Scotland,,,,HG00119,,TC,AA,CC,TC,NN,TC,GG,AA,CC,TT,TC,AA,CC,CC,TC,GG,GG,CC,GG,CT,GG,AA,TC,TT,AA,TC,AG,NT,AC,TT,CG,CC,CC,GG,AA,AA,TT,GG,AA,AA,CC,CC,GC,GG,AA,CC,CT,NN,NN,AA,CT,TC,TN,TT,TT,AA,CC,CC,CC,AC,GG,AA,TT,TT,TT,CG,GG,GA,TT,CC,TT,GA,CC,AA,TT,TT,GG,CC,GN,AA,AA,NN,CC,GT,CC,TT,TT,TT,GG,GG,CC,GA,CC,GG,TT,GG,TT,TT,CC,CA,TT,TT,AA,CC,CC,TT,GT,TT,TT,CA,CG,TT,AA,GG,GG,CC,TT,TT,CC,CT,TT,GG,GA,TT,TC,CC,TT,CC,CC,GC,AA,GG,AA,GG,AA,GG,AT,NN,GG,TT,AG,TC,GG,TT,GG,TT,TG,AA,GG,TT,GG,AT,TC,NA,NN,AA,TT,AA,CC,NG,CC,CC,CC,GG,GG,AA,GG,CC,TT,AA,TT,AA,AA,TT,TT,TT,TG,CT,CC,CT,TT,TT,AA,GG,GG,TT,GA,TC,TT,GG,AA,CN,CT,GA,TC,GA,GT,TC,GG,CC,CC,GG,AA,AG,TG,CC,GC,AA,NG,CG,AG,GG,CC,GG,TT,AA,CC,TT
British in England and Scotland,,,,HG00120,,TC,AA,TC,CT,NN,CC,AG,AN,CC,TT,CT,GA,CC,CC,CC,NN,GG,GC,GG,TT,GA,AA,CT,TT,GA,TC,AA,NN,AA,TT,CC,CC,TT,TT,AA,GA,TT,GG,AA,AA,CC,CC,GG,GG,AG,TC,TT,GN,NN,NN,CT,TT,TT,TT,CT,AA,CC,CC,CC,CC,GG,AA,TT,TT,CT,GG,GG,GA,TG,TT,TT,GG,GG,AA,TT,AT,GG,CC,GG,AA,GA,AA,CC,TG,CC,CC,AT,TT,GG,GG,CC,GG,CC,GG,TT,GG,AA,TT,CC,AA,TT,TT,AA,CC,CT,CC,TT,TT,CT,AA,GC,TT,GG,GG,AG,CC,CT,TT,CC,TC,TT,GA,GG,TT,TC,CC,TT,CN,CC,CG,AG,GA,AA,GG,AA,GA,TT,NC,GG,TT,GA,TT,GA,TT,GG,TT,GG,AA,CG,TT,GG,AA,CC,NN,NC,AG,TT,AA,GG,NG,CC,CC,CC,GG,GG,GA,GG,CC,TT,GG,CT,AA,AA,TC,TT,CT,TT,CC,CC,CC,TT,CC,AG,GG,AA,CC,GG,TC,CT,AG,AA,NN,TT,AA,TT,GG,GT,TT,GG,CC,GC,GA,AA,GA,GT,CC,CC,CA,GG,CC,AG,AG,CT,GT,TT,AA,TT,TT
British in England and Scotland,,,,HG00121,,CT,AA,CC,TT,NG,CC,GG,NA,CC,TT,TC,AA,CC,CC,CC,GG,GA,GG,GA,CC,GG,AA,CT,TA,AA,TT,AG,NT,AA,TT,CG,CC,TC,GT,AA,GA,TT,AA,AA,AA,CC,CC,GC,GG,AA,TC,TT,NN,NN,AA,CC,TT,TT,TT,CT,AG,CA,CT,TT,CA,GG,AA,TT,TT,CC,GC,GG,AA,TG,TC,TT,GG,CC,AA,TT,TT,AG,TC,GG,GG,AA,NA,CC,GG,CC,TC,TT,TT,GG,AG,CC,GG,CC,GG,TC,GG,TA,TT,GC,CA,TT,CT,GA,CG,TC,TT,TT,CT,CT,AA,GG,TT,GG,GG,AA,CC,CT,TT,CA,CT,TT,GG,AG,TT,CC,CC,TT,CC,CC,GC,AA,AG,AA,GA,GA,AA,TA,NC,GA,TT,GA,TT,GG,CT,GG,TN,GT,AA,CC,TT,GG,AA,CC,AA,NN,GA,TT,AA,GG,GG,CC,CC,GC,GN,GG,AG,GG,CC,TC,GA,TT,AG,AA,TT,TT,TT,TT,CC,CT,CC,TT,TT,AA,GG,AA,TC,GG,CT,CT,GA,AG,NN,CC,AA,TC,GG,GT,TT,GA,CT,GC,GG,AA,GG,GG,CC,CC,AA,NN,CC,GA,AG,TC,GG,CT,AA,CT,TT
British in England and Scotland,,,,HG00122,,TT,AA,CC,CC,NN,TC,GG,NA,CC,TT,TC,AA,CC,CC,CT,NN,AG,CC,GG,CT,GA,AA,CC,TT,AA,TT,GA,NN,AC,TT,CC,AC,CC,GG,AA,AA,TT,GG,AA,AA,CC,CC,GG,NG,GG,CC,TT,NN,NN,AA,TC,TT,TT,TT,CT,AA,CC,CC,TC,AC,GG,AA,TT,TT,CC,GG,GG,AA,TG,CC,TT,GG,CC,AA,TT,TT,GG,CT,GG,AA,AA,AA,TC,GG,CT,CC,TT,TT,GG,AA,CC,GG,CC,GG,TT,GG,TA,GT,CC,CC,CT,CT,GG,CG,TC,CT,TT,CT,TT,CA,GC,TT,GG,GG,AA,TC,CC,TC,CC,TT,NT,GG,GG,CC,CC,CC,TT,CN,CT,CG,AA,GA,AA,GG,AG,AG,TT,CC,GA,TT,GA,TT,GG,TC,GG,NN,TT,AA,GC,TT,GG,TT,CC,AA,NN,AA,TT,TA,GG,GG,CC,CC,GC,GG,GG,AA,AA,CC,TT,GA,TC,GG,AT,CT,TT,TT,GG,CC,CC,CT,TT,TT,AG,GG,GG,CT,AG,CC,CT,AG,AA,NC,TC,GG,TC,GA,TG,TT,GG,CC,CG,GG,AA,GG,GG,TC,GC,AC,NG,CG,GG,GG,CC,GG,CT,AA,TT,TT
British in England and Scotland,,,,HG00123,,CT,AA,TT,CC,NN,CC,AG,AN,CC,TT,CT,AA,CC,CC,TC,GG,GG,CC,GG,TC,GG,AA,TT,AT,GA,CT,AA,TT,CA,TG,CC,CC,CC,GG,AG,AA,TT,AA,AA,AA,CC,CC,GG,GG,AA,CC,TT,GG,CC,NA,TT,TC,NT,TT,TT,AA,CC,CC,CC,CA,GG,AA,TA,TT,TC,GC,GG,AG,TG,CC,TT,AG,CC,AA,TG,TT,GG,CC,NG,AA,AA,NA,CC,TG,CC,TC,TT,TT,GG,GG,CC,AG,CC,GG,TT,GG,TT,TT,CC,AA,TT,TT,AA,CC,CC,TT,TG,TT,TT,AA,GG,TT,AG,GG,AA,CC,CT,CT,CC,TT,TT,GG,GG,CT,CC,CC,TA,CC,CC,GG,GA,AA,AA,GG,AA,AA,TT,CC,GG,GT,GG,TC,GG,CT,GG,NT,TG,AA,CG,TT,GG,TA,CC,NA,CN,AA,TT,TA,GG,GG,CC,CG,CG,GG,AG,AG,AA,CC,TT,AA,TC,AA,TT,CT,TT,TT,GT,TC,CC,CC,TT,TT,GA,GG,AG,TT,AG,TC,TT,GA,AA,NC,CT,AA,CC,GG,GG,TC,GA,CC,GC,GG,AA,GG,GT,CC,CC,CA,NN,CC,AG,AA,TT,GG,TT,AA,TT,TT
British in England and Scotland,,,,HG00125,,TT,AA,CC,TT,NN,CC,GG,AA,AC,TT,CT,AG,CC,CC,CC,GG,AG,CG,GG,CT,GG,AA,TC,AT,GG,CT,AA,NN,AA,TT,GC,CC,CT,GG,GG,AA,TT,AG,AA,AA,CC,CC,CG,GN,AG,TC,CT,GN,NC,AN,CT,CT,TN,TT,TT,AA,CC,CC,CC,AA,GG,AA,TT,TT,CC,CC,GA,GG,GT,TT,TT,AG,CG,AG,TT,TT,GG,CC,GG,AA,GA,NA,TC,TG,CC,TC,TA,TT,GG,GG,CC,GA,CC,GG,TT,GG,AA,TT,CC,AA,TT,CC,GG,CC,CC,TC,TT,CT,TT,AA,GG,TT,GG,GG,AG,TC,CT,TT,CC,TT,TT,GG,GG,CC,CT,CC,TA,CC,TT,CG,AA,GA,AA,GG,AG,AA,TT,NC,GA,TT,GA,CT,GG,TT,NG,TT,GG,AA,GC,TT,GG,TA,CC,AA,NN,AA,CC,AT,GG,NG,CC,CC,CC,GG,GG,AA,AG,CC,TT,GA,TT,AG,AA,TT,TT,CT,TG,CC,CC,CC,TT,TC,GA,GG,GG,CC,GG,CC,TT,AG,GA,NC,CC,AG,TT,AG,GT,TT,GG,CC,GC,GG,AA,AA,TG,CC,CC,CA,NN,CC,GG,GG,CT,GG,TC,AA,CC,TT
British in England and Scotland,,,,HG00126,,TT,AA,CC,TC,NN,CC,AA,NA,AA,TT,CC,GG,CC,CC,TT,GN,AA,CC,GG,TC,GG,AA,TC,TA,AA,TT,GA,TN,AA,TG,CC,CC,CT,GG,AA,GA,TT,GG,AT,AG,CT,CC,GG,NG,AG,CC,CT,NG,CC,NN,CC,TT,TT,TT,TT,AA,CC,CC,CT,AA,GG,AA,TT,TT,TC,GG,GG,AG,TG,CC,TT,AA,CC,GA,GT,TT,GG,CC,GG,AA,AA,AA,TC,TG,CC,CC,TT,GT,GG,GG,CT,AG,CC,GG,TC,GG,TA,TT,CC,CC,TT,TC,AG,CC,TC,TT,TT,TT,TC,AA,CC,TT,GG,GG,GA,CT,CC,TT,CC,TT,TN,GG,GG,CC,CC,GC,TT,CC,CC,GG,AA,GA,AA,GG,AG,AA,TT,CC,GG,TT,GG,TT,GG,TT,GN,TT,GG,GG,GG,TT,GG,AA,CC,AA,NN,AA,CT,AT,CC,GG,CC,GC,CC,GG,GG,AG,GA,CC,TT,AG,TT,AG,TA,TC,TG,CT,GG,TT,CC,CC,TG,TT,GA,GG,AG,TT,GG,CC,CT,GG,GA,NC,CC,GG,TT,GG,GG,TT,GG,CC,CC,GG,AA,AG,TG,TC,CC,CA,NN,CG,GG,GG,TC,GG,TT,AA,TT,TT
British in England and Scotland,,,,HG00127,,TC,AA,CC,CC,NN,CT,AG,NN,CC,TT,CC,GG,CC,CC,CT,GN,GG,CG,GG,TC,GG,AA,TC,AT,GA,TT,GG,TT,AA,TT,CC,CC,CC,GT,AG,AA,TT,AG,AA,AA,CC,CC,GG,NG,AA,CC,TC,GN,NC,AN,TC,TT,TT,TT,TC,AA,CC,TC,CT,AA,GG,AA,TT,TT,CC,GG,AG,GG,TT,TT,TT,GG,GG,GA,TT,TA,GG,CC,NG,AA,AA,NA,CC,GG,TC,CT,TT,TT,GG,AG,CT,GG,CC,GA,TT,GG,TT,TT,CC,CA,CT,TT,GG,CC,TT,TC,TT,TC,TT,AA,GG,TT,GG,GG,GA,CC,TC,TT,CA,TT,TT,GG,GG,TT,TC,CC,AT,CC,CT,CG,AG,AA,AG,GG,AA,AG,TT,CN,GA,TT,AG,CT,GG,TT,GG,NN,GG,AA,GG,TT,GG,TA,CC,AA,NN,AA,CT,AA,GC,NG,CC,CC,CC,GG,GG,GA,AG,CC,TT,GA,TT,GA,AT,TT,TG,TT,GG,CT,TC,CT,TT,TT,AA,AG,AA,TT,AG,CC,CT,GA,AA,NC,CC,AA,TT,GG,GG,TT,GG,CC,GC,GG,AA,GG,TG,CC,CC,AA,NN,CC,AG,GG,CT,GG,TT,AA,TT,TT
British in England and Scotland,,,,HG00128,,CT,AA,CC,CC,NN,TC,GG,AA,CA,TT,CC,GA,CC,CC,CC,NN,GA,GC,GG,TT,GG,AA,TT,TT,AA,TC,AA,NT,AA,TT,GC,CC,CC,TG,GA,AA,AT,GA,AA,AA,CC,CC,GG,GG,AA,CC,TC,NN,NC,AA,TC,CC,TT,TT,CC,AA,CC,CC,CC,AA,GA,AA,TT,TT,CT,GG,GG,GG,GT,CC,TT,GG,GG,GA,TT,TA,AG,CC,GG,AA,AA,AN,TC,TT,CC,CT,TA,TT,GG,AA,TC,GG,CC,GG,TT,GG,AT,TT,GC,CA,TT,TC,GG,CC,TC,CT,TT,CC,TT,AA,CC,CT,GA,GG,AG,CC,CT,TT,CC,TT,TT,GG,AG,TC,CC,CC,TT,CC,CC,CC,AA,GA,GG,GG,AG,AG,TT,NN,AG,TT,GG,TC,GG,TT,GG,TN,GG,AA,CG,TT,GG,TA,CC,NA,CN,AA,TC,AA,GC,NG,CC,CC,GC,GG,GG,AA,AA,TT,TT,AA,TC,GG,AT,TT,TT,TC,GT,CC,CC,CC,TG,CC,AA,GG,GG,TT,GG,CC,TC,AG,AA,NN,TC,AA,TT,AA,TG,TT,GG,CC,CC,GA,AA,AG,TT,CT,GC,AA,NG,CG,GA,GA,CT,GG,TT,AA,CC,TT
British in England and Scotland,,,,HG00129,,TT,AA,TC,CT,NN,CC,GA,AN,CC,TT,TC,GA,CC,CC,CC,GG,GG,CG,GG,TC,AG,AA,TT,AA,AA,TT,AA,NT,AA,TT,CG,CC,CC,TT,GG,AA,AT,GA,AA,AA,CC,CC,GG,GG,GG,CC,TT,NN,NN,NA,TC,TT,TN,TT,TC,GA,CC,CC,CC,CC,GG,AA,TT,TT,CC,CG,GG,GG,GT,CC,TC,GG,CC,AA,TT,AT,GA,CT,GG,AA,AG,NA,CC,GG,CC,TT,TT,TT,GG,GG,CC,GG,CT,GG,TT,GG,TA,TT,GC,AA,TT,TT,GA,CC,CC,CT,TT,TT,TT,AA,GG,TT,GG,GG,AG,CC,CT,TT,CA,TT,TN,GG,GG,CC,CC,CC,TT,CN,CC,CC,AA,GG,AA,AG,GA,AA,TT,CN,GA,TT,GG,TT,GG,TT,NN,TT,GG,AG,GC,TC,GG,AA,CC,AA,NN,GG,CT,AT,GG,GG,CC,CC,GC,GG,GG,AA,GG,CT,CT,AA,TT,GG,AT,CT,TT,TC,TG,CT,CC,TC,GT,TC,GA,GG,GG,CT,GG,CT,CT,GG,AA,NN,CC,AG,CC,AG,GG,TT,GG,CT,CC,GG,AA,AG,TT,CC,CC,AA,NN,CC,GG,GG,CT,GG,TT,AA,TC,TT
British in England and Scotland,,,,HG00130,,CC,AA,CC,CC,NN,CT,GA,NN,CA,TT,TT,AG,CC,CC,TT,NG,GG,CC,GG,CC,GG,AA,TC,AA,GA,TT,GA,NT,AA,TT,CC,CC,CC,TG,AA,GA,TT,AG,AA,AA,CC,CC,GG,GG,AG,CC,TT,GN,NC,AA,CC,TT,TT,TT,CT,AG,CA,CC,TC,AC,GG,AA,TT,TT,CC,CC,GG,GG,TT,CT,TT,GG,CG,AG,TT,TT,GG,CC,GN,AG,GA,AA,CC,TG,CC,CT,TT,TT,GG,GA,CC,GG,CC,GG,TT,GG,TA,GT,CG,AC,CT,TT,GG,CC,TC,CT,TT,CT,TT,CA,GG,TT,GG,GG,GA,CC,CC,TT,CC,TT,TT,GG,AG,TT,CT,CC,TT,NC,TT,GG,AA,GA,AA,GG,GG,AA,TT,CN,AA,TG,GG,TT,GG,TT,GG,TT,GT,AA,GG,TT,GG,AA,CT,AA,NN,GA,TC,TT,CG,NG,CC,CC,CG,GG,GG,AG,AG,TC,TT,AA,TT,GA,TT,CT,GT,CT,GT,TC,CC,CC,TT,TT,AA,GG,GA,CT,AG,CC,TT,AG,AG,NN,CC,GA,CT,GA,TG,TT,AG,CC,CC,GA,AA,GA,GT,CC,GG,AC,NN,CC,GG,GG,CT,GG,TT,AA,TC,TT
British in England and Scotland,,,,HG00131,,TC,AA,CC,TT,NN,CC,AA,NA,AC,TC,TT,GG,CC,CC,CT,NN,GG,CC,GG,CC,GG,AA,TC,AA,GG,CC,AA,NT,AA,TT,GC,CC,CT,GT,AA,GA,TT,AG,TA,GA,TC,CC,GG,GN,GG,CC,TT,NN,NN,AA,CC,TT,TT,TT,TT,AA,CC,CC,CC,AC,AG,AA,TT,TT,CC,GG,GG,GG,TT,TC,TC,GG,CC,AA,TT,TT,GG,CC,GN,AA,GA,AN,CC,GT,CC,CT,TT,TT,GG,GG,CT,GG,CC,GG,TT,GG,TT,TT,CC,AC,TC,TT,GA,CG,CC,CC,TT,TT,CT,AA,CC,TT,GG,GG,AA,TC,CC,TT,CC,TT,TT,GG,GG,TT,CC,CC,AT,CC,CC,GC,AA,GG,AA,GG,AA,AA,TT,NN,GG,TT,GG,TT,GG,TC,GG,TN,TT,AG,GG,TT,GG,TA,CT,AA,NN,AA,CC,AT,CG,NN,CC,CC,CC,GG,GA,AA,AG,CC,TT,AG,CT,GA,TA,TT,TT,CT,TG,CC,CC,CC,GT,TT,AA,GG,AA,TT,GG,CC,TT,GG,GG,CC,CT,GA,TC,AG,GT,TT,GG,CC,GC,GG,AA,AG,GG,CC,GG,AC,NN,CC,AG,GG,CT,GT,TT,AA,TT,TT
British in England and Scotland,,,,HG00132,,CT,CA,TT,TC,NN,CC,AG,NN,CA,TT,TC,AA,CC,CC,CT,GN,AG,CC,GG,TC,GG,AA,TT,TT,AA,TT,GA,NT,AA,TG,CC,CC,TC,TG,AG,AG,TT,GG,AT,AG,CT,CC,GC,NN,AG,CC,TT,NG,NN,AA,CC,CT,TT,TT,TC,AA,CC,CC,TT,CC,GG,AA,TT,TT,TC,GC,GG,AA,GG,CC,TT,GA,CC,AA,TT,TT,GG,CC,GG,AA,AA,NA,TC,TG,CC,CC,AT,TT,GG,GG,CC,GG,CC,GG,CT,GG,TT,TT,CC,CA,TT,TT,GA,CC,TT,CT,GG,TT,TT,AA,GG,TC,GG,GG,AG,CC,CC,CT,CC,TT,TT,AG,GA,CT,CC,GC,TA,CC,CC,GG,AA,AA,GG,GG,AA,AA,TT,CC,GG,TG,GG,CT,AG,TT,GN,TT,TG,AA,CC,TT,GG,AA,CC,AA,NN,AA,TT,TA,CG,NG,CC,CC,GC,GG,GG,AA,GA,CC,TT,GA,TT,AA,TT,TT,TT,TC,TT,CC,CC,CT,TT,TT,AA,GG,GA,TT,AA,CT,TT,GG,AG,NN,TC,GA,TT,GG,GG,TT,GA,CT,CC,GG,AA,AA,GG,TC,CC,CA,GN,CC,AG,AG,TT,TG,TT,AA,TC,TT
British in England and Scotland,,,,HG00133,,CT,AA,CC,CT,NN,TT,GG,AN,CA,TT,TT,AG,CT,CC,CT,NG,AG,CG,GA,TC,GG,AA,TT,AT,AA,TC,GA,NN,AA,TT,CC,CC,CC,GG,AA,AA,TT,GA,AA,AA,CC,CC,GG,NG,GG,CC,TT,NN,CN,NA,CC,TC,TT,TT,CT,AA,CC,CC,CC,CA,GG,AA,TT,TT,CC,GC,GA,AA,GT,TC,TC,AG,CC,AA,TT,TT,GG,CC,GG,AA,AA,AN,CC,GG,TC,CC,TT,TT,GG,AG,CC,AG,CC,AG,TT,GG,TT,TT,CC,AA,TT,TC,GA,CC,CC,TC,TT,TT,TT,AA,CG,CT,GG,GG,AA,CC,CT,TT,CC,TT,TT,GG,GG,CC,CC,CC,TT,NC,CT,CG,AA,GA,AG,GA,GG,AG,TA,NC,GA,GT,GA,TT,GG,TT,NG,TT,GG,AA,CC,TT,GA,AT,TC,AA,NN,AA,TT,TT,GG,GG,TC,CC,GC,GG,GG,AG,AG,TT,TT,AA,CT,GA,AT,TT,TT,TC,TT,CC,TC,CT,TG,TC,AA,GA,GA,TT,GA,TC,CC,GG,AA,NN,CC,AA,CT,GA,TG,TT,GG,TC,GC,GG,AA,AA,GT,CT,CG,AA,NN,CC,GG,GG,TC,TG,TT,AA,TT,TT
British in England and Scotland,,,,HG00136,,TT,AA,CC,CC,GN,CC,GG,NN,AA,TC,CC,GG,CC,CC,CT,NN,GG,GG,AG,CC,GG,AA,TC,AA,AA,TC,AA,TT,AA,TT,CC,CC,TC,TT,AA,AA,TT,AG,AA,AA,CC,CC,GG,GG,GA,CT,TC,NN,CN,AN,TC,TT,TT,TT,TT,AA,CC,CC,CT,CC,GG,AA,TT,CT,TC,GG,GG,AG,GT,CT,TT,GG,GC,AA,TT,TA,GG,CC,GG,AA,GG,NA,CT,GT,CC,CC,TT,TT,GG,GG,CC,GG,CC,GG,TC,GA,AT,TT,CG,AC,TC,CT,GG,CG,TC,CC,TT,CT,CT,AA,GG,TT,AG,GG,AG,CC,CC,TT,CC,TT,TT,GG,GG,TC,TC,CG,TT,CC,CC,CC,AA,GG,AA,GG,AG,GA,AT,NC,GG,TT,GG,TT,GG,TT,GG,TT,GT,GG,CC,TT,GG,TA,CC,AA,NN,AA,TC,AT,CG,GG,CC,CC,CC,GG,GG,GA,GG,TT,TT,AA,CT,AG,AA,CT,TT,TC,GT,CC,CT,CC,TT,TT,AA,GG,GG,TT,GA,CC,TC,GG,AA,NN,CC,AG,TT,GG,TG,TT,GA,CC,GG,GG,AA,AA,TT,CC,CC,AA,NG,CC,AG,AG,TC,GT,CT,AA,CC,TG
British in England and Scotland,,,,HG00137,,CT,AA,CC,CT,NN,CC,AG,AA,CA,TT,CC,GA,CT,CC,CC,GG,GG,GG,GG,TC,AG,AA,TC,TT,AA,CT,AA,NN,AA,TT,GG,CC,CC,GT,AA,AA,TT,GA,TA,GA,TC,CC,GG,GN,AG,CT,TT,GN,NC,AN,CC,TT,TT,TT,TC,GA,AC,CC,CT,AA,GG,AA,TA,TT,TC,GG,GG,GG,TT,CT,TT,GG,CC,AA,TT,TT,GG,CC,NN,AA,GA,NN,CC,TG,CC,TT,TT,TT,GG,GA,CC,GG,CC,GA,TT,GG,TA,TG,GC,CA,CT,TC,GG,CG,TC,TT,TT,CT,TT,AA,CC,TC,GA,GG,GA,CC,TT,TC,CC,TT,TT,GG,GG,CT,TC,CC,TT,CC,CC,CC,AA,GG,AA,GG,GA,AA,TT,NN,GG,GT,GA,CC,GG,TC,NN,TT,GG,AG,CG,TT,GG,TT,TC,AA,NN,AA,TT,AA,GG,NG,CC,CC,CG,GG,GG,AA,AA,CC,TT,GG,TC,AA,TT,TT,TT,CC,GT,CC,CC,CC,GT,TC,AA,GG,GG,TT,GG,CT,CT,GA,GG,NC,TC,AG,TC,GG,GT,TT,AA,CC,GC,GG,AA,AG,GT,CC,CC,AC,NN,CC,AG,AG,TC,GG,TT,AA,TT,TT
British in England and Scotland,,,,HG00138,,TC,CA,CT,TC,NN,CC,GG,AA,CC,TT,CC,AG,CC,CC,CC,GG,AG,CC,AG,CC,GG,AA,TT,TT,GA,TT,AA,TN,AA,TT,GG,CC,TT,TT,GA,GA,TT,GG,AA,AA,CC,CC,GG,GN,GA,CC,TT,NN,NN,AA,CT,TT,NT,TT,TC,AA,CC,CC,CT,CA,GG,AA,TT,TT,CC,GC,GG,AG,GT,TC,TT,GA,CC,AA,TT,TT,AG,TC,GG,AA,GG,NA,CC,GT,CC,CT,TT,TT,GG,AA,CC,GG,CC,AG,TT,GG,TA,TT,CC,AA,TT,CT,GG,CC,CT,CC,TT,TC,TT,AA,CC,TT,AA,AG,AG,CT,CC,TT,CC,TT,TN,GG,GA,CT,CC,GC,TT,CC,CC,CG,AA,GG,AA,AG,AA,AA,TT,NC,GA,TT,GG,TT,AG,TT,NG,TT,GG,GA,GC,TT,GG,AA,CC,AA,NN,AA,CT,AA,CG,NN,CC,CC,CG,GG,GA,AA,AA,TC,CT,AG,CT,AA,TT,CT,TT,CT,GT,TT,CC,CC,TT,TT,GA,GG,GG,TT,GG,TC,CC,GG,GG,NN,CC,GA,TT,GA,TG,TT,GG,CC,GG,GG,AA,AG,GG,CC,CC,AA,NN,CC,GG,GG,CC,GG,TT,AG,TT,TT
British in England and Scotland,,,,HG00139,,CT,AA,CT,CC,NN,CC,GA,NA,CC,TT,CC,GG,CC,CC,CC,GN,GG,CC,GG,TT,AA,GA,TT,AT,AG,CC,AA,TN,AA,TT,CG,CC,TC,TT,AG,AA,TT,GG,AA,AA,CC,CC,GG,GG,GA,CC,TT,GG,NC,AN,CT,TT,TN,TT,CT,AG,CA,CC,TC,AC,GA,AA,TA,TT,TC,GG,GG,AG,GT,CC,TT,GG,GG,AG,TT,TT,GG,CC,GG,AG,AA,NA,CC,TG,CC,TC,AA,GT,GG,GA,CC,GA,CC,GG,TT,GG,AT,TT,CC,CA,TT,CC,AG,GC,CC,TT,TT,CT,CT,AA,GC,TT,AA,GG,GA,CC,TT,TT,CC,TT,TT,GA,GG,TC,TC,CG,TA,CC,CC,GG,AA,AA,AA,GA,AA,AA,TA,NC,GG,TT,GA,TT,GG,TT,NG,TT,GG,AG,CG,TT,GG,TT,CC,AA,NN,AA,TT,TA,GG,GN,CC,CC,CC,GG,GG,AG,AA,CC,TC,GA,TT,GG,TA,CT,TT,CC,TT,CC,CC,TC,TG,TC,GA,GG,GG,TT,AA,CC,TC,GA,AA,NC,TC,GA,CT,GG,GT,TT,GG,CC,CC,GG,AA,AG,GG,CC,CC,AA,NN,CC,AA,AG,CC,GG,TT,AA,CC,TT
British in England and Scotland,,,,HG00140,,TT,AC,CT,CC,NN,CC,GG,NA,AA,TT,CC,GA,CC,CC,TC,GN,GA,CC,GA,CT,GA,AA,CT,AT,AA,CT,GA,TT,AC,TT,CC,AC,CC,GG,AG,AA,TT,AA,AA,AA,CC,CC,GG,GG,GA,CC,CT,GG,NN,AA,CC,TC,TT,TT,CC,AA,CC,CC,CT,AC,GG,AA,AT,TT,CC,GG,GG,AG,GT,CC,TC,GG,GC,GA,TT,TT,GG,CC,GN,AA,GG,AA,CT,GT,CC,TT,TT,TT,GG,AG,TC,GG,CC,GA,TT,GG,TT,TT,CC,CA,TT,TC,GG,CC,TC,CC,TT,TT,TC,AA,CG,TC,GA,GG,AA,CC,CC,TT,CC,TT,TT,GG,GG,CT,CC,GC,TT,CC,CT,CC,AA,GA,AG,GG,AG,AA,TT,CN,GG,GT,GG,TT,GG,TT,GN,TT,GG,GG,GC,TT,GG,AT,CT,NA,CN,AA,CC,AA,GC,GG,CC,CC,GC,NG,GG,AA,AA,CC,TC,GG,TT,GA,TT,TT,TT,CT,GG,TC,CT,CT,TT,TC,AA,GG,AG,TT,AG,CC,TT,GG,AA,NC,CT,GG,TT,GA,GG,TT,GA,CC,CC,GG,CA,GG,TG,TC,GC,CC,NG,CG,GG,GG,TC,GT,TT,AA,TT,TT
British in England and Scotland,,,,HG00141,,CT,AC,TT,CT,NN,CC,AG,AA,CC,TT,TC,GG,CC,CT,CC,GN,GA,GC,GG,CT,GG,AA,TT,AA,AA,CC,AG,NT,AA,TT,CC,AC,TC,GG,AA,AA,TT,AA,AA,AA,CC,CC,CG,NG,AA,CT,TT,GN,NN,AA,CC,TT,TT,TT,CT,AA,CC,CC,CC,CA,GG,AA,TT,TT,TT,GC,GG,GA,GG,TC,TT,GG,CC,AA,TG,TT,GG,CC,GG,AA,AG,NA,CC,GG,CC,CC,TT,TT,GG,GA,CC,GG,CC,GG,CT,AG,TT,TT,CG,CA,TT,TT,GG,GC,CC,TC,GT,TT,TT,AC,GC,TT,GG,GG,AG,CC,CC,TT,CC,CT,TN,GG,GG,CC,CC,CC,TT,CC,CC,GC,AA,GA,AA,GG,GA,GA,TT,CN,GG,TT,GG,CT,GA,TT,NG,TN,TG,GG,CG,TT,GG,AT,TT,AA,NN,AA,TT,AA,GG,GN,CC,CC,CG,GG,GG,AA,GA,CC,TT,AA,TT,AA,TT,TT,GT,CT,TG,CC,CC,CC,TG,TC,AA,GG,GA,CC,GA,CC,TT,AG,AG,CN,TC,AA,TC,GG,GG,TT,GG,CC,CC,GG,AC,AG,TT,CT,CC,AA,NN,CC,GG,AA,TT,GT,CT,AA,CC,TT
British in England and Scotland,,,,HG00142,,TC,CA,CC,TT,NN,CC,AA,AN,CC,TC,CT,GG,CC,CC,CC,GG,GA,CC,GG,TC,GG,AA,TC,AT,GA,CC,AA,NT,CA,TT,CC,CC,CT,GG,AG,AA,TT,GG,AA,AA,CC,CC,GG,GN,GG,CC,TT,NG,NC,NA,CC,TC,TT,TT,CT,AA,CC,CC,TT,AA,AA,AA,AT,TT,CC,GG,GG,AA,TG,TT,TT,GA,CC,AA,TT,TT,GG,CC,GG,AA,AA,AN,CT,GT,CC,TC,TT,TT,GG,GA,TC,GG,CC,GA,TT,GG,TA,TT,CC,CA,TT,TT,GA,CC,CT,TC,TT,TT,TT,AA,CG,TC,AA,GG,AA,TT,CC,TT,CC,TT,TT,GG,GG,CT,CC,CC,TA,CC,TT,CG,AG,AA,AA,GG,AA,GA,TT,NN,GA,TT,AA,TC,GG,TC,GN,TT,GG,GA,GG,TT,GG,AA,CC,AA,NN,GG,CT,AA,GC,NG,CC,CC,CG,GG,GA,AA,AA,CC,TT,GA,TC,GA,TA,TT,TT,CC,GG,CT,CC,CC,TG,TT,AA,AG,GG,CT,GA,CC,TC,AG,AG,NN,CT,GA,TT,GG,TG,TT,GA,CT,CC,GG,AA,GA,GT,TC,CC,AA,GN,CC,GG,GG,TC,GG,TT,AA,TC,TT
British in England and Scotland,,,,HG00143,,TC,AA,CC,TC,NN,CT,AA,AA,CC,TT,TC,GG,CC,CC,CT,NN,GA,CG,GG,TC,GG,AA,CC,TT,AA,TC,AG,NN,CA,TT,CC,CC,CC,GG,AA,AA,TT,AA,TA,GA,TC,CC,GG,GN,GA,CC,TT,NN,CN,NA,CC,TC,TT,TT,TC,AA,CC,CC,CT,AA,AA,AA,TT,TT,CC,GG,GG,GG,GG,CT,TT,GG,CC,AA,TT,TT,GG,CC,GG,AA,GA,NN,CC,GT,TC,CC,TT,TT,GG,GA,CC,GG,CC,GG,TT,GG,AT,TT,CC,AC,TT,CC,GG,CC,CT,TC,TT,CT,TT,CA,GC,TT,GG,GG,AA,CC,CC,TT,AC,TT,TT,GG,GG,CC,CC,CC,TT,NC,TC,GC,AA,GG,AA,GG,GA,AA,TT,CC,AG,TT,GG,CC,GG,TC,GN,TT,GT,AA,GG,TT,GG,AA,CC,AA,NN,AA,TT,AA,CC,NN,CC,CC,GC,GG,GA,AA,AA,CC,TT,GA,TT,AA,TT,TT,TT,TT,GG,CC,CC,CC,TT,TC,AA,GG,GG,CT,AA,CC,TT,GG,GA,CN,CC,AA,CT,GG,GT,TT,GG,TT,CC,AG,AA,GG,TG,CC,CC,AA,GN,CC,GA,AA,CT,GG,TC,AA,TC,TT
British in England and Scotland,,,,HG00145,,CT,AA,CC,TC,NN,CC,GG,NA,AC,TT,TC,AA,CC,CC,TC,GN,GG,CC,GG,CC,GG,AA,TT,TT,GA,CT,AG,TT,AA,TT,CC,CC,CC,TG,AA,AA,TT,GG,AA,AA,CC,CC,GG,GN,GA,CC,TT,GN,NC,NN,CC,TT,TT,TC,TT,AA,CC,CC,CC,CA,GG,AA,AT,TT,TC,GG,GG,AA,GG,CT,TT,GG,CC,AA,TT,TT,GA,CC,GG,AA,GA,NN,CC,TG,CT,CC,TT,TT,GG,GA,CC,GG,CC,GG,CT,AG,AT,TT,CG,AA,TT,CC,AG,CG,CC,TT,GT,TT,TC,AA,GG,TT,AG,GG,GG,CC,CT,TT,CC,TT,NT,GG,GG,TT,TC,CC,TA,NC,CC,GG,AA,GA,AA,GA,AA,AA,TT,NN,GG,TT,GA,TT,AA,TT,GG,TN,GG,AA,GC,TT,GA,AA,CC,AA,NN,AA,CT,AA,GG,NG,CC,CC,CC,GG,GG,GA,AA,TC,TT,AA,TT,AA,AT,TT,TT,CC,GT,TC,CC,CT,TT,TT,AA,GA,AA,TT,AA,CC,CT,AG,AA,NN,CC,GG,TT,GG,TG,TT,GG,CT,CG,GG,AA,GG,TG,CT,CC,AC,GN,CC,GG,GA,CT,GG,TT,AA,TC,TT
British in England and Scotland,,,,HG00146,,TT,AA,TC,TC,NN,CC,AG,AA,CA,CT,CC,GA,CC,CC,CT,NN,AG,CC,GG,CC,GG,AA,CT,AT,AA,CC,GA,TN,AA,TT,CC,CC,CT,GG,AG,AG,TT,GA,AT,AG,CT,CC,GG,NG,GA,CC,TT,GN,NC,AN,CC,CT,TT,TT,CC,AA,CC,CC,TC,AC,GG,AA,TA,TT,CC,GG,GG,AG,TG,CC,TT,AA,GC,AA,TT,TT,GG,CC,GN,AA,GA,AN,CC,GG,CC,CC,AA,TG,GG,GA,TC,GG,CC,GG,TT,GG,TT,TT,CG,AA,TT,CT,AG,CC,CC,CT,TT,CT,CT,AA,CC,TT,GG,GG,AA,CT,CC,CT,CC,TT,NT,GG,GG,CC,CC,GG,TT,NC,CC,GG,AA,GG,AA,AG,AA,AA,TT,CN,GG,TT,GG,TT,GA,TC,GG,NT,GG,AA,CC,TT,GG,AT,CC,AA,NN,AA,TC,AA,CG,NN,CC,CC,GG,GG,GG,AG,AG,CC,TT,AG,TC,AA,TA,TT,GG,TT,GG,TC,CC,CT,TT,TT,AA,GG,GG,TT,GG,CC,TT,GG,AG,NN,CC,AG,CT,GA,GG,TT,GG,CC,CG,GG,AA,GG,GT,CC,CG,AC,GG,CC,GG,GG,CT,GG,TT,AA,TT,TT
British in England and Scotland,,,,HG00148,,TC,AA,TT,TC,NN,CC,GA,NA,CA,TT,CT,AG,CC,CC,CC,GN,AG,GG,GA,CC,GG,AA,CT,AA,AA,CC,AA,NN,AA,TT,CG,CC,CC,TG,AG,AA,TT,AG,AA,AA,CC,CC,GG,GG,GG,CC,CT,NN,NC,AA,CC,TT,TT,TT,TT,AA,CC,CC,CC,AA,GG,TA,AT,TT,CC,CG,GG,GA,TG,TC,TT,GG,CC,AA,TT,TT,GG,CC,GN,AA,AA,AA,CT,TT,TT,TC,AT,TT,GG,GG,CC,GG,CC,AA,TT,GG,TA,TT,CC,CA,TT,TC,AG,CC,CT,TC,TT,CT,TT,CA,GG,TT,GG,GG,AA,CC,CC,TT,CC,CT,TT,GG,GG,CT,CC,CC,TT,CC,CC,CC,AA,AG,AA,GG,AA,AA,TT,NC,AG,GT,GG,CC,GG,TT,GN,NT,GG,AA,CG,TT,GG,AA,CT,AA,NN,AA,TC,TA,CC,GG,CC,CC,CG,GG,GG,AA,GG,CC,TT,GA,CT,AG,TT,CT,TT,TC,TT,CC,CT,TC,TG,TT,AA,GG,GA,TT,GA,CC,CT,AG,GA,NC,CT,AA,TC,GG,GG,TT,GA,CC,CC,GG,AA,GA,GT,CC,CC,CA,NG,CC,GG,GG,CC,GG,TT,AA,TT,TT
British in England and Scotland,,,,HG00149,,TT,AA,TT,TC,NN,CC,GG,AA,AC,TT,CT,AG,CC,CT,CT,GN,AG,CG,GG,CC,GG,AA,TT,AT,GA,TT,GG,NN,AA,TT,CC,CC,TC,GG,AA,AA,TT,AG,AA,AA,CC,CC,GG,GG,GG,CC,TT,GN,NC,NA,TC,TT,NT,TT,CT,AA,CC,CT,CC,CA,GG,AA,TT,TT,TT,GG,GG,AG,GT,CC,TT,GG,CC,AA,TT,TT,GG,CC,GG,GA,AG,NN,CC,TG,TC,TT,TT,TT,GG,AG,CC,GA,CC,AG,TT,GG,TT,TT,CC,AA,CT,CT,GG,CC,TC,TT,TG,TT,TT,AC,GC,CT,GA,GG,AG,CC,TT,CT,CC,TT,NT,AG,GG,CC,CT,CC,TT,NC,CC,GG,AA,AG,AA,AG,AA,AA,TT,NC,GG,TT,GG,TT,GG,TT,NG,TN,TT,AA,CC,TT,GG,AA,CC,AA,NN,AA,TC,TA,GG,NG,CC,CG,CC,GG,GG,AA,GA,CC,CT,GG,TT,GG,TT,TT,TT,CC,GG,CT,CC,TC,GG,TT,AA,GG,GG,CT,GG,TC,TC,GA,AA,NN,CC,GA,TT,AG,GG,TT,GG,CC,CC,GG,AA,GA,TG,CC,CC,AA,NN,CC,GA,GA,CC,GT,TT,AA,TT,TT
British in England and Scotland,,,,HG00150,,TC,AA,CC,TC,NG,CC,GG,AA,CC,CT,TC,AA,CC,CC,CC,NG,GA,CC,GG,CC,GG,AA,CT,AA,AA,CC,GA,TN,AA,TT,GC,CC,TC,GT,AA,AA,TT,GG,AA,AA,CC,CC,GG,GG,GG,CC,TT,GG,NN,NA,TC,TC,TT,TT,CT,AA,CC,CC,CC,CA,GA,AA,TT,TT,TC,GG,GG,AG,TT,TC,TT,GG,CC,AA,TT,TT,GG,CC,GN,GA,AG,AN,CC,GG,CC,TC,TT,TT,GA,GG,CT,GA,CC,AG,TT,GG,TT,TT,CG,AA,TT,CT,GG,CC,CC,TT,TT,CT,TT,AA,CG,TT,GA,GG,AG,CC,CC,TT,AC,TT,TN,GG,GG,CC,CC,GC,TT,CN,CC,CC,AA,GA,AG,GG,AA,AA,TT,NC,AG,TT,GG,TC,AG,TT,NN,TN,GT,AA,CG,TC,GG,TT,CC,AA,NN,AA,CC,AA,CC,NG,CC,CC,GG,GG,GG,AA,AA,CT,TT,AG,TT,GA,TA,TT,GT,CT,GT,TC,TC,CC,GT,TC,AA,GG,GG,TC,GG,CC,TT,GG,AG,NN,CT,AA,TT,GG,TG,TT,GG,CC,GC,GG,AA,GG,TG,TC,CC,AA,NN,GC,GA,GG,TC,GG,TT,AA,TT,TT
British in England and Scotland,,,,HG00151,,TT,AA,CC,TC,NN,CC,AG,AN,CC,TT,TC,GG,CC,TC,TC,NN,GA,GG,AG,CC,GG,GA,TT,TA,AA,TT,GA,TT,AA,TT,CG,CC,CT,GG,AA,AA,TT,GG,AA,AA,CC,CT,GG,NG,GA,CC,TT,GG,CC,NA,CC,CT,TT,TT,CT,AG,CA,CT,CC,AC,AG,AA,TT,CT,CT,GG,GA,AA,GT,TC,TT,GG,GG,AG,TT,AT,GG,CC,GG,AA,AA,NA,CT,GT,CC,CC,AT,TT,GG,GA,CC,GG,CC,GG,TT,GG,AT,TT,GC,AC,TT,TT,GG,CG,TT,CC,TT,CT,TT,AA,CG,TT,GA,GG,AA,CC,TT,TT,CC,TT,TT,GG,GG,TC,CC,CC,TT,NC,CC,CG,AA,GA,GA,GG,AA,AA,TT,CN,AG,TT,GG,TT,GG,TT,GG,TN,GT,AA,GC,TT,GG,TA,CC,AA,NN,AG,CC,AA,GG,GG,CC,CC,GC,GG,GG,GA,GA,CC,TT,AG,TT,GA,AA,TT,TT,TC,GG,CT,CC,CC,TT,TT,AA,GG,AA,TT,GG,TT,TT,GA,AA,NN,CC,GA,CT,GG,GG,TT,GG,CC,CC,AG,AA,AA,TG,TC,GC,CC,NN,CC,GG,GG,CT,TT,TT,AG,TC,TT
British in England and Scotland,,,,HG00154,,TT,AA,CC,TC,NN,TC,GG,AN,CC,CT,CC,AG,CC,CC,CC,NN,AA,CC,GG,CC,GG,AA,TT,TA,AA,TT,AG,TT,AA,TT,CG,CC,CC,TG,AA,GG,TT,GG,AA,GA,CC,CC,GG,GN,AG,CC,CT,NN,CC,NN,CC,TT,TT,CT,TC,AA,CC,CC,CC,AC,GG,AA,TT,TT,TC,CG,AG,AG,GG,TT,TT,AG,CC,AA,TT,TT,GG,CC,GG,AA,GA,AA,TC,TG,CC,CC,AT,TT,GG,AA,TC,GG,CC,AG,TC,GA,AA,TT,GC,AA,TT,CC,GG,CC,CC,CT,TT,TT,TT,AA,CG,TC,GG,GG,AA,CC,CC,TT,CC,TT,TT,GG,GG,TT,CC,CC,TT,CC,CT,CC,AA,GA,AA,GG,GA,AA,TT,CC,AG,TG,GA,TT,GG,CT,GG,NT,GG,AA,GG,TT,GG,AT,CC,AA,NN,AA,TC,AA,CG,GN,CT,CC,GC,GG,GG,AA,GA,CC,TT,AG,TT,GG,TA,TT,TT,TT,GG,TC,TC,CC,TG,TT,AA,GG,GG,TC,AA,CC,CC,AA,AA,CN,CC,GA,TT,GG,GG,TC,GA,CC,CC,AG,AA,AG,TT,CC,CC,AC,GN,CC,AA,AA,TC,TT,CT,GA,TT,TT
British in England and Scotland,,,,HG00155,,TT,AA,CC,CC,GN,CC,GA,AA,CC,TT,CT,GG,CC,CC,CT,GG,AG,GC,GA,CC,GG,AA,CC,AA,AA,CC,AA,NN,CA,TT,CC,CC,CC,GT,AA,AG,TT,GA,AA,AA,CC,CC,GG,NG,GA,CC,TT,NN,NN,AN,CC,CT,TT,TT,TT,AA,CC,CC,TC,AA,GG,AA,AT,TT,CT,GG,GG,AG,GG,TC,TT,AG,CC,AA,TT,TA,GG,CC,GG,AA,GG,AA,CT,TT,CC,CT,TA,TT,GG,AG,CC,GG,CC,GA,TT,GG,AT,TT,CG,AA,TC,CT,AA,CG,CC,TT,TT,TC,TT,AA,CG,TT,GG,GG,AA,CC,CC,TT,CA,TC,TT,GG,GG,CC,CC,CC,TT,CC,CC,CC,AA,AA,AA,GA,GG,AA,AT,NC,GA,TG,GG,CC,GG,TC,GG,TT,GG,AG,CG,TT,GG,AA,CC,AA,NN,AG,CT,TA,CG,GN,CC,CC,CG,GG,GG,AA,GA,CC,TT,AG,TT,AA,TT,TT,TT,TC,TT,CT,TC,CC,TT,TT,AA,GG,AA,TT,AG,CC,TT,AA,AG,NN,CC,GG,TT,AG,GT,TT,GA,CC,CC,GG,AA,AG,GG,CC,CC,AA,NN,CC,AA,AA,TC,GG,TT,AA,TT,TT
British in England and Scotland,,,,HG00157,,CT,AA,CT,CC,NN,CT,AA,AN,AC,TT,CC,GA,CC,CT,TC,GN,AG,CC,GG,TC,GA,AA,TT,TA,GA,CT,AA,NN,AA,TT,GC,CC,TT,GG,AA,GA,TT,AA,AA,AA,CC,CC,GG,NG,GG,CC,TT,NN,NN,AA,TC,CT,TT,TC,CT,AA,CC,CC,TT,AA,GG,AT,TT,TT,CC,GG,GG,GA,TG,CT,TT,GG,CC,AA,TT,TT,GG,CC,GG,AA,GG,NN,CC,TT,CC,CT,TT,TT,GG,GG,CC,GG,CC,GG,TT,GG,AT,TT,GC,CC,TT,TC,AG,GC,CC,CT,TT,TT,TT,AA,GC,TT,AA,GG,GG,CC,CC,TT,CC,TT,TT,GG,AG,TT,CC,GC,TT,CC,CC,CC,AA,AA,AA,GG,AA,AA,TT,CN,GG,TT,AA,TT,GG,TC,GN,TT,GG,GA,GG,CT,GG,TT,TC,NA,NN,AA,TT,AT,GG,NN,CC,CC,CC,GG,GG,AA,GG,CC,TT,AA,CT,AA,TT,CT,TT,TC,TG,CT,TC,CC,TT,TT,AA,GG,GG,TT,AA,CC,TC,GG,GA,CN,TT,AA,CT,GG,TT,TT,GG,CC,GC,GG,AA,GG,TT,TT,GC,AA,GN,CC,GG,GG,TC,GG,TT,AA,TC,TT
British in England and Scotland,,,,HG00158,,TC,AA,TC,CC,NG,CT,GG,AA,CC,TT,TT,AA,CC,CC,TC,NN,GA,CC,GG,TT,GG,AA,TT,AA,AA,CT,AA,NT,AA,TT,CG,AC,CC,GT,AA,AA,AT,GA,AA,AA,CC,CC,GG,GN,AG,CC,TT,GG,NN,AN,CC,CT,TT,TT,CT,AA,CC,CC,CC,CA,GG,AA,TT,TT,TC,GG,GG,GG,TT,CC,TT,GG,CC,AA,TT,TT,GG,CC,GG,AA,AA,AA,CC,GG,CC,TC,TT,TT,GG,AA,CC,GG,CC,GA,TT,GG,TA,TT,CG,AC,TC,CT,GA,CC,CC,TC,TT,TC,CT,AA,GC,TT,GG,GG,AA,TT,CC,TT,CC,TT,TT,GG,GG,TC,TC,CG,AT,CC,TC,GG,AA,GG,AA,GA,AA,AA,TT,CC,AG,TT,GG,TT,GG,TT,GG,TN,GT,AA,GC,TT,GG,TA,CC,AA,NN,AA,TT,AT,GC,NG,CC,CG,GG,GG,GG,AA,AA,CC,TT,AA,TT,AA,TA,TT,TT,TT,GT,TT,CC,CC,GT,TT,AA,GG,GA,TT,GA,TT,TT,AG,GA,CN,TC,GA,TC,AG,GG,TT,GA,TC,CG,GG,AA,AG,GT,CC,CG,AC,NN,CC,GG,GG,CC,GG,TT,AA,TC,TG
British in England and Scotland,,,,HG00159,,CC,AA,CC,CC,NN,CC,AG,NA,CA,TT,CT,AG,CC,CC,CC,GG,GG,CC,GG,TC,AG,AA,CT,TA,AA,TT,GG,NN,AA,TT,CC,CC,CC,TT,AA,AA,TT,AG,AA,AA,CC,CC,GG,GG,AG,TC,TT,NN,NN,AA,TC,CT,TT,TT,CT,AA,CC,CT,CC,AA,GA,AA,TA,TT,TC,CG,GG,GG,GG,CT,TT,GG,CC,AA,TT,TA,GG,CC,GG,AA,GG,NA,TC,TG,TC,TT,TT,TT,GG,AA,CC,GG,CC,GA,TT,GG,AT,TT,GC,CC,TT,TT,AG,CC,TT,CC,GT,TC,TT,CA,GC,TT,GG,GG,GA,CC,TC,TT,CC,TT,TT,GG,GG,CC,CC,CG,TT,CC,CC,CC,AA,AG,AA,GA,AA,AA,TT,NN,GA,TG,GA,TT,GG,TT,GG,TT,GG,GA,GG,CC,GG,TA,CC,AA,NN,GA,CT,TT,CC,GN,CC,CC,CC,GG,GG,AA,GG,CC,CT,AG,TT,GA,TT,TT,GT,CT,GT,TC,CC,CC,TG,TT,AA,GG,GG,CT,GG,CC,TC,AG,AG,NC,CC,GG,TT,GG,TG,TT,GG,CC,CC,AG,AA,AG,TT,CC,CC,AA,GG,CC,GA,GG,CC,GG,TT,AA,TT,TT
British in England and Scotland,,,,HG00160,,TC,AA,TC,TT,NN,CC,GG,NN,CC,TT,CC,AA,CC,CC,CT,NG,GA,CC,GG,CC,GG,AA,CT,AA,AA,CT,AA,TN,AA,TT,CC,AA,CC,GT,AG,GA,TT,AG,AA,AA,CC,CC,GG,GG,AG,CC,TT,GN,NN,NA,CC,CT,TT,TT,TT,AG,CA,TT,CT,AA,GG,AA,TT,TT,CT,GG,GG,GG,TT,TT,TT,GG,CC,AA,TT,TA,GG,CC,GN,AA,AA,AA,CC,TG,CC,CC,AT,TT,GG,AG,TC,GG,CC,GG,TT,GG,AT,TT,CC,CA,TT,TC,AG,CC,CT,TC,TT,TT,CT,AC,GC,TT,GG,GG,AA,CC,CC,TT,CC,TC,NT,GG,GG,CC,CC,CG,AT,CC,CT,GG,AG,AG,AA,GG,AG,AG,TT,CC,GA,TG,AG,CC,GG,TT,GG,TT,GG,AA,GC,TT,AG,TT,CT,AA,NN,GG,CT,AA,GG,NG,CC,CC,CC,GG,GG,AA,GG,TC,CT,GA,TT,GG,AT,TT,TG,CC,GT,CC,CC,CC,GG,TC,GA,GG,GG,TT,GA,CC,TC,GA,AA,NC,CC,GA,TT,GG,TT,TT,GG,CC,CC,GG,AA,GG,GG,CC,CC,AA,NG,CC,GG,GG,CC,GG,TT,GA,CC,TT
Finnish in Finland,,,,HG00171,,TC,AA,CC,TC,NN,CC,GG,AA,CC,TT,CT,GA,CC,CC,CT,NN,GA,GG,GG,TC,GG,AA,TT,AA,AA,CT,AA,NN,AA,TT,GG,CC,CC,GG,AG,GA,TT,AA,AA,AA,CC,CC,GG,GG,GA,CC,TT,GN,NN,AN,CT,TT,TT,TT,TT,AA,CC,CC,TC,AA,GG,AA,TT,TT,TC,GG,GG,AG,GT,TC,TT,AG,CC,AA,TT,TT,GG,CC,GG,AA,GG,NA,CT,GG,CC,TC,TT,TT,GG,AA,CC,GG,CC,GG,CC,GG,TT,TT,CC,CC,TT,TT,GG,GC,CC,CT,GT,TT,TT,AA,CG,TT,AG,GG,AG,CC,CC,TT,CC,TT,TT,GG,GG,TT,CC,CC,TT,CC,CT,CG,AA,AG,GA,AG,AA,AA,TT,NC,GG,GT,AG,TT,GG,TT,NG,TT,GT,AA,GG,CC,GG,TT,CT,NA,NN,AA,TC,TA,GC,GG,CC,GC,GC,GN,GG,AA,AA,CC,TT,GG,TT,GA,AA,TT,TG,TT,GT,TC,CT,CC,TG,TC,AA,GG,AG,TT,GG,CT,TC,AG,AA,NN,CT,AG,TT,GG,GG,TT,GG,CC,CC,GG,AA,AA,TG,TC,GG,AA,GG,CC,AG,AG,CC,GG,CC,AA,TT,TT
Finnish in Finland,,,,HG00173,,CT,AA,CC,CT,NG,CC,GG,NN,CA,TT,CT,AG,CC,CC,CC,GN,AA,CC,GG,CT,GA,AA,TT,AA,GA,TT,GA,TT,AA,TT,CG,CC,CC,GT,AA,AA,TT,AA,AA,AA,CC,CC,GG,NG,GG,CC,TT,NN,CN,NA,TC,TT,TN,TT,TT,AA,CC,CC,CC,AC,GG,AA,AA,TT,CC,CC,GA,GG,GG,TC,TT,AG,CC,AA,TT,TT,GA,CC,GN,AA,AA,NN,CC,GG,CC,CT,TT,TG,GG,AG,CC,GG,CC,GG,TT,GG,AT,TT,CC,AA,TT,CT,GG,CC,CC,TT,TG,TT,TT,AA,CC,TT,AG,GG,AA,CC,CC,TT,CC,TT,TT,GG,GG,CT,CC,CC,TT,CN,CC,CG,AG,AA,AA,AG,AG,AA,TT,CC,GG,TT,GG,TT,GA,CT,GG,TN,GG,GA,GG,TT,GG,TA,TT,NA,NN,AA,CT,TA,GG,NN,CC,CC,CC,GG,GA,AA,AA,CC,TT,GG,CT,AA,TT,TT,TT,CT,TT,CC,CC,CC,TT,TT,GA,GG,GA,TT,GA,CC,TT,AG,AA,NC,CC,GA,TT,GA,GT,TT,AG,CC,CC,GG,AC,GG,TT,TC,CC,AA,GG,CC,AG,AG,TC,TG,TT,AA,TT,TT
Finnish in Finland,,,,HG00174,,TT,AA,CC,CC,GN,CC,AG,AA,CC,TC,CC,AG,CC,CC,TT,GG,GG,CC,GG,CT,GG,AA,TC,AT,AA,CT,GA,NN,AA,TT,CC,CC,TC,TG,AA,GA,TT,GA,AA,AA,CC,CC,GG,GN,GG,CC,CT,NN,NC,AN,CC,TT,TT,TT,CT,AA,CC,CC,CC,CC,GG,AA,TT,TT,CT,GC,GG,GG,TT,TC,TT,GA,GC,GA,TT,TT,GG,CC,GG,AA,AG,NA,CC,TG,CC,CT,TA,TT,GG,GA,TC,GG,CC,AG,TT,GG,TT,TT,GC,CA,TT,TT,AG,GC,CC,TT,TT,CT,TT,AA,CC,TT,GG,AG,AA,TT,CC,TT,CC,TT,TT,GG,GG,CT,CC,CC,TT,CN,CC,CC,AA,GA,AG,GG,GA,AA,AT,CN,GG,GT,GA,TT,GG,CT,NG,TT,GT,AA,GC,TT,GG,AA,CT,AA,NN,AA,TT,AA,GG,GG,CC,CC,CC,GG,GG,AA,GG,TC,CT,AG,TT,AA,TT,TC,TT,CT,GT,TT,CC,CC,TT,TT,AA,GG,GG,TT,GG,CC,TT,GG,GG,NN,CC,AA,TT,GA,GT,TC,AA,CC,GG,GG,AA,AG,TT,CC,GC,AA,NN,CC,GG,GG,CC,GG,TT,AA,TT,TT
Finnish in Finland,,,,HG00176,,TC,AA,TC,CC,NN,CC,AG,NN,CA,CT,CT,GG,CC,CC,CT,GG,GG,CC,GA,CC,GG,AA,TT,AT,GA,CC,GA,NN,AC,GT,CG,CC,CC,TT,AA,AA,TT,GG,AT,AG,CT,CC,GG,GG,AA,TT,TT,GN,NN,AA,TT,TT,NT,TT,CT,AA,CC,CC,CC,CA,GG,AA,TA,TT,CT,GG,AG,GG,TT,TC,TT,GG,CC,AA,TT,TT,GG,TC,GG,AA,AA,AA,CC,GG,CC,CC,TT,TT,GG,GG,TT,GG,CC,GA,TT,GG,TT,TT,CC,AA,TT,CT,AA,GC,TT,CC,TT,CT,CC,AA,CC,TC,GG,GG,AG,CC,TC,TT,CC,TT,TT,GG,GG,CC,TC,CC,TT,CN,CT,GG,AA,AA,AA,GG,AA,AA,TT,NC,GG,GG,GA,TC,GG,CC,NN,TT,GT,AA,GG,TT,GG,AA,CT,NA,CN,AA,CT,AA,GG,NG,CC,CC,CC,GG,GG,AA,GG,TC,TT,AG,TC,GA,AT,TT,TT,TC,TT,CT,TC,CC,GT,TC,AA,GG,AG,TT,GG,TC,TT,GG,GG,NN,CC,GA,TC,GG,GG,TT,GG,CC,GC,AG,AA,AG,TT,TC,CC,AA,NN,CC,GG,GG,TC,GG,TT,AA,CC,TT
Finnish in Finland,,,,HG00177,,TT,AC,CC,CC,NN,CC,AG,AN,CC,TT,CC,GG,CC,CC,CC,GN,AG,CC,AG,CC,AG,AA,TT,AT,AA,CT,GA,TT,AA,TT,GC,CC,TC,GG,AA,AA,TT,GA,AA,AA,CC,CC,GG,NG,AG,CC,TT,GG,NN,AN,CC,TT,NT,TT,TT,AA,CC,CC,CC,CA,GG,AA,TA,TT,TT,CG,GG,GG,TT,CC,TT,GG,CC,AA,TT,TT,GG,CC,GN,AA,GA,AA,CC,TG,TC,CT,AT,GT,GG,GG,CC,GG,CC,GG,TT,GG,TT,TG,CC,CC,TT,TT,GA,CC,CC,TT,TT,TT,TC,AA,CG,TT,GG,GG,GA,CC,TC,TT,CC,TT,TT,GG,GG,CC,CC,CG,TA,CC,TC,GC,AA,AA,AA,GG,AA,AA,TT,NC,GG,TT,GG,TT,GG,CC,NG,NN,GT,AG,GC,TT,GG,TT,CC,NA,CN,AA,TT,TA,CG,NN,CC,CC,CC,GG,GG,GA,GA,CC,TT,GA,CT,AG,TT,CT,TT,TT,GG,CC,CT,CC,TT,TT,AA,GG,GA,TT,GA,CC,TT,GG,GA,NN,CC,GA,TT,GG,GG,TT,AG,CC,CG,GG,AA,GG,TG,CC,CC,AA,GN,CC,AG,AG,CC,GG,CT,AA,TT,TT
Finnish in Finland,,,,HG00178,,TC,AA,TC,CT,NN,CC,GG,AA,CC,CT,CT,AG,CC,TC,CC,GN,GA,CC,AG,CT,GG,AA,TT,AA,AA,TT,GG,TN,AA,TT,CG,AC,TC,GG,AA,AA,TT,GA,AA,AA,CC,CC,GG,GG,GG,CC,TT,GG,CN,AA,CC,TT,TT,TT,CC,AA,CC,CC,CC,AC,GG,AA,AT,TT,TC,GG,GG,AA,GT,TT,TT,GA,CC,AA,TT,TT,GG,CC,GG,GA,AA,NA,CC,GT,CC,TT,TA,TT,GG,GG,CC,GA,CC,GA,TT,GG,TA,GT,CC,CC,TT,TC,AG,CC,TC,CC,TT,CC,TC,AA,CG,TT,GA,GG,AG,CC,CC,TT,CC,TT,TT,GG,GG,TC,CC,CC,TT,CC,CT,GG,AA,GA,AG,GG,AA,AA,TT,CN,GG,GG,GA,CC,GG,CC,NG,TN,GT,GA,GG,TT,GG,AA,CT,AN,NN,AA,TT,AA,GC,GG,CC,CC,GC,NG,GG,GG,GG,CC,CT,AG,CT,AG,AA,TT,TT,CC,TT,TC,CC,CC,GT,TT,AA,AG,GG,TC,GG,TT,CC,GG,GG,NN,CC,AA,TT,GG,TG,TT,GG,CT,CC,GG,AA,GA,TT,CC,CG,AA,GG,CC,GA,AG,TC,TG,TT,AA,TT,TT
Finnish in Finland,,,,HG00179,,TT,CA,CC,CC,GN,CC,GA,NA,AC,TT,TC,GA,CC,TC,CC,NG,GA,GC,GG,TC,GG,AA,CT,AT,AA,CT,GA,NN,AA,TT,GC,AC,CC,GG,AA,AA,TT,GG,AA,AA,CC,CC,GG,GN,AG,TC,TT,GG,NN,NA,CC,TT,TT,TT,TC,GA,AC,TC,CC,AA,GG,AA,AT,TT,CT,GG,GG,GA,GG,TT,TT,GG,CC,AA,TG,TT,AG,CC,GG,GA,AG,NA,CC,GG,CC,TC,AT,GT,GG,GG,CC,GG,CC,GG,TT,GG,TA,TG,CC,CA,TT,CC,AG,GC,CC,TT,TT,CC,TC,AA,GC,TT,AG,GG,AG,CC,CT,TT,CA,TT,TT,GG,GG,TC,TC,CC,TT,NC,CC,GG,AA,GG,GA,AG,AA,AA,TT,CC,AG,TT,GG,TT,GG,TC,NN,TT,GG,AA,GG,TT,GG,TA,CC,NA,NN,AA,TC,TA,GC,NN,CC,GC,GC,GG,AG,AA,GA,CT,CT,GA,TT,GG,AT,TT,TT,CT,GG,TC,CC,CC,TT,TT,AA,GG,AG,TT,GA,TC,TC,AG,AA,CC,CT,AA,TT,AG,TG,TT,GA,CC,CC,GG,AA,GA,TT,CC,CC,CA,NN,CC,AG,AG,TT,TG,TT,AA,CC,TT
Finnish in Finland,,,,HG00180,,CT,CA,CC,TT,NN,CC,GG,NA,CA,TT,CC,GG,CC,TC,TC,GN,GG,CC,GG,CT,GG,AA,TT,AA,GA,TC,GG,TN,AA,TT,CG,CC,CT,GT,AA,AA,TT,AG,AA,AA,CC,CC,GG,NG,AA,TT,TT,GN,CC,NA,CC,TT,TT,TT,CT,AA,CC,TC,CC,CC,GG,AA,TT,CT,CT,GG,GG,GA,GT,CC,TT,GG,CG,AA,TT,TA,AG,TC,GG,AA,AA,NA,CT,TG,CC,CC,TA,TT,GG,GG,TC,GG,CC,GG,CT,AG,TA,TT,CG,AA,TT,TT,GG,CC,TC,CT,TT,CT,TC,AA,CC,TT,GG,GG,AG,CC,CT,TT,CA,TC,TT,GG,GG,TT,TT,CC,TT,CC,TC,CC,AA,GG,GA,GG,AG,AG,TT,CN,GG,TG,AG,CT,GG,TT,NG,TN,TG,GG,GG,TC,GG,AA,CC,NA,NN,GA,TC,AT,GG,GN,CC,CC,CG,GN,GG,AA,AG,CT,TT,AA,TC,AA,TA,TC,TT,TT,GG,CC,CC,CC,TT,TT,AA,GG,AA,TT,GG,CC,CT,GG,AG,NN,TC,AA,CT,AG,GG,TT,AA,CT,CC,GG,AA,GG,GT,CC,CC,AA,NN,CC,GG,GG,CC,GG,TT,AA,CC,TT
Finnish in Finland,,,,HG00181,,TT,AA,TC,TT,NN,CC,GA,AN,AA,TT,CT,GG,CC,CC,CT,NN,AA,CG,AG,CC,GG,AA,TT,AT,AA,CT,GA,NT,AA,TT,CG,CC,CC,TG,AA,AA,TT,GG,AA,AA,CC,CC,GG,NG,AA,CC,TC,NN,NC,AA,CC,TT,TT,TT,CT,AA,CC,CC,TC,AA,AG,AA,TT,TT,CT,CC,GG,AG,GT,CC,TT,GG,CC,AA,TT,TT,GG,CC,GG,AA,GG,NA,TC,TT,CC,CC,TT,TT,AG,GA,CC,GG,CC,GG,TT,GG,TA,TT,CG,CC,TT,CC,GG,CG,TC,TT,TT,CT,TC,CA,CG,TT,GG,GG,GG,CC,TT,TT,CA,CT,TT,GG,GG,CC,TC,CC,TT,CC,CC,GC,AA,GA,AA,AG,AA,AG,TT,NN,GG,TT,GG,TT,GG,TT,GG,TT,GG,AA,CC,TT,GG,AA,CC,AN,NN,AG,TT,AT,GC,NG,CC,CC,CC,GG,GG,AA,AA,CC,TT,AA,TT,AA,TT,TC,TT,TC,GT,TC,CC,CC,TT,CT,AA,GG,AG,CT,AG,CC,CT,AA,AA,NN,CC,AG,TT,AG,GG,TT,AA,CC,CC,AG,AA,GG,TG,TC,CG,AC,GN,GC,GG,GG,CT,TT,TT,AA,TC,TT
Finnish in Finland,,,,HG00182,,TT,AA,CT,CT,NN,CC,GG,AA,AC,TT,CT,AG,CC,CC,CC,NG,AG,CG,GG,CT,GG,AA,TT,AT,AA,TT,AA,NN,AA,TT,GC,CC,CC,TG,AA,AA,TT,AA,AA,AA,CC,CC,GG,GG,GG,TC,TT,NN,NN,AN,CC,TT,TT,TT,CT,AA,CC,CT,CC,AA,GG,AA,TA,TT,TT,CG,GG,GA,TT,CT,TT,GG,CC,AA,TT,TT,GG,TT,GG,AA,AA,AN,TC,TT,CC,CC,TT,TT,GG,GG,CC,GG,CC,GG,TT,GG,AT,TT,GC,AA,TT,TT,AG,CC,CC,CC,GT,TT,TT,AA,CG,TT,GG,GG,AA,CC,CC,TT,AC,TT,TT,GG,GG,TT,TC,CC,TT,CC,CC,CC,AA,GG,AA,GG,AA,AA,TT,NN,GG,TT,AA,CT,GG,TC,GG,NT,GG,AA,GG,CT,GG,AT,TC,NN,NC,AG,TC,TA,CG,GN,CC,CC,GC,GG,GG,GA,AG,TC,TT,AA,TC,AA,AT,TC,TT,CT,TT,CC,CC,CC,TG,TT,AA,GG,GG,TT,GG,TT,TT,GG,GG,CN,CC,GG,CT,AA,TT,TT,GA,CT,GC,GG,AC,GG,GG,CT,CC,AA,GG,GG,GG,AG,TC,TT,CT,AA,CC,TT
Finnish in Finland,,,,HG00183,,TC,AA,TC,TC,GN,CC,GG,AN,CA,TC,CC,AA,CC,CC,CT,GG,AG,CC,GG,CC,GG,AA,CT,TA,AA,TT,AA,NN,AA,TT,GC,CC,TT,GT,AA,GA,AT,GA,AA,AA,CC,CC,GC,GN,GA,CC,TT,NN,NN,AN,CC,TT,TT,TT,CC,AA,CC,CC,CC,CA,GA,TA,AT,TT,CC,GC,AA,GA,TG,TT,CT,GG,CC,AA,TT,TA,GG,CC,NG,AA,AA,NA,CC,GT,CC,CC,TA,TT,GA,AG,CC,AG,CC,GG,CT,GG,AT,TT,CC,AC,TT,CT,GA,CC,CC,CC,TT,CT,TT,AA,CC,TT,GG,GG,AA,TC,CC,TT,CC,TT,TT,GG,AG,TC,CC,CC,TT,CN,CC,GC,AA,GG,GG,GG,AG,AA,TT,CN,GG,TT,GG,TT,GG,TC,NG,TT,GT,GA,GG,TT,GG,AT,CC,AN,NN,AA,TT,AT,CC,GG,CC,CC,CC,NG,AG,AA,AG,CC,CC,AA,TT,GA,TA,TT,TG,TT,TG,CT,CC,CC,TT,CC,AA,GG,GA,TT,AA,TC,TT,AA,GG,NC,CC,GA,TT,GG,GT,TT,GA,CC,GC,GG,AA,GA,TT,CC,CC,AA,NN,CC,GA,GA,CC,GG,TT,AA,TT,TT
Finnish in Finland,,,,HG00185,,TT,AA,CT,TT,NG,TC,AG,NA,CC,TT,TT,AA,CC,CC,CT,NN,GG,GC,GG,CC,GG,AA,CC,TA,AG,TC,AA,TN,AA,TT,CC,CA,CC,GG,AA,AA,TT,AA,TA,GA,TC,CC,CG,GN,AA,CC,CT,GG,CC,NN,CC,TT,TT,TT,TT,AG,CA,CT,CC,CA,GG,AA,TT,TT,TT,GG,GG,AA,GG,CT,TT,GG,CC,AA,TT,AT,GG,CC,GG,AA,GA,AA,CT,GT,TC,CC,TT,TT,GG,AG,CC,GG,TC,GG,TT,GG,TT,TT,CC,AA,TT,CT,GG,CC,CC,CT,TT,TC,TC,AA,CC,TT,GG,GG,AA,TC,CT,TT,CC,TT,TT,GG,GG,TC,CT,CC,TT,CN,CC,CG,AA,GG,AA,GG,AG,AA,TT,CC,AG,GT,GG,TT,GG,TC,NG,TN,GT,AA,GG,TT,GG,AA,CT,AA,NN,AA,CT,AT,GG,GN,CC,CG,CC,GG,GG,GA,AA,TC,TT,AG,TT,AG,TT,TT,TG,TT,GT,TC,CC,CC,GT,TT,AA,GG,GG,TC,AG,TC,TC,GG,GA,NC,CC,AA,TT,GA,TT,TT,AG,CT,CC,AG,AA,GA,TT,CT,CG,AA,NN,CC,GG,GG,TT,GT,TT,AA,TT,TT
Finnish in Finland,,,,HG00186,,TT,AA,CC,TC,NG,CC,GG,NA,CA,TT,TC,AG,CC,TC,CC,GG,AA,CC,GG,CT,GG,AG,TT,AA,AA,TT,AA,NN,AA,TT,CG,CC,CT,TG,AA,AG,TA,GG,AA,AA,CC,CC,GG,NN,GG,CC,TC,NN,NC,NN,CC,TT,TT,TT,TT,AG,CA,CT,CC,AA,GG,AA,TT,TT,TC,GG,GG,AG,GT,TC,TT,GG,CC,AA,TT,TT,AG,CC,GG,AA,GG,NA,CC,GG,CC,CT,TT,TT,GG,GA,CC,GG,CC,GA,CT,AG,TA,GG,CC,AA,TT,TC,GG,CC,TC,CT,TT,CT,TT,CA,GG,TT,GG,AG,GG,CC,TC,TT,CC,TT,TT,AG,GG,TT,TC,CC,TT,NC,CC,CC,AA,GA,AA,GG,AA,AA,TT,CC,GG,TT,AG,CC,GG,CC,GN,TT,GG,AG,GG,CT,GG,TA,CC,NA,CN,AA,TC,AA,CG,GN,CC,CC,CC,GN,GG,AA,AG,CC,TT,AG,TC,GA,TT,TC,TT,CT,TT,TC,CC,CC,GT,TT,AA,GG,GG,TC,GA,TC,CC,GG,AA,CN,CC,AA,TT,AG,GG,TT,GG,CC,CC,GG,AA,AG,TT,CC,GC,CA,NG,CC,AA,AA,CT,GG,CT,AA,TC,TG
Finnish in Finland,,,,HG00187,,TT,AA,TC,CC,NN,CC,GA,AA,CC,TT,TT,GA,CC,CC,CC,GG,AA,CC,GG,CC,GA,AA,CC,TA,AA,TC,AA,TN,AA,TT,CC,AC,CC,GG,AA,AA,TT,GA,AA,AA,CC,CC,GG,GG,AA,CT,CT,NN,NN,AA,TT,TC,NT,TT,CT,AA,CC,CC,CC,CC,GG,AA,TT,TT,CT,GG,AG,AG,TT,TC,TT,GG,GC,AA,TT,TT,GG,CC,GG,AA,AG,AA,CC,GG,CC,CC,TT,TT,GA,GA,CC,GG,CC,GG,TT,GG,AA,TG,CC,AA,TT,TC,AA,CC,TT,CC,TT,CC,TT,AA,CC,TT,AG,GG,GA,CC,TC,TT,CC,TT,NT,GG,GG,CC,CC,CC,TT,CC,TT,GG,AA,GA,AG,GA,AG,AA,TT,CC,GG,TG,AG,CT,GG,CT,GN,TT,GT,AA,CG,TT,GG,AT,TC,AA,NN,AA,CC,AT,GC,NN,CC,CC,CC,GG,GG,AA,AG,CC,TT,GG,TT,AA,TT,TC,TG,TC,GT,CC,CC,CC,TT,TT,AA,AG,GG,TC,AG,CC,CT,GA,GA,CN,TC,AG,CT,GA,GT,TT,AG,CT,CC,GG,AA,GA,TG,TT,CC,CC,NN,CC,AG,GG,TC,GG,TT,AA,CC,TT
Finnish in Finland,,,,HG00188,,TT,AA,CC,CC,GN,CC,GA,NN,CC,TT,CC,GG,CC,CC,CT,NN,GG,GC,AG,CC,GG,AA,CC,AT,AA,TT,AA,TT,AA,TT,GC,AC,CC,GT,AA,AA,TT,AA,AA,AA,CC,CC,GG,GG,GG,TC,TC,NN,NC,NN,CC,TC,TT,CT,TT,AA,CC,CC,CT,CA,GG,AA,TA,TT,TT,GG,GG,GG,TT,TT,TT,GG,CC,AA,TT,TT,GG,CC,GG,AA,AA,AN,CC,GT,CC,CC,TA,TT,GG,AG,CC,GG,CC,GG,TT,GG,TT,TT,CC,AA,TT,CT,AG,CC,CC,CT,TT,TT,TT,AC,CC,CT,GG,GG,AG,CC,CT,TT,CC,TT,TT,GG,GG,TC,TC,CC,TT,NC,TT,GG,AA,AG,AA,GG,AG,AA,AT,CN,GG,TT,AG,TC,GG,TT,NN,TT,GT,AG,GG,TT,GG,AA,CC,AA,NN,GG,TC,TT,GG,NG,CC,CC,CG,GG,GG,AA,GG,CC,TT,AG,TT,GG,TT,TT,TT,TC,TT,CC,CC,CC,TT,TT,AA,GG,GG,TT,GG,CT,CC,GG,AG,NN,CC,AG,TT,GG,GG,CC,GG,CT,CC,GG,AA,GG,TT,CC,CC,AC,NN,CC,GA,GA,CT,GT,TT,AA,TT,TT
Finnish in Finland,,,,HG00189,,TC,AA,TC,CC,NG,CC,GG,AN,CC,CC,TC,AA,CC,TC,CC,GN,AG,CC,GG,TC,AG,AA,CT,TA,AG,TT,GA,TN,AA,TT,CC,CC,CC,GG,AA,AA,TT,GA,AA,AA,CC,TC,GG,NN,AG,CC,TT,GG,NC,AA,CC,TT,TT,TT,CT,AA,CC,TC,CC,AA,GG,AA,TA,TT,CT,CC,AG,AG,GG,CC,TT,GA,CC,AA,TT,TT,GG,CC,GG,GA,AA,AA,CC,GG,CC,CT,TA,TT,GG,GA,CC,GG,CC,GA,TT,GG,TT,TT,CC,AC,CT,TC,GG,CG,CT,TC,TT,TC,TT,AA,CG,TC,AA,GG,AA,CC,CC,TT,CC,TC,TT,GG,GG,CT,CC,CC,TT,CC,TC,GG,AA,AG,AG,GG,AG,AA,TT,CN,AG,TT,GG,TT,GG,CC,NN,TT,GG,GA,CG,TT,GG,TT,CC,NA,CN,AA,CT,AA,GC,NG,TT,CC,GC,GG,GG,AA,GA,CT,CT,GG,TT,AA,AT,CT,TT,CC,TG,CC,CC,CC,TT,TT,AA,GG,GG,TT,GG,CC,CT,GA,AG,CN,CC,GA,CT,GG,GG,TT,GG,CT,CC,GG,AA,GA,TT,CC,CC,CA,GG,CC,AG,AG,TT,TG,TT,AA,TT,TT
Finnish in Finland,,,,HG00190,,CC,AA,CC,TC,NN,TT,AG,NN,CC,TT,CT,GG,CC,CC,TC,NN,AG,GC,GG,TC,GG,AA,TT,TA,AA,TT,GG,NN,AA,TT,CC,CC,CC,GG,AA,AA,TT,AG,AA,AA,CC,CT,CG,GG,GA,TC,TT,NN,NN,AN,CC,TT,TT,TC,TT,AA,CA,CT,TT,AA,GG,AA,TT,TT,CC,CG,GA,GA,GG,CT,TT,GA,CC,AA,TT,TT,GG,CC,NG,AA,AG,AN,CC,GG,TC,CC,TT,TT,GG,AA,CC,AG,CC,GG,CT,GG,AT,TT,CG,AA,TT,TC,GG,CC,CC,TC,TT,CC,TC,AA,CC,TT,GG,AG,GG,CC,CT,TT,AA,TT,TT,GG,AG,TC,CC,CG,TT,CN,CC,GC,AA,AA,AA,GG,GA,AA,TT,CN,GA,TT,AG,TT,GG,CC,GN,NT,TG,GA,CG,TT,GG,AA,CC,AA,NN,AA,TT,TA,GG,NG,CC,CC,GC,GG,GG,AG,GG,CC,TT,GG,TC,AA,AT,TT,TT,CT,GT,TT,TC,CT,TG,TC,GA,GG,GG,CC,AG,CC,CT,GA,AA,NC,CC,AA,TC,GG,TT,TT,GG,CC,CC,AA,AA,GA,TT,CC,CC,AC,NN,CC,GG,GG,CC,GT,TT,AA,CC,TT
British in England and Scotland,,,,HG00231,,CT,AA,CC,CC,NN,TC,GG,AN,CA,TC,CT,AG,CC,CC,CC,GG,GG,GC,GG,CC,GG,AA,TT,TA,AA,CT,AG,NN,AC,TT,CG,AC,CC,TG,AG,AA,TT,GG,AA,AA,CC,CC,GG,GN,AA,CC,TT,GN,NN,AN,CC,TT,TT,TT,TT,AA,CC,CC,CC,AC,GG,AA,TT,TT,CC,GG,GG,GA,TT,CC,TT,GG,GG,AA,TT,TT,GG,CT,GG,GA,GA,NN,CC,GG,CT,TC,AT,TT,GG,GA,CC,GG,CC,GG,TT,GG,TT,TT,CC,CA,TT,TC,GG,CC,TC,CT,TT,TC,TT,AA,CG,TT,AG,GG,AA,CC,TC,TT,CA,TT,TT,GG,AG,TT,CC,CC,TA,CC,TC,CG,AA,AA,AA,GG,AG,AA,TT,NN,AG,TG,GA,TT,GG,CT,GG,TN,GT,AA,GG,TT,GA,AT,CC,AA,NN,AG,CT,AA,GG,NN,CC,CC,CC,GG,AG,AA,GG,CC,TT,AG,TC,GA,TT,CT,GT,CC,TG,CT,CC,TC,TT,TT,GA,GA,AA,TT,AG,CC,TT,GG,AA,CN,CT,AA,TT,GG,GG,TT,GA,CC,GG,GG,AA,AG,TT,CC,CG,AA,NN,CC,AG,GG,CC,GG,TT,AA,TT,TT
British in England and Scotland,,,,HG00232,,TT,AA,CT,CC,NN,CC,GA,AA,AA,TT,CT,AG,CC,TC,TC,NN,GA,CC,GG,CT,GG,AG,TT,TA,AG,TT,GA,NT,AA,TT,CC,CC,CC,GG,AG,AA,TT,AA,AA,AA,CC,CC,GG,GG,AA,CT,TT,GG,NN,AA,CC,TT,TT,TT,TC,AA,CC,CC,CC,CA,GA,AA,TA,CT,TC,CG,AG,AA,GG,CC,TT,GG,CC,AA,TT,TT,GG,CC,NG,AA,GA,AA,CC,GG,CT,CC,AT,TT,AG,AG,CC,GG,CC,AA,TT,GG,AT,TT,CG,CC,TT,TC,GA,CC,CC,CT,TT,TC,TT,AA,GG,TC,GG,GG,AG,CC,CT,TT,CC,TT,TT,GG,GG,TT,CC,GC,TT,NC,CC,GG,AA,GA,AG,GG,AG,AA,TT,CN,GG,TT,AA,CC,GG,TT,GG,TT,GG,AA,GG,TT,GG,TA,CC,AA,NN,GA,CT,AA,CC,NG,CC,CC,CC,GG,AG,AA,GG,CC,TC,GA,TT,AA,TT,TC,TT,CC,GT,CC,CC,CC,TG,TT,AA,GG,AA,CT,GA,CC,TT,GG,AG,CN,TC,AG,TT,GG,GG,TT,GA,CC,CC,GG,AA,GA,TG,CC,CG,CC,GG,GC,AG,AG,TC,GG,CC,AA,TT,TT
British in England and Scotland,,,,HG00233,,TT,AA,TC,TC,NN,CC,AG,NN,CA,TT,CT,AG,CC,CC,TC,GN,GG,CC,GG,TT,GG,AA,CT,AA,GG,CT,AA,NT,AA,TT,CC,CA,TC,TG,GA,GA,TT,GA,AA,AA,CC,CC,GG,GG,AG,CT,TT,NN,CN,NN,CC,TC,TT,TT,TC,AA,CC,CC,CT,AA,GG,AA,TT,CT,CT,CG,GG,GG,GT,TT,CT,GG,GG,AA,TT,TT,GG,CC,NG,AA,GA,AN,CC,TG,TC,TC,AA,TT,GG,AG,CC,GG,TC,GG,TC,GA,TA,TT,GG,CA,TC,CT,GG,CC,CT,TC,TT,CC,CT,AA,GC,TT,GG,GG,AA,CC,CC,TT,CC,TT,TT,GG,GG,CC,CC,CC,TT,CC,CC,GG,AA,GG,AG,GG,GA,AA,TT,CN,GG,TT,GA,TC,GG,TT,GN,TT,GG,GA,GG,TC,GG,TA,CC,AA,NN,AA,TC,TA,GC,GG,CC,CG,CG,GG,GA,AA,GA,CC,TT,AG,TC,AG,TA,TT,TG,TC,GT,CC,CC,CC,TT,CC,AA,GG,GA,TT,GA,TT,TT,AG,AA,CN,CC,AA,TT,GG,TG,TT,GG,TC,CC,AG,AA,GG,GT,CC,CC,AA,NN,CG,AG,GG,TT,GG,CT,AA,CT,GT
British in England and Scotland,,,,HG00234,,TT,AA,CC,CC,NN,TC,GG,AN,CC,TT,CT,GA,CC,CC,TT,GN,GA,GC,GG,CT,GA,AA,CT,TA,AA,TT,AA,TT,AA,TG,CC,CC,TC,GG,AA,AG,TT,GG,AA,AA,CC,CC,GG,NN,GA,CC,TT,NG,NC,NA,CC,TT,TT,TT,CT,AA,CC,CC,TC,AC,GG,AA,AT,CT,CT,GG,GG,GG,GG,CC,TT,GG,GC,AA,TT,TT,AG,TC,GN,AA,AG,AA,CC,TG,TC,CC,AT,TT,GG,AA,TC,GG,CC,GA,TT,GG,TT,GT,GC,CC,TT,TT,AG,CC,CT,TC,TT,CC,TC,AA,GC,CT,GG,GG,AA,CC,TC,TT,CC,TT,TT,GG,GG,TC,TC,CC,TT,CC,CC,CC,AA,GA,AA,GG,AG,AA,TT,NN,GG,GT,GG,TT,GG,TT,NN,TN,GG,AG,GG,CT,GG,AA,CC,NA,NN,GA,TC,AA,GC,GN,CC,CC,CC,GG,GG,AA,AA,TC,TT,AA,TC,AG,AT,TT,TG,CC,GT,CC,CC,CC,GT,TC,AA,GG,GG,TT,AG,CC,TT,GG,GG,NN,CC,GA,TT,GG,GT,TT,AG,CC,CC,GG,AA,GG,GT,CC,CC,AA,NG,CC,AA,AG,TT,TG,TT,AA,TT,TT
British in England and Scotland,,,,HG00235,,CT,AA,CC,CT,NN,CC,GG,AA,AC,TT,CC,GG,CC,CC,TC,GG,AA,CC,GG,CC,GG,AA,TT,AA,GA,TC,AA,TN,AA,TT,CC,AC,CC,GG,GA,AA,AT,AG,AA,AA,CC,CC,GG,NN,AA,CC,TT,NN,NN,AN,CT,TT,TT,TT,TT,AG,CA,CC,TC,AC,GG,AA,TT,TC,CC,GG,GG,GG,GG,CC,TT,AG,CC,AA,TT,TA,GA,CT,GN,AG,GA,NN,TC,TG,CC,CC,TT,TT,GG,AG,TC,GG,CC,GG,TT,GG,TT,TT,CG,AA,TT,CT,AG,CC,CC,TC,TT,CT,TT,AA,GG,TC,AG,AG,AG,CC,CT,TT,AA,TT,TT,GG,GG,TC,CC,CC,TA,CC,CC,CC,AA,GA,AA,GG,AA,AA,TT,CC,AG,TT,GG,CT,GA,TT,NG,TT,GG,AA,CG,TT,AG,TA,TC,AA,NN,AG,TT,AA,CG,GG,CC,CC,CC,GG,GG,AA,GG,CT,TT,GG,TT,GG,TT,TT,TT,TT,TT,CC,CC,CC,TT,TT,AA,GG,GG,TT,AG,CT,CT,GA,AG,NC,TC,AG,TT,GG,GG,TT,AG,TC,CC,GG,AA,AG,GT,CC,CC,AA,NG,CC,GG,GG,CC,GG,CT,AA,TT,TT
British in England and Scotland,,,,HG00236,,CT,CA,CT,CC,NN,CC,GG,AA,CC,TT,CC,AG,CC,CC,CC,GN,GG,CC,GG,CC,GG,AA,TC,AA,AA,TC,AG,NN,CA,TT,GC,CC,CC,GG,AG,AG,TT,GG,AA,AA,CC,CC,GG,NN,AA,CT,TT,NN,NN,NA,CC,TC,TT,TT,TT,AG,CA,CC,CC,AC,GG,AA,TT,TC,CC,CG,AG,AA,GT,CT,TT,GG,GC,AA,TT,TT,GG,CC,GG,AA,AA,AA,CC,TG,CC,TT,TA,TT,GG,GA,CC,GG,CC,GG,TT,GG,AA,TT,GC,CA,TT,CC,GA,CC,TC,CT,TT,TT,TT,AA,CG,TT,GA,GG,AA,TC,CT,TT,CA,TT,TN,GG,AG,CC,CC,GC,TT,CC,TT,GC,AA,GA,GA,GG,GA,AA,TT,NC,GG,TG,AG,TT,GG,CT,GN,NT,GG,AA,GC,CT,GG,AA,CT,AN,NN,AA,CC,AA,GG,NN,CC,CC,CC,GG,AG,AA,GA,CC,TT,GG,TT,GG,AA,TT,GG,CC,GT,CC,CC,CC,TT,TT,AA,GG,GG,TT,GA,CT,TC,AG,GG,CN,CC,AG,TT,GG,GG,TT,AG,CC,GG,GA,AA,GG,GT,CC,CC,CC,GG,CC,GG,AA,TT,GG,TT,GA,TC,TT
British in England and Scotland,,,,HG00237,,CT,AA,CT,TC,NN,CC,GA,AA,CC,TT,CC,AG,CC,CC,TT,NN,GG,CG,GG,CC,GG,AA,TT,TT,AA,CT,AA,NN,AC,GT,CC,CC,TC,GG,AA,GG,TT,AG,TA,GA,TC,CC,GG,GN,GA,CT,TT,NN,CN,NN,TT,TT,NT,TT,TT,AA,CC,CC,CC,CC,GG,AA,TT,TT,CC,GC,GG,AG,TG,CT,TC,GG,CC,AA,TT,TT,GG,CC,GG,AA,AA,NA,CC,TG,CT,CT,TA,TT,AG,GA,CT,AG,CC,GG,TT,GA,TT,TT,CG,AA,TT,TT,GG,CC,CC,CT,GT,TC,TT,CC,CG,TC,AG,GG,AA,TC,CC,TT,CC,TT,TT,GG,GG,CC,CC,CC,TA,CC,CC,CG,AA,AA,AA,GG,GA,AA,TT,CC,GG,TT,GG,TT,GG,TT,GG,TN,GG,AA,GC,TT,GG,TA,CC,AA,NN,AA,CC,TA,CG,NG,CC,CC,CG,GG,GA,GA,GA,CC,TT,AA,TT,AA,TT,TT,TT,TT,GT,TC,TC,CC,TT,TT,AA,GG,GG,CC,GA,TC,TC,GA,AA,NN,CT,GG,TT,GA,GG,TT,AA,CC,GC,GG,AA,GG,TT,CC,CC,AA,GN,CC,GG,GG,CC,GT,TT,AA,TT,TT
British in England and Scotland,,,,HG00238,,TC,AA,CT,TT,NN,CC,GA,AN,AC,TT,TT,AG,CC,CT,CC,NG,AA,CG,GG,CC,GA,GA,TT,AA,GG,TT,AA,NN,AA,TT,CC,CC,CC,TG,AA,AA,TT,GG,AA,AG,CC,CC,GG,GG,GG,CC,TT,NN,CN,NA,CC,TC,TT,TT,TT,GA,AC,CC,CC,CA,GG,AA,TA,TT,CC,GG,GG,GG,TT,CT,CT,GA,CC,AG,TG,AT,GG,CC,NG,AA,AA,AN,CC,GT,TT,TT,AT,TT,GG,GA,CC,GG,CC,GG,TT,GG,TT,TT,GC,AC,TT,CT,GG,CC,CC,TC,TT,TC,TT,AA,CG,TT,GA,GG,AG,CC,CC,TT,CC,TC,NT,GG,GG,TC,CC,CC,TT,CC,CC,CG,AA,GA,AA,GG,AG,AA,TT,CC,GG,GT,AG,CT,AA,TC,GN,NT,TG,AG,GG,TT,GG,AT,CC,AA,NN,AA,CC,TA,CG,NN,CC,CC,GG,GN,GG,AA,AA,TC,CT,AA,TT,GG,AT,CC,TG,TT,GG,CC,CC,CC,TT,TC,AA,GG,AA,CT,AA,TC,CC,GG,AA,NC,TT,GG,TT,GG,GG,TT,GG,TC,CC,GG,AA,AG,TG,CT,CC,AA,NG,CC,AG,GG,CC,GT,CT,AA,CC,GT
British in England and Scotland,,,,HG00239,,TT,AA,TC,TC,NN,CC,AG,AN,AA,TT,TT,AA,CC,TC,TC,NG,AG,CG,GA,CC,GG,AA,CT,AA,AA,CC,AA,TT,AA,TT,CC,CC,CC,GT,AA,AA,TT,AA,AA,AA,CC,CC,GC,GG,GG,CC,TT,NN,NN,AA,CC,TT,NT,TT,TT,GG,AA,TT,CC,CC,GG,AA,AT,TT,CC,GG,GG,GG,TG,CT,TT,GG,CC,AA,TT,TT,GG,CC,GG,AA,GA,AA,CT,GT,CC,TT,AT,GT,GG,AA,TC,GG,TT,GG,TT,GG,AA,TT,CG,CC,TT,CC,AG,CG,TC,CT,TG,CT,TT,AA,CG,TT,GG,GG,GA,CC,CT,TT,CC,TT,TT,GG,GG,TT,CC,CC,TT,CC,CC,GC,AA,GA,AA,GG,AG,AA,TT,NN,GG,TG,GG,CT,GA,CT,GG,TT,GG,AA,CG,TT,GA,TA,CC,AA,NN,AA,TT,AA,GC,GG,CC,CC,GC,GG,GA,GA,AA,CT,TT,GA,TT,GA,TA,TT,TT,TC,TG,TC,CC,CC,TT,TT,GA,GG,AG,TT,AA,CC,TT,GA,AA,NC,CC,AA,CT,AA,GT,TT,GG,CC,CG,GG,AA,GG,TT,CC,GC,AA,NN,GC,GA,GG,CT,TT,CT,AA,TT,TT
British in England and Scotland,,,,HG00240,,TC,AA,CC,TT,NN,CC,GG,NA,AC,TT,CT,GA,CC,CC,CC,GN,GA,CC,GG,TC,GG,AG,TT,AA,AG,CT,GA,TN,AA,GT,CC,CC,CC,TT,AA,AA,TT,GG,AA,AA,CC,CC,GG,NG,GA,CT,CT,NN,NN,AA,CT,CT,TT,TT,TT,AA,CC,CC,CC,CC,GG,AA,TT,TT,CT,GG,GG,GA,GG,CC,TT,GG,CG,AG,TT,TT,GG,CC,GN,AA,AG,AA,CC,GG,CC,CC,AA,TT,GA,AG,CT,GG,CT,GG,TT,GA,AT,TT,CC,AA,TT,CT,GG,CC,TC,CT,TT,CC,TC,AA,GC,CT,AG,GG,GA,CC,TT,TT,CC,TT,TN,GG,GG,TT,CC,CC,TT,CC,CC,CG,AA,AA,AA,GG,AG,AA,AT,CC,GA,TT,GG,CT,GG,TC,GN,NT,TG,AA,GG,TT,GG,AA,CC,AA,NN,AG,CC,TA,CG,NN,CC,CC,GC,GG,GG,AG,AA,TC,CT,AA,TC,GA,AT,CT,TT,TC,GG,CT,CC,CC,TT,TT,AA,GG,AG,CC,AG,TT,CT,GG,AA,NN,TT,GA,TT,GG,GG,TT,GA,TT,CC,GG,AA,AA,TT,TT,CC,CA,NG,CG,GG,AG,CC,GG,TT,AA,TC,TT
British in England and Scotland,,,,HG00242,,TC,AA,CC,CC,NN,CC,GA,NA,CC,TT,CT,GG,CC,CC,TC,GG,AA,CC,GG,CC,GG,AA,CT,AA,AA,TT,AA,NN,AA,TT,CG,CC,CC,TT,AA,AA,TA,AA,TA,GA,TC,CC,GG,GG,GG,CC,CT,NG,NC,AA,CC,TC,TT,TT,TT,AA,CC,CC,CC,AA,GA,AA,TT,TT,CC,GG,GG,GA,TT,CT,CT,GG,CC,AA,TT,TT,GG,CC,NG,AA,GG,AN,CC,GG,CC,TT,AT,TT,GG,GG,CC,GG,CC,GG,TT,GG,AT,TT,CC,CC,CT,CC,GG,GC,TC,TT,TT,CT,TT,AA,CC,CT,GG,GG,GA,CT,CC,TT,CC,TT,TN,GG,GG,CC,CC,CG,TA,CC,CC,GG,AA,AG,AA,AG,AG,AA,TT,CC,GG,TT,GG,CC,GG,TC,GN,TT,GG,GA,GG,CT,GG,TA,CT,AA,NC,AA,CC,AA,CG,GG,CC,CC,CC,GG,GG,AA,GA,CC,TT,AA,TT,AA,TA,TC,TG,TC,TG,CT,CC,TC,GG,TT,AA,GG,GA,CC,GG,CT,TT,GG,GA,NN,CC,AA,TT,GG,GG,TT,GG,CC,CC,AG,AA,GG,TT,CC,CC,CA,NN,CC,GG,GG,TC,GT,CT,AA,CC,TT
British in England and Scotland,,,,HG00243,,TT,AA,TC,CT,NN,CC,GA,AN,AA,TT,CC,GG,CC,TC,TC,NN,AG,CG,GG,TC,AG,AA,CT,TA,AA,TT,GA,NT,AA,TT,CC,CC,CC,TT,AA,AA,TT,AG,AT,AA,CC,CC,GG,NN,AG,CC,TT,NN,NN,NN,CC,TT,TT,TT,CT,AG,CA,CT,TC,AA,GG,AA,TT,TC,CT,GC,GA,GG,GT,CT,CT,GA,GC,AA,TT,TT,AG,TC,GG,AA,AA,NA,CC,GG,CC,TT,TT,TT,GG,AA,CT,GG,CT,GG,TT,GG,AT,TT,CC,CA,TT,CT,GG,CC,CC,CT,TT,TC,TC,AA,CG,CT,GG,GG,AG,CC,CT,CC,CA,TT,TT,GG,GG,TC,CT,CG,TT,CC,CC,CG,AG,AA,AA,GG,AG,AA,TT,NC,GG,GT,GG,CT,GA,CT,NG,TT,TG,GG,CG,TT,GG,AT,CC,AA,NN,AA,TC,AA,GG,NG,CC,CC,GC,NG,AG,AA,GG,CT,TT,AA,TT,AA,TA,TT,TT,CT,TG,CT,CT,CC,TT,CT,AA,GG,GG,TT,GA,CC,TT,AG,AA,NN,TC,AG,TT,GA,TG,TT,GG,TC,GC,AG,AA,GG,TT,CT,GC,AA,NN,CC,AG,GG,CC,GG,TT,AA,TT,TT
British in England and Scotland,,,,HG00244,,TT,AA,CC,CT,NN,CC,GA,AA,CC,TT,CC,AG,CC,CC,CC,GN,GA,GC,GG,CC,GG,AA,TC,TT,AA,TC,GG,NT,AA,TT,CC,CA,CC,GG,AA,AA,TT,AA,AA,AA,CC,CT,GC,NN,GG,CC,TT,NN,NC,AA,TC,TT,TT,TT,TT,AG,CA,CT,CC,AA,GG,AA,AT,TT,CC,GG,GG,GG,TT,CC,TT,GG,GC,AA,TT,TT,GG,CT,GG,GA,AG,AA,CC,GG,CC,CC,TA,TT,GA,GA,CC,GG,CC,AG,TT,GG,AT,TT,CC,AC,TT,CT,GA,CC,CC,TT,TT,CC,TT,AC,CC,TT,GG,GG,AA,CC,CC,TT,CC,TT,TN,GG,GG,TC,CC,GC,TT,NC,CC,GC,AA,GG,AG,GG,GG,AA,TT,NC,GA,TT,GG,TT,GG,CT,NG,TT,TG,AA,GG,TT,GG,TT,CT,AA,NN,AA,TT,AT,GC,GN,CC,CC,CC,GG,AG,AA,AA,TC,TT,AG,TT,AG,TA,TT,TG,TC,TT,TC,CC,TC,TT,TT,AG,GG,GG,TT,GA,TC,TT,AA,AG,NN,CC,GA,TT,GA,GG,TT,GA,CC,CC,GG,AA,GG,TT,CC,CG,AA,GN,CC,GA,GA,CT,TT,TC,AA,TT,TT
British in England and Scotland,,,,HG00245,,TC,AA,CT,CC,NN,CC,AA,AA,CC,TT,CT,GA,CC,CC,TC,GG,AA,CC,GG,CC,GG,AA,TC,AA,AA,TT,AA,TN,AA,TT,CG,CC,CC,GG,AA,AA,TT,AG,AA,AA,CC,CC,GG,GN,GG,CC,CT,NN,NN,NA,CC,TT,TT,CT,TT,AA,CA,CT,CC,CC,GG,AA,TA,TT,CC,GC,GG,GA,TT,TT,TT,GG,CG,GA,GT,AT,GG,CC,GG,AA,AG,AA,CC,GG,CC,TC,TT,TT,GG,GA,CC,GG,CC,AG,TT,GG,TA,TG,CC,AA,TT,CT,GA,CG,CC,TC,TT,TC,TT,AA,CC,TT,GG,GG,AG,CC,CC,TT,CC,TT,TT,GG,GG,CT,CC,CC,AT,NC,CC,GG,AA,GG,AA,GG,AA,AA,TT,CC,GG,TT,AG,TT,GG,TT,NN,TT,GT,AA,CG,TT,GG,TT,CT,AN,NC,AA,CC,AA,GG,NG,CC,CC,GC,GG,GG,AA,AA,TC,TT,AG,TT,AG,TT,TT,TT,CT,TG,CC,TC,CC,TT,TT,AA,GG,GA,TT,GG,TT,CC,GG,AG,NC,CT,GA,TT,GA,TG,TT,GG,CC,CC,GA,AA,GG,TT,TC,CG,AA,NN,CC,GG,GA,TT,GG,TT,AA,TT,TT
British in England and Scotland,,,,HG00246,,TC,CA,CT,CC,NN,TC,AA,AA,CA,TT,TC,GG,CC,CC,TC,NN,GA,CG,GA,CC,GG,AA,TT,TA,AG,TT,AA,NT,AA,TT,CC,AA,CC,GG,AA,AA,TT,GG,AA,AA,CC,CC,GG,GN,GA,CC,TT,NG,NN,AA,TC,CT,TN,TT,TC,AA,CC,CC,CC,AC,GG,AA,AT,TT,CC,GG,GG,GG,TG,TT,TT,GG,CG,AA,TT,TT,GG,CC,GG,AA,GG,NA,CC,GG,CC,TC,TT,TT,GG,AA,CC,GG,CC,AG,TT,GG,TT,TT,CG,AA,TT,TC,AG,CC,CC,TT,TT,CT,TT,AA,CC,CT,GG,GG,AA,CC,CC,TT,CC,TT,TT,GG,GG,TT,CT,CC,TT,CC,CC,CC,AA,AA,AA,GG,GA,AG,AT,NC,AG,TT,GG,TT,GG,TC,GG,NT,TG,AA,GC,TT,GG,AA,CC,AA,NN,AA,CC,AA,GG,GN,CC,CC,CC,GG,GG,AA,GA,TC,TT,AA,TT,AG,AT,TT,TG,CC,TG,TT,CT,CC,TT,CT,AA,GG,AG,TT,AG,CT,CT,GG,AA,NC,CT,AA,TC,AA,GT,TT,GA,CC,CG,GG,AA,GA,TT,CC,GC,AA,NG,CC,AA,AG,CT,GT,TT,AA,TT,TT
British in England and Scotland,,,,HG00250,,CC,CA,TC,CT,NN,CC,GA,NN,CC,TC,TC,AG,CC,CC,CT,GN,GA,CC,AG,CC,GG,AA,TT,TT,GG,TT,AA,TT,AA,TT,GC,CC,CC,GT,AA,AA,AT,AG,AA,AA,CC,CC,GG,GG,GA,CC,TC,GN,NN,AA,TC,TT,TT,TT,TC,AA,CC,CC,CT,AC,GG,AA,TT,CT,CC,GG,GG,GG,GT,CT,TT,GG,GC,AA,TT,TT,GA,CT,GG,AA,AG,AN,TC,TG,CC,CC,TT,TT,AG,AA,CT,GG,CC,GG,TT,GG,TA,GT,CG,CC,TT,TT,GG,CC,CC,TC,TT,TT,TC,AA,GG,TT,GG,GG,AG,TC,CT,TT,CC,TT,TT,GG,GG,TC,CC,CC,TT,CN,TC,GG,AA,GA,AA,GG,AG,AA,TT,NN,GG,TT,GG,TT,GG,TT,NN,TT,GT,AG,GG,TT,GG,TA,CT,AA,NN,AG,CC,AA,GG,NN,CC,CG,CG,GG,GG,AG,AA,TC,TT,GG,TT,GA,AT,TT,TT,CC,GG,TT,CC,CC,TG,TT,AA,GG,GG,TT,GA,CC,CT,GG,AG,CN,CC,AG,TT,GG,GT,TT,GG,CC,GC,GG,AA,GA,GG,CC,CG,CA,NN,CC,GG,GG,TC,TG,TT,AA,CC,TT
British in England and Scotland,,,,HG00251,,CT,AA,CT,CT,NN,CC,GA,NA,AC,CC,CC,GG,CC,CT,TC,NG,AG,CC,GG,TC,AG,AG,TT,AA,AA,TT,GA,NN,AA,TT,GG,CC,CC,TT,GG,GA,TT,AG,AA,AA,CC,CC,GG,GG,AG,CC,TT,GN,NN,AA,TC,TT,TT,TT,CT,AA,CC,CC,CC,AC,GG,AA,TA,CT,CC,CC,GG,GA,TG,CC,TT,GG,CC,AA,TT,AT,GG,CC,GG,AA,AA,AN,CC,GG,CC,TT,TT,TT,GG,AA,CC,GG,CT,GG,TT,GG,TT,TT,CG,CA,TT,TT,AG,CC,CC,CT,TT,TC,TT,AA,GC,TT,GG,GG,AG,CC,CT,TT,AC,TC,TT,GG,GG,CT,CC,CC,AT,CC,CC,CG,AA,GA,AA,GG,GG,AA,TT,NN,GA,TG,GG,CT,GG,TT,NG,TT,TG,AA,CG,TT,GA,TA,CT,AN,NN,AA,CC,AA,GC,GN,CT,CC,CC,GG,GG,AA,AA,TC,TT,AA,TT,AG,TT,TT,GG,CT,GT,TC,CC,CC,TT,CC,AA,GG,GA,TT,GA,CC,CC,AA,GG,NN,CC,AG,TC,AG,GG,TT,GG,TC,GC,GG,AA,AG,GG,CC,GC,AA,GN,CC,AA,AA,CT,GT,TT,AA,TT,TT
British in England and Scotland,,,,HG00252,,CT,AA,CC,TC,NN,CC,GG,NN,CA,TT,TC,GG,CC,CC,CC,NN,AG,GC,AG,CT,GA,GA,TC,AT,AG,CC,AG,NT,AC,TT,CC,CC,CC,GT,AA,AA,TT,AA,AA,AA,CC,CC,GG,GN,GA,CC,TT,NG,CN,NN,CC,TT,TT,TT,TT,AA,CC,CC,TC,CA,GG,AA,TA,TT,CC,CG,GG,AA,TG,CT,TT,GA,GC,AA,TG,TT,GG,CC,GG,AA,AA,AN,CC,GG,CC,CC,TA,GT,GG,AG,TC,GG,CC,GA,TT,GG,TA,TT,CC,AA,TT,TC,AG,CC,CC,CT,TT,TC,TT,AA,CC,CT,AG,GG,GG,CC,TC,TT,AC,CT,TT,GG,GG,TC,CC,CG,TT,NC,CC,CG,AA,GG,GA,GA,GA,AA,TA,CN,AG,TT,GG,TT,GG,CT,NN,TT,TG,AA,GC,TT,GG,AA,CC,AA,NN,AA,CT,AA,CG,NN,CC,CG,GG,GG,GG,AA,AA,CC,TT,AG,TT,AA,TT,TT,TT,TT,GG,TT,TT,CC,TG,TT,AA,AA,GG,TC,AG,CC,TT,GA,AA,NN,CC,AG,TT,GG,GG,TT,GG,TC,CG,GA,AA,GA,TT,CC,CG,AA,NN,CC,AA,AA,TT,GG,TT,AA,CT,TT
British in England and Scotland,,,,HG00253,,TC,AA,TC,CT,GN,CC,GG,AA,CA,TT,TC,AG,CC,CT,CT,GN,GG,CC,GG,CC,GG,AA,TC,TA,AA,CT,AA,NN,AA,TT,GG,CC,CC,GG,AA,AA,TT,GA,AA,AA,CC,CC,GG,NG,GG,CC,TT,NG,NC,AA,CC,CC,TT,TC,TT,AA,CC,CC,CC,AA,GG,AA,TA,TT,CC,GG,GG,AA,TG,CC,TT,GG,GG,AG,TT,TT,GG,CC,GN,AA,GA,NA,CC,GT,CC,CT,TT,TT,GG,GA,CC,GG,CC,GG,TT,GA,TT,TT,GC,AA,TC,CC,GG,CG,TC,CC,TT,CT,TT,CA,GG,TT,AA,GG,GA,CC,CT,TT,CC,TT,TT,GG,AG,CC,CC,GC,TT,CC,CC,GC,AA,GG,AA,GA,AA,AG,TT,NC,GA,TT,AG,CT,GG,TC,GG,TT,GG,GA,GG,TT,GG,AA,CC,AA,NN,GA,CT,AA,CC,NN,CC,CC,GC,GG,GA,GG,AG,CC,TT,AA,TT,GA,TT,TT,TT,TT,GG,CT,CC,CC,GT,TC,AA,GA,AG,TT,GG,CT,TC,GG,AA,NN,CT,AG,TT,AG,TG,TT,AG,CC,CC,GG,AA,AG,TT,TT,GC,AA,NG,CG,AG,AA,TT,TT,TT,AA,TC,TT
British in England and Scotland,,,,HG00254,,CT,AA,CC,CC,NN,CC,GG,NN,CA,TT,TC,GA,CC,CC,TC,GN,AA,CC,AG,CC,GG,AA,TC,AA,AA,TT,AA,NN,AC,TT,GG,CC,CT,TT,AA,AA,TT,GG,AA,AA,CC,CC,GG,GG,AG,CC,TT,NN,NN,NA,TC,TC,NT,TT,TC,AA,CA,CT,CC,AA,GG,AA,TT,TT,CC,GG,GG,AG,GT,CT,TT,GG,CG,AA,TT,TT,AG,TC,GG,AA,AA,NN,CC,GG,TT,TT,TA,TT,GG,AG,CC,GG,CC,GG,CT,AG,AA,TT,CC,AA,TT,TT,GA,GC,TT,CC,TT,CC,TT,AA,CG,TT,AG,GG,AA,CC,CC,TT,CC,TT,TT,AG,AG,TT,CC,CC,AA,CC,CC,GG,AA,AG,GA,GG,AA,AA,TT,NC,GA,TT,AG,TT,GG,CT,NG,TT,TG,AA,CG,TT,GG,AA,CT,AA,NN,AA,TT,TT,CG,NN,CC,CC,CC,GG,GA,AA,GG,CC,TC,GA,TT,AA,AT,TT,TT,TC,TG,CC,CC,CC,TT,TT,AA,GA,GG,TT,GA,CC,TC,GG,GA,CN,CT,AG,TT,GG,GT,TT,GG,TC,CC,AG,AA,GA,TG,CC,GG,AA,NN,CC,GG,GG,CC,GG,TT,AA,TC,TT
British in England and Scotland,,,,HG00255,,TC,AA,TC,CC,NN,CC,GA,AN,CC,TT,TC,GG,CT,CC,CC,GG,AA,CC,GA,TT,GG,AG,TT,AT,AA,TT,AA,NT,AA,TT,CC,CA,CC,TG,AA,AA,TT,GA,AA,AA,CC,CC,GG,GN,GA,CC,TT,GN,NC,AN,CT,CT,TT,TT,TT,AG,CA,CT,CC,CC,GG,AA,TT,TT,TC,GG,GG,GG,TT,TT,TT,AG,CG,AA,TT,TT,GG,CC,NG,AA,AG,NN,CT,GT,CC,CC,TA,TT,GA,AA,TT,GG,CC,GG,TT,GG,TT,TT,GC,CC,TC,TT,GG,CC,CT,TC,TT,CT,TT,AA,CC,TC,GG,GG,AA,CC,CT,TT,AC,TT,TT,AG,GG,CC,CC,CC,AT,CN,CC,CC,AA,AA,AA,GG,AA,AA,TT,CC,GG,TG,AG,TT,GG,TT,NG,TN,TT,GA,GG,TT,GG,AA,CC,AA,NN,AA,TT,AT,GG,NN,CC,CC,CC,GG,AG,AA,GG,CC,TT,AA,TT,AG,TT,TT,GT,TT,TG,CC,CT,CC,TG,TT,AA,GG,AG,CT,GG,CT,CT,GG,AA,NN,CC,GA,TT,AG,GG,TT,GA,CC,CG,GG,AC,GG,TT,CT,CC,AA,NN,GC,AG,GG,TT,GG,TT,AA,TT,TT
British in England and Scotland,,,,HG00256,,TT,AA,TT,TC,NN,CC,GG,NN,AA,TT,CC,GG,TC,CC,CC,GN,GA,CC,GG,TC,AG,AA,TT,TA,AA,CC,GA,TT,CA,TT,CG,AC,CC,GG,AG,AA,TT,AA,AA,AA,CC,CC,GG,NG,GA,CC,TT,GN,NC,AN,CC,CT,TT,TT,TT,AA,CA,CT,TC,AC,GG,AA,TT,TT,CT,CG,GG,GG,TT,CC,TC,GG,CG,AA,TT,TT,GG,CC,NG,AA,GA,NN,CC,GG,CT,TT,TT,TT,GA,GG,CC,GG,CC,GA,TT,GG,TT,TT,CC,AA,TT,CT,GG,CC,CC,TT,TT,CT,TC,AA,GC,CT,GA,GG,AA,CT,TC,TT,CC,CT,TT,GG,GG,CC,CC,CC,TT,NC,CT,GC,AA,GA,AA,GG,AG,AA,TT,CC,GG,TT,GG,TT,GG,TC,GN,TT,GG,GG,GG,TT,GG,AT,CC,AA,NN,AA,TC,TA,GG,GG,CC,CC,GC,GG,GG,AA,AA,CC,TT,AG,CT,AA,TT,TT,GT,CT,TT,CC,TC,CC,GT,CC,AA,GG,GG,TT,GG,CC,CC,GA,AG,NN,CT,GG,CT,AG,GG,TT,GG,CC,CC,GA,CA,AG,GG,CC,CC,AA,NN,CC,GG,GG,TC,TT,TT,AA,TT,TT
British in England and Scotland,,,,HG00257,,TT,AA,TT,CT,GN,CC,GA,AA,CC,TT,CT,AA,CC,TC,CC,NN,GA,CC,GG,CT,GG,AA,TT,AT,AA,TT,AG,NT,AA,TT,CC,CC,TC,GG,AA,AA,TT,GG,AA,AA,CC,CC,GG,GG,GA,CC,TT,NN,CC,NA,CT,TC,TT,TC,CT,AA,CC,CC,TC,AC,GG,AA,TT,TT,CC,CG,AG,AG,TT,TT,TT,GG,CC,AA,TT,TT,GG,CC,GG,AA,AA,NA,CC,TG,TC,CT,TT,TT,GA,GA,CC,GG,CC,GG,TT,GG,TA,TT,CC,AA,TT,TC,GG,CG,CT,CC,TT,TT,CT,AA,CG,TT,GG,GG,AG,CC,CT,TT,CC,TT,NT,GG,GG,CC,TT,CC,TT,CC,CC,GG,AA,AG,AA,GG,GA,AA,TT,CN,GG,TT,GG,TC,GG,TC,NG,TN,GT,AA,CC,TT,GG,AA,CC,AA,NN,AA,CC,AA,CG,NN,CC,CC,CC,GG,GG,GA,GG,CC,TT,GA,TT,GA,TT,TT,TT,TC,GG,TC,CC,CT,TT,CC,AA,GG,GG,TT,AG,CT,TT,GA,GA,NN,CC,AA,CT,AG,GG,TT,AG,CT,CC,GG,AA,AG,GT,CT,CC,AA,NG,CC,GG,AG,TC,GG,TT,AA,TT,TT
British in England and Scotland,,,,HG00258,,TT,AA,CC,TC,NN,TC,GA,AA,CA,TT,CC,AG,CC,CC,CT,GN,GA,GC,GG,CC,GG,AA,TT,AA,AG,TT,AA,TN,AA,TT,CG,CC,TC,GT,AA,AA,TT,AA,AA,AA,CC,CC,GG,NG,GA,CC,TT,GN,NN,AA,CC,CC,TT,CT,TT,AA,CC,CC,CC,AA,GG,AA,TT,TT,CC,GG,GG,GG,TT,CC,CT,GG,CC,AA,TT,TA,GG,CC,NG,AA,AA,AA,CC,GG,CC,CT,TT,TT,GG,GG,TC,GG,CC,GG,TT,GA,AT,TT,CC,CA,TT,TT,GG,GC,CC,CT,TT,CT,CT,AA,GC,TT,GG,GG,GG,CC,TT,TT,CC,TT,TT,AG,GG,CC,CC,CC,TT,CC,TC,GC,AA,GG,AG,GG,GA,AA,TT,CC,GG,TT,GG,TT,GA,TT,NG,TT,GT,GA,GG,TT,AG,AA,CC,AA,NN,AA,TC,TA,GG,NN,CC,CC,CC,GG,GG,AA,AG,CC,TT,GA,TT,AG,AT,TT,GT,TT,TG,CC,CC,CC,TG,CT,AA,GG,AG,TC,AA,CC,TT,GG,AA,CN,CC,GA,CT,GG,GG,TT,GG,CC,GC,GG,AA,AG,GT,CT,GC,CA,NN,CC,GG,GG,CC,GT,CT,AA,TT,TT
British in England and Scotland,,,,HG00259,,TT,AA,CC,TC,NN,CC,GG,NA,CC,TT,CT,GG,CC,CC,CT,GN,GA,CC,GG,CC,GG,AA,TC,AA,AA,TC,AA,NN,AA,GG,GG,CC,TC,TT,AA,AA,TT,GG,AA,AA,CC,CC,GG,NG,AG,TC,TT,NG,NN,AA,CT,TC,TT,TT,CT,AG,CA,TC,CC,AC,GG,AA,TT,TT,TC,GG,GG,AG,GT,TC,TT,GG,CG,AA,TT,TT,GG,CC,GG,AA,GG,AA,CC,GT,TC,CC,TT,TT,GG,AG,CC,GA,CC,AA,TT,GG,TA,TT,CC,AA,TT,CC,AA,CG,CC,CT,TT,CT,TC,AA,GC,TT,AG,GG,GA,CC,CT,TT,CC,TT,TN,GG,GG,CC,CC,CC,TT,CC,CC,GC,AA,GG,AG,GG,AA,AA,TT,NN,GG,TT,GG,CT,GG,TT,GG,TN,GG,GG,CC,TT,GG,AA,CC,AA,NN,AA,TC,AA,GG,NG,TT,CC,GG,GG,GG,GA,AA,CC,TT,AG,CC,AG,TA,TT,TT,TT,TT,TC,CC,CC,TT,TT,AA,GG,GG,TT,AG,CC,TT,GG,GA,NN,TC,AG,TT,GG,GG,TT,AG,CC,CC,GG,AA,GG,TT,TC,CG,CA,NN,CC,GA,GA,TT,GT,TC,AA,TC,TT
British in England and Scotland,,,,HG00260,,CT,AC,CC,CC,NN,CC,AG,AA,CA,TT,CT,GG,CC,CC,CC,NN,GA,CC,GG,CC,GG,AA,TT,AA,AG,TT,AG,TN,AA,TT,CC,CC,CC,GG,GA,GG,TT,GG,AA,AA,CC,CC,GC,GG,AG,CC,CT,NN,NN,NN,TC,TT,NT,TT,TT,AA,CC,CC,CT,AA,GG,AA,TT,TC,CC,CC,GG,GG,TG,CC,CT,GG,CG,AG,TT,TT,GA,CT,GG,AA,AA,AN,CC,GG,CC,CC,TT,TT,GG,AG,TT,GG,CC,GG,TT,GG,TA,GG,CC,AA,TT,TT,GG,CC,TC,CC,TT,CT,TT,AA,CG,TT,GG,GG,AA,CC,CC,TT,CC,TT,TT,GG,GG,TT,CT,GC,TA,CC,TC,GG,AA,GA,AA,GG,GG,AA,TT,NN,GG,TT,GG,TC,GG,TT,GN,TT,GT,AG,GC,TT,GG,AT,CC,NA,NN,AG,TC,AT,GC,GN,CC,CC,GG,GG,GG,AG,GG,CC,TT,AA,TC,AG,TT,TT,GT,CT,GG,TC,CC,TC,TT,TT,AA,GG,AG,TT,GG,TC,CC,GA,AG,NN,CC,AA,TT,AA,GT,TT,AG,CC,CC,GG,AA,GG,TG,CC,CC,AA,NN,CC,GG,AG,TC,GG,TT,AA,TT,TT
British in England and Scotland,,,,HG00261,,CT,AA,CC,TC,NN,CC,GG,NA,AC,TT,TC,GG,CC,CC,TC,GN,AG,CC,GG,CC,GG,AA,TC,AA,AA,TC,AA,NT,CA,TT,GC,CC,CC,GG,AA,GG,TT,GG,TA,GA,TC,CC,GG,GN,GA,CC,TT,NG,NC,AN,TT,TT,NT,TT,TC,GA,AC,TT,CC,AC,GG,AA,TT,TT,CT,GC,GA,GG,GG,CC,TT,GG,CG,AA,TT,TT,GG,CC,GN,AA,AG,NA,TC,TT,CC,CC,TT,TT,GA,GA,CC,GG,CC,GG,TT,GG,TT,TT,GG,CA,TT,TC,GG,CC,CC,TT,TT,TC,TT,CA,GC,TT,GG,GG,AA,CC,CC,TT,CA,TT,NT,GG,GG,CC,CC,CC,TT,CC,CC,GG,AA,AA,AA,AG,GA,AA,AT,NN,GG,GT,GG,CT,GG,TT,NG,TT,GT,AA,GC,TT,GG,AA,CC,AA,NN,AA,TT,AA,GC,NG,CC,CC,CC,GG,GG,AA,AA,TC,TT,AA,TT,AA,TT,TC,TG,CC,GT,TC,TC,CC,TT,TC,AA,GG,GG,TT,GG,CC,CT,AG,GA,NC,CC,AA,TT,GG,GG,TT,GG,CC,CC,GG,AA,GG,GG,CC,CC,AC,NG,CC,AG,GA,CT,TG,CT,AA,TC,TT
British in England and Scotland,,,,HG00262,,TT,AA,CC,CT,NN,CC,GA,AN,CC,TT,CC,GA,CC,CC,TC,GG,GG,CC,GG,CC,GG,AA,TT,TA,AA,CC,GA,NT,AA,TT,CC,AC,CC,GT,AG,AA,TT,GG,AA,AA,CC,CC,GG,GN,GG,CC,TT,NN,NN,AA,CC,TT,TT,TT,TT,AA,CC,CC,CC,AA,GA,TT,AT,TT,CC,GG,GG,GA,TG,CT,CT,GG,CC,AA,TT,TA,GG,CC,GG,AA,AA,NA,CC,GG,CC,TC,TT,TT,GG,AA,CC,GG,CC,AG,TT,GG,TT,TT,CC,AC,TT,TT,AG,CG,CC,CT,TT,TT,TC,AA,GG,CT,GG,GG,GA,CC,TT,CT,CC,TT,TT,GG,GG,CT,CT,CC,TT,CN,CT,GC,AA,GA,AA,GA,AA,AA,TT,NC,GG,GT,GA,TC,GG,TT,NG,TT,GG,GG,GG,TT,GG,TA,CC,AA,NN,AA,CC,AA,GC,GG,CC,CC,GG,GG,GG,AA,AG,CT,TT,AA,TT,AA,TT,TT,TT,CT,GT,TC,CC,CC,TT,CT,AA,GG,GG,TC,AA,CC,TT,AG,AA,NN,CC,AA,CT,GG,GG,TT,GG,CT,CG,GA,AA,GA,GG,CC,CC,AC,GN,CC,AA,GG,TC,TT,TT,AA,TT,TT
British in England and Scotland,,,,HG00263,,TC,AC,CT,CC,NN,CT,AG,AA,CC,TT,CC,GG,CC,CC,TT,GG,GA,GC,GG,CC,GG,AA,TT,AT,GA,TC,AA,NN,AA,TT,GC,CC,TC,TG,AA,AA,TT,AA,AA,AA,CC,CC,GG,GN,GA,CC,CT,NN,NC,AA,CC,TT,TT,TT,TT,AA,CC,CC,CT,CA,GG,AA,AT,TC,TC,CG,GA,GA,GG,CT,TT,AG,CC,AA,TT,TT,GG,CC,GG,AA,AA,AA,CC,GT,CC,CC,TT,TT,GG,GG,CC,GG,CC,GG,TT,GG,TA,TG,CC,AC,TT,CT,AG,CC,CC,CT,TT,TC,TC,AA,CC,TT,AG,GA,GA,CC,CC,TT,CC,TT,TT,GG,GG,CT,CT,CC,TT,CC,CC,CG,AG,GG,AA,GG,GA,AA,TT,CC,GG,GT,GA,TC,GG,TT,GG,TT,TG,AA,GC,TT,AG,AT,CC,AN,NC,AA,TT,AA,GG,GN,CT,GC,CC,GG,GG,AA,AG,TC,TT,GG,TT,GA,AT,TT,GT,TC,GT,CC,CC,TC,TT,TT,AA,GG,AG,TT,AG,CT,CT,GG,GA,NN,CC,AA,CC,GA,GG,TT,GG,CC,CG,GG,CC,AA,TG,CT,CC,AA,NN,CC,GG,GG,CC,TG,CT,AA,CT,TT
British in England and Scotland,,,,HG00264,,TC,AA,TT,CC,NN,TC,AG,AA,CC,TT,CC,GG,CC,CC,TC,GG,AG,CC,GG,CT,GG,AA,TT,AT,AA,CC,AA,TT,AA,TT,GC,CC,CC,GG,AA,AG,TA,GG,AA,AA,CC,CC,GG,NN,GA,CC,CC,NN,NN,AA,CC,TC,TT,TT,TT,GA,AC,TC,CC,CC,GG,AA,AT,TC,CC,GG,GG,GA,GT,TT,TT,GG,GG,AG,TT,TT,GG,CC,GG,AA,AA,NN,CC,TG,CC,TC,TT,TT,GG,AG,CC,GG,CC,GG,TT,GG,TT,TT,CC,AA,TT,TT,GG,CC,CC,CT,TT,TC,CC,AA,CC,TT,GG,GG,AA,CC,TC,TT,AC,TT,TN,GG,GG,CC,TC,CC,TT,CN,CC,CC,AA,GA,AA,GG,AA,AG,TT,CN,GG,TT,GG,CT,GG,TC,GN,TT,GG,GA,GC,CT,AG,TT,CC,AA,NN,GA,CT,AA,GG,NG,CC,CC,GC,GN,GG,AA,AA,TC,TT,AG,TT,GA,AT,CC,TT,CC,TG,CC,TC,CC,TT,TT,AA,GA,GA,TC,AG,CC,TT,GG,GA,NN,CC,AG,TT,GA,TG,TT,GG,CC,CC,GG,AC,AG,GT,CC,CC,AA,NN,CC,AG,GG,CC,TT,CT,AA,CC,TT
British in England and Scotland,,,,HG00265,,CT,CA,CC,TC,NN,CT,GG,AA,CC,TC,TC,GA,CC,CC,CT,GG,AG,CG,GG,CC,GG,GA,TT,AT,GA,TT,AG,TN,AA,TT,CC,CC,CC,GG,GA,AA,TT,GG,AA,AA,CC,CT,CG,NG,AA,CC,TT,NN,NC,AA,CC,CC,TT,TT,TT,GA,AC,TC,CC,CA,GA,AA,TT,CT,CC,GG,GG,GG,TT,TC,TT,GG,CC,AA,TT,TT,GG,CC,GG,AA,AA,NN,CC,GG,CC,TT,AT,TT,GG,GA,CT,GG,CC,GA,TT,GG,TT,TT,CC,AC,TC,TC,AG,CC,TC,CC,TT,CC,CT,AA,CG,TT,GG,GA,GA,CC,TT,CT,CC,TT,TT,GG,GG,TT,TT,CC,TT,CC,CC,CC,AA,AA,AA,GG,AG,AA,TT,NN,GA,TT,AA,CT,GG,CT,NN,TT,GT,AA,GG,CT,GG,TT,CC,AN,NC,AA,TT,AA,CC,NN,CC,CC,GC,GG,GG,AA,AG,CT,TT,AA,TT,AG,TT,TC,TT,CT,TG,CC,CC,CC,TT,TC,AA,GG,GG,TT,GG,CT,TT,GA,GG,NC,CT,AA,TT,AG,GG,TT,AG,TT,GC,AG,AA,GG,GT,CC,CC,AC,NG,CC,GG,GG,TC,GG,TT,AA,CT,GT
Finnish in Finland,,,,HG00266,,CT,AA,TC,TC,GN,CC,GG,NA,AA,TT,TC,AA,CC,TC,CC,NN,GG,CC,GG,CC,GG,AA,TT,AA,AA,TT,AA,NN,AA,TT,GC,CC,CC,GG,AA,AG,TT,AA,AA,AA,CC,CC,GG,GG,AG,CC,TT,NN,NN,AA,CC,TC,TT,TT,CC,AA,CC,CC,CC,AA,GG,AA,AT,TT,CC,GG,GG,GG,TG,TC,TT,GG,CC,AA,TT,TT,GG,CC,GG,AA,GA,NA,CT,GT,CC,CC,TT,TT,GG,AG,CC,AG,CC,GG,TT,GG,AT,TT,CG,CC,TT,TT,GG,CC,CC,TT,TT,CC,TT,AA,CG,TT,GG,GG,AA,TC,CC,TT,CC,TT,TT,GG,GG,CC,CC,CC,TT,CC,CC,GC,AA,GG,AA,GG,AA,AA,TT,NN,GG,TT,GG,CT,GG,TT,NG,TT,GT,AA,GG,TT,GG,TT,CT,NA,NN,AG,TT,TT,GG,GN,CC,CC,CC,GG,GG,AG,GA,CC,TT,AA,TT,AA,TA,TT,GT,TT,TT,CT,TC,CC,TT,TT,AA,AA,GG,CT,GG,CC,TC,GG,GA,NN,CC,AA,TT,GA,TT,TC,GG,CT,GC,GG,AA,GG,TT,CC,CC,AC,NG,CC,GA,GA,CT,TG,TT,AA,TT,TT
Finnish in Finland,,,,HG00267,,CT,AA,CT,CC,NN,CC,GG,AN,CC,TT,CC,AA,CC,CC,TT,NG,GA,CC,AG,CC,GG,AA,TT,TA,AA,TT,AG,TT,AA,TT,CC,AC,CC,TG,GA,AA,TT,AA,AA,AA,CC,CT,GG,GG,GA,TC,TT,GN,NN,AN,TC,TT,TT,TT,CC,AA,AC,TC,CT,AA,GG,AA,TT,TT,TT,GG,GG,GG,GT,CC,TT,AG,CC,AA,TT,TT,GG,CC,NN,AA,AA,NN,CC,GG,CC,CT,AA,TT,GG,GG,CC,GG,CC,AG,TT,GG,TA,TT,CG,AA,TT,TC,AA,CC,CC,CC,GT,TT,TT,AA,CG,CT,GG,AG,AG,TC,CT,TT,CC,TT,TT,GG,GG,CC,CC,CC,TT,CC,CT,CG,GA,GG,AG,GG,AG,AA,TT,NN,GG,TT,GG,TT,GG,CT,GN,TT,GG,GG,GC,TT,GG,AA,TC,AA,NN,AA,TT,AA,CG,NG,CC,CC,CC,GG,GG,AA,AA,CT,TT,GG,TT,AA,TT,TT,TG,TC,TG,CC,CC,CC,GT,CC,AA,GG,GA,TT,GG,TC,TT,AG,AG,NN,TC,AG,TT,AG,GG,TT,AG,TC,GC,GA,AA,GG,TT,TC,CC,AC,GN,CC,GG,GG,CT,GG,TT,AA,TC,TG
Finnish in Finland,,,,HG00268,,TT,AA,CC,TC,NN,TC,GG,AA,CC,TT,TC,AA,CC,CC,CT,GG,GG,CC,GA,TC,GG,AA,TT,TT,AA,CT,AA,TN,CA,TT,CC,CC,CC,GG,AA,GA,TT,GG,AA,AA,CC,CC,GG,GG,AG,CC,TT,NG,NC,NA,TC,CC,TT,CT,TT,AG,CA,CT,CC,AC,GG,AA,TT,TT,CC,GG,GG,AA,TG,TT,TT,GA,CC,AA,TT,TT,GG,CT,GN,AA,AA,AA,CC,GG,CC,CC,TT,TT,GG,GA,CC,GG,CC,GG,TT,GG,TA,GT,GC,AC,TT,TT,GG,CC,CC,CC,TT,TT,TC,AA,GC,TT,GG,GG,AA,CC,TC,TT,CC,TT,TT,GG,GG,CC,CC,GC,TT,CC,CT,CG,AA,AG,GA,GG,AG,AA,TT,CN,GG,TT,GG,TT,GG,TT,GN,NT,GT,AA,CG,TT,GG,AA,TC,NA,CN,GA,TC,TA,CC,NN,CC,CC,CG,GN,GG,AG,GA,CC,TT,GG,TT,AG,TT,TT,TT,TC,TG,CT,CC,CC,TT,TT,GA,AG,GA,CT,AA,TC,TT,GA,GA,NN,CC,GG,CT,GG,GT,TT,GA,TC,CG,GG,AA,AA,TT,CC,GC,AA,GN,CC,AG,AG,TC,GG,TT,AA,TT,TT
Finnish in Finland,,,,HG00269,,CT,AA,TC,TC,GN,CC,GG,AN,AC,TT,CC,GA,CC,CC,TC,NN,AA,CC,GG,CC,GG,AA,TT,AT,GA,TT,AG,NN,AA,TT,CC,CA,CC,GG,AA,AA,TT,AG,TA,GA,TC,CC,GG,NG,GA,CC,TT,GN,CN,NN,CC,TT,TT,TT,TC,AA,CC,CC,CC,AC,AG,AA,TT,TT,CC,CG,AG,AG,GG,TT,TT,GG,CG,AA,TT,TT,GG,CC,GG,AA,GA,NA,CT,GT,CC,CC,TT,TT,GG,AG,CC,GG,CC,GG,TT,GG,TA,TT,CC,CA,TT,CC,GG,GC,CC,TC,TT,CT,TT,AA,CG,CT,GG,GG,GG,CC,TT,TT,AA,TT,TN,GG,GG,TC,CC,CG,TT,CC,CC,CC,AA,GG,AG,GG,AA,AA,TT,NN,GG,TT,AG,TT,AG,CT,NN,TT,GG,AG,GG,TT,GG,TT,CT,AA,NN,AG,TT,AA,CG,NN,CC,CC,CC,GG,GG,GA,AG,CC,TT,GG,TT,AA,TT,TT,TT,TT,TG,CC,CC,CC,TT,TT,GA,GG,AG,TT,GG,CC,TT,GA,AA,NN,CC,AA,TT,AG,TT,TT,GG,CC,CC,AG,AA,GA,TT,TC,CG,AC,NN,CC,GG,GG,CC,GT,TT,AA,TT,TT
Finnish in Finland,,,,HG00271,,TC,AA,CC,CC,NN,CC,GG,AN,CA,TT,CC,AG,CC,CC,CC,NN,GG,CC,AG,CC,GG,AA,CT,AA,AG,TC,AA,TN,AC,TT,CG,AA,TT,GT,AA,AG,TA,AG,AA,AA,CC,TC,GG,GN,GG,CC,TT,NN,NN,AA,CC,TT,TT,TT,TC,GA,AC,TC,CC,AA,GG,AA,AA,TT,TC,GG,GG,GG,TG,CT,TT,AG,CG,GA,TG,TT,GG,CC,GG,AA,GA,NN,CC,GG,CC,TT,TA,TG,GG,GA,CC,GG,CC,GA,TT,GG,TT,TT,GC,AC,TT,CC,AG,CC,CT,TC,TG,TT,TT,AA,CG,TT,GG,GG,AA,CC,CC,TT,AC,TT,TN,GG,GG,CC,CC,CC,TT,CC,TT,GG,AA,GA,AG,GG,GA,AA,TT,NN,GG,GG,GA,CC,GG,TC,GG,NT,TG,AG,GG,TT,GG,AA,TC,AA,NN,GA,CC,AA,GG,NN,CC,CC,CG,GG,GG,AA,GA,CC,TC,GG,TC,AA,AT,TT,TT,TC,TG,CT,CC,CC,TT,TT,AA,GA,GA,CT,AG,CC,TT,AG,AA,NN,CC,AA,TT,GG,TG,TT,AG,CC,CC,AA,AA,GG,GT,CC,CC,AC,NN,CC,GG,GG,CC,GT,TT,AA,TC,TT
Finnish in Finland,,,,HG00272,,CT,CA,TT,TT,NN,CC,GA,NA,CA,TT,CT,AG,CC,CT,CC,NN,AG,CG,GG,TT,AG,AA,TT,AT,AA,CT,GA,NN,AA,TT,CC,CC,CT,TG,AA,AA,TT,AG,AA,AA,CC,CC,GG,NG,AG,CC,TT,NN,CC,NN,CC,TT,TT,TC,TT,AA,CC,CC,CT,AC,AG,AA,TA,TT,TT,GG,GG,GG,GG,CC,TT,GG,CC,AA,GT,TT,AG,CC,GG,AG,GA,NA,TC,TG,CC,CT,TT,TT,GG,AG,CC,AG,CT,GG,TT,GG,TA,GT,CC,AA,TC,TT,GA,CC,CC,CC,GG,TT,TT,AA,CC,TT,AA,GG,AA,CC,CC,TT,CC,TT,TT,GG,GG,CT,CT,CC,TT,CN,CC,CG,AA,GA,AA,GG,AA,AA,TT,CC,GG,TT,GA,TC,AG,CC,NN,TN,GT,GG,CC,TT,GG,AA,CC,AA,NN,AG,TC,AA,GC,NN,CC,CC,CC,GG,AG,AA,AA,CC,TT,AA,TT,AA,TT,TT,TT,CT,TT,CC,CC,CC,GT,TC,AA,GG,GA,TT,GG,CC,TC,GA,AA,NN,CC,GG,TT,AA,TG,TT,GG,TC,CC,GG,AA,GA,TG,CC,GC,CC,NN,CC,GA,GG,CT,GG,TT,AA,CT,TT
Finnish in Finland,,,,HG00273,,CT,AA,CC,TT,NN,CC,AG,NN,CC,TC,CC,GG,CC,CC,TT,NG,GG,CC,GG,TT,AA,AA,CT,AT,AA,TT,GG,NT,AA,TT,CC,CC,CC,GG,AG,GA,TT,GA,AA,AA,CC,CC,GG,GN,GG,CC,TT,NG,NN,NA,CC,TT,TT,TT,TC,AA,CC,CC,CC,AA,GG,AA,AA,TT,CC,GG,AG,AA,TG,CT,TT,GG,GC,AA,TT,AT,GG,CT,GG,AA,GA,NA,CC,GT,CC,CC,TT,TT,GG,GA,CT,GG,CC,GG,TT,GA,TT,TT,GC,CA,TT,CC,GG,GC,CC,CC,TT,TT,TT,AA,CC,TT,GG,GG,GA,CC,TC,TT,CC,TT,NN,GG,GG,TC,TC,CC,TT,CC,CC,GC,AA,GG,AG,GG,GA,AA,TT,NN,GG,TT,AG,TT,GG,TC,GG,TT,GT,AA,GG,TT,GG,TA,TC,NN,NC,AA,CT,AA,GG,NN,CC,CC,CC,GN,GA,AG,GG,TC,TT,AG,TT,GA,TT,TC,TG,CC,GT,CT,CC,CC,TT,TC,GA,GG,AA,TC,GG,CT,TT,GG,GA,NC,CT,GA,TT,GG,TT,TT,GG,TC,CC,GG,AA,AA,TT,CT,CC,AC,GN,CC,AG,GA,TT,GT,TT,GA,TC,TT
Finnish in Finland,,,,HG00274,,TC,AA,CT,CC,NN,CC,AA,AN,AC,TT,CT,GG,CC,CC,TT,GG,GG,CG,GG,CC,GG,GG,TT,TT,AA,CC,GA,TN,AA,TT,CG,CC,CT,GG,AA,AG,TT,AA,AA,AA,CC,CC,GG,GG,GG,TC,TC,NG,CN,NA,TT,TT,TT,TT,TC,AA,CC,CC,CC,CC,GG,AA,TT,TT,CT,GC,GG,GG,TG,TC,TC,GG,CC,AA,TT,TT,GG,CC,GG,AA,AG,AA,CC,GG,TC,CT,TA,TG,GG,GA,CC,GG,CC,GG,TT,GG,TA,TT,CG,AC,CT,TT,GG,CC,CC,CC,TT,TT,TT,AA,CC,TT,GA,GG,AA,CC,CC,TT,CC,TC,NT,GG,GA,CC,CC,CC,TT,CC,CC,CC,AA,AA,AA,GG,GA,GA,TT,CC,GG,TT,GG,CT,GG,TC,GG,NN,GT,AA,GG,TT,GG,TA,CC,AN,NC,AA,TT,AA,CC,GN,CC,CC,CC,GG,GG,AA,AA,CC,TT,AG,TT,AA,AA,CT,TT,CC,GG,CC,CC,CC,TT,TT,AA,GG,AG,TC,AG,CC,CC,AG,AG,NN,CC,AG,TT,AG,GG,CT,GG,TT,CC,GA,AA,AA,TT,TC,CC,CC,NN,CG,AG,AG,TC,TG,TT,AA,TC,TT
Finnish in Finland,,,,HG00275,,TC,AA,TC,TT,NN,CC,GG,NA,AC,TT,CT,AG,CC,CT,CT,GG,GG,CC,GG,CT,GA,AA,TT,TA,AA,TT,AA,TN,AA,TT,CC,CC,CC,GT,GA,GA,TT,GG,TA,GA,TC,CC,GG,NG,GG,CC,TT,GG,NN,AA,TT,TT,TT,TC,TT,GA,AC,TC,CC,AC,AG,AT,AA,TT,CC,GC,GG,GA,TG,CC,TT,GG,GC,AA,TT,TT,GG,CC,GG,AA,GG,NA,CC,GG,CC,CC,TT,TT,GG,GG,TC,GG,CC,GG,TT,GG,TT,TT,CC,AC,TT,TC,GG,CG,CC,TT,TG,TT,TT,AC,CC,TT,GA,GG,AA,TC,CC,TT,CC,TT,TN,GG,GG,CC,TC,CC,TA,CC,TC,GG,AA,GA,AA,GG,AA,AA,TT,CN,GG,TG,GG,CC,GG,TT,NG,TT,GG,GA,GG,TT,GG,TT,CC,NA,CN,AA,TT,TT,GC,GG,CC,CC,CC,GG,GG,GA,AG,CC,TT,GA,CT,AG,TT,TT,GT,TC,TG,CC,CC,CC,TT,TT,GA,GG,GA,TT,GG,TC,CC,GA,GA,NC,CC,GA,TC,GG,TG,TC,GA,TC,CC,GA,AA,GG,GT,CC,CC,AA,NN,CG,GG,GG,TC,TG,CT,AA,TT,GT
Finnish in Finland,,,,HG00276,,TT,AC,TC,TC,NN,CC,AA,NA,CA,CT,CC,AA,CC,CC,CC,NN,AG,CG,GA,TC,GG,AA,TT,AT,AA,CC,GG,NN,AA,TT,GG,CC,CC,TG,AA,AA,TT,AA,AA,AA,CC,CC,GG,GG,GG,CT,TT,NG,NC,AA,CT,TC,TT,TT,CT,AA,CC,CC,CC,CC,GG,AA,TT,TT,CC,GG,GG,GG,TT,TT,TT,GG,GC,AA,TT,TT,GG,TC,NG,AG,AA,AA,CC,TT,CC,CT,TT,TT,GA,GG,CC,GG,CC,GG,TT,GG,TT,GG,CC,AA,TT,TT,GA,CC,CC,TC,TT,CT,CT,AA,CC,TT,AG,GG,AA,TC,CT,TT,CC,TT,TT,GG,GA,TT,CC,CC,TT,CC,TC,GG,AA,GG,AA,GG,AA,AA,TT,CN,GG,TT,GA,TT,GG,TC,NN,TT,GG,AA,GG,TT,GG,TT,CC,NA,CN,AG,CT,AA,CC,NN,CC,CG,CG,GG,GG,GA,AA,CT,TT,AA,TC,AA,TA,CC,TT,TT,GG,CT,CT,CC,TT,TC,AA,GG,AG,TT,GG,CC,CC,GG,AG,CN,CC,GA,TT,GG,GG,TT,GG,TC,CC,AG,AA,GA,GT,TC,CG,CA,NN,CC,GG,GG,CT,TT,TT,AA,TT,TT
Finnish in Finland,,,,HG00277,,TC,AA,CC,TC,NN,CC,GG,NN,CA,CT,CT,AA,CC,CC,CC,NN,GA,CC,GG,CC,GG,AA,TC,TT,AA,TT,AG,TN,AA,TT,CC,CC,CC,TG,AA,AA,TT,AA,AA,AA,CC,TC,GG,GG,GG,CC,TT,NN,NN,AN,CC,TT,TN,TC,CT,AA,CC,CC,CC,AA,GG,AA,TA,CT,CC,GG,GG,AG,GT,CC,TT,GG,CC,AA,TT,TT,GG,CC,NG,AA,GA,NA,CC,GT,TT,CT,TT,TT,GG,AA,CT,GA,CT,AG,TT,GG,AA,TT,CC,CC,TT,CC,GG,CC,CC,CT,TT,TC,TT,AA,GG,CT,GG,GA,AA,CC,CT,TT,CC,TT,TN,GG,GG,CT,CT,GC,TT,CC,CC,GC,AA,GA,AA,GG,AG,AA,TT,CC,GG,TT,GG,TC,GG,CT,GG,TT,GT,GA,GG,TC,GG,AA,CC,AA,NN,GA,TC,TA,CC,NN,CC,CC,CC,GG,AG,AA,AG,CC,TT,AA,TT,AG,AA,CT,TG,CC,GT,TC,CC,CC,TT,TT,AA,AA,GA,CC,GG,CC,TT,AG,AA,NN,CT,GA,TT,GA,GG,TT,AA,TC,CC,GA,AA,GA,TT,CC,CG,AA,NN,CC,GG,GG,TT,GG,TT,AA,CT,GT
Finnish in Finland,,,,HG00278,,TT,AA,CT,CC,NG,CC,GA,NN,AC,TT,TT,GG,CC,CC,CC,NG,AA,CC,GG,CT,GG,AA,CT,AA,AA,TT,GG,NN,AA,TT,CG,CC,CC,GG,AA,AA,TT,GG,AA,AA,CC,CT,GG,NG,GG,CC,TT,GN,NC,NA,TT,TC,TT,TT,TT,AG,CA,CC,CC,AC,GG,AT,TA,TT,TC,GG,GA,AG,GG,CC,TT,GG,GC,AA,TT,TT,GG,CC,GG,AG,AA,NA,CC,GT,CC,CT,TT,TT,GG,AA,CC,GG,CC,GG,TT,GG,TT,TG,CG,AA,TT,TC,AG,CC,TC,CT,TT,CC,TT,CA,CG,TT,AG,GG,GA,CC,CC,TT,CA,TT,TN,GG,GG,TC,TC,CC,TT,CC,CC,GG,AA,GG,AA,GG,AA,AA,TA,NC,GG,TG,AA,CT,GG,TC,GG,TN,GG,AG,CG,TT,GG,AA,CC,AA,NN,AA,CT,AA,GC,GN,CC,CG,CC,GG,AA,AA,AG,CC,TT,GA,TT,AA,TT,TT,TT,TC,TG,CT,CC,CC,TT,TT,AA,GG,GG,TT,GG,CC,TT,AG,GA,NC,CC,GA,TT,GG,GG,TT,GG,CT,CC,AG,AA,AA,GT,CC,GC,CC,NN,GC,GG,GG,CC,GG,CT,AA,TT,TT
Finnish in Finland,,,,HG00280,,TT,AA,TT,CT,NN,TC,GG,AN,CA,TT,CT,GG,CT,CC,CT,NN,GA,CC,GG,CC,GG,AA,CC,AT,AG,CT,GA,TN,AA,TT,CC,CC,TT,TG,AA,GA,AA,GA,AA,AA,CC,CC,GG,GG,GA,CC,TT,GG,NN,AA,CC,TT,TT,TT,TC,AA,CC,CC,CC,AA,GA,AA,TA,CC,CC,GG,GG,GG,GG,CC,TT,GG,CC,AA,TT,TT,GG,CC,GG,AA,AA,NA,CC,GG,CT,TC,AT,TT,GG,GA,CC,GG,CC,AG,TT,GG,TA,GT,CC,CA,TT,TC,GG,CC,CT,TC,TT,TC,TT,AA,CG,CT,GG,GG,GA,CC,TC,TT,AC,TT,TT,AG,AG,TC,CC,CC,TT,CC,CC,CG,AG,GG,AG,GG,AA,AA,TT,NC,AG,GT,GA,TT,GG,TC,NG,TT,GG,AG,GG,TT,GG,AT,CC,AN,NN,AG,TC,TT,GG,GN,CC,CC,GC,GG,AG,GA,AG,CC,TT,GA,CT,AA,TT,CT,GT,TC,TT,CC,CC,CC,TT,TT,AA,GG,GA,TT,GG,TC,CT,AA,GA,NN,CC,GA,TC,GG,TG,TT,AG,CT,CC,GG,AA,GG,TG,CC,CC,AA,GN,CC,GG,GG,CC,TG,TT,AA,TC,TT
Finnish in Finland,,,,HG00281,,TC,AA,TC,CC,GN,CC,AA,NN,AC,TT,TC,GA,TC,CC,CT,GN,GG,CC,GG,CC,GG,AA,CT,TT,AA,TT,AA,TT,AA,TT,CC,CC,CC,GT,AG,AA,TT,AA,AA,AA,CC,CC,GG,GG,GG,CC,TT,GG,NN,NA,CC,TT,TT,TT,CC,AA,CA,TT,TC,AA,GG,AA,AA,TT,TC,GG,GG,GA,TG,CC,TT,AA,CC,AA,TT,TT,GG,CC,NG,AA,AA,NA,CC,GG,CC,CC,TT,TT,GG,AG,TT,GA,CT,GG,CT,GG,TA,TT,GG,CA,TT,TT,GG,GC,CC,CT,TT,TT,TT,AA,CC,TT,GG,GG,AA,CC,TT,TC,CC,TT,TT,GG,GG,CC,CC,CC,TT,CC,CC,CC,AA,AG,AA,AG,AA,AA,TT,NN,GG,TT,GG,TT,GG,TT,NN,TT,GG,GA,GG,TT,GG,AA,TC,AA,NN,AA,CT,AT,CC,NG,TC,CC,GC,NG,GG,AG,AG,CC,TT,GA,TT,AA,TA,TC,TT,TT,GG,TC,CC,CC,GG,TC,GA,GG,GG,TT,AG,TC,CT,GG,AA,NN,TC,GG,TT,GG,TG,TT,AG,TC,CC,AG,AA,GG,TT,CC,CC,CA,GN,CC,GG,AG,TC,GT,TT,AA,CC,GT
Finnish in Finland,,,,HG00282,,TT,AC,TC,CC,NN,CC,GA,NN,CA,TT,TT,AA,CC,CC,TC,GG,AA,CC,GG,CC,GG,AA,TC,AT,AA,TT,GA,NN,AA,TT,CG,AA,TT,GG,AA,AA,TT,GA,AA,AA,CC,CC,GC,GG,AA,CC,TT,NN,CC,AN,CC,TT,TT,TT,CT,AA,CC,CT,CC,CC,GG,AA,TT,TT,CT,GG,GG,AG,TG,CC,TT,GG,CC,AA,TT,TA,GG,CC,GG,AA,GG,AN,CT,GT,CC,TT,TT,TT,GG,GA,CC,GG,CC,GG,TT,GG,TT,GG,CC,AA,TT,CT,AA,GC,CC,TC,TT,TT,TT,AA,CG,TT,GG,GG,AG,CC,CT,TT,CC,TT,TT,AG,GG,CC,CC,CC,TT,CC,CT,CG,AA,AA,AG,GG,AA,AA,TT,CN,GG,TT,GG,TT,GG,CT,NN,TT,GT,GA,CG,TT,GA,TA,CC,NA,CN,GA,TT,AT,GG,NN,CC,CC,CG,GG,GG,AA,AA,CT,TT,GG,TT,AA,TT,TT,TT,TT,GG,CT,CC,CC,GG,TC,AA,GA,GG,CT,AG,CC,TT,GG,AG,CN,CT,GA,CT,GG,GT,TT,AG,CC,GC,GG,AA,GA,TT,CC,GC,AA,GN,CC,GG,GA,TT,GG,TT,AA,TT,TG
Finnish in Finland,,,,HG00284,,TT,AA,TC,TT,NN,CC,AA,AN,CC,CT,CC,GA,CT,CC,TC,GN,AG,CC,GA,CC,GG,AA,TT,AA,AG,CT,GG,NT,AA,TT,GG,CC,CC,GT,AA,AA,TT,GA,AA,AA,CC,TC,GG,NG,GG,CC,TT,NG,NN,AN,CC,TT,TT,TT,CC,AA,CC,CC,CC,CC,GG,AA,TA,TC,TC,CC,GG,GG,GG,CC,TT,GG,GC,AA,TT,TT,GG,CC,NG,AA,AA,NA,CT,GT,CC,CC,TT,TT,GG,GA,CC,GG,CC,GG,TT,GG,AT,GT,CC,AC,TT,CT,AG,GC,CC,TC,TT,TT,TT,AA,GC,TT,GG,GG,GA,CC,TC,TT,AC,TT,TT,GG,GG,CC,CC,GC,TT,CC,CC,GC,AA,GA,AA,GG,AA,AA,TT,CC,GG,TT,AG,CC,AG,TT,GG,NT,TG,AA,GG,TT,GG,AA,CC,AA,NN,AA,CT,AA,GC,NG,CC,CC,CC,GG,GA,AA,AA,CC,TT,GG,TT,AG,TT,CT,TT,TT,GT,CC,CC,CC,TT,TT,AA,GG,GA,CT,GG,TC,CC,GG,AG,CN,CC,GA,TT,GA,GT,TT,GA,TT,CC,GG,AA,GG,TT,TC,CC,CA,GG,CC,GG,GG,CC,TT,TT,AA,TT,TT
Finnish in Finland,,,,HG00285,,CC,AA,CC,TT,NN,CC,AG,NA,CC,TT,TC,AA,CC,TC,TC,GN,GG,CC,AG,CT,GG,AA,TT,AA,GG,TT,AA,NN,AA,TG,CC,CC,CC,TG,AA,GA,TT,AG,AA,AA,CC,CC,GG,GG,AA,CT,CT,GN,CN,AN,CT,TT,TT,TT,TT,AA,CC,CC,CC,AA,GG,AA,TA,TT,TC,GG,GG,AG,GT,TT,TT,GG,CC,AA,GT,AT,GG,CC,GN,AA,AG,NN,CC,GG,CC,CT,AT,TT,GG,AG,TC,GG,CC,GG,TT,GG,TT,GG,GG,AA,TT,TT,AG,CC,CC,CT,TT,CC,TT,AA,GC,CT,GG,GG,AA,TC,TT,TT,CC,TT,TT,GG,GG,TC,CC,CC,TT,CC,CC,CC,AA,AG,AA,GG,GA,AA,AA,NC,GG,TT,GA,TC,GG,TT,GN,TT,GG,AA,GG,TT,GG,TA,CC,AN,NN,AA,TT,AT,CC,NN,CC,GC,GC,GG,AG,AA,GA,TC,TT,AA,CT,AA,AT,TC,TG,TT,GG,CC,CC,CC,TG,TC,AA,GG,AA,TT,GG,TC,TC,GG,AA,NN,CC,AG,TT,GA,GG,CT,GA,TC,CC,GG,AA,AG,TT,CC,CC,CA,GN,CC,AG,AG,TT,TG,TT,AA,TT,TT
Finnish in Finland,,,,HG00288,,TC,AC,CT,TC,NN,CC,GG,NA,CC,CT,TC,GG,TC,TC,CC,NN,GA,CG,GG,TC,GG,AA,TT,TA,AA,TT,AG,NN,AC,TT,CC,CC,CC,GG,AA,AA,TT,GA,AA,AA,CC,CC,GG,GN,AA,CT,TC,GN,NN,NN,TT,TT,TT,TT,CT,AA,AC,TC,CC,CA,GG,AA,TT,CC,CC,GG,GG,AG,TT,TT,TT,GG,GC,GA,TT,TT,GG,CC,GG,AA,AG,NA,CC,GT,CC,CT,TT,TT,GG,GG,CC,GG,CC,GG,TT,GG,AA,TT,GC,AA,TT,CC,GA,GG,CT,TC,TT,TC,TT,AA,GC,TT,GG,GG,GG,CC,CT,TT,CC,TT,TT,GG,GG,TT,CT,CC,TT,CC,CC,CC,AA,GG,GA,GG,AA,AA,TT,CN,GG,TT,GA,TT,GG,TC,GN,TT,GG,AA,GG,TT,GG,AA,CT,NA,CN,AA,TT,AT,GC,NG,CC,CC,CC,GG,GG,AA,AA,CC,TT,AA,CT,AG,AA,TT,TT,TT,GT,CC,CC,CC,TT,TT,AA,GG,AG,CT,AG,CC,TC,GG,GA,NN,CC,AA,TT,GG,TG,TT,GG,CC,CC,GG,AA,AG,TG,TC,CC,CA,NN,CC,GA,GA,CC,GT,TC,AA,TT,TT
Finnish in Finland,,,,HG00290,,CT,AA,TC,CC,NN,CC,AG,NN,AC,TT,TC,AG,CC,TC,TC,GN,GA,CC,AG,CT,GG,AA,TC,AT,AA,TT,GA,TN,AA,TT,GC,CC,TC,GT,AA,AA,TT,AA,AA,AA,CC,CC,GG,GN,AG,CC,TC,GN,NC,AN,CC,TT,TT,TT,TT,AA,CC,CC,CC,CA,GG,TA,AT,TT,TT,GC,GG,AG,GT,TT,TT,AG,CC,AA,TT,TT,GG,CT,GG,AA,GA,NA,CT,TT,CC,TT,TT,TT,AG,GG,CC,GG,CC,GG,TT,GG,TT,TT,CC,CA,TT,TT,GA,GG,CC,CT,GT,TT,TT,AA,CC,TT,AG,GG,AA,CT,CC,TT,CC,TT,TT,AA,GG,CC,CC,CC,TT,CC,CC,CC,AA,GG,GG,GG,AA,AA,TT,NC,GG,TT,AG,TT,GG,CT,NN,TT,GG,AG,GG,TT,GG,AT,CC,AN,NC,GA,CT,AA,GG,NG,CC,CC,GC,GG,AA,AA,AA,CC,TT,AA,TT,AA,TT,CT,TT,CT,TT,CC,CC,CT,TT,TT,AA,GG,GG,TC,AG,CC,TT,GG,GG,NN,TT,GG,TT,AA,GG,CT,GG,TT,CC,GG,AA,GG,TT,CT,CG,AC,NN,CC,GG,GG,CT,GG,TT,AA,TT,TT
Finnish in Finland,,,,HG00304,,TT,AA,CC,TC,NN,CC,GA,NA,CA,TT,TC,AG,CC,TC,CT,GG,GG,CC,GG,CC,GG,AA,CT,AA,AA,TT,GA,TN,AA,TT,GC,CC,TC,TG,AA,AA,TT,AA,AA,AA,CC,CC,GG,GN,AG,TC,TC,NN,NN,AA,TC,CT,TT,TT,TT,AA,CC,CC,CC,CC,GG,AA,TT,TT,TT,GG,GG,GG,GT,CC,TT,GG,GC,AA,TT,TT,GG,CC,GG,AA,AG,NN,CC,TG,CC,CT,AT,TT,GG,AA,CC,GG,CC,GG,TT,GG,TA,TT,CC,CA,TT,TT,GG,GC,CC,TT,TT,TT,TT,AA,CC,TT,GG,GG,AA,CT,TC,TT,CC,TT,TT,GG,GG,CC,CC,CC,TT,CC,CT,GG,AA,GA,AG,GG,AG,AA,TT,CC,GA,TT,AA,TC,GG,TC,GG,TN,GG,AG,GC,TT,GG,TT,TC,AA,NN,GA,TT,AT,GG,NN,CC,GC,CC,GG,AG,AG,GA,CT,TT,AA,TT,AG,TA,CT,TT,CT,GT,TC,CC,CC,TT,CT,AA,GG,GG,TT,AA,TT,TC,GG,GG,NN,CC,GG,TT,GA,GG,TT,GG,TT,CC,GG,AA,GG,TG,CC,CC,AC,NN,CC,AA,AA,CT,TG,TT,AA,CC,TT
Finnish in Finland,,,,HG00306,,TT,CA,CC,CC,NN,CC,GG,AN,AC,CT,CC,GA,CC,CC,CT,GN,GG,CG,GG,TC,AG,AA,TT,AT,AA,TT,GA,NT,AA,TT,CG,CC,TC,GG,AA,AG,TT,GA,AA,AA,CC,CC,GG,NN,AG,CC,TT,GG,NN,AA,CC,TT,TT,TT,TC,GA,AC,TC,CC,AC,GG,AA,AA,TT,CC,GG,GG,AG,TT,CC,TT,GG,GC,AA,TT,TT,GG,CT,GG,AA,AA,NA,CT,GT,TC,CC,TT,TT,GA,GG,CT,GG,CC,GG,TT,GG,AT,TT,GG,CA,TT,CC,GA,CC,TC,CC,TT,CT,TT,AA,GG,TT,GG,GG,AA,CC,TC,CT,CC,TT,TT,GG,GG,CC,CC,CC,TT,CC,TC,GG,AA,AA,AA,GA,GG,AA,AT,NN,GG,GT,GG,CT,GG,TT,GG,TT,GG,AG,CC,TT,GG,AA,CC,AA,NN,AA,CC,AA,GG,NN,CC,CC,CG,GG,AG,AA,GA,CT,TT,GA,TT,GA,TT,TT,GT,CT,GT,CC,TC,CC,GT,CC,AG,GG,GG,TT,AG,CC,TT,GA,GG,NN,TC,GA,TC,GG,GG,TT,GG,CC,CC,GA,AC,GG,TG,TT,CC,AC,NG,CC,GG,GA,CT,GG,TC,AA,TT,TT
Finnish in Finland,,,,HG00308,,TC,AA,TC,TC,GG,CC,GG,AN,CA,TT,TT,AG,CC,CC,TC,NN,GG,CC,AG,CC,GG,AA,CT,TA,AG,CT,AA,NN,AA,TT,GC,CC,CT,GT,GG,AA,TT,GG,AA,AA,CC,CC,GG,GG,AG,CC,TT,GG,NC,AA,TT,TC,TT,TT,CT,AG,CA,CC,CT,CA,GG,AA,TT,TT,CC,GG,GG,AG,TT,CC,CT,GG,CG,AA,TT,TA,GG,CC,GG,AA,GG,NN,CC,GG,CC,TT,AT,TT,GG,GA,CC,GG,CC,GG,TT,GG,TA,TT,CC,CA,TT,TC,GG,CC,CC,CC,TT,CT,CT,AA,GG,TT,GG,GG,AG,CC,CT,TT,CA,CT,TT,GG,GG,CC,CC,CC,TT,CC,TC,GG,AG,AA,AG,GG,AG,GA,TT,NN,GG,GT,GG,TC,GG,TT,GG,TT,TG,AA,CG,TT,GG,AA,CT,NA,CN,AG,TC,AT,CG,GN,CC,CC,CC,GG,GG,AG,AA,TC,TT,AA,TT,AA,TT,TT,TT,TC,GG,TT,CC,TC,TT,TT,AA,GG,GG,TT,GG,TC,TT,GG,AA,NN,CC,AA,TT,GA,GG,CT,GG,CC,CC,GG,AA,AG,TT,CT,CC,AA,GG,CC,AG,AG,CT,GT,CT,AA,TC,TT
Finnish in Finland,,,,HG00309,,TT,AA,CT,CC,NN,CT,GA,AA,AC,TT,TC,AA,TC,CC,CT,NN,AG,CC,GG,CC,GG,AA,CT,AA,AA,TT,AA,NN,AA,TT,CC,CC,CT,GG,AG,GA,TT,AG,AA,AA,CC,CC,GG,GG,AG,CT,TT,NN,NC,AN,CC,CT,TT,TT,TT,AA,CC,CC,CT,CA,GG,AA,AA,TC,TC,GG,GG,GA,GT,TC,TT,AG,CG,AA,TT,TT,GG,CC,GG,AG,GA,NA,CC,GT,CC,CC,TT,TT,GG,GG,CC,GG,CC,GG,TT,GG,AT,TG,CG,AC,TT,TC,AG,CC,CT,TC,TT,CC,CT,AC,CG,TT,GG,GG,AA,CC,CT,TT,CC,TT,TT,GG,AG,TC,CC,CC,TT,CC,CC,GC,AA,AG,GA,GG,AA,AA,TT,NN,GA,TT,AG,CT,GG,TT,GN,TT,GG,AA,GG,TT,GG,AT,TC,NA,NN,AA,CT,AA,CC,NN,CC,CC,GC,NN,GG,AA,GG,TC,TT,GA,TC,GG,TA,CT,GT,TC,GT,CT,CC,TC,TT,TT,AA,GG,GG,TT,AG,CC,CT,GG,AG,CN,CC,GG,TT,AG,GG,TT,GG,TC,CC,GG,AA,GG,TG,CC,CC,AA,NN,CC,GA,GG,CT,TG,TT,AA,TC,TT
Finnish in Finland,,,,HG00310,,TC,AA,TT,CC,NN,CC,GA,AN,CC,TT,TT,AG,CC,CC,TC,NN,AA,CC,GG,TC,GG,AA,CC,TT,AG,TT,GA,NT,AA,TT,GC,CC,CC,TG,AA,AA,TT,AA,AA,AA,CC,CT,GG,GG,GA,CC,TT,NN,CN,AN,CT,CT,NT,TT,TT,AA,CC,CC,CC,CC,GG,AT,TA,TT,TC,GG,GG,GA,TG,TC,TT,GG,CC,AA,TT,AT,GG,CT,GG,AA,GA,NA,CC,GG,CT,TC,AT,TT,GG,GG,CC,GG,CC,GA,TT,GG,TT,TT,GC,AA,TT,TT,AA,CC,CC,TC,TT,CC,TT,AA,CC,CT,GG,GG,GA,CT,TC,TT,CC,TT,TT,GG,GA,TT,CC,CC,TT,NC,CC,CC,AA,GA,AG,GA,AA,AA,TT,CC,GG,TG,AA,TT,GG,TT,GG,TT,GG,AG,GG,TT,GG,AA,TC,AA,NN,AG,CC,TA,CC,NG,CC,GC,CC,GG,GA,AA,AA,CC,TT,AG,CT,AA,AA,TT,TT,TT,TT,CT,CC,CC,GG,TT,AA,GG,AG,TT,AA,CC,TT,AG,AA,CN,CC,AA,TT,GG,GG,TT,GG,CC,CC,GG,AA,GA,TT,CC,CG,AA,NG,CC,AG,AA,TC,TG,TT,AA,TT,TT
Finnish in Finland,,,,HG00311,,CT,AA,CC,TT,NG,CC,AG,AA,CC,TT,CC,AG,CC,CC,TC,NN,GA,CC,GG,CT,GG,AA,TT,AA,AA,TT,GG,NN,AA,TT,CG,CC,CC,GT,AA,GA,TT,AG,AA,GA,CC,CC,GG,GN,AA,CT,TT,GG,NN,NA,CC,TC,TT,TT,CC,AA,CC,CC,CC,AC,AG,AA,TA,CT,CC,GG,GG,AG,GT,CC,TT,GG,CC,AA,TT,TT,GG,CC,GG,AA,GA,NN,CT,TT,CC,CC,AT,GT,GG,GA,CT,GA,CC,GG,TT,GG,AT,TT,CC,AA,TT,TT,GG,GC,CT,CC,TT,TT,TT,AC,CG,TT,GG,GA,AG,CC,CT,TT,CC,TT,TT,GG,GG,TC,CC,CC,AT,CC,CT,GG,AA,AA,AA,GA,AA,AA,TT,NC,GG,TT,AA,TT,GA,CC,NN,TT,GT,AG,GG,TT,GG,TT,CT,AA,NN,GG,TC,AA,CG,GG,CC,CC,CC,GG,GG,AG,GA,CC,TT,AG,TC,AA,AT,TT,TT,TC,GT,CC,CC,CC,TT,TT,AA,GG,GG,TT,AA,TT,CT,GG,GG,CN,CC,GG,TT,GG,TG,TT,GG,CC,CC,GG,AA,GG,GT,CC,CC,AA,NG,CC,GA,GG,CT,GG,TT,AA,TT,TT
Finnish in Finland,,,,HG00313,,CT,CA,CT,CC,NN,CC,GG,NA,CA,TT,TT,GG,CC,CT,CC,NN,GA,CC,AA,CT,GG,AA,TT,AT,AG,TT,GG,TN,AA,TT,GC,CC,CC,GT,AG,AA,TT,GG,AA,AA,CC,TC,GG,NG,GG,CC,TT,NG,NC,AA,CC,TC,TT,TT,TT,GA,AC,CC,CC,CC,GG,AT,TA,TT,TC,GG,GG,GG,TG,CC,TT,GG,GC,AA,TG,TT,GG,CC,GG,AG,GA,AA,CC,TG,CT,TT,TT,TT,GG,AG,CC,GG,CT,GG,TT,GG,TT,GG,GC,CC,CT,TC,GA,CC,CC,TT,TT,CT,CT,AA,CG,TT,GG,GG,GA,CC,CC,TT,CA,TT,TT,GG,GG,CC,CC,CC,TT,CC,TC,GG,AA,GA,AA,GG,AA,AA,AT,CN,GG,TG,GA,TT,GG,TT,NG,TT,GG,AA,GG,TT,GG,AT,CT,NN,NN,AA,CT,TA,CC,NN,CC,CG,CG,GG,GA,AA,AG,CC,TT,AA,TT,GG,TA,TC,TT,CT,TG,TC,CT,TC,TT,TT,AA,GA,GG,TC,AG,TC,TT,GG,GA,NN,CC,GA,TT,AG,GG,TT,AG,CC,CG,GG,CA,GG,GT,CT,CG,AA,GN,CC,AA,GG,TT,GG,CT,AA,TT,TG
Finnish in Finland,,,,HG00315,,CT,AA,CC,TT,NN,CC,GA,NA,AC,TT,TC,AA,CC,CT,TC,GG,GG,GC,GG,CC,GG,AA,TT,AA,AA,TC,GG,NN,AA,TT,CC,CC,CC,TT,AA,AA,TT,AA,AA,AA,CC,CC,GG,GG,GG,CC,TT,GN,NC,AN,CC,TT,TT,TT,TT,GA,AC,TC,CT,AA,GG,AA,TT,TT,CC,GC,GA,AA,TG,TT,TT,GG,CC,AA,TT,TT,GG,CC,GG,AA,GG,NN,CC,TG,CC,CT,TT,TT,GG,AG,CC,GA,CC,GG,TT,GG,TT,TT,CC,AA,TT,TT,GA,CC,CC,TT,TT,TT,TC,AA,CC,TT,GG,GG,AG,CC,TT,TT,CC,TT,TT,GG,GG,CC,CC,CG,TT,CC,TC,GG,AA,AA,GG,GG,AA,GA,TT,NC,GG,TG,GA,CC,GG,TT,GN,TT,TG,GA,GG,TT,GG,TA,TT,NA,NN,AA,TC,AA,CG,NN,CC,GC,GC,GG,AG,AG,GG,CC,TC,AG,TT,GA,AT,CC,TT,TC,GT,CC,CC,CC,TG,TT,AG,GG,GG,TT,GG,TT,TT,GG,GG,NN,CC,GA,TT,GA,GG,CT,AG,CC,CC,GG,AA,GA,TT,CT,CC,AA,GN,GG,GG,GG,CC,GT,CT,AA,CC,TG
Finnish in Finland,,,,HG00318,,TC,AA,TT,CC,NN,CC,GA,AN,AC,TT,TC,AA,CC,CC,TC,NN,GG,GC,AG,CT,GG,AA,TC,AA,GA,TT,AA,TN,AA,TT,GG,CC,CC,GT,AG,AG,TT,AG,AA,AA,CC,CC,GG,NN,GG,CC,TT,GN,NN,AN,CC,TT,TT,TT,TC,AA,CC,CC,TC,AC,GG,AA,TT,TT,TT,CC,AG,GG,TT,TC,TT,GG,CC,AA,TT,TT,GG,CC,GG,AA,AG,NN,CC,GG,CC,CC,TT,TT,GG,AA,CC,GG,CC,GG,TC,GA,TA,GT,GC,AA,TT,CT,GG,CC,CC,CT,TT,TT,TT,AA,GC,TT,GG,GG,AA,CC,CC,TT,CC,TT,NT,GG,GG,CT,CC,GC,TA,CC,TC,GG,GA,AG,AA,GG,AA,AA,TT,NN,GG,GG,AA,CT,GG,TT,GG,TT,GG,AA,GG,TT,GG,AT,CT,AA,NN,AG,TC,AA,CG,NG,CC,CC,CC,GG,GG,AG,GA,CC,TT,GG,TT,AA,AT,TT,TT,TC,TT,CC,CC,CC,TT,TC,AA,GG,GG,TT,AG,CC,TC,GG,GG,NN,CT,GG,TT,GG,TG,TT,GG,CC,CG,GG,AA,GG,TT,CC,CC,AC,NG,CC,GG,AG,CT,GG,CT,AA,CC,TT
Finnish in Finland,,,,HG00319,,TT,CA,CC,CC,NN,CC,AA,AN,CC,TT,CC,GA,CC,CC,TC,GG,GA,CC,GG,CC,GG,AA,CT,AA,GA,TT,GG,TN,AA,TT,CC,CA,CC,GG,AA,AA,TT,GG,AA,AA,CC,TC,GG,NG,AG,CC,TT,NN,NN,AA,CC,TC,TT,TT,CC,AA,CC,CC,CC,CC,GG,AA,AT,TC,CT,GG,GG,GG,TG,CT,TT,GG,CC,AA,TT,TT,GG,CC,GG,GA,AA,AA,CT,GT,CC,TC,TT,TT,GG,GG,CC,GA,CC,GG,TT,GG,AA,TG,CG,AC,TT,TC,GG,CC,CC,TT,TT,TT,TT,AA,GC,TT,AG,AG,AA,CC,CT,TT,CA,TT,NT,GG,GG,CC,CC,CG,TT,NC,CC,CG,AA,GG,AA,GG,AA,AA,TT,NN,GG,TT,GG,TT,GG,TT,GN,TT,GG,AA,CG,TT,GG,AA,TT,NN,NN,GA,TT,AA,GG,NN,CC,CC,CC,GG,GG,AA,AA,CT,TT,AA,TT,GA,TT,TT,TT,TC,GT,CT,CC,CC,TT,TT,GA,GG,AG,TT,AG,TT,CC,GG,AG,NC,TT,AG,TT,GA,GT,TT,GA,CT,GC,GG,AA,GA,TT,CT,CG,CA,GN,CC,GA,GA,CT,TG,TT,AA,CC,TG
Finnish in Finland,,,,HG00320,,CT,AA,CC,CT,NN,CC,AA,NN,CC,TT,CT,GG,CC,CT,CC,GN,GA,CC,GG,CT,GG,AA,TT,AA,AG,TT,AA,NN,AA,TG,CG,CC,TC,GG,AA,AA,TT,GA,AA,AA,CC,CC,GG,NG,AA,CC,CT,NG,CN,NA,CC,TT,TT,TT,TT,AA,CC,CC,CC,CA,GG,AA,TT,CT,CC,GG,GG,GA,GT,CT,TT,AG,CC,AA,TT,TA,GG,CT,GG,AA,AA,AA,CC,TG,CT,CC,TT,TT,GG,AG,CC,GG,CC,GG,TT,GG,TA,TT,CC,AC,TT,CC,GG,CC,CC,TT,TG,TT,TT,AA,CC,TT,AG,GG,AG,CC,CT,TT,CC,TT,TT,GG,GG,CT,CC,CC,TT,CC,CT,CG,AA,GG,AA,GA,AA,AA,TT,NN,GG,GG,GA,CT,GG,TT,NG,TN,GG,GA,CG,TT,GG,TA,CT,NA,CN,AG,CC,TA,GG,NG,CC,CC,GC,GG,AG,AA,AG,CC,TT,GA,TT,AG,AT,TT,TT,TC,GG,CT,CC,CC,GT,TT,AA,AG,AA,TT,GG,CC,CT,AG,AG,NN,CT,GG,TC,GG,GG,CT,GG,CC,CG,GG,AA,GA,TT,CT,CC,CA,NN,CC,AG,AG,CC,TG,TT,GG,TT,TT
Finnish in Finland,,,,HG00321,,TT,AA,CC,CC,GN,CC,AG,AA,CC,TT,CT,GG,CC,TC,CC,GN,GA,GC,GG,CT,GG,AA,TT,AA,AG,TT,AA,NN,AA,TT,CC,CC,CC,GG,AA,AA,TT,AG,AA,AA,CC,CC,GG,GN,AG,CC,CT,NN,CC,NN,CC,TC,TT,TT,TC,AA,CC,CC,CC,AC,GG,AT,TA,CT,CC,GG,GG,GA,TT,TT,TT,GG,GC,GA,TT,TT,GG,CT,GG,AA,AG,AA,CC,TT,CC,TC,TT,TT,GG,AA,CC,GG,CC,GG,TT,GG,TT,TT,CC,AC,TT,TC,GG,CC,CT,TC,TT,TC,TT,AC,GC,TT,GG,GG,GA,CC,CC,TT,CC,TT,TT,GG,GG,TT,CC,CC,TT,CC,CC,CG,AA,GG,AA,GG,GG,AA,TT,NC,GG,TG,GA,TT,GG,CT,GG,NT,GG,GA,CG,TT,GG,AA,TC,AA,NN,AG,CC,AA,GG,NN,CC,CC,CC,NG,GG,AA,GA,TC,TC,AA,TT,GA,TA,TT,TT,CC,TG,CT,CC,CC,GT,TC,GA,GG,GA,TT,AG,TC,CT,GG,AA,NC,CC,AA,TT,GA,GG,CT,GA,CC,CC,GA,AA,AA,TT,TT,CC,AC,NN,CC,GA,GA,CT,GT,TT,AA,TC,TT
Finnish in Finland,,,,HG00323,,TT,CA,CC,TT,NN,CC,GG,NA,CC,TT,CC,AA,CT,CC,CC,GN,GA,CC,GG,CT,GG,AA,TC,AT,AA,TT,GG,NN,AA,TT,GC,CC,CC,GG,AA,AA,TT,GG,AA,AA,CC,CC,GG,GN,GA,CC,TT,GN,NC,AN,TC,TT,TT,TT,TT,GA,AC,TC,TT,AA,GG,AA,AT,TT,TC,GG,GG,GA,GG,CC,TT,GA,CC,AA,TT,AT,GG,CC,GG,AA,GG,NA,CC,GT,CC,TT,AT,GT,AG,GA,CC,GG,CC,GA,TT,GG,AT,TT,CC,CA,TT,CC,GA,CG,CC,TT,GT,TC,TT,AA,GC,TC,AG,AG,GG,CC,CT,TT,CC,TT,TT,AG,GG,CT,CT,GC,TT,CC,TC,GC,AA,GG,AA,GG,AG,AA,TT,NN,GG,GT,GG,CT,GG,TT,GG,NN,TG,AG,GG,TT,GG,AT,CC,AA,NN,AA,CC,AT,GC,NN,CC,CC,CC,GG,GG,GA,GA,CC,CT,GA,TT,AG,TT,TT,GT,CC,GT,CC,CC,CC,TT,TT,AA,GG,GG,TT,AA,TC,TT,GA,GA,NN,CC,AA,TT,GG,TT,TT,GG,CT,CC,GG,AA,GG,TT,TT,GC,CA,NG,CC,GA,GA,CT,GT,TT,AG,TT,TT
Finnish in Finland,,,,HG00324,,TC,AA,TT,CC,NN,CC,GA,NN,CC,CT,CT,GG,CC,CC,CC,GG,GG,GC,GG,TC,AG,AA,CT,AA,AA,CT,GA,NT,AC,TT,CC,CC,CC,TG,AA,AA,TT,AG,AA,AA,CC,CC,GG,GG,GG,CC,TT,NG,NN,AA,CC,CT,TT,TT,CT,AA,CC,CC,CC,AC,GG,AA,TA,TT,CC,GG,GG,GA,GT,TT,TT,AG,CG,AA,TT,TT,GG,CT,GG,AA,AA,AA,CT,GT,CC,CC,TT,TT,GG,AG,CC,GG,TC,GG,TT,GG,AT,TG,CG,AA,TT,TT,GA,CC,CC,TT,TT,CT,TT,AA,GC,TT,AG,AG,AA,CC,CT,TC,CC,TT,NT,GG,GG,CC,CC,CG,TT,CC,CC,CG,AA,GG,AA,GG,AG,AA,TT,NN,GG,TT,GG,TC,AG,CT,NN,TT,GG,AG,GC,TT,GG,AA,TC,AA,NN,AA,CC,AT,CC,NG,CC,CC,GC,NG,GG,AA,AG,CC,TT,AG,TT,AA,TA,TT,TT,TT,TT,CC,CC,CC,GT,TT,AA,AG,GA,TT,GG,CC,TT,GG,AA,NN,CC,GA,TT,GG,GT,TT,GG,CC,CG,GG,AA,AA,TT,CT,CC,AA,NN,CC,GG,GG,CC,GG,TT,AA,TT,TT
Finnish in Finland,,,,HG00325,,CT,CA,TT,CT,NN,TC,AG,NA,CC,TT,CC,AG,CC,CC,TC,NN,AA,CG,GG,TC,AG,AA,CT,TA,AA,TT,AA,TT,AA,TT,CC,CC,CC,GG,AG,AA,TT,AG,AA,AA,CC,CC,GG,GG,GG,CC,TT,GN,NN,AA,CC,CT,TT,TT,TC,GA,AC,CC,CC,AC,GG,AA,AT,TT,TT,CG,GG,GA,GG,TC,CT,GG,CC,AA,TT,AT,GG,CC,GG,AA,AG,AN,CC,TG,CC,TT,TT,TT,GG,AG,CC,GG,CC,GA,TT,GG,TA,TT,GC,CC,TT,CT,GA,GC,TC,TT,GT,TC,TT,AA,CG,TT,GG,GG,GA,CC,TC,TT,CC,TT,TT,GG,GA,CC,CC,CG,TT,NC,CT,CG,AA,GG,AA,GG,AA,AA,TT,CC,GG,TT,AG,TT,GG,CC,GN,NT,GG,GG,CC,TT,GG,AA,TT,NN,NN,AG,CC,AA,GC,NN,CC,CC,CG,GG,GG,AA,AG,CC,TT,GG,TT,AG,AA,TT,TT,TT,GT,TC,CC,CC,TG,TT,AA,GG,GG,TT,AG,TC,TC,GG,AA,CN,CC,GG,TT,AG,GG,TT,AG,CC,CC,GA,AA,GG,GT,CC,CC,CA,NG,CC,GG,GG,CC,GG,TT,AA,CT,TT
Finnish in Finland,,,,HG00326,,CT,AA,CC,CC,NN,CC,GA,NA,CC,TT,CT,GG,CC,CC,CC,GG,GA,CC,GG,CT,GG,AA,TT,AA,GA,CT,AA,NT,AA,TT,CC,CC,CT,TT,AA,AA,TT,AA,AA,AA,CC,CC,GG,NG,GA,CC,CT,NG,CN,NN,CC,TT,TT,TT,TC,GA,AC,TC,CC,AA,GA,AA,AT,TT,TC,GC,GA,AA,TG,TT,TT,GG,CC,AA,TG,TT,GG,TC,GG,AA,AG,NN,CC,TG,CT,TT,AA,GT,GG,GG,CC,GG,CC,GG,CT,GG,TA,TT,CC,AA,TC,CT,GG,CC,TC,CT,TT,TT,TT,AA,CG,TT,GG,GG,GG,CC,TT,TT,AA,TT,TT,GG,GG,CC,CC,CG,TT,CC,CC,CC,AA,GG,AA,AG,AA,AA,TT,NN,GG,TT,GG,CC,GG,CC,GG,TT,GG,GA,GC,TT,GG,AA,CC,AA,NN,AA,TT,AA,GG,NN,CC,CC,CC,GG,GG,AA,AG,CC,CT,AA,TT,AA,TT,TT,GT,TT,GT,CC,CC,CC,TT,TT,AG,AG,AA,TT,GA,TC,TT,GA,AA,CN,TT,GA,TC,GA,GG,CT,AG,TC,CC,GA,AA,GG,GG,CC,CC,AA,NN,CC,GG,GG,CC,GG,TT,AA,TT,TG
Finnish in Finland,,,,HG00327,,TT,AA,TC,CC,GN,TC,AA,NA,CC,TT,TC,AA,CC,CC,CC,GN,AA,GC,GG,CT,GG,AA,TC,AA,AA,TT,AG,NN,AA,TT,CG,CC,CC,GT,AG,AA,TT,GG,AA,AA,CC,CC,GG,GG,AG,CC,TT,NG,NN,NA,TC,TC,TT,TT,TT,AG,CA,CT,CC,CA,GG,AA,TA,TT,TC,GG,GG,GA,GT,CC,TT,GG,CC,AA,TT,TT,GG,CC,GG,AA,AA,AN,CT,GT,CC,TC,AT,TT,AG,GG,CC,GG,CC,AG,TT,GG,TT,TG,CC,AA,TT,TT,GG,CC,CC,CT,TG,CT,TT,AA,CC,TT,GG,GG,AA,TT,CC,TT,CC,TT,TT,GG,AG,TC,CC,CC,TT,CC,CC,CG,AA,GA,AA,GG,AA,AA,TT,CC,GG,GT,GG,TT,GG,CC,GN,TT,TT,AG,CG,TT,GG,TA,CC,NA,CN,GA,CT,AT,GC,GN,CC,CC,CG,GG,GA,AA,AG,CC,TT,GA,TT,AA,TT,TT,TT,TC,TG,CC,CC,CC,GT,TT,AA,AA,GA,TT,GG,CT,TT,AG,AA,NN,CC,GA,TT,AA,TG,TT,GG,CC,GC,GA,AC,AA,TT,CC,CG,AA,NN,CC,GG,GG,CC,GT,TT,AA,TT,TT
Finnish in Finland,,,,HG00328,,CC,CA,TC,TT,NN,CC,AA,NN,CA,TT,CT,GG,CC,CC,CC,GG,GA,CC,GA,CC,GG,GA,CT,TA,AA,TT,AA,TN,AA,TT,CC,CC,CC,GT,AA,AA,TT,GA,AA,AA,CC,CC,GG,GG,AA,CC,TT,NN,NC,AA,CC,TT,NT,TT,TT,AA,CC,CC,CC,AC,GG,AA,TT,TT,CC,CG,GG,AA,GG,CT,TT,GA,GC,AA,TT,TT,GG,CC,GG,AA,GG,NA,CC,GG,CC,CC,TT,TT,GG,GG,TC,GG,CC,GG,TT,GG,AT,TT,CG,AA,TT,CC,GA,CC,CC,TT,TT,CT,TT,AA,CC,TT,GA,GA,AA,CC,CC,TT,CC,TT,TN,GG,GG,TC,CC,CC,TT,CC,CC,CC,AA,AG,GA,GG,GG,AA,TT,CN,GG,GT,GG,TT,GG,TT,GN,TT,GG,AA,GG,TT,GG,TA,CC,AA,NN,GA,TT,AA,GC,NN,TT,CC,GG,GG,GG,AA,GA,TC,TT,AG,TT,AG,AT,CT,TG,CT,GT,CC,CC,CC,TG,CT,AA,GG,GA,TC,GG,CT,CT,GA,AG,NC,TC,AA,CT,GA,GG,TT,GG,CC,CC,GG,AA,GG,GG,CC,GC,AA,NG,CC,GA,AA,TT,GG,TT,AA,CC,TT
Finnish in Finland,,,,HG00329,,TC,CA,TC,TC,GN,CC,GA,AN,CC,TT,CC,AA,CC,CC,CC,GN,AG,CG,GG,CT,GA,AA,TT,AT,AA,TT,GA,NT,AA,TT,CC,CC,TC,GG,GG,AA,TT,GG,AA,AA,CC,CT,GC,GG,GG,CC,TT,NN,CN,AA,TC,CT,TT,TT,TT,GG,AA,TT,CC,CC,GG,TA,TT,TT,CC,GG,GG,GA,GT,TC,TT,GG,CG,AA,GT,TT,GG,CC,NG,AA,AG,NN,CC,TG,CC,CT,TT,TT,GG,GA,CC,GG,CC,GG,CT,AG,TA,GT,CC,AA,TT,CT,AG,CC,CC,TT,TT,CC,CC,AA,GC,TT,GG,GG,AA,CC,CT,TC,CC,TT,TT,GG,GG,CC,CC,CC,TA,NC,TC,GG,AA,GA,AA,GG,GA,AA,TT,NC,GG,TT,AA,CT,GG,CT,GG,NN,GG,GA,GG,TT,GG,TA,CT,AA,NN,GA,TC,AA,CG,NN,CC,CC,CC,GG,GG,AA,AA,CC,CT,AA,CT,AA,TT,TT,TT,CT,TG,TC,CT,TC,TT,TC,AA,GG,GA,CC,GG,TC,TC,GA,GG,CN,CC,AA,TT,GG,GT,TT,GG,CC,GC,GG,AA,GG,TT,CC,CC,AA,NG,GC,GG,GG,TC,GG,TT,AA,CC,GG
Finnish in Finland,,,,HG00330,,TT,AA,CC,CC,NN,CC,GA,NN,AC,TT,CC,GG,TT,CC,CC,GG,GG,CC,GG,CC,GG,AA,TT,AT,AA,TT,AG,NN,AA,TT,CG,CA,CC,GT,AG,AA,AT,GA,AA,AA,CC,TC,GG,NN,AA,CC,TC,GG,NN,AN,TT,CT,TN,TT,TT,AA,CC,CC,CC,AC,GG,TA,AT,TT,CC,GG,GG,GG,GG,CT,TT,GG,CC,AA,TT,TT,GG,CC,GN,AA,AG,AA,CC,GG,CC,TT,TT,TT,AG,GG,CC,GG,CC,GG,TT,GG,AT,TT,CC,AC,TT,TC,AG,CC,CC,TC,TT,CT,TT,AA,CG,TT,GG,GG,GA,CC,CC,TT,CC,TT,NN,GG,GA,CT,CC,GC,TT,CN,CC,CC,AA,AG,AG,GG,AA,AA,TT,NC,GG,TT,AG,TT,GG,CC,NN,TT,GT,AA,GC,TT,GG,AT,CC,AA,NN,GA,CT,AA,GG,NG,CC,CC,CG,GG,GG,AA,GA,CC,TT,GA,TT,AA,TT,TT,GG,CT,TG,CT,CT,CC,GT,TC,AA,GG,AA,TT,GG,CC,CC,AG,AA,NC,TC,AA,TT,GA,TT,TT,GG,CT,CC,GG,AA,GA,TG,CC,CC,AA,GN,CC,AA,AA,TT,GT,TT,AA,TT,TT
Finnish in Finland,,,,HG00331,,TC,AA,CT,CC,NN,CC,GG,NN,AC,TT,TT,GG,CC,CC,TT,NG,GG,CC,GG,TC,AG,AA,TT,TT,AA,TC,GA,TN,AA,TT,CC,CC,CC,GG,AA,AA,TT,AA,AA,AA,CC,CC,GG,GN,AA,TC,CT,NG,CN,AA,CC,TC,TT,TT,TC,AA,CC,CC,CC,CA,GG,AA,TT,TT,TC,GG,GG,GA,TT,CT,TT,GG,CC,AA,TT,TT,GG,CC,NG,AA,AA,NN,CC,GG,CT,CC,TT,TT,GG,GG,CT,GA,CC,GG,TT,GG,TA,TT,CC,AA,CT,TT,GG,CC,CC,TT,TT,TT,TC,AA,GC,CT,GG,GA,AA,TT,CC,TT,CC,TT,TT,GG,GG,TC,CC,CC,TT,CC,CC,CC,AA,GG,GA,GG,GA,AG,TT,CC,GG,TT,GA,TC,GG,CT,GN,TN,TG,AG,CG,TT,GG,AT,CC,AA,NN,AG,TT,AT,CG,NN,CT,CC,GC,GG,GG,AA,GG,CC,TT,GA,CT,AG,TT,TT,TT,TC,TT,CT,CC,CC,GT,TT,AA,GG,GG,TT,GA,TT,TC,GG,AG,CN,CC,GA,CT,AG,TT,TT,AA,CC,GG,AG,AA,GG,TT,CC,CG,AA,NN,GC,GG,GG,CT,GG,TT,AA,TC,TT
Finnish in Finland,,,,HG00332,,TC,AA,CC,CC,GN,CC,GA,AA,AC,TT,CC,AG,CC,CC,TT,GN,GG,GC,GG,TC,AG,AA,TC,AT,GA,TT,AA,TT,AC,TT,CC,CC,CC,GG,AA,GA,TT,AG,AA,AA,CC,CC,CG,GG,AG,CC,TT,GN,NC,AN,TC,CT,TT,TT,TT,AA,CC,CC,CC,CA,GA,AA,TT,TT,CT,GG,GG,GG,TG,TC,TT,GG,CC,AA,TT,TT,AG,TC,GG,AG,AA,NA,CC,GG,CC,CT,TT,TT,GA,AG,CT,GG,CC,GG,TC,GA,AT,TT,CC,CA,TT,TC,GA,CC,CC,CT,TG,CT,TT,AC,CG,TT,GG,GA,GG,CC,TC,TT,CC,TT,TT,GG,GG,CC,CC,CC,AT,CC,CC,CC,AA,GA,AA,GG,AG,AA,TT,CC,AG,TT,AA,TC,GG,TT,GN,TT,GT,AA,GG,TT,GG,AT,CC,AN,NN,GA,CT,TT,GG,GN,CC,CC,CC,GG,GG,AA,AA,CT,TT,AA,TT,GG,TA,TC,TT,TC,GT,CC,CT,CC,GT,TT,GA,GG,GA,TC,AG,TC,CT,GG,AA,NC,TT,AA,TT,GG,GG,TT,AG,TT,CG,GG,AA,GA,GT,CC,CC,AA,NN,CC,AG,GA,CT,GG,TT,AA,TT,TT
Finnish in Finland,,,,HG00334,,TT,AA,CT,TT,NG,CC,GG,NN,AC,TC,CT,AG,CC,CC,CC,NG,GG,GC,GG,CC,GG,AA,TC,TT,GA,TT,GG,TT,AA,TT,GC,CC,CT,GG,AA,AG,TT,GG,AA,AA,CC,CT,GG,GG,GG,CC,TT,GG,CC,NN,CC,TT,TT,TT,TT,AA,CC,CC,TC,AC,GG,AA,TT,TT,CC,GG,GG,AG,GG,TT,TT,GG,GC,AA,TT,TT,GG,CC,GG,AA,GG,NN,CC,GT,CC,CC,TT,TT,GG,AG,TC,GG,CT,GG,TT,GG,TT,TT,CC,AC,TT,CT,GG,CC,CC,TC,TT,CT,CT,AA,CC,TT,GG,GG,AG,CC,CC,TT,CC,TT,TN,GG,GG,CC,CC,GG,TT,CC,CC,CC,AA,GA,GA,GG,AA,AA,TT,NN,GA,GT,GA,TC,GG,TC,NN,NT,GG,GA,GG,TT,GG,AT,TC,AN,NN,AA,CC,TT,GG,GG,CC,CC,GC,GG,AA,AA,AA,CC,TT,GG,TC,AA,TT,TC,TT,TC,GG,CC,CT,TC,TT,TT,AA,GG,GG,TT,AG,CT,TC,GG,AG,NC,CT,AG,TT,AG,GG,TT,GG,TT,CC,GG,AA,AA,TT,CC,GG,AC,GN,CC,GG,GG,TC,TG,TT,AA,CC,TT
Finnish in Finland,,,,HG00335,,CT,AA,CT,CC,NG,CC,GG,AA,CC,TT,TC,AG,CC,CC,TC,NG,GG,CG,GG,CC,GG,AA,TT,AA,GG,TT,GG,NT,AA,TT,CC,CC,CC,GG,AG,AA,TT,AA,AA,AA,CC,CC,GG,NN,AG,CC,CT,NN,CN,NA,TC,CT,TT,TT,TC,AA,CA,CT,CT,CA,GG,AA,TT,TC,TC,GG,AG,AA,TT,CT,TT,GG,CC,AA,TT,TA,GG,CC,NG,AA,AA,AN,CC,GT,CT,TT,TT,TT,GG,GA,CC,GG,CC,GG,TT,GG,TA,GT,GC,AA,TT,CT,GG,CC,TC,CT,TT,CT,CT,AA,CG,TT,GG,GA,AA,CT,CC,TT,CC,TT,TT,GG,GA,CT,CC,CC,TT,CC,CC,CG,AA,GA,AA,GG,AA,AA,AT,CN,GG,GT,AG,CT,GG,CT,NN,TT,GG,AA,GG,TT,GG,TA,CT,AA,NN,AA,TC,AT,CC,NN,CC,GC,GG,GG,AA,AA,GG,CT,CT,GG,TT,GA,TA,TT,TG,CT,GT,TC,CC,CC,TT,TT,AA,GG,AA,TT,GG,CT,TT,GG,AA,NN,TC,AA,TT,AG,GG,TT,GA,CT,CC,GG,AA,AG,GT,CT,CC,AA,NG,CG,AG,GA,CT,GT,TT,AA,CC,TT
Finnish in Finland,,,,HG00336,,TC,AA,TC,TT,NG,CC,GG,AA,CC,TT,TC,AA,TC,CC,CT,GN,GG,CC,GA,CC,GG,AA,TT,AA,AA,CT,GA,NT,AA,TG,CG,CC,CT,GG,AG,AG,AT,AA,AA,AA,CC,CC,GG,GN,GG,CC,TT,GN,NN,AN,TC,CT,TT,TT,TT,AA,CC,CC,CC,CA,GG,AA,TA,TT,CT,GG,GG,AG,TT,CC,TT,GG,CG,AA,GT,TT,AG,CC,GN,AA,AA,NN,CC,GG,CC,TT,TT,TT,AG,GA,CC,AA,CC,GG,TC,GG,AA,TT,GC,CA,TT,TT,GA,CC,CC,TT,TT,CT,CT,AA,CG,CT,GG,GG,AA,CC,TT,TT,AC,TT,TN,GG,GG,TC,CC,CG,TT,CC,CC,GC,AA,GA,AA,GG,AA,AA,TT,CN,GG,TT,GG,TT,GG,TT,NG,TT,GG,AA,CG,TT,GG,AT,TC,NA,NN,AG,TC,AA,GG,NN,CC,GC,GC,GG,AG,AG,GA,CC,TC,AG,TC,AA,TA,TC,TT,CC,GT,TT,CC,CC,TT,TT,AG,GG,AA,TT,GA,CC,TT,GG,GG,NN,CC,GG,TT,AG,GG,TT,GG,TC,CC,GG,AA,GG,GT,CC,CG,AA,NN,CC,AG,GG,CC,GG,TT,AA,CC,TT
Finnish in Finland,,,,HG00337,,TC,AA,CC,TT,NN,CC,AG,NA,AC,TT,CT,GG,CC,CC,TC,NG,AA,GC,GG,CC,GG,AA,TC,AA,GA,CT,AA,NN,AA,TT,GC,CC,TC,GT,AG,GG,TT,AG,AA,AG,CC,CC,CG,NN,AG,CC,TT,NN,NN,AA,CC,CT,TT,TT,TC,AA,CC,TC,CC,CA,GG,AA,TT,TC,TC,GG,GG,GG,GG,CT,TT,GG,CC,AA,TT,TT,GG,CC,NG,AA,GA,AA,TC,TG,CC,CT,TA,TG,GG,AG,CC,GG,TC,GA,TT,GG,AT,TT,CC,AA,TT,TT,AA,GG,CC,CC,TG,TT,TT,AA,GC,TT,GG,GG,AA,TC,CC,TT,CC,TT,TT,AA,GA,CC,CC,CC,TT,CC,CT,CC,AA,GA,AA,GG,GA,AA,TT,CC,GG,TT,GA,TT,GG,TT,GG,NT,GT,GA,GG,TT,GG,AA,TC,AA,NN,AA,CT,AA,GC,GN,CC,CC,CG,GG,AG,AA,GA,CC,TT,GG,TT,AA,AT,TT,TT,TT,GT,CC,CC,CC,TT,TT,AA,GG,GG,CT,GG,CC,CC,GG,AA,NC,TT,AG,TT,GG,GT,CT,GG,CC,CC,AG,AA,GA,GG,CC,CC,AA,NN,CC,GG,GG,CC,GG,TT,GG,TC,TG
Finnish in Finland,,,,HG00338,,TC,AA,CC,CT,NN,CC,GA,AN,CA,CT,CC,GG,CC,CC,CC,GG,GG,CC,GG,TC,GA,AA,TC,AA,GA,TT,AA,NT,AA,TT,CG,CC,CT,GT,AA,AG,TT,AG,AA,AA,CC,CC,GG,GG,GG,CC,TC,NN,NC,AN,CT,TT,NT,TC,TT,AA,CC,CC,TC,AC,GG,AA,TT,TT,TC,CG,AG,GA,TT,TT,TT,GG,CG,AA,TT,TT,GG,CT,GN,AA,GA,AA,CC,GT,CC,CT,AT,TT,GG,AG,CC,GG,CC,GA,TT,GG,TT,GT,CC,CC,TT,CT,GG,CC,CC,TT,TT,CT,CC,AA,CG,TT,GG,GG,GA,CC,CT,TT,CC,TT,TT,GG,GA,CT,CC,CC,TT,CC,CT,GG,AA,AA,AG,GG,AA,GA,TT,NN,GG,GG,AA,CC,GG,CC,NG,NN,GT,AA,GG,TT,AG,AA,CC,AA,NN,GA,CT,TA,CC,NN,CC,CC,CC,GG,GA,GA,GG,CT,TT,GG,TT,AA,TA,TT,GT,CT,GG,CT,CC,CC,TG,TT,AA,GG,GA,TT,GG,TC,CC,GG,GA,NN,TC,GA,TT,GG,GG,TT,GG,CT,CC,AG,AA,GG,TT,CC,CG,AA,NN,CC,GG,GG,CC,GG,TT,AA,TT,TT
Finnish in Finland,,,,HG00339,,TT,AA,CT,CT,NG,CC,AG,AN,AC,TT,CT,GG,CC,CC,CC,GN,AA,CC,GA,CC,GG,AA,TT,AA,GG,TT,GA,TN,AA,TT,CC,CC,CC,TT,GG,AA,TT,GG,AA,AG,CT,CC,GG,NG,GG,CT,TT,NG,CC,AA,CC,TT,TN,TT,CT,AA,CC,CC,CC,AC,GG,AA,TT,TT,TC,CG,AG,GG,TT,TT,TT,GG,CG,AG,TT,TT,GG,CC,GG,AA,GG,NN,CC,TG,CC,CT,TA,TG,GG,GG,CC,GG,CC,AG,TT,GG,TA,TT,CC,AA,TC,TT,AG,CC,CC,CT,TT,TT,TT,AA,CC,TT,GG,GG,AG,CC,TC,TT,CC,TT,TN,GA,AG,TC,CC,CG,TT,CC,CC,CC,AA,GG,AA,GG,GA,GG,TT,CN,AG,TT,GG,TT,GG,CT,GN,TT,TG,AA,GC,TT,GG,AT,CC,AN,NN,AA,CT,TA,CC,GN,CC,CC,GC,GG,GG,GA,AG,CC,TT,GA,CT,AG,TA,TT,GT,TC,GT,TC,CC,CC,GT,TC,AA,GG,AG,CT,GG,CT,CT,AA,AA,NN,CC,AA,TC,GA,TG,CT,GG,TC,CC,AG,AA,GG,TT,CT,GG,AC,GN,CC,GG,GG,TC,GG,TC,AA,TT,TT
Finnish in Finland,,,,HG00341,,TC,CA,CC,TT,NN,CC,AG,NN,AC,TT,CC,AG,CC,CC,CC,GG,AG,CC,AG,CT,GA,AA,TT,TT,GA,CT,AG,NN,AA,TT,CG,CC,CC,GT,GA,AA,TT,GG,TA,AA,CC,CC,GG,GN,AG,CC,CT,NN,CN,NA,CC,TT,TT,TT,TT,AA,CC,CC,CC,CC,GA,AA,AT,CT,CC,GG,GG,GG,GT,CC,TT,GG,CC,AA,TT,TA,GG,CT,GG,GA,AA,AA,CC,TG,CT,CC,TT,TT,GG,AA,CC,GG,CC,AG,TT,GG,AT,TG,CC,AC,TT,TT,GA,CC,CC,CC,TT,CT,TT,AA,CC,TT,GG,GG,AG,CC,CT,TT,CC,TT,TT,GG,GG,TT,TC,CC,TT,CC,TC,GC,AA,AG,AA,AG,AG,GG,TT,CC,GG,GT,GA,TT,GG,TC,NG,TT,GG,GG,CC,TT,GG,AA,CC,AA,NN,AG,CT,AA,CC,NG,CC,CC,GG,GN,GG,AA,GG,CC,TT,AG,TT,AA,TT,CT,TT,TT,GG,CT,CC,CC,TT,TT,AA,GG,GG,TT,AA,TC,TC,GG,GG,CN,CT,AA,TT,GA,GG,CT,AG,CC,CC,GG,AC,GA,GG,CC,CC,AA,NN,CC,AG,AG,TC,TG,TT,AA,TC,TT
Finnish in Finland,,,,HG00342,,TT,AA,TC,CT,NN,CC,GG,AN,AC,TT,CC,GG,CC,CC,CT,GN,GA,CC,GG,CC,GG,AA,CT,TA,GA,TT,AG,NT,AA,TT,GG,CC,CC,TG,AA,AA,AA,GG,AA,AA,CC,CC,GG,NG,GG,CC,TT,NN,NC,NN,TC,TT,TT,TT,CT,AG,CA,CT,CC,CA,GG,AA,TT,TT,TC,GG,GG,GG,TT,CC,TT,GG,CC,AA,TT,TA,GG,CC,GG,AA,GA,NN,CC,GG,CC,CT,AA,TT,GG,GG,CC,GG,CC,GA,TT,GG,TT,TG,CC,CA,TT,TC,GA,CC,CC,TT,TG,TT,TT,AA,CC,TT,GG,AG,AG,CC,TC,TT,CC,TT,TT,GG,AG,CC,CC,CC,TT,CC,CT,CG,AA,GG,AA,GG,AG,AA,AT,CN,GG,GT,AG,TT,GG,TT,NG,TT,TG,GA,GG,TT,GG,AA,TC,AA,NN,AA,TC,AA,GG,GG,CC,CC,GC,GN,AA,AA,GG,CC,TT,AA,TT,AG,AA,TT,TT,TC,TT,CC,CC,CC,GT,TT,AA,GG,GG,TT,GG,TC,TT,GA,AA,CN,CC,AA,TT,AA,GG,TT,GG,CC,CC,GG,AA,GG,GG,TC,CC,AA,GG,GG,GG,GG,TC,GT,TT,AA,TT,TT
Finnish in Finland,,,,HG00343,,TC,AA,TT,TC,NN,TC,GG,AN,CC,TT,CC,GG,TC,CT,TC,GN,AG,CC,GG,TC,GG,AA,TT,AA,GA,TT,AG,NN,AA,TT,CC,AC,CT,GT,AG,AA,AT,AA,AA,AA,CC,TC,GG,NG,AG,CC,TT,GN,NN,AN,CC,TT,TT,TT,TC,GA,AC,TC,CC,CC,GG,AA,AT,TT,CT,GC,GG,GG,TG,TC,TT,GA,CC,AA,TT,TT,GG,CC,GG,GA,AA,AA,CC,GT,CC,TC,AA,TT,GG,AG,TC,GG,TC,GG,TT,GG,AA,GT,CC,AC,TT,CT,AA,CC,CC,TT,TT,TC,CT,AA,CG,TC,GG,GG,GA,CC,TT,TT,CC,CT,TT,GG,GG,CC,CC,CC,TT,CC,CC,CC,AA,GG,AA,GG,GA,AG,TT,NC,GG,TT,AG,TC,GG,TT,NG,TN,GG,AA,GC,TT,AG,AT,CC,AA,NN,AA,TC,TT,GC,NN,CC,CG,CG,GG,GG,AA,AA,CT,TT,GA,CC,AA,TT,CC,TT,TT,GG,CC,CC,CC,TT,TC,AA,GG,AG,TT,AG,CC,TC,GG,AA,NC,CC,AA,CC,GG,GG,TT,GG,TC,CC,GA,AA,AA,TT,CC,CC,AA,NG,CC,AA,AA,TC,TG,TT,AA,TT,TT
Finnish in Finland,,,,HG00344,,TT,AA,CC,CT,NN,CC,GG,NA,AC,TT,TT,AG,CC,CC,CC,GN,AA,CC,GG,TC,GG,AA,TT,TT,AA,CC,AA,NN,AA,TG,CC,CC,CC,GG,AA,GA,TT,AA,AA,GA,TC,CC,GG,GG,AG,CC,TT,NN,CC,NN,CC,TT,TT,TT,TT,AA,CC,CC,CC,CA,GA,AA,TT,TT,TT,GG,GG,AA,GG,TT,TT,GG,GG,GA,TT,TT,GG,CC,GN,AA,GG,NN,CC,GG,CC,TC,TT,TT,GG,GG,TC,GG,CC,GG,TT,GG,TT,TT,GC,AA,TT,TC,GG,CC,CC,CC,TT,TC,TT,AA,GC,TT,GG,GG,AA,CT,TT,TC,CC,TT,TN,GG,GA,TC,CC,CC,AT,CC,CC,CG,AA,AG,AG,GG,AA,AA,TT,NN,GG,TT,GA,TC,AG,TT,GG,NN,TT,GG,GG,TT,GG,TT,TC,NA,NN,GA,TC,AA,CC,NN,CC,CC,CG,GN,GG,AA,AA,TT,TT,AG,TT,GA,TT,TT,TG,TT,TG,CT,CC,CC,TT,TT,AA,GG,GA,TC,GA,CC,TC,GG,AG,NN,CT,AG,TT,GG,GG,TT,GA,TC,CC,GG,AA,GA,GT,CC,CC,AA,NN,CC,AG,GG,CC,TG,TT,AA,CT,TT
Finnish in Finland,,,,HG00345,,TT,AA,CC,TC,NN,TC,GG,NN,AC,TC,TC,AG,CC,CC,TC,GN,AG,CC,GG,CC,GG,AA,CC,AT,AA,TT,GG,NN,AA,TT,GC,CC,CT,GG,AA,AA,TA,GG,AA,AA,CC,CC,GG,GN,AG,CC,TC,NN,NC,AA,CC,TC,TT,CC,CC,AA,CC,CC,TT,AA,AA,AT,TT,TC,CC,GC,GA,GA,TG,CT,CT,GG,CC,AA,TT,TT,GG,TC,GG,AA,AG,NN,CC,GG,CC,CC,AT,TT,GG,GG,CC,GA,CC,AG,TT,GG,TA,TT,GC,AC,TT,CC,AG,CC,CT,TT,TT,TT,TT,AA,CG,TT,GG,AG,AA,TC,CC,TT,CC,TT,TT,GG,GG,CT,CC,CC,TT,CN,CT,GG,AA,GG,AA,GA,AA,AA,TT,CN,GG,TT,GA,TC,GG,TT,GN,TT,GT,GA,GG,TT,GG,AT,TC,AN,NN,AA,CT,TT,CG,GN,CC,CC,CC,GG,GG,AA,GG,CC,TC,GA,CT,GG,AT,TT,TT,TC,TG,TC,CC,TC,GT,TT,AA,GG,AG,CC,GG,CC,TC,GG,AA,NN,CC,AA,TT,AA,GT,TT,AG,CC,CC,GG,AA,GA,GT,CC,CC,AA,GN,CC,GA,GA,CT,GG,CT,AA,CC,TG
Finnish in Finland,,,,HG00346,,TC,AA,CC,TC,NN,CT,AA,NA,AA,TT,TC,AA,CC,CC,CC,NG,GA,CC,AG,CT,GG,AA,CC,TT,AA,TT,AA,TT,AA,TT,CC,CC,CT,GG,AA,AA,TT,AG,AA,AA,CC,TC,GG,GG,AA,CC,TT,NN,NN,NA,TT,TC,TT,TT,TT,AG,CA,CT,CC,CA,GG,TA,AT,TC,CC,GG,GG,AA,GG,CT,TT,GG,CC,AA,TT,TA,GG,TC,GG,AA,AG,AN,CT,GT,TC,CC,TT,TT,GG,GG,CC,GG,CC,AG,TC,GG,TT,TT,CC,AC,TT,TC,GA,CG,CT,CC,TT,CC,TT,AA,GG,TC,GG,GG,AA,CC,TT,TC,CC,TT,TT,GG,GG,CC,CC,GG,TT,CC,CC,GG,AA,GG,AA,GA,AA,AA,TT,CN,GG,TT,GG,CC,GG,TC,NG,TT,TG,GA,CG,CT,GG,AA,TT,NA,NN,AA,CC,TA,CG,NN,CC,CC,GC,GG,AG,AA,GA,TC,TT,GA,TC,GA,AA,TC,TT,CC,TT,CC,TC,CC,TT,TT,AA,GG,GG,TT,AA,CC,TT,GG,AA,NN,CT,GG,TT,GG,GG,TT,AG,CC,GG,GG,AA,GG,TT,CC,CC,AA,GN,GC,AA,GA,CC,GT,TT,AA,TC,TT
Finnish in Finland,,,,HG00349,,TT,AA,CC,CC,NN,CT,AG,AA,CC,CT,CC,GA,CC,CC,CC,GN,GG,CC,GG,CC,GG,AA,TT,AT,AA,TT,GA,NN,AC,TT,GG,CC,CC,GG,AA,AA,TT,GG,AA,AA,CC,CC,GG,GG,AG,CC,TT,GG,NN,AN,CT,TT,NT,TT,TT,AG,CA,CC,CC,AA,GG,AA,TT,TT,TC,GC,GG,AG,GG,TT,TT,AG,CC,AA,TT,TT,GG,CC,GG,AA,GA,AA,CC,GG,CC,TC,TA,TT,GG,GA,TC,AG,CC,GG,TT,GG,AT,GT,CC,AC,TT,CT,GA,CC,CC,TT,TT,TT,TT,AA,GC,TT,GG,GG,GG,CC,CT,TT,CA,TT,TT,AG,AG,CC,CC,CC,TT,CC,CC,CC,AA,AG,AA,GG,AA,AA,AT,NC,GG,TT,GA,TC,GG,CT,GG,NT,GG,AA,GG,TT,GG,AA,TT,AA,NN,AA,CC,AT,GC,NN,CC,CC,CC,GG,GG,AA,AA,TC,TT,AA,TT,AA,TT,TT,GT,CT,TG,CC,CC,CC,TT,TT,AA,GG,GA,TT,AG,TT,TT,GA,AG,NC,CT,AA,TT,GG,TG,TT,AG,CC,CC,GG,AA,GA,TT,CC,CC,AC,GN,CG,GG,AG,TT,TT,TC,AA,TT,TT
Finnish in Finland,,,,HG00350,,TT,AA,TC,CC,NN,CC,AA,NA,CC,TT,CC,GG,CC,CC,CC,GG,AA,CC,AG,CC,GG,AA,TC,TT,AA,TC,GA,NT,AA,TT,CC,CC,CT,GG,AG,AA,TT,GG,AA,AA,CC,TC,CG,GG,GA,CC,CT,NN,CN,NN,CC,TT,TT,TT,CT,AA,CC,CC,CC,AA,GG,AA,AT,TT,CC,GC,GG,GG,TG,TT,TT,GG,CC,GA,GT,TT,GG,CC,NG,GA,AA,NA,CC,GG,CC,CC,TT,TT,GG,GG,TC,GG,CC,GG,TT,GG,AA,TT,CC,CA,TT,TC,GA,CC,CC,CT,TT,CC,TC,AA,CC,CT,GG,GG,AA,CC,CC,CT,CC,TT,TT,GG,GG,CT,CT,CC,TT,CN,CC,CG,AA,GA,GA,GG,GA,GA,TT,NN,GG,GT,AA,CC,GG,TT,NG,NT,GT,AG,GG,TT,GG,AA,TT,AA,NN,AA,TT,TA,CG,GG,CC,CC,CC,GG,AG,AG,GA,CC,TT,AG,TC,AA,TA,TT,GT,CT,GG,TC,CC,CC,TT,TT,AA,GG,AA,TT,AA,CC,TT,GA,AG,CN,TT,AA,TT,GG,GG,TT,GG,CC,CC,GG,AA,AA,GG,CC,CC,AA,NG,CC,GG,GG,CC,GG,CT,AA,CC,TT
Finnish in Finland,,,,HG00351,,TC,AA,CC,TT,NN,CC,GG,AA,AC,TT,CC,AG,CC,CT,CC,GG,AG,CC,GG,CC,GG,AA,CC,TT,AA,CT,GG,NN,AA,TT,GC,CC,CC,GG,AA,AA,TT,AA,AA,AA,CC,CC,GG,GG,AG,CC,TT,NG,NN,AN,CC,TT,TT,TT,TT,GA,AC,TC,CC,CC,GG,AT,TT,TT,CC,GG,GG,GG,TT,TC,TT,AG,CC,AA,TT,TT,GG,CC,GG,AA,GG,NA,CC,GG,CC,CT,AA,TT,GG,GA,CC,GG,CC,GG,TT,GG,AT,TG,CC,CC,TT,TC,AA,CC,CC,TT,TT,TC,CT,AA,GG,CT,GG,AG,AG,CC,CT,TT,CC,TT,TT,AG,GG,CC,CC,CC,TT,CC,CT,CG,AA,GG,GA,GG,AA,AA,TT,NN,AG,TT,GG,TT,GG,CT,GG,NT,GG,GA,GG,TT,GG,AA,CC,AA,NN,AA,TC,AA,CC,GN,CC,CC,CC,GG,GA,GG,GA,CC,TT,GG,TT,GA,AT,TC,TG,TC,GG,TT,CC,CC,TT,TT,AA,GG,GG,TC,AG,TC,TC,GG,GA,NN,CC,AA,TT,GG,TT,TT,GG,CT,CC,AG,AA,GG,TG,TC,GC,AA,NN,CC,GA,GG,TC,GG,TT,AA,TT,TT
Finnish in Finland,,,,HG00353,,TT,AC,CT,CC,NN,TC,GA,AA,CC,TT,CC,GG,CC,CC,CC,NG,AG,CC,GG,CC,GG,AA,CT,TA,AA,TC,GA,NN,AA,TT,CG,CC,CC,GG,GA,AA,TT,AA,AA,AA,CC,CC,GG,NG,GA,CC,CT,NN,CC,NN,CC,TT,TT,TT,TC,AA,CC,CC,CC,AC,GG,AA,TT,TT,CC,GG,GG,GA,TT,CC,TT,GG,CG,AA,TT,AT,GG,CC,GG,AA,AG,AN,CC,GG,CC,CT,TT,TT,AG,GG,CC,GG,CC,GA,TT,AG,TT,TG,GC,AC,TT,CT,GG,CC,TC,TC,GT,TT,CT,AA,GG,TT,GG,GG,AA,TC,CT,TT,CC,TT,TT,GG,GG,TT,CC,CG,TT,CC,CC,CC,AA,AG,AA,GG,AA,AG,TT,NN,GG,TT,AA,TT,GG,TT,GN,NT,GG,GA,GC,TT,GG,AA,CC,AA,NC,AG,TC,AT,CG,GG,CC,CC,CG,GG,GG,GA,GG,CC,TT,AA,TT,GA,TT,TT,TT,CC,GG,TC,CC,CC,TT,CC,AA,GG,GG,TC,GG,CT,TC,GG,GG,NN,CT,AG,TT,GG,GG,TT,AG,CT,CC,GG,AA,GG,GT,CC,CC,AA,NN,CC,GG,GG,TC,GG,TC,AA,TT,TT
Finnish in Finland,,,,HG00355,,CT,AA,CC,TC,NN,CC,GA,NN,AC,TT,CC,AA,CC,CC,CC,NN,GG,CC,GG,CC,AG,AA,TT,TA,AA,TT,GA,TN,AA,TT,CG,AC,CC,GG,AA,AA,TT,AA,AA,AA,CC,CT,GG,GG,GG,CC,TT,GG,NN,AA,CC,TT,TT,TT,CC,AA,CC,CC,CC,CA,GA,AA,AT,TT,CC,GC,GA,GA,TT,CC,TT,GG,CC,AA,TT,TT,GG,CC,NG,AG,AA,NA,CC,GG,CT,CT,TT,TT,GG,AG,CC,GG,CC,GG,TT,GG,AT,TT,CC,AA,TT,TC,AA,GC,CC,TT,TT,CC,CC,AA,GC,CT,AG,GG,AA,CC,CT,TT,CC,TT,TN,GG,GG,CC,TC,GC,TT,CC,CC,GC,AA,GG,AG,GG,AA,AA,TT,CC,AG,TT,GG,CC,GA,TC,GN,NT,TG,GA,GG,TT,GG,AA,CC,AA,NN,GA,TT,AA,GG,NN,CC,CC,GC,GG,GG,AA,GG,CC,CC,GG,TT,AG,TT,TT,TT,TT,GG,CT,CC,CC,TT,TT,AG,GG,GG,TT,AA,TC,CT,GG,GA,NN,CC,AA,TT,GA,GG,TT,GG,CT,CC,GG,AA,GG,TT,CC,CC,AA,GN,GC,GG,GG,CC,GG,TT,AA,TT,TT
Finnish in Finland,,,,HG00356,,TT,AA,CC,TT,NN,CC,AG,NN,CC,TT,TT,GG,CC,CT,CT,NN,AA,CC,GG,CT,GG,AA,TT,AA,GG,TT,GG,NN,AA,GT,GG,CC,CC,GT,AA,AG,TA,GG,AA,AA,CC,CC,GG,GN,GG,CC,TT,NN,CN,NA,CC,TT,TT,TT,TT,AA,CC,CC,CC,CA,GG,AA,AT,TT,CC,GG,GG,AG,TG,CC,TT,GG,CC,AA,TT,TT,GG,CC,GG,AA,AG,AA,CC,GG,CC,TC,AT,GT,GG,GA,CC,GG,CC,GG,TT,GG,AT,TG,CG,AC,TT,TC,AG,GC,CT,TC,TT,CC,TT,AA,CC,CT,GG,GG,GA,CT,TC,TT,AC,TT,TT,AG,GG,CC,CC,GC,TT,CC,CC,GC,GA,GA,AA,GG,GG,AA,TT,NN,AG,TG,AG,CT,GG,TC,NN,TT,GG,GA,GG,TT,GG,AA,CC,AA,NN,AA,TT,AT,CG,GG,CC,CC,GC,GN,GG,AA,AA,CC,TT,GG,TT,AG,TT,TT,TT,TT,GG,CC,CC,CC,TG,TC,AA,GG,GA,TT,AG,TC,TC,GA,AA,NC,TT,GA,CT,GG,GT,TT,GA,CC,GC,AG,CA,GA,TT,CC,CC,AC,NN,CC,GG,GG,CT,GG,TT,AA,CT,TT
Finnish in Finland,,,,HG00357,,TC,AC,CC,CC,NN,CC,GG,NA,CC,TC,TT,GG,CC,CT,CT,NG,GG,CC,GG,CC,GG,AA,TC,AT,AG,TT,GG,NN,AA,TT,CG,CC,CC,GG,AA,AA,TT,GG,AA,AA,CC,CC,GG,GN,AG,TC,TT,NN,NC,AN,TC,CT,TT,TT,TT,AA,CC,CC,CC,AA,GG,AT,TA,TT,CC,GC,GG,AA,GT,CT,TT,GG,CC,AA,TT,TT,GG,CC,GG,AA,AA,NN,CT,GT,CT,CC,AT,TT,GG,AG,TT,GG,CT,GG,TT,GG,AT,TT,CC,CA,TT,TC,AG,CC,CC,CT,TT,TT,TT,AA,CG,TT,GG,GG,AA,CC,CC,TT,CC,TT,TT,GG,GG,TT,CT,GC,TT,CN,CT,CG,AA,GG,AA,GG,AA,AA,TT,NN,AG,TT,GG,TT,GG,TT,GG,TT,TT,GG,GG,TT,GG,AT,CC,AA,NN,AA,TT,AA,GC,NN,CC,CC,CC,GG,GG,AA,AA,TC,TT,AG,CT,AA,AA,TT,TT,TC,TT,CT,CC,CC,GT,TT,AA,GG,GG,TT,AG,CC,TT,GG,AA,CN,CC,GG,TT,AA,GT,TT,AA,TT,GC,GG,AA,GG,TT,TT,CC,AC,NG,CC,GG,GG,CC,GG,TT,AA,CC,TT
Finnish in Finland,,,,HG00358,,TC,AA,CC,CC,GN,CC,GG,AN,CC,TT,CT,GA,CC,CC,TC,GN,GG,CC,AG,CC,GG,AA,TT,TT,AA,TC,AG,TN,AA,TT,GC,CC,CT,GG,AA,AA,TT,AG,AA,AA,CC,CC,GG,GG,GG,TC,TT,GN,NN,NN,CT,TT,TT,TT,TT,AA,CC,CC,CC,AC,GG,AT,TA,TT,CC,GC,AG,GA,TT,TT,TT,GG,CG,AA,TT,TT,GG,TT,GG,AA,GA,AA,CT,TT,CC,CC,TT,TT,GG,GG,CC,GG,CC,GG,TT,GG,TT,GT,CC,AC,TT,CT,GA,CG,CC,TT,TT,CT,TC,AA,GC,TT,GG,AA,AG,TC,CT,TT,CC,TT,TT,GG,GG,TC,CC,CG,TT,CC,CC,GC,GA,AG,AG,GG,AA,AA,TT,NN,GG,TG,GA,TC,GG,TC,NG,TT,GT,AA,GC,TT,GG,TA,CC,NA,NN,AG,CC,TA,CC,GN,CC,CC,CG,GG,GG,GA,AG,CC,TT,GG,TT,AA,TT,TT,GT,CC,TG,CT,TT,CC,TT,TT,AA,GG,AG,TT,AG,CC,TT,GA,GA,NN,CT,AA,TT,GG,GT,TT,GG,CC,CG,GA,AA,GG,TT,TC,CC,AC,GN,CC,GA,GA,CC,GG,TT,AA,TT,TT
Finnish in Finland,,,,HG00360,,TC,AA,CT,TT,NN,CC,AG,AA,CC,TT,CC,AG,CC,CC,CC,GG,GG,GC,GG,TC,GG,AA,TT,TA,AA,TT,AA,NT,AA,TT,CG,AC,CT,GG,AG,GA,TT,AG,AA,AA,CC,CC,GG,GN,AG,CC,TT,NG,CN,NA,CC,TT,TT,TT,TT,AG,CA,CC,CC,AC,AG,AA,TA,TT,CT,GG,GG,GG,TG,TC,TT,GA,GC,AA,TT,TT,GG,TC,NG,AA,AA,AN,CT,TT,TC,CT,TT,TT,GG,GA,CC,AG,CC,AG,TT,GG,TT,TT,CC,AC,TT,TT,AA,CG,CC,TC,TT,CT,TT,AA,GC,TT,GG,GG,GA,CC,CC,TT,CC,TT,TT,GG,GG,CT,CC,CC,TT,CC,CC,CG,AA,GG,AA,GG,AA,AA,TT,CN,GG,TT,GG,CC,GG,CT,NG,TT,GT,GA,GG,TT,GG,AA,CC,AA,NC,AA,CC,TA,GC,GN,CC,CC,CC,GG,GG,AA,GA,CC,TT,GA,TC,GA,TT,TT,TT,CC,GG,CT,CT,CC,TT,TT,AA,GG,GG,TT,GA,CC,CC,GG,AG,NC,CT,AA,TT,AG,TT,TT,GG,CC,CC,GG,AA,AG,GT,CC,GC,AA,GG,CC,AG,AG,TC,TG,TT,AA,CC,GG
Finnish in Finland,,,,HG00361,,TT,AA,CC,TT,NN,CC,AG,NN,AA,TT,TC,AG,CC,CC,CC,GG,GG,CC,GG,CT,GG,AG,TC,TA,AA,TT,GG,NN,AA,TT,CC,CC,CC,TG,AA,AA,TT,GA,AA,AA,CC,CC,GG,GG,GG,CC,TT,NN,CN,AA,CC,TT,TT,TT,CT,AG,CA,CT,CC,AA,GG,AA,TT,TT,CC,GG,GG,GG,TT,CC,TT,AG,CC,GA,TT,TT,GG,CC,GN,AA,GA,NN,CT,GT,CC,TC,AA,TT,GG,AA,CC,GG,CC,GA,TT,GG,AA,TG,CG,AC,TT,TC,GG,CC,CC,TT,GT,TT,TT,CA,GG,TC,GG,GG,GG,CC,CT,TT,AC,CT,TT,GG,GG,TT,CC,CC,TT,CC,CC,GC,AA,GG,AA,GG,AA,AA,TT,NN,GG,TT,GA,TT,GG,TT,NN,TT,TG,AA,CG,TT,GG,AA,CC,AA,NN,AA,TT,AA,GG,GN,CC,CC,CG,GG,GG,AA,AG,CC,TT,GG,TC,GG,AA,TT,GT,CT,GG,TC,CC,CC,GT,TT,AA,GA,AG,CT,GA,TC,TT,GA,AA,NN,CC,AA,TT,GG,GG,CT,AG,CC,CC,GG,AA,GG,TT,CC,CG,CC,GN,CC,AG,AG,TT,GT,TT,AA,TT,TT
Finnish in Finland,,,,HG00362,,CT,CA,CC,CC,NG,CC,GG,NN,AC,TT,CT,AA,CC,CC,TT,GG,AA,CC,GG,CT,GA,AA,TC,AA,AG,TT,GA,TT,AA,TT,CG,AA,CT,GG,AA,AG,TT,AG,AA,AA,CC,CC,GG,GN,GG,TC,TT,NN,NN,AN,TC,TT,TT,TT,TT,AA,CC,CC,TC,AA,GG,AT,TA,TT,CC,GG,GG,AG,GG,TC,TT,GG,CC,AA,GT,TT,GA,CC,GN,GA,AA,AA,CC,GG,CC,TC,TT,TT,GG,AA,CC,GG,TC,GG,TT,GG,AA,TT,CG,AC,TT,TT,GA,GC,TC,CC,TT,CT,CT,AA,CC,TT,GG,GA,AG,CC,TC,TT,CC,TT,TT,GG,GG,CC,TC,CG,TT,CC,CC,CG,AA,GG,AA,GG,GA,GA,TT,NC,GG,TT,GG,TT,GG,TT,GG,TN,GT,GA,GG,TT,GG,AT,CT,AN,NN,AA,TC,AA,GG,NN,TC,CC,CG,GG,GG,AA,GA,CC,TT,GA,TT,AG,AT,TT,TT,TC,GT,CC,CC,CC,GT,TT,GA,GG,GG,TT,GG,CT,TC,GA,AA,NC,CC,AA,CC,GG,GG,TT,GA,CC,GC,GA,AC,GA,GT,CC,CC,AA,GG,CC,AG,AG,TT,GG,TC,AA,CC,TT
Finnish in Finland,,,,HG00364,,CT,AA,CT,TC,NN,CC,GA,NN,AC,TT,TC,AG,CC,CC,TT,NG,GG,GC,GG,CC,GG,AA,TT,TA,GA,TT,GA,NN,AA,TT,GC,CC,CC,GT,AA,AA,TT,AA,AA,AA,CC,CC,GG,GG,AG,CC,TC,NN,NN,NN,CC,TT,NT,TC,TC,AG,CA,CC,CT,CA,GG,AA,AT,TT,CC,CG,GG,GG,GT,CC,TT,GG,CC,AA,TT,TT,GG,CC,GG,AA,AG,AN,CC,GG,TC,TT,AA,TT,GG,GA,CC,GG,CC,GA,TT,GG,AA,TT,CC,CA,TT,TT,AG,CG,CC,CC,TG,TT,TT,AA,GC,TT,AA,GG,GA,CC,CC,TT,CC,TT,TT,GG,GG,TT,CT,CC,TT,CC,CT,CG,AA,GG,AA,GA,GA,AA,TT,NN,GG,TT,GA,TC,GG,TT,NG,TN,GG,GG,GG,TC,GG,TA,CC,AA,NN,AA,CT,AT,GG,GN,CC,CC,CC,GG,GG,GG,GG,TC,TT,AA,CT,AG,TT,TT,TT,TT,TG,CC,CC,CC,TT,TT,AA,GG,GG,TC,AG,CC,TT,AG,GG,CN,CT,GG,TT,GG,TG,TT,GG,TC,CC,AG,AA,GG,TG,CC,CG,AA,NN,CC,AG,GG,CC,TT,TT,AA,TT,TT
Finnish in Finland,,,,HG00365,,CT,CA,CC,CC,GN,CC,AG,NA,CC,TC,CC,GG,CC,CC,TC,NN,GA,GC,GG,CT,GG,AA,TT,AA,AA,TT,GG,NT,CA,TT,CC,AC,CC,GT,AG,AA,TT,AG,AA,AA,CC,CC,GG,GG,GA,TT,TT,GN,CN,AA,CC,TT,TT,TT,TT,AA,CC,CC,CT,AA,GG,AA,TA,TT,TC,GG,GG,AG,GT,CC,TT,GG,CC,AA,TT,TT,GG,CC,GG,AA,AG,AA,TC,GG,CC,CT,TT,TT,GG,GA,CC,GG,CC,GG,TT,GG,AT,GT,CC,AC,TT,TT,GG,CC,TC,CT,GT,TT,TT,AA,GC,TT,GG,GG,AA,CC,TT,CT,CC,TT,TT,GA,GG,CC,CC,CC,TT,CC,TC,GC,AA,AG,GA,GG,AA,AA,TT,CC,GG,TT,GG,TT,GG,CT,NN,TT,GG,AG,GC,TT,GG,AA,TT,AA,NN,AA,TT,AA,GG,NN,CC,CC,CC,GG,GG,AA,AG,CC,TT,AA,TT,AG,TT,TT,TT,CC,TT,TC,CC,CC,GT,CT,AA,GG,GG,TT,GG,TC,TC,GG,AA,NN,CC,AA,TT,GG,TG,TT,GG,CC,CC,GA,AA,AG,GG,CC,GC,AA,NG,CG,GG,GG,CC,GT,TT,AA,TT,TT
Finnish in Finland,,,,HG00366,,TT,AA,CC,CT,GN,CC,GA,NA,CA,TT,CC,AG,CC,CC,TC,NN,GG,CG,AG,CC,GG,AA,CT,TA,AA,CC,AA,NT,AA,TT,GC,AC,CT,GT,GG,GA,TT,AA,AA,AA,CC,CC,GG,GN,GG,TT,CT,NG,CC,AA,CT,CC,TT,CT,CT,AA,CC,CC,TC,AC,AG,AA,TT,TT,TC,GG,GG,AA,GT,TC,TT,GG,GG,GA,TT,TA,GG,CC,GN,AA,AG,NN,CC,GG,TT,CC,TT,TT,GG,AG,CC,AG,CC,GG,TT,GG,AT,GT,GC,AC,TT,CC,GA,CC,CC,TT,TT,TT,TT,AA,GG,TT,GA,GG,AA,TC,CT,TT,CC,TT,TN,GG,GG,TT,CC,CC,TT,CC,CC,GG,AA,GG,AA,AG,GA,AA,TT,CN,GG,GG,GA,TC,GG,TC,NG,TT,TG,GA,GG,TC,GG,AA,CT,AN,NN,GA,TC,AA,GG,GN,CC,CC,CG,GN,AG,AG,GG,CC,TT,GG,TC,AA,TT,TT,TT,TT,GG,CC,CC,CC,TT,CC,AA,GG,GA,TT,GA,CT,TT,AG,GA,NN,TC,AG,TT,GA,GG,TT,GG,CC,GC,GG,AA,GA,TT,CC,CG,AA,GN,CG,GG,GG,TT,GG,CT,AA,CT,TT
Finnish in Finland,,,,HG00367,,TC,AC,TC,CT,NN,CC,GA,NA,AC,TT,CC,AG,TC,CC,CC,NG,GA,CC,GG,CT,GA,AA,TT,TA,GA,CT,AG,TN,AA,GT,CG,CC,CC,GG,AA,AA,AT,AG,AA,AA,CC,CC,GG,GN,GG,CC,TT,NG,CN,AN,CC,TC,TT,TT,TT,AA,CC,CC,CC,CC,AG,AA,TT,TC,CC,GG,GG,GA,TT,CC,TT,GG,GC,AA,TT,TT,GG,CC,GG,AG,AA,NA,CC,TG,CC,CT,TT,TT,AG,GA,TC,GG,CC,AG,TT,GG,AA,TT,CC,AA,TT,TT,AA,CG,CC,TT,TT,TC,TT,AA,CC,TT,GG,AG,AA,TC,CT,TT,CA,TT,TN,GA,GG,CC,CC,CG,TT,CC,CC,CC,AA,GG,AA,GG,AA,AA,TT,CN,GG,TT,GG,TC,AG,TT,NG,TT,GG,AG,GC,TT,GG,TA,CC,NA,NN,GA,CC,AA,GG,NN,CC,CC,GC,NG,GG,AA,AG,TT,CT,GA,CT,AA,TT,TT,GT,CT,GG,CC,CC,CC,TT,TC,GA,GG,GG,TT,GG,CC,TT,GA,GG,NC,CC,GG,TT,GG,GT,TC,AG,CC,GC,GG,AA,GA,GT,CC,CG,AA,NG,CC,AG,GG,TC,GT,TT,AA,CT,TT
Finnish in Finland,,,,HG00368,,CT,AA,CC,CC,NG,CC,AA,NN,CC,TT,CT,GA,CT,CC,TC,GN,GG,CC,GG,CC,GG,AA,TT,TA,AA,TT,GA,TT,CA,TT,CC,CC,CT,GG,AA,AA,TT,GG,AA,AA,CC,CC,GG,GG,AA,TC,TT,GN,NN,NN,CT,TT,TN,TT,TT,AA,CC,CC,CC,CC,GG,AA,TT,TT,TC,GC,GA,GG,TT,TT,TT,GG,CG,AA,TT,AT,GG,CC,GN,GA,AA,NN,CC,GT,CC,TC,AT,TT,GG,GG,TC,GG,CC,GG,TT,GG,AA,TT,GC,CA,TT,TT,GG,CC,CC,TT,TT,CC,TT,AA,GG,TT,GG,GG,AA,CC,CC,TT,CC,TT,TN,GG,GG,TC,CC,CC,TT,CC,CC,CC,AA,GG,AA,GG,AA,AA,TA,CN,GG,TT,GG,TT,GG,TT,NG,TT,TG,AG,GG,TT,GG,TT,CC,AN,NC,AA,TC,AA,GG,NG,CC,CC,GC,GG,GG,AG,AA,CC,TT,AG,TT,AA,TT,TT,TT,TT,GG,CC,CC,CC,TT,TT,GG,GG,GG,TT,GG,CC,CT,AG,AA,NN,CC,AA,TT,GA,TT,TT,GG,CC,CG,AG,AA,GG,TT,CC,CC,AA,NN,GC,GA,GA,TC,GT,TT,AA,TT,TT
Finnish in Finland,,,,HG00369,,TT,AA,TT,CT,NN,TC,GG,AA,AA,TT,CC,GG,CC,TC,CT,NN,AA,CC,GG,TC,GG,AA,TT,TA,AA,TC,AG,NN,AA,TT,CG,CA,TC,GG,AA,GA,AT,GG,AA,AA,CC,CT,GG,GG,AA,CC,TT,GN,NN,NA,CT,TT,TT,TT,TT,AA,CA,CT,CC,CC,GG,AA,TA,TT,TT,GC,GA,GA,GG,TT,TT,GG,CC,AA,TG,TA,GG,CC,NG,AA,AG,NN,CC,GG,CC,TT,AT,TT,GG,AG,CC,GG,CC,AA,TT,GG,TT,GT,GC,CA,TT,TT,GG,CC,CT,TC,TT,TC,TT,AA,CC,TT,GG,AG,AA,CC,CC,TT,AC,TT,TT,GG,GG,CT,CT,CC,TT,CN,CC,CC,AA,GG,AA,GG,AA,AA,TT,CN,GG,TT,GG,TT,GG,TT,GN,NT,TG,AG,CG,TT,GG,AT,CC,AA,NN,AA,CC,AA,CG,NN,CC,CC,CC,GG,AG,AA,GG,CT,TT,GA,TT,GG,AT,TT,TT,CT,GG,TT,CC,CC,TG,CT,AA,GA,GA,TT,GG,TC,CT,GG,GG,CN,CC,AA,CT,GG,GG,TT,GA,CC,GG,GG,AA,GA,TT,CC,GC,AA,NN,GC,GA,GA,TC,GT,TT,AA,CC,TT
Finnish in Finland,,,,HG00371,,TT,AA,CC,CT,NN,CC,GG,AN,AC,TT,CT,GG,CC,CC,TC,NN,AG,CC,AG,CC,GG,AA,TC,AA,AA,TC,AA,TN,AA,TT,CG,CC,CT,GG,AG,AG,TT,AG,AA,AA,CC,CC,GG,NG,AA,CC,TT,GG,NC,AA,CC,CT,TT,TT,TT,AA,CC,CC,CC,AA,GG,AA,TT,TT,CC,GG,GG,AG,GG,CC,TT,GG,CC,AA,TT,TT,GG,CC,GG,GG,GA,NN,CC,GG,CC,CC,TT,TT,GG,AG,TT,GG,CC,AG,TC,GG,AT,TT,CC,CA,CT,TC,GA,CC,CC,TT,TT,CC,TT,AA,GG,TT,GA,GG,GA,CT,CC,TT,CC,TT,TT,GG,GG,CC,CC,CC,TT,CC,CC,GC,AA,GG,AG,GG,AG,AA,TA,CC,AA,TT,GG,TT,GA,TC,GG,TT,GG,AG,GG,TT,GG,TT,TC,NA,NN,AA,CT,TT,GC,NG,CC,GC,CC,GG,GA,AG,AA,CC,TT,GA,TC,AA,TT,TC,TT,TT,GG,TT,TC,CC,TT,TT,AA,GG,AG,CT,GG,TT,CC,GA,GG,NN,CC,AG,TT,AA,GG,TT,GG,TC,CC,GG,AA,AG,TT,CT,CC,AA,GN,CC,GG,GG,CC,GG,TT,AA,TT,TT
Finnish in Finland,,,,HG00372,,TC,AA,CT,CC,NN,CC,GG,NA,CC,CT,CT,GA,CT,CC,CC,GN,GG,CC,GG,TC,AG,AA,TT,AT,AA,TT,AA,NN,AA,TT,CG,AC,CT,GG,AA,AA,TT,GA,AA,AA,CC,CC,GG,GG,GA,CC,TC,GN,CN,AA,TC,TT,TT,TT,TC,AA,CC,CC,CC,AC,GG,AA,TA,TT,CC,GG,GG,GG,TG,TT,TT,GG,CC,AA,TT,AT,GA,TC,GG,AA,GA,NA,CC,TG,CC,TT,TA,GG,GG,GG,CC,GG,CC,AG,TT,GG,AT,TT,CC,AA,TT,TT,GG,CC,CC,TT,TT,TT,TT,AA,GC,TT,AG,GG,AG,CC,CT,TT,CA,CT,TT,GG,GA,CT,CC,GC,TT,CC,CC,CC,AG,GG,AA,GG,AA,AA,TT,NC,GG,TT,GA,TC,GG,CT,NN,TT,TG,AA,GG,CT,GG,TT,CC,AN,NN,AA,TC,AA,CG,NG,CC,CC,GC,GG,GA,AA,AG,TC,TT,AG,TC,GG,AA,TT,TT,TC,GT,CC,CC,TC,GT,CT,AA,GG,GG,CC,GG,CT,CC,AG,AA,NN,TT,AA,TT,AG,GG,TT,GG,CC,GC,AA,AA,GG,GT,CC,CG,AA,NN,CG,AG,AG,TT,TG,TC,AA,CC,TT
Finnish in Finland,,,,HG00373,,CC,AA,CC,CC,NN,CC,AA,AN,CC,CT,TC,AA,CC,CC,TT,NN,GG,CC,GG,CC,GG,AA,TT,AA,AA,TT,AG,NN,AA,TT,GG,CC,CC,GG,AA,AA,TT,AA,AA,AA,CC,CC,GG,NG,GA,TC,CC,NN,NC,NA,CT,TC,TT,TT,TT,AA,CC,CC,CC,AC,GG,AA,TT,TT,CT,GG,GG,AG,GT,CT,TT,GA,CC,AA,TT,TT,GG,CC,GG,AA,AA,AA,CT,GT,CC,CC,TT,TT,GG,AG,CC,GG,CC,AG,TT,GG,AT,TT,CG,AA,TT,CC,GG,CC,CC,CC,TT,TC,TC,AA,CC,TC,GG,GG,AG,CC,TT,TT,CA,TT,TT,GA,GG,CC,CC,CG,TT,CC,CC,CC,AA,GA,AA,GA,GA,AA,TT,CC,GG,TT,GA,TT,GG,CC,NG,TT,GG,GG,GG,TT,GG,TA,CC,AA,NN,AA,TC,AT,CG,NG,CC,GC,GC,GG,AG,AA,GA,CC,CT,GA,TT,GG,TT,CT,TT,TC,GT,CT,CC,CC,TT,TT,AA,GG,GG,TT,GG,CC,CT,GG,AG,CN,TC,AA,TT,GA,GG,TT,GA,CC,CC,GG,AA,GG,TG,CT,CC,CA,GN,CC,GG,GG,CT,GG,TT,AA,TT,TT
Finnish in Finland,,,,HG00375,,TC,AA,CT,CC,NN,TT,GG,NA,CA,TT,TC,GA,CC,CC,TC,GG,GA,GC,GG,TC,GG,AA,CT,AT,AG,TT,GG,NN,AC,TT,CC,CC,CC,GG,AA,AA,TT,AA,AA,AA,CC,CC,GG,GN,GG,TT,TT,NG,NN,AA,CC,TT,TN,TT,TT,AG,CA,CT,TC,AA,GA,AT,AA,TT,CC,CG,GA,GG,TG,CC,TT,GG,GC,AA,TT,TT,GG,CC,GG,AG,GA,NA,CC,TG,CC,TT,AA,TT,GG,GA,CC,GG,CC,GG,TT,GG,AT,TT,GC,AA,TT,TC,AA,CC,CC,CT,TT,CT,CT,AA,CC,TT,GG,GG,GA,CC,CT,TT,CA,CT,TT,GG,GA,CT,CC,CC,TT,CC,CC,CG,AA,GG,AG,GG,GA,AA,TT,NC,GA,TT,AG,CT,GG,TC,GN,TT,GT,AA,GG,TT,GG,TT,TC,AA,NN,AA,TC,AA,GC,NG,CC,CC,CG,GG,GG,AA,AA,CC,TT,GA,TT,AA,TA,TC,GT,TT,TT,TC,TC,CC,TT,TT,GA,GG,GA,CT,GG,CC,CT,GG,AA,CN,CC,AG,TC,GA,GG,TT,GG,CC,CC,GA,AC,AG,GT,CC,CC,AC,NG,CC,GA,GA,TT,TT,TT,GA,CC,TT
Finnish in Finland,,,,HG00376,,CT,CA,TC,CT,NN,CC,AG,AA,CC,TT,TT,AG,CC,CC,CT,NG,AG,GG,AG,CC,GG,AA,TT,AA,GA,TT,AG,TN,CA,TT,GC,CC,CC,TG,AA,AG,TT,AG,AA,AA,CC,TC,GG,GG,GA,CT,TT,NG,NN,AA,CT,TC,NT,TT,TC,AA,CA,CT,CC,AC,GG,AA,TT,TT,TC,GG,GG,AG,GG,CT,TT,GG,GC,AA,TT,TT,GG,CC,GG,AA,AG,NN,CC,GG,CC,TT,TA,TT,GG,GA,CC,GG,CC,AG,TT,GG,TA,TT,CG,AA,TT,CT,AA,CC,CT,TC,TT,TT,TT,AA,CC,TT,AG,GG,GA,CC,TC,TT,AC,TT,TT,GG,GG,CC,CC,CC,TT,CC,CT,GG,GA,GA,AG,GG,AA,AG,TT,NN,GG,TT,GG,TT,GG,TC,GN,NT,GT,AA,CG,TT,GG,AA,CT,AA,NN,AA,CC,AA,GG,NG,CC,CC,CC,GG,GG,GA,GG,CC,TT,GA,TT,GG,TA,TT,TT,TT,TT,CC,CC,CC,TT,TT,AA,GA,GG,CT,GA,CC,TC,GG,AA,NN,CC,AA,TT,GG,TG,TT,GG,TC,CC,GG,AA,GG,GT,CC,CC,AC,GG,CG,AA,GA,CT,GG,TT,AA,TT,TT
Finnish in Finland,,,,HG00378,,TC,CA,CC,TC,NN,CC,AG,NN,CC,TC,CC,AG,CC,CT,CT,GG,GG,CC,GG,CC,GG,AA,CT,TA,GA,TT,AA,NN,AA,TT,GG,CC,TC,GG,AA,AA,TT,GG,AA,AA,CC,CT,GG,NG,AA,CC,TT,GN,NN,AA,CC,TT,TT,TT,CT,AG,CA,CT,CC,AA,GG,AA,TT,TT,CC,GG,GG,AG,GT,TC,TT,AG,CC,AA,TT,TT,GG,CC,GN,AA,GA,AN,CT,GT,CC,TC,AT,TT,GG,AG,CT,GG,CC,GG,TT,GG,TT,TT,GC,AA,TT,TC,AA,CG,TC,TC,TT,TT,CT,AA,CG,TT,GA,GA,AA,CC,CC,TT,CC,TT,TN,GG,GG,CC,CC,GC,AT,CN,CC,CC,AA,GA,AA,GG,AA,GA,TT,NN,GG,TT,GG,TT,GG,TC,NG,TN,GT,AG,GG,TT,GG,AA,TT,NA,NN,AA,CC,AA,GG,NG,CC,CC,CG,GN,AG,AG,GA,TC,TT,GG,TT,AG,TT,TT,TT,TT,GT,CC,CC,CC,TT,TT,AA,GG,GG,CT,GG,CC,TC,GA,AA,NN,CT,AA,TT,GG,GT,TT,AG,CC,CC,GA,AA,GG,GG,CC,CC,CC,NN,CC,GA,AA,TC,TG,TT,AA,TT,TT
Finnish in Finland,,,,HG00379,,TC,AA,CC,CT,NN,CC,AG,AN,CC,CT,TC,AG,CT,CT,CC,GG,AA,CC,GG,TC,GG,AA,TT,TA,AA,CT,GA,NT,AA,GT,GC,CC,CC,GG,AG,AA,TT,GG,AA,AA,CC,CC,GG,GG,GA,TC,TT,NN,CN,AA,TC,TT,TT,TC,CC,AA,CC,CC,CT,CA,GG,AA,TT,TT,TC,CG,AG,AG,TG,CT,TT,GG,CC,AA,TT,TT,GG,CC,GG,AA,AG,AN,TC,TG,CC,TC,TT,TT,GG,GA,CC,GG,CC,GG,TT,GG,AT,GG,CC,AA,TT,CT,GG,CG,CC,CT,TT,TT,TT,AA,GC,CT,GG,GG,AG,CC,CT,TT,CC,TT,TT,AG,GG,CT,CC,CC,TT,CC,TC,CC,AA,GG,AA,GG,AG,AA,TT,NN,GG,TT,AA,CC,GG,CT,GG,NT,GG,GA,GG,TT,GG,AT,CC,AN,NN,AA,TT,AT,GG,GN,CC,CC,CC,GG,GG,AA,GA,CC,TT,GG,TT,AA,AT,TT,GT,CC,TT,TC,CC,CC,TT,TT,AA,GG,GA,TT,AG,CC,TT,GG,AA,NN,CC,AA,TT,GG,TT,TT,GA,CT,CC,AA,AA,GG,TT,CC,CG,AA,GG,CC,GG,GG,TC,GG,TT,AA,TT,TT
Finnish in Finland,,,,HG00380,,CT,CA,CC,TC,NN,CC,AG,NN,CA,TT,CT,GA,CT,CC,TT,GG,GG,CG,GG,TT,AG,AA,CC,AT,AG,TT,GA,TT,AA,TT,CG,CC,CC,GG,AA,AA,TT,AG,AA,AA,CC,CC,GG,NG,AG,CC,TT,GN,NC,AN,CC,TT,TT,TT,CC,AA,CC,CC,TC,AC,GG,AA,TT,TC,CC,GC,GG,AA,GG,TC,TT,AG,GC,AG,TT,TT,GG,CC,GG,AA,GA,NN,CC,TG,TC,TT,TT,TT,GG,AG,CC,GG,CC,GG,TT,GG,AT,GT,GC,AA,TC,TC,GG,CC,CT,TC,TG,CT,CT,AA,CC,TT,GA,GG,AG,CC,CT,TT,CC,TT,TT,GG,GG,CC,CC,GC,TT,CC,CC,CC,AA,AG,GA,GG,AA,AA,TT,NC,GG,TT,AG,TT,GG,TC,NG,TT,TG,AG,GG,TC,GG,AA,CT,AN,NN,GA,TT,AA,CG,GN,CC,CC,GC,NG,GG,AA,GA,CC,CT,GG,CT,AA,TA,CT,TT,TT,TT,CT,CC,CC,TT,CT,AA,GG,GG,TT,GA,CC,CT,GG,GG,NN,CC,GA,CT,GG,GG,TT,GG,CC,CC,GG,AA,GG,GG,CC,CC,CA,NG,CC,AA,AG,CT,TG,CT,AA,TT,TT
Finnish in Finland,,,,HG00381,,TT,AA,TC,CT,NN,CC,GG,NA,CC,TC,TT,GA,TC,CC,CT,NG,GG,CC,GG,CC,GG,AA,TT,AA,AG,TC,GA,NN,AA,TT,GG,CC,CC,TG,GA,AA,TA,GG,AA,AA,CC,TC,GG,GN,GG,CT,TT,NN,NN,AA,CC,TT,TT,TT,TT,AG,CA,CT,TC,AC,GG,AA,TT,TT,TC,GG,GG,AA,GT,TT,TT,AG,CC,AA,TT,TT,GG,CC,GG,AA,AG,NN,CC,GG,CC,CC,TT,TT,GG,GA,TC,GG,CC,GG,TT,GG,TT,TT,CC,AC,TT,CT,AG,CC,TC,CT,TT,CT,TT,AA,GG,CT,GG,GG,AA,CC,CC,CT,AC,TT,TT,GG,GA,CC,CC,CC,TT,CC,CC,GG,AA,AA,AA,GG,AG,AA,TT,NN,GG,TT,GA,CT,GG,TT,GG,NN,TG,AG,GG,TT,GG,AA,TC,AA,NN,GA,TT,AA,CC,GG,CC,CC,GC,GG,GG,GG,GG,CC,TT,GG,TT,GA,AA,CC,TT,TT,TT,CC,CC,CC,TG,TC,AA,GG,GG,TT,AG,TC,TT,GG,AA,CN,CC,GA,TT,AG,TG,TT,AG,TT,CC,GG,AA,GG,TG,CC,CC,CA,GG,CG,AG,AG,TT,TG,TT,GA,TT,TT
Finnish in Finland,,,,HG00382,,CT,AA,CC,CC,NG,TC,GG,AA,AC,TT,CT,GG,CC,CC,CC,NN,AG,CC,GA,CC,GG,AA,CT,AA,GA,TT,AA,NT,AA,TT,CC,CC,CC,GG,AA,AG,TT,AA,AA,AA,CC,CC,GG,GG,GG,CC,TT,NN,NN,AA,CC,TC,TT,TT,CC,AA,CC,CC,CC,CA,GG,TA,TT,TT,TC,GG,GG,AG,GT,CT,TT,GG,CG,AA,TT,TT,AG,CC,GG,AG,AA,AN,CC,TG,CC,TC,TT,TT,GG,AA,CC,GG,CC,AG,TT,GG,TA,TT,CC,AA,TT,TT,AG,CC,CC,CT,TT,TC,CT,AA,CC,CT,GG,GG,GA,CC,TT,TT,AC,TT,TT,GG,AG,CT,CT,CC,TT,CC,CC,GC,AA,AA,AA,GG,GA,AG,TT,CC,GG,GT,GG,TT,GG,CC,GN,NT,TG,GA,GC,CT,GG,TA,CC,NA,CN,AA,TT,TT,GG,GN,CC,CC,CC,GG,GG,GA,GA,TT,TT,AA,TC,GA,TA,TT,TT,CC,GG,TC,CC,CC,TT,TT,AG,GG,GA,TC,AA,CT,CC,GG,GA,NN,CC,AG,TT,GA,GG,TT,GG,CT,CG,AA,AA,GG,TG,CC,CC,AC,NN,CC,GG,GA,CT,GT,TT,AA,TT,TG
Finnish in Finland,,,,HG00383,,CT,AA,TT,TC,NN,CC,GA,NN,AC,TT,TC,AG,CC,CC,CT,GN,GG,CC,AG,CC,GG,AA,TT,AA,AG,TC,AG,NT,CA,TT,GC,CC,CC,GG,AA,AA,TT,AA,TA,GA,TC,CC,GG,GG,GA,CC,TT,NN,CN,AA,CC,TT,TT,TT,TC,AA,CC,CC,CC,CA,GG,AA,TA,TT,TC,GG,GG,AA,GT,TT,TT,GG,CC,AA,TT,TT,GG,CT,GG,AA,GG,AA,CC,GG,CC,TC,AT,TT,GG,GA,CT,GG,CT,GG,TT,GG,TA,TG,GC,CA,TT,CC,GA,GC,CC,TT,TT,TT,CC,AA,CC,CT,AG,GG,AG,CC,CT,TT,CC,TC,TT,GG,GG,TC,TC,CC,TT,NC,CC,CG,GA,GG,AA,GG,AG,AA,TT,NN,GG,TT,GG,TT,GG,CC,GN,TN,GG,GA,GG,TT,GG,AA,TC,NA,NN,AA,TT,AA,CC,GG,CC,CC,GC,NG,GG,GG,AG,CC,TT,AG,TT,AG,TA,TT,TT,CT,GG,CT,CC,CC,GT,TT,AA,GG,GG,CT,GA,CT,CT,GG,AA,NN,CC,AA,TT,GA,TT,TT,AG,TT,CC,GG,AA,GA,TT,TC,CC,AC,NN,CC,GA,GA,TT,TG,TT,AA,CC,TG
Finnish in Finland,,,,HG00384,,TC,AA,CT,CT,GN,CC,GG,NN,AA,TC,CC,AG,CC,CC,TT,NG,GG,CG,GG,TC,AG,AA,TT,TA,AA,TT,GG,TN,CA,TT,GG,CA,CT,GG,GA,GA,TT,GG,AA,AA,CC,CC,GG,NG,GG,CC,TT,GN,NN,AA,CC,CT,TT,TT,CC,AA,CC,CC,TC,AA,AA,AA,TT,TT,TC,GG,GG,GA,GG,TT,TT,AG,CC,AA,TT,TA,GG,CT,GG,AA,AA,AN,TC,TT,CT,CC,TT,TT,GA,AA,CC,GG,CC,GG,TT,GG,TA,TT,CC,AA,TT,TC,GG,CC,TC,TT,GT,TT,TT,CA,GG,TT,GG,GG,AA,CC,CT,TT,CC,TC,NT,GG,GG,CT,CC,GC,TT,CC,TC,CC,AA,GG,GA,GG,GA,GA,TT,NN,GG,TT,GA,TT,GG,TT,NN,TT,GG,AG,GG,TT,AG,AA,CT,AA,NN,GG,CT,AA,GG,NG,CC,CC,CC,GG,GG,AA,GA,CC,TT,GG,TT,AA,AT,CC,TT,CC,TG,CT,CC,CC,TG,TT,AA,GG,AG,CT,AG,CC,TT,GA,GG,NC,CT,AG,CT,GA,GT,TT,GA,CT,CC,GG,AA,AG,TT,TC,CC,AC,GG,CC,GG,GG,TC,GG,TT,AA,CC,TT
British in England and Scotland,,,,HG01334,,TC,AA,CC,TC,GN,CC,GG,NA,AC,CT,CC,AG,CC,CC,TT,NN,GA,CC,GG,TC,GG,AA,TT,AA,AA,CT,AA,NT,AA,TT,CC,CC,CC,GG,AA,AA,TT,AG,AA,AA,CC,CC,GG,NN,GG,CC,TT,NN,NC,NN,CC,TT,NT,TT,TC,AA,CC,CC,CC,AC,GG,AA,TT,TT,CC,GG,GG,GG,TT,TC,TT,GG,CG,AG,TT,TT,GG,CC,GG,AA,AA,NN,CT,GT,CC,CT,TT,TT,GA,GA,CC,GG,CC,AG,TT,GG,AT,TG,CC,AA,TT,TT,AG,GC,CC,CT,TT,CT,TC,AA,GG,TT,GA,GG,AA,CC,CC,TT,CC,TT,NN,GG,GG,CC,CC,GC,AT,CC,CC,GC,AA,GA,GA,AG,AG,AA,TT,CN,GG,TT,AG,CT,GA,CC,NG,TT,GT,AA,GG,CT,GA,AA,TC,AN,NN,AA,TT,AT,GC,GG,CC,CC,GC,GG,AG,GA,GA,CC,TT,AA,TT,GA,TT,TT,GG,CT,TG,CC,CT,TC,GT,CT,AA,GA,GG,CT,AG,CT,CT,GG,AA,NN,CC,AA,TT,GG,TG,CT,GG,CT,CG,GG,AA,GG,GG,CC,CC,AC,GN,CC,GG,GA,CT,TG,TC,AA,TT,TT
Iberian population in Spain,,,,HG01500,,TC,AA,TC,TC,GN,TC,GG,AN,CA,TT,CT,GG,CC,CC,CT,GN,GG,CC,GG,TT,GG,AA,CT,AT,AA,TT,AG,NN,AA,TT,CC,CC,CC,GG,AA,AG,TT,GG,AA,AA,CC,CC,GG,GG,AA,CC,TT,NN,CC,NA,TC,TC,NT,TT,TT,GG,AA,CT,CC,CA,GG,AA,AT,TT,CT,GG,GG,GA,TT,CT,TT,GG,CC,AA,TT,TT,GG,CC,GG,AA,AG,AA,CC,GG,CC,CC,AA,TT,GG,GG,TC,GG,CC,GG,TT,GG,TA,TT,CG,AA,TT,TC,GG,CC,CT,TC,TT,TC,TT,AA,GC,TT,AG,GG,GA,CC,TC,TT,AC,TT,TT,AA,GG,CC,CC,GG,TT,CC,TC,GC,AG,AA,AA,GG,AG,AA,TT,CC,GG,TT,GA,TT,GG,CT,GN,NT,GG,GA,GG,TT,GG,TT,CC,AA,NN,GA,CC,AA,CG,NN,CC,CC,CC,GN,AA,GA,AA,CT,TT,AA,CT,AG,TA,CT,TT,CC,TG,CT,CC,CC,TT,CT,AA,AG,GG,TT,GA,CC,TC,GA,GA,CN,CC,AA,TC,GG,GG,TT,AA,CC,CG,GA,AA,AG,TT,CC,GC,AA,NN,CC,GA,GA,CT,GG,TT,AA,TT,TT
Iberian population in Spain,,,,HG01501,,TC,CA,CT,CC,NN,TC,AG,NA,CC,TT,TC,GG,CC,CC,CC,GN,GA,CC,GG,CC,GG,AA,CT,TT,AA,CT,GA,TN,CA,TT,GC,CC,TC,GG,AA,AA,TT,GA,AA,AA,CC,CC,GG,NG,GG,CC,TT,GN,NC,AN,TC,TT,TT,CT,TT,AA,CC,CC,CC,AC,GG,AA,TA,CC,CC,CC,AA,AA,GG,CT,TT,GG,CC,AA,GT,TT,GG,CC,NN,AA,GG,NA,CC,GT,CC,TC,TT,TT,GG,GA,CC,GG,CC,GA,TT,GG,TA,TT,CG,AC,TT,TT,AA,GC,CC,CT,TG,CT,TT,AC,CG,TT,GG,GG,GA,CT,TC,TT,CA,TT,TT,GG,GG,CC,CC,CC,TT,CC,CC,GC,AG,AG,AA,AG,GA,AA,TT,CC,GG,TT,GG,TC,GG,TC,GG,NT,GG,AA,CG,TT,GG,TA,CC,AA,NN,AA,TT,TA,CG,NN,CC,CC,GG,GG,GG,AA,AA,CC,TT,GA,CT,GA,AA,TT,TT,CC,GT,CC,CC,CT,TG,CT,AA,GG,AA,TT,AG,CC,CT,GG,AA,NN,TC,GA,TC,AG,GG,TT,GG,TC,GC,GG,AA,GA,TG,TC,CG,AA,GG,CC,GG,GA,CC,TG,TT,AA,TT,TT
Iberian population in Spain,,,,HG01503,,TC,AA,CT,CT,NN,CC,GG,AA,AA,TT,CT,GG,CC,CC,TC,NG,GG,CC,GG,CT,GG,AA,TT,TA,GG,CT,AG,TT,AA,TG,CC,CC,CC,GT,AA,AA,TT,GG,AA,AG,CT,CC,CG,NG,AG,CT,TT,GG,NC,NA,CC,TT,TT,TT,TT,AA,CA,CT,CC,AA,GG,AA,TT,TT,CC,GC,GG,AA,GT,TT,TT,GG,CC,AA,TT,TT,GG,CC,GG,AA,AA,NA,CC,TT,CT,CC,TT,TT,GG,AG,CC,GG,CC,GG,TT,GG,TA,TT,CC,AA,TT,CT,AA,CC,CC,TT,TT,CT,CT,AA,CC,TT,GG,AG,AA,CC,TC,TT,CC,TT,TT,AG,GG,CT,CT,CC,TT,NC,CC,GG,AA,AA,AA,GG,AG,AG,TT,CN,GG,GT,AG,TT,AG,TT,NN,TT,TG,GG,GG,TT,GG,AT,CC,AA,NN,AA,CC,TA,CG,GG,CC,CC,GC,GG,AG,AA,GG,CC,TT,AA,TT,AA,TA,CC,GT,TC,TG,TT,CC,CT,TG,TC,AA,GG,GG,TT,AG,CC,TC,GG,AA,NC,CC,AG,TT,GG,TG,TT,GG,CC,GG,GA,AA,GG,GT,CC,CC,CA,GN,CC,GG,GG,CC,GT,TT,GA,TT,GT
Iberian population in Spain,,,,HG01504,,TT,AA,CT,CC,NG,CC,AG,NA,CC,TT,TC,GG,CC,CC,CT,GG,GG,CC,GG,TC,GG,AA,CT,TA,AA,TT,AA,TN,AA,GT,GC,CC,CT,GT,AA,GA,TA,GG,AA,AA,CC,CC,GG,GN,AA,CC,CT,NN,NN,AA,TC,TT,TN,TT,TT,GA,AC,CC,CC,CA,GG,AA,AT,TT,CC,GG,GG,GG,TT,CT,TT,GG,CG,AG,TT,TT,GG,CC,GG,AA,AG,NA,CC,TG,TC,TT,TT,TT,GG,AG,TC,GG,CC,AG,TT,GG,TT,TG,CG,AC,TT,TC,AG,CG,CC,TT,TT,TC,TT,AA,CG,TT,GG,GG,AA,CC,CC,TT,AC,TT,TT,GG,GG,TT,CT,CC,TT,CC,CT,CG,AA,GG,GA,GG,AA,AA,TT,CC,GA,TT,GG,CT,GG,CC,GG,TT,GG,AA,GG,CT,GA,TA,CC,AA,NN,AG,TT,TA,GC,NN,CC,CC,CG,GG,GG,AA,AA,CC,TT,GA,TT,GG,TA,TT,TT,TC,TG,CC,CC,CC,TT,TC,AA,GG,GG,TT,AG,CT,TT,GG,AA,CN,CC,AA,TT,GG,GG,TT,GG,CT,CG,GG,AA,GG,TT,CC,CC,AA,NN,CC,AG,GG,CC,GT,CT,GG,TT,TT
Iberian population in Spain,,,,HG01506,,CT,AA,TC,CT,NN,CC,GG,NN,CC,TT,TC,GA,CC,CC,CT,GG,AG,CC,GG,CC,GG,AA,TT,TT,AA,CC,AG,NT,AA,TT,CC,CC,CC,GT,AG,AA,TT,GG,AA,AA,CC,CC,GG,GG,AA,CC,TT,GN,NN,AA,CC,TT,TT,TT,TT,AA,CC,CT,CC,CA,GG,AA,TT,TT,CC,GG,GG,GA,TG,CC,TT,GG,GC,GA,TT,TT,GG,CC,GG,AA,GA,AN,CC,GG,CT,TT,TA,TG,GA,GG,TC,GG,CC,GG,TT,GG,AA,TT,GC,CA,TT,CT,GA,CC,CT,TC,TG,TC,TT,AC,CG,TT,GG,GG,AA,CC,CT,CT,CA,TT,NT,GG,GG,CT,CT,CC,TA,NC,CC,CC,AA,GG,AA,GA,GG,AA,TT,CC,GG,TT,GG,CC,AG,CC,NN,TT,GG,AA,GG,TC,GG,TA,CC,NA,CN,AA,CT,AA,GC,GG,CC,CC,GG,GG,AG,GA,AG,CC,TT,AG,TC,GG,TA,CT,TT,CC,TT,CC,CC,CC,TT,TT,AA,GG,GG,TC,AG,CT,CC,GG,GA,NN,TC,GA,TC,GG,GT,TT,GG,CC,CC,GG,AA,GG,GG,CC,CC,AC,GN,GC,AG,GG,TC,GG,TT,GA,TT,TT
Iberian population in Spain,,,,HG01507,,TT,AA,CT,CC,NG,CT,GG,NA,CC,TT,CC,GG,CC,CC,CT,GG,GA,CC,GG,TC,AG,AA,TT,TA,GA,TC,GG,TT,AA,TT,CG,CC,CC,TT,AA,AA,TT,GA,AA,AA,CC,CC,GG,GG,GA,CC,TT,NN,NN,NA,CC,TT,TT,TT,CT,AA,CC,CC,CC,AA,GG,AA,TA,TT,CC,GC,GG,GG,TT,CC,TT,AA,CG,GA,TG,TT,GG,CC,NN,AA,AA,AN,CC,GG,CC,CT,TA,TT,GG,GG,CC,GG,CC,GG,TT,GG,TT,TT,CC,AA,TT,TC,GG,CC,CC,TT,GT,TT,TT,CC,GG,TT,GG,GG,GA,CC,CT,TC,CC,TC,TT,GG,GG,TC,TC,CC,TT,CN,CC,GG,GA,GA,AA,GG,AA,AG,TT,CN,GG,TT,GG,CT,GG,TC,NN,TT,TT,GA,GG,TT,GG,AT,TC,AN,NC,GA,CC,AA,GG,NN,CC,CC,GC,GG,GG,GA,AG,CC,TC,GA,TC,AA,TA,TT,GT,CC,TG,CC,CC,CC,TT,TT,GA,GG,GG,TT,GG,TC,CC,GG,GA,CN,CC,AA,TT,GG,GG,TT,GA,CC,CC,GG,AA,GA,GG,CC,CC,AA,GN,CC,AA,GG,CC,GG,TT,AA,CC,TT
Iberian population in Spain,,,,HG01509,,CT,AA,CC,TC,NG,CC,GG,NA,CC,TT,TC,GG,CC,CT,CC,GN,GG,CC,GG,TC,AG,AA,TC,AA,AA,TC,AA,NT,AA,GT,GC,CC,TC,GT,AA,AA,TT,AA,AA,AA,CC,TC,CG,NG,GG,CC,TT,NG,CN,AA,CC,CT,TT,TT,TT,GA,AC,TC,CC,AC,GG,AA,AT,TT,CT,GG,GG,GG,TT,TC,TC,AG,CC,AA,TT,TT,GG,CC,GG,AA,GG,AA,CC,GT,CC,CT,TT,TT,GG,GG,CC,GG,CC,GG,TT,GG,AT,TT,CC,CA,TT,TC,GA,CC,CC,TC,GT,TC,CT,AA,CC,TT,GG,GG,AA,CT,CC,CT,CC,TT,TT,GG,GG,TC,CC,CC,AT,CC,CC,CC,AA,GG,GA,GG,GA,AA,TT,CC,GG,TG,GA,CT,GA,TC,GG,TN,GT,AA,GC,TT,GG,TT,TC,NN,NC,AG,CT,AT,GG,GG,CC,CC,CC,GG,GG,GA,AG,TC,TT,AA,TT,AA,TT,TT,TT,CC,GT,TT,CC,CC,TT,TT,AA,GG,AG,CT,GA,CC,CC,AG,GA,NN,TC,AA,TC,GA,TG,TT,GG,CC,GC,AG,AC,GG,TG,TC,CC,AC,NN,CC,GG,AA,TT,TG,CT,AA,CC,GT
Iberian population in Spain,,,,HG01510,,TT,AA,CT,CC,NN,TC,GA,NA,CA,TT,TC,AA,CC,CT,TC,GG,AA,CC,GG,CC,GG,AA,TT,AA,AA,CT,GA,NT,AA,TT,CC,CC,CC,GT,AA,AA,TT,GG,AA,AA,CC,CC,GG,GG,GG,CC,TT,GN,NN,NA,CC,TC,TT,CT,TT,AA,CC,CC,CC,AA,GG,AA,TT,CT,CC,GG,GG,AA,GG,TT,TT,AA,CC,AA,TT,TT,GG,CC,GG,AA,GG,AN,CC,GT,CC,CT,TT,TT,GG,AG,CC,GG,CC,AG,TT,GG,TT,TT,CC,AC,TT,TC,GG,CG,TT,CC,TT,CC,TC,AA,GC,CC,GG,GG,AG,CC,CT,TT,CA,TT,NT,AG,GG,TC,TC,GG,AT,CC,CT,GG,GA,GG,AG,GG,GG,AG,TT,NN,GG,TT,GG,TC,GG,CT,GN,TT,GG,GA,CG,TT,GG,TT,TC,AA,NN,AG,CC,AA,CG,NN,TC,CC,GC,GG,GA,AA,GG,TC,TT,GA,TT,GG,TT,TT,TG,TT,TG,CC,CC,CC,GT,CT,AA,GG,GG,TT,GG,CC,CT,GG,AG,NN,CC,AA,TC,GG,GG,TT,AG,CC,CG,GG,AA,AG,GT,CC,CC,AA,GN,CC,GA,GA,CT,GT,TT,AA,TT,TT
Iberian population in Spain,,,,HG01512,,TC,AA,CC,TT,NN,CT,GA,NN,CC,TT,CC,AG,CC,CC,TT,NG,GA,CC,GG,CC,GG,AA,TT,AT,AA,TT,AA,NT,AA,TT,GC,CC,CT,TG,AA,AA,TT,AA,AA,AA,CC,CC,GG,GG,GA,CC,TT,NN,NC,NA,CT,TC,TT,TT,TT,AA,CC,CC,CT,CA,GG,AA,TT,TT,CT,GC,GG,AA,GT,CC,TT,GG,CC,AA,TT,TA,GG,CC,GG,AA,AA,AA,CT,TG,CC,CC,TT,TT,GG,AG,CC,GG,TC,GG,TT,GG,TT,TT,GC,CC,TT,CC,GG,CG,CC,TT,TT,TT,CT,AA,GC,TT,AG,GG,GG,CC,TC,TT,CC,TT,TT,GG,GG,CC,CC,CC,AA,CC,CC,CG,AA,GG,AA,GG,GA,AA,TA,NN,GG,GT,GG,TC,GG,TC,NG,TT,TT,AA,CG,CT,GA,AA,CC,NA,CN,AA,TT,AA,GC,NN,CC,CC,GC,NG,GG,AA,AA,CC,TT,AA,TT,GA,TT,TT,GT,TC,TT,TC,CC,CC,TT,TC,AA,GG,GG,TC,GG,CC,TT,GG,AG,NN,TC,GG,TT,AG,GG,TT,GA,TC,GC,GG,AA,GG,TT,TT,CC,AC,NG,CC,GG,GG,CC,GG,TT,AA,TT,TT
Iberian population in Spain,,,,HG01513,,CT,AC,CC,TC,NG,CC,GG,AA,AA,TC,CC,GA,CC,CC,TC,NG,AA,CC,GG,CT,GG,AA,TT,AA,AA,CT,GA,NN,AA,TT,CC,CC,CC,TG,AA,AA,TT,GG,AA,AA,CC,CC,GG,NG,AG,CC,TC,GN,CC,NA,TT,TT,TN,CC,TT,AA,CC,CC,CC,CC,GG,TA,AT,TT,CC,GG,GG,AG,TT,TC,TT,GG,CC,AA,GT,TA,GG,CC,GG,AA,AA,AA,CC,GG,CC,CT,TT,TT,GG,GG,TT,GG,CC,GG,TT,GG,AT,TT,GC,AA,TT,TC,GG,CC,TC,CT,TT,TT,TC,AA,CC,CT,GG,GG,AG,TC,CT,TT,CC,CT,TT,GG,GG,CC,CC,CC,AT,CC,TC,GC,AA,GG,AA,GG,AG,GA,AT,CN,GG,TT,AA,CC,GA,CT,NN,TT,TG,AA,CC,TT,GG,TT,CC,AA,NN,AA,CC,TA,GG,NG,CC,CC,CG,GG,GG,GA,GA,CC,TT,GA,TT,AA,TA,TT,TG,TT,GG,TC,CC,TT,TT,TT,AA,GG,GG,TC,GG,TC,CT,AA,AG,NN,CC,GA,CT,AG,GG,TT,GG,CC,GG,GG,AA,AG,GG,CC,CC,AA,NG,CC,GA,GA,CC,TG,TT,AA,TT,TT
Iberian population in Spain,,,,HG01515,,CT,AA,TC,CT,NN,TC,GG,AN,CA,TT,TC,AG,CC,CC,TT,GN,GG,CC,GG,CC,GG,GA,TT,AA,AA,TT,GA,NN,AA,TT,CG,CC,TC,GG,AG,AA,TT,AG,AA,AA,CC,CC,GG,GN,AG,CC,CT,NN,CN,AA,CC,TT,TT,TT,TT,AA,CC,CC,CC,CC,GG,AA,TA,CC,CC,GG,GG,AG,GT,CT,TT,AG,CC,AA,TT,TT,GG,CC,NG,AA,AA,AA,CC,GT,CC,TC,TT,TT,GG,GA,TC,GA,CC,GG,TT,GG,AT,TT,CC,AC,TT,CC,GG,GG,CC,CT,TT,CC,TT,AA,CG,TT,GG,GG,AA,TC,CC,TT,CC,CT,TT,GG,GG,CC,CC,CG,TT,CN,CC,CC,AA,AG,AA,GA,AA,GA,TT,NN,AA,TG,AA,TC,GG,TT,GN,TT,GG,GG,GG,TT,GG,AA,CC,AA,NN,GA,CC,AA,CG,GN,TC,CC,CG,GG,GG,AA,GG,CT,TT,GA,CT,AA,AA,TT,GT,CC,GG,CC,CC,CC,TT,TT,GG,GG,AA,TC,GA,TC,TC,GG,AA,NN,CC,AG,TT,GG,TG,TT,GG,CC,CG,AG,AA,AG,TG,TC,CC,AA,NN,CC,GA,GA,TC,GG,TT,AA,TT,TT
Iberian population in Spain,,,,HG01516,,TT,AA,CC,CT,NN,CC,GG,NN,CC,TC,TC,AG,CC,CC,CT,NG,AG,CC,GG,CC,GG,AA,TT,AA,AA,TT,GA,NN,AA,TT,GG,CC,CC,TT,AA,AA,TT,GG,AA,AA,CC,CC,GG,NN,AA,CT,TT,NG,CN,AA,CC,TT,NT,TT,TT,AA,CC,CC,CC,CA,GG,AA,TT,TC,CC,CC,GG,AG,TG,CC,TT,GG,CC,AA,TT,TT,GG,CC,GN,AA,GG,NA,TT,TT,CC,CT,TT,TT,GG,AA,CC,GG,CC,AA,TT,GG,TT,TT,CC,AA,TT,TC,GG,GC,TT,TC,TT,CC,TT,AC,GG,TT,AA,GA,AA,CC,TT,TT,CA,TT,TT,GG,GG,CC,CC,CC,TA,NC,CC,CC,AA,GA,AA,GG,AA,AA,TA,NN,GG,TG,AG,TT,GA,CT,GN,TT,GT,GA,CC,TT,GG,TA,CC,AA,NN,AA,CC,AA,GG,GN,CC,CC,GC,NG,GG,AA,AA,CC,TT,GA,TT,GG,AA,TT,TT,TT,TG,CC,CC,TC,TT,TT,AA,GG,GG,CC,GG,CC,TT,AG,AA,NN,CC,AG,TT,GG,GG,TT,GA,CC,CC,GG,AA,AG,GG,TC,GC,AA,GN,CC,AA,GA,CT,GT,TT,AA,TT,TT
Iberian population in Spain,,,,HG01518,,TC,AA,CC,TT,NG,CC,AG,AA,CC,CT,TC,AA,CC,CT,CT,GG,AA,CC,GG,CC,GG,AA,TT,AT,AA,TT,GA,NN,AA,TT,GC,CC,TC,GG,AA,AA,TT,GG,AA,AA,CC,CC,GG,GG,GA,CC,TT,NG,CN,NA,CT,TT,TT,TT,TC,AA,CC,TC,TC,AA,GG,AA,AT,TT,CC,GG,GG,GG,GT,CC,TC,AG,CC,AA,TT,TT,GG,CC,GG,AA,GA,NN,CC,TT,CT,CT,TT,TT,AA,GG,CT,GG,CT,GG,TT,GG,AT,TT,CC,AC,TT,CT,AG,GG,CC,TC,TT,CC,CT,AC,CG,TT,GG,AG,AA,CT,TC,TT,CC,TT,TT,GG,GG,CT,CC,CC,TT,CC,CC,GG,AA,GA,AG,GG,AA,GA,TT,NC,GG,TT,GG,TT,GG,CT,GN,TT,GG,AA,CG,TT,GG,TT,CC,NA,CC,AA,CC,AT,CC,GG,CC,CC,CG,GG,GG,AG,AG,TT,TC,GA,CT,GG,TT,TT,TT,CC,TG,CC,CC,CC,TT,TT,AA,GG,AG,TC,AG,CC,TT,GG,AA,NN,CC,AA,TC,GG,GG,TT,AG,CC,GC,AG,AA,GG,TT,CT,CC,AA,NN,CC,AG,AA,TT,TG,TT,AA,TC,TT
Iberian population in Spain,,,,HG01519,,CT,AA,CT,TC,NN,CC,GG,AN,AC,TT,CT,GA,CC,CC,CC,NG,GA,CC,GG,TT,GA,GA,TT,AA,AA,TC,GG,TT,AA,TT,CC,CC,TC,TT,AA,AA,TT,AG,AT,AA,CC,CC,GG,GG,GA,CC,TT,GG,NN,AN,CC,TT,TT,TT,TT,AA,CC,CC,CC,CA,GG,AA,TT,TT,CC,GG,GA,AG,GG,TT,TT,GG,GC,GG,TG,TT,GG,CC,GG,AA,GA,AN,CC,TG,CC,TC,TA,TT,GG,GA,TC,GG,CC,AG,TT,AG,AT,TT,CC,AA,TT,CT,GG,CC,TC,CT,TT,CC,TT,CA,CG,TC,AG,GG,GA,CC,CC,TC,CC,TT,TN,GG,GG,TC,CC,CC,TT,NN,CC,CC,AG,GG,AG,GG,AA,AA,AT,NN,GA,TG,GG,TT,GG,CT,NN,TT,GG,GA,GG,CT,GG,AT,CC,AA,NN,AA,TT,AA,CG,NN,CT,CC,CC,GG,GG,AA,GA,CC,TT,AG,CT,GG,AT,TT,TT,TC,GT,CC,CT,CC,TT,CT,AA,GA,GG,TT,AG,CC,TT,GG,GA,CN,TC,AA,TT,AG,GG,TT,GA,CC,CC,AG,AA,AA,GT,CC,CC,AA,GN,CC,GA,GA,TT,GG,TT,AA,TT,TT
Iberian population in Spain,,,,HG01521,,TT,AA,CC,CC,NN,CC,AG,NA,CA,TT,CT,GA,CC,CC,TC,GN,AG,GG,GG,CC,GG,AA,CT,TA,AA,CT,AA,NT,AC,TT,CC,AC,TC,TT,GA,GA,AT,AG,AA,GG,CC,CC,GG,GG,AG,CC,TC,NG,CC,AA,CC,TT,TN,TT,TT,GG,AA,TT,CC,CA,GG,TA,TT,TT,CC,GG,GG,AG,GT,TT,TT,GG,GG,AA,TT,TA,GG,CC,GG,GA,GA,NA,CC,GT,CC,TC,TT,GT,GG,GG,CC,GG,CC,GG,TT,GG,TT,TT,CC,AA,TT,CC,GA,CG,CC,TT,GG,TT,TT,AC,CC,TT,GA,AG,AG,CC,TT,TT,CC,TT,TT,GG,GG,CC,CC,CC,AT,CC,CC,CG,AA,GG,AA,GG,GA,AA,TT,NC,GG,TT,GA,TT,GG,CT,GG,TT,GG,AA,CG,TC,GG,AT,TC,AA,NN,GG,CC,AA,GG,NG,CC,CC,CG,GG,GG,AA,AA,CC,TC,AA,TT,AA,TT,TT,TG,CC,TG,CC,CT,TC,TT,TT,AA,GG,AG,TT,AG,CC,TT,GG,AA,NN,CC,AG,TT,GA,GT,TT,GG,TC,CC,GG,AA,AG,GG,TT,CC,AA,NN,CG,GA,GG,CC,GG,CT,AG,TT,TT
Iberian population in Spain,,,,HG01522,,TC,AA,CC,CC,NN,CC,GG,AA,CC,TC,TT,GG,CC,CC,CT,GN,AA,CC,GG,CC,GG,GA,TT,TA,AA,CT,AA,NT,AA,TT,CC,CC,CC,GG,AA,AA,AT,AA,AA,AA,CC,CC,GG,GG,AA,TC,TT,GN,NN,NA,CT,TC,TT,TC,TT,AA,CC,CC,CC,CA,GG,AA,TA,TT,TC,GG,GG,AG,GT,CT,TT,AG,CC,AA,TT,TA,GG,CC,GG,AA,GA,AN,CC,GG,CC,CC,AT,TT,GA,GA,CC,GG,CC,GA,CT,GG,AA,TT,CC,CC,TT,CC,GG,GC,CT,TC,TT,CT,TT,AC,GC,TT,GA,GG,GA,CC,TT,TT,CC,TT,TT,GG,GG,TC,TC,CC,TT,CC,CC,GC,AA,GA,AA,GA,AG,AA,TT,NN,GG,TG,GG,TC,GG,TT,NG,TN,GG,AA,GG,TT,GG,AA,CC,AA,NN,AA,TT,AA,CG,GN,CC,CC,CC,GG,AG,AA,AA,CC,TT,AA,TT,GA,AT,TC,TG,CC,GG,CT,CC,CT,TT,TT,AA,GG,GG,TT,AG,TC,TT,GG,GG,NN,CC,AA,TT,GG,GG,TC,GG,CC,GC,GG,AA,GG,GG,CC,GG,AA,GN,CG,AG,AG,CT,GG,TT,AA,TT,TT
Iberian population in Spain,,,,HG01524,,CT,AA,CC,CC,NN,CC,GG,NA,AC,TC,TC,GA,CT,CC,CC,GG,GG,CG,GG,CC,GG,AA,TT,AA,AA,TC,AA,TT,AA,TT,CG,CC,CC,TG,AA,AA,AA,AA,TA,GA,TC,CC,CG,NG,GG,CC,TT,GG,NC,AA,CC,CT,TT,TT,CT,AG,CA,TC,CC,CA,GG,AA,TT,TT,CC,GG,GG,AG,GG,TC,TT,GG,GC,AA,TT,TT,GG,TC,GG,AA,AA,NN,CT,GG,CC,CC,TT,TT,GG,GG,CC,GG,CC,GG,TT,GG,TT,TT,CC,AA,TT,CC,GG,CC,TC,CT,TT,CT,TC,AA,CC,TT,GA,GG,AA,CC,CC,TT,CC,TT,NT,GG,GA,CC,CT,CC,TT,CC,TT,GG,AA,AA,AA,AG,GG,AA,TT,NC,GG,TT,AG,TT,GG,CT,GN,NT,GT,AA,GG,CT,GG,TT,CC,NN,CN,GA,CC,AA,GG,NN,CC,CC,CC,GG,GG,AA,GG,CT,TT,GG,TT,AA,TT,TT,TG,TT,GT,TC,CC,CC,TT,TC,AA,GG,AG,TT,GA,CC,TC,GG,AA,NN,CC,AA,TT,AG,TG,TT,AG,TC,GC,GG,AA,AG,TG,CT,CC,CC,NN,CC,GG,GG,CT,GG,TT,AA,TT,TT
Iberian population in Spain,,,,HG01525,,TC,CA,CT,TT,NN,TC,GG,AN,CA,TT,CT,GG,CC,TC,CC,NN,GA,CC,GA,TC,GG,AA,TT,TT,GG,CT,AA,TT,AA,TT,CC,CC,TT,GG,AA,AA,TT,AG,AA,AA,CC,CC,GG,GN,AG,CC,TT,GN,CN,AN,CC,CT,TT,TT,TT,AA,CC,CC,CC,AA,GG,AA,AA,TT,TT,GG,GG,AG,GG,CC,TT,GG,GG,GA,TT,TT,GG,CC,GG,AA,AA,AA,CC,TT,CC,CC,TT,TT,GG,GA,CC,GG,CC,AG,TT,GG,TA,TT,CG,CA,TC,TT,AG,CC,CC,TT,TG,TT,TT,CA,CC,TT,AG,GG,GG,CC,TC,TT,CC,TT,TT,GG,AG,TT,CT,CC,TT,NN,CC,GC,AA,GG,AA,AG,AA,AA,TA,NC,GG,TT,GA,TC,GG,TT,GG,TN,GG,AA,GG,TT,GG,TA,CC,NA,CN,AA,TC,AA,GC,NG,CC,CC,CC,GG,GG,AA,AA,CC,TT,AA,CT,AA,TT,TT,TT,TT,TG,TC,CC,CT,TT,TT,AA,GG,GG,TC,AG,CC,CC,AG,AA,NN,TC,GA,TT,GA,TT,TT,AG,CT,GC,GG,AA,GG,GG,CC,CC,CC,GG,CC,GG,GG,TT,TT,TT,AA,CT,GT
Iberian population in Spain,,,,HG01527,,TC,AA,CT,TT,NN,TC,AG,NN,AC,TT,CT,GG,CC,CC,TT,NN,GG,CG,GG,TC,GG,AA,CT,AA,AA,TC,AA,TN,AA,TT,CG,CC,CC,GT,AG,AA,AT,GG,AA,AA,CC,CC,GG,GG,AG,CC,TT,NN,NN,AA,CT,TT,TN,TT,TT,AA,CC,CC,CC,AA,GG,AA,AA,TT,TC,CG,GG,GG,TG,TT,TT,GG,CC,AA,TT,TT,GG,CC,GG,AA,AA,AA,CC,TG,TC,CC,TT,TT,GG,GG,CT,GG,CC,GG,TT,GG,AA,TT,CC,CA,TT,TT,GG,CC,CC,TT,TG,TT,TT,AC,GG,TC,GG,GG,AA,CC,TC,TT,CC,TT,TN,AG,GG,CT,CT,CC,TT,CC,CC,GC,AA,AG,GA,GG,AG,AA,TT,NN,GA,GT,GG,TT,GG,TT,GG,TT,TG,GG,CC,CT,GG,AT,CC,AN,NN,AA,TT,TA,CC,NN,CC,GG,GG,GG,GG,GA,GA,CC,TT,GA,TT,AA,TT,TC,TT,CT,GT,CC,CC,TC,GT,TT,AA,GG,GA,TC,AA,CC,TT,GG,AA,NC,CC,AA,TT,GG,GT,CT,GG,CC,CG,GG,AA,GG,GG,CC,CC,AC,NN,CC,GG,GG,TC,TG,TC,AA,TC,TT
Iberian population in Spain,,,,HG01528,,TC,AA,CC,CC,NN,CT,GG,AA,CA,TT,CC,AG,TT,TC,CC,NG,GG,GC,GG,CC,GG,AA,TT,TA,AA,TT,AG,NN,AA,TT,CC,CC,CC,GG,AG,AA,TT,GG,AA,AA,CC,CC,GG,NG,GG,CC,TT,NN,CN,AA,CC,TC,TT,TT,TT,AA,CC,CC,CC,CA,GG,AA,TA,CT,CT,GG,GG,GG,TT,CT,TT,GG,CC,AA,TG,TT,GG,CC,GN,AA,AA,AN,CC,GG,CC,CC,AT,TT,GG,AA,CC,GG,CC,GG,TT,GG,TT,TT,CC,AA,TT,CT,GA,CC,CT,CC,TT,TT,TT,AA,GG,TT,GG,GG,AA,CC,TC,TC,CC,TT,NT,GG,GA,CT,TT,CC,TA,CC,CC,CG,AA,GG,AA,GG,AG,AA,AT,NC,GG,TT,GA,TT,GG,TC,GN,TT,GG,GA,GG,TT,GA,TA,CC,AA,NN,AA,TC,AA,GG,NG,CC,CC,CG,GG,GA,AG,GA,TC,TT,GA,TT,AA,TT,CT,TT,TC,TT,CT,CC,CC,TT,CT,AA,GG,GG,TT,GA,TC,TT,GG,AA,CN,TC,AA,TT,GA,TG,TT,GG,CC,CC,GA,AA,AA,GT,CC,CC,CA,NN,CC,GG,GG,CC,GG,TT,AA,TT,TT
Iberian population in Spain,,,,HG01530,,TT,AC,CC,TC,NN,CT,AG,AA,AC,TT,CT,GG,CC,CC,CT,NN,AA,CC,GG,CC,GG,GA,CC,AA,AA,TT,GA,NN,AA,TT,CC,CC,CC,TG,AA,AA,TT,GG,AA,AA,CC,CC,GG,GG,AG,CC,TT,NN,CN,AN,CT,TT,TN,TT,TT,AG,CA,CT,CC,CC,GG,AA,TT,TC,CC,GG,GG,AA,GG,CT,TT,AA,CC,GA,TT,TA,GG,TC,GG,AG,AA,NA,CC,TG,CC,CT,TT,TT,GG,GG,CC,GA,CC,GG,TT,GG,AA,TG,CG,CA,TT,TT,GG,CC,CT,TC,TT,CC,TT,AA,CG,TC,GA,GG,AA,CT,TC,CT,CC,TT,TT,GG,GG,TT,CC,CC,TT,CC,CC,CG,AA,AG,AA,GG,AG,GA,AT,NN,GG,TT,GG,TC,GG,TC,GG,TT,TG,AG,CC,TT,GG,TT,CC,AA,NN,AA,CC,TA,CG,NG,CC,CC,CC,GG,GG,GG,AA,CC,TT,GA,TT,AG,AA,TC,TG,CT,GT,CC,CC,CC,TT,TT,AA,GG,GG,CT,AG,CC,TC,AG,AA,NC,CT,GG,TT,GG,GG,TT,GG,TC,GC,GG,CA,GG,GT,CT,CC,AA,NN,GC,GA,AA,TC,TT,TT,AA,CC,TT
Iberian population in Spain,,,,HG01531,,TC,CA,TC,CT,NN,TC,GG,AA,CC,TT,CT,AG,TC,CT,CC,NN,AA,CC,GG,TT,AG,AA,TT,AA,AA,CC,GA,NT,AA,TT,CC,AC,CC,TG,GA,AA,AA,GG,AA,AA,CC,CC,GG,GG,GA,CC,TT,GG,NN,AA,CC,TT,TT,TT,TC,AA,CC,CC,CT,AA,GG,AA,TT,TT,CC,GC,GG,GA,TT,CC,TT,GG,GC,GA,TT,TT,GG,CC,GN,AA,AG,AN,CC,GT,TT,TT,TA,TT,AG,AG,CC,GG,CC,GA,TT,GG,TA,TG,CC,CA,TT,TT,GG,CC,TC,CT,TT,TT,TC,AA,CC,TT,GG,GG,AA,CC,TC,TT,AC,TT,TT,GG,GA,CT,CC,GC,TA,CC,TC,CC,AA,AG,AA,GA,AA,GA,TT,CC,GA,GT,GA,TC,GG,CT,NG,TT,GG,GG,CG,TT,GG,AA,CC,AA,NN,AA,CT,AA,GC,GN,TC,CC,GC,GG,GG,GA,GG,CC,TT,GA,TC,GA,TT,TT,TT,TT,TG,CT,CC,TT,TG,TT,AA,GA,GG,TT,AA,CC,CT,GG,AA,NC,TC,GA,TC,GG,TG,TT,GG,CC,CC,GG,AA,GA,GG,CC,CC,AC,NN,CC,GG,GG,TT,GG,TT,AA,CT,TT
Iberian population in Spain,,,,HG01536,,TT,AA,CC,CC,NN,CT,AG,NA,AC,TT,CT,GG,CC,CC,CC,NG,GG,CC,GG,CC,GG,GA,TC,AA,AA,TT,AA,NT,CA,TT,CC,CC,CC,GT,AA,AG,TT,GA,TA,GA,TC,CC,GG,GG,AG,CC,TT,NN,NC,NA,CT,TC,NT,TT,TT,AA,CC,CC,CC,CA,GG,AA,TT,TT,CC,GG,GG,GA,TG,TT,TT,AG,CG,AA,TT,TA,GG,CC,GG,AA,GA,AN,CC,GG,TC,CC,TA,TT,AG,GA,CC,GG,CC,GG,TT,GG,TT,TT,GG,AA,CT,CT,GG,CC,CC,TC,TT,TC,TT,AA,GG,TT,GG,GG,AG,CC,TT,CT,CA,CT,TT,GG,GG,CC,CC,GC,TT,NC,CT,GC,AA,GA,AA,GG,AA,AA,TT,NN,GG,TT,GG,CT,GG,CT,NG,TT,TG,AG,GC,TC,GG,AT,CC,AA,NN,AA,CC,TA,CG,NN,CC,CC,GG,GG,AG,AA,AA,CC,TT,AG,TT,AG,TT,TT,TT,CC,GT,TC,CC,TT,GT,TT,AA,GG,AA,TC,GG,CC,TT,GG,GG,NN,CC,GG,TT,GG,GG,TT,GG,CC,CC,AG,AA,GG,GG,CT,CC,CC,GG,CC,AG,GG,CC,TG,TC,AA,TT,TT
Iberian population in Spain,,,,HG01537,,CT,AA,CC,CC,NN,TT,AA,NA,AC,TT,CC,AA,CC,CC,CC,GN,AA,CC,GG,CC,GG,AA,CT,TA,AG,TT,AA,NT,AA,TT,CG,CC,CT,TG,AA,AA,TT,GG,TA,AA,CC,CC,GG,GG,AA,CC,TT,GN,CC,NA,CT,TT,TT,TT,TT,AA,CC,CC,TC,AA,GG,AA,TT,TT,CC,GG,GG,GA,GT,CC,TT,GG,CG,GA,TT,TT,GG,CC,GG,AA,AA,NA,CC,GG,TC,TC,TT,TT,GG,GG,CT,GG,CC,GG,CT,GG,AT,TT,GC,CA,TT,CT,GA,GC,CT,TC,GT,TC,TT,AC,GC,TC,GG,GG,AA,CT,TC,TT,AA,TT,NT,GG,GG,CT,CT,CC,TT,CC,CC,CG,AA,GG,AA,GA,AA,GA,TT,NN,GG,TG,AG,TC,GG,CT,NG,TT,TG,AG,GG,TC,GG,AA,CC,AA,NN,GA,CC,TT,GC,NG,CC,CC,GC,GG,GG,AA,AG,CC,TT,GA,TT,AG,TT,CT,TT,TT,TG,CT,CC,CC,TG,TT,AA,GG,GG,TT,GA,TC,CT,GG,AA,NN,CC,GG,TT,AA,GT,TT,AG,CC,CC,GG,AA,GG,TT,CC,CC,CA,NN,CC,AA,GA,TC,GT,TC,GA,TT,TT
Iberian population in Spain,,,,HG01602,,TT,AA,TC,TT,NN,CC,AA,NA,CC,TT,CT,AG,CC,CC,CT,GN,AG,CC,GG,CC,GG,AA,TT,TT,AA,CC,AG,NN,CC,TT,CC,CC,TC,TT,AG,AA,TT,GA,AT,AG,CT,CC,GG,NG,AA,CC,TT,GG,NN,AA,TT,TC,TT,TT,TC,AA,CC,CC,CT,AA,GG,AA,TT,TT,CT,CG,GG,GG,TT,TT,TT,AG,CG,AG,TT,TT,GG,CC,GG,AA,AA,NA,CC,GT,TT,CC,TA,TT,GG,GA,CC,GG,CC,GG,TC,GA,TT,TT,CC,AC,TT,CC,GG,CC,CT,TT,TT,CT,TT,AA,GC,TT,AG,GG,AA,CC,TC,TT,CC,TT,TT,GG,GG,CC,CC,CC,TT,NC,CC,CG,AA,GG,AA,AG,AA,GA,TT,CN,GG,TT,GG,TT,GG,TT,NG,NN,GT,GA,GC,TT,GG,TT,CC,AA,NN,AG,CC,AA,CG,GG,CC,CC,GC,GG,GG,AA,GG,CT,TT,AA,TT,AG,TA,TT,GT,TT,GG,TT,CC,TT,GT,CT,AA,GG,GG,TC,GA,TC,CC,AG,AA,NC,CT,AA,TT,GG,GG,TT,GA,CC,CC,GG,AC,GG,GT,CC,CG,AC,GN,CC,GG,GG,TC,GG,TC,AA,CC,TT
Iberian population in Spain,,,,HG01603,,TT,AA,CC,TC,NN,TC,AG,AA,AC,TT,CC,AA,CC,CC,CC,NG,AG,CC,GG,CC,GG,AA,TT,AA,AA,TC,AA,NN,AA,TT,CC,AC,CC,TT,AA,AA,TA,AG,TA,GA,TC,CC,GG,GG,GG,CC,TT,NN,NN,AA,TC,TT,TT,TC,TT,GA,AC,TC,CT,AA,AG,AA,AT,TT,TC,GG,GG,AG,GG,TT,TT,GG,CC,AA,TT,TA,GG,CC,GG,AA,GA,AN,CC,GG,CC,CT,AA,GT,GG,AA,CC,GG,CC,GG,TT,GG,TA,TT,CC,AA,TT,TT,GG,CC,CC,TC,TG,TT,CT,AA,GG,TT,GA,AG,AG,CC,TT,CT,CA,TT,TT,GA,GG,CC,CC,GG,AT,CC,CC,CC,AA,AG,AA,GA,GG,GA,TT,NN,GG,TT,GG,TT,GG,TT,GG,TN,GG,AG,GC,TT,GG,TA,TC,NA,NN,AA,CT,AA,GG,GG,CC,CC,CC,GG,AG,GA,AG,CT,TT,GA,CT,AG,AT,TT,TT,TT,TG,TT,CC,CC,TT,TC,AA,GA,GG,CT,AG,TC,CT,GG,AA,NC,CC,GG,CC,GA,GG,TT,GG,CC,CC,GG,CA,GA,TG,CC,GC,AA,GG,CC,GG,GG,CC,GG,TT,AA,CC,TG
Iberian population in Spain,,,,HG01605,,CT,AA,CC,CT,NN,CC,AA,NA,CC,TT,CC,AG,CC,CT,CT,GG,AG,CC,GG,CC,GG,AA,TC,AT,AA,TC,AA,NN,AA,TT,GC,CC,CC,GG,AG,AG,AT,AA,AA,AA,CC,CC,GG,GG,GG,CC,TT,GN,NC,AN,CC,TC,TT,TT,TT,AA,CC,CC,CT,CA,GG,AA,AT,TC,CC,GG,GG,GG,TT,TC,TT,GG,CC,AA,TT,TT,GG,CT,GG,AA,GA,NN,CC,TG,CC,CC,TT,TT,GG,AG,TC,GG,CC,GG,TT,GG,TA,TT,CC,AC,TT,CT,AG,CC,CC,CC,TT,TT,CT,AA,CC,TT,GG,GG,GA,CC,CT,TT,CC,TT,TT,AG,GG,CC,CT,CC,TT,CC,CC,GG,AA,GG,AA,GG,AG,GA,TT,NN,AG,GT,AA,CT,AG,TT,NN,NT,TG,AA,CC,CC,AG,AA,CC,NA,NN,AA,CT,AA,CG,NN,CT,CC,CC,GG,GG,AA,GG,CC,TT,GA,TT,AA,AT,TT,TT,CC,GG,CC,TT,CT,TT,TT,AA,GG,AG,TC,AG,CT,CT,GA,AA,NN,CC,AA,TC,GA,TT,TT,GA,CC,CC,GG,AA,GG,GG,CC,CC,AA,NN,CC,GG,GG,CC,TG,TT,AA,TT,TT
Iberian population in Spain,,,,HG01606,,TC,AA,TC,CT,NN,CC,GG,NA,CA,TT,TT,AG,CC,CC,TT,NG,AG,GC,GG,TT,GG,AA,TT,TA,AA,CC,GA,TN,AA,TT,CC,CC,CC,TG,AA,GA,TT,GG,AA,AA,CC,CC,GC,NG,AA,CC,TT,NN,NN,AN,CC,TT,TT,TT,TT,AA,CC,CC,CC,CA,GG,AA,TT,CT,CC,GG,GG,GA,GT,CC,CT,GG,CC,AA,TT,TT,GG,CC,GG,AA,GA,AN,CT,GT,CC,CT,AA,TT,GG,GG,CC,GG,CC,GG,TT,GG,AA,GT,CC,AA,TT,CC,AG,CC,TC,CT,TT,CT,CC,AA,CG,TT,GG,GG,GA,CC,TC,TT,CC,TT,TT,GG,AG,TC,CT,CC,TT,NC,CC,CC,AA,AA,AG,GA,AA,GG,TT,CC,GG,TT,AG,CC,GG,TT,GN,TT,GG,AA,GG,TT,GG,TT,CC,AA,NN,AG,CC,TA,CG,NG,CC,CC,CC,GN,GG,AA,GA,CC,TT,GA,TC,AA,AA,TT,GT,CT,GT,CC,CC,CC,GG,TT,AA,AG,GG,TT,AG,CT,TT,AG,AA,CN,CC,GA,CT,GG,TG,TT,GG,CC,GG,GG,AA,GG,GT,CC,CC,AA,GG,CC,AG,AG,CT,GG,TT,AA,CC,TT
Iberian population in Spain,,,,HG01607,,TC,AA,CC,TT,NG,CC,GG,AA,CA,TT,CT,GG,CC,CC,TT,GN,GA,GC,GG,CC,GG,AA,TT,AA,AA,CC,GG,TN,AA,TG,CC,AC,CC,TG,GA,AA,TA,AG,AA,AA,CC,CC,GG,GN,GA,CC,TT,GG,CC,AA,TC,CC,TT,TT,TT,GA,AC,TC,CT,CC,GG,AA,AT,CT,CC,CG,GG,AG,GG,TC,TT,GA,CC,AA,TT,TT,GG,CC,GG,AA,AG,AN,CC,TG,CC,CC,TT,TT,GG,AG,TC,GG,TC,GG,TT,GG,AA,TT,CC,AA,TC,TT,GG,CC,TC,CT,TT,CC,TC,CA,GG,TT,GG,GG,AG,CC,CT,TC,CC,TT,TN,GG,GG,CC,TT,CC,TT,NC,CC,CC,AA,AG,GA,AA,GA,AA,TT,NN,GG,TT,AA,CC,GA,TT,NG,TT,GG,AG,GC,TT,AG,TT,CC,AA,NN,AA,CC,AA,GG,GN,TC,CC,CC,GG,GG,GA,AG,CC,CT,AA,CT,AG,TT,CC,TT,TC,GG,CT,CT,CC,TT,TC,AA,GG,GG,TT,AG,TT,CT,GG,AA,CN,CC,AA,TC,GA,TG,TT,GG,TC,CC,GG,AA,AG,GG,CC,GC,AA,NN,CG,GG,GG,CC,GT,TT,AA,CC,TT
Iberian population in Spain,,,,HG01608,,CT,AA,CC,CC,NN,TC,GG,AA,CC,TT,TT,GG,CC,CC,TC,NN,AG,CC,GG,CT,GG,AA,TT,AA,AA,TC,GA,TN,AA,GT,GC,AC,CC,TG,AA,AA,TT,GA,AA,AA,CC,CC,GG,GG,GG,CC,TT,NN,CN,NA,CC,TT,TT,TT,TT,AA,CC,CC,CC,CC,GG,AA,TA,TT,CC,GC,GA,GA,TG,TC,TT,GG,GC,GA,TT,TA,GG,CC,GG,AA,GG,AA,CC,GG,CC,CT,TT,TG,GG,AG,TC,GG,CC,GG,TT,GG,AT,TT,CC,CC,TT,TC,GG,CC,CT,TC,TT,CC,TC,AA,CG,TT,AA,GG,AG,CC,CC,TT,CC,TC,TT,GA,AG,CT,CC,GG,TT,CC,CC,GC,GA,GA,AA,GA,AG,AA,TA,NC,GG,TT,GG,TT,GG,TT,NN,TT,GG,AA,GG,TT,GG,TT,CC,AA,NN,GG,TT,AA,GG,NG,CC,CC,CC,GG,GG,AA,AA,CC,TT,AG,TT,AG,TT,CT,GT,TT,TG,CC,CC,CC,TT,TT,AG,GG,GG,TT,GA,TC,TC,GG,GG,NN,CC,AG,TC,GG,GG,TT,GG,CT,CG,GG,AA,GA,TT,CC,GC,AA,GN,CG,AG,GA,CT,GT,TT,AA,TC,TT
Iberian population in Spain,,,,HG01610,,TT,AA,CC,CC,NN,CC,GG,AN,CC,TT,TT,GA,CC,CC,TT,GN,AG,CC,GG,CT,GA,AA,TT,AA,AA,TT,AA,NT,AA,TT,GC,CC,TC,GG,AA,AG,TT,GG,AA,AA,CC,CC,GG,GN,AG,CC,TT,GG,CC,NN,CC,TT,TT,TT,TT,AA,CC,CT,CC,CC,GG,AA,TT,TT,CC,GG,GG,AG,TG,CT,TT,GG,CC,AA,TT,TT,GG,CC,GG,AA,AA,AA,TC,TG,CC,CC,AT,TT,GG,AA,CC,GG,CC,GG,TT,AG,AA,TT,CC,AA,TT,CT,GG,GC,CC,TT,TT,TT,TT,AA,CC,TT,AG,GG,GA,CC,TC,TT,CC,TT,TT,GG,GG,TC,CC,CC,TT,CC,CC,GG,AA,AG,GA,AG,AG,AA,TA,CN,AG,GG,GG,TT,GA,TT,GN,NT,GG,AA,GC,TT,GG,TT,CC,NA,CN,AA,CC,AA,GG,GG,CC,GC,GG,GG,GG,AA,GG,CC,TT,AA,CT,AA,TT,TT,TT,CC,GT,TC,CC,CC,TT,CT,AA,GG,GG,TT,GG,CC,TT,GG,GA,NN,CC,AA,TT,GG,GG,TT,AG,CC,GC,GG,AC,GG,TG,CC,CC,CA,NG,CG,GA,AG,TT,GG,TT,AA,TT,TT
Iberian population in Spain,,,,HG01612,,CT,AA,CC,CC,NN,TC,GG,NN,CC,TC,CC,AG,CC,CC,TT,GG,GG,GC,GG,TT,AG,AA,TT,AT,AG,TT,AG,TT,AA,TT,CC,CC,CC,GT,AA,AA,AT,AA,AA,AA,CC,CC,GG,GG,GA,CC,TC,NN,NN,AA,CT,TC,TT,CT,TT,AA,CC,CC,CT,CA,GG,AA,TA,TT,CC,GG,GG,AG,GG,CT,TT,GG,CG,AA,TT,TT,GG,CC,GG,GA,GA,NN,CC,GG,CC,TC,TT,TT,GG,AG,TC,GG,CC,GG,TT,GG,TA,TT,CC,AA,TT,CC,AG,CG,CC,TC,TT,TT,TT,AA,CG,TC,GG,GG,AA,CC,CT,TT,CC,TT,TT,GG,GG,TC,CC,CC,TT,CC,TC,CC,AA,AA,AG,GG,GG,GA,TT,CN,GG,TT,GG,CT,GG,TT,NN,TT,GG,GA,CG,TT,GG,AA,CC,AA,NN,AA,CC,TA,GG,NN,CC,CC,CC,NG,GG,AA,AA,CC,TT,AG,TT,AG,TA,TC,TT,TT,GT,CC,CC,CT,TT,TT,AA,GG,GG,TT,AG,CT,TT,GG,AA,NC,CT,AA,TC,AG,GT,TT,GG,CC,CC,GG,AA,GG,GG,CC,CC,AA,NG,CC,GG,GG,TC,TG,CT,AA,CC,GT
Iberian population in Spain,,,,HG01613,,CT,AA,CT,TC,NN,CC,GG,NA,AC,TT,CC,GG,CC,CC,CT,GN,GA,CC,GG,TT,AG,AA,TT,AA,AA,TC,AA,TN,AC,TT,CC,CC,CC,GG,AA,AA,TT,GG,AA,AA,CC,CC,GG,NN,AG,CC,TT,GN,CN,AA,CC,TT,TT,CT,CC,AA,CC,CC,TC,AA,GG,AA,AA,TT,CC,GG,GG,GG,GT,CC,CT,GG,CG,AA,TT,TT,GG,CC,GG,AA,AG,NN,CC,GT,CC,TC,TT,TG,GG,GG,TC,GG,TC,GA,TT,GG,TA,TT,GC,AC,CT,CT,GG,CC,CC,CT,TT,TC,TT,AC,CG,TT,GG,GA,GA,CC,CT,CT,CC,TT,TT,GG,GG,CC,CC,GC,TT,CC,CC,GC,AA,GG,AA,GG,GA,AA,TT,NC,GG,TT,GA,TT,GG,TT,NN,TT,GG,GA,GC,TT,GG,AT,CT,AA,NN,AA,TC,AA,GG,NG,CC,GC,GC,GG,GG,GG,GG,CC,TT,GA,TC,GA,TT,TT,TT,CC,GG,CT,CC,TC,TT,TT,AA,GG,GG,TT,GA,CC,TT,GG,GA,CN,TC,AA,TT,GG,GG,TT,GG,CC,GC,GG,AA,AG,TT,CC,CC,AA,NG,CC,GG,AG,TC,GT,TT,AA,TT,TT
Iberian population in Spain,,,,HG01615,,CT,AA,CT,CT,NN,CC,GG,NN,CA,CT,TC,GA,CC,CC,TC,NN,AG,CC,GG,CC,GG,GA,TT,AT,AG,CT,AG,TT,AA,TT,CG,CC,CC,GG,AA,AA,TA,GA,AT,AG,CT,CC,GG,GN,GG,CC,CT,NN,NN,NA,TC,TT,TT,TT,TT,GG,AA,TT,CC,AC,GG,AA,TT,CT,TT,CG,GG,GG,GT,CT,TT,GG,GG,AA,TT,TT,GG,CC,GG,AA,GG,AN,CC,GG,CC,TC,AT,TT,GG,AG,CT,GG,CC,GG,TT,GG,AA,TT,CC,CC,TC,CT,AG,CG,CT,TT,GG,TT,TT,AA,CC,TC,GA,GG,AA,CC,CC,TT,CC,CT,TN,GG,GG,CT,CC,CC,TT,CC,CC,CG,GA,AG,AA,GG,GG,AA,TT,CN,GG,TT,AA,TT,GG,TC,NN,TT,GG,AA,GG,TT,GG,TT,CC,NN,CN,GA,TC,AA,GC,NN,CC,CC,GG,GG,GG,AA,GA,CC,TT,GG,TT,GA,TT,TT,TT,TT,TG,CT,TC,TC,TT,CT,AA,GG,GG,TC,GG,CC,CT,GA,AG,CN,CT,GA,TC,AG,GG,TT,GA,CC,CC,GG,AC,GG,TG,CC,CG,AC,NG,CC,GG,GG,CC,TG,TT,AA,TT,TT
Iberian population in Spain,,,,HG01617,,CT,AA,CC,CC,NN,CC,GG,NA,CC,TT,CC,AG,CC,CC,TT,GN,AG,CC,GG,TC,GG,AA,TT,AA,GA,TT,GA,NT,AA,TT,CC,CC,CT,GT,GA,AA,TT,AG,AA,AA,CC,CC,GG,GG,AG,CC,TT,GN,CN,AN,TT,TC,TT,TC,TT,AA,CC,CC,CC,AA,GG,AA,TT,TT,CC,GG,GG,GA,GG,CC,TT,GG,CC,AA,TT,TT,GG,CC,GG,AG,AA,NA,TC,TT,CC,TC,TT,TT,GG,AA,CT,GG,CC,GG,TT,GG,AA,TT,CG,AA,TT,TC,GG,CC,CC,CT,GT,TT,CT,AA,CC,TT,GG,GG,GA,CC,TT,TC,CC,TT,TT,GG,GG,CC,CT,GC,TT,CC,CC,CG,AA,GG,AA,GG,AG,AA,TT,NN,GG,TT,GG,TT,GG,TT,NN,TT,TT,AG,GC,TT,GG,TA,CC,AA,NN,AA,CC,AT,GG,GN,CC,GC,GC,GG,GG,AA,GA,CC,TT,AA,CT,AA,AT,TT,TT,TT,GG,TT,CC,CC,TT,TT,AA,GA,GG,TT,GG,CC,TC,GG,AA,CN,TC,AG,TC,AG,GG,TT,GA,CC,CG,GG,CA,GA,GT,CC,GC,AA,GN,CC,GG,GG,TC,TG,TT,AA,TT,TT
Iberian population in Spain,,,,HG01618,,CT,CA,CC,CT,NN,CC,GG,AN,AC,CT,CT,AG,CC,CC,CT,GN,GG,CC,GG,TC,GG,AA,CT,TA,AA,TC,GG,TN,AA,GT,CC,CC,CC,GT,GA,AA,TT,AG,AA,AA,CC,CC,GG,NG,GA,CC,TC,GG,CN,NN,TC,TT,TT,TT,TT,AA,CC,CC,TC,CC,GG,AA,TA,TC,CC,CG,GG,AG,GT,TC,CT,GG,CG,AA,TT,TT,GG,CT,GN,AA,AA,AN,CC,GG,CT,CT,TT,TG,GG,AG,CC,GG,TC,GG,TT,GG,AT,TT,CC,AC,TT,TC,AG,CC,CC,TT,TT,CT,CC,AA,GG,TC,AG,GG,AA,CC,TC,TT,CC,TT,TN,GG,GG,CC,CC,CG,TT,CC,CC,CC,AA,AG,AA,AG,AA,AA,TT,NC,GG,TT,GG,TT,GG,CT,NG,TT,TG,AG,CC,TT,GG,TT,CT,AA,NN,AA,TT,AT,GC,GG,TC,CC,GG,GG,GG,AA,GA,CC,TT,GA,CC,AA,AT,TT,TT,CC,TG,CC,TC,CC,GT,TT,AA,GG,AG,TT,AG,CC,TC,GG,AA,NN,TC,AA,TT,GG,GG,TT,AA,CT,GC,AG,AA,GA,TG,TT,CC,CA,NG,CC,AG,AA,TT,GT,TT,GA,TT,TT
Iberian population in Spain,,,,HG01619,,TC,AA,CT,CC,NN,CC,GA,AN,CC,TT,CC,GG,CC,CT,CC,GN,AA,GC,GA,CC,GG,AA,CT,AT,AG,TT,AG,NN,AA,TG,CC,CC,CC,GT,GA,AA,TT,GG,AA,AA,CC,CC,GG,GG,GA,CC,TT,NN,NN,AA,CC,TC,TT,TT,TC,AA,CC,CC,CC,AA,GG,AA,TT,TT,CC,GC,GG,AA,GG,TC,TT,AG,CC,AA,TT,TT,GG,CC,GG,AG,GG,NN,CC,TG,CC,CC,TT,TT,GG,AG,CC,GG,CC,GG,TT,GG,AA,TG,CC,AA,TT,CT,GA,CC,CC,TT,TT,TC,TT,AA,CC,TT,AG,AG,AA,CC,CC,TT,AC,TT,TT,GG,AG,CC,CC,CC,TT,CC,CC,GC,AA,GA,AA,AG,AA,AA,TT,CC,GA,TT,GG,TC,AG,TT,GG,TN,GG,GG,CG,TT,GG,TT,CC,AA,NN,GA,CC,AA,CG,GG,CC,CC,CC,GG,AG,AG,AG,CT,TT,AA,TT,AA,TT,TT,TT,TT,TG,CT,CC,TC,TT,TT,AA,GG,GG,TT,GG,CC,CC,GG,GG,NN,CC,AA,TT,AG,GG,TT,GA,CC,GC,AG,AA,GG,GT,CT,CG,CA,GG,CC,GG,AA,TT,TT,TT,AG,TC,TT
Iberian population in Spain,,,,HG01620,,CT,AA,CC,TC,NN,CC,GG,AN,AC,CT,CC,GG,CC,CC,TT,GN,GA,CG,GG,CC,GG,AA,TT,TA,AA,TT,AA,NT,AA,TT,CC,CC,TC,GG,AA,GA,TT,GA,AA,AA,CC,CC,GG,NN,GG,CC,TT,NN,NN,AN,CT,TT,TN,TT,TT,AA,CC,CC,CC,CC,GG,AA,TA,TT,CC,GG,GG,GG,TT,TC,TT,GG,CG,AA,TT,TT,GA,CT,GG,AG,AA,AN,CC,GG,CC,CC,TA,TT,GG,GG,CC,GG,CC,GG,TT,GG,TA,TT,CC,AA,TT,TT,AA,CC,TC,TC,TT,CT,TT,AA,GG,TT,GG,GA,GG,CC,TC,TT,CC,TT,TT,GG,GG,CT,CC,GC,TT,CN,CC,GG,AA,GA,GA,GG,AA,AA,TT,NN,GG,TG,AG,CT,GG,CC,GG,TN,GG,GG,GG,CT,GG,TA,CC,AA,NN,AA,TT,AA,GG,GN,TC,CC,CC,GG,GG,AA,AG,CC,TT,AG,TT,AA,TT,TT,TT,TC,TT,CC,TC,TC,TT,TC,AA,GG,GA,TC,GG,CC,TC,GA,AA,NN,CC,AG,TC,AG,GG,CT,GG,TC,GC,AG,AA,GG,TG,CT,CG,AA,NN,CC,GG,AA,TT,GT,TT,AA,TT,TT
Iberian population in Spain,,,,HG01623,,CT,AA,CC,CC,NG,TC,AA,AN,AC,TT,TT,GG,CC,CC,TT,NN,AA,CC,GG,CC,GA,AA,CT,TA,AA,TT,AA,NT,AA,TT,CC,CC,CT,GT,GA,GA,TT,GA,AA,AA,CC,CC,GG,GG,GG,CC,TT,NN,CN,AA,TC,TT,TT,TC,CT,AA,CC,CC,CT,CA,GG,AA,TT,TT,CC,GG,GG,AG,GT,CC,TT,GA,GC,AA,TT,TT,GG,CC,GG,AA,AA,AA,CC,GG,CT,CC,AT,TT,GG,AA,CC,GG,CC,GG,TT,GA,AT,TT,CC,AA,TT,CT,GA,CC,CT,CC,TT,TC,TT,AA,CG,TT,GG,GG,AA,CC,CT,TT,CC,TT,TT,GG,GG,CC,CC,CC,TT,CC,CC,GG,AG,AG,AA,GG,AG,AA,TT,NN,GG,GG,GG,TT,GG,CT,NG,TN,GT,AA,GC,TT,GG,AA,TC,AA,NN,AA,CC,AT,GC,NN,CC,CC,CG,GN,GG,AA,AG,CC,TT,GA,CT,AG,TA,TC,TT,CT,GG,TT,CC,CC,TT,TC,AA,AG,GG,CT,GG,CC,TT,GG,AA,NN,CC,AA,TC,GA,GG,TT,GG,CC,CG,GG,AA,GG,GG,CT,CC,AA,GN,CC,GG,GG,TC,GG,TT,AA,CC,TT
Iberian population in Spain,,,,HG01624,,TT,AA,CC,CT,NN,CC,GG,AA,CA,TT,CC,GG,CC,CC,TC,NG,GA,CC,GG,TC,GG,AA,TT,AA,AA,CC,AA,NT,AC,TT,GC,CC,CC,GG,AA,AA,TT,GG,AT,AG,CT,CC,GG,GG,GA,CT,TT,GG,CN,NA,CC,TT,TN,TT,TT,AA,CC,CC,CC,AA,GG,AA,TA,TT,CC,GC,GG,GA,TG,TC,TT,GG,GC,AA,TT,AT,GG,CC,GG,AA,AA,NA,CT,GG,CC,TT,TT,TT,GG,GA,CC,GG,CC,GG,TT,GG,AT,TT,CC,AA,TT,TT,AG,CC,CT,TC,TT,TC,CT,AA,GG,TC,GA,GG,AA,CC,TT,TT,CC,TT,TT,GG,GG,CT,CT,CC,TT,NC,CC,CC,AA,GG,GA,GG,AA,GA,TT,NC,GG,TT,GA,TT,GG,TC,GG,TT,GT,GA,GG,TT,AA,AA,CT,AA,NN,GA,TT,AA,CG,NN,CT,CC,GG,NG,GG,AA,AG,CC,TT,GA,TT,AG,AT,TT,GT,TC,GG,TC,CC,CC,TT,TC,AA,GG,AA,CT,GG,CT,TT,GG,GG,NC,CC,GA,TC,GG,GT,TC,GG,CT,CG,GG,AA,GG,GT,CC,CC,CA,GN,GC,GG,GA,CT,TG,TT,GA,TT,GT
Iberian population in Spain,,,,HG01625,,TT,AA,CC,CC,NN,CC,GG,NA,CC,TT,CT,GA,CC,CC,TT,NG,GA,CC,GG,TC,AG,AA,TT,TA,AA,TT,AA,TN,AA,GG,CC,CC,CT,GT,GA,GA,AT,GG,AA,AA,CC,CC,GG,GG,GA,CC,TT,NN,CN,NA,CC,TC,TT,TT,TC,AA,CC,CC,CC,CA,GG,AA,TT,TT,CT,GC,GG,AG,GG,CC,TT,GG,CC,AA,TT,TT,GG,CC,GN,AA,AA,AA,CC,TG,CC,CC,TT,GT,GG,GA,CC,GG,CT,GG,TT,GG,AA,TT,CC,AA,TC,TT,GG,CC,TC,CT,TG,CT,CC,AA,CG,TT,AG,GG,GA,CC,TT,TT,CC,TT,TT,GG,GG,TT,CT,CC,TT,NC,CC,CC,AA,AA,AA,GG,GG,AG,TT,CN,AG,TT,GG,CC,GG,TT,NG,TN,GG,AG,CC,TT,GG,TT,CT,AA,NN,AA,CT,TT,CC,GG,CC,CC,CC,GG,GA,AG,GG,CC,CT,AA,CT,AA,TA,TT,TT,CT,GG,CT,CC,CC,TT,TT,AA,GG,GG,CT,GG,CC,TT,GG,AA,NC,TT,AA,CT,AG,TG,TT,GG,CT,GC,AG,AA,GA,TT,CC,GC,AC,NN,CG,GA,GG,CT,TG,TT,AA,TT,TT
Iberian population in Spain,,,,HG01626,,CT,AA,CT,CT,NN,TC,GG,AN,AA,TT,CT,AG,CC,CC,TC,NN,AA,CC,GG,CT,GA,AA,CC,TA,AG,TT,AA,TT,AA,TT,CC,CA,CC,GT,AA,GA,TT,AA,AA,AA,CC,CC,GG,NG,AG,CC,CT,NN,NN,AA,CC,TT,TT,TC,TT,GA,AC,TC,CC,AA,GG,AA,TA,TC,CC,GG,GG,GA,TG,TC,TT,AG,CC,AA,TT,TT,GG,CC,GG,AA,GG,NN,CC,TT,CC,CT,TT,TT,AG,GA,CC,GA,CC,AG,TT,GG,TT,TT,CC,AC,TT,CT,GG,CC,CT,CT,TG,TT,TT,AA,CC,TT,AG,GG,AA,CC,CC,TT,CC,TT,TT,GG,GG,TC,TC,CC,TT,CC,CT,CC,AA,GG,AA,GG,GA,AA,TT,NN,AA,TT,GG,TT,GG,TT,NG,TT,GT,GA,CG,TT,GG,AT,CC,AA,NN,GA,TT,TA,CC,NG,CC,GC,GC,GN,GG,AA,GA,CT,TT,AA,TT,AA,TT,TT,TG,TC,TT,CC,CC,TC,TG,TT,GA,GG,GG,CC,GG,CC,TT,GG,AA,CN,TC,GG,TT,GA,TG,TT,GG,CT,CG,GA,AA,GG,TG,CC,GC,CC,NN,CC,AA,GG,TC,GT,TT,AA,TT,TT
Iberian population in Spain,,,,HG01628,,TC,AA,CC,TC,NN,TC,GG,NA,CC,TT,CC,GG,CC,CC,CC,NG,GG,CG,GG,CC,GG,AA,TC,TT,AA,TT,GG,TT,CA,TT,CC,CA,CC,GG,AG,AA,TT,AG,TA,GA,TC,CC,GG,GG,GG,CC,TT,GG,CC,AA,TC,CC,TT,TT,CT,AA,CC,CC,CC,AC,GG,AA,TT,CC,CT,GG,GG,AG,TG,TC,TT,GG,CC,AA,TT,TT,GG,CC,GG,AA,AG,AA,CC,GG,CC,TT,TT,TT,GG,AG,TC,GG,CC,GG,TT,GG,TA,TT,CC,CA,CT,CC,AG,CC,CC,TT,TT,TT,CC,AA,CG,TT,GA,GG,AG,CC,CC,TT,CA,TT,TT,GG,GA,TT,CC,CC,TT,CC,CC,CC,AA,GA,AA,GG,GA,GA,TT,CC,AG,TT,AG,CT,GG,TT,GN,TT,GG,AG,GG,CC,GG,TT,CC,NA,CN,AA,TC,AT,GG,NN,CC,CC,GC,GG,AA,AA,AA,CC,TT,GG,CT,GA,AT,TT,TG,CC,GT,TC,CC,CC,TT,TT,AG,GG,GA,TT,AG,CC,TC,GG,AG,NN,CC,GA,TT,GG,GG,TT,GG,TC,CG,GG,AA,GA,GG,CC,CC,AA,NN,CC,GG,AG,TT,GT,TT,AG,CT,TT
Iberian population in Spain,,,,HG01630,,CT,AA,CT,TC,NN,CT,GG,NA,CC,TT,CC,GG,TC,CC,CT,GG,GG,CC,GG,CT,GG,AA,TT,AT,GA,TT,AA,NT,AA,TT,CG,CC,CC,GG,AA,AA,TT,GG,AA,AA,CC,CC,CG,GN,AG,CC,TT,NG,NN,AA,CC,TT,TT,TT,TC,AA,CC,CC,TC,AA,AA,AT,AA,CT,CC,GG,GG,AG,GG,CC,TT,AA,CC,AG,TT,TT,GG,CC,GG,AA,AG,AN,CC,GT,CC,TT,TT,TT,GG,AG,CC,GG,CC,GG,TT,GG,AT,TT,CC,CA,CT,TC,AG,CC,TC,TT,TT,CC,TT,AA,CG,TT,GG,GG,GG,CC,CT,TT,CA,TC,NT,GG,GA,TT,CC,CC,TA,CC,CC,GG,AA,AA,AA,GG,GG,AA,AA,NN,GG,TT,AA,CC,GG,CT,GG,TN,GG,AA,CC,TT,AG,AT,CC,AA,NN,GG,TC,AT,CC,NG,CC,CC,CG,GG,AG,AA,GA,CC,TT,AA,CC,AA,AT,TC,TT,CC,TG,CC,CC,CC,TT,CT,AA,GG,GG,TT,GG,CT,CC,GA,AA,NN,CT,AA,CC,GG,TT,TT,GG,CC,CG,AA,AA,GA,GT,CC,CC,CC,NG,CC,GA,GA,CT,GG,TT,AA,CT,TT
Iberian population in Spain,,,,HG01631,,TC,AA,TC,CC,NN,TC,GA,NN,CC,TT,CC,GG,CC,CC,CC,NG,GG,GC,GA,CC,GG,AA,TT,AA,GA,TT,GA,NT,CA,TT,CG,CC,CT,TG,AA,AA,TT,GG,AA,AA,CC,CC,GG,GG,GG,CC,TC,NN,NC,AA,CC,TT,TT,TT,TT,AG,CA,CC,TC,AA,GG,AA,AT,TT,CT,GC,GA,GA,GT,CT,TT,GG,GC,AA,TT,TT,GG,CC,GG,GA,AA,AA,CC,GT,CC,TC,AT,TT,GA,GA,CC,GG,CC,GG,TT,GG,AA,TT,CC,CA,TT,CC,GG,CC,CT,TT,TT,CC,TC,AA,CG,CT,GG,GG,GA,CC,TC,TC,CC,TT,TN,GG,GG,CT,CC,CG,AT,CC,CC,CG,AA,GG,GA,GG,AA,AG,TT,NN,GG,TT,GG,TT,GG,CT,NG,TT,GG,GA,CG,TT,GG,AT,CC,AA,NN,AA,CC,AA,GG,NN,CC,CC,GC,NG,GG,AA,AG,CC,TT,GA,TT,AA,TT,TT,TT,CT,GT,CC,CC,CC,TT,TT,AA,GG,AA,CT,GG,CC,TC,GG,AA,NC,TC,AA,TT,GG,GT,TT,GA,CC,CG,GG,AA,GG,TT,CC,CC,AA,NG,CG,AG,GG,TC,GG,TT,AG,CT,GT
Iberian population in Spain,,,,HG01632,,TC,AA,TC,TT,NN,CT,AA,AA,CC,TT,TC,GA,CC,CC,TC,NG,GG,CC,GG,CT,GG,AA,CT,TA,GA,TC,GG,NN,AA,TT,CC,AC,CC,GG,AA,AA,TA,GA,AA,AA,CC,CC,GG,GG,AG,CC,TT,NN,NN,AN,CC,TT,TT,CT,TT,AA,CC,CC,CC,CC,GG,AA,TT,TT,CC,CG,GG,AG,GT,CT,TT,GG,GC,AA,TT,TT,GG,CC,GG,AA,GA,NN,CC,GG,CC,CT,TA,TT,GG,GG,TT,GG,CC,GG,TT,GG,AT,TT,GC,CC,TT,TT,GA,CC,TC,CT,TT,CC,TT,AC,GC,TT,GG,GA,AG,CC,CC,TT,CC,TT,NT,AG,GG,CT,CC,CC,TT,NC,CC,GG,AA,GA,AA,AG,AG,GA,TT,NC,GG,TT,GG,CT,GG,TC,NN,TT,TT,GA,GG,TT,GG,AT,CC,NN,NN,AA,CC,AA,GC,NN,CC,CC,CG,GG,GG,AA,GG,TC,TT,AA,TT,AA,TT,CT,TT,TT,GT,CC,CC,CC,TG,TT,AA,GG,AG,CT,GG,CC,TC,AA,AG,NC,CT,AA,TT,AA,GG,TT,GG,CC,CG,GG,AC,GG,GT,CC,CC,AC,GG,CC,GG,GG,CC,GG,TT,AA,CT,TT
Iberian population in Spain,,,,HG01668,,TC,AA,CC,TC,NN,CC,GG,AN,AA,TT,CT,GG,CC,CC,CT,NN,GG,CC,AG,CT,GG,AA,TT,AA,AA,TT,AA,TN,AC,TT,CC,CC,CC,TG,AA,AA,TT,GA,AA,AA,CC,CC,GG,GN,AA,CT,TT,NN,CC,AN,CT,CT,TN,CT,CT,AA,CC,CC,CC,AA,GG,AA,TT,TT,CC,CG,GG,GA,TG,TC,TT,AG,CC,AA,TT,TT,GG,CC,GG,AG,GA,NN,CC,TG,CC,CT,AT,TT,GG,GG,TC,GG,CC,AG,TT,GG,TT,TT,CG,AA,TT,CT,GA,CG,CT,TC,TT,TC,TT,AA,CG,TT,AG,GG,GG,CC,CC,TT,CC,TT,TN,GG,GG,TC,CC,CC,TT,CC,CC,GC,GA,GA,AA,GG,AG,AG,TT,CC,GG,TG,AG,CT,GG,CT,NN,TN,TT,GA,GG,TT,GG,AA,TC,AA,NN,AG,TC,TA,GC,GG,CT,CC,GG,GN,GG,AA,GG,CC,TT,GG,TT,AA,TT,TT,TT,CC,GG,CC,CC,TC,TT,CT,AA,GG,GG,TT,GG,TT,TC,GG,GG,NC,CC,AA,CT,GG,TG,TT,GG,CT,CC,GG,AA,GA,GT,CC,CC,AA,NN,CC,GG,GG,CC,GG,TT,AA,CT,GT
Iberian population in Spain,,,,HG01669,,TT,AA,CC,TT,NN,CC,GA,AN,CC,TT,CT,AA,CC,CC,CC,NN,GA,CC,GG,CC,GG,AA,TT,AT,AG,TT,GA,TN,CA,TT,CC,AC,CC,GT,AA,GA,TT,AA,AA,AA,CC,TC,GG,NN,AG,TC,TT,NN,NN,AN,CT,CT,TT,TT,TT,AA,CC,CC,CC,AA,GG,AT,TT,TT,CC,GG,GG,GG,GG,CT,TT,AA,CC,AA,TT,TT,GG,CC,GG,AA,GG,NA,CC,GG,CC,CC,AT,GG,GG,AG,CC,GA,CC,GG,TT,GG,TT,TT,CC,CC,TT,CT,GA,CC,CC,TC,TT,TT,TT,AA,CC,CT,GG,GG,GA,CC,TT,TT,CC,TT,TT,GG,GG,CC,CC,CC,TA,CC,CC,CC,AA,GA,AA,GG,GA,AA,TT,NC,GG,TT,GA,TT,GA,CT,GG,NN,GG,AA,CG,TT,GG,AA,CT,AA,NN,AA,TC,AA,CC,GN,CC,CC,CC,GG,GG,AA,AA,CT,TT,AA,TT,GA,AA,TC,TT,TT,GG,CC,CC,TC,TT,TT,AG,GA,AG,CC,AA,CC,TC,AG,AA,CN,CC,AA,TT,GA,GG,TT,GG,CC,CG,GA,AA,GG,TT,CC,CC,CA,NN,CC,GG,GG,CC,TG,TT,AA,TT,TT
Iberian population in Spain,,,,HG01670,,CT,CA,TC,TC,NN,CC,GG,AA,CC,TT,CT,AG,CC,CC,TT,NG,GA,CC,GG,TC,GG,AA,TT,AA,AG,CT,GG,TN,AA,TT,CC,CC,CC,GG,AA,AA,AT,AA,AA,AA,CC,CC,GG,GN,AG,CC,TT,NN,NC,AA,CT,TT,TT,CT,TT,AG,CA,CT,CC,AC,AG,AA,AT,TT,CT,CG,AG,AA,GG,TT,TT,GG,GG,GA,TT,TT,GG,CC,GN,AA,AG,AN,CC,GG,CC,CC,TT,TT,AG,GA,CC,GG,CC,GG,CC,GA,TA,TT,CC,CA,TT,TT,AG,CC,CC,TT,TT,CC,CT,AA,CG,TC,GA,GG,AG,TC,CC,TT,CC,TT,TN,GG,GG,CC,CC,CC,TA,CC,CC,GG,AA,AG,AG,AA,GA,AA,AT,CN,GG,GT,GG,TT,AG,TT,GN,TT,GT,GA,GG,TC,GG,AA,CC,AA,NN,AA,TC,AA,GC,GG,CC,GC,GC,GG,GG,AA,AA,CC,TT,GA,CC,AG,AT,TT,GT,TT,GT,CC,TC,CC,TT,TC,AA,GG,GG,TT,GA,CC,TT,GA,AG,CN,TC,AG,CT,GA,GT,TT,GG,CC,CG,GG,CC,AA,GT,TC,CG,AA,NN,CC,GG,GG,CT,GG,TT,AA,CC,TT
Iberian population in Spain,,,,HG01672,,TT,AA,CT,CC,GN,CC,GG,NA,CC,TT,CT,GG,CC,CC,CC,GN,GG,CC,GG,CC,GG,AA,TT,AA,AA,TT,AG,TT,CA,TT,CG,CC,CC,GG,GA,AG,TT,AA,AT,AG,CT,CC,GG,NG,AG,CC,TT,NN,CN,NA,CC,CT,TT,TT,TT,GA,AC,CC,CC,CC,GG,AA,AT,TT,TC,GG,GG,GA,TG,TT,TT,GG,GG,AA,TT,TT,GG,CC,GN,AA,AG,NA,CC,GG,CC,TT,AT,TT,GA,GG,CC,GG,CC,GG,TT,GG,TA,TT,CG,AA,CT,TT,GG,CC,CC,TT,TT,CT,CC,AA,CC,TT,GG,GG,AA,CC,CC,TT,CC,TT,TN,GG,GG,TC,CC,CC,TT,CC,CC,CG,AA,AG,AA,GA,GG,AA,TT,NN,GG,GT,GA,CT,GG,CC,NN,TT,TG,GG,GG,TT,GG,AA,CC,AA,NN,GA,CT,AT,GC,GG,CC,CC,CG,NG,GG,AA,AG,CC,TT,AG,TT,AA,AA,TT,TT,TC,GG,TC,CT,CC,TG,CT,AG,GG,GA,TT,GA,TC,TT,AA,AA,NC,CC,AG,TT,GG,GG,TT,AG,CC,CC,GG,AA,GA,TT,CC,CC,AA,NN,CC,GG,AG,TC,GT,TT,AA,TT,TT
Iberian population in Spain,,,,HG01673,,TT,CA,CC,CC,GN,CC,GG,NN,AC,TT,CT,AA,CT,CT,TT,GN,GG,CC,GA,TC,GG,AA,CC,TA,AA,TT,AG,TT,AC,TT,CC,AC,CC,GG,AA,AA,TT,AA,TA,GA,TC,CC,GG,NN,GG,CC,TT,NN,NC,NN,TC,TT,NN,TT,CT,AA,CC,CC,CT,CA,GG,AA,TT,CT,CC,GG,GG,GG,GT,CT,TT,GG,CG,AA,TT,TT,GG,CC,GG,AA,AG,AN,CC,GG,CC,CC,AT,GT,GG,AG,CC,GG,CC,GG,TT,GG,AT,TT,CC,CA,CT,CC,GG,CC,CC,CC,TT,TC,TT,AA,CG,CT,GG,GG,GA,CC,TC,TT,CC,TT,NT,GG,GG,TT,CT,CC,TT,CC,CC,GG,AA,GA,AA,AG,AA,AA,TT,NN,GG,TT,GG,CT,GG,CT,GG,NN,GG,GA,GG,CT,GG,AA,CC,AA,NN,AG,CC,AA,GG,GN,CC,CC,CG,GG,GG,AA,AG,TC,TT,AA,CT,AG,AT,TT,TT,TT,TT,CC,CC,CC,TT,CT,AA,GA,GG,TT,GG,CT,TT,GG,GA,NN,CC,GG,CT,GG,GG,TT,GG,CC,GC,AA,AA,GG,TT,CC,CC,AA,NG,CC,GA,AG,CT,GT,TT,AA,CT,TT
Iberian population in Spain,,,,HG01675,,TT,AC,CT,CT,NN,CC,AG,AN,AC,TT,CT,GA,CC,CC,TT,NG,GG,GC,GG,CC,GG,AA,CC,AA,GA,TT,GA,NN,AA,TT,CC,CC,CC,TT,AA,AA,AT,AA,TA,AA,CC,CC,GG,NN,GA,CC,TT,NN,NC,AA,CC,TT,TT,TT,TT,AA,CC,CC,CC,AA,AG,AA,TT,TT,TC,GG,GG,AA,TG,CC,TT,GG,GC,AA,TT,TT,GG,CC,GG,GA,AG,AA,CC,GG,CC,CC,TT,TT,AG,AG,CC,GG,CC,GG,TT,GG,AA,TT,CG,AA,TT,CC,AA,CG,CT,CC,TT,TC,CT,AA,GG,TT,GG,GG,AA,CC,CC,TT,CA,TT,NT,GG,GG,CT,CT,CC,TT,NC,CC,CG,AA,AG,GA,GG,GG,AA,TT,CN,GG,TT,GG,CT,GG,TC,NG,TT,GG,AA,CG,TT,GG,AT,CC,NA,CN,AA,CC,AA,GG,GN,CC,GC,CG,GG,GG,AA,AG,CT,TT,AG,TT,GG,TA,TT,TT,CT,GG,CC,CT,CC,TT,TT,AG,AG,GG,TC,GG,CT,TC,GG,AA,NC,TC,GA,TT,AG,TG,TC,GA,CC,CC,GG,AC,GG,GT,CC,CC,AA,NG,CC,GG,GA,CC,TG,TT,AA,CC,GT
Iberian population in Spain,,,,HG01676,,TT,CA,CC,TC,NN,CC,AG,NA,CC,TT,TC,AG,CC,CC,TT,NG,AA,CC,GG,CC,GG,AA,TT,AA,AA,TT,AG,TN,AA,GT,CC,CC,CC,TT,AA,AA,TT,GG,AA,AA,CC,CC,GG,GN,GA,CC,CT,NN,NN,AA,TC,TT,NT,TT,TC,AA,CC,CC,CT,CA,GG,AA,TT,TC,TC,CG,GG,AG,TT,CC,TT,AA,CC,AG,TG,TT,GG,CT,GG,AA,AA,NA,CC,GT,CC,CT,AT,TT,GG,GA,CC,GG,CC,GG,TT,GG,TT,GT,GC,CA,TT,CC,GG,CC,TC,CC,TT,CT,TT,AA,CG,CC,GG,GG,GA,CC,TC,TT,AA,TT,NT,GG,GG,CC,CC,CC,AA,CC,CC,GG,AA,AG,AA,GG,GA,AA,TA,NC,AG,TG,GA,TT,GG,CC,GN,TT,GG,AG,GG,TT,GG,TA,CC,AA,NN,AA,CT,TT,GC,NG,CT,CC,CG,GG,AG,GA,GG,TC,TT,AA,CC,AA,AT,TT,GT,TT,GG,CT,CC,CC,TT,CT,AG,GG,GG,TC,GG,TT,TT,GA,AG,NN,CT,AA,CT,AG,TG,TT,GG,CC,CC,GG,AA,GG,TG,CC,CC,AC,GN,CC,AA,GA,CT,GG,TT,AA,TT,TT
Iberian population in Spain,,,,HG01678,,CC,AA,CT,CC,NN,CC,GA,AN,CC,TT,TT,GG,CC,CC,TT,NG,AG,GC,GG,CT,GG,AA,CT,TT,AA,TC,AA,TN,AA,TT,CC,CC,TC,GG,AA,AA,TT,GA,AA,AA,CC,CC,GG,GG,GA,CC,TT,GG,CN,NA,TC,TT,TT,TT,TT,AA,CC,CC,CC,AA,GG,AA,AT,CT,CC,GG,GG,GG,GG,CC,TT,GA,CC,AA,TT,TT,GG,CC,GG,AA,AA,NN,TC,TG,CC,TC,TT,TT,GG,AG,TC,GA,CC,GG,CT,AG,AT,TT,CC,AA,TT,TC,GA,CC,CC,TT,TT,TT,TT,AA,GG,TT,GA,GG,AG,CC,CC,TT,CC,TT,TN,GG,GG,TT,CT,CC,TT,CC,CT,GG,AA,GA,AA,GG,GA,AA,TA,CC,GA,TG,GG,TT,GA,TC,GG,NN,GT,AG,CG,TT,GG,AT,CT,NN,CN,AA,TC,TA,GC,NN,CC,CC,CG,GG,GG,AA,GA,TC,CC,AA,TC,GA,AT,TT,TT,CT,GG,CC,CC,CC,GT,CT,AA,GA,GG,TT,GG,TC,TC,AG,GA,CN,TC,AG,TC,AG,GG,TT,AG,CC,CC,GG,AA,GG,GT,TT,CC,AC,GG,CC,GA,GG,CC,GG,CT,AA,TT,GT
Iberian population in Spain,,,,HG01679,,CT,AA,CT,CC,NN,CC,AA,NN,AC,TT,CC,GG,CT,CC,CC,NN,AA,CC,GG,CC,GG,AA,TC,AA,AA,CT,AA,TN,CA,TG,CC,CC,CC,GG,AA,AA,TT,GG,AA,AA,CC,CC,GG,NG,GG,CC,TT,GN,CN,NN,CT,TT,TT,TC,TT,AA,CC,CC,CC,CC,GG,AA,AT,TT,CC,CG,GG,GG,TT,CC,TT,GG,CC,AA,TT,TT,GG,CC,GG,AA,AG,NN,CC,GT,CC,CC,TT,TT,AG,GG,CT,GG,CC,GG,TT,GG,TA,TT,CC,AC,TT,CC,GG,CC,CT,TC,GT,TC,TT,CA,CG,CC,GA,GG,AA,CC,TC,CT,CC,TT,TT,GG,GG,TC,CC,CC,TT,CC,CC,CC,AA,GG,AG,GA,GG,AA,AT,NC,GA,TT,GG,TC,GG,TC,NG,TT,TG,GA,CC,TT,GG,TT,CC,AA,NN,AA,TC,AA,CC,NN,CC,CC,CC,GG,GG,GA,GG,TC,TT,AA,TT,AA,AT,TT,TG,CC,GG,TT,CC,TT,TT,TT,AA,GG,GA,TT,GG,CC,CC,GG,AA,NN,CC,AA,TT,GG,GT,TT,GG,TT,CG,AG,AA,GG,TT,TC,GC,AA,NN,CC,AA,AA,TT,GT,TT,AA,CT,TT
Iberian population in Spain,,,,HG01680,,CT,AA,CC,TC,NN,CT,GG,AN,CA,TT,TT,GA,CC,CC,CC,NN,GG,CC,GG,TT,GG,AA,TT,TT,AA,CC,GG,TT,AA,TT,GG,CC,CC,GG,AA,AA,TT,GG,AA,GG,CC,CC,GG,GG,GG,TT,TT,NG,NN,AA,CC,TT,TN,TT,TT,AA,CC,CC,TC,CC,GG,AA,TA,TC,TC,GG,GG,AG,GG,TC,TT,GG,GG,AA,TT,TT,GG,CC,GG,AA,AA,AA,CC,GG,CC,CC,TT,TT,AG,GA,TC,AG,CC,GG,TT,GG,AT,TT,GC,AA,TT,CC,GG,CC,CC,TT,TG,CT,CT,AC,GG,TT,GG,GA,AA,CC,TT,TT,CC,TT,TN,GA,GG,TT,CC,CG,TT,NC,CC,GG,GA,GG,AA,GG,AA,AA,TT,CN,AA,GT,AA,CC,AG,TT,GG,TT,TG,AA,GC,TT,GG,TT,CC,NN,NN,AG,TC,TT,CG,GN,CC,CC,CG,GG,GG,AA,GG,CC,TC,GA,CT,AG,TT,CT,GT,TT,GG,CT,TC,CC,TG,TT,AA,GG,GA,TT,GA,TC,CT,GG,AA,NN,CT,GA,TT,GG,GT,TT,GG,CC,GG,GA,AA,GA,TG,CC,GG,AA,NG,GC,AG,AG,TT,GT,TT,AA,TT,TT
Iberian population in Spain,,,,HG01682,,TC,AA,CC,CC,NN,CC,GA,AN,CA,TT,CC,AG,CC,CC,CC,NN,AA,CC,GG,CC,GG,AA,TC,AA,AA,CT,GA,NT,AA,TT,GC,CC,CC,GG,AA,AA,TT,GA,TT,GG,TT,CC,GG,NG,GA,CC,TC,GN,NN,AN,CT,TT,TT,TT,CT,AA,CC,CC,CC,AA,GG,AA,AT,TT,CC,GG,GG,AG,TT,TC,TT,GG,CC,AA,TT,TT,GA,CC,NG,AA,GA,NA,CC,GT,TC,TT,AT,TT,GG,AA,CT,GG,CC,GG,TT,GG,AT,TT,CC,AA,TC,TC,GG,CC,CC,CT,TT,TT,CT,AA,CC,TC,GG,GG,AG,TC,TT,TT,CC,CT,TT,GG,GG,TT,CT,GC,AT,CC,CT,CC,AA,AA,AA,AG,AG,AA,TA,CN,GG,GT,AG,TT,GG,CT,GG,TT,GG,AA,CC,TT,GG,TT,TC,AA,NN,AA,TC,AA,CC,GN,TC,CC,GC,GG,GA,AA,AA,CC,TT,AG,TT,GA,TT,TT,TT,CT,TG,CT,TC,CC,GT,TT,AA,GG,GG,TC,GG,CC,TT,AG,AG,NC,CC,AG,TT,AG,GG,TT,GG,TT,GC,GA,AA,GG,TG,TC,GC,AA,NN,CC,GA,GA,CT,GG,CT,AA,TT,TT
Iberian population in Spain,,,,HG01684,,TC,AA,TT,TC,NN,CC,GG,AA,AA,TT,CC,GA,CC,CC,TT,NN,AG,CC,GG,CC,GG,AA,TT,AT,GA,TT,AA,TT,AA,TT,CC,CC,CC,TT,AA,GA,TA,GG,AA,AA,CC,CC,GG,NG,GA,CT,TT,GN,NC,AA,CC,TT,TT,TT,TT,AA,CC,CC,CC,CC,GG,AA,TT,TC,CC,GG,GG,GG,GT,CC,TT,GG,CC,AA,TT,TT,GG,CC,GN,AA,AA,NN,CC,GG,CC,CT,TT,TT,GG,AG,CT,GG,CC,GG,CT,GG,TT,TT,CG,AC,TT,CT,GG,CC,TC,CT,TT,CT,TC,AA,GG,TT,GA,GG,AG,CC,TT,CT,CC,TT,TT,GG,GG,TC,CC,GC,TA,CC,CC,CG,AA,AG,AA,GG,GA,AA,TT,CC,GG,TT,GA,TT,GG,CT,GN,TT,TT,AG,GG,TT,GG,TA,CC,AA,NC,AA,CT,TA,GG,GN,CC,CC,GG,GG,GA,AA,GA,CC,TT,GG,TC,GA,TA,TT,TT,CC,GG,CT,CC,CC,GT,CT,AA,GG,AA,TT,GA,TC,TT,GG,AA,NN,CC,GA,TT,AA,GG,TT,GG,CC,GG,AG,AA,AG,GG,CC,CC,CC,GN,CC,GA,GA,CC,GG,TT,AA,TT,TT
Iberian population in Spain,,,,HG01685,,CT,AA,TC,TT,NN,TT,GG,NN,CC,TT,CC,AA,CC,CC,CC,NG,AA,GC,GG,CT,GG,AA,TT,AA,AA,TT,GA,NN,AC,TT,CC,CC,CC,GG,GG,AA,TT,GG,AA,AA,CC,CC,GG,GG,AA,CC,TT,NN,CN,AA,TC,TT,TT,TT,CT,AA,CC,CC,TC,AA,GG,AA,AT,CC,CC,GG,GG,AA,TG,CT,TT,GG,GC,AA,TT,TT,GG,CC,GG,AA,AG,AN,CC,GG,CT,CC,TT,TT,GG,AG,CC,AG,CC,AG,TC,GG,TA,GG,GC,CA,TT,CC,GG,CC,TC,CT,TT,TT,TT,CA,CC,TT,GG,GG,AA,CC,CT,TT,CC,TT,TT,GG,GG,CC,CC,GG,TA,CC,CC,CG,AA,GA,AA,AA,AA,GA,TT,CC,GG,TT,GG,CC,GG,TT,NG,TN,GG,AG,GC,TT,GG,AA,CC,AA,NN,AA,TT,AT,CG,GN,CC,CC,CC,GG,GA,GA,AA,CT,TC,AA,TC,GG,AA,TC,GT,TT,GG,CC,CC,CC,TT,TT,AA,GA,AG,TT,GG,CT,TT,GG,AA,NC,TC,GA,TT,GG,TG,TT,GG,CC,CC,GG,AA,GG,GT,CC,CG,CA,NN,CC,AA,AA,TT,GG,TT,AA,CC,TT
Iberian population in Spain,,,,HG01686,,CT,AA,CC,CC,NN,CC,GG,AA,CA,TT,TC,AA,CC,TC,TT,GG,AA,CC,GG,TC,GG,AA,TT,AA,AA,CC,GA,TN,AA,TT,CG,CC,CC,GT,AA,AA,TT,GA,AA,AA,CC,CT,GG,GG,GA,CC,TT,GN,CN,AN,CC,CT,NN,TT,TT,GA,AC,CT,CT,CC,GG,AA,AA,TT,CT,GG,GG,AA,TG,CT,TT,GG,CG,AA,TT,TT,GG,CC,GG,AA,AA,NA,TC,GT,TC,CT,TT,TT,GG,GG,CT,GG,CC,GG,TT,GG,TA,TT,CG,AA,TT,TC,GG,CC,CC,CT,TG,TT,TT,AC,CG,TT,GG,AG,AA,CC,CC,TT,AC,TT,TT,GG,GG,TC,CC,CC,TT,CC,CC,GG,AA,AA,AA,GG,AG,AA,TT,NN,GG,TT,GG,CC,GG,TT,GG,NT,TG,AA,GC,TT,AG,TA,CC,AA,NN,AA,CC,AA,GG,GG,CC,CC,CG,GN,GG,AA,GA,CC,TT,AA,TC,GA,TA,TT,TT,TT,GT,CC,CC,CC,TT,TT,AA,GG,AG,TT,AG,CT,CT,GG,AG,NC,CT,AA,TT,AG,GG,TT,AG,CC,CC,GG,AA,GG,TG,CC,CC,CA,GN,CC,GG,AG,TC,GG,TT,AA,TT,TT
Iberian population in Spain,,,,HG01694,,TC,AA,TT,CC,NN,CT,AG,NN,AA,TT,CT,AG,CC,CC,CC,GN,GG,CG,GG,TT,GG,AA,TT,TT,AA,TT,AA,NN,AA,TT,CG,CC,CC,GG,AA,AA,TT,GG,AA,AA,CC,CC,GC,GG,AA,CC,CT,NN,CN,AA,CC,CT,TT,TT,CT,AA,AC,TC,CC,CC,GG,AA,AT,TT,CC,GC,GG,AG,TG,CT,TT,AG,CG,AA,TT,TT,GG,CC,GG,AA,GA,NA,CC,GG,CC,TC,AT,TT,GG,GG,CC,GG,CC,GG,TT,GG,AT,GT,CC,CC,TT,TC,GG,CC,CT,CC,TT,CC,CT,AA,CC,TT,GG,GG,AG,CC,TC,CT,CC,TT,TN,GG,GG,CC,CC,CC,TT,NC,CC,CG,AA,GA,GA,AG,AA,AA,TT,NC,AA,TT,GG,TC,GG,CT,GG,NT,GG,AA,CC,TT,GG,TT,CC,AN,NN,AA,CT,AA,GG,GG,CC,CC,CG,GN,GA,AA,GA,CC,TT,GA,CC,GA,TT,TT,TG,CC,GT,TT,CC,TC,TT,CT,AA,GG,AA,CT,AG,CT,TT,AG,AA,NN,CC,GG,TT,GA,GG,TT,GG,CC,CC,GG,AA,GG,TG,CC,GC,AA,NN,CC,GG,GA,TC,GG,TT,AA,CT,TT
Iberian population in Spain,,,,HG01695,,CC,CA,CC,TC,GN,TC,AG,AN,CA,TT,TC,GA,CC,CC,TT,GG,GA,GC,GG,CC,GG,AA,TC,TA,GG,TT,AA,NN,CA,TT,CC,CC,CC,GG,AA,AA,TT,GG,AA,AA,CC,CC,GG,NG,AA,CC,TT,NN,NN,AA,CT,TT,TT,TT,TT,AA,CA,CT,CC,AC,GG,AA,AA,TT,CC,CG,GG,AG,GT,CT,TT,GG,CG,AA,TT,TT,GG,CC,GG,AA,AA,AA,CC,GG,CC,TC,TT,TT,GG,AA,CC,GG,CC,GG,TC,GA,AT,TT,CC,AA,TC,CT,AG,CC,TT,TC,TT,TC,TT,AA,GC,CT,GA,AG,AG,CC,TT,TT,CC,TT,TT,GG,GG,CC,CC,GC,TT,CC,CC,CG,AA,GG,AA,GA,GG,AA,TT,NC,GG,TT,GA,CT,AA,TT,GG,TT,GG,AG,GG,TT,AG,TA,CC,NA,CN,AG,TT,AA,GC,NG,CC,CC,CC,GG,GG,AA,AA,TC,TT,GA,TT,AA,TA,TT,TT,CC,GG,CC,CC,CC,TT,TC,AA,GG,AG,TT,GG,CC,TT,GG,AA,NN,TC,GG,TC,AG,GG,CT,GG,CC,CC,GA,AA,GG,TG,CC,CC,AC,NN,CC,AA,GG,TC,TG,TC,AA,CC,GG
Iberian population in Spain,,,,HG01697,,TT,AA,CT,CT,GN,CC,GG,AN,CA,TT,CC,AG,CC,CC,TT,GN,AA,CC,GG,CC,GG,AA,TC,AA,AG,CT,AA,NN,AA,TT,CG,CC,CT,GG,AA,AA,TA,AG,AA,AA,CC,CC,GG,GG,GA,CC,TT,GN,NC,AA,CT,TT,TT,TT,TT,GA,AA,TC,CC,AC,AG,AA,TT,TT,CC,GC,GG,AG,GT,CC,TT,GA,GG,AA,TT,TA,GG,CC,NG,AA,AG,AN,TC,TG,CC,TC,TT,TT,AG,GG,TT,GG,CC,GG,TC,GG,AT,TT,CC,CC,TC,TT,GG,GC,TT,CC,TG,CT,CC,AA,CC,TT,GG,GG,AA,CC,CT,TT,CA,TT,TT,GA,GG,CC,CC,CC,TT,CC,CC,CC,AA,GA,AA,GA,AA,GA,TT,NN,GG,TT,GG,CT,GA,TT,GG,NN,GG,AA,CG,TT,GG,TA,TC,AA,CC,AA,TC,TA,CC,GG,CC,CC,GC,NG,GG,AA,AG,CC,CC,AG,TT,AG,AT,TT,TT,CC,TG,CT,CC,CC,TG,TT,GA,GG,GG,TT,GA,CC,TC,GG,AA,NC,CT,GG,TT,GG,GG,TT,GG,CC,CG,GG,AA,GA,GG,CC,CC,AA,NN,CC,AA,GG,CC,GG,TC,AA,CT,TT
Iberian population in Spain,,,,HG01699,,TT,AA,TT,TC,NN,CC,GG,AN,CC,TT,TT,GG,CC,TC,TT,NN,GG,GC,GG,CC,GG,AA,TT,AA,AG,CT,AA,NN,AA,TT,GC,AC,CC,TT,AA,AA,TT,GG,AA,AA,CC,CC,GG,NG,GG,CC,TT,NG,CN,NA,CC,TT,TN,TT,TT,AA,CC,CC,CC,CA,GG,AA,AT,CT,CT,GG,GG,AG,GT,CT,TT,GG,CC,AA,TT,TT,GG,CC,GG,AA,AA,NN,TC,TG,CC,CT,TT,TT,GG,GA,CC,GG,CC,GG,TT,GG,AT,TT,GC,CC,TT,TT,GG,CC,TC,CT,TG,TT,TT,AA,CC,TT,GG,GG,GA,CC,TC,TT,CC,TT,TT,GG,GG,TT,TC,CC,TT,NC,CC,GG,AA,AG,AA,GA,GA,AG,TA,NC,GG,GT,GG,TT,GG,TT,NG,TT,GG,AA,GG,TT,GG,AA,TC,AA,NN,AG,TC,AA,CG,NG,CT,CC,GC,GG,GG,AA,AG,TC,TT,AA,TT,AG,TT,TT,GT,TC,TG,CC,CC,CC,TT,TT,AA,GG,GG,TT,AG,CT,TT,AG,AA,NN,TC,GA,TT,GG,GG,TT,GG,CC,GC,GA,AA,AA,GT,CT,CC,CC,NG,CC,GG,AG,TC,TG,TC,AA,CT,TT
Iberian population in Spain,,,,HG01700,,TT,AA,CT,CC,NG,CC,AA,AA,AC,TT,TT,GG,CT,CC,TT,NN,AG,CG,GG,CC,GG,AA,TC,TT,AA,TC,AA,TT,AA,TT,CC,CC,CC,GG,AA,AG,TT,AA,AA,AA,CC,CC,GG,GG,AA,CC,TT,NN,NC,AN,CT,CT,TN,TT,TC,GA,AC,TC,CC,AC,GG,AA,TT,TC,CC,GG,GG,AA,GT,TC,TT,GG,GG,GG,TT,TT,GG,CC,GG,AG,GA,NN,CC,GG,CC,CT,TA,TT,GG,AA,TC,GG,CC,AG,TC,GG,TT,GT,GC,AC,CT,CT,GG,CC,TC,CT,TT,TT,TT,AC,CG,TC,GG,AG,AG,CC,TC,TT,CC,TT,TT,GG,GA,CC,CC,CG,AT,CC,CC,GC,AA,AG,AA,GG,AG,AA,TA,NN,GG,TT,GG,TT,GA,TT,NN,TT,GT,GA,GC,TT,GG,AA,CC,AA,NN,AA,TT,AA,CC,NG,CC,CG,GC,GN,GG,AA,AA,CC,CT,GA,TT,GA,TT,TT,TT,TC,GG,CC,CC,CC,TG,TT,AA,GG,GG,TT,GA,TC,TT,GG,AA,NN,TC,AA,TT,AG,GG,TT,GG,CT,GC,GA,AA,GA,TG,CC,CG,AA,GG,CC,GG,GA,CT,GG,TC,AA,CT,TT
Iberian population in Spain,,,,HG01702,,TC,AA,CT,TC,NG,CC,GG,NN,AC,TT,CC,AG,CC,CC,TC,NN,GG,CC,GG,CC,GG,AA,TT,AA,AA,TC,AA,NN,AC,TT,CC,CC,CC,GT,AA,AA,TT,GA,AA,AA,CC,CC,GG,GG,GA,CC,TT,NN,CN,AA,CT,TC,TT,CT,TT,AA,CC,CC,CC,CA,GG,AA,TT,TT,TC,GG,GG,AG,GT,CT,TT,GG,CC,AA,TT,AT,GG,CC,GN,AA,GG,AN,CC,GG,CC,CC,TT,TT,GG,GA,CC,GG,CC,GG,CT,GG,TA,TT,CC,AA,TT,CC,GG,CC,CC,CC,TT,TT,TT,AA,CC,TT,GG,GG,GA,CC,TC,TT,AC,TT,TT,GG,AG,CC,TC,CC,TT,CC,CC,CG,AA,AA,AA,AA,GA,AA,TT,NN,GG,GT,AG,TT,GG,TT,NG,TT,GG,AA,GC,TT,GG,AA,CC,AA,NN,AA,CC,AT,GC,NG,CT,CC,GG,GG,GG,AG,AA,CC,TT,GA,TT,AA,TT,TC,TT,TT,GG,CT,CC,TT,TT,TT,AA,GG,GA,CT,GA,TC,TT,GA,AA,NC,CC,AA,CT,GA,GG,TT,GG,CC,CC,GG,AA,GG,TG,CC,CC,AA,NG,CC,AG,GA,CT,GG,TT,AA,TT,TT
Iberian population in Spain,,,,HG01704,,CT,AA,CC,CT,NN,TT,AA,AA,CC,TT,TC,GG,CC,CC,TC,NN,AA,CC,GG,CC,GG,AG,TT,AA,AA,TT,AA,TN,AC,GT,CC,CC,CC,TG,AA,AA,AT,GG,AA,AA,CC,CC,GG,GN,AA,TC,TT,NG,NN,NN,CT,TT,TN,TT,CT,AG,CA,CC,CC,CC,GG,AA,TA,TT,TC,GG,GG,GG,GG,TC,CT,GG,CG,GA,TT,TT,GA,CT,GG,AA,GA,NN,CC,TT,CC,CC,TT,TT,GG,AG,CC,GG,CC,AG,TT,GG,TA,TT,CC,CC,TT,TC,GG,GC,CT,CC,TT,CC,TT,AA,CC,TT,GG,GG,AA,CC,CT,CT,AC,TT,TT,GA,AG,CT,CT,CC,TT,CC,TC,GC,AA,AA,AA,GG,GA,AA,TT,CN,GG,GT,GG,TT,GG,TT,GN,TT,TG,GA,GC,CT,GG,AA,TC,AA,NN,AA,CT,AA,CG,GG,CT,CC,GG,GG,GG,AA,GG,CT,TT,AA,TT,AA,TT,TT,TT,CT,GG,TT,CC,TC,GT,CT,AA,GG,AA,TC,GG,TC,CT,GA,GA,NC,TC,AG,TT,GG,TG,TT,GG,CC,CC,AA,AA,GG,TT,CC,CC,AA,NN,CG,AA,AA,TT,GG,TT,AA,TC,TT
Iberian population in Spain,,,,HG01705,,CT,AA,CC,TC,NN,CC,GA,AN,CC,TT,TC,GG,CC,CC,CC,GN,GA,GC,GG,TT,GG,AA,TC,AT,AG,CT,AA,TN,AA,TT,CC,CC,CC,GG,AA,AA,TT,GG,AA,AA,CC,CC,GG,GN,AA,CC,TT,GN,NN,NA,TC,TT,NT,TT,TC,AA,CC,TC,CC,AA,GA,AA,TT,TT,CT,GC,GG,AG,GT,TT,TT,AG,CC,AA,TT,TT,GG,CC,GN,GA,AA,NA,CC,GG,TC,CT,TA,TT,GG,GG,CC,GG,CC,GG,TT,GG,AA,GT,CC,AA,TT,TT,GG,CC,CT,TC,GT,TT,TT,CC,GG,TT,GG,GG,AG,CC,CC,TT,CC,TT,TT,GG,GG,CT,TT,CC,AT,CC,CC,CC,AA,AA,AA,GG,AG,AA,TT,CN,AG,TT,GA,TT,AG,CT,GN,NT,TG,GA,GC,TT,GA,AT,CC,NA,CN,AA,CC,AA,GG,GG,CT,CC,GC,GG,GG,AA,AA,CC,TT,GA,TT,GA,AT,TT,TG,TC,GT,CT,CC,TC,TT,TT,AA,GA,GG,TT,GG,CC,TT,GG,GA,CN,CC,GG,CT,GG,TG,TT,AG,CC,CG,GG,AA,GG,TT,CC,CG,AA,GN,CC,GG,GG,CC,GG,TT,AA,CC,TT
Iberian population in Spain,,,,HG01707,,CC,AC,TC,TC,NN,CC,GG,AA,AA,TT,TC,GG,CC,CT,CT,GN,AA,CC,GG,CT,GG,AA,CT,AA,AA,CT,AA,NN,AA,TT,CC,CC,CC,GG,GA,AA,TT,GG,AA,AA,CC,CC,GG,GN,AA,CC,TT,NN,NN,NA,TC,TC,NT,TT,TC,AA,CC,CC,CC,AC,GG,AA,TA,TT,CC,GG,GG,AG,TG,CT,TT,GA,CC,AA,TT,TT,GG,CC,GG,AA,AA,AN,CC,GG,CC,TC,TT,TT,GG,AA,TC,GG,CC,GG,TC,GA,TT,TT,CC,CC,TT,CT,GG,CG,CC,TT,TT,CT,TT,AA,GC,TT,GA,GG,AG,CC,CC,TT,CA,TT,TT,GG,GG,CC,CC,CC,AT,CC,CC,GG,AA,AA,AA,GG,AG,AA,TT,CC,GA,TT,GG,TT,AG,TC,GG,NT,GG,GA,GG,TT,GG,AA,CC,AA,NN,AA,TC,AA,GC,GN,CC,CG,CC,GN,GG,AA,GA,CC,TT,AG,TT,GA,TT,TT,TT,TT,TT,CC,CC,CC,TG,CT,AG,GA,AA,TT,AG,CC,TT,GG,GA,CN,CT,GA,TT,GG,TT,TT,AG,CC,GC,GG,AC,GA,TT,TC,CC,AA,GN,CC,GA,GG,CC,GG,TT,AA,CC,TT
Iberian population in Spain,,,,HG01708,,TC,AC,CC,CT,NG,CC,GG,NA,CC,TT,TT,GA,CC,CC,CT,NG,AG,CC,GA,CC,GG,AA,TT,AT,AA,TT,GA,TN,AA,TT,CC,CC,TT,GT,AG,AA,TT,GG,AA,AA,CC,CC,GG,GG,AG,CC,CT,NG,NC,NA,CC,CT,TT,TT,CT,AG,AA,TC,CC,AC,GG,AT,TT,TT,CC,GC,GG,AG,GG,TC,TT,GG,GC,GA,TT,TA,GG,CC,NG,GA,AG,AA,CC,GG,CC,TC,TT,TT,GG,AG,CT,GG,CC,GG,TT,GG,TT,TT,CG,AC,TT,TT,GG,CC,TC,CC,TT,TC,TT,AA,GG,TT,GG,GG,AA,CC,TC,TT,CC,TT,TT,GG,GG,TC,TC,CC,TT,NN,CT,GG,AG,GG,AA,GG,GA,GA,TT,CN,GG,TT,GG,TT,GG,TC,GG,NT,GG,GA,GG,TT,GG,TT,CC,AA,NN,GA,CT,TT,GC,NG,CC,CC,CG,NG,GG,AA,GA,CC,TT,AG,TT,GG,TT,TC,TG,TT,GG,CT,CC,CC,TG,CT,AA,GG,GA,TT,GA,TC,TT,GG,AG,NN,CC,AG,TT,GG,TG,TC,GG,CC,GC,GG,AA,GG,TT,TC,GC,CA,NN,CC,GG,GG,TC,GT,TT,AA,TT,TT
Iberian population in Spain,,,,HG01709,,TT,AA,TT,CC,NN,TC,GG,AN,AC,TT,TT,GG,CC,CC,TC,GN,AA,CG,GG,TC,GG,AA,TC,AA,AA,CT,AA,NN,AA,TG,CG,CC,CC,TG,AA,AA,AT,GG,AA,AA,CC,CT,GG,NG,AG,CC,TT,GN,NC,NN,CT,TT,TT,CT,TC,AA,CC,CC,CC,AC,GG,AA,TA,TT,CT,GG,GG,AG,GT,CT,TT,GG,CG,AA,GT,TT,GG,CC,GG,AA,GG,AA,CC,GG,CC,CC,TT,TG,GG,GA,CC,GG,CC,GG,TT,GG,AA,TT,GG,AA,TT,CT,GG,CC,CC,TT,TT,TC,TC,AA,GC,TT,GG,GG,AA,CC,TT,TT,CA,TT,TT,GG,GG,CT,TC,CC,TT,CC,CC,CC,AA,AG,AG,GG,AA,AG,TT,CN,GG,TT,AG,TT,GG,TT,NG,TT,TG,AG,CG,TT,GG,TA,CC,AA,NN,AA,TC,TA,GC,GN,CT,CC,CC,GG,GG,AA,GA,CC,TT,GG,TT,GA,TT,TT,GT,TT,TT,CC,CC,CC,TT,TT,AA,GG,GG,TT,GG,CT,CC,GA,GA,NC,TC,AA,TT,AG,GG,TT,GG,CT,CG,AG,AA,AG,GG,CC,CC,AA,NN,GC,GA,GG,TC,GG,TT,AA,TT,TT
Iberian population in Spain,,,,HG01710,,CT,AA,TC,TC,NN,CC,AG,NN,CA,TT,CC,GG,TC,CC,TT,NN,AG,CC,GG,CC,GG,AA,TT,TA,AA,TC,GA,TT,CA,TT,CC,CC,CT,GT,AA,AA,AT,GA,TA,AA,CC,CC,GG,GG,AA,CC,TC,NN,NC,AA,TC,TC,TT,TT,TT,AA,CC,CC,CC,AC,GG,TA,AT,TC,CC,GG,AG,AG,TT,TC,TT,GG,CC,AA,TT,TT,GG,CC,GG,AA,GG,AA,CC,GT,TC,CC,TA,TT,GG,GG,CC,GG,CC,GG,TT,GG,TA,TT,CG,CC,TC,TC,GG,CG,CC,TT,TT,CC,TT,AA,CG,TT,GG,GG,AG,CC,CT,TT,AC,TT,TT,GG,GG,CC,CC,CC,TT,CC,CC,GC,AA,GA,AA,AG,AA,AA,TT,NN,GG,TT,AG,TT,GG,CT,GG,NT,GG,AG,CC,TT,GG,TT,CC,NA,CN,AG,CT,AA,CC,GG,CC,CC,GC,GG,AG,AA,AA,CC,TT,AA,TT,AA,TT,TC,TT,TC,GG,TC,CC,CC,TT,TT,AA,GG,AG,TT,GA,CC,TC,AA,AA,CN,CC,GA,TT,GG,TG,TT,GA,TC,GC,GA,AA,GG,TG,CT,GG,AC,GN,GC,GG,GG,CC,TG,TC,AA,TT,TT
Iberian population in Spain,,,,HG01746,,TT,AA,CC,TC,NG,TC,AG,NA,CC,TT,TT,AA,CC,CC,CC,GG,AA,CC,GG,CT,GG,AA,TT,AA,AA,CT,AG,TN,AA,TT,CG,CC,CC,TG,AA,AA,TT,AA,AA,AA,CC,CC,GC,GG,GG,CC,TT,GN,NC,AA,CC,CT,TT,TC,TT,AG,CA,CT,CC,AC,GG,AA,AT,TT,CC,GG,GG,GA,TT,TC,TT,GG,GC,AA,TT,TT,AG,CC,GG,AA,GA,NA,CC,TG,CC,CT,AA,TT,GG,AA,CC,GA,CC,GG,CT,GG,TA,GT,GC,AC,TT,CC,GA,CC,CC,CT,TT,TC,TC,AA,CG,TT,GG,GG,AA,CC,CC,TT,CC,TT,TT,GG,GG,CC,TC,CC,TT,CC,TT,GG,AA,AA,AA,GG,AG,AG,TT,CC,GG,TT,GG,TC,GG,TT,GG,TT,GT,AA,CC,TT,GG,AT,CT,NA,CN,AA,CC,AA,GC,GG,CC,CC,GC,GG,GG,AA,AA,CC,TT,AA,TT,GA,TT,TT,TT,CT,TG,CT,CT,CC,TT,TT,AA,GG,GG,TT,GA,TC,TT,GG,AG,CN,CC,AG,TT,GG,GT,TT,AG,CC,CG,GG,AA,GG,TT,CT,CC,AA,GN,CC,GG,GG,CT,GG,TC,AA,TC,TT
Iberian population in Spain,,,,HG01747,,TC,AA,TT,CT,NN,CC,GA,AA,CC,TT,CT,AA,CC,CC,TC,NN,GG,CC,GG,CC,GG,AA,TT,TA,AA,CT,AA,NN,AA,TT,GG,CC,CC,TG,GA,GA,TT,GA,AA,AA,CC,TC,GG,GG,GA,CC,TT,GG,NC,AA,CC,TT,TT,CT,TT,AA,CC,CC,CC,AC,AG,AA,AT,TT,CC,GG,AG,AG,TG,CC,TT,GG,CG,AG,TT,TT,GG,CC,GG,AA,GG,NA,CC,GG,CC,CC,TT,TT,GG,GG,CC,GG,CC,GG,TT,GG,TT,TT,CC,AA,TT,CT,GG,CC,CC,TT,TT,CC,TT,AA,GG,TT,GG,GG,GA,CC,TT,TT,CC,TT,TT,GG,GG,CT,CT,CC,TT,CC,TC,CG,AA,GA,AA,GG,GG,AA,TT,NC,GG,TT,AG,TT,GG,TT,NN,TT,GT,GG,GG,TT,GG,AA,CC,AA,NN,GA,TC,TA,CG,GG,CC,CC,GC,GG,GG,AA,AG,CC,TT,GA,TT,GA,TA,CT,TT,CT,TT,CT,CC,TT,TG,TT,AA,GG,GA,TT,GG,CC,TT,GA,AG,CN,TC,AG,TT,GA,GG,TT,GG,CT,CC,GG,AA,GA,TT,CC,CC,AA,NG,CC,GA,GG,CT,TG,TT,AA,TT,TT
Iberian population in Spain,,,,HG01756,,TC,AA,CT,CT,NN,CC,GG,AA,CA,TT,CT,GG,TC,CT,CT,NG,GG,CC,GG,CC,GG,AA,TT,TA,AA,TC,AA,NT,AA,TT,CC,CC,CC,GG,AA,AA,TA,AA,AA,AA,CC,CC,GG,NG,GA,CC,CT,NN,NN,NN,CT,CC,TT,TT,TC,AA,CC,CC,CT,CA,GG,AA,TT,TT,TC,GG,GG,GG,TG,CT,TT,GG,GG,AA,TT,TT,GA,CT,GG,AA,AA,NN,CT,GT,CC,CC,TA,TT,GG,AG,TC,GG,CC,GG,TC,GG,TT,TT,CC,CA,TC,CT,AG,CC,CC,TT,TT,CC,TC,AA,CC,TT,AG,GG,AG,CC,CC,CT,CC,TT,TT,GG,AG,TC,TT,CC,AT,CC,TC,GG,AG,GA,AA,AA,AG,AA,TT,CC,GG,GT,GG,TC,GG,TT,GN,NT,GT,GA,GG,TT,GG,AA,CC,AN,NC,AA,CC,AA,CG,NN,CC,CC,CC,GG,AA,AA,GG,TC,CT,AG,TC,AA,TT,TT,TT,CC,TG,CC,CC,CC,TT,CT,AG,GG,AG,CC,GG,CC,TC,AG,AA,NC,TT,AG,CT,AG,GT,TT,GG,CC,CG,GG,AA,GA,GG,CC,CG,CA,NN,CC,GA,GA,CT,GG,TT,AA,TT,TT
Iberian population in Spain,,,,HG01757,,CT,AC,CT,TC,NN,TC,AG,AA,CA,TT,CC,GA,CC,CC,CC,GG,AG,GC,GG,CC,GG,AA,TC,TA,AA,TT,GA,NT,AA,TT,CC,CC,CC,GT,AA,AA,TT,AG,AA,AA,CC,CC,GG,GG,GA,CC,TT,GG,CN,NN,TC,TT,TT,TT,CC,AA,CC,CC,CC,AA,GG,AA,TT,TT,TT,GC,GG,AA,TT,TC,TT,GG,CG,AG,TT,TT,GG,TC,GG,AA,AA,AN,CC,GG,CC,CT,TT,TT,AA,AG,TC,GG,CC,AA,TT,GG,AT,TT,GC,AA,TT,TT,AG,CC,TC,CT,TG,TT,TT,AA,GG,TT,GG,GA,GA,CC,TC,TC,CC,TT,NT,GG,GG,CC,CC,CC,TA,NC,CC,CG,AA,AG,GA,GG,AA,AG,TT,NC,GG,TT,GG,TT,AG,CC,NG,TT,GG,GA,GC,TT,GG,AA,CC,AN,CC,AA,CC,AA,CC,GG,CC,CG,CC,GG,GG,AG,GG,CC,TT,GG,CT,AA,TT,TC,TG,TC,GG,TC,CT,CC,TT,TT,AA,GA,AG,TT,AG,CT,CT,GG,AG,NC,CC,GG,TT,GG,GG,TT,AG,CC,CC,GG,AA,GA,TG,TC,CC,CA,GN,CC,AA,GA,TT,GG,TT,GA,TC,TT
Iberian population in Spain,,,,HG01761,,TT,AA,CC,CC,NN,CC,GG,AA,CC,TT,CC,GA,CC,CC,TT,NN,GG,CC,GG,TT,GG,AA,CT,AA,AA,TC,GG,TN,AC,TT,CC,CC,CC,GT,AA,AA,TT,AA,AA,AA,CC,CC,GG,GG,GA,CC,TC,NN,NN,NA,CT,TT,TT,TT,CT,AA,CC,CC,TT,AA,GG,AA,TT,CT,CT,CG,GG,AG,GG,TC,TT,GG,CC,AA,TT,TT,GG,CC,GG,AG,GA,AA,CC,TG,CC,CC,TT,TT,GG,GG,CC,GA,CC,GA,TT,GG,AT,TT,CC,AA,TT,TC,GG,CC,TC,CC,TT,CT,TT,AA,GC,CT,AA,GG,AG,CC,TT,TT,CC,TT,TT,GG,GG,CC,CC,CG,TT,CC,CC,GG,AA,GA,AA,GA,GA,GA,TT,NC,GG,TT,GG,CT,GG,TT,GG,TT,GG,AG,GG,CT,GG,TT,CC,AA,NC,AA,CC,AT,GC,GN,TC,CC,CC,GG,GG,GA,GG,TC,TT,AA,TC,AG,TT,TT,TT,TT,GT,CT,CC,TC,TT,TT,AG,AG,GG,CC,GG,TC,TT,GG,AA,CN,TC,AG,TC,GG,GG,TT,GG,CC,CC,GG,AA,AA,GG,CC,CC,AC,GG,CC,AG,AG,TC,GG,TT,AA,TT,TT
Iberian population in Spain,,,,HG01762,,TC,CA,TC,CC,NN,CT,GG,AA,CC,TT,TC,GG,CC,CT,CC,GG,GA,CG,GG,CT,GG,AA,TC,TA,AA,TT,AA,TT,AA,TT,CG,CC,CC,TG,AA,AA,TT,AG,AA,AA,CC,CC,GG,NG,AG,CC,TT,NN,CN,NA,TT,CT,TT,CT,TT,AA,CC,CC,CC,AA,GG,AA,TT,TT,TC,GG,GG,GA,TG,TC,TT,AG,CG,AA,TT,TT,GG,CC,GN,AA,AG,NA,CC,GG,CT,CC,TT,TT,AG,GG,TT,GG,CC,GG,TT,GG,AT,TT,CC,AA,TT,CT,GG,CC,CC,CC,TT,TT,TT,CA,CC,TT,GA,GG,AG,CC,CT,TT,AC,TT,TN,GG,GG,TT,CC,CC,TT,CC,CT,CG,AA,AA,GA,GA,GA,AG,TA,CN,AG,TT,AG,CT,GG,CT,GG,TN,GT,GA,GG,TT,GG,AT,CT,AA,NN,AA,CC,TA,GC,NN,CC,CC,CC,GG,GG,AA,AG,CC,CT,AG,CT,AG,AT,TT,TG,TT,GG,CC,CC,CC,TT,TT,AA,GG,AG,TT,AA,TC,TT,GG,GG,NN,CC,AG,TT,GG,TG,TT,GG,CC,GC,AG,AA,AG,GT,CC,CC,AC,NN,CC,GG,GG,TC,GG,CT,AA,TT,TT
Iberian population in Spain,,,,HG01765,,TC,AC,TC,CC,NN,CC,GG,AA,AC,TT,TC,AG,CC,CC,CT,GN,GA,CC,GG,TC,GG,AA,TT,TT,AA,TT,AA,TN,AA,TT,CC,CC,TC,GT,AA,AA,TA,GA,AA,AA,CC,CC,CG,GG,AA,CC,TT,NN,NC,NA,TT,TT,TT,TT,TT,AA,CC,CC,CC,CC,GG,AA,TT,TT,CT,GG,GG,GA,GG,TT,TT,GA,GC,AA,TT,TT,AG,TC,GG,AA,AA,NA,TC,TG,CT,CC,AT,TT,AG,GG,TC,GG,CC,GG,TC,GG,TT,TT,CC,AC,TT,CC,GG,GC,TT,CC,TT,TT,TT,AA,CG,TT,GG,GG,AA,TC,CT,TT,CA,TT,NN,GG,GA,TT,TC,CC,TA,CC,CC,CG,AA,AG,AG,GG,AG,AA,TT,NN,GG,GG,GG,TT,GG,TT,NN,TT,GT,GA,GG,TT,GG,AA,CC,AN,NN,GA,CC,AA,CG,NG,CC,CG,CG,GG,GG,GA,AA,CC,TT,AA,TT,AA,TA,TT,TT,TC,GG,TT,CC,TC,TT,TT,AA,GG,GG,TT,AA,TC,CC,AA,AA,CN,CC,AG,TT,GG,GG,TT,AG,CC,GC,GG,AA,GG,TG,CC,CG,CA,NN,CC,GG,GG,TT,GT,TT,AA,TT,TG
Iberian population in Spain,,,,HG01766,,CT,AA,CC,CT,NN,CC,GG,AA,CA,TT,TC,GG,CC,CC,TC,GG,AG,CC,GG,CC,GG,AA,CT,AT,AA,TC,GG,NN,AA,TT,GC,CC,CC,GG,GA,AA,TT,AA,AT,AG,CT,CC,GG,GG,GA,CC,TT,NG,NC,AA,CT,CT,TT,TT,TT,AA,CC,CC,CC,CA,GG,AA,TA,CT,CC,GG,GG,GG,GG,CC,TT,GA,GC,AG,TG,TT,GG,CC,GG,AA,GA,AA,CC,TT,CC,TT,TT,TT,GG,AA,CC,GG,CC,GG,TT,GG,AA,TT,CC,AA,TT,CC,GG,CC,TT,CT,TG,TT,TT,AC,GC,TT,GA,GG,GG,CC,TC,TT,AA,TT,TT,AG,GA,TT,TC,CC,TT,NN,CC,CC,AA,GA,AA,GG,AG,AA,TT,CN,GG,TT,GG,CT,AG,TT,GN,NT,TG,GA,GG,TT,GG,AA,TC,AN,NC,AA,TC,AA,CG,GN,CC,CC,CC,GG,GG,AA,GA,TC,CT,AA,TC,GA,TT,CT,TT,CT,TG,CT,CC,TC,TG,TT,AG,GG,AG,TT,GG,CC,TC,GA,GA,NC,CC,AA,TC,AG,GT,TT,GG,CT,CC,GG,AA,GG,TG,CC,CC,AA,NN,CC,GG,GA,TT,TG,TT,AA,CC,TG
Iberian population in Spain,,,,HG01767,,TC,AA,CC,TT,NG,TC,AG,NN,AC,TT,CC,GA,CC,CC,CT,GG,GG,CC,GG,CC,GG,AA,TT,AA,AA,TC,GG,NN,CA,TT,CC,CC,CC,GG,AA,AA,TT,GG,AT,AG,CT,CC,CG,GN,GG,CC,TC,NN,NN,AA,CT,TC,TT,TT,CC,AA,CC,CC,TC,AC,GA,AT,TT,TT,TC,GG,GG,GG,TT,CC,TT,GA,GC,GA,TT,TT,GG,CC,GG,AA,AG,AN,CC,TT,CC,CT,TT,TT,GG,GA,TT,GG,CT,GG,TT,GG,AT,TT,CC,AC,TT,TC,GA,CC,CC,CT,TG,TT,TT,AA,GG,TT,AG,GG,GG,CC,TC,TT,CC,TT,TT,GG,GG,TT,TC,CG,TT,CC,CC,GG,GA,AG,AA,GG,AA,AA,AT,NC,GG,TT,GG,CT,AG,CT,GN,TT,GG,GA,GG,TT,AG,TT,CC,AA,NN,AA,TC,AT,GC,GN,CC,CC,GC,GG,GG,AA,GG,CC,TT,GG,CT,AG,AT,TT,TG,CT,GG,CC,CC,CC,TT,TT,GA,GG,GG,TT,AG,CC,CT,GA,GG,CN,CC,AA,TT,GG,GG,TT,GG,CC,CC,GG,AA,GG,GT,CC,CC,AA,GN,CG,AA,AA,TC,GT,TT,AA,TT,TT
Iberian population in Spain,,,,HG01768,,TC,AA,TC,TC,NN,CC,GG,AA,AA,TT,CT,AG,CT,CC,CC,NG,GG,CC,GG,TT,GG,AA,TC,AT,AA,TT,AA,TT,AA,TT,CG,CC,CC,GG,AA,AA,AT,AG,AA,AA,CC,CC,GG,NG,AA,CC,TT,NN,NN,AA,CT,TT,TT,TC,TT,AA,CC,CC,CC,AA,AG,AA,TT,TC,CC,GG,GG,GA,TG,TC,TT,GG,CC,AA,TT,TT,GG,CC,GG,AA,GA,AA,CC,GG,CC,CT,TT,TT,GG,AG,CC,GG,CC,GG,TC,GA,TT,TT,CC,CC,TC,TT,GG,CG,CT,CC,TT,TC,TC,AA,CG,TT,GG,GG,AA,CC,CT,TT,CC,TT,NT,GG,GA,TT,CC,CC,TT,NC,CC,CC,AA,AG,AA,AG,AA,AG,TT,CC,GG,TT,GG,TT,GG,TT,GN,NT,GG,GG,GG,TT,GG,TA,CC,AA,NN,GA,TT,TA,CG,GG,CC,CC,CG,GN,GG,AA,GA,CT,TC,AA,TC,AA,TT,TT,TT,TT,GG,CC,CT,TC,TT,TT,AG,GG,GG,CT,AG,TC,TT,GG,AA,NN,TC,GA,TT,GG,GG,TT,GG,CC,GC,GG,AA,GG,GT,CC,CC,AA,GN,GG,GG,GA,CC,GG,TT,AA,TC,TT
Iberian population in Spain,,,,HG01770,,TT,AA,CC,TC,GN,CC,AG,NA,CA,TT,TT,GG,CC,CC,CT,NG,AA,CC,GG,CC,GG,AA,TT,AT,AA,TC,AG,TN,AA,TT,CC,CC,CC,TG,AA,AA,TT,GG,AA,AA,CC,CC,GG,GG,AG,CC,TT,NG,CN,NA,CC,TT,TT,TT,CT,AA,CC,CC,CC,AC,GG,AA,TT,TT,CC,GG,GG,AG,TG,CC,TC,GG,CG,AA,TT,TT,GG,CC,GG,AA,AA,NN,CC,TT,CC,CT,TT,TT,AG,AA,CC,GG,CC,GG,TT,GG,AT,TT,GC,AA,TT,TT,GG,CC,CC,CT,TG,TT,TC,AA,GC,TT,GG,GG,GG,CC,CT,TT,CC,TT,TN,GG,GG,CT,CT,CC,TT,CC,CC,CG,AA,GG,AA,GG,AG,AA,TT,CN,GG,TT,GG,TT,GG,TC,GG,NT,GG,AG,GG,TT,GG,TT,CC,AA,NN,AA,CC,TT,CG,NN,CC,CC,CC,GG,GA,GA,AG,CT,TT,AG,TT,AA,AT,CC,TT,CT,GG,TT,CC,CC,GT,TC,AG,GG,GA,TC,GA,CC,TC,AG,GG,NC,CC,AA,TT,GG,GG,TT,GG,CC,CC,GG,AA,GG,TG,CC,CC,CC,GN,GC,GG,GG,CT,GG,TT,AA,TC,TT
Iberian population in Spain,,,,HG01771,,CT,AA,CC,CC,NN,TC,GG,AA,CC,TT,CC,AA,CC,CC,CT,GN,GG,CC,AA,CC,GG,AA,TT,AA,AA,TT,GG,TN,AA,TT,CC,CC,CC,GT,GA,AG,TT,AG,AT,AG,CT,CC,GG,NG,AA,CC,TT,NN,CN,AA,CT,TT,TT,TT,TC,AA,CC,CC,TC,AC,GA,AA,AA,TC,TC,CG,GG,AG,TG,CC,TT,GG,GC,AG,TG,TT,GG,CC,GG,AA,AG,NN,TC,TT,CT,TC,TT,TT,GG,AA,CT,GG,CC,GG,TT,GG,AT,TT,CC,AA,TT,TT,GG,GG,CC,TC,GT,TC,TT,CA,CC,TC,AG,GG,GA,CC,CC,TT,CC,CT,TT,GG,GG,CC,CC,CC,TT,NC,CC,CC,GA,AA,AA,GG,AG,AA,TT,NN,GG,TG,GG,TT,GG,TT,GG,TN,GG,GA,CG,TC,GG,AT,TC,NA,NN,GA,TC,AT,CC,GG,CC,CC,CG,GN,GG,GG,AG,TC,TT,AA,TT,AG,AT,CT,GT,TT,TG,CC,CT,CC,TT,TT,AA,GG,AG,TT,AG,CC,TT,GA,AG,NC,CC,GG,TC,GG,GG,CT,GG,CT,CC,GG,AA,AG,TG,CC,CC,AC,GN,CC,GG,GG,TT,GT,TT,AA,TT,TT
Iberian population in Spain,,,,HG01773,,CT,AA,CT,CC,NN,CT,GA,AN,CC,TT,TC,GA,CC,CC,CT,NG,AG,CG,GG,TT,GG,GA,TT,TT,AG,CC,AA,NN,AA,TT,CC,CC,CC,GG,AA,AA,TT,GA,AA,AA,CC,CC,GG,NN,GA,CT,TT,NG,NN,AN,TC,TC,NN,TT,TT,AA,CC,CC,CC,AC,GG,AA,TT,TT,CC,GC,GG,GA,TG,CC,TT,GG,CG,AA,TT,TT,GG,CC,GG,AA,AA,NA,CC,GG,CC,TC,AA,TT,GG,GA,CC,GG,CT,GG,TT,GG,TT,TG,CG,AA,TT,TC,AG,CC,TC,CT,TT,CT,TT,AA,CG,TT,GA,GG,AG,CC,CT,TT,CA,TT,TN,GG,GG,TC,TC,CC,TT,CN,CC,CC,AA,GA,AA,GG,GA,AA,TT,CN,GG,TT,GG,TT,GG,CC,GG,TT,TT,AA,CC,TC,GG,AA,CC,AN,NC,AA,TC,AT,CC,GN,CC,CC,GC,GG,GG,GG,AA,CC,CT,AA,TT,AA,TT,TT,TG,TC,TG,CT,CT,CC,TT,TT,AA,GG,GG,TT,GG,CC,CT,GG,GA,NN,CC,GA,TT,GG,GT,TT,GA,CT,CC,GG,AC,GA,TG,CC,CC,AA,NN,CC,AG,GG,CT,GG,TT,AA,TC,TT
Iberian population in Spain,,,,HG01775,,TT,AA,TT,CC,NN,CC,GG,NA,CC,TT,CC,GA,CC,CC,CC,GG,GG,CC,GG,CC,GG,GA,TT,AA,GA,CC,AA,TT,AC,TT,CG,CC,CC,GG,AA,AA,TT,AG,AA,AA,CC,CC,GG,GG,AG,TC,TT,NN,NN,AA,CT,CT,TT,TT,TT,AG,CA,CT,CC,CA,GG,AA,TT,CC,CC,CG,GG,GG,GG,CC,TT,GG,CC,AA,TT,TT,GA,CC,GN,AA,GG,AA,CC,TT,TC,CC,TT,TT,GG,GG,CC,GG,CC,GG,TT,GG,AA,TT,CC,CA,TT,TC,GG,GC,TC,TC,TG,TT,TT,AA,CG,CC,GG,GG,AG,CC,CC,TT,CC,TT,TN,GG,GG,CT,CC,CG,TT,NC,CC,CG,AA,AA,AA,GG,GA,AG,AT,CN,AG,GT,GG,TT,GG,TT,GN,TT,GG,GG,CG,TC,GG,AT,CC,AA,NN,AA,TT,AA,CC,NN,CC,CC,CC,GG,GG,AA,AG,CC,TT,GA,TT,GA,TT,TC,TT,TC,GT,TC,CC,CC,GT,TT,AA,GG,GG,CC,AG,CC,CT,GG,AG,NN,CC,AA,TT,GG,TG,TT,GA,CC,CG,GG,AA,GG,GG,CC,CC,AA,GG,CC,AG,GG,CT,GG,TT,AA,TC,TT
Iberian population in Spain,,,,HG01776,,CT,CA,TC,CT,NG,CC,AA,AN,CC,TT,CT,GG,CC,CT,CC,NG,GA,CC,GG,CC,GG,AA,TT,AT,GA,TT,GA,NT,AA,TT,CC,CC,CT,TT,GA,AA,TT,GG,AA,AA,CC,CC,GG,NG,GG,CT,TT,NN,CN,NA,CC,TC,TT,TT,TC,AA,CA,CT,CC,CA,GG,AA,TT,TT,CC,GG,GA,AA,TT,TC,CT,GG,GC,AA,TG,TA,AG,CC,GG,AA,AA,NA,CC,GG,CC,CT,TT,TT,GG,GG,CC,GG,CC,GG,TT,GG,AT,TT,GC,AA,TT,CT,GG,GC,TC,CC,TT,TT,TT,CA,GC,TT,GA,GG,AA,CT,CC,TT,CC,TT,TT,GG,GG,TC,TC,CC,AT,CC,CT,GG,AA,AA,AA,GG,GG,AA,TT,NN,GA,TT,AG,CC,GG,TC,GG,TN,GG,GG,CG,TT,GG,AT,CC,AA,NN,AA,CC,TA,GG,NN,CC,CC,CG,GG,GG,AG,AA,CT,TT,AA,TT,AG,TT,TT,TG,CC,TT,CC,CC,CC,TT,TC,AA,AG,GA,TT,GG,TC,CT,GG,AG,NN,CC,AA,TT,GG,TG,TT,GG,CC,GG,GG,AA,AG,GT,TC,CC,AA,NN,CC,GG,GG,CC,GG,CT,AA,TC,TT
Iberian population in Spain,,,,HG01777,,TT,AA,CC,CC,NN,CC,GG,AA,CC,TT,CT,GG,CC,CC,CC,GN,AG,CC,GA,CC,GG,GA,TC,AA,AA,CC,AA,TN,AA,TT,CC,CC,CC,GG,AA,AA,TT,AG,AA,AA,CC,CC,GG,GN,GG,CC,TC,NN,NN,NA,CT,CC,TT,TT,CC,AA,AC,TC,CC,CC,GG,AA,TA,TT,TC,GG,GG,AA,GG,TC,TT,GA,CC,AA,TT,TT,GG,CC,GG,AA,GG,AA,CC,GG,CT,TT,TT,TT,AG,GG,CC,GG,CC,GG,TT,GG,TT,GT,GC,CA,TT,TC,GA,GC,CC,TT,GT,TT,TT,CA,GG,TT,GG,GG,AA,CC,CC,TT,CC,TT,TT,GG,GG,CT,CC,CC,TT,CC,CC,GC,AA,AG,AA,GG,AA,AA,TT,NN,GA,TG,AA,CC,GA,TC,NG,TT,GG,AA,GG,TC,GG,TT,CC,AA,NN,GA,TT,AA,CC,NG,CC,CC,GC,GG,AG,AA,AA,CC,TT,GG,TT,GA,AT,TT,TT,TT,GG,CC,CC,CC,TT,TT,AA,GG,GG,TT,GG,CC,CC,GG,GA,NN,CT,AA,TT,AG,GG,TT,GG,CC,CC,AG,AA,GG,GG,CT,CC,AC,NN,CC,GA,GG,TC,GG,TT,AA,CT,TT
Iberian population in Spain,,,,HG01779,,TT,AA,TC,TT,NN,CC,AA,AN,CA,TT,TC,GG,CC,CC,CC,NN,GA,CC,GG,CC,GG,AA,TT,AT,AA,CT,AG,NN,AA,TT,CC,AC,TC,GG,AG,AA,AT,AA,AA,AA,CC,TC,GG,GG,AA,CC,TT,NN,NN,AA,CC,TT,TN,TT,TT,AA,CC,CC,CT,CA,GG,AA,TT,TT,CC,CG,AG,AA,TT,CC,TC,GG,CC,AA,TT,TT,GG,CC,GG,AA,AG,AN,CC,GG,CT,CC,AT,TT,GG,GA,CC,AG,CC,GG,TT,GG,AA,TT,CC,AA,TT,CT,AG,GC,CT,TC,TT,TT,TT,AA,GG,TT,GG,GG,GA,CC,TC,CT,CA,TC,TT,GG,GA,TT,CC,CC,TT,CN,CC,CC,GA,AG,AA,GG,AG,AA,TT,CN,GG,TT,GG,TT,GG,CC,GN,TN,TG,AA,GG,TT,AG,AT,CT,AN,NN,AA,CT,AA,GC,NG,CT,CC,GG,NG,GG,AA,GG,CT,TT,AG,TT,GA,TT,CT,GT,TT,GT,CC,TC,CC,TT,TT,AG,AG,GA,CT,GG,CC,TT,GG,AG,NN,CC,AA,TT,AG,TT,TT,GG,CC,CC,GG,AA,GG,TG,CC,CC,AA,NN,CC,AG,GG,CC,GG,TT,AA,TT,TT
Iberian population in Spain,,,,HG01781,,TC,AA,CC,CT,NN,CC,GG,AA,CC,TC,CC,GG,CC,CC,TC,GN,GA,CC,GG,CT,GG,AA,TT,AA,AA,CT,AA,NN,AA,TT,CC,CA,CC,GG,AA,AA,TT,GG,AA,AA,CC,CC,CG,GG,AG,CC,TT,NN,CC,AN,TC,TT,NT,CT,TC,AA,CC,CC,CT,CA,GG,AA,AT,CT,CC,GG,GG,AG,TG,TC,TT,GG,CG,AA,TT,TT,GG,CC,GG,AA,AA,NA,TC,GT,TC,CC,TT,TT,GG,AG,CC,GG,TT,GG,TT,GG,AA,TT,CC,CA,TT,CC,GG,CC,CT,TC,TT,CT,TT,AA,GC,TT,GG,GG,AA,CT,CC,TT,CC,TT,TT,GG,GG,CT,CC,CC,TA,CC,CT,CG,AG,GG,AG,GA,GG,AA,TT,NN,GG,TT,AG,CC,GG,TC,NN,TT,GG,GG,CG,TT,GG,TA,CC,AA,NN,AA,CC,AA,GG,NN,CC,CC,GC,GG,GG,AA,AA,CC,TT,GA,TC,AA,TT,TT,GG,TT,GG,CC,CT,CT,TT,CT,GA,GG,AG,TC,AG,CC,TT,GG,GA,CN,CT,AA,TT,GA,GT,TT,GG,CC,CC,GG,AA,GG,GG,CT,CC,CC,NN,CC,AG,AG,TC,GT,CT,AA,TT,TT
Iberian population in Spain,,,,HG01783,,TC,CA,TT,TC,NN,CC,GG,AA,CC,TT,CC,GG,CC,CC,TC,GG,GA,CC,GG,CT,GG,AA,CT,AT,AG,TT,GA,NN,AA,TT,CC,CC,TC,GG,AA,AA,TT,GA,AA,AA,CC,CC,CG,NN,GA,CT,TT,GG,CC,AA,CC,TC,TT,CT,TC,AA,CC,CC,CT,AC,GG,AA,TT,TT,CT,GG,GG,GA,TT,CC,TT,GG,GC,AA,TG,TT,GG,CC,GG,AA,GA,NA,CC,GG,CT,TC,TT,TT,GG,AG,CC,GG,CC,GA,TT,GG,TA,TT,CG,CC,TT,TT,AG,GC,CC,TC,GG,TT,TT,AC,CG,TT,GG,GG,AA,CC,CC,TT,CC,TT,TT,GG,GG,TC,TC,CG,TA,CC,TC,GC,AA,AA,AA,GG,AA,AG,TT,CN,GG,TG,GG,TT,GG,CC,NN,TT,GT,GA,GG,TT,GG,AT,CC,AA,NN,AG,CC,AA,GC,NN,CC,CC,CC,GG,GG,AA,AA,CC,TT,AA,TT,GA,AT,TT,GT,TC,GG,TC,CC,CC,TT,TT,AA,AG,GG,TT,GA,TC,TC,GG,AA,CN,CC,GA,TT,GG,GG,TT,AA,CT,GG,GG,AA,GG,TT,CC,GC,AC,GN,GC,GG,GG,CT,TG,TT,AA,TT,TT
Iberian population in Spain,,,,HG01784,,TC,AA,CC,TC,NN,CC,GG,NN,AC,CT,TT,GG,CC,CC,CC,GG,AA,CC,GA,TC,AG,AA,TT,TA,AA,TC,AG,TT,AA,TT,CC,CC,CC,TG,AA,AG,TA,AG,AA,AA,CC,CC,GG,NG,GA,CC,TT,NG,CC,AA,CT,TT,TN,TC,TT,GA,AC,TC,TC,AC,GG,AA,TT,TT,CC,GG,GG,AG,TT,TT,TT,GG,CC,AA,TT,TT,GG,CC,GN,GA,AG,NA,CC,GG,CC,TT,TT,TT,GG,GG,CC,GG,CC,GG,TT,GG,TA,TT,CC,CC,TT,TT,GG,GC,CT,TC,TT,TC,TC,AA,CG,TT,GA,GG,AG,CC,TT,TT,CC,CT,TT,GG,GG,CC,CC,CC,TA,CC,CC,CG,AA,AG,AA,GG,GA,AA,TT,NN,GG,TT,GG,CT,GG,TT,GG,NT,TG,AA,CG,TT,AG,AA,TC,NA,NN,AG,TC,TA,GG,NG,CC,CC,CC,NG,GG,AG,GA,CC,TT,GG,TC,GA,TA,TT,TT,TC,GT,CC,CC,CC,GT,CT,AA,GG,AG,TT,AG,CC,TT,GG,GA,CN,CC,GG,TT,GG,GG,TT,GG,CC,CG,GG,AA,GG,GG,CC,CC,CA,NG,CC,GG,AA,TT,GT,TT,AA,TT,TT
Iberian population in Spain,,,,HG01785,,TT,AC,CC,TC,NN,TC,GA,AN,AC,TT,TT,GG,CC,CC,CT,NN,AA,GC,GG,CC,GG,AA,TC,AA,AG,TT,AA,TN,CA,TT,GG,CC,TC,GT,AA,AA,AT,AA,AA,AA,CC,CC,GG,GG,GG,CT,TT,GN,NN,AA,CT,CT,TN,TT,CC,AA,CC,CC,CC,CA,GG,AA,TT,TT,CC,CG,GG,GA,GG,CC,TT,GG,GC,AA,TT,TT,AG,CC,NG,AA,GA,NA,CC,GG,CC,CC,TT,TT,GG,GA,CC,GG,CC,GA,CT,AG,TA,TT,CC,AC,TT,TC,GA,GC,CC,TC,TT,CC,CT,AA,GG,TT,GA,GG,AG,CC,TC,TT,AC,TT,TT,GG,GG,CC,CC,CC,AT,CN,TC,GC,AA,GG,AA,GG,AA,AG,TT,NN,GG,TT,GA,TC,GG,CT,GG,TT,TG,AG,GC,TT,GA,TT,CC,AA,NN,AA,CT,AA,CC,NG,CC,CC,GG,GG,GG,AA,AG,CC,TT,AG,CT,GA,AT,TT,GT,CC,GT,CC,CC,CC,TT,CT,AA,GG,GA,TT,GG,TC,TC,GG,AA,NN,CT,GA,CC,AA,GT,TT,GA,CC,CC,GG,AA,GA,GG,CC,GG,CA,GN,GC,GG,GG,TC,GG,TT,AA,CC,TT
Iberian population in Spain,,,,HG01786,,CT,AA,CC,CC,NG,TC,GA,NA,CC,TT,TT,GA,CC,CC,TC,GN,GG,CC,GG,TC,AG,GA,TT,TA,AA,CC,GA,NT,AA,TT,CC,CC,CT,TG,AA,AA,TT,GG,AA,AA,CC,CC,GG,NN,GG,CC,TT,GG,NN,AA,CC,TT,TT,TT,TT,AA,CC,CC,CC,AA,GA,AA,TT,TT,CC,GG,GG,AG,TG,TT,TT,GA,GC,AA,TT,TT,GG,CC,NG,AA,AA,NN,TT,TT,CC,TT,TT,TT,GG,GG,CT,GG,CC,GA,TT,GG,AT,GT,CC,AA,TT,CT,GG,CC,CC,TC,TT,CT,CT,AA,CG,TT,GG,GG,AA,CC,CT,TT,CC,TT,TT,GG,GG,CC,CC,GC,TT,CC,CC,CG,AA,AA,GA,GG,GG,AA,TT,CN,GG,TG,GG,TT,GG,CT,GN,TT,GG,GA,CG,TT,GG,AT,CC,NA,CN,GG,CT,AA,GC,GN,CC,CC,CG,GG,GG,AA,AG,CT,TT,AG,CT,AA,TT,TT,TT,TT,GT,CC,CC,CC,TT,CT,AG,AG,AG,TT,GG,CC,CT,GG,AA,CN,CC,AA,TT,GG,TG,TT,GG,CC,GG,GG,AA,AG,TT,CC,CG,CA,NG,CC,GG,GG,CC,GT,CT,AA,TT,TT
British in England and Scotland,,,,HG01789,,TT,AA,CC,CC,NN,CC,AA,NA,AA,TT,CT,GA,CC,CC,TT,NN,GG,CC,GG,CC,GG,AA,TT,AA,AA,TC,AA,NN,AA,TT,CC,CC,TC,GG,AA,AA,TT,GA,AT,AG,CT,CC,GG,GG,GG,CC,TT,NG,NC,NN,TC,TT,TT,TT,CC,AA,CC,CC,CT,AA,GG,AA,AT,TT,CC,GC,GA,GG,GT,CT,TT,AG,CC,AA,TT,TT,GG,CC,NG,AA,AG,NN,CC,GG,CC,TT,TA,TT,GG,AA,CC,GA,CC,AG,TT,GG,TA,GG,CC,AA,TT,CC,GG,GC,CC,TC,TT,TT,CT,AA,CC,TT,AG,GG,AG,TC,CC,TT,CC,TT,NT,GG,GG,CC,CC,CC,AT,CC,CC,GC,AA,AA,AA,AA,AA,AA,TT,NN,GG,TT,AA,CC,GG,CT,GG,NT,TG,GG,GC,TT,GG,TA,CC,AA,NN,AA,TT,AT,GG,NN,CC,CC,CG,GN,GG,AG,GA,CC,TT,AA,CT,GG,TA,CT,TT,TT,GG,TC,CC,CC,TT,TT,AA,GG,GG,TT,GG,CC,TT,GA,AA,NN,CC,GA,TT,GG,GG,TT,GG,CC,GG,GA,AA,GG,TG,CT,GC,AA,NG,CC,GG,GG,CC,GG,TT,AA,TT,TT
British in England and Scotland,,,,HG01790,,TT,AA,TC,CT,NN,CT,GG,AA,CC,TT,CC,AA,CC,CC,CT,NN,AG,CC,AG,CT,GG,AG,TT,TA,AA,TC,AA,TN,AA,TT,CG,CC,CC,TT,AA,AA,TT,AG,AT,AA,CC,CC,GG,GG,AG,CC,TT,NN,NN,NA,TC,TT,NT,TT,TT,AA,CC,CC,CC,CC,GG,AA,TT,CC,CC,GC,GG,AA,GG,CT,TT,GA,GC,AA,TT,TT,GG,CC,GN,AA,GA,NN,CC,GG,TC,CT,TT,TT,GG,GG,CC,GG,CC,GG,TT,GG,AT,TT,CC,AA,CT,TC,GA,CG,TC,CT,TG,CT,TT,AC,CG,TT,GA,GG,AG,CC,TT,TT,CA,TT,TN,GG,GG,CT,CC,CC,TT,CC,CC,GC,AA,GA,AA,GG,AA,AG,TT,CC,GG,TT,AA,CT,GA,TT,NG,TT,GG,AA,GC,TT,GG,TA,CC,AA,NN,AA,CC,TT,GG,NN,CC,CC,CC,GG,GA,AA,AA,TT,TC,AA,TT,AA,TT,TC,TT,TT,GG,CC,CT,CC,TT,TC,AA,GG,GG,TT,GG,CC,CT,AG,AA,NN,CC,AA,TC,AG,GT,TT,GG,CC,GC,GG,AA,GG,TT,CC,CG,AA,GG,CC,GG,GG,TT,GT,TT,AA,TT,TT
British in England and Scotland,,,,HG01791,,CT,AA,CC,TC,NN,CC,GA,AN,AA,TT,CC,AG,CC,CC,TC,GN,AA,CG,GG,CC,GG,GA,TT,TA,GA,CT,AG,NN,AA,TT,CC,CC,CT,GT,GA,AA,AT,AG,AA,AA,CC,CC,GG,NG,AA,CC,CT,NG,NC,AA,CC,TC,TT,CT,TT,AA,CC,CC,CT,AC,AA,AA,TT,TC,TT,GG,GG,GG,GG,TC,TC,GG,GC,AA,TT,TT,GG,CC,GN,AA,AA,NN,CC,TT,CC,CC,AT,TT,GG,AA,CT,GG,CC,GG,TT,GG,AA,TT,CG,CC,TT,TT,GG,CC,CC,TT,GT,TC,TT,CA,CG,CT,GG,GG,AA,CT,CC,TT,CC,TT,NT,GG,GG,CT,CC,CC,TT,CC,CC,CC,GA,AA,GA,GG,GA,AA,TA,CC,GG,TT,AG,CT,GG,TT,GN,TT,TT,AG,CG,TC,AA,AA,CC,AN,NC,AA,TC,AA,CC,GN,CC,GC,GC,GG,GG,AA,AA,CC,TT,AG,TT,GG,TT,TT,TT,TC,GT,CC,CC,CC,TT,CT,AA,GG,AA,TT,AG,CC,TT,GA,AA,NN,CC,AG,TT,GG,TG,TT,GG,CC,CC,GG,AA,AG,TT,CC,CC,AC,NN,CG,GG,GG,CT,TG,TT,AA,TT,TT
British in England and Scotland,,,,HG02215,,CC,AA,CC,CC,NN,TC,AG,NN,CC,TT,CC,AA,CC,CC,CT,NN,AA,CC,GG,TC,GG,AA,TT,AA,AA,TC,AG,TT,AA,GT,GG,CC,CC,GG,AG,AA,TA,AA,AA,AA,CC,CC,GG,GN,GA,CC,TT,NN,NN,AA,CC,CT,TT,TT,CC,AA,CC,CC,CC,CC,GG,AA,TT,TT,CC,GG,GG,GG,TT,TC,TT,AG,CC,AA,TT,TT,GG,CC,GG,AA,GA,NA,CC,TG,CC,CT,TT,TT,GG,AA,TC,GG,CC,GG,TC,GA,TT,TT,CC,AC,TT,TC,AG,CC,TT,CC,TT,CT,TT,AA,GC,TT,GG,GG,AA,TC,CT,TT,CC,TT,TT,GG,GG,CT,CC,CC,TT,CC,CC,GG,AA,AA,AA,GG,GA,AA,TT,NN,GG,TT,GG,CC,GG,TC,GG,TT,TT,GA,CC,TT,GG,TA,TC,AA,NN,GA,CC,AA,GG,NG,CC,CC,CC,GG,GG,AA,AA,TC,TT,GA,CC,AA,TT,CC,TT,CC,GG,CT,CC,CT,TG,CT,AA,GG,GG,CT,AG,TC,TT,GG,AG,CN,CT,AG,TT,GG,GG,TT,GA,CC,CG,GG,AA,AG,TG,CC,CG,CC,NG,CC,AA,GG,TT,TT,CT,AA,TT,TT
Iberian population in Spain,,,,HG02219,,TC,AA,CC,TT,NN,CC,GA,AA,AC,TT,CC,GG,CC,CC,TC,GG,GA,CC,GA,CC,GG,AA,TT,AA,GA,CT,GA,TN,AA,TT,CC,CC,CC,GG,AA,AA,TT,AG,AA,AA,CC,CC,GG,GN,GG,CC,TT,NN,NC,AN,TT,CT,TT,TT,CT,AA,AC,CC,CT,CC,GG,AA,TT,TT,CT,GG,GG,AA,GG,TT,TT,GG,GC,GA,TT,TT,GG,CC,GG,AA,AA,AA,CC,GT,CC,CT,TA,TG,GG,GA,CC,GG,CC,GG,TT,GG,TT,TT,CC,AA,TT,CT,GA,CC,TC,CT,TT,CC,TT,CA,CG,TT,GG,GG,AA,CC,TT,TT,AC,TC,TT,GG,GG,CC,CC,CC,TT,CC,CT,GG,AA,GG,AA,GG,GG,AA,TT,CN,GG,GG,GA,TT,GG,TC,GN,NT,TG,GA,GC,CT,GG,TA,TT,AA,NN,AA,CT,TA,CG,GN,CC,CC,GC,NG,GA,AA,AA,CC,TT,AA,CT,AG,TT,TT,TT,TT,GG,CC,TC,TC,TT,TT,AA,GG,GA,TT,GG,CT,TT,AG,GA,NN,CC,AG,TT,GG,GT,TT,GG,CC,GG,GA,CA,AG,GG,CC,CC,AC,NN,CC,AA,GA,CT,GG,TT,AA,TC,TT
Iberian population in Spain,,,,HG02220,,CT,AA,CC,TT,NN,CC,GG,NA,CC,TT,CC,GG,CC,CC,TC,NG,AG,GC,AG,CC,GG,AA,TC,TT,AA,CT,AG,TN,AA,TT,GC,CC,CC,GT,AA,AA,TT,AG,AA,AA,CC,CC,GG,NG,GG,CC,TT,NN,NN,AA,CC,TT,TT,TT,TT,AA,CC,CC,CC,CA,GG,AA,TT,TT,CC,GG,GG,GA,GG,TT,CT,GA,CC,AA,TT,TT,GA,CT,GG,AA,GG,AN,CC,GG,CC,CC,TT,TT,GG,GG,CC,GG,CC,GG,TT,GG,AT,TT,GC,AA,CT,CC,GG,CC,CC,TC,TT,TC,CT,AA,CC,TT,GG,GG,AA,CC,CC,TT,AC,TT,TT,GG,GG,CC,CC,CC,TT,CC,CC,GG,AA,GA,AA,GG,AA,AG,TT,NN,GG,TT,GG,CC,GG,CT,GG,TN,GG,GA,CC,TT,GG,TT,CT,AA,NN,AA,CT,AT,CG,NN,CC,CC,GG,GG,GG,AA,AA,CC,TT,AA,TT,GA,AT,TT,GT,TT,TG,TT,CT,CC,TT,TT,AA,GG,GG,TT,GG,CT,TT,GG,GG,NN,CT,GA,TC,GG,GG,TT,GG,CC,GC,GG,AA,GA,TG,CC,GG,AA,NN,CC,GG,GG,CC,GG,CC,AA,TT,TT
Iberian population in Spain,,,,HG02221,,TT,AA,CC,CC,NN,TT,GG,AA,AC,TT,CC,GA,TT,CC,TC,GN,AG,CC,GG,CC,GG,AA,CT,TA,AA,TT,AG,NN,CA,TT,GC,CA,CC,TG,AA,AA,AA,GG,AA,AA,CC,CC,GG,GG,AA,CC,TT,NN,CN,AA,CC,TT,TT,TT,TC,AA,CC,CC,CC,AC,GG,AA,TA,TT,CC,GC,GA,GA,GG,CT,TT,GG,CG,GA,GT,TT,GG,CC,GG,AA,AA,AN,CC,GG,TC,TC,AT,TT,GG,GA,CC,GG,CC,GA,TT,GG,TT,TT,GC,CA,TC,CT,GA,CC,CC,TC,TT,TT,TT,AA,GG,TT,GG,GG,GA,CC,TC,TT,AC,CT,TT,AG,GG,TT,TT,CC,AA,CC,CC,GC,AA,AA,AA,GG,AG,AA,TT,CC,GA,TT,GG,TT,GG,TT,NG,TT,GG,GA,CG,TT,GG,TT,TC,AA,NN,AA,TT,AT,CC,GG,CC,CC,GG,GG,GG,GA,GG,CC,TT,AA,TT,AA,TT,TT,TG,CC,TG,CT,CC,CC,TT,CC,AA,GG,GG,TT,AG,CC,TT,AG,GA,NN,TC,AG,CT,GG,GG,TT,GG,TC,CC,GG,AA,GG,GG,TC,GC,AA,GG,CC,AA,GA,TT,GG,TT,AA,TT,TT
Iberian population in Spain,,,,HG02223,,TT,AA,CC,TT,NN,CC,GG,NN,CC,TT,CC,AG,CC,TC,CT,GN,AA,CC,AG,CC,GG,AA,TT,AA,AA,TT,GA,TN,AA,TT,CC,CC,CC,GT,GA,AA,TT,GG,AA,AA,CC,CC,GG,NG,GG,CC,CT,NG,CN,NA,CT,CT,TT,CT,TT,AA,CC,CC,CC,AC,GG,AA,AT,CT,CT,GG,GG,GA,GG,CT,TT,GG,CG,AG,TT,TT,GG,CC,GG,GA,AA,NA,CC,GT,CT,TC,TT,TT,GG,GA,CT,GG,CC,GG,TC,GG,TT,TT,GC,AA,TT,TC,GG,CC,TT,CC,TT,CT,CT,AA,GC,TT,AA,GG,AA,CC,CC,TT,CA,TT,TT,GG,GG,CC,CC,CG,TT,CC,TC,GG,AA,AA,AG,GG,AA,AA,TT,NN,GG,TT,GA,TT,GG,TT,GG,TT,GG,AA,GC,TT,AG,TA,CC,AA,NN,AA,CT,AA,GG,NN,TC,CC,CG,GG,GG,GA,AA,CC,TT,AA,TT,AG,AA,TT,TG,TT,GT,TC,TT,CC,TT,TT,AA,GG,GA,TT,GA,CC,TC,AG,AA,NC,CC,GA,CC,AG,TT,TT,GA,CC,GC,GG,CA,GA,TG,CC,CC,AA,GN,CC,GG,AG,TC,TG,TT,AA,TT,TT
Iberian population in Spain,,,,HG02224,,TT,AA,TC,TT,NN,CC,GG,AA,CC,TT,CC,GG,CC,CC,CT,GG,AA,GC,GG,CC,GG,AA,TT,AA,AA,TC,GA,NT,AA,TT,CC,CC,CC,TG,AA,AA,TT,AG,TA,GA,TC,CC,GG,NG,AG,CC,TT,GN,NN,NA,CC,TT,TT,TT,TT,AA,CC,CC,CC,AA,AG,AA,TT,TT,TT,GG,GG,AG,GT,TT,TT,AA,CC,AA,TT,TT,GG,CC,GG,AA,GA,NN,CC,GG,CC,CC,TT,TT,GG,GA,CC,GG,CC,GG,TT,GG,TT,TT,CC,CA,TT,TC,GA,CG,CC,CT,TT,CT,TT,AA,GC,TT,GG,GG,GG,CC,TT,TT,CC,TT,TT,GG,GG,TC,TT,CC,TT,CN,CC,GC,GA,AG,AA,AG,AA,AA,TT,CN,GA,TT,AG,TT,GG,TT,NG,TT,TG,AG,GG,TT,GG,TA,CC,NA,NN,AA,CC,AA,CG,NG,CC,CC,CG,GN,GG,AG,AA,CC,TT,AA,CC,AA,TT,TT,GT,CT,TG,CT,CT,CT,TT,TT,AA,GG,AG,TT,AG,CC,TT,GG,AA,CN,CC,AA,CC,AA,GG,TT,AA,CT,CG,GG,AA,GG,TG,CC,CC,AA,NG,CC,AA,AG,CC,GG,TT,AA,TT,TT
Iberian population in Spain,,,,HG02230,,TT,AA,CC,TC,NN,CC,AG,NA,CC,TT,TT,GA,CC,CC,CC,NN,GA,CC,GG,CC,GA,AA,TT,AA,AA,CC,AG,TN,AA,TT,CC,CC,TC,GG,AG,AA,TT,GG,AA,AA,CC,CC,CG,GN,AA,CC,TT,GN,CN,AA,CT,TT,TT,TT,TT,AA,CC,CC,CC,CA,GG,AA,TT,TT,CC,GG,GG,GA,GT,TT,TT,GG,GG,AG,TT,TT,GG,CC,GG,AA,AA,AN,CC,GG,CC,TC,AT,TT,GG,GA,CC,GG,CC,AG,TT,GG,AT,TT,CC,CA,TT,CC,GG,CC,CC,TT,TT,CC,TC,AA,CC,TC,GG,GA,AA,CC,CT,TT,CC,TT,TT,GG,GG,CC,TT,CC,TT,CC,CC,GC,AA,GA,AA,GG,AG,AA,TT,CN,GG,TT,GG,CT,GG,CT,GG,TT,GG,AA,GG,CT,GG,TT,CC,AA,NN,GA,TC,AA,CG,GN,CC,CC,CG,GG,AG,AA,AA,TT,TT,AA,TT,AG,TT,TC,TT,TT,GG,TT,TC,CC,TG,TT,AA,GG,GG,CT,GG,TC,TT,AG,AG,NN,CC,GG,TT,GG,GG,TT,GG,CC,GC,GG,AA,GG,TG,CC,CC,AA,NN,CC,GG,GA,CT,GT,TT,AA,CT,TG
Iberian population in Spain,,,,HG02231,,TT,AA,CC,CT,NN,TC,AG,AA,AC,TT,CT,GG,CT,CC,TC,NG,AG,CC,GG,TT,GG,AA,TT,AA,AA,TT,AA,TN,AA,GT,CC,CC,CT,GT,AA,AA,TA,AG,AA,AA,CC,TC,GG,NN,AG,CC,TC,NN,NN,AA,TC,TT,TT,TT,CT,AA,AC,TC,CC,CC,GG,AA,TT,TT,CC,CG,AG,AG,GG,TC,TT,GG,CC,AA,GT,TT,GG,CC,GG,AA,GG,AA,CC,GT,CC,CT,TT,TT,GA,GA,TT,GG,CC,AG,TC,GG,AT,TT,CC,AC,TT,TT,GG,GC,TC,CT,TT,CT,TT,CC,GC,TT,GA,GG,AG,CC,CC,CC,CC,TC,TT,GG,GG,TC,CC,GC,TT,CC,CT,CG,AA,GA,AA,AG,AA,AG,TT,NC,GG,TT,GG,TC,GG,TC,NN,TT,GT,AA,CG,TT,GG,TT,CT,AA,NN,AA,CT,AA,GC,NG,CT,CC,CG,GG,GG,AA,AG,CT,CC,AA,CT,AA,TT,CT,TG,CT,GG,TC,CC,CC,TT,TT,GA,GG,GG,CC,GG,CC,CC,AG,AA,NN,CT,GA,TC,GG,GG,TT,GG,CC,CG,GG,CA,GG,TG,CC,CC,CA,NN,CC,GG,AG,CT,GT,TT,AA,TT,TT
Iberian population in Spain,,,,HG02232,,TC,AA,TC,TC,NN,TC,GG,NA,CA,TT,TT,GG,CC,CT,CC,NN,AG,CC,GG,CC,GG,AA,TT,AA,AA,CC,GG,NN,AA,TT,CC,CC,CC,TG,AA,AA,TT,GA,AA,AA,CC,CC,GG,NG,GA,CC,TT,NN,CC,AA,TC,TT,TN,TT,TT,AA,CC,CC,CC,AC,GG,AA,AT,TT,CC,GG,GG,AG,TT,TC,TT,GG,CC,AA,TT,AT,GG,CC,GG,AA,GA,AA,CC,GG,CC,TC,TA,TT,GG,GA,CT,GG,CC,GG,TT,GG,TT,TT,CC,CA,TT,TC,GG,CC,CT,TC,TT,CC,TT,AA,GG,TT,GG,GG,GG,CC,TC,TT,AA,TT,TT,GG,GG,CT,CC,CC,TT,CN,CC,CG,AG,AA,GA,AG,GA,AA,TT,CC,GA,TT,AG,TT,GG,TC,GG,NN,GG,AA,GG,TC,GG,TA,CC,AA,NN,AA,CC,TA,GG,NG,CC,CC,CC,GG,GG,AA,GG,CC,TT,AG,TT,AG,TT,TT,GT,CT,TG,CC,CC,CC,TT,TT,AA,AG,AG,TC,AG,CC,TT,GA,AA,CN,TC,GA,TC,GG,GT,TT,GA,TC,GC,GG,CA,GG,TT,CC,CC,CA,NN,CC,GG,GA,CT,TT,TT,AA,TT,TT
Iberian population in Spain,,,,HG02233,,CT,AA,CC,CC,NN,CC,AG,AN,AC,TT,TC,AG,TC,CC,CT,GG,GA,CC,GG,TC,AG,AA,TT,TA,AA,TC,AA,NT,AA,TT,CC,AC,CC,TT,AA,AA,TT,GG,AA,AA,CC,CC,GG,GG,GG,CC,CT,GG,NC,AA,CT,TT,TT,CC,TT,AA,CC,CC,TC,AA,AG,AA,AT,TT,TC,GG,GG,AA,TT,TT,TT,GG,GG,AG,TT,TT,GG,CC,GG,AA,GA,AN,CC,GG,CC,TT,TA,TT,AG,GG,CC,GG,CC,GG,CT,AG,AT,TT,GC,CA,TT,CT,GA,CC,CT,TC,GT,TC,TT,AA,GC,CT,AG,GA,AA,CC,CT,CT,CC,TT,TT,GG,GG,CT,CT,GG,TT,CC,TC,GG,AA,GG,AA,GA,GG,AA,TT,NN,AA,TT,GG,TC,GG,TT,GG,TT,GG,AG,GG,TT,GG,AA,CC,AN,NN,AA,CT,AT,CG,NN,CC,CC,CC,GG,GG,AA,GA,CC,TT,GG,TT,AA,TT,TT,TT,CT,GG,CC,TC,CC,TT,TT,AA,GG,GA,TT,GG,CC,CC,AG,AG,NC,CC,AA,TT,AG,GG,TT,GG,CC,GC,GG,AA,GG,TG,TC,CC,AC,GN,CC,GG,AA,TT,GT,TT,AA,CT,TG
Iberian population in Spain,,,,HG02235,,TC,AA,CC,TT,NN,TC,GG,AA,AA,TT,TC,GG,CT,CC,CC,GG,GG,CC,GG,CC,GG,AA,TT,AA,AA,CT,GA,TN,AC,TT,GC,CC,CC,GG,AA,AA,TT,AG,AA,AA,CC,CC,GG,GG,AA,CC,TC,GN,CN,NA,CC,TC,TT,TT,CT,AA,CC,CC,CC,CA,GG,AT,AT,TC,CC,GC,GG,GG,GG,TT,TT,AG,CC,AA,TT,TT,GG,CC,GG,AA,GA,AA,CT,TT,CC,TT,TT,TT,GG,GG,CT,GG,CC,GG,TC,GA,TT,TT,CC,AA,CC,CC,GG,CG,TC,CT,TT,CC,TC,AA,CG,CT,AG,GG,AG,CC,CC,TC,AC,TT,TT,GG,GG,CC,CC,CC,TT,NC,CC,GG,GG,GA,AA,GG,AG,GA,TT,CC,AA,TG,GG,TC,GG,TT,GG,NT,GG,AA,GG,TT,GG,TA,CC,NA,CN,AA,TC,AA,CC,GN,CC,CC,CC,NG,GG,AA,AA,CC,TT,AA,TT,AA,AA,TT,TT,TC,TT,CC,CT,TC,TT,TT,AA,GA,GG,TT,AG,CT,TC,GA,GG,NC,CT,AA,TC,AG,GG,TT,GG,CC,GC,GG,AA,GA,TT,TC,GC,CA,NG,CC,GA,AA,TT,TG,TC,AA,TT,TT
Iberian population in Spain,,,,HG02236,,CT,AA,TC,TT,NN,CC,GG,NA,CC,TT,TT,GA,CC,CC,CC,NN,GA,CC,AG,CT,GG,AA,TT,AA,AA,TC,GA,TN,CA,TT,GG,CC,CT,GT,AA,AG,TA,GG,AA,AA,CC,CC,GG,NN,GG,CC,TT,NN,CN,NA,CT,TT,TT,TT,TT,AA,CC,CC,TC,CA,GG,AA,TA,TT,CC,GG,GG,AA,GG,CC,TT,GG,GC,GA,TT,TT,GG,CC,NG,AA,AG,NA,CC,GG,CC,CC,TT,TT,GG,AG,CC,GG,CC,GG,TT,GG,TT,TT,CC,AA,TT,CC,GG,CC,CC,TC,TT,TC,TT,AA,CC,TT,AG,AG,AA,CC,TC,TT,CC,TT,TT,GA,GG,CT,CC,GC,TT,CC,CC,GC,AA,AA,AG,GG,AA,AA,TT,NN,GG,TT,GG,TT,GG,TT,GG,TN,GG,AG,GG,TC,GG,TA,CC,AA,NN,AA,CT,TA,GC,GN,CC,CC,CG,GN,AG,AA,GG,TC,TT,AA,TT,AA,TT,TT,GT,CC,TG,CT,CC,CC,TT,CT,AA,GG,GG,TT,GG,CC,TT,AA,GA,NC,CC,AG,TT,AG,TT,TT,GA,CC,CC,GG,CA,AG,GT,CC,GC,CA,NN,CC,GG,AG,TT,GG,TT,AA,TT,TT
Iberian population in Spain,,,,HG02238,,TT,AC,TC,CT,NN,CC,GG,AA,CC,TT,TC,GA,CC,CC,TT,NG,AG,CC,GG,TC,GG,AA,CT,TT,AA,TC,GG,TT,AC,TT,CC,CA,CC,GG,AA,AG,TT,AG,AA,AA,CC,CC,GG,GN,AA,CC,TT,NG,NC,AN,CT,TT,TN,TT,TT,AA,CC,CC,CC,CA,GA,AA,TA,TT,TT,GG,GG,AG,TG,CC,TT,AA,CC,GA,GT,TT,GG,CC,GG,AG,AA,NN,CC,GG,CC,TC,TT,TT,GG,AG,CC,GG,CC,AA,TT,GG,AA,TT,CG,AA,TT,TT,GG,CC,TC,CT,TG,TT,TT,AA,GC,TT,GG,GG,AA,CC,TT,CT,CC,TT,NT,GG,GG,TC,TC,GC,TT,NC,CC,GC,AA,AA,AA,GG,GG,AG,TT,CN,GG,TT,AA,TT,GG,TT,NG,TN,TG,AA,CG,TC,GG,AA,CC,AA,NN,AG,TC,AA,CG,NN,CC,CC,GC,GG,GG,AA,AG,CC,TT,AA,TT,GG,TA,CT,TT,TC,GT,TC,CC,CC,TT,TT,AA,GG,GG,TT,AG,CT,CT,GG,GA,CN,CC,AA,TT,GG,GG,TT,GG,CT,CC,GG,AA,GG,TG,CC,CC,AC,GG,CC,GG,GG,CT,GG,TT,AA,TT,TT
Iberian population in Spain,,,,HG02239,,CT,AA,CC,CC,NN,CC,GA,AN,CC,TC,CT,GG,CC,CC,TT,GG,GA,GC,GG,TC,GG,AA,TT,TT,AA,TT,AA,NN,AA,TT,CC,CC,CC,TG,AA,AA,TT,AG,AA,AA,CC,CT,GG,GG,GA,TC,TT,GG,NN,NN,CT,TT,TT,TT,TT,GA,AC,TC,CC,AA,GG,AA,TT,TT,TT,GC,GG,AA,GG,TT,TT,GG,GG,AA,TT,AA,GG,CC,GG,AA,AA,AN,CC,GG,CC,CT,AT,TT,GG,AG,CC,GG,CC,AG,TT,GG,TA,TT,CC,AA,TT,CT,AG,CC,TT,CT,TG,CT,TT,AC,CG,TT,GA,GG,AA,CC,CC,TT,AC,TT,TT,GG,GG,TT,TC,CC,TT,CC,CC,GG,AA,AA,AA,GG,GG,AA,TT,CC,GG,TT,AG,TC,GG,TC,GG,NN,GG,GA,GC,TT,GG,TA,CC,NA,NN,AA,CC,AT,CG,NN,CC,CC,CC,GG,GG,AG,GG,CC,TT,AG,TT,AG,AT,TT,TT,TC,TG,CT,TC,CC,TT,TT,AA,GG,GG,CC,GG,CC,TT,GG,AA,NN,CC,AA,TT,GG,GG,TT,GG,CC,CC,GG,AA,GA,GT,CC,CC,CC,GG,GC,GG,GG,CC,GG,TT,AA,TT,TT
Italy,,,,NA20502,,CT,AA,TC,TC,NN,CT,GG,AN,CC,TT,CT,GA,CC,CC,CT,GN,GG,CC,GG,CC,GG,AA,CT,AT,AA,CC,AA,TT,CA,TT,CG,CC,CC,GT,AA,AA,TA,AA,AA,AA,CC,CC,GG,NG,GG,CC,CT,NN,NC,AA,TT,TT,TT,TT,CT,AA,CC,CC,CC,AA,GG,AA,AT,TT,TC,GG,GG,GG,TT,TC,TT,GG,CC,AA,TT,TT,GG,TC,GN,AA,AA,AN,CC,TG,CC,CT,AT,TT,GG,GA,CC,GG,CC,GG,TT,GG,TA,GT,CC,AC,TT,CT,AG,CC,CC,TT,TG,TT,TT,AA,GG,TT,GA,GG,AG,CC,CT,TT,AC,TT,TT,GG,GG,CT,CT,CC,TT,CC,CT,CG,AA,GA,AA,GG,AG,AA,TA,CC,AG,TT,GG,TC,GG,TT,GN,TT,GG,AA,CG,TT,GG,TA,CC,AA,NN,AA,TT,AT,GC,NG,CC,CC,CG,GG,GG,AA,AG,CC,TT,AG,TC,AA,AA,TT,GT,TT,GG,TC,CC,TT,TT,TT,AA,GG,GG,CT,GG,TC,CT,GG,GA,NN,CC,GA,TT,GG,GG,CT,GG,CC,CC,GG,AA,GG,GT,TC,CC,AA,GN,CC,GG,GG,CT,GT,TT,AA,TT,TT
Italy,,,,NA20503,,TC,AA,CC,TC,NN,CC,AA,NA,CC,TT,CT,AA,CC,CT,CC,NG,GA,GC,AG,CC,GG,AA,TC,AA,AG,TT,AA,NT,AA,TT,CC,CC,CC,GG,AA,AA,AT,AG,AA,AA,CC,CC,GG,GG,GG,CC,TT,NG,NC,NA,TT,TC,TT,TT,TT,AA,CC,CC,CC,AA,GG,AA,AT,TT,CT,GG,GG,GG,GT,TT,TT,GG,GG,AA,TT,TT,GG,CC,NG,AA,AA,AA,TT,TT,CC,CC,AT,TT,GG,GG,CC,GG,CC,GG,TT,GG,AT,TT,CC,AC,TT,TC,GA,GC,CT,TC,TT,CT,TC,AA,GC,TT,AG,GG,AG,CC,CT,CT,CC,TT,TT,GG,GG,CC,CC,CC,TT,CC,CC,GG,AA,AA,AA,GA,AG,AA,TT,NN,AG,GT,AG,CT,GG,TC,NN,TT,GT,GG,GG,TT,GG,TT,CT,AA,NN,AA,TC,AA,GC,NN,CT,GC,CC,GG,AG,AG,AA,CC,CT,AA,TT,GA,TT,TT,TT,TC,GG,CC,CC,CT,TT,TT,AA,GG,GG,CT,AG,CC,CT,GG,AA,CN,CC,AA,CC,AG,TG,TT,GG,CC,GC,GG,AA,GG,TT,CC,CC,AA,NN,CC,GG,GG,TC,GG,TT,AA,CT,TT
Italy,,,,NA20504,,TT,AA,CC,TC,NG,CC,AG,AN,CA,TT,TC,AA,CC,CC,TC,GG,AG,CC,GA,CC,GG,AA,TT,AT,AG,TT,AG,NN,AA,TT,CC,CC,TC,TG,AA,AA,TT,GG,AA,AA,CC,CC,GG,GG,GG,CC,CT,NG,CN,AA,TC,TT,TT,TT,TT,AA,CC,CC,CC,AA,GG,AA,TT,TT,TT,GC,GG,AG,GG,CT,CC,GG,CC,AA,TT,TT,GG,CC,GG,AA,AG,NN,CC,TG,CT,TT,AA,TT,GG,AG,CC,GG,CC,GA,TT,GG,TA,TT,CC,AC,TC,CT,AG,CC,CC,TC,TT,CT,TC,AA,GG,CT,GA,GG,GA,CC,CC,TT,CC,TT,NT,GG,GG,CC,CC,CC,TT,NC,CC,GC,AA,GG,GA,GG,GG,GA,TT,CN,GG,GT,AG,TT,GG,TT,NG,TN,GG,AG,GG,TT,GG,TA,CC,AA,NN,GA,TT,AA,GC,NG,CC,CC,CG,GG,GG,AA,GG,CC,TT,AA,TT,GA,AA,TT,TT,CT,TG,CT,CC,CC,GG,TC,AA,GG,AG,CC,GG,CC,TT,GG,AA,NN,CC,AG,TT,GG,GG,TT,GG,CC,CC,GG,CA,GG,TG,CC,CC,AC,NG,CC,GG,GG,TC,TT,CC,AG,CC,GG
Italy,,,,NA20505,,CT,AA,CC,TC,NN,CC,GG,AA,CC,TT,TC,GG,CC,CC,TT,GN,AG,CG,GG,TC,GG,AA,TT,TA,AA,TT,AA,NT,AC,TT,CC,CC,CC,GG,AA,AA,TA,AA,AA,AA,CC,CC,GG,GN,AG,CC,TT,NN,NC,AA,CC,TC,TT,CT,TC,AA,CC,CC,CC,CC,GG,AA,TT,CC,CC,CG,GG,GA,TT,TC,TT,GG,GC,AA,TT,TT,GG,TC,GG,AA,GA,AN,CC,GG,CC,CC,TT,GT,GG,GG,TT,GG,CC,GG,TT,GG,AA,TT,GC,AA,TT,CT,GG,GC,TC,CT,TT,CT,TT,AA,GC,TT,GG,GG,GG,CC,CC,TC,CC,TT,TT,GG,GG,CC,CC,CC,TT,CC,CC,GC,AA,GA,AA,GG,GG,GA,TT,NC,GG,TG,AG,CT,GG,CC,GG,NN,GG,GA,CC,TT,GG,AA,CT,AA,NN,GG,CT,TT,GG,NG,CC,CC,GC,GG,GG,AA,GA,CC,TT,AA,TT,GG,AA,TT,TT,TT,GT,TC,CC,CC,TG,CT,AA,GG,AA,CT,GG,CC,CT,GA,AA,CN,CC,GG,TT,GG,GG,TC,GG,CC,CG,GG,AA,GG,TT,CC,CC,CA,NN,CC,GG,AA,CT,GG,TT,GG,TT,TT
Italy,,,,NA20506,,CT,AA,CC,CT,NN,CC,AG,NN,CC,TT,CT,GA,CC,CC,CC,GN,GG,CC,GG,TC,GG,AG,TT,TT,AA,TT,AG,TT,AA,TT,GG,CC,CC,GG,AA,AA,TT,GA,AA,AA,CC,CC,GG,NG,AA,CC,TT,NN,CC,NN,CT,TT,TT,CT,TT,GA,AC,TC,CC,AC,AG,AA,TT,TC,CC,GC,GG,AG,GT,TC,TT,GG,CC,AA,TT,TT,GG,CC,GG,AA,AG,NA,CC,GG,CC,CT,TA,TT,GG,GA,CC,GG,CC,GG,TT,GG,TT,TG,CG,AC,CT,CC,GG,CC,CC,TT,TT,TT,TT,AA,CG,TT,GA,GG,GA,CC,CT,TT,CA,TT,TT,GG,AG,TC,CC,CC,TT,CC,CC,CC,AA,AA,GA,AG,AG,GG,TT,NN,AA,TT,GG,TT,GG,TT,GG,NT,GT,GG,GG,TT,AG,TA,CC,AA,NN,AG,CC,AA,GC,NN,CC,CC,CC,GN,GG,AA,GA,CT,TT,GG,TT,AA,TT,TT,TG,TT,GT,TC,TC,CC,TT,TT,GA,GG,GG,TT,AG,TC,TT,GG,AA,CN,CT,AA,TT,GA,GT,TT,GA,TC,GC,GG,AA,GG,TT,CC,CC,AC,NN,CC,GG,GG,CC,GG,CT,AA,TT,TT
Italy,,,,NA20507,,CT,AC,CC,CC,NN,TC,GG,NN,CA,TT,CT,AG,CC,TC,TC,NG,AG,CC,AG,CC,GG,AA,TT,AA,AA,TT,AA,NN,AA,TT,GC,CC,CC,TG,AA,AA,TT,GG,AA,AA,CC,CC,GG,GG,GA,CC,CT,NN,NN,AA,TC,CC,TT,TC,CC,AA,CC,CC,TC,AA,AA,AA,TA,TT,CC,GG,GG,GA,TG,CC,TT,AG,CG,AA,TT,TT,GG,CT,NG,AA,AG,AN,TC,TG,CC,CT,TT,TT,GG,AG,TC,GG,CC,GG,TC,GG,AA,TT,CG,CC,TT,TT,GG,GC,CC,CC,TT,TT,TT,CA,CC,TT,GG,GG,AA,CC,CT,TT,CC,TT,TT,GG,GG,CC,CC,CC,TT,CC,CC,CC,AA,AG,AA,AG,GG,AA,TT,CN,GG,TT,GG,CT,GG,TT,NN,TT,TT,AA,GG,TT,GG,AA,CC,NN,CC,AA,CC,TT,GG,GG,CC,GG,GG,GG,GG,GG,AA,CC,TT,AA,TT,AG,TT,TT,TT,CC,TG,CT,CC,TC,TT,TC,AA,GG,GG,TT,GG,CT,CC,GG,AA,NC,CC,AA,CT,GG,GG,TT,GG,CC,CC,GG,AA,GG,TG,TC,CC,AA,NN,CC,GG,GG,CC,GG,CT,AA,TC,TT
Italy,,,,NA20508,,TC,AA,CC,CC,NN,TC,GA,NA,CC,TT,TT,AG,TC,CC,CC,GG,AG,CC,GG,CC,GG,AA,TT,TA,AA,CT,AG,NN,AA,TT,CC,CC,CT,GG,AA,AA,TT,GA,AA,AA,CC,CC,GC,GG,AA,CC,TC,GN,NC,AA,TT,TT,TT,TT,TT,AA,CC,CC,CT,AA,GG,AA,TT,TT,CC,GG,GG,AG,GT,TT,TT,GG,CG,AA,TT,TT,GG,CC,GG,AG,AA,AN,CC,GG,TC,TT,TA,TT,GG,AA,CC,GG,CC,GG,TC,GG,AT,TT,GC,AA,TC,TT,GG,CG,CT,TC,TG,CT,CT,AA,CC,TT,AG,GG,AA,CC,TT,TT,CC,TT,TT,GG,GG,CC,CC,CC,TT,CC,CC,GG,AA,AG,AA,AA,GA,AA,TT,NN,GG,TG,GA,TT,GG,TT,NN,TT,GG,AG,CC,TT,GA,TT,CC,AA,NN,AA,TC,TT,GC,GN,CC,CC,CG,GG,GG,AA,AA,CC,TT,AA,TT,GA,TA,TT,TT,CT,GG,TT,CC,CC,TT,CT,AA,GG,AA,CT,AG,CC,TT,GA,AA,NN,CC,AA,CT,GG,TG,TT,GG,CC,CC,GG,AA,GG,TT,CC,GC,AC,GN,CC,GA,GG,CC,GT,TT,AA,CT,TT
Italy,,,,NA20509,,CT,AA,CT,CT,NN,TC,GG,NA,AC,TT,TC,AG,CC,CC,CT,NG,GA,CC,GG,CC,GG,AG,CT,AT,AA,TT,GG,NN,AA,TT,CC,CC,CC,GT,AA,AA,TT,GG,AA,AA,CC,CC,GG,NG,GA,CC,TT,NN,NC,NA,CC,TT,TT,TT,TT,AG,CA,CT,CC,AC,AG,TA,AA,TT,CT,GG,GG,GA,TG,CC,TT,GG,CC,AA,TT,TT,GG,CC,GN,AA,AA,NA,CC,GT,CC,CC,TT,TT,GA,GG,CC,GG,CC,GG,TT,GG,AA,TT,CG,AA,TT,TC,GG,CC,CC,CC,TT,TC,TC,AA,CG,TT,GA,GG,AG,CC,TT,TT,CC,TT,TN,GG,GG,TC,CC,CC,TT,CN,CC,CG,AA,GG,AA,AA,AA,AA,TA,CC,GA,TT,AG,TT,GG,TT,GG,TN,GG,AA,CC,TT,GA,AT,TT,NN,NC,AA,CT,AA,GG,GG,TC,CC,CC,GN,GG,GA,GG,TC,TT,GG,TT,AA,TA,TT,TT,CT,GG,CC,CC,CT,TT,TC,AA,GG,GA,CT,AG,CT,TC,AG,AG,NC,CC,AA,TC,GG,GG,TT,GA,CT,CC,GG,AA,GG,GT,CT,CC,CA,GN,CC,AG,GG,TC,TG,TT,AA,TT,TT
Italy,,,,NA20510,,TT,AA,TC,CC,NN,CC,GG,AA,AC,CT,TT,AA,CC,CC,CT,GN,GA,CC,GG,CT,GG,AA,CT,AA,AA,CT,AA,NT,AA,TT,CC,CC,CT,GT,AA,GA,TT,GG,AA,AA,CC,CC,GG,GG,GG,CC,CC,NN,CN,AA,CC,TC,NT,TT,TT,AG,CA,CT,CC,CC,GG,AA,AT,TT,CC,CG,GG,GG,GT,TC,TT,GG,CC,AA,TT,TT,AG,TC,GG,AA,GA,AN,CC,GG,CC,CC,TT,TT,GG,AA,CC,GG,CC,GA,TT,GG,TT,TT,CC,AC,CT,CT,AG,CC,CC,TT,TT,CT,TT,AA,CC,TT,GG,GG,AA,CC,CC,TT,CC,TT,TT,GG,GA,TT,CC,CC,TA,CC,CC,GG,AA,GG,AG,GG,GG,AA,TT,NN,GG,TT,AG,CT,GG,CC,NN,TT,GG,AA,CC,TT,GG,AA,CC,AA,NN,GA,TT,AA,CG,NG,CT,CC,CG,GN,AA,AA,GG,CC,TT,AA,TC,AA,AA,TT,TT,TT,TG,CT,CC,CT,GT,TT,AA,GG,AG,TT,GA,TT,CT,GG,AA,NC,CC,GG,TT,GA,TG,TT,GG,CT,CC,GG,AA,AA,TT,CT,CC,AA,NG,CC,GG,GG,CC,GG,TT,AA,TT,TT
Italy,,,,NA20511,,CT,AA,CC,CC,NN,CC,GG,NN,CC,CT,TT,GG,CC,CC,TT,GG,GA,CC,GG,CC,GG,AA,CT,AT,GA,TC,AG,TN,AA,TT,CG,CC,CC,GG,AG,AA,TT,GG,AA,AA,CC,CC,GG,NG,AA,TC,TT,NN,CN,AN,CC,CT,TN,TC,TT,AA,CC,CC,CC,AC,GG,AA,TA,TT,TT,GG,GG,AG,GG,CT,TT,GG,CC,AA,TT,TT,GG,CC,GG,AA,AA,NN,CC,GG,CC,TC,TT,GT,GG,AG,TC,GG,CC,GA,TT,GG,AT,TT,CC,AC,TT,CC,AG,CC,TT,CT,TT,CT,TT,AC,GG,CT,GG,GG,AG,TC,CT,TC,CC,TT,TT,GG,GG,CC,CC,CG,TA,CC,CC,CG,AA,AA,AG,GG,GG,AA,AT,NN,AG,GT,GG,CT,GG,TT,GG,NN,GG,GG,CC,TT,GG,TA,CC,AA,NN,AA,CC,AA,GG,GG,TC,CC,GC,GN,GG,GA,GA,TT,TT,AA,TC,GG,AA,TT,TT,TT,GG,CC,CC,TC,TT,TT,AA,GG,AA,TT,GG,CC,CT,GA,AA,NN,CC,AG,TT,AG,GT,TT,GA,CC,GC,GG,AA,GG,TT,TC,CC,CA,NN,CC,GA,GG,TT,GG,TC,AA,TT,TT
Italy,,,,NA20512,,TT,AC,CC,CT,NN,CC,GG,AA,CC,TT,CT,AA,CC,TC,CT,GN,GA,CC,AG,TT,AG,AA,TC,AT,AA,TT,AG,NN,AA,TT,CC,CC,TC,GG,AA,AA,TT,GA,AT,AA,CC,CC,GG,GG,AA,CC,TT,GN,NN,NA,TC,CT,TT,CT,TT,AA,CC,CC,CC,CA,GG,AA,TA,TT,CC,GC,GG,GG,TT,TC,TT,GA,CG,AG,TT,TA,GG,CC,GN,AA,AA,AN,CC,TG,CC,CC,TA,TT,GG,GA,CT,GG,CC,GG,TT,GG,AA,TT,GC,CA,TT,TC,GG,GC,CT,CC,GT,TT,TT,AA,CC,TT,AA,GG,AG,CC,CT,TT,CC,TT,TT,GG,GG,TC,TC,CG,TT,CC,CC,CC,AA,AG,AA,AG,AA,AA,AT,CN,GA,TG,GA,TT,GG,TT,GG,NT,GG,GG,CG,TT,GG,TA,CC,NN,NC,AA,CC,AT,GC,GG,CC,CC,CC,GG,GA,AA,AA,CT,TT,GA,TT,AA,TA,TC,TT,TT,GG,TT,CC,CC,TT,TT,AA,GG,GA,TT,GA,CC,CT,GG,AA,NC,CT,AA,TT,GG,TT,TT,AG,CC,CC,GG,AA,AG,TT,CC,GG,AA,NN,CC,AG,AG,CT,TG,TT,AG,CC,TT
Italy,,,,NA20513,,TT,AA,TC,TC,NN,CC,GG,AN,CC,TT,CT,AA,CC,CC,CT,NN,GA,CC,GG,CT,GA,AA,CT,AA,AA,TT,GA,TT,AA,TT,CG,CC,CC,GT,AA,AA,TT,GG,AA,AA,CC,TC,GG,GN,GA,CC,TT,NG,NN,AA,CC,TT,TT,TT,TT,AG,CA,CC,CC,CC,GG,AA,AT,TT,CT,CG,GG,GG,TG,TC,TT,GG,CG,AG,TT,TT,GA,CC,GG,AA,AA,AN,CC,GG,CT,CC,TT,TT,GG,AG,CC,GG,CC,GA,TT,GG,AT,TT,CC,CA,TT,TT,GG,CG,CC,TT,TG,CT,TC,AA,CC,TT,AG,GG,GA,CC,CC,TT,CA,TC,TT,GG,GA,CC,CC,CC,TT,CC,CC,CG,AA,AA,AA,GA,GA,AA,TT,CN,GA,TT,GA,TT,GG,CT,GG,TT,GG,GG,CC,TT,GG,TT,CC,NN,NC,AA,TT,AT,CC,NN,CC,CC,CG,GG,GA,AA,AA,TC,TT,AA,CT,AA,AT,TT,GT,CC,TT,CC,CC,CC,TT,CC,AA,GG,GA,TT,AG,CT,CT,GG,AA,NN,TC,AA,TC,GG,GG,TT,GG,CT,CC,GA,AC,GG,TT,CC,GC,AC,NG,CC,GG,GG,TT,TG,TT,AA,TT,TT
Italy,,,,NA20514,,TT,AA,CC,CT,NN,CT,GA,NA,AA,TT,TT,AA,CC,CC,TT,NN,AA,CC,GG,CC,AG,AA,TT,AA,GA,TT,GG,TT,AA,TT,GC,CC,CC,GG,AA,AA,TT,GA,AT,AG,CT,CC,GG,NG,GA,CC,CT,NN,NN,AA,CC,TT,TT,TT,TT,AA,CC,CC,CC,AC,GG,TA,AT,CC,CT,CC,GG,AG,GT,CT,TT,GG,CG,AA,TT,TT,GG,CC,NG,AA,GA,AN,CT,TG,CC,CC,TT,TT,GG,AG,CC,AG,CC,AG,TT,GG,TT,TT,CC,AC,TT,TC,GA,CC,CC,TT,TT,TT,TT,AA,GC,TT,GG,GG,GG,CC,CT,TT,CC,CT,TT,GG,GG,CC,CC,CG,TA,CC,CT,CG,AA,GA,AA,GA,GA,AA,TT,NN,GA,TG,GG,TT,GG,CC,GG,NN,GG,AA,CC,TT,AA,TA,CC,AA,NN,AA,CC,AA,CC,GG,CC,CC,GC,GG,GG,AG,AA,CC,TT,GG,CT,AA,TT,TT,TG,CT,GT,CC,CC,CC,TT,TT,AA,GG,GG,CT,GA,CC,CT,GA,AA,NN,CC,AA,CT,AA,GG,TT,GG,CC,CG,GA,AA,GA,GG,CC,CC,CC,GN,CC,GG,GG,CT,TG,TT,AA,TT,TT
Italy,,,,NA20515,,CT,AA,TC,CC,NN,CC,GG,AN,CC,TT,TT,GG,CC,TC,TT,GG,GA,CC,GG,CC,GG,GA,TT,AA,AA,CT,AA,TN,AA,TT,CC,CC,CC,GT,GA,AA,AT,AG,AA,AA,CC,CC,GG,NN,AA,CC,TC,NN,CN,AA,TC,TT,TT,CT,TC,AA,CC,CC,CT,CA,GG,AA,TT,CT,CC,GG,GG,GG,TT,TT,TT,GG,CG,AG,TT,TT,GG,CC,GG,AA,AG,NN,TT,TT,CC,TT,TA,TT,AG,AA,CC,GG,CC,GG,TT,GG,TT,TT,CC,CA,TT,CT,GG,GC,TT,CC,TT,TC,TC,AA,CC,TT,GG,AG,AA,CC,TC,TC,CC,TT,TT,GG,GG,TT,TC,GC,TT,CC,TC,GG,GG,AA,AA,GA,GA,AA,TA,CN,GA,TT,GG,TT,AA,CT,GN,TT,TG,AG,CG,TT,GG,AT,CC,AA,NN,AG,CC,AT,GC,NG,CC,CC,CC,GG,GG,AA,GA,CT,TT,AG,TT,AG,AT,TT,GG,CT,TG,CT,CC,CC,TT,TT,AA,GG,GA,TT,GA,CC,CC,AG,GA,NC,CC,GA,CT,GG,GG,TT,GA,CC,CG,GG,AA,GG,TT,CC,CC,AA,NG,CG,AG,AG,CC,TT,TC,AA,CT,TT
Italy,,,,NA20516,,TT,AA,CC,TC,NN,CC,GG,AA,CC,TT,CC,GG,CC,CC,CC,NG,GA,CC,GG,CC,GG,GA,CC,TA,AG,TT,AA,TN,CA,TT,CC,CC,TC,TG,AA,AA,TT,AG,AA,AA,CC,CC,GG,GG,GA,TC,TT,NN,NN,AA,CC,TT,NT,CT,CC,AA,CC,CC,TC,AA,GA,AA,AT,TT,CT,GG,GG,GG,TG,CC,TT,GG,CG,AG,TT,TT,GG,CT,GG,AA,GA,NA,CT,GT,CT,CT,TT,TT,GG,AA,CT,GG,CC,GG,TT,GG,AA,TT,GC,CA,TT,TC,GG,CC,CT,TC,GT,TC,TT,CC,GG,CC,AG,GG,GA,CC,TC,TT,AC,TT,TT,GG,GG,CC,TC,CC,AT,CN,CC,CG,AA,GG,GA,AA,AA,AA,TA,CC,GG,TG,GG,CC,GG,CT,GG,TT,TG,AA,GG,TT,AG,TT,CC,NA,CN,AA,CC,AT,CC,NG,CC,CC,CC,GG,GG,AA,GA,CC,TT,AA,CT,GA,TT,TC,GT,CT,GG,TT,CC,CC,GT,TC,AA,GG,GA,TT,AG,CC,CC,GG,AA,NN,TC,GA,TT,GG,GG,TT,GG,CT,CC,GG,AA,GG,TT,CT,CC,AA,GN,CG,AG,GA,CT,TG,TT,AA,TC,TT
Italy,,,,NA20517,,TC,AA,CC,TT,GN,CC,GA,AA,CC,TT,CT,GA,TC,CC,CC,GG,AG,GC,GG,TC,GG,AA,TT,AA,AG,TT,AG,NN,AA,TT,CC,CC,CC,GT,AG,AA,TT,GG,AT,AG,CT,CC,GG,GG,GG,TC,TC,NN,NN,AA,CT,TT,NT,TT,TT,AA,CC,TC,CC,CC,GG,AA,TA,TT,CT,CG,GG,GA,TG,TC,TT,AG,CC,AA,TT,TT,GG,CC,GG,GA,AA,AN,CC,GG,CC,TC,TT,TT,GG,AG,CC,GG,CC,GG,TT,GG,TT,TT,GC,AC,TT,TC,GG,GC,CT,TC,TT,TC,TT,AA,CG,TT,GG,GG,GA,CC,TT,TC,CC,TT,TT,AG,GG,TC,TC,CC,TT,CN,TC,GC,AA,AA,AA,GA,AA,AA,TA,NN,GA,TT,GG,CT,GG,TT,NG,TT,GG,GA,CG,TT,GG,TA,CT,AA,NN,GG,TC,TA,CC,NG,TC,CC,GC,GG,GG,AA,AA,CC,TT,GA,TC,AA,TT,TT,TT,TC,GG,CT,CT,CC,GT,CC,AA,GG,GG,TT,GG,CC,CC,GG,GG,NN,CC,AA,CC,AG,TG,TT,GG,CC,CC,AG,AA,AG,GG,TC,CC,AA,NN,CC,GG,GA,TT,GG,TT,GA,TT,TT
Italy,,,,NA20518,,TT,AA,CC,CC,NN,CC,GA,AN,CC,TT,TC,AA,CC,CC,CT,GN,GA,CC,GG,CC,GG,AA,TT,AT,AA,TT,AA,NN,AA,TT,CC,CC,CC,GG,AA,AA,AT,AG,AT,AA,CC,CC,GC,NG,AG,CT,TT,NN,NN,AA,CC,CT,TT,TT,TT,AG,CA,CT,CC,CC,GG,AA,AT,TT,TC,CG,GG,AG,GT,CC,TT,GG,CC,AA,TT,TA,GG,CT,GG,AA,GG,NN,CC,GG,TC,TC,TT,TT,GG,AA,CT,GG,CT,GG,TT,GG,AT,TT,CG,AC,TC,CT,GA,CC,TC,CC,TT,TT,TT,AA,GC,TT,GG,GG,AA,CT,CC,CT,CC,TT,NT,GG,GG,TT,CT,CC,TT,CN,CC,GG,AA,GA,AA,GG,GG,AA,TT,NC,GG,TT,GG,CT,GA,TT,GG,TT,GG,GG,GG,TT,GG,TT,CC,NA,NN,GG,CC,AT,CC,GG,CC,CC,GC,GN,GG,AA,AG,TC,TT,AG,TT,AA,TT,CT,GG,CT,TG,TT,CT,CT,TT,TT,AA,GG,GG,TT,GA,CC,CT,GG,GA,NN,CT,GA,TT,AA,GG,TT,GG,CC,CG,GG,AA,GG,TT,CC,CC,CA,GN,CC,AA,GA,CT,GG,TT,GA,TT,TT
Italy,,,,NA20519,,CT,AA,CC,CC,NN,CC,AG,AN,CA,TT,CC,GG,CC,CC,CT,GN,GG,CC,GG,CT,GG,AA,CT,AA,AA,CC,AA,TT,AA,TT,CC,CC,CC,TG,AA,GA,TT,AA,AA,AA,CC,CC,GG,GG,AG,CC,TT,GN,NN,NA,CT,TT,TN,TT,TC,AA,CC,CC,CC,AC,AG,AA,AT,TT,TC,GG,GG,AG,GT,CC,CT,AG,CC,AA,TT,TT,GG,CT,GG,AA,AA,NA,CC,GT,CC,CC,TT,TT,GG,GG,CC,GG,CC,GG,TT,GG,AT,TT,GC,CC,CT,TT,GG,CC,CC,TC,TT,TT,TC,AA,GC,TT,GG,GG,GA,CC,CC,TT,AC,TT,TN,GG,GG,CC,CC,CC,TT,CC,CC,CG,AA,AA,AA,GA,AG,AA,TA,CC,GA,GG,GG,CC,GG,TT,NG,TN,TG,GA,GG,TT,GG,TA,CC,NA,CN,AA,TC,TT,GG,GG,CC,CC,GC,GG,GG,AG,GG,TC,TT,AA,TC,AG,AT,TT,GT,CT,GT,CC,CC,TC,TT,CT,AA,GG,AG,TT,AG,CC,TT,GG,AA,CN,CT,AA,TT,GG,GT,TT,AG,CT,CC,GG,AA,GG,TG,TT,GC,AA,GN,CC,AA,AG,TT,GG,TT,AA,CC,GT
Italy,,,,NA20520,,CT,CA,CC,CC,NN,CC,AA,NN,AC,TT,CC,AG,CC,CC,CC,GN,GG,CC,AA,TC,AG,AA,TT,AA,AG,TT,AA,NN,AA,TT,CC,CC,TT,TG,AG,GA,TT,GG,AA,AA,CC,CC,GG,GG,AG,CC,TT,NG,CN,AA,CT,TT,TT,TT,CC,AA,CC,CC,TC,AA,GA,AA,TT,TT,CC,GG,GG,GA,GT,CC,TT,GG,CG,AA,TT,TT,GG,CC,GG,AA,GA,NN,CT,GT,CC,TT,TA,TT,GG,AA,CC,GG,CC,GG,TT,GG,AT,TT,CC,AA,TT,TC,GG,CC,TC,TT,TG,CT,CC,AA,CG,TC,GG,GG,AA,CC,CT,TC,CC,TT,TT,GG,GG,CC,CC,CG,TT,CC,CC,GG,AA,AG,GA,GG,AA,AA,TT,CN,AG,TT,AG,TT,GG,TC,GG,NN,GG,AA,GG,TT,GG,TT,CC,AA,NN,GA,TT,AA,GC,NG,CC,CC,GC,GG,GA,AA,GG,CC,TT,GA,CT,AG,TA,TT,TT,CT,TG,CC,CC,CC,GT,CT,AA,GG,GA,TT,AG,TC,CT,GG,GA,NC,CC,AG,CT,GG,GG,TT,GA,TC,GG,GG,AA,GA,GG,CC,CC,AA,NN,CC,GG,GG,TC,TG,TT,AA,CT,TG
Italy,,,,NA20521,,TC,AA,CT,TC,NN,CC,GA,AA,CC,TT,TC,GG,TC,CC,TT,GG,AG,CC,GG,CT,GA,AA,TT,AA,AA,CC,AG,TT,AC,TT,CG,CA,CC,TG,AA,AA,TT,GG,AA,AA,CC,CC,GG,GG,GA,CC,TT,NG,CN,NA,CC,TC,TT,TT,CT,AA,CC,CC,TT,AA,GG,AA,TT,TT,CC,CG,GG,GA,TG,CC,TT,GG,CC,AA,TT,TT,GG,CC,GG,AG,AA,AA,CT,GT,CT,TT,TT,TT,GA,GG,CC,GG,CC,AG,TT,GG,AT,TT,CC,AA,TT,CC,GG,GC,CC,CT,TG,TT,TT,CA,CC,TT,AG,AG,AA,CC,TT,TT,CA,TT,TT,GG,GG,CT,CT,GC,TA,CC,CC,CG,AA,AG,AA,GG,AA,AG,TT,NN,GA,TT,GG,TT,AG,TC,GN,NT,TT,GA,GG,TT,GA,TT,CC,AA,CN,AA,TC,AA,CC,GN,CC,CG,CG,GG,GG,AA,AA,CC,TT,AA,TT,GG,AT,TT,TG,TT,GG,TC,TT,CC,TT,TT,AA,GG,GG,TC,GG,CC,TT,GG,AG,NN,CC,GG,TT,AG,TG,TT,GG,CC,GC,GG,AA,GG,TG,CC,CC,AA,NN,CC,GG,GG,TT,GG,CT,GA,TT,TT
Italy,,,,NA20522,,TT,AA,CC,TC,NN,TC,GA,AN,CC,TT,CC,AG,CC,CC,CC,GG,AG,CC,GG,CC,GG,AA,TT,TA,AG,CC,AA,NN,AA,GG,GC,AC,CC,GT,AA,AA,TA,GA,AA,AA,CC,CC,GG,GG,AG,CC,TT,GN,NN,AA,CC,TT,NT,TT,TT,GA,AC,CC,CC,CA,GG,AA,TT,TT,TT,GG,GG,GA,TT,TC,TT,GG,CC,AA,TT,TT,GG,CC,GG,AA,GA,NA,TT,TT,TT,CC,TA,TT,GG,AG,TC,GG,CC,GG,TT,GG,TT,TT,CC,CA,TT,TT,GG,GC,TT,CC,TT,CT,TT,AA,GG,TT,GG,GG,AA,CC,TT,TT,CC,TT,TT,GG,AG,TT,CC,GC,TT,NC,CC,GC,AA,AG,AA,GG,AA,AA,AT,NN,GG,GT,GA,CC,GG,TT,NG,TN,TG,GA,CG,CT,GG,TA,CC,AA,NN,AA,CC,TT,GG,NN,TC,CC,CC,GG,GG,AA,AA,CC,TT,GG,TT,GA,TT,CT,TT,TC,GG,CC,CC,CC,TT,TT,AG,GG,GG,TT,GG,CC,TT,GA,AG,NN,TT,AG,TT,AG,GG,TT,GA,CC,CC,GG,AA,GG,TG,TT,CC,AA,GN,CC,AG,GG,CT,TG,TT,AA,TT,TT
Italy,,,,NA20524,,TT,AA,CC,CC,NN,CT,GA,AN,CC,TT,CT,AG,CC,CC,TT,NN,AG,CC,GG,CC,GG,GA,TT,TA,AA,TT,AG,TN,AA,TT,CG,CC,CT,GG,GA,GA,TT,GG,AA,AA,CC,CC,GG,NN,AG,CC,TT,NG,NN,NN,TC,CT,NT,TT,TT,AG,CA,CC,TC,AA,GG,AT,TT,TT,TC,GC,GA,GG,GG,TT,TT,GA,CC,AA,TT,TT,GG,CC,GG,AA,GA,AA,TT,TT,CC,CT,TT,TT,GG,AG,CC,GG,TC,GG,TT,GG,TT,TT,CC,AC,TT,TC,GA,CC,TC,CT,TT,TC,TT,AA,GC,CT,GG,GG,GA,CC,CC,TT,CC,TT,TT,GG,GG,CC,CC,CC,TT,NN,TC,CC,AA,GG,AA,GA,AG,AA,TT,NN,GG,TT,GG,TT,GG,CC,NG,TT,TG,GA,GG,TT,GG,TT,CC,NA,NN,AA,TC,AA,GG,NG,CC,CC,GC,GG,GG,GA,AA,CC,TT,AA,TC,GA,AT,TT,TT,TT,GG,TC,CC,CC,TT,TT,GA,GA,AG,TT,AG,CC,TT,AG,GA,NN,TC,AA,TT,GG,GG,TT,GG,CC,GG,GG,AA,GG,GG,CC,CC,CC,GN,GC,AG,GA,CT,GT,CT,AA,CC,TG
Italy,,,,NA20525,,TC,AC,TC,CC,NN,TC,GA,NN,CA,TT,TC,AG,CC,CC,CT,NG,AA,CC,GA,TC,GG,AA,TT,AA,AA,TC,AA,NN,AA,GT,CC,CC,CC,GG,AA,AA,TT,GA,AA,AA,CC,CT,GG,NG,AG,CC,TT,NG,NN,NA,TC,TC,TT,TT,TT,AA,CC,CC,CC,AC,GG,AA,TA,CT,CT,CC,GG,GG,TT,CC,TT,GG,CC,AA,TT,TT,GG,CC,GG,AA,AG,NA,CC,GG,CC,CT,AA,TT,GA,GG,TC,GG,CC,GG,TT,GG,AT,GT,CC,AA,TT,CC,GG,CC,TC,CC,TT,CT,TC,AA,CG,TT,GG,AG,GA,CT,TC,TC,CC,TT,TT,GA,AA,TT,CT,CC,TT,CC,CC,GG,GA,GA,AA,GG,AA,AG,TT,NN,GG,TT,GG,TT,GG,TT,GN,NT,TG,AA,GG,TT,AG,AT,CC,NA,CN,AG,CT,TT,GG,GN,CC,CC,CC,GG,AA,AA,GA,CC,TT,GG,TT,GA,TT,TC,TT,TC,GT,TC,CC,CC,GT,TC,AA,GG,AG,TC,GA,CC,CT,GG,AA,NC,TT,GA,CC,AG,TG,TT,GA,CC,GG,GG,AA,AG,GT,CC,CG,AA,NG,CC,GG,GG,CC,GG,TT,AA,TT,TT
Italy,,,,NA20527,,TT,CC,CC,CC,NN,TC,GG,AA,CA,TT,CT,GG,CC,CC,TC,GG,AG,CC,AG,CC,GG,AA,CT,TA,AG,TT,AG,TT,AA,TT,CG,CC,CC,TT,AA,GA,TT,AA,AA,AA,CC,CC,GG,GG,GA,CC,TT,NG,NN,NA,TC,TT,TT,TT,TT,AA,CC,CC,CC,AC,GG,AA,TA,CT,CC,GG,GG,GG,GT,TC,TC,GG,CC,AA,TT,TT,GG,CC,GG,AA,AA,NA,CT,TT,CC,CT,TT,TT,GG,GA,CC,GG,CC,GA,CT,GG,TT,TT,CG,CA,TT,TC,GG,CC,CT,CC,TT,CT,TT,AC,CC,TT,GG,GG,GG,CC,CT,TT,CA,TT,TT,GG,GG,CC,CC,CC,TT,CN,CT,CG,AA,GA,AA,GG,AA,AA,TT,CC,GG,GT,GG,CT,GG,TT,NN,TT,GT,AG,GG,TT,GG,TA,CC,NA,NN,AA,TC,AA,CC,NG,CC,CC,GG,NG,GG,GA,GA,CC,TT,AG,TT,AA,TT,TC,TT,TC,GG,TT,TC,CC,TT,TT,AG,GG,AA,CT,GG,CC,TT,GG,GA,NC,CC,GA,TT,AG,GT,TC,GA,TC,GC,AG,AA,GA,GT,CC,CC,AA,NN,CC,GA,AG,CT,GG,TT,AA,TC,TT
Italy,,,,NA20528,,CT,AA,TC,TC,NN,CC,GG,AA,CC,TT,TT,GG,CT,CC,CC,GG,AA,CC,AG,CT,GA,AA,TT,AA,AA,CT,AA,TN,AA,TT,CC,AA,TC,TT,AA,AA,TT,GG,AA,AA,CC,CC,GG,NG,AA,CC,TT,GN,NN,AN,CT,TT,NT,TT,TT,GA,AC,CC,CC,AC,GG,AA,AT,TT,CC,GG,GG,AG,TG,CC,TT,GG,GG,AA,TT,TT,GG,CC,GN,AA,GG,AA,CC,GG,CC,CT,TT,TT,GG,AA,CC,GG,CC,GG,TT,GG,TT,TT,CC,AA,TT,CT,GG,CG,CC,TC,TT,TT,TT,AA,GC,TT,GA,GG,AA,CC,CC,TT,CA,TT,TT,GG,GG,CT,CT,GC,TA,NC,CC,GC,AA,AA,AA,AG,AA,AA,TT,NC,GG,TT,GG,TT,GG,TT,NG,TT,GG,GA,CC,TT,GG,TT,CC,AA,NN,AA,CC,TT,CG,GG,CC,GC,GG,GG,GG,AA,AG,CC,TC,AG,TT,AA,TT,TT,TT,CC,TG,CT,CC,CC,TT,TC,AA,GG,GG,TC,AG,CC,TT,GG,AA,CN,CC,AA,TT,GG,GG,TT,GA,CC,GG,AA,AA,GA,TT,CC,GC,AA,NG,CC,GG,GG,CC,GG,TT,AA,TC,TT
Italy,,,,NA20529,,CT,AA,CT,TC,NG,TC,GG,NA,CC,TT,CT,AG,CC,CT,CC,NG,GA,CC,GG,TC,GG,AA,CT,TA,AA,TT,AA,TT,AA,TT,CC,CC,CT,TG,AG,AA,TT,GG,AA,AA,CC,CC,GG,GG,GG,CT,TT,NN,CC,AN,TC,TT,TT,TT,CT,AA,CC,CC,TC,CC,GG,AA,TT,TT,CC,GC,GG,GA,TG,CT,TC,GA,GC,AA,TT,TT,GG,CC,GG,AA,GG,AA,CC,TG,CC,CT,AT,TT,GA,GA,CC,GG,CC,AG,TT,GG,TA,TT,CG,AA,TT,CT,GG,CG,TC,CT,GT,TC,TT,AA,GG,TT,GG,GG,AA,CC,CC,TT,CC,TT,TT,GG,GG,TT,TT,CC,TA,CC,CC,GG,GA,AA,AA,GA,GA,AA,AT,CN,AA,TT,GG,TT,GG,TT,GG,TT,GG,GG,GG,TT,GG,AA,TC,AN,NC,GG,TT,AA,GG,GG,CT,CC,CG,GG,GG,AA,AG,CC,TT,AA,TC,AA,TT,CT,TT,TC,GG,CC,CC,CT,TT,TT,GA,GG,GG,CC,GG,CT,TC,AG,AA,CN,CT,AG,TT,GA,TG,TC,AA,CT,CG,AA,AA,GG,TG,CC,CC,AC,GN,GC,AG,AG,TT,GG,TT,AA,TT,TT
Italy,,,,NA20530,,TT,AC,CT,CT,NN,CC,GG,NN,CA,TT,CT,GA,CC,CC,TC,GN,AG,CC,GG,CT,GA,AA,TT,TA,AA,TT,AG,NN,AA,TT,GC,CA,CC,GT,AA,AA,TT,AG,AA,AA,CC,CC,GG,GN,GA,CC,TT,NN,CN,NA,TT,TT,TT,TT,TT,AA,CC,CC,CC,AA,GG,AA,AT,TT,CC,CG,GG,GA,TT,CC,TT,GG,CG,AA,GT,TT,GG,CC,GG,AA,AG,AA,CC,GT,CC,TC,TT,TT,AG,GA,CC,GG,CC,GA,TT,GG,AT,TT,CC,CA,TT,CT,GG,CC,TT,CC,TT,TT,TC,AA,GG,TT,GG,GG,GG,CC,TT,TC,CC,CT,TT,AG,GG,CT,CT,CC,TA,CC,CC,GC,AA,GG,AA,GG,AG,GA,TT,CC,GG,TT,AG,TT,GG,TT,GG,TN,TG,AA,GG,TC,AG,TA,CT,AA,NN,AA,CC,AA,GC,NN,CC,CC,CC,GG,GG,AA,GG,CC,TT,AG,CC,AA,TA,TC,TT,CC,TG,CC,CC,CC,TT,TT,AA,GG,GG,TT,GG,TC,TT,GA,AG,NN,CC,GA,TT,GG,TG,TT,GG,CC,CC,AG,CA,GG,TT,CC,CC,CA,NG,CC,AA,GG,CC,TT,CT,AA,TT,TG
Italy,,,,NA20531,,TC,AA,CC,CT,NN,CC,GG,AN,CC,TT,TT,GA,CC,CC,TC,GN,GG,CC,GG,CC,GG,AA,CT,TT,AG,TC,AA,NN,AA,TT,CC,CC,TC,TT,AA,AA,TT,GA,AA,AA,CC,CC,GG,GN,GG,CC,TT,GN,CN,NA,TC,TT,TT,TT,TC,AA,CA,CC,CT,CA,GG,AA,TA,TT,CC,CG,GG,AG,GT,CT,TT,GG,GG,AA,TT,TA,GG,CC,GG,AG,AA,AA,CC,TG,CC,CC,TT,TT,GG,AA,CC,GG,CC,GG,TT,GG,TT,TT,CC,AA,TC,TT,GG,CC,CT,TC,TT,CT,TT,CA,CC,TT,GA,GG,AG,CC,CC,TT,AC,TT,TN,GG,GG,CC,CC,CC,TT,CC,CC,CG,AA,GA,AA,GA,GA,AA,AA,NC,AA,GT,GG,TT,GG,TT,NG,TN,GG,GG,CC,TT,GG,AA,TC,AA,NN,AG,TC,AA,CC,GG,CC,CC,GG,NG,GG,AA,GA,TC,TT,GA,TT,AA,TT,TT,TT,TT,GT,CC,CC,CC,TT,TT,AA,GG,GA,CT,GG,TC,TT,GG,AA,NC,TC,GG,TT,GG,GT,TT,AG,CC,CG,GG,AC,GG,GT,CC,GC,CA,NN,CC,GG,GG,CT,TG,TT,AA,TT,TT
Italy,,,,NA20532,,TC,AA,TT,CT,NN,CC,GA,AN,CC,TT,CT,AA,CC,CT,CC,GG,GA,CC,GG,CC,GG,AG,TT,AT,GA,TC,GG,NN,AA,TT,GC,CA,CC,TT,AA,AA,TT,GG,TA,GA,TC,CC,GG,GG,GA,CC,TT,GN,NC,AN,CC,TT,TT,TT,CT,AA,CC,CC,CC,CC,GG,AA,TT,TT,CC,GC,GG,AA,GG,TT,TT,GG,CG,AA,TT,TT,GG,CC,NG,AA,AA,NA,CC,GG,CC,CT,TT,TT,GG,GA,CC,GG,CC,GA,TT,GG,TT,TT,CC,AA,TT,TC,GG,CC,CC,TT,TG,CT,TT,CC,GG,TT,GG,GG,GA,CC,CC,CT,CA,TT,TT,AG,GG,CC,CC,CC,AT,CC,CC,CC,AA,GG,AA,GG,GA,GA,TT,CN,GG,TT,AG,TC,GG,TC,GG,NT,GG,AA,GG,TT,GG,TT,CC,AA,NN,AA,TT,AA,GC,GG,TC,CC,CC,GG,GG,AA,GA,CT,TT,AA,TC,AA,TT,TT,TT,TC,GG,TC,CC,CC,TT,TT,AA,GG,AG,TC,GG,CC,TC,GA,AA,NN,TT,GA,TT,GG,TG,TT,GG,CC,CC,GG,AA,GA,TT,TC,CC,AC,NN,CC,GG,GG,CC,GG,TT,AA,CC,TT
Italy,,,,NA20533,,TT,AA,TC,CC,NN,CT,AG,AN,AA,TT,CT,GG,CC,CC,TT,GG,AG,CC,GG,CC,GG,AA,TT,AA,AG,TC,AA,NT,AA,TT,CC,CC,CT,TT,GG,AA,TA,GA,AT,AG,CT,CC,GG,GG,GA,CC,CT,NN,CN,NN,CC,TT,NN,CC,TT,AA,CC,CC,TC,AC,AG,AA,TA,TT,CT,CG,GG,AG,TG,CT,TT,GG,CC,AA,TT,TT,GG,CC,GG,AA,AA,AN,TC,TG,CC,TC,TT,TT,GG,AA,CC,GA,TC,GG,TT,GG,TT,TT,CC,AC,TT,CC,GG,GC,CT,CT,TG,TT,TC,AA,GG,CT,AG,GG,AA,CT,CT,CT,CC,CT,TT,GG,GG,TT,CC,CC,TT,CC,CC,GC,AA,AA,AA,GG,AG,AA,TT,CC,GG,TT,GG,TT,GG,CC,NN,TT,GG,AA,GG,TT,GG,TA,CC,AA,NN,AG,TC,AT,GG,NN,CC,CC,GC,GG,GG,AA,AA,CC,TT,AA,TT,AG,TT,CT,TT,CC,GG,CC,CC,CT,TT,TT,AA,GG,GG,TT,AG,CC,TT,GG,AA,NN,CT,AA,TT,GG,GG,TT,GG,CC,CC,AG,AC,GG,GT,CC,CC,AA,NN,CC,AG,AG,TC,GG,TT,AA,TC,GT
Italy,,,,NA20534,,TT,AA,CC,CT,NG,CC,GA,AN,AC,TT,CC,AA,CC,CC,TC,GG,AG,CG,AG,TC,AG,AA,TC,TA,GA,CT,AA,TT,AA,TT,CG,CC,CT,GG,AA,AA,TT,GA,AA,AA,CC,CC,GG,NN,AG,CC,TT,GN,CC,NA,CC,TC,TT,TC,TC,AA,CC,CC,CT,CA,GG,AA,TA,TT,CC,CG,GG,GG,GT,CC,TC,GG,CC,AA,TT,TT,GG,CC,GG,AA,AA,AA,CC,GG,TC,CT,AT,TT,GG,AG,CC,GG,CC,GG,TT,GG,AT,TT,GC,AC,CT,TC,GG,CC,CT,TC,TT,TT,CC,AA,CG,TT,GG,GG,AA,CC,CC,TT,CC,TT,TT,GG,GG,CC,CC,CC,TT,CC,CC,GC,AA,AA,GA,GG,AA,GA,TT,CC,GG,GT,GA,TT,GG,TT,GG,NT,GG,AA,CC,TT,AG,TA,CC,NA,NN,AA,TT,AA,CG,NN,CC,CC,CC,GG,GG,GG,AA,CC,CT,GA,TC,AG,AA,TT,TT,TT,GT,CC,CC,CC,TT,CT,AA,GG,GA,TT,AG,CT,CC,GG,GA,CN,CC,AA,TC,AG,GG,TC,GG,TC,CG,AG,AA,AA,TT,CC,CG,AA,NN,CC,GG,GG,CT,TT,TC,AA,TT,TT
Italy,,,,NA20535,,CT,CA,CC,TC,NN,CT,GA,NN,CA,TT,CC,GG,CC,CC,TT,GN,AG,CC,GG,TC,GG,AG,TT,AA,AA,CT,AA,TT,AA,TT,CC,CC,CC,GT,AA,AA,TA,GA,AA,AA,CC,CC,GC,GN,GA,CC,TT,NG,NN,AA,CT,TC,TT,TT,CT,AA,CC,CC,CC,CC,GG,AA,TT,CT,TC,CC,GG,GA,TG,CT,TT,GG,CG,AA,TT,TT,GG,CC,NG,AA,AA,AA,CC,GG,CC,TT,AA,TT,AG,GA,CC,GG,CC,GG,TT,GG,AT,TT,CC,AA,TT,TC,GA,CG,CT,CC,TT,TC,CC,AA,CG,TT,AG,GG,AA,CC,TC,TT,CA,TT,NT,GG,GG,CC,CC,CC,AT,CN,CC,GG,AA,GG,AA,GG,GA,AA,TT,NC,GG,TG,GA,TT,GG,TT,NG,TN,GG,GA,GC,TT,GG,AA,CT,NA,NN,AG,CC,TA,GG,NN,CC,CC,CC,GG,GG,AG,AG,CT,TT,AA,CT,AA,AT,CT,TT,TC,TT,CC,CC,CC,GT,TC,AA,GG,GG,TT,GG,CC,TC,GG,AA,NN,CC,AA,TT,GG,GG,TT,GG,CC,GC,GA,AA,GG,GT,CC,CC,CC,NG,CC,AA,GA,CT,GT,CT,AA,TT,TT
Italy,,,,NA20536,,TC,CA,CC,CC,NN,TC,GG,NN,CA,TT,CC,AG,CC,CC,CT,GN,AG,CC,GG,CC,GG,AA,TT,AT,AA,CC,AA,NT,CA,TT,GC,CA,CC,GG,AG,AA,TT,GA,AA,AA,CC,CC,GG,GG,GA,CC,TT,NG,CC,AA,TC,TC,TT,CT,TT,GA,AC,TC,CT,AA,AG,AA,TT,TT,CC,GG,GG,AG,GG,TC,TT,GG,CC,AA,TT,TT,GG,TC,GG,AA,AA,AA,CC,GT,CT,CT,TT,TT,GG,GG,CT,GG,CC,GG,TT,GG,AA,TT,CC,CC,TT,TC,GG,CC,TC,CT,TT,CT,TC,AA,CC,CT,GG,GG,GG,CC,CC,TT,AC,TT,TT,GG,GG,CC,CC,CC,TT,CN,CT,GG,AG,AA,AA,GA,AA,AA,AT,NN,GA,GT,AG,TT,GG,CT,NG,TT,GG,GG,GG,TT,GG,TA,CC,AA,NN,GA,TC,AA,GG,NG,CC,CC,CC,GG,GG,GA,GA,TC,TT,AA,TT,AA,TT,TT,TT,CT,TT,CC,CC,CT,TT,TT,AA,GG,GG,CC,GA,CT,TC,GG,AA,NN,CT,AA,TT,GA,GT,TT,GG,CC,CG,GG,CA,GG,TT,CC,CC,CC,GG,CC,GG,GA,CC,GG,TT,AA,TT,TT
Italy,,,,NA20538,,CC,AA,CC,TT,NN,CC,AG,AA,CC,TT,TC,GG,CC,CC,TC,NN,GA,GC,GG,TC,GG,GA,CT,TA,AA,CC,GG,NN,CA,TT,CG,CC,CC,GG,AG,AG,AT,GG,AT,AG,CT,CC,GG,GG,GG,CC,TT,GN,NN,AA,CT,TT,TT,TT,CT,AA,CC,CC,TC,AA,GG,AA,TT,TT,CC,GG,GG,AG,GT,TT,TT,AG,CG,GG,TT,TT,GG,CC,GG,GA,AG,NN,CT,GT,CC,TT,TA,TT,AG,GA,CC,GG,CC,GG,TT,GG,TT,TT,CC,CA,TT,TC,AG,CC,TC,CT,TT,TC,TT,CA,CC,TT,AG,GG,AA,CC,TC,TT,CC,TT,NT,GG,GG,TC,CC,CG,TT,CC,CT,GC,AA,GA,AA,GG,AG,AA,TT,NC,GG,TT,GA,TC,GG,TT,NN,TT,TG,GG,GG,TT,GA,AT,CC,AA,NN,AA,CC,TA,GG,GG,TC,CC,CC,GG,GG,AA,AA,CC,TT,GA,TT,AA,TA,TT,TT,CT,TG,TT,CC,TC,TT,TC,GA,GG,GG,TT,AA,CC,TC,AA,AA,NC,CC,AA,TT,GG,TG,TT,AA,CC,CC,AG,AC,GA,GG,CC,CC,AA,GN,CC,GG,AG,TC,TG,TT,AA,TT,TT
Italy,,,,NA20539,,TT,AA,TC,TC,NN,TC,GG,NA,CC,TT,TT,GG,CC,CC,TT,GG,GG,CC,GG,CC,GG,AA,TT,AA,AA,TT,AA,NN,AA,TT,CC,CC,CC,TT,AA,AA,TT,GG,AA,AA,CC,CC,GG,NN,AG,CC,TT,GN,NN,AA,CC,CT,TT,TT,TC,AA,AC,TC,CC,CC,GG,AA,TT,CT,CT,GC,GG,GG,TT,CT,TT,GG,GC,AA,TT,AT,GG,CT,GG,AA,AA,AA,CC,GG,CC,TC,TT,TT,AG,AA,CC,GG,CC,GG,TT,GG,AA,TT,GC,AA,TT,TT,AG,CC,CC,TT,TT,CT,TT,AA,CG,TT,GA,GG,AA,CT,TC,TC,CC,TT,TT,GG,GG,CC,TC,CC,TT,CC,CC,CC,AA,GA,AA,GG,AA,AA,TT,CN,GG,TT,GA,TC,GG,TC,GG,TN,GG,AA,GG,TT,GG,AA,CC,NA,NN,AA,CT,AA,GC,NG,CC,CC,GC,GG,GG,AA,AA,CC,TT,GA,CT,GA,TA,CT,GG,TT,TT,CC,CC,CC,TT,TT,AA,GG,GA,CT,AA,CC,CT,GA,AA,NC,CC,GA,TT,AG,GG,TT,GG,CC,CG,GG,AA,GG,GT,CC,CC,CA,NG,CC,GG,GG,TT,GT,TT,AA,TT,TT
Italy,,,,NA20540,,TC,AA,CC,TC,NN,CC,GG,AA,CC,TT,CC,AG,CC,CC,CC,GG,GA,CC,AG,CT,GG,AA,TT,TA,GA,TC,GA,NT,AA,TT,CC,CC,CT,GG,AA,GA,TT,AG,AA,AA,TC,CC,GG,GG,GA,CC,TT,NG,CN,AA,CC,TT,TT,TT,TT,AG,CA,CT,CC,CA,GG,AA,TT,TT,TC,GG,GG,GG,TT,TC,TT,GG,CG,AA,TT,TA,GG,CC,GG,AG,GA,AA,CC,TG,CC,CT,AT,TT,AA,GA,CC,GG,CC,GG,TT,GA,TT,TT,GC,AA,TT,CT,GG,CC,CC,TT,TT,CC,TT,AA,GG,CT,GG,GG,AA,CC,TC,TT,CC,TT,TT,GG,GG,CC,CC,CC,TT,CC,CC,CG,AA,AA,AA,GG,AA,AA,TT,CC,GG,GT,AA,TT,GA,TT,NG,TT,GG,AA,GG,CT,GG,AT,CC,AN,NN,AA,TC,AA,GG,NG,CC,CC,CG,GG,GG,AA,GG,TC,TT,GA,TT,AG,TA,TT,GT,CT,GG,TT,CC,CC,TG,TT,AA,GG,AG,TT,GG,CC,TT,GG,AA,NC,TT,GA,CC,GG,GG,TT,GG,TC,GG,GG,AA,GG,GT,CC,CC,CA,GN,CC,GA,GA,CT,GT,TT,AA,TT,TT
Italy,,,,NA20541,,TC,AA,CC,TT,NN,TC,GA,NA,AC,TT,TC,GA,CT,CC,TC,NN,GG,CG,GG,TC,GG,AA,TT,TT,AA,TC,GA,NN,AA,TT,CG,AC,CC,GT,AA,AA,AT,GG,AA,AA,CC,CC,GG,GG,GA,CC,TT,NN,CC,AA,CT,TT,TT,TT,CT,AA,CC,CC,CT,AA,GA,AA,AT,TT,CT,CG,GG,AG,GG,TC,TT,GG,CG,AA,TT,TT,GG,CC,GG,AA,AG,NA,CC,GG,CC,CT,TT,TT,AG,AA,CT,GG,CC,GA,TT,GG,TA,TT,CC,CC,TT,CT,GG,CC,CC,CC,TT,TC,TT,CA,GG,TT,GA,GG,AA,CC,CC,TT,CC,CT,TT,GG,AG,CC,CC,CC,AT,CN,TT,GG,AA,GG,AA,AG,AA,GA,TT,NN,GG,TT,GA,TC,GG,CT,GN,TT,GG,GA,GC,TT,GG,AA,CC,AN,NN,AA,CC,TT,GG,NG,CC,CC,CC,GG,GG,AA,AG,TC,TT,AG,TT,AA,TA,TT,GT,TT,GG,CT,CC,CC,TT,TT,AA,GA,GG,TC,GG,CT,CT,GG,AA,CN,CC,AA,TT,GG,TG,TT,GG,CC,CG,GG,AA,GG,TG,CC,CC,AA,NG,CC,GG,GG,TT,GG,TT,AA,CC,TT
Italy,,,,NA20542,,CT,AA,CC,CT,NN,CT,GG,AN,CC,TT,CC,AG,CC,CC,TT,NG,GG,GC,AG,CC,GG,GA,TT,AA,GA,TT,GG,NN,AA,TT,CC,CC,CC,TT,AA,GA,TT,GG,AA,AA,CC,CC,GG,GN,AG,CC,TT,GG,CN,AA,CC,TT,TT,TT,TT,AA,CC,CC,CC,CA,GG,AA,TT,TC,CC,GG,GG,GA,GG,TC,TT,GG,GC,GA,TT,TT,GG,CC,GG,AA,AA,NA,CC,GG,CC,TT,AT,TG,GG,GG,CC,GG,CC,GG,TT,GG,TT,TT,CC,AA,TT,TC,GG,CC,CT,CT,TT,TC,CC,AA,GG,TC,GG,GG,AA,TC,CT,TT,AC,TT,NT,GG,GG,CC,CC,CC,TA,CC,CC,GG,AA,AA,AA,GG,AA,AG,TT,CC,GG,GG,GG,TC,GG,TT,GG,TN,GG,AG,GC,CT,GG,TT,TT,AA,NN,AA,TC,AA,CC,NG,CC,CC,GC,GG,GA,AG,AG,CC,TT,GA,TT,GG,TT,TT,TT,CT,GG,TC,CC,CC,TT,TC,AA,GG,AG,TC,GG,CT,TT,AA,AA,NN,CC,AA,CT,GG,GT,TT,GG,CC,GC,GG,AA,GG,GT,CC,CC,AA,NN,CC,GG,GA,TT,GG,TT,AA,TT,TT
Italy,,,,NA20543,,CT,AA,CC,TC,NN,CC,GG,NA,CA,TT,CT,AA,CC,CC,CT,NN,GG,CC,GG,CT,GG,AA,TT,AA,AA,TT,GA,NN,AA,TT,CC,CC,TC,GG,AA,AG,TT,AG,AA,AA,CC,CC,GG,NG,GG,CC,TT,GN,CN,AA,CT,CC,TT,TT,TT,AA,CC,CC,CC,AA,GG,AA,TT,TC,CC,CG,GA,AG,TT,CT,TT,GA,CC,AA,TT,TT,GG,CC,GG,AA,GA,NN,CT,GT,CC,TC,TT,TT,GG,GG,CC,GG,CC,GG,TT,GG,TT,TT,CC,CA,TT,CC,GG,CG,TC,CT,TT,CC,TC,AA,CG,TT,GG,GG,AG,CC,TT,TT,CC,CT,TN,GG,GG,CC,CC,CC,TT,NN,TC,GC,AA,GG,AG,GA,AG,AA,TT,NC,GG,TT,GG,CT,GG,TT,GN,TT,GG,GA,CG,TT,AG,TT,TC,AA,NN,GA,CC,TA,GG,NG,CC,CC,CC,GG,AG,AA,AA,CC,TT,AA,TT,AA,AT,TT,TT,CT,TT,CC,CC,CC,TG,TT,AA,GG,GG,TC,GG,CC,TT,GA,AA,CN,CC,AG,CT,GG,GG,TT,GG,TC,CC,GG,CA,GA,GG,CC,CC,AA,NG,CC,GG,GG,CC,GT,TT,AA,CT,GT
Italy,,,,NA20544,,CT,AA,CC,CT,NN,CC,GA,NA,CC,CT,CT,GA,CC,CC,CT,GN,GG,CC,GG,CC,GG,AA,TC,AT,GG,TT,AA,NN,AA,TT,CC,CC,CC,GG,AA,AA,TT,GA,AA,AA,CC,CT,GG,GG,GG,CC,TT,NN,NC,AA,CC,TT,TT,TT,TC,AA,CC,CC,CC,AA,GG,AA,AT,TT,CC,GG,GG,GG,TG,CC,TT,GG,CG,AA,TT,TT,GG,CC,GG,AA,AA,NA,CC,GT,CC,CC,TT,TT,GA,GG,CT,GG,CC,GG,TT,GG,AT,TT,CG,AC,CT,CC,GG,CG,CC,CT,TT,TT,TC,AA,GG,CT,AG,GG,AA,CC,CC,TT,CC,TT,TT,GG,GA,TC,TC,CC,TT,CN,CT,CG,AA,GA,AA,AG,GA,AA,TT,NC,AG,TG,GG,TC,GG,TT,GG,TN,GG,GG,CC,TT,GG,TA,CC,AA,NN,AA,CT,AA,GC,NN,CC,CC,CC,GG,GG,GA,GA,CC,TT,AG,TT,AG,TT,TT,TT,TT,TG,CC,CT,CC,GT,CC,AA,GG,GA,TT,GA,TT,CT,GG,AA,NN,TC,GA,TT,GG,TT,TT,GG,CC,CC,GG,AA,GA,GT,CC,CC,AA,NN,CC,AG,AG,CC,GG,TT,AA,TC,TT
Italy,,,,NA20581,,TT,AA,TC,CC,NN,CC,AG,AA,CC,TT,TT,AA,CC,TC,CC,GG,AA,CG,GG,CC,GG,AA,TT,AA,GA,TT,AA,NN,CA,TT,GC,CC,CC,GT,AA,GA,TT,AG,AA,AA,CC,CC,GG,NN,GG,CT,TT,NN,NN,AA,TC,TC,TT,TT,CC,AA,CC,CC,TC,AA,GG,AA,TT,TT,CT,CG,GG,GG,GG,CT,TT,GG,CC,AA,TT,TT,GA,CC,GG,AA,GA,AA,CT,GT,CC,TC,AA,TT,GG,AG,CC,GG,CC,GG,TT,AG,TA,TT,CC,AC,TT,TC,GG,CC,CT,CT,TG,TT,TC,AA,CC,TT,AA,GG,AA,CC,TC,TT,CC,TT,NT,GG,GG,CC,CC,CC,TT,CC,TC,CG,AA,GA,AA,AG,AG,AG,TT,CC,AA,TG,GA,CC,GG,CT,GG,NT,GG,AA,GG,TT,GG,AT,CC,AA,NN,AA,CT,TA,GG,NN,CC,CC,GG,GG,AG,AG,GG,CC,TT,AG,CT,AG,TT,TT,TT,TC,TG,TC,CT,CC,TT,TC,AA,GG,GG,TC,GG,CC,TT,GG,AA,NN,CC,AA,TT,GG,GG,TT,AG,CC,CC,GG,CA,GG,TG,CC,CC,CA,GG,CC,GG,GG,TT,GG,TT,AA,CC,TT
Italy,,,,NA20582,,CT,AA,CC,CC,NN,CC,AG,AA,CC,TT,TT,GG,CC,CC,TT,GN,AG,CC,GG,CC,GG,AA,TT,TA,AA,TT,AA,NN,CA,TT,CC,CC,TC,TG,AA,AA,TA,GG,AT,AG,CT,CC,GG,NN,GA,CC,TT,NN,NN,NA,CC,CT,TT,TT,TT,AA,CC,CC,CC,AC,GG,AA,AA,TT,TC,GG,GG,GG,TG,CC,TT,GG,GG,AG,TT,TT,GG,CC,GG,GA,GG,NN,CC,GG,CC,CC,TA,TT,GG,AA,CC,GG,CC,AG,TT,GG,TT,TT,CC,CA,TT,CT,AG,CC,CT,CC,TT,TT,TT,AA,GC,TT,GG,GG,AA,CC,CC,TT,CC,TT,TT,GG,GG,TC,CC,CC,TT,NC,CC,CC,GA,GA,AA,GG,AA,AA,TT,NC,GG,TT,AG,CT,GG,TT,GN,TT,GG,AA,GG,TT,GG,AT,CC,AA,NN,AA,TT,AA,GG,NG,CC,CC,CC,GG,GA,AA,GA,TC,TT,AA,TT,GG,TT,TT,TT,CT,TT,TC,CC,CC,TT,TC,AA,GG,GA,TT,GA,CC,TT,AG,AA,NN,CC,GA,TC,GG,GG,TT,AG,TC,CC,GG,AA,AG,TT,CC,CC,AA,NG,CC,GG,GG,CC,GG,TT,AA,CT,TT
Italy,,,,NA20585,,TC,AA,TC,TT,NN,CT,AA,AA,AC,TT,CC,AG,CC,CC,CT,GN,AG,CC,GG,CT,GG,AA,CT,AA,AA,TT,GA,NT,CA,TT,CC,CC,CC,GG,AG,AA,TT,GG,AA,AA,CC,CC,GG,NG,GG,CC,TT,GN,NN,AA,TC,TT,TT,TT,TC,AA,CC,CC,CT,CA,GG,AA,TT,TC,CC,GG,GG,GG,TG,CC,TT,GG,GC,AA,TG,TT,GG,CC,GG,AA,GG,AN,TC,TG,CT,CT,TT,TT,GA,AA,CT,GG,CC,GG,TT,GG,TT,TG,CG,AC,TT,TT,GG,CC,TC,CT,TT,CC,TC,AA,GG,TT,AG,GG,GA,CC,CT,TT,CC,TT,TT,GG,GG,TC,TC,CC,TA,CC,CC,CC,AA,GG,AA,GG,GA,AA,TT,NC,GG,TT,GG,TT,GG,TT,GG,TN,TG,AA,GC,TT,AG,AT,CC,NA,CN,AA,TC,AT,CC,GG,CC,CC,GC,GG,GG,AA,GA,CC,TC,GG,TC,GA,AT,CC,TT,TT,GG,CC,CC,CT,GT,CC,AA,GG,AG,CT,AG,CC,TT,GG,AA,NN,CC,GG,TT,GG,GG,TT,GG,CC,GC,GG,AA,GA,TT,TC,CC,AC,NN,CC,GG,AA,TT,GG,TT,AA,TT,TT
Italy,,,,NA20586,,TC,AA,TC,CC,NN,CC,GA,AA,CC,TT,TC,AG,CC,CC,CC,NN,AG,CC,GG,CC,GG,AA,TT,AA,AA,TC,GG,TN,CC,TT,CC,CC,TC,GT,AA,AA,TT,AA,AA,AA,CC,CC,GG,GG,AG,CC,TT,NG,NN,AA,CT,TT,TT,TT,TT,AA,CC,CC,CC,AC,GG,AA,TT,TT,CC,GG,GG,GG,TT,CT,TT,AA,CC,AG,TT,TT,GG,CC,GG,AA,AA,NN,TC,TG,TC,TT,TT,TT,GG,GA,CC,GG,TC,GG,TT,GA,AT,TT,CC,AA,TT,TT,GG,GC,CC,CT,TT,TT,TT,CC,CG,TT,GA,AA,AG,CC,TT,CT,AA,TT,TT,GG,GG,CC,CT,CC,TT,CN,TC,GC,AA,GA,AA,GG,AA,AA,TT,CN,GG,GG,AG,CT,GG,TT,GG,NT,GT,AA,GC,TC,GG,AT,CC,AA,NN,GA,CT,TA,GG,NG,CC,CC,CC,GG,GG,AA,AA,CC,TT,AA,CC,AA,AT,TT,GT,CC,GG,CC,CC,CC,GG,TT,AA,GG,GG,CC,AG,CC,CT,GG,GA,NN,CT,AA,TT,AG,GG,TT,GA,CC,CC,GG,AA,GA,TT,CC,GC,CA,GN,GC,GG,GG,CC,GG,TC,GA,TT,TT
Italy,,,,NA20587,,TC,AA,CT,CC,NN,CC,GG,NN,AA,CT,CC,AA,CC,CC,TC,GN,GG,CC,GG,TC,AG,AA,CT,AA,AA,CT,AG,NN,CA,TT,GC,CC,TC,TG,AG,AA,TT,GA,AA,AA,CC,CC,GG,GG,AG,CC,TT,NG,CN,NA,TC,CT,TT,TT,TT,AA,CC,CC,CC,AC,GG,AA,TT,TT,CC,GC,AG,AG,GG,CC,TT,GG,CC,AG,TG,AT,GG,CC,GG,AA,GG,AA,CC,TG,CC,CT,AT,TT,GG,AA,CC,GA,CC,GA,CT,AG,TT,TT,CC,CA,TT,CT,GG,CC,CT,CC,TT,CT,TC,AA,CC,TT,GA,GG,AA,CC,TT,TT,CC,TT,TN,GG,GA,CC,CC,CC,AA,CC,CC,CG,AA,AA,AG,GG,AA,AA,TT,NN,GA,GT,GA,CC,GG,CC,NG,TN,GG,AG,CG,TC,GG,AA,CC,AN,NN,AA,TC,AA,GC,GN,CC,CC,CC,GG,GG,AA,AA,CT,TT,AG,TT,GG,TT,TT,TT,TC,GG,CT,CT,CC,TT,CC,AA,AG,GA,TT,GG,CT,CT,GG,AA,NC,CT,GA,TT,GG,TG,TT,GG,CC,CC,GA,AA,AG,TT,CT,GC,CC,GG,CC,AG,AG,TT,GG,TT,AA,CC,TT
Italy,,,,NA20588,,TC,AA,CC,TC,NN,CC,GG,NA,CC,TT,CT,AG,CC,CC,TC,GG,AA,CG,AG,CC,GG,AA,TT,AT,AA,TT,AG,NT,AA,TT,CC,CC,CC,GG,GA,AA,TT,GG,AA,AA,CC,CC,GG,GG,GG,TC,TT,NN,NC,AN,CC,CC,TT,TT,TT,AA,CC,CC,CC,AA,GG,AA,TT,TT,CT,GG,GG,AG,TT,CC,TT,GG,CC,AA,TT,TT,GG,CC,GG,AA,AG,AA,CC,GT,CC,CC,AA,TT,GG,AA,TC,GA,CC,GG,TT,GG,AT,TT,CC,CA,TT,TT,GA,CC,CT,TT,TT,CC,TC,AA,GC,TT,AG,AG,AA,CC,TT,TT,CA,TT,TT,GG,GG,TT,CT,CC,TT,CC,CC,GG,AA,AA,AA,GG,AA,AA,TT,NN,GA,TG,GG,TC,AG,CT,GN,TT,GG,GA,CC,TT,GG,TT,CC,AA,NN,AG,CC,TT,GC,NG,CC,GG,CC,GG,GG,AA,AG,TT,TT,AG,TC,GA,TT,CC,TT,CT,GG,TC,CC,CC,TT,CT,AA,GG,GG,TT,GG,CC,CC,GG,AA,NN,CC,AA,TT,GG,TG,CT,GA,CT,CC,GG,AA,GG,TG,CC,CC,AA,GN,GC,GA,GG,TT,TG,TT,AA,TC,TG
Italy,,,,NA20589,,TC,AA,CC,TT,NN,CC,AA,AA,CC,TT,CT,AA,CC,TC,CC,GG,GG,CC,GG,CT,GG,AA,TT,AT,AA,CT,AA,TN,AA,TT,CC,CC,CC,GT,AA,AA,TT,GG,AT,AG,CT,CC,GG,GG,AA,CC,TT,NN,NN,AA,CT,CT,TT,TT,TC,GA,AA,CT,CC,AA,GG,AA,TT,TT,TC,GG,GG,AG,TG,CT,TT,GG,CC,AA,TT,TT,GG,CC,GG,AA,AA,NN,TC,GT,CC,TT,AT,GT,GG,AG,CC,GG,CT,GG,TT,GG,TA,TT,GC,AA,CT,TC,GG,CC,CT,TT,TT,TC,TC,AA,GC,TT,GG,GG,AA,CC,CC,TT,CC,TT,TT,GG,GG,TC,TC,CC,TT,CC,CC,GG,AA,GA,AA,GG,AG,AA,TT,NC,GA,TT,GA,TT,GG,CC,GN,NT,GT,AA,GG,TT,GG,TA,CT,AA,NN,AA,CC,AT,CC,NN,CC,CC,GG,GG,GG,AA,AA,CC,TT,AG,CT,AG,TA,TT,TT,TT,GG,TT,TC,TC,TT,TT,AA,GG,AG,TT,GG,CT,CT,GG,GA,CN,CT,AA,CT,GG,GG,TT,GA,CC,GC,GG,AA,GG,GG,TC,CC,CA,NN,CC,AG,GG,CC,GG,TT,AA,CC,TG
Italy,,,,NA20752,,TC,AA,CC,CT,NN,CC,GA,AN,CC,TT,TC,GA,CC,CC,CC,GG,AG,CC,GG,CC,GG,AA,CT,AA,AA,CT,AA,NN,AA,TT,CC,CC,TT,GG,AA,AA,TT,GG,AA,AA,CC,CC,GG,GG,GA,CC,TT,NN,NC,AA,CT,TT,TT,TC,TT,GA,AC,CC,CC,CA,GG,AA,TT,CT,CT,GG,GG,GG,TT,CT,TT,GG,CC,AA,TT,TT,AG,CC,GG,AA,AA,NN,TC,TG,CC,CC,TA,TG,GG,AA,TC,GA,CC,GA,TT,GG,TT,TT,CC,CA,TT,TC,GG,CC,CC,CT,TT,TT,TT,CA,GG,CT,GG,GG,AA,CC,TT,TT,CC,TT,TT,GG,GG,TT,CT,CC,TT,CC,CC,CC,AA,GA,AA,AG,AA,GA,TT,NC,AG,GT,GG,TT,GA,TC,GG,TN,GG,GG,GG,TT,GG,TA,TC,AA,NN,GG,CC,AA,GC,NN,CC,CC,CC,GG,GG,AG,AG,CC,TT,AG,CT,AA,AT,CT,TT,TT,GG,TT,CC,CC,TG,TC,GA,GG,GG,CC,AG,CC,TT,AG,AA,CN,TC,GA,TT,GG,TT,TT,AG,CC,CC,GG,AA,AA,TG,CC,CC,AA,GG,CC,GG,GG,CT,TG,TT,AA,CC,TG
Italy,,,,NA20753,,CT,AA,CT,CC,NN,TC,GG,NN,CC,TT,CC,GA,CC,CT,CC,NG,AA,CC,GG,CC,GG,AA,TT,AA,AA,TT,GG,NN,AA,TT,GC,CC,CC,GG,AA,AA,TT,GA,AA,AA,CC,CC,CG,GG,AG,CC,TC,NN,CN,NN,CC,CT,TT,TT,CT,AA,CC,CC,CC,CA,GG,AA,TT,TT,CC,GG,GA,GA,GG,TC,TT,AG,CC,AA,TT,TT,GG,CC,GG,AA,AG,AA,CC,GT,CC,CC,TT,TT,GG,GG,CC,GG,CC,GA,TT,GG,TA,TT,GC,AA,TT,CT,GG,GC,CT,CC,TT,CC,CT,AA,GC,TT,GA,GG,AA,CC,TT,TT,CC,TT,TT,GG,GA,CT,CC,CC,AT,CC,CT,CG,AG,GA,AA,GG,GA,AG,TT,NN,GG,TT,AG,TT,GG,CC,GG,NN,TG,GG,CC,TT,GG,TA,CC,AA,NN,AG,CT,AT,CC,GG,CC,GC,CC,GG,GG,GA,AG,CC,TT,AA,TT,GG,AT,CT,GT,TC,GG,CT,CC,CC,GG,TT,AA,GG,GG,CT,GA,CT,TT,AG,AA,CN,CC,GG,TT,GG,GG,TT,GG,CC,CC,GA,AA,GG,GG,TC,CC,AA,GG,CC,AG,GA,TT,GG,TT,AA,TT,TT
Italy,,,,NA20754,,CC,AA,CC,CC,NN,CC,GA,AN,CC,TT,CT,AG,CC,CC,CC,GG,GG,CC,GG,CC,GG,AA,TT,TT,AA,CT,AG,NT,AA,TT,CC,CC,CT,TG,AA,AA,TT,AG,TA,GA,TC,CC,GG,NG,GA,CC,TT,NG,NN,NA,CT,TT,TT,TT,CT,AA,CC,CC,CC,CC,AG,AA,TT,TT,CC,GG,GG,AG,TG,CC,CT,GG,CC,AA,TT,TT,GG,CT,GN,GA,GA,NN,CC,TG,CC,CC,AT,GT,GG,AG,CC,GG,CC,GA,TT,AG,AA,TT,CC,AA,TT,CC,GG,CC,CC,TT,GT,TC,TC,AA,CG,TT,GG,GG,AG,CC,TC,TT,CC,TT,NT,GG,GA,TT,TC,CC,TA,CC,CC,CC,AA,GA,AA,AG,AG,AA,TT,CC,GG,TT,AA,TT,GG,TT,GN,TT,GG,GA,GC,TT,GG,AA,CC,AN,CC,AA,CC,AT,CC,NN,CC,CC,CC,GG,GG,AA,AA,CT,TT,AA,TT,AA,AA,TC,TT,CC,GG,CC,CC,CC,GT,TT,AA,GG,GG,CC,AG,CC,TT,GG,AG,NC,CC,AG,CT,GG,GG,TT,GG,CC,CG,GG,AA,GG,GG,CC,CC,CA,NN,CC,GA,GG,CC,GG,CT,AA,TT,TT
Italy,,,,NA20755,,TC,AA,CC,CT,GN,TT,GA,AN,AC,TT,TT,GA,CC,CC,TC,GG,AA,CC,GG,TC,GG,AA,TT,AA,AA,TT,GG,TN,AA,TT,CC,CC,CT,GG,AA,AG,AT,AA,TA,GA,TC,CT,GG,NG,AG,TC,TT,NN,CC,AA,TC,CT,TT,TT,CC,AA,CC,CC,CT,CA,GG,AA,TT,TT,CC,GG,GG,GA,TT,CC,TT,GG,GG,AA,TT,TT,GG,CC,GG,AA,AA,AN,CC,GT,CC,TC,AT,TT,GG,AG,CC,GG,CC,GG,TT,GG,TA,TT,CC,AA,TT,TT,AG,GC,CC,TT,GT,TC,TT,CA,GC,TC,GG,GG,AA,TC,CC,TT,CC,CT,TT,GG,GA,TT,CC,CC,TT,NC,CC,GC,AA,GG,AA,AG,AA,AA,TT,NN,GG,TG,GA,TT,GG,CT,GG,TT,GT,AA,GG,TC,GG,AT,CC,AA,NN,AA,CT,AA,GG,GG,CT,CC,GG,GG,GG,AG,AG,CC,TT,AA,TT,AA,TT,TC,TT,TC,GT,TC,TC,TC,TT,CT,AA,GA,GA,TT,AA,TC,CC,AG,AG,CN,CC,AA,TT,GG,GG,TT,GA,TC,CC,GG,AA,GG,TG,TC,CG,AC,NN,CC,GG,GG,CT,GT,TT,AG,TT,TT
Italy,,,,NA20756,,TT,AA,CC,CC,NN,CC,GG,AA,AC,TT,CT,GA,CC,CC,CC,GN,GG,CC,GG,CC,GG,AA,CT,AA,GA,TT,AG,TN,AA,TT,CC,CC,CC,GG,AA,AA,AT,GA,AA,AA,CC,CC,GC,NG,AG,CC,TT,NG,NN,AA,TC,TT,TT,TT,CT,AA,CC,CT,CC,CA,GA,AA,TA,TT,CT,GG,GG,GA,TT,TC,TT,AG,CG,AA,TT,TT,GG,CC,GG,AA,GG,NN,CC,TG,CT,TT,TT,TT,GG,AA,CC,GG,CC,AG,TT,GG,TA,TT,CC,CA,TT,TT,GA,CC,TT,TT,TG,CT,CT,AA,CC,TT,GG,GA,AA,CC,TT,TT,CA,TT,TT,GG,GG,TT,TC,CC,TA,CC,CC,GG,AA,GG,AA,GG,AG,AA,TT,CC,GG,TT,AG,TT,AG,TT,GN,TT,GG,GA,CG,TT,GA,TT,CC,NN,NC,AA,TT,AA,CG,NG,CC,CC,CG,GG,AA,AA,GG,TC,TT,AG,TT,AA,TA,TT,TT,CT,TT,TC,CC,CT,TT,TT,AG,GG,GG,TC,GA,CT,TC,GG,AG,CN,CC,GG,CT,AG,TG,TT,GA,CC,GC,GA,AA,AG,TT,CC,CC,AC,NG,CC,GG,GG,CT,GG,TC,AA,TT,TT
Italy,,,,NA20757,,TC,AA,CC,CC,NN,TC,AG,AA,AC,TT,TT,GA,CC,CC,TC,GG,GG,CC,GA,CC,GG,AA,TC,AA,AA,TT,AG,TT,CC,TT,CG,CA,CC,GT,AA,AA,AT,GA,AA,AA,CC,CC,GG,GN,AG,CC,TT,GN,NC,AA,TC,TT,TT,TC,TT,GA,AC,CC,CC,CA,GG,AA,AT,TT,CC,GG,GG,GA,TT,TT,TT,GG,GC,AA,TT,TT,GG,CC,GG,AA,GG,AA,CT,TG,CC,TC,TT,TT,GG,GG,CC,GG,CT,GG,TT,GG,AA,TT,CC,CA,TT,TC,GA,GC,TT,CC,TT,TC,TT,AA,GC,TT,AA,GG,GA,CT,TC,TC,CC,TT,TN,GG,GG,CC,CT,CC,TT,CN,CC,GG,AG,GA,AG,AG,AG,AA,TT,NC,AA,TT,GG,TC,GG,TT,NN,TT,TG,AA,GC,TT,GA,AT,CC,AA,NN,AA,CC,AA,GG,GN,CC,CC,CC,GG,GG,AA,AA,CC,TT,GA,TC,AA,TA,TT,TT,CC,GT,CC,CC,TC,GT,TT,AA,GG,GA,TT,AA,CC,CC,AA,AG,NN,CC,AA,CT,GG,TG,TT,GG,CC,CC,GG,AA,AG,TT,CC,GC,AC,GG,CC,AG,AA,TT,TG,TT,AA,TC,TG
Italy,,,,NA20758,,CT,AA,CC,TC,NN,CC,GA,AA,CC,TT,TC,GA,CC,CC,CC,NN,GG,GC,GG,TT,GG,AA,TC,TA,GA,TC,GA,NT,AA,TT,CC,CC,CC,TT,GA,AG,TA,GG,AA,AA,CC,CC,GG,GG,AA,CC,TT,NN,CN,AN,CC,TC,TT,TT,TT,AA,CC,CC,CC,AA,GG,AT,TA,TT,TT,GC,GG,GG,GG,CC,TT,GG,CC,AA,TT,TT,GG,CC,GG,AA,GA,NN,CT,TT,CC,TT,TT,GT,GG,GG,CC,GA,CC,AG,TT,GG,TT,TT,CC,AA,TT,TC,GG,CC,TC,CC,TT,TT,TT,AA,CC,TT,GG,GG,AA,CC,TT,TT,CC,TT,TT,GA,GA,CT,CC,GC,TT,CC,TC,CG,AA,GG,AG,GG,AG,GA,TA,CC,GA,TG,AG,TT,GG,TT,GG,TT,GG,AG,CG,TT,GG,TA,CC,AA,NN,AA,TT,TA,CC,GG,CT,CC,CG,GG,GG,AA,GA,CC,TT,AA,TT,AA,TT,TT,TT,TC,TT,CC,CC,CT,TG,CT,AG,AG,GG,TT,GG,TC,CT,GA,AA,NC,CT,AA,TT,GG,GG,TT,GA,CC,CC,GG,AC,AG,TG,CC,CC,CA,NN,CC,AG,GG,CC,TG,TC,AA,TT,TT
Italy,,,,NA20759,,TT,AA,CT,CC,NN,CC,AA,AN,AC,CT,TC,AG,CC,CT,TT,GN,GA,CG,GG,TC,GG,AA,TT,TA,AG,TT,AA,TN,AA,TT,CC,CC,TC,TT,AA,AA,TA,GA,AT,AG,CT,CC,GG,GG,GG,CT,TT,NN,NC,NA,TC,TC,TT,CT,TT,AA,CC,CC,CC,AC,AG,AT,TA,CT,TC,GG,GG,AA,GT,TC,TT,GG,GC,AG,TT,TT,GG,CC,NG,AA,AG,NA,CC,GG,CC,CC,AT,TT,GG,GA,CT,GG,CC,GG,TT,GG,TT,TT,CC,CC,TT,CT,GG,CC,CT,TC,TT,TC,TT,AC,GC,TT,AG,GG,AG,CC,TT,TC,CC,TT,TT,GG,GA,CC,CC,CC,AT,CC,CC,CC,AA,GG,AA,GG,AG,AG,TT,NN,GG,TT,GA,TC,GG,TT,GN,TT,GG,GA,CG,TT,GG,TA,CC,NN,CN,GA,TC,AT,GC,GN,CC,CC,GC,NG,GG,AA,AA,CC,TT,AA,TC,GA,AA,TT,TT,TC,GG,CC,CC,CT,TT,TT,AA,GG,GG,TC,GA,TC,TT,AA,AG,NC,TC,AG,TT,GG,GT,TT,GG,CC,CC,AA,AA,GA,TG,CC,CC,CC,NN,CC,GG,GG,TT,TG,TT,AA,TT,TT
Italy,,,,NA20760,,TC,AA,CT,TT,NN,CC,GG,NN,CC,TT,CC,GG,TC,CC,CT,NN,AG,CC,GA,CC,GG,AA,TT,TT,AA,TT,AG,NN,AA,TT,CC,CC,CC,GG,GA,AA,TT,GG,AA,AA,CC,CC,GG,GG,GG,CC,TT,GN,NC,AA,CC,TC,TT,TT,TT,AG,CA,CT,CC,CA,GG,AA,TT,TT,TC,GG,GG,AA,GT,CT,TT,GG,CG,AA,TT,TT,GG,CC,GG,AA,GG,NA,CC,TG,TC,TT,TT,TT,GG,AA,CC,GG,CC,AG,TT,GG,AA,TG,CG,AC,TT,TT,GG,CC,CC,CT,TT,TC,TT,AA,GC,TT,GG,GG,AA,CC,TC,CC,CC,TT,TT,GG,GG,TC,TC,CC,TT,CN,TT,GC,AA,AA,AA,GA,GG,AA,TT,NC,GG,TG,GA,TC,GA,TT,GG,NT,GG,GA,CG,TT,GG,AA,CC,AN,NC,AA,CC,AA,CC,NG,CC,CG,CG,NG,GA,AA,GG,TT,TT,AA,TT,GA,TT,TT,TG,CC,TT,CC,CC,CC,TT,TT,AA,GG,GG,CC,GG,CC,TC,GG,GA,NN,TC,AA,TT,AG,TT,TT,GG,TC,CC,GG,AA,GA,GT,CC,CC,AA,GN,CC,GA,GG,CC,GT,TT,AA,TT,TT
Italy,,,,NA20761,,TT,AC,CC,CC,NN,CC,GG,AN,AA,TT,CC,GG,CC,CC,TT,GG,AG,CC,GG,CC,GG,AA,CT,AA,AA,CT,GA,TT,AA,TT,CC,CC,TC,GT,AA,AA,TT,AG,AT,AG,CT,CC,GG,GG,GG,CC,TT,NN,NN,NN,CC,TT,TT,TC,TT,AA,CC,CC,CC,AA,AG,AA,TT,TT,CC,GG,GG,AG,TG,CT,CT,GG,GC,AA,TT,TT,GG,TT,GG,AA,GG,NN,CC,GG,CC,CC,TT,TG,GG,AA,TC,GA,CC,GG,TT,GA,AT,TT,CC,CA,TT,CC,AA,CG,CT,TC,GT,TT,TT,AA,GC,TT,AG,GG,AA,CC,CT,TT,CC,TT,TT,GG,GG,TT,CC,CC,TT,CC,CC,CG,AA,GG,AA,GG,GA,AA,TT,NC,GG,GT,GG,CT,GG,TC,GN,TT,GG,GA,CG,TT,GA,TA,CC,AA,NN,GG,CC,AT,GG,NG,CT,CC,CG,GG,GA,AA,AA,CC,TT,AA,TT,GA,AT,TT,GT,TC,GT,CT,CC,CC,TT,TT,AG,GG,GG,TT,AA,TC,CT,GG,GA,NC,TC,GA,TT,AG,GT,TT,AG,CC,CC,GG,AA,GG,GT,TC,GG,AA,NN,CC,GG,GG,CC,GT,TC,GA,TT,TT
Italy,,,,NA20762,,TT,AC,CC,CC,NN,CC,AA,AA,CC,TT,TC,AG,CC,CC,CC,GN,GG,CC,AG,TC,AG,AA,CT,TA,GA,TT,AA,TN,AA,TT,CC,CC,CC,GG,AA,AA,TT,GG,AA,AA,CC,CC,GG,GG,AG,CC,TT,NG,NC,NA,CC,TC,TT,TT,TT,AG,CA,CT,CC,AC,GG,AA,TT,TT,CC,GG,GG,GA,TT,TC,TT,GG,CG,AA,TT,TT,GG,CC,GG,AA,GG,NN,TT,TT,CT,CT,TT,TT,GA,GA,TC,GG,CC,GG,TT,GG,TA,TT,CG,AC,TT,TC,AG,CC,TC,TT,GT,TC,CT,AA,CG,TT,GG,GG,AA,CC,CT,TT,CC,TT,TT,GG,GG,CC,CC,CC,TT,CC,CT,GG,AA,GG,GA,GG,AA,GA,TT,NC,GG,TT,AG,CC,GG,TT,GN,NT,GT,AA,CG,TT,GG,AA,CC,AN,NC,AA,CC,TT,CG,GG,CC,GG,GG,GG,GG,GG,AA,TC,TT,GA,CT,GA,TT,TT,TT,TT,GG,TC,TC,CC,TG,TT,AA,GG,AG,TT,AG,TC,CT,AA,AA,CN,TC,AA,TC,GG,GG,TT,GG,TC,GC,GG,AA,GG,TT,CC,GG,CA,NN,CC,GA,GG,CC,GT,TT,AA,TC,TT
Italy,,,,NA20763,,TT,AA,TC,CT,NN,CC,AG,AA,CC,TT,CC,AG,CC,CC,TC,NN,AG,CC,GA,CC,GG,AA,TT,AA,AA,CT,GA,NN,CA,TT,CC,CC,CC,TG,AA,AG,TT,AG,AA,AA,CC,CC,GG,GG,GA,CC,TT,NG,NC,AA,CC,TT,NT,TT,TT,AA,CC,CC,CC,CC,GG,AA,TT,CT,CC,GG,GG,GA,GT,TC,TC,GG,CC,AA,TT,TT,GG,CC,GG,AA,AG,AN,CC,TG,CC,TT,TT,TT,AA,AG,CC,GG,TC,GG,TC,GG,AT,TT,CC,CA,TT,TC,GA,CC,CC,TC,TT,CT,CT,AA,CC,CT,GG,GG,AA,CT,TC,TT,CC,TT,TT,GG,AG,TC,CC,GC,TT,CC,CC,CG,AA,AA,GA,GG,AA,AA,TT,NN,GA,GT,GG,TT,GG,CT,NG,TT,TG,AA,CC,TT,GG,AA,CC,AA,NN,AA,TT,AA,CC,NG,CC,CC,CC,GG,AG,AA,GA,CC,CT,AA,CT,AA,TT,CT,TT,TT,GT,CC,CC,CC,TG,CT,AA,GG,AG,TT,GG,CT,CT,GG,AG,NC,CC,AG,TT,GG,GG,TT,GG,CC,CC,GG,AA,GG,GG,TC,CC,CA,NG,CC,GG,GG,CC,GG,TT,AA,TC,TT
Italy,,,,NA20764,,TT,CA,CC,CC,NN,CC,GG,AA,CC,TT,CT,AA,CC,CC,TC,NN,GG,CC,GG,CC,GG,AA,TT,AA,AA,CT,GA,NN,AA,TG,CC,AA,CC,GG,AG,AA,TT,GG,AA,AA,CC,CC,GG,NG,AG,TC,TT,GG,CN,AA,CC,TT,TT,TT,TC,GA,AC,TC,CT,CA,GG,AA,TT,TT,CC,GG,GG,GG,GG,CT,TT,GG,GC,AA,TT,TT,GG,CC,GG,AA,AA,AA,CC,GT,TC,CC,TT,TT,GG,AG,CC,GG,CC,AG,TT,GG,TA,TT,CC,AC,TT,CT,AG,CC,TT,CC,GT,TC,TT,CA,CC,TT,AG,GG,AG,CC,CT,TC,CC,TT,NN,GG,GG,CC,TC,CC,TT,CC,CC,CG,AA,AG,AA,AG,AG,GA,TT,CN,GG,GG,GA,TC,GG,TT,GG,TT,GG,GA,CG,TT,GG,AA,TC,AA,NN,AA,CC,TA,CC,NG,CC,CG,GC,GG,GG,AA,GA,CC,TT,GA,TT,GA,TT,TT,TT,TT,TT,TC,CC,CC,TT,CT,AA,GG,GA,TT,AG,CC,CC,GG,AG,NC,CC,AA,TT,GG,TG,TT,GG,CC,GC,GG,AA,GG,GG,CT,CC,AA,NN,CC,GA,AG,TC,TG,TT,AA,TT,TT
Italy,,,,NA20765,,TT,AC,CC,CC,NN,CC,GG,AN,CC,TC,TC,GG,TC,CC,TT,NN,AA,CC,AG,TC,AG,AA,TC,AA,GG,TT,GA,NT,AA,TT,CC,CC,CC,TG,AA,AA,TT,AG,AA,AA,CC,CC,GG,GG,GG,CC,TT,GN,NC,AA,CT,CT,TT,CT,TT,AA,CC,CC,CC,CA,GG,AA,AT,TT,CC,GG,GG,GG,TG,TC,TT,GG,GG,AA,TT,TT,GG,CC,GG,AA,GG,NA,CT,GT,CC,CT,TT,TT,GG,AG,CC,GG,CC,GG,TT,GG,TT,TT,CC,AA,TT,TC,GA,CC,CC,CC,TT,TT,TC,AA,GG,TT,GG,GG,AA,TC,CC,TT,CC,TT,TT,AG,GG,TC,CC,CC,TT,CC,TC,GG,AA,AA,AG,GG,AA,AA,TT,NN,GG,TT,GG,CT,GG,CC,GN,TT,GG,AG,GG,TT,GG,AA,CT,AA,NN,GA,CT,AT,CG,NG,CC,CC,CG,GN,AG,AA,AA,CC,TT,GA,TC,AA,TA,CT,TG,TT,GG,CC,CC,CC,TT,TT,AA,GG,GG,TT,GG,TC,TT,AG,GA,CN,CT,AA,TT,GG,GG,TT,AG,CT,CC,GA,AA,GA,TT,CC,CC,AA,NN,CC,GG,GG,CC,GG,TT,AA,TT,GG
Italy,,,,NA20766,,CT,AA,TC,CC,NN,CC,GG,AN,CC,TT,CC,AG,CC,CC,CT,GN,AA,CC,GG,CC,GG,AA,TT,AA,GA,CT,AA,TN,AA,TT,CC,CC,CC,GG,AA,AA,AT,GG,AA,AA,CC,CC,GC,GG,AA,CC,TT,NG,NN,NA,TC,CT,TT,TT,TT,AA,AC,TC,CT,CA,GG,AA,TA,TT,CC,GG,GG,AA,GG,TC,TT,AG,CC,AA,TT,TT,GG,CC,GG,GA,AA,NA,CT,GT,CT,TT,TT,TT,GG,AG,CC,GG,CC,GG,TT,GG,TA,TT,GC,AA,TT,TT,GG,CC,CT,TC,TG,TT,TT,AC,GG,TT,GG,GG,AA,CC,TT,TT,CC,TT,TT,GG,GG,CC,CC,CC,AA,CC,CC,CG,AA,GA,GG,GG,AA,AA,TT,NN,GA,TT,GG,TC,GG,TC,GG,NT,GG,AG,GC,TT,GG,TT,CC,AA,NN,AA,CC,TT,GC,NN,TC,CC,GC,NG,GA,AA,GG,CC,CT,GA,TT,GG,AT,CT,TT,CT,GG,CC,TC,CC,TT,TT,GG,GG,GG,TT,AA,CC,CT,GG,AA,NN,CC,AA,TC,GG,TG,TT,GG,CT,GC,GA,AC,AG,TT,CC,GC,AA,GN,CC,GA,GA,CT,TG,TT,AA,TT,TT
Italy,,,,NA20767,,TT,AA,TC,CC,NN,CC,AG,AA,AC,TT,CT,AA,CC,CC,TT,NN,GG,CC,GG,CC,GG,AA,TT,AT,AA,TT,AA,NN,AA,TT,CC,CC,CC,GT,AA,AA,TT,AA,AA,AA,CC,CC,GG,GG,GG,CC,CT,NN,NN,AA,CC,CC,TT,TT,TT,GA,AC,TC,CC,CA,GG,AA,TT,CT,CT,CG,GG,GG,GT,TC,TT,GA,GC,AA,TT,TT,GG,CC,GG,AG,AA,NA,CC,TT,CC,TT,TT,TT,GG,GG,TC,GG,CC,GG,CT,GG,AT,TT,GC,AC,TT,CT,GG,CC,CT,TC,GT,TT,TT,AA,CC,TT,GA,GA,AA,CC,TT,TT,CA,TT,TT,GG,GG,CC,CC,GC,TT,CN,CC,CG,AA,GG,AA,AA,GA,AA,TT,NN,GG,TT,GG,TT,AG,CC,NG,TT,GG,GA,CC,TT,GG,AT,CC,NA,CN,AG,CT,AT,GC,NN,CC,CC,GG,NG,GG,AA,GA,TC,TT,GA,CT,AG,TT,CT,TT,TT,TT,CC,CC,CC,TT,TT,AA,GG,GA,TT,GG,CT,TT,GG,AA,CN,CC,AA,CC,GG,GT,TT,GG,CC,CG,GG,AA,GG,TG,CT,CC,AA,NN,GC,GG,GG,CC,GT,TT,AA,TT,TT
Italy,,,,NA20768,,TT,AA,CT,CT,NN,CT,AA,AA,CA,TC,CC,AA,CC,TC,TT,GG,AG,CC,GA,CT,GG,AA,CT,TA,AA,TT,GA,NN,AA,TT,CC,CC,TC,GT,AA,AG,TA,GG,AA,AA,CC,CC,GG,GG,AG,CC,TT,NN,NC,NA,CC,TT,TT,TT,CT,AA,CC,CC,CC,CA,GA,AA,TA,TC,CC,GG,GG,GG,TG,CT,TT,GG,GG,AA,TT,TA,GG,CC,GG,AA,AG,NN,CC,GT,CC,CC,TT,TT,GG,GA,CC,AG,CC,GG,TT,GG,TT,TT,CC,CC,TC,TC,GG,GG,CC,CT,TT,CT,CT,AA,CG,TT,AG,GG,AG,CC,CT,TT,AC,TT,TT,GG,GG,CC,CT,CC,TT,CC,CC,GC,AA,GA,AA,GG,GG,AA,AA,NC,GA,TT,GG,TC,GG,CT,GN,TT,GG,AG,GG,TT,GG,AT,CC,AA,NC,GA,TC,TT,CG,GN,CC,CC,CC,GG,GG,AG,AA,CC,TT,AA,TT,GG,TT,CT,TT,TC,GG,TC,CC,CC,TT,CT,AA,GG,GA,TC,GA,CT,TT,GG,AA,NN,CC,AA,TT,AG,TG,TT,GG,TC,CG,GG,AA,GG,TT,CC,GC,AA,NN,CC,GG,GG,CT,TG,TT,AA,TT,TT
Italy,,,,NA20769,,TT,AA,CT,TT,NN,CT,GG,NN,AC,CC,TC,GG,CC,CC,CT,NN,GG,CC,GG,TC,AG,AA,CT,AA,AA,TT,GA,NN,AA,TG,CC,CC,CC,GG,AA,AA,TT,AG,AA,GA,CC,CC,GG,NN,AG,TC,TT,GN,CN,NA,CC,TT,TT,TT,TC,GA,AC,CC,CC,AC,GG,AA,TT,CT,CC,GG,GG,GG,TG,TC,TT,GG,GG,AA,TT,TT,GA,CT,GG,AA,AA,AN,CT,GT,CC,TC,TT,TT,GG,AA,CC,GG,CC,GG,TT,GG,TT,TT,CC,AC,TC,TC,GG,CG,CC,TT,TT,TT,TT,AA,GG,TT,GG,GG,AA,CC,TC,TC,CC,TT,NT,GG,GG,TC,TC,CC,TA,NC,CC,GC,AA,AA,AA,AG,GA,AA,TT,NN,GG,TT,AG,TC,GG,TT,NG,TT,TG,AA,CG,TT,GG,AT,TT,AA,NN,AA,CC,AA,GG,GN,CC,GG,GG,GG,GG,AG,AA,CT,TT,AG,TC,AG,TT,TT,TT,TC,GT,CC,CC,CC,TT,TC,AA,GG,GG,CC,GG,CC,CT,AG,GA,NN,TC,GA,CT,GA,GG,TT,GG,TC,GC,GG,AA,AA,GG,CC,GG,AA,GN,CC,GG,GA,CT,GG,CC,AA,CT,GT
Italy,,,,NA20770,,CT,AA,CC,CT,NN,CC,AG,NN,AC,TT,TT,AA,CC,CC,CT,NN,AG,CC,GG,CT,GG,AA,TC,AA,GA,CT,AA,NT,AA,TT,CC,CC,CC,GG,AA,AA,TT,GG,AA,AA,CC,CC,GG,GG,AA,CT,TT,GG,CC,AN,TT,TT,TN,TT,TC,AA,CC,CC,CC,CC,GG,AA,TT,TT,CC,GG,GG,GG,TG,CT,CT,GG,CC,AA,TT,TT,GG,CC,GG,AA,GA,NA,CC,GT,CC,TC,TT,TT,GG,GA,CC,GG,TC,GG,TT,GG,AA,TG,CC,AA,TT,TT,GG,CC,CC,TT,TT,TT,TT,AA,CC,TT,GA,GA,GA,CC,TT,TT,CC,TT,TT,GG,GG,CT,CT,CC,TT,CC,CC,GC,AA,AA,AA,GG,AG,AA,TT,CN,GG,TT,AA,CT,GG,CC,NN,TT,TG,AG,CG,TT,GG,AA,CC,AN,NN,AA,CT,AT,CG,GN,CC,GC,GG,GG,GG,AA,GG,CC,TT,GA,TT,AA,TA,TT,TT,CC,GT,CC,CC,CC,TT,TT,GA,GG,AG,CC,GA,TT,CT,AG,AA,NN,CT,AA,TT,GG,GG,TT,GG,CC,CC,GG,AA,GG,TT,CC,CC,AC,NN,CC,GG,GG,CT,GG,TT,AA,TT,TT
Italy,,,,NA20771,,TC,AA,CC,TT,NN,TC,GG,AN,CC,TT,CT,AA,CC,CC,TC,NN,AA,CG,AG,CC,GG,AA,TT,TT,GG,TT,GG,NT,AA,GT,CC,CC,CT,GT,AG,AA,TA,AG,AA,AA,CC,CC,GG,NN,GA,CC,TT,NN,NN,AA,CC,TT,TT,TT,TC,AA,CC,CC,CC,AC,GG,AT,AT,TT,CT,CG,GG,GG,TT,CT,TC,GG,GC,AA,TT,TT,GA,CC,GG,AA,GA,NA,CC,GG,CC,TT,TA,TG,AG,GA,CC,GG,CC,GG,TT,GG,AT,TT,GC,AA,TT,TC,GA,CC,CC,CT,TT,TT,TT,AA,GC,TT,GG,GG,AA,CC,CC,TT,AC,TT,TT,GG,GG,CC,CC,GC,TT,CC,CT,GG,AA,AA,AA,GA,GA,AA,TT,CC,GG,TT,AG,TT,GG,CC,NG,TT,GG,AG,GG,TT,GG,TT,TC,NA,NN,AA,CC,AA,CC,GG,CC,CC,GG,GN,GG,AA,AG,TT,TT,AA,TT,GG,TA,TT,TT,CC,GG,TC,CC,CC,TG,TT,AA,GG,GA,TT,GA,TC,TC,AG,GG,CN,CT,AG,TT,GG,TT,TT,GA,CT,CC,GG,AA,GG,TG,TC,CC,AA,NG,CG,GA,GA,CT,GG,TC,AA,TT,TT
Italy,,,,NA20772,,TT,AA,TC,CC,NN,TC,GG,AN,CA,TT,CC,GG,CC,CC,CC,NN,GA,CC,GG,CC,GG,AA,TT,AT,GA,CC,GA,NT,AA,TT,CC,CC,TC,GT,GA,AA,TT,AA,AA,AA,CC,CC,GG,GN,GA,CC,TT,GN,CC,AN,CC,CT,TT,TT,TT,AA,CC,CC,CC,AA,GG,AA,TT,TT,CC,GC,AG,GA,TT,TT,TT,GA,CC,AA,TT,TT,GG,CC,GG,AA,AG,NN,CC,GG,CT,CT,TT,TT,GG,AG,CC,AG,CC,GG,TT,GG,TA,TT,CG,AA,TT,CC,GG,CG,TC,CT,TT,TC,TT,AA,GC,TT,GG,GG,AA,TT,CT,TT,CC,TC,TT,GG,GG,TT,TT,CC,TT,CC,TC,GC,AG,GA,GG,AG,AA,GA,TT,CN,GG,TT,AG,TC,GG,TT,GN,NT,GG,AA,GG,CT,GG,TT,CC,AA,NN,GA,CC,AA,GG,GG,CC,CC,CC,GG,GG,GA,AA,CC,TT,GA,TT,AA,AA,TT,TT,TC,GT,CT,CC,CT,TT,TC,GA,GG,GA,CC,GA,TT,TT,GA,GA,NN,CC,AG,TT,GG,GG,TC,GG,CC,CG,AG,AA,GG,TT,CC,CC,CA,GG,GC,GG,AG,TC,TG,TT,AA,TT,TT
Italy,,,,NA20773,,CT,AA,TC,TC,NN,CC,GA,NN,AA,TT,TT,GG,CC,CC,TC,GG,GG,GC,GG,TC,GG,AA,TT,AA,AA,TT,AA,NN,AA,TT,CC,CC,CC,GG,AA,AA,TT,GG,AA,AA,CC,CC,GG,GG,GA,CC,TC,NN,CC,NN,CT,TT,TN,TT,TT,AA,CC,CC,CC,AA,GA,AA,TT,TT,CC,GC,GG,GA,GT,CC,TT,GG,CG,AA,TT,TT,GG,CC,GG,AA,GG,AN,CC,TG,CC,CC,AT,TT,GG,AG,TT,GG,CC,GG,TT,GG,AT,TT,CC,CA,TT,TT,GG,CC,TC,TC,TT,TT,TC,AA,CG,TT,GG,GA,AG,CC,TT,TT,CA,TT,NT,GG,GA,CT,CC,CC,TT,CC,CC,CG,AA,AG,AA,GG,GA,AA,TT,NC,GG,GT,AG,CT,GA,TT,NG,NN,GT,GA,GC,TT,GG,AA,CC,NA,CN,AA,CT,AA,GG,NN,CC,CC,GG,GG,AG,AA,AA,CC,TT,AG,TT,AA,TA,TT,TT,TT,TG,TT,CC,CC,TT,TC,AA,GG,GG,TT,AA,CC,CC,GG,AG,NC,CT,AG,TT,AG,TT,TT,AG,TC,CC,AG,AC,GA,GG,CC,CG,AA,NN,CC,GG,GG,CT,TT,TT,AA,CT,TT
Italy,,,,NA20774,,CC,AA,CC,CT,NG,CC,GG,NA,CC,TT,CC,GG,CC,CC,CC,NG,GG,CC,GG,TC,GG,AA,TC,TA,GA,TC,AA,NT,AA,TT,CC,AC,CC,GG,AG,AA,TT,GG,AA,AA,CC,CC,GG,NG,AA,CC,TT,GG,CN,AA,CC,TT,TN,TT,TT,GA,AC,TC,CC,CC,GG,AA,TT,TT,CC,GC,GG,GG,GT,CC,TT,GG,GC,AA,TG,TT,GG,CC,GG,AA,GA,AN,CC,GG,CC,CC,TA,TT,GG,GG,TC,GG,CC,GA,CT,AG,TT,TT,CC,CC,TT,CC,GG,CC,CC,CT,TT,TC,CT,AA,CG,CT,GA,GG,GA,CC,TC,TT,CC,TT,TT,GG,AG,TT,CT,GC,AT,CC,CC,GG,AA,GG,AA,GG,GG,AA,TA,NN,AG,TT,GG,CT,GG,CT,GN,NT,GG,GG,GC,TT,GG,AA,CC,AA,NN,AA,TT,AA,CC,NN,CC,CC,CC,GG,AG,AA,AA,CC,TT,AA,TT,AA,TA,TT,GT,CC,TG,CT,CC,TC,TT,TT,AA,GG,GG,TT,GG,CC,CC,AG,AA,NN,CC,AG,TT,GG,GG,TT,GG,CC,CC,GG,AA,GG,TT,CC,CC,AA,NN,CC,GG,GA,TC,GG,TT,AA,TT,TT
Italy,,,,NA20775,,TT,AC,TC,TC,NN,CC,GG,AN,AC,TT,CC,AA,CC,CC,TC,GG,GG,CG,GG,TT,GG,AA,TT,AA,AA,TC,AG,NT,AA,TT,CC,AC,CC,GT,AA,AA,TT,AG,AA,AA,CC,CC,GG,NG,AA,CC,CT,NN,CC,AA,CC,TT,TT,TC,CT,AA,CC,CC,CC,AA,GG,AA,AA,TC,CC,GG,GG,AA,GG,TC,TT,GG,CC,GA,TT,TT,GG,CC,GG,AA,GA,NA,TC,TG,CC,CC,AT,TT,GA,GG,CT,GG,CC,GG,TT,GG,AT,TT,CC,AC,CT,TT,GG,CC,CT,TC,GT,TC,CT,AA,GC,TT,AG,AG,AG,CC,CC,TT,CC,TT,TT,GG,GA,TC,CC,CC,TT,CC,CC,CC,AA,AG,AA,AA,GG,AG,TA,NC,GG,TT,GA,CT,GG,CT,GG,TT,GG,AG,GG,TT,GA,AA,TC,AA,NN,AG,CC,AA,CG,GG,CC,CC,CC,GG,GA,AA,GA,CC,TT,AA,TT,AG,AT,TT,TT,TC,GT,CC,CC,CT,TT,TT,AA,GG,GG,TT,GG,CC,CT,GG,GA,CN,CC,AG,CC,GG,GT,TT,GG,CC,CC,GG,AA,AG,GG,CT,CG,AA,GG,CC,GG,GG,CC,GG,TT,AA,TT,TT
Italy,,,,NA20778,,TC,AA,TT,TC,NN,CT,GA,NA,CA,TT,TT,GA,CC,CC,CC,NN,GA,CC,GA,CC,GG,AA,TT,AA,AA,TT,GA,TT,CA,TT,GC,CC,CC,TG,AA,AA,TT,GG,TT,GG,TT,CC,GG,GG,GA,TC,TT,GN,CN,NA,TC,CT,TT,TT,CT,AA,CC,CC,CC,AC,GG,AA,TT,TT,CC,GG,GG,AA,GT,TC,TT,GG,CC,GA,TT,TA,GG,CC,GG,AA,GG,AA,CC,GT,CC,CT,TT,TT,GG,GG,CT,GG,CC,GA,TT,GG,AT,TT,CC,AA,TT,CT,GG,CC,CC,TT,GT,TT,CT,AA,CG,TT,GG,GG,AA,CC,TC,TT,CC,TT,TT,GG,GA,CC,CC,CC,TT,CN,CC,CC,AA,AG,AA,GG,GG,AG,TT,NN,GG,TT,GA,TC,GG,TT,NN,TT,GG,AA,GG,CT,GG,TA,CC,AN,NN,AA,CT,AA,GG,GN,CC,CC,CC,GG,GG,AA,GG,CC,TT,GA,TC,AA,TA,CT,TT,CT,GG,TC,CC,CC,TT,TC,AA,GA,GG,CT,GG,CC,TT,GA,AG,NC,CT,AA,TT,GA,GG,TT,GA,TC,GC,GG,AA,AG,GG,CC,CC,CA,GN,CG,GG,GG,CT,GT,TT,AA,TT,TT
Italy,,,,NA20783,,TC,AA,CT,CT,NN,CC,AG,AN,AA,TT,TT,AA,CC,CC,TC,NN,GA,CC,GA,TC,GG,AA,TT,AT,AA,TC,AA,NT,AA,TT,CC,CC,TC,GG,AA,AA,TT,GA,AA,AA,CC,TC,GG,GG,GG,CC,CT,NG,NN,AA,TC,TT,TT,TT,TC,GA,AC,TC,CC,CC,GG,AA,AT,TT,CC,GC,GG,GA,GG,TT,TT,GA,CC,AA,TT,TT,GG,CC,GG,AA,AG,AN,CC,GG,CC,CT,TT,TT,GG,AA,CC,GG,CC,GG,TT,GG,AT,GT,CG,AC,TT,TT,GG,CC,CT,CC,TT,TT,CC,AA,GG,TT,GG,GA,AA,TC,CT,TT,CC,TT,TT,GG,AG,TC,CC,CG,TA,CC,CC,CG,AA,AG,AA,GG,AA,GG,TA,NC,GG,GT,GG,TC,GG,TC,GG,TN,GT,AG,GG,TT,GA,TA,CT,AA,NN,AA,CC,AA,CG,GG,CC,CG,GG,GG,AG,GG,AA,TC,TT,GG,CT,AA,TT,TT,GG,CT,GT,TC,TC,TC,TT,CT,AA,GG,GG,CT,GG,TC,TT,GA,AA,NC,TC,AG,TT,GG,TG,TT,AG,CC,CC,GG,AA,GG,GT,CC,CG,AC,NN,CC,GA,GG,CT,GG,TT,AA,TT,TT
Italy,,,,NA20785,,CT,AA,TT,CC,NN,CC,GA,NA,CC,TT,TC,GG,CC,CC,TT,NG,GG,CC,AG,CC,GG,AA,CT,AT,AG,TT,AA,NN,AA,TT,CG,AC,TC,TG,AG,AA,TA,GA,AA,AA,CC,CC,GG,NG,AG,CC,TT,GN,NN,NA,CT,TC,TT,TT,TT,AA,CC,CC,CC,CC,GG,AA,AT,TT,TC,CC,GG,GG,TT,CC,TT,GG,CC,AA,TT,TT,GG,TC,GG,AA,GA,NA,CC,TG,CC,CT,TA,TT,GG,AG,CC,GG,CC,GG,TT,GG,TT,TT,CG,AC,TT,CC,GA,CC,CT,TC,TT,TC,CC,AA,GC,TC,GG,GG,GG,CC,TT,TT,CC,TT,TT,GG,AG,CT,CC,CG,TT,CC,CC,GC,AA,AA,GG,GG,AG,GA,TT,CN,AA,TT,AG,TT,GG,TT,GG,TT,GG,AG,GG,TT,GG,AA,CC,AA,NN,AA,CT,AT,GG,NG,TC,CC,GC,GG,AG,GA,GG,CC,TT,AA,TT,AA,TT,TC,TT,TT,TT,CT,CC,CC,TT,TT,AA,GG,GA,TT,GA,TC,TT,GA,AA,NN,CC,GG,CT,GG,GG,TT,GG,CC,CC,GG,AA,GA,GT,CC,CG,AA,NG,CC,GG,GG,CC,GG,TT,AA,TT,TT
Italy,,,,NA20786,,TT,AA,CC,CT,NN,CT,GG,NN,CA,TT,CT,GG,CC,CC,CT,NG,GG,CC,AG,CC,GG,AA,TC,AT,AA,TC,AA,TN,AC,TT,CC,CC,TC,GG,AA,AA,AT,GG,AA,AA,CC,CC,GG,NN,GA,CC,TT,GN,NC,NA,CC,TT,TT,TC,TT,AA,CC,CC,CC,CC,GG,AA,TA,CT,CC,GC,GG,GG,GT,CT,TT,GG,CC,AA,TT,TT,AA,CT,NG,AA,GG,AN,CC,TG,CC,CC,TT,TT,GG,GG,CC,GG,CC,GG,TT,GG,TA,TT,CC,AC,TT,TT,GG,CC,TC,TT,TG,CT,CT,AA,CG,TT,GA,GG,AA,CC,TC,TT,CA,TT,TT,GG,GG,CT,CC,GC,TT,CC,CC,GG,AA,GG,AA,GG,GG,AA,TT,NC,AG,TT,GG,TC,GG,TT,NN,TT,GG,AA,GC,TT,AG,AA,CT,NA,NN,GA,CT,AA,GC,GG,CC,CC,GG,GN,GG,AA,GG,CT,TC,AG,TT,AA,TT,CT,TT,TT,GG,CT,CC,CC,TT,TT,AA,GG,GG,CC,GG,CT,TC,GG,AA,CN,CC,AG,CC,GG,GG,TT,GA,CC,CG,GG,AA,GG,TT,CC,CG,AC,GG,CC,GA,GG,CC,GG,TC,AA,TT,TT
Italy,,,,NA20787,,TT,AA,CC,CT,NN,CC,GA,NA,CC,TT,CT,GG,CC,CC,TC,NG,GA,CC,GG,CC,GG,AA,TT,AT,AG,TC,AA,NT,AA,TT,CC,CC,CC,GT,AA,AA,TT,GA,AA,AA,CC,CC,CG,GG,AG,CC,TT,NN,CN,AA,CT,TC,TT,TT,TT,GA,AC,CC,CC,CC,GG,AA,AT,TT,CC,GC,GG,GG,TT,TC,TT,GG,GC,GA,TT,TT,GG,CC,GG,AA,GA,AA,TC,TG,CT,CT,TT,TT,GG,AA,TC,GG,CC,GG,TT,GG,AA,TT,CC,CA,TT,TT,GG,CC,TC,CT,TT,CC,TT,AA,GG,TT,GG,GG,AA,CT,CC,TT,AC,TT,TT,GG,GG,CC,CC,CC,TA,CC,CC,CC,AA,AG,AA,AG,AA,GA,TT,NC,GG,TT,GA,TC,GG,TT,GN,TT,GG,GG,CG,TT,GA,AT,CC,AA,NN,AA,TT,AA,CG,GG,CC,CC,CC,GG,GA,AA,GG,CC,TT,AG,TT,GG,AT,TT,TT,TC,TT,CC,CC,CC,TT,TT,AA,GG,GG,TT,GA,CC,CC,AG,AA,NN,CC,AG,TT,GG,GG,TT,GA,CT,CC,GA,AA,GA,TT,TT,CC,AA,GN,CC,GG,GG,CC,GG,TT,AA,TT,TT
Italy,,,,NA20790,,TT,AA,TT,TT,NN,CC,AG,AN,AA,TC,TC,GA,TC,CC,TC,NG,GG,CG,GG,CC,GG,AA,CT,AT,AA,TC,AG,NT,AA,TT,GC,CC,CC,GT,AA,AA,TT,AA,AA,AA,CC,CC,GG,GN,GA,CC,TT,NN,NN,AA,CC,TT,TT,TT,TT,AA,CC,CC,CC,AA,GG,AA,TT,TC,CC,GG,GG,AA,GG,TC,TT,GG,CC,AA,TT,TT,GG,CC,NG,AA,AG,NA,CC,GG,CC,CC,TT,TT,GG,AG,CC,GG,CC,GG,TC,GG,AA,TT,CG,AA,TT,CT,GG,CC,TC,CT,GT,TT,TT,AA,GG,CT,GG,GG,GA,CT,CC,TT,CC,TT,TT,GG,GA,TT,TC,CC,TT,CC,TC,GG,AA,GG,AA,AG,AG,AG,TT,CN,GG,GT,GG,TT,GG,CT,NG,TN,GG,AG,GC,TT,GG,AT,CC,AN,NN,AA,TT,AA,CG,GG,CC,GC,GC,GG,GG,AA,GA,TC,TT,AG,TT,AG,TA,TT,TT,CT,TG,CT,CT,TT,TT,CC,AG,GA,AA,CT,AG,TC,TC,GG,AA,NC,CC,AA,TC,GG,GG,TT,AG,CC,CC,GG,AA,GA,TG,CT,CC,AC,NN,CC,GG,GG,CC,GG,TT,AA,TC,TT
Italy,,,,NA20792,,TC,AA,TC,CC,NN,CC,GA,NA,AA,TT,CT,GG,CC,CC,CT,NN,GG,GC,GG,CT,GG,AA,TC,AT,GA,TT,AA,NT,AA,TT,CC,CC,CC,TT,AA,AA,TT,GG,AA,AA,CC,CC,GG,GG,AA,CC,CT,NG,NN,AA,CC,CT,TT,TT,CT,AA,CC,CC,TC,CA,GG,AA,AT,TT,CC,GC,GG,GG,GG,TT,TT,GG,CC,GA,GT,TT,GG,CC,GG,AA,GA,NN,CC,GG,CC,CC,TT,TT,AG,GA,CC,GA,CC,GG,TT,GG,AT,TG,CC,AA,TC,TT,GG,CC,CT,CC,TT,TC,CT,AA,GG,TT,GA,GG,AA,TC,CT,TT,AC,TT,NT,GG,GG,CC,CC,CC,TT,CC,CT,GG,AA,AA,AA,GG,GA,AG,AT,NN,AA,TG,AG,TC,GG,CT,NG,TN,GG,AA,CC,CT,GG,TA,CC,NA,NN,GA,CC,AA,CG,GN,CC,CC,CC,GG,GG,AA,AG,CC,TT,AG,TT,AG,TT,TT,TT,CC,TG,CC,CC,CC,TT,TT,AA,GG,GG,TC,GA,CT,TT,AG,AG,NN,CC,AA,TT,GG,GG,TT,GG,TC,CC,AG,CA,GA,GG,CC,CC,AA,NG,CC,AG,GG,CC,GG,TT,GA,CT,TT
Italy,,,,NA20795,,CC,AA,TC,CT,NN,CC,GG,AN,CA,TT,CT,GG,CC,CC,TC,NN,GA,CC,GA,CC,GG,AA,TT,AA,AA,CC,AA,NN,AA,TT,GC,CC,CC,TG,AA,AA,TT,GA,TA,GA,TC,CT,GC,GG,GA,CC,TT,NN,CN,NN,CT,TT,TT,TT,TC,AA,CC,CC,CC,CA,GG,AA,TT,TT,CC,CG,GG,AG,GT,TT,CT,AG,CC,AG,TT,TT,GG,CC,GG,AA,GA,AN,CC,GG,CC,TT,TT,TT,AG,GA,CC,GG,TC,GG,TT,GG,AA,TT,CC,AC,TT,TC,GG,GC,CT,CT,TT,TC,TC,CA,CC,TT,GG,GG,AA,CC,CC,TC,CC,TT,TT,AG,GG,CC,CC,GC,TA,CC,CC,CG,AA,GA,AA,AG,GA,AA,TT,CN,GG,TT,AG,TT,GG,TC,GN,TT,TG,AG,GG,TT,GG,AA,CC,AA,NN,AA,CC,TT,CG,GN,CC,CC,CC,GG,AG,AA,AA,TC,TT,GA,TT,AA,AA,TT,TT,TT,GG,TC,CC,CC,TT,CT,AA,GG,GG,CC,AG,TT,CT,GG,AG,NN,CC,GG,TT,GA,GT,TT,GG,CC,CC,GA,CA,AG,TG,TC,CC,AA,NG,CC,AG,AG,TC,GG,TT,AA,CC,TT
Italy,,,,NA20796,,TC,AA,CC,TC,NG,CT,AG,AN,AC,TT,TT,AG,CC,CC,CC,GG,AG,CC,GG,CT,GG,AA,TT,TA,AG,TT,AG,NT,AA,TT,CC,CC,CC,GG,AA,AG,TT,GG,TA,GA,TC,CC,CG,NG,AG,TC,TC,NN,CN,NA,CC,TC,TT,TT,TC,AA,CC,CC,CC,CC,GG,AA,AT,CT,CC,CG,GG,GA,TG,CC,TT,GG,GC,AA,TT,TT,GG,CC,GG,AA,GA,NN,CC,GG,CC,CT,TT,TT,GG,AA,CC,AG,CC,GG,TT,GG,TT,TT,CC,AA,TT,TC,GG,CC,TC,CT,TT,TT,TT,AA,CG,TT,GG,GG,AA,CC,TC,CT,CC,TT,TT,GG,GA,TT,TC,CC,TT,CC,CC,GC,AA,AA,AG,GA,AA,AG,TT,CN,AA,TT,AG,CT,GG,TT,GG,TN,GG,AG,GG,TT,GA,AT,CC,AA,NN,AA,TC,AA,CG,GN,CC,CC,CC,GG,GG,AA,GA,CT,TT,GG,TT,AG,TA,TT,TT,TT,GT,TT,TC,TT,TT,CT,GA,AG,GG,TT,GG,CT,TC,GG,AA,NN,CC,AG,TC,AG,GG,TT,GG,CC,CC,GA,AC,GG,TT,CC,GC,AA,NN,CC,GG,GA,CT,TG,TT,AA,CT,GT
Italy,,,,NA20797,,CT,AA,CC,CT,NG,CT,GG,AA,CC,TT,TT,GG,CC,TT,CT,NG,AA,GC,AG,TC,AG,AA,TT,AT,AA,CC,GG,NN,AA,TT,CC,CC,TC,GG,AA,AA,TT,AA,AA,AA,CC,CC,GG,GG,GG,CC,TT,GN,CC,NA,TT,TT,NT,TT,CC,AA,CC,CC,CC,AA,GA,AA,TT,TT,TC,CG,GG,GA,GG,CT,CT,AG,CG,AA,TT,TT,GG,CC,GG,AG,AA,AA,TT,TT,CC,CC,TT,TT,GG,GG,CC,GG,CC,GG,CT,GG,AA,TT,CC,AA,TT,CC,GG,CC,TT,CC,TT,CT,CT,AA,CC,TC,AG,AG,GA,CC,CC,TT,CC,TT,TT,GA,GG,CC,CC,GC,AT,CN,CC,CG,AA,GG,AG,GA,GG,AA,AT,CN,GG,TT,GG,CT,GA,TC,GN,NT,GT,GA,CC,TT,GG,TT,CC,AA,NN,AA,TT,AA,CC,GN,CC,CC,CG,GG,GG,AA,AG,CC,TT,GG,TT,GA,TA,TT,GT,CC,GT,TC,CC,CC,TT,CT,AA,GG,GG,CC,AG,CC,CT,GA,AG,NC,CC,AG,TC,AG,GG,TT,AG,CT,CC,GG,AA,GA,TT,CC,CC,CA,NN,CC,AG,AA,TT,GG,TT,AA,TT,TT
Italy,,,,NA20798,,TC,AA,CC,CC,NN,CC,GA,AN,CA,TT,TT,GG,CC,TC,CC,GG,GA,CC,GG,TT,GG,AA,TT,AA,AA,TT,AA,TT,AA,TT,GC,CC,CT,GG,AA,AA,AT,GG,AA,AA,CC,CC,GG,NG,GA,CC,TT,NG,NN,AN,CT,TT,TT,TT,TT,AA,CC,CC,CC,AC,GG,TA,AA,TC,CC,CG,GG,AG,GT,TT,TT,GG,CC,AA,TT,TT,GG,CC,NG,AA,GA,AN,CC,GT,CC,CC,TT,TT,GG,GG,TC,GG,CC,GG,CT,GA,TT,TT,CC,CC,TT,TT,GG,CG,CC,CT,TT,CC,CT,AA,GC,TT,AG,GG,AG,CC,CC,TT,CC,TT,TT,GG,AG,TC,CC,GG,TA,CC,CC,GC,AA,AA,AA,GG,AG,AG,TA,CC,AG,TG,AA,TT,GG,TT,NG,TN,GG,AG,GC,TC,GG,AA,CC,NA,NN,AA,CC,AA,GC,GN,CC,CC,CC,GG,GA,GA,GA,CC,TT,AA,CT,AG,AT,TC,TT,TC,TG,TT,CT,CC,GT,TT,AA,GG,GG,TT,AA,CT,TT,GG,AG,NC,CT,AA,TT,GG,GT,TT,GA,CC,GG,GG,AA,GG,TG,TC,GC,AC,NN,CC,GA,GA,CT,TG,TT,GA,TC,TT
Italy,,,,NA20799,,TT,AA,CT,CC,NN,CC,GG,NA,AC,TT,TC,GG,CC,CC,CC,GN,AG,CC,GG,CC,AG,GA,CT,AA,AG,TT,AG,NT,AC,TG,CG,CC,CT,GG,AA,AA,TT,AA,TA,GA,TC,CC,GG,NG,AA,CC,TT,GG,NN,AA,CT,CT,TN,TT,TT,AG,CA,CT,CC,CA,GG,AA,AT,TT,CC,CG,GG,GG,TT,CT,TT,GG,CC,AA,TG,TT,GG,CC,GG,AA,AA,AN,CT,GG,CC,CC,AT,GT,GG,GG,CC,GG,CC,GG,TT,GG,TA,TT,CG,AC,TT,TC,GG,CC,CT,TC,TT,CT,TT,AA,GC,TT,AG,GA,AA,CC,CT,CT,CC,TT,TN,GG,GG,TT,CT,GC,TT,NC,CC,GC,AA,GA,GG,GG,AG,AA,TT,NN,GG,TT,GG,TT,GG,TT,GN,TT,TT,AA,GC,TT,GG,TA,CC,AA,NN,AG,TT,AT,GG,GG,CC,CC,CC,GG,GA,AA,GG,CC,TT,AG,TT,AA,TT,TT,TT,TT,GG,TT,CT,CC,TT,TT,AA,GG,AG,CC,AG,TC,TT,GA,AG,NC,CC,AA,CC,GG,GG,TT,GG,CC,CC,GG,AA,GG,GG,CC,CC,AA,GN,CC,GG,GA,CT,GG,TT,AA,CC,TT
Italy,,,,NA20800,,TT,AA,CC,CC,NN,CC,GG,NN,CA,TC,CT,AG,CC,TC,TC,NN,AA,CG,GG,CT,GG,AA,CT,TT,GA,TT,AA,NN,CC,TT,CC,CC,CC,TT,GA,AA,TT,GA,TT,GG,TT,CC,GG,NG,GG,CC,TT,NN,NN,AN,CC,TT,TT,TT,CT,AA,CC,CC,CC,CA,GG,TA,AT,CT,CC,GG,GG,GG,TT,TC,TT,GG,CG,AG,TT,TT,GG,CC,GG,AA,AA,NA,CT,GT,CT,TT,TA,TT,GG,GA,CC,GG,CC,GG,TT,GG,AT,TT,CC,AA,CT,TC,GG,CG,CC,TT,TT,TT,TT,AC,GC,TT,AG,GG,AG,CC,TT,TT,AC,TT,TT,GA,GG,CC,CC,CC,TT,NC,CC,GG,AA,GA,AA,GA,GG,AA,TT,NN,AA,TT,GG,TT,GG,CT,GN,TT,GG,GG,CG,TT,GG,AA,CC,AA,NN,AA,TT,AA,CG,GN,CC,CC,CG,GG,AG,GA,AA,CC,TC,GA,TT,GA,TT,TT,TT,CC,TT,CC,CC,CT,TG,CT,AA,AG,GG,CT,GA,CC,CT,GA,AG,NN,CC,AA,TT,GG,GT,TT,GG,CC,CC,GG,AA,AA,GG,TC,CC,CA,NN,CC,GA,GG,TC,GG,TT,AA,TC,TT
Italy,,,,NA20801,,CC,AA,CC,CC,NN,CC,GG,AA,CA,TT,CC,GG,CC,CC,CC,NN,AA,CC,GG,CC,GG,AA,TC,TT,AA,TT,AA,NN,AA,TT,GC,CC,CC,GG,AA,GG,TA,GA,AA,AA,CC,CC,GG,NN,AG,CC,TC,NG,CN,NN,CT,TT,TT,TT,TT,AA,CC,CC,CC,AA,GG,AA,AT,TT,CC,GG,GA,GA,GG,TT,TT,GG,CC,AA,TT,TT,AG,CC,GG,AA,AG,NA,CC,GT,CC,TC,TT,TG,GG,GA,TC,AG,CC,GG,TT,GG,AA,TT,CC,AA,CT,TT,GG,CC,CC,TC,TT,CC,TT,AA,GC,CT,GA,GG,AG,CC,CC,TT,CC,TT,TN,GG,GG,TT,CT,GC,TT,CN,TC,GG,AA,GG,AA,GG,AA,AA,TT,NC,GG,GT,GA,TT,GA,TC,GG,TN,TG,GA,CG,TT,GG,AT,CC,NA,CN,AA,CT,AA,CC,GG,TC,CC,GG,GG,GG,AA,AG,CT,TT,AA,TT,AG,AT,TT,GT,TT,GG,CT,CC,CC,TT,TT,AA,GA,AG,CC,GG,CC,CC,GG,AA,CC,CC,GA,TC,GA,GG,TT,GG,CC,CC,GG,AA,GA,GT,CC,GC,CC,NN,CC,AA,AA,CT,GT,TT,AA,TT,TT
Italy,,,,NA20802,,TT,AA,CC,CT,NN,CC,GG,NA,CC,TT,CC,GA,CC,CC,CT,NG,AG,CC,GG,CC,GG,AA,TT,AT,AG,CC,GA,TN,AA,TT,CC,AC,CC,TT,GA,GA,TT,AA,AA,AA,CC,CC,GG,GN,GA,CC,TT,NG,NN,AN,CC,TT,TN,CT,TC,AA,CC,CC,CC,CA,GA,AA,TT,CT,CC,GG,GG,AG,TT,TC,TT,AG,CC,AA,TT,TA,GG,CC,GN,AA,AA,NN,CC,TT,TC,CC,TT,TT,GG,GA,CC,GG,CT,GG,CT,GG,TT,TT,CC,CC,TT,CC,GG,GC,CT,TC,TT,CT,TT,AC,GC,TT,GA,GG,GA,CC,TT,TC,CC,TT,TN,GG,GG,TT,CT,CC,TT,CC,TC,GG,AA,AA,AA,GG,AG,AA,TT,CN,GA,TT,GG,CT,GG,TT,NG,TT,GG,GA,GG,TT,GG,TA,CC,NA,CN,AA,CT,TA,GG,GN,CC,GC,CC,GG,GG,AA,GA,TC,TT,GA,CT,AA,TT,TT,TT,CC,TT,CT,CC,CC,TG,CT,AA,GG,GG,TT,GG,CT,TT,AG,AA,NN,CC,GA,TC,GG,GG,TT,GA,CC,CG,GG,AA,AA,GT,TC,CC,AA,NN,CC,GG,GG,TT,GG,TT,AA,TT,TT
Italy,,,,NA20803,,CT,AA,CC,CC,NN,CC,GG,AN,CA,TT,CC,GA,CC,CC,TC,NN,GA,CC,GG,CC,GG,AA,TT,AT,AG,TT,AA,NT,AA,TT,CC,CC,CC,GT,AA,AA,TT,AA,AA,AA,CC,CC,GG,GG,AG,CC,TT,NN,CN,NA,TT,TT,NT,TT,TC,GA,AC,CC,CC,CC,GG,AA,TT,CT,CT,CC,AG,AG,TT,TC,TT,GG,CG,AG,TT,TT,GG,CC,NN,AA,GA,AN,CC,GT,CC,CC,TT,TG,GG,GG,TC,GG,CC,GG,TC,GG,TA,TT,CC,AA,TT,TC,GG,GC,TT,CC,TT,TT,TT,CA,CC,TT,GG,GG,AA,CC,CC,TT,CC,TT,TT,GG,GG,CC,CC,CC,TT,CC,CC,CG,AA,AA,AA,GA,AA,AA,TT,NN,GG,TT,AA,TT,GG,TT,GG,TT,GG,AG,GC,TT,GG,AA,CC,NA,NN,AA,CC,AA,GC,NN,CC,CC,GG,GG,GG,AA,AA,CT,TT,GA,CT,GG,AT,TT,TT,TC,TG,CC,CT,TC,TG,TT,AA,GG,GG,TT,GG,CT,CT,GA,AA,NC,TC,AG,TT,GG,TG,TT,GA,CC,CC,GG,AA,GG,TT,TT,GC,CC,GN,CC,GG,GG,TC,GG,TC,AA,TC,TT
Italy,,,,NA20804,,CT,AA,CC,CT,NN,CC,GG,NA,CC,TC,TC,GA,CC,CC,CT,NN,AG,CC,GG,CC,GG,AA,TC,AT,GA,TC,AG,NN,AA,TT,CC,CC,CC,TT,AA,AA,TT,GA,AA,AA,CC,CC,GG,NG,GG,CC,TC,NN,NN,AN,CC,TT,NT,TT,TT,AA,CC,CC,CC,AA,GG,AA,AT,TT,CC,GG,GG,GA,TT,CT,TT,AG,CC,AA,TT,TT,GG,CC,GG,AA,GG,AA,TC,TG,CT,CT,TT,TT,GG,AG,CC,GG,CC,GG,CT,AG,TT,TT,CG,CC,TC,TC,GG,CC,CT,TC,TT,CT,TC,AA,CC,TT,AG,GG,AA,CC,TC,CT,CC,TT,NT,AG,GG,CT,CC,CC,TT,CN,CC,GC,AA,GG,AA,GG,AG,AA,TT,CC,GG,GT,GG,CT,GG,TT,GG,TN,GG,AA,CG,TT,AG,TA,CC,NA,CC,AA,TC,AA,CC,NN,CC,CC,GC,NG,AG,AG,AA,TT,TT,AA,TC,GA,TT,TT,GG,TC,TG,CT,CC,CC,TT,TT,AA,GG,GG,TT,AG,CT,TT,AG,AG,NC,CC,AA,CT,AG,GG,CC,AG,TC,CC,GG,AA,GG,GG,CC,GC,AC,GN,GC,GA,GA,CC,GG,TT,AA,CT,TT
Italy,,,,NA20805,,CT,AA,CC,CT,NN,CC,AG,NA,AC,TT,TC,AG,CC,CC,TC,NG,AA,CC,GA,CC,GG,GA,TT,AA,GG,TT,AG,TN,CA,TT,CG,CC,CC,GT,AA,GA,TT,AG,AA,AA,CC,CC,GG,GG,AA,CC,TT,GN,NC,AA,CT,TT,TT,TT,TT,AA,CC,CC,CC,AC,GG,AA,TT,TT,CC,GG,GG,GG,GG,CT,TT,GG,CC,AA,TT,AT,GG,CC,GG,AA,GA,AA,CC,TT,CC,CC,AT,TT,AG,AG,CC,GG,CC,GG,TT,GG,TT,TG,GG,AA,TT,TT,GG,CC,CC,TT,TT,TT,TC,AA,GC,TT,GA,GG,AA,CC,CT,TT,CC,TT,TT,GG,GG,CC,CC,CG,TA,CC,CC,CC,AA,GG,GA,GG,AG,AA,TA,CC,GG,TT,AA,TT,GG,CT,GG,NT,GT,AA,CG,TT,GG,AA,CC,AA,NN,AA,CC,AA,GC,GG,TC,CC,GC,GG,GA,AA,GA,CT,TT,AA,TT,AA,TA,TT,GT,TC,TG,TC,CC,CC,GT,TC,AA,GG,GG,TT,GG,TC,CC,GG,GA,NN,CC,GA,CC,GG,GT,TT,GG,TC,GC,GA,CA,GG,GG,CC,GC,AA,GN,CC,AA,GG,TT,TG,TC,AA,CT,TT
Italy,,,,NA20806,,CT,AA,CC,CC,NN,CC,GA,AA,CC,TT,CT,AG,CC,CC,CC,NN,AA,CC,GG,CC,GA,AA,TT,AT,AA,TT,AA,NN,AA,TT,GC,CC,CC,GT,AA,AA,TT,GG,TA,AA,CC,CC,GG,NN,AG,CC,TT,NG,NN,AA,CC,TT,TT,TT,CC,AA,CC,TC,CC,CC,GG,AA,TT,TT,CC,GG,GG,GG,TT,CT,TT,GG,CG,AG,TT,TT,GG,CC,GG,AA,GG,AN,CC,GT,CC,TC,TT,TT,GG,GG,CC,GG,CC,GG,TT,AG,TT,GT,GC,AC,TT,TC,GG,CC,TT,CT,TG,TT,CC,AA,CC,TT,AA,GG,GA,CC,CT,TT,CC,TT,TT,GG,GG,CT,CC,CG,TT,CC,CC,GC,AA,AA,AG,GA,AA,AG,TT,CN,GA,GT,GG,TT,GG,CT,GG,TN,GG,AG,GG,TT,GA,TT,CC,NA,NN,AA,CC,TA,CG,GN,CT,CC,CG,GG,GA,AA,GA,CC,TT,AG,CT,AG,TT,TT,TT,CC,GG,CT,CC,CT,TT,TT,AA,GG,GG,CT,GG,CC,TC,GG,AG,CC,CC,AA,CC,GG,TG,TT,GG,CC,CG,GA,CA,GA,GG,CC,CC,AC,NG,CC,GG,AG,TT,TG,TT,AA,TC,TT
Italy,,,,NA20807,,CT,AA,CC,TC,NN,TC,GA,AA,CC,TT,CC,AG,CC,CT,TC,NG,GA,CC,GG,CC,GG,AA,TT,AT,AG,TC,GA,TN,AA,TT,CC,CC,CC,GG,AA,AA,TT,GA,AA,AA,CC,TC,GG,GG,GG,CC,TT,GN,NC,NA,TC,TT,TT,TT,TC,AA,CC,CC,CC,AC,GG,AA,TA,TC,TC,CG,AG,AG,GT,TT,TT,GG,CC,GG,TG,TA,GG,CC,GG,AA,AG,AA,CC,GG,CT,CT,TT,TT,GA,AG,CT,GG,CC,GG,TT,GG,TA,TT,CG,AA,TT,TT,GG,GC,CC,TT,TT,TC,TT,AA,CC,TT,GG,GG,AG,CC,TT,TT,CC,TT,TT,GG,AG,TC,CC,CC,TT,CC,CC,CG,AA,AA,GA,GG,GA,AA,TT,NC,GG,TT,GG,TT,GA,CT,NG,TT,TT,GG,GC,TT,GG,AA,CC,AA,NN,AA,CC,AT,GC,GG,CC,CC,GC,GG,GG,AA,GA,CC,TC,GG,TT,GA,TT,TT,TT,CT,GG,TT,CC,CC,GT,TT,AA,GG,AA,CT,GG,CT,TT,GG,AA,NN,CT,GA,TC,GG,GG,TT,GG,CT,GC,GG,CA,GG,TG,CC,CC,AA,NN,CC,AG,GG,TC,GG,TT,AA,CC,TT
Italy,,,,NA20808,,CT,AA,CT,CC,NN,CT,GA,AA,AC,TT,CC,AA,CC,CC,CC,GG,GA,CG,GG,CC,GG,AA,TT,TT,AA,TC,GA,NT,AA,TT,CC,AC,TC,GG,AA,AA,TT,AG,AA,AA,CC,CC,GG,GN,AA,CT,TT,NN,NN,AA,TT,TT,TT,TT,CT,AA,AC,TC,CC,AC,GG,AA,TT,CC,CC,GG,GG,GA,TT,CT,TT,GG,GC,AA,TT,TT,GG,CC,GG,AA,AG,NN,CC,GT,CC,CC,TT,TT,GG,GA,CC,GG,CC,GG,TC,GG,AA,TT,CC,AA,TT,TT,GG,CC,CC,TT,TG,CT,TT,AC,GG,TC,AG,GG,AA,CC,TC,TT,CA,TT,TT,GG,GA,CT,CC,CG,TA,NC,CC,CG,AA,AG,AA,GG,GG,AA,TT,CN,AA,TT,AA,TT,GG,TC,NN,TT,TG,AA,CG,TT,GG,AT,CT,NA,NN,AA,CT,AA,GC,GN,CC,CC,CG,GG,GG,AA,AA,CC,CT,AG,TT,AA,AT,TT,TT,TC,TG,CT,CC,CC,TT,CC,AA,GG,GG,CT,AG,CT,CT,GA,AA,NC,CC,AA,CT,GG,TG,TC,AG,CC,GC,AG,AA,GG,TG,TC,GC,CC,NN,CC,GA,GG,TT,TT,TT,AA,CT,TT
Italy,,,,NA20809,,TT,AA,CT,TC,NN,TC,GA,AA,CC,TT,CT,GA,CC,CC,TC,GN,AG,CC,GG,CC,GG,AA,TT,TT,AA,TT,AA,TN,AA,TT,GC,CC,TC,GG,AA,AA,TT,AG,AT,AG,CC,CC,GG,GG,AA,CC,TT,NG,NN,NN,CT,CT,TT,TC,TT,AA,CC,CC,CC,AC,GG,AA,TA,TT,CC,GG,GG,GA,GT,CT,TT,AA,CC,AA,TT,TT,GG,CC,GG,AA,AG,NA,CC,GT,TC,TT,TT,TT,GG,GG,CC,GG,CC,AG,TT,GG,AT,TT,GC,AC,TT,CC,GA,CG,CC,TT,TT,TT,TT,AA,CG,TT,AG,GG,AA,CC,CC,TC,CC,TT,TT,GG,GA,CC,CT,GC,TT,CC,CC,CC,AA,AA,AA,GG,GG,AA,TT,NC,GA,GT,AG,TT,GA,TT,GG,TN,GT,AG,CG,TT,GG,AT,CC,AA,NN,AA,TT,AA,CC,GG,CC,CC,GC,GG,GG,GA,AG,CT,TT,AG,TT,AA,TT,CT,TT,CC,GT,TC,CC,CC,GT,TT,AA,AG,AG,CT,GA,CC,TC,GG,AA,NN,CT,GA,TT,GG,TG,TT,GA,TC,CC,GG,AA,GG,GT,CT,CC,CA,GN,CC,GA,GG,CC,GG,CC,AA,TT,TT
Italy,,,,NA20810,,CT,AA,CC,TC,NN,CC,GG,NA,CC,TT,CC,GA,CC,CC,CC,GG,AA,CC,GG,CC,GG,AA,CT,TT,AA,TC,AG,NN,AA,TT,CC,CC,TC,TG,AA,AA,TT,AG,AA,AA,CC,CC,GG,GG,AG,CT,TT,NN,NN,NA,TT,TT,NT,TT,CC,AA,CA,CT,CC,CA,GG,AA,AT,CT,CC,GC,GG,AG,GT,CC,TT,GG,CC,AA,TT,TA,GG,CC,GG,AA,GA,NN,CC,GG,TC,CT,TT,TT,GG,AA,CC,GG,CC,GA,TT,GG,TT,TT,CC,CA,TT,TC,GG,CG,CC,TC,TT,TC,TT,CA,GC,TT,GG,GG,AG,CC,CT,TT,CC,TT,NT,GG,GA,TC,CC,CC,TT,CC,CC,GG,GA,GA,AA,AA,AA,AA,TT,NN,GA,TT,GG,TT,AG,TC,GN,NT,GG,AG,CG,TT,GG,TA,CC,NA,CN,AA,CC,AT,CC,GN,CC,CC,CG,NG,GG,GA,GA,CC,CT,GG,TT,AA,TA,TT,TT,TC,GG,CC,CC,CT,TT,TT,GA,GG,GA,TT,GG,CT,TC,GG,AG,NN,CT,AG,TT,GG,GG,TT,GG,CT,GC,GG,AA,GG,GT,CC,GC,CA,GN,CC,GA,GA,CC,GG,TC,GA,CT,TT
Italy,,,,NA20811,,TT,AA,CT,CT,NN,TC,GG,NN,CC,TT,CC,GG,CC,CC,CC,NN,GG,CC,GG,CC,GG,AA,TT,AA,AA,CT,GG,NT,AA,TT,CC,CC,CC,GG,AA,AA,TT,AA,AA,AA,CC,CC,GG,GG,GG,CC,TT,NN,NC,AA,CC,CT,TT,TC,TT,GA,AC,TC,CC,CA,GA,AA,TT,TT,CC,GG,GG,GG,TG,CC,TT,GG,CG,AG,TT,TT,GG,CC,GN,AA,AG,AA,TC,TT,CC,TT,TT,TT,GG,GA,CC,GG,CC,GG,TT,GG,TT,TG,CC,CC,TC,TC,GG,CC,CC,TC,TT,TT,TT,AA,CG,CC,GA,GG,AA,CC,TC,TT,CC,TT,TT,GG,GA,TT,CC,CG,TT,CC,CC,CG,AA,AA,AA,GG,AA,AA,TT,CN,GA,GG,AG,TT,GG,CT,GN,TT,GG,AA,CG,TT,GA,TT,CC,AN,NC,AA,CT,TT,CC,NG,CC,CC,CG,GG,AG,AA,GA,CC,TC,AA,TC,GA,TA,TT,TG,CC,TT,TC,CC,CC,TT,CT,AG,GG,GG,TT,AG,CC,CT,GG,AA,CN,CC,AA,TT,GG,GG,TT,AG,CC,CC,GG,AA,GG,GT,CC,CG,CA,NG,CC,GG,GG,CC,GG,TT,GA,CT,TT
Italy,,,,NA20812,,TC,AA,CC,CC,NN,TC,GA,AN,AC,TT,TC,GG,CC,CC,CT,NN,GG,CC,GG,CC,GG,AA,TT,AA,AA,TC,AA,NT,AC,TT,CC,CC,CC,GT,AA,AA,TT,GG,AA,AA,CC,CC,GG,GN,GG,TC,TT,NN,CN,NA,TC,TT,NT,TT,TT,AA,CC,CC,CC,CC,GG,TA,AA,TC,CT,GG,GG,GG,GT,CC,TT,GG,GC,AA,TT,TT,GG,CC,GG,AA,AA,AN,CT,GT,CC,CT,TT,TT,GG,AG,CC,GG,CC,GA,TT,GG,AT,TT,CG,CA,TT,TT,GA,CG,CC,CT,TT,CC,TC,AA,CC,TT,AG,GG,AA,CC,TT,TT,CC,TT,NT,GG,GG,CT,CC,CC,TT,NN,CC,CG,AA,GA,AA,GG,AG,AA,TT,NN,GG,TT,GG,TT,GG,TT,GG,TT,GG,AG,GG,TT,GG,AT,CC,AA,NN,AA,CC,AA,CC,GG,TC,CC,CC,NG,GG,GG,AG,CC,TT,AA,TC,AA,AT,CT,TT,CT,TG,CC,CC,CC,TT,TT,AA,GG,GG,TT,AG,CT,TT,GG,AA,NN,CC,AG,TT,GA,GG,TT,GA,CC,CG,GG,AA,GA,TT,CC,CC,AA,NG,CC,GG,GG,TT,GT,TT,AA,TC,GT
Italy,,,,NA20813,,CT,AA,TC,CC,NN,CC,GG,AN,CC,TT,CC,AG,CC,CC,CT,GN,GG,CC,GG,TC,GG,AA,TT,AA,AA,CT,GA,NN,AA,TT,CC,CC,CC,GG,GG,AA,TA,AA,AT,AG,CT,CC,CG,NG,GA,CC,TT,GN,NC,NN,TC,TT,TN,TT,TT,AA,CC,CC,CC,CC,GG,TA,TT,TT,CC,CG,GG,GG,GG,CC,TT,GG,CC,AA,TT,TT,GG,CC,GG,AA,GA,AA,CC,GG,CC,CC,TT,GT,GG,GA,CC,GG,CC,GG,TT,GG,AA,TT,CG,CA,TT,TT,GG,CC,CC,TT,TT,CT,TT,AC,CG,TT,AG,GG,AA,CC,CT,TT,CC,TT,TT,GG,GG,CT,CT,CC,TA,CC,CC,CG,AA,AG,AA,AA,AA,AA,TT,CC,GG,TT,GA,TT,GG,CT,NG,TT,TG,GA,CG,TT,GG,AA,CT,AA,CN,AG,CC,AA,GG,GG,CC,CC,CC,GG,GG,AA,GA,CC,TT,AG,TT,AG,TT,TC,TG,CC,GG,CC,CC,CT,GT,TT,GA,GG,GG,TT,AG,TC,TT,AG,AA,NN,CT,GA,TT,GG,GG,TT,AG,CT,CC,GA,AA,GA,GG,CC,CC,AC,NG,CC,AG,GG,CC,TG,TT,AA,TT,TT
Italy,,,,NA20814,,TT,AA,CT,TC,NN,CC,AG,NN,CC,TT,CC,GA,CT,CC,TT,GG,AA,CG,GG,CC,GG,AA,CC,AA,GA,TC,GG,NT,AC,TT,CC,CC,CC,TT,AG,AA,TT,AA,AA,GA,TC,CC,GG,NG,GG,CC,CT,NG,CN,NA,TC,CT,TT,TT,TT,AA,CC,CC,TC,AA,GG,AA,TT,TT,CC,GC,GG,AA,GT,TT,TT,AA,CC,GA,GT,TT,GG,CC,GG,GA,AG,NN,CC,GG,CT,TT,TT,TT,AG,GG,CC,GG,CT,GG,TT,GG,TA,TT,CC,AA,TT,TT,GG,CG,CC,TC,GT,TT,TT,AC,CC,TT,GG,GG,GG,CC,CC,TT,CC,TT,TT,GG,GG,TT,CT,GC,TT,CC,CT,CG,AG,AA,AA,GG,GA,AA,TT,NN,GG,GT,GG,CT,GG,TC,NG,TN,TT,GA,GG,TC,GG,AA,CT,AA,NN,AA,CC,AA,CG,NG,CC,CC,CC,GG,GG,AA,GA,TC,TT,AG,TT,AA,TA,TT,TT,TT,TT,CC,CC,CC,TG,TT,AA,GG,GG,CT,GA,CC,CC,GG,GA,NC,TC,AA,TT,GG,TT,TT,GG,CC,GC,GG,AA,GG,GT,CC,CC,AC,NN,GC,AA,AA,TC,GG,CT,AA,TT,TT
Italy,,,,NA20815,,TT,AA,CC,CC,GN,TT,GA,AA,AC,TT,TT,GG,CC,CC,CC,GN,GA,CC,GG,CC,GG,AA,CT,AA,AG,CC,AG,NN,CA,TT,CC,CC,CC,TT,AA,AA,TT,GG,TA,GA,CC,CC,GG,GG,GG,CC,TT,NG,CN,AA,CT,TC,TT,TT,TC,AA,CC,CC,CT,CC,GG,AA,TT,TT,TC,GG,GG,AA,GT,CC,TT,GG,CC,AA,TT,TT,GG,CC,GG,AA,GG,AA,CC,GT,TC,TC,AT,TT,AG,AG,CC,GG,CC,GG,TT,GG,TT,GT,CC,CC,TT,CT,GG,CC,CC,TC,GG,TT,TC,CA,CC,TT,GA,GG,AA,CC,TC,TC,CA,TT,TT,GG,GG,CC,CC,GC,TT,CC,CC,GG,AA,AG,AA,AG,AA,AA,TT,CC,GG,TT,GA,CC,GG,TT,NN,TT,GG,AA,GG,TT,AG,AA,CC,AA,NN,AA,TT,TA,GC,GG,CC,CC,CG,GN,GG,AA,GG,CC,CT,GG,CT,AA,TT,CT,TG,TT,TG,CC,CC,CC,TT,TT,AA,GG,AG,TT,GG,CT,CC,GA,AA,CN,TC,GA,TT,GG,GT,TT,AG,CC,CG,GG,AA,GG,GT,CC,CG,AA,NN,CC,GG,GG,TC,TT,TT,AA,CT,TG
Italy,,,,NA20818,,TT,AA,CT,TC,NN,CC,GA,AN,CC,TT,CC,GG,CC,CC,TC,GN,AA,CG,GG,CT,GG,AA,TT,AT,AG,TT,GA,NN,AA,TT,CG,CC,CC,TT,GA,AA,TA,GG,AT,AG,CT,CC,CG,GN,GG,CC,TT,NN,CN,AN,TC,TT,TT,TT,TT,AA,CC,CC,CC,AC,GG,AA,TT,TT,CT,GG,GG,AA,GT,TC,TT,AG,CC,AA,TT,TT,GG,CC,GG,AA,AG,AA,CC,GT,TC,TT,TA,TT,GG,AA,CC,GG,CC,GG,TT,GG,AT,TT,CC,CC,TT,CT,GG,CC,TC,CC,TT,TT,TC,AA,CC,TT,GA,GG,GA,CC,CC,TT,CC,TT,TT,GG,GG,CT,CC,GC,TT,CN,CC,CG,AA,AG,AA,AG,AG,GA,TT,CN,AA,TT,GG,TC,GG,TT,GG,TN,GG,AG,GC,TT,GG,AA,TC,AA,NN,GG,TT,TA,CC,NN,CC,CC,CC,GG,GA,AA,AA,CC,TT,AG,TT,AA,TT,TT,TG,TT,GG,TC,CC,CC,TT,CT,AG,GG,AG,TT,GG,CC,TC,AA,AA,CN,CT,AG,TT,GG,TG,TT,GG,CT,CG,GG,AA,AG,GG,TC,GC,AC,NG,CC,GG,GG,CT,GT,TT,AA,TT,TT
Italy,,,,NA20819,,TC,AA,CC,TT,NN,CC,GG,AA,CC,TT,TC,AG,CC,CT,CC,NG,GG,CG,AG,CC,GG,AA,TC,AA,GG,TC,AG,TT,AA,TT,GC,CC,CC,GT,AA,GA,TT,GA,AA,AA,CC,CC,GG,GG,AG,CC,TT,NN,NC,AN,TC,TT,NT,TT,CC,AA,CC,CC,TC,AA,GG,AA,TT,CT,TT,CC,GA,GA,TT,CC,TT,GG,CC,AA,TT,AT,GG,CC,GG,AA,AG,AN,CC,TG,CC,CC,TT,TT,GG,AG,CT,GG,CT,GG,TT,GG,AT,TT,CG,AA,TT,TT,AA,CC,CC,TC,TT,CC,CT,AA,GC,TT,GG,GG,GA,CC,TC,TT,CC,TT,TT,GG,GG,CC,CC,CC,TT,CC,CC,GG,AG,AG,AA,GG,AA,AA,TT,CN,AG,GT,GG,TC,GG,CT,GG,TT,TG,AA,GC,TC,GG,TT,CC,AA,NN,AA,TC,AT,GC,NG,CC,CG,CG,GG,GG,AA,GA,CC,TC,AA,CT,AA,TT,TC,TT,TT,TT,TC,TC,CC,GT,TT,AA,GG,GA,TT,AG,CC,CT,GA,AG,NN,CC,AG,TT,GG,GG,TT,AA,CC,CC,GG,AA,AG,TT,CC,CC,CC,GN,GC,GG,GG,CC,GT,TT,AA,CT,TT
Italy,,,,NA20821,,TT,CA,CC,TC,NN,TT,AG,NA,CC,TT,TT,GG,CT,CC,TC,GG,GA,CC,GG,CT,GA,AG,TT,TT,GG,TT,AG,NN,AA,TT,CG,CC,CC,GG,AA,AA,TT,GG,AA,AA,CC,CC,GG,NG,GG,CC,TT,GG,CN,NA,CT,TT,TT,TT,CT,AA,CC,CC,CT,CA,AG,AA,TA,CT,CC,CC,GG,GA,TG,TT,TT,GA,GC,GA,TT,TT,GG,CC,NG,AA,GG,AN,CC,TT,CC,TC,TA,TT,GG,GG,TC,GG,CC,GG,TT,GG,AA,TT,CC,AA,TT,TT,GA,CC,CT,TC,GT,TC,CC,AA,GG,TT,GG,GG,GA,CC,TC,TT,CC,TT,TN,GA,GA,CT,CT,CC,AT,CC,CC,GC,AA,GG,AG,GG,GA,GA,TT,CC,GG,TG,AG,TT,GA,TT,GN,TT,TG,AG,CC,TT,GG,AT,CC,AA,NN,AA,CC,AA,CG,NN,CC,CC,CG,GG,AG,AA,GG,CC,TT,AG,TT,GA,AT,TC,TT,TT,GG,TT,CT,CT,TG,CC,AG,GG,GG,TT,GG,CT,CT,AG,AA,NN,TC,AA,TT,GG,GT,TT,AG,CC,CC,GG,AA,AG,GT,CT,CG,CA,NG,CG,GG,GG,CC,TT,TC,AA,TC,TT
Italy,,,,NA20822,,CC,AC,TC,CT,NN,TC,AA,AA,CC,TT,CT,GA,CC,CC,CC,GN,GG,CC,GG,TC,GG,AA,TT,TA,AA,TC,GA,NN,AA,TT,GC,CC,CC,GG,AA,AA,TT,AA,AA,AA,CC,CC,GG,GG,GA,CT,TT,GN,NC,AA,TC,TC,TT,TT,TT,AA,CC,CC,CT,AA,GG,AA,TT,TT,TC,GG,GG,GG,TT,TC,TT,GG,GC,AA,TT,TT,GG,CC,GG,AA,AG,NN,CC,GG,CC,TC,TT,TT,GA,GG,TC,GA,CC,GA,TT,GG,AA,TG,CC,CC,TT,TC,GG,GG,TC,TT,TT,CC,TT,AA,CC,CT,AG,GG,AA,CC,TT,TT,CA,TC,NT,GG,GG,TT,TT,CC,TA,CC,CC,GC,AA,AA,AA,AG,AA,AA,TT,NN,GG,TT,GA,TC,GG,CT,NG,TT,TG,GG,CG,TT,GG,TA,CC,AA,NN,GA,CC,AT,CC,GG,CC,CC,CC,GG,GG,AA,GA,CT,CT,AA,TC,AG,AT,CT,TT,TC,GG,TT,CC,CC,TT,TT,AA,GG,GG,TT,GA,TC,CC,AG,AA,NN,CC,GA,TT,GG,TG,TT,AG,CC,CC,GG,AA,GG,TG,CC,CC,AA,NN,GC,GA,GA,CC,GG,TT,AG,TC,TT
Italy,,,,NA20826,,TT,AA,CC,TC,NN,CC,AA,NN,CA,TT,TT,GG,CC,CC,CC,GG,GA,CC,GA,TC,GG,AA,TC,TA,AA,TC,AA,NN,AA,TG,CC,CC,CC,TT,AA,AA,TT,AA,AA,AA,CC,CC,GG,NG,AG,TC,TT,NN,CC,NN,CT,TT,TT,TT,TT,AG,CA,CC,CC,CC,GG,AA,AT,TT,CT,GG,GG,GG,GG,TT,TT,GG,GC,AA,TT,TT,GG,CC,NG,AA,AA,NN,CC,GG,CC,CC,TT,TT,GG,GA,CC,GG,CC,GG,CT,GG,AT,TG,CC,AA,TC,CT,GG,GC,CC,TT,GT,TC,TT,AA,GG,TT,GG,GG,AA,CC,CT,TT,CC,TT,TN,GG,GG,CC,CC,GC,AT,CN,CC,GG,AA,GG,AA,GG,AA,AA,TT,CC,GG,TT,AG,TC,GA,TC,GN,NT,GT,AA,GG,TT,GG,AT,CC,AN,NC,AA,CC,AA,CC,NN,CC,CC,CC,GG,GG,AA,AA,CT,TT,AG,TT,AA,TT,TT,TT,TT,TG,CT,CC,CC,TT,CT,GA,GG,GG,TT,AG,TC,TC,GA,AA,NN,CC,AG,TT,GG,GG,TT,GG,TC,CC,AG,AA,GG,TT,TC,CC,AA,NN,CC,AG,GA,CT,GG,TT,AG,TT,TT
Italy,,,,NA20827,,TT,AA,CC,TT,NN,TC,AA,AN,AA,TT,TT,AG,CT,CC,CT,NG,AG,CC,GG,CC,GG,AA,TT,TA,AG,CT,AA,NT,AC,TT,CC,CC,TC,GG,AG,AA,TT,AA,TA,GA,TC,CC,GG,GG,GA,CC,TT,GN,NN,AA,CC,TT,TT,TT,TT,GA,AC,TC,CC,AC,AG,AA,TT,TT,CC,GG,GG,GG,TG,CT,TT,AA,CC,AA,TT,TT,GG,CC,GG,AA,GG,NN,CC,GG,CC,CT,TT,TT,GG,AG,CC,GG,CC,GG,TT,GG,AA,TT,CC,AC,TT,TT,GG,CC,CC,TT,TT,CT,TT,AA,CC,TT,GG,GG,AG,CC,CT,TT,CC,TT,TT,GG,GA,CT,CC,CC,AT,CC,CC,GG,AA,AG,AA,GG,AG,AA,TT,NC,GG,TT,GG,TT,GG,CT,GN,NT,GG,AG,CG,CT,GG,AT,TC,AA,NN,AA,CT,AA,GC,NN,TC,CC,GC,GG,AG,AA,GA,CC,TT,AG,TT,AA,TT,TT,GT,TT,GG,TT,CT,CT,TT,TT,AA,GG,AG,TT,GG,CT,TT,GG,AG,CN,CC,GA,TT,AG,GG,TT,GG,CC,CG,GA,AA,GA,TT,CC,CC,AA,GG,GC,GA,GG,CT,GG,TT,AA,TC,GT
Italy,,,,NA20828,,CT,AA,CC,CC,NN,CC,GG,AN,CC,TT,CC,AG,TT,CC,CT,NG,GA,CC,GG,CT,GA,AA,TT,AA,GA,TT,AA,TT,AA,TG,GC,CC,CC,GG,AA,AA,TT,GA,AA,AA,CC,CT,CG,GN,AA,CC,TT,NN,NC,AA,CC,TC,TT,TT,TT,GA,AC,CC,CC,CA,GG,AA,TT,TC,CC,CC,GG,GG,TT,CC,TT,GG,GC,AA,GT,TT,AG,CC,NG,AA,AA,NN,CC,GG,CC,TC,TT,TT,GA,GG,CC,AG,CC,GG,TT,GG,AT,TT,CG,AC,TT,CT,GG,CC,TC,CT,TT,CC,TC,AA,GC,TT,GG,GG,AA,CC,CT,TT,CC,TT,TT,GG,GG,TC,CC,CC,TA,CC,CC,CG,AA,AA,AA,AA,AG,AA,TA,CN,GA,TT,GG,TT,GG,TT,GG,TN,GG,GG,GG,TT,GG,TT,CC,NA,NN,GA,CT,AA,CG,GN,CC,CC,GC,GG,GG,AA,AG,TC,TT,AA,TC,AA,TT,CC,TT,CT,GG,TC,CC,CC,TG,CC,AA,GG,GG,TT,GA,CC,TT,GA,AA,NN,CT,AA,TT,GG,GT,TT,GG,CC,CC,GG,AA,AG,TG,CC,CC,AA,NN,CC,GG,AG,TT,GG,TT,AA,TT,TT
Italy,,,,NA20832,,CT,AA,TC,CC,NN,CC,AA,NN,CA,TT,CT,GG,CC,CC,CT,GG,GA,GC,GA,CC,GG,AA,TT,AT,AA,CT,AA,TT,AA,TT,CC,CC,CC,GT,GA,AA,TT,GG,AA,AA,CC,CC,GG,GG,GA,CT,TT,NG,CC,AN,CC,TT,TT,TT,CT,AA,CC,CC,CC,CC,GG,AA,AT,CT,CT,GC,GG,AG,GT,TT,TT,GG,CC,AA,TT,TT,GG,CC,GN,GA,AG,NN,CC,GG,CC,CT,TT,TT,GG,GG,TC,GA,CC,GG,TT,GG,TT,TT,CC,CA,CT,TC,GG,CG,TC,CT,TT,CT,TT,AA,GC,TT,GG,GG,GA,CC,TT,TT,CC,CT,TT,GG,GG,CT,CC,CC,TT,CC,CC,GG,AA,AG,AA,AG,AG,AA,TT,CN,AG,GT,GG,CT,GG,TT,GG,TT,GG,AG,CG,TT,GG,AA,CC,AA,NN,AA,CC,AA,CC,GG,CC,CG,CC,GG,GG,AA,AA,CT,TT,AG,TT,GA,TT,CT,GT,TT,GT,CC,TC,TC,TT,TT,AA,GG,AG,TT,AG,TC,TT,GG,AG,NN,TC,GA,TC,GG,GT,TT,GG,CC,CC,GG,CA,GG,TG,CC,CG,AC,NN,CG,GG,AA,TT,GG,TT,AA,TC,TT
