,importance,stddev,p_value,n
10177,0.007720774390104257,0.004783580378788885,3.727454392238659e-07,20
150580964,0.006634978940901262,0.004994206085525453,5.0855115784503896e-06,20
202254288,0.006095690498547121,0.003006511735785733,1.2434918920342336e-08,20
90115375,0.005813236580394387,0.003864737942730597,9.929789465579916e-07,20
81,0.0053929971524763615,0.0018942511221047655,4.7331792300837084e-11,20
68009705,0.005269938121171847,0.0025934918913940795,1.2012998316831353e-08,20
242300443,0.00463078957275635,0.004854360416304716,0.00020867203361642716,20
6871621,0.004599932587208913,0.004909342621044065,0.00024809899444230816,20
75896873,0.004244482115225661,0.00282063286142316,9.873741992099741e-07,20
27290772,0.004238706997154423,0.002804184013898379,9.286695171678721e-07,20
163666321,0.0037316961502545597,0.001711134791451666,3.931195853880503e-09,20
51,0.0036465890350875193,0.0037779966211273094,0.00018602665753956462,20
50606563,0.003390359653585651,0.004829206615945316,0.0026977947482739115,20
95908174,0.003269998417814868,0.003498782021805946,0.00025415844466392546,20
31847585,0.0032282987791731584,0.003073913946625966,7.853584591365013e-05,20
151592787,0.0031396231379837714,0.004800833465798598,0.00434701838724104,20
9879584,0.003085955154461803,0.004032191934155459,0.001427157454718535,20
145649671,0.002967281083434012,0.0036477313422596893,0.0008753568158303485,20
123942108,0.002897132033174829,0.0033055861486837573,0.00046039468750190885,20
94539004,0.0028652150828551966,0.004401100109639279,0.0044751594636963914,20
162394576,0.002857210940745203,0.0013887667833387843,9.89192391200765e-09,20
12,0.002822759347828169,0.0027468298111590276,9.867480776429729e-05,20
172278880,0.002792012579214051,0.0027296163413329006,0.00010357234348356752,20
16,0.0027220365093750865,0.0008530573354092283,6.5951409438736e-12,20
167399504,0.0026521509483581813,0.003198536429203497,0.0007458170454967593,20
28293117,0.002608245595791772,0.001904996483985097,3.4607127105637215e-06,20
89531508,0.0025738902568225724,0.0038467695544291405,0.003743924574339099,20
132026345,0.0025075846725217316,0.0023456652178169006,6.497442932156669e-05,20
69867672,0.0024927181871245126,0.004682403389356986,0.01394838136086979,20
136662135,0.0024074515729560846,0.002524043660597819,0.00020896345498527038,20
67,0.0023613144000929785,0.0032536727052872266,0.0021277967448017194,20
19635773,0.0023542588451477497,0.002532017927049386,0.0002669598559555685,20
77634764,0.0023473323159525746,0.002210507549186706,6.981327666138093e-05,20
25899163,0.0023318458094198193,0.003403233075500963,0.0031918112805412575,20
67293254,0.0023286209372869516,0.0032898347014305262,0.002546551092420476,20
87775507,0.002326485098473183,0.002696988223633841,0.0005301467571163449,20
72478323,0.002297301594439724,0.0022827834998295177,0.0001224315867028582,20
122357049,0.002278285360766655,0.0021127972453249566,5.9173137597278485e-05,20
142781170,0.0022274305985029107,0.0018773643084144642,2.0159178963134505e-05,20
112542517,0.0022265352908314496,0.0013832389704143406,3.8729527143584396e-07,20
33247426,0.0022141642268708487,0.0012190072467019686,6.675086409069451e-08,20
94307138,0.002213603903351735,0.002047639198428108,5.757446431615932e-05,20
79569610,0.0021783780924407026,0.003306795811591804,0.004146867174966933,20
89840856,0.002157289216631214,0.004680219198464858,0.026609986295082183,20
43044877,0.002151522372567083,0.0023262583474691766,0.00028068111967791587,20
71669140,0.0021500056100499793,0.001723429744416703,1.1091062090853737e-05,20
10,0.0020727703915482203,0.002401992551379834,0.0005284467420061137,20
211866197,0.002065710243756594,0.0022977890795531485,0.00036561568422277627,20
20229242,0.002037748455452945,0.0023062853347719514,0.0004280632119111476,20
116704056,0.0019794531698701908,0.0017786359968418423,4.1839711968048465e-05,20
224105619,0.0019783332176524448,0.0026485339845850426,0.0017184534913347457,20
82952542,0.001956867227793857,0.0025899883362940214,0.0015755473222131247,20
156973274,0.0019088575770425497,0.002453655308192005,0.0012556437323576043,20
156984216,0.0018803233177279582,0.0033519576483602345,0.010672517197207309,20
114339306,0.0018498363981396427,0.0018728102164853682,0.00014793282049449164,20
17552708,0.0018212778825330068,0.0045032192107302875,0.04317520133044038,20
158699973,0.0018104283810766258,0.0014549828574014214,1.1443846453127713e-05,20
14274022,0.001797419142199344,0.0038003221154976887,0.02392670312170724,20
26085823,0.0017908917693111675,0.002993764985120086,0.0074829913342929055,20
92335639,0.0017795220235590243,0.0026362964994313684,0.0035312474446080756,20
50314238,0.001766168710548141,0.004015359964367117,0.03197489599227278,20
46345635,0.0017625176703004147,0.0023543905026445606,0.001689988842587977,20
7265212,0.0017445123674107443,0.001956091542634688,0.00039337336439599323,20
65877053,0.001743002496214896,0.0018014386065383441,0.00018163856813736387,20
31044681,0.0017362146351134421,0.0023315796819066196,0.0017588416131906117,20
49405663,0.0017324226027421812,0.0011086415066877328,5.869847725584454e-07,20
103529452,0.0017236521561256352,0.005988586563438491,0.10674549410184939,20
83402886,0.0017137956458964404,0.0020421193648708378,0.0006731748667791256,20
147771903,0.0017063075636357867,0.002409595658140564,0.0025387356575623824,20
136965117,0.001703454108399427,0.0009120622334820307,4.390122377067671e-08,20
1000830,0.0016925790554383647,0.0024370818922149393,0.002908749715296132,20
69266567,0.0016863076753802137,0.005689206640878646,0.10035166306400058,20
121977170,0.001684780131864652,0.001972528512439386,0.0005782221997773266,20
168609026,0.0016641541690991912,0.0022282840618066367,0.0017205690637934648,20
72961247,0.00161342995979894,0.0008859538315291593,6.419072120702637e-08,20
135564058,0.0016019487857780873,0.0009257082889942176,1.3663881762241178e-07,20
162789957,0.0016000854610632525,0.0028472848608343156,0.010571622825032176,20
73683717,0.0015964357109227278,0.0023361573354737136,0.003250282314965759,20
25289097,0.0015747252418260027,0.002184817787742455,0.0022369238765292216,20
164392446,0.0015665585865474979,0.0018268638054389926,0.0005585489701190952,20
42354982,0.0015493786514175546,0.0022790782035732554,0.0033663852657083737,20
28,0.0015404123338835674,0.0006681075248331779,1.602848015909436e-09,20
31095661,0.0015400552141002389,0.003337549775879554,0.02649434399063922,20
4870012,0.001537573019033686,0.0031131231103532254,0.019835618184573772,20
7467944,0.0015324590486974516,0.0017576091807602965,0.00048222545876038696,20
4063134,0.0015312702098828873,0.0025678391298971214,0.007619591444422844,20
40047576,0.0015045774025804677,0.0035442874827137315,0.0364660737777943,20
36,0.001483261837697053,0.0025025846563521154,0.007890290453362507,20
31107694,0.0014823394898890007,0.0038080099685480137,0.04893879045275941,20
101733091,0.0014689973928909861,0.0012717341171084003,2.7483819306585704e-05,20
16626390,0.001461720040302869,0.003659714659083177,0.04501746270546217,20
53266674,0.0014407828303653642,0.0028581294164315273,0.018083991551064257,20
51064729,0.0014397557321402105,0.0010225107534353314,2.4033291570459106e-06,20
63020950,0.0014388499435735252,0.0012195655678863345,2.1527788496903887e-05,20
16643161,0.0014270671407987212,0.0012662308795244313,3.634108078294307e-05,20
20445568,0.0014238981721803462,0.0015991208396173697,0.0003990810799283018,20
165792726,0.001416017944450093,0.0013719093100784552,9.42734137902602e-05,20
26648033,0.0013840865375743083,0.00175071347451744,0.0011046750958621082,20
13421917,0.0013807118897547182,0.002107879814775282,0.004302325232795518,20
35821572,0.0013744348405808128,0.0018124590434340296,0.0015319541233888554,20
106512710,0.0013741881490611841,0.002302475450353319,0.007582729309934355,20
122013372,0.0013674329597484825,0.001692844450443829,0.0009275320529190084,20
26962138,0.0013598535244776055,0.0019824111149914516,0.003167335157025037,20
46839508,0.0013565940454635134,0.0011444095749843647,2.0370325466387913e-05,20
85472649,0.0013418547280173387,0.0016108226481401312,0.0007171187750391132,20
91513690,0.0013337796176486672,0.002213063457885288,0.0071671047455518075,20
28332170,0.0013327081334696012,0.0017385522918156823,0.0014094583305220183,20
70836212,0.0013143907604156763,0.0014691607062954923,0.0003822088872050457,20
21661128,0.0013139556263456781,0.002278809849148514,0.009202480628462477,20
47746437,0.0013057926801854718,0.0019261042647631375,0.003429865589344967,20
105331155,0.0013040141041628151,0.0061719154418931384,0.17829065337961836,20
141962953,0.0012980536613455607,0.0014532899687293335,0.00038799707839408707,20
56255724,0.0012941955039983744,0.002392505752351446,0.01287864405191824,20
20285344,0.0012822138841223018,0.0016489122360412627,0.0012601456916750324,20
66709024,0.001282138712725997,0.0007860116220760844,3.2072977791000807e-07,20
20084917,0.0012815009267333755,0.0020860972958246537,0.006405451879370675,20
81267738,0.00127818360252325,0.0018957184877371126,0.0035579795573088963,20
27241878,0.0012700920959930473,0.0020518655539000234,0.006120580696801438,20
114102167,0.0012683553611528425,0.0030683820261673948,0.040068850873478494,20
68609943,0.0012608276021290944,0.00185960458838734,0.0034277056252392394,20
139366494,0.0012607067727082727,0.0015853631508333922,0.0010538829418948435,20
32894251,0.001258862450248374,0.0019506884724589113,0.004732011175186011,20
93505359,0.001241885154878164,0.0014134454717657163,0.0004502213764052085,20
116016845,0.0012368823172734743,0.0009763218644521565,9.192236449710427e-06,20
77835060,0.00123598748345497,0.0008997136927022268,3.3141121862107525e-06,20
31822999,0.0012318274834622305,0.0007058316893146016,1.206958149432396e-07,20
38224432,0.0012293006510128185,0.0027947811218366615,0.03197416717657101,20
115140035,0.001228593223911534,0.0012132957392689142,0.00011491177910200996,20
157984470,0.001220524004546461,0.001996738403200014,0.006597307555266271,20
68276201,0.0012156484475972645,0.001343525679762123,0.0003445113409118124,20
67510249,0.0012130353185181076,0.0015334892882314477,0.001099689405414225,20
106442646,0.001205051510027169,0.0007465351779440543,3.721681074365439e-07,20
81646959,0.0012027244000291121,0.001253074147159916,0.0001965447804814673,20
29495508,0.0011920926449152714,0.0030284825625032405,0.04721847953984858,20
151176082,0.0011830440107788054,0.0005918492660181974,1.5511538612690614e-08,20
69276451,0.0011787121669170231,0.000985037909771949,1.8242688269318172e-05,20
90121833,0.001177879121886008,0.0019126753781005864,0.006311576615758598,20
119411891,0.0011626236831494496,0.0007360970051798228,5.056122326302274e-07,20
147937942,0.0011475468961193614,0.0017721767123162933,0.004631218732942946,20
25160422,0.0011429132527835339,0.0013523161505578317,0.0006336609344273152,20
118410936,0.0011406801253983385,0.0012730431115713274,0.00037688882862707096,20
51756362,0.0011368820906533128,0.0019339908345084112,0.008265726069368767,20
34295284,0.0011365329159228165,0.0009807765099040797,2.6495165251021623e-05,20
9070744,0.0011326962896763021,0.0019637093085674256,0.009183460840714686,20
125956725,0.0011318105402739142,0.0014893423376352297,0.0015071539940593186,20
27067070,0.0011219887816575653,0.00433252943595609,0.1305785083103085,20
189821951,0.0011183550145778959,0.0011980901747949604,0.00025719121662494876,20
85687687,0.001117689574682168,0.0022916594124590957,0.02097123804099729,20
25628115,0.0011165770344689519,0.0022719045939842775,0.020275029248487477,20
110123955,0.00111411285789641,0.0021715580563752544,0.01666572762590877,20
123325794,0.001092609029085656,0.0012371448909412502,0.00042978614780728413,20
227508929,0.0010921189098582252,0.0023376396797800086,0.025183194084416997,20
4795874,0.0010848154581359903,0.0007831113491179201,2.9744495502876835e-06,20
194226486,0.0010804442079669825,0.0005292239050561727,1.1161961035008692e-08,20
26322800,0.001080194700826312,0.0006549495231458243,2.7403517978578026e-07,20
100315894,0.0010780781171054992,0.0018227448233162683,0.007984211254977966,20
63346320,0.0010762302163906362,0.0009495979826990425,3.4118480046169205e-05,20
35638304,0.0010747809798698216,0.0015997167884132457,0.0036432660367261426,20
81894122,0.0010671171324362684,0.0014709608817009268,0.0021338417141661546,20
25128175,0.0010667900066668623,0.0007916935490201485,4.24776120873563e-06,20
30897094,0.001064101773792539,0.0020498511856181477,0.015763724001084965,20
79198341,0.0010596109846152725,0.001630460213918512,0.004525516018480192,20
239497790,0.0010592693266626458,0.0007730059809941206,3.4229474995807503e-06,20
60857457,0.0010588320573553494,0.0012355439873869168,0.000561614749293448,20
213895849,0.0010559489336511214,0.0005345795389974799,1.864474815437338e-08,20
212694370,0.0010511403585404643,0.0008170225528353832,7.602729301625417e-06,20
92117183,0.0010491105626735913,0.003136932530700072,0.07558477934511793,20
125755186,0.0010464404123087302,0.0015245046149951343,0.00315306150989825,20
105731198,0.001045629826346231,0.0005006564303665875,7.810884816304608e-09,20
2663101,0.0010442558068365776,0.002503924789036099,0.03884451758611314,20
46953957,0.001042692906787368,0.0011491910152144017,0.00033579779826822717,20
121338022,0.001038065701484414,0.0015341775990927963,0.003475017979661018,20
68376294,0.0010338141341217273,0.0015375321616054375,0.0036242480845772493,20
25490089,0.0010320913295954082,0.0007563629270073591,3.614644139580852e-06,20
241522286,0.0010309154086824452,0.0017988465357288608,0.009513880318058839,20
37706295,0.0010194375989081017,0.00489580647461662,0.1817115617372772,20
44043806,0.0010155044216197645,0.0011597992959612802,0.0004644041024618175,20
120175464,0.0010105351123077977,0.0008069975918376064,1.0596049030584348e-05,20
34298177,0.0010091828023112565,0.001472376849864221,0.0031846699362154717,20
130167063,0.00100388986307762,0.0021417082411752416,0.024841492664012886,20
51594712,0.001002996936235978,0.0016194371908039404,0.006099495354835429,20
218299615,0.0010007746565954545,0.0010264209658862784,0.00016836676391976263,20
166794068,0.0009963402321731762,0.0006891600558135415,1.6946785627046486e-06,20
13073768,0.0009885594721731118,0.002358595668226703,0.038167057993151676,20
8599461,0.0009867057373943778,0.0013699201555480412,0.002248020360765478,20
72,0.0009833113437642982,0.0006343546669557794,6.5661518310888e-07,20
18284519,0.0009789564895836573,0.0006410798204131333,8.075658668854625e-07,20
220675230,0.0009720528164782333,0.0007478256435393072,6.691044618687199e-06,20
69339964,0.0009657337882130274,0.0010855751418134493,0.00040243804275207773,20
73683515,0.0009653420644653826,0.001040447683325056,0.00027241381379846297,20
109644610,0.0009588393047702426,0.0007936302347539555,1.6286220682197962e-05,20
37834462,0.0009505253998373681,0.0019757565552271828,0.022254627636716866,20
212494010,0.0009505102879855648,0.0011829130478669592,0.0009684143884947776,20
75705608,0.0009435355521862171,0.0009616716952089488,0.00015819012166520932,20
124154167,0.0009422087155023573,0.0011522202389979924,0.0008380708122853535,20
38279587,0.0009378884426996497,0.0013582895481228244,0.0030275986097287634,20
125017426,0.0009354132341790278,0.0005181859455739732,7.320734835686376e-08,20
24286912,0.0009339121656330412,0.00255272141355825,0.05913511396015611,20
196042631,0.0009325544279253278,0.0006798595561437372,3.3793170584550153e-06,20
40826634,0.0009268669192296797,0.0006932947917170612,4.696350608075359e-06,20
77889316,0.0009215917972833804,0.0009300017037359143,0.00014316299565108687,20
127669430,0.0009182456881204143,0.0014332402154153077,0.004953501564952786,20
69,0.0009181479891229666,0.0006608178677330531,2.860972930854728e-06,20
50555544,0.0009165227513000501,0.0004638691194270586,1.8567148732526022e-08,20
9419701,0.0009132677749847135,0.0028791187625135137,0.08610863250704871,20
85316978,0.0009056902861484389,0.0005233140147920915,1.3644154228255318e-07,20
74015719,0.0009056030264588483,0.0014878438956626055,0.006764762028711571,20
11401093,0.0009054306090611724,0.0010512824433644861,0.0005375632891059029,20
77089322,0.0009030683671525569,0.0006183305213526795,1.479349340899222e-06,20
132586938,0.0008993048589078761,0.002477546200758346,0.060499655178065874,20
116855271,0.000898271206850268,0.00117454683677476,0.001435101513276446,20
88957967,0.0008927589341605369,0.0004961116593022044,7.671248951905601e-08,20
62874191,0.00089131760145027,0.0019334425068861976,0.026595327632311302,20
54120245,0.000890030146609777,0.0005323896492001042,2.2561918537035336e-07,20
166593682,0.0008890222364319605,0.0007565860792228219,2.2563745598319068e-05,20
113527942,0.000877636930991707,0.0011350576417890107,0.0013176718906477874,20
41441789,0.0008765947829697029,0.0009649483348862698,0.0003320148183567703,20
156798444,0.0008714169898845798,0.000902842831484953,0.0001860746196264165,20
6615728,0.000869534370133715,0.0011556679200220637,0.0016263725874196963,20
29051886,0.0008671825531504473,0.0014937871598703332,0.008864332851137411,20
92918347,0.0008634105559647664,0.0006093110829087732,2.2107853108835497e-06,20
76697364,0.0008626172603680621,0.0020176676220145565,0.035539147623822064,20
1217170,0.0008590100749757745,0.0008473759562496739,0.00011361247737188374,20
208486348,0.0008562444692350929,0.0021305213976429652,0.044098689592209084,20
106045412,0.0008491488028277954,0.0010182239302454145,0.0007103750935795043,20
115941733,0.0008483057464687526,0.0005767044515276541,1.3440362072659312e-06,20
144765833,0.000847150212209663,0.001152740221460297,0.0019404496134079717,20
217299345,0.0008452531821435072,0.001475221575554847,0.009525737820912867,20
25867555,0.0008448291155743026,0.002093343962798217,0.04348551697286403,20
101552095,0.0008435978134905791,0.0007436615502474275,3.3770171311043195e-05,20
40137437,0.0008434180437591532,0.0007694792241766152,4.9509356286426146e-05,20
186618623,0.0008398200057647742,0.000863277611514647,0.0001721561435304732,20
34837076,0.0008353172646814816,0.0010200183434977887,0.0008279673065589572,20
78197805,0.0008300317550958197,0.0008324138825726222,0.00013444808467028233,20
26489691,0.0008191546602795141,0.0007786217358150187,7.709625817806218e-05,20
108249540,0.0008163088237586463,0.000446505237827508,6.055848721823134e-08,20
31471144,0.0008159562430016226,0.000946861381340968,0.0005349051934153098,20
64222962,0.0008143610012137897,0.0005104617089441602,4.392938518764731e-07,20
66284399,0.0008065317134671568,0.000347021351833467,1.407178622794499e-09,20
215470153,0.0008056758945377441,0.0009160711920585448,0.0004462475741218831,20
19678889,0.0008047896840623819,0.0006489007580842774,1.1905045170604345e-05,20
136678543,0.0008019690199009832,0.0004972152722424113,3.763424772656485e-07,20
83908464,0.0008003382816769794,0.0007340926233459297,5.2499676299495355e-05,20
110854497,0.0007978338792634543,0.003599240205935298,0.1669920070245265,20
39083307,0.0007969456389177205,0.0016134858940597442,0.019830715285907494,20
30165735,0.0007965723291608634,0.0006641116250491694,1.7740593915402006e-05,20
168008276,0.0007937135714687182,0.0008017804358403204,0.0001446524636572013,20
161589520,0.0007931888993326808,0.0005242429244009095,9.165454676656941e-07,20
19080869,0.000789131246381114,0.0021450083133937726,0.05817924129032341,20
50838823,0.0007867871568988827,0.0009788276589390397,0.0009657374876294787,20
129358339,0.0007862191387429495,0.002782827676422827,0.11084832191539012,20
11620386,0.0007837654877061978,0.0012247587794154574,0.004989718410350727,20
129679756,0.0007833658292037693,0.0005569425445425487,2.437462380569259e-06,20
15873407,0.000782037702065777,0.0007082626452714234,4.5662868623640535e-05,20
89532732,0.0007818130889095942,0.0005312476951326233,1.3354431222252988e-06,20
29694832,0.0007816593469767736,0.0003972087119006725,1.975860528232171e-08,20
245125829,0.0007734495356287785,0.001827710037938233,0.03687987013215672,20
111006570,0.0007667186784480057,0.0005204351588434887,1.3163701738859513e-06,20
83870522,0.0007614015416556819,0.0006465618440033998,2.1998016459378377e-05,20
74583226,0.0007611206065840064,0.0005385780688498762,2.290856110399092e-06,20
7416496,0.0007609466595345004,0.0005708476181509387,4.87332617768326e-06,20
168473552,0.0007604685058268723,0.0010215467132026056,0.0017628046936778025,20
71,0.0007598006286196668,0.00182957536331087,0.039425039669211334,20
151975094,0.0007572443415444802,0.00047737116549170756,4.7590891039007e-07,20
55139964,0.0007562167009872694,0.0006463085786799493,2.3704090429809903e-05,20
95446684,0.000755791095072686,0.0010478694177998586,0.0022255813210779723,20
122213680,0.0007533682586408658,0.0005216782199208086,1.7199895221510835e-06,20
39141284,0.0007531518426750705,0.0005906619122918122,8.490320617368604e-06,20
155596438,0.0007514678938186886,0.0006148499652423098,1.4195899467423498e-05,20
125756716,0.0007509164668135171,0.0006434840480081378,2.444231434735447e-05,20
36077559,0.0007492233440185098,0.0008225250695614251,0.0003238263537224653,20
89342505,0.0007483703535161951,0.0028034368523810315,0.12361966079856557,20
35038606,0.0007470418273397728,0.0006414853655353158,2.5030799034241132e-05,20
23825734,0.0007469763924059014,0.0006200335746441164,1.684417321476919e-05,20
86438207,0.0007466138184961197,0.0008248891127570502,0.0003434978291275003,20
185017750,0.0007438617557418564,0.0006052606351785061,1.3283904264920556e-05,20
5864339,0.0007429149577627663,0.0009223002163762709,0.0009492087206352778,20
185628932,0.0007407575026402325,0.0025005272773661936,0.10047110098498653,20
168996624,0.0007392977685113184,0.0030699803823043678,0.14749189630406992,20
150340718,0.0007359663897080704,0.001024874963222945,0.0022973096612042836,20
112146275,0.0007353353566390969,0.0018705297331089222,0.04741741749797228,20
16076022,0.0007343267905693118,0.0004974325265981155,1.2806465862642862e-06,20
199851370,0.0007325673081491069,0.0006481605567254995,3.519843349061501e-05,20
207661231,0.0007324214511688409,0.001509415571006669,0.02144450381664367,20
147450806,0.0007294151055599246,0.0006620197718468,4.6755042821438766e-05,20
132481923,0.0007288204631954953,0.00047810797041581885,8.271430453780703e-07,20
125663579,0.0007219255840499317,0.00039974424045669806,7.272546546806579e-08,20
36105646,0.000720399843478764,0.001546007909195979,0.025454864124270074,20
105203595,0.0007164071057204707,0.0002727083161081847,1.851469009415208e-10,20
71890055,0.000715942560372132,0.0008119045713475735,0.0004358146004808073,20
191436813,0.000713336640449197,0.00036137585978349217,1.8841594224267415e-08,20
17875194,0.000711440482373546,0.000520683510555364,3.553329591803398e-06,20
161101996,0.0007088443502616226,0.0006927862158031239,0.00010323709003087699,20
81972303,0.0007086441663067073,0.0023951643634275,0.10074502851500194,20
72359196,0.0007058048513652549,0.0010264297662668633,0.003115092252303859,20
20221516,0.000704895631030189,0.00047523142508125265,1.2009547799364762e-06,20
145850069,0.0007038681723013001,0.002625332749091172,0.1226327515674196,20
32697272,0.0007030460335491512,0.0006273688373234866,3.873431569886886e-05,20
12024830,0.0007009449624925057,0.0011403450162423777,0.00638236125352659,20
116810010,0.0006990166002280418,0.0007655597340021109,0.00031664133193179134,20
49849425,0.0006987403596603575,0.0009445524174123712,0.0018477991234066096,20
112364582,0.0006964514236435348,0.000745667525662128,0.00025575394986984316,20
176405898,0.000693987200694024,0.0006846314453899006,0.00011368645430458421,20
3065300,0.0006927578790015876,0.0009762287220412497,0.0025009955176235658,20
80348904,0.0006907911071160316,0.0028477174008676703,0.14578365286402062,20
134962869,0.0006893233296005024,0.0003638347731557827,3.5338895713182954e-08,20
35277253,0.0006872130579092306,0.0005468801266882496,1.0154076533842238e-05,20
32841934,0.0006826517841241775,0.000511959147965932,4.854871638122389e-06,20
60686342,0.0006809249733743361,0.000746369246494223,0.0003191170501123752,20
139167069,0.0006802361640090738,0.0005470834938455703,1.1545486472932877e-05,20
83,0.0006774483180272961,0.0008354460495738835,0.0008986303593382241,20
190625248,0.0006761296811537337,0.0010507570450384643,0.004819806127169357,20
17415217,0.0006721393593646791,0.0004359192230571843,7.06696392177444e-07,20
41539558,0.0006701530809679973,0.000622995845503519,6.076009208659598e-05,20
126945750,0.0006679193548001256,0.0004922231548702811,3.883682448219338e-06,20
71790334,0.0006665862315176185,0.0008143528290229457,0.0008311497342069605,20
5814813,0.0006664165666996985,0.0007492518624098857,0.0004031087330358214,20
170801043,0.0006595760471270167,0.0006111939496410896,5.867949681880016e-05,20
82001219,0.0006585936525313224,0.0015081576803291164,0.03285888611582365,20
87889957,0.0006554705274851358,0.0012926452798964134,0.01760023478516666,20
39641863,0.0006554337355792305,0.001290642855464254,0.017478942777348228,20
131993458,0.0006551086931806949,0.0005917621716783257,4.4363856693699476e-05,20
125181149,0.0006549386244508626,0.00040102079957504716,3.1522967483612685e-07,20
24229532,0.0006543705857393278,0.0007663211390564041,0.0005794653745722922,20
8869321,0.0006543552634820787,0.0008034936227041027,0.0008671207809135237,20
104639372,0.0006538573871071346,0.0004731088782547446,3.0656975014846666e-06,20
32932783,0.0006517018865088737,0.0015416536338949724,0.03702114676332473,20
119259474,0.0006500968829804332,0.0005333577920250425,1.4664618980878711e-05,20
26689621,0.0006500570028189434,0.0005050986235165845,7.57057179106242e-06,20
105356528,0.0006497131265814332,0.0006391087467774101,0.00011036232406125458,20
51054154,0.0006491795235439551,0.0015568082540338773,0.03886212441674861,20
124354293,0.0006481780316802049,0.0017655467965581183,0.05853620335095432,20
29936654,0.0006472035459450271,0.0008075300468321184,0.000989051306461244,20
46048613,0.0006461642763643055,0.0014170871334714223,0.027792813534994472,20
186029481,0.0006458401998501506,0.0005748143726101017,3.761568970881216e-05,20
29735902,0.0006455408291005049,0.0005743940083290346,3.7502883265503436e-05,20
72437830,0.0006448753056774115,0.0005420982440474053,1.954823281775e-05,20
122753197,0.000642574187409925,0.0007739872233291248,0.0007379765923593183,20
136261507,0.000637421703542565,0.0007344249492002124,0.0005022340165571084,20
119211479,0.0006366349751702027,0.0005381945951994137,2.0878809283601527e-05,20
132951870,0.0006354144738067391,0.0011766771001770412,0.012990771782808296,20
49068213,0.0006351326480881547,0.0005865888387414635,5.6596992137014374e-05,20
59463836,0.0006337303256848976,0.0007198648755900518,0.00044236360621938256,20
46407918,0.000632243563137172,0.0009505509185741833,0.003893869503212576,20
137829853,0.0006315214626863491,0.0007871828371256962,0.0009810907522751148,20
99303977,0.0006315112613696355,0.00046282923250544604,3.6176004675749986e-06,20
98390987,0.000631114579763764,0.0007955727167525086,0.0010747923505478273,20
10680478,0.0006299631569277126,0.0009014338664790944,0.0027856171455119027,20
63205441,0.000629394122917426,0.0006283304316764979,0.0001283709927897959,20
95121488,0.000628173395570461,0.0008615276463692399,0.0020562840222651223,20
74215847,0.0006261478385144903,0.00045894589522369036,3.622421055623133e-06,20
182413897,0.0006258578999632308,0.0005286358472232701,2.067341695003805e-05,20
52866639,0.0006253712570131187,0.0005601502317073652,4.0389808353460065e-05,20
140795752,0.000624436548033891,0.0006169618826721289,0.00011548766292208122,20
81171790,0.0006238880422300668,0.0006270980897713363,0.0001375666465609346,20
62345978,0.0006223896896527775,0.0007616293921355318,0.0008427910587853648,20
175215287,0.00061889495877116,0.0008672926559896241,0.002403559196330596,20
15673352,0.0006181709913215567,0.0009231590406747368,0.0037246570620365423,20
87825387,0.0006152693550422805,0.0008766864232394535,0.0027042930691992826,20
142283198,0.000615040025808225,0.0009578436393859621,0.00488451947638815,20
69674812,0.0006149501853300682,0.0007794495311822412,0.0011231156193212651,20
94906455,0.000614466329354793,0.0006394517125712626,0.0001943386121583574,20
102643505,0.0006141086642185795,0.00047294782223023316,6.779517800025124e-06,20
23082929,0.0006131204473467516,0.0006698050838635207,0.00030931494110409774,20
11869246,0.000612333339451257,0.0004929965323047746,1.1694987176109583e-05,20
73592195,0.0006117777097720989,0.0005465130743139488,3.920353983648268e-05,20
99549491,0.0006103096998782032,0.0005397360451925756,3.50127758481719e-05,20
169810416,0.0006089321495396982,0.0007230199154247425,0.0006529981586964572,20
76062806,0.0006061696350973117,0.00048224910868753203,1.0118947224582659e-05,20
58,0.0006058322412689221,0.0005025647421344099,1.6721371105068853e-05,20
48462986,0.0006046993045796228,0.0006957914752397569,0.0004963098507788844,20
83304209,0.0006032855692362004,0.001352522510036437,0.030307003987715433,20
34695418,0.000602988414937819,0.00038076645092693267,4.872565130287169e-07,20
136190779,0.0006027764015671871,0.0004603425369658889,6.104634307089144e-06,20
148372814,0.0006019348946010805,0.003092126143397513,0.19742581246898783,20
38882165,0.0006006158294680958,0.0011042317902124584,0.012524774613430349,20
108140032,0.0005978463302831139,0.0006549728534645743,0.00031760900658011054,20
84293477,0.0005963308701813303,0.0012442455548055704,0.022620124925209255,20
104198108,0.0005949365104878868,0.000801037932253325,0.0017936774573923445,20
66492251,0.0005932544453822408,0.0006995683804170922,0.0006153266709127822,20
16485829,0.0005931883147995726,0.0027501052957375773,0.17342550421974345,20
236316575,0.0005921172631665084,0.0004275512242679142,2.9845046060479403e-06,20
136077044,0.0005914021697473459,0.000545412642778684,5.571457921043546e-05,20
12224887,0.0005902570233941223,0.0027031791567987927,0.17053851493436478,20
185217189,0.0005898113835556884,0.00046616023777391804,9.337931156045548e-06,20
8417343,0.0005872699584377527,0.000619171165668541,0.00022063283038153847,20
234715693,0.0005870244865846724,0.0008228481672866593,0.002408104589127609,20
147220326,0.0005867140294747358,0.0005991918462813789,0.00016138509213035684,20
84203322,0.0005864009419637106,0.00044087550767185125,5.0111063399342515e-06,20
23126366,0.0005831845281102394,0.0019446128804620436,0.09783739643083056,20
27700520,0.000583051371941612,0.0033527843617748242,0.22315905001752617,20
133989150,0.0005820876283078924,0.0005123840534608976,3.321880394367621e-05,20
38299804,0.0005819171557107372,0.0004420646361514475,5.711828326801263e-06,20
90301209,0.0005810841520578813,0.0007710907123521783,0.001607119050375315,20
120776294,0.0005801738158841746,0.0019168442354766618,0.09587639806508283,20
200119,0.000580065934164789,0.0007693572061442235,0.0016010490433653645,20
165268406,0.0005793212797795793,0.0014298482837554458,0.04291568170383377,20
73431580,0.000579297257387959,0.000371423757037757,6.02824474021373e-07,20
26067566,0.0005776423070701503,0.0013534597528221009,0.03576476720053273,20
26729319,0.0005775210626946192,0.0005813937768454228,0.0001397392698809464,20
75832975,0.0005769146396841617,0.001220852616246661,0.02401490516030737,20
28037143,0.0005764332069683409,0.0013258413481510424,0.03340548526965203,20
24759510,0.0005760840192329336,0.0006288801269155329,0.0003071871189257812,20
196831633,0.0005757088856921694,0.0021830373456416027,0.12640069650907343,20
61065504,0.0005755671892745034,0.0005522416478442688,8.513263019742273e-05,20
150180430,0.0005747639902985602,0.0006626298327436556,0.0005049144266746985,20
115320374,0.0005732605378571259,0.0006531749916178475,0.0004547060962971713,20
160402072,0.0005730463037101119,0.0010307799536483217,0.01119042700287859,20
117547168,0.0005730199708573636,0.0006303282748317715,0.00032983546386752247,20
58283385,0.0005724386653534364,0.00046058598633013026,1.1606051779412716e-05,20
36822215,0.0005701827579572633,0.0007907746442689669,0.002230530509628905,20
119574355,0.0005686995986641408,0.0005414969323702919,7.852644434510531e-05,20
77564571,0.0005685143616567023,0.00045821555166411856,1.1849723235090378e-05,20
23357831,0.0005670138787653017,0.000688149199729301,0.0007864738467126437,20
57067275,0.0005650789356840741,0.0004200747144656709,4.34107001351215e-06,20
47866802,0.0005627079063224904,0.00041967796167687233,4.525221845350126e-06,20
239698107,0.0005614490671683958,0.0006926016343133509,0.0009008688909691729,20
57282255,0.0005610899020595334,0.0004964411752302889,3.519868646595573e-05,20
44058077,0.0005602942003488321,0.0006556854441508544,0.0005758969406402472,20
49196518,0.0005582048624757669,0.0005448464458388377,0.00010184680213117656,20
26034698,0.0005581027968918656,0.00042033118344839143,5.122763041852199e-06,20
71499871,0.0005565971624530069,0.0006964589038263972,0.001012242840651199,20
114968431,0.0005557883112472378,0.0003676191112046387,9.262030507921888e-07,20
37500067,0.0005552974558725637,0.0003293318095510968,1.994027160019967e-07,20
107358519,0.0005540861410011921,0.0005228973756422807,7.141553744626802e-05,20
15880326,0.0005527679647259365,0.0004093528128776293,4.133901558542001e-06,20
62261800,0.0005526144993004412,0.0006950666121762196,0.0010556392594928906,20
86713303,0.0005524278899286944,0.0009270311313439905,0.0076500899452919035,20
29631500,0.0005501503937275582,0.0006808894396028943,0.0009255000265671346,20
166994225,0.0005485854579562355,0.00033234681210742636,2.708160282652522e-07,20
42844718,0.0005470181748190889,0.0004351885261819963,1.0118499688628283e-05,20
76501309,0.0005462091023426347,0.000415818571459443,5.8660272908079686e-06,20
51449190,0.0005461013973955736,0.0005783870761411889,0.0002305182791770184,20
165993353,0.0005449490834493837,0.0003866906111693421,2.3764947785243354e-06,20
56922749,0.0005445794030422973,0.00039063093173517127,2.7380136642506183e-06,20
11209792,0.0005440560820484302,0.0005086543993305962,6.460303852489034e-05,20
19514483,0.0005430939158767884,0.0007384222858312335,0.0019291984544896159,20
83822518,0.0005424439354373006,0.0005017911936261284,5.759557056830863e-05,20
78899326,0.0005420932849445087,0.0005208279421420943,8.635265148448926e-05,20
30214629,0.0005404015292220871,0.0006667449344615028,0.0009020680360961486,20
15423548,0.0005382565201391215,0.0016882697691001885,0.08507298235098927,20
27869017,0.0005382464056433889,0.0009223125750290693,0.008609362712194275,20
166506980,0.00053742953333972,0.0004811942252227506,4.0216203660700896e-05,20
148381343,0.0005359983120311829,0.0008751075410678264,0.0065188592791908355,20
128358212,0.0005345139524519288,0.00047394726163628865,3.606234436887106e-05,20
113301674,0.0005340656674504036,0.0006042561530911157,0.00042685440289737757,20
57295864,0.0005334531871773962,0.0004356802135711317,1.3891543172133277e-05,20
46861604,0.0005328412399618898,0.0005838262389537004,0.0003179640005526104,20
28637852,0.0005315916016763456,0.0007293989188132959,0.0020631440944714418,20
100,0.000531457530647686,0.000958732449123877,0.011360242073057794,20
26842824,0.0005305784840063277,0.0003586787116501145,1.245733943827967e-06,20
31338938,0.0005303901958805702,0.0005726121704187151,0.0002767578774468235,20
100593271,0.0005299475439512202,0.0004229603923010941,1.0520953511633602e-05,20
30020205,0.000529071817126725,0.0004848662694316065,5.201261775672239e-05,20
64105454,0.0005285045345414074,0.001930368753614188,0.11788326702228855,20
120812352,0.0005280286461759292,0.0005404710952476491,0.00016503371600629213,20
34369202,0.0005279819523232393,0.0007171877346365114,0.001915551283450581,20
3263669,0.0005270255056824269,0.0009996726035429566,0.014631162230212647,20
43542037,0.0005267410520468169,0.0006765571784721678,0.0012480738690727985,20
143046538,0.0005265280634203423,0.0006559603383704096,0.0009768320697561216,20
96030983,0.0005262411578576875,0.0008835655597775036,0.007673853922957483,20
102929715,0.0005261926949814422,0.0005925312369444328,0.00040891767720699585,20
125276075,0.0005258509368466835,0.0005116261466535461,9.8514624092905e-05,20
27129355,0.0005252675568898274,0.000447055113347975,2.258471823469503e-05,20
125755096,0.0005248993689173365,0.00046238248523493275,3.34949705099114e-05,20
43797642,0.0005247227558297207,0.0005054841788685179,8.880486656136684e-05,20
78909498,0.000524716815038323,0.0003585357867979783,1.4390990567207751e-06,20
189423944,0.0005241088081203687,0.0005709692248904504,0.0003013434833856442,20
94506382,0.0005235462036184135,0.0005483292847383133,0.00020685446093939768,20
19481492,0.0005233484281962769,0.0012942189357478416,0.043198627397822,20
104510240,0.0005231903224832246,0.0005898861983841306,0.00041357161451698163,20
69474522,0.0005229939637561576,0.002227920729618438,0.15348733058380426,20
197832662,0.0005219027450271363,0.00043360003382550617,1.702456706017585e-05,20
41047357,0.0005188993381564089,0.0009930459571165172,0.015274968589617065,20
35077059,0.0005187362692345432,0.00045001635768968253,2.814824087977065e-05,20
198432948,0.0005186352784291026,0.0011037191221953738,0.024586617823097963,20
48669113,0.0005178717096938123,0.0004693263859145424,4.5996517822900124e-05,20
19879796,0.0005162096254287624,0.0005618978375743891,0.0002990104305776763,20
78444187,0.0005161730445535417,0.0012257186962120483,0.037530158861731396,20
143172279,0.0005157433966635289,0.0003978742641644169,6.9257912093224185e-06,20
18088703,0.0005153307523410783,0.00045316226207297444,3.284066003892321e-05,20
14023513,0.0005153037527451165,0.00048531637143432184,6.988936726966743e-05,20
85449760,0.0005149409396361743,0.0004649373722338916,4.414170401957099e-05,20
109539508,0.0005148891870317473,0.0002892521093883437,9.014680314534866e-08,20
88512090,0.0005140463214557661,0.0005475517189293389,0.000243501046782278,20
32649129,0.0005133836161130944,0.0004187065072402819,1.3662255212072972e-05,20
112537243,0.0005126985987505966,0.0004798619470019288,6.536797966933098e-05,20
95046541,0.0005119679184253129,0.0005743674375726008,0.00039529154644390806,20
54063914,0.0005093163303115545,0.0016025241045964779,0.08571212259484766,20
16414229,0.0005091489555959561,0.0005017565241846246,0.0001124623266945248,20
48154897,0.0005088406355503117,0.0006526464828867196,0.0012342707391433017,20
151493818,0.0005082149291688153,0.0004476532236404939,3.346793924560517e-05,20
47309111,0.0005078260094991294,0.00045765901032889504,4.323822112709692e-05,20
32367771,0.0005077263398151566,0.000567715069321733,0.0003834648364002311,20
52445279,0.0005066588734993077,0.00036358159362803093,2.752926464768425e-06,20
24839712,0.0005055437758104576,0.0005336540511438456,0.00022324148594934318,20
87710532,0.0005050804383402635,0.0023672156314866765,0.17598377233219636,20
33025171,0.0005044079645436433,0.00043287484582950906,2.4857686181680506e-05,20
58848313,0.0005041312876083781,0.0006214579835265724,0.0008956603464286233,20
110900060,0.0005038111428271625,0.0007829510853646152,0.00481942457634792,20
7266268,0.0005032545628212259,0.00046575690895043093,5.788927274227605e-05,20
122740477,0.0005000236681392961,0.00047856761490257726,8.292888947593045e-05,20
58669378,0.0004996653843503063,0.0005252333009014388,0.00021432833313301245,20
230688986,0.0004984611694977381,0.000470648031004596,7.181306317862746e-05,20
32899425,0.00049801242372286,0.00036634572705281505,3.7943764453997174e-06,20
78489995,0.000497500056526709,0.0016875871955606843,0.10152404946682525,20
152942680,0.0004972491804738826,0.0002885326635991765,1.45153639785145e-07,20
163303962,0.0004970113861317571,0.00041357770124298733,1.7347501504078203e-05,20
101351995,0.0004965353505328063,0.0006343491863751845,0.0011961685074426693,20
32694686,0.000496390161903304,0.00037595401153271154,5.49846563543454e-06,20
47052067,0.0004953742512899234,0.0005385350653040718,0.0002954725990410416,20
2,0.0004936948173437262,0.0006215876416991377,0.0010643057493381091,20
81067449,0.0004924520058912612,0.00023329681824660778,6.603935087975078e-09,20
44142427,0.0004921579949580951,0.0003385457242834294,1.5741089552534664e-06,20
58415744,0.0004913341564468765,0.00043014390623769715,3.122654791810553e-05,20
37880945,0.000490050338708689,0.000858808013963607,0.00974067492028998,20
43643199,0.0004899183712837818,0.0005032298399177507,0.00017089782040698382,20
18044222,0.0004885440461291606,0.0007581743807230835,0.004777443715082766,20
171998476,0.00048816722333096805,0.0019071850259856173,0.13327514027773385,20
107158281,0.000487383038567743,0.000323404501085119,9.675238473191638e-07,20
87005732,0.000487210340687394,0.00040228483202746975,1.582362723378966e-05,20
26,0.00048587610503175727,0.0004098678069527438,2.0363033290120702e-05,20
98548858,0.0004855642264446902,0.0005507633237261746,0.00043664263293858164,20
60464647,0.0004832821357388578,0.0017236341823161148,0.11253967803410989,20
15950842,0.0004822034728447916,0.0005668735855697988,0.0005991659469948879,20
232290285,0.00048177562865708845,0.001358121708822371,0.06457221136232183,20
66677481,0.00048144404030378286,0.00030232238103588773,4.505095622020865e-07,20
25227422,0.00048004235445637535,0.0006733868177040837,0.0024208787881284484,20
69797291,0.00047711021561916975,0.000689474696693963,0.002982731706863588,20
66425432,0.00047633111536094506,0.0008691371873128306,0.012050222608615439,20
49689619,0.0004756949280253581,0.0009030309697714998,0.014688379479221882,20
71156024,0.0004756566879083296,0.0005353650383181874,0.0004071270604291147,20
122111456,0.00047495007165566927,0.0004407575358981425,5.962085008458196e-05,20
115065082,0.00047405079158170383,0.0005991349630515136,0.001097503489227095,20
410389,0.0004733837795459911,0.0004905686784377158,0.00018649759514233487,20
104839410,0.0004727046320721462,0.00045152267348801296,8.120626273620236e-05,20
91934778,0.00047232850391131507,0.0006999962123645993,0.0035399985748821796,20
72380743,0.0004722812580560426,0.0004085089526552646,2.721363881291552e-05,20
55459364,0.000472192521596293,0.00046542918812792606,0.00011269256467043529,20
49797216,0.0004717086406835269,0.0003901454168548062,1.614474616829511e-05,20
85695877,0.00047168184539423953,0.0003165807741195996,1.1302399960151604e-06,20
1661355,0.00047158749494122243,0.0019968432182640937,0.15206813404068606,20
151941664,0.0004715456576562194,0.0005320163191696582,0.00041610375046237575,20
145135611,0.000470976550991431,0.0007593513415734268,0.006047195814775645,20
135026706,0.0004698028137633925,0.0008179531923284193,0.009400097004779957,20
66627049,0.0004692762873554107,0.0025699892692117275,0.21213744502494497,20
23496693,0.00046927220147716944,0.00048305408923946354,0.00017455275458409255,20
211877,0.0004692220802001823,0.00046668295477098157,0.00012357882577333892,20
120222104,0.00046922046466980617,0.0004272568660319303,4.8465208075139046e-05,20
39136756,0.00046828056073158764,0.0005770898048387178,0.0008934340777195796,20
86526466,0.00046769711846038066,0.0009518172078883255,0.020293121837771877,20
2417580,0.0004676029077364252,0.0006941898023754447,0.0035810610650416725,20
122953330,0.000467215689167233,0.0006041558364264571,0.0013159734618593349,20
6020084,0.00046671615339434204,0.00040950458189054984,3.202722018121852e-05,20
76677289,0.0004665013341914492,0.0005313211217574693,0.00045308186160552047,20
113207613,0.0004658635959448182,0.00039409605526130175,2.1044553379370865e-05,20
7396967,0.0004652671046654733,0.00046560598673102643,0.00013156553632279658,20
47288122,0.00046526085919018634,0.0007192784331410588,0.004662774909949252,20
33241995,0.0004649703789751214,0.0003427793202287339,3.901079298586683e-06,20
77185444,0.0004647083897917598,0.00030427870408594065,8.060921950073741e-07,20
130824536,0.00046414697069819264,0.0004906026278484095,0.00022610489673278091,20
88314261,0.0004641082260639862,0.0006658278797137917,0.002836294122082623,20
67495728,0.0004640936617383212,0.0007373191037956714,0.005529124256949094,20
108559380,0.00046379316249475777,0.0014937464594903312,0.0905168829080192,20
19627032,0.00046294482341004974,0.0004764263342130066,0.00017413815686303038,20
42650857,0.00046282582433675444,0.00031983657965460344,1.6738885032115567e-06,20
12873605,0.0004624317360259478,0.0004457339043724118,8.934365819440679e-05,20
42310211,0.00046132007405263466,0.0013245432217911446,0.06791649577299048,20
55855374,0.00046079986933627025,0.0008396219248758044,0.01196385460738354,20
39742505,0.000460299412891399,0.00039901171651034753,2.789987379845604e-05,20
1662112,0.00046022938892956167,0.0006084480407869253,0.0015620962765372835,20
96447881,0.00045969890726002826,0.0004914586933929341,0.00025217957316188026,20
78464709,0.00045913605182817675,0.0008410663992247616,0.01229555541551369,20
14441022,0.0004584739430621626,0.0005430968790408669,0.0006399512102561209,20
40681788,0.0004583933019895292,0.000430017727476056,6.699550964180238e-05,20
22436142,0.0004577504169468338,0.0004477089172089226,0.00010402481691974208,20
91,0.0004575626257808774,0.0006670344723321415,0.0031671431873734304,20
35370488,0.00045701379807761564,0.0005922102931846096,0.0013378623730400446,20
42302808,0.00045606838653746427,0.0005304945071029924,0.0005461878018844467,20
49755059,0.0004556041500827085,0.00033040122078398487,3.1563554349101385e-06,20
98684674,0.00045550328360654255,0.0006495414528490185,0.002719012649228955,20
135676404,0.00045541909635517794,0.0005225224990610472,0.00048381316026815794,20
64606777,0.00045510824521025897,0.0005050884928379367,0.0003580482336251712,20
70068129,0.0004547615696802648,0.0008224999618195982,0.011514150354127528,20
153195334,0.0004539417681128061,0.0007291203664730996,0.005910423723370794,20
26065643,0.0004538487019484699,0.0003965957153262091,3.057976275326468e-05,20
40281675,0.0004536036331686255,0.0004090444584312525,4.353404152542031e-05,20
11682040,0.00045343370822047147,0.000786686870316898,0.009221185940874317,20
94012670,0.0004532724443362668,0.000489005335491251,0.0002748907669116824,20
113007517,0.0004528342174586919,0.001001178640194372,0.028701170959005488,20
25641526,0.0004524253186616228,0.0006296995654921381,0.002288695879393061,20
90512684,0.0004521603259160428,0.0003404323664919321,5.102057678323648e-06,20
23832634,0.000451853332787136,0.0004124425396370976,4.9775484176935195e-05,20
108521930,0.00045106398698462334,0.0006010483572485662,0.0016586620616871393,20
118372432,0.0004504232926460211,0.0005028019513312026,0.0003776590600049758,20
180413154,0.00045020648277509234,0.00046894042859976147,0.00019608177898749554,20
127382494,0.0004501622661207599,0.0005906327931320708,0.0014735388119697392,20
126144694,0.00044915760403322626,0.0005590061219395674,0.0009688119708678429,20
32023286,0.00044888888682399487,0.00033041111270179843,3.82420698849261e-06,20
130454721,0.00044869879715591087,0.0014960009817634274,0.09781269794002127,20
4863965,0.00044775219351061155,0.0004907274856090525,0.0003187625070517256,20
78479983,0.00044699270622374496,0.0019666162966750374,0.16108703735990304,20
51055716,0.000446518508416166,0.0006537472696664538,0.0032614703965440873,20
7205148,0.0004440326454625443,0.0005321961520863239,0.000707560432906792,20
45144907,0.00044376755343939476,0.0003294822738713268,4.2726072334983136e-06,20
72501356,0.0004435367649669453,0.0005556436996586002,0.0010219862688431226,20
36916305,0.0004433145081142786,0.0005509496572701756,0.0009576024942190984,20
32094593,0.00044322640917243694,0.0008447650558844976,0.014976285116511338,20
73483057,0.0004430723954146454,0.0006594922084619557,0.003643927383188583,20
22061952,0.00044177541589744684,0.0016342235302985978,0.12075780947819399,20
101527507,0.0004416463974145357,0.0015015960441419525,0.10202517297907668,20
68866942,0.000441268055493621,0.0005410653637240057,0.0008568807731436828,20
40943918,0.00043930642455598524,0.00041187768388423424,6.658695700089552e-05,20
17223916,0.00043905701397481124,0.0005071764545667305,0.000513806904562278,20
99326055,0.00043897435797353446,0.0005135725319726172,0.0005745473606921437,20
37678814,0.00043893081468674154,0.0006298619653652664,0.002841139929486956,20
13476665,0.0004381107386735139,0.0003952104142384545,4.370165963578074e-05,20
95682152,0.00043809003756660746,0.0006384052460894121,0.0031589576909629943,20
14222782,0.0004379208124505762,0.0003698037091784571,2.0615047983096132e-05,20
77434508,0.0004371807488948304,0.0005174497464946198,0.0006354524279575286,20
81291355,0.00043607761781774,0.0005994760680299511,0.0020918955117678784,20
55646000,0.00043559648018078045,0.0005888500972816931,0.0018481212509738527,20
78690509,0.00043555290545263525,0.0002689355160561176,3.551163177086629e-07,20
171404906,0.0004354439838431784,0.0005785819469303577,0.0016231384390272385,20
91642317,0.00043529079580242327,0.0007692130699034855,0.010186812869844158,20
148378225,0.0004347197335522274,0.0002797349691927063,6.338668111613876e-07,20
65023739,0.0004344927611960009,0.0004365610179866167,0.00013703478226814438,20
11220127,0.00043441685583679723,0.0004324886431103622,0.00012481716429875664,20
208286280,0.0004342979922531659,0.001149332696959068,0.05369588089735283,20
106535402,0.0004331777833174649,0.0006514046604654987,0.003899396585625693,20
115946028,0.0004328996624139575,0.0007181589815432246,0.007159776372695779,20
29295106,0.0004317967696510383,0.0007055334997580785,0.006549212562234798,20
179411277,0.00043167128977256717,0.0008269549739696277,0.015350047409751284,20
69888173,0.00043088173781548057,0.0002952413948858326,1.4939998456240075e-06,20
76745532,0.0004305945556352164,0.0018112056420368572,0.15050866812175762,20
151893946,0.00043052268565738625,0.0005978994273257353,0.0022526827943946262,20
103597321,0.000430407726359705,0.0008475888581539283,0.01748414368545437,20
76345018,0.00043027505666595744,0.00045331102386101063,0.00021905174982195694,20
79566181,0.0004299688527907325,0.000469424662481995,0.0003074973348750969,20
29895929,0.0004292684321822671,0.0004979382930319748,0.0005330334350177834,20
210493404,0.00042855822497364914,0.0010083721075087946,0.03631372199312375,20
45047400,0.0004284849689663639,0.00041313505527954,8.962117237700402e-05,20
53057019,0.0004278645908828593,0.00044661653992703586,0.0002001948512748617,20
132350880,0.000426754913658689,0.000681474018771965,0.005704923042275344,20
23886345,0.000426670727879308,0.000508630485973959,0.0006756665776198242,20
173679727,0.0004266349369798861,0.000519782292710785,0.0008123277973678726,20
119948227,0.000425961679119502,0.0005279414309235264,0.0009364218483386627,20
10067972,0.0004258795312404723,0.0004962466886349431,0.0005546348266616605,20
105318970,0.00042582616784080096,0.0005639296789622173,0.0015826575849084649,20
117610274,0.0004251565769042287,0.0005587026201902288,0.0014915121764281067,20
89255199,0.0004251227614503944,0.0005055993553139133,0.0006622394559100114,20
95939767,0.0004250461003636352,0.0006660244375718654,0.005075992968439684,20
42865468,0.0004244891644575227,0.0006849936569858027,0.006078857101403985,20
66827114,0.00042404084056772153,0.0005557690713501321,0.001461497998414746,20
51515237,0.00042244005221158954,0.0008896800375989744,0.02353489498174994,20
142163044,0.0004213014516843805,0.0004298985708121617,0.0001600338713991509,20
64471185,0.00042110320123806276,0.0021998566065426117,0.20131341571572597,20
83648568,0.0004211016735840872,0.0006499121423885176,0.004613007612145948,20
11488872,0.00042031021124584733,0.0004330180196820486,0.00017600956771816968,20
71590331,0.0004197422041588822,0.0006700701732029376,0.00569426193949127,20
78,0.0004187752018522006,0.0004114342300777266,0.00010897292848060551,20
146170911,0.0004175889399354538,0.0005224929545663075,0.0010118062069347372,20
116342481,0.0004175651779001477,0.00029207693625138767,1.96649707279506e-06,20
68673797,0.00041718502719676197,0.0006412583583063065,0.004495009984957204,20
53752080,0.0004169536403264312,0.0006655126952760802,0.005688736542360497,20
27690605,0.0004166760137050807,0.0005461627704021919,0.0014624571692928854,20
58469275,0.0004158220982198507,0.000674893338812251,0.006293109958182383,20
235716365,0.00041574154257349727,0.0009490982421645454,0.03247901108934818,20
167795709,0.00041536797701396955,0.0006624668271386087,0.005661804017695431,20
4,0.0004152126465722467,0.0019033182534988265,0.1707594122482876,20
149252895,0.00041427906216001675,0.0007615892741881633,0.012519552093432716,20
76144948,0.00041385154909419906,0.0002895060832535055,1.9689050705925206e-06,20
69457409,0.0004135514692148151,0.00035910270973411233,2.845175544837223e-05,20
41054780,0.00041327165744715064,0.00044340280838431985,0.00026089880916725525,20
115608949,0.00041316697462287776,0.0008368257066567302,0.01986595818729989,20
72471207,0.0004128573098321431,0.00040300185015661557,0.00010191143295938039,20
17226471,0.0004127376828506196,0.0006566800865642347,0.005578538750712807,20
164505661,0.00041240762793523235,0.0003165435588616354,6.500763682391184e-06,20
35705483,0.0004119040303381616,0.00064802089840952,0.005204233812767497,20
37739584,0.00041180089696964405,0.0005877353455386571,0.0027356848200405367,20
111344330,0.000411524913847458,0.0006482424616535536,0.005245209375191603,20
30693816,0.0004098879961432739,0.0004548600642537248,0.0003577435923457678,20
25489283,0.0004092551198301736,0.00043783817468640105,0.0002538804010934726,20
44544470,0.00040898524334272157,0.00042694596764142204,0.00020036062850577996,20
30490300,0.000408914016557832,0.0006695917545460684,0.006633633372733968,20
18712214,0.0004087316118736445,0.00028670836512952145,2.0415652461440684e-06,20
143885372,0.00040731614719961287,0.0030161994341891445,0.2765167098162868,20
48754129,0.00040708133144520543,0.0003886120010657918,8.070423286722476e-05,20
73302177,0.00040656079980289637,0.0006951721032827893,0.008507028836157546,20
193827754,0.00040640769570376436,0.0004861522916072157,0.0006959107981118795,20
29894645,0.00040637053835809733,0.0009320612312482814,0.033056216466834425,20
139830733,0.0004062875596266585,0.00043350139718482565,0.0002474721864290852,20
14034592,0.0004062719887584387,0.0004781723586936975,0.0006053235275225083,20
111740881,0.00040509521021618036,0.00047139505904113526,0.0005481449836151558,20
96214918,0.0004047080818675219,0.0004833515505231496,0.0006865499004692667,20
101527484,0.00040435882191524887,0.0006038455929908893,0.003724149614622936,20
12082140,0.00040396279754415507,0.0007824210786073921,0.016176418995540624,20
61265615,0.0004037044175765225,0.0007702406889102855,0.015052009850034714,20
81847046,0.0004032574050706089,0.0007356606441115101,0.012038232236419111,20
63092120,0.00040304987484750254,0.0003980788945870478,0.00011505261949649559,20
27032332,0.0004027299550887903,0.0003237724242964573,1.1491586628852105e-05,20
48317492,0.00040242152084164485,0.00045383705552425865,0.00041452362038803926,20
177206543,0.0004019906265350648,0.0005981288690292036,0.0036352178705125254,20
161302267,0.0004018762392415026,0.0003635134700937506,4.504106574260575e-05,20
43065679,0.0004014689501918245,0.0007491810531738602,0.01350000255908138,20
51394352,0.00040077832187936644,0.000525095419861352,0.0014575354399374671,20
6664830,0.0004001037895413867,0.0005404953960213434,0.0018385912101066347,20
14635852,0.00039932766682524156,0.000712925393928738,0.010757166509634503,20
30696092,0.0003984705495656021,0.0005779337951436949,0.003058446234109012,20
167808253,0.00039803813018000347,0.0003259699424783175,1.4350635592992203e-05,20
141970192,0.00039732032321725954,0.0003226744766182212,1.298389930431614e-05,20
113744582,0.00039671251592519885,0.0003900154100948382,0.00010971658299375411,20
20285237,0.00039657752194957596,0.0005579978734668334,0.0024738865151428878,20
1611394,0.00039629201609893416,0.000619600053498806,0.005006427829370767,20
158774640,0.00039554684037746145,0.0004394022555862676,0.0003611836466267395,20
47446556,0.0003946622451810072,0.0004896015415130643,0.0009435622147611919,20
17228286,0.00039423174169360143,0.0011103343648757114,0.06440993266291845,20
52065895,0.0003918868807346682,0.00033567527805203134,2.432075254759838e-05,20
135371835,0.0003915982376810789,0.0006707990349946367,0.008593316161868684,20
92924687,0.0003912267024654581,0.0005607351142851303,0.0028175650620691087,20
119860050,0.0003905608733075189,0.0007544473828817623,0.01597280025907118,20
78397846,0.0003892006978760826,0.0005651369321517496,0.0030826132578258875,20
34238123,0.0003891579273950896,0.0007596717022982348,0.01678461401926405,20
197244125,0.0003891469431610506,0.00044173776063143104,0.00043966328066863755,20
18,0.00038906588772596453,0.00046933319791657587,0.0007473436424464152,20
14431387,0.0003889253399192077,0.0012567943766222131,0.09121003046771882,20
113919030,0.00038832487510831736,0.0004679032461299158,0.0007401417972285261,20
154570965,0.0003882478752125218,0.0007321495574754347,0.01421911433928138,20
78887600,0.00038808597234185616,0.00033490861487196446,2.6502407352619292e-05,20
71538137,0.0003876841009353038,0.0005600099327531094,0.002974128595067693,20
41,0.00038640578452183436,0.0007223200101149604,0.01361670544623054,20
96683186,0.0003863852328589823,0.000513673330132805,0.001629796755120858,20
133771154,0.0003863446855883829,0.00042358372246856777,0.00031986987372646024,20
50549476,0.00038624636936290536,0.0005568720860782222,0.00293528257337862,20
96988898,0.0003857279067172398,0.00041379930713420046,0.00026058971816786256,20
152175155,0.00038540174738176667,0.00033667475499783527,3.0467814592572346e-05,20
10688265,0.0003849569631552946,0.0021659760055364025,0.21826492218743654,20
42748109,0.0003848375736703158,0.002597295700129227,0.2577630291716938,20
46745778,0.0003847420359013587,0.00062659106530255,0.006422941399885175,20
12222136,0.0003839069569116116,0.0005969656696934688,0.004837417964574933,20
101151879,0.0003837839597326642,0.0004863906607428931,0.0011220870200394787,20
111141104,0.00038372867838703807,0.0004761487214614497,0.000945366734285897,20
864933,0.0003831402796235062,0.0004479557022115904,0.0005712610920079463,20
60689029,0.0003830780273366946,0.0005174091301383667,0.0018363027753264367,20
21482399,0.0003829354574310967,0.0004982037057355764,0.0013802153388223506,20
20114150,0.0003827776725984916,0.0004176103241785702,0.00030548814789717224,20
34703682,0.00038253088116189384,0.0006647333601575462,0.009302162482085836,20
46374789,0.0003824459489375681,0.00043387789023409536,0.0004373596275826938,20
125184184,0.0003817439530061917,0.0003402437367384924,3.8217586014387444e-05,20
80514706,0.00038136805250905124,0.00035002574718126175,5.286902438806794e-05,20
234115450,0.0003812224590776153,0.0005417842078111832,0.002655278799200823,20
45230520,0.0003810285960851756,0.0006622332188239932,0.0093106571144669,20
22881112,0.0003807035420728633,0.0004366896803706533,0.00048274562463951885,20
30039437,0.0003805722629740965,0.0002999469164330172,9.02318120782244e-06,20
51758369,0.00038005880362277364,0.0002695302099480767,2.3585165811880797e-06,20
9667917,0.00037954245949219643,0.00036012314291606625,7.565765528282233e-05,20
46387351,0.00037917476575936583,0.0007371776927021425,0.016466565027759453,20
33041969,0.00037870066986114836,0.0005437060727551018,0.0028511072318969303,20
121124501,0.0003783250612299255,0.0005090406021736432,0.0017845677915231323,20
34242891,0.00037820509666819656,0.00045946914578976335,0.0007931910123585706,20
53338761,0.00037789542456105607,0.0003042630820996079,1.1702042394458592e-05,20
60099095,0.000377714364550083,0.0008464274698213887,0.030254279933372697,20
152177852,0.0003772806382365712,0.000643963302667779,0.008422998901490609,20
82552040,0.00037573056012923933,0.0013964394603164386,0.1218222303183025,20
21230502,0.0003755620703523227,0.0015187591105876564,0.14129264717458803,20
35443662,0.0003752051899208825,0.0003859901726043849,0.00017350803287684294,20
145977305,0.00037502240131276896,0.00031708801013602704,2.0920216651150805e-05,20
7066164,0.00037433762444223363,0.00035343617183441404,7.178235062046639e-05,20
79666284,0.0003739273154660688,0.00044290809194918454,0.0006394915030071406,20
88639672,0.0003738423514321715,0.0007925889926626187,0.024202826180630577,20
202237207,0.00037372582624885795,0.0007827424663843767,0.02298918324021359,20
16093865,0.0003731157020376963,0.0004040456483571105,0.00028482629332714395,20
103152975,0.00037308893012826807,0.0005910848673868638,0.005434993040683829,20
73083529,0.0003726814020993119,0.00047829012165799236,0.0012400700979604794,20
24666599,0.000372659568768921,0.0008879636017758024,0.03799045403043668,20
4266030,0.00037256967691110253,0.0003563476734529521,8.23537047944038e-05,20
25631015,0.00037242653520566383,0.00042772375826747385,0.0004880843875178957,20
33626399,0.0003722842922912334,0.0031960464928004508,0.3042181050061464,20
14824413,0.0003716146669299009,0.0005059831913623089,0.0019494667826490475,20
2811805,0.0003715792839825788,0.00039883733999134387,0.0002619378269169183,20
90093298,0.000371554534934293,0.0005657753695167188,0.004231138582018706,20
54254019,0.0003711365887825696,0.0005354059829779695,0.0029473796609259793,20
31235720,0.0003708547292366915,0.000634817941035087,0.008559559041257372,20
97523338,0.0003699776689128326,0.0006168642514698284,0.007371147797047021,20
53457041,0.00036983330762738463,0.00027049290828171877,3.5233622208541757e-06,20
60449168,0.0003696053949182848,0.00047146704276997836,0.0011816904834743578,20
11021540,0.0003695182846009393,0.0004947098885976004,0.0017187085780978378,20
58285787,0.0003693080983908664,0.0004690284822952489,0.0011411086076311022,20
23089048,0.0003691227066531827,0.0009504006911662524,0.0492936083718765,20
99312338,0.00036888145440294175,0.004478286672693245,0.35833307746960263,20
7216586,0.0003687413012858881,0.0004061279004940697,0.00033369162647444594,20
48033866,0.00036814775855608663,0.0003583931634719312,9.910030253194741e-05,20
9418277,0.0003676406980271024,0.0002744196426889251,4.573012838839179e-06,20
75304870,0.00036759755739497745,0.0007396031723990857,0.019284025868222657,20
146376980,0.00036745758335906544,0.0006575254666329225,0.010887413421934885,20
38736231,0.00036731873572640736,0.0007620695855891513,0.022074791534074413,20
46316218,0.0003673045333480535,0.0012474876032376563,0.10179155900825723,20
144173078,0.0003672284296804496,0.0006998553748717326,0.014969889625439,20
114651277,0.00036690624681394446,0.0003875130460266424,0.00022438717407726182,20
73940748,0.0003665658349311041,0.0004856622536472761,0.0015879424548088613,20
82821908,0.00036622955141573375,0.0002972830352462241,1.290972055799179e-05,20
66084646,0.00036615364584958174,0.0005104342986043547,0.0023150315251625813,20
171401278,0.0003656901187831546,0.000356927435332037,0.00010181322669974196,20
24634003,0.00036561684717900667,0.0004493920274388594,0.0008742722757911223,20
27810660,0.0003654127073997954,0.0007437005914763228,0.020298424506695414,20
102934415,0.0003651411556886114,0.0004374253345397578,0.0007046034001672246,20
19640054,0.00036504597787773987,0.0004261960085919732,0.000564230285697184,20
114119160,0.0003642504088637782,0.0006216721387695976,0.00841916914413765,20
95,0.0003642435983100767,0.000859808801804753,0.03673805663687557,20
39853630,0.00036395612031761007,0.000643660867485566,0.010229706401973512,20
33619080,0.00036395143221239765,0.0002927612575722385,1.157004110922803e-05,20
41254895,0.0003626751108465387,0.00048236918977147947,0.001635374009451095,20
34442898,0.0003625123442590278,0.0003594731980451503,0.0001198568822450727,20
41145835,0.0003618737602734456,0.0006451225369357615,0.010675006293835701,20
47731815,0.00036186371383362115,0.0005220678631721305,0.002948902890630868,20
55668480,0.0003616180080071474,0.00034961062915293546,9.220428647827433e-05,20
151374545,0.0003599467798528877,0.0004218030432035174,0.0005827815323961706,20
21891943,0.0003588395740356798,0.00033970755656659394,7.385182347533001e-05,20
189021465,0.00035863968365852926,0.0003963213032844331,0.0003441530197050045,20
23282061,0.00035839427235329345,0.0005429549905374801,0.0040930966483248305,20
68511137,0.00035829508239094423,0.00044478134147815694,0.0009487162762148743,20
25761030,0.0003579024977072742,0.0004055814422780396,0.000432989206508683,20
122952993,0.0003575232268878431,0.0003715293061916768,0.00019163568863880424,20
155796581,0.0003573510902329435,0.00046932268973437106,0.001484773657307423,20
103535281,0.00035717061110166203,0.000562321810610901,0.005227832721621488,20
65023688,0.0003571397503757651,0.001998298806375378,0.21700675853328472,20
39701165,0.00035701308451245307,0.0008876208402319211,0.04398192775940769,20
26440960,0.0003553273836775672,0.000316122869611473,3.744585538362832e-05,20
35530604,0.0003553229480238951,0.0004169573565918563,0.0005897972457444828,20
62058728,0.0003546568123761501,0.0003841437022666783,0.00028543593028032343,20
7670148,0.00035451855470020055,0.0005519228627579593,0.004873779729647136,20
196627910,0.0003544576864385945,0.0012219715816140998,0.1050410697996729,20
76162177,0.0003540015715741196,0.00033443038129833734,7.223016024523449e-05,20
97943202,0.00035395872434399177,0.00036581253809365733,0.0001815747354274156,20
121813304,0.00035329520727247766,0.0007130108592146178,0.019551424248641192,20
186418537,0.0003530138624927459,0.00037957076805608843,0.0002663097337198047,20
24089328,0.00035286024989298335,0.00042168938291543075,0.000690186238198824,20
118268613,0.00035234194977610547,0.0005658804646204215,0.005907231610996975,20
38501229,0.00035214576518535214,0.0006967318006380729,0.017867151558324496,20
81150102,0.0003516566261744875,0.00042686822188889583,0.0007877841826648516,20
63067394,0.0003515325614856485,0.00043920767376428454,0.0009999927787396029,20
182814131,0.0003514264242634596,0.0006203289188340387,0.010126704450160704,20
111736573,0.00035134554165317243,0.00043253783683238885,0.0008858546267097873,20
51251485,0.000351085693823186,0.00034414942660155885,0.00010644898391932111,20
260544,0.00035105802720222237,0.00036146016358610525,0.0001749929104248078,20
160988600,0.00035094988723097795,0.0007642923671353566,0.027023438221959975,20
82401518,0.0003507986287352799,0.0010934049711458333,0.08380008110417611,20
161193628,0.000350037197562858,0.0004141573060442075,0.0006334868229974818,20
72838048,0.000349942636180911,0.0013055268560552254,0.12268303315917126,20
35639595,0.00034985097896873265,0.0004313319801226801,0.0008966904102472242,20
34848927,0.0003497934541869363,0.00030985802175268417,3.5672330670968566e-05,20
15613384,0.0003495819674621065,0.00048809785565263696,0.0023412874933988275,20
60086206,0.00034954858040990854,0.00027698092496110464,9.637333237187083e-06,20
118349422,0.0003486544169981565,0.001129194172026919,0.09167889330439952,20
109405015,0.00034802205056742587,0.0004432439859034291,0.0011671115166933,20
151181269,0.0003480077504720125,0.00046553861401422514,0.0017083578743135107,20
95721981,0.0003479653055121545,0.0003203749350288762,5.4717493970987735e-05,20
18489082,0.0003473441375216907,0.0005596156028306012,0.006020917779104906,20
144648478,0.00034648687230912355,0.0006043091795315145,0.009490203595775447,20
51445011,0.0003463014451200841,0.00043243684438649434,0.0009955784243877118,20
172806217,0.0003461095336716985,0.0005646001037034524,0.006485922900142778,20
41661835,0.00034605017884623555,0.0010432660823006916,0.07718336420682709,20
97147587,0.00034599730155353834,0.0003181497109091068,5.3947990279787293e-05,20
153378873,0.00034570573760694945,0.0009159719347160908,0.0538915860323875,20
101533066,0.00034562974032052994,0.0005422579632679835,0.005115596393989904,20
216070428,0.0003450417853082061,0.000354118779027224,0.0001694782782724937,20
15475595,0.00034438893524811886,0.0004210240993829164,0.0008359734667380642,20
114367864,0.00034402551277510073,0.000545138323918719,0.005441055682880751,20
80399178,0.0003439734727413296,0.00043579120641741706,0.0011190901783462478,20
3814857,0.0003437794943672745,0.0006772085411853235,0.01750975947346002,20
80019842,0.0003436197323680668,0.0005134470832535823,0.003738872631523759,20
78264243,0.0003432685597120122,0.0009696519323117972,0.06494084596860683,20
149582839,0.0003430709375550539,0.0007828986367977997,0.032432156158349004,20
95539705,0.00034273671731829825,0.0006453184223415093,0.014110485783682904,20
193625751,0.0003425638127481534,0.0005712093522215995,0.0073750436786264055,20
42324152,0.0003425186266739821,0.0012109540346704525,0.11059318290632796,20
44452610,0.0003422984330730128,0.0003385800346557615,0.00011682235799763187,20
80198869,0.0003422080298694563,0.0002958563242065,2.7063046472944177e-05,20
180288239,0.00034218217015860033,0.00046108383871195366,0.0018042222874050469,20
29831521,0.0003417936147379175,0.0006256554746621595,0.012249701676405376,20
147371885,0.00034174275188984804,0.0005668901388158207,0.007156541795009289,20
82289951,0.00034169522677764683,0.0006105471294384969,0.01080509565751245,20
218673765,0.00034162999926984073,0.0003514024065552777,0.00017327617656654363,20
66224965,0.00034160285178120307,0.0005780373940741331,0.008021699042808769,20
78665246,0.0003415034078870727,0.0007991121896264754,0.035593235789021425,20
50671370,0.000341376933841675,0.0007251082735564346,0.024392029606307267,20
94,0.00034046282149786944,0.000695567643491694,0.02064299470343952,20
2463592,0.00034014417488012483,0.0003368601036143912,0.00011829296985465023,20
60166295,0.0003400313113941761,0.00033048172846376623,9.74308166035557e-05,20
69297421,0.0003397304315073957,0.00048255926320958577,0.002645332361237291,20
70177955,0.0003393778622938798,0.0005774941977617355,0.008279137751812082,20
38,0.00033933653371449326,0.0005234158760821072,0.004596033076868427,20
108740598,0.00033869120520898523,0.00047622040781497403,0.002461734654443187,20
44458474,0.00033821693349353477,0.0005230027040515649,0.004670150194125453,20
23432694,0.00033795378844001244,0.00041327376229070503,0.000837944350576808,20
37642802,0.00033764333990746187,0.00040816518887098167,0.0007608243714878948,20
54858762,0.0003376048538736076,0.0004879309470770807,0.0029851034826928707,20
84370860,0.00033727550011346805,0.0015884514994063648,0.1771275636658225,20
53739281,0.0003372145774928087,0.00027491561831987667,1.3596607700407006e-05,20
160187959,0.00033684294200489185,0.0004730079843557027,0.002439089201947202,20
148738787,0.00033659444072332845,0.0006459872813311153,0.015484469580517262,20
127116942,0.00033588333765358633,0.00045020376198965414,0.001733859633965809,20
71830685,0.0003356850140085743,0.0003381302850539186,0.00014055195452601025,20
18029810,0.0003355394261183309,0.0005813593837822084,0.009153007860184826,20
31,0.00033531085211584155,0.0006602189761643048,0.01747206380951629,20
22757035,0.0003352374580511963,0.0005327580613012438,0.005539109644497233,20
35937299,0.00033486053294085326,0.000487187671368244,0.003124318542603811,20
36700944,0.0003346298393752223,0.0005928302277586281,0.010325515666763504,20
60849915,0.00033459372021422685,0.0005602825111835625,0.00755675741813752,20
2061974,0.00033451319689317693,0.0003978432201030864,0.0006623251740335563,20
231489602,0.00033443169305416023,0.0003776786248603119,0.00041970717217344695,20
41497718,0.00033426376623902634,0.0004949794286932146,0.003520755451012266,20
99686265,0.00033421297646152315,0.00045470904817134503,0.0019384426159214237,20
132770487,0.000333797455107826,0.000582820248176497,0.009547387726008674,20
123862278,0.00033318941234081466,0.0005609758505937931,0.0077958653142747095,20
110361461,0.0003331332081952493,0.0003333576698663253,0.00013149274581296928,20
163191314,0.00033217409082318406,0.0003080633134373636,5.9209369022840695e-05,20
78219384,0.00033152779065367954,0.0030042110934704086,0.31365083788226356,20
45152229,0.00033127264696871663,0.00045574979442798697,0.0021036469098649493,20
188421362,0.0003311468679335322,0.00047759633169629613,0.0029422664488160614,20
44944605,0.0003308214603065823,0.0012621758972751879,0.12780963400369846,20
39480697,0.0003307967066027817,0.0003350271970755535,0.00014847568134641843,20
91914423,0.00033051267646090344,0.00038877642609787277,0.0006022385875682279,20
32493682,0.0003302139380064129,0.0006356499509250748,0.015708948125090716,20
75744635,0.0003301255566178496,0.0003234247326645258,0.00010584291927452371,20
72559339,0.0003293548081919173,0.0005266159160916988,0.005749878943870284,20
7671816,0.0003290455120209063,0.000323935670651701,0.00011128149817012121,20
30414998,0.0003286846829217288,0.0005870339912505894,0.010779315244274546,20
63868563,0.0003284385809420948,0.0004765631411654567,0.003067373613307692,20
199247754,0.0003284105340559257,0.000563361206668391,0.008661747329630468,20
15224724,0.0003278569811474313,0.00041152330155765744,0.0010382016527254068,20
46327387,0.0003276764692453471,0.00037131697515064725,0.00043286521627011943,20
6266066,0.0003276551285927881,0.0007443597493216083,0.031883786051632716,20
184428002,0.0003276519868938621,0.0008556442780600287,0.05153720523314271,20
23,0.0003273882943388151,0.001638702315421516,0.19139269975597933,20
73359534,0.0003273256652399859,0.0003637006292337759,0.00036194628742582406,20
99149404,0.00032725132059405193,0.0005036777623840505,0.004532685764642931,20
132807034,0.0003265386263703957,0.0005825677434579187,0.01071758957844408,20
166607746,0.0003256425180403061,0.0003103786066434737,7.936934816366454e-05,20
143772767,0.00032504802775569497,0.0004988753680005625,0.004451489856649576,20
79397567,0.00032471464243209736,0.0002927228153448108,4.33794342139064e-05,20
101053338,0.0003239397701685215,0.0006718049707602241,0.02203697831502845,20
46051529,0.00032393223037477105,0.00030748288471427383,7.598453062002858e-05,20
22843428,0.00032385538985366666,0.00048191521585529563,0.003637484927313263,20
93706220,0.0003238482440678481,0.0004744217578477059,0.003274370492214807,20
151174295,0.00032382202054296314,0.00030711719385752935,7.530110267170781e-05,20
33249945,0.0003238169395227891,0.00042601234214893096,0.0015045368635243446,20
48911866,0.00032378781309295166,0.0002474989185990012,6.1733524201225596e-06,20
44550108,0.00032350747101952406,0.0003268596511183558,0.00014493877586266199,20
50249669,0.00032303192615574795,0.0005777894062643036,0.010863498040116852,20
98749123,0.000322720824969247,0.0003171197266241792,0.0001091718984727403,20
29471323,0.0003216819703646262,0.00041198723763824784,0.0012199747822890595,20
21882149,0.00032157672220502475,0.00046273878795426366,0.0028962548295877245,20
188220110,0.0003215228468851694,0.0008001863459844526,0.044129598173800993,20
74261063,0.000321328141470642,0.0006742294870272377,0.02316836424197961,20
13823588,0.0003208562446007923,0.0007980581763730103,0.044043103105635514,20
21630897,0.00032059193229540814,0.0006685975979539573,0.02257411799144919,20
44449690,0.0003205381869859303,0.0004089648389356278,0.0011837089741307762,20
59015799,0.0003200778910628338,0.0003607214871302815,0.0004119162278983099,20
95321506,0.00031968794268749103,0.00045604514837906736,0.002726311246546357,20
132273991,0.0003195305644044688,0.0006691635100997579,0.022978833844108894,20
129358986,0.00031951285916968775,0.00031077677167239365,9.820854512594745e-05,20
30620632,0.00031948820476995765,0.00044974625794084327,0.002482342258084288,20
119750351,0.00031948462258082623,0.0006297172274436172,0.01755706733495495,20
8617183,0.000319379208104581,0.0003883391562347599,0.000798963367898503,20
120955578,0.00031919108021677964,0.0006910156507591299,0.02638200423180694,20
148652302,0.0003185488596576802,0.00033940542623618944,0.00024414536915555484,20
137964269,0.0003175744949086151,0.0003849160853859129,0.0007778700348813593,20
9867992,0.0003175236992958047,0.0004723733223036079,0.0036313398355658304,20
102333283,0.0003172549070502489,0.0004927524264657907,0.0048021885175321705,20
65729747,0.00031686988502815927,0.00033432737302403943,0.00022220048158873775,20
103527849,0.0003164507573909264,0.0003679189619816603,0.0005439298725037585,20
28244396,0.0003164369581742543,0.000812277335104119,0.04881913104995242,20
33695065,0.0003164254815930717,0.001975918535839747,0.24129772293711427,20
33733692,0.0003155559975636213,0.00048423795264986865,0.0044474087176073285,20
65470749,0.00031550833073751007,0.0005618315543043361,0.010611409102424793,20
119550240,0.0003154767872676406,0.00021115934402658444,1.08887638456756e-06,20
5,0.00031538542856872354,0.00040360471486526486,0.0012123745372267008,20
14290821,0.00031522643310412656,0.0006467643015087854,0.02103364435065071,20
74087193,0.00031502286650373636,0.0004828913316376903,0.004416308557407733,20
51715302,0.00031501281649445043,0.000397715017218378,0.0010882734847278022,20
154977929,0.000314834655415161,0.0006255547452220102,0.018217917029605218,20
19457970,0.00031476721865765777,0.000947184822300268,0.07681926846958069,20
150454606,0.00031424847808456666,0.0003276715884993095,0.00019812157269790613,20
106004039,0.0003133342250527915,0.0005808907678339835,0.01306416375138905,20
128583483,0.0003132814162920772,0.00033160064400602324,0.0002291695114946156,20
37242504,0.0003131816921678271,0.00037517834353466734,0.000704579205668551,20
178886827,0.00031312081939185164,0.000493888911851548,0.0052885256013404216,20
188223010,0.00031300990910817226,0.0003585034826466007,0.00047634265233209295,20
163795102,0.00031226702236157865,0.0003234392945937456,0.0001855719892544016,20
104044426,0.0003119707048718029,0.0006486338750116456,0.02228022896000058,20
44446473,0.00031174024377832453,0.0006079434490748994,0.016706876044930194,20
153779708,0.00031173201461668634,0.000882405450473625,0.0653175553621829,20
92124078,0.0003114426603567172,0.000397276571529753,0.0011817298067467769,20
5004098,0.0003107497362381362,0.0004895510946713932,0.005248651896021739,20
126529036,0.0003104405427591467,0.0005569908408651253,0.011041987297252018,20
139864762,0.0003096954064663704,0.0003181953273472479,0.00017135218691159717,20
27266465,0.00030903989376889764,0.0004396089306091934,0.0026727035896735593,20
237495929,0.00030903640816098976,0.0004990961266491586,0.00610880035995615,20
69139893,0.0003083683693542533,0.0003665751949028943,0.0006596419475979607,20
72214276,0.0003083559603642705,0.00048586840005344597,0.005254582944204221,20
207885845,0.00030832152472016203,0.00022185871502950163,2.8527118466447613e-06,20
139559491,0.00030829576900575083,0.0016373334846707592,0.20511313242577034,20
75365693,0.0003079084854919756,0.0003451208454437463,0.00039200899764106395,20
9469846,0.00030790542891384056,0.0003839665663852161,0.0009845722794437515,20
225484401,0.00030766127923347877,0.001620192156187664,0.20316550925772253,20
47509112,0.00030743190819563506,0.0005598818505701255,0.011932152162234132,20
83490504,0.00030707164720769896,0.0004766799895105085,0.004785922558360475,20
205859602,0.0003069100923126261,0.007829544745266696,0.4313480854487558,20
10419328,0.00030603909101640516,0.00045644273371777343,0.0036930191448385536,20
115129936,0.0003050443940633335,0.0005081227484687248,0.007331188182911695,20
64275001,0.00030495491602637316,0.0003715548388509889,0.0008126754434155465,20
102716874,0.0003035919362891909,0.000614622150552927,0.01982694801603129,20
25698343,0.0003032747281415282,0.000321893060453536,0.00023531705293676768,20
43457522,0.00030320483292484157,0.0004078806262088872,0.0017817868545776652,20
102037882,0.0003012760914961665,0.0003174333394169718,0.0002192361498693184,20
34456770,0.00030100277597759905,0.0005712575515704815,0.014669835034447604,20
129948206,0.0003007825815519477,0.0005076759843120921,0.007907147194322117,20
76488207,0.00030057012817941706,0.000772893093302684,0.04909097779827654,20
129366558,0.00030044157845369177,0.0004871710959926624,0.00625801473320975,20
58269168,0.00030043619332484616,0.00031729917541345584,0.0002243147000642743,20
111247577,0.0003000850536479055,0.00038392428114123286,0.0012098668387634437,20
11610393,0.00029985354806639776,0.00048400324408928356,0.006088904242679497,20
109122283,0.00029982380704566826,0.0003592596709881567,0.0007059749152121371,20
5815474,0.0002994123072592586,0.00045096362737144063,0.0039401192212276176,20
25834070,0.0002990362710577232,0.0003587923496552631,0.0007139976517758836,20
58855832,0.00029883582937583755,0.00043405489360819245,0.0030890381855695178,20
55064573,0.00029869773086851903,0.00026280999135471677,3.304858332435429e-05,20
45067768,0.0002985596515413358,0.0005593261364932046,0.013765026469005622,20
40053748,0.00029815532581633776,0.000625847665040358,0.023206227940719203,20
48353605,0.00029775082233320094,0.0003878800369625506,0.0013942075404072456,20
54882458,0.0002970225044803959,0.00039778481262440395,0.0017230143377856158,20
73415232,0.00029695333835283444,0.00037725936240323623,0.0011440832439600479,20
78364844,0.00029692719723895255,0.0004914359079052877,0.007062885700702254,20
45707400,0.000296731052712243,0.001595164801313612,0.20789884179785068,20
68679846,0.00029596164192608186,0.00042381033477359984,0.0027998507047398186,20
57200619,0.00029574728065011877,0.0005030370797944564,0.008259328045401533,20
76684631,0.0002952256798257419,0.0006130057411676649,0.022153549820340346,20
119611955,0.00029451500348073314,0.00044530256173270464,0.0040408867533909525,20
25234253,0.0002944541839062037,0.0006706798349321594,0.03220036971934358,20
148852541,0.0002943864077116942,0.0006209480563294516,0.023688303240913474,20
9619210,0.00029391209474637634,0.0004793581120431765,0.0064784079627641395,20
50253488,0.0002935396264258677,0.0005303404065186391,0.011450366166066173,20
124417250,0.0002928877234105537,0.0005120413777611591,0.00961361630671727,20
210064119,0.00029181217144104985,0.0005230212640123794,0.010981560348548693,20
118749855,0.00029093515925004423,0.00034456925171887965,0.0006389067579751746,20
53,0.0002907851267176881,0.0004586930430012091,0.0052909882171306676,20
216498083,0.00029076809377585053,0.00044093648496696975,0.0041193456619587916,20
139463565,0.00029055191224745537,0.0007982624081972385,0.0600215800661928,20
77308302,0.0002904366554604881,0.00032166561275981566,0.0003512800095889216,20
59498158,0.00029014761973955583,0.0003131482143905724,0.00027595055041899517,20
108137631,0.0002896657320934609,0.0006332173664711454,0.027437183614627214,20
9818874,0.00028936640513930746,0.0004197281295034706,0.003060289039131468,20
160593498,0.0002893509352705631,0.00033906430784985247,0.0005826151865405486,20
12422187,0.0002893252353909304,0.00029566373984718915,0.00016239616385056084,20
61858098,0.0002892413484812145,0.00038270316437242466,0.0015718173214111916,20
61661564,0.00028873587479543995,0.0004848932575412637,0.007683105451840122,20
460466,0.0002885585180918998,0.0006253937770899275,0.026501326439649555,20
104755251,0.00028855565946233063,0.0002679193669159981,5.995294060572842e-05,20
169597238,0.0002882436633092289,0.00031829742450265166,0.0003418474314581128,20
95281804,0.0002879054589801089,0.0005299392847554333,0.01260009309493749,20
92211361,0.0002878133879300554,0.0024495104644148037,0.3026682074969085,20
57456790,0.00028638324365278244,0.0004217225687556609,0.0033914509668247967,20
30896120,0.0002863693954399227,0.0004484925367008803,0.005059548358780193,20
149052644,0.00028630482829263557,0.00040076775891560436,0.0023844443401008484,20
2611717,0.0002861460526722176,0.0006163199080941064,0.02583788491834033,20
22680875,0.00028566505894491443,0.00042798904832983084,0.003805377562218971,20
30102050,0.0002856486279849663,0.0006856448217470135,0.03898715239724709,20
75104487,0.0002855525752998994,0.00040621905233581107,0.002673665632029654,20
127869519,0.00028543233704223235,0.0010266039779760715,0.11442019011218371,20
102690883,0.0002852510244381462,0.0004952119884279785,0.009253358572317481,20
10222895,0.00028512881308775386,0.0003964703847010564,0.0022729077073834953,20
3412648,0.00028464133220856,0.0002700600643462598,7.560532489875606e-05,20
51874054,0.00028460017472251573,0.00040572051982782205,0.002713598299565365,20
197031664,0.00028452891200760055,0.0007179012632590446,0.04617640747717103,20
47754416,0.0002843288719313414,0.0008612243313257543,0.07810239096738264,20
88978501,0.0002840426020080583,0.00036831786256783465,0.0013449284285558872,20
163791840,0.0002838861899276929,0.0016187817298753057,0.22127240625541666,20
3,0.0002827764863746141,0.00042181869270062496,0.003697149368474513,20
13440596,0.0002827011136147917,0.0007028100887744821,0.04397079834619386,20
116570630,0.000282272837767783,0.0006337155528912444,0.03047034014941377,20
51473842,0.0002822038793452275,0.00038276542643236454,0.0018945877504312348,20
63870607,0.00028174307666078703,0.0003447385462616836,0.0008420690485422065,20
66885521,0.00028172067346013684,0.00040675558567996624,0.0029645538321446,20
54397690,0.00028171047214434474,0.0003982641750856475,0.0025587428298690764,20
60064225,0.000281661638346456,0.0005224647592779108,0.013100888997660525,20
188233524,0.00028138542701813265,0.0002964688243651162,0.0002191851527472371,20
154785413,0.00028120904608457955,0.00039739544136402886,0.0025514687952738475,20
60144080,0.0002812030096465773,0.00041483807991019706,0.003432687305864078,20
87089247,0.0002810442566740567,0.0002407642552890959,2.435871989232353e-05,20
42450774,0.0002809579930322575,0.0004219196978296026,0.00386433927737939,20
22831714,0.00028051074835104,0.00036427440475280315,0.0013604886835186102,20
94898936,0.00028027435611689135,0.00044372988823049737,0.005411732671548017,20
14622952,0.0002800447262088751,0.00038052564553032407,0.0019202243789188697,20
104910959,0.00027997199485216284,0.0005161056257533837,0.012695725074466077,20
83569832,0.00027993116212663425,0.0008645240661138353,0.08194964251532312,20
6264480,0.000279861852931948,0.0007448646100639345,0.054635264065281804,20
132657680,0.0002797632027072172,0.00019916698861722202,2.480600788408357e-06,20
27,0.0002790907590738467,0.00020434789017937237,3.573356646490621e-06,20
72780830,0.0002790156417984524,0.0005418369529974645,0.016378669875848968,20
69925111,0.00027862548862491734,0.0004600741233323128,0.006967631487754762,20
194826729,0.0002777463148312148,0.0002255673331088058,1.2985359464368955e-05,20
185217762,0.00027766631805916097,0.0004949284493110319,0.010666432958486264,20
97701769,0.00027739442030612626,0.0003520816078640532,0.001135557762848253,20
15750835,0.00027706497800620287,0.000500647196081339,0.011458895088455876,20
59525031,0.00027705960163788845,0.0005532656766182247,0.0186393581586543,20
115351219,0.00027664324987973775,0.00028826379065937036,0.00019680771028069606,20
130185176,0.00027644295898066604,0.0006326807037823109,0.03278783848904768,20
46230815,0.00027585243622268996,0.0005751234795544741,0.022545655065659066,20
85804696,0.0002757341912359351,0.00042284187650627,0.004428074299500517,20
89915359,0.0002757153622871322,0.0004931032348767684,0.010857270727718443,20
179810201,0.00027564974271356566,0.00032778244339525366,0.0006614019533598386,20
1464986,0.0002755770133919533,0.0003876466492023455,0.002469373633404156,20
43104383,0.0002754580385197963,0.0006848748057396752,0.043986118307533996,20
109699547,0.000275224454825751,0.0005184850183904758,0.014148230386956917,20
164192368,0.00027517054356894776,0.00026162226114263604,7.73078629908088e-05,20
48468977,0.00027483615322785313,0.0008002744801265089,0.07052990512357671,20
77702510,0.0002746578769395186,0.0003716263640325976,0.001860658814805114,20
79691256,0.00027428499667584707,0.0003177227632696015,0.0005265819184965704,20
123074371,0.0002742462250340416,0.0006724966763831577,0.041980330208653036,20
242700770,0.0002739947389388958,0.0002902197266075139,0.00023071982049628644,20
132073441,0.0002739320967445308,0.0010477125923282423,0.12837715422852367,20
57656839,0.0002739211821407461,0.0004639745260389243,0.00806723239574641,20
109560911,0.00027359585723329695,0.0005650352282704505,0.021642470491473137,20
117256095,0.00027341666994049887,0.0005637461078987863,0.021489840550134615,20
25465028,0.00027335498959122907,0.0003761055276870816,0.0021051268502971106,20
112649670,0.00027245414685237725,0.0003718468701660191,0.001983820468327134,20
34728322,0.00027237573786515477,0.0003478233248049965,0.0011920626452116131,20
103929897,0.000272337625561056,0.000534675953194752,0.017238782261858446,20
121612891,0.0002723076684845782,0.0002355956619585273,2.7290270051217006e-05,20
3869128,0.000272205202758416,0.0003562419604423813,0.0014449997380437363,20
133659764,0.0002720799805469215,0.0005563294867193445,0.020719687120099563,20
45850809,0.0002718000694094086,0.00032296898544333384,0.0006572731065830453,20
26689788,0.00027170758299653044,0.0002533434153778342,6.27521254976333e-05,20
99325271,0.0002710273893479054,0.0002672295742837295,0.0001130583170348455,20
36244666,0.0002707631593873411,0.0004566636440078711,0.007873347306695843,20
20801203,0.0002706023365800697,0.00023297613052506968,2.5797616372085398e-05,20
83998810,0.00026978368959442724,0.0004015976261932913,0.0036461876996375614,20
29652675,0.0002697643226448332,0.0003064356776299468,0.00044243984355012454,20
153457786,0.00026970813425247764,0.0006562096413144705,0.04086858412867356,20
43147279,0.00026969715668170857,0.002036368452862098,0.28031954634473255,20
36533889,0.0002696168726228132,0.00029145872364316446,0.00028018061296157884,20
89780214,0.00026889663240996784,0.0008639941625942379,0.09002552451424642,20
140431221,0.00026871664260191277,0.00043996956588463225,0.006629118216868208,20
117147205,0.0002685113150479923,0.0003573833808084667,0.0016442583335845402,20
139566499,0.0002683527438710781,0.0005575961330030594,0.022220263140557226,20
2063472,0.00026795063438817267,0.0006080116954550411,0.03174209109517832,20
55339971,0.00026789168172165203,0.0005537289885660238,0.021723029932853914,20
75761722,0.0002677563605044564,0.00033476039088010836,0.0010054392893209102,20
57256781,0.00026748654726543863,0.0006513263433096308,0.040981588284783474,20
106338581,0.00026717030365525085,0.00034042714787546944,0.0011714006707296437,20
124954555,0.00026714303259676997,0.0003228038134921816,0.0007581254943087181,20
82752285,0.00026699405629587725,0.0003849418186034061,0.0029353976177640424,20
66063457,0.0002669161816523935,0.001008625969672782,0.12560835755293523,20
57,0.0002667609697690948,0.00046758681005674616,0.009750948931547512,20
107313403,0.00026665487019464915,0.0003310399696123139,0.0009491676143253442,20
170411007,0.0002666335197930747,0.000750687597691133,0.06434465029670533,20
145377045,0.0002659643140405871,0.0003996218749615819,0.003878270386768077,20
8417115,0.00026592526134976147,0.0005664569428301907,0.024683562331403862,20
61464142,0.0002656043380942469,0.0003416826103156699,0.0012635970252771645,20
38702883,0.00026559554167509826,0.0004356842060180992,0.006703699380572088,20
71700236,0.0002650022822709347,0.0005387090835282043,0.02019310119959701,20
99512608,0.00026476595045354657,0.0005195910023142665,0.017204919753083962,20
68733328,0.00026457098251389256,0.0007983844819091862,0.07736950192013801,20
44350096,0.0002637699904995905,0.000747518750298043,0.06553028907518584,20
107843460,0.00026361330751717427,0.00039551978485700577,0.0038416931836199736,20
66265028,0.0002633245660020017,0.000437671379820757,0.0072390251329824086,20
25607984,0.00026315527261552005,0.0005235313580153144,0.01832330015460502,20
14071331,0.0002631413014351269,0.00031439491069576377,0.0006887843265868741,20
89178867,0.00026293573670042034,0.00036700598336784825,0.002336090973294469,20
4267730,0.0002629329085452103,0.0007874069494507041,0.07588369214857564,20
90781070,0.000262574962992812,0.0007235857396866605,0.06054860163788691,20
198833404,0.000262240480822154,0.0007969107097320725,0.07874257968547191,20
38857895,0.0002619734048212169,0.0005306200849586437,0.019869438679117852,20
24497115,0.0002619036883104497,0.0004544201648216476,0.009224433977664247,20
18677882,0.0002617995419226665,0.00035760882724107727,0.001996269964704155,20
96922939,0.00026179509586873596,0.00039564389463001996,0.00402846098951182,20
49721909,0.0002615342405835913,0.00028913737295533997,0.00034552222463197623,20
91894452,0.00026150755352057076,0.00024746848568517473,7.354586776399402e-05,20
70075475,0.00026135420784464405,0.00043692648551103196,0.007486017907639353,20
5817259,0.00026097110253853195,0.0005437107438505444,0.02247706521374489,20
66464330,0.000260846579889773,0.0004352747381620697,0.0074069190797439455,20
16023669,0.00026061988431361205,0.0007090622097706036,0.05833568335633204,20
6616249,0.0002605681359039602,0.0005647473289966973,0.026504601321166752,20
68666492,0.0002605471401653847,0.00036830811786378224,0.0025569391280291223,20
6604757,0.0002604493578295147,0.00028558465057913095,0.00032019419133553996,20
175207819,0.00026029679650779183,0.00023048206168937898,3.550380991629211e-05,20
36699347,0.0002602706586320891,0.0003620806033155282,0.002280865329207538,20
35443632,0.0002601867140614972,0.00042542068162066126,0.006575640016926269,20
23205811,0.00025964326606744693,0.0002454273567206092,7.266689084395042e-05,20
63460918,0.0002596249145501439,0.0005014858282407648,0.01596791672277908,20
84754191,0.00025904373599231476,0.0005355701360197618,0.021745852999946285,20
82721313,0.00025892028554601597,0.00029971938115990534,0.000523409963945713,20
43852075,0.00025886592492868344,0.0005024209292097638,0.016334689680023544,20
83352667,0.0002586794276788401,0.0006523310103236273,0.04609567521881519,20
95927037,0.0002586262966634667,0.000354954720119237,0.0020670906898236146,20
176817947,0.0002582898029216907,0.0011284801494601886,0.15944156804046533,20
106295428,0.00025827056904715874,0.0005302099021594556,0.021086607580717277,20
16873857,0.0002580778359949909,0.0005325648738513343,0.021568117879622543,20
77889938,0.00025790112822187685,0.00025694734250505605,0.0001257664431421251,20
108922158,0.000257603679508428,0.0003593374346093703,0.0023255564483110757,20
19955047,0.00025690473674414016,0.00034519971372534345,0.0017665056696260337,20
38136026,0.00025686075350761506,0.0008489931768712109,0.09596328611558173,20
34820891,0.00025683206434101713,0.00022781847991252993,3.6220180622075756e-05,20
111963664,0.00025675959680979685,0.000693974973893983,0.057213729814499695,20
31696488,0.00025668893170540107,0.0003280188642661158,0.0011986533243094832,20
24888760,0.0002565958678263813,0.00018581196434260084,3.0975477078565895e-06,20
38974308,0.0002565506291110048,0.0003465801014519258,0.0018389452059298444,20
34857022,0.0002564821393195138,0.0005306206548112238,0.021807482232299658,20
32968152,0.0002563177742818445,0.0008682226576715675,0.10121504648507786,20
231889860,0.0002561258256297605,0.000601350422924754,0.03603126158444375,20
77195971,0.00025604606287161493,0.0004389181999404851,0.008628000838254947,20
196843269,0.00025573314383209035,0.00047916242264530357,0.013774726450199141,20
54053951,0.00025558704847035706,0.00027471058636491317,0.0002653540711337887,20
56268881,0.0002554432578206034,0.00038830025665841095,0.004184169692362745,20
3464676,0.00025532850363068905,0.00036183866955586015,0.002602729172466674,20
21481585,0.0002547394451172247,0.00020815878116190522,1.3978679323810341e-05,20
217499414,0.0002547336903364783,0.0003459732172554321,0.0019136657720914471,20
59659309,0.00025470860797896234,0.0002644139508798764,0.0001897061541465367,20
102254590,0.00025461715013857524,0.0007658985913314541,0.07674677935298325,20
21086440,0.0002540454494166927,0.00024283940333777587,8.183719197393743e-05,20
10020370,0.00025394314804060014,0.00035823905060114236,0.0025201337169020984,20
107958746,0.0002538456733853056,0.0007632224966186807,0.07665611920312262,20
38943728,0.0002538367807844194,0.00029627951144565296,0.0005629279610988839,20
77,0.00025343044440176985,0.0003158422041134648,0.0009796882399222004,20
15873288,0.00025342837445371525,0.00041672559509951747,0.006799247673556665,20
141169968,0.00025292118963918806,0.0012463169167930635,0.1877410753157729,20
150654622,0.00025288286781863234,0.0011065441019253459,0.15980109017608368,20
68857256,0.0002526958752552433,0.0005234711330210981,0.021931103277001526,20
30137207,0.0002523025970334075,0.0010080091397848946,0.13846787323772575,20
135763217,0.0002520113277054564,0.0003623816939190951,0.002882181293456239,20
36901080,0.00025150363545244634,0.00037939391723217607,0.003980410126629808,20
18827165,0.0002509044486249057,0.0004366003116376157,0.009372096998661431,20
115768926,0.00025089632480575496,0.00035676289219354625,0.0026655089357015866,20
50270331,0.0002503318016934569,0.00045821666400176883,0.012247330037325553,20
19681743,0.00025016196457951223,0.00022661028975414125,4.57695509798548e-05,20
24283359,0.0002499502747521698,0.00046817959370275904,0.013753227670358074,20
47888261,0.0002499473078780734,0.000302405470872837,0.0007662096718546952,20
105111400,0.0002490903343500495,0.00047164181811370565,0.014505003945133453,20
105756874,0.000248731969144908,0.00048126465536552245,0.016097699202206172,20
157699205,0.0002486597664000334,0.0005957350133489942,0.03872917759128978,20
149691859,0.0002485273552789213,0.00037089992618974133,0.0037084649254739434,20
78102963,0.00024824193278342733,0.0003623434251780483,0.003194485477792932,20
112300774,0.00024811166088814507,0.0007248555624444249,0.07115293369611142,20
94481908,0.0002479666591425983,0.00018722386542510114,5.287965742647134e-06,20
43905870,0.0002479328577366574,0.00032029608810572446,0.0013061717142180674,20
7467907,0.000247681501549088,0.000585571924549531,0.036944389754320746,20
7669535,0.0002475729483130157,0.00029076305135080786,0.0005941548327736851,20
75862771,0.0002471981618654112,0.0006645748376023609,0.056312300148532335,20
6668508,0.0002464931722065189,0.0004303679486516808,0.009545404358676207,20
33097486,0.00024629007146116655,0.0006191974513261673,0.04563686498778752,20
4069426,0.00024608907500265064,0.00046708483147921224,0.014676741994852756,20
48453276,0.0002459721769630857,0.0005852680292968871,0.03780001326371538,20
73559582,0.00024539189949625837,0.00036507949569433517,0.003632342301514069,20
104756197,0.0002449841876035308,0.0005438479247703118,0.02916447438064578,20
46246025,0.0002449634159980785,0.000517764404251279,0.023894296275420137,20
44845008,0.0002449619168275352,0.00032401164170601853,0.0015679607533255996,20
21083435,0.00024479553598462654,0.0006255835226221852,0.048127432689329445,20
149374381,0.0002447353671229613,0.0006795155148435083,0.061867678082546576,20
67686119,0.000244530795269185,0.0003812821868072445,0.004921569243532262,20
30734108,0.00024430331266023784,0.00029470005784828346,0.0007472381331325112,20
110809371,0.00024392378091264434,0.00039590308152632597,0.006293730361466911,20
38644879,0.00024380123296430521,0.0004976674178885384,0.0205663822809345,20
65407609,0.00024368779143686957,0.00031965366033696695,0.0014708573415793246,20
13671183,0.0002435343699303927,0.00045769132726011764,0.013982793761544784,20
96928210,0.0002435120130218571,0.00031218292027600616,0.0012296147349489463,20
74903814,0.00024339705090295483,0.0006822238332211878,0.06354707146348362,20
42796789,0.0002433509126434752,0.000576020222461551,0.03710282566961058,20
76088695,0.00024330064712778376,0.0010600053821706746,0.15877871997845772,20
234492040,0.000243205245190517,0.00036457391112056206,0.0038191144538937153,20
156698673,0.00024266944749425922,0.0025410545860715637,0.33705841076499765,20
60003107,0.0002425668781252277,0.0007306746564626822,0.07702005212570977,20
39624878,0.00024217738115115683,0.00023440591019918905,9.33219640396865e-05,20
139594314,0.0002420942001978621,0.0005495526348308885,0.03178877100914868,20
20485631,0.00024174931444318482,0.0005805935585305446,0.03906287024952118,20
77664095,0.00024169131646769316,0.00020466927429812695,2.1299235776391633e-05,20
100288238,0.0002416775553595929,0.0002560710816206764,0.00023143451289113715,20
183414572,0.00024144453880519667,0.0005861937955051829,0.040569306866388405,20
115720514,0.00024127247409493345,0.000574315975489523,0.03785401125876217,20
31622768,0.0002409417965326788,0.0004557829806378634,0.014438300473556898,20
71470649,0.00024085692626525657,0.0008733140773134484,0.11623424102331303,20
24206025,0.00024065719445286182,0.0004034846841023967,0.007610766676409445,20
99652160,0.00024049820615861529,0.00041079995675068925,0.008458044307535804,20
89558578,0.000240195634578802,0.000302007841825611,0.0010526760102191268,20
35843964,0.0002401852663439702,0.00029909802305766675,0.0009733685124394799,20
36299862,0.00024005266796548464,0.00039388669597756364,0.0067140585263092195,20
226708389,0.00023999069294063923,0.00045879364882453244,0.015196649736060653,20
131560044,0.00023980623005495638,0.0005185406330403796,0.026255087405710836,20
138967017,0.00023939025309351047,0.0004079189323313197,0.0083440346976123,20
18680129,0.00023938997636481496,0.0002362552523110409,0.0001141450529480963,20
116947196,0.0002387183275260385,0.00026009734626565605,0.0003017268721438489,20
248528837,0.00023869966726036972,0.0005245286220431411,0.028014044876794715,20
60945015,0.00023789644208310756,0.0003311815366515293,0.0022921804844733317,20
210293333,0.0002377349811631735,0.00037858281866018123,0.005609158918561292,20
17,0.00023761274476499227,0.0014533005709287386,0.2367929772094189,20
77041826,0.00023757356755361726,0.0004163650471165626,0.00974319502634019,20
235892970,0.000237411682740038,0.0003554131934271428,0.003785516037336755,20
74360542,0.0002372188582727891,0.0022411575729019612,0.32067468454110803,20
165398168,0.0002372139209751073,0.000564960750772788,0.037926881578408615,20
107406663,0.00023714973992573497,0.000643470394496629,0.05787496257727823,20
4395776,0.0002371238803225817,0.0003512153146264157,0.003526203972615228,20
20846666,0.00023698089602009197,0.0004519981223805434,0.015028615860085708,20
224682759,0.00023680779322403643,0.0005856786566428684,0.04321423129224092,20
70876148,0.00023646066488524354,0.00036220560080467304,0.0043960389636085225,20
124742610,0.0002364524861811712,0.0005552943593948458,0.03606289455815239,20
25,0.0002364290231038707,0.0003986933010036257,0.007866260568928916,20
28430707,0.00023636733150479705,0.0005042928957668997,0.024846514108864955,20
21034095,0.00023632203535908504,0.0003103002542289822,0.0014821807371339882,20
172413267,0.00023624612286429482,0.00036198319861838364,0.004404335655315049,20
99,0.00023599960316073588,0.0007154883095299959,0.07828135549153907,20
61745222,0.00023546708007225747,0.000353970215502913,0.0038906613407156095,20
52756698,0.00023536151497333124,0.0004010214029656458,0.008340226924467174,20
153257636,0.00023533091538490702,0.0004119192282071947,0.009677402966286178,20
190424966,0.0002352277334805891,0.0005099962527161814,0.026540674490035873,20
49864134,0.0002351757320771447,0.00030732269617721837,0.00142844482844975,20
93519812,0.0002348156206395502,0.0002624803613809542,0.0003824102123141022,20
30697009,0.00023462240001395905,0.0004110121926620306,0.009720027478116318,20
138164365,0.00023456427588796903,0.0005681311606741998,0.04023520198139921,20
110846248,0.00023437729933564188,0.0006509219348375518,0.06191264189900616,20
114539924,0.00023431374677359562,0.0013808999802422317,0.22862959901850616,20
86693880,0.00023399575502330573,0.0005527725125891284,0.0368381306325629,20
32098753,0.00023389724020284885,0.00026526137053104257,0.00043601446690623067,20
104090499,0.00023259301548289867,0.0004221916647155844,0.011730587669900426,20
48642428,0.000232441296715849,0.0003879362440647239,0.007413686375070451,20
115051806,0.0002322511872095867,0.0004418645345629509,0.014846588978975514,20
84894838,0.00023210723600900485,0.00041701463847946613,0.011121346215205972,20
167908915,0.00023184386407158476,0.0017841140387239883,0.28398515711423516,20
133859879,0.00023106632230100732,0.0005258060124491082,0.032085824907442696,20
44066406,0.00023097883842014555,0.0004655578604044629,0.019439331179146743,20
50274166,0.0002307047548826574,0.0005785118813358947,0.045248490123827804,20
126184880,0.00023036577876847653,0.00028325525905955674,0.0008769585927156059,20
18224619,0.00023016766216642226,0.00029416480070896015,0.0011998532547270102,20
145286811,0.0002301489477299301,0.00020252602605947868,3.3101902458821926e-05,20
31293907,0.00022913889097756212,0.0003786038995193199,0.006993874153658283,20
183015182,0.00022903788142668026,0.0003440415188264352,0.0038710880427229406,20
168272870,0.00022893269714019393,0.0003972236343163195,0.009225747766531046,20
22263473,0.0002288545987799151,0.00044431626719654207,0.01635953653977361,20
139759544,0.00022883142265356094,0.0008510084224707469,0.1219649299228014,20
134963862,0.0002287184196242964,0.00036417988497619965,0.005604969529732845,20
28251065,0.00022862515212065948,0.00029218194657802915,0.0011994797595136979,20
5219345,0.00022847914849942474,0.00038218347458769626,0.0075105007435506245,20
129079118,0.00022805686267407532,0.00044224997940719383,0.01626935436814214,20
9070012,0.0002280043831906331,0.00026031190644800227,0.00046296968841052447,20
165992730,0.00022760520333065803,0.0003827886641842775,0.007747239492054755,20
4413859,0.00022750203562179605,0.0006683168204956891,0.07219424900526882,20
110008651,0.0002272007838032497,0.0004759209353364635,0.02300252369298249,20
24826638,0.00022710099831606544,0.00045396846868952476,0.018726527131450187,20
103397218,0.00022705088870227097,0.0003546832215821359,0.004979141317511095,20
137879593,0.00022693689639662895,0.0006859444508713428,0.07769105409812085,20
86224202,0.00022664303495900927,0.00040015642184059293,0.010139191379732697,20
19879552,0.00022648903587860203,0.000640940165210873,0.06526901219009214,20
63874650,0.00022640440319522946,0.00047294170737782894,0.022732620515811056,20
26689767,0.0002262439689073137,0.000592224513250059,0.051918187502049906,20
24039989,0.00022613078074723846,0.0004131900205463686,0.012137453373608777,20
242900951,0.00022612449061050477,0.0002945812023217967,0.0013945312626520356,20
88291032,0.00022584193737976155,0.0029039233294692194,0.3659054806682053,20
86326403,0.00022572297104903326,0.0005019887999973639,0.029370192913138735,20
93515485,0.0002257108952848974,0.0003537364939014959,0.00508134112742663,20
70978662,0.00022560176672399012,0.00041147188607524275,0.012024360204173487,20
127477803,0.00022539580464300824,0.0004302143226876405,0.015081541698671534,20
1811318,0.00022538472239571895,0.0003095879171585168,0.0020796499563459896,20
188221282,0.00022522525529743986,0.0003244863395057546,0.002920745091804946,20
63822382,0.00022502724145567478,0.00044238286857286647,0.017346150435467996,20
134424750,0.00022490525736709456,0.00045213037092081297,0.019211794644498185,20
81768134,0.00022474298167457496,0.00021063389387519104,6.632626271581206e-05,20
89112315,0.0002245606382002191,0.0004076748646103593,0.011739989663084371,20
165593171,0.00022430734878040593,0.0003336238699243796,0.0036260200523688647,20
112207185,0.00022415324628567989,0.00039965648466762816,0.010682387838534221,20
26665768,0.00022414757098475902,0.0007421513222612137,0.09633117021071615,20
89292637,0.00022366629951929838,0.0006485892208000282,0.06975593891847823,20
31739048,0.00022323274409407622,0.00030878725296279886,0.002188591572419344,20
50638660,0.00022303372249317944,0.00038041594800827783,0.008389530924459218,20
660901,0.00022294945087883433,0.0005104680242683501,0.03283982676333975,20
70755618,0.00022292896850305277,0.0005656607855473158,0.04703357185317235,20
134171239,0.0002227991196465079,0.00029655535296344184,0.0016448484090146234,20
1062638,0.0002227031609000285,0.0003768955272083235,0.0080279973608204,20
75686942,0.00022258925525169836,0.00016037313549899506,2.9005458134684677e-06,20
85287646,0.0002225110387832685,0.000470262769510905,0.023884603444646296,20
84316452,0.00022244453328679192,0.0005823173923566622,0.05192881943042029,20
37022572,0.00022222315592855258,0.00039626670091463166,0.010689737605636457,20
2001299,0.00022207390587488106,0.0002929305009979244,0.001535284743967311,20
140065292,0.0002219804604586345,0.00031778638939509887,0.0027946610031707665,20
66284653,0.00022190420303961345,0.00040106816178669204,0.011472966449851015,20
143972554,0.00022180554680913955,0.00030695898283778677,0.002196156794340641,20
23285068,0.00022179641379795056,0.0004576265993678011,0.021554081266576007,20
105156412,0.00022178512455472144,0.0005521068643014361,0.04416739092408792,20
11820402,0.00022143705790837742,0.00039475646484135016,0.010674203133101379,20
40738610,0.00022129666535440629,0.0006400285392847832,0.06926466181534094,20
137078728,0.00022126085988359023,0.00031969826919407896,0.0029797054786738896,20
22605557,0.0002211977120408465,0.0006080067244135115,0.06010392881103583,20
76288754,0.00022104966416317817,0.00025973460082358985,0.0005965840412849636,20
24037617,0.00022101175409891815,0.00046742701893802,0.023956199491231123,20
30433267,0.000220944655879729,0.000420642433637129,0.014896162869232163,20
28927507,0.00022090170642695973,0.0006209994264461409,0.06407492777579625,20
108850315,0.00022085259513479616,0.0005231447407487494,0.03719923669562075,20
103729657,0.00022062205631077914,0.00031130803057030534,0.0025244585815107556,20
69696932,0.00022056857617500092,0.0005220117976604078,0.0370819846497521,20
29431338,0.00022036538765272395,0.0003943788501768507,0.010895983208110499,20
54079964,0.00022007673113073333,0.0005178256816430494,0.03631325931224961,20
56755223,0.00021990779171851825,0.0003071585715922768,0.0023476495803313987,20
4015761,0.00021988639274747314,0.0004877017093680071,0.029063521014138026,20
23485126,0.0002197855899068124,0.00047771782529263296,0.026812725426576634,20
54811081,0.00021978289374032233,0.00044887500331461003,0.020614084004040883,20
71413483,0.00021966055970095433,0.0005728252150487508,0.05131190214953921,20
39884507,0.00021962558755751204,0.00038330942209565533,0.00952527425232391,20
107046692,0.00021909141182265834,0.0006456830538895876,0.07280530335679923,20
38260503,0.00021898645845460084,0.0003973783579251868,0.01171299952353901,20
46352122,0.00021858711997616853,0.0002931097203027565,0.0017394270640763616,20
174407185,0.0002185161985713585,0.00042111606464171887,0.0157947598548174,20
81283175,0.0002184710077300145,0.0007272876337400088,0.09748586179309852,20
18282518,0.00021835444914568847,0.00030674328895557605,0.0024459883954786477,20
103728046,0.00021811775300901448,0.0006798240885953541,0.08379188692162692,20
172202432,0.00021790575957848503,0.0006470544425320866,0.0742481789614326,20
83222149,0.0002178521631735042,0.0003657564873551324,0.007671446451675868,20
81693768,0.00021749222455709206,0.0003522275100877462,0.006211420378152942,20
23087777,0.0002174514548730494,0.0008285766795038305,0.12751585622617262,20
76707140,0.0002171753498423523,0.00042413742264492686,0.01682015261784901,20
54,0.0002169131838135191,0.0005036526446613751,0.03459641599255769,20
127878016,0.00021687891268920844,0.0004999347485323511,0.03367995200046463,20
106532398,0.0002167562622686775,0.00036398426072492654,0.007679618867817767,20
91115213,0.00021668265906233942,0.00043485626391233097,0.019064260842479173,20
233114608,0.00021666316029870237,0.000384792112149957,0.010462676964052743,20
4215843,0.0002166325341050268,0.0005292772231875219,0.041458413165668874,20
103997796,0.00021660684032294154,0.00038547691141620747,0.010576592411906092,20
67027118,0.0002161762952166524,0.00041993987007455736,0.016403428127198475,20
55120301,0.00021599273431727184,0.00022532454728610966,0.0001990318869027248,20
14477737,0.0002154194756769895,0.0014994715613353032,0.2641184057545983,20
221275955,0.00021477927272683107,0.0012477977851706344,0.22544955381613796,20
87929161,0.00021474174033355998,0.0002553666200192399,0.0006616576297151215,20
87940654,0.0002146471740865963,0.002884582335352326,0.37147205939174777,20
56068714,0.00021445012365789716,0.0002884647226298681,0.0017808474327765515,20
164467850,0.00021434367028631273,0.00070469041010577,0.09483195690300908,20
1661701,0.0002142334722407796,0.0002912755264098053,0.0019287646147600518,20
141243646,0.0002141023254659119,0.0005674292409201964,0.05393502000720112,20
80114169,0.0002140957800972093,0.0004278545764119687,0.018703331465022212,20
80246051,0.0002139454093297577,0.0003173476051690285,0.003560808566373385,20
3217887,0.0002137101933121194,0.0006054953357049242,0.06548389456571367,20
83486041,0.00021370404486983352,0.0003289894395901122,0.004539212594739494,20
169610232,0.0002136449427197762,0.0004200319952099009,0.01735107532972154,20
106135316,0.0002132050922346751,0.0004929185716833022,0.034051089155209976,20
99591911,0.00021318262502044715,0.00044553937535594403,0.022779955511063654,20
4469544,0.0002130690970826632,0.00029919451574182915,0.0024387744547100425,20
174807719,0.00021298654504406102,0.0015651481632760532,0.2750077931747701,20
70557923,0.0002121720072461447,0.001505518737625895,0.2680172160432049,20
260871,0.00021202698591432368,0.0008362657447677941,0.13547753124011722,20
22682610,0.00021202326626699463,0.000756509916941647,0.11263555059336625,20
90678396,0.00021181610613115186,0.0003034670242995105,0.0028095902020813324,20
210092916,0.00021181599219858015,0.0005382933287664387,0.04726963572932548,20
38861066,0.00021175231561834095,0.00033118773308095926,0.005017265716908181,20
157784255,0.00021146882063754203,0.0004440296449322141,0.023237885580101057,20
47432423,0.00021136602122142077,0.0003049235120921518,0.0029476747624103197,20
89911721,0.00021130800642654712,0.0003816838773369292,0.011436642477551214,20
15024529,0.0002110037464207293,0.0010707335014160787,0.19458414229371535,20
36858145,0.0002108445012707849,0.00046004645866756934,0.02723089683786832,20
94143826,0.00021071646385713294,0.0005839622944033831,0.06153666509735345,20
134828617,0.0002106968282712729,0.0004979546157857365,0.03689709546323245,20
241900281,0.00021069559867048228,0.0004277852272355842,0.020083107496315634,20
127182409,0.00021063473274063327,0.00037019592954304695,0.009892910563630345,20
63503885,0.0002105390469821361,0.000364090599664766,0.009057911510943676,20
22684090,0.00021053899748603444,0.0003432808033362736,0.006467280809997291,20
30670163,0.00021052183492873688,0.00027740473407245243,0.001523122018983553,20
132360325,0.00021027266241494813,0.00030827267213263173,0.003291241557181725,20
47266614,0.0002102532660448714,0.0004973672129055419,0.037020097575037506,20
129190913,0.00021019936654625705,0.00027202595187462644,0.0013242463519755868,20
183815561,0.00021016508347265205,0.00029879056490599547,0.002662099969028765,20
63622376,0.00021004986927208869,0.0004598387784544116,0.027596446676179602,20
73474394,0.00020992567016528963,0.0003286243237975818,0.005045402254067345,20
56612836,0.0002095591634004884,0.00028222540400615507,0.0017969893127165576,20
159186231,0.00020949408167374728,0.00042355487266381,0.0197090714439912,20
31097262,0.00020934545235747615,0.0003436880255233194,0.006735601672373193,20
23632552,0.00020931292546638448,0.0001512194188025819,3.0052088739139303e-06,20
83269346,0.00020907574478230272,0.000424277465898391,0.020037121459025867,20
29293213,0.0002089837535733219,0.0003992812761346217,0.015153394732897344,20
93318311,0.00020871143668170223,0.00034814408300558845,0.007390643841819529,20
47730015,0.00020863272731586058,0.0003897242002240231,0.013568287512705213,20
71659609,0.00020862120920731307,0.0004042326098155292,0.016207098650080444,20
118333204,0.0002083145778614015,0.00035072378826613677,0.007795106401603559,20
125314805,0.00020763509951444715,0.0004260824932759224,0.021048389861039237,20
116746204,0.00020752890714562376,0.00035531035151279816,0.008568793534748804,20
165806965,0.0002075095213320166,0.0004964910537539783,0.03854901771637723,20
88541199,0.00020742710480083082,0.00025998259132459044,0.0010260421494791897,20
117548167,0.00020742139660069047,0.0006624370115412291,0.08876977271609382,20
166994085,0.00020740875969946226,0.0005942868281669634,0.06753707405361589,20
38836785,0.0002069043455369235,0.00046052109182977927,0.02946603006099274,20
89715224,0.00020684249698255664,0.00020041274208209268,9.43389752419423e-05,20
23625664,0.0002067454751745773,0.0002953572523094211,0.0027541234474004724,20
59402460,0.00020662438146395735,0.0005089532729881695,0.04262457239265266,20
169074253,0.00020659877494755285,0.0003163760427280927,0.004388213449905576,20
137229577,0.00020629905537674354,0.0003185062360965852,0.00462336355419754,20
36640907,0.00020605055260625727,0.0002766153050029511,0.0017544525917007222,20
6866827,0.00020572823424159226,0.0004621007822032274,0.030529330061331197,20
104556129,0.00020553486550426437,0.00040781483129925735,0.018101978439734955,20
48331034,0.0002054717441497572,0.000540709653825199,0.05277623851701695,20
43349482,0.0002053577944086782,0.00030083435672879607,0.0032740222144940594,20
65223793,0.00020532327465740406,0.000575929539312973,0.06367861436221735,20
55454659,0.0002052755911208126,0.00022871155349355002,0.000371141962560596,20
25088312,0.00020517460464744287,0.00042637040602764756,0.022231215645132755,20
105245045,0.0002050917492076504,0.0005471807327918211,0.05503586750478327,20
76463334,0.00020504092255095862,0.00039880270349414577,0.016499617650602746,20
43049251,0.00020471245442961472,0.0004174065626994166,0.02046457548182071,20
2661675,0.0002046376647532433,0.0003632049380694404,0.010427483863978968,20
25064984,0.0002042841387156241,0.00048478371117442867,0.03744323379372402,20
18878071,0.0002039830993639191,0.0007339336653793936,0.11450415831920364,20
4213696,0.00020387617394437008,0.0003345385202983337,0.006715414858155085,20
7416261,0.0002037327988188953,0.0005435288715641459,0.0550278552389905,20
65491163,0.00020372703397849302,0.00023309750078399338,0.00047199438928860476,20
91441673,0.00020361494588826967,0.0003235101817200724,0.005531348736877004,20
173807024,0.00020349806171940653,0.00040027194204054833,0.017389153165379437,20
126418134,0.00020330516344144734,0.0005332658484501379,0.05224745207247801,20
44713063,0.00020318707966418824,0.0005193003025991492,0.04814191592326452,20
49513767,0.00020302228493699058,0.0005455522916428692,0.05623256965851272,20
34495350,0.0002028398498175238,0.0003236321261919385,0.005675137599719964,20
94707303,0.0002027737324278661,0.00046252936586915847,0.03237749957588001,20
190422067,0.0002024983920534379,0.0003564300446276604,0.009973154623190506,20
143363920,0.00020242223808601966,0.00042448579686411733,0.02311087531003115,20
109360772,0.0002022843181386569,0.00019100292252136942,7.183581049005111e-05,20
98112974,0.0002022182511690146,0.00023661842141680707,0.000575304747987198,20
91515424,0.00020219727803435784,0.0004231075237429742,0.022901349742011752,20
64693702,0.0002020444297916979,0.0003443424409009156,0.008352267462853932,20
80166420,0.0002020284984291021,0.0002865269813152575,0.0026170235285965875,20
19714903,0.00020186049141832085,0.0005043501340373916,0.04470867222905221,20
45630581,0.0002018249199917721,0.0004031124673918606,0.018657099829390997,20
73460672,0.00020173499242287783,0.00035728854924980805,0.010309304507008803,20
10085418,0.00020134618057338348,0.0007330155972074434,0.11714535735265447,20
113967276,0.00020122635425666446,0.0004962324262568438,0.042792256898070806,20
11288806,0.00020118057427586655,0.0003212732599986521,0.00570634683698267,20
75505096,0.0002011513532827164,0.0004387412757539916,0.027192123334371356,20
11427832,0.0002009282827125397,0.00028866968542326504,0.00286445422591854,20
60264464,0.00020086864363753621,0.000611024317466762,0.07894052537804844,20
59059069,0.00020081682292273084,0.0014054690843129417,0.2652291684565787,20
179209674,0.00020073873573649704,0.0002215203588028323,0.0003397353552954812,20
16843277,0.00020063814554315272,0.00022784450724321038,0.0004412524768470391,20
105935231,0.0002005984039444353,0.00033557687196550547,0.007514402076749667,20
64268981,0.00020053401594606612,0.0004739153423302309,0.03689128289634564,20
103443846,0.00020029694782963404,0.00041930337193584345,0.02294150509400898,20
62661961,0.00020021083020704266,0.00040721651206623025,0.020241218443912388,20
54894419,0.0002001892720146642,0.0005435780318158344,0.05799879776700126,20
29419740,0.00020012733333641674,0.0002570227309889442,0.0012471161495380704,20
133371042,0.000199541713294224,0.000997224250013801,0.19102885930783364,20
10072255,0.0001994888366470493,0.00032974473491777256,0.007010166652281302,20
37480553,0.00019938227648540197,0.0003771536790862558,0.01443599748388713,20
132226664,0.00019930492787869069,0.00035512017788177566,0.010645392945762602,20
63274316,0.00019914363201098406,0.0005344109475213952,0.05600693351189279,20
83686338,0.00019903968128708594,0.0004790985821771199,0.039372528605769695,20
240899306,0.00019895750354430032,0.0002467429016987533,0.000941197194262157,20
70958084,0.0001989333312306857,0.0002686566886908679,0.0018345130993517756,20
200835590,0.00019879834320024603,0.00036076587873654596,0.011716590473409028,20
40121121,0.00019858757315260045,0.0004992836027404244,0.04564135068832184,20
17624482,0.00019839456901800666,0.0006642090024695048,0.09869876810433253,20
121555859,0.00019785904442586044,0.0003336039681442962,0.007859782914335872,20
93079215,0.00019774821517586083,0.00025499076884801967,0.001287277037156185,20
45887333,0.00019770001832936923,0.0002507588291385694,0.0011293777729003169,20
98744169,0.00019767602159591335,0.0004796762969401776,0.04049521137770735,20
150991740,0.00019750427896199907,0.0004672885811322465,0.03704280961585492,20
72637947,0.00019746670455421665,0.00023474010056639713,0.0006596440066139326,20
115653150,0.00019699488328889792,0.0004457829261667445,0.03141258892903893,20
88498855,0.00019676759370382269,0.0005013958924083787,0.04768193889945218,20
38301169,0.00019676089277093634,0.0005659958420391541,0.06826111174907278,20
14822966,0.00019674993435440935,0.0002032435076903347,0.00018073653111807706,20
662414,0.00019671891680938248,0.00030975033943299687,0.005232054527773966,20
163466299,0.00019645118309547516,0.0003577603075626612,0.011930746356736915,20
115208843,0.00019621315039323184,0.00026460227870246796,0.0018149096172075546,20
72390640,0.00019617799593384943,0.0004105852684890128,0.022918798862936348,20
9079077,0.00019611564871469534,0.0005341189510259512,0.058512828983772726,20
120724030,0.0001961087844999071,0.00032822083880218564,0.007534777700700684,20
122874307,0.00019572244020790995,0.0002923194215938344,0.0037274514187143645,20
38245701,0.00019548405689367442,0.0004885311354984041,0.04474286952857847,20
106896111,0.0001952461617336032,0.0004838387124125337,0.043501114959356234,20
48590472,0.0001951366836523083,0.00028282478547296015,0.0030438100835677635,20
170075400,0.0001950068482049483,0.00034527357157322993,0.010293546331465255,20
74103007,0.00019500198651328237,0.00037077709624532847,0.014803929191132888,20
32675030,0.0001949413371681419,0.00042245384528360975,0.02649034939832055,20
109098973,0.00019472383756848066,0.0004908124883076126,0.04602284613592203,20
9471792,0.0001945647764312164,0.0005130066356063517,0.05309365331794252,20
87730607,0.00019440046072311535,0.00027718928716793803,0.0027174249394350805,20
194426618,0.00019340710342741484,0.0005538446065608602,0.06742975952732992,20
112742536,0.0001933115168787497,0.00037687542256063057,0.016683370434576343,20
183815439,0.0001930485769749385,0.0005260341464678735,0.05860036578585534,20
229311439,0.00019298194854914242,0.0004867104197245859,0.046112297628662834,20
12621004,0.00019290924132741306,0.00032092641236511295,0.007277346714793872,20
78303151,0.0001926385799439434,0.0003850644636222918,0.018723303365477315,20
88556834,0.00019250384163481404,0.0003174357465261736,0.0069124014765305,20
6415329,0.00019237577542105533,0.0006056253097296084,0.08582317259532168,20
51845181,0.0001920635951686539,0.0005751953753099274,0.07589084758344779,20
29493331,0.00019199862820181435,0.00039979779634956444,0.022425352434646783,20
158199933,0.0001919644080941668,0.00034859571223938985,0.01175690723265425,20
66308065,0.0001919032554267286,0.00030859789305101896,0.005952705019808158,20
161864741,0.00019186517074706034,0.0003582256518907404,0.013534991128154608,20
71700124,0.0001918524967614993,0.0006937428297883262,0.11562371342111233,20
118018872,0.00019184599417231829,0.0004853725489442606,0.04658938815507531,20
35477265,0.00019175232092497329,0.00022352652185560125,0.0005566252218873013,20
65063263,0.00019161414554030864,0.00031708859106814477,0.007056832916648546,20
120150516,0.0001914335048952137,0.00020622344830659907,0.0002711160739018304,20
207461159,0.00019134810572248305,0.00022351401346498834,0.0005667208045952186,20
180012343,0.000191269069706837,0.0018889625770716748,0.32789931320653115,20
88439429,0.0001912666726004847,0.0003141271717817272,0.006750720040547024,20
17838397,0.0001909512479275538,0.000262748930397858,0.002106392885878257,20
164592465,0.0001907627870766704,0.00019476657070868287,0.00016094632438367744,20
55282556,0.00019055907458859488,0.0005352969308642724,0.06393993034771321,20
78244157,0.0001901569336938441,0.000516101750945493,0.05792101456274937,20
77996166,0.0001898719686298178,0.0005466748449197813,0.06842879938195384,20
247327891,0.00018966967274091363,0.0035128869078646517,0.40589192181888856,20
29671915,0.00018965463150031058,0.0003112851096691136,0.006725924877624168,20
49236056,0.0001894353676042876,0.00021487653377051747,0.0004367295259697961,20
187230944,0.0001894119528490973,0.00036866197988021245,0.016553992374903417,20
87930831,0.00018914924671278865,0.00030380731302603485,0.005909972303399621,20
3665303,0.0001891284278877442,0.00030381608317407493,0.00591494711906627,20
75994808,0.00018904047451268334,0.0003083162047543871,0.006478313098353538,20
24245878,0.00018882854086424704,0.0004990014740543512,0.05346055809755365,20
150492978,0.00018857378137188962,0.000287901378624484,0.004303581587171115,20
45455862,0.00018845024710838486,0.0007465041786300301,0.13648347609701605,20
12622568,0.00018840106436023295,0.0003377864984301831,0.011000579100122863,20
18889702,0.00018834286016543577,0.0003397824712768244,0.011363370931822665,20
27300140,0.00018808422051515007,0.0003921546935295832,0.022550276355600654,20
47608580,0.0001880188857538184,0.00042264017004696024,0.030618005211227557,20
19885192,0.00018784769212497608,0.0003983028135618831,0.024214016409445316,20
59002054,0.0001878304415085852,0.00035117984466846074,0.013628799092252782,20
41059147,0.0001876827951328014,0.0003978771240677654,0.024194657433595564,20
8217341,0.00018761010483175355,0.00026934662833209713,0.002850523646060056,20
116253765,0.00018696754594494936,0.00037403409803993633,0.018792822220988988,20
59543909,0.00018679560905202896,0.0003906284045781664,0.02283886913971856,20
41848100,0.00018678610687401787,0.0006528316253499317,0.10805366702241886,20
103038206,0.00018678469544678166,0.00023427837926436076,0.0010320398131757548,20
68138345,0.0001862349511785738,0.0007469472079312635,0.139371689196047,20
58054574,0.00018620958381334874,0.0007169048232571821,0.12989223592294,20
48869217,0.0001860090252118446,0.0007193487000598959,0.1309249017126139,20
112346368,0.00018580815340400736,0.00046404937251143263,0.044646734737652315,20
116145923,0.00018577493939827828,0.00034393930025627744,0.012974890971457629,20
15479795,0.00018555479696052423,0.000573130357496943,0.0819751684215485,20
68866500,0.00018504709191262403,0.00044030152459034267,0.03779973723927879,20
26700033,0.00018491092834285183,0.0003800758737689295,0.021200442089912744,20
27123832,0.0001847075362407663,0.00030141056198505225,0.006498923128092691,20
72482572,0.00018461510645866318,0.0005033336335050367,0.05869579631293338,20
2062397,0.00018431268736558427,0.0002901536606638848,0.005225112908425688,20
58215702,0.000184226689361211,0.00043639712736389053,0.03720229710998543,20
55212356,0.00018397664948464342,0.00047539569591964655,0.049856840692602995,20
28044395,0.0001834209561672795,0.00036642048563532384,0.018672594072956215,20
23043910,0.0001832686559982144,0.0004507981042753902,0.04242460349018769,20
73638788,0.00018314556082364984,0.0004573877616182314,0.044642885050151876,20
217272195,0.00018309114506305513,0.00045260677879576104,0.04314401353417985,20
101752329,0.00018275729511352812,0.00030050706577703523,0.006797869857493218,20
73161393,0.00018250260715077515,0.00038566314309190384,0.02387305328543898,20
129671311,0.00018233499148978538,0.00036979800459100044,0.019985522298284132,20
77567989,0.00018199121948772877,0.0002657821077313132,0.003206032725543305,20
155380346,0.00018190193221286622,0.003587476315926489,0.4115167482031932,20
75543599,0.0001818133551370671,0.0003275444870580423,0.011280785096544906,20
14435366,0.0001817719512460264,0.00035434730462629,0.01667654770625832,20
116321240,0.00018170483114501312,0.00045130284044804145,0.04383257316892662,20
44106097,0.0001815890298099837,0.0004928830044469164,0.0579332202853597,20
130991959,0.0001814506557505008,0.00044241545039130675,0.04116864607045941,20
83504563,0.0001813830896264662,0.0005555508765623438,0.08029800232777316,20
203838417,0.000181329796369023,0.0012399427951057097,0.2604725740581848,20
146370996,0.00018123337731329182,0.0003599673081282264,0.018187619010863264,20
1210789,0.00018110489856345557,0.0003070166617445988,0.008105487405967336,20
77997689,0.00018085322952352266,0.00023663205777958525,0.001442394059655721,20
92182752,0.00018075335849553897,0.00046909725986111144,0.05054321646394588,20
21281767,0.00018075178861536866,0.0012989864938187797,0.2705739307198286,20
139393909,0.00018072382796776587,0.00043483767343877283,0.03931751185579352,20
153142708,0.00018043779112768832,0.0004301033410655169,0.03804092330145663,20
133223217,0.00018030049142202798,0.0004741848275836367,0.05267850120293257,20
30493665,0.00018025207864283966,0.0004117298393489091,0.03254799062373998,20
67072283,0.00018024364366011624,0.00038199198416199044,0.02416430774151723,20
28611162,0.00018007710797025568,0.000303312238749152,0.00781415256514562,20
117818856,0.0001799596111307339,0.0004669287456959982,0.050506306934074555,20
19645191,0.00017982937176954094,0.0005755302589915322,0.08920589890300522,20
16281187,0.00017925437092622398,0.0002702603834056906,0.003966421021001889,20
21922328,0.00017913234239248232,0.000338219062320125,0.014305085354635731,20
80949710,0.0001789901293038132,0.000220797250922607,0.000900722238947176,20
53517840,0.00017894493151965896,0.000430152663095749,0.03918812549802646,20
86851897,0.0001789323251709385,0.00042808284826125983,0.03853824775078471,20
14422868,0.000178932260825293,0.0003109704606714277,0.009307969854733096,20
85292058,0.00017887766882545563,0.000457480777016883,0.04824674438102285,20
26122324,0.00017874712660694014,0.00026252599563943434,0.003331559328079527,20
46352562,0.0001784642742342746,0.00038863210517043776,0.027016658559457455,20
156298421,0.00017829928849097122,0.0003137750698114948,0.00996278634229322,20
128758855,0.00017805954470221375,0.0006987024024108531,0.13428935222695854,20
178020447,0.00017802702261554836,0.0003581204151540269,0.019267451803434435,20
82715770,0.00017782127711798434,0.0004112283197038086,0.03408645747395297,20
65272362,0.0001777000814252888,0.0005559515702184873,0.08455757061354077,20
72874041,0.00017763756340007097,0.0003718521121982903,0.02293732541127077,20
68096489,0.00017761210340964395,0.0002687297970892811,0.004058869517143318,20
111206807,0.00017742716910341128,0.0003100596169927991,0.009592136021467131,20
113766510,0.00017717451401535745,0.0003814711472151161,0.025799422999136797,20
53717922,0.00017698408320418192,0.0005209488370746346,0.07257180880632573,20
21622752,0.00017680872986946262,0.0006617643730408673,0.1234230396571542,20
176082625,0.00017680053341062872,0.0005632203482092945,0.08824915359411414,20
57259991,0.00017669285661338908,0.0006143348654420367,0.10690305822676481,20
89731959,0.00017658625800912598,0.0007295862656676081,0.14630658657349704,20
137792328,0.00017642669134128875,0.0002620091470310264,0.0035893884978190523,20
35049131,0.00017637929165024435,0.0004874144989875891,0.061037341885752217,20
169009426,0.00017626082493907015,0.0003650165455801678,0.021901038198745726,20
110251405,0.00017595784434104033,0.0002574930155229679,0.0032505957995935504,20
5614524,0.0001752080351929447,0.0006563985389094358,0.12364034027805697,20
64022656,0.0001750596547333061,0.0013920335318529957,0.2902069147541753,20
154696539,0.00017501937119448753,0.0002283857317420821,0.0014127398167501947,20
121724910,0.00017471311606352124,0.00025576214608030305,0.003258429816753298,20
31070598,0.00017454478930078454,0.0002970269892866221,0.008281809625467405,20
102152729,0.0001744972451547394,0.00033371032762613594,0.015223342875852546,20
79169265,0.0001744655102182163,0.00021221186227571417,0.0008013645183714781,20
115730415,0.000174309717279883,0.0014064400626264803,0.29293236355899865,20
70098387,0.00017424780368109627,0.00028810358327683737,0.007021681307120006,20
118010525,0.0001742090031727317,0.00034295222878785747,0.01745764739083205,20
66071190,0.0001740860164146013,0.0003147218732024549,0.011488133479988597,20
103955366,0.00017398016980659236,0.0002478097299715055,0.0026972975213506193,20
39881000,0.00017376043006583352,0.0003604008834286262,0.022049246178855803,20
47488132,0.00017354856409749486,0.00037448365153929224,0.026031603799853854,20
99112196,0.00017350199034654734,0.0008582575341146237,0.1886396000797827,20
100634958,0.00017323638145108622,0.0005266260039026759,0.07881207271188526,20
172479228,0.0001731997055195389,0.00031466709274951307,0.011785303588823287,20
25034151,0.00017313513310347474,0.0022298216070407106,0.36611377257806166,20
25889500,0.00017311922326929406,0.0008167400113252146,0.1775332974956133,20
109737344,0.00017310290728972944,0.0002906949424886724,0.007681861981096656,20
169397137,0.00017298581629995036,0.00039382278257143024,0.032142261808089545,20
89875810,0.0001729350986799022,0.0004872036639620067,0.06446178745004869,20
24,0.00017291600450748123,0.00023539638622852705,0.00194685811045402,20
56459228,0.00017291160475410016,0.0002573475743682317,0.003641748208339092,20
48240805,0.00017288233790139495,0.0003580082936932605,0.02189792241136999,20
179409742,0.00017211289143443943,0.0002668288385981034,0.004746503983538977,20
82685526,0.00017190387428394905,0.0002723230305221342,0.005432003987853132,20
8670609,0.00017170526145147413,0.00039063046520533193,0.032056044343981877,20
120260342,0.00017169669095817576,0.0005998001741990827,0.10794610359181937,20
123780388,0.0001713957158623103,0.00023639772155797226,0.0021429657047952037,20
9218004,0.0001712188983175683,0.0004007802751351391,0.03563562851331399,20
57485219,0.00017087058480222406,0.00021409997609990166,0.0010235638458752688,20
25285220,0.00017086999215421562,0.0004784730139972285,0.06337443420760401,20
40881793,0.00017085218973814375,0.0005205129515184953,0.0792423864199946,20
134259962,0.00017083849669527473,0.000531665346440008,0.08348852097884324,20
17073965,0.00017073904770907033,0.0004998017355508146,0.07152667367444138,20
33099455,0.00017070647946088312,0.0005037453576602802,0.07305398530347094,20
10474497,0.0001705992455717925,0.0002635649890099817,0.004643035756901725,20
7471472,0.00017056945712118354,0.00023584459676945547,0.0021821310691033566,20
10068160,0.00017022733758023932,0.0010736876587363552,0.24345698722095266,20
70498975,0.000170068701792217,0.00032328391611907914,0.014785032710908908,20
21117655,0.0001699060043860473,0.0002656294590564236,0.0050043619390771924,20
133459465,0.00016983770927219699,0.0004087031192602014,0.03933719609507104,20
56121439,0.00016969240915398198,0.0003392801112939206,0.018744017777776536,20
125356463,0.00016931817170009466,0.0003850767847611282,0.03201723351153913,20
33697868,0.0001693002882943384,0.0011913129548154538,0.2663266363355632,20
134753876,0.0001684251460240094,0.00032968043605791005,0.01700051216987368,20
184014592,0.0001683175922977398,0.0004377071318252574,0.05086468189725915,20
43245337,0.00016830941868540284,0.0004750230712284388,0.0647848144882404,20
6471567,0.0001682810107649646,0.0005571735125811349,0.09632966332413083,20
98925933,0.00016800645137738656,0.0004041517512111303,0.03928795941309115,20
125143834,0.0001679907037099082,0.0003450865228021016,0.021143989586794015,20
114768277,0.00016762813073968873,0.000346529831454102,0.021735107646704905,20
79219583,0.00016754692937105686,0.00033135162999536476,0.01783109730250038,20
162390353,0.0001673575416603318,0.00039813792139465254,0.03777507213071769,20
11420374,0.00016721219626778804,0.00015359862723131608,5.33551370571359e-05,20
18680670,0.00016673631801632504,0.0005253392437452476,0.08599032598209284,20
8999843,0.0001662660885948658,0.00048287737332333513,0.07004163972912548,20
18884606,0.00016625852560300247,0.0007087912162439557,0.15366677963486455,20
174680410,0.00016581537223318287,0.00022658578599982153,0.0020019831788857926,20
95739748,0.0001657892163708957,0.00031601908626505956,0.014984088850641859,20
65263265,0.0001656581990801209,0.0008857692428647628,0.20666652330564778,20
101642896,0.00016564048204857073,0.00034418747784985526,0.022223536776713262,20
180811478,0.00016509298371883974,0.000255327727685438,0.004674302205252081,20
7873485,0.00016504019884127364,0.00032249747460098957,0.01686383687966274,20
4616238,0.00016501681865672136,0.000321289284072777,0.016580392224215274,20
163195021,0.0001649348390040689,0.0002084821515013148,0.0010986556531430776,20
76018396,0.00016465202378881661,0.000610048046682771,0.12111682163427362,20
110445571,0.0001645664468886504,0.00047532910137743463,0.06902004673251154,20
12870334,0.00016454887383952622,0.0004173545084822849,0.04697054964231032,20
228287067,0.0001643421296077252,0.00034026314065170365,0.021881256941299235,20
80700886,0.00016429591609010973,0.00034726701764892524,0.023895639465819993,20
85637788,0.00016422013440514082,0.00041045142598571924,0.04476148328587978,20
222904298,0.00016405697955046983,0.00023586903941918264,0.0028789622656265287,20
33333126,0.00016381961791106514,0.0002712259066608768,0.007076963135278222,20
98949206,0.00016363386754353337,0.00045081501110090814,0.06050381203803029,20
94498831,0.00016358104035823774,0.00037939383822758766,0.034453444789384516,20
118953071,0.00016356506174035058,0.00045541837649607924,0.062362944195177544,20
28532188,0.0001631803945360666,0.00036678303204239616,0.03061038307570408,20
52845548,0.0001631800687013435,0.00018726703940727044,0.0004848105333703338,20
91610136,0.00016314149096681717,0.00045468692576298894,0.0625375418405925,20
31247398,0.00016308986566256623,0.00021028521279298204,0.0012865750698789547,20
228887673,0.0001627349151102131,0.00036719218307867425,0.031066828670958502,20
152294476,0.00016261199749948718,0.002058439498483618,0.3638808590846156,20
53463164,0.00016254354650103165,0.000505340480340575,0.08328514025333297,20
23232640,0.0001622592456873434,0.0007707311287995333,0.1791324975329679,20
65507605,0.0001621797239479611,0.0002733555722105455,0.00784496471402567,20
19026532,0.00016215175341638134,0.0003270978549670824,0.01951064515682361,20
57360857,0.00016199515514505602,0.0003017863354928076,0.013386175833668341,20
6671609,0.00016195918652121277,0.00026713270867754417,0.006922201281846507,20
32836223,0.00016195671685075575,0.00033940706977389707,0.02304694099692601,20
57095574,0.00016158782900178026,0.00029157819436692947,0.011376274208323224,20
100841893,0.00016120795460232984,0.00024349938853385965,0.004014449949295711,20
47868272,0.0001611273900464033,0.00039578207301759003,0.04222363138374931,20
96831615,0.00016095055348207266,0.00031386569535603147,0.016703456671747902,20
26841658,0.00016092186146033637,0.0003339832088629406,0.02210945192266672,20
48889170,0.00016067944663158973,0.0003154550202729867,0.017237694753367738,20
70658044,0.00016046182321858283,0.00042093594443004,0.05226566755115788,20
91516316,0.00016031427271007704,0.00025626926007278356,0.005741364177030496,20
12629415,0.0001602924427229091,0.0004139262331962837,0.0497543106755254,20
56999949,0.0001602899173071798,0.0006034236138131156,0.12474540708551765,20
21447209,0.0001601669007008255,0.00040052170217575665,0.04483600656707221,20
90380845,0.00016012750504351415,0.0004808151066275182,0.07640116613032868,20
40690226,0.00016012190655549652,0.0005334835658760877,0.09766182942524412,20
67951150,0.000159924581996973,0.00031571737473975136,0.01768602346508744,20
47116823,0.0001596638147150692,0.00043101882451130404,0.05700803267109647,20
50734926,0.00015954584874483259,0.0003616145866969007,0.031604136614335886,20
96108384,0.00015946095070479283,0.00046313402630873105,0.07004989382702383,20
135955800,0.00015937349930826572,0.00043803557797479625,0.060090131146448,20
145935966,0.00015935099699788401,0.0003183366025793035,0.018672789208743903,20
464093,0.00015910496232056094,0.00018121790162123623,0.0004532052147593996,20
34653927,0.00015840272718628534,0.00036870430186520603,0.03491137502745495,20
28830997,0.0001579643029200911,0.00036153309042894253,0.032790688764860375,20
50958127,0.0001577746722922657,0.0003943013941894003,0.044746328523115476,20
37645502,0.00015750973189710137,0.00031931386628589875,0.019947838694243734,20
800296,0.00015741589603767702,0.00037502247963656563,0.03796742077183913,20
50664426,0.00015723142715418914,0.0003573736123350235,0.03194440268296758,20
119908308,0.00015710838056127996,0.00046264106419724053,0.07265233525797325,20
11019846,0.00015694359705533122,0.00031833096333024036,0.019993865308970862,20
113348661,0.00015664269157101006,0.00027852239809977544,0.010528059787246203,20
38852782,0.00015651310323129276,0.000473704846194123,0.07794966005274148,20
217099271,0.00015632421681605058,0.0004685056802987484,0.07603294250847334,20
117668060,0.00015629026419652358,0.00045317770387636217,0.06974194096605592,20
137364012,0.00015612275254793252,0.0005191882130836576,0.09726291390273992,20
6069303,0.0001560989751045655,0.00029646517498164684,0.01472125830861967,20
33300792,0.00015599404371643145,0.0012706968966161721,0.2946962175180433,20
160262903,0.00015597117369924862,0.0002782577219715297,0.010716416574710003,20
145687798,0.00015593778147608706,0.0008913302781969253,0.2218115728040167,20
69297311,0.00015584267574043632,0.0002055879432492022,0.0015364824587673635,20
105841798,0.00015582956489846868,0.0015540261939573476,0.3294531030921495,20
53551901,0.00015570954747777256,0.0011300930885645142,0.27254012545046513,20
151793106,0.00015566329810686174,0.0002871598756641739,0.012742202357271276,20
19821185,0.0001556354353349332,0.000635124769216783,0.14341334241762632,20
9411410,0.00015546925990789218,0.00029133436344529716,0.013782813793711613,20
34438244,0.0001553692486995939,0.00045001322748864796,0.06953730972114502,20
33676283,0.0001552796821370217,0.001489662796774203,0.3231979628252935,20
93812665,0.0001551333917943265,0.00029974770366781624,0.015992109257025242,20
71437107,0.00015496867630896693,0.0006766096425805598,0.15928293311651492,20
2213753,0.00015478986513097203,0.0006952764859507125,0.16596975051372803,20
108940958,0.00015454639423310157,0.00030041819382042515,0.016454877748117797,20
62805199,0.00015443768767210985,0.00026857865372418395,0.00934176991486664,20
76884757,0.00015438501972428464,0.00046537055525450947,0.07715537616670157,20
22023292,0.00015435045654622892,0.0008244767507360382,0.2064355805158703,20
77964717,0.00015430215639419543,0.00040917472233263007,0.05402837625874225,20
146536229,0.00015427022651590404,0.00039227286576535593,0.04735635109017708,20
198045530,0.00015424079983703543,0.00033368457158533917,0.026307926504566745,20
38052397,0.00015415314585461303,0.0002965655520873115,0.015665041808258784,20
46207886,0.0001537248199136254,0.0024605906759931104,0.391479967487169,20
176806198,0.00015341008753797235,0.0008250474640132312,0.2079950561632899,20
113249958,0.0001532532709322354,0.000501213304599251,0.0937265800728809,20
154496520,0.00015320023475196565,0.0011673476210845878,0.28208561879089117,20
70298889,0.00015316598332022202,0.0003401093549688899,0.029195274426878387,20
15036327,0.00015292293983443228,0.00034063852976286296,0.0295566376338732,20
29288585,0.00015288316886497843,0.0003269440298387791,0.025088983793366354,20
101289596,0.00015277792848955308,0.00030106914749107876,0.01754024239388453,20
19220666,0.00015241701779382665,0.0003338745408542737,0.02766431189450281,20
63605833,0.00015241496230304906,0.00025034721971887796,0.0067552029170408825,20
98639674,0.00015232400192459749,0.00044138675416901624,0.069619207695309,20
48117478,0.00015212540388993278,0.0004208021672128535,0.06120902988936896,20
29694584,0.00015196522353045082,0.0003419226609609052,0.030730783974499378,20
212666750,0.0001518564056976396,0.00025681690592507756,0.0079961960424132,20
45687284,0.00015171536971646805,0.0005887460226105283,0.13171815948926419,20
90432762,0.0001516159650307658,0.0002586548270436068,0.008399012381782584,20
155581311,0.0001513930087241766,0.000724887651894802,0.18100972407931304,20
74461117,0.0001513655708339029,0.00035694363917024145,0.03660505904748753,20
126755412,0.000151257317537698,0.00034376037653266033,0.03193220086460508,20
92517888,0.00015091693321263587,0.00042839954558805194,0.06582884492194215,20
127930392,0.00015087145790117494,0.0004501309531061568,0.0751611164864661,20
47652455,0.00015076410440984788,0.0004055982694193033,0.05642832623732523,20
64475210,0.00015059710246325685,0.00021584085776775536,0.0028170129755242905,20
105957432,0.00015057659716816163,0.0003107496792109343,0.021574893684833424,20
1411224,0.00015056691399106258,0.0008677447625518218,0.22365549443450833,20
33568732,0.0001503550698110312,0.00028849027987732544,0.015466701405073181,20
156583855,0.00015028020972307764,0.000221985865118049,0.0034628297613602953,20
33695130,0.00015026336938627483,0.00037945848919109534,0.04630621306393276,20
71299622,0.0001502376524802229,0.000374201801072742,0.044247610004905534,20
39079964,0.00014998996518736097,0.0004947861404709398,0.09554748032675942,20
147571885,0.00014994077105974225,0.0005413750729199105,0.11528651848284391,20
30893831,0.00014986624612003951,0.00042177926924157847,0.06427716745918109,20
59725289,0.00014948716476556877,0.00021484500843718836,0.002871847351461156,20
236516669,0.00014947482298781068,0.00018589023639661127,0.0009628237809601983,20
54854441,0.0001492989489037616,0.0003609587881138908,0.03998311179083023,20
6467472,0.0001491949226740119,0.00031404627151972446,0.02348248114787116,20
89315132,0.00014908589292599584,0.00020799782696703169,0.002328323690959525,20
27037079,0.00014899250562252776,0.0003283965441294269,0.028353492632065994,20
126585449,0.00014880332001901696,0.00023318905974162554,0.005079018160359556,20
49555059,0.00014877394394299527,0.00036503554065180896,0.04206563964211431,20
24464019,0.00014867222679145476,0.00024286630870917124,0.0065402064607232024,20
16882702,0.0001484418342859728,0.00038347377024184015,0.04981576605699976,20
6215711,0.00014842240919009652,0.00039389948627756766,0.05416076374723919,20
32274273,0.00014840126552849442,0.0003067228551466302,0.021716634901888,20
153184042,0.00014830110185672928,0.0003270510054082255,0.02841485782243199,20
68028283,0.0001482823326324295,0.00035952274414835717,0.04038004359346479,20
109452834,0.00014827935945948835,0.0003022837958248519,0.020447754225373378,20
42442710,0.00014813833516068298,0.00029072364929482646,0.017207393136791673,20
55011670,0.00014810014757754287,0.00015373615581340037,0.0001896195093524992,20
130959296,0.00014798846246332487,0.00037334896889524476,0.0461585921750644,20
17081563,0.00014796946728616313,0.00033496343032793303,0.03145593077002976,20
39437589,0.00014787455009216967,0.00023035192724857635,0.004892112139986134,20
40859036,0.00014762150914147953,0.0003306250517805341,0.03018953865411601,20
29127639,0.00014752249950640285,0.0008249296235394049,0.21686951898225465,20
33098719,0.00014729524079263313,0.00019812385074572636,0.0017802829694478978,20
26467790,0.00014699207407317672,0.00041631698770145596,0.06541907234624203,20
54118205,0.00014690098110596296,0.00040736686493858895,0.0616479454675082,20
60059641,0.00014687069885811754,0.00033943739223645154,0.03400662478195065,20
81467864,0.00014684941569733656,0.000397648944318975,0.05753058440790887,20
69877783,0.00014669563235739091,0.00039443235759400097,0.05633425548529255,20
169000768,0.00014665033792746752,0.0002605909927655573,0.010492862765287396,20
44650118,0.00014644417704286482,0.00028543024335603203,0.016663135732123184,20
60017534,0.000146377498345171,0.0005249167154304371,0.11375887261573198,20
39858660,0.0001461752402098976,0.0004030131949416459,0.060632496478683004,20
17853714,0.0001461546122778129,0.00027719805003908267,0.014623198276766789,20
17274422,0.00014601881125432536,0.00031747544545922615,0.026844956290201782,20
71430355,0.00014594861075646615,0.0010240373056478384,0.26574144946471356,20
85154685,0.00014594318430974362,0.0005250373509418747,0.1144751585152288,20
7016540,0.00014570127171912307,0.00016435297311291413,0.0004153497640935457,20
16224134,0.0001454036461142366,0.0003741501739568094,0.0491979502067646,20
111136442,0.00014515261341797314,0.0014101202825791317,0.32524667337278856,20
73,0.00014510354194929297,0.00045533989228711667,0.08516895847435942,20
55058509,0.00014478872492300067,0.00028032019679525584,0.016144757089461895,20
53138653,0.00014478752391959836,0.0002599052979296427,0.011070626726868633,20
153943304,0.00014478586632000467,0.0005740679730377719,0.1366982493523683,20
101036713,0.00014473483920569575,0.0005469068253942597,0.12560046446604622,20
87711520,0.00014435758594368296,0.00042277731886451237,0.07161677184207631,20
221678075,0.0001442117202890947,0.00044014845485663474,0.07960072647947748,20
81301664,0.00014419972502110467,0.00041961036114708576,0.07040754174185526,20
53666823,0.00014404865187663817,0.000338100540343634,0.03598988847347015,20
96946291,0.00014399898400768995,0.0002950302875947796,0.020903222668394072,20
28630797,0.00014392315703705693,0.0004980420453849435,0.1058668449139697,20
48790620,0.00014390546938330417,0.00044606542281753857,0.08268620854990821,20
81571849,0.0001438064175143805,0.00032472642521402177,0.03115654073658647,20
62888311,0.0001437732493206889,0.0003584887458377181,0.0444074976256988,20
49854117,0.00014370237889273774,0.0004093224702981368,0.06645392299610081,20
135163943,0.00014370034353843874,0.0003236340812541495,0.030843388511933544,20
168796876,0.0001435642048452479,0.00025570771417825715,0.010624676119203586,20
52466430,0.00014326668357766693,0.0003853442543322517,0.056391716897676795,20
66895043,0.00014312184562059738,0.0008012265539470166,0.21712500650646915,20
61057489,0.00014281069317796102,0.0007151028353916342,0.191484397508205,20
36715788,0.00014256236573125802,0.00030579204754233643,0.02540261150529521,20
41486835,0.00014238904433382937,0.0003731442748068803,0.05210046169562942,20
42140266,0.00014237803244638024,0.000601378642432822,0.1514854928835934,20
34854171,0.00014196300860141732,0.0004262427213676969,0.07638756672141402,20
46831206,0.00014174570075907168,0.0005605486945979409,0.1360921121936972,20
152895186,0.00014172318579869225,0.0005399291721953547,0.127476488603667,20
60,0.00014160527282889578,0.0004627388746307286,0.09355387389518253,20
8219262,0.00014153106314745701,0.0003095563979563946,0.027496079375589507,20
76507007,0.00014125898462233888,0.0005022960864412065,0.11187256427037925,20
155972672,0.00014121785133226205,0.0005173658713334011,0.11856761268776905,20
216297468,0.00014103696656211361,0.00032967812687720267,0.03545737775104714,20
127758014,0.0001407072539135551,0.0007591204590727336,0.208716688830752,20
176609039,0.00014029896477713022,0.00016937199060203096,0.0007521421513068528,20
117147006,0.0001400476526845773,0.00029497635664434027,0.0235446505034519,20
47309757,0.0001399514837376492,0.00042547390957503367,0.07882668975593417,20
60072017,0.00013978877639883868,0.0012533219695496675,0.31182366777201576,20
78819538,0.00013966699447064135,0.00034628088630280255,0.043573998782638665,20
28469570,0.00013957043121905487,0.00039065037669077453,0.0632935966264693,20
27842733,0.00013946344888779715,0.00039425989373255004,0.06508240982019955,20
29364454,0.00013932546533644287,0.0002743415522568083,0.017475922039784594,20
87740651,0.00013926518162266644,0.00019468761632075583,0.0023621900341350495,20
111209920,0.0001392470273079649,0.0003927436436407725,0.06466733494213055,20
88112010,0.00013914915584523345,0.0004389322970114474,0.0862287450394537,20
78164758,0.00013911223889556123,0.0006903611893082859,0.18939129115019032,20
39501950,0.00013903802447872148,0.00015501449612592103,0.0003734041190347884,20
63893394,0.00013900791288760928,0.0005634257671288191,0.14182469551652682,20
80066582,0.00013871217602771103,0.0002078755820690347,0.0038119398292526885,20
58096778,0.00013870220543353297,0.0002804155287099287,0.019705171820578828,20
69596862,0.00013863084081245925,0.0010368650593747075,0.27847262920183513,20
12611254,0.00013862900278697188,0.00029143550436531236,0.02335672270224436,20
49391293,0.0001385343163611774,0.00014524037442851644,0.0002089199082783481,20
94786142,0.0001384713852761982,0.0004102247145121438,0.07380214279858273,20
121472578,0.00013810302394746398,0.00030519388913349013,0.028649114144863246,20
99950748,0.0001379098680074714,0.0010815780317656367,0.28760073880610865,20
99113672,0.00013787924380671002,0.00032110853127242884,0.03498146788271566,20
222478858,0.00013784265541166296,0.000610552220764128,0.16267178237779734,20
30239698,0.00013768670979447117,0.0004215896299189271,0.08023898868872012,20
54658234,0.00013759022788691067,0.0005163235644224375,0.12401893782585847,20
72660154,0.0001375618983847665,0.00027382478524920034,0.018370368663795822,20
23683317,0.00013751214749168627,0.0002647406045911082,0.015718779681924474,20
109135664,0.00013750141079600097,0.0002936683477097896,0.024954559879451003,20
39458551,0.00013736869313768496,0.0004638388175641479,0.10053255686228109,20
127418850,0.00013732462670403012,0.00042563015575388454,0.08266895937924695,20
80706259,0.00013679526208016936,0.00027444429595952885,0.01903684430436431,20
189623964,0.0001367664488253345,0.00029102620759138733,0.02457625338680612,20
33437609,0.00013661011413556578,0.00022058193130206427,0.00610140350514496,20
183814309,0.00013628303823123855,0.000962580272843319,0.2670854059477568,20
100115878,0.00013622315630375524,0.00022336448586056563,0.006686617646639006,20
83197173,0.0001361254135883422,0.0004778955057803885,0.10903815247451766,20
8216735,0.00013579525464984532,0.0004251370820932258,0.08469529982544305,20
13873691,0.00013559662671944195,0.0005321630616590573,0.13432608093929255,20
174007048,0.00013558052728172566,0.0003525196027502061,0.050839675379970375,20
61019422,0.000135470424327061,0.0003625384108059772,0.05554481150566437,20
101915309,0.0001354629328824547,0.0006296462491150389,0.17403234950606955,20
47646620,0.00013502291530156362,0.00029043805219895443,0.02569871737388252,20
148891427,0.0001345521505469349,0.000377967103420398,0.06393920442282304,20
58457964,0.00013450124130192086,0.00031049115362308293,0.03386119123212045,20
3614989,0.00013440101147275675,0.0004851017757439945,0.11520997783661552,20
103890399,0.0001341887881429138,0.00046271083121816566,0.10508976109173973,20
109940062,0.00013418145929557646,0.0003449456685032797,0.04904944522655265,20
59016091,0.0001339775959713102,0.0002406027376578038,0.011095305487336596,20
109734745,0.00013375171162289534,0.0003158558528588504,0.03679275578310884,20
17426542,0.00013343331691104688,0.00035961828031618403,0.056730833882209446,20
70279043,0.00013340187681347982,0.00035238160584111255,0.05339165852674998,20
115027462,0.0001333642181622352,0.0004631334391788385,0.10664036579695375,20
14026357,0.00013329403637604432,0.0008533402937510261,0.2466449139057288,20
65076333,0.00013324873819028639,0.0003683212080519706,0.06108283507601898,20
42347659,0.0001330902741421086,0.00018421526264597308,0.002198775941894242,20
102443273,0.00013286536586745447,0.00019422297137062857,0.0032268732706598026,20
55612481,0.00013231664998731573,0.00047027962080561995,0.11176902552561079,20
60486314,0.00013206960845159877,0.00021682785467039048,0.006736635277255814,20
210264335,0.00013202730188942579,0.00033540743924607107,0.0472163215992827,20
68257083,0.00013201816539232247,0.0007836622122413135,0.23022510194008067,20
142571152,0.00013197002512880252,0.0010311499812851854,0.28689484300770685,20
79500073,0.00013163355712645375,0.00036591933951453387,0.06207740972919599,20
90915669,0.00013150158364000908,0.000370202694835185,0.06432979225690073,20
64172189,0.00013123937200622547,0.0005385341730848108,0.14470505580966603,20
67085896,0.0001309109992912172,0.000632041243968636,0.18295691416899645,20
58683619,0.00013077258580642125,0.00045008121513397743,0.10467757249505591,20
72271917,0.00013076447570214422,0.00043454498152630216,0.09710890322370651,20
98239298,0.00013058839312689863,0.0002843955295582881,0.027024384455547754,20
41261072,0.00013051271087260175,0.00033921972468061454,0.05078185557556779,20
144935530,0.00013040796245255003,0.0003832839139332957,0.07229005894211583,20
75432704,0.0001302603111724754,0.0002990677620848276,0.03318052876264308,20
88176397,0.00013018646235838372,0.003744776550781708,0.4390441589159344,20
115921128,0.0001301100881235584,0.0003832796124612054,0.0727223699260183,20
30337208,0.00013010387398951773,0.0003159006366662764,0.040581076429996935,20
184616504,0.00013000333380534524,0.0004347959489200355,0.09847972563851741,20
52660391,0.00012987247748643405,0.00025529309548989,0.017338499498556342,20
84887564,0.00012980409849524255,0.0001853375183651137,0.002743647760709631,20
167671894,0.00012976267399656405,0.002798101874715622,0.4189534802726846,20
30737905,0.00012967827792427223,0.0005412276247287129,0.14867814028037799,20
5415344,0.0001296766272515598,0.0005239882303661927,0.14110603743484584,20
93644159,0.0001296599337614196,0.000603677622219599,0.17442431084058213,20
123742029,0.00012934508938664268,0.0004618920653655928,0.11282014620007257,20
32071463,0.00012933481269097603,0.0003886635639583539,0.07655619295557473,20
128420255,0.00012929389763190468,0.0005527601344535649,0.15432993745011886,20
237518018,0.00012911030179637016,0.0005059553696446685,0.1339823781699122,20
132970636,0.0001287525986155752,0.00034780668448360563,0.05712194654930162,20
20804464,0.00012874857774204106,0.0004064601059861164,0.08639738847457175,20
112135951,0.00012874469939740119,0.0001862403786097428,0.003003861615042414,20
48689126,0.00012872904656930083,0.00034354552461003483,0.055083758855662183,20
153295317,0.00012863883706133172,0.00021621524739847387,0.007720512301485699,20
45059112,0.00012840693272098136,0.00040001793605220343,0.08369215661667377,20
25026917,0.00012806100304189882,0.00036521306796481745,0.06667591571960285,20
91101805,0.00012780017066714444,0.0003057354346854929,0.03853051693403049,20
30240334,0.00012771962131120917,0.0005416866371131653,0.1524517938802723,20
137992493,0.00012755293437766713,0.0004369335746525894,0.10364872475332056,20
138430098,0.0001271175400454322,0.0003615403294891741,0.06618085286676077,20
44646750,0.00012708748132508885,0.0003144465951176811,0.04327479857389674,20
133561129,0.00012690326332674695,0.00030896935913069104,0.0409640230394486,20
240321277,0.00012689204738361993,0.00045501058618265954,0.11374395152526948,20
44853352,0.00012688424213821436,0.00036774880066110045,0.0696589916813622,20
60664655,0.00012654483473873435,0.00036995603083962817,0.07128371892826084,20
55954560,0.0001265325216219748,0.00026798861204645484,0.024099106981388955,20
73438315,0.00012638286346613182,0.001228031779135544,0.32528033134316364,20
37918385,0.00012628856783415687,0.00031029295669827815,0.042263684042551646,20
14471838,0.00012617674917903555,0.00020412261137152897,0.006171424666373446,20
600257,0.00012611325679457998,0.00034661857257813885,0.060089254925738855,20
113343409,0.0001260363185019292,0.00028554846389690505,0.0315552593031503,20
47931975,0.00012599394437185217,9.962665462998418e-05,9.391738353128055e-06,20
95926648,0.0001259826143266307,0.0005316061879588767,0.15125522375765893,20
14271676,0.00012575239243013125,0.00031238379748041683,0.04385643990797538,20
96522796,0.00012566226083870758,0.00032852556268318567,0.05171617548320265,20
49243392,0.00012564479196660317,0.00048725709308762577,0.13156680904625706,20
1400892,0.00012559208243496657,0.0010192505163562405,0.2940084506950764,20
186018203,0.000125433778945494,0.00015279688741196628,0.0008113105589634898,20
165306219,0.00012509269416299817,0.00029073803185751074,0.03472118268805512,20
51407949,0.00012506988694440668,0.0003614400015026235,0.06911861675470228,20
47711490,0.0001250543423654743,0.00038672969789639436,0.08221844840053924,20
204457283,0.00012498360036292954,0.0005349917178749423,0.15461996888331242,20
131786432,0.00012487201023867188,0.0004129024101929742,0.0960492806687166,20
4868632,0.00012468601298155636,0.0004456936859559282,0.11304014546758362,20
134561909,0.0001245332355244544,0.00034279060064219824,0.060350689855085064,20
70267947,0.00012450920232266461,0.00030061217023822327,0.03979262703998005,20
56856336,0.0001244669050390973,0.0004582433501606026,0.11967886609559472,20
13612175,0.00012438564200677738,0.0002894187975805613,0.03486445847731121,20
47252263,0.0001243287492576184,0.0002874260822168006,0.03404440719553597,20
136228006,0.00012424568253660006,0.0002541794355832453,0.020766663676420535,20
16027189,0.00012405351536222964,0.000567685513013951,0.17035680323505875,20
140631272,0.0001238478702560969,0.00030697812066271486,0.04353501114970996,20
41887474,0.0001237760876449556,0.0008115736679397251,0.2517152793485313,20
164196027,0.00012331370407649145,0.00027634929419749634,0.030259883432688348,20
88225513,0.00012314409430526919,0.00022875000003896826,0.013194793678795128,20
53557414,0.00012311469481999794,0.0004351370710760505,0.11052816497931947,20
16852835,0.00012294980266479018,0.00040198963227601193,0.09366557480715708,20
154384684,0.0001228672298746597,0.00027557421410847417,0.03035590086823365,20
83904869,0.00012286491350129992,0.0004925201740288272,0.1392469625099386,20
158900185,0.00012278001647844094,0.00042793906029086525,0.10744388623115696,20
31841056,0.00012267644042041615,0.00030903774651464965,0.04593742918814156,20
82089727,0.00012262007359393202,0.0006873431119045974,0.21741776741727953,20
71030136,0.00012222284907216773,0.00028166086325374543,0.033644784353203006,20
111540832,0.0001221791548091683,0.0005754840273756733,0.17715300948144014,20
72282568,0.00012184979222815418,0.00029839327638909443,0.04178777718231512,20
82506759,0.00012184585650596713,0.00033798017962010453,0.06169637623239901,20
72139377,0.00012175049437933572,0.0004287313283310817,0.10971083619570221,20
98903394,0.00012165348601951842,0.00041682739367547307,0.10370223422033739,20
41259148,0.00012158930542953972,0.0006036984281734838,0.1895061360860797,20
61087371,0.0001213398662264692,0.00045290435456185764,0.12279524354483849,20
130071629,0.00012127724636407656,0.0002049376888859453,0.007959925886180639,20
65663548,0.0001212615455266547,0.0006837102932855543,0.21873627359743492,20
3212105,0.00012118904327888813,0.00023184673358737676,0.015249812168582845,20
148172675,0.00012116797164501148,0.0002347375325705308,0.01619328458781748,20
120354240,0.00012116308565443268,0.00022016044707092093,0.011794384723165902,20
216097094,0.0001211022901763531,0.0003068915376065022,0.046838020082870725,20
88474391,0.00012106403424664014,0.0005198101958771046,0.1553437014577382,20
123874968,0.00012101877571986386,0.0004584305182793232,0.1261699709737532,20
194440035,0.00012097272191861075,0.0003033196784701299,0.04523383931869205,20
94520582,0.00012081596728548694,0.00023045257808036715,0.01503429890482529,20
103131752,0.00012051205038480505,0.00021909626211236984,0.011827436888586852,20
118522665,0.00012050919709052365,0.0002551901689681914,0.024082731950755276,20
199033440,0.00012034365953433601,0.0003667331837743079,0.07929512120085122,20
52395132,0.00012027268868181062,0.0009484101818126809,0.28863141484755156,20
44049617,0.00012018384852710006,0.0002831977056085648,0.03650524202316092,20
21485948,0.00012017298494897133,0.0005978349223020811,0.1899628372718744,20
73361464,0.00012015835036991441,0.00027030642570134684,0.030708647238443354,20
127189344,0.00012013352288451074,0.0004783036571387071,0.13766270524254806,20
106138127,0.00011999262762391328,0.0005863113571549078,0.18576457159570547,20
13089854,0.00011995937699749992,0.00037262678598075523,0.08311150849450212,20
80081005,0.00011992607716935777,0.0002800173825931313,0.035312840882701736,20
44665700,0.00011988482350522023,0.00042571853309567487,0.11157267273896225,20
2884552,0.00011983379424823915,0.0005525922691490987,0.17216138837256678,20
66864550,0.00011982139334593134,0.0015170749160301918,0.3639069979783778,20
33336213,0.00011955178377693887,0.0003217074273161917,0.05646976585662103,20
33,0.00011930434965852499,0.0006639510043604549,0.21578616850651205,20
6796737,0.00011922087768694301,0.0003913102191847145,0.09448218398384037,20
92812055,0.00011919893511099234,0.00037874039112406946,0.08771584557129382,20
150172214,0.00011907812615814806,0.0003484602667779265,0.0714642363686989,20
13270827,0.00011874807979567192,0.0004608375292834498,0.1317303003376343,20
31047046,0.00011874170516000537,0.0005449743224806034,0.17104797165455193,20
13070799,0.00011809744764902096,0.00041363070563541084,0.10851869959237413,20
18444280,0.00011793574789272787,0.00022408278173431176,0.014752518324971667,20
231913653,0.00011779284520639643,0.00046508865841876623,0.13572521183502206,20
131759767,0.00011765718604499765,0.0002337670552984712,0.018214472702808075,20
49312409,0.00011759681429526491,0.00033218770518554056,0.0649434059918569,20
7596972,0.00011752973498806719,0.0003524604334442621,0.07615537180890365,20
126156777,0.00011740352918260533,0.0002813367446409557,0.038759881722604965,20
43997680,0.00011725950581173706,0.0003494137582637962,0.07492136194443945,20
20514272,0.0001168715604522419,0.00020202528489747117,0.009037254954581235,20
121176445,0.000116724143381991,0.0005354423467376526,0.17092822559667775,20
39041037,0.00011662871470551617,0.00030892909777492005,0.05384533161783305,20
97083600,0.0001165878559604705,0.0002518811469082908,0.026161666000206658,20
159392025,0.00011657457173446518,0.00027032171077800803,0.03442997404994166,20
119748143,0.00011652285036878874,0.0002755698423659834,0.036985303412220456,20
145577095,0.00011634965070490555,0.000230052702699073,0.01781401157060215,20
69898870,0.00011633356038121268,0.0005626112421908373,0.1833532349543633,20
153980108,0.00011624487655031712,0.0008137244069234104,0.2652677190913896,20
177018726,0.00011624388985418954,0.00025433821012256925,0.0275350287302763,20
147737631,0.00011607493480484676,0.0004179838777615116,0.11468903790785753,20
121087682,0.00011604050752372363,0.00035761454705941255,0.08152598204410388,20
98,0.00011601084799275075,0.0002923781759274767,0.046005440013104804,20
51737033,0.00011597383633825398,0.0003088166651482194,0.05471422292727328,20
135660866,0.00011596399259300727,0.00029554187844443137,0.04770626417521981,20
113749112,0.00011594109227758831,0.0002131882803740852,0.012533932758085226,20
114608596,0.00011588062345291028,0.0005027114829501101,0.15777159202158367,20
34337112,0.00011544091459698702,0.00024634499307969374,0.024867543972087246,20
101722577,0.00011528532566424665,0.00027191237729645896,0.03663009136862776,20
21804837,0.00011495537137679867,0.0003036121821755135,0.05336855208930531,20
29893461,0.0001147260182776555,0.0003137140597486619,0.05920447995808037,20
75662679,0.00011465258528617906,0.0006890589395893866,0.23295419917136007,20
159262353,0.00011459258544349037,0.00021655500047811164,0.014367801544987145,20
92383515,0.00011453655511895754,0.0002260960577107333,0.01767955921554416,20
134363401,0.00011441019793256014,0.000457662686339691,0.1387562061554551,20
74904353,0.00011440025154028921,0.00024722734739642416,0.02619291032966364,20
23727507,0.00011439740470096937,0.0005098321284474206,0.16412202977528095,20
142846522,0.00011438547364760465,0.00025193963369759333,0.028273718832947194,20
20885899,0.00011432033722097446,0.00036987504408958884,0.0914663728645156,20
87,0.00011430483045435369,0.00024732439538069064,0.026324076912451824,20
3202697,0.00011429714598562568,0.00046650125318294897,0.14344933294929252,20
2617583,0.00011420838276656465,0.00030331425265494016,0.05427803570702663,20
99526455,0.00011412772014854078,0.00044975959395331724,0.13528320854193862,20
60544150,0.00011407069335262753,0.00034774611344959896,0.07936842991196678,20
49521660,0.00011406224456722847,0.0004922999436813669,0.15656775917441984,20
136156232,0.00011395562100032231,0.001168134710940385,0.33377803562367814,20
58697623,0.00011380543113573838,0.0005163799753221772,0.16835323047361378,20
55353984,0.00011375585343536553,0.0005322757863639585,0.1755967932797045,20
34713897,0.00011360273928767706,0.0003535938878893227,0.08351792802226116,20
78596973,0.0001134387954077165,0.000329278186123632,0.06994183315526131,20
64089732,0.00011327584504765842,0.00036190528274997294,0.08884898060515287,20
28843245,0.00011320531325448302,0.00022549521928408187,0.018427575497537745,20
24719462,0.00011279155916386064,0.00039043461501695056,0.10593566140271432,20
30853843,0.00011262099922175195,0.000372532910847145,0.09612898501920435,20
71099165,0.00011243478429063259,0.0008200683833513852,0.2735242761612099,20
60299129,0.00011241141577930102,0.00027195811704940477,0.04007626548002727,20
23518008,0.0001123015257600668,0.00043352122148059143,0.13051040925986834,20
147137118,0.00011228757575634796,0.00034441372983687107,0.08058234754631094,20
60926681,0.00011228666066061544,0.00030550407535014047,0.05834043430054819,20
104530243,0.00011207333225042304,0.000552447147806235,0.18781921471993523,20
40626289,0.00011196662617991293,0.00030037859449740336,0.05595731462541436,20
51155831,0.00011194668954330467,0.00016587261339976294,0.0035351970938633905,20
84493775,0.00011187121082776863,0.0006228452044783468,0.21588110064424132,20
187619570,0.00011144672730447336,0.0003584260972374753,0.09022004514150599,20
154896788,0.00011139633134565064,0.0004766943914751238,0.15455231337173753,20
156783292,0.00011132456556323944,0.0003015439373929328,0.057582266414252514,20
74281407,0.00011130264933597866,0.00036342602707552935,0.09338623966808275,20
169797512,0.00011128153840370136,0.00042259329904835885,0.12673905442041786,20
811215,0.00011123437823146176,0.0003956358970408086,0.11193045197527152,20
79079422,0.00011102610223515386,0.0004618688243834819,0.14791161004898776,20
114014833,0.0001108398143514211,0.00035120443949838954,0.08714621695912203,20
39680957,0.00011069662537680214,0.000568233982220101,0.19725773698274873,20
155658806,0.00011066097573730061,0.0004225754063215846,0.12801241640172975,20
31671262,0.00011056396374347632,0.00030314010778786097,0.05966527435345308,20
54197594,0.00011047990033295207,0.00031920690534051566,0.06907819003941336,20
184416453,0.00011032538559385685,0.00033013716047753386,0.07573410496646954,20
129747902,0.0001102858797821571,0.00036444361436480745,0.09591634849324207,20
58214836,0.0001102303230385876,0.0002632194330815543,0.038281208552118445,20
57885765,0.00011022068196868406,0.00019123657699037023,0.009223488785131784,20
23464810,0.00011017111674341829,0.0005266078766253666,0.18060684951262107,20
24289452,0.00011014450915903528,0.0004562051467816731,0.1468879824185512,20
42444502,0.00011010133732534955,0.00040879604861479053,0.12159643222122413,20
86624652,0.00010993532870743894,0.0005043471655778832,0.1709500796185775,20
131673070,0.00010971185060742738,0.00027754825712745547,0.04657627432718077,20
155458803,0.00010963394633488333,0.0006015351850943524,0.21256375803239308,20
132170219,0.00010953295499419868,0.00020746842159390634,0.01452978413047002,20
41082022,0.00010937054740073338,0.0003913822580422805,0.11328793155244304,20
8016897,0.00010931328704826271,0.0003867594600219703,0.11075901628273277,20
10600605,0.00010927687529740105,0.0026405125566200055,0.4275645576850393,20
149779829,0.00010899741006690499,0.0015358146410051632,0.37720479861044914,20
178007676,0.00010876103390973224,0.0007335263437932258,0.25761885329992895,20
126155985,0.00010864189732970875,0.0003562971691401076,0.09431017193387833,20
27041672,0.00010856850907321191,0.00021455900069179042,0.01777258602153211,20
129591144,0.00010852448763536138,0.0005433504534738019,0.19145462012787307,20
181011435,0.00010834034717859265,0.00046156351257681634,0.1535080121701161,20
101906963,0.00010830810645281463,0.00024210536394833577,0.029963047574504686,20
25928507,0.00010799651441962266,0.00018541328212720996,0.008701930643681289,20
34475099,0.00010776704542355131,0.00029390993625115405,0.05875101293159912,20
25487925,0.00010771176689708117,0.0004591880003772082,0.15366297668573287,20
167872184,0.00010770894259409524,0.00019041959743061973,0.01021104311724501,20
53357042,0.00010768600749431201,0.00036138109471125953,0.09920813004460256,20
130391352,0.00010765089320256827,0.00035405007711586053,0.09490955963483111,20
138993531,0.0001075516626432016,0.0003666467095039948,0.10260047765076284,20
25484676,0.00010751311865743463,0.0002912405996340276,0.05759435594161518,20
65672651,0.00010738532781555954,0.0014338912448662842,0.37067659247581697,20
74893902,0.00010737194295905028,0.0005081550743323974,0.17827321330462448,20
53757497,0.00010733079507131149,0.00018505259922537895,0.008908796560391206,20
19480833,0.00010697480142133343,0.0001864758029846816,0.009462682518450083,20
25239870,0.00010694942342279746,0.00036344348883001767,0.10191545525174195,20
105803955,0.00010689314262938842,0.0002650632258775312,0.04359584849247857,20
15226640,0.00010687206685938422,0.00028849395913471557,0.05700132211966273,20
95316767,0.00010676493263497566,0.0005307039799097977,0.18977436572584483,20
117904649,0.00010655526268158743,0.000272818448611272,0.04841877837414741,20
122377350,0.0001065000436390795,0.00043061143474018934,0.14125428578868393,20
55445976,0.00010649207824527663,0.00023134726526527035,0.026756572335379314,20
17032871,0.00010645605925344858,0.00038228923808082953,0.11407073807467412,20
35095644,0.00010639962101044453,0.0004764902315854621,0.16526350321297784,20
239720458,0.00010625622379468181,0.0005426916799816495,0.19608576660074245,20
65464236,0.00010615445734964146,0.000469923027522381,0.1625357163954994,20
33899323,0.00010600691808873852,0.000252993203048509,0.038205675153689084,20
124354426,0.00010597897610997997,0.0002444875213131875,0.03377844976825911,20
35275648,0.0001059511865034224,0.0002552704668465601,0.03950259259470766,20
48267334,0.00010552839140904879,0.0003471909665099953,0.09498362099819783,20
16073452,0.00010541868042876212,0.00027783268358793836,0.05302121370648307,20
158299463,0.00010536838164427742,0.0005733850173670176,0.2106852860570707,20
15842373,0.00010532589970553007,0.00024789182794610797,0.03634880633185078,20
77063668,0.0001050239020742777,0.00028117414501326634,0.05561315268820366,20
166398831,0.00010492321481266332,0.0003522597864729285,0.09929976502338289,20
58254694,0.00010482793714081396,0.001209653165665156,0.35132708081308806,20
82684031,0.00010479227780353373,0.0012922753443120377,0.36043410032931716,20
40058846,0.00010462853656596493,0.00031877462005603665,0.07925265683965714,20
91334498,0.00010460756095423129,0.0006299330247633624,0.2333887056713631,20
64906716,0.00010460261852046348,0.0002717589097080246,0.0507133057618648,20
20081218,0.00010449934745520583,0.0013319549783378387,0.3647752822590901,20
146650394,0.00010448957927240987,0.00021722000729538374,0.022267224052993733,20
107002021,0.00010422419623107582,0.0004848202933775919,0.17421452584757113,20
67295483,0.00010418529638285823,0.0004752590706865909,0.16961089102227261,20
31835268,0.00010410890232205872,0.000995516790962584,0.3226644610665463,20
24847178,0.00010395142107581245,0.000519783057839341,0.1911537087448802,20
59202435,0.00010393586137011913,0.00042123961538538865,0.14180674493958847,20
67550429,0.00010360769001346303,0.0005276036347662497,0.19539981938986328,20
85095065,0.00010360527914503592,0.000594924415895023,0.22283999212074374,20
24359385,0.0001035820305604257,0.00038382010343371254,0.1211410395650758,20
76296932,0.00010354161539573581,0.0001989660712179926,0.015578247047160335,20
58296806,0.00010350501405013979,0.00023305811038662068,0.030817828368820344,20
103129318,0.0001034472883915255,0.00015250614985524912,0.003417275007992776,20
81701911,0.00010325714478682523,0.0002567221511487655,0.043981885150541314,20
46787594,0.00010322872824544415,0.0003474417273345777,0.09983924034491169,20
62691829,0.00010290275821699113,0.0003837079272609725,0.12257023639473955,20
13812283,0.00010282601202202813,0.00031587420913676824,0.08088576863811239,20
198847383,0.00010267348809347155,0.0004576415058351804,0.1641524601496553,20
64423309,0.0001024928649227208,0.00022043634674640664,0.02568501649024857,20
57141231,0.00010248225685598745,0.0002543046373677197,0.043698940225062016,20
100927399,0.00010219375783503958,0.0002730044876441194,0.05525143521125229,20
18229923,0.00010216207828599999,0.0002657375025162961,0.05090469229776937,20
5815352,0.00010207064707490888,0.0004132898907626041,0.14158644501323164,20
53539154,0.00010191729915766946,0.0008086633819132277,0.2897986526711285,20
5596138,0.00010152452147129675,0.00051264812797506,0.19343665823629347,20
64061227,0.00010147821750760289,0.00010199997205291167,0.00013756154488056303,20
70899677,0.00010144640918684778,0.0003909305759827381,0.13010623138188757,20
128346861,0.00010132890672673589,0.00039228480826430066,0.13117065120724355,20
135362939,0.00010096719146447386,0.0005400101386244993,0.20672672358728894,20
169910008,0.00010094859347722918,0.0003267402583915083,0.09154850979412016,20
28694440,0.00010079757139843382,0.001079976414734646,0.3405328427420923,20
40922168,0.00010071871129771204,0.0005958886147596186,0.22949169508668782,20
58886919,0.00010039987459735111,0.0004376589842230169,0.15890775628341897,20
54658696,0.00010032471700429091,0.00017669167287188932,0.010004768142883962,20
131750352,0.00010028660907473175,0.00028942407868662355,0.06886552718356205,20
10019329,0.00010027688199348294,0.0003960426824273114,0.13579164035799446,20
128269592,0.00010019420295596381,0.0005205097639604934,0.20002634802251495,20
44486286,0.00010004011601595364,0.00040204541838304107,0.13983958174872738,20
129759299,9.975804268264055e-05,0.0002364649143979887,0.037291138851157216,20
97838947,9.975103776421468e-05,0.0004524469401378442,0.1682684751143177,20
51454207,9.97099196274498e-05,0.0002723361707922328,0.05900400689146605,20
114808618,9.970042116066724e-05,0.00043824703753004895,0.16087149000319287,20
48146508,9.963942542756399e-05,0.00011145578056749438,0.0003848436847304843,20
6404727,9.957677260569175e-05,0.0011280048605924909,0.34869865871333805,20
123782866,9.955420747493338e-05,0.0004385710833760747,0.16139157949944966,20
151777414,9.922612984810952e-05,0.0006021992656170503,0.2350966352782523,20
42042628,9.91923518953719e-05,0.00025528513702613063,0.049225588075006814,20
138679839,9.917075650791584e-05,0.000208353707267096,0.023295119647247318,20
96231048,9.911186072046607e-05,0.0005033845333188354,0.19478912168233725,20
46478867,9.908413157498352e-05,0.00031552290079914577,0.08816947818690546,20
88899205,9.890799316133736e-05,0.0004176839582038987,0.15143755019396934,20
69067352,9.8667869048516e-05,0.0005339268826494159,0.20940744437340203,20
114939962,9.855225058210959e-05,0.00029302459489294845,0.07449830973972656,20
51441172,9.853321593032427e-05,0.00034990719753178156,0.11157875155613897,20
20826666,9.838516729294145e-05,0.0007668707221855888,0.28643349026186044,20
28033381,9.831945988070801e-05,0.00041552405893480914,0.15162167326669382,20
39249572,9.805448238736358e-05,0.0004849046726411951,0.18857276722339855,20
101089592,9.797621323163474e-05,0.00022532968735004594,0.03339262188287245,20
36537526,9.770652278089654e-05,0.00017612096161013762,0.011313773479802317,20
48110222,9.769492345400588e-05,0.0005598556042651448,0.22238815617411678,20
39261398,9.766778423331568e-05,0.00017787735998603496,0.011935248014536028,20
110606035,9.729454842310469e-05,0.0004550669885368803,0.17550136584467607,20
62727746,9.719920087914447e-05,0.0003347760428280995,0.10483725674266033,20
111734779,9.718498249088326e-05,0.00024519244464645863,0.046165835511799556,20
30615057,9.6655788655714e-05,0.0002817212134047609,0.07071431094183865,20
86513226,9.66187354350917e-05,0.0002182547905506244,0.031201384469531673,20
45450469,9.644768464864006e-05,0.000539564561712695,0.21696999066336486,20
88491237,9.639309858395783e-05,0.0004355992617499752,0.16739519333320613,20
131856656,9.636972301844127e-05,0.00016901615202233788,0.00978108032398081,20
88911131,9.627826049581345e-05,0.0003943174436855009,0.14425718534734136,20
203256036,9.6204315503709e-05,0.00020174766454681092,0.023112915089961737,20
58862232,9.615978093375776e-05,0.00029484257025684226,0.08051277810208268,20
33842268,9.61557276010272e-05,0.0005042705579234475,0.2022073979693086,20
46752369,9.614785773250645e-05,0.00016238726192272247,0.007936006579247935,20
37859065,9.593560649018562e-05,0.00031370135071946155,0.093689596173411,20
27286238,9.591164194643343e-05,0.0004294098322188002,0.16520202308912257,20
177820169,9.589164893527846e-05,0.000460923380082481,0.18191922098556262,20
25667412,9.585439840761878e-05,0.0005086762485957627,0.20493309168383134,20
99233987,9.57529885845354e-05,0.00046628674841119245,0.18497042853867374,20
18654105,9.574033342544807e-05,0.0023616519847476005,0.42902669592877274,20
130385926,9.572682681058264e-05,0.0002748415744800913,0.06791011988959254,20
180613345,9.560400045785789e-05,0.0005579773709703584,0.2264694899632178,20
21114700,9.552979781790316e-05,0.0005762472671969369,0.2337621663280961,20
113864109,9.551241187434056e-05,0.0005060861145412664,0.20458111407142882,20
177084422,9.547524318076483e-05,0.0002524970224050829,0.053585478834447545,20
23839834,9.54047597169383e-05,0.00015017738360637955,0.005222249172942998,20
163404883,9.528003286999597e-05,0.0002813500601577303,0.0731787109603833,20
65063213,9.502231024663966e-05,0.0002722230275416258,0.06750754485287529,20
100686801,9.487260056364743e-05,0.0004225796493522209,0.16398998951520927,20
207485011,9.478985871444745e-05,0.00043452623229013257,0.17076661889473,20
205841152,9.477427340498779e-05,0.00048340130305928513,0.19577496288084506,20
46446181,9.463767267707812e-05,0.0001684061480537952,0.010572417418895403,20
13676738,9.462197393481364e-05,0.00032149980786660715,0.10188068342500951,20
34656812,9.440723361069381e-05,0.0002813753458536017,0.0749607888472497,20
100145443,9.437311555670347e-05,0.00020623401312101346,0.027400795848010917,20
117267884,9.435280616740816e-05,0.0002943904774470893,0.08400746183813566,20
107202929,9.435098868653679e-05,0.0002465709536654551,0.05165368655202503,20
13023025,9.426353228941253e-05,0.00023925185107904825,0.047076474580034,20
42547988,9.414737467363099e-05,0.0002756489719448605,0.07156287738142582,20
236694440,9.3949110848765e-05,0.00022372766907067376,0.03791103379130235,20
107095259,9.387869803755e-05,0.0002508640108153926,0.055299712589183925,20
68209741,9.377194743239448e-05,0.0004791438520694318,0.19618955444619818,20
149790645,9.367132229379238e-05,0.0010017081178353138,0.3402460533136713,20
115520416,9.360903950070832e-05,0.000782776959533897,0.2994944695323676,20
68,9.35288569905407e-05,0.00024135991355968725,0.04964908793858424,20
50397681,9.34703889687194e-05,0.0006520947080143194,0.26458010765350237,20
82695068,9.332601728490598e-05,0.00035566351491994266,0.12755083681884397,20
63074236,9.318841144974332e-05,0.00030809901468582183,0.09602291535652764,20
27892705,9.317134106329728e-05,0.00029820215211634205,0.08921584986959954,20
2262066,9.298094353968056e-05,0.00037683178607232664,0.14180125773563104,20
77508587,9.286167210060536e-05,0.0001665766843942733,0.011029725959042521,20
87309955,9.27416039307627e-05,0.0004920220000805092,0.20486983695120448,20
161702574,9.26126619916673e-05,0.00023757193210783824,0.04871428662592246,20
179487430,9.259504888946557e-05,0.00030852774971843854,0.09767962055628422,20
163395026,9.244227141905759e-05,0.00043070431892759003,0.17459196615104744,20
56495286,9.239983951117581e-05,0.0003152680372781699,0.10278946218365283,20
178620761,9.2262347487021e-05,0.0004331789384995692,0.17639845401752635,20
3812814,9.222411560219079e-05,0.00023248271933876106,0.046040103040613324,20
35497508,9.218237708709665e-05,0.0001838157595182172,0.0185175829246565,20
192626826,9.172051125001245e-05,0.00033969889892883755,0.12102833564643412,20
13,9.158583364192452e-05,0.00017985970351157412,0.017261424106183504,20
142597470,9.151849340421625e-05,0.00021345627001336667,0.035172963728585686,20
125344299,9.144948670739006e-05,0.000509105837971606,0.21586285843345832,20
66485375,9.124869888020304e-05,0.00032430740137607156,0.1117631421045196,20
25521414,9.116443601001888e-05,0.00023720081858294388,0.0509515459055525,20
52738399,9.116147823560184e-05,0.0003319720902853588,0.11720780025620989,20
24887193,9.112027166445213e-05,0.0003615959311815934,0.1368968973638256,20
48252930,9.08769406208515e-05,0.0003521422954788334,0.13138123730820325,20
68286443,9.083539999059087e-05,0.0007362986227915089,0.29378674194135046,20
26329128,9.082184515283864e-05,0.0002013828426215977,0.02903098555969681,20
18844802,9.034476056781205e-05,0.00043639225842304747,0.18306748064396694,20
57556414,9.030543364652588e-05,0.0005760584832412648,0.24587812890513916,20
54076185,9.007219002823974e-05,0.0010081659237110296,0.3469710299144795,20
74875565,9.003100539602127e-05,0.0004985812020142072,0.214671225263025,20
41642011,8.994276086619901e-05,0.00038517554591128387,0.15472749872859431,20
53447256,8.987427293460915e-05,0.00020269633131983885,0.031011386251603084,20
166870801,8.980648807982439e-05,0.0003756635103877384,0.1492069023869536,20
67350372,8.978214336471946e-05,0.0012705318958274297,0.3777149938059774,20
58061127,8.97652297271706e-05,0.00039479885384403505,0.1610048441446119,20
206482511,8.967431251478419e-05,0.0001740983616376921,0.016358479490530382,20
57356184,8.956473013084776e-05,0.000587345916779942,0.25174719241108,20
80767157,8.952771079125954e-05,0.00019080867360818024,0.02473873764662623,20
62488283,8.949041438041372e-05,0.0003954658553132614,0.16212538758697237,20
97990461,8.945392254300633e-05,0.0002777707959516109,0.0830407622937277,20
74503575,8.944411936023522e-05,0.00018093196800988252,0.019754857538399888,20
70212158,8.935939844148533e-05,0.00028991206348859207,0.09204122490796893,20
137831854,8.926477300516266e-05,0.00020913188442302314,0.03575093182385768,20
160588595,8.919677380455071e-05,0.0004321812361295827,0.18379224243857106,20
11410037,8.91898915263728e-05,0.0002557609682870197,0.06768521063925703,20
29294107,8.899059786541264e-05,0.0006056173819911424,0.2594849426365485,20
35329480,8.875976093269399e-05,0.00048080079695677843,0.20964057462917046,20
27530475,8.861510854507593e-05,0.00018287421999647587,0.021573059881300146,20
46056053,8.859287947806937e-05,0.00040712600753543804,0.17135026531631647,20
99712634,8.855280054678171e-05,0.00037159082353804623,0.1499481794291384,20
38035082,8.854597449029223e-05,0.00028260727212711515,0.08863834283973362,20
131072788,8.833581669725476e-05,0.0003301771298976465,0.12311368610076032,20
31893166,8.828917351208776e-05,0.0004359896368820742,0.18823910506683916,20
98129191,8.82208426174258e-05,0.0004732133684715736,0.2073941179069288,20
12272589,8.814085862195176e-05,0.0006592575966596499,0.2784795950111511,20
86910400,8.812707816103493e-05,0.00043422772427344306,0.18772218423386822,20
45866973,8.774447096395743e-05,0.0011116859637422295,0.36399386497011066,20
138479807,8.770137175413695e-05,0.00041547702193012865,0.17850872192479805,20
38940540,8.769102616371094e-05,0.0003214032094654509,0.11866482514807382,20
129184165,8.762792302305367e-05,0.00028664172695384057,0.09376734252701648,20
104003048,8.755984069149514e-05,0.00043734652297200974,0.19090084851315858,20
28010729,8.749900784333076e-05,0.00020905606560210255,0.03835700319515465,20
131881770,8.706652736687471e-05,0.00023051452555483665,0.05376734356290943,20
88531518,8.701501451003347e-05,0.0003406999869370667,0.13378332726758246,20
55045155,8.681018009171204e-05,0.00030454327198829257,0.108877695461711,20
82168182,8.673070212381062e-05,0.0003579506175313252,0.14605335037548342,20
171798354,8.662029671038796e-05,0.00030513791479439456,0.10979343645437184,20
154143443,8.651576928792037e-05,0.0002063487377722357,0.03812217627078857,20
48513987,8.642267282762961e-05,0.0006322192049379674,0.27411350777910726,20
102729253,8.64137222803818e-05,0.0022329961853027867,0.4322152782303391,20
184828307,8.621420148810232e-05,0.0003666904963281257,0.1531178996246892,20
109252439,8.620531027496714e-05,0.00014642004550757397,0.008193935326424099,20
41844108,8.619611600983734e-05,0.0002700737015447214,0.08485888491949882,20
66808302,8.611119607177254e-05,0.00023791611819103258,0.061002415543281285,20
91723213,8.601607951048141e-05,0.00030443480359264676,0.11083398441393603,20
176482805,8.598752529696829e-05,0.0003467714411696323,0.1406484646280337,20
56295273,8.566910208997747e-05,0.00028064881620616476,0.09407893568009075,20
175682539,8.564710281166454e-05,0.000274440392011848,0.08945742887528103,20
23693090,8.561130479188828e-05,0.0002606021445759695,0.07907695377952495,20
115503310,8.555684358124149e-05,0.0005766977497260854,0.257499812177088,20
142244277,8.53678286895726e-05,0.0005552319562446217,0.2500071389517798,20
154458324,8.530556617905027e-05,0.0004962786572808507,0.22575561795171706,20
95646751,8.528889367419579e-05,0.0002606293563575109,0.07984324691113709,20
103043565,8.526367650455169e-05,0.00025028234494283737,0.0720498219163696,20
60403477,8.521646421497109e-05,0.00066020105780894,0.2852747663752778,20
52719088,8.509510195474912e-05,0.0005157073025574513,0.23478634529313186,20
205040726,8.486056195053104e-05,0.00024028090785767266,0.06537033349738094,20
186430061,8.48436191327434e-05,0.00034016111130028676,0.13928414230497563,20
8635612,8.47140293086246e-05,0.00039673634173839487,0.17580466278077772,20
65471575,8.462919844232086e-05,0.0002644203438103632,0.08428956414023903,20
29494141,8.457994787522683e-05,0.0001992056769355963,0.036441804169952526,20
73273361,8.442214919658353e-05,0.0004305944811360036,0.1957721303759511,20
9887653,8.43777204084517e-05,0.00028696328983551306,0.10208510609922195,20
72013797,8.437307510562043e-05,0.000911123385359878,0.34170657527245507,20
10280102,8.43281475229135e-05,0.00030475156328860106,0.11549053399736114,20
159801253,8.428619725860398e-05,0.0006045134893176375,0.27017139249371125,20
66685639,8.36593741147973e-05,0.00032923959352981075,0.13496723196509955,20
28287364,8.363585709629806e-05,0.00039290660835135334,0.17653601821453208,20
13834572,8.362307633353605e-05,0.0005986677660363845,0.269806588633311,20
16473785,8.352144100710058e-05,0.00020664123552541403,0.04326637917861494,20
112500934,8.348204049224428e-05,0.00029625796724188844,0.11142860247574721,20
56759884,8.336236860233548e-05,0.0006211288807794626,0.27772910715415006,20
9473971,8.333583518169984e-05,0.0002740697228601138,0.09490089660928781,20
49321410,8.318656847581818e-05,0.00044828640251221637,0.20845753665368788,20
57647842,8.293992050159571e-05,0.0004692796790988276,0.21952445288661648,20
70899149,8.291964023221243e-05,0.0003895202610573268,0.17652292338679193,20
79369313,8.288738535179863e-05,0.00028864277470621517,0.10725036991408057,20
81421353,8.287101606275493e-05,0.00023844888034405605,0.06831141216391406,20
83522357,8.264418007794538e-05,0.0003245312249760038,0.134458567345925,20
39708578,8.250772225290859e-05,0.00022264454117974962,0.056940919338716874,20
114929512,8.223264595637603e-05,0.0004213368226891255,0.19682646773743,20
143944382,8.21636268803022e-05,0.00027494817945698677,0.09859823459835472,20
121351589,8.211562083409729e-05,0.0002902399650286884,0.11053595037094818,20
80599204,8.20561810558812e-05,0.00022371047878357126,0.05869038192065432,20
120751399,8.204160641906156e-05,0.00015682370617244135,0.01518898282452504,20
27235757,8.200349474207224e-05,0.0001777533354211146,0.026517610896406536,20
31134273,8.198038309850386e-05,0.0002265278528414425,0.061021538301232484,20
33018462,8.185565639723113e-05,0.0003380996590811412,0.1462398558256567,20
49289448,8.172339603182977e-05,0.00020541691717744203,0.045604920328616766,20
114415368,8.161920389414546e-05,0.0003253791680299605,0.13796144662833756,20
68073008,8.139408543257342e-05,0.00024090921716702753,0.0736253435586628,20
19845376,8.127717700188719e-05,0.0003576958863437907,0.16115548927154166,20
9418274,8.077248329029508e-05,0.00022840859481222976,0.06513518968164378,20
95186490,8.057379484306959e-05,0.0003644517117419013,0.16761499806236657,20
102090399,8.019993779438405e-05,0.0003597021854404418,0.16561911146988062,20
40142885,8.01827951614903e-05,0.00022660415941598103,0.06502602869671445,20
20629817,8.007298956063392e-05,0.0007569214608785592,0.3207668743480463,20
38440653,8.006072623803484e-05,0.000386569289279261,0.18297772428887632,20
21628320,8.004028655146656e-05,0.0003723970151669394,0.1742607723576159,20
45459387,7.979866566542038e-05,0.0002486293057692746,0.08372269024303457,20
42283550,7.978041993733364e-05,0.00039235535387217765,0.1872780973234443,20
33536376,7.977112382026585e-05,0.00048827750062156467,0.23696134914313804,20
8617396,7.963236020981368e-05,0.0002587018476671703,0.09232269029210526,20
178085216,7.963029190962423e-05,0.0003581533199478575,0.1662822149669983,20
37316666,7.959413164198015e-05,0.00029233165716779474,0.11913312441417517,20
43685314,7.959385269356578e-05,0.00018668557636064483,0.0358981450367244,20
29133969,7.95675971339671e-05,0.000276614772236972,0.1068792547534071,20
130480126,7.944429086772786e-05,0.0004147211990454871,0.20114739799021902,20
90913244,7.939907656854538e-05,0.00028838579325516484,0.11662110902787885,20
16080657,7.938486101204679e-05,0.0006265209319659562,0.28879164924671374,20
23689283,7.919456363192079e-05,0.0005050861494842958,0.24583745784047245,20
36231284,7.911250778132039e-05,0.0002951652180365749,0.12269932432926442,20
47088062,7.909838395615265e-05,0.00023964694772462614,0.07815162458470061,20
10268177,7.907878605001028e-05,0.0004147558193338923,0.20223078466762479,20
71081941,7.893570526041339e-05,0.0003021607573087757,0.12857048205974064,20
49035597,7.883094910363653e-05,0.00025955557224923646,0.09514663053984528,20
68752166,7.869976825146396e-05,0.0002884574238962955,0.11867169764628818,20
124542531,7.858813352810135e-05,0.0006222906607233451,0.2894158904308785,20
65863349,7.8395143050225e-05,0.00046399243381706624,0.22957669054390595,20
113127618,7.835562387497053e-05,0.00035251969352992785,0.1663487277569901,20
50,7.801747870027353e-05,0.000577225087893833,0.27634683402184484,20
146979354,7.796630541006821e-05,0.0006239370835628891,0.29140184270851566,20
26040729,7.784063154974153e-05,0.00021494164468249441,0.060901640640394675,20
13277017,7.767819346082006e-05,0.0010177411224365205,0.36829982557256935,20
140465673,7.751608489519335e-05,0.0002693901407856211,0.1068037445251948,20
181611787,7.751064468360935e-05,0.0004525815341314916,0.22656937923643378,20
82285129,7.746868408468332e-05,0.00044633655512350075,0.22359051765590515,20
25831174,7.741282810417305e-05,0.0002837534734151156,0.11868209511856073,20
104439154,7.725964390813134e-05,0.0003739086687863126,0.1835202674807866,20
89840486,7.722010931517365e-05,0.00032645367166606666,0.15169442934871316,20
133482446,7.717039039108753e-05,0.00029517206121913204,0.12839054570832217,20
260348,7.709826954739596e-05,0.0004307226766608428,0.2166583290821097,20
66294761,7.673284622674304e-05,0.0002973878236344003,0.13142235741927874,20
31692920,7.669893676345851e-05,0.00031188131484269577,0.14257902365986827,20
100688511,7.659912690408943e-05,0.0003712911321192296,0.18388613948781452,20
20479899,7.658484002429078e-05,0.00045398785665893627,0.22992286384473137,20
73071966,7.655846248985354e-05,0.0002595771642338388,0.10142454636869083,20
18038560,7.639054027612502e-05,0.00045277042919849057,0.22989081021587138,20
171677768,7.626477483093364e-05,0.000513923028180992,0.25744268213507204,20
77101748,7.617962844789217e-05,0.0001482722163254285,0.016553985153958225,20
95882224,7.615838679725651e-05,0.00017735905717638833,0.03497635240622906,20
55294595,7.610718842624986e-05,0.00036591227426032905,0.18197505370737282,20
176605911,7.60479947052778e-05,0.0005931182792534782,0.2865478076292881,20
41910020,7.60458802258418e-05,0.000599073968891726,0.28844685227566325,20
93115327,7.604517696409019e-05,0.0002898726281489151,0.12760312963133394,20
80091981,7.589899000217393e-05,0.0003305780805466301,0.15870996464580647,20
5414553,7.574232487771171e-05,0.00031328361134170055,0.1465651577553034,20
48051528,7.556257606207984e-05,0.00038992493444579417,0.19847493642430114,20
92279983,7.554470492420474e-05,0.00032279398508595393,0.15420139569794505,20
32646667,7.53849593024769e-05,0.0001710964557466001,0.031769678010169104,20
152656825,7.537371495410782e-05,0.00025819496003864065,0.10365016647085613,20
75193956,7.53207644249243e-05,0.0002810631176486421,0.12273555615179058,20
32536038,7.527353486551369e-05,0.0003089971964027562,0.1447929404615866,20
45552788,7.523560058326218e-05,0.0003323813954861488,0.16206071583570242,20
62620768,7.52317798565022e-05,0.000292571813346361,0.13221418057477535,20
55480106,7.516295938936324e-05,0.000431269010242848,0.22266694542469967,20
63,7.502619798245013e-05,0.0004158107516184963,0.2148482906452176,20
61287506,7.497326098428181e-05,0.0010859373519134647,0.3804331983895923,20
113262554,7.494899658486432e-05,0.000227424223873292,0.07845310897751846,20
144819345,7.492481174189991e-05,0.0002620479118081785,0.10820516824118924,20
38840867,7.490990181138468e-05,0.0002521658425674637,0.09987175645977255,20
106331656,7.484807561013995e-05,0.00011306607663795133,0.004016884171858375,20
22824556,7.474976695050762e-05,0.0006822663724926564,0.3148818840302816,20
91056553,7.471327350406232e-05,0.00017994574592911214,0.03945462893315432,20
19285005,7.465272778297283e-05,0.0003790761971945111,0.19473913769589318,20
75183461,7.445561503299225e-05,0.0002340925273993305,0.08555883467218163,20
47554353,7.434095175627708e-05,0.0003403844418330236,0.17048855767847293,20
76366876,7.389109669182214e-05,0.0002603352380523718,0.10982624116339879,20
113902157,7.388900864114811e-05,0.00037544294647279546,0.19489072211261804,20
36078731,7.377862440969274e-05,0.00016431388544587707,0.029536063886541238,20
158390842,7.355008917954709e-05,0.00015517640317191437,0.02371244088993043,20
52256804,7.350817204240245e-05,0.00038272225795821,0.20053819720554716,20
181211581,7.347049919937121e-05,0.00023812982447112056,0.09183642792519525,20
19685095,7.320658735935625e-05,0.0004049130127335968,0.21439311981103826,20
41647688,7.31957778666692e-05,0.0004868530243790349,0.25472400301315423,20
8669116,7.318523875808336e-05,0.0001954628819848488,0.05521133300975315,20
127557672,7.307963608244871e-05,0.0003194868656908729,0.15958803626138723,20
54210731,7.307271255738157e-05,0.0002822121562797042,0.1306143273685268,20
123753867,7.303679391068296e-05,0.0001970150504537536,0.05687872461638636,20
228086973,7.299462383042188e-05,0.00019217825668593316,0.05285162883709059,20
196828261,7.275874593728194e-05,0.0015096058260301375,0.41581994720419213,20
44598561,7.271838825472221e-05,0.0001418672382715293,0.016737154864764625,20
107096320,7.265785200444853e-05,0.00017120814955734205,0.03650471295893051,20
69667660,7.251624016715863e-05,0.00040202565752814443,0.2149191695895568,20
188621549,7.214371213314364e-05,0.0003069611682662741,0.15320676282241263,20
49453987,7.193359186223602e-05,0.0005238266236607369,0.2732071886821248,20
7067761,7.1626298931593e-05,0.00021866888002202036,0.07965348799643852,20
101952506,7.149256797802373e-05,0.000394941667726319,0.21411109131022998,20
13877914,7.142636532527779e-05,0.0002396983685831095,0.09920831489755001,20
8474125,7.141168697173683e-05,0.0003002143323123656,0.15038044778563517,20
213667581,7.135822701953843e-05,0.00029618056325582826,0.1473819308112684,20
62258977,7.128698458766236e-05,0.00025628792108041843,0.11432643275334653,20
94338348,7.123396054691534e-05,0.0005344226711889874,0.27907282684931295,20
46431023,7.114652520528176e-05,0.000302656235986876,0.15315855855777033,20
156898684,7.104750820931538e-05,0.00021034697504300584,0.07368122149732338,20
87652611,7.104004389883456e-05,0.00023518249789511157,0.09630343865592368,20
129622231,7.094381440548304e-05,0.0002840359042950169,0.13895879902902136,20
26868490,7.07051423622762e-05,0.0001522585337783109,0.02581650726941171,20
161789937,7.044820898681748e-05,0.0005675828521750521,0.29265815143069185,20
238496786,7.03939321176128e-05,0.00019565612849994202,0.06205279977442171,20
21027741,7.032966203636415e-05,0.00040542736253494616,0.2237132040188387,20
193425683,7.032084645665904e-05,0.00016460167825340294,0.03563429240910703,20
45655893,7.027122680448861e-05,0.0005916870903363634,0.30074174448365854,20
69540514,7.016803368005975e-05,0.00041842146293595014,0.23123138218245698,20
28125117,6.982298195808423e-05,0.0003003325187822083,0.15576336054537554,20
49269583,6.98142456217743e-05,0.00022776034575190326,0.09320398760162212,20
89240263,6.979136840001565e-05,0.0002976604321536503,0.1537669732572893,20
77107794,6.966099591823871e-05,0.0002552378712962441,0.11859219366349211,20
87405761,6.965364142640651e-05,0.00036480743920787176,0.20190540347584462,20
118148529,6.965203744950243e-05,0.0002445665091050501,0.10907348318717489,20
194227860,6.956453219824355e-05,0.00022660864544671484,0.09289180285039061,20
134971602,6.956165815047988e-05,0.0003930637207764882,0.21922618514162312,20
144134928,6.950223168313008e-05,0.00024081550251717847,0.10614462849091491,20
29470994,6.9480977983169e-05,0.0001947520504324093,0.06354893942832786,20
209486770,6.939750926990007e-05,0.0008297253166528803,0.35625597941424697,20
260319,6.932340065902987e-05,0.00037437839935486474,0.20894671547074906,20
26489544,6.926914250854899e-05,0.0004022808935758079,0.22536625950822736,20
115016016,6.906020472563223e-05,0.00027580046796844956,0.13837377846510496,20
54694393,6.894849158539662e-05,0.0004838092068714766,0.26575713752544394,20
51244997,6.893908376421065e-05,0.0003306688087628113,0.181422003191891,20
89055189,6.876147542295152e-05,0.0002307750403991584,0.09922666754983102,20
72871885,6.846224900478037e-05,0.0002573456825158509,0.12440335364907532,20
30295538,6.845837396491362e-05,0.00022971355839737065,0.09918533815480242,20
35304934,6.84088967764368e-05,0.00046397183421580725,0.25878231556122644,20
88006203,6.834161742799716e-05,0.0005533833251848242,0.2935912338520767,20
154777157,6.829811553672182e-05,0.00025299207175552395,0.12106519177903853,20
116169445,6.825920573427235e-05,0.00020885668121926648,0.08009705931523102,20
118152661,6.808541753426378e-05,0.00038475667019946633,0.21924642551148665,20
119950355,6.765842443878789e-05,0.000497186634438844,0.2750051903669706,20
138959151,6.75597515944204e-05,0.0001958794853967693,0.06972659724694312,20
50438556,6.755526367229203e-05,0.0004591723043662363,0.2592289818323148,20
19080614,6.74845756532233e-05,0.0006290876242704602,0.3184432667884117,20
140195127,6.74384879899681e-05,0.00020666894002822537,0.08040787802565719,20
81106327,6.718279896466561e-05,0.0002304743968159458,0.10396953002912393,20
49489469,6.706965714921298e-05,0.0003748063508210414,0.21672486443266437,20
93,6.69496774575673e-05,0.0003788288017801191,0.21953812455816307,20
45050208,6.693196878468644e-05,0.00047594258812779194,0.2684457130174003,20
199433743,6.673358045928834e-05,0.0016869017793450856,0.4307229249219022,20
86088192,6.666789217540658e-05,0.00026718060814086655,0.13918908321841722,20
108738762,6.654847295762822e-05,0.00024231835318938797,0.11718601598367535,20
38657819,6.6543793326454e-05,0.00019868332640607977,0.07530431391475581,20
65148643,6.648681510805499e-05,0.0006580190408505375,0.32823987085661654,20
81446938,6.64567556981105e-05,0.0004216400574592315,0.24471961439432138,20
75240194,6.626665180293478e-05,0.0002853216490580003,0.15599954167547392,20
20032182,6.618178705844746e-05,0.0001695303344876192,0.0484938549614252,20
54921080,6.594432034413844e-05,0.0002118670010455066,0.09000663700282036,20
97323933,6.592620627419166e-05,0.00029969280954216145,0.1687938056353026,20
30293483,6.576247909337307e-05,0.0002537856983095923,0.13043837113532086,20
30133643,6.575932641539606e-05,0.00030256767458796725,0.17164053752791325,20
20004068,6.55262584607158e-05,0.0008703083079327835,0.3700127197917976,20
40447997,6.504724583438758e-05,0.0006399628782179646,0.3272889556920484,20
148782358,6.504658418164388e-05,0.0003955225699960663,0.2355160974556828,20
34876961,6.502409323045632e-05,0.00020171095234247706,0.08284070456948277,20
12840361,6.491129792821349e-05,0.0005431844378424246,0.29962253736200284,20
18238662,6.484078320714292e-05,0.00016657527868762728,0.04894306557979911,20
125417543,6.455569837511277e-05,0.000605241672988099,0.3194003902819431,20
52456924,6.453013593741009e-05,0.0002598346152342465,0.14028690238857017,20
180624636,6.445865642522864e-05,0.00013312727035754356,0.02164674641501953,20
152193359,6.443508776421414e-05,0.00046355417233187417,0.2707841371506228,20
239118919,6.403404926278721e-05,0.00035446734187192543,0.21457794673978564,20
65007353,6.40155567819184e-05,0.00032536153285568387,0.19495309312186643,20
49469781,6.370436551526027e-05,0.00020660923880375486,0.09197113107115262,20
126955560,6.359057640397958e-05,0.00040153921743263604,0.24369779705300137,20
63474316,6.353271142737482e-05,0.0002917006624029089,0.1711387078810629,20
85572911,6.352753576750469e-05,0.0003775651916976561,0.2304971307456815,20
98840082,6.342855157005222e-05,0.00022758826439489612,0.11388706576092449,20
107803379,6.330160083916348e-05,0.0002494471671956328,0.1352696396090765,20
1813940,6.321857343672411e-05,0.0003938915399536521,0.24081712118952014,20
73101763,6.311965048270973e-05,0.0003530854433485577,0.21695104882625948,20
74159951,6.309553839104199e-05,0.00024318812875002247,0.13014907159979833,20
61804683,6.308917406548375e-05,0.00019148361057688552,0.0785010342898943,20
85688647,6.305758456883471e-05,0.0004490272219450115,0.26873066704702964,20
21004578,6.303674300987271e-05,0.00039049544614102216,0.23956563335162911,20
664931,6.294299218010668e-05,0.0005575588529884149,0.30973103979571875,20
167708818,6.28738996866246e-05,0.0003991585459220411,0.24485401729602096,20
63979,6.287022129543852e-05,0.00021489570688341332,0.10317671579722348,20
26264802,6.278852744895647e-05,0.0006030324562062313,0.323381596044485,20
56847002,6.264058176560783e-05,0.0001398135718148458,0.02978911107980239,20
70468000,6.25594106823002e-05,0.00033848813704431433,0.20937837257599717,20
91502407,6.24720817583635e-05,0.0002718083859672616,0.15845980399406967,20
70288755,6.232118325770475e-05,0.00028184477312328827,0.16757598468305623,20
26288395,6.225484588623931e-05,0.0002255622557356584,0.11606963907672893,20
170600329,6.218289003691591e-05,0.0003418627393436184,0.21301682945691264,20
68057031,6.201953639185242e-05,0.000396009752452804,0.2460871583350721,20
10619702,6.187395729664591e-05,0.00013547249432309792,0.027611721324319806,20
50089761,6.179184062548859e-05,0.00016635906524740856,0.056551349463061014,20
72559060,6.171798199712808e-05,0.00022404028501154963,0.11649471660113989,20
39258742,6.163307407501261e-05,0.00035830612506322916,0.22559766292737304,20
123674904,6.156055669209737e-05,0.00046536585095801946,0.2805484136294152,20
91735034,6.137276632637578e-05,0.00019150838729209478,0.08402755247067327,20
228911279,6.121352308047223e-05,0.00024005511920164975,0.13414888934027086,20
101752468,6.119488201601908e-05,0.0003623748974092296,0.22968940715945563,20
2463749,6.117655089234175e-05,0.0003413650228075878,0.21638790866469004,20
211064876,6.109360095861994e-05,0.0019777443413088332,0.44578903224759137,20
43149435,6.086658858286964e-05,0.00029342964098787617,0.1826090227728679,20
5419725,6.08382992686618e-05,0.00032971846727393136,0.20975482099005943,20
62020357,6.074968959940419e-05,0.00014371630297741256,0.0370285295039046,20
32035421,6.0652513169370816e-05,0.00040437881436517414,0.2552188919534326,20
11469503,6.0548586361067194e-05,0.0005041655940577765,0.2987203860398611,20
49889638,6.0147836369484065e-05,0.0005952794301896555,0.3282391106798307,20
76689046,5.994919703335433e-05,0.00028320830408844476,0.17784948752267843,20
96387033,5.976550696825678e-05,0.0006264568750977578,0.337213779516069,20
40344920,5.965559569943712e-05,0.0006046546334743106,0.3320155418911598,20
1411905,5.9587039672845396e-05,0.0004287857109325456,0.2708350162749189,20
84487084,5.957798015223115e-05,0.0018221992805953836,0.44264421962102823,20
37573048,5.923033830630975e-05,0.00019392983061478338,0.09396311099886892,20
98123581,5.910071932824501e-05,0.00038008524504924284,0.24761527240063663,20
105735006,5.907632312226463e-05,0.00043798540080379836,0.27675101438187866,20
53848885,5.874107970409437e-05,0.00027769741151527735,0.17801582442146413,20
124954858,5.869130399937805e-05,0.0003048808761444892,0.200010452427769,20
68576399,5.851702397251524e-05,0.00012903537454166897,0.028403312778380783,20
50850633,5.8409843276285846e-05,0.00030827983337159673,0.20367744530631948,20
31297630,5.8181120594733016e-05,0.00031279837508582344,0.20791985484687658,20
69274510,5.8106326375931275e-05,0.0004831122945508872,0.2984503103257139,20
101253557,5.774623635514953e-05,0.00043495056962467905,0.27984346467519633,20
122781393,5.7583025759982974e-05,0.0003641169931783932,0.2440001428019915,20
103243628,5.740317934183059e-05,0.0001735469073149573,0.07773482763384965,20
63405625,5.737629505938036e-05,0.0004208040128998934,0.2746182280726931,20
156387831,5.736650412648814e-05,0.0003479547476362522,0.2349707242161289,20
6996880,5.73620846226558e-05,0.00040795456078699955,0.2684762892419094,20
143331938,5.7348252047409454e-05,0.0016467014548479856,0.4389375464005788,20
113518440,5.730189349721082e-05,0.0002335487069835786,0.1431216003700968,20
12822959,5.7167897757859355e-05,0.00026941100075660436,0.1772758904943224,20
6417732,5.7068464809684194e-05,0.0002977427941055086,0.2010152833963068,20
121524909,5.6978597693629895e-05,9.788805165977373e-05,0.008733937553043324,20
132081873,5.675545220112654e-05,0.0005975394343660633,0.3378871320410719,20
63947008,5.6706388369148766e-05,0.0004906862076539985,0.3056212487514589,20
28893554,5.6596899375538356e-05,0.0003987551890035615,0.2665812436451367,20
2812203,5.654297465369495e-05,0.00030944307388521523,0.21197981727383397,20
14223517,5.647955410957306e-05,0.0003468809325728646,0.2376979217921517,20
156788177,5.639937078912582e-05,0.0003137513247459029,0.21569830985652033,20
84291241,5.631311866771404e-05,0.00032967743102986757,0.22715523321526937,20
51656358,5.63064792006962e-05,0.0003085105235481781,0.21224697726499314,20
62867318,5.6122439419800665e-05,0.00024470492919545,0.15896390231702226,20
91456777,5.588795190081819e-05,0.0005565303988743223,0.3292195862688594,20
218699815,5.584754660542257e-05,0.00043270143277730614,0.28528863291405787,20
9418061,5.570110344740586e-05,0.0001811645258084488,0.09256368060669463,20
88274261,5.5598636564416215e-05,0.0002789282703483042,0.19192473087966666,20
137156808,5.555207212357693e-05,0.0004077116225862458,0.274757309656098,20
177610104,5.539281815707675e-05,0.0002003593387748516,0.11568837470924319,20
29843850,5.535070210529735e-05,0.00021990570378204003,0.1371669961602417,20
43347282,5.5317408307942184e-05,0.00023826818122959446,0.1560887257682344,20
68479388,5.52845668032792e-05,0.0002749826640747563,0.18992359536023096,20
118669178,5.5191736757617683e-05,0.0002947910668727833,0.20641960470316106,20
42242700,5.505716212257095e-05,0.000333933854136046,0.23496177379108746,20
89,5.498259225092117e-05,0.00029852947188349757,0.21017334645942537,20
190021957,5.4962356873336506e-05,0.00025230334391810374,0.1710940272241998,20
138262890,5.473944687987564e-05,0.00025080190647468523,0.17064526234814276,20
65053999,5.4442149069444666e-05,0.0001751280979067308,0.0902622661734151,20
104691552,5.438266181449769e-05,0.00035533913918607427,0.25098219571227093,20
145970207,5.4314252720216724e-05,0.00019449457561702353,0.11343859204091368,20
240721552,5.427620873277861e-05,0.0002742194646243962,0.19356542643538865,20
93318423,5.4250845255540694e-05,0.00017153238300162964,0.08671011648272332,20
242122829,5.406781338873901e-05,0.000142769868837607,0.05333385693282224,20
134763547,5.378962234156848e-05,0.0003837962863748922,0.2691323561294501,20
76633561,5.3595902035583066e-05,0.0003766717853529398,0.26607599139252636,20
32298995,5.356275243007524e-05,0.0003828813885981217,0.26950219145232046,20
98302362,5.3550651893585764e-05,0.00024347745446436867,0.16883491453415805,20
38281658,5.347241561023674e-05,0.00040235970224401714,0.2796501188793149,20
460878,5.346652832571297e-05,0.00014014523528989314,0.05213620513172785,20
11075017,5.346524060512725e-05,0.0003359349425518535,0.24263193876766775,20
69074482,5.3277158796255494e-05,0.000320097509395635,0.23288774384442068,20
22038031,5.323968858011729e-05,0.00037612820441293134,0.26713443097279455,20
44398291,5.3223144921887847e-05,0.0004052414870394042,0.2819400237384455,20
55922102,5.321965598764911e-05,0.00030238480819373356,0.22046730655491276,20
43325705,5.319491310084856e-05,0.00017796155140689614,0.09854141905133738,20
152541977,5.3064706860836416e-05,0.0004991231356512737,0.3199401564378173,20
22042643,5.304382611332204e-05,0.0004520945942105897,0.30292629427958295,20
2017445,5.3018172215787976e-05,0.00044048173343076637,0.2983154792409646,20
64022738,5.301349601095628e-05,0.00025998965602902697,0.18662448671188697,20
148051353,5.2643339926369825e-05,0.00030618728238100137,0.22570199271534358,20
118148840,5.2214939653691396e-05,0.002524207051119088,0.46363098582610557,20
114343869,5.200738131584948e-05,0.0007791723352671729,0.3842802484868939,20
22663668,5.176351971484805e-05,0.00024364185695155362,0.1769862009685969,20
131586429,5.137782061505058e-05,0.00024661663043842175,0.18159435773544946,20
81902088,5.1031197798193094e-05,0.0005105926234684824,0.3299758074274525,20
12201845,5.0950796528048683e-05,0.00044451154208865025,0.30706773372049234,20
58662069,5.094155359993413e-05,0.00026012574690331995,0.1960389293287103,20
46,5.093340725420004e-05,0.0002513840086625297,0.18811330307797197,20
140168741,5.078906664396643e-05,0.00042369933474205486,0.2990628962151015,20
83848710,5.078503654160904e-05,0.00047204067695003006,0.3179557355980957,20
63905405,5.066236299260951e-05,0.000998203784937176,0.4114330776472654,20
64,5.065876082410992e-05,0.0005362685801089608,0.3387152457045794,20
152783783,5.057610336066665e-05,0.0003997158093626416,0.2890557047133,20
12821349,5.044472528725474e-05,0.00036911241768910737,0.2741604426461559,20
39301918,5.0400643420556165e-05,0.0003322065411120274,0.2528211207404637,20
68657171,5.038587299118491e-05,0.0003014348404839999,0.23194700052930106,20
95721970,5.037151591098521e-05,0.00028308595468199245,0.21800084924275315,20
46307787,5.0340203438400954e-05,0.000569985521723187,0.34863133711838956,20
135354471,5.030136675167329e-05,0.00017581492562857918,0.10806348396889699,20
80906272,5.0165300481222476e-05,0.00023106112632340618,0.17188911195652978,20
74832235,5.015684958055711e-05,0.00041330521778008047,0.29681684319081053,20
55859647,4.997364968712392e-05,0.00045543525034631233,0.31462372366530067,20
107539824,4.9968897504121254e-05,0.00027537703406790625,0.21356495660499936,20
114149364,4.996152402222398e-05,0.0003635269505083432,0.2730448185948232,20
26866087,4.986641984368878e-05,0.00027037849659927596,0.20985884539649907,20
81512894,4.986159280880309e-05,0.00044392603882596456,0.31061117690470963,20
100452646,4.974977370293121e-05,0.00011818757356797422,0.03758729324844887,20
61620766,4.951945712999006e-05,0.00018187370881580354,0.11913273318665893,20
134990170,4.94383697929035e-05,0.00039790529546936766,0.2924679651281763,20
92880148,4.941255786904131e-05,0.0001707716867481736,0.10558603213177083,20
157173473,4.9386545776095024e-05,0.0003167039811663488,0.2470051644836233,20
19755030,4.9337063482959854e-05,0.00015999769135234806,0.09195180599038383,20
22283236,4.924782836103481e-05,0.0004310177418607626,0.30762448881131377,20
16875965,4.911903915018334e-05,0.0009706015243671915,0.411684551105158,20
119153191,4.891021235897131e-05,0.00033319512973414346,0.25969658381356997,20
33041953,4.8786019869082044e-05,0.0002804891761564179,0.22311880595761724,20
189621974,4.873988243331295e-05,0.00023070940372106833,0.17831400160509853,20
84,4.860101990988297e-05,0.0003863761494833525,0.29016424481581693,20
156382470,4.849704483503581e-05,0.0003847062892722021,0.28975282091067545,20
41177436,4.845577002761947e-05,0.00019746747851328756,0.14309016676351882,20
172002431,4.8436458410622275e-05,0.00021398613036493225,0.1620606777048103,20
53053457,4.843291958979978e-05,0.00047823179011855427,0.32786951025704036,20
119669993,4.841083039620608e-05,0.00025300919447608715,0.20141331411324864,20
75282465,4.8373886128783014e-05,0.0005064941581583356,0.3370459418809378,20
55450271,4.836405054818027e-05,0.0005655182633239345,0.3531808246753614,20
168673747,4.827963313289441e-05,0.0014950353496626205,0.4433448376051358,20
33852884,4.827436949532693e-05,0.00021516322115832225,0.1641439585029485,20
100653020,4.8234200546223846e-05,0.000214369389827706,0.1634688558008573,20
61487578,4.807718926007898e-05,0.0004466326189768218,0.31786595058885214,20
158190788,4.8051726465483945e-05,0.0003100382296004597,0.2483099988849941,20
10821300,4.802187874508035e-05,0.0005201495533378792,0.3421575662270254,20
78711426,4.79981878596325e-05,0.000262382262678966,0.21172148323116824,20
45599086,4.779849266748903e-05,0.00048412488163255917,0.33190244156918436,20
102127864,4.773617843850109e-05,9.238629963303589e-05,0.01611662503227356,20
83290485,4.758943723885134e-05,0.00046340694432289774,0.32562757549762233,20
58815947,4.754927830876443e-05,0.00027471840354929903,0.22421207959597128,20
64661527,4.747014839453501e-05,0.00038749052643995146,0.2950814458908688,20
134153709,4.735615080715405e-05,0.00027575079228044915,0.22595677537321646,20
108359189,4.7355052198852496e-05,0.0004906971599258559,0.3354498113818736,20
16837500,4.734197645260008e-05,0.00027790333320210715,0.227752516520682,20
63689312,4.718594052805225e-05,0.00033235455354428705,0.26652306615518956,20
50655182,4.7095437931474195e-05,0.000385813724899914,0.29574235110292435,20
20085342,4.706000257942711e-05,0.00032962791881230676,0.265393443081556,20
54152426,4.70283126646931e-05,0.0003219801834401104,0.26072746588891155,20
103,4.6797135959991684e-05,0.00023514926424819706,0.1922980440015279,20
196431156,4.67373453161557e-05,0.00018152850726906318,0.13192147065250495,20
99550574,4.673265161486973e-05,0.00016677075139147983,0.11267064899619204,20
138566818,4.664274838559468e-05,0.0005401567525495009,0.35183028472729794,20
89312903,4.641620293560633e-05,0.00033956561379930403,0.2741199411074434,20
63462365,4.626724761216949e-05,0.00024233370454222684,0.2019161853665069,20
125063042,4.624262628700471e-05,0.0003926504898373099,0.30225356257080027,20
1613232,4.616498934800206e-05,0.0005358776609448481,0.35215931200357464,20
209663702,4.60974832511174e-05,0.00047010230874494044,0.3329737359164574,20
48310931,4.605898188734525e-05,0.0004500936825977887,0.32619970680253124,20
153495323,4.5788682159494944e-05,0.00041935635133895,0.3154613667251386,20
27468857,4.576255666550177e-05,0.00037432239328006,0.2954612370595697,20
30644135,4.565552248408933e-05,0.0014122868927519245,0.44328550946212336,20
55659469,4.563528065986977e-05,0.00022385904399904592,0.1866806665955119,20
7071779,4.5578078247315856e-05,0.0002244318412030625,0.18757161731200928,20
1861839,4.5550252746162645e-05,0.0003520704353697221,0.2848284782739454,20
213495380,4.554248670594618e-05,0.00016660434019551577,0.11823556142411032,20
92117116,4.5401704050243576e-05,0.0003442293531380937,0.28112153425445624,20
20626505,4.537892864270032e-05,0.0002434798311109026,0.20745899678450952,20
62665549,4.535455055259263e-05,0.00010921922616066123,0.03943379546421244,20
70630073,4.525115700388382e-05,0.000361416253198182,0.2910332209082557,20
12670250,4.518953334024522e-05,0.0015420423834651047,0.44855441371596216,20
3214668,4.5177426390458075e-05,0.00042538952332941434,0.32011753929564146,20
6004639,4.496551282134886e-05,0.00021027041990683134,0.17545358144455364,20
35098836,4.48146560493079e-05,0.0002196681138702042,0.18650453423297125,20
76306660,4.4641038139511814e-05,0.00018871255142570586,0.15168109343808073,20
40743662,4.456785998792623e-05,0.0002748132145296155,0.23856272518489974,20
245726054,4.453889100353159e-05,0.0001242422742249429,0.06269354599209008,20
93280307,4.4538672937394216e-05,0.00037572311782808904,0.3010806314915446,20
81482492,4.4513091193618126e-05,0.00027816426953830304,0.24145489142168308,20
11669548,4.448115811528097e-05,0.00020770996721046557,0.17511905745726558,20
42460730,4.446966885146009e-05,0.00035518255903997713,0.29103742099265606,20
24437686,4.443082902177431e-05,0.00031670104258090583,0.2689298428780573,20
28669837,4.4385798456950123e-05,0.0003430414804723092,0.2848125475270754,20
214496194,4.421525198478604e-05,0.0002908066866229579,0.25236584280192287,20
101888862,4.4174360065216135e-05,0.00031087488799193003,0.2663486760388749,20
31254019,4.406477144422993e-05,0.00048035674821278885,0.34310786885442734,20
20822001,4.4027857068540396e-05,0.0008261628818539865,0.40708871844514377,20
15685080,4.3971698877454114e-05,0.00017784532360076165,0.14132597744890218,20
57814478,4.3946458483865025e-05,0.0008639855820102579,0.41124238346188474,20
121155622,4.368011869454458e-05,0.0005386732532714499,0.36043895615617655,20
101327452,4.363181655631099e-05,0.0002346252259330641,0.2079667888709068,20
101132199,4.361787349035362e-05,0.0005398167667419707,0.36091087437006075,20
19428277,4.3547755879042024e-05,0.0007128917005125774,0.3938290791985574,20
122661610,4.3432998848139115e-05,0.0003415264645809668,0.2880985549799394,20
24237673,4.322820848059738e-05,0.00021466923194305739,0.18954800850913228,20
41122228,4.3183337829894033e-05,0.0002547591043042703,0.22885873830522385,20
247728379,4.315816365671743e-05,0.0004653106888969927,0.34146850793691097,20
101927667,4.304879204394263e-05,0.0005541596990443034,0.36605142320809325,20
38079239,4.3015026794224195e-05,0.0007711045513138009,0.40283640502481494,20
26685539,4.30136419012378e-05,0.00020239917329590795,0.17691819623581995,20
196227630,4.297839166139128e-05,0.000588482869824752,0.37376614855102147,20
53810182,4.290861820308023e-05,0.00033593203043570246,0.2872708790655215,20
46927815,4.2632589107299836e-05,0.0013395851140591685,0.44416018660154305,20
3666277,4.259370515641292e-05,0.0004311915282924702,0.33182348361176284,20
85887865,4.258337469816298e-05,0.0002460017633048339,0.22418857873836345,20
121938454,4.240153907926758e-05,0.0003326071136840951,0.28763886666165894,20
53610153,4.234920083351357e-05,0.0007653393633913128,0.4036030783083787,20
77277628,4.218472212739466e-05,0.0004852301774224939,0.35087467328500976,20
128183187,4.213427398135905e-05,0.00028470765046316395,0.2580113820723411,20
122152141,4.208219947858249e-05,0.00031462752121401725,0.2783987917860319,20
57460153,4.2079799671224104e-05,0.0005317648461374267,0.3636588331592584,20
43428904,4.192738567920795e-05,0.00012711812097477578,0.0782896817553844,20
56095152,4.171113572000729e-05,0.00025229146196981806,0.23435840180297113,20
206273555,4.156624756233018e-05,0.00013345703353451806,0.08987034874314984,20
157373851,4.156392296481015e-05,0.00015209651888763414,0.11830478756379322,20
10423046,4.155104757380401e-05,0.000397087434274968,0.322567424001503,20
57069595,4.149962857221135e-05,0.0004518742804300822,0.342937876732244,20
41241722,4.1410432857183485e-05,0.00042503276654544717,0.33397678986783064,20
89932275,4.140225942561304e-05,0.00023678744798745873,0.22193931959088326,20
35737893,4.136837327933518e-05,0.00044344601196611756,0.3406047090568286,20
65548870,4.1238330226214816e-05,0.00037270169193046206,0.31319730599844936,20
86488560,4.118850366140459e-05,0.00020871020214893943,0.19425034462764468,20
94739161,4.1160974773785106e-05,0.00030080018724477095,0.2739093044712788,20
105894952,4.11335360575249e-05,0.00021030276321649211,0.19632632821486984,20
100914035,4.1071266159173335e-05,0.00028890305072321124,0.26625466885477206,20
59459249,4.103905729703483e-05,0.0005193904588128921,0.363854178304998,20
64729115,4.0979613279870655e-05,0.00022914065720794471,0.21685684592662735,20
135426843,4.094344058775956e-05,0.00013737620942517664,0.09916909656525508,20
93244027,4.092697132660472e-05,0.0004588926899518915,0.3472241251898548,20
51207946,4.079904294599646e-05,0.0004580154328055496,0.3473998875506308,20
48289065,4.0742544699604036e-05,0.00025355650602906256,0.24056539980247232,20
98484637,4.068581344273681e-05,0.0002037577416975735,0.19151839193401587,20
78798133,4.065033307068255e-05,0.00014712214175995755,0.11582167952844515,20
219073804,4.062789448873172e-05,0.00028267468079905397,0.2640288114125495,20
112100743,4.041666186296866e-05,0.0002557895350054519,0.24418595331508486,20
22,4.032944371193947e-05,0.00033514331543166374,0.2983595941824394,20
131320918,4.013532799717612e-05,0.0002641949804373144,0.2525429463060139,20
136029849,3.990113844027365e-05,0.0003130033728110149,0.28764489423957396,20
157584520,3.9761186967518515e-05,0.0007341787476759825,0.4056104713912739,20
74563889,3.973543585878703e-05,8.992156124780907e-05,0.03141738917106511,20
108898935,3.9669061013034024e-05,0.0001856600826776841,0.17565295521236324,20
38902912,3.9658533162550966e-05,0.0004739417974341775,0.35619228304160777,20
32818180,3.9469040779127604e-05,0.00019074564567199238,0.1831884103542304,20
131392653,3.942080590061403e-05,0.0003218718476473615,0.2951311213414505,20
32894699,3.931179915009631e-05,0.0001181532657412522,0.07658505262227729,20
73540288,3.9277122216627156e-05,0.00031229929047999963,0.2901929554188179,20
100330993,3.9276132101664915e-05,0.00025778901388528406,0.25193102187144534,20
49112340,3.927379320672608e-05,0.00028805287400183115,0.27462824361685934,20
20040619,3.908811866425444e-05,0.0005901414972119741,0.3851405339587271,20
86424293,3.9035612999202554e-05,0.0003118713786912114,0.29109205616768696,20
98949400,3.898708128179385e-05,0.00033480518328687594,0.3042726363118385,20
189034505,3.887166712252255e-05,0.0003009858811665246,0.28516930203809354,20
184227423,3.8757308979156525e-05,0.0002911606246189573,0.27933370414403297,20
104803458,3.861605771185994e-05,0.0007036656474633332,0.4043798804096659,20
97283543,3.8442250971273964e-05,0.0002579143724919421,0.2565290271261821,20
122177256,3.843832033646466e-05,0.0004884918406528854,0.364392185203402,20
19435753,3.843213558157865e-05,0.000271907766717688,0.26742621717863746,20
183413886,3.837006210689331e-05,0.00035445266528184643,0.3169184398956927,20
87530470,3.817443391032349e-05,0.000548508661856377,0.37950128221633067,20
97189925,3.815045768558178e-05,0.00032213711525600755,0.3012508699879448,20
150981216,3.811486404271813e-05,0.0004989378975621968,0.3681873916195477,20
64406763,3.806464544423571e-05,0.0005134178185779876,0.3719243348634928,20
34499822,3.802251171682869e-05,0.0003912096788194548,0.33435413414126053,20
28892919,3.780635083313333e-05,0.0003345359914204692,0.3095445894060076,20
18477870,3.776257429616014e-05,0.0002457000133860484,0.2500867787282489,20
128718671,3.771086474598229e-05,0.00041187142954037366,0.3433878394325898,20
12022067,3.741366304650384e-05,0.0002660613590798251,0.26845991439412153,20
1865468,3.721128174219157e-05,0.0003750428327800636,0.3311285188071631,20
55655275,3.720273526469364e-05,0.0001876664210914034,0.19320264400970705,20
71870114,3.719179770603209e-05,0.00013211392611355195,0.11164595424350891,20
55494829,3.7128420354551325e-05,0.00021671022653371573,0.22648609812559378,20
102243247,3.7117564512026416e-05,0.00027662272411309167,0.27777271447818186,20
182214915,3.706198323311927e-05,0.000265941701959345,0.270267516749443,20
86726619,3.700949741041182e-05,0.0001534617633272394,0.14715225151203803,20
18883099,3.695831849300224e-05,0.0002729528327788159,0.27599429020140726,20
36099780,3.683005185076416e-05,0.00016407211204075777,0.1640250900916052,20
6617744,3.679712423388659e-05,0.00020142914370242793,0.21203557214254037,20
41442989,3.668617763294135e-05,0.0003589097258520627,0.3263833696204415,20
36496724,3.658736131213203e-05,0.0002905665171171451,0.28996942901822376,20
100745956,3.6537634417044275e-05,0.0002697149589517902,0.27589868895256353,20
152694812,3.648788555330462e-05,0.0010924271766747833,0.4414168475923996,20
99485426,3.6372801919584695e-05,0.00012434779774820993,0.10321606071827166,20
167471319,3.6098744253867945e-05,0.00018365014331942782,0.19517698463556726,20
106245468,3.608153167539152e-05,0.00038169864171768054,0.33861331426916175,20
158800291,3.607301660404072e-05,0.0003216896292728778,0.31089442364451453,20
151782689,3.603534360786254e-05,0.00015819731038040684,0.16057218378405888,20
222704066,3.583358049548957e-05,0.0010649836374187328,0.44098821704712765,20
233291095,3.570865288150537e-05,0.00014240466945164893,0.13804359041381337,20
63453139,3.554542677201011e-05,0.0002920729410736507,0.2962961438352745,20
157298783,3.552603218560102e-05,0.0004558410405102463,0.3656348023410649,20
82084646,3.537623307786619e-05,0.0008648840306649829,0.42839804755856736,20
34,3.4968921411326904e-05,0.00018257431471955995,0.20118137062338476,20
108449587,3.458590617195778e-05,0.0006227208302704403,0.40325170795494447,20
29034026,3.452272791485411e-05,0.0001541931440479458,0.16463711818174043,20
116131208,3.4238602004033056e-05,0.00021428689245962644,0.24178595449895912,20
18277832,3.416789860834768e-05,0.0002995505692221311,0.3079249164899852,20
9207772,3.3874200889985603e-05,0.0009543699200006068,0.43777713388461426,20
154195839,3.385288495651173e-05,0.0003429393787741447,0.3319308022302826,20
13683735,3.3849613858383254e-05,0.00033060682394375995,0.3261139891829656,20
122711751,3.382470803510729e-05,0.0002559147771433224,0.28071340811416884,20
55721302,3.3629637079185534e-05,0.0003417733444129111,0.33243406992842744,20
127989751,3.35418569022472e-05,0.00030537286539498835,0.3144501983108964,20
43568801,3.333382352716241e-05,0.00011247427724491583,0.1003780573125112,20
171198083,3.31588248964565e-05,0.0004273472998689092,0.36620148843541545,20
24119079,3.309529760220642e-05,0.00034610039793342244,0.3368601493879242,20
75840556,3.30431825076638e-05,0.000257974745290529,0.2867411938313983,20
30039957,3.3023611349738966e-05,0.0005317417828387742,0.39210572166765884,20
77708940,3.297686014837042e-05,0.0006613803418934579,0.4129639740857073,20
75888143,3.296105422008477e-05,0.00039331341766528187,0.3559870233602347,20
49356291,3.2893142245651874e-05,0.00011555161279244964,0.10917909345128562,20
93881354,3.2882864110095335e-05,0.00024331514982423754,0.2763677714464762,20
13890344,3.288066719330518e-05,0.0003075418917241115,0.3190043767420697,20
44249687,3.280000407312467e-05,0.0005266812818876999,0.39181465085848277,20
60889219,3.2498689607884935e-05,0.0003257974996389688,0.3302832900797654,20
107920923,3.247427044350826e-05,0.00020871394870450123,0.24747983383158545,20
126676730,3.2289509566671426e-05,0.0004802054921593389,0.3834503372099193,20
112126586,3.2231836229276725e-05,0.0004115994206972574,0.3650177399994064,20
48008792,3.218313426967545e-05,0.0002997132612742084,0.3182777853250554,20
132560452,3.1871111272327446e-05,0.000472814609020834,0.383171326834102,20
57482264,3.185938372353147e-05,0.00030739522188083523,0.32413374368900494,20
118869447,3.1814484174277904e-05,0.00025920802642705545,0.294734319425795,20
27091661,3.174353996386048e-05,0.00025742073383962,0.2938675061269945,20
87911927,3.168921409034409e-05,0.00028164191477549977,0.31030819705481283,20
118572543,3.1468606915643905e-05,0.0003742253843404116,0.3555185691469077,20
7816463,3.141124795376926e-05,0.00035124416942660053,0.34683192789747547,20
49252825,3.137984284802831e-05,0.0004509828616844051,0.37952766584210024,20
80482835,3.137526311172145e-05,0.00030940405548807723,0.3276631834682953,20
24297094,3.1339653557657665e-05,0.00034367697168918675,0.3439855994254252,20
45206748,3.1338974826672364e-05,0.00021038415295288412,0.25665442128077065,20
147580462,3.13071485352534e-05,0.00017555639419253674,0.2175015873097877,20
109159811,3.12495139718455e-05,0.000483815225641309,0.3879104437464114,20
20429332,3.121057768232238e-05,0.00023907222913752783,0.2831004648434473,20
113143240,3.111245973476673e-05,0.0002667110373574995,0.30395906693050245,20
133007053,3.100604210481139e-05,0.0002901950839457869,0.31911206380671286,20
30844575,3.0862586235225196e-05,0.00022992610285715572,0.2777039803918975,20
155058613,3.086253270979389e-05,0.0001957005823526473,0.2446000496321345,20
8266451,3.0799619728827386e-05,0.0004998924533937915,0.39293809291736237,20
32236408,3.0568813749093374e-05,0.0017286842341002178,0.468897166159869,20
16673941,3.0525042249493485e-05,0.0002977501208683391,0.32590467804647927,20
70458035,3.045025248973321e-05,0.0002576129693988895,0.30159724887362116,20
75784078,3.0404706163703056e-05,0.00029375261555515615,0.3243518811645396,20
53119099,3.0288866971156513e-05,0.0003802179984533979,0.362786153797167,20
7,3.026962187968052e-05,0.0002907079753648351,0.3233776619833957,20
2061476,3.0180513793198747e-05,0.0005970308978776407,0.41178018682436046,20
78090169,3.000122028654906e-05,0.0005195111829735821,0.3994911276384484,20
62327558,2.99366138267948e-05,0.00040086270669519557,0.37102591240645044,20
164797031,2.9633406478510314e-05,0.0002705009411754518,0.3148987613240294,20
35170475,2.959581739936379e-05,0.00032417084055495564,0.3438118022614888,20
52195057,2.9477925811580152e-05,0.000229936552215076,0.2865730077081662,20
47092856,2.9211428229386493e-05,0.0001567443891641988,0.20747506866117227,20
76076034,2.9205782118024715e-05,0.00029133989988951604,0.3294979787383683,20
127946788,2.9176665144947655e-05,0.00021181609512589258,0.2725971071668516,20
1062974,2.9122262339062454e-05,0.00037009032928265345,0.3643891102446446,20
27089886,2.9083054067347014e-05,0.00041767068036757974,0.3794430987933194,20
71268514,2.8897610197028967e-05,0.0001669714524088958,0.22423084249034814,20
121324768,2.8722948832884953e-05,0.0002907036497427055,0.3317861128711216,20
58742418,2.8722679010653728e-05,0.0003511773890311148,0.3592870530812232,20
26090381,2.862493778708619e-05,0.0002601671883879375,0.31416135603204354,20
55694982,2.8548125502109168e-05,0.0001765099572907581,0.239150712374343,20
0,2.8464803020056274e-05,0.00035073381468857815,0.3603247194030077,20
109723588,2.8400553342131097e-05,0.0002562531243160985,0.3129137722686496,20
141031439,2.8197572545304862e-05,0.00046004532912850734,0.39347872437157694,20
16698389,2.81332424259928e-05,0.0003075482036707805,0.34352318624474854,20
154771016,2.81171973680161e-05,0.00035668448100770786,0.3641585912961985,20
95414584,2.7998082578473138e-05,0.00034774819726442896,0.3613857525441119,20
45244632,2.7856390298319765e-05,0.00016759750552043445,0.23319214244879355,20
58161669,2.7808722784430918e-05,0.0005654257385731415,0.4141286914493128,20
91879560,2.7768524426585727e-05,0.00022902948950981374,0.29698467927238287,20
19858547,2.7758714756753734e-05,0.0003402960157011519,0.3596439803468582,20
84122965,2.758653025147495e-05,0.00033689962674816345,0.3591329795406011,20
111763282,2.756634784324419e-05,0.0003130502753495281,0.34905514585707964,20
58085780,2.754938882365554e-05,0.00038987066274582817,0.37771852392453475,20
189023366,2.7455751932178862e-05,0.0020581353996261126,0.4765252165642273,20
53319203,2.738758064461666e-05,0.00045143741948995813,0.3945379632340933,20
153784268,2.726943067446197e-05,0.0005049487316269336,0.4058717384333969,20
38519583,2.719180346371919e-05,0.00010065769678389299,0.12091405097266691,20
2802132,2.7159507414001304e-05,0.00011222039243660709,0.14632284934822376,20
175607946,2.71471430885184e-05,0.0002277776001836796,0.3001061516599108,20
59885114,2.712857029338045e-05,0.0036158915056592115,0.4867919397737934,20
93880734,2.71253918411235e-05,0.000273070323464164,0.3309441837569487,20
36572119,2.7038996971795458e-05,0.00032625060022427706,0.35750221926395864,20
66273454,2.6989668289356673e-05,0.00019829031878394575,0.2749626110819077,20
249058569,2.6910793020970548e-05,0.00040202835399196093,0.38396003031880266,20
70589510,2.6864064814799414e-05,0.0006610566695358424,0.42885622483160046,20
106920064,2.6832131586013163e-05,0.0002172809597405888,0.29360219881900573,20
38024286,2.671059106235385e-05,0.00027084716361656946,0.3320822144247848,20
142170371,2.6673633220722358e-05,0.0003498915053938599,0.3684490872997437,20
17099258,2.649000579173222e-05,0.0005418607750037828,0.4146348424425451,20
38302599,2.6329476139250184e-05,0.0002118364403450135,0.2924005884821095,20
86107574,2.61698878091049e-05,0.0003177568790076125,0.3583542354114645,20
132788236,2.6158776304432974e-05,0.0004348475238167998,0.39540439695361645,20
80492525,2.613338963208811e-05,0.00015469557136801027,0.22960745999682747,20
142645903,2.6119194955520618e-05,0.0001861506255610513,0.26890187252219555,20
51750776,2.6074061828371133e-05,0.00033313363783866984,0.36508324862014896,20
35421157,2.5982727190421163e-05,0.00018809650981389733,0.2720341878373315,20
25728504,2.5967985857805463e-05,0.00044945384982680023,0.39944383512090154,20
195827205,2.583372411265883e-05,0.00022032915555451736,0.30304593208117814,20
91381882,2.570400511067994e-05,0.00021325962167686977,0.29806564520068995,20
89006917,2.5637792456306707e-05,0.00037184330997782207,0.3805877915529452,20
55054637,2.555901156117424e-05,0.0004210536904213734,0.3944786777113951,20
10070912,2.552080718769556e-05,0.00043292936748068924,0.3974520945218898,20
41709978,2.5482468759524535e-05,0.00015960669516227127,0.2419499173036213,20
227686907,2.544588991865715e-05,0.0007606655410750985,0.4413274150547594,20
126356151,2.5379349672677297e-05,0.000363745860248411,0.3792077420157729,20
410468,2.535681239902998e-05,0.00028862902976211236,0.3493874228043493,20
15272218,2.5180184524631333e-05,0.0004336160498371537,0.3989449815772463,20
63853535,2.5166696662007328e-05,0.00017317873938271682,0.2617686867641421,20
37478775,2.5124713827320843e-05,0.0001737890585810713,0.26283255385165605,20
115252256,2.4889958985177542e-05,0.00018929201399772364,0.2817152005115891,20
94645791,2.488561927677102e-05,0.0003846062461389303,0.38771769493920205,20
22442983,2.4816405762470574e-05,0.00011979029507574105,0.18291019434271427,20
99391833,2.4759580902042334e-05,0.000509335721958099,0.4151081354851562,20
186618521,2.4615179417167288e-05,0.00046629253975684896,0.4079483401994353,20
48835476,2.4567189480326212e-05,0.00012739705460195754,0.19960978181909256,20
147537606,2.4462750628395646e-05,0.0001302230226342163,0.20564900236042388,20
54320299,2.436767337151702e-05,0.0002159961445254417,0.30984662634471194,20
159701456,2.4256973108535696e-05,0.00028701147526165446,0.3548228175449707,20
112861779,2.410979201175889e-05,0.0003016157004963774,0.3623354899787232,20
78289821,2.3932483070976396e-05,0.00016126167147937812,0.2574279987285816,20
6215134,2.386130775125228e-05,0.00014736626175080588,0.23890686789048565,20
104930250,2.3764934971304275e-05,0.00021654849802293504,0.31459743132677975,20
117571728,2.3760011616086317e-05,0.00044554349888012657,0.4070269026688329,20
107934113,2.365814407130351e-05,0.00016179270601926712,0.2604943050809394,20
159987183,2.3535562327409166e-05,0.0002029955659522348,0.3050460440341798,20
118210835,2.3446310247735026e-05,0.00015008110653019606,0.24661541673307463,20
189021709,2.335028025150232e-05,0.00023687571137144856,0.3321499638158967,20
79998981,2.322232627387233e-05,0.00025334795048354355,0.3432233732331742,20
50392394,2.3191323385746142e-05,0.0005768049346587677,0.429603137829513,20
97283613,2.3178167881207634e-05,9.492406478376403e-05,0.14424612656117683,20
87511501,2.317421197518266e-05,0.00018751217635905033,0.2934561360622725,20
94681174,2.3047737524631297e-05,0.0005160575307264185,0.4219065907560911,20
63005248,2.2940759697864797e-05,0.00035830920020324137,0.38886256456352414,20
144565779,2.28533494980504e-05,0.0004276844322065988,0.4068441880828242,20
59248761,2.2841188326186423e-05,0.00029949389620658834,0.3683961690806903,20
31636186,2.267950520209172e-05,0.00019636627185876291,0.3057277691915175,20
138564590,2.267741732453754e-05,0.00013300966748230116,0.22756959765417883,20
139766698,2.2491088315723663e-05,0.00039601079695376836,0.4011154102430875,20
110337705,2.2181065228268902e-05,0.00035164863655650676,0.3904619466345398,20
63422345,2.2165919273409163e-05,0.0002598915491136992,0.35356011877200544,20
93925689,2.2119601876838258e-05,0.00044579667890619806,0.41338004330053413,20
196442969,2.205023283577412e-05,0.00013283453956755898,0.23347292141521686,20
197845389,2.202171697635036e-05,0.000397898372399274,0.4035839926620675,20
52951549,2.189478871112982e-05,0.00010666643512996202,0.1850708840830883,20
124554362,2.1855601008372027e-05,0.00021882641177091642,0.3300846176198811,20
129759093,2.1800414442660344e-05,0.00014844223428384928,0.25959842817552947,20
83285801,2.179539249634044e-05,0.00016804865838856227,0.2843574767013862,20
137764208,2.1727352761322093e-05,0.00027641221127861843,0.36452889880747685,20
113366165,2.1697328280456674e-05,0.00043440855168387264,0.4128161721442892,20
179811725,2.166469137061533e-05,0.00022209633175566398,0.33378938461857594,20
49191203,2.156264010594877e-05,0.0004424323329728743,0.414893330938022,20
85837960,2.142808465398216e-05,0.00042724304398593393,0.4124603083757709,20
38481736,2.1402165219011614e-05,0.0002528368778692916,0.3546064962273241,20
63862634,2.1363820058264982e-05,0.0002504263259365215,0.3535263641753168,20
27637235,2.1201689975761105e-05,0.0003190407928199213,0.38477180396828614,20
85423279,2.1094445087277423e-05,0.00042985939378243883,0.41431585169379503,20
15078859,2.106433771235927e-05,0.0003120260540810709,0.3830016815974245,20
106895234,2.1011298980139202e-05,0.0003596311502343353,0.39834289175317317,20
242723236,2.0822351473470667e-05,0.00017820947592535227,0.3036694126117763,20
77498253,2.0793011174510823e-05,0.00024730099410264704,0.3555352671359582,20
175808334,2.0772958423831422e-05,0.00030291922477066217,0.3812109852157127,20
133259399,2.0744654416618436e-05,0.0004163106889163584,0.41301701002950925,20
16281046,2.0731916254634886e-05,0.0002549869202294465,0.3600816281927962,20
41041171,2.062180370377975e-05,0.00041286340775482206,0.4128137335658454,20
46552248,2.058501389613776e-05,0.0005513543430642863,0.43457938656779255,20
49,2.0505416150584656e-05,0.0003904970846892989,0.408423914793707,20
5619731,2.030138484062638e-05,0.0003259974975930815,0.3918181939921034,20
58083015,2.0294556972788592e-05,0.0005100927957218667,0.4303312368323184,20
46451783,2.01518354682656e-05,0.00041981878726426465,0.416156619142682,20
103134833,2.011209325628871e-05,0.0002927665839846842,0.38100857278031364,20
96545397,2.0096059092211683e-05,0.00024170337858450444,0.35706735623151187,20
121911011,2.0073325014216548e-05,0.0003165852677214767,0.3899074979817156,20
228711014,2.002403823760379e-05,0.00035642896433556317,0.4021617921489163,20
166670240,1.9962959911451473e-05,0.0002663054300112238,0.37055739791313297,20
149579457,1.9914811020751987e-05,0.00037121318243976947,0.4064805495996668,20
125944682,1.9813559632245183e-05,0.0004245435169358157,0.4184456971251109,20
151854967,1.9796510176170456e-05,0.00032797561690722674,0.39505948844913286,20
84603492,1.978045972850506e-05,0.0002602821403274825,0.3688430900567916,20
79490928,1.9763733633729186e-05,0.0001285840644370659,0.2500743829624682,20
123474531,1.9717031529592476e-05,0.000536183328175439,0.435555525257024,20
73502290,1.970142590424495e-05,0.0007380585458014351,0.45311481227751266,20
132193488,1.958256973066952e-05,0.00045496173590479504,0.4247001774667003,20
79299879,1.9442210703443653e-05,0.0006146143649753961,0.44449475715248304,20
108514361,1.9413802772430543e-05,0.0002601223985050299,0.37110418195974554,20
187030557,1.9353408677680316e-05,0.0001950816167096595,0.33114761853703845,20
140166713,1.933180091820419e-05,0.0004922517390817437,0.4312212402373105,20
14338286,1.9120615304130116e-05,0.00016090114523835533,0.3006348104712044,20
55258704,1.9053814685895953e-05,0.0004259750693797859,0.42178813113048885,20
186019583,1.9048875610372384e-05,0.0002897077178952485,0.38595317857927214,20
101,1.869253415837657e-05,0.00035073696972412054,0.40708352401180736,20
68711168,1.8607770839051962e-05,0.00024083066555730286,0.36674260101805023,20
19030990,1.8578227837492966e-05,0.00040172888222923234,0.41917653097309904,20
134590023,1.843126343614998e-05,7.605281499541803e-05,0.14600477502880366,20
7017977,1.8419054479565378e-05,0.00026720568612008904,0.38061412109094483,20
98110987,1.8301459751779436e-05,0.0003585797205420785,0.4109443495226157,20
121738203,1.8272771759686445e-05,0.00018115050688235246,0.32850923535708393,20
59663870,1.8247852859964996e-05,0.00020902759285998626,0.350287271765784,20
45064206,1.8220650077296896e-05,0.00046189535316339055,0.4309174066157614,20
232914197,1.8188649890829577e-05,0.0004962158587663007,0.43576075127492053,20
85925978,1.8105792882189277e-05,0.001029797798213888,0.4690751161235332,20
95282331,1.8043361990718877e-05,0.00035947879234576554,0.41239377516444375,20
91079310,1.8023748116988148e-05,0.0002619273954156183,0.38081535282086465,20
152055235,1.7802813458012155e-05,0.00019106914934575024,0.3407874769137019,20
96186988,1.778281734212961e-05,0.00043057124064593486,0.4277101736874604,20
25120924,1.7624760860446288e-05,0.00032859811238332355,0.4065005174348038,20
37845536,1.703855294037937e-05,0.00032531063816556026,0.4086545187433837,20
222103910,1.6993314153565532e-05,0.00019272357416874394,0.34886475872468387,20
21430876,1.692752491239402e-05,0.00022960073967342632,0.3726123134790301,20
41698698,1.691500513836819e-05,0.00025954911046005444,0.3869317225082697,20
50758040,1.6892005399007925e-05,0.000217759738087346,0.36623531219521754,20
86493701,1.6855042399804842e-05,0.0005589969444822859,0.44707626891415364,20
97910820,1.66234837131074e-05,0.0003530830863223725,0.4177390943272681,20
103355145,1.6470819598879416e-05,0.00035645393507570064,0.4192423995717389,20
48234475,1.6403958898308923e-05,0.0005436508723961963,0.4470389410125932,20
64453699,1.6353765089890948e-05,0.0003363528159483854,0.41509207411654164,20
44305891,1.6321082819881204e-05,0.0002004864954707089,0.35991474628011577,20
91582159,1.6055897823413767e-05,0.0002833078520677342,0.40132165096170996,20
28068952,1.602249177269366e-05,0.0006287302904574703,0.4552296546883628,20
78078512,1.5929008018925052e-05,0.00017133673903903953,0.3411182453160304,20
119146265,1.5875847341498273e-05,0.0002976001869690712,0.4069960130279362,20
58463416,1.576086157082657e-05,0.0011574082293062077,0.47603793727175103,20
100835221,1.5749824477154227e-05,0.0004849559850379131,0.4430252619898828,20
89711694,1.5704254255693994e-05,0.00047492875466932796,0.44199851524996886,20
136629298,1.5606761624692434e-05,0.00040510593939699656,0.4325158821102562,20
14271633,1.5538979927057216e-05,0.0001925260604935518,0.36105921422093823,20
185028458,1.5520580032726826e-05,0.0001854367535021423,0.3561605989051869,20
62264760,1.5425290901308063e-05,0.0004999222812092379,0.4458503374437963,20
146336207,1.5319763326920864e-05,0.00038488862376032476,0.43030162799821864,20
26500016,1.5307854570215106e-05,0.00019549524322364458,0.36502731405925887,20
3866871,1.5251996785628496e-05,0.00046114039197508707,0.4419846391199501,20
115150776,1.5171789926707313e-05,0.00016549472556940198,0.3432014774931077,20
201052249,1.5123448380469085e-05,0.00014669450045037358,0.3249968946285271,20
116103672,1.5097875723660281e-05,0.0002080898801448593,0.3745621776909452,20
34569215,1.5051911369851067e-05,0.000517062778732024,0.44889396111965263,20
105039540,1.5005992304140126e-05,0.0001422539579929475,0.32123747050367985,20
81091205,1.4840566654450437e-05,0.0004634429296808142,0.443816645496182,20
40860553,1.4798033434448853e-05,0.0003976511154791671,0.43479065891365587,20
73838950,1.4719789952838402e-05,0.00040224072071927956,0.4358653246419129,20
184628013,1.4655739598568029e-05,0.0003408247299673178,0.42477171160483534,20
61900579,1.4548330347535776e-05,0.0003823147856635601,0.4333340250585114,20
93336933,1.4321870167202654e-05,0.0006751353611589881,0.4627061720499006,20
42456634,1.4309324510250465e-05,0.00020655950887136986,0.38004059239393406,20
90208883,1.4149834716120635e-05,0.00033730641459097776,0.4265880840538383,20
28210824,1.3656241135862057e-05,0.00020461989938883951,0.3842926832176393,20
31841608,1.3535023603314378e-05,0.00016216154600539044,0.35653883329029745,20
66864745,1.342419372973025e-05,0.0005836481495420243,0.45957547021048584,20
1801065,1.3203240901576985e-05,0.0004136867063453975,0.44400196932918384,20
78019053,1.3106140052179804e-05,0.00027681700463960863,0.41728342017705977,20
110342627,1.3093232458707971e-05,0.00032979086491416405,0.43047737875230313,20
6667555,1.3044642238349557e-05,0.00016959265221802003,0.3673174232334044,20
19154566,1.2934656921545495e-05,0.0004069368755226669,0.44422953372359075,20
58562150,1.291672120518339e-05,0.0008185567825313863,0.47223884786756654,20
140595561,1.2810821532874272e-05,0.00026565873195806886,0.4157758384774052,20
3668644,1.2734826206306504e-05,0.00023632834665639148,0.40607359548458105,20
22483991,1.2675023218380877e-05,7.047037003313221e-05,0.21556605489845926,20
77077751,1.2651922658010738e-05,0.00044324118263737336,0.4498824445343091,20
18426870,1.2625527209250698e-05,0.00019001500548417795,0.38478791546873437,20
137592046,1.2577180563497214e-05,0.0004985651298968846,0.45567936313489604,20
113739357,1.2477116088555062e-05,0.0001594422716452695,0.36510689278316544,20
4664349,1.2467168209812084e-05,0.00035231393788304996,0.4379635089792901,20
71178842,1.2302569261651852e-05,0.0003090740001335596,0.43029903070674447,20
75017703,1.2216868660347435e-05,0.00016423449983811128,0.3715138197720899,20
36478027,1.2056247970657074e-05,0.0003924390148571735,0.44608403070036534,20
25808060,1.1955084922196657e-05,0.0003656990261022339,0.4426522205415097,20
3002153,1.1928465719054926e-05,0.0009588673277959094,0.4781070848012741,20
88098241,1.1785510004597154e-05,0.00043360984361046274,0.45226485688546625,20
5265914,1.1770542990902078e-05,0.00030486117829752824,0.4323696094598696,20
71076543,1.1712868058416647e-05,0.0002037915921701506,0.39995740007393027,20
99704552,1.1400348963783169e-05,0.00031495575505686594,0.43655610399517075,20
76901689,1.120533207782659e-05,0.0004815832027986152,0.4591076117961069,20
64006012,1.1034762720818491e-05,0.00018695567443834872,0.3973259754329443,20
56059739,1.0904180784945817e-05,0.00036287292007821124,0.4472554106111465,20
12239399,1.0787536564127453e-05,0.00017929987278691585,0.3953898673706351,20
47462236,1.0783417221849056e-05,0.0016313054561327856,0.488362281945258,20
72740139,1.0710184964260461e-05,0.0003394167826088631,0.44463156336074994,20
56455737,1.0364557857095446e-05,9.972699681516879e-05,0.3236834660839297,20
25864514,1.0225654886830692e-05,0.0002747309025790622,0.43477849146721814,20
18817107,1.0166054974572458e-05,0.00039130970229282074,0.4543629225333874,20
8069685,1.0147305407259832e-05,0.00035544592394663813,0.4498754711929282,20
2863653,1.0142700301410401e-05,0.00025042889970744854,0.42909288232980336,20
6470057,1.0134016417551183e-05,0.00013924215276153552,0.3741870016241232,20
45807376,9.930906434477137e-06,0.0003680384594349474,0.4526084561573626,20
46466083,9.917934506867287e-06,0.00031118121623890753,0.4440788736521278,20
107296355,9.811459387201737e-06,0.00044672509289862795,0.46139246279611484,20
5470410,9.788458587453586e-06,0.0002587637301952432,0.4337251085807815,20
35570603,9.698476057989901e-06,0.0002670477176729263,0.4363464549798811,20
141066408,9.535502627211478e-06,0.00019683029778867154,0.41539365285593216,20
23639667,9.39467977430497e-06,0.0002418477524603255,0.43196071429109306,20
39837755,9.381734272606578e-06,0.0002420216937041008,0.4321018048887716,20
225084316,9.116757614988091e-06,0.00039655536254975263,0.459594061084877,20
38343489,9.104578226346027e-06,0.0003218783265983491,0.4503334650053129,20
94445699,9.085070694500596e-06,0.00010098900770536005,0.3459701858917863,20
5468902,8.859160394611432e-06,0.0005019285142792344,0.4689551533548738,20
91041588,8.794334587158836e-06,0.0011640360373956853,0.48669965578182767,20
50157622,8.784299863306977e-06,0.00016868670222556552,0.4091705908336343,20
101332838,8.718669846702332e-06,0.00015720441319753937,0.40338683571039435,20
32474613,8.687454504141546e-06,0.00030818552045777924,0.4505023728011917,20
82351846,8.597169772836532e-06,0.0003675997104471179,0.45889819180364505,20
149453450,8.56247311549485e-06,0.00031740220294448825,0.45262000647468126,20
232313864,8.506710803948825e-06,0.0006980575407609905,0.47855344711155856,20
75,8.501092259552424e-06,0.0003263405176689125,0.4542401949080446,20
90609164,8.14245931935742e-06,0.0002331526086217267,0.43876863104146246,20
23285018,7.836440821326618e-06,0.00024758941303260886,0.4444638014752193,20
55612002,7.791270693971453e-06,0.00036429886516386523,0.4624017784453781,20
26642650,7.714787081772312e-06,0.00022462593464305007,0.4397740742150283,20
13822305,7.71085748898781e-06,0.00023124550244647439,0.4415140461613869,20
27629882,7.692006483092651e-06,0.0001682739198646014,0.4200969347914266,20
38844914,7.650113549109717e-06,0.00021719329648230685,0.4382483939415605,20
183615047,7.645138119855011e-06,0.0008575465290401621,0.4843064990853802,20
69288061,7.594586785766854e-06,0.0004580369876555846,0.4708325706535953,20
38543495,7.541448473341594e-06,0.0002872193627534992,0.45387832955644425,20
14879296,7.507940866346985e-06,0.0003234571248945892,0.45920591796090343,20
121110521,7.452666995219626e-06,0.0002977113873335675,0.45601793067187274,20
169799490,7.408166485059486e-06,0.0003057723561526414,0.4574271974289313,20
5204196,7.311124099557142e-06,0.0002398793604542761,0.4465076984840447,20
84716629,6.742498927125862e-06,0.0012170632971429099,0.4902461910146596,20
155772027,6.739513895503979e-06,0.00014961469455174357,0.42124351754753747,20
156197509,6.738509636614043e-06,0.00031956561026760756,0.46292850779835626,20
25640406,6.6664559164653084e-06,0.00016088413204277954,0.4274752227246393,20
46065432,6.654607776418464e-06,0.00030989028467643596,0.46224924397782396,20
167594951,6.653506819379041e-06,0.00036778828834259565,0.4681823883370009,20
83670415,6.587936475616063e-06,0.0004524567828336812,0.47438097197069107,20
88699174,6.4805825619157485e-06,0.0002090944699019042,0.44560945567691523,20
73140219,6.384208438672823e-06,0.0006107177852691998,0.4816001919961084,20
22628385,6.277849781669009e-06,0.0002073309587776372,0.4468546664009828,20
91301840,6.2741370305680055e-06,0.0003680519784563179,0.47001420729168086,20
28493371,6.264798545735362e-06,0.0016926502729834659,0.4934832315152202,20
110405675,6.211029820502034e-06,0.000385143988014733,0.4716301092145897,20
45952352,6.137038350928492e-06,0.00023197563047880478,0.45353087237950107,20
82421616,6.1045548186644535e-06,0.0003102827853164329,0.46540445600334474,20
92724547,6.079198592401358e-06,0.0004643007211838946,0.47695911769256605,20
26429117,6.037205858192007e-06,0.00013872973303548372,0.42387921509960497,20
120060051,5.994903927422634e-06,0.00014564337255974438,0.4279505787297903,20
83369505,5.9123629047835856e-06,0.0002619246136636315,0.4603245097925855,20
130986010,5.8481074949406905e-06,0.00033462104325952444,0.4692595518591316,20
10270938,5.794992231297757e-06,0.00012781225419970446,0.4207367034715332,20
96,5.778355796895452e-06,0.000603450948174531,0.48314472285095067,20
138765060,5.768085535901024e-06,0.0003058099498346031,0.4668295335432676,20
121412890,5.724752610428152e-06,0.0004065211235455263,0.4752209411496521,20
8066598,5.708139761506637e-06,0.00019956263394515125,0.44977919256287424,20
95308495,5.637010027792489e-06,0.0002917716240378454,0.4660256917447967,20
99434172,5.624706168885774e-06,0.00047788188330234694,0.4792851634343134,20
175007741,5.581254765160693e-06,0.000211898655458633,0.45373409910549856,20
85,5.112865872108907e-06,0.0003290124614131358,0.47266006353013035,20
31967447,4.929618430288274e-06,0.0004511389695081672,0.48076756188243586,20
196242764,4.827913370011871e-06,0.0002544894660382303,0.46663778609387024,20
25834523,4.8139411417735815e-06,0.00018360545639731232,0.45394442768589327,20
118906511,4.672768050098531e-06,0.00023886644981302704,0.4656007005520859,20
53246206,4.655166620828876e-06,0.00016309785299562486,0.4498858221182238,20
33075184,4.560712571397008e-06,0.00046938965017692187,0.48289714359231983,20
128558502,4.526630039830559e-06,0.00023354546030123898,0.46591645405131016,20
71390290,4.496664382244719e-06,6.574611256885168e-05,0.38151525367640204,20
82869189,4.148813618112812e-06,0.00020734381145927764,0.46481670956402765,20
115168579,4.140123364138049e-06,0.0005846151760036762,0.48753248003189076,20
77878913,4.047904250034651e-06,0.0003464686107882584,0.47943770085587917,20
103892413,3.937080819119143e-06,0.0002554778327124919,0.4728873072664652,20
6869794,3.853634558137475e-06,0.00048651421751781757,0.4860558294122118,20
72230792,3.715748602456381e-06,0.00012893136300790853,0.4494015523730115,20
100126896,3.6645758376668834e-06,0.00030370082198636326,0.47876417069053756,20
72691405,3.5771156050190546e-06,0.00035574303800448834,0.4823007114307844,20
205240913,3.562930432221556e-06,0.00021633458109440295,0.47102779527369726,20
87474040,3.5547521560624906e-06,0.0002306619288654807,0.4728865406406447,20
71288995,3.4681753038251494e-06,0.0002057542420615639,0.4703494474622536,20
18880785,3.2788616071449674e-06,0.0003088506490403402,0.4813140085064387,20
58415256,3.2460343748347276e-06,0.00017366460404955264,0.4671282341880024,20
154376671,3.241179173968378e-06,0.0003335316273200287,0.4828945135522134,20
138366077,3.1829425797130773e-06,0.0001968557273344138,0.4715556615661275,20
185618884,3.1363484314067545e-06,0.00028839446227499826,0.48085874135356155,20
79680399,2.994612054074697e-06,0.00015162831278094175,0.46527201524519735,20
28163086,2.9806569297380347e-06,0.0003575603109051341,0.48532527071639164,20
190636014,2.8907255613858095e-06,0.0004831980039543587,0.4894672812363514,20
59,2.6534214749018847e-06,0.0004079713281369799,0.48854947408996485,20
56655739,2.64139550791298e-06,0.0005735839836979156,0.4918919317324908,20
74593134,2.528712939026123e-06,0.0002233755157700881,0.48007574858352475,20
32332162,2.4383169615921353e-06,0.00034435932952051713,0.48753434209447033,20
20755388,2.3013728233933772e-06,0.00021535526067317017,0.4811907793963203,20
21022038,2.2611914971104595e-06,0.0005774371093769689,0.49310518562128536,20
46287772,2.1917507463803387e-06,0.00024187365102061663,0.4840488944979279,20
142370884,2.142421485556989e-06,0.00043130227456960457,0.4912542137175038,20
28693399,2.129144741608302e-06,0.0003323926010374589,0.48872271357982744,20
169109440,2.1166417462414876e-06,0.0002740053400705004,0.4864008833165987,20
45048066,2.0895812373716847e-06,0.00032677335531145835,0.48874193872650046,20
85272044,2.0471056532439526e-06,0.0006083329466640667,0.49407490993659553,20
171598212,1.940053011242893e-06,0.00023897354796014107,0.4857085386789089,20
36239095,1.8486542266327177e-06,0.000294646010603143,0.48895391367339125,20
59687865,1.84640237901601e-06,0.00023502517623569645,0.48616971227914646,20
49915506,1.7381009140643445e-06,0.0003977016426137848,0.4923051210751426,20
118945824,1.6187107595821982e-06,0.00021050382144752164,0.4864626872168092,20
199651195,1.6127240749563842e-06,0.0004045801244962541,0.49298149513698847,20
56354823,1.551991929615859e-06,0.00022995760088133133,0.48811810864590977,20
63059865,1.5170904619304927e-06,0.0005027096894419065,0.4946863415424067,20
22295146,1.4482614567767893e-06,0.00019289105903352725,0.48678210576395375,20
31538982,1.439780952766645e-06,0.0003175578873455427,0.4920171955928748,20
12672956,1.4168391905211576e-06,0.00023058649247525601,0.48918211248313237,20
64653869,1.3811153587978132e-06,0.00043249546962818223,0.49437728403772496,20
119723015,1.1744491850873561e-06,8.434547344335145e-05,0.475498628749636,20
112736642,1.1002309975777224e-06,0.00033324482404338025,0.49418677482316276,20
34898549,9.636654493966335e-07,0.00020323827554677423,0.4916516659040374,20
67665171,9.416203581857907e-07,0.00016323668144622907,0.48984404724527836,20
15825278,6.800361594783145e-07,0.0003259482156499966,0.49632641530249744,20
55077315,6.789354237618506e-07,0.00017408481736893403,0.49313314799811486,20
48653361,6.136743490509078e-07,0.00012615140460337507,0.49143508389563917,20
89206964,6.001261513788325e-07,0.00018662994029236893,0.49433814463513226,20
45859977,4.98744784338534e-07,0.00014298710783571542,0.49385847480308087,20
92057677,3.3049923980621453e-07,0.0003691882603432102,0.4984237153253587,20
3262308,2.239526501718325e-07,0.0001696774539405379,0.49767596478335563,20
165068288,6.689163684070465e-09,0.00045434355025512565,0.4999740760755118,20
186421024,-1.5332196001693888e-08,0.00021177581874847831,0.5001274797717381,20
23758109,-1.736145904818187e-08,8.81686548575867e-09,0.9999999804323311,20
12010699,-3.2890865503398814e-08,2.493021394857106e-08,0.9999944471606572,20
99149535,-3.2890865503398814e-08,2.493021394857106e-08,0.9999944471606572,20
219473863,-3.2890865503398814e-08,2.493021394857106e-08,0.9999944471606572,20
100853042,-3.2890865503398814e-08,2.493021394857106e-08,0.9999944471606572,20
134361432,-3.2890865503398814e-08,2.493021394857106e-08,0.9999944471606572,20
52477480,-3.2890865503398814e-08,2.493021394857106e-08,0.9999944471606572,20
20891536,-3.2890865503398814e-08,2.493021394857106e-08,0.9999944471606572,20
195427028,-3.2890865503398814e-08,2.493021394857106e-08,0.9999944471606572,20
83448170,-3.2890865503398814e-08,2.493021394857106e-08,0.9999944471606572,20
21204656,-3.2890865503398814e-08,2.493021394857106e-08,0.9999944471606572,20
82315309,-3.2890865503398814e-08,2.493021394857106e-08,0.9999944471606572,20
187819587,-3.2890865503398814e-08,2.493021394857106e-08,0.9999944471606572,20
39536834,-3.2890865503398814e-08,2.493021394857106e-08,0.9999944471606572,20
29,-3.2890865503398814e-08,2.493021394857106e-08,0.9999944471606572,20
188420715,-3.2890865503398814e-08,2.493021394857106e-08,0.9999944471606572,20
26267753,-3.2890865503398814e-08,2.493021394857106e-08,0.9999944471606572,20
180023960,-3.2890865503398814e-08,2.493021394857106e-08,0.9999944471606572,20
109541435,-3.2890865503398814e-08,2.493021394857106e-08,0.9999944471606572,20
100113209,-3.2890865503398814e-08,2.493021394857106e-08,0.9999944471606572,20
84491522,-3.2890865503398814e-08,2.493021394857106e-08,0.9999944471606572,20
161789639,-3.2890865503398814e-08,2.493021394857106e-08,0.9999944471606572,20
88941450,-3.2890865503398814e-08,2.493021394857106e-08,0.9999944471606572,20
18280597,-3.2890865503398814e-08,2.493021394857106e-08,0.9999944471606572,20
83107312,-3.2890865503398814e-08,2.493021394857106e-08,0.9999944471606572,20
31492766,-3.2890865503398814e-08,2.493021394857106e-08,0.9999944471606572,20
21002004,-3.2890865503398814e-08,2.493021394857106e-08,0.9999944471606572,20
17224988,-3.2890865503398814e-08,2.493021394857106e-08,0.9999944471606572,20
133761167,-1.25423731103802e-07,0.0007629544446934164,0.5002894638669394,20
15241653,-1.5934484307589258e-07,0.0002896020049686997,0.5009688337946723,20
20291078,-3.879638151405018e-07,0.0002603994465557568,0.502623379220067,20
5464310,-3.933596632171854e-07,0.00028180030233652844,0.5024578687714771,20
120375512,-4.08176108504521e-07,0.00016094708204235906,0.5044654781097478,20
48546793,-5.325051589316621e-07,0.0003217497279431583,0.5029141691032264,20
50049559,-5.557515417614622e-07,0.0003174449271700337,0.5030826264923632,20
80799248,-5.70805472474567e-07,0.0003709307964993981,0.5027095983530995,20
125863700,-6.164600421743049e-07,0.00025014246403092135,0.5043393186742114,20
233891869,-6.522137477982249e-07,0.00019909009071802513,0.505768159261997,20
33969129,-6.60445919506425e-07,0.0001497888139860187,0.5077632138115976,20
76785121,-6.983880733058001e-07,0.0019467140367265762,0.5006316954514347,20
165392115,-7.177911105743507e-07,0.00018086429255738626,0.5069877045365094,20
14022749,-7.714477649967133e-07,0.00035312943530727264,0.503846614150207,20
20679909,-1.193758318512872e-06,3.7184819807482975e-05,0.5563243631486015,20
44506430,-1.1976963406656881e-06,0.0002667821703910277,0.5079044653790961,20
100126658,-1.3157274925124085e-06,0.000293671474514927,0.5078883630669766,20
166593683,-1.362256455705868e-06,0.00032499103373752304,0.5073802999752516,20
178609356,-1.464010035392982e-06,0.0008121111310653877,0.5031742193190769,20
135028674,-1.4730320452627232e-06,0.0004156683823279287,0.5062396374964068,20
61700455,-1.6250106490728333e-06,0.00027449632790467227,0.5104226838135745,20
95306804,-1.650843956635395e-06,0.00039977804615371376,0.5072706692986781,20
146779043,-1.737925626862924e-06,0.00020932117859727927,0.5146159239749052,20
87438598,-1.7405795398522938e-06,0.0003857582207017844,0.5079443972713507,20
55895026,-1.7620342098484398e-06,0.0002540877879663748,0.5122087319660962,20
18682945,-2.0975351691071563e-06,0.00017184100218567425,0.5214817057615072,20
5465954,-2.20385007319579e-06,0.0002131572256015744,0.518198366875359,20
96637989,-2.2769991829513224e-06,0.00046222214919836393,0.5086733812364982,20
68094969,-2.476345580892936e-06,0.0009660135220231552,0.5045136858014102,20
5614574,-2.5000403707842177e-06,0.0001675249956873996,0.52625677953848,20
69734360,-2.5614856294514654e-06,0.00021776395765239005,0.5207018151312811,20
32875190,-2.625538395156779e-06,0.00045887766873381106,0.5100736036387866,20
3262710,-2.724510804702485e-06,0.0005221010926403046,0.5091876772447183,20
129991255,-2.7694414925588663e-06,0.00038169786889038007,0.5127733713572831,20
67865802,-3.127997927987458e-06,0.00022799603053540792,0.5241415822302307,20
5014377,-3.216243830109211e-06,0.0005212183403829789,0.5108638697534541,20
102328197,-3.253857078555633e-06,0.0003069187980327154,0.5186602318924556,20
11019735,-3.2773218536008563e-06,0.00042877288140141155,0.5134560024639744,20
77908985,-3.4900788160679986e-06,0.0003107926762680499,0.5197644907958566,20
75394429,-3.5076326742544684e-06,0.00018218263002566746,0.533857580113063,20
47529641,-3.5729187955579887e-06,0.00037780923156341054,0.5166466792163403,20
154858565,-3.761232172139195e-06,0.0001961658262483089,0.533717877120422,20
190024474,-3.7689488036563024e-06,0.0005876529558963557,0.5112914555282336,20
37702219,-3.78309222850981e-06,0.0002694849285429019,0.5247016256233155,20
55658836,-3.8562911840261945e-06,0.00033640539069487474,0.520175298515176,20
32567801,-3.884985492591531e-06,8.947614254168356e-05,0.5759507276614084,20
119469919,-3.917150823984361e-06,0.0005552249260798427,0.5124204917220245,20
30472748,-3.927130184452899e-06,0.0004415670248691009,0.5156556622175859,20
66277140,-3.942781199611778e-06,0.00026853381429804685,0.5258338183495096,20
188019647,-4.013294031510184e-06,0.0001898277555720055,0.5371684083735315,20
113718614,-4.159715987880896e-06,0.00035688624316426227,0.5205135202612103,20
120348676,-4.1841959745769765e-06,0.00022903061077987784,0.5321309428597193,20
91181540,-4.384658519976381e-06,0.0002832913554878837,0.5272302013444712,20
13840788,-4.534309794582137e-06,0.000270279885674015,0.5295108747729298,20
78503270,-4.599434523161472e-06,0.00022768927971388077,0.5355184305793314,20
100327000,-4.642571821800168e-06,9.58155640310534e-05,0.5846199405589576,20
35643920,-4.643432135484349e-06,0.00036233150453869703,0.5225525731407591,20
75818057,-4.681843684969933e-06,0.00018483978230323812,0.544499812707853,20
68495027,-4.6959974499216625e-06,0.0001393320461283985,0.5591102125082156,20
56212930,-4.870801038911466e-06,0.0006692286795198379,0.5128132241438143,20
18082483,-5.031697642049471e-06,0.0002575513717018672,0.5343544278907391,20
19078101,-5.149702692558434e-06,0.001034113757040211,0.5087677739745361,20
88756975,-5.312010726968297e-06,0.00039077319183168364,0.5239202645668823,20
412299,-5.500509465528047e-06,0.0002119632338432606,0.5455859150829052,20
67065432,-5.511649684761255e-06,0.00033317380569880447,0.5291009536446575,20
80715054,-5.683600094402719e-06,0.00016957964638837744,0.5587833910290019,20
27229794,-5.705462947516726e-06,0.0002902285744618479,0.534568099607116,20
65871131,-5.819857229297232e-06,0.00036355789947878017,0.528161884503967,20
5464325,-5.8214261246331e-06,0.00037349295250228875,0.5274214381603926,20
156182956,-5.885852135623093e-06,0.0003382648574688701,0.5306058632867381,20
54664458,-6.045173756871747e-06,0.0004960571395843594,0.521446880345613,20
101922599,-6.160661660556399e-06,0.0008288613354811287,0.5130850260919623,20
149971967,-6.358650394230891e-06,0.0004182767039877072,0.5267462279041989,20
86824720,-6.385467437261538e-06,0.0002909067472017703,0.5385850080632468,20
56540618,-6.469887175875045e-06,0.0002831658732867051,0.5401582039857755,20
23686279,-6.517572450467912e-06,0.00013897663327680525,0.5819442711982725,20
3412528,-6.62248876235616e-06,0.0003124063765450117,0.5372675115926177,20
112211032,-6.914795800222473e-06,0.00012012098680935941,0.6001965480430511,20
66054778,-7.0035342381535856e-06,0.001756935178684768,0.5070186016866514,20
104403222,-7.047706387378061e-06,0.0004661858676570567,0.5265982985995871,20
71268455,-7.174923731054217e-06,0.00025821393989484834,0.5487950643782824,20
149574596,-7.232537195631106e-06,0.00022804235802111633,0.555649116919005,20
49757292,-7.268925383738245e-06,0.00031832680842529287,0.5401343678982039,20
5014301,-7.324272554196099e-06,8.051470542202827e-05,0.6556574385717779,20
149980084,-7.334034436318193e-06,0.0005442848159848908,0.5237111941984939,20
51358164,-7.357482546929694e-06,0.00022986972120342313,0.5561568056750628,20
101552423,-7.361051073156988e-06,0.0002923315754143372,0.544239707516508,20
117656555,-7.385129469075769e-06,0.00029703375249145824,0.5436842233356705,20
176216868,-7.3948482548102936e-06,0.0005189878505104712,0.5250712565861162,20
174004124,-7.413552172999549e-06,0.00023071756943568583,0.5563752384416937,20
10671078,-7.568689030260089e-06,0.0002360950338851047,0.5562449856183143,20
111945784,-7.573046074790812e-06,0.0002524351703514896,0.5526580406191834,20
122339338,-7.607422354100057e-06,0.00018569045400684787,0.5717151629921603,20
150140691,-7.642542404687202e-06,0.0003710052218167462,0.5362180421240766,20
70352685,-7.73050331955849e-06,0.00026669331201187855,0.5508897631635129,20
147250732,-7.901587466396798e-06,0.00022521072478086967,0.5615129739123316,20
148181266,-7.91583720536615e-06,0.0003322406660874739,0.5418690568597291,20
140442938,-7.989493751398014e-06,0.00044918321080305326,0.5312843551371351,20
38920179,-8.011717778602656e-06,0.0002516813296079512,0.5558529960062686,20
9872225,-8.027548856151533e-06,0.00021649718398044363,0.5649761327647511,20
44,-8.099901888514171e-06,0.00034469000797647634,0.5412974921286232,20
103928123,-8.134265676748576e-06,0.0003474374859399016,0.5411453248651251,20
172078262,-8.269160428525656e-06,0.00023370693642745863,0.5620296694739847,20
137462651,-8.318078311250755e-06,0.0003942332482896606,0.5370941290137923,20
4066398,-8.770360017357203e-06,0.00023986358277462117,0.564081669081008,20
126877035,-9.080149606457977e-06,0.00012557287580764378,0.6250298920050672,20
51851725,-9.081363976035096e-06,0.00014902925374436093,0.6059181349441826,20
66694847,-9.224240694383212e-06,0.0003636920808334952,0.5445585362733463,20
54352772,-9.442882141699748e-06,0.00034403658520438423,0.5482021849895873,20
64772489,-9.473099009926767e-06,0.00040120837595449454,0.5414941288774291,20
106758406,-9.513000437877394e-06,0.0003879559055437637,0.5430856993866211,20
8470537,-9.53134864045968e-06,0.00025149859435932116,0.5663970563752597,20
5866892,-9.564067146156096e-06,0.00026937347918174376,0.5622421067060871,20
81516016,-9.639388417614914e-06,0.0006732008889604072,0.5251945017735011,20
184817655,-9.670736852321337e-06,0.00031888081048878883,0.5532286140413729,20
141844088,-9.777944518180038e-06,0.00023775400177450514,0.5719884992791671,20
38739912,-9.822512901480617e-06,0.00026999807056187283,0.5637621595761952,20
78196411,-9.872092401885801e-06,0.0003811260076936234,0.5455022316138083,20
35257084,-9.921755149017164e-06,0.00020811973996500837,0.5832796162082208,20
60672313,-1.0112379802329485e-05,0.00034549514866040926,0.551383203327492,20
117922201,-1.0147007329791569e-05,0.0002641307306053666,0.5672959750785779,20
24287468,-1.0235012603235227e-05,0.00018936208552809732,0.5942061320130356,20
50444456,-1.0240699597441339e-05,0.0002260609733346586,0.5791956242550789,20
39646827,-1.0563202298835561e-05,0.0001292183956155966,0.6406427429534586,20
69534261,-1.066502821165105e-05,0.00025342464232589097,0.5736437485790666,20
861105,-1.0686168932674822e-05,0.0006446820216153654,0.5291589093898136,20
119421209,-1.074903937412497e-05,0.0005679928701021104,0.5332808682988552,20
123179715,-1.079125833219896e-05,9.498684045041571e-05,0.6913739751033503,20
76876496,-1.105781131674477e-05,0.00015142789354907906,0.6262190020735909,20
48130975,-1.1064688800607735e-05,0.00031826654927277217,0.5609569949759196,20
24045820,-1.1151395877045945e-05,0.0005141915849612084,0.5381242599912796,20
171201192,-1.119156359667417e-05,0.00020740652058039358,0.5940517564840979,20
118949470,-1.1266792347738863e-05,0.00023131458342125853,0.5850569983425464,20
149990652,-1.1451803782755455e-05,0.00027384830219233803,0.5731847030327744,20
113543445,-1.1676459635820424e-05,0.00023566956116005054,0.5864959950558021,20
36738907,-1.1779485522200872e-05,0.00022180799202350178,0.5925945589643201,20
71481565,-1.1862780010621354e-05,0.000142141745833841,0.6434465999712327,20
146736298,-1.1873333723594337e-05,0.0006730579708741389,0.5310284105074629,20
11071463,-1.1885259180036134e-05,0.0007654597662357662,0.527316959300344,20
57054020,-1.1900723926955292e-05,0.0011449926378187714,0.5182944513557448,20
34227663,-1.1942558190550234e-05,0.0004652139987648701,0.545097742328004,20
81400350,-1.2008909690544578e-05,0.00021333986020463975,0.5980263114914123,20
124983825,-1.2018267405980443e-05,0.000217222898647258,0.5963849935333775,20
94813889,-1.2452702299076135e-05,0.0003741053649135854,0.5583845261274705,20
118348884,-1.2681446102844051e-05,0.00021766965682699867,0.6013775876702893,20
64823406,-1.2687475791875458e-05,0.00013847846697380417,0.6567101599980786,20
140280877,-1.2716138343682459e-05,0.00030231945960086795,0.5736062390371734,20
58001530,-1.2958646377242422e-05,0.00034166734081264935,0.5664481382388276,20
198647108,-1.3039687978683156e-05,0.0002679402697293862,0.5849861310346203,20
175015282,-1.3040634061634027e-05,0.0001424147991894732,0.6566253401539194,20
90,-1.3041357579807177e-05,0.0003462398895139156,0.565993685247842,20
148251626,-1.308090611894519e-05,0.0005639536148808821,0.54076511345047,20
74703758,-1.3108746127549197e-05,0.00023210181065297912,0.5983471302016621,20
115416503,-1.3239626621674994e-05,0.0002299737130795172,0.6002049046569298,20
113463401,-1.3282643514572756e-05,0.00021419966567475389,0.6077352729376411,20
124754548,-1.3287326815403233e-05,0.00016832814271783617,0.6360190997647903,20
68880077,-1.3307180037014366e-05,0.0003526343266282235,0.5661165263692849,20
57723828,-1.346345619198941e-05,0.00024089954565995053,0.5973418537842592,20
162666009,-1.3474909498600862e-05,0.00014743174061218915,0.65635056612577,20
73631613,-1.3656526838301542e-05,0.00028269460217613133,0.5843711699956522,20
208662192,-1.391003300539595e-05,0.00019145060289901106,0.6256067580203954,20
55158618,-1.4012286675743613e-05,0.00013694259681346077,0.6737850634916731,20
54276276,-1.4105633629507564e-05,0.00032474323784664565,0.5759801302430168,20
1260932,-1.4274130703967326e-05,0.00031028141821393997,0.580407009886764,20
14675207,-1.4316864120975104e-05,0.0002822830979136128,0.5885062174665538,20
90522149,-1.4360901377782898e-05,0.0003374671519805003,0.5744581936610264,20
21691797,-1.436280174278992e-05,0.00031798801970463295,0.5789666562517379,20
101746421,-1.4373934167438706e-05,0.00047382603548792054,0.5532439050762402,20
2411653,-1.4397967024151748e-05,0.0002803504352794976,0.5896008634118655,20
17253129,-1.455348645630905e-05,0.0003993347840280834,0.5638739630774889,20
55868583,-1.4607612817288396e-05,0.00023828904520579227,0.6065365835992186,20
79711059,-1.4696875529210397e-05,0.0004808598891054376,0.5536412088149448,20
37041933,-1.4956544578717535e-05,0.00015740802479750907,0.6621701208832909,20
82802203,-1.4978282858379988e-05,0.0003618378167845429,0.5724532493898742,20
36697270,-1.5329306777062123e-05,0.0005397993051503207,0.5498627560244511,20
81483550,-1.5331736247470307e-05,0.0003721403375145852,0.5721138924183784,20
48746923,-1.5351482218795008e-05,0.0002576609476801094,0.6036187948884819,20
35043204,-1.5380419263177902e-05,0.0003920499177234604,0.5687070055065897,20
34296022,-1.5471787648224656e-05,0.0001039525655699206,0.7431699171642052,20
77396033,-1.5509672436003764e-05,0.0004070781140504836,0.566746984950367,20
12472474,-1.558379099971252e-05,0.0004082346767086624,0.5668746450509959,20
52919096,-1.5636434237689677e-05,0.00042360837284197915,0.5646867086871865,20
76641426,-1.5670150498539592e-05,0.0030540688588920977,0.5090337386020264,20
130254679,-1.5828177769466877e-05,0.0003196564971994921,0.5864450514220474,20
73283537,-1.600402781845034e-05,0.0003440773381362688,0.5812834253804313,20
24406124,-1.651434154101572e-05,0.0004797737746923352,0.5603581967832566,20
201453052,-1.6538080540590137e-05,0.00033079111604295567,0.5872673822951767,20
17499589,-1.6575407844032773e-05,0.00016456131998317225,0.671259863850596,20
34169181,-1.6577049990185166e-05,0.00021645866931713253,0.6321288637874707,20
173814815,-1.6606478758768307e-05,0.0003133709426970273,0.5924002957660869,20
30495343,-1.667776943389543e-05,0.0006510680978785301,0.5450014031481643,20
58802047,-1.6861642965243506e-05,0.00041625184574576663,0.5709191541974954,20
132751699,-1.6915716267731917e-05,0.0004531738847331168,0.5654064665638843,20
138062876,-1.701605312780241e-05,7.376344869546928e-05,0.8424049868485708,20
21835071,-1.70426555269082e-05,0.00036044570854313593,0.5826070379725368,20
19513337,-1.7236781366361532e-05,0.0004646239485056166,0.565009314227135,20
60657101,-1.7291174943601107e-05,0.00021581130654739229,0.6379711687035854,20
93043976,-1.7375879979322773e-05,0.00018532555962475554,0.6601508333352928,20
200451440,-1.7700768487310947e-05,0.0005711849797277267,0.5543835589092166,20
18026735,-1.789183847144549e-05,0.000218147331215474,0.6410864195916623,20
95922114,-1.805834029972031e-05,0.00025103753194203503,0.624404712642824,20
144448111,-1.8098758672077664e-05,0.00014488889357564287,0.7085325419239208,20
216871444,-1.8164856836622166e-05,0.0003542170748794574,0.5894718499618155,20
74284687,-1.8382130709271306e-05,0.0004516302988737988,0.5712539272517241,20
76818625,-1.8386117525351352e-05,0.00041867938620905457,0.5768055769030584,20
26028885,-1.8536310788030975e-05,0.00038096892960532764,0.5849677596879203,20
29871342,-1.8576530891109556e-05,0.0003653938268360829,0.588714682204052,20
182615103,-1.8624835513855743e-05,0.0004012323708798759,0.5811219603180989,20
14874887,-1.8877764535824015e-05,0.00032291416718016277,0.6017183416475789,20
22035150,-1.8914885755830223e-05,0.00022008607478162144,0.6475062832488239,20
76488846,-1.9067984420942375e-05,0.0002211755775242019,0.647944294435226,20
86555229,-1.913692042336268e-05,0.0002877797015445131,0.6153022033843145,20
102352961,-1.9153842831834413e-05,0.00017189461390230436,0.6880112206369875,20
169309503,-1.9240435208894847e-05,0.0001863908873349454,0.6752101005036604,20
39,-1.9294662146937536e-05,0.0004579995096096397,0.5737206591623336,20
31447488,-1.9329169493176314e-05,0.00014661073185425608,0.718799612163014,20
43849406,-1.954418366182098e-05,9.152965549419416e-05,0.8241966119428217,20
28069396,-1.954631965424558e-05,0.0002831838576728631,0.6195388144043843,20
24830183,-1.9550277060675913e-05,0.0003369278416278751,0.6009783412239883,20
104718523,-1.9626394090652145e-05,0.00040294080273561703,0.585057381982276,20
55411917,-1.964381788845393e-05,0.0003272977517611827,0.6043616280943733,20
9018605,-1.966544652160229e-05,0.0002119387111302276,0.6585911550787755,20
10219479,-1.99136694078339e-05,0.00022855621921386905,0.6494352381834523,20
41746535,-1.991637707068339e-05,0.0005633341883884616,0.5619807608915941,20
67227276,-1.993303509464639e-05,0.00033854391502969146,0.6024283894457549,20
33272665,-1.9979336255857017e-05,0.0002540890139950714,0.6355145905521571,20
107959027,-1.9993262773132514e-05,0.00017408188927260022,0.6932817617783893,20
59262730,-2.0012271947725258e-05,0.0006447373499207382,0.5544704734193155,20
17474521,-2.0080762000745933e-05,0.0006880202922971239,0.5512384595850318,20
29645245,-2.00820472584351e-05,0.0002914427002953609,0.6193415290398105,20
11688891,-2.0220469053577882e-05,0.00022842347356775273,0.6516987313360132,20
106000815,-2.0423857874019012e-05,0.000326041008287204,0.6088026293297965,20
130748733,-2.0690181888205483e-05,0.00034979117257798257,0.6028890508284073,20
8399282,-2.0744173164982672e-05,0.00022210687198188252,0.6595702317485759,20
125984547,-2.0755062210914277e-05,0.0003576863399910699,0.6009796283403742,20
28692738,-2.0805125124878644e-05,0.00019805806614299926,0.6780698428247842,20
12272466,-2.085197404319561e-05,0.00019910910148427746,0.6775689005453183,20
201836853,-2.1102326847152742e-05,0.0003207480357653916,0.6141123255771981,20
37056518,-2.1184271200189177e-05,0.00016589862391840518,0.7126756760277729,20
82495011,-2.123898224715981e-05,0.0007173272927810844,0.5519751504970792,20
36734073,-2.140967140152883e-05,0.00022436080548041807,0.6628226463215738,20
113343517,-2.1488445271450328e-05,0.00027039187697465954,0.6369002066292819,20
61326783,-2.1626474098929148e-05,0.00026706605062585994,0.63937968847304,20
149974934,-2.164861729856693e-05,0.0006468102021246908,0.5587033421072501,20
105130940,-2.170851729798029e-05,0.0005142674087458264,0.5738664836929629,20
151982802,-2.17690913823676e-05,0.0001404321569383355,0.7517291593085749,20
28092421,-2.1869629775023157e-05,0.00026287902414764644,0.6430133396885347,20
125784521,-2.20852807957278e-05,0.0003347884369050171,0.614409924894164,20
22223555,-2.2102365255757815e-05,0.0006417484549709085,0.5603925482332133,20
62859361,-2.2181312534880205e-05,0.00018452170303995066,0.701450957740428,20
92443422,-2.220275423528151e-05,0.0005010174561483884,0.5774969787730506,20
24033707,-2.2232152206025368e-05,0.0003534177463137563,0.6092489150677042,20
52041601,-2.2261078728730287e-05,0.00013317905892454307,0.7680504249646036,20
221303317,-2.2365303418775406e-05,0.0002391626106625376,0.6597594995841503,20
84954203,-2.2371298514906045e-05,0.0002255591307117937,0.6688123500772742,20
72414705,-2.237480020328142e-05,0.0004778849523052537,0.5818127814460805,20
79769631,-2.240602126134805e-05,0.00025078842891711054,0.6530284838972371,20
149091694,-2.2530242389973144e-05,0.00026605520291342403,0.6454498033677436,20
2413809,-2.259593033839824e-05,0.00029249807410183906,0.6332352304331761,20
131626112,-2.2619989861011325e-05,0.000348737641169532,0.6125490842708815,20
64861657,-2.26380580464286e-05,0.0003111305165020767,0.6257810943535493,20
47152813,-2.270313478091035e-05,0.00016886570742798756,0.7226120274360386,20
14426472,-2.2818702919760735e-05,0.0002671462183778757,0.6466477401054684,20
53410085,-2.2848242913584005e-05,0.0002599255920786458,0.6506944333471458,20
3212494,-2.287372893832462e-05,0.0003225823698400452,0.6226912492203356,20
66349799,-2.28827314697172e-05,0.00031980534133610943,0.623766193101164,20
1817310,-2.295595819032381e-05,0.0004778062756769538,0.5839176557906893,20
32499100,-2.3026501897210894e-05,0.0003302773394654878,0.6207027169361815,20
120612285,-2.3204561019893322e-05,0.00016963051960476643,0.726027630966072,20
89830663,-2.3235956599759743e-05,0.0011423534954271924,0.5357637721336491,20
87311221,-2.3338015830007274e-05,0.00031655737033834487,0.6273852363265322,20
81968159,-2.3438094779962282e-05,0.00030621531230919406,0.6320597251661155,20
28643173,-2.3468780395383138e-05,0.0001522751098525044,0.7505010932535088,20
57457300,-2.3502768025096543e-05,0.0003029110419523193,0.6337943008168603,20
50935057,-2.3511446751034447e-05,0.0003323089326218784,0.6224299778661276,20
40538298,-2.3537899691089548e-05,0.000822854537134983,0.5502241727559114,20
76795839,-2.3542700786607918e-05,0.00027337496293224127,0.647792373598268,20
57601097,-2.3552491410380738e-05,0.00019332684451467974,0.7038951061829413,20
73874918,-2.3659964042779814e-05,0.0003620793820093231,0.6133611848640301,20
99349616,-2.3723824898247426e-05,0.0002872382995180988,0.6420304431177701,20
27289976,-2.375674383446602e-05,0.00014015078999426246,0.7711437462815325,20
225506780,-2.3792437677599975e-05,0.0002255236496401203,0.6787802273386409,20
32494665,-2.3808569000388635e-05,0.0003107926105023349,0.6321669253627362,20
226086022,-2.384962898937526e-05,0.0003026096018078929,0.6358147937449591,20
102926690,-2.392554780653311e-05,0.00023575184668657393,0.6724643744085603,20
109741975,-2.397631844993642e-05,0.00027025973950003316,0.6520133044846396,20
23482110,-2.4001756071026502e-05,0.00013034575626103782,0.7897783485040879,20
92134899,-2.4042830624057543e-05,0.0001951416359974721,0.7059720810571444,20
108759874,-2.4059723740249563e-05,0.0001226501776236498,0.8043532530509456,20
74275261,-2.405993183662303e-05,0.00014009873405363953,0.7740435096051894,20
52656285,-2.4065012223872807e-05,0.000246872262642201,0.6661042061392013,20
20432574,-2.414898857308889e-05,0.0003677798872347056,0.6138944957271951,20
43912667,-2.4201356514605422e-05,0.00012234135688927067,0.8063034316768447,20
96848234,-2.4338522583616794e-05,0.00038307815409862966,0.6103091318325884,20
34056713,-2.4410422102791317e-05,8.993712720790915e-05,0.8801535449824368,20
74741736,-2.4411748775809982e-05,0.0003283590252017023,0.628416311368662,20
149892448,-2.4457913991215997e-05,0.0005642167724017148,0.5758285082235401,20
31444895,-2.4521530019658287e-05,0.00028068126994284967,0.6498192810591488,20
77084891,-2.4524539446568738e-05,0.0002696633636005632,0.6556201153043946,20
41427756,-2.4544904473308703e-05,0.00020960822211868918,0.6967227581876205,20
12420990,-2.4597866360379082e-05,0.0007060558315139556,0.5610837977249469,20
13623535,-2.4614221375807156e-05,0.0004871597834018846,0.5881768963513586,20
65,-2.46444569219767e-05,0.0005809661545708417,0.5742246431851201,20
193825943,-2.4644820052002747e-05,0.00022228650334708334,0.6871474587108766,20
102128007,-2.4809663242436607e-05,0.00011265405348163359,0.8314733499807718,20
77107595,-2.4834376343507715e-05,0.0004452792068529952,0.5971447524839721,20
157899234,-2.486781367166402e-05,0.0004892752610356002,0.5886908015973523,20
105494612,-2.489499158480346e-05,0.0008660513625169031,0.5504689497595534,20
180611293,-2.5006695722806782e-05,0.00018561303363217249,0.7230201752228393,20
99992480,-2.5119687846544837e-05,0.0005948959517567197,0.573888669885289,20
5814566,-2.5182658349101604e-05,0.00047233330904945895,0.5929513727159671,20
43747390,-2.5183264107572766e-05,0.00042463723251829927,0.6031525471275382,20
38143400,-2.530457300331246e-05,0.0005721981984239148,0.577338477710108,20
78890598,-2.5505129356798162e-05,0.00042379838262114237,0.6046397102819288,20
15626724,-2.5519884629232603e-05,0.0003293500917612849,0.6336222305912905,20
71280810,-2.554895466902185e-05,0.00036760812929330995,0.6203376168189136,20
122125418,-2.5797565179677683e-05,0.00024689659682002393,0.67719353149191,20
3084866,-2.585903470435358e-05,0.00012150567046490454,0.8234166378091912,20
2612297,-2.5873161440992388e-05,0.00026212935082577576,0.668053122620994,20
25722066,-2.590140447999434e-05,0.00021496054374753977,0.701880784181824,20
56259050,-2.59170914648138e-05,0.00019396752473069845,0.7214012569106842,20
63088455,-2.5941110686542036e-05,0.00041358284705338014,0.6089393148701581,20
62456562,-2.5967522853667657e-05,0.0002818529500918371,0.6575335788795025,20
28527335,-2.602544558912845e-05,0.00025146900734588284,0.67563110270069,20
57523351,-2.60948528942595e-05,0.0004564888075471894,0.5995144910280904,20
59671432,-2.6096468216271763e-05,0.00029500398039450815,0.6516006919139017,20
107448396,-2.614390152559376e-05,0.0002855903029948936,0.6565856825778584,20
56413121,-2.627748205416003e-05,0.00020902965690342042,0.7097237004464879,20
51273692,-2.6278531328988163e-05,0.00017328684069536435,0.7470857402113986,20
89893065,-2.629823269047482e-05,0.0003122816476010857,0.6446828390908124,20
50070303,-2.6384515283767173e-05,8.360024989293462e-05,0.9128564985751648,20
201252335,-2.6470351168644825e-05,0.00023513771008086296,0.6897810309687717,20
175616066,-2.6490560956121677e-05,0.0005624136406632584,0.5822963797563128,20
201236141,-2.662815392920903e-05,0.00025894739244325393,0.6745893426791452,20
31096209,-2.7009714672474038e-05,0.00018210066025234296,0.7424533001202027,20
15885492,-2.7144253385966156e-05,0.0002034758153998476,0.7210901571491053,20
119522856,-2.7182504528777685e-05,0.0005810445500710687,0.5817468096137265,20
18644651,-2.7322135922663858e-05,0.00042380565825406944,0.6118852437567381,20
7818887,-2.7364548350863883e-05,0.0006019231372954631,0.5794734843791967,20
22463544,-2.741858270211839e-05,0.0004648637278466733,0.6026036810581088,20
117121715,-2.7449691235131858e-05,0.0004691163940405551,0.6018083328561392,20
123726133,-2.7510316761400478e-05,0.00031019058692055947,0.6519688730018676,20
16951941,-2.7524774075224356e-05,0.00043328566246276937,0.6102949652671115,20
125515263,-2.759975513021984e-05,0.00029173646921133094,0.6615089327072075,20
81951005,-2.7665610459279288e-05,0.0001724780567233092,0.7590526121368464,20
125155322,-2.7695726263260446e-05,0.00014849192795640713,0.7927091696238817,20
223505095,-2.7753314554232467e-05,0.0003730074319917701,0.6285151704564895,20
91702740,-2.7842600486552293e-05,0.0003523980302306728,0.6361376951746542,20
14231295,-2.7870910061644773e-05,0.00018923441327259614,0.7409937094844259,20
77278021,-2.7903271344373315e-05,0.000440014421028693,0.6101071901835486,20
111810753,-2.8121036412859236e-05,0.0005246116299759959,0.593443637657106,20
30872571,-2.8161986831445885e-05,0.00018597770831509664,0.746779406219128,20
103735338,-2.8179750537180025e-05,0.0001388233550448891,0.8123223763504048,20
16232330,-2.8193499800299725e-05,0.00026171477783436443,0.6822624829678605,20
14822650,-2.8357050466140676e-05,0.001841912253764519,0.5270859690698882,20
19020095,-2.8378460668249117e-05,0.00011982302270174974,0.8485976016784261,20
51649753,-2.843679721361847e-05,0.0007463388835473432,0.5667499882154221,20
30534004,-2.84939316644528e-05,0.000780283977738846,0.5640008233288327,20
114902628,-2.8507736023233866e-05,0.0003952143890881754,0.6247340551032723,20
70488854,-2.8688732050866083e-05,0.0002254666112764172,0.7120032288110643,20
38743506,-2.87541258339713e-05,0.0003291072302038578,0.6498286372382385,20
127757768,-2.879287197369851e-05,0.00023386817772653423,0.7058349314828882,20
44246354,-2.8938085270932557e-05,0.0002685100282146833,0.6823354267242043,20
150940867,-2.8953500642880937e-05,0.0002625424514684315,0.6862357629898577,20
149774878,-2.895960802676012e-05,0.0004760732002370618,0.6057375515237666,20
100551588,-2.8977628664891843e-05,0.0002730489147377368,0.6797629875065447,20
92843716,-2.906824344180159e-05,0.00016979772678122335,0.7733396407997071,20
93844295,-2.9100715266650036e-05,0.0003337858105274108,0.6495258049739812,20
22516639,-2.9120947917554708e-05,0.0001761240078751201,0.7656605201439624,20
66,-2.9140749748862714e-05,0.00016268669297885824,0.78349888329538,20
115568617,-2.9300634731421747e-05,0.0005372863474272768,0.5950332708542205,20
95508540,-2.946982815694721e-05,0.0001949348753538427,0.7464340497520732,20
36044279,-2.9521414692704195e-05,0.0007553032829419036,0.5684553272185764,20
17481948,-2.9532411866806107e-05,0.00022142409148952864,0.7210492518173672,20
10268017,-2.958005809480524e-05,0.0002704039228592618,0.6848558301647301,20
137429590,-2.9795375883134854e-05,0.0004401785314927917,0.6173021481757667,20
79548138,-2.9866154266372512e-05,0.00019252987829592572,0.7518796963427281,20
128790578,-2.9887218716428964e-05,0.00021612317759611962,0.7281863075660122,20
17826706,-3.0029031307635124e-05,0.000255303871495504,0.6975183537005318,20
57561260,-3.004123417549298e-05,0.00022198106273307687,0.7239047160591461,20
169875372,-3.0087641623297023e-05,0.00010182851864751533,0.8989695629910807,20
82292233,-3.0106139163998958e-05,0.0007181463582284366,0.5733644027401179,20
169398513,-3.013536555260543e-05,0.00010910529955035847,0.8840979202483398,20
34042693,-3.017879859752437e-05,0.00046185983418144886,0.6133564901281812,20
67675097,-3.0254380107760936e-05,0.00039639905505190886,0.6316983854771658,20
89379594,-3.038491342386429e-05,0.00025056067712605817,0.7030506076545319,20
74231770,-3.0514413062712743e-05,0.00010957578326742392,0.8859355074070456,20
35643639,-3.05337903266395e-05,0.00015033677199285754,0.8124520477410753,20
120109509,-3.060393550366747e-05,0.0002942983439585887,0.6764111718404459,20
83722598,-3.0623105919599936e-05,0.00014163951396213695,0.8271283766428199,20
61060726,-3.06295822132735e-05,0.000264563472195783,0.6946980539843488,20
124783806,-3.086562383866065e-05,0.00010041823193936692,0.9073744463619937,20
3864389,-3.0888714636725935e-05,5.2470669251718365e-05,0.9918007169203611,20
30690315,-3.089524665401688e-05,0.0002592069313735714,0.6999071526605227,20
23063840,-3.092041661862943e-05,0.0003006367919326481,0.6746168489512758,20
29668408,-3.1046622490099594e-05,0.0003852279421891262,0.6387464111334273,20
21422699,-3.1098381906821684e-05,0.00036387704866262176,0.6467251389270376,20
24897228,-3.1185044831222306e-05,0.0003348355563185153,0.6591493210177302,20
170275536,-3.1239233388449805e-05,5.639679593487744e-05,0.9885953580368324,20
226107787,-3.15708106292778e-05,0.0001566218178195212,0.8106863931221299,20
190836378,-3.160973653275056e-05,0.00033445367413957144,0.661358960569556,20
21661737,-3.163397362453413e-05,0.00018154074367466997,0.7772938631389107,20
9618822,-3.172984121685429e-05,0.0002347235025833129,0.7236824323879587,20
124342414,-3.17550379842324e-05,0.0002724811717493256,0.6958698245732828,20
155497657,-3.1839932734034626e-05,0.00015747722002131963,0.8113967435220746,20
89700424,-3.187737553413117e-05,0.0005764714501963694,0.59633471963582,20
124817389,-3.188104449923512e-05,0.00021173169858450204,0.7455934121734159,20
123274409,-3.198488931554222e-05,0.00016481259036708757,0.8018603499700094,20
179211155,-3.201683617426454e-05,0.00038287287830063445,0.6437170071965888,20
122149917,-3.210472128049313e-05,0.00022699281389584533,0.7327059289552037,20
130559690,-3.218684833952157e-05,0.0005148999727390073,0.6085810644229819,20
16036722,-3.220035073827066e-05,0.00035177734992039345,0.6565740524644443,20
131481649,-3.224466066417131e-05,0.0003437492608514565,0.6602217619431849,20
163791070,-3.246082118825155e-05,0.0004896366407000066,0.6149613147627352,20
59765696,-3.26334867914585e-05,0.00041769847641171936,0.6346819637857926,20
187820369,-3.28763253082176e-05,0.0005287430885296303,0.6080188219674263,20
111406810,-3.2880351441036405e-05,0.00024018897476089796,0.7261709602070285,20
16682057,-3.293079250710485e-05,0.00033155654066872127,0.6690351388659015,20
47808617,-3.295376856864152e-05,0.0002109327508015606,0.7533907695111457,20
3618212,-3.304438028028933e-05,0.00017560433054939625,0.7947450332191275,20
181011487,-3.321164748465722e-05,0.00024771050404425815,0.7220714828685464,20
156587887,-3.329541929477375e-05,0.0001776740938341405,0.7937921047139282,20
104644823,-3.331679309125646e-05,0.0002792462052198946,0.7000867056925439,20
125476111,-3.3722155158869e-05,0.00021462427901894227,0.7546091458355992,20
65684251,-3.3787880050228926e-05,0.00027786022446975176,0.7035526362801257,20
24127743,-3.379206829705328e-05,0.0003323124877821119,0.6727828019582673,20
174014949,-3.405815905464793e-05,8.136905015534566e-05,0.9616497337382804,20
79890644,-3.4150268157343014e-05,0.0002670308036392308,0.7129649269624512,20
166269399,-3.420543078290483e-05,0.00044796784486196746,0.6317544539903692,20
44312881,-3.4255373678937494e-05,0.0006332077562369212,0.5942884373168894,20
126556256,-3.427637787405402e-05,0.0003167838040704273,0.6830030280550232,20
133161694,-3.428985314835875e-05,0.00047303420047273016,0.6253288069108454,20
5267060,-3.4377099114513146e-05,0.0002691406338501933,0.7127277412351636,20
62100799,-3.440723534840484e-05,0.0002886267490004938,0.6999355425024079,20
2663635,-3.4438752644308515e-05,0.0003761569490028814,0.656603150706097,20
9426264,-3.458718113799608e-05,0.0004496829055449995,0.6326777847407601,20
5416678,-3.4755582911374926e-05,6.114925664232415e-05,0.9900498346591537,20
67875170,-3.4850226200655585e-05,0.0004943673950930751,0.6220002245778171,20
4013687,-3.493863687424881e-05,0.00035114953866745085,0.6693147113101524,20
30289511,-3.501595017526282e-05,0.0004328936065197217,0.6392319400208344,20
26835226,-3.510550963279346e-05,0.00010970475711468489,0.9156752273056381,20
44551468,-3.530566670865154e-05,0.0003272045325813494,0.6825351181304313,20
45352626,-3.539590179762464e-05,0.00013564515366655766,0.871171855224203,20
75794739,-3.5429592490363035e-05,0.0007125967160684922,0.5867929975123278,20
68066102,-3.543794537524958e-05,0.00045147536908617336,0.6352874836534859,20
6815583,-3.549559948836933e-05,0.0002474052861576229,0.7356086432675155,20
103531991,-3.5513132154541e-05,0.00020609163357906724,0.7747971376195122,20
61072859,-3.582834072902441e-05,0.0003802159047373995,0.6609098780345564,20
187419316,-3.5871397073772296e-05,0.0003740792451346148,0.6635702963859029,20
49914048,-3.5913537149095955e-05,0.00036714619679142804,0.6666435453645815,20
163604977,-3.6191681016187195e-05,0.00011653951976795217,0.9095252917742506,20
100351083,-3.626717926630552e-05,0.00021963666561497318,0.7653688374614485,20
34443120,-3.628408022227359e-05,0.00018023511017395505,0.8103871072893973,20
69668024,-3.633037282650686e-05,0.0001501493344748132,0.8536212301146776,20
24626198,-3.634660228328257e-05,0.0005583931726316033,0.6129347051103591,20
28732394,-3.6352521220339716e-05,0.00034698133052189247,0.6776341610520329,20
102,-3.642528850230919e-05,0.0004349530006093975,0.6439177856620522,20
88377644,-3.6436553028820764e-05,0.0002922409759681614,0.7081809734592641,20
57269661,-3.645267312300526e-05,0.0003835569892576153,0.6622034467754556,20
109160306,-3.660509226064701e-05,0.0002875488695769814,0.7120906937136902,20
69697975,-3.668387695255348e-05,0.00014671390274308192,0.861289205720576,20
128558727,-3.679577717017879e-05,0.00028923652313440467,0.7119665169760221,20
102596167,-3.683858397336981e-05,0.0006487336188121801,0.5988696947718872,20
51608348,-3.685038196035439e-05,0.00022774844917702522,0.7609383438264051,20
87956573,-3.7009245481728346e-05,0.00017029359273668573,0.8283470384985501,20
179409845,-3.707538630214613e-05,0.0003991799921887695,0.6587367550722016,20
159787126,-3.7138584608514825e-05,0.0002773392132479293,0.7218318477205248,20
108644208,-3.7244899959099076e-05,0.0001321423974469031,0.888623414959701,20
94098799,-3.7253825128272244e-05,0.0014592549384579655,0.5448498448198867,20
222503969,-3.736451825786802e-05,0.00041944245458945664,0.6526058078149559,20
172205108,-3.746543911505029e-05,9.769309052229711e-05,0.9487017447929702,20
161394000,-3.755907073608178e-05,0.0004150723827943581,0.6548818965958436,20
158785947,-3.764721566588969e-05,0.0017983060448657857,0.5368057103739858,20
105445104,-3.7717120762562065e-05,0.0003801465529775328,0.6688692010274561,20
105845361,-3.7802681753215664e-05,0.0001359988398060513,0.8855216388989919,20
133027267,-3.784483951358164e-05,0.0004790659371007127,0.6361182102205307,20
51254196,-3.8085926273015434e-05,0.00037575436603673804,0.6722626670305547,20
26408721,-3.811111103021736e-05,0.0004310723148079906,0.6515173222763275,20
120070770,-3.8195663479900777e-05,0.0002547195628072469,0.7447288277356667,20
36240445,-3.822385371340942e-05,0.0002683633853369704,0.7341309121991282,20
38139802,-3.827306945491937e-05,0.000454532524790801,0.6446664296326965,20
12220740,-3.82992253425557e-05,0.0005944769696540255,0.6118119671435229,20
37498210,-3.8314385071716585e-05,0.0007350524418182677,0.5909150634032048,20
138158607,-3.841123106171351e-05,0.00014758725184088622,0.8705683525676413,20
10079726,-3.842286887937862e-05,0.0003050910252447027,0.7100629497202942,20
67027232,-3.851445192879499e-05,8.935410691913239e-05,0.9655074716242564,20
157974156,-3.8606956376177616e-05,0.00015454479053177747,0.8610786743557712,20
25840664,-3.865960265883317e-05,0.0003851500659236565,0.6707064630649717,20
92480009,-3.866033353073228e-05,0.0002013541055814241,0.7993837072931282,20
23485953,-3.872867826663073e-05,0.0004664407396739443,0.6427471533273827,20
101506383,-3.878688092450455e-05,0.00028621823223174103,0.7241703423142116,20
5268189,-3.8859159651419284e-05,0.00011478669039586998,0.9267540642846839,20
69429300,-3.890377531088618e-05,0.00041694259515831153,0.6594256053491817,20
86651734,-3.890662608406203e-05,0.0005208694146894876,0.6289991327355549,20
42628558,-3.8922091501597536e-05,0.0003575077749175145,0.6840451237343901,20
84571181,-3.9038278188593954e-05,0.00016721508653933908,0.8452224848792569,20
59856636,-3.912613581147362e-05,0.0001664765344721305,0.8467926336712408,20
41503331,-3.914373049602182e-05,0.0006922940548390659,0.5984554676433782,20
1,-3.9241658217764594e-05,0.00026540977128491504,0.7417947421693123,20
77218937,-3.935823843353448e-05,0.00020539216980231377,0.7989298630412247,20
76384680,-3.9462506298953984e-05,0.0001921160070269475,0.8150952817402948,20
48346333,-3.948887077946106e-05,0.00038992024492337453,0.6721292811054362,20
78644250,-3.949644939927055e-05,0.0003478607004935588,0.6912709821392772,20
28030143,-3.951794555628885e-05,0.0010132495706231637,0.5683092265848233,20
71070527,-3.95241742575464e-05,0.00024354999214577439,0.7615826702399094,20
21515189,-3.9526146996715636e-05,0.0002393918451374971,0.7653517822885136,20
25230872,-3.964295892704972e-05,0.000263949036988215,0.7450630001819756,20
37373027,-3.972071705869995e-05,0.0003400675501828083,0.696270178632195,20
79713751,-3.972145743423028e-05,0.0002021042957148234,0.8047956312175484,20
34620512,-3.9948178966625615e-05,0.000511309470686718,0.6346856960057514,20
4604030,-4.0064583726026616e-05,0.00029223815867495523,0.7264634268351546,20
93012133,-4.006579587982062e-05,0.00010578289871805772,0.9466872414546588,20
77508438,-4.020316242940858e-05,0.0002792552278640228,0.7363104118638997,20
50489945,-4.021908329287505e-05,0.0002439614822224856,0.7650168165512167,20
10868944,-4.024938412088841e-05,0.0003185021160996819,0.7107069145038423,20
35221110,-4.0787167967965e-05,0.00016854605027817192,0.8536528034415809,20
91334466,-4.092108947887918e-05,0.0018705948056655527,0.5384549374201905,20
105911963,-4.0991081695396224e-05,0.00025093005540803776,0.7630174126657735,20
72037493,-4.103465216130642e-05,0.0005191099546280422,0.636202237735608,20
33473488,-4.111573703803328e-05,0.000494962761974875,0.642809594512403,20
68473380,-4.115317136597629e-05,0.000414321510039185,0.6690428545570406,20
80266617,-4.118206868161389e-05,0.00032110820035835053,0.7135004973200474,20
27500325,-4.12124816459053e-05,0.00037583384371792875,0.6852658708551818,20
49605671,-4.1281017086297614e-05,0.0003688237764405504,0.6887813491767265,20
37542203,-4.1308308927920366e-05,0.00020337711763261573,0.8124627228946648,20
195242436,-4.1472008525608725e-05,0.00017308666563484737,0.8513241169349957,20
810722,-4.1528682492572575e-05,0.0003539813484898344,0.697058152805329,20
150540823,-4.1668602223043916e-05,0.00025017085047996057,0.7672709701047076,20
90276722,-4.177926662342901e-05,0.0006710056433628374,0.6081632007381108,20
19057859,-4.180677248620257e-05,0.0004767857106079659,0.6503397299411964,20
111144317,-4.204695441223372e-05,0.0003481673193557236,0.7022933257926194,20
112918176,-4.2290843713563285e-05,0.00036477836601380814,0.6949454799751758,20
58063367,-4.233697353087651e-05,0.0004991683317821943,0.6456660823670732,20
18153882,-4.246566671612662e-05,0.00028858632417380636,0.7408084916175726,20
68896644,-4.2466381766831374e-05,0.0004205818155527847,0.6716488732251915,20
32297293,-4.248473338548386e-05,0.00017537882460791124,0.8538959489670037,20
175407927,-4.249147488773475e-05,0.00017155353092924115,0.8590883955912448,20
95081744,-4.262067300010164e-05,0.0005488267184687171,0.6339069060791653,20
104736394,-4.265640221177702e-05,0.00026748017886437135,0.7578028871098905,20
31935524,-4.285054147557532e-05,0.0003381980721771209,0.7112010011196936,20
44306119,-4.295172614325326e-05,0.0003021307102853037,0.7337452314440664,20
125544307,-4.306763332169728e-05,0.0003619923357553202,0.6995768325770111,20
64883740,-4.307578484527008e-05,0.0003517738725838055,0.7048379361118091,20
130672334,-4.313260642313799e-05,0.0003782903484518696,0.6920074098015967,20
41664204,-4.3297356477758894e-05,0.0002333803668964717,0.791489461256945,20
2462223,-4.3475143345403364e-05,0.0005018074464869917,0.6486364692624791,20
147977989,-4.359232356777598e-05,0.00032813208737709343,0.7202808665624691,20
79490504,-4.360815595573497e-05,0.0007016075112837309,0.6079788707410622,20
90333261,-4.363986950109977e-05,0.00045143496303354594,0.6648113914997797,20
80370073,-4.375868615990042e-05,0.00030784838974368925,0.7337179787422965,20
30420563,-4.386037607175819e-05,0.00041938334001393065,0.6773438200653529,20
170199957,-4.397398715631495e-05,0.0004717746538887816,0.6592688122855503,20
62652586,-4.4150949431542855e-05,0.00031837813389980175,0.7287438299237056,20
119374066,-4.4224047460139634e-05,0.00020263020292055905,0.8293464571609309,20
90230827,-4.4311858990270234e-05,0.0001851743177759751,0.8510257413917321,20
59259160,-4.433803197626263e-05,0.0003148652529986703,0.7318201021034729,20
41060618,-4.439339543831356e-05,0.00021474801040223746,0.8165887912239127,20
8270510,-4.4418333687723524e-05,0.0004018878492895751,0.6866124045176207,20
1262966,-4.463610935320494e-05,0.0002594412362835223,0.7744473623586685,20
85023055,-4.4736284430449415e-05,0.00017026588741144458,0.8727497062028633,20
139438938,-4.483734541691764e-05,0.00028953241355855324,0.7515181898243675,20
40042617,-4.485129694640211e-05,0.00024160666636117306,0.7916312378102119,20
50323346,-4.507572632381496e-05,0.0009807244882253437,0.5803344066385372,20
27291822,-4.510156676151011e-05,0.0002851085491665541,0.7560630806389743,20
28733857,-4.5209141911509156e-05,0.00024260955873871772,0.7925025425364906,20
121873143,-4.523244148984251e-05,0.0006429496487899225,0.6217609752540986,20
7196945,-4.529791461742316e-05,0.00011765506755735133,0.9493265460205926,20
7070462,-4.535730811378591e-05,0.00017608052698504692,0.8681937728459583,20
67064654,-4.5361725952777765e-05,0.00019216541065171953,0.847821474905019,20
233091074,-4.556557668360384e-05,0.0009528178500417963,0.583535103148108,20
128766436,-4.558702800501746e-05,0.00039919158421221107,0.6922817522080267,20
91009340,-4.572035290719423e-05,0.0002527900497368411,0.7856911192487861,20
122061475,-4.577308562494775e-05,0.0008059119899564898,0.5988888477502652,20
29245073,-4.57997852508385e-05,0.00031643197792282583,0.7374053491737023,20
56452706,-4.588371960920767e-05,0.00031829286459308,0.7365799569339982,20
76963674,-4.595870928387757e-05,0.0001489900055303255,0.9081209590152455,20
67886129,-4.6041673227908976e-05,0.0002923398196377098,0.7551154647247791,20
104355936,-4.6102164476627407e-05,0.0002862096739749078,0.7599648470512033,20
26085127,-4.614689209674339e-05,0.00022400263590145015,0.8157793679139991,20
187822545,-4.615365034247587e-05,0.00039461872799461295,0.6965070125343602,20
84422625,-4.615586611298184e-05,0.00030263803556733227,0.7482820951032132,20
143163381,-4.6295269411048e-05,0.0003900046872964017,0.6991674138888879,20
71212979,-4.662364179111589e-05,0.0003499179870155624,0.7208543102614715,20
14474258,-4.6700030639895694e-05,0.00025468229523308516,0.7888180824824094,20
34904070,-4.675850036986729e-05,0.00019503050911338075,0.8514681215623846,20
82768986,-4.67982354861729e-05,0.000293679411108702,0.7576357889784431,20
60744233,-4.6960621304356634e-05,0.00036839446090336465,0.7123483326671163,20
13211607,-4.696176327972923e-05,0.0016509195348814191,0.5499459704973871,20
4865181,-4.7022650402286924e-05,0.0002328824673969351,0.8110825918290125,20
76418554,-4.7105578801232004e-05,0.0002610667240292532,0.7851535900612856,20
237718119,-4.7181967999071485e-05,0.0005159079584287007,0.6564419020433443,20
160388370,-4.7185774320540605e-05,0.00022634120526104063,0.8185645874380929,20
17653367,-4.7240814523447085e-05,0.00017950540679921952,0.8731233500855962,20
56646809,-4.73897965797776e-05,0.0004251399191552435,0.6880744366339491,20
192226520,-4.7567759256220145e-05,0.00020657347571309575,0.8419822486357287,20
47450638,-4.763316010560625e-05,0.0001633785385030119,0.8960700994755814,20
44999004,-4.777471671584821e-05,0.0005797505308417811,0.6417235503174201,20
103755301,-4.7832345362908145e-05,0.0002879630149800648,0.7666700976480935,20
59859795,-4.7851020775252497e-05,0.00019470506164527256,0.8572671174171125,20
103091059,-4.8173951472160745e-05,0.0003651606540372597,0.7189248732293423,20
10419433,-4.82158210805439e-05,0.0002954485542248599,0.7628020782878662,20
25634038,-4.8252088140465776e-05,0.0003431797697735675,0.731515035070869,20
139768538,-4.828989084126045e-05,0.0001542856043936878,0.9111455165353557,20
180210791,-4.829572438664609e-05,0.0002131990178029635,0.838122075474653,20
103492074,-4.842187594927549e-05,0.0024813377592141045,0.5343154027515388,20
117771775,-4.8493224168372204e-05,0.00040311627500609734,0.7015813022184305,20
129566665,-4.853829785975705e-05,0.0003086216077945541,0.7548170663524072,20
45,-4.8547776750554326e-05,0.0004546598996960946,0.680782788602853,20
97885616,-4.8580183163735026e-05,0.0003578982463124046,0.7244935451622329,20
79766219,-4.888184039104071e-05,0.00024235736059793802,0.8108250320501385,20
43449385,-4.8902243694676215e-05,0.00017155955033457612,0.8911183565411881,20
17488141,-4.892437931683091e-05,0.0002206340271202056,0.8330900551320461,20
70067679,-4.898955370916114e-05,0.0006599617648366268,0.6282272250734287,20
80305179,-4.9111663469958434e-05,0.00020083658911004127,0.8560980201574798,20
85037341,-4.919451649932349e-05,0.000289164127895183,0.7719508840473827,20
167194227,-4.933178472894539e-05,0.00043925794296889137,0.6893695374090953,20
13423180,-4.946701701931122e-05,0.0005737781393708487,0.6479456219943951,20
244725653,-4.949189251437225e-05,0.00023823954525857127,0.8177394615789361,20
107333314,-4.959474794019314e-05,0.0003578124695975903,0.728644179212631,20
38057538,-4.99061589360833e-05,0.00011059344381520239,0.971036469666713,20
120936915,-5.002935182081836e-05,0.00044377195946516333,0.6900320633063515,20
4063445,-5.006787556265102e-05,0.00023877701770850227,0.8199264044645017,20
23317309,-5.0099102976847165e-05,0.0007227839892934404,0.6200255196972542,20
42703618,-5.0184799075206346e-05,0.0002740473014412677,0.7885179502889398,20
11420080,-5.0220947834289656e-05,0.00017286482449964535,0.8952985181145444,20
29211632,-5.024093157626197e-05,0.0003056061336400446,0.7644045414265539,20
14678245,-5.041285640197124e-05,0.00023856526578092024,0.8217481907211079,20
8819643,-5.042890251048815e-05,0.0007567565436745662,0.6155370115396916,20
203456504,-5.043743600036399e-05,0.0004577860444955105,0.6860739660876898,20
27290514,-5.0486905750665724e-05,0.00011854274796883512,0.9639621240032336,20
87638843,-5.059733109675779e-05,0.0004321640084484688,0.696692310573177,20
114008006,-5.108373224570473e-05,0.00014092622892855722,0.9392614239708031,20
69189403,-5.175498690882241e-05,0.0004643389475170691,0.6880602019645397,20
61265678,-5.176408655781228e-05,0.00010185058621220722,0.9825848032765886,20
154796037,-5.177578690372942e-05,0.00029348237641854154,0.7800675162348986,20
75561689,-5.179563413492405e-05,0.0003306346414910459,0.7539729633728739,20
41286664,-5.183383722280332e-05,0.0002457851106801778,0.8212739658809428,20
44285658,-5.1897534928058156e-05,0.0004864845594702707,0.6806272182013031,20
164267723,-5.198478275760532e-05,0.000491682554317542,0.6791401378867712,20
99125956,-5.19992357350868e-05,0.00036556494161882585,0.7338604393213346,20
88331478,-5.203134210557681e-05,0.0003407784682236848,0.7485198056964018,20
44706790,-5.208593112787097e-05,0.0003852848109889162,0.7236947643364293,20
153584266,-5.214010434770877e-05,0.00022907260221929042,0.8392482967271742,20
94185703,-5.215147552621313e-05,0.0002559604864538272,0.8131941513215409,20
165592534,-5.216463732189702e-05,0.00022362598303098176,0.8450267329586347,20
29043363,-5.220634468250385e-05,0.0003357871259981325,0.7523589803014618,20
92294612,-5.224912384002578e-05,0.00027551413329950444,0.7965315599083462,20
93915766,-5.236087072563178e-05,0.00027081264017179865,0.8009985100742663,20
89475684,-5.238383040340189e-05,0.0003876176855503411,0.7236291399093049,20
108938840,-5.250161121680419e-05,0.000393399117393639,0.7211684031376653,20
82568849,-5.251939916684212e-05,0.00025048520949940177,0.8199107339264031,20
89492648,-5.2542639031843974e-05,0.00013334635798853238,0.9529384065321556,20
10370644,-5.2568583770309926e-05,0.0002992352195605096,0.7791194223128219,20
189221832,-5.292590065985869e-05,0.00026730163875965786,0.8065178335675666,20
25433921,-5.33309069582738e-05,0.0006148621041633495,0.6487980170068157,20
50806840,-5.340528676631429e-05,0.0001624064665105684,0.9211172271995779,20
114328765,-5.370339899705978e-05,0.00033057997843540155,0.7618082422650259,20
50514534,-5.399906184100078e-05,0.00022212866946166401,0.8547186867402649,20
32436683,-5.423148034966185e-05,0.00040140597475949,0.7235720586249752,20
27887315,-5.4304500338228646e-05,0.00038332847684337067,0.733035685583189,20
34042757,-5.450414999584874e-05,0.00019426382517981764,0.8876050487220437,20
26836683,-5.455437561027454e-05,0.00015467992722550584,0.9343829836116055,20
77689888,-5.473399928933309e-05,0.00038344160814882393,0.7345737832819995,20
181825225,-5.48231226754875e-05,0.00033231367414867383,0.7651704232962064,20
177009058,-5.4879512812966436e-05,0.000738138104741723,0.6284227647170466,20
109514980,-5.487952703118748e-05,0.00033924762066302384,0.760891850849049,20
207284273,-5.488830650645094e-05,0.00021700138537132307,0.8639724366161468,20
102533508,-5.489607545863251e-05,0.0003887086478470467,0.7324082310113045,20
92304144,-5.490517100304737e-05,0.00016757417352305956,0.9204014531746488,20
167107415,-5.497751133203277e-05,0.00025121315249217917,0.829991216448644,20
2666837,-5.5101228755138895e-05,0.00043061920608227275,0.7130677329471419,20
7416604,-5.5200551909256876e-05,0.0005898196344774599,0.6598780903104453,20
33075924,-5.525154774224661e-05,0.00018931850272970298,0.8962892830199367,20
31422619,-5.528903422898912e-05,0.00021564541625361552,0.8671098891275508,20
19084764,-5.530325695509985e-05,0.00012460239513482706,0.9691076339056914,20
24889730,-5.534297352753903e-05,0.00030930293605204546,0.7832539401371568,20
61820294,-5.535431763730447e-05,0.0001982669711690154,0.8865072968171822,20
35057082,-5.5397104515392257e-05,0.0001951250321550592,0.8902323543293128,20
38436077,-5.55558714152804e-05,0.0007299718942709478,0.6313402531957639,20
44466606,-5.556639496140936e-05,0.00019029292604896077,0.8964086910049419,20
7216231,-5.5626010266957016e-05,0.00047355940060143047,0.6972789127291876,20
86073052,-5.563039725503538e-05,0.0002114393065281753,0.8730634788368516,20
79748478,-5.5694436893916063e-05,0.00033228956867235274,0.7686516955072706,20
128478326,-5.57740225515746e-05,0.0002147530969247432,0.8700823127835519,20
37258597,-5.584123867235502e-05,0.0003102234211712691,0.7846104412317454,20
160393294,-5.5988292466258026e-05,0.00027275227565457747,0.8149376693874919,20
161463956,-5.6039345714764545e-05,0.00035788936913236363,0.753874274863954,20
39662308,-5.604570632707362e-05,0.00025759291495671153,0.8286163542830076,20
68266162,-5.6107598978902275e-05,0.0004945985002309807,0.6911166317582746,20
100887239,-5.6152015257227014e-05,0.0003101476892915762,0.7859249114664261,20
3813214,-5.622552085520482e-05,0.0001945206688645084,0.8941851506332152,20
148290732,-5.638612422309841e-05,0.00034120990236132686,0.7655412394909402,20
52656980,-5.646545505881284e-05,0.0002309550952561781,0.8560514290750876,20
33673512,-5.6534254586088076e-05,0.00030227820335150383,0.793340078270163,20
59471353,-5.653987540139294e-05,0.00017754486468150263,0.914692679137619,20
69934529,-5.674877080215079e-05,0.00032707854162900083,0.7763274394331514,20
106312642,-5.678233152358048e-05,0.0003003312373414504,0.795830626831445,20
73473494,-5.690098796707621e-05,0.000270015317422954,0.8210973634688354,20
97912364,-5.7104838032912e-05,0.00024605959737636037,0.8438228182116154,20
62656820,-5.7252394941179065e-05,0.00045486180249020735,0.7099564555173592,20
126982373,-5.736235259606037e-05,0.000172711622660479,0.9230688222681613,20
129221880,-5.7489105236380175e-05,0.0002632073511597117,0.8295272403728604,20
67150296,-5.749154452117655e-05,0.00029714715853901486,0.8011554438100574,20
122351934,-5.749315297092494e-05,0.0018617605806831525,0.5541944448417419,20
77307602,-5.7636204604333274e-05,0.0004197576741893022,0.7267711081615296,20
26529273,-5.7657253502316205e-05,0.00034812812309299723,0.7660280821774448,20
66664663,-5.78113248813461e-05,0.0002461482176419278,0.8466314223340927,20
16042481,-5.7812670310680715e-05,0.00023166487161317196,0.8608382930664922,20
81312810,-5.784214868934656e-05,0.000473326398154709,0.7044621175714849,20
54249089,-5.798603824194726e-05,0.00020252989688346248,0.8920939589921002,20
114920089,-5.8062592450885965e-05,0.00032200817979952833,0.7850014618885062,20
157198532,-5.807028216700816e-05,0.00041034165678486184,0.7328230558726411,20
9069336,-5.8086578612914776e-05,0.000313557193603679,0.7911533274898656,20
105511601,-5.8095451744089034e-05,0.00011780998224473556,0.9800256524363962,20
7421019,-5.8163751793763316e-05,0.00011722547473848784,0.9805670723726304,20
79998800,-5.838062856337034e-05,9.36743260057167e-05,0.9941263512342264,20
74432126,-5.8508357348066586e-05,0.00018032394009465092,0.9184602553648402,20
35454352,-5.865733565349196e-05,0.00032582929630747636,0.7846374438787231,20
43505561,-5.8722017367679456e-05,0.0003886529348610636,0.7463137176002872,20
25428002,-5.8724790000710955e-05,0.00018403040630680776,0.9151067607645711,20
46892808,-5.876200897102502e-05,0.0002356628437857919,0.8606466742110205,20
416778,-5.930849209957734e-05,0.00030707070610987456,0.8007537090808727,20
6069329,-5.938343158805315e-05,0.00032724906777272954,0.7864427999630371,20
48955929,-5.9708746562647794e-05,0.0001603186312103493,0.9439014697582991,20
38443758,-5.997340545705332e-05,0.000489497273772977,0.704939333333171,20
41048388,-5.998337049529789e-05,0.0002099659927724497,0.8916104415783166,20
15072216,-6.023514982021749e-05,0.00035469424542904825,0.7715543272027039,20
70989940,-6.036602158936699e-05,0.000198939299342528,0.9046610331412742,20
220074442,-6.0535831347499626e-05,0.0003504568903055792,0.7753362697471862,20
155097423,-6.054120775347283e-05,0.0008127798917117238,0.6286520788631933,20
127730360,-6.067662600225399e-05,0.0003172112121394523,0.7985158201111926,20
107133166,-6.073616110959801e-05,0.0004350230705445419,0.7300985852021069,20
114950706,-6.079297025748942e-05,0.0003640920787716039,0.7678130569248478,20
87252225,-6.129402636522729e-05,0.00024366065211257128,0.8626971348903026,20
5614769,-6.148802529346852e-05,0.0002159515050093475,0.8908743335657381,20
48251551,-6.158880451025971e-05,0.000412688013067286,0.7437332325231776,20
92094538,-6.162026289878997e-05,0.0006205855168459918,0.6689905932785487,20
33442124,-6.181937466519794e-05,0.00043118763736205043,0.7354644385689015,20
105399900,-6.186845292997789e-05,0.00024520804686526266,0.8633935703398247,20
101594504,-6.18835642537563e-05,0.0002187396011050045,0.8894534938567026,20
39661593,-6.200654902622227e-05,0.00015520106372733381,0.9550256975938798,20
170001257,-6.203975533699835e-05,0.00013098764218523194,0.9762143805312404,20
164591835,-6.20908175420487e-05,0.0002653765230555977,0.8457370015138331,20
51073523,-6.212476903843522e-05,0.0005370992290281627,0.6945345152196661,20
128620651,-6.220106768779765e-05,0.0003697874512250559,0.7694396092535583,20
235492499,-6.234556571972916e-05,0.00024001114348181192,0.8701256009583616,20
137191729,-6.236949206716857e-05,0.00030621211029159713,0.8131166859504697,20
158985818,-6.254115835644392e-05,0.00038329828829085827,0.7627626072473456,20
15623644,-6.267024137782961e-05,0.0004998973404035638,0.709207607800385,20
126782300,-6.28585025378936e-05,0.0006235245336092236,0.6713972609442309,20
97728776,-6.294345037684001e-05,0.00014349119789775747,0.9676936678520014,20
167007853,-6.300246297029077e-05,0.00025087497909049173,0.8623049926356349,20
40854635,-6.306097098240926e-05,0.0005212642120091932,0.7026114607155756,20
44850146,-6.307412419845893e-05,0.0003651026524364707,0.775366256483097,20
64262273,-6.313040580826767e-05,0.00034966995160167077,0.785289107214715,20
26285874,-6.317551869207683e-05,0.0002937600735172112,0.8258766906176196,20
106532291,-6.33398551571629e-05,0.00029147391962039816,0.8283282940250787,20
72190513,-6.335034236668591e-05,0.000870057024098759,0.6258661461829846,20
85372505,-6.345070987281431e-05,0.000344641683453862,0.7897376368253718,20
131186167,-6.351238607747444e-05,0.0006000245185929793,0.679330129412731,20
80419872,-6.352066958557334e-05,0.00025906535083131555,0.8567246073017845,20
155297621,-6.353294466477921e-05,0.00020868414909562319,0.9053613825326976,20
54318303,-6.364720890360276e-05,0.00016266118735859913,0.9518644617695513,20
95521863,-6.365114764755319e-05,0.000273217068841641,0.8447256995799037,20
58014684,-6.389453046795334e-05,0.0003484330505784041,0.7888316967321853,20
64572470,-6.393253387917963e-05,0.0005408857019863957,0.6983999522553875,20
122325454,-6.397054449207573e-05,0.00021462885902480758,0.9008403568394019,20
62056082,-6.399397326577183e-05,0.0004694103121169982,0.7253516340189681,20
169274460,-6.409308571837524e-05,0.00030952952244730494,0.8169774229637323,20
104328723,-6.410777731661876e-05,0.0004973882703277623,0.7144473519520961,20
21823058,-6.419849827931368e-05,0.0002280319820720573,0.8883696861199675,20
14,-6.445111197449505e-05,0.0003144055406325861,0.814620298216237,20
106401511,-6.449954811359738e-05,0.00019727400106546802,0.9199823476011472,20
109760964,-6.46637388001775e-05,0.0003566909827898319,0.7862240046382725,20
179009645,-6.472151383552227e-05,0.00021926323060321624,0.8987527328895938,20
40259864,-6.47638858128935e-05,0.00046445976596460426,0.7298444585775736,20
46846414,-6.481208123309545e-05,0.0003972958397962421,0.7627189077425063,20
4666537,-6.487076202097153e-05,0.0002691248326899625,0.8527302017687872,20
84003139,-6.492061807395478e-05,0.00021080768461896604,0.9077767197546595,20
69989135,-6.497332166642e-05,0.00019411429202428475,0.9245761861422337,20
122861867,-6.506162417828365e-05,0.0003192471085859097,0.8132503047934663,20
69176879,-6.518113037596862e-05,0.0004901838071270661,0.7204608694068586,20
131150005,-6.521801723002596e-05,0.00012915476068435473,0.9820570507549887,20
2665938,-6.543327565033952e-05,0.0003991218796296913,0.7637994659059248,20
48489071,-6.543771413774214e-05,0.0003223906515461424,0.8123068052845364,20
30895466,-6.556510481355859e-05,0.0004337969286754459,0.7463848714689001,20
22063337,-6.56587571571332e-05,0.00026565025858662415,0.8585942940499534,20
35696096,-6.598068160614811e-05,0.0004380078665843239,0.7456841899600395,20
37856814,-6.59817906500132e-05,0.0003580325665906913,0.7899652428603239,20
50405822,-6.60603821267175e-05,0.00010910429024578088,0.9930235657759418,20
64807214,-6.638711822735122e-05,0.0002641030068323833,0.8625246410566647,20
111900677,-6.657748420445253e-05,0.0002779352378518629,0.8512659365813746,20
94944307,-6.665784091610949e-05,0.00036902150227723004,0.7854036787908525,20
47181852,-6.66688337705168e-05,0.0003129057778187073,0.8236839332600416,20
4613920,-6.669107874948677e-05,0.00031909229711786323,0.8191612487454265,20
21627842,-6.68038518337688e-05,0.0003786857668178155,0.780056034127196,20
34897009,-6.694846322392867e-05,0.00012469586221991387,0.9866270733731235,20
1665272,-6.733472221349124e-05,0.00021086721572430978,0.9152460465667603,20
116209286,-6.733924072421793e-05,0.00016868622853170366,0.9549041776413048,20
104292666,-6.743252018294177e-05,0.00020305472132826815,0.923046784094909,20
86097013,-6.754719566759437e-05,0.00024504395000291815,0.8836491039504641,20
52115613,-6.755688224822642e-05,0.00029991828742521404,0.8367886096915114,20
60418506,-6.766982720403936e-05,0.00025610801281472363,0.8740370544078876,20
84116384,-6.783225161342832e-05,0.00034247742036753033,0.8065915855556509,20
53466772,-6.786273384034869e-05,0.0005782968502949344,0.6971046027666636,20
95214337,-6.798091661074368e-05,0.00022600455247002283,0.9028001675694479,20
49836993,-6.798281470196399e-05,0.0006972632836286344,0.6661358924301977,20
33447549,-6.803336828115348e-05,0.00040596134076242797,0.7686223403349022,20
24834126,-6.814467537808178e-05,0.00031173601221275203,0.829721154023153,20
205441059,-6.818850551821299e-05,0.0001984111437514305,0.9296040629999432,20
50644691,-6.823861962415578e-05,0.00021892914634080523,0.9102859208577503,20
36515752,-6.82849310033734e-05,0.00032046420009824387,0.823703475294642,20
14031269,-6.835891234738267e-05,0.00026166380485597357,0.8714380172388119,20
37734981,-6.846333953080818e-05,0.0001472189494674213,0.9743353422313987,20
44950222,-6.875394672143653e-05,9.365774774346573e-05,0.9980437914955418,20
23865221,-6.895006613938104e-05,0.0003882529823107781,0.7815591536098023,20
68628693,-6.902352139239731e-05,0.0002975736317143458,0.8436981753030652,20
152393422,-6.902462258581154e-05,0.00044412941492373337,0.7522782141674083,20
16252197,-6.913361593610112e-05,0.00036456566993394243,0.7965200918249074,20
86024104,-6.917266901643182e-05,0.00017858613677539738,0.9502807401982046,20
180224324,-6.931450545341611e-05,0.00045092858297479806,0.7499424449479468,20
9287478,-6.932431576478215e-05,0.00020814136884573289,0.9236164461207702,20
130548484,-6.935784682127188e-05,0.0003612831596838798,0.7993532661349767,20
84671390,-6.952055444198469e-05,0.0002072698439188582,0.9249761100727635,20
48390423,-6.957264267940799e-05,0.0003147849833349159,0.8323148085531942,20
4195409,-6.965089088492026e-05,0.0001802428278826468,0.9499110105953846,20
37044444,-6.981420200127541e-05,0.00041986800903715123,0.7668957484435717,20
107339788,-6.983249420591808e-05,0.00038811720716505204,0.7845134840804515,20
90532567,-7.01843146256792e-05,0.00046429305320364815,0.7464146325847418,20
39052848,-7.03493514329162e-05,0.0002905825546272636,0.85375291495454,20
80,-7.059757782257592e-05,0.0002845398031055483,0.8594882657746715,20
90101081,-7.059835053681574e-05,0.0005243662673930007,0.7228899983440069,20
72879259,-7.094284596158018e-05,0.0002572390861022001,0.8837569437432964,20
38844908,-7.094291260430763e-05,0.00017533668840235945,0.9568860796520714,20
233715170,-7.101014114885007e-05,0.0002452278747663709,0.8945798261419602,20
27692259,-7.101547363569938e-05,0.0002545232913456509,0.8863654496314908,20
29564744,-7.122381404176537e-05,0.00046086978124926795,0.7510801260521792,20
43606073,-7.145372485745926e-05,0.00039630821279227664,0.78498176704535,20
107333422,-7.16906556977287e-05,0.00020556650306980835,0.93232701315582,20
64074978,-7.175255711558693e-05,0.00018779848993966298,0.9481020879873909,20
65484185,-7.183541421399431e-05,0.00022149933576240567,0.9183690145724399,20
1060740,-7.193116663292698e-05,0.00022107067052740055,0.9190212235942381,20
127157763,-7.204628552850146e-05,0.00016032107696865066,0.9705607255032208,20
184414948,-7.206909780392845e-05,0.0004109423983272798,0.7787338820114629,20
57925856,-7.217276385279859e-05,0.00018256324135261238,0.9534394417800044,20
74073037,-7.23529760265601e-05,0.0004854868115160099,0.7434449306576949,20
93104854,-7.24476056334078e-05,0.0010391867539207816,0.6206976794577119,20
93080192,-7.249103126127365e-05,0.00021164476451640676,0.9289689273900075,20
62,-7.254156531556477e-05,0.0002571342699339772,0.8888293097089641,20
119953973,-7.293167259749822e-05,0.0004723231572676485,0.7508992756866748,20
28300649,-7.29860960549722e-05,0.00024297898670990153,0.9025061799704543,20
86117485,-7.316808725024437e-05,0.00033477080324600326,0.8296827285207444,20
97231778,-7.318950243552224e-05,0.0003252902340751674,0.8365232502280204,20
188620751,-7.31904348284601e-05,0.0001550241399524432,0.9758937233868148,20
23005786,-7.332151785570395e-05,0.0005360548189379822,0.7260061281771928,20
73238165,-7.3328698772554e-05,0.000254676026807518,0.8933357318725306,20
99530260,-7.335511514773574e-05,0.00015394167359192393,0.9768164983218198,20
40642718,-7.363269858971233e-05,0.00020079532623636266,0.9412669542257932,20
13276550,-7.382355873879476e-05,0.00019723337225138401,0.9447332247579072,20
78508773,-7.383574253555514e-05,0.00023901430009999348,0.9084251079386791,20
69611450,-7.391156372210661e-05,8.30053194818194e-05,0.999600992601674,20
135429020,-7.394179011348812e-05,0.00016302298254169048,0.9716142191402183,20
7806529,-7.403314007355666e-05,0.0005260925475116239,0.7316865496852354,20
99084921,-7.4063268037311e-05,0.0002435213112183767,0.9051454479669393,20
83690728,-7.435371878513896e-05,0.00018765833480468853,0.9537794519410107,20
58455591,-7.443142692004911e-05,0.0003733081889380041,0.8081381579852941,20
93341384,-7.444514854485773e-05,0.0004954196596379673,0.7451676029104477,20
45259376,-7.446141029369136e-05,0.0004946301731510983,0.7455471178390001,20
82094438,-7.446233810673442e-05,0.0002837036732880779,0.8725063892740293,20
9619805,-7.45682530015529e-05,0.0005552926479274255,0.7223808225528658,20
106539118,-7.458353218441627e-05,0.00010092314865763179,0.9981382756643494,20
85237518,-7.494029312264394e-05,0.00033416911717246763,0.8357477531611154,20
70267861,-7.505288856232417e-05,0.0003412499031603109,0.8311590429919149,20
816845,-7.51220691737553e-05,0.0003625543823852213,0.8171314553850013,20
36655523,-7.518133093079305e-05,0.00012650772826975203,0.9922292818653115,20
40238188,-7.523499475740602e-05,0.0003751620028839637,0.8094867596664617,20
8021213,-7.537246912617813e-05,0.0005765746227361898,0.7171586459500681,20
45507101,-7.546919523658824e-05,0.00020732158130782035,0.9399972759115743,20
88329878,-7.560029352312591e-05,0.0003876913936900044,0.8029719220175835,20
46448682,-7.596618607465522e-05,0.0007260787456993845,0.6774101678024849,20
40640433,-7.596679979166853e-05,0.0003658768011902079,0.8176145564304431,20
63081673,-7.603027450398813e-05,0.00021326494115017056,0.9363206704146504,20
36622105,-7.618926299206019e-05,0.00047404891059465325,0.7594830459894437,20
39942532,-7.619659972999127e-05,0.00034702531844931785,0.8307680875534196,20
53066639,-7.631107162029416e-05,0.0005776790145876673,0.7191804364012706,20
102908073,-7.648697794029047e-05,0.0005453917398870735,0.7309978929601849,20
46152561,-7.664559737429467e-05,0.00019747835878888785,0.9505994415305252,20
5015269,-7.666351033101537e-05,0.00026066497364687663,0.8979670682549669,20
30,-7.669053415478578e-05,0.00026004978733012833,0.8985548093966079,20
15836720,-7.673382795047035e-05,0.0003860398377551437,0.8074226163761969,20
56660901,-7.683214059076293e-05,0.00023852786306701257,0.9170013982577999,20
143847770,-7.683635194656035e-05,0.00031842031703644715,0.852984276157143,20
20,-7.6897214924046e-05,0.0004086114329091357,0.7947649852096237,20
172402774,-7.690141656624127e-05,0.0003320358744901386,0.8433439796398549,20
174603358,-7.697682538103934e-05,0.0003816083191655093,0.8108523613586497,20
119322805,-7.711770305175169e-05,0.00032747507795405383,0.8472593028949971,20
44606492,-7.712311063182709e-05,0.0002073061725569725,0.9437151734976971,20
207861406,-7.712512433434293e-05,0.00017058908449473552,0.9712510649272585,20
67731886,-7.721548168548308e-05,0.0008734784964267346,0.6515010380730955,20
57122780,-7.724283115508046e-05,0.00038004308398069885,0.8126188590179646,20
56659492,-7.726283575336946e-05,0.0003072744918713156,0.8625961861536698,20
39283962,-7.735076255530605e-05,0.0003529600305198189,0.8303148008648578,20
48,-7.744151968604174e-05,0.0001621422253987967,0.9770431381942352,20
225907498,-7.75033052742874e-05,0.0007758972837130062,0.6699347084972587,20
69677738,-7.760041468150847e-05,0.0005166136044145806,0.7450881498121384,20
164868273,-7.763204774690336e-05,0.0004006691586792018,0.8014874104110833,20
139166114,-7.79974219982743e-05,0.00024153725165642424,0.9175067453362261,20
151541300,-7.823862593285824e-05,0.0002691301983560487,0.8954395452416997,20
157184238,-7.837732193581581e-05,0.0002362206616977737,0.9228744120530057,20
50949615,-7.839217032660494e-05,0.00012457841447093376,0.994461468078879,20
99750697,-7.839913759576932e-05,0.0003097957677503936,0.864089192152289,20
116151707,-7.845974419164737e-05,0.0014270901464227546,0.5957914046662677,20
42861098,-7.849090473978637e-05,0.00022878050218277392,0.9292822319222019,20
14671928,-7.858444475450366e-05,0.00030137352953932907,0.8710038782126,20
65254054,-7.868748593660991e-05,0.0004886536957899962,0.7598987458582698,20
25264997,-7.872629817197163e-05,0.000129170994309992,0.993287727792441,20
134683861,-7.885246746514585e-05,0.0001626750929956937,0.9784569081180589,20
71500166,-7.89724961611865e-05,0.00048424402705453715,0.7626535057961312,20
103555202,-7.901202068108237e-05,0.00024216643282818612,0.9195677067137987,20
160501707,-7.903820387185901e-05,0.00024824095824032573,0.9146537601043561,20
177606903,-7.904139963640922e-05,0.0002614824133344363,0.9038501781828966,20
29819746,-7.921396609196496e-05,0.0004023857473636308,0.8051752430972472,20
83516152,-7.929078431930526e-05,0.0002532880422912157,0.9111822338519289,20
46648853,-7.934475326395462e-05,0.0002733877245362521,0.8950776562775704,20
7218080,-7.939457025120111e-05,0.0010418602695216786,0.6315022266757326,20
108533903,-7.939783240066833e-05,0.00030729402864275776,0.8688945048413362,20
140160073,-7.947085447178037e-05,0.0005111016093968857,0.7523792740537651,20
85288115,-7.956394428427493e-05,0.00011992503395436611,0.9960406993811013,20
77764613,-7.960891439833805e-05,0.00032031146481231184,0.8598868141097042,20
13471091,-7.961064658390249e-05,0.0013552380613843112,0.6021977982622616,20
15026516,-7.964038893116531e-05,0.00024273090357778093,0.9206754577835606,20
244925692,-7.96664188759788e-05,0.00033678730801356226,0.8483113738744499,20
109653323,-7.969425149018938e-05,0.00019400042854064158,0.9590577105143697,20
98925194,-7.996274078569676e-05,0.0005670310741230669,0.7321123794402217,20
37079390,-8.01736462454683e-05,0.0004149432933422097,0.8008412946633242,20
58448252,-8.01788171780976e-05,0.000620627444064596,0.7148930165588476,20
120523463,-8.021646120774939e-05,0.00019560999345069133,0.9588131772732289,20
46145480,-8.024643079539983e-05,0.0008248530535766069,0.665795096416131,20
108337928,-8.025082537854722e-05,0.0002502118715112102,0.916137022471993,20
8,-8.025946196105749e-05,0.00013338399132258443,0.9927657394086782,20
107133382,-8.037529608232729e-05,0.0003914953236045536,0.8149738888338366,20
87238548,-8.040827218348256e-05,0.00036577508181885723,0.8310460263384514,20
59263700,-8.045965893579698e-05,0.0002641780264254042,0.9054450449884586,20
39701974,-8.049853048724686e-05,0.0002758537180292334,0.8962680847076862,20
108334471,-8.061033646924731e-05,0.00033301176998450603,0.8537208683573416,20
37644630,-8.062152994001704e-05,0.00016743811196166537,0.9778260368014235,20
203038008,-8.066303226538508e-05,0.00023869861560355313,0.9264121819589708,20
97128452,-8.088508899939673e-05,0.00025767835678442547,0.9117438687920721,20
102352552,-8.092318047297764e-05,0.00033382449466611735,0.8540572073270647,20
99834220,-8.10166212093677e-05,0.0002410072560795107,0.925404946725279,20
153178787,-8.110431800111007e-05,0.001686842728112871,0.5839796212626869,20
67272418,-8.120416774711758e-05,0.00037284777227013233,0.828854127312215,20
68351510,-8.12736375248424e-05,0.00039183155145256404,0.8173776463265315,20
49449156,-8.129670760887997e-05,0.00017858686878215266,0.9720220982446949,20
78419505,-8.136941680866316e-05,0.0003607222876404062,0.8371259880078763,20
100351568,-8.139027416381172e-05,0.0003061929591549984,0.8754089309224584,20
15,-8.184238545775879e-05,0.00031763679937928997,0.8682530659932963,20
80399193,-8.203277403739107e-05,0.00026305420587076714,0.9103887568746833,20
200051390,-8.206559661381729e-05,0.0003500581152466723,0.8462007325628644,20
12289206,-8.207535561302604e-05,0.00016906859210167802,0.9785979369041707,20
77818977,-8.217971857710782e-05,0.0005508666571107809,0.7436556107056836,20
62420716,-8.23542484870321e-05,0.00027098512495462657,0.9049869789587695,20
120309606,-8.255140636428127e-05,0.0003011864169685903,0.8823663281898779,20
35650071,-8.258025288548354e-05,0.0001511851052422945,0.9877414295025913,20
124914613,-8.259561003315374e-05,0.0004678586763345725,0.7802217411062267,20
33837977,-8.263257648145616e-05,0.00020109258836067224,0.9591002054100438,20
37517415,-8.268375343351287e-05,0.0001395216753995756,0.9921044848217375,20
65863808,-8.269712384200157e-05,0.0001620089462183562,0.9829331454022674,20
25407974,-8.27428806187025e-05,0.00012687389101474108,0.9955749176812884,20
68887832,-8.274686840519241e-05,0.00019352883689913451,0.9644719964237024,20
16032193,-8.27803517864073e-05,0.0002525292427401705,0.9204967989927341,20
144572777,-8.28645029331082e-05,0.0001584339881008544,0.9847937580630762,20
57857544,-8.302503306966968e-05,0.00015750574848231975,0.9853587870129851,20
79819787,-8.308624329982084e-05,0.0002823409477938211,0.8980913765943576,20
39107814,-8.311791112801948e-05,0.0012362312144206503,0.6165394171093963,20
98525695,-8.313371157820937e-05,0.00037439888741071453,0.8334101818002719,20
224082330,-8.332577025747523e-05,0.000382166566290722,0.8291144500662895,20
12028554,-8.347146462972243e-05,0.00024279549095917335,0.9296697938479667,20
90878676,-8.355577180700068e-05,0.0003353367174601046,0.8604803102889553,20
92879142,-8.359610601736678e-05,0.00031045575958137133,0.8783514679607919,20
39520759,-8.369570232377999e-05,0.00020738226488054465,0.9565155812673795,20
38679781,-8.375276992855785e-05,0.00041657397062267983,0.8100809473421553,20
16627842,-8.397050766081604e-05,0.0003055363962594024,0.8829758012989417,20
34252986,-8.398705640894898e-05,0.00028059679658058755,0.9017473719832236,20
130791733,-8.414515147312784e-05,0.0002760493297580152,0.9056205346026023,20
24806852,-8.414689708874934e-05,0.0001577268037400129,0.9861982756650828,20
84771531,-8.42307387258684e-05,0.0003727025336913956,0.8375710747214715,20
12822702,-8.428976305437097e-05,0.0004384583000836482,0.7996717817927936,20
68086162,-8.433867139496787e-05,0.0002636147747174332,0.9156319595516509,20
65283751,-8.454246258454145e-05,0.00033442672434077397,0.8638423424615242,20
32041167,-8.477271566414147e-05,0.00039350906443993625,0.8262807070715248,20
21280306,-8.477981818007796e-05,0.00028778247648066356,0.898327102327342,20
77596104,-8.481926313743116e-05,0.00014837498898853576,0.9903548052685968,20
154184341,-8.487789493499542e-05,0.00020085925144255244,0.9629300866503845,20
123982886,-8.492150393316078e-05,0.0011786891973456252,0.6245924605867805,20
3664349,-8.501365891238067e-05,0.00040294983404820923,0.8213713333373831,20
42724638,-8.508319141035115e-05,0.0002233170106219682,0.9476472635991691,20
30635636,-8.508472783073928e-05,0.0002604201697474236,0.9198409022861176,20
46200690,-8.520354749931847e-05,0.00023300989894988995,0.9407777891034959,20
85872952,-8.5341986045126e-05,0.0004104181278465638,0.817964176618756,20
70,-8.553318987110092e-05,0.0003215763322259157,0.8755526451252731,20
42665294,-8.585039029151975e-05,0.0002914632290215702,0.8982924016860366,20
48954421,-8.598368747812223e-05,0.0004977600645076625,0.7753455783265248,20
86037993,-8.61345342352049e-05,0.000389880681433528,0.8322177119398941,20
114519462,-8.625301834442045e-05,0.0006285466866280979,0.7266522243293634,20
152593741,-8.635863519342313e-05,0.00015234894032678748,0.9899050169630158,20
2263502,-8.641177893152496e-05,0.00037161206063720766,0.8442838545325184,20
30930418,-8.647013029794704e-05,0.000268773720159001,0.9167583026962889,20
86897643,-8.648642945217332e-05,0.00030448101771785106,0.8903412736847406,20
41682303,-8.659344625221722e-05,0.000359576067491461,0.8525137454944436,20
141043268,-8.660530056591454e-05,0.0003063851127251601,0.8892638835028398,20
36972392,-8.662770890064398e-05,0.00028155424107315774,0.9075830952348615,20
50749588,-8.67888883473722e-05,0.0006554917475348308,0.7196254047375976,20
22624086,-8.708898442514878e-05,0.0002022277324179385,0.9653941006808582,20
107402938,-8.71638383161566e-05,0.0004552035526585596,0.7987591643255871,20
22116306,-8.720203937710447e-05,0.0001963817781953817,0.969162591645426,20
61655944,-8.722048086654277e-05,0.0002949895698686418,0.8991152859006937,20
29252322,-8.726667563975221e-05,0.00020637458813574627,0.963018608657067,20
92914566,-8.729871789517896e-05,0.0005008750683713621,0.7773448317772991,20
113807911,-8.732162947380495e-05,0.00012967755530965243,0.9964111177840116,20
86113100,-8.733070746248239e-05,0.00017299239625213352,0.982034779026698,20
136830143,-8.736831482775431e-05,0.0006648365493244818,0.7181722829488166,20
24638067,-8.740944739939472e-05,0.00016870755763821757,0.984090782406167,20
148451798,-8.742038780296945e-05,0.00046549291989793736,0.7942886635654183,20
116503846,-8.743650020307248e-05,0.0004942332768389715,0.7806979857455445,20
121925008,-8.760915945161263e-05,0.00024216589418968638,0.9389172279830352,20
57961308,-8.768415980218713e-05,0.0004445218466404254,0.8056402799881113,20
117504285,-8.791774717581969e-05,0.00031338674265897704,0.88758364787982,20
110135341,-8.806214908644582e-05,0.0002400663549711153,0.9413226716700912,20
86805541,-8.818206078184398e-05,0.00023316463628814054,0.9464458507711078,20
144172700,-8.841545419235874e-05,0.0002964011531385772,0.9010164559765395,20
53858302,-8.84559647222949e-05,0.0003406512219092829,0.8700423478542523,20
60660524,-8.85359203980668e-05,0.00020015330810142773,0.9687047576363387,20
60620107,-8.857458475699797e-05,0.0005898787961880483,0.745015019209309,20
93985655,-8.860391939052026e-05,0.00018345502793163063,0.9781164137506404,20
156498504,-8.898712507369455e-05,0.00029762024100119113,0.9015181594228512,20
87273783,-8.917894111984126e-05,0.00013876513523458693,0.9951418449367296,20
45447667,-8.932503220291932e-05,0.00029525264417830355,0.9040297877831937,20
57696694,-8.983605668601013e-05,0.0002957675936566536,0.9048697936120214,20
22423779,-8.987560158640606e-05,0.0005147530160391938,0.7777392966033292,20
48546351,-9.012225409589792e-05,0.0003489042523473514,0.8688261167829526,20
52056672,-9.019567275743156e-05,0.0003979630525637775,0.8382411833284196,20
42746809,-9.021601718395556e-05,0.0003506257170023461,0.867929983694667,20
29639926,-9.029158324489195e-05,0.0003919784952863671,0.842061915107878,20
31644947,-9.037785939413068e-05,0.00032905962194376904,0.8828324848269198,20
49933823,-9.041572844283862e-05,0.0003407423552128116,0.8750093659955799,20
49636822,-9.044416748905105e-05,0.00021266751900764306,0.9637739844725388,20
96787899,-9.046301141092672e-05,0.00019733372943758038,0.9727966049714889,20
87555833,-9.054853247732475e-05,0.00047938666321318423,0.7956095902314626,20
175204709,-9.056717544710102e-05,0.000333178133570329,0.8804965743952883,20
98285877,-9.063787961552939e-05,0.00014493991665835896,0.9942462251230895,20
7618759,-9.064365677209085e-05,0.00022619319917874356,0.9554751239549341,20
59164245,-9.070639585680162e-05,0.0001870427419394872,0.9785006056404164,20
74416842,-9.085249163789944e-05,0.00022712880264860665,0.9552043260543153,20
11271614,-9.08534042666026e-05,0.000401122733289039,0.8380897529478895,20
57013397,-9.093020439453203e-05,0.00047335168688030887,0.7995002876951105,20
175404089,-9.093841547416492e-05,0.00010037420467994102,0.9996595959521157,20
217071533,-9.094460867954401e-05,0.0003221175059150241,0.8890010107764398,20
68027534,-9.103701255303853e-05,0.0001419394857290551,0.9950804053663598,20
75343496,-9.122117593582946e-05,0.00023582419772700316,0.9500704792690431,20
13622048,-9.12283723443097e-05,0.00019809838285886715,0.9732922607116703,20
3602977,-9.124719720661756e-05,0.00021118774394011459,0.9658117172485803,20
92904733,-9.131536317821264e-05,0.0005036510657357968,0.7862477607568812,20
97100821,-9.133280497165274e-05,0.00017189524443396757,0.985917701671845,20
68666830,-9.135654727639164e-05,0.00023800011720923712,0.9488474315623429,20
154985501,-9.138614990012727e-05,0.00027429869535693584,0.9236743706525061,20
84622732,-9.151537397628917e-05,0.00011241624938747144,0.9991301232849588,20
116466495,-9.151907502154833e-05,0.00037775760537862407,0.8539189594117784,20
24488639,-9.15314013764934e-05,0.00016274013350829202,0.9894752150210024,20
8066271,-9.161458690199465e-05,0.00017712621441800117,0.9839609920731347,20
21687331,-9.162639018001351e-05,0.00022757738242172812,0.9561650866560121,20
99087130,-9.166214554812147e-05,0.00018892497308296835,0.97854440873819,20
60203314,-9.181534706224903e-05,0.0006790873284306633,0.723717918491608,20
49155012,-9.182071446892648e-05,0.00016510121553410667,0.9888320211428631,20
62901975,-9.192963497580975e-05,0.00016844629291809597,0.9876875148652962,20
49355038,-9.197580320093046e-05,0.00023698998613182038,0.9505907335581556,20
86755296,-9.205891714313408e-05,0.00038521076163196294,0.8507167613989484,20
98548618,-9.22260341833514e-05,0.0006849870801726441,0.7228951247751283,20
91534586,-9.236732304185035e-05,0.00016941544427986872,0.9876253507112873,20
160588285,-9.2469595180808e-05,0.0002532387862425405,0.940533368475828,20
85003968,-9.256625926379603e-05,0.0001932817889298451,0.9773086147216126,20
204239527,-9.272775122551313e-05,0.00046522068061442514,0.8080640606214273,20
31617880,-9.282530128031097e-05,0.0003364448740895386,0.8838505231027918,20
6067603,-9.296276419006044e-05,0.00042874606002438366,0.8278030241240831,20
202854721,-9.305215042667569e-05,0.00027374888224458455,0.9275309656412454,20
54518912,-9.312225844178012e-05,0.0006794820759150975,0.7263957062396871,20
22428241,-9.314368352255354e-05,0.0004087452260690271,0.8395206837697661,20
11601119,-9.319713034640909e-05,0.0003786222372575952,0.8576341965271761,20
93680662,-9.322658223471502e-05,0.00043987605447716563,0.8224385391345992,20
42103827,-9.326403954917074e-05,0.00034376912389001463,0.8800550210718968,20
112142152,-9.342829907113826e-05,0.0002836746440079996,0.9214241067048498,20
37306245,-9.348462010320968e-05,0.00023525173128958302,0.9542211791355641,20
10819726,-9.348819408159514e-05,0.0004068095156864704,0.8415090292197511,20
243123360,-9.366960309725169e-05,0.0009450028897346489,0.6687161555926644,20
10827316,-9.372053098131438e-05,0.0003613496819277114,0.8697717684743561,20
121151535,-9.38829533882385e-05,0.00033241972613176396,0.889071234031888,20
125581166,-9.4151879086532e-05,0.0006648836851053773,0.7329511496122615,20
58324690,-9.427259250597287e-05,0.00031691237688439476,0.9004220476542302,20
50197435,-9.429086921131647e-05,0.00041088459284651724,0.8411749481565127,20
25485339,-9.453884798941714e-05,0.0007027129633405933,0.7227420639343524,20
20883413,-9.462467751660264e-05,0.00030590112336638706,0.9087041559978818,20
67478698,-9.468899187739521e-05,0.0002989144814015789,0.9136157976308914,20
44906746,-9.485119116909579e-05,0.00034612110337679954,0.8823277100581361,20
29814491,-9.496816847289757e-05,0.000333162526755922,0.8911224406042922,20
9017706,-9.507269834795329e-05,0.00014414858224846987,0.9958852633454248,20
186821353,-9.512820605709626e-05,0.0009738220366607077,0.6664321830828395,20
102490732,-9.518302871167894e-05,0.0003606199439228848,0.873793403068922,20
99926425,-9.520794736010974e-05,0.00024276683366359475,0.9522156609170587,20
10471029,-9.52325834004314e-05,0.0005455955705233403,0.7776731364713164,20
21880708,-9.539840864955796e-05,0.00043009981680731463,0.833154667450843,20
8817257,-9.547581275284322e-05,0.00036416770429079125,0.8722528217675459,20
139880223,-9.548951789221106e-05,0.00016222412426513514,0.9917961416229526,20
97323161,-9.599864872005814e-05,0.00024687820958736576,0.950893174316257,20
42541131,-9.604385654496672e-05,0.0003139376684559385,0.9063892881349841,20
54449109,-9.615906462145384e-05,0.000351894067609761,0.8816853494272063,20
156259595,-9.617590002515275e-05,0.0002461198030650619,0.9516592436457268,20
27642318,-9.620931281849877e-05,0.0003000762597044733,0.9160643947597364,20
15679810,-9.63709481234809e-05,0.0002812027592999779,0.9290771624379899,20
78768871,-9.647032006628309e-05,0.0002153810455337039,0.9701787643220902,20
59887911,-9.652242543487511e-05,0.0003354436623250983,0.8931954982132699,20
118218875,-9.659035586824238e-05,0.00027010097974044573,0.9368715326127096,20
43829304,-9.672104164438477e-05,0.000440360173713512,0.8308432444674834,20
131769739,-9.686039882657316e-05,0.0003277692922447461,0.8989990357147042,20
17237543,-9.725725580154442e-05,0.00020300227361233744,0.977344179919722,20
1016948,-9.755308972982102e-05,0.00048791208736062385,0.8087878534307531,20
74839689,-9.759302439647788e-05,0.00018933216217971427,0.9836985581787452,20
127746755,-9.774533510918948e-05,0.00041047763442658735,0.8498729779803715,20
73581599,-9.783449166946568e-05,0.00017273765990481413,0.989859854076855,20
96900819,-9.786788261516577e-05,0.0010207818302165525,0.6635429636248149,20
99640600,-9.794588928769277e-05,0.000507671934206082,0.8005004484622806,20
72901752,-9.79649650280634e-05,0.0001867540742907396,0.9850088497465707,20
140761280,-9.820756494250405e-05,0.00023592065137138072,0.9609011017824041,20
93898727,-9.823910114254708e-05,0.00020447255539490008,0.9776170763552253,20
62087912,-9.824396978517225e-05,0.00019292772212231628,0.9827416874169423,20
34019487,-9.826286119728189e-05,0.00015103609658520206,0.9955058493556338,20
13874204,-9.828588185773202e-05,0.0002325750945192005,0.9629377900740432,20
43,-9.829606683599279e-05,0.00027209413735051357,0.9386669840838064,20
69688165,-9.838873130120496e-05,0.00021410510635181188,0.9730599441848252,20
121576517,-9.84051092774274e-05,0.000626335206534174,0.7545965037699705,20
40977362,-9.853863549863228e-05,0.0002385106936525858,0.9598564653937304,20
35770896,-9.870646169958252e-05,0.0015390381065261943,0.611323163567226,20
70498868,-9.880705009873147e-05,0.00037136208604345684,0.8756261397742706,20
41449771,-9.891514536493062e-05,0.0006198511136951701,0.7579433035515489,20
98348647,-9.899737372843497e-05,0.00030144576747366265,0.9208600709055581,20
15550435,-9.899960478678416e-05,0.00031849403669409373,0.9097151180369484,20
122979329,-9.907807444068939e-05,0.0004918409556264292,0.8105355430072292,20
5804545,-9.912609414672035e-05,0.0003597156067281147,0.8835793966172464,20
20955577,-9.914505201942814e-05,0.00022159151318781425,0.9700534049290084,20
126618229,-9.925725707829458e-05,0.00030727491388605853,0.917570979894908,20
119353493,-9.938911791560756e-05,0.000290402787185868,0.9288220604996993,20
30366080,-9.957489602969438e-05,0.0002613339219825159,0.9476592288408858,20
57267406,-9.971361402409951e-05,0.00030121498377291557,0.9224268852958718,20
137557843,-9.973117736665482e-05,0.0003031765185739466,0.9211872837270814,20
138031907,-9.980474340530732e-05,0.00041311611101709335,0.8532611560555496,20
78286828,-0.00010013847886809757,0.0003456407721380703,0.8946934274559548,20
74493432,-0.00010016553751270862,0.0005696837522104986,0.7793113562586309,20
68687348,-0.0001002012551743564,0.0006213969513628265,0.7601978725636569,20
142483643,-0.0001002853611964477,0.0004115172701316556,0.855294190126455,20
36839538,-0.00010036168095076958,0.000263585807102436,0.9475443321204855,20
53879927,-0.00010038138295557497,0.00017846703902430643,0.98947775279613,20
25284225,-0.00010047726823215752,0.0003361438572155567,0.9014579491010947,20
177409850,-0.00010075273934280204,0.0002588956190149624,0.951019003865852,20
162194539,-0.00010090643947767986,0.0002511513942232815,0.9558577152782471,20
73959773,-0.00010099447617370472,0.00025809663443931297,0.9518715302455704,20
85907479,-0.00010102212355708462,0.0002536988990172456,0.9545289049568393,20
37439964,-0.00010103958344017671,0.0005004633103617424,0.8110551611052794,20
82907156,-0.00010104388490163041,0.0004381096581825727,0.8423559561510037,20
12689512,-0.00010104397464318071,0.00024088619681308406,0.9619416113111934,20
21286667,-0.0001010532016741894,0.00037777193679416915,0.8768498754664436,20
10800737,-0.0001012446263585015,0.0003024229645412823,0.9246116378965883,20
39343904,-0.00010126637972598108,0.0003609344291128853,0.8876047091518217,20
33297667,-0.00010141190187932524,0.00026602278045515936,0.947739689833587,20
39744102,-0.0001016833396525002,0.001174765891012329,0.6485048807590569,20
11675505,-0.00010194283525835623,0.0002742525695924685,0.943573280022254,20
42941468,-0.00010209047385823234,0.0005099644039139873,0.8090809342345425,20
105199555,-0.00010230683756906611,0.00042766432621742765,0.8509513980069758,20
69955276,-0.00010242660740394927,0.00056992266156051,0.7842537922530113,20
183226871,-0.00010261653517951441,0.00027794673457352066,0.9424237506947337,20
80100495,-0.00010287424992200256,0.0002310064726948958,0.9695046682445849,20
101394379,-0.0001029021148604231,0.000394592306574347,0.8710272875153843,20
46507949,-0.00010299248269255989,0.00031129843725689584,0.9223145456429079,20
63288667,-0.0001030079036706294,0.0005894483383265426,0.7779364524719523,20
59864071,-0.00010305077020026366,0.0003902820660714381,0.8738792852343585,20
109915352,-0.00010308994906094992,0.00034225732872249654,0.9030915646249288,20
47668215,-0.00010320063752696507,0.00019767634071638003,0.9846595349930761,20
19803902,-0.0001032750898740914,0.00015206467204073097,0.9966109958443143,20
13240557,-0.00010335269320363438,0.00017953319364979846,0.99071635236662,20
3812539,-0.00010348069502526536,0.0005681705201723627,0.7872772856445049,20
179611563,-0.00010353040125690438,0.00027258380134822797,0.9471413398872367,20
169509545,-0.00010388370015439463,0.00022401170132027356,0.9740389580844169,20
38044662,-0.00010398577791321806,0.00029418578702012277,0.9347820515498234,20
4814218,-0.0001040474360435556,0.00028085011426276133,0.9430100912206516,20
30094716,-0.00010414010051175704,0.00026937756739838935,0.9499793531660279,20
194239913,-0.00010416743577090492,0.0003992824670959169,0.8711205123361838,20
35839613,-0.00010424075340437767,0.0002551361300413185,0.9582876952342025,20
126385172,-0.0001042581731320824,0.0003132095895946999,0.9235035775785936,20
40343426,-0.00010432143454406628,0.0005287526559337067,0.8056900426343194,20
103490305,-0.00010433586087666147,0.00021900443595089945,0.9767953041142725,20
87375385,-0.00010434019435333342,0.0019524530117284568,0.5931651957918507,20
15093122,-0.0001048635759311356,0.00017432214052278902,0.992754098550755,20
200435300,-0.00010497559580219251,0.00029279671455221786,0.9373277620642226,20
61465720,-0.00010527332990596383,0.00040902155032430075,0.868000338528621,20
93505823,-0.00010552772653522613,0.0004954159956228352,0.8236228805695038,20
154380435,-0.00010566566451754022,0.0004308318232697258,0.8567893931310581,20
61945536,-0.00010591860475132054,0.0002763956523221205,0.9485815240119959,20
62291679,-0.00010598507873110785,0.0003744794721755753,0.8895397171940805,20
92314443,-0.00010599127411450027,0.0003939989898550373,0.8781362087401541,20
112727184,-0.0001060213369039248,0.00035882990547730166,0.8989625628656025,20
70676082,-0.00010611213003172693,0.001033470425799526,0.6743422065740159,20
78109772,-0.00010612255079046063,0.00041765448707935845,0.8650263489317315,20
206459857,-0.00010617120121715617,0.0003515936825366583,0.9036316696313083,20
49844377,-0.00010622565204305989,0.0003612220453712268,0.8979416923724572,20
22488198,-0.00010655934477630802,0.00015763897217384022,0.9965022970497771,20
56266410,-0.00010658834214919144,0.0009543104405033961,0.6884188064601349,20
4467757,-0.00010664110041402053,0.00029191187362878005,0.9406146065995507,20
74639392,-0.00010674722508027812,0.00045365807578986913,0.8470709552516553,20
82489969,-0.0001068227912766645,0.0002877164468179436,0.9433766699919856,20
74475283,-0.00010701376452605104,0.00013082968251006315,0.9991638840939061,20
44206215,-0.0001073523159024925,0.000188128501858794,0.9902608084140643,20
22235825,-0.00010741916363326831,0.00012121258259886805,0.9995833343274716,20
156572976,-0.00010777774475350388,0.00044096438872659027,0.8559815787554483,20
54458694,-0.00010789601447488972,0.00024662674336255126,0.9673664174092388,20
90893554,-0.00010797294148701952,0.00016879232506571194,0.994997785227146,20
35238906,-0.00010799486897294374,0.0007437951885612506,0.73805076337519,20
107720863,-0.0001080225057119466,0.0005086984539965406,0.822895716259119,20
90722253,-0.00010813258877167276,0.00021544338441012998,0.9815518966677931,20
129558393,-0.00010834976172093003,0.00035265451402839395,0.9072855930544987,20
78880320,-0.00010835859201729914,0.0006271924665158727,0.7753797661556187,20
72490377,-0.00010848635473335866,0.00022892359169872787,0.9762707714077795,20
611323,-0.00010849292110803876,0.00027905098513575274,0.950869946555397,20
105556655,-0.00010850539196517739,0.0002843892598840944,0.9478766152280226,20
162065060,-0.00010859977068619353,0.00037417589969456047,0.8950846468669164,20
29845626,-0.0001087569595218163,0.0003592433304677398,0.9041710271543016,20
661031,-0.00010878584907776934,0.00045940995593877213,0.8485561782802277,20
50155353,-0.00010880376071645548,0.00043141166394006827,0.863295960135738,20
21030273,-0.0001088622359741498,0.00027356426678742994,0.9544322705102967,20
73740702,-0.00010892468203792527,0.00016039926243291685,0.996608716093447,20
98032708,-0.00010893340724108525,0.00014637542339387684,0.9982332267959216,20
57323170,-0.00010899547885374894,0.00024194047419444733,0.9708459019559018,20
115340404,-0.0001090894487494276,0.0002139623370142935,0.9828401963969065,20
10421057,-0.00010910797347647438,0.00029403451910988044,0.9432830216996042,20
67656715,-0.00010915033707360466,0.00019537449376813516,0.9890944266126735,20
122261496,-0.00010917373540243191,0.00018355238561309654,0.9922665078393588,20
83397458,-0.00010942985201859157,0.00045513693853113646,0.852135522331342,20
71190157,-0.0001094462063106344,0.00012984824851618225,0.9993514588049563,20
113663529,-0.00010949795183712308,0.00019551230805972948,0.9892358397730876,20
98511485,-0.00010950915446376608,0.0004197271276809246,0.8711372728541302,20
462684,-0.0001096223446290484,0.00021745844981129893,0.9819171856938669,20
11675117,-0.00010972343418028108,0.00018201303455884013,0.9928431221123448,20
80506234,-0.0001098498842218798,0.00040161890022827643,0.8818969830176293,20
49463961,-0.00011001080840778166,0.00026327874594589835,0.9614174341234824,20
145574844,-0.0001100664603881335,0.00023535169048487936,0.9749232954337839,20
88714509,-0.00011013452307253314,0.0003211157722805273,0.9292223160371691,20
143371663,-0.00011020370148946968,0.0004118967093065189,0.8768957667410376,20
108540365,-0.00011035363482884142,0.0002458373932323462,0.9704326842404682,20
124714491,-0.00011050041937218924,0.00017745645879655548,0.9940954425312027,20
126355170,-0.00011056651962867425,0.00041719754195358223,0.8747272199244998,20
119459916,-0.00011078725887191942,0.000696964946904555,0.757101567370814,20
89980365,-0.00011114701333178878,0.00036208169485856586,0.9070984489621636,20
35228903,-0.0001111829975175449,0.00021138048828739535,0.9852039096717553,20
43461665,-0.00011120644378018185,0.0002871654005898436,0.9502484971801217,20
76033004,-0.0001115331814803111,0.00030459009742607376,0.9410179093024379,20
144372769,-0.00011154030315308484,0.00045838720204865633,0.8549438440748108,20
226286416,-0.00011160501701562575,0.0002550470768815969,0.9673941806860559,20
102307542,-0.00011171333761990921,0.00046708012930392405,0.8509038448064641,20
21285923,-0.00011186850369862833,0.0003352353057377973,0.9239879045801911,20
47650686,-0.00011193727897640671,9.770023202914572e-05,0.9999698308790738,20
37278360,-0.00011207447510406531,0.00034714859324447425,0.9174583032092273,20
82703335,-0.0001121277318920727,0.0003684277005221933,0.9052889924808992,20
105800755,-0.00011218144923876295,0.00019483938456849875,0.9907242242381366,20
34498398,-0.00011225683026249156,0.00017524372348592655,0.9950415123205911,20
220302117,-0.0001125147854187214,0.0005247749736119243,0.8251615017410644,20
154584708,-0.00011252770795515121,0.00029714122192942965,0.9466640061899261,20
47066612,-0.00011265670369405012,0.00026834501607201126,0.9620549987526755,20
121137630,-0.00011269021824864,0.0011801694135740628,0.6629207424380383,20
43141583,-0.00011273615180866781,9.634374162236805e-05,0.9999763169605804,20
138593146,-0.0001127579835496606,0.0002807254079057254,0.9558177873625673,20
97638548,-0.00011280003023980411,0.0003056426179638751,0.9423608861220039,20
31072993,-0.00011295414920370895,0.0003270282423787312,0.9305387097310471,20
127958041,-0.00011314072040507494,0.00028303457849184735,0.955106740376105,20
5068661,-0.00011320004578963261,0.00025718920817757057,0.968104993259788,20
464840,-0.00011325703494949046,0.00019090006462084633,0.9921540564838485,20
21883988,-0.00011333182226068161,0.0003418537784333544,0.9227120906461772,20
65093851,-0.00011339051547723244,0.00036894109705907537,0.9073537812372957,20
31296409,-0.00011340327998921873,0.00015959686134800268,0.9975222888543143,20
110254329,-0.00011351400634226349,0.00029441716726603425,0.9495528489995031,20
132186618,-0.00011358943879667127,0.00031744872662156794,0.936976777507781,20
61050397,-0.00011377820054412901,0.00028342135239127367,0.9557366248414427,20
77797555,-0.0001141642682625038,0.0010125139200412381,0.6900577478093464,20
208086100,-0.00011420499987533916,0.00018588097256785576,0.993600326549825,20
9019654,-0.00011433893268617268,0.0002666792758623958,0.9648284949095972,20
35254301,-0.00011440528611979528,0.0004645841643326203,0.8577338275236824,20
180010702,-0.00011442914796475357,0.00021752007618627326,0.9852144741289048,20
43249254,-0.00011446744638680672,0.00026517670076174724,0.9656938547691447,20
123816089,-0.00011457397735163966,0.00028213538926740616,0.9574168860380431,20
19426904,-0.00011459290039419756,0.0001511940069780038,0.9984617372201673,20
113101368,-0.00011460646489097337,0.00018275578405968192,0.9943436992967668,20
83316149,-0.0001146075543377173,0.0001827955820739531,0.994336496951341,20
122613907,-0.00011468589133822039,0.0007076882535161163,0.7612790956426312,20
30469293,-0.00011470365278430372,0.00020560456210833478,0.9890131810589952,20
174480301,-0.00011492364226109442,0.0004023582170569547,0.8915670552294933,20
157384457,-0.00011497627578630764,0.0005343879667926755,0.8259826728986298,20
23958266,-0.0001149843315899457,0.0007429637813891271,0.7513852709612026,20
3664025,-0.00011500832545059958,0.00010323735077915313,0.9999586232740785,20
171611979,-0.00011510561238892436,0.0002992020101371976,0.9492035814596097,20
164792067,-0.00011521609916338438,0.00033642081017505344,0.9289488006473406,20
136756670,-0.0001154796099710087,0.0003619753825420594,0.9150573948450922,20
178608316,-0.00011599207615954065,0.00017454615782455454,0.9960830284584588,20
22631461,-0.00011610076320393292,0.00042675467433845915,0.8806854162875594,20
35905513,-0.00011611703584801236,0.00021802414378302234,0.9860812534421478,20
27900578,-0.00011621088163295546,0.00033764834671841555,0.9298788132793764,20
12802174,-0.00011627271338148504,0.00022638919844156414,0.9834178360141246,20
73159526,-0.00011635150731041099,0.0003017226171175408,0.9495812742366023,20
44265321,-0.00011655424220764765,0.00015550011460025603,0.9983258975813694,20
39575264,-0.0001166426196319098,0.00044040591246422467,0.874580940909461,20
18216100,-0.00011665815831825577,0.00022267506739619085,0.984915531076775,20
166207140,-0.0001166842032828963,0.0003125917746297533,0.9442797475747667,20
104154456,-0.00011670990480247556,0.00027976329179949595,0.9611968165692386,20
158261515,-0.00011672420898447555,0.0005957519639085057,0.8040715086468988,20
31494202,-0.000116740009638569,0.00039621155199760495,0.8983592194534593,20
129784942,-0.00011675145628900207,0.0003027600109483628,0.9495811450972149,20
860600,-0.00011681083197427889,0.00038902717734653016,0.9024234719378736,20
105130436,-0.00011690064216203777,0.00013206065025770782,0.9995790537111832,20
66174221,-0.00011710990393973553,0.00046836526089755453,0.8612918807842337,20
133388628,-0.00011756274344743023,0.00024310742445431808,0.9782356440332953,20
47909938,-0.00011760428688357139,0.00028625298446302377,0.959073560365007,20
152995177,-0.00011769155206490245,0.00029957513835827054,0.9524832000802794,20
77796139,-0.0001176942506094486,0.00036480639908458224,0.917320294044877,20
93305152,-0.00011784427469774261,0.00034379303954515774,0.9291139108641228,20
33499109,-0.0001179111884193923,0.00017674417923820398,0.9961821934913592,20
219901503,-0.00011792352755827795,0.00021506447346428172,0.9879798286186698,20
71358495,-0.00011793197805629319,0.0004305692785130437,0.8822102729960054,20
105557003,-0.00011808939551237741,0.0006785788444517328,0.7770004251408407,20
5064811,-0.00011814133746526623,0.00022948451515352632,0.9836014798159751,20
13413926,-0.00011814222199675039,0.0006060075582257697,0.8029130650201511,20
132150865,-0.00011814547719478374,0.00037932256414734616,0.9101339833401704,20
18826500,-0.00011823307588202104,0.0002704298109542594,0.967286890282453,20
107733658,-0.00011826937985225106,0.00023344480812477223,0.9823273896159739,20
116454588,-0.00011828420993235666,0.0002934211654740305,0.9563485635194384,20
2211625,-0.00011836602324987178,0.0001738459882064856,0.9966682138913979,20
133682550,-0.00011836887112270655,0.00011394609347005987,0.9999118703367842,20
122552373,-0.00011853205460264915,0.0003307523173341416,0.9372504150771966,20
51641256,-0.0001185436965219222,0.00029226968133272744,0.9572393769038497,20
57868367,-0.00011857078341893091,0.00047842162632940764,0.859230580211782,20
33497709,-0.0001186235699681487,0.00024350050353376054,0.9789227479404919,20
168796586,-0.00011865874608913973,0.0004127821880511956,0.8929780040581456,20
81350676,-0.00011876262548472238,0.0003221199307842,0.942191033538337,20
177219071,-0.00011878125392809635,0.00034403084565450025,0.9304672988312318,20
50690050,-0.00011910782673262842,0.0009223277930663261,0.7148166022400544,20
50855558,-0.00011918592465393341,0.00017211091628385936,0.997032210486607,20
25685359,-0.00011930101628465361,0.0003129532796669402,0.9477376558446603,20
191236627,-0.00011932646837817529,0.0006453602275931098,0.7907192134403316,20
7667965,-0.0001193735864556178,0.00018945551433278973,0.9945060303883911,20
139664598,-0.00011951346786327199,0.00028026699240661196,0.9641247013309777,20
23289151,-0.00011955129209525461,0.0004624458980661568,0.8690213485164194,20
232890592,-0.00011969640471265197,0.00018498111130579213,0.9953477354914558,20
162203896,-0.00012002551927688399,0.0005775163793068953,0.8178415940955603,20
143772471,-0.00012008931119118493,0.00025280258885005416,0.9765089322533128,20
147851270,-0.00012012675963339325,0.0004230329736031588,0.8902789829640321,20
16814624,-0.00012014650165029228,0.00018406572502482847,0.9955996966736471,20
140681009,-0.00012036116683047659,0.0004091529866109843,0.8980142772488514,20
25888180,-0.00012053501587218907,0.0004011424564041555,0.9025765496847256,20
162990110,-0.00012056839945212005,0.00024197809121882823,0.98093158189438,20
28563495,-0.00012056871320386963,0.0002152753528940793,0.9892369426547677,20
78597927,-0.00012058816793767968,0.0004272458923083835,0.8889315402542095,20
104330202,-0.00012064339410681746,0.0002221775614842639,0.9873674243421947,20
1610985,-0.0001206614724465177,0.00031604982176064233,0.9479787818328045,20
126956492,-0.00012073268597757037,0.0005723759646659185,0.8213203306892872,20
90693537,-0.00012079356602460733,0.00016740718943970915,0.9977809074700922,20
160662929,-0.00012119865359452864,0.0002209749346337657,0.9879973062816316,20
137564194,-0.0001213031825550992,0.0004962967605458659,0.8559843690344403,20
101442703,-0.00012141111119439718,0.0002739295961598335,0.9689419948194979,20
48652015,-0.00012171998970951225,0.0001924261657287371,0.9946367464575839,20
19,-0.0001218105991832974,0.0006700247327380253,0.7868654092585077,20
114050658,-0.00012183525840193387,0.00040636643362190484,0.9021046892527776,20
19916322,-0.00012218064071342627,0.00039057671751698816,0.9110338347572364,20
181214349,-0.0001222522005502269,0.00015537355492356418,0.9988523618449363,20
123341775,-0.0001222820972019506,0.00021263909229830933,0.9906626961617054,20
55598682,-0.0001223778967408412,0.00023633927161288357,0.9840459611203433,20
76300450,-0.00012243754848361988,0.0006163150814081854,0.8072923786535735,20
84295995,-0.0001226412214604955,0.00032696505827412584,0.9450856359750653,20
56867087,-0.00012286461461237795,0.0003340389907137114,0.9417850801828549,20
10026833,-0.00012298890572660925,0.0003296622263171014,0.9441881436747593,20
16351029,-0.00012331886128031934,0.00022294565108056482,0.9885109785002896,20
30529316,-0.00012345400591849963,0.00046284979556370583,0.8761909198907329,20
9219662,-0.0001235287620790587,0.0001867667900802322,0.9959600974874646,20
23883317,-0.00012367960936533195,0.00037939503028230616,0.9193971547174582,20
80300553,-0.00012390751500813147,0.00037524970553724286,0.9219304126912937,20
174402618,-0.00012416520274207422,0.001998191682058708,0.6079520778304542,20
6870454,-0.00012450621638758762,0.00024430432190888565,0.9828060259170494,20
9021912,-0.00012460626278895383,0.00023560280092707915,0.9855950727798599,20
67665731,-0.0001247081116016985,0.0004991803381780867,0.8610926324506658,20
120136417,-0.00012485577112525127,0.0003091909520507393,0.9565996896739515,20
62452554,-0.0001248813702093926,0.0002642207768685119,0.9760042001279189,20
139193638,-0.00012510394447468875,0.0002771314698539676,0.9710785323516556,20
101946653,-0.00012556545933612996,0.00034122622743052507,0.941863087652039,20
146578714,-0.00012563111114121672,0.00018281852720877337,0.9968712167228273,20
9067655,-0.0001256592323735345,0.00018165122516192503,0.9970104274630278,20
13072952,-0.00012566579829973167,0.00046095441791798317,0.8811552283443589,20
65930148,-0.00012569828283136297,0.0002492010048514469,0.9819661730692728,20
121060536,-0.00012581283092068517,0.0003239627532077424,0.9506940667975811,20
97632245,-0.0001258611422839756,0.00025765265460342304,0.9791736005692394,20
41740041,-0.00012605630863020688,0.00020766215970599206,0.993127009194978,20
58663457,-0.00012607751528342925,0.00027006919801549984,0.974737755395888,20
50723538,-0.00012609939248414692,0.00021368529641216228,0.9919124450871435,20
69467040,-0.00012611852998492822,0.0004543832726854643,0.885196242551935,20
21487195,-0.0001263095568171557,0.0005692455769480543,0.8332440492289929,20
105645232,-0.0001264752019429466,0.00033296466893137876,0.9471560878813663,20
57741610,-0.0001267830126143038,0.000432154612044561,0.89742579632364,20
186219808,-0.00012679702991203745,0.0003421499299731668,0.9430630056640201,20
43712390,-0.0001270023149019972,0.0003510840126917897,0.9389027212659119,20
49396573,-0.00012705775980771937,0.000371843294783952,0.9285194699736021,20
221075630,-0.00012749310652300782,0.00026241481211351065,0.9786726498954919,20
192838994,-0.00012761297552365826,0.00047462169603861877,0.8780169795260139,20
80748999,-0.0001276838130993968,0.0003465806324804166,0.9420611960645172,20
16424407,-0.00012771106660892652,0.0003807117283304181,0.9250006073381631,20
13070453,-0.00012773542323753218,0.0003542537745181064,0.938334976773366,20
108960273,-0.00012777310045563038,0.00040199995559668213,0.9143021368589661,20
27048983,-0.00012809364247213796,0.00018569444065134923,0.9969517190770593,20
133953649,-0.0001282074138708622,0.00042184712206781396,0.9049955018292454,20
29093137,-0.00012843225978566297,0.00010195009044424554,0.9999901513227072,20
25888830,-0.0001285789827883299,0.0010257095124527413,0.7091925367371612,20
154058200,-0.00012876647731419887,0.00047476727819793205,0.879989656595638,20
83322217,-0.00012879491732625814,0.00029899235411725514,0.9654281715522653,20
19039502,-0.00012894936312024264,0.0003565888025975104,0.9388425465503577,20
129166541,-0.00012898472166055218,0.0001568699041145908,0.9991995426447152,20
39901468,-0.00012913103704927098,0.0003743496506273562,0.930296659737782,20
7069065,-0.00012921227665681212,0.0003555258978785154,0.9397199465306396,20
47833625,-0.0001292483718035614,0.0004066412555195243,0.9143022377630166,20
73782191,-0.00012945357592654693,0.00034926230870596577,0.9430901471990415,20
98633671,-0.00012955023479361283,0.0008388898507737167,0.7509267992219947,20
101489665,-0.00012956437793627817,0.000264954783849777,0.9792696767224459,20
157789987,-0.0001296193299024001,0.00021165843102828106,0.9934751014698413,20
88298669,-0.0001296479479309276,0.0004362608698166505,0.900210684830253,20
88914639,-0.0001297302066467998,0.0012313788341456096,0.6785529042010012,20
26809628,-0.0001298114971906128,0.0004982166634310293,0.8708256045599927,20
10087712,-0.00012984337881126462,0.0005150710312892749,0.863189339192623,20
9,-0.00013002315745074545,0.00021707984026404076,0.9925713627134083,20
17677606,-0.00013016082208273382,0.00021948379186982606,0.9921353867042564,20
18482665,-0.00013022670485622888,0.00017786756288209,0.9980051735902152,20
40521918,-0.000130730803793902,0.00046864212034913736,0.8863197244578198,20
3012372,-0.00013076090627432978,0.0005092903260009292,0.8674365825679259,20
11638823,-0.00013103439895514323,0.00024231874439650802,0.9870991124262292,20
34303395,-0.0001310622497666003,0.00027499402763116773,0.9768346562795314,20
143343688,-0.00013129656775655307,0.0002512625542367764,0.9847270357649199,20
14235022,-0.00013153905037593673,0.0005016495698121932,0.8722857655694463,20
54654069,-0.00013185463759267656,0.0005091173056112401,0.869437711154573,20
44085579,-0.00013198412196326615,0.00026272293237687743,0.9816293030517796,20
135963464,-0.0001320862362090669,0.00030414842684493376,0.9664549431597783,20
79080775,-0.00013215395819972663,0.00013286256199959148,0.9998621332683443,20
100516003,-0.00013225550307234822,0.000301680984635363,0.9676206505458784,20
115303179,-0.00013227574794650866,0.0010967231216035685,0.7020565907807403,20
53275037,-0.00013229403278268992,0.0003627065484508981,0.9403405716164845,20
164792631,-0.00013249684508389315,0.0003232512442251334,0.9587456604714901,20
40648140,-0.00013260558555646396,0.0005819987432573852,0.8394876134967897,20
42828595,-0.0001326488180481339,0.00017273084582831893,0.9986102272718632,20
154395994,-0.00013270325234665813,0.0003000588614641242,0.9686822535002744,20
49649410,-0.00013277850787107582,0.0011555403429607519,0.6933680180804883,20
108934045,-0.00013278003546415284,0.0001657149384837441,0.9990088847001689,20
150791535,-0.00013297124295444385,0.0003386267561985428,0.9524113892178283,20
8274040,-0.00013317559486861197,0.00045611681881703594,0.8963881307850999,20
230712513,-0.00013324742456628514,0.00024925002844854063,0.986337988024534,20
19828492,-0.00013380882838953944,0.0003643394241273399,0.9415283655225123,20
71058974,-0.00013398541788266772,0.000363491932252896,0.9421520028150344,20
182414925,-0.0001339870905870899,0.00036796130963139624,0.940051490172552,20
52409245,-0.0001344405472000071,0.0002057234345888855,0.9956326814304003,20
170330173,-0.00013444768093460457,0.000334061211414497,0.9561095999877299,20
81906525,-0.00013462185901848278,0.00035759558927163837,0.9456909122407361,20
22805654,-0.00013466554527806208,0.001783672416557175,0.6303326130421485,20
28834019,-0.00013466895425298387,0.0011660609432733585,0.6942639045028725,20
61126752,-0.00013490458257099658,0.000506541712832079,0.8758475034427374,20
45645884,-0.00013535544577945592,0.0006699539751438096,0.8112226673471941,20
110645608,-0.00013540029520972275,0.0001785555851143167,0.998467781259105,20
144966325,-0.00013542959581385461,0.00026020872338167937,0.9844313400339679,20
51350678,-0.0001354853159457714,0.0001706593353559289,0.998931850197897,20
36296265,-0.00013549499121302822,0.0003213010974202353,0.9626565700428039,20
109244436,-0.00013550554535571578,0.0002882585633241908,0.9754537471844487,20
8667534,-0.000135624779139068,0.0001986141265385611,0.9967333941753916,20
173203884,-0.00013563170027089955,0.00022543771976042177,0.9927601430202716,20
101927864,-0.00013572509218003626,0.00030072456491856623,0.9710539076256559,20
122525533,-0.00013624886925107937,0.0001838712989112067,0.9981752088853837,20
32636083,-0.0001362877592370193,0.00043702405026555923,0.9103932250841889,20
27666843,-0.00013630954649221372,0.00027662163331596007,0.9799600979758148,20
24294074,-0.000136395746406881,0.00021376227657149036,0.9949184472533169,20
43061380,-0.00013641110309048354,0.0003314979511624692,0.9592990358083068,20
46908828,-0.00013646655340075197,0.00026306401915535577,0.9841849215580333,20
89640770,-0.00013651963196239513,0.0013551830063466424,0.6712821558777566,20
10219129,-0.0001365217798587809,0.0003261029217058294,0.961676380905302,20
76096927,-0.00013656358805365642,0.00032844140211943704,0.9607423043077963,20
112007180,-0.0001366876793993721,0.00032426286601944,0.9626015571974446,20
15279294,-0.00013672526742574686,0.0004178682435081715,0.9201295142341676,20
6,-0.00013682463306911863,0.0002692101106041996,0.9825862732151952,20
207685764,-0.000137332317717484,0.0003016609721696613,0.9720298428873829,20
44045851,-0.0001375211624715683,0.00031176980809454266,0.9683669855299122,20
3212652,-0.0001375876145681437,0.0002885571017813109,0.9768783861421223,20
74503753,-0.00013780393158785987,0.00025768673965236456,0.9863607716600393,20
76663351,-0.00013793447979990603,0.00022479133438018322,0.9935513031434469,20
58897769,-0.00013817102672850355,0.0005182643264943215,0.8760861535845885,20
121711003,-0.0001383437134755222,0.0005045030187230445,0.8824735541310873,20
231112738,-0.00013843451610069392,0.0004678358095057951,0.8992838030512044,20
37299956,-0.00013862871937673493,0.0002124087787677433,0.995595955685463,20
44751856,-0.00013884912226747037,0.00024669041580491213,0.9895157660112027,20
29333063,-0.0001389793979498649,0.00047932682685963287,0.8948659977355654,20
191826111,-0.00013906004672074312,0.0004220167997341339,0.9215213288883888,20
110609288,-0.00013944601229026743,0.0002696249243944589,0.9839547246709929,20
8617560,-0.00013946753215239306,0.00024596171388743837,0.9899223822061428,20
52350956,-0.0001395349076937197,0.00036402651908700037,0.9486216726672488,20
40144674,-0.0001395359154703596,0.0004894496295172347,0.8911509688484102,20
81621422,-0.00013962241119050146,0.00021887992210165813,0.9949096311137077,20
80967238,-0.00013994427184013393,0.000329306032395043,0.9636761305572071,20
83507794,-0.00013994500302686453,0.0004209410309811095,0.9232620785401019,20
234315474,-0.00014000593318497234,0.0003537497028811915,0.9536106466880665,20
59698659,-0.00014002503207232453,0.00019776661805868587,0.9974587591740107,20
5404262,-0.00014003866359552363,0.00024064232945758099,0.9912541956944075,20
17899701,-0.00014022534552989575,0.00021854489646535574,0.9950925754559359,20
28237985,-0.00014028888601155253,0.0005581679068248134,0.8624967702275305,20
57862549,-0.0001404035800271125,0.0003174525192199983,0.9686889525112022,20
114344723,-0.00014042366487700407,0.000557973622744743,0.862800893856038,20
41649868,-0.0001405627101980833,0.00047026603306274097,0.9014499929799442,20
84403409,-0.00014075086244567104,0.00043560504343273813,0.9176277897697289,20
149771954,-0.00014083713567734636,0.0001663293253486033,0.9993765017898867,20
82151758,-0.00014092226514183793,0.0004102660226444517,0.9295042959112317,20
248728908,-0.00014097209230552467,0.00012490714597759964,0.9999642322979596,20
143972993,-0.00014113367733627202,0.0002276068367492787,0.9939434684631919,20
53844253,-0.0001413576683123252,0.0005785229857370389,0.8559132818483508,20
14824119,-0.00014154567515345108,0.00020877409063811865,0.996571492646895,20
86317533,-0.00014160247200220577,0.0004905010451692283,0.8939142357355294,20
862933,-0.0001416538708189752,0.0003128639967315478,0.9714148007516448,20
8199263,-0.00014170641856615373,0.0005254122141350905,0.87871919063998,20
64706442,-0.00014219567317773352,0.0005064876233786756,0.8877486575604301,20
25690290,-0.00014228264911992917,0.00031225734732212996,0.9721286579213626,20
48553911,-0.0001423698195341605,0.0003294426539478722,0.9658371364881679,20
138030047,-0.00014243470735210984,0.00020944679593660798,0.9966411304385472,20
46256269,-0.000142472998074461,0.0004302718477953126,0.92247721840905,20
62266253,-0.00014256424567892778,0.00042134000481644285,0.9266556284031595,20
35243412,-0.00014258487557745615,0.0001972271541482001,0.9978117091072974,20
173003387,-0.0001426988990863687,0.0004141833142308847,0.9300708104852551,20
72991793,-0.0001427693982740008,0.0003041165420330916,0.975317003562749,20
16898888,-0.00014285111866916834,0.00021299238441737563,0.996314255002594,20
49489381,-0.0001428843092834031,0.0004909568027148772,0.8956819775551735,20
6816431,-0.00014296504593049042,0.00023537999898335881,0.9931504695138723,20
187431600,-0.00014321298003215632,0.00033043921297522174,0.9662006657549712,20
132960759,-0.00014329138336395542,0.00043928039313531104,0.9195215242284037,20
12621340,-0.00014331864913665616,0.0002017185850931366,0.9975204828793671,20
143934667,-0.0001433447081111955,0.00016803979122474854,0.9994153564678088,20
127789664,-0.00014340008505226153,0.0002916305930547618,0.9797699631940676,20
4464252,-0.00014348674630020042,0.000184767386918884,0.9987266034855609,20
48517615,-0.00014351889066566148,0.0003522229875251758,0.9579012521069222,20
60526281,-0.00014355702309606921,0.0001687982936176771,0.9993997823887139,20
21866825,-0.00014361074150676668,0.000287197357899555,0.9812368754525813,20
121461074,-0.0001436649364996212,0.0002561647276415025,0.9893141337693966,20
96510716,-0.00014369052316018371,9.95447986027624e-05,0.999998269685631,20
78797120,-0.00014371193069326603,0.00036170380191284586,0.9541977767917318,20
122674184,-0.0001438905029423676,0.000692511536585572,0.8177853249813574,20
163391538,-0.0001440404234305248,0.0005580604638964382,0.8686546968707788,20
112542699,-0.00014419470491773,0.0005226780170522131,0.8838311808927047,20
152742530,-0.00014429355188335657,0.00048549317320127476,0.9002326815626723,20
55521717,-0.00014442766801523455,0.000307094409160929,0.9755016574494761,20
52677789,-0.00014446842728460806,0.0002339532613159686,0.9937905834746753,20
79882187,-0.0001445342121743437,0.0002408760526016312,0.992647569135672,20
168909319,-0.00014461353114719467,0.004402591581589135,0.5576199295545455,20
31907974,-0.0001447240521717852,0.0002609035301533858,0.9886791911234565,20
34648875,-0.00014482914130407865,0.0009655720570454792,0.7447863343329544,20
19025027,-0.0001448557511809667,0.00028311532387594295,0.983119604281021,20
57013482,-0.00014518236554532659,0.00024710415614554126,0.9917099100720989,20
119950420,-0.00014547973026409755,0.00027336868344518577,0.9860277133225516,20
32018030,-0.00014555979669245988,0.00017771080789422,0.9991733697937811,20
94316135,-0.00014556617028533558,0.0005607889019068126,0.8699595439483858,20
36879339,-0.00014573526044596717,0.00025515556573854994,0.9903096215969985,20
46046009,-0.00014580662772425423,0.00034545755573125455,0.9627706777793635,20
9067597,-0.00014617456080327497,0.00043750611841035167,0.9242242551900564,20
87713999,-0.00014629987254312083,0.00019381923573306634,0.9984128783536451,20
29728387,-0.00014648114473168606,0.0003234702822681965,0.9714341729310173,20
9200183,-0.00014664224723259512,0.00024461317370436103,0.9926085738138426,20
36439115,-0.00014665888099940071,0.0003303889769443653,0.9691236245846364,20
82690118,-0.00014668864974135275,0.000423925230979695,0.9308774037558732,20
11824529,-0.00014674922069539132,0.00012191989204570539,0.9999829758778366,20
48190014,-0.0001468617453436405,8.557376972949027e-05,0.9999998457372635,20
152578125,-0.000147085569412847,0.0002730819293118303,0.9868393819572452,20
64329017,-0.00014722509837014895,0.001011722886603106,0.7385097899984906,20
184216307,-0.0001474991146765331,0.000507228851161552,0.8955032167157522,20
3462780,-0.0001475744350204894,0.00047888573593822905,0.9079131355309883,20
76506771,-0.00014766811851068263,0.0002743096779211456,0.9868041592712965,20
22280773,-0.0001477989610656455,0.0003006065485772933,0.9797610035559894,20
100713770,-0.00014794962237781316,0.0004657236845431755,0.9141952107847763,20
18626069,-0.00014808616484228432,0.00027289140717300667,0.9873262636102664,20
28870129,-0.0001483729527336247,0.0006623494289311646,0.8354863887158002,20
45668615,-0.00014854853526663492,0.00023109526448017055,0.9951485648028618,20
1866427,-0.0001486996966172355,0.0007993595955354011,0.7921066694440552,20
20282977,-0.0001488638482410487,0.00024147305482864984,0.9937283529753729,20
159901493,-0.00014897037494751851,0.0002130076374761612,0.9972288263146672,20
77145960,-0.00014910243083694207,0.00038753887787517483,0.949217313431593,20
143372474,-0.00014930679782890476,0.000556453343058601,0.8775474558790486,20
150740863,-0.000149448224789811,0.0002113404310852724,0.9974361000340483,20
80846656,-0.00014997827630113257,0.00023137923162931326,0.9953985882815455,20
66750173,-0.00015001551607812525,0.0003076350409070902,0.9790137835567332,20
101654292,-0.00015005562475997326,0.0006205839725577992,0.8534622332847284,20
82447233,-0.00015007567344590134,0.0003297097152792347,0.9720105823567323,20
50792704,-0.00015008719027433392,0.00025359804882806074,0.9920442586373465,20
107006216,-0.00015015453880718455,0.00044129829340512763,0.9277198574522847,20
4464995,-0.00015015573691851968,0.0005173113246257628,0.895103186815033,20
192624957,-0.00015021666815636102,0.0006916982127187285,0.8281786523201795,20
127145909,-0.00015022503416382837,0.00021676628900468614,0.9970479287198494,20
96140020,-0.00015027825529589922,0.0002249275391119524,0.9962193758738713,20
141762780,-0.00015053136747425754,0.0008800022914535422,0.7731636096015371,20
75383679,-0.00015102116036936063,0.0003914908717169257,0.9496367714072728,20
70029800,-0.0001510632747670354,0.0003025337259046056,0.9811148216240979,20
85525748,-0.0001511603584590404,0.00026741024255185505,0.989753642915822,20
89311654,-0.00015123189311272434,0.00032814703334110927,0.9733733050769544,20
20258638,-0.0001512444744304342,0.0004242823960941369,0.9363031319456345,20
55468439,-0.00015147688090484944,0.0006765314047239855,0.835372842917462,20
210864825,-0.00015150888982769505,0.0007079797703267387,0.8247175817598854,20
4269460,-0.00015154768740563153,0.0003581761131307325,0.9630981613838644,20
119149676,-0.0001520985797931501,0.002352036624438503,0.6122192973799131,20
88510978,-0.00015238061152721138,0.0003041461278090399,0.9814011753233,20
32308134,-0.00015239017650957033,0.0006608572692262913,0.8423137059339117,20
42504192,-0.00015254157124433289,0.0001727304477461714,0.999569991460925,20
113049803,-0.00015259262527523575,0.0003572996325433462,0.9643212133520652,20
113743556,-0.0001526081253860584,0.00035596534637972885,0.9648181401339162,20
38936659,-0.0001527339666085481,0.0005851085109268604,0.8712515444107938,20
93698699,-0.0001527444331809541,0.00034782451191435644,0.967828450403874,20
51865608,-0.00015301530723520472,0.00029654451846676934,0.9837783812611933,20
76833695,-0.00015308321528359204,0.0004282118331299823,0.936814645814107,20
163805070,-0.00015308702901387916,0.0015037326944693308,0.67296774341533,20
112901324,-0.00015316304927505964,0.0002511087965292428,0.9933184009060861,20
125584342,-0.0001533684248025857,0.0004704445598931464,0.9194067849559268,20
105091910,-0.0001533861467309966,0.0004145232607350331,0.9428074882240409,20
91313475,-0.00015340333199053146,0.0006264820152387314,0.8564126520798693,20
170730606,-0.00015343867583815507,0.0002955068819447253,0.9842547043004494,20
120536587,-0.00015348740989171438,0.00047643055553651286,0.9170335120775246,20
94306378,-0.0001535426927508715,0.00024047441442350624,0.9949396428204851,20
213066961,-0.00015377159913045058,0.00040782707732958906,0.9459477001937724,20
116931971,-0.00015436382027330108,0.00015738706751534568,0.9998412456002764,20
128783888,-0.00015440765593583984,0.000271101295480669,0.9901609057963134,20
58338245,-0.00015445730560554593,0.0003299559746543335,0.9750222124355545,20
15823667,-0.0001545035672886802,0.0006081526903508599,0.8649918390959185,20
30815684,-0.00015456255374538263,0.000611550870749273,0.8637877012283812,20
76184676,-0.00015465002588467558,0.0013628422141626492,0.6911711258451996,20
158499584,-0.00015469388522717787,0.0003045345157205394,0.9825422890178204,20
57662473,-0.0001547240512664694,0.0001953777490046094,0.9989102432583397,20
44906861,-0.00015486773968035328,0.00044194364885028473,0.9332076333372872,20
52642921,-0.00015498787848056416,0.00024383237995423355,0.9947957160127121,20
124180481,-0.00015508619853812078,0.0005659258141218695,0.8823271579932833,20
145975583,-0.00015515547415527188,0.00020258578381705323,0.9985807096331439,20
112337086,-0.0001551921316992333,0.0003736413697815149,0.9605957231640839,20
137958438,-0.00015552788436889453,0.00054919028384752,0.8896769297153088,20
67227159,-0.00015554998737943028,0.00030884065923475495,0.9818431169398206,20
131760147,-0.0001560078234360912,0.0006329874539770057,0.8579325551880599,20
15084267,-0.00015614400599226752,0.00034233748902599105,0.9722389717284302,20
123125756,-0.0001561889936936345,0.00047025746670835796,0.9230730133954703,20
15075433,-0.00015660375219455624,0.0003273680729000295,0.9771976735559057,20
243924743,-0.00015667446564328336,0.00048184978882794325,0.9188838548432435,20
74703806,-0.00015667477417468655,0.00019888819955584492,0.9988630958924481,20
79044631,-0.00015668112534143185,0.0005961333118619157,0.8728241940709789,20
152378025,-0.00015677629784107138,0.00021950127412848763,0.9976119155818401,20
70536179,-0.00015684072964035068,0.0002028745505636033,0.9986807653723979,20
233514934,-0.000156868219310502,0.0001535340029607963,0.9998952219955396,20
40302318,-0.00015721089112517573,0.00041127709204409304,0.948177290807188,20
202637815,-0.00015737897551080238,0.00042355281784946887,0.9435085810156326,20
6816013,-0.0001574097622952797,0.0003102547992560492,0.982444573030217,20
90809268,-0.00015741095133440798,0.00021817569686255099,0.9977793848181027,20
164391644,-0.00015748424935863313,0.0003528546901453988,0.969763921653521,20
97723338,-0.00015756644128908648,0.0002422820478875044,0.9954948371094569,20
97547130,-0.00015757359676757954,0.0006169858842957823,0.8662092850954488,20
27836811,-0.0001575771245636709,0.0001871738136067064,0.9993447947080503,20
2263913,-0.00015776476868216427,0.0003289211398113803,0.9774549036706204,20
99545181,-0.00015801839625033122,0.00020325975284501217,0.9987374111445098,20
91256579,-0.00015806142254571332,0.000580220332822687,0.880985452289907,20
65372855,-0.0001581804550799232,0.00036073969006767006,0.9676468554347167,20
47354324,-0.00015820043121102522,0.0007469865068565877,0.8222682615760373,20
73480013,-0.0001582563215294791,0.0005794357345790128,0.8815696681971782,20
19881127,-0.00015850046203712831,0.00037465211902507946,0.9630827907256536,20
158585531,-0.00015859274995199123,0.0003154025736936176,0.9817053504658054,20
114664651,-0.00015863027420965348,0.00037047423602229375,0.9646572668570993,20
175004606,-0.00015870780739229707,0.0005142327874558678,0.9082306361520742,20
10208745,-0.0001587088550668636,0.00019585158001682174,0.9990965125144166,20
195830491,-0.00015890353436036898,0.0006206535432017429,0.8667826697385995,20
69076848,-0.0001589669250621789,0.0005630671986601171,0.8889927844060115,20
34052945,-0.00015922232467468212,0.0006298380729051896,0.8638429474309159,20
96838090,-0.00015928762341219926,0.00035958365956456455,0.9688768304784506,20
9618077,-0.00015930504767388553,0.00024346362876644128,0.9956680785276594,20
125263221,-0.00015946486701713393,0.00026814743880935923,0.9922597113170717,20
68896940,-0.0001595028024669848,0.00017761404578041194,0.9996307483301335,20
78687516,-0.00015952324076435876,0.0003141529550029868,0.9825136172648121,20
6466081,-0.00015963870017565994,0.00020196863468895042,0.9988934048570877,20
75300082,-0.00015967337854705664,0.0007732621203350771,0.8163278586654521,20
129422062,-0.0001596917459533498,0.00025387412331858117,0.9944484727843785,20
134563476,-0.0001598181829971401,0.00027760861245367045,0.9907182503194825,20
47,-0.0001598730804607873,0.00026948518009049105,0.9921521367522156,20
223080192,-0.00015993452471942948,0.0002660696499060465,0.9927225867078799,20
8217555,-0.00016001949087049439,0.00042199701725298254,0.9468771564568454,20
54721055,-0.00016016835953915897,0.0002456865086289468,0.9955642521563184,20
127530325,-0.0001602030652279568,0.0004527007488693777,0.93499322678742,20
28092685,-0.0001603703252484462,0.0002902997248166377,0.9884347474191142,20
4012975,-0.00016057416398871372,0.00043921720948379743,0.9407432254309785,20
27866875,-0.00016060938675826198,0.00032427501241358606,0.9804114108605306,20
11888919,-0.00016069113607495577,0.00038891675992914137,0.9598682023215096,20
114464592,-0.00016070370263249477,0.0001929433880067335,0.9992820139756673,20
43845802,-0.00016074099789117058,0.0015137313350427424,0.6798607124516831,20
216706,-0.000160749890279005,0.0006057378455083873,0.8750346868889936,20
6015017,-0.00016090698489373001,0.00027348091733377664,0.9917756324307333,20
78565563,-0.00016098072245856744,0.000354949267897022,0.9716055323379957,20
119936272,-0.000161017914712841,0.00020416434681098922,0.9988736134704381,20
108298183,-0.0001610258272630588,0.00020805169358965091,0.9986924549389251,20
116146074,-0.00016111044433356203,0.0002970939907250825,0.9872826221522765,20
127357644,-0.0001613012737370828,0.00025735791494294286,0.9943247517543495,20
10471050,-0.00016132067958337382,0.0003780475833862672,0.9642142453232407,20
214268097,-0.0001614702070243168,0.0003295353792452546,0.9794531730361924,20
9622267,-0.00016156405717129285,0.0002733756953883956,0.9919803205192345,20
86,-0.00016159383344925004,0.00044689125565402935,0.9388310102337387,20
64663082,-0.00016166382789211398,0.0003202545130423969,0.982030527130416,20
84871501,-0.0001617088171219,0.00019242804822438832,0.9993345812777944,20
83716233,-0.00016179422961309643,0.000589711267461618,0.8825918492623037,20
108735332,-0.00016179967964486674,0.0003114702208812582,0.9842882422318395,20
209463063,-0.00016221298190706722,0.0003367735348742982,0.9778592060005858,20
142963372,-0.00016236827255637908,0.0004166321005088685,0.951240259709046,20
8006898,-0.00016243432268864543,0.00022525693867687563,0.9977708921052362,20
150893344,-0.00016250092279052053,0.00032726254824863723,0.9806330875313792,20
77489783,-0.00016250732776164069,0.0003316823588811403,0.9794448696218502,20
51117452,-0.00016268810000096278,0.0003240345218977526,0.9815792033920047,20
11420011,-0.00016272416783556787,0.00017576885516998325,0.9997218847252949,20
228510516,-0.0001627425307117375,0.00016580397491839939,0.9998424438218502,20
41291755,-0.00016274737674540352,0.0012489156044775194,0.7165489261375844,20
158099317,-0.00016291729595500627,0.0006221158931116056,0.8719905552727215,20
30653642,-0.00016313524709665183,0.00024279415508320822,0.9963585595818321,20
46107752,-0.0001632908651358067,0.00029718170236013293,0.9881084184650533,20
64271155,-0.0001635257159875142,0.00015248305046085533,0.999937204749573,20
31673758,-0.00016367924523706112,0.0007847480079881166,0.8186812770640373,20
2862497,-0.00016397841459510343,0.00030575869253235524,0.9865529928814993,20
118733867,-0.00016416040696515531,0.0006887056426957486,0.8501045103421496,20
67827456,-0.0001642523921520922,0.0003418413870236265,0.9776254185651486,20
137163942,-0.00016440811536537757,0.00027163795602881316,0.9930079203028538,20
40481736,-0.00016460182177429895,0.0003600553761255916,0.9724920851503813,20
8407174,-0.00016461281141829376,0.0002857483702202215,0.9907517566449705,20
221503370,-0.00016470846001577776,0.00021773386190761468,0.9984389782061259,20
95144375,-0.0001657062710163415,0.0002528526489434143,0.9957113487779014,20
24959709,-0.0001658100659636258,0.00025329925640551305,0.9956797329062728,20
88,-0.0001659417422652354,0.00019638304452378815,0.9993652890605991,20
153858169,-0.00016597190014919772,0.0002735535597681442,0.9931070283168082,20
190825536,-0.0001660296818379897,0.00026624335406913614,0.9941475444544653,20
29239679,-0.00016622514840240187,0.0003007315648130852,0.9884679160973329,20
39252868,-0.0001663514514634895,0.00021145609042655725,0.9988508157779518,20
73680124,-0.00016648744797384264,0.0006407507516570255,0.8701882804213166,20
97742573,-0.0001665801139207057,0.00026919173437035517,0.9938688308090974,20
59070191,-0.00016677050367499836,0.0004518326262665174,0.9423790470775675,20
23896965,-0.0001668347468307907,0.0005093192022898355,0.9203514888892828,20
72501283,-0.00016687801018740178,0.00024075218718573995,0.9970516035305341,20
22122943,-0.00016708818334742193,0.0005399400710194224,0.9087890892026227,20
140395343,-0.00016714321899506668,0.0002578395429594212,0.9954009668592793,20
8467037,-0.00016722644384999653,0.0005111028106778906,0.920123709524711,20
157661407,-0.0001675101213585245,0.0002742655895738248,0.9933706834408635,20
97684186,-0.00016783624555327946,0.00033103376619796103,0.9823884558811066,20
90641186,-0.0001679332611900064,0.0003115238551995917,0.9868952798140606,20
180424382,-0.00016815045028316378,0.00031396206852841394,0.9864621211380932,20
45527127,-0.00016830400987375148,0.00023891296880957546,0.9973662615368778,20
48442384,-0.00016842996481698514,0.000427528596834405,0.9529114925421718,20
150575290,-0.00016854092444837376,0.0002657496755345398,0.9947227792769482,20
80888740,-0.00016867670812509007,0.0004697137227243632,0.9376133610508125,20
1261635,-0.00016888856309646704,0.00014546451197213007,0.9999740812189685,20
14871970,-0.00016891912353866334,0.0004073312041921087,0.9603783692935848,20
205258235,-0.00016896177587707173,0.00016907290558191543,0.9998685286813975,20
90841271,-0.00016903894480470582,0.0002629109401991405,0.9951556575329792,20
16476352,-0.00016910039005842424,0.0004940554148215374,0.9288354609398796,20
193439274,-0.0001691971158317318,0.0003497620414018963,0.9782679300880693,20
11421715,-0.00016925677549337325,0.0002572718917235394,0.9958175144994105,20
106357736,-0.00016928604822731563,0.0003040309125094154,0.988900917709555,20
37633338,-0.0001692981970822821,0.0005525294139048177,0.9067142090251973,20
155697818,-0.00016948746466214916,0.0002578533918837814,0.9957931576310375,20
82221607,-0.00016956192353571875,0.0004475782834306395,0.9467252454053056,20
123980448,-0.00017010062897866994,0.0004287548028918072,0.9539748641784253,20
78490233,-0.00017014065984775895,0.00030462506249889776,0.9890792473043231,20
7005123,-0.0001702650542106221,0.00043126913633057104,0.9532354820135804,20
110137377,-0.00017049119562742576,0.0003123002332341372,0.9877071243026939,20
6596678,-0.00017075906475757518,0.00026593229038089834,0.9951157589923336,20
16073506,-0.0001711269963663914,0.00023767603900145366,0.997746013335659,20
135476121,-0.00017122706700810618,0.0004326346528440249,0.9536109112166232,20
57414311,-0.00017171613814145336,0.00020318055986837198,0.9993662626265616,20
52874816,-0.00017184349149938216,0.0005073500148315861,0.926852263642399,20
53853911,-0.00017187014507040466,0.0004344241565333676,0.9535534685217125,20
184416530,-0.00017188326619295424,0.0004946417840602772,0.9316610914910401,20
60049079,-0.00017200635360930806,0.0002642510422599041,0.9955203386231517,20
98439321,-0.00017217804926502044,0.0003877882865694323,0.9691510231783917,20
131873335,-0.00017218707324689054,0.00037513799753131715,0.9729323664413403,20
16614408,-0.00017223600999854982,0.000539989319591763,0.9150164938343601,20
29671327,-0.0001725254597891829,0.0002875872615098801,0.9926384186585807,20
108206960,-0.00017259653243490436,0.0010202822549077158,0.7706951738708735,20
79309746,-0.00017263570352362144,0.0003837779592898439,0.9706744870020949,20
97512306,-0.00017286684568517953,0.00025203999525767973,0.9968298688757119,20
23488211,-0.00017287537966322042,0.000942625431877812,0.7888577684500357,20
52316842,-0.0001732912325125402,0.0002360904245381388,0.9980419365088908,20
87728766,-0.00017346313667892244,0.00043918371985094497,0.9532998603781687,20
79090327,-0.0001734901089948504,0.0006140438319663514,0.8891609049797089,20
26523157,-0.0001736065030090994,0.0006453194710643245,0.8781446964723645,20
94585861,-0.0001736161500590222,0.00035222557602806033,0.9799865707113378,20
57256769,-0.00017363016135434062,0.00047419575158885957,0.9410096618937789,20
105440616,-0.00017383757909551767,0.0005105303335820567,0.9278577940695936,20
69480593,-0.00017391543659298346,0.00021631734159679612,0.9990360026055175,20
104155852,-0.00017410384408736158,0.000420963101047827,0.9600057448197181,20
80999386,-0.0001742798951386404,0.00016931847151805635,0.9999029691040515,20
126818262,-0.00017445251068696487,0.0002116229734391948,0.9992166130589645,20
70467898,-0.00017448648043593695,0.00026019897318277704,0.996310682355902,20
114550266,-0.00017450517260309827,0.00024033599598963454,0.9978796787745912,20
137758160,-0.00017482704275152418,0.000515112753696742,0.927238665867764,20
28667366,-0.00017538163213990098,0.00020508505503336844,0.9994279038981363,20
47546434,-0.00017549467266926022,0.0003609167869432081,0.9787493152429388,20
14490966,-0.0001755504278197567,0.0006176175735485595,0.8904913498609432,20
48467721,-0.00017610234470453456,0.00013029949065854242,0.9999959117931208,20
41864364,-0.00017617528967707463,0.00022942145980572417,0.998609666447441,20
216898782,-0.0001761798273408527,0.0004592408585486742,0.948756535535035,20
105694698,-0.00017624282587047624,0.0004842038853756714,0.9399804668195698,20
80446158,-0.0001762598876779181,0.00033123210583237546,0.9860225257964592,20
79798935,-0.00017628285416724233,0.0003105092716104614,0.9899882457886461,20
3017651,-0.00017645850003690234,0.00018536530534715403,0.999787042031765,20
55121154,-0.0001769256786093687,0.0004957683249519017,0.9365037943856545,20
30646641,-0.0001770056639166573,0.0003352174295957674,0.9854812848736664,20
172999895,-0.0001771108348070788,0.00020087407751409874,0.9995637154834823,20
157990013,-0.0001771933812043297,0.00012626966386599606,0.9999974874012044,20
88319723,-0.00017720741288873852,0.00035011122048618374,0.9822498022962393,20
57059803,-0.0001772871400352788,0.00029610505191586057,0.9925546023712409,20
42,-0.00017739451121773775,0.0002451644761118918,0.997825423431882,20
42648863,-0.00017772524812232905,0.0002178733641440301,0.9991446296780523,20
82573127,-0.00017792247832422448,0.00017446861918034778,0.9998931637778335,20
127357767,-0.000178029669232721,0.0003212346117366925,0.9886259704354925,20
23081138,-0.0001780590071812832,0.00029427894512322245,0.9929958669544253,20
31473669,-0.0001782101970697003,0.0002054307206717925,0.9994955858533491,20
66665292,-0.00017824216240195368,0.0003566142743620905,0.981198678722572,20
135590420,-0.0001786260043681154,0.0006488996303037928,0.8833403298092088,20
169474940,-0.00017883521587744587,0.00021755144243895973,0.9991978799720672,20
9267597,-0.00017892866180530543,0.0013313852759573638,0.7225361016377323,20
125217535,-0.00017896612589268223,0.0002467304127585952,0.9978639074523453,20
46852033,-0.0001790303301286489,0.00028822070452992653,0.9940067401106912,20
143485023,-0.00017905450817357337,0.00038750234155118194,0.9736545402215728,20
86913446,-0.00017905792659608232,0.00030186505086953846,0.9921459870295792,20
45268032,-0.00017986061795277896,0.0004236579329650628,0.9635445747335943,20
84599898,-0.0001798732675418968,0.0002731705687695131,0.9958411354570395,20
22916981,-0.0001800111577543978,0.0005544283416848953,0.9185933472599288,20
10819717,-0.00018001213922972382,0.000601357250767566,0.901766881213824,20
171477739,-0.0001801506357155036,0.0003872101526948182,0.9743825245923038,20
80667226,-0.00018030804674953605,0.0003672600525545026,0.9796302706614946,20
176605043,-0.00018040754500199264,0.0004691277675089298,0.9491418015532578,20
75143330,-0.00018048326272702975,0.00021407187398720054,0.99935290494866,20
54053817,-0.0001806611901192523,0.0002448484294938317,0.9981163125066679,20
87625242,-0.00018070662858699627,0.00030859481097316393,0.9915532901253784,20
92680083,-0.00018085361284038426,0.00029007847418263753,0.9941397486524095,20
56199305,-0.00018128850303920918,0.00032964273969079435,0.9881629006489133,20
101687995,-0.00018129418113186634,0.0002342099060125583,0.9986937375096883,20
231513431,-0.00018138488063893787,0.0003834527215821804,0.9760872512480212,20
127155710,-0.00018144901499924092,0.0005339254525521111,0.9274871950488223,20
107848919,-0.00018168170405309658,0.000293495029324289,0.9938814637690607,20
43443120,-0.00018189190340469897,0.00027858150773435084,0.9956076889616337,20
5814607,-0.00018211653168122844,0.0006476688237915272,0.8880967320425108,20
48868211,-0.00018212038987640844,0.000639957155302926,0.8907589590636069,20
166793684,-0.00018216207890092982,0.000612547773293733,0.900358563960225,20
40338292,-0.00018225198564757183,0.0003494992543474534,0.9845741280866465,20
146378480,-0.00018232197749356305,0.00029125161365360424,0.9942823594604271,20
92042416,-0.0001823262379636814,0.00048698795203388996,0.9447778422008317,20
180488260,-0.00018240410907963966,0.0003880505509610105,0.9754470281723714,20
44644709,-0.00018268209853794515,0.0008053694597665804,0.8384354125846892,20
245926098,-0.00018284939203433713,0.0004263585584900768,0.9648621782228232,20
88156698,-0.00018300946456632495,0.0003614866678486501,0.9822696640149878,20
151293776,-0.00018302114696298611,0.00022895724543549545,0.9989896760307948,20
113548876,-0.00018312510168921325,0.0006918243057776357,0.8744481723640216,20
58658606,-0.0001833787151869465,0.00018946777070404872,0.9998189171750712,20
1863405,-0.00018369372816345875,0.0002884429516366131,0.9948571043667487,20
105330658,-0.00018370121054486765,0.00028002416281464683,0.9957396465202234,20
67095264,-0.00018378096172921298,0.0002910044569150309,0.9945833624455955,20
1461778,-0.00018380093670518626,0.0002733425423317933,0.9963769877270848,20
46107692,-0.00018458535906877016,0.0011859496823774665,0.752590341321606,20
146136164,-0.0001845902799059884,0.0004909854140439695,0.9454690761827731,20
69478832,-0.0001848424255524228,0.00047621090639379126,0.9506119425577512,20
136791346,-0.00018499426449888613,0.0003497053499397539,0.9856107448075556,20
10888409,-0.00018518908975635463,0.0010545151710438102,0.7790413028256831,20
31366575,-0.00018531180363769718,0.0002144794435859777,0.9994772930543887,20
66975075,-0.0001854576740523417,0.00029718870612714074,0.9941724906602744,20
5414469,-0.0001855186378781154,0.00020079024602751776,0.9997166039661324,20
76545468,-0.00018579286682453012,0.0006050605462601274,0.907165619068966,20
90322025,-0.00018586810484424177,0.00028084432845991984,0.9959765158182852,20
151454874,-0.0001862582488181691,0.0005196734665191865,0.9372716969439192,20
71088941,-0.00018658176278325557,0.00038318904675570503,0.9788770448539189,20
6196493,-0.0001867693348039018,0.00030931030188999594,0.992911296205009,20
162503148,-0.00018709188700570257,0.0006665677998553414,0.8876938079348774,20
214869341,-0.00018740149150577035,0.00035122210528637423,0.9862074958793909,20
112142050,-0.00018792543101208982,0.00020622764985676995,0.9996773959178472,20
52,-0.00018810395414333713,0.0002572244801874365,0.9979875906531811,20
76395555,-0.00018815987428521253,0.00028766117665193406,0.9956584495956686,20
54998032,-0.0001882209086550346,0.0002668307598741145,0.997390820806857,20
116752237,-0.00018835572141233657,0.0002295909029828228,0.9991843688148455,20
98991404,-0.00018867693025220177,0.0003385940041700342,0.988945883248926,20
31241101,-0.00018875613979732752,0.0003873576596240144,0.9789477604820297,20
41546395,-0.00018880420998838577,0.00025898378160103445,0.9979412423913875,20
114627259,-0.00018942706457939217,0.0002391180272865131,0.9989132074017425,20
41227042,-0.00018964869642663362,0.00032149876352631566,0.9918947555572597,20
236494162,-0.0001896744099264297,0.0003470350336326188,0.987780078032707,20
49791659,-0.0001898444067315541,0.000634111234237459,0.9017979821330571,20
117055764,-0.00019024490607501,0.0005721579343680928,0.9232894193395189,20
157261170,-0.00019027575826248145,0.00024710351931592905,0.9986391124507079,20
129021026,-0.00019059809197864984,0.0002372541064686219,0.9990297760885556,20
62821827,-0.00019069589747950088,0.0005009134249630546,0.9475192499537279,20
17877716,-0.00019111563609930106,0.000266533021643799,0.9976781213742534,20
9870704,-0.00019143860944396962,0.0004244119320679634,0.9709884786276681,20
58615697,-0.00019200265826063156,0.0008036801164340365,0.8506392422973938,20
3014452,-0.00019211908083491825,0.00037924249791434676,0.9823208871677108,20
29764960,-0.00019222539860493104,0.00033255630644783035,0.9909216633787424,20
55050047,-0.00019223689507819053,0.00045373080343047147,0.9632766855361969,20
131569668,-0.0001923263400409908,0.00019560952801399412,0.9998451131059367,20
82692515,-0.00019247463145286858,0.00020638571086371138,0.999740564307589,20
18627154,-0.00019256007776259076,0.0007880383031164496,0.8559241451781016,20
120150467,-0.00019263223055006605,0.0002141898113624745,0.9996357034620911,20
193225651,-0.00019300044042947216,0.00026800448880443266,0.9977491281173233,20
34914132,-0.0001931365549595776,0.0004399047130051764,0.9678005801439643,20
58686544,-0.0001931649468721236,0.0002344223437337329,0.9992138034266713,20
41247430,-0.0001931834388931991,0.00033131790357387314,0.9913487794420673,20
151054719,-0.00019320238175508375,0.00043033507149975176,0.9704505027397267,20
139079899,-0.00019332388935980603,0.0005801873562957616,0.9237014909605534,20
131350011,-0.00019346632734214,0.0001751789142887075,0.9999544418463299,20
44750201,-0.00019362532201230853,0.0004967558671740874,0.9512656091574934,20
30068583,-0.0001939545243341806,0.00042640254957320936,0.9719339253416747,20
82903387,-0.0001939905068732123,0.00016700487011040048,0.9999742237139216,20
29438655,-0.00019408212605805664,0.0003207579429138856,0.9929961838849773,20
56446157,-0.00019412206341832828,0.00031466405067778834,0.9937548445797558,20
232490297,-0.00019419083739444232,0.0004706499784701695,0.9596739279659031,20
18016018,-0.00019434105921289636,0.00023986136919589736,0.9990953135352473,20
157861463,-0.00019459791026077422,0.0006892552156283336,0.8889986993275735,20
147890208,-0.00019463667454546195,0.001362215685882671,0.7347708334563017,20
89039720,-0.00019481545760704488,0.0003534196238952245,0.9883036868996116,20
67865972,-0.0001948260073747987,0.00034441345137408076,0.9897923173371816,20
63882535,-0.00019520849551548926,0.0002404207708931883,0.9991110430392302,20
3265414,-0.00019526207804452245,0.00017336615615523644,0.9999633967403677,20
90713018,-0.00019539256438620145,0.00020332690502020872,0.9998057614646761,20
51918228,-0.00019540527359012126,0.00039069441590963466,0.9812550152901235,20
56083871,-0.00019541790861984376,0.00032048655545413525,0.9933059055842756,20
107897561,-0.00019547284676133258,0.0001963636095019103,0.9998632452095682,20
56854016,-0.00019565256545699128,0.0003535478501195919,0.9885393898527729,20
111500353,-0.00019583269386818646,0.00015617913495442285,0.9999895755657291,20
78947641,-0.00019586368594379233,0.000590697195282932,0.9227469575049883,20
47408449,-0.00019596505457288583,0.00032114694540478556,0.9933349770858725,20
21491775,-0.00019627365675729258,0.0006970701333372807,0.8883985893179263,20
132370287,-0.0001964004472070152,0.0002744516808640228,0.9976445245446018,20
25090012,-0.0001967479288692814,0.00037369577904324425,0.9852730689820528,20
66672009,-0.00019691440846927034,0.000828145636780732,0.8495291907309672,20
147830989,-0.00019702981046260392,0.0004069548979503986,0.9783470750848189,20
61880512,-0.00019703197486959644,0.00017960013553229448,0.9999509695199633,20
42710453,-0.00019710998047975937,0.0003190136328510083,0.9938124524721957,20
99040103,-0.0001971843437349824,0.0002546758480533983,0.9986962386167505,20
103117135,-0.00019725156697765478,0.00040239313028003656,0.9794906234303631,20
14077042,-0.00019741116425564255,0.0002910900190554269,0.9965780946922037,20
5669025,-0.0001980618234802417,0.0003323642229616022,0.9923504374455198,20
34769621,-0.00019807269668596915,0.00048022422058695117,0.9596255968240744,20
134028055,-0.00019808501525338528,0.0001836867109001744,0.9999408616902699,20
6468261,-0.0001984992276198916,0.0003394307095014332,0.9914901807567551,20
15475227,-0.00019876727557367746,0.00023752708839972048,0.999310107648079,20
130320119,-0.00019886000906204626,0.00020459773942967555,0.9998263101493762,20
72270977,-0.00019893079801014125,0.000239957177209455,0.9992530402434331,20
4669675,-0.00019897865302453133,0.0003438758269729467,0.9909744074718404,20
225284360,-0.0001990877229101101,0.0004736640693776221,0.9622132554788064,20
90441008,-0.00019910154144775206,0.0001606254119407321,0.9999880140122042,20
230088621,-0.00019911470935594645,0.00025153267892581867,0.9989067293339674,20
132857710,-0.00019949237077996617,0.0005772548538404354,0.9306424020524215,20
18484572,-0.00019981680329257678,0.0002329535723565247,0.9994428251553858,20
27490543,-0.00020016611934738914,0.00026548089539721266,0.998399174520913,20
144164867,-0.0002002777783217613,0.0015293362867359423,0.7175014421901933,20
145735769,-0.0002002875100992285,0.0003548615216721393,0.989669487224784,20
39975283,-0.0002003274633543578,0.00032050281610073274,0.994229011277785,20
132281907,-0.00020057318292333038,0.0006479296915312661,0.9088586169110136,20
48863417,-0.00020071261016894326,0.0004094797134211102,0.9794848621700689,20
108734015,-0.0002008611469830751,0.00034840648726256124,0.9907902011533953,20
147377800,-0.00020086425509601157,0.0003754090614961418,0.9863963705390922,20
156059013,-0.00020095936125920922,0.00020139161247081024,0.9998665253352134,20
103548319,-0.00020124025767706555,0.00037704182119279963,0.986228585376669,20
83708008,-0.00020127884170105802,0.0004224245526891164,0.9768107815220833,20
1065018,-0.00020139072320954354,0.0005533888055019108,0.9399508309379304,20
42503482,-0.0002017063199533764,0.0003865921825465903,0.9846151013266164,20
68466810,-0.00020181544795321583,0.0005409232587340429,0.9441966228703699,20
79290420,-0.00020185352785111744,0.0006672035570742835,0.9040291059208754,20
20091038,-0.00020206437522791998,0.00035861494796126704,0.9895760364464892,20
117752603,-0.0002020879984961449,0.000570793455977572,0.9350771848217804,20
3062242,-0.00020242436810470886,0.0005843914239576575,0.9310706450884468,20
63771970,-0.00020252916547021382,0.0002714581946029653,0.9982662989396083,20
8269766,-0.00020293681494376047,0.00042511487027601996,0.976992861584883,20
54267716,-0.00020322579620701554,0.00024779627414634944,0.9991821671573732,20
123926310,-0.0002032626776013624,0.0002902404510571913,0.9972552314145708,20
24088392,-0.00020350991636803039,0.00039309205929203737,0.9840327132703204,20
17287814,-0.00020398106085270373,0.0002419037340737414,0.9993538010755074,20
96482880,-0.00020419405876768992,0.0004352047168436792,0.9752589290850837,20
38452648,-0.00020421652159770541,0.00044295342906412895,0.9734125122541905,20
35439202,-0.00020429761581756967,0.00046114609378555127,0.9688885524295827,20
2211865,-0.00020442026864072872,0.00021310654606430452,0.9998022916237967,20
61861621,-0.00020449610052844237,0.0005533259771035536,0.9425991538456954,20
170597867,-0.00020456663147544463,0.000273459195061237,0.9983007936037928,20
1461290,-0.00020462934254149577,0.00032023941464681644,0.9949638398149308,20
86308622,-0.00020466696697270524,0.0004419648350867392,0.9738880018266791,20
44429844,-0.0002047310030011823,0.0006942395949412187,0.8985493194169861,20
135276065,-0.0002049459761203659,0.0003929239889242685,0.9845920040829567,20
21827992,-0.00020527563889614076,0.00036324133666732286,0.989738780430524,20
69657764,-0.0002053988628116038,0.0007871046567038604,0.8711807785455081,20
153384069,-0.00020576367056548696,0.0004468734624379732,0.9732761120594414,20
161603303,-0.0002058043123363107,0.00016448098257333378,0.9999893025274662,20
43749640,-0.0002059029416654895,0.00023476517772369978,0.9995425303007792,20
25085080,-0.00020631049257130996,0.00036589547799476994,0.9896147002656333,20
101995470,-0.00020677646696079798,0.0005372829571662942,0.949264447691339,20
114702514,-0.00020683748490117891,0.00044511782666579536,0.9742527849238468,20
8068971,-0.0002070099622076299,0.00033151372316039726,0.9941950517002881,20
20881762,-0.00020704756892965802,0.0004157168167224129,0.9808949096006774,20
44229621,-0.00020721796587286345,0.00029157212099882856,0.9975255401624881,20
96728026,-0.00020752662032929025,0.00028064616043732186,0.9981466409950591,20
38640779,-0.0002077822607230162,0.0004723448994331891,0.9680367074776518,20
55855793,-0.00020778841114501846,0.00028814416463002337,0.9977713330541872,20
31698187,-0.00020795057541742046,0.0003860554859814449,0.9868444421925697,20
45507305,-0.00020795865963871562,0.0003169697713029803,0.9957423503923255,20
2464025,-0.00020839693347072808,0.0002474831917803371,0.9993460576282516,20
86873597,-0.0002084160162894949,0.000460449583344782,0.9713825684471782,20
209286671,-0.0002086644322332104,0.0008349465319154241,0.8611743970474001,20
10838413,-0.00020887275632271718,0.00034583807727906244,0.9929205912662538,20
54057274,-0.00020891266885172954,0.0005936140484086117,0.9339918088954837,20
57761261,-0.00020913048947486523,0.00017343490680651503,0.9999833334178387,20
156998495,-0.00020920373207144183,0.0003608989110526425,0.9910633393085707,20
46807985,-0.0002092186188945966,0.00045695073898884236,0.9726606532288453,20
19478604,-0.00020922567913918833,0.0005907934594431373,0.9351261274306439,20
63622181,-0.0002093083879148694,0.0005959886463774645,0.9336092211139453,20
9422177,-0.00020942212629004864,0.00019246324862291252,0.999946367882048,20
84170745,-0.0002094432809794905,0.0005997870231665278,0.9325638408543625,20
55846071,-0.00020950696359288147,0.00042372529378023426,0.9802608980424515,20
84800279,-0.00020977025826003913,0.0007748673872768677,0.8795693208167552,20
104290674,-0.0002102059468407469,0.00041521349290538567,0.9822682088584563,20
172213091,-0.0002106560433881355,0.0003122546093005829,0.9964554513390466,20
117856627,-0.00021067389660900105,0.0004343840434846112,0.9785091761314754,20
47953365,-0.00021086268529725284,0.00028338928745619746,0.9982308856889792,20
9218157,-0.00021098712807377795,0.00022695689881889448,0.9997326031060547,20
108714457,-0.00021104261525343727,0.00029303721421731116,0.9977502947232588,20
118122444,-0.0002114482420202346,0.0005068811555892873,0.9611908234137683,20
227308814,-0.00021161074383777012,0.0010522546483723568,0.8101399577389707,20
33650872,-0.00021174241951190664,0.00041628099308339654,0.982650973545986,20
10671101,-0.00021206845964716613,0.0004062341702114764,0.984654767551419,20
101152287,-0.00021226306108477477,0.00041132332955507253,0.9837865325429139,20
37902580,-0.0002125848037632827,0.00029640258434296407,0.9976821565536155,20
124728429,-0.00021266789213021388,0.00025438195794657886,0.9993044448524089,20
58257995,-0.00021332867711445214,0.0003782753178975111,0.9896245065234213,20
95708037,-0.00021341107092735513,0.0010669347127371263,0.8088842936800941,20
134483618,-0.0002134193108641047,0.0006590104505195231,0.9180813476087439,20
61604256,-0.00021350228009080763,0.0008146830065019208,0.8721586812692376,20
153342987,-0.00021380384432017618,0.0003428358216206282,0.9941493725999284,20
69997816,-0.00021402841359547954,0.00018755783086605462,0.9999684230346021,20
21434230,-0.00021423758801695781,0.0002963597247405039,0.9978106017065344,20
73615558,-0.00021444001463166994,0.002791072589991995,0.6325389067363576,20
35621291,-0.00021450030886794035,0.00037961306453972507,0.9897317839099566,20
139359410,-0.00021457068796285061,0.000427041219815757,0.9816441468449787,20
16023405,-0.00021466395558389638,0.0004501540021480941,0.9768897924543436,20
85888767,-0.00021472797997610648,0.000566324089337495,0.9468621701787078,20
90493534,-0.00021489276391635503,0.00026583907711197005,0.9990779667340975,20
50455148,-0.00021504561382298948,0.0005891599703104719,0.940465120644309,20
154577008,-0.00021505157449809852,0.0003529898190459885,0.9932718244322332,20
162903707,-0.0002151397393035659,0.0003311255898883562,0.9954672650507942,20
9845979,-0.00021541864599475825,0.0002236932637269175,0.9998097406971275,20
136963730,-0.00021547496111872788,0.00023278804663959303,0.9997214365438266,20
25328382,-0.00021560825891850653,0.00022045697570488256,0.9998366829492275,20
27090719,-0.00021561424867350688,0.00034214725162295956,0.9945109605327731,20
219300973,-0.00021576863697911065,0.00040136468440059807,0.9867130882040183,20
29452550,-0.00021582291259419074,0.00028249047936696213,0.9985535170049414,20
70679237,-0.00021613432040340497,0.00043524531142615045,0.9806391192965247,20
105893925,-0.0002163629437981207,0.00018404035457915134,0.9999775658725508,20
47531794,-0.00021703501546193883,0.0002458987222373891,0.9995677910123556,20
113338149,-0.0002171113777759276,0.0003519161304871089,0.9937561908978446,20
43864795,-0.00021714149267810235,0.0008275234237093977,0.8724486911960898,20
69577006,-0.00021715391812681672,0.0005961426910436398,0.9401140903713411,20
56856423,-0.00021718492308320236,0.0004435074436545208,0.9793985256985087,20
74092923,-0.0002175980938855182,0.0005823891096526117,0.9444364927659847,20
173879798,-0.0002179578630228718,0.0002780639487958208,0.9988170291514087,20
6215926,-0.00021845062397404802,0.000640133082538952,0.9282766466915899,20
240298927,-0.0002184545760383849,0.0008846252054562839,0.85838977417996,20
218099577,-0.00021852948559774598,0.0004233750930202127,0.9838030830697174,20
13040403,-0.00021856982313694928,0.0005175438323750039,0.9628505559133848,20
158184570,-0.00021883953723428052,0.0004463618882930303,0.9795049565258444,20
64547410,-0.00021884531648045657,0.0002763119158994874,0.9989113515344776,20
85492693,-0.00021971535751802996,0.00028372136246439434,0.9986982096795654,20
95500156,-0.0002203428218576775,0.0004353345614903448,0.9822497841536155,20
184216388,-0.00022036815059399417,0.00046057638952066207,0.9772158887017683,20
17675557,-0.0002203846975464968,0.00032021545844310444,0.9969036977100619,20
73340224,-0.00022046275970040164,0.0002818337314992913,0.9987977021682866,20
34698465,-0.00022062286030717637,0.0003412054541847431,0.9953259649728271,20
28363303,-0.00022092596033703726,0.000390701070999254,0.9897715826126353,20
172799343,-0.0002210126575575816,0.0002725455136097182,0.9991017171996942,20
55254711,-0.00022104091415991735,0.0002536064561083591,0.9995162475396425,20
145374760,-0.0002210434746507728,0.00040861285607869213,0.9871241647541337,20
227909907,-0.0002212042741159659,0.000339517389880527,0.9955469341869583,20
203656524,-0.00022126923021650592,0.0002971791620404427,0.9982396221646662,20
29872160,-0.00022152498012000533,0.0004507901866186686,0.9797145566234435,20
16223410,-0.00022161613347789765,0.00030783857421712513,0.9977439577641303,20
162389889,-0.00022181691076763043,0.00032929694842436706,0.996419377793196,20
131272796,-0.00022209731566835976,0.00035324301783728156,0.9944332173023216,20
53263156,-0.00022225691696611816,0.0006640400282785878,0.9245688279619568,20
66872215,-0.0002228603141327612,0.0005046748353438825,0.9685015681915359,20
73192086,-0.0002231002805861859,0.000279148055228283,0.9989881362495541,20
190823298,-0.00022328162129022777,0.0004932666317266226,0.9713883564007789,20
168509227,-0.00022349976810405459,0.00033149225098679923,0.9964411606877713,20
83104166,-0.0002235359167645057,0.0004550776871321719,0.9796759523501389,20
53209979,-0.00022382727906065104,0.00043377124061616935,0.9837796691035864,20
151392542,-0.000223995539260638,0.00031721734980613513,0.9974098537134811,20
41502405,-0.00022399888068657393,0.00023974246827243334,0.9997451162656472,20
35499043,-0.00022442319719967186,0.0003867898216208882,0.9911097445320435,20
32093215,-0.0002244506372405919,0.0004227679533410671,0.9858626597242627,20
162866030,-0.00022466823352501052,0.0006020028519531093,0.9442445447177736,20
49268230,-0.00022467380403075332,0.0002661265601389048,0.9993603897639132,20
56140375,-0.00022485072324027744,0.00019252632811820515,0.9999757843193238,20
117344153,-0.00022500734314660764,0.0002620973181507601,0.9994469854186775,20
10200574,-0.00022503264958032566,0.00016012657523454507,0.9999975349918736,20
1210895,-0.0002250639616603406,0.0004240071788401966,0.9858488754676161,20
103638338,-0.00022525241958499254,0.00038706419744735724,0.9912553733536477,20
177685005,-0.00022531772817657725,0.0002454001429862832,0.9996993828039441,20
154971179,-0.0002255448885878475,0.0003435359016111528,0.9957614362076369,20
161589626,-0.0002257918878738441,0.0006844469834980995,0.9217456807497967,20
172803147,-0.00022588445100907295,0.00027376099284666513,0.9992226602077537,20
8835907,-0.0002262285184885554,0.0002564137104123518,0.9995662863475147,20
11669216,-0.00022667684697262602,0.0006274220713751234,0.9386792802073519,20
52556689,-0.0002267570912534489,0.00041352503818190776,0.9879837067711095,20
49733746,-0.00022684938622902494,0.0003763724659620172,0.9928357293345447,20
108404343,-0.000226860849648719,0.0003175468997916947,0.9976161759703354,20
32418082,-0.00022710317724759788,0.0005501828539112334,0.9597335851758323,20
1011120,-0.0002273428051553089,0.0003104972584572777,0.9980058552736584,20
42228458,-0.00022743440397973437,0.0003264332146851718,0.9971548151839938,20
142535439,-0.00022749555334189986,0.0005836145434561996,0.951275523387722,20
101933160,-0.0002289808997989723,0.0004522881662899921,0.9822701851293189,20
96509333,-0.00022920378660251095,0.00021716411526869156,0.9999254907969723,20
84222593,-0.00022925899719262733,0.00027321537162050004,0.999326072914841,20
88341100,-0.00022933242715315882,0.00035891312325276204,0.9949626064911723,20
29701836,-0.00022935533581177337,0.0007452442919843598,0.9076387855241164,20
100641796,-0.0002294911479097911,0.00030330363449949385,0.9984416806703976,20
62280749,-0.00022959520647251319,0.00044772744687164275,0.9832966290206887,20
4995942,-0.00022975453278202828,0.0005885551473379805,0.9515010881333422,20
70830109,-0.0002298042462197558,0.003005704661991837,0.6319186500511287,20
58858963,-0.00023012640536649865,0.0005005338188031619,0.9731136536237154,20
86889156,-0.0002305214567784153,0.00039365726332831434,0.991554120270505,20
7870148,-0.00023061822743311033,0.00020778117053633994,0.9999568881272715,20
30096355,-0.00023068696686078248,0.00030139532605655327,0.9985738131159907,20
140369040,-0.00023080969682378883,0.0005558222112412905,0.9605650550404752,20
81884480,-0.00023097199232651188,0.0001995941073996539,0.9999730811235679,20
105531191,-0.00023101177212260515,0.0002931418938172658,0.9988665710998714,20
94721058,-0.0002313864816835043,0.0004578889389666628,0.9821178824411053,20
68266342,-0.00023155318098434796,0.0003376559633071665,0.996826584683288,20
2614147,-0.0002316249358830569,0.00023783484034898297,0.9998296959331872,20
33256253,-0.00023169082342648916,0.0002926198727458004,0.9989086732828989,20
33913636,-0.00023174409251724425,0.00070533937883286,0.9209491165136131,20
49997272,-0.00023188521600302214,0.0002624068433860574,0.9995724735662943,20
218273211,-0.0002320592294193763,0.0005554970396255272,0.9613853073251604,20
32508735,-0.0002320938400935363,0.0012403939928021764,0.793445261633106,20
164668038,-0.00023210539595528156,0.0004515858083133041,0.9834757572160371,20
91782212,-0.00023218899279320028,0.00022822663911707376,0.9998904946165487,20
48711371,-0.00023259268132395927,0.0008127459846487068,0.8919959830769173,20
108759437,-0.00023260589172210966,0.0010700740700171003,0.8283985384040895,20
148538622,-0.000232729549756594,0.0003072859459802518,0.9984531854702926,20
90733686,-0.00023291939816698636,0.0005179066136626518,0.9706489883773417,20
5063940,-0.00023300063651810198,0.00032921343861033454,0.9974515724365773,20
166798929,-0.0002334036883198165,0.00044911471740654527,0.984320937962242,20
21317811,-0.00023349661892660135,0.00036686724817610586,0.9948376884740068,20
71282217,-0.00023356009963160506,0.0003134160690408108,0.9982509988398373,20
131456378,-0.0002335660966185149,0.0002649309484561232,0.9995633160546,20
41026771,-0.00023382667823720337,0.00030415913979225435,0.9986216283929373,20
125817619,-0.00023382755427329426,0.0002671798830993379,0.9995336119443753,20
59848979,-0.00023391083886161734,0.00041645635347997137,0.9893984523766902,20
11081405,-0.00023406410287940272,0.00021528508534602678,0.9999458886404952,20
30444009,-0.00023406861624869214,0.00040692492567725037,0.9906755223695344,20
25098194,-0.000234135266015556,0.00035399369485750046,0.9959602719075296,20
53853246,-0.00023424638390677488,0.0004261528349343416,0.9881320533895246,20
50917233,-0.0002342889499573203,0.0003075666409673273,0.9985201972585568,20
66892479,-0.00023433590113939584,0.0005792222327465846,0.9568718226548361,20
150773539,-0.0002344288900592184,0.00028832423379144645,0.9991212002678135,20
31495976,-0.00023449895944412658,0.0002647786905054688,0.9995809294220481,20
73260377,-0.0002346383140648528,0.00036959696578733035,0.9947556806494204,20
96082253,-0.00023474621953300246,0.00035663301831872243,0.995831447052701,20
67910628,-0.00023499651862625981,0.00023303471473990568,0.9998800994055378,20
32246466,-0.0002350091944817806,0.0005993939793354283,0.9521761607616316,20
79,-0.0002354703650461809,0.0005884071800931389,0.9552705248003233,20
40025246,-0.00023559925959014681,0.00026132226384234736,0.999643846443451,20
35449778,-0.00023562584487513138,0.00044685717739007967,0.9853820259194869,20
137029458,-0.00023568513143826798,0.0001844571768999723,0.9999917220794278,20
73283029,-0.00023584816687353404,0.0003412332162450506,0.9969925970560155,20
22261975,-0.00023588811904071694,0.000341518520166599,0.9969787718399855,20
71099936,-0.00023604418138389315,0.0007591160902174618,0.9097882799845152,20
44706577,-0.0002365002967979507,0.0011025297967784916,0.8252725301208661,20
21427969,-0.00023677578729741356,0.0004238868055248289,0.9890851907192039,20
227886925,-0.00023698879189508194,0.0010544517589115285,0.836264511109809,20
34534669,-0.00023707169799963568,0.00032432270081255826,0.9979813347478207,20
22429609,-0.00023747840451702196,0.0005242576946365512,0.9714684776432733,20
21886010,-0.00023751200081044145,0.0002407221742660812,0.9998504512019764,20
94882079,-0.00023853225284769798,0.0006068689353700589,0.9525583474358899,20
38243597,-0.00023854087455926765,0.0011350183270798933,0.820463613050826,20
41339487,-0.00023895769100971688,0.0003474636948979116,0.9968876643983203,20
3268053,-0.0002390770007344889,0.00029712787163703593,0.9990422960438029,20
135076036,-0.00023921747392298133,0.00039249362276021693,0.9932882259169504,20
43451585,-0.0002392269933051222,0.0006124798653038998,0.9515873638318442,20
41903782,-0.00023925628520006514,0.0005371228836610524,0.9695337185205029,20
94106403,-0.00023969761041134352,0.0003258303303353955,0.9980741564069958,20
178408795,-0.00024061410467594301,0.00022191652236843112,0.9999442487117828,20
31073459,-0.00024062441315809424,0.00037852505001362876,0.994798598560493,20
39224755,-0.0002406534634481261,0.0005504479249932171,0.9672844680926328,20
4614149,-0.00024071533903650134,0.000291838997313477,0.9992203340218957,20
63221421,-0.00024093030579673823,0.0004592902371600548,0.9850094371921342,20
53657043,-0.00024094669907803734,0.00030022737057364075,0.9990218219408625,20
110409248,-0.00024108041809442206,0.0022658680975698128,0.6801859687872889,20
43261530,-0.00024112463860328503,0.00032458268534057733,0.9982093733078938,20
40,-0.00024146755849182856,0.0004074611513021474,0.9921038729610097,20
136763676,-0.00024159791480006797,0.0002920037176535362,0.9992403946907253,20
61665721,-0.0002422767262640152,0.00037591168932597633,0.995228899125336,20
167594753,-0.00024249181469069292,0.00037950069269618764,0.9949632147040468,20
15025658,-0.00024277401954222734,0.0016395827935294996,0.7420996957104433,20
26228899,-0.00024280105526285623,0.00034989775493542494,0.997074073015389,20
79966398,-0.00024294446827780313,0.00040873291620543897,0.9922368821865509,20
28763950,-0.00024305677744362043,0.0006690608038510256,0.9396436070783987,20
61927169,-0.00024345308173265024,0.0003574993938724665,0.9966722371047074,20
40848312,-0.00024357991465578376,0.00026440031868118455,0.9997087182486243,20
79090600,-0.0002436965752206366,0.00036747811763697066,0.9960294233279207,20
57657429,-0.00024381024269060357,0.000266854329775757,0.9996851847203465,20
73102162,-0.0002442001837273694,0.0006699662233371956,0.9402241619231971,20
65294331,-0.0002446616849259009,0.0005348270320880869,0.97256492130405,20
87605926,-0.0002447858288882748,0.00031416094704317117,0.9987596537432762,20
29070597,-0.00024486984892534147,0.0003560569175154713,0.9968878756107897,20
23096027,-0.0002450279416814138,0.0005315299267961913,0.9734013632009286,20
32096766,-0.000245238172422127,0.0004694418728918482,0.9847068110558009,20
12489459,-0.0002457435606626063,0.00025116276890645644,0.9998373752158386,20
65824820,-0.0002457884543998229,0.00044308352877450144,0.9886812461834537,20
135162938,-0.00024648378301810324,0.0005065826105167689,0.9788093222359746,20
170202862,-0.0002469054868884352,0.0003217375107940565,0.9986026324526385,20
126116231,-0.00024702061319638866,0.0009122468410781455,0.8796237650681278,20
96483140,-0.00024723071435911735,0.0003920654150000273,0.9945326488118497,20
6065807,-0.0002479425176456329,0.0021874170137346715,0.6909761751052855,20
120412220,-0.0002484735528634735,0.0002998855448063778,0.9992494909140893,20
21,-0.00024848798290688645,0.0005182358103704419,0.977423699583784,20
86297150,-0.0002491458037425398,0.0006784740057564689,0.9415053746160353,20
11621846,-0.0002495372058018447,0.0004853720722737489,0.9834964567253428,20
145173679,-0.00024970517633675913,0.0002983626124434356,0.9993108043745329,20
29031060,-0.000249923036863961,0.00147059279138127,0.7717167111398487,20
178408114,-0.00024995053049488015,0.00034307101498019164,0.9979318737966761,20
96082752,-0.00025049749711894277,0.0003217460643729643,0.9987518691030566,20
128157996,-0.0002508545962348757,0.0003707702160471959,0.9965232640176649,20
129070177,-0.0002508788845284271,0.0002278675523158472,0.9999528608163283,20
70555521,-0.00025112550547927437,0.0002177003571500291,0.9999720831470378,20
1410929,-0.00025123963725760535,0.00041897997467567257,0.9926199258138524,20
31836292,-0.0002512744513780363,0.0008897762190248368,0.8890546583763509,20
75883650,-0.0002516314971209549,0.00028996296678739434,0.9994971817981521,20
54444750,-0.00025189704176992455,0.0002804455223435197,0.9996313994487896,20
68989137,-0.0002519854386599296,0.0005351339125743411,0.975627109151544,20
51652506,-0.0002519978918127441,0.0005476834514717637,0.9731971360886317,20
42910644,-0.0002521046338414573,0.0005157156771989918,0.9792395587523461,20
163390864,-0.0002523568930518832,0.0009604392298461294,0.8727565815610929,20
118611118,-0.00025265708011222853,0.0002263265742973119,0.9999595713093551,20
188433744,-0.0002531191891830181,0.0004072849420318302,0.9940254908647745,20
86838338,-0.00025355328650844,0.00032041023362457994,0.9989037686263575,20
119173430,-0.000253646914799821,0.00046228848835980837,0.9880202588471511,20
39143884,-0.0002539495424842914,0.00020117885337951106,0.9999903917654389,20
101715021,-0.00025466911549431036,0.0004868831523773598,0.9847990516730837,20
32131897,-0.0002546777223733643,0.0005762939857866966,0.9685916532583029,20
111125434,-0.00025516727979994216,0.00033034383060753585,0.9986718736293935,20
73031538,-0.0002556376001180721,0.00025063676531890606,0.9998933325975932,20
110315894,-0.00025584080854164636,0.0003661027603177911,0.9972137354885457,20
89407049,-0.00025602781343621317,0.00026088642548105983,0.9998421883976795,20
191024377,-0.0002561658642814046,0.0003106106475352877,0.9992194956360415,20
39842007,-0.000256374395255754,0.00023337215249652425,0.9999517036450243,20
87805950,-0.0002564790163907149,0.0003586328925385868,0.9976338091423749,20
7216550,-0.0002564852592096767,0.0004994342726145425,0.9834110023859325,20
61020245,-0.00025702845274115925,0.0009281020682076975,0.8846948732216803,20
29619742,-0.0002572171397681733,0.0003862770991852112,0.9961350369916805,20
23463526,-0.00025745353785273375,0.00019987708328712264,0.9999925069358108,20
35505197,-0.00025752872524088534,0.0001927759075776153,0.9999952585766017,20
39280677,-0.0002575774664949987,0.00029035412646724124,0.9995871904841676,20
161189344,-0.00025770300948028404,0.0004780770193173977,0.9868916743676873,20
33313449,-0.00025777846052492945,0.001844168292258738,0.7303347693659625,20
222879533,-0.00025785147856974,0.0003946673803614156,0.9956256825981497,20
97346990,-0.00025789560288448367,0.0003005790434804134,0.9994442012895043,20
35128715,-0.0002579292542609829,0.0001539696238817504,0.9999997809494388,20
199233710,-0.00025793864916808516,0.00042788869587511965,0.992842040104792,20
236716686,-0.0002583489180548043,0.0004590196793372424,0.9895137734906017,20
37458865,-0.000258713458722426,0.0002624054867036605,0.9998493303555641,20
86709439,-0.00025883533954159933,0.00039311694186944804,0.9958392132721948,20
3815005,-0.0002590886990655211,0.0005161141204012206,0.9815672487205946,20
91694384,-0.00025911614780064205,0.0002556456380997437,0.9998862098407677,20
155382134,-0.00025913323339304685,0.00037814917438012193,0.996810783165704,20
53663219,-0.0002592945139317876,0.0002994705014074436,0.9994870025696267,20
164104976,-0.00025934209046247494,0.00033116894277222407,0.9988082359302538,20
88674491,-0.0002596070948477913,0.00019749231448649984,0.9999941865670612,20
76,-0.00026003458686565674,0.000344536435983979,0.9984114529570854,20
36432194,-0.00026004320424959646,0.0005813368041555531,0.9700265311695282,20
30496760,-0.0002606685277986437,0.0010850283660859183,0.8519485575233461,20
140265434,-0.0002607277136360109,0.0005011082926410747,0.9844079527054839,20
10638333,-0.0002609314607217472,0.00037920183692824406,0.9968996352294158,20
10362,-0.0002611658847877063,0.00043490019126204315,0.9926817306347583,20
12889591,-0.0002611762911606391,0.00032343534619185964,0.9990699590995621,20
110451682,-0.00026119638673182955,0.00027847785061678064,0.9997543390096771,20
108340355,-0.0002619934870369295,0.00022786352061071106,0.9999710233045241,20
121751674,-0.000262036320950812,0.0002024427810637081,0.9999929483245495,20
77097464,-0.00026249225202508995,0.0006090272922159658,0.9654988396383704,20
50133910,-0.0002625246057969072,0.0007537447610432148,0.9320875335634999,20
29445193,-0.000262973652077364,0.00030153789133805555,0.9995187998117994,20
104135940,-0.0002631659292103822,0.00041982530651891135,0.9943296011771611,20
27441883,-0.00026345965574884055,0.00032139111622149925,0.999178954566583,20
14424121,-0.00026354229268649165,0.0006058423365885896,0.9666614542311878,20
203055522,-0.0002636149332965715,0.00027664419023216627,0.9997890999134892,20
43885399,-0.0002638139387554,0.0004412453571091598,0.9924937675630878,20
21556446,-0.00026385836401843774,0.00031457933052788186,0.9993236703526744,20
25885030,-0.0002639898860496953,0.00045421405275113797,0.9911925932493448,20
38879940,-0.000264401051567148,0.000532730782025261,0.9805921587942281,20
35537706,-0.0002645363721775651,0.000630256514532193,0.962025364825489,20
49436751,-0.00026470504220473814,0.00048489126713334067,0.9877054189337714,20
75887579,-0.00026478633736900516,0.0007581592896104093,0.9325916606668744,20
24884944,-0.00026517356945974233,0.0005183600375543981,0.9831062031459513,20
50192143,-0.00026545393847491325,0.0008399785640050891,0.9131298887934703,20
100234338,-0.00026561278919311204,0.0003726590528580913,0.9975760284640102,20
117810312,-0.0002656302431902291,0.0004528786039521553,0.9916303761319474,20
224905913,-0.0002657753851236372,0.0004157755167990208,0.9949756351297934,20
157461208,-0.0002659654123548016,0.00038122635356652336,0.9971811477010623,20
4213378,-0.0002660839460526837,0.00028417271614502746,0.9997503025461852,20
36878042,-0.00026609849569998457,0.0003460171680964599,0.9986253702016518,20
56722519,-0.0002661343559482388,0.0008364860938333961,0.914503182826032,20
72682773,-0.00026619096110088727,0.0003878892935903135,0.9968419649125464,20
71068398,-0.00026620391575060134,0.0003763710669910586,0.9974398583336019,20
117952617,-0.0002662407929521188,0.00024342237580663172,0.9999493106431784,20
5016279,-0.00026632421066173086,0.0003797623756348917,0.9972816045457846,20
133074645,-0.00026639996291387137,0.0004040380824019654,0.995877021553252,20
30220230,-0.0002670052698303782,0.00032828992798158594,0.9991234141201931,20
1261372,-0.00026718059704249617,0.0031422378272033934,0.6460150266317155,20
31435076,-0.00026755078159198533,0.0003361003766543949,0.9989549485365232,20
39301123,-0.00026766164027136884,0.00025013890418469875,0.9999356910667442,20
151582230,-0.000267901366719972,0.0004513778405345391,0.992172106374207,20
56484269,-0.00026826471659641414,0.0007129057212926329,0.9456179410608914,20
27931555,-0.00026833157432535617,0.00039605187661208156,0.9965555112265243,20
68066200,-0.0002683583135482975,0.0005295504055088737,0.9823498635956595,20
32271517,-0.0002683895650099105,0.00042497921679754565,0.994583135980535,20
11275293,-0.00026857678957794564,0.000938388306592177,0.8920186563137619,20
95614638,-0.00026866246235334736,0.0018861214354230623,0.7341431286517768,20
93212161,-0.00026916016157973457,0.00035202743603114455,0.9985622647922356,20
146777309,-0.00026921382171247457,0.0002200971694132548,0.9999859369424903,20
57525297,-0.0002693453716264754,0.0005864332107310157,0.9730029854607462,20
99191529,-0.0002693952304564012,0.0007071454678686546,0.9476320481710097,20
133274753,-0.0002696051687857415,0.0006827248180405882,0.9532723953072961,20
153984283,-0.0002696454320991942,0.00025809342666887236,0.999917008348925,20
8873271,-0.00026987083982235593,0.0002730853623375385,0.999852811129191,20
64683679,-0.00026988455874531745,0.0003113727040192063,0.999491769121149,20
10270925,-0.0002699565478402388,0.0005135398014423658,0.9851618657411212,20
71482235,-0.0002700936960242345,0.0003232929042531382,0.9993003734673527,20
112765092,-0.00027044768907729386,0.0014790529957524764,0.788178405429119,20
31894355,-0.0002709633442266407,0.00041846090494874024,0.995368254627573,20
112927208,-0.00027146358594664635,0.0004827981482529799,0.9894585374892317,20
141081278,-0.00027152813386850384,0.0014811117421004599,0.7887700946900038,20
25089024,-0.0002717316123598129,0.00039926185549286615,0.9966588622095918,20
29088278,-0.0002717565666685073,0.0012570360631058183,0.8271107544407221,20
8272985,-0.0002721832387116707,0.0021139747373359868,0.7142481116102645,20
77489122,-0.00027300130427929115,0.00044948782922209115,0.9931492172751958,20
20834050,-0.00027319995061788894,0.0002442882478954191,0.9999603756660541,20
102124790,-0.00027322861797106633,0.0001892767867209059,0.9999982707086406,20
212066234,-0.00027336127958251243,0.0005710653003214583,0.9772615591231107,20
47862656,-0.0002734445819374265,0.0002792782079679945,0.9998385100882256,20
90513818,-0.00027363930812558944,0.00040301919130015146,0.9966049674138406,20
20021661,-0.00027386750831285834,0.0004938362259550692,0.9886651526135565,20
54454187,-0.0002741743581972017,0.0001842013804487463,0.9999988544544103,20
96122615,-0.0002743866024328079,0.000520956927263731,0.9853009488703265,20
82302551,-0.00027471295054555257,0.00041314578605526267,0.9960982715244577,20
36372118,-0.0002749502579473456,0.00029742864838228734,0.9997179944177558,20
187631817,-0.00027548418874231984,0.00043041766010908127,0.9950153944647151,20
55058785,-0.0002761920948396751,0.00036493324247290814,0.9984446833630812,20
86473196,-0.0002762165360016,0.00032522113702224354,0.999392721498073,20
3264267,-0.00027633036047685077,0.0002476275622212329,0.999959398337359,20
68976415,-0.0002765342669930032,0.0005487073286530755,0.9818952897983206,20
23663653,-0.00027695113290818196,0.0005192568596856847,0.9861806875448281,20
113738412,-0.0002771475006458107,0.0004961540823226663,0.989086117735766,20
20036572,-0.0002774678126494623,0.0002904270602677903,0.9997943566472205,20
169709763,-0.0002776938623411551,0.0002972108406729235,0.9997451205125267,20
137431501,-0.0002777784688495766,0.0006316838167200854,0.9679946760896638,20
17232981,-0.0002781717778543302,0.0008489868763566426,0.9204041521176572,20
137062363,-0.0002787203097703278,0.0003306687399540346,0.9993515982625808,20
74,-0.00027908689567403,0.0002898320728695546,0.9998095799633071,20
179209174,-0.0002792862289464043,0.00043566672756108617,0.9950647452103263,20
24527946,-0.0002793168280873726,0.0002979945602591339,0.9997527769552008,20
239297788,-0.00027942212740836856,0.00044505014781723485,0.9943844851930478,20
237295702,-0.0002796301861121064,0.0005124330883623146,0.9876806835107048,20
32713031,-0.0002796349065111503,0.00047182196073148746,0.9921080752134435,20
140480881,-0.0002799222057873696,0.0004747173074951815,0.991876986609265,20
54877201,-0.00028032963374270415,0.0002613853517886578,0.9999372410539865,20
109140966,-0.00028069558480468826,0.0006181458413121848,0.9717444240199037,20
79445200,-0.00028071105238290374,0.00029271686773827484,0.9998017774975281,20
154095972,-0.00028097998404957305,0.00038124439361225876,0.9981002758247144,20
18024573,-0.00028115958231827445,0.00051203434986321,0.9880680233976294,20
141370117,-0.0002815661095220717,0.0007151125504779632,0.9528241495413783,20
7466155,-0.0002816109369377179,0.00035220784067416277,0.9989916338190414,20
214095868,-0.00028177070451199104,0.001035510506901515,0.8807294521936565,20
60649224,-0.0002818646128955243,0.0004006971886033821,0.9973392173702008,20
51855539,-0.00028194874339076693,0.0008788807434308829,0.9161828865595347,20
151381471,-0.0002824890305076433,0.0006630736254100652,0.9640030471416137,20
65348695,-0.0002838112406904042,0.00030213436470327644,0.9997578508098723,20
31898304,-0.00028404297609805896,0.0005664948531315974,0.9814674464754778,20
14878442,-0.00028453282606938634,0.0005155882007098283,0.9883727308979519,20
40945786,-0.00028486189954309016,0.0004293739046445588,0.9960402372141884,20
98486309,-0.00028524877616618036,0.0005724584908469956,0.9809360091129343,20
12269343,-0.0002856978382021674,0.0008473558503213888,0.9259785498240056,20
90408943,-0.0002860983270747297,0.0003960429989356192,0.9977994703112636,20
106131406,-0.0002865844601054879,0.00043461958086280856,0.9958789655731801,20
34928562,-0.0002872976829104451,0.00047858391357057394,0.9926668219495205,20
47145848,-0.00028732649912269204,0.0002599985233578122,0.9999547669086554,20
119535674,-0.00028781420461027887,0.0007690302125456011,0.9447156778820849,20
112661746,-0.0002881409187838163,0.0005250206379326159,0.9880361432323842,20
138231955,-0.00028819946069743864,0.00044066663195643655,0.9956544069447171,20
123953953,-0.00028881892971283627,0.0002454616183959131,0.9999777880842472,20
147177468,-0.0002890675870609316,0.00022729427646095603,0.9999912328816917,20
17877458,-0.0002891034095775957,0.0005184836804913899,0.9889830489205838,20
97542236,-0.00028913387380978816,0.0003866382233405714,0.9982964141718981,20
26485461,-0.00028915287633810016,0.0004612328749191552,0.9943332860897686,20
13473298,-0.0002892999136557023,0.0003331938505005317,0.9994995254447712,20
29533312,-0.00028967810826355245,0.0002875081021577324,0.9998790352548191,20
3462313,-0.00028976501440722003,0.000519889618329638,0.9889586030300989,20
127268290,-0.0002902083301579733,0.00041430912373755657,0.9972590164726598,20
197431932,-0.00029026785380846797,0.000564952841396483,0.9834473915864519,20
1012890,-0.00029079315461996437,0.0003829914464681065,0.9984825704290308,20
93136589,-0.00029097441370111167,0.0006914473713112828,0.9623745440163715,20
57725586,-0.00029119194276721325,0.00048539877650933286,0.9926381374517625,20
89721553,-0.00029130215913971135,0.0006811804733593971,0.9644945497619394,20
111516808,-0.00029184892985841535,0.0005642772830986144,0.9839581416928999,20
45848566,-0.00029241994565582516,0.0018412901472634646,0.7569062509244768,20
39241103,-0.00029250976500238277,0.0004120161321271533,0.9975070226540114,20
165598203,-0.00029264030959282316,0.00023475817525028814,0.999988805496795,20
44846794,-0.0002928749556989574,0.001949508792587925,0.7451164853655003,20
139230585,-0.00029306872322821533,0.000865309411730911,0.9268402452134844,20
16276215,-0.00029306939992531923,0.000412206894132776,0.997532579578409,20
168196092,-0.0002937368157751419,0.00021514210235910525,0.999996411527521,20
11875535,-0.00029400054185208245,0.0004257721002941793,0.9969729817624867,20
122552096,-0.0002941043012950728,0.00037799788220616536,0.998745542875482,20
52156460,-0.00029421922307768243,0.00038852049384991203,0.9984517743853187,20
50064140,-0.0002956588542111976,0.0013094212415969665,0.8373557314971727,20
59456384,-0.00029585234357581703,0.0003393682685329001,0.9995171533326065,20
111726462,-0.00029601871111550047,0.00047496144128542154,0.9941273862147013,20
104934301,-0.00029608308494478985,0.0008087842554413161,0.940975318504639,20
103108128,-0.00029609212602483003,0.0002814856832826706,0.9999227739096631,20
113701962,-0.00029611739915667845,0.000727268754224769,0.9577947928039852,20
145449545,-0.0002961603228538945,0.0007631887498901417,0.9505731499387042,20
73082956,-0.0002966302829899653,0.0004025585355155032,0.9980974986562816,20
29501406,-0.00029748720681192775,0.000664110508240097,0.9701899112056332,20
87109589,-0.0002984457051776829,0.0002956153425677628,0.9998814973360491,20
20227128,-0.0002991485057960458,0.00046348963758844263,0.9952718834114105,20
67175150,-0.00029932851704221884,0.000361573858057441,0.9992440202278463,20
94281710,-0.0002997222777638614,0.00044469797832337785,0.9964329474777521,20
30835663,-0.00029988669559834755,0.0002933199275365223,0.9998959320735024,20
50449688,-0.0003000943852456306,0.0003718557712722316,0.9990653216663795,20
77418949,-0.000300498172059932,0.00044950539562429656,0.9962339344905813,20
123014509,-0.00030080170158252874,0.00021425060151264983,0.9999975032521795,20
179086833,-0.00030098553809228544,0.0001627798982001342,0.9999999489149438,20
22242761,-0.00030168992062820643,0.00048372782403822203,0.9941518590311005,20
191636866,-0.0003023651787024795,0.0005311120717754697,0.9901374350376116,20
147630797,-0.00030269953253183045,0.00039722085115966727,0.9985245809125244,20
58658051,-0.00030289748507073553,0.000304205555357648,0.9998635731658001,20
234692189,-0.0003030620196343453,0.0005644539981992722,0.9866292863363769,20
82,-0.0003031002702683527,0.0007305625400540501,0.9604413285137892,20
105919708,-0.0003032137433413573,0.0006112849390665712,0.9805419128276034,20
177607116,-0.00030342831133092774,0.0002965672589573648,0.9998967167154511,20
135563101,-0.0003045230016562622,0.00040982243764037653,0.9982127104326368,20
201035607,-0.00030456209267054336,0.0002720888326966995,0.9999607682413137,20
42147220,-0.0003047164820343673,0.0005571602328867387,0.9878203869057788,20
22695564,-0.0003049207088191036,0.0004968237560850535,0.9935593594886625,20
25288411,-0.00030493216969726953,0.0004301416048690045,0.997481027881601,20
48667721,-0.0003053734179033457,0.0007133757471736514,0.9646230155634479,20
9007493,-0.0003054087645524839,0.000385296275461213,0.9989183729530529,20
42110038,-0.00030613961271552803,0.0004494984885679975,0.9966748965279778,20
12228591,-0.0003062565355880481,0.0014827982995823915,0.8163804846201701,20
177885142,-0.0003063531207810999,0.00048578778775764053,0.9945351141800555,20
188623141,-0.0003073072301898433,0.0012046969400119597,0.865935663861674,20
119753885,-0.00030809722024083275,0.0006123635345569483,0.9817554328565354,20
44266420,-0.0003087546993768231,0.0003258032499931001,0.9997775478571247,20
91409580,-0.0003087567208245795,0.0003633344009153747,0.9993956124949703,20
23425419,-0.00030891977356207746,0.0006171992830229204,0.9813178508456996,20
179008744,-0.00030926674909608767,0.000447923623588036,0.9969709836331241,20
10468280,-0.0003098386072128173,0.00043838453604404026,0.9974265680157687,20
134371304,-0.0003103740431402768,0.0004950959591671812,0.9943323891995153,20
51841424,-0.0003103981863174038,0.00038407129892484754,0.9990762946093372,20
48088731,-0.00031042597604021005,0.00043041886979035336,0.9977733850189836,20
138364547,-0.00031068388975616644,0.0003461712607554047,0.9996286896737439,20
62080663,-0.00031079962441442344,0.00039886351263836666,0.9987601525606729,20
26641323,-0.00031124771741009304,0.0006407047205652216,0.97866191943971,20
16293956,-0.0003115693299009903,0.00045681343150294414,0.9967071169904685,20
10674597,-0.0003123592632164413,0.00024193425535024428,0.9999927223736372,20
15350422,-0.00031284232470828177,0.00031388227899882017,0.999864933894836,20
134625030,-0.0003128799533361953,0.00038111576641431945,0.9991890147781023,20
104710710,-0.0003143275602029705,0.0006040066705612238,0.9844225800822584,20
34627872,-0.0003150208891761708,0.000722496320605799,0.9669511837999387,20
86174147,-0.00031535952161512173,0.00037442609540490356,0.9993472756584292,20
116053532,-0.000315416621339476,0.00035297065837568045,0.9996136756895876,20
57447716,-0.0003157308252129731,0.0003808867222995646,0.9992523548250225,20
7866557,-0.0003163374241424349,0.0002865967499872496,0.9999541577926474,20
156784003,-0.00031637901344724884,0.0003464706071623949,0.9996835820263921,20
11024148,-0.0003166090730929161,0.0005471223657550299,0.9909783085350163,20
118133154,-0.0003166564001368222,0.00036926716314586607,0.9994415310914888,20
167799660,-0.0003167963323661843,0.0016463736025733892,0.7998874397256219,20
95700158,-0.0003172976607619282,0.002946038491404862,0.6822267850456891,20
96883271,-0.00031742836042651104,0.00038707324355649874,0.999181671546543,20
114827343,-0.00031787254737245527,0.0004817373763110217,0.9958974075579318,20
120660398,-0.000318387601005965,0.00039630023916751206,0.9990302689728542,20
28727376,-0.0003190949708914037,0.0005778169134587099,0.9884143309004467,20
105136806,-0.0003194410532993908,0.00042983815007779447,0.9982146030697336,20
7866171,-0.00031974644620073043,0.0003727520159462817,0.9994430845823435,20
33072539,-0.00032028287063052554,0.00027456858359130846,0.9999754463585012,20
209687376,-0.00032054972463025353,0.000417886393298318,0.9985978277866303,20
20483097,-0.00032057506424105765,0.0010043007893450486,0.9151693998823868,20
34334556,-0.0003212208293776303,0.00044143315408259946,0.997913269895466,20
41042779,-0.00032175916243649407,0.0009390940868693714,0.9290317913454819,20
188423070,-0.0003220519293742841,0.001209652069154415,0.8757707377299946,20
94698911,-0.000322347244062221,0.00031692742414745446,0.9998902052663944,20
47328970,-0.0003224619959624475,0.0008022295672278401,0.9559243522221731,20
118345446,-0.0003225925198415441,0.0006944140048022157,0.9742239939894956,20
860945,-0.00032265746393622674,0.0019105663731346716,0.7703220996251943,20
1413084,-0.0003231815195986726,0.0014110131005242068,0.8407223466081396,20
4615099,-0.0003243693483476778,0.0007704972462552318,0.9624279578793431,20
65529644,-0.0003254917097885501,0.00043384777197861304,0.9983376824480987,20
19445170,-0.00032569115885046904,0.000289896534503811,0.9999623507940093,20
178220560,-0.00032570542702247687,0.0016740809404699533,0.8024440781320354,20
43926428,-0.0003257252241134323,0.0005062779848580256,0.9951756151950133,20
97,-0.0003262104708996294,0.001925846137126896,0.7709830396141446,20
164191596,-0.0003292492691404691,0.0003783929813868384,0.9995089541955849,20
66477242,-0.0003310317954603431,0.0025341744749308947,0.7170149887006623,20
180824669,-0.0003311683622412798,0.0005041730720086574,0.9957745753331267,20
164905981,-0.00033121296788934105,0.0005078776654345467,0.99557425335083,20
152778289,-0.00033299004552523047,0.0004091292565742806,0.9991285569777809,20
68911197,-0.0003330226867798686,0.0009926492724461895,0.9250209042193412,20
54557888,-0.00033363035514604453,0.0006604993736962129,0.9820828642775314,20
155586913,-0.00033477101079074925,0.0007119305092279122,0.9754856070926688,20
88741329,-0.00033562376182353916,0.0004880053931093658,0.9968884736519479,20
25664183,-0.00033573234422602517,0.0003462569273072389,0.9998221017890145,20
90713945,-0.0003357897232660639,0.00033572237618796066,0.9998696690741279,20
66692433,-0.00033608244386925946,0.0007184438266786631,0.9749508256984354,20
122940607,-0.00033615968453696297,0.0007609478081018519,0.9685485052754728,20
51255832,-0.00033702659471197274,0.0006585658245603353,0.9831364471633733,20
92718251,-0.0003371160810549417,0.0003801200782263645,0.9995861452256041,20
39058157,-0.00033713895795879634,0.00034455246255390087,0.9998374747159908,20
97747894,-0.0003380664767719421,0.0029136744158785783,0.6950859470197026,20
94081674,-0.0003384466866450109,0.00041788742513816787,0.9990923317820881,20
18078359,-0.0003390443636466095,0.0006448548751803746,0.9851742669992181,20
160989252,-0.0003392921745725919,0.0003262885682047269,0.9999127905985159,20
23696914,-0.0003398391825591124,0.0008757605607527294,0.9505706761300878,20
39846872,-0.00034021792392901763,0.00042261899062165495,0.9990461486486018,20
49114544,-0.0003410186290761785,0.0004904003651654283,0.9971165989742279,20
64253647,-0.00034218342832866564,0.0005287519821394971,0.9953513591710584,20
130872357,-0.0003421993371655635,0.00036427283162838677,0.9997579732260976,20
128869943,-0.0003437606223481521,0.0013681819816540606,0.8624185360718573,20
79280838,-0.0003439124485846878,0.00016440626176667759,0.9999999923827095,20
44506732,-0.0003440593562976907,0.00031416363649690407,0.9999500270631619,20
33902593,-0.00034420245902350155,0.0003220745984338893,0.9999348125932253,20
168800490,-0.00034481655150854496,0.0008548133261853574,0.9564433527328309,20
160101532,-0.00034490652534994727,0.00045611665432268415,0.9984344524863021,20
107733993,-0.00034541642444763934,0.00039255309906457736,0.9995557188578527,20
241322243,-0.0003458446896371786,0.0006938698882896763,0.9809604283013827,20
173206902,-0.00034595678342490553,0.00022258338222894597,0.9999993674797227,20
62466537,-0.0003478166603419791,0.00024708772474179013,0.9999975878127071,20
131656626,-0.00034808375287604385,0.00047642025340687146,0.9979741863147739,20
86205087,-0.00034838079056148663,0.0004340894956249972,0.9990218996346902,20
21637665,-0.0003484683193897498,0.00044874916271488917,0.9987259840571039,20
86975062,-0.0003492964346516941,0.0007307730345950316,0.9771182142843859,20
108204013,-0.00035152037198275533,0.00032622827421005285,0.9999403504242549,20
78498995,-0.00035196887458388006,0.0002696115159946616,0.9999936604933949,20
82021546,-0.00035199927965951503,0.0004883991694923871,0.9977622298110058,20
9467896,-0.0003522910061141804,0.0003595405211399213,0.9998396968316271,20
42064477,-0.0003552497589303566,0.0007073401766325199,0.9816064608320393,20
84554053,-0.00035571155266918286,0.001492512835090595,0.8500748386781859,20
43445402,-0.0003557785430952559,0.0003511518528338777,0.999885747684826,20
174202219,-0.0003559581679652479,0.0005038778892733033,0.9974178982241287,20
38479774,-0.00035697468441879543,0.0011957578663960367,0.9011872756528424,20
47852559,-0.00035699326028109936,0.0005628711426692117,0.9947241653917083,20
93384594,-0.0003571508635719062,0.0005036652636364964,0.997485876743222,20
205057668,-0.00035768189365950056,0.0005998161960528722,0.9923798801512296,20
37943039,-0.0003578854790434488,0.0005078278975132726,0.9973736329841177,20
24087441,-0.00035899377891723816,0.0003368976005282569,0.9999327342104681,20
137765917,-0.00035924778539069,0.0004613266786887774,0.9987540322142614,20
119347329,-0.00035953650991440436,0.0009649151868911345,0.9439786935507606,20
164992076,-0.000360437643917233,0.0006507173635434926,0.9885942382019941,20
11227687,-0.0003605879394146111,0.0005033048020759994,0.9976640500902375,20
198032726,-0.0003608589330296452,0.001661951649618232,0.8281339627101197,20
89921681,-0.00036092837769866325,0.0005471851161852729,0.9958878092434521,20
40375442,-0.00036130152234531974,0.0003875978997644053,0.9997393935850082,20
154296093,-0.0003621853440330447,0.0013438021296525427,0.878565542698813,20
17638020,-0.00036239906350538363,0.001055571119815527,0.929411617861014,20
101194293,-0.00036370454234737617,0.0011604190228877368,0.9114321588498896,20
195028693,-0.0003647709996909526,0.0005660532092863682,0.9952245330483227,20
161803309,-0.00036495277482606614,0.0005630615849236356,0.9953970217255571,20
149182665,-0.00036530792427949543,0.00041862664034009325,0.9995213785070235,20
108333833,-0.0003655855213041431,0.0013336065509620455,0.8824037951228736,20
80082389,-0.00036762169804190336,0.0005868746616360325,0.9943052119135625,20
116217036,-0.00036829795681188326,0.0004346268325516557,0.9993806386522449,20
87327273,-0.0003694339603263791,0.001563787348435628,0.8480080729982924,20
149571929,-0.0003699817316502707,0.0004426910532095365,0.9993025841016802,20
8666804,-0.0003701869626471316,0.0003935984301652433,0.9997607118311252,20
56399503,-0.0003709133458305369,0.0006934067262486902,0.9863786867452489,20
88854883,-0.00037110402961109957,0.00029078003850469355,0.9999916024663181,20
49955155,-0.00037251255662605897,0.0005706708526047481,0.9956008044703786,20
32641791,-0.0003726867453661575,0.0003489800011899042,0.999934303558747,20
149139307,-0.00037329592922314135,0.0007414626810443008,0.9818102397089274,20
75962054,-0.00037359792235041044,0.00039488847068600203,0.9997739169439683,20
3813113,-0.00037364979347896123,0.00045670454628962074,0.99916542382008,20
209263023,-0.0003737455343747309,0.0004470798351577856,0.9993041075693762,20
82515337,-0.00037502698323201575,0.001537546861533291,0.8555014410257071,20
153743259,-0.00037555796719593304,0.0006667609005343246,0.9895562729776528,20
36039763,-0.00037608360854502474,0.00039989565064708324,0.9997605529890915,20
63060163,-0.00037621313357766306,0.0007857236570318954,0.9772867984184692,20
240120918,-0.00037711220279417477,0.0013253227737424478,0.8907290471581508,20
74632186,-0.0003773071649273041,0.00023771579635838863,0.9999995280298871,20
46116205,-0.0003792666597689648,0.0002755735993047598,0.9999967636730811,20
46887918,-0.000379732057567983,0.00034452218090275495,0.9999534302545596,20
37,-0.00038041065671954867,0.00047285157543801716,0.9990410935330996,20
103844033,-0.0003823507110449903,0.0010432504467708776,0.9411704602022656,20
99930785,-0.00038248294229876746,0.0004143317858406397,0.9997142494046486,20
195429151,-0.00038265415296842575,0.0010397389640833933,0.9418844683061408,20
39653379,-0.00038372415333193797,0.000672089188187504,0.9902893604837684,20
229087980,-0.00038397222129508415,0.00041898050625730225,0.9996940547528539,20
9826757,-0.0003846588224364289,0.0005055011478867497,0.9985081006663251,20
169400928,-0.00038543205515968184,0.0011048246023018368,0.9323881627011139,20
206059608,-0.0003857898540915616,0.00042022486880080953,0.9996990484181624,20
92983851,-0.00038615650081258446,0.0023014871885100444,0.7688851561646355,20
110740664,-0.00038721597653484653,0.0005535783808708554,0.9972319176819074,20
12021001,-0.00038792153334231416,0.0006273909121918476,0.9938385856075297,20
37116476,-0.00038853442345644916,0.0006961406784414182,0.9890381563272979,20
35021037,-0.00038927925000993016,0.00043734693237577963,0.999599558731246,20
79303782,-0.0003896750670348809,0.0005749179807798225,0.9965649394870162,20
6015236,-0.0003902546463684986,0.0006675513142513787,0.9914743668960896,20
611017,-0.0003902964002346465,0.0004083319290580017,0.9997953030424985,20
140242451,-0.000391345877246857,0.000875357898461271,0.9699614274331629,20
36050152,-0.0003913538479747403,0.00044657908113401336,0.9995391440876151,20
45552290,-0.00039227975539231905,0.00032970781640657596,0.9999804880666291,20
80548976,-0.00039405009835186686,0.00033302400128703733,0.9999791910332991,20
34676921,-0.00039415618703738666,0.00042603007455080367,0.9997201730461888,20
66255110,-0.00039416799988162277,0.0007024529319577101,0.9893444026969681,20
35336058,-0.0003943571892350034,0.0006938108899938466,0.9900517172071475,20
82102184,-0.0003952991316705512,0.00028320680986748876,0.9999973050598743,20
34737425,-0.00039620472904216555,0.0005166831807384362,0.9985942665924552,20
15231767,-0.00039767665145042374,0.0010420304713723069,0.9479180776299274,20
106519835,-0.00039771010261707154,0.000511087152968336,0.998746901908109,20
10400602,-0.00039865495985896284,0.0004476119065156781,0.999601736431191,20
109739942,-0.00039905117057026097,0.0008290497973633958,0.9777933158141093,20
11774,-0.0004003338526335054,0.00035687837827898104,0.9999617035710298,20
4416121,-0.00040095080506956094,0.0008874927857114838,0.9711678536434762,20
8870738,-0.0004020286354544017,0.00029928340356926916,0.9999955807037813,20
110540454,-0.0004026423318060135,0.0005765070949821267,0.9972024355492163,20
21283446,-0.00040332511376627576,0.0016249106859735764,0.8595843655584506,20
208862450,-0.0004036005862414427,0.00044925358427649247,0.9996320661421529,20
32,-0.00040496596814280916,0.0007041448218817737,0.9906670193906566,20
19226809,-0.00040500514068079476,0.0004255337347807017,0.999786624818773,20
79798339,-0.00040502804972395167,0.0006259607101820194,0.9953466668415912,20
85116873,-0.00040546790099122153,0.0002524877127446679,0.9999995996864911,20
61658073,-0.00040670921104454805,0.0011639101932392913,0.9326887001867823,20
76083685,-0.0004069132232930095,0.0012615212760401955,0.9172807117875097,20
56955847,-0.0004069243222724339,0.00035917648720345385,0.9999657396969817,20
22492030,-0.00040728389403597577,0.000808204741329881,0.9818891054344466,20
33094720,-0.0004075976791658803,0.0010141518154474767,0.9559070215291461,20
82847412,-0.0004080373577458607,0.0005933593035694838,0.9968862215522124,20
137357725,-0.00040837434104145645,0.00033923307824500784,0.9999830031945859,20
11172141,-0.0004106059955475999,0.0006259543738390146,0.9957374963346706,20
20236625,-0.00041076152469601,0.0002796814403522002,0.9999986276272763,20
90456170,-0.0004118220420142593,0.0005122610284559603,0.9990354846028414,20
129959301,-0.0004129520883554338,0.0005698657189300007,0.9978487702560304,20
72180551,-0.0004139831911083136,0.0007462470852461359,0.9886845343290057,20
78298676,-0.0004145133555222669,0.0003981189492117942,0.9999139520709466,20
44006140,-0.00041569717532091434,0.0012819308817935086,0.9183443009600483,20
40084797,-0.0004160031291216254,0.001317857341837619,0.9128974046707972,20
21259577,-0.00041609383011328993,0.0031978293958820343,0.7162636515887013,20
8017124,-0.00041685431047134013,0.0002662741632742215,0.9999994277501237,20
86774931,-0.00041717117289972463,0.0002843287603902342,0.9999986091111118,20
26668246,-0.0004190794851337609,0.001033768808130913,0.9571655100855964,20
160701741,-0.00041944730120797304,0.0019415593808032306,0.8269450594953527,20
65973731,-0.0004198211009384362,0.0006599640681316836,0.9948208161436949,20
32297173,-0.0004204610230695349,0.0006102016413507066,0.996928681768688,20
8268997,-0.00042124853725590826,0.0005043728099537165,0.999298565768188,20
177206440,-0.0004226623508919003,0.0003924778087727813,0.9999399767172057,20
17625568,-0.0004228955006101709,0.0002893781341274328,0.9999985328215942,20
55721840,-0.00042354706784021313,0.0016791546401184894,0.8633274945276884,20
80290830,-0.00042405494660948393,0.0008499898763163859,0.9810405566820205,20
158986225,-0.0004242920017332091,0.0009680578967677071,0.9675918334195259,20
9667835,-0.0004255226380947996,0.0005050597282790862,0.9993490829213271,20
53479298,-0.0004266979046431807,0.0007607556917216468,0.9893198423802244,20
14641086,-0.0004267304796404664,0.0014036298438650514,0.905065174375922,20
246527524,-0.0004272076803121111,0.000687212562274245,0.9940355632591251,20
14475033,-0.0004273411446256703,0.0005941240270554928,0.9977296304060252,20
34969919,-0.0004283780891521899,0.004293210499342658,0.6697629826055593,20
46578206,-0.0004285270285831311,0.0008529243968886678,0.9816377938588351,20
116817349,-0.00042856201980956686,0.00045246771461626516,0.9997763963704105,20
138393137,-0.00042904670677669233,0.0005543394589813112,0.9986925611236078,20
5216432,-0.0004299880862092681,0.0014676098830085857,0.897137787541995,20
13076348,-0.0004312897375069569,0.0008055583584656609,0.9864390252243526,20
155996947,-0.0004320396607456617,0.0005828567511491579,0.9981796867654952,20
41902613,-0.0004336235241722275,0.0008717266181167068,0.9807875280891251,20
32097144,-0.00043409444894270955,0.0010107673840742285,0.9650439230557609,20
55454800,-0.00043507659421215816,0.0011198217687311395,0.9507614915507884,20
48947225,-0.00043773031607105274,0.0006318958231623687,0.9970390230296784,20
109359940,-0.0004396950455730408,0.002532998682510397,0.7764367199120665,20
91916953,-0.0004410828166667574,0.0007961638678823858,0.9886051636045832,20
4618998,-0.00044266969263475063,0.0028532848097555796,0.7519058972116356,20
9271703,-0.00044640904481711154,0.0006177891954015017,0.9978038660018999,20
127957893,-0.0004468242386213406,0.0004670734482230045,0.9997969972161551,20
26890144,-0.00044803996187619546,0.0004240283194302076,0.9999263774909349,20
21222552,-0.000448258695632503,0.0021047311878782393,0.823587961366355,20
156459856,-0.0004493248861449334,0.0006401501151786119,0.9972982227056301,20
56046075,-0.0004506379707820807,0.000647943749065018,0.9971195061570504,20
26435052,-0.0004517845725218822,0.0005559703173739275,0.9991169999923931,20
10274289,-0.0004535058073201842,0.001221021985163444,0.9434388354571467,20
121012397,-0.0004539622540822463,0.00036673584786545236,0.9999878145925848,20
136862212,-0.0004543240641256552,0.0007973447947931299,0.9901831988778825,20
97948336,-0.00045593467917290077,0.0006892005158601216,0.9959654755232502,20
31307753,-0.00045594232407747404,0.0006398581420941082,0.9975715971851347,20
80219866,-0.00045626143716022416,0.00029118068149945825,0.9999994349772252,20
49957317,-0.0004573214199455972,0.0003875251752734142,0.9999785363321186,20
12470239,-0.0004584640617372071,0.00033575093327416086,0.9999964173861646,20
37106190,-0.0004588631994029729,0.0004317249620749014,0.9999308605885068,20
65276625,-0.0004592807495367252,0.0003586588040748789,0.9999919448285014,20
52274455,-0.0004609599367054268,0.0011862388102211198,0.9507882503692737,20
45752314,-0.0004615111031791547,0.0004036951354367177,0.9999690705186621,20
71579736,-0.0004618464059882255,0.000751481728715431,0.9936116368336178,20
121355851,-0.0004624380087150604,0.002139471174146347,0.8270645415429815,20
207261153,-0.000462767397713279,0.0006155861139555348,0.9983627876799974,20
25360423,-0.00046367495721297557,0.0007608205840548363,0.9932855916696389,20
69066996,-0.0004637043753730752,0.0006796595486659057,0.9967139932420107,20
130120061,-0.00046421862785170354,0.0030153534339204136,0.7502681929630863,20
84270980,-0.00046553854817220906,0.0010184494266682297,0.9724796089945192,20
17644077,-0.00046565303367367416,0.0006188058461112486,0.9983751733058299,20
159186427,-0.0004670660703032098,0.0005087833538484477,0.9996988949061075,20
23918734,-0.0004685960451198984,0.00034079585410952195,0.9999967246017313,20
27362356,-0.0004715369580062245,0.00023819237317132194,0.999999981979913,20
121661170,-0.00047199273190984546,0.00047428177048989623,0.9998628416521282,20
12825176,-0.00047218620841289196,0.0006927827769557756,0.9966916916621614,20
58542197,-0.0004730848530063836,0.000806527889165623,0.9916329646227889,20
201636724,-0.00047774763880333027,0.0006467279608012425,0.9981326743571607,20
48914238,-0.00047823985952221424,0.0007130497946593668,0.9963146123430963,20
41345989,-0.00048155616073972953,0.0004444070918499009,0.9999438764634837,20
77346188,-0.00048394643844088534,0.001112216003481426,0.9666951286047964,20
34638345,-0.0004849112774324704,0.000787847287254745,0.9936676297588091,20
90934206,-0.0004850920238861689,0.0010222195488947961,0.9764075395048093,20
128820920,-0.0004872783263756286,0.0005956203860692995,0.9991650734677922,20
16673613,-0.0004878671684965752,0.001153024376176877,0.963101338432694,20
171001114,-0.0004890419838304183,0.0006831452717319447,0.9976506076015618,20
43705601,-0.000491571523249254,0.0005406176658133469,0.9996708233686464,20
101522541,-0.0004936232176280725,0.0009188597249908048,0.9866666784721156,20
231313229,-0.0004960766385743969,0.0010805289596269576,0.9729581912378198,20
46152114,-0.0004967226108237466,0.00040838107456373657,0.9999849641498492,20
130359263,-0.0004978322207019548,0.0005292722856633404,0.9997609025340429,20
153976551,-0.0004986372811859069,0.0005270979250981996,0.9997737332455295,20
39659031,-0.0004986722069686894,0.0010619689027787924,0.9753425806458564,20
185618037,-0.0004998236663379257,0.0016120875268340004,0.909186395985411,20
26891603,-0.0005005229190020333,0.0005562979759395444,0.9996371369487916,20
1200886,-0.000502154893465484,0.0008709143863320673,0.9907963125221813,20
72290080,-0.0005031595203876915,0.0006791712070274939,0.9981723027062788,20
35714563,-0.0005040910745410576,0.0009779342478492522,0.983699440113681,20
78064162,-0.0005053173547146156,0.0018577949749961093,0.880638345795337,20
13871127,-0.000506922469792273,0.0003354413828681187,0.9999990683431399,20
65091031,-0.0005087518721104606,0.0006081923395304098,0.9993078444414449,20
25047208,-0.0005093404594997658,0.00041566282439909133,0.9999862374426545,20
114208157,-0.0005135230933894785,0.0006903652002481356,0.9982267477607671,20
93706001,-0.0005145215502881078,0.00360133409967655,0.7347527357621596,20
24083140,-0.0005197572757889457,0.001213988838460387,0.9646447253989616,20
67775683,-0.0005228766632237563,0.0005659809106975555,0.9997163117087492,20
98325208,-0.00052377101754289,0.0016244000393830348,0.9172072632828425,20
166907409,-0.0005286222577832594,0.00046926189486525287,0.9999634691472833,20
127677874,-0.0005298364682419371,0.0007037869488267594,0.9983806433452861,20
48067227,-0.0005323027400971264,0.0004710457820928156,0.9999647382151811,20
113938804,-0.0005337612883889314,0.0028419135034749073,0.7943080021801919,20
14939241,-0.0005342989194515757,0.0018435629906676414,0.8947691261721616,20
38824539,-0.0005348250501336027,0.0019433788415978968,0.8832818408445925,20
103290220,-0.0005361744294431814,0.0008462857531220025,0.994689285095338,20
59744004,-0.0005391121084513062,0.0011093424644006825,0.9786972828220324,20
20600742,-0.0005406929982907955,0.000625403510332436,0.9994801854342705,20
71939340,-0.0005430943810224214,0.0011649510832123407,0.9745947182287812,20
43042950,-0.0005453782782113726,0.0005533254563538699,0.9998488813307643,20
136829431,-0.0005466672276541295,0.0013193819163155693,0.9602576794103108,20
59659475,-0.0005495910086778854,0.00048783425786272535,0.9999635042476739,20
67475084,-0.000550332984850671,0.0008193549856552245,0.9963498380596428,20
36856004,-0.0005565099427654984,0.001234518551601524,0.9709183924151333,20
176205664,-0.0005610147017255984,0.0019924710807305737,0.8883968875006091,20
9670416,-0.0005631845810545128,0.0008623060890825339,0.9956160161266422,20
98711593,-0.0005637088117726091,0.000674814440519988,0.9992997167604353,20
57084935,-0.0005639356027849401,0.0005936364603466847,0.999782694747911,20
150375134,-0.000564884429581719,0.00044436550747687086,0.9999911852168769,20
112807459,-0.0005655670121018641,0.0019049944782324848,0.899998098936576,20
53658222,-0.000566058908195588,0.00040961045722390243,0.9999969314298157,20
71468956,-0.0005674306374360532,0.0007194697988693257,0.998873736419642,20
24025913,-0.0005705280864993862,0.0005057053450446937,0.9999640778555203,20
97328714,-0.0005725798227710993,0.000871405538993705,0.9957837967687055,20
106445865,-0.0005812694663303419,0.0005816165925375203,0.9998686093779976,20
60125368,-0.0005860515491667828,0.00091529012450901,0.9950276479143825,20
161994537,-0.0005866569573286351,0.0006218391219164954,0.9997676939747577,20
45468606,-0.0005879429960609945,0.000590405952973181,0.9998637509012657,20
93325422,-0.0005884831441064997,0.004646314607651847,0.7111315970552072,20
148737542,-0.0005972956366352783,0.001060824930454471,0.9895356196974945,20
88920640,-0.0006012759368863418,0.0011726408004270087,0.9832893556756447,20
97484462,-0.0006031599219451595,0.0007022590874867431,0.9994492249171542,20
60197,-0.000607001343919536,0.0009499681439140333,0.9949629316974039,20
66264558,-0.0006071174522702227,0.00095281436451569,0.9948740544157492,20
15022751,-0.0006096720232669828,0.0014763495730523663,0.9597949373416039,20
185228531,-0.0006102889564305797,0.0008333696086835289,0.9980083711743979,20
170197659,-0.0006200401204421863,0.0007008529217725214,0.9995768524299417,20
97123538,-0.0006231886965029964,0.000804665887585737,0.9986990471540308,20
156983493,-0.0006233306785999482,0.0013733323162770377,0.9716922939465819,20
79365944,-0.0006266144840737509,0.0007779359283341882,0.9990506086798261,20
126181973,-0.000628445027806554,0.00236101776724111,0.8757195427808145,20
50955681,-0.0006381949210843535,0.0008816541750470454,0.9978316907626931,20
77242076,-0.0006433296970858565,0.0007764024689375563,0.9992498127996792,20
29434156,-0.0006464955922970611,0.001458414316125569,0.9689598696903058,20
63260631,-0.0006467010846039845,0.0005629098388490276,0.9999707548931003,20
36422045,-0.000647629662949506,0.0013783599998352207,0.9754040911047396,20
102507706,-0.000648726487101664,0.004297280783141455,0.7461344701806478,20
80045939,-0.0006592543613731183,0.0007572238206514492,0.9995114306551778,20
59216705,-0.0006625762558245318,0.0005026188948908714,0.9999943901486302,20
51465250,-0.0006649627423621629,0.0019839295271820057,0.9248401556687567,20
88639659,-0.0006698041596731929,0.000415217016363595,0.9999996243873599,20
163590984,-0.0006702100634787655,0.002097048183234641,0.9154199689444147,20
58538300,-0.0006716822219086621,0.0006218294297395426,0.9999419138255272,20
48434826,-0.0006731967755024604,0.0012502801919598064,0.9868177191316029,20
66374774,-0.0006818087128824341,0.0009324118155906578,0.9979865387657275,20
53997302,-0.0006829458582395476,0.0006613661842360849,0.9999061810823111,20
34453715,-0.0006874613074077191,0.003218150161644071,0.8242975127095732,20
42262927,-0.0006893009940896367,0.0024293560572639975,0.890101639663237,20
27268057,-0.0006945338523106831,0.0012369837434183563,0.9893788356782934,20
11274951,-0.0006949092688556729,0.0021797540690916208,0.914914459139305,20
36250159,-0.0006969742848045135,0.0007501223373422124,0.9997312686027395,20
42958558,-0.0007013886978797151,0.0011270523681544827,0.994074209286254,20
75417715,-0.0007066815557577211,0.0022127706485970907,0.9152728286386911,20
209062624,-0.0007108665858984343,0.001690166477100966,0.9623012984431412,20
170611023,-0.0007178420124258677,0.002129564743421652,0.9259330294142488,20
83022065,-0.0007216610839231752,0.002886229889351601,0.8612883526348986,20
2814275,-0.0007325910198853758,0.0012357957339196202,0.9921185779099115,20
4403875,-0.0007408796667798617,0.0008841632639574289,0.9993179797373226,20
143764706,-0.0007418771879420943,0.0017250525122005675,0.965219852003942,20
1212896,-0.0007516830854902179,0.0013819485812235795,0.9874761583413503,20
21246865,-0.0007575817597971407,0.0016495777423506362,0.9729944017640054,20
236092970,-0.0007614320636806698,0.0013939178080033475,0.9877452941640368,20
74341251,-0.0007664892717930138,0.002398628527708681,0.9153922230446357,20
11,-0.0007669463952831052,0.0014561161149067407,0.985302253248809,20
59324873,-0.0007683529492777286,0.001179692687083609,0.9955377510972255,20
68310871,-0.0007744896864442519,0.0013779196705206275,0.989438640493715,20
84516512,-0.0007783833741424245,0.003085376402598242,0.8633672904694374,20
39944601,-0.0007889723087212003,0.0006974333341910644,0.999965159582598,20
81682527,-0.0007905612781439226,0.001201374845131094,0.9958239623128318,20
32474941,-0.000794738369461137,0.0009138902550924935,0.9995064200324253,20
39908579,-0.0007991575090121495,0.002100141745417486,0.9474464958145089,20
49663966,-0.0007995447936954003,0.001078584614063268,0.9981805257840443,20
98729532,-0.0008044699345119948,0.0014956080356545633,0.986750226560568,20
106739439,-0.000816736490868275,0.0014986171168097943,0.9876000420881785,20
65607618,-0.0008232268343822708,0.0009379636402396578,0.9995453973025745,20
153795774,-0.0008389838998377585,0.0032268730144337154,0.8703363986880901,20
66608189,-0.0008663362142829534,0.003068178011305696,0.8890231465508402,20
43242991,-0.0008768367588660008,0.0012395606764903767,0.997442058000393,20
74293223,-0.0008786707684492828,0.0011110209608861986,0.9988985028545063,20
42884431,-0.0008812155053039672,0.0007805364686449593,0.9999643646134037,20
56554823,-0.0008813978860821636,0.0011075029031022026,0.9989528028927449,20
165669038,-0.0008867786856872589,0.001034923411439486,0.999437685190727,20
23492856,-0.0009011526415080961,0.002982459515002241,0.9037580252510151,20
126356946,-0.0009081537733770156,0.002356223414106595,0.9495004513994298,20
235316185,-0.0009084359218208549,0.0022719037641435297,0.9551495020515964,20
143532126,-0.000915120499098776,0.0014754654899241993,0.993952192093222,20
124126358,-0.0009179313868743766,0.00080434808833688,0.9999684477388842,20
52518786,-0.0009366690895585922,0.0021552180018888996,0.9665478482484354,20
76897385,-0.0009464848595425984,0.0015350234546311044,0.9937350954097716,20
131959966,-0.0009896553502484,0.002715972906447215,0.9401704492374123,20
72873004,-0.0009904091282216976,0.0012084138198765987,0.9991776699746538,20
56,-0.0009989878708498128,0.0033314971994409985,0.9021369769538055,20
32497338,-0.0010107556878286988,0.0006254242512415661,0.9999996340437189,20
78309826,-0.0010115878441479098,0.0013112068502658006,0.9986592208070296,20
232513945,-0.0010228959906096098,0.0018647233748621931,0.9880061492276859,20
173079381,-0.0010323287058990438,0.0011405978406411892,0.9996563925226787,20
15827044,-0.001035457519846103,0.0017069755384006122,0.993098911779289,20
56260390,-0.0010422321570265735,0.0018219607274312071,0.9903899116322912,20
47346275,-0.0010427041939462145,0.0014825159019111163,0.9973365239151817,20
56055946,-0.0010602166595627543,0.002584797683191496,0.9588443204504432,20
122725555,-0.0010789218474521079,0.0016935419777419868,0.9948688715191262,20
39458973,-0.0011057358263807048,0.00127720934139241,0.9994864802411138,20
11471766,-0.0011110424044761841,0.001851403126792594,0.9926527145353077,20
76841488,-0.00111313176121674,0.003349381976612297,0.9231929018755148,20
4663624,-0.0011197578722233232,0.0013362484695012434,0.9993182709061063,20
166193114,-0.0011199712372465752,0.001914021110881912,0.9915178005551405,20
24240228,-0.0011219737903565175,0.0032719530629709394,0.9291850143772176,20
114864857,-0.0011315436690640113,0.000646878913226255,0.9999998833195436,20
67131402,-0.0011427973065021052,0.0029606905463267622,0.9497316249545341,20
17028225,-0.0011531792363052545,0.004131709137039815,0.8864383241013603,20
88110666,-0.001156472493766364,0.0027013126974857445,0.9646371611905269,20
143732526,-0.0011924691714377794,0.0010607318432901247,0.999962620593189,20
61690161,-0.001202359713102849,0.0017317553534490788,0.9970851704764581,20
82368357,-0.0012248206783316202,0.003089888724368827,0.9538472398191123,20
151140870,-0.001264851225067426,0.0017006027062249646,0.9982253839359284,20
40108751,-0.0012789218048002509,0.0007605440087774597,0.9999997926638842,20
106646203,-0.0012939169887638158,0.0017784809811189784,0.9979104014404845,20
55683603,-0.001294991152840208,0.003318277158716109,0.9514571808489601,20
21202103,-0.0013042331988698335,0.002476019279316719,0.9853075615928083,20
63661019,-0.001312583615958926,0.002360997416643148,0.9888106130558542,20
181812071,-0.001329223609474231,0.0016135685669136095,0.9992119971124707,20
116345962,-0.0013327602862167665,0.0018395919799287798,0.9978452844586725,20
114739954,-0.00135499682925041,0.004269553324295406,0.9139934567530785,20
120750919,-0.0013694216181079828,0.0017658493021848938,0.9987126163926344,20
107558965,-0.0014431200141083761,0.0022891511555284774,0.9945236624420669,20
50315996,-0.001450032884394592,0.0013595396205886173,0.9999333911209747,20
82777254,-0.001464468696064647,0.003298399432477015,0.9691493158149895,20
14626480,-0.0015168140825477044,0.0022330210810675545,0.9966147968576753,20
64062238,-0.0015226282151053982,0.003030288659271282,0.9816459369974122,20
165468765,-0.0015448918505500593,0.002645453439979191,0.9914231889387931,20
40225753,-0.0015898521719166752,0.0024549995429848023,0.9953716235217291,20
23885410,-0.0016373248133326995,0.0013352491088615115,0.9999863529027524,20
91241647,-0.0016900640803070466,0.0025268420250811135,0.9962464308599263,20
39542407,-0.0017033594966466142,0.0035697633729655227,0.9769505327784644,20
28230642,-0.001777911543212038,0.0024868102545955242,0.9976285617040541,20
22080747,-0.001845267945448803,0.0031121156473847156,0.9921277436815582,20
23526894,-0.0018552870860477134,0.0027081729706751574,0.9968045102416074,20
18914083,-0.0018692443753697912,0.004599071445242964,0.9575388635283795,20
59124852,-0.002315020233336121,0.00207806421765983,0.9999586268780957,20
195629616,-0.0026233972488155094,0.0032996083422518344,0.9989444750099293,20
56012629,-0.0032468912664293526,0.006617677510656568,0.9795722734181418,20
