,importance,stddev,p_value,n
120222104,0.006984633030697398,0.005512429333000148,9.175338195672023e-06,20
10177,0.00688662985363436,0.005685936995696706,1.581417637104626e-05,20
99312338,0.006147677092056897,0.003624042797574886,1.8268539819269297e-07,20
94539004,0.005906604492886375,0.004113187165013219,1.8537836139259005e-06,20
26067566,0.005637745049976472,0.0073037086619773236,0.0013352476932514913,20
160701741,0.005211911069190378,0.004878569242603671,6.543486829302207e-05,20
17552708,0.005140980416477497,0.0070730603409745125,0.002104372837470067,20
68009705,0.005005383817026157,0.0033241824539334535,9.788982469139069e-07,20
7467944,0.0045463649151410105,0.004191897930246993,5.558078369920689e-05,20
172278880,0.004430849512830326,0.0050549977811337535,0.0004599561818286358,20
90115375,0.004335457673051557,0.0037860420767964493,3.0351205960760777e-05,20
113938804,0.0042315303303168215,0.004623266581425828,0.0003096402400384188,20
83022065,0.004214620693533677,0.004097106299034247,9.764175228209703e-05,20
167399504,0.004122831874182389,0.0057533165445609975,0.0023321952471843173,20
136662135,0.00405717461253699,0.003004230270924727,4.1283787585590294e-06,20
19020095,0.003899034419499442,0.0030294051276032177,7.565291258627111e-06,20
81,0.003832079918554232,0.0020129009519686183,3.283856016755345e-08,20
56012629,0.0036644703486914177,0.00316854193800064,2.7104224223860318e-05,20
40047576,0.003641213494589998,0.004341310160484989,0.0006765342589891391,20
35638304,0.003391370906355945,0.002831760680440072,1.806366650831559e-05,20
1261372,0.003364257133356016,0.0021290504039819824,5.02376221740089e-07,20
45687284,0.003312406451184044,0.0024912630752204497,5.033755637631567e-06,20
147890208,0.003286124423517889,0.0030200704114788095,5.364266269730088e-05,20
162394576,0.003263522960031617,0.0034482041938329613,0.00022526216704009597,20
16,0.0032432341588936376,0.0008927463647069112,6.703124682117647e-13,20
71058974,0.0032176657075103643,0.0046478519309478,0.0029738273158721046,20
51,0.003115327689576677,0.003795445627532709,0.0008122335575127111,20
74360542,0.0031095220221354193,0.0026701727986834407,2.503338767577026e-05,20
29434156,0.003102991475576994,0.004719220835563668,0.0041977153602860825,20
147771903,0.003044783009877916,0.0019209747201615395,4.812453696242133e-07,20
68376294,0.0028935104740678173,0.0038129633288960254,0.001523683259759084,20
21259577,0.0028644258393557497,0.0023490068031661346,1.4586746577348361e-05,20
38224432,0.002802766166468962,0.004086706997275232,0.003171569656708519,20
164505661,0.0027969556894554353,0.004279125301406653,0.004361881932558186,20
109359940,0.002769760948269509,0.002337154366805582,2.0432628628269238e-05,20
156698673,0.0027384347842742797,0.001949017682831544,2.4721249575798663e-06,20
32367771,0.002543693348292672,0.001912776594624203,5.022543840104911e-06,20
116345962,0.0025419452663304116,0.003693821658609597,0.0030986900404304457,20
36,0.002530774973856201,0.003334890429070116,0.0015234266444208676,20
124354293,0.0025141934376681496,0.0029984001136294618,0.0006780850224676105,20
43428904,0.0025112775050459752,0.002985556030410486,0.0006601279757160792,20
60125368,0.0025080377009886663,0.003127827666911781,0.0009851769879144082,20
91735034,0.002494443221100312,0.003252409106012195,0.001403896599371947,20
136965117,0.0024741892546366745,0.0009474524994825861,2.0462369888377878e-10,20
6871621,0.002466237291499618,0.004061832349808723,0.0068631902357996055,20
125755186,0.002458833845809888,0.0026433647811634816,0.0002658846431287238,20
40922168,0.0024216856622598705,0.0029536611335718907,0.0008198327758144681,20
95908174,0.0024127663953647433,0.002198384615772054,4.880560658652277e-05,20
33041953,0.0024071071738788834,0.003063681891542405,0.0011609594711206375,20
32894251,0.00233920095909238,0.0028097732123744884,0.000720795391152421,20
17838397,0.002287202781824385,0.004126417103332206,0.011365640797088926,20
105331155,0.002259234644121372,0.003170887033557151,0.002430225132167605,20
29495508,0.002237540967983248,0.0025010920670125933,0.0003823205116858507,20
115129936,0.0022333195928141173,0.0021333775426523385,8.125992488113709e-05,20
51756362,0.002231734250509426,0.002212576346336398,0.00011960883029495554,20
25899163,0.0022106908038766167,0.002408816919591812,0.0003018937945178158,20
15873288,0.0021928509283727,0.003087651638807214,0.0024866734981996135,20
31095661,0.0021452909420469125,0.002773367309539888,0.0013133544145097183,20
163390864,0.0021302230822385416,0.0012825966549720206,2.478675584838835e-07,20
193439274,0.0020636380596510046,0.002843410468895197,0.002127295880783236,20
120751399,0.0020185628562983254,0.0031287127302684274,0.0047398688710123095,20
45848566,0.002005332740929011,0.0024975233464119666,0.0009743930653427535,20
135564058,0.0019988245208517608,0.0009945158867391212,1.4249026825945522e-08,20
69276451,0.001964890930544763,0.002138894897586461,0.000299137906917027,20
33247426,0.001962103194896414,0.0018007692536941276,5.284313004911455e-05,20
28037143,0.0019461075129802885,0.0014385081859165745,4.0364728634425905e-06,20
28611162,0.0019116519406054493,0.0028630806698456343,0.0037966639723172823,20
154570965,0.0018978433513801656,0.00238360844476637,0.0010433348176257073,20
91513690,0.001885129969032459,0.0024708524562308903,0.00146198726694946,20
36738907,0.0018839102376196986,0.0020564856085543543,0.0003070774697993079,20
106045412,0.0018820958817932164,0.0034928914959186153,0.013133346781216432,20
108559380,0.001866985174002697,0.0022839730066513317,0.0008406738777254421,20
106512710,0.0018596888870966804,0.004615766617792874,0.04373197193344715,20
75662679,0.0018327493931100391,0.001844229691260515,0.00013912140345994457,20
60464647,0.0018258398253150898,0.0017987031446530365,0.00011205975939256364,20
112765092,0.0017931698079363483,0.0019599020832732445,0.0003107179916403759,20
121873143,0.001754575519380744,0.0025724223745213766,0.003292166172241049,20
69674812,0.0017227481457117195,0.0010771009859276862,4.2374067271063773e-07,20
185618037,0.0017022923368561842,0.0022329037637241643,0.0014705948434969717,20
89342505,0.0016876358444921913,0.0014662169956363143,2.8624735668056833e-05,20
77634764,0.0016789782241722119,0.0037574405120343528,0.03009827410999359,20
14477737,0.0016737593870639333,0.0023874584681158654,0.002724606870135143,20
95446684,0.001668377162450435,0.0018730316704474823,0.00039781679400887574,20
163391538,0.0016671428702599161,0.002950321971830034,0.010266114021961105,20
84571181,0.001664287053465202,0.0015360943780704367,5.620182568594939e-05,20
81267738,0.0016556340975194678,0.0013954180554421004,2.0156791568808078e-05,20
12,0.0016445523465147133,0.0020125798088655106,0.0008431805002489852,20
225084316,0.00161166021562123,0.0009021421550672852,8.546577448531806e-08,20
87775507,0.001602006381654253,0.001823033312825409,0.0004495959409581932,20
57282255,0.001594618042208032,0.0006737554289240053,1.0459103469716803e-09,20
25034151,0.0015931082664296214,0.0015928187589144944,0.00013035586949159016,20
141169968,0.0015854008223892796,0.002168100961892608,0.0020132975803771255,20
91241647,0.0015738480496728462,0.0039898748060449634,0.046895518052020545,20
112542517,0.0015246303669794376,0.003054556969922843,0.01891842256524225,20
38840867,0.0015120485518919286,0.0018583086609735493,0.0008734878818278154,20
75896873,0.0014975205533181157,0.0018103044040588658,0.0007608397572027207,20
56055946,0.00148106502733521,0.0025597135111290045,0.009028122128767836,20
76745532,0.0014770483489512987,0.0020755309792005287,0.002450871003528824,20
212066234,0.001463143899990252,0.002224426962805319,0.004187787597279716,20
28,0.001462607273764413,0.0007727375045061945,3.5866233210787924e-08,20
153795774,0.0014464810677590673,0.0036223530082554736,0.04505004522187634,20
156973274,0.0014429182146442592,0.0018958571621429726,0.0014897176878638447,20
87327273,0.0014364653264351628,0.0026751254106075007,0.01336332737889517,20
94307138,0.0014180431373377628,0.002057579593873715,0.003067418157937596,20
198833404,0.0013748083401534078,0.001285932994969201,6.491932444200624e-05,20
115730415,0.001349202133435415,0.0020995343751453645,0.004860123444428776,20
41449771,0.001339367289121035,0.0010776917213944125,1.1610285865229399e-05,20
58,0.0013270731323728052,0.0014612634590869002,0.0003329273376940993,20
177206543,0.001318193063581788,0.001090902935810048,1.6257235029824328e-05,20
115140035,0.001310813827616969,0.0016354527766741058,0.0009886650710463434,20
88920640,0.0013059146936049537,0.0012389343641945234,7.555182166859979e-05,20
89915359,0.001304818843599595,0.0006720995196855012,2.433879688680801e-08,20
112364582,0.0012993235154025785,0.0008620982747364575,9.664241148526371e-07,20
213895849,0.0012984036613313543,0.001310777806776881,0.00014374244526608716,20
27241878,0.0012921172093714184,0.0014219293248827058,0.0003311003543237224,20
67131402,0.00128262935743213,0.0017528213209939928,0.0020029540881540057,20
81646959,0.0012765562480164055,0.0010243107147125416,1.1227405714323427e-05,20
45866973,0.001271654748099818,0.0015632163755041856,0.0008751184546057446,20
151592787,0.0012581280735251056,0.0029532988123791115,0.036003679297421404,20
79569610,0.001257113453317954,0.0021521372497586427,0.008565075192303578,20
41177436,0.0012298231363713358,0.0011082817927000495,4.3216641394204114e-05,20
73683515,0.0012290773940600492,0.0008193345259307987,1.0304409110885014e-06,20
122351934,0.0012256258288531525,0.002071463493819981,0.007967927250980389,20
98548858,0.0012202388077752675,0.0007610537560663205,4.093494166386319e-07,20
144164867,0.0012170357209550925,0.0027822331688412477,0.032649271937293646,20
77996166,0.0012162409375155476,0.0005772271131694186,6.794715996981864e-09,20
42354982,0.0012162347675748642,0.001704766041254509,0.0024074658162790744,20
14822650,0.0012132155846855397,0.001670016259611829,0.002112219092813073,20
149582839,0.001212041565475383,0.0008703775184265114,2.7781661673651755e-06,20
209286671,0.001206268514538214,0.0018680468741751747,0.004713690553517659,20
76184676,0.0012059268572790244,0.0025190626462446037,0.02273155942989859,20
66063457,0.0012012823982653353,0.0015751746160183604,0.0014666218804292304,20
114539924,0.0012010036402437003,0.0022507290283305826,0.013787799548512426,20
63060163,0.0011973065426466173,0.0013949656323654117,0.0005540453177303244,20
46230815,0.0011877412155133354,0.0009286480501885869,8.176509733391282e-06,20
114339306,0.001179288661938674,0.001663584302890048,0.0025196505867216843,20
31847585,0.0011746206600362242,0.0010730707089536668,5.02365582548171e-05,20
80348904,0.0011712633449775579,0.0010975017795723198,6.617638337834022e-05,20
92904733,0.0011649875769051243,0.0018983590848177948,0.006444314016646095,20
44999004,0.0011621970599675429,0.0021527832529670025,0.01300889918307475,20
74903814,0.0011605392302918849,0.002200067309169527,0.014590151346616152,20
69189403,0.0011584599972498332,0.0016828790671045823,0.0030919582051984603,20
5864339,0.0011583332690122488,0.000683034270435551,1.834599080894288e-07,20
72961247,0.001152103964774598,0.0008962562578482707,7.68275171760698e-06,20
88498855,0.0011505686811004445,0.0007827545399693879,1.357109022989843e-06,20
106442646,0.0011497567436066474,0.0010103352754500907,3.257797871808823e-05,20
45707400,0.0011377505365524315,0.0010230345741301322,4.2163876337185004e-05,20
147937942,0.0011371156725552335,0.0015464552277202385,0.0019325844195928813,20
49914048,0.0011354675432605598,0.0015714880888005815,0.0021971999634097256,20
122952993,0.0011347076128559648,0.0027763354479145995,0.041664251007390934,20
59402460,0.0011315872800861937,0.0017887235845308377,0.005359665128218656,20
46207886,0.0011223342554024852,0.001941854724839116,0.009082953090894613,20
83402886,0.0011222942483529509,0.0011989765678676976,0.0002504689600890961,20
6667555,0.0011178340499944123,0.002497224693188245,0.029892538088274166,20
240298927,0.001114749602284168,0.004038912468520089,0.11606645602638488,20
65023688,0.0011035671531618829,0.004033472233149543,0.11803326810363013,20
12670250,0.001096374038182843,0.0017211586456611927,0.005135267578943926,20
55454800,0.0010928150562884375,0.0012351485233260333,0.000422843140782548,20
21661128,0.001091807788047411,0.0016366046309895467,0.0038182406440912383,20
141081278,0.0010888931436779964,0.0017099371928558996,0.005145057392209909,20
46387351,0.0010869006958803772,0.0014793140500444304,0.0019437411547396917,20
137879593,0.0010854195151319718,0.0017747660991418886,0.006576538060647385,20
24083140,0.0010830133004861326,0.0018582289779704858,0.008672365305958442,20
1212896,0.001073353287532161,0.0014332768755050771,0.001685359217751875,20
123862278,0.0010730863769713244,0.0007213879686744954,1.1551762036662136e-06,20
105245045,0.001055856098698471,0.0005925242570905204,8.873823399920857e-08,20
101533066,0.0010535442513559313,0.0005806983534744917,6.791258277493577e-08,20
132586938,0.0010436979490437732,0.0021957826603130315,0.02343107773134291,20
21283446,0.0010402282455573674,0.0014015718627757865,0.0018031098517074706,20
122940607,0.0010352818825908495,0.0012554091900877516,0.0007809819785948805,20
165468765,0.0010340285661805087,0.002213162238938299,0.025176746137602637,20
110342627,0.0010278143303252079,0.001120218199330164,0.0003026252792024456,20
103529452,0.0010272041335824267,0.0022125009832041115,0.025839900913824567,20
77835060,0.0010193297180265098,0.0006500830702591577,5.597020563666902e-07,20
50958127,0.0010177348118767555,0.000688020479928163,1.2461514398476982e-06,20
157984470,0.0010168634536871918,0.0011868714834420663,0.0005628597957670538,20
103129318,0.0010161258182171228,0.001507606513691792,0.0035667446163744516,20
242300443,0.0010128952638408684,0.003051180684545507,0.07702492095067034,20
90301209,0.001012453731681584,0.0011043359846480043,0.0003048396654173002,20
122377350,0.001012378006092829,0.0005935275173659163,1.686874018778751e-07,20
2811805,0.0010117400899508383,0.0007452033116974264,3.857130172370781e-06,20
66264558,0.001002313860956458,0.0015319339739328407,0.004333962933934026,20
34238123,0.001001862653721003,0.0018748591239381566,0.013690788228282846,20
166794068,0.0009982830138783399,0.0007885307862781322,9.270465116030042e-06,20
462684,0.0009974905736795186,0.0007068636422238782,2.335095263293495e-06,20
69797291,0.0009950088423710812,0.0007676320408167534,6.928567738704519e-06,20
130185176,0.000992726884028769,0.0008310543196387266,1.8619128363332983e-05,20
112146275,0.000990204257863947,0.001361566395407054,0.002095631206147324,20
37739584,0.0009866789920062596,0.000806697498639537,1.406992115861078e-05,20
235316185,0.00098655696396725,0.0017653282787600602,0.010887142427638117,20
51649753,0.0009843143386424002,0.0005669702539068644,1.3034113769470848e-07,20
148381343,0.0009814886204970342,0.0019107314535633144,0.0165707583410351,20
151975094,0.0009809350542547336,0.0006576947541138393,1.1144132766251514e-06,20
9218004,0.0009769920171900704,0.0012151722889277034,0.0009638818589691241,20
35821572,0.0009738461735237208,0.0020268686473829856,0.02237951583090401,20
36240445,0.0009730751679416338,0.000600297977467412,3.506585961919455e-07,20
163466299,0.0009710684083004461,0.0007899982307973858,1.3256810506774748e-05,20
69297421,0.0009710331995462812,0.0010658114197096553,0.0003231918509407375,20
132350880,0.0009705835973409266,0.00046705704020170405,8.451883466409207e-09,20
9207772,0.0009627792690680176,0.002995504756871407,0.08343776594613792,20
41486835,0.0009602457464135628,0.0005016001151258236,3.0170372492882415e-08,20
176216868,0.0009566598246594199,0.001325108590952874,0.0022103580650891085,20
57054020,0.0009539030668785031,0.0021908763445074664,0.03322519145618876,20
55282556,0.0009497485807879513,0.0005453251319731522,1.2440698473628977e-07,20
55468439,0.0009451444023810069,0.0008506212892907146,4.2592017343843675e-05,20
60544150,0.0009425756391559514,0.0007654668067201035,1.2978986017253437e-05,20
51055716,0.0009418878196711195,0.0008639896798029347,5.2542145040398575e-05,20
21482399,0.0009394324439532919,0.0005305902521667177,9.76017556029756e-08,20
156798444,0.00093672047735196,0.0006982330963475817,4.493130423790689e-06,20
99950748,0.0009366488865070105,0.0017219976447889558,0.012523640196607469,20
116704056,0.0009348727644914456,0.002545815107554099,0.05849253889027299,20
148181266,0.0009335901812100783,0.0012573063692739223,0.0017968465846683614,20
69867672,0.0009333027817013479,0.0017209501036912298,0.012713753572949573,20
44106097,0.0009314519102861463,0.0007100181830813294,5.962477890165238e-06,20
85687687,0.0009296696301825308,0.002807379195083832,0.07750569788633477,20
65223793,0.0009276530418263262,0.000737098338814465,9.967393949407675e-06,20
97147587,0.0009215154466948372,0.0006561990135729475,2.488563454002452e-06,20
120776294,0.0009172764457296923,0.0010908219163619274,0.0006617354562461567,20
66709024,0.0009149776035155654,0.0007904608137931642,2.6834736270798274e-05,20
149790645,0.0009118458625380632,0.0009903970735863474,0.00029297316835762035,20
24229532,0.0009117136762892885,0.0010282327321006575,0.0004146464132797568,20
102934415,0.0009113739597472386,0.0006500194998569741,2.5414231326644745e-06,20
37706295,0.0009113637180975159,0.0027330557057594724,0.07615275022952415,20
125184184,0.0009106394029684744,0.0007106345839561996,7.985978504781907e-06,20
63020950,0.0009085085552619887,0.000783165444503525,2.6172279303504393e-05,20
48434826,0.0009083862287693923,0.002942332860619184,0.09170189286659618,20
4795874,0.000906961046769969,0.000919320538824669,0.00014971397215693462,20
63205441,0.0009063649359009913,0.0008755854615868573,9.145380441099851e-05,20
60689029,0.0009011721033868409,0.0012065633972818284,0.0017195365271499786,20
123926310,0.0009005087454937777,0.001737741310082492,0.01589544895228963,20
16076022,0.000896175886219347,0.0010274653953400597,0.00048065064608329467,20
119421209,0.000895309356440957,0.0006679836486805661,4.546435936606285e-06,20
7265212,0.0008950232753271448,0.0020891475513305177,0.03527227143269968,20
118410936,0.0008905147116624379,0.0013713872328870377,0.004549218922336184,20
71700124,0.0008850718492144416,0.0008141343528581907,5.4163630452019024e-05,20
164392446,0.0008834753645967141,0.0014548540051701226,0.006857428620423343,20
66827114,0.0008809922216141741,0.000851661218244585,9.211596178197303e-05,20
19879796,0.0008801900419121489,0.0011376606902835183,0.0013113428991372066,20
241522286,0.0008745570118181805,0.002267121723530368,0.05036427784310703,20
75282465,0.000873735427303704,0.0007228929348899033,1.620715736664797e-05,20
165669038,0.0008729712124351252,0.0019185791422659758,0.028030075835443757,20
55450271,0.0008697390912735664,0.0005670068276643149,7.591602688525218e-07,20
27700520,0.0008645560695672572,0.0011935039981271595,0.0021569282089817774,20
83,0.0008547221600899352,0.00040915309195240814,7.782316858914473e-09,20
109405015,0.0008534669009622158,0.0006075101831043869,2.4761208024295895e-06,20
47731815,0.0008484771682554682,0.0005055148248130748,2.1301875629342987e-07,20
128358212,0.0008452208921759463,0.0006485531871489679,6.476232264393745e-06,20
13277017,0.0008447105876011801,0.0009594735466886783,0.00044216737934999986,20
32474941,0.0008444129833741043,0.0013046785948541107,0.0046456207252897315,20
3869128,0.0008439407300453339,0.0005911458696124234,2.003399216949911e-06,20
30896120,0.0008420493916271143,0.0005775971124207283,1.515750933730934e-06,20
45206748,0.0008406615021511576,0.000548543062550063,7.686221521518943e-07,20
15873407,0.0008404369252359711,0.0008977498366645415,0.000250173043725926,20
14824413,0.0008344718401061879,0.0004219854656844333,1.832658561453669e-08,20
73592195,0.0008317509961952241,0.0004125657413909529,1.3582444631591439e-08,20
119953973,0.0008306467148315344,0.0006575904782498131,9.528556222896724e-06,20
15950842,0.0008291026223586989,0.0004557403478914456,6.518969422448882e-08,20
54811081,0.0008288146544389002,0.00044279894245041166,4.2479684122669514e-08,20
108140032,0.0008252370646599533,0.0007876173120244651,8.051084802235057e-05,20
41241722,0.000821444321413331,0.0007331878472235674,3.8832141341615986e-05,20
89830663,0.0008207944968508906,0.002387490977871753,0.07033224274696227,20
90934206,0.0008169985563415306,0.0014559469209829239,0.010654088306871813,20
156197509,0.00081539352336166,0.0006731997125928807,1.5806122208836777e-05,20
158190788,0.0008150643356032106,0.0008043054179547026,0.00011401979205752414,20
34854171,0.0008121548157522029,0.0006984151124350224,2.5454626437582194e-05,20
76697364,0.0008085991419796129,0.000993112871248769,0.000868720039165509,20
97747894,0.0008075378466619959,0.0010573085618313701,0.0014499014956887433,20
161193628,0.0008071401661176786,0.0005598891272538286,1.7604282525958048e-06,20
32508735,0.0008060994041930392,0.001433096275952945,0.01051992050691225,20
6215926,0.0008051290047060899,0.0009627832354860546,0.0006938997947376075,20
46745778,0.0008028435498709269,0.0005919532487222917,3.908824413178161e-06,20
2663101,0.0008024497070980325,0.0032117945073682893,0.1388897631213989,20
48546793,0.0008011855966444353,0.0008072193274983868,0.00014089941822706997,20
28834019,0.0008003252330819304,0.0013292726553039418,0.007209186026425365,20
102690883,0.000798626429410032,0.0004917808265938886,3.4169145521790507e-07,20
196042631,0.0007978987997358328,0.0008058986496559652,0.00014445473594067098,20
132026345,0.0007968442596584108,0.002216516716250492,0.0621908589801835,20
74103007,0.0007948080231081622,0.0015424601691512538,0.01632738313746528,20
43643199,0.0007917086985045396,0.0006617776415809899,1.8292911893810703e-05,20
90101081,0.0007913733806905771,0.0006656760604904905,1.9695986480960436e-05,20
30214629,0.00079085666646177,0.0007969194664606756,0.00014109010680714038,20
138164365,0.0007901800040743728,0.0006412861702128673,1.287728604032074e-05,20
69925111,0.0007900951496037145,0.000655824757876259,1.6844210525228984e-05,20
11274951,0.0007882124166211174,0.00199159712344907,0.04639234425736268,20
63462365,0.0007819329305977895,0.0005715917263356957,3.499029534889753e-06,20
169274460,0.0007819051287108775,0.0006275690291104586,1.1263697404759373e-05,20
236716686,0.0007796482111179475,0.0004725881435303219,2.7293886335574686e-07,20
151582230,0.000779327008248934,0.0008863949593182906,0.0004475295687460277,20
102127864,0.0007789206912928115,0.0011170175840618437,0.0028283114401321005,20
40108751,0.0007771526036852522,0.001391076629149448,0.010905833014359692,20
23886345,0.0007766305549386954,0.000498067992009767,6.048735921594906e-07,20
139830733,0.0007759407433737903,0.0006221712720984906,1.1130581334652773e-05,20
98991404,0.000775934456670796,0.000998142846695397,0.001263137177237289,20
57723828,0.0007750104278015952,0.000631701286579588,1.3563318571876424e-05,20
207485011,0.0007724211138950499,0.0006816366482332238,3.4175440583473144e-05,20
109122283,0.0007676976536991787,0.0005862069758964982,6.09335056412138e-06,20
49689619,0.0007648405047433083,0.0007232321204475428,7.295462534716291e-05,20
93,0.0007576549481706829,0.0007696807520064358,0.00015307032485597765,20
122552096,0.0007511322476593835,0.000736712724469144,0.00010707862457645783,20
27067070,0.0007502433686626647,0.002141296510790269,0.0668213151715329,20
75505096,0.0007474719339087027,0.0007184129871716368,8.668587557187163e-05,20
109653323,0.0007450576880054238,0.0008546420310309106,0.00048282813750554767,20
114367864,0.0007416223343523903,0.0008756604388301296,0.0006222745701376272,20
10280102,0.0007362037915768172,0.0006025509943083864,1.4249517542364433e-05,20
21086440,0.0007361246487601752,0.0006849737416759626,6.138572074231525e-05,20
54120245,0.0007289961744177398,0.0009684071270510079,0.0016203031116623502,20
119347329,0.0007284586480679033,0.001505362952006593,0.02170098463306732,20
34837076,0.0007276459201701307,0.0004330066833109534,2.0937400454583904e-07,20
78596973,0.0007270162128467872,0.0005892425065921927,1.2673587898569164e-05,20
76818625,0.0007266651594712153,0.001135392557176404,0.004985922603751649,20
38260503,0.0007249912366586037,0.0004724230638484462,7.543317642722607e-07,20
166593682,0.0007234613777045623,0.0007232035502178841,0.00013012475856211613,20
67875170,0.0007214453203236076,0.0005310823819205839,3.829035346568674e-06,20
67,0.0007207321598552474,0.0020692961914867162,0.06791011667736307,20
40681788,0.0007207176465555548,0.0005843795548077233,1.2736889953278666e-05,20
170801043,0.0007194091660231355,0.0007165643558157004,0.00012543740209892726,20
125956725,0.0007177683048053357,0.00261184756388047,0.11703839332407724,20
49405663,0.0007171538920366566,0.0006506305464050011,4.654864149069856e-05,20
35770896,0.0007162923684692207,0.0011291963898430036,0.005270579617091445,20
128820920,0.0007158240317546416,0.00182797603389689,0.04801444625392553,20
152895186,0.0007129735257726283,0.0004707303746693861,9.034342794499912e-07,20
6471567,0.0007123963331335914,0.0005133584378552907,2.9067751746905747e-06,20
70830109,0.0007085746531368592,0.0031787176082101122,0.16567192114215024,20
35530604,0.0007075173935719075,0.0006430503308883962,4.748682284778655e-05,20
123982886,0.0007045207138519222,0.0011743042524776182,0.007358684605386265,20
140369040,0.0007033241482494901,0.0011524207825313814,0.006658717825883619,20
10085418,0.000702557027755063,0.0019869941810949725,0.0651626708576079,20
47754416,0.0007024262377072043,0.0004757381395811813,1.2775630796348176e-06,20
22805654,0.0007022153697181316,0.0017584341331940926,0.0450424147005459,20
121124501,0.0006992476567066613,0.0008361494211764425,0.0006937611552634536,20
40738610,0.0006957706589425128,0.0007110205505452773,0.00016241214489274002,20
75862771,0.0006956328637754055,0.0008770747844408012,0.001076486619560035,20
127155710,0.0006952226220304503,0.0007251316042830922,0.0001986900066637674,20
38736231,0.000694418344541714,0.000652887665832262,6.861842312581574e-05,20
88914639,0.0006940949039147048,0.0008829733729887425,0.0011562871893170685,20
108249540,0.0006914653985110542,0.0005587245956091859,1.2217154875278982e-05,20
168996624,0.0006912766127483621,0.0005450756456360512,9.073698762942475e-06,20
234115450,0.0006909028201691509,0.0006522372366694602,7.167848948241531e-05,20
242700770,0.0006902966968193536,0.0005800026758107265,1.9438824894339764e-05,20
88756975,0.000687694102330208,0.0005366679753934486,7.988359424968247e-06,20
56260390,0.0006869401726383422,0.0018735893469058182,0.05876177685307312,20
59525031,0.0006864882350707119,0.0006605135455000521,8.767617562789702e-05,20
234715693,0.0006836991163528844,0.0006065850010574082,3.6301756914741825e-05,20
54,0.0006820553512023487,0.0007551822547039115,0.0003503779943362774,20
16643161,0.0006820005014668117,0.0011401411903974124,0.007485528518357203,20
21286667,0.0006805425669562243,0.0006294210607099574,5.7477269977435365e-05,20
102037882,0.0006799369774074416,0.0005230068058093404,6.677257663965472e-06,20
239698107,0.0006785507079034886,0.0006376796312410751,6.828556868602983e-05,20
130548484,0.0006768643223037718,0.0006258971613157563,5.735572798693932e-05,20
93341384,0.0006755542254905905,0.000361573695074264,4.366121500168681e-08,20
63260631,0.0006736880136046314,0.0008469892038423677,0.001052008881034081,20
78665246,0.0006730199041584062,0.00038997942132547493,1.4221829273999044e-07,20
83848710,0.0006728915386737422,0.0006134197742487218,4.908357713580686e-05,20
168673747,0.0006712128718606714,0.0006933285152491305,0.00018064096389080122,20
13812283,0.000671170047325792,0.0006479210419419163,9.078161141678779e-05,20
73940748,0.0006698602124880243,0.000495665661762607,4.091469078255187e-06,20
147830989,0.0006688802760575318,0.0008974372552455795,0.001746976547582821,20
143046538,0.0006686229701712149,0.000471835670720405,2.209963979075506e-06,20
13476665,0.0006682863236600834,0.0005010670534324736,4.8403136351729706e-06,20
94,0.0006667484035757287,0.0011731544089065564,0.009953446912759113,20
89532732,0.0006647483085987143,0.0007158997647752305,0.0002703769090940482,20
2061476,0.0006644676066653559,0.0005874833073656658,3.491351709443841e-05,20
36640907,0.0006613627453558174,0.000547727989507278,1.63989271757153e-05,20
37834462,0.0006606909827207797,0.0009908836712383684,0.0038314096256619593,20
175607946,0.0006599236804087222,0.0005762133249372309,3.030281617576155e-05,20
195429151,0.0006590677771359243,0.001363693190011628,0.021820434730435007,20
185228531,0.0006589531487319472,0.001662924409886974,0.046204123260078146,20
69534261,0.0006584888152265378,0.000784080901943997,0.0006690769082049905,20
110445571,0.0006581770232691575,0.0004199997445695162,5.642525318688152e-07,20
27690605,0.0006573780911611927,0.00038176926866093097,1.4694567299817282e-07,20
160402072,0.0006567537600468104,0.0018405871897816514,0.06352331690284081,20
129679756,0.0006533673352849129,0.0006981798708226893,0.0002510531774566844,20
107046692,0.0006515808164861969,0.0006149089650409202,7.1421440782707e-05,20
69540514,0.0006484850723767893,0.00043205611239389687,1.0226536727184485e-06,20
67510249,0.0006482405742487651,0.0010537872658333317,0.006353022312295513,20
8216735,0.0006481276052307305,0.0005878091713486365,4.637592657862696e-05,20
156298421,0.0006475574609516755,0.0007529002903885988,0.0005440742237705938,20
30165735,0.0006474092654878943,0.001049790474515359,0.006258207774905346,20
43457522,0.000644827835393666,0.0006220723926188731,9.014345523378029e-05,20
100686801,0.0006432994681061955,0.00046214047576338354,2.7924360316603482e-06,20
29894645,0.0006424226335748184,0.0019415496236713707,0.07766573387797683,20
60449168,0.0006421828881604446,0.000647181444609425,0.00014125621709389798,20
90121833,0.0006409407542780548,0.0015735918566365328,0.04215341010376082,20
49555059,0.0006395145060654417,0.0006703640060732059,0.00020859409584777589,20
136261507,0.0006392584213481073,0.00030473988056592605,7.287695389295841e-09,20
94520582,0.0006379008297334565,0.0006787463142536065,0.000240996330159861,20
8417343,0.0006376359341203674,0.00043932477384708304,1.6084113875169375e-06,20
97328714,0.0006372238727564955,0.0014471143724689682,0.03184054995267161,20
92314443,0.000636951529544702,0.0006996871564381537,0.0003256320874694844,20
207261153,0.0006355595596163304,0.0018569387907200593,0.07116899809236069,20
6816431,0.0006350205540433945,0.001050184089117138,0.007030775598079484,20
140795752,0.0006339238865585795,0.0010355646514008197,0.006540445297844316,20
73283537,0.0006333616157988859,0.0006758643472808535,0.0002477492533764627,20
110846248,0.0006331296460245466,0.0004805758409911489,5.653328333829631e-06,20
21246865,0.0006328102564716442,0.002176510266224055,0.10453330926442328,20
160593498,0.000632293993637173,0.0005372686999999881,2.2161193987636447e-05,20
33626399,0.0006315743309232791,0.0021874738462085612,0.10606016784080319,20
49068213,0.0006310032824274059,0.0005385166648483281,2.3311814687097962e-05,20
217099271,0.0006302081515817432,0.0004400786861989852,1.9233646120658628e-06,20
46327387,0.0006301060440592171,0.0005052784434102597,1.1141687054850936e-05,20
79044631,0.0006230444219476938,0.0016508842957346796,0.053899928767988894,20
61665721,0.00062286206951975,0.001923095528769249,0.0818957926357901,20
41698698,0.000620939301672313,0.00142996319934425,0.03355879153105705,20
180824669,0.0006200749645068587,0.0004774859188775889,6.7694778713407444e-06,20
65053999,0.0006176911603516383,0.0002624551327126375,1.1465304071070753e-09,20
64268981,0.0006173330855663323,0.0006737632254305459,0.00030656378898587667,20
42460730,0.0006163061157860056,0.0005543696667074805,4.233659267461282e-05,20
143163381,0.0006156151226151263,0.0006883345382968309,0.0003833805777125436,20
133482446,0.0006141289988094489,0.0006570601863309524,0.00025402565878753506,20
46446181,0.0006138594426765009,0.0003361834809831648,6.168767138729306e-08,20
59216705,0.0006135316018662073,0.000741698461737409,0.000761011513457286,20
236316575,0.0006127488607636011,0.0004072801648799098,9.901352621122478e-07,20
65272362,0.0006115070346581375,0.0006791882180235668,0.00036060533069775434,20
39701165,0.0006105703065834523,0.0005485941912213379,4.181151468105456e-05,20
38879940,0.0006099432280387756,0.00046801372118393276,6.475076619586312e-06,20
140431221,0.000608827507961171,0.0006362246863054949,0.0002024010647277219,20
48033866,0.0006088083195993105,0.0007485679443758634,0.0008768019025224132,20
78947641,0.0006068937889753629,0.0005951324097695864,0.00010687284411264162,20
143172279,0.0006061805425995493,0.0006595456367107156,0.0002977958438105137,20
205859602,0.0006052749244726347,0.002835286679218977,0.175857563681297,20
165792726,0.0006047223123498202,0.0010387065741570781,0.00872488507871957,20
123074371,0.0006031853788703051,0.0006494887001997851,0.00026993948904552935,20
115208843,0.0006029480839122081,0.0017620847946799819,0.07121479354360453,20
61065504,0.000600852667603588,0.00048441600494368293,1.1890029216012164e-05,20
50315996,0.0006006963145319788,0.0007636777755664586,0.0011504865089091833,20
105756874,0.0005980775953511569,0.00046202591667180343,7.045215901260514e-06,20
47529641,0.0005968596552670902,0.0017658471447351974,0.07354622439955813,20
125356463,0.0005962853039654908,0.0005329688147115167,3.944714885290251e-05,20
49849425,0.0005960887297293243,0.0006478339766085586,0.00029465731230642755,20
46316218,0.0005959987975772795,0.0014824187989686862,0.04404360260974225,20
118949470,0.0005936702961093721,0.0007513925826478415,0.001110197729830272,20
60403477,0.0005935644338780438,0.0004459146004126152,4.962015985513489e-06,20
47866802,0.0005929824905321124,0.0004688576801352476,9.384669579113607e-06,20
71156024,0.0005892500285508723,0.000602429591484398,0.0001631234171241397,20
11620386,0.0005889535175870903,0.0005682966487212237,9.035455570980457e-05,20
167908915,0.0005881701936469586,0.00149449833171809,0.047245731837321794,20
68673797,0.0005872786955785442,0.0005628806251936879,8.418564669062578e-05,20
146536229,0.0005872540793988885,0.0005611154836562908,8.147651993288169e-05,20
7396967,0.0005863931245340375,0.0005151728350528337,3.249699031084152e-05,20
46048613,0.0005859479600471423,0.0011811264518045757,0.019446538997614293,20
37116476,0.0005855520715112112,0.001112329154387492,0.014736795007250423,20
19645191,0.0005842927646266205,0.0005399644965355425,5.6974250097541025e-05,20
87889957,0.0005831619283120898,0.0010141095168552095,0.009339122470492803,20
34498398,0.0005830988282663846,0.0005911667716378362,0.00015002382411616384,20
27266465,0.0005829976351161337,0.0005144307327483782,3.414110581267299e-05,20
78,0.0005820556413868693,0.0006933518716859194,0.0006714131708268563,20
47432423,0.0005820498636744831,0.0008828501148322733,0.004125365190970383,20
101053338,0.0005804278526281819,0.0003635732532966667,4.3500730663317613e-07,20
1811318,0.0005801992170016812,0.00039884151168651037,1.560126861863939e-06,20
12224887,0.0005800140676277821,0.006447778465795895,0.34597882612025377,20
113967276,0.0005799426560293752,0.0004981089305873599,2.5095612107753897e-05,20
81312810,0.0005798648119447553,0.0005924061804092803,0.00016195392673189822,20
87825387,0.0005797704211256277,0.0006584363628563995,0.000441551384847778,20
36901080,0.0005794776217658809,0.00039137429846537286,1.2303088331658148e-06,20
84493775,0.0005788280165649251,0.000735900913440438,0.0011507957388787655,20
109644610,0.0005787533349117608,0.0011308662090431243,0.01686040864318945,20
78909498,0.0005782680785724248,0.0007229015456659936,0.0010046046923449937,20
49915506,0.0005769105542431568,0.0005722309397183066,0.00012019371973088162,20
51594712,0.0005766886371836088,0.0012293054514183486,0.024757149033588825,20
95700158,0.0005760566204776135,0.0020496168393554165,0.11200778099232082,20
113301674,0.0005720513781734299,0.0005322029320090249,6.126309472239844e-05,20
114968431,0.0005717448327071994,0.0006380412178788665,0.00037662876681895024,20
82685526,0.0005713696948117048,0.000701934960378977,0.0008706182182809233,20
242900951,0.0005703754446635789,0.0003435275135191567,2.4898191868828136e-07,20
70498975,0.0005694599516416182,0.00047102187111507657,1.61558595854093e-05,20
98949206,0.000569396323806573,0.0004045783378688135,2.418550642869046e-06,20
121711003,0.0005691551308635634,0.00038489129209588307,1.251618106356024e-06,20
107133382,0.0005690651226737092,0.0005405062352338458,7.649181962190775e-05,20
20846666,0.000568913685541872,0.0006150422648827238,0.0002803548323131006,20
184817655,0.0005675914751006456,0.0009447737962597093,0.007300624872544019,20
26329128,0.0005675424499170135,0.0015001912985617815,0.05350356404259761,20
67550429,0.0005672021800356003,0.000574226514752116,0.00014788118180670773,20
45144907,0.0005664119464013684,0.0005335764546801914,7.006626783359878e-05,20
71659609,0.0005663063397891521,0.00040751517028954153,2.8543982228339626e-06,20
29831521,0.0005655632721313115,0.0006056121740759835,0.00025608530160765115,20
108759437,0.0005644246647946716,0.00119807939062069,0.02432432274329375,20
129184165,0.0005636196714399244,0.0006091879422128591,0.0002797858555514027,20
79769631,0.0005633519938624904,0.0007722328947609616,0.0020486161568283065,20
72359196,0.000562577692345792,0.0008784139520885654,0.004964726640041113,20
107158281,0.0005613782853520627,0.0005000917608081572,3.7997597807694706e-05,20
85316978,0.0005612449377687456,0.0008009233207073072,0.0027332162781531348,20
60064225,0.0005597570384366756,0.0005945539494731694,0.00023696944522277798,20
92918347,0.000557315905648828,0.00047898140843148174,2.5281349042907828e-05,20
38299804,0.0005571359268591147,0.0006707055112626631,0.0007345341669847612,20
40481736,0.0005566123056223837,0.0009088950925063391,0.006524466743968781,20
102643505,0.0005565761479639747,0.00034260966713457633,3.3998729492494774e-07,20
119173430,0.0005542743325597177,0.0006386739998236152,0.0005025815724948372,20
108738762,0.0005534005484774563,0.0003577477252018703,6.756627507632359e-07,20
15613384,0.0005533252753798734,0.0006319044635350823,0.00046411622816653237,20
89112315,0.0005524549526469025,0.0005590005731310424,0.00014709669107074088,20
121738203,0.0005522410637612107,0.0014504205974083927,0.05245983366509788,20
99112196,0.0005521579689822586,0.0005675480218829056,0.00017205805724267598,20
104930250,0.0005507974223443735,0.0004630118646602866,1.9547160944914488e-05,20
87940654,0.0005506777007021734,0.004087116958784624,0.27696509511101236,20
30893831,0.0005493714758816909,0.0004219696804134553,6.558668515046387e-06,20
137964269,0.0005490104696853987,0.0004973917056112602,4.583897085727689e-05,20
220675230,0.0005485397421291088,0.0004307168474226737,8.618145891789814e-06,20
163191314,0.0005481250461552234,0.0005100576550075357,6.141178956921234e-05,20
28363303,0.0005478505442764875,0.0006923698246323947,0.001097021049187903,20
82777254,0.0005471006298481296,0.0016711768089912144,0.07976316759740264,20
45064206,0.0005467348158678054,0.0009254463023613561,0.008036367973822735,20
42302808,0.0005462041941555667,0.0005862679430957224,0.0002619194734197652,20
20,0.0005447088680782281,0.0005838159619516436,0.00025833134450749343,20
49436751,0.0005395434768808799,0.001061372420522415,0.017397790133824396,20
100841893,0.0005375606816338724,0.00057339051993724,0.000246743166213003,20
51064729,0.0005372677646167196,0.0005911820495899807,0.0003307775175831437,20
50392394,0.0005371549797167613,0.0006649355175782048,0.0009269863859182609,20
38279587,0.0005362906439259629,0.0013114729152001003,0.041589221149418286,20
106535402,0.0005352723900208467,0.0005820255953945386,0.00029602697036799734,20
42042628,0.000534366231235378,0.0004993793366039103,6.430327941694752e-05,20
48669113,0.0005343036811764123,0.0005160903128883547,9.132622508758578e-05,20
182814131,0.0005332990847196212,0.0003983435266456266,4.612743772649477e-06,20
40521918,0.0005328846864443044,0.0006010444381200703,0.00041499582540658247,20
30737905,0.0005328835417865912,0.000832585041730163,0.004984813687444211,20
186418537,0.0005327444617882565,0.0004103142366261345,6.785286925817257e-06,20
37306245,0.0005315361288704412,0.0003554137498266321,1.0739348015876125e-06,20
232313864,0.000530271648611974,0.0005485309551970579,0.00018321605534661609,20
53853911,0.0005298824549168357,0.0007559195254055782,0.0027269460767960227,20
78164758,0.00052986078530404,0.0005590380029778374,0.00022214403347466997,20
51449190,0.0005296578355971721,0.00044837737738682494,2.121750573678799e-05,20
88377644,0.000529322909037791,0.000594227252029809,0.0003976583717300444,20
156983493,0.0005292263902671096,0.0006317172988789612,0.0006833165830878238,20
12621004,0.0005271331052156547,0.0006753569646931148,0.0012234518028613225,20
130391352,0.0005243919283795834,0.0004237556575957385,1.2228071976752075e-05,20
173003387,0.0005235855337843654,0.0004479179410768767,2.396886171426595e-05,20
864933,0.0005231026801365112,0.0002994951285561232,1.192811244529241e-07,20
131673070,0.0005229692530021313,0.0004463944281095281,2.3358531037274062e-05,20
16032193,0.0005225955899859858,0.0006391449047988437,0.0008387978031437074,20
194239913,0.0005221111032067211,0.0007175861066629626,0.0020884826811429186,20
18878071,0.000521218582716998,0.0008501585186986795,0.006481722441815584,20
84316452,0.0005211032500263169,0.0005183680268776432,0.00012378492601280473,20
104718523,0.0005209116903157451,0.000485159442513774,6.199630124724978e-05,20
178609356,0.0005208978560824363,0.0005315872030775226,0.00016021362901021583,20
116321240,0.0005208715955356879,0.000805710968738127,0.0046797198255113534,20
56922749,0.0005202601392466866,0.0006478534662044876,0.0009731681239083311,20
6404727,0.0005195643530243266,0.0006645053536760651,0.0012067310621734111,20
57485219,0.000517404091283366,0.00028141894704264436,5.564497900820651e-08,20
63274316,0.0005161743042145228,0.0007567508690176117,0.003291464172573655,20
228887673,0.0005161429997014328,0.000583903334440291,0.0004263620649484111,20
33075184,0.0005159090917249226,0.0005170647501614264,0.00013359498968860037,20
54063914,0.0005157367364237525,0.0017014664734513552,0.0955670110577255,20
10087712,0.0005151703857385504,0.0004994382861887394,9.489709822634112e-05,20
85449760,0.0005142007825927192,0.0004399057516539241,2.3979127593906884e-05,20
168008276,0.000513793436619256,0.0005489327993221457,0.0002506159132718654,20
105203595,0.0005137789797677011,0.00041714550302485084,1.2943517396998861e-05,20
27290772,0.0005134740047736425,0.0006850017105698666,0.0016732439440007498,20
64423309,0.0005132706056010794,0.0002248082904956233,1.879243572265093e-09,20
104803458,0.0005113258416967359,0.0004090226493362017,1.081431627277672e-05,20
56999949,0.0005108359416042624,0.00039615078586804854,7.389988135029462e-06,20
40690226,0.0005106983977538809,0.0006423127195827833,0.0010552047478264847,20
116752237,0.0005101630442337524,0.0005366590491095299,0.0002158479948737321,20
136678543,0.000509065760257188,0.00036136143502330377,2.388036333244044e-06,20
195827205,0.0005087314005557369,0.00039649985433323146,7.862982774510826e-06,20
52256804,0.0005078553143255865,0.0005252561300198863,0.00018291885457317496,20
78479983,0.0005076666998626411,0.0013024970664374397,0.04874056553458296,20
112736642,0.0005063822251900107,0.00045324412880174406,4.006653090599053e-05,20
46051529,0.0005060031017412259,0.000511304015301855,0.00014510347098084576,20
6615728,0.0005059154198574945,0.0007336998099314174,0.0030564464538406656,20
32023286,0.0005055157503447899,0.0002868826399959836,1.0474190777675663e-07,20
72,0.0005054343582526988,0.0005783408209246768,0.00047228682152060077,20
21,0.0005053977388258773,0.0005247408465852336,0.00019001001195807158,20
57,0.0005041988768976824,0.0003109783978151909,3.49604554283338e-07,20
33041969,0.0005031047800722222,0.0006806042635616547,0.001858163975454498,20
134962869,0.0005029578806555413,0.0008032040614713872,0.005706807115453001,20
135276065,0.0005029001753245832,0.00044734023101589186,3.73772103913933e-05,20
168796586,0.0005028803349717836,0.0004927057130024371,0.00010591569026027723,20
96928210,0.0005022229832685882,0.004964909598437528,0.32806008067187903,20
8999843,0.0005015956666294868,0.0005825851157274485,0.0005391042173559281,20
53479298,0.0005008703935666714,0.0015443093421364854,0.08161953325025045,20
28892919,0.0005002074043072402,0.00038717080988289186,7.2174204003749e-06,20
129959301,0.0004993506244017731,0.0009125266948979911,0.012144592140634881,20
151493818,0.0004991380854150601,0.0008246268287630629,0.006989215461148383,20
96214918,0.0004989933771604421,0.0005880079252942369,0.0006116478762545973,20
37278360,0.0004982364407651457,0.0005683688806735326,0.0004595849103657689,20
72437830,0.0004981605320647676,0.0006733857259445951,0.0018473029152509244,20
113007517,0.0004976424551582676,0.0011221128811314358,0.030986350721061925,20
134363401,0.0004975554868229398,0.0005950928748504904,0.0006949933634415995,20
19685095,0.0004970240050642671,0.0004882996366873313,0.00010894593961553916,20
208286280,0.000495403300790942,0.00043690084344088283,3.39322156196373e-05,20
6467472,0.0004952417789504671,0.0003522380543943478,2.450248955331921e-06,20
34857022,0.000495147479237909,0.0007534481636858668,0.004212088327752622,20
45450469,0.0004949263884354377,0.00047082564786589317,7.777536908668143e-05,20
64,0.0004944757873664551,0.0005711471152238036,0.0005134387594809323,20
46374789,0.0004940025301539252,0.0003613947500245826,3.5341294235949253e-06,20
30240334,0.0004937973178681526,0.0007190013230449696,0.003141512987451748,20
19030990,0.0004926100056344667,0.0006924264349073374,0.0024563427506095466,20
217272195,0.0004917277920405444,0.0004339218108194968,3.4164723474711536e-05,20
22223555,0.0004911147167875358,0.00036182299818723066,3.869390538945277e-06,20
4669675,0.0004890239721880352,0.0006430002515475781,0.001498112796626322,20
6067603,0.0004888436425936393,0.0006675678765752169,0.0019924167425834473,20
4213696,0.0004885796444954876,0.0003769603699719396,6.935358380530388e-06,20
151176082,0.00048799687827432434,0.0007192214865601817,0.003410783566059662,20
26467790,0.000487347303776281,0.0003715197423790369,5.96839022055895e-06,20
89312903,0.00048698598544246184,0.0004022040535422234,1.5872490721909346e-05,20
1,0.0004869480692605177,0.0005872014276459068,0.0007451116368698498,20
7873485,0.00048693247909550874,0.00033288565592582493,1.4488686051533987e-06,20
62345978,0.00048651513410989113,0.0005976296648693267,0.0008698893248851668,20
52466430,0.0004855319514712769,0.000435441327412423,4.0958964844392624e-05,20
53,0.0004847503882977666,0.0007411370664531636,0.004343233086844827,20
13413926,0.00048471751024108947,0.0004967789819155077,0.00016715993525074878,20
29295106,0.0004843241931937775,0.0032086110873751923,0.25388910124413455,20
57460153,0.0004842309860750571,0.0004648311565189186,8.55661915208009e-05,20
78690509,0.0004831783368928255,0.0004892465269760743,0.00014813766578498247,20
120150516,0.0004830693752676085,0.00042791474346610367,3.5669261317546554e-05,20
155796581,0.00048271587332692487,0.0005165210673975828,0.0002543098311192039,20
85292058,0.0004825265389391986,0.0004347706380997702,4.314101746505883e-05,20
46852033,0.00048223927003427367,0.0003776352202654599,8.336051385942887e-06,20
220302117,0.0004820699398784184,0.0003650034463750243,5.4786091574989545e-06,20
164792631,0.000481888869439398,0.0018669993297079092,0.13134551591143911,20
36432194,0.0004818464520834481,0.0005409374567433066,0.0003977126568289409,20
69474522,0.000481656882861109,0.0009712615113161235,0.019478917802991196,20
43042950,0.0004805252967327284,0.0005051836318426811,0.000214615823776576,20
66084646,0.0004794240346524564,0.0005197079450248597,0.0002876373928217054,20
48353605,0.0004794159496139566,0.0005849801580896386,0.0008227666448686066,20
18844802,0.0004785929483891144,0.0002637751793369798,6.784209558494034e-08,20
56755223,0.00047854569475810904,0.0003757132399872193,8.605783895816882e-06,20
58457964,0.0004783820860540189,0.0006640766033049539,0.002245614291713212,20
135955800,0.00047795139912397145,0.00030987043385013714,7.033229798039359e-07,20
120175464,0.0004778156517785237,0.0005298290610996065,0.00035519491180604123,20
32675030,0.0004766054475609377,0.000526841775630695,0.00034512202477215433,20
137992493,0.00047650075696487883,0.000517606363664016,0.0002932783076569555,20
56,0.00047626802523988707,0.0017919972885773253,0.1246243279293128,20
12082140,0.00047582842209945296,0.0004797560776838046,0.00014192272958369725,20
108206960,0.0004757311186960933,0.0008062291522022861,0.008091272905777061,20
77567989,0.0004748519388690836,0.00038644968276252135,1.3314960972487383e-05,20
164868273,0.00047242844400569863,0.0004731830029499627,0.0001327288682149611,20
174603358,0.00047217467944758176,0.0006206173622437078,0.0014938779376851507,20
24527946,0.00047181507458712857,0.0005493581889501136,0.0005509853116112074,20
43065679,0.0004714450767171863,0.0005358357993130037,0.00044469689969585125,20
102152729,0.00047094521673898273,0.0003882088159531609,1.5514179916904635e-05,20
56399503,0.0004709220819552329,0.0008988335688994157,0.015080063400300247,20
96522796,0.00047089347779566415,0.0005377893076596421,0.0004642938025543515,20
189023366,0.0004707362709552687,0.0014843542331074474,0.08615490253234435,20
92042416,0.00046989990553115426,0.000585823673206661,0.000982456854495932,20
61265615,0.0004697745340524279,0.0008860311164972705,0.014230180839606825,20
133274753,0.0004696750311164427,0.0012497214168853854,0.0545903353482046,20
35714563,0.00046914456752143177,0.0005205260224188367,0.00035716127490080713,20
13622048,0.00046837955604974444,0.0004174113232417664,3.816670282126418e-05,20
45887333,0.0004677243700239697,0.000516236960863636,0.0003402906397662638,20
76641426,0.0004673048660196799,0.0009366281582974749,0.018954565296061928,20
229311439,0.0004670646926583255,0.0003188902595870984,1.4238975254113491e-06,20
104403222,0.00046690636893953474,0.0003803882400313076,1.3486091401960927e-05,20
113766510,0.0004666273747863048,0.0006863426652349313,0.003364769973552608,20
95508540,0.0004651147352935286,0.00027647966347587016,2.0611727103632545e-07,20
104530243,0.0004639377610152262,0.0008072402382476164,0.009368253047761031,20
31293907,0.0004632901523093036,0.0003602695818576116,7.646476827959002e-06,20
116016845,0.00046273577793973784,0.0005536486555100858,0.0006971518129630001,20
64606777,0.00046266483263946443,0.00035336616064729286,6.110557765659201e-06,20
107333422,0.00046175177093045195,0.0006417848102256193,0.0022657876526455036,20
70836212,0.0004616693440824826,0.0023128772155889847,0.19159911803394547,20
34695418,0.00046154296643626246,0.000524140631750951,0.00044134966518691727,20
145687798,0.0004614325806829689,0.0005705560340826636,0.0009184238881646055,20
37258597,0.00045988682111396394,0.0002820247132840313,3.2222829281406107e-07,20
44551468,0.0004589300286099718,0.0006179469189946231,0.0017943653512366277,20
77041826,0.0004582324736123855,0.00041602604758567325,4.691977052663356e-05,20
69288061,0.0004581144297432088,0.0004224869061592084,5.5710381408130665e-05,20
114608596,0.00045758169879134834,0.0008711370926757967,0.014894213400767718,20
54658696,0.0004571188897957351,0.0003826937360066819,1.863049483319592e-05,20
88331478,0.0004569176705165517,0.0004272595265356562,6.472271923918762e-05,20
46752369,0.0004558666203692219,0.00031903241857009554,1.97998009429783e-06,20
102328197,0.0004547194719434017,0.0005975453064628856,0.0014913927095997852,20
14824119,0.00045307084290431565,0.0007265624743486494,0.00585358497740229,20
73431580,0.00045145692488331445,0.00036858097467106936,1.3832369971880254e-05,20
59456384,0.0004513227590107055,0.0006573948633853385,0.003149336450646361,20
50314238,0.0004511103801294686,0.00038077054658636135,2.050717330046335e-05,20
127878016,0.00045054739515875964,0.0004304613919703968,8.141212412478245e-05,20
60017534,0.0004505146823372996,0.0003759136469770629,1.791630128442409e-05,20
44312881,0.00045032493845444387,0.00038496804391716934,2.3770491298908536e-05,20
93985655,0.0004499527818343396,0.0005723283505139066,0.0011552159179533293,20
24897228,0.0004492966344887689,0.0007786170546479544,0.00916339218769491,20
25840664,0.0004489129568584577,0.00042310402791694354,7.044824892458483e-05,20
78298676,0.00044875307032223586,0.00040693361814821155,4.630559278493258e-05,20
27692259,0.00044811219593613447,0.0002496382443429654,7.960248398054534e-08,20
77089322,0.0004480144410525494,0.0005986676167444915,0.001694367600527092,20
4995942,0.00044790466061013224,0.0012247770039247566,0.059204233765281486,20
93898727,0.0004472464778111973,0.0005404763082982352,0.0007586400408447621,20
58269168,0.000447060992610282,0.0005128591310031944,0.0004831942211201012,20
60686342,0.0004468838839411432,0.0005220556046458333,0.0005671940928922415,20
57523351,0.00044562287576637994,0.00048177097947776844,0.00028044371605806805,20
69596862,0.000444573268429041,0.0011394887087727678,0.048586047657120275,20
233891869,0.0004439060634487763,0.00037395350622178146,2.004128777606932e-05,20
37859065,0.00044375438327850234,0.0003091844331526036,1.867118312275573e-06,20
132481923,0.000442838907272064,0.0006320963541652171,0.002737580663169055,20
15836720,0.0004424871786718465,0.0005102461976456242,0.0005059210899417488,20
18827165,0.0004420940994545819,0.00047357820776339514,0.0002570060943630608,20
1012890,0.0004419947339160124,0.0004132406403788601,6.461392247806664e-05,20
207885845,0.00044179315801084475,0.0003430022816123624,7.496034451471471e-06,20
59659475,0.0004417495118322262,0.00045721606880085616,0.00018422654156117525,20
105445104,0.0004413975223544114,0.0006466727410663948,0.003275987654712549,20
56722519,0.0004408983750891604,0.0006417225200776339,0.0031330114745548874,20
65507605,0.0004391956853987966,0.0004996731598547389,0.00044864517294929715,20
86889156,0.00043908585525332945,0.0004150666582023018,7.270705034276626e-05,20
136156232,0.0004384857613653814,0.0014266323656396264,0.09263476027570101,20
13473298,0.0004379021531400462,0.000854574306039132,0.016761557029453075,20
5614574,0.0004378614924249125,0.00038808504268490345,3.5893913004974585e-05,20
154785413,0.00043766749143873686,0.0004052195718931358,5.814239310530422e-05,20
72740139,0.00043698557084856094,0.0002708166902379769,3.741589597312408e-07,20
126356151,0.00043697657906626163,0.0006644276236169102,0.004191441428360878,20
26648033,0.0004368619069555074,0.00040914679740723187,6.582405053895204e-05,20
129566665,0.00043663734137985855,0.0004351622082630383,0.0001261783844075359,20
17223916,0.0004365176582755398,0.00059115358109555,0.0018729468285229702,20
71437107,0.0004361965012250446,0.0005580147416595077,0.0012090336363992339,20
3812814,0.0004355726650674241,0.000569420340584569,0.0014327879411708039,20
103527849,0.0004352737959934294,0.0005314172937517331,0.0008266422714882206,20
111141104,0.0004344834272749759,0.0003693522614540185,2.2277132268634813e-05,20
81894122,0.00043424048251315683,0.0007399968454355298,0.008347505357906508,20
126529036,0.0004334961331329379,0.00029615281583226193,1.4356809918080026e-06,20
4215843,0.00043307761186170966,0.0006028962259251561,0.002292129594239279,20
80082389,0.0004330654924568661,0.0004746899262390571,0.0003191304813644724,20
101922599,0.0004329536855194993,0.0006198818477815577,0.0027967675868294257,20
88314261,0.000432278498398464,0.0005520231914162258,0.0011921369712389013,20
107558965,0.00043221745275367487,0.001321120301522613,0.07989305144713686,20
71700236,0.00043128882059233485,0.00044440542647854403,0.00017631069419594042,20
99149404,0.00043113250386482007,0.0004339476100078056,0.00013949258228046355,20
115503310,0.0004308159397990674,0.00038789809578070294,4.2797082116228677e-05,20
33842268,0.0004301562493351313,0.0006864468792539247,0.005681713187574064,20
24834126,0.0004300185504735654,0.0004309137019101529,0.00013338117025192154,20
29,0.0004298444778505328,0.0007018680447970674,0.006522966598287443,20
23205811,0.00042904796839929316,0.000377484468963828,3.303420277990034e-05,20
155586913,0.00042867406763907043,0.0010134527708052785,0.036941222075978206,20
15842373,0.0004277566526977361,0.0002990310670001461,1.9513492237992173e-06,20
90678396,0.00042730730546132467,0.00047347107548881485,0.00035277428439029477,20
187230944,0.0004268107498342971,0.0009745955168911838,0.032507604846494904,20
93244027,0.00042651894989451653,0.00054551560249793,0.0012069450982617322,20
222503969,0.0004264919554993835,0.0007380694291687321,0.009093534696690591,20
4,0.00042589289398050343,0.002444189373547486,0.22271340719502897,20
64406763,0.00042577702603422416,0.0005297931686872373,0.000967105073129811,20
47646620,0.00042556454241209627,0.0004761112052434253,0.00038542337470239235,20
93115327,0.00042533929668748247,0.0004426815704780703,0.00019454142092156166,20
32899425,0.0004249242883613391,0.0007984677355745862,0.013972213961479345,20
80667226,0.0004238634664010921,0.0006987987470021242,0.006903986538621915,20
144565779,0.0004236362595076204,0.0005716606307192646,0.001823665363846729,20
43912667,0.0004235845269186161,0.00133035934382655,0.08534272753563275,20
68473380,0.00042256840246801265,0.00058184683029294,0.002116801715230997,20
88639659,0.0004221978179896363,0.0004725752991283581,0.00038714527710949966,20
24025913,0.0004221680026179647,0.0005431626506426893,0.0012649021052328372,20
18044222,0.00042186866651535424,0.0003677255980737818,2.9718221077835054e-05,20
71280810,0.0004214741534447647,0.00043915960708295016,0.00019672541153471613,20
77564571,0.0004213469893533689,0.0004894380343384292,0.0005396743084648348,20
102716874,0.0004211364744454854,0.0005598059319097757,0.0016283186000466345,20
57556414,0.0004207607191756363,0.0004956209744330612,0.000609529605002946,20
3062242,0.0004198288235356978,0.00038062698626402695,4.620114659058867e-05,20
8819643,0.0004193828499324953,0.0004836783081038385,0.0005066113323527558,20
50734926,0.0004181474241150396,0.0006914352082619335,0.007025525236015562,20
13440596,0.0004181000009407188,0.0006112672149865374,0.0032300141849367432,20
55139964,0.0004179895371641873,0.0006556000348825083,0.00510669218110407,20
5464310,0.0004168086753694678,0.0006517226154232635,0.00500858871884348,20
22680875,0.0004158767574263977,0.00038896385782053865,6.486853538673995e-05,20
29564744,0.0004155822660168479,0.00044038657752193346,0.00023170577550140817,20
23825734,0.0004153466985371529,0.00044049436566060416,0.00023352252707258716,20
65372855,0.00041457430981581,0.0004101412608324561,0.0001170284129668808,20
76795839,0.00041366129352005956,0.0004508373754421848,0.0003025408880194359,20
21491775,0.000413513473639171,0.0015003069004331955,0.11637874175467437,20
29895929,0.000413469677026998,0.00039497648482317787,8.128115632559392e-05,20
122152141,0.00041294677074672217,0.0005842464033869826,0.002572689626179927,20
68609943,0.0004129451190913958,0.003394663834337272,0.29637933781550635,20
107296355,0.0004125839377939061,0.0005653437731376685,0.0020428033381954067,20
130167063,0.00041245785266975086,0.0017588452598585641,0.15372833537366756,20
60003107,0.0004121767807144294,0.0007237058288630474,0.009841025863073023,20
154184341,0.0004120074274185648,0.000552549193458813,0.0017412436067026959,20
73192086,0.0004118546672419093,0.00025701777274797966,4.1266952665837576e-07,20
16424407,0.00041182232255405904,0.00024132643073333676,1.6754384707926623e-07,20
179611563,0.0004117216976286642,0.00048110212266690443,0.0005684674518841716,20
17081563,0.0004113601568029285,0.0004546351812108171,0.00034453218484413326,20
186618623,0.0004111343735400397,0.0007227278426750173,0.009903893170995508,20
110123955,0.00041072894652444125,0.0006048159652592333,0.003390855908259105,20
101327452,0.0004098066375399778,0.0005512759666130175,0.0017815750435555048,20
22463544,0.0004094247176340854,0.00036992366028639287,4.448191491085107e-05,20
175215287,0.0004091234715176695,0.0007074156966701132,0.009051419208747746,20
63947008,0.00040892811087105406,0.00043833520430787025,0.00025860257971095223,20
123325794,0.0004088466403784463,0.0004387982495587938,0.00026170929968820237,20
57323170,0.00040881486523224877,0.0005220242335104383,0.0011914890836037632,20
87930831,0.0004087430525417851,0.000587848531025541,0.0028853527829235774,20
210092916,0.00040866188686776715,0.0004961942292047578,0.0007894999803586327,20
79219583,0.000408383437327553,0.0003933955999142292,8.87699131211052e-05,20
67910628,0.00040835257432371154,0.0004940308056808899,0.0007658760578655218,20
32694686,0.0004080153543788323,0.0008213444244121707,0.019328538114548082,20
60099095,0.0004079963311845819,0.000561760361147166,0.0021162034304559024,20
71070527,0.0004075519803551558,0.000371133971612729,4.850893906222145e-05,20
125944682,0.0004070977999918818,0.0010420704095710392,0.04838288031858959,20
66224965,0.0004065263473320674,0.0006086233839251612,0.0037871566657340454,20
180611293,0.00040640526262796797,0.00040590122198146345,0.0001289603031440061,20
47868272,0.0004063767022436243,0.0006584436350552412,0.006229465666720231,20
78090169,0.00040628921504237415,0.00054334373645602,0.0017045797057518458,20
115946028,0.00040605852543213193,0.0008671753302168782,0.024947014322788806,20
106000815,0.00040589604491075295,0.00048342226693315826,0.0006703895815715471,20
125017426,0.0004056014016025983,0.00032129602916460454,9.600398081232659e-06,20
64172189,0.0004049774830076236,0.0004903720599715569,0.0007714825210560904,20
109560911,0.0004048136489673698,0.0005894568841866307,0.0031423007085126576,20
196627910,0.00040389566050736124,0.0017776032142385351,0.16116650839490382,20
70876148,0.0004037116113588091,0.0004707318517169024,0.0005579053581553196,20
25234253,0.00040293881414626975,0.00040684908903705397,0.00014399222363844642,20
202237207,0.0004026264360472154,0.0005762325442534367,0.002789054644896216,20
59015799,0.00040245207765636227,0.0006506609499147786,0.006148327747601917,20
19640054,0.0004020848142021971,0.00042085158056387044,0.0002055826015481872,20
8272985,0.00040178488295304626,0.002938416957138378,0.27405869320422616,20
39141284,0.00040103838058831997,0.0004197867422799104,0.00020572780707021259,20
76684631,0.00040055907131642253,0.00025266912710426333,4.800081324166486e-07,20
86438207,0.0004004080825893375,0.0009171361134958713,0.0328878121895009,20
137429590,0.00039954484346939046,0.0006316307748119778,0.005362912690106281,20
153378873,0.0003991598201905755,0.0010498008357797887,0.0526819981302327,20
212694370,0.0003988850552547302,0.0007009988121959892,0.009888962490102637,20
60664655,0.0003988517501567618,0.0004287350789190066,0.0002655918389141371,20
53319203,0.0003982213003691004,0.00046229039343696765,0.0005367597962518727,20
32697272,0.00039654197073902555,0.0007485160683040612,0.01428698350214257,20
4267730,0.0003962800721948184,0.0006809584592392072,0.008745168990255616,20
70755618,0.0003956920167495881,0.0004620621798787117,0.0005651549237410444,20
74632186,0.00039564347606641236,0.0003419921500777328,2.7006985287454867e-05,20
76096927,0.0003954683964038974,0.0005801859108263013,0.0033068442505834457,20
84291241,0.00039449678440895976,0.0006892565707420142,0.009581621542672562,20
67686119,0.00039447219430036875,0.0004754332736632671,0.0007417633057767561,20
58296806,0.00039441258948657296,0.00045657517874982996,0.0005235458519265981,20
139166114,0.000393870116792297,0.0005148555935994499,0.0014317675216591562,20
2062397,0.0003936797068890413,0.0008205272610317102,0.02251580793093786,20
74893902,0.0003928928428273665,0.004245982295659437,0.3418200469622653,20
115941733,0.0003923818055854955,0.0003523766674388114,4.157945741079768e-05,20
146370996,0.00039224837879615616,0.0005301710084775435,0.001846042009085823,20
54882458,0.0003922166658747339,0.00040132999802159594,0.00016450778136649003,20
56495286,0.00039162892804250616,0.0006160825576183363,0.005202087334195129,20
106004039,0.00039156252362324007,0.0005821752095672837,0.0036170743785889116,20
96122615,0.0003913637950242521,0.0005444702879639003,0.0022813762973126414,20
171798354,0.00038994626451460955,0.0006652511239386544,0.008399576240181823,20
155497657,0.00038961593156431885,0.00041886774676996055,0.0002659561256207198,20
96838090,0.00038882320469849627,0.0014110114072110051,0.11642426068551745,20
179411277,0.00038865443741670225,0.0005373190158957087,0.0021800850759804663,20
172202432,0.0003885895433811154,0.0003206584935358596,1.5709182464098682e-05,20
48240805,0.0003881556403408093,0.0002993757610727419,6.905678148047241e-06,20
103131752,0.0003869265435416852,0.0004694525950845817,0.0007845642727478124,20
40338292,0.00038544375418001484,0.00042903087983238246,0.0003678388368400968,20
6668508,0.00038482059635775443,0.0005177163733828725,0.0017829139299625504,20
25761030,0.00038468949160299916,0.00041307997312903667,0.0002629690494865725,20
37500067,0.00038462583196719467,0.0004649918644121896,0.0007612548401114454,20
78196411,0.0003845234738051234,0.0004476567266098743,0.0005503010816504782,20
163195021,0.00038433844650142824,0.00045625682156886474,0.0006518901420431792,20
104839410,0.00038425061149173766,0.0003798000647382428,0.00011595376938066632,20
96186988,0.00038375239848189023,0.00040548040608504694,0.0002253245880174011,20
55855374,0.00038370912283453853,0.0006853588526834563,0.010783526051718798,20
6415329,0.0003833589088717698,0.0010026262431160327,0.05177884183783313,20
91009340,0.00038225296990865575,0.0005430930072226704,0.0026499285141864293,20
26665768,0.00038147245055323854,0.000603680828967058,0.0053970616110823625,20
1000830,0.0003805429240669511,0.0025197042837737022,0.2537756171390809,20
180424382,0.00038047045077642394,0.0009751195444110914,0.04857540091412023,20
28927507,0.0003804633946459052,0.0005990250792873846,0.005229546020830128,20
56484269,0.0003803889396230747,0.0005489471544993411,0.0029545714040376627,20
35257084,0.00037980511859283806,0.000360117794327594,7.509115556452749e-05,20
45645884,0.00037959463767194836,0.0004205621810740463,0.00035245251157880927,20
17675557,0.00037920308910361353,0.000438815995792164,0.0005219427234752788,20
57360857,0.0003791873105010307,0.0003840484313982105,0.00014852138042099024,20
153257636,0.00037915784159012753,0.0005561374045408981,0.0033020346302670956,20
75705608,0.0003785211187490478,0.0004744230128235142,0.00102598215752669,20
125417543,0.0003783354536702782,0.0004356165840032152,0.0004992362105630536,20
158199933,0.00037825426682656373,0.000363561441762794,8.671672930843129e-05,20
7670148,0.0003782382679638929,0.0003264580772552094,2.6546993719017418e-05,20
108960273,0.00037818510284439165,0.00035317609070391684,6.381909629500908e-05,20
49797216,0.0003779073852565762,0.0001994620033613398,3.5330939667451524e-08,20
83904869,0.00037770150692703066,0.00030593701573096844,1.2580292401602481e-05,20
180488260,0.00037760438396439167,0.0004007115614709344,0.0002348979462829151,20
71088941,0.0003773240536044914,0.000570943925490961,0.004061046383094499,20
122357049,0.0003764377024456478,0.0017667808181023588,0.1763154368381612,20
94081674,0.0003753961123469485,0.000456731168850682,0.0008030790815935101,20
98729532,0.00037509058682303473,0.0010596240551034174,0.06495489930182057,20
24889730,0.0003740789655948845,0.00048320505505424253,0.0013050071133182944,20
60945015,0.0003740243655491832,0.0005166938387670254,0.002167890471484523,20
45152229,0.0003739453381948393,0.0006782123299291237,0.0116810380636825,20
152742530,0.00037316143254393085,0.0005270860872714489,0.00254279573858442,20
69696932,0.0003730265098703639,0.000524308309404901,0.0024554012064710354,20
67027118,0.0003725529420246232,0.0004403361767767838,0.0006277880478457662,20
40225753,0.00037238140894045867,0.0005400191872745843,0.00305551441579277,20
61661564,0.0003721626101890779,0.0004883412384614831,0.0014746432104053558,20
155458803,0.0003717352539338331,0.000546945761343489,0.0033720848718230604,20
20445568,0.0003716112283635636,0.00037081326714860185,0.00012777411086689058,20
107848919,0.0003707267190672825,0.0005358127366232987,0.002985551956593541,20
158985818,0.0003706343408817758,0.0003282264807478825,3.555873428458394e-05,20
131993458,0.0003699217460541193,0.0006185769361567392,0.00749643949884753,20
88176397,0.0003698329459121713,0.0005115057551854186,0.002186523865679785,20
81768134,0.00036924007532409544,0.0004138229552359547,0.00039164891887333986,20
126945750,0.00036855404433050465,0.00036085721015189395,0.00010518977945325552,20
86037993,0.0003685147947507628,0.00040816751493173286,0.0003515061146600049,20
189221832,0.00036788107849076437,0.0005974248963526237,0.006314643605640768,20
29668408,0.0003678304542126365,0.00026505296837980895,2.9055527137854245e-06,20
114519462,0.00036727815640615893,0.0004894305033999802,0.0016593763136716385,20
23043910,0.000366982828635376,0.000698813783109235,0.014910496547532532,20
21882149,0.0003667391678488285,0.0004418211894722259,0.0007391098330517572,20
43044877,0.00036651728468860555,0.0019109011579659509,0.20085505087019184,20
114920089,0.0003661490427166042,0.0005196484825588433,0.0026297473027058513,20
70298889,0.00036602608034638773,0.0008046204557665965,0.028055576372302896,20
70288755,0.00036527476931381975,0.0005774719458092145,0.005363939985310743,20
104691552,0.000365131414279124,0.0005742252004988497,0.005192332408589491,20
31,0.00036465203400737334,0.0006019628205249957,0.00695676137589508,20
7266268,0.00036436323225597924,0.0007560568813685512,0.022089783135834592,20
68911197,0.00036420085860969784,0.0019617752152850053,0.2083552544900606,20
11220127,0.00036411461088853845,0.000824836510856129,0.03154020230730476,20
60672313,0.00036409952315110685,0.0004644047920722359,0.0011809013904352406,20
74703758,0.00036388510590326385,0.0006714015947111717,0.012754164719950811,20
56212930,0.00036360649071677243,0.0006680319950443495,0.012481177359495643,20
161589520,0.0003629801387770554,0.000525864742377031,0.0030347984165077346,20
76300450,0.00036257576229898334,0.000437434304997856,0.000748157772340001,20
79299879,0.0003624669622467602,0.0008295298676234579,0.032783451703730815,20
56199305,0.0003623472008523365,0.0003215086836467533,3.634042495782254e-05,20
225484401,0.00036233902655631866,0.0007899606187220932,0.027142987658665695,20
4604030,0.00036148686555101395,0.0005917202283221932,0.0066197237836615646,20
67295483,0.0003613842990024402,0.0005024670257499755,0.0022717236680539184,20
21117655,0.0003612773334225189,0.00046083380074868157,0.0011814863958204151,20
81400350,0.00036116507281191144,0.0004211396853603856,0.0005581087645819109,20
30039437,0.00036045795882125585,0.000463077844415982,0.0012501642842074746,20
22080747,0.0003601563650794004,0.001204768323755752,0.09851989614568613,20
116810010,0.0003596515829237562,0.0006239329589727198,0.009217441880654991,20
27869017,0.0003590655262456888,0.0005984731960339009,0.007357130750398509,20
124754548,0.0003588628062860005,0.0003144179160824248,3.15069667182504e-05,20
36077559,0.00035824275219876187,0.000428700033685537,0.0006981779535102093,20
60264464,0.00035810931694975345,0.0003893067271571857,0.0002954453184927324,20
237718119,0.00035719198752557914,0.0005546748796751947,0.0047963503838951045,20
69667660,0.00035715474763372277,0.0005695140021381954,0.005655183554701792,20
166994225,0.0003568383083789678,0.0006966295944345673,0.016790119294182424,20
9070744,0.0003567294403539423,0.0007597614563811674,0.0246672601648694,20
42650857,0.00035659758565524945,0.0005356832026586157,0.0038726188464802665,20
31235720,0.0003565787779490293,0.0003728894215021611,0.0002038068632449371,20
800296,0.00035648242815545237,0.0002560897030343803,2.7918639776550377e-06,20
54076185,0.00035635542966734325,0.0014739778192490165,0.14656975606832812,20
24666599,0.00035613564979762314,0.0016879192621392595,0.17861456838428824,20
113049803,0.0003560923510444347,0.0005861261520914263,0.00683923953032831,20
22436142,0.00035595956904990733,0.0004207205023480349,0.0006277460364487117,20
163666321,0.0003558224574854468,0.0002508191538257231,2.1778573169665735e-06,20
57256781,0.00035534507878509094,0.00044776937690193315,0.0010714534698220135,20
124417250,0.00035529881456773383,0.000567977039093685,0.00574238682350187,20
53657043,0.0003549837626788344,0.0014729293648368866,0.14730685921449632,20
89039720,0.00035433398167524497,0.00045912798031509606,0.0013372437954269182,20
22757035,0.0003542415528672016,0.0004418635256840611,0.0009866561355207403,20
23958266,0.00035416255798586816,0.00036829791556919876,0.00019297144187587704,20
77218937,0.0003540497060191716,0.0005047112199470788,0.0027130251950078883,20
104510240,0.0003534832310283481,0.000545421687653939,0.004605973197909718,20
30635636,0.0003533364183660959,0.0002871377392261652,1.3084121087795617e-05,20
5,0.0003524199912022685,0.0006763937644255455,0.01548823824197716,20
79445200,0.0003519642614985996,0.0005419753492415121,0.004546676250844402,20
35370488,0.0003518737617321299,0.00041611396531129614,0.0006306525543804707,20
42796789,0.0003518606814627012,0.0003892707149015869,0.0003477730325178884,20
93280307,0.0003518159248242919,0.000451408447704312,0.0012378261440902647,20
151392542,0.00035098270547282426,0.00038314145034980615,0.0003071300794730337,20
113343517,0.0003507538754796674,0.00036812677636602147,0.00021110483598062697,20
28732394,0.00035040475547331305,0.0004002122770590993,0.0004645896161735859,20
206273555,0.00034991123231575827,0.00028875855356318066,1.572006906986896e-05,20
66174221,0.0003498077426247359,0.0005098365842423052,0.003162361093905934,20
170202862,0.0003496547414207518,0.0004174417582903074,0.0006843283031206418,20
133561129,0.0003492736012990688,0.0006193133182483655,0.01037369671758536,20
183615047,0.000348447532735674,0.0013028463673280108,0.12319010287141877,20
118333204,0.0003482026413646366,0.00030831465890918916,3.5498111263614395e-05,20
79090327,0.0003481410399021778,0.00031998022322753876,5.368969113768424e-05,20
117547168,0.00034769718619324095,0.00038709206514635344,0.00036850438615190014,20
44665700,0.0003470941628800822,0.0011354185430009708,0.0937730551262221,20
150172214,0.0003469837221292377,0.0005152811134525811,0.003588448796460347,20
119748143,0.0003468830370872422,0.0003592911085484987,0.00018555832373140616,20
19627032,0.0003467877979049794,0.0007255998021256553,0.022891891093157587,20
171404906,0.00034613082475867807,0.0005168558131570301,0.0037224532867437725,20
82847412,0.0003460411855518958,0.0005369242821628089,0.004771873493566979,20
92914566,0.00034582884959395157,0.0004339110485741673,0.0010349049281251949,20
63874650,0.0003457365084635122,0.0005971310760758587,0.008994609995900696,20
232490297,0.0003456926440757985,0.0003220801026749703,6.223319305948849e-05,20
15750835,0.00034566174086983205,0.0006389819152751732,0.012876272939548919,20
137078728,0.000345651003205949,0.00039236023776800344,0.0004396292581693038,20
46152561,0.00034563678513985783,0.0002777968079185361,1.1453662816514661e-05,20
117548167,0.00034544121958201277,0.00033375891667650605,9.159339735500274e-05,20
183015182,0.0003451443243186386,0.0004902199495341924,0.002644219626965755,20
46807985,0.00034432397708636375,0.0003059534596934841,3.692800564571703e-05,20
97632245,0.00034298317252634823,0.0002616476355381627,6.020461564803691e-06,20
22429609,0.0003426228934623299,0.0003918111527188104,0.00046978158897323217,20
77077751,0.00034252498800159403,0.0004090004132210195,0.0006853389877744579,20
117571728,0.000342308474929523,0.0005371210223876265,0.00511998164064574,20
460466,0.00034226198230696,0.0005845334807632771,0.008450652751439865,20
55212356,0.0003420302821742105,0.0004733246159957752,0.0021956647237717556,20
27129355,0.00034182144860436526,0.00043430895682020835,0.0011450871937171182,20
28293117,0.000341378526772107,0.00028244075210359903,1.6205885575480655e-05,20
29872160,0.0003412661881052048,0.0005148905939531363,0.003984948697661454,20
22122943,0.0003412006756958186,0.0006409675316462875,0.01395322015633339,20
174407185,0.00034115577507295715,0.00029483196561339123,2.6942665941368758e-05,20
3263669,0.00034113343286152064,0.0004901006919238063,0.002864496567524778,20
8670609,0.00034112276481654545,0.00031791659959644846,6.243268825346049e-05,20
35095644,0.0003406054221801541,0.0005286001272197014,0.004778161917703663,20
76345018,0.0003401128466440778,0.0003674925930436158,0.00027893756866045487,20
15479795,0.00033970181040829384,0.0007352649881721906,0.026359512678780624,20
16023405,0.0003392589688851116,0.00042684341037514705,0.0010582563178497498,20
170411007,0.0003390122533285161,0.00045971609996589183,0.0018914989167445177,20
180413154,0.00033889882664594475,0.0008069619710092535,0.037897379888069134,20
67495728,0.00033854700295070925,0.00041788916774257846,0.0009054839603185189,20
5414553,0.0003378342333964196,0.00041476237343339315,0.0008659104004061858,20
103997796,0.00033774669668714953,0.00029890431299618714,3.529530991753672e-05,20
60203314,0.00033720366784178166,0.0006068060907777,0.01121490006197299,20
26322800,0.00033717419243976257,0.00045624994178341215,0.0018617451422286155,20
67675097,0.00033687023927511385,0.0003961816620685614,0.0006012756506020315,20
28843245,0.0003357621070533473,0.0006293411936209805,0.013799691223827454,20
82515337,0.0003357470027047199,0.0004891723198889645,0.00315482151541699,20
8217341,0.0003347200073186979,0.00035873375350186086,0.00025821271472191177,20
104756197,0.0003344834191505469,0.0004578585543683466,0.0020275378839551233,20
25085080,0.0003342985397564918,0.0005615844595626688,0.007696802119502658,20
68466810,0.0003335628605744656,0.00038586917756953297,0.0005203731462867112,20
96831615,0.000333480573371725,0.000614353129453043,0.01265484548468365,20
30490300,0.0003333335990343883,0.0006723553597519026,0.019503342633316857,20
46466083,0.0003332250188234215,0.0004701377375532169,0.002522237729413321,20
4195409,0.0003325719435394586,0.0004010709526339551,0.0007455635710156683,20
38440653,0.00033249400424354423,0.0005106117571930961,0.004468761095191873,20
82690118,0.0003322230860333897,0.0006672600462890025,0.019132463058657973,20
44713063,0.00033193988484771784,0.0004376640329706118,0.0015302609050364831,20
34295284,0.00033170505871791547,0.00036925306285218434,0.00036818466659288985,20
75840556,0.0003316982477619801,0.0007289000936565322,0.02801595818921383,20
151181269,0.00033162997962188356,0.0002456706304113495,4.151533738130822e-06,20
71870114,0.0003315529683552032,0.00035178779285188104,0.00023454983699550838,20
17625568,0.00033088190171464413,0.00046286352153228626,0.0023732954059906444,20
42941468,0.00033058605577602487,0.00047630533106288257,0.0029217496682266246,20
68880077,0.0003289084967876027,0.0005974321301519751,0.011772601161953325,20
43104383,0.0003288658621911827,0.00038884447899510915,0.0006297975884724259,20
171401278,0.0003287314997235169,0.0004677338651009167,0.002677269848981634,20
78503270,0.0003284839509819115,0.000491887051572173,0.0037924204078137853,20
21285923,0.00032847098798044483,0.000506601614414905,0.004592884275906543,20
57256769,0.00032828566642414123,0.000651100900765308,0.018067383212088454,20
232513945,0.00032828284283268336,0.0017895389388075647,0.21108287537773068,20
73082956,0.00032731575109780364,0.0005031742488454773,0.004498134825157339,20
129358339,0.0003271822968275856,0.0009016957525774411,0.060562076656148385,20
117610274,0.00032713613429177226,0.0005060421357974253,0.004680373903582635,20
127946788,0.000327132237518446,0.00038412896736817544,0.0005931767268581937,20
108850315,0.0003269754784720774,0.000357708940859,0.0003134133267849336,20
87438598,0.00032690858591329086,0.0004732608984049049,0.0030196061686704233,20
26090381,0.00032682023536612646,0.00036007413376274957,0.000334704389519012,20
83448170,0.00032675900533048473,0.0005488821379206698,0.0076938557037686825,20
47488132,0.00032622691806721,0.0004952233676713036,0.004147314961040079,20
107843460,0.0003257231100013358,0.00039059242555495726,0.0007105941896557265,20
32298995,0.0003256835201741359,0.000523365017545866,0.005927738054793942,20
37316666,0.00032543342236130703,0.0004401253006395488,0.0018542779184866102,20
16673941,0.0003250244075159531,0.00035610647620853015,0.0003178147025769464,20
76288754,0.0003250108347032848,0.0006427221631852219,0.01782595399253299,20
54658234,0.0003247145534588991,0.0003399721264351258,0.0002061838976681972,20
121977170,0.0003239817460818889,0.0013646951257514786,0.15084176395502413,20
29893461,0.0003237587068733117,0.00037633806061323686,0.000542947846601009,20
143772767,0.00032373684133347737,0.00029779419937596993,5.4172554403080724e-05,20
3217887,0.0003231292289327781,0.0007208810282545599,0.029734060687638158,20
95926648,0.0003230811337954054,0.0006716110888427192,0.022262685738756414,20
80081005,0.0003230327522282694,0.00033242852120926743,0.0001740794331500031,20
107539824,0.00032284683754721377,0.0004746360213355198,0.0033539767855692896,20
77434508,0.0003226895863751744,0.0007304837827163279,0.03145602566454676,20
7806529,0.00032246018419404554,0.0005246800305224258,0.006388151077332684,20
7,0.00032245220029115674,0.0004829234679217996,0.003795982873819075,20
153976551,0.00032236562838770246,0.0003806690047914647,0.0006228427584922754,20
90276722,0.0003216095341601999,0.0005180326610113083,0.006012423456305818,20
11469503,0.000321591093040724,0.0005788584330569642,0.011229856580532499,20
79566181,0.00032159103443181735,0.00042831254681989376,0.001652466567711776,20
64683679,0.00032100697238323094,0.0002985741003409336,6.110383275720204e-05,20
10026833,0.00032066486706888996,0.0006071844706338858,0.014507263421023245,20
58886919,0.00032065303172215676,0.00043739476638656187,0.0019760031498004265,20
101687995,0.0003203110668407311,0.0005220070377540476,0.006448492932005294,20
151793106,0.00032022135730308543,0.00037137800038079084,0.0005321621491957742,20
34703682,0.0003200272054039499,0.0005317464082998811,0.007225589451472684,20
19881127,0.00031961681065471317,0.00033249591523729246,0.00019366948686167057,20
77818977,0.00031947687029755534,0.0005928431370975267,0.013126825463096917,20
35304934,0.00031929802995130373,0.0006443900565880619,0.019550253167989196,20
118953071,0.0003188212656608347,0.0003233895351686099,0.0001507558934691096,20
78880320,0.000318726412826012,0.000483007319184581,0.004101260323310394,20
29694584,0.0003185239677971907,0.00041481521964493025,0.0013909192585415358,20
139594314,0.0003177648366216007,0.0006223012195732682,0.017038677200667835,20
54197594,0.0003177223898396031,0.0002978243697968464,6.644169618434013e-05,20
115027462,0.00031752392297705877,0.0003592231768482598,0.00042651265401600215,20
94786142,0.0003173498900362448,0.0007669323575940576,0.03992481205804713,20
127958041,0.00031686494100535977,0.0006330789499513397,0.018682926459935464,20
29701836,0.0003167271676507599,0.0007007022868258438,0.02877318786964926,20
33852884,0.00031620188735420607,0.0006780680821306759,0.0253755382384726,20
124542531,0.0003160413038454324,0.00039681504825696745,0.001040804583031973,20
79500073,0.00031600251713603534,0.000388652010680205,0.0008788057896337496,20
44544470,0.0003158650049934791,0.0005620730442814317,0.010572075675478078,20
69,0.0003158042480385398,0.00045600276618807534,0.0029661893375104572,20
194227860,0.00031572636757770114,0.0006337489954656483,0.019081081790047735,20
103844033,0.00031556471719154655,0.0008406222571271577,0.054779755266057245,20
78364844,0.0003155372621711533,0.0005856979866631239,0.013145451526095055,20
49,0.00031525117995434007,0.0003908334079677618,0.0009385439375715407,20
45067768,0.0003150274820125615,0.0007126129585872709,0.03136751519838231,20
53739281,0.0003149677006542839,0.0004039125339317608,0.0012325879585967244,20
82721313,0.0003142731216357636,0.001090768677956898,0.10651833095243153,20
6264480,0.000314132143079332,0.00031296119384271694,0.0001257287537431589,20
29252322,0.0003138937481270393,0.000345483144950297,0.0003315825169971532,20
61900579,0.0003138916227237526,0.00044685195157359494,0.0026870894357649794,20
152193359,0.0003135548341067412,0.0003185970776938332,0.00015338509435828152,20
70899149,0.0003133302780539332,0.0002259625810142548,2.9361000786282213e-06,20
38857895,0.0003131996994723385,0.0004590414837814096,0.0032849998986478122,20
58862232,0.000313110978523945,0.0004479726769914576,0.002782687787281411,20
34303395,0.00031310472673239386,0.00032813303921827423,0.0002081277209011277,20
48468977,0.0003129073300331631,0.0004564600544456381,0.003181566887199033,20
29438655,0.00031259077197431375,0.0002633814731471064,2.008587858076962e-05,20
67478698,0.000312545666090977,0.0005220099097856031,0.007445069993564866,20
56413121,0.0003118622777482594,0.0004384575650433284,0.0024601458946651115,20
186029481,0.0003116761330828804,0.0004001298558265142,0.0012433174240888624,20
190024474,0.0003116474062264646,0.0003901020453993439,0.0010152812899385663,20
3012372,0.0003114984165453638,0.00037344111538648896,0.0007090793803657369,20
23289151,0.00031146423617534893,0.00036384512658709965,0.0005670378111280958,20
58463416,0.0003113788711678389,0.00039855909941352623,0.0012143455366573246,20
13070799,0.0003113483767311381,0.00043622360521399926,0.002400151182630819,20
141970192,0.0003108114869768891,0.000668589278129158,0.025702676377773837,20
173079381,0.00031047307931795777,0.0007560291259643961,0.040987396666594865,20
55521717,0.0003100947427116113,0.0004891899565719283,0.005293491903848337,20
51737033,0.0003100505352957278,0.0004722930032648771,0.004241083032771076,20
74261063,0.0003098900222130413,0.0005019958913829499,0.006221115860972365,20
51394352,0.00030930936949127575,0.00046265088932620306,0.003764187415876187,20
97838947,0.00030919629620513033,0.00032196273724276094,0.00019548808154740602,20
33733692,0.00030887968631153063,0.00037930771923141374,0.0008676756619641466,20
64807214,0.0003086024676030752,0.0003188608364487587,0.00018114598991962922,20
118749855,0.0003085752076653431,0.00041312957362784437,0.0017190247120874658,20
137191729,0.0003084739432403394,0.0003434816178386804,0.00036906472055048636,20
18282518,0.00030833622843688127,0.00029235586039223993,7.50975572680154e-05,20
48267334,0.00030822870085601696,0.0003661833035571943,0.0006561590104543428,20
35937299,0.00030808574328260727,0.00036148962758716214,0.0005892759018070595,20
32474613,0.0003079222079489435,0.0003514911769066888,0.000462231778129794,20
147737631,0.0003078547578620583,0.0006175482925526429,0.01902534527043281,20
14223517,0.0003078545152489703,0.00020831448311652096,1.2620362668405798e-06,20
8417115,0.0003066270422991069,0.00035317557662210635,0.0005007969222440681,20
15072216,0.0003055946170812618,0.0009998790984224962,0.09381822041397614,20
22843428,0.0003054383055077242,0.0006005897093272144,0.017363066698656254,20
23689283,0.00030536452454068554,0.0004364941507513434,0.0027651452516905648,20
91334466,0.00030524058968057767,0.0012407777220774501,0.14249925186821985,20
17,0.0003050925119332415,0.0012629875568464445,0.14676397465037808,20
24406124,0.0003049895375077688,0.0003873258301061114,0.0011407123009300772,20
154376671,0.0003042659979720447,0.0005420604020693447,0.010637207572549155,20
150375134,0.00030416432246070657,0.0008321308589265097,0.059288443761147364,20
137156808,0.000303985658147915,0.0007279868752171681,0.03867354270078064,20
169810416,0.00030395215849325364,0.0007435226251402922,0.04163178135320712,20
150740863,0.0003035166986622345,0.0003748124109624293,0.0009087429069041396,20
18644651,0.00030343918475108923,0.00028812863651544443,7.626017196081154e-05,20
20004068,0.0003030806142797937,0.0003372890797860594,0.00036719093628963473,20
2661675,0.00030267023068066,0.000615111067060734,0.020168188894903166,20
77195971,0.0003023542793684136,0.0005966036648652204,0.0176459210776694,20
40281675,0.0003022121713471493,0.00035446511506083845,0.0005873580901937345,20
76677289,0.0003018330828203353,0.00034619429073528884,0.0004824195826963048,20
136077044,0.0003015359522333172,0.0006037010542534858,0.01885919121686592,20
34653927,0.0003012448619677005,0.00048228233641307914,0.005794509743859846,20
123780388,0.0003011398402429921,0.0003848081821214576,0.0011983115170200985,20
44845008,0.00030073384274509893,0.0003679133928757634,0.0008408865994874872,20
5063940,0.00030057997599758634,0.0003336981150657516,0.0003591191174679578,20
83908464,0.00030043267576449205,0.0003413139066862207,0.00044291649321864704,20
62087912,0.0002999326520627371,0.0004037728095544538,0.0017915399953512088,20
131072788,0.000299810082983884,0.0005044351313801896,0.007765821658639341,20
60486314,0.00029977729245229403,0.0002768356431194587,5.653170469431167e-05,20
102729253,0.0002987496551368707,0.0009617268132178757,0.09041718515226702,20
113127618,0.0002984896867240544,0.00048778237822851554,0.0065544448327745225,20
5468902,0.00029841824071518975,0.00037232612149099107,0.0009886863426409288,20
88319723,0.00029839265815945204,0.00046791151070721805,0.005099508841380908,20
113343409,0.00029817550813452943,0.0002918197672239,0.00010471093032429482,20
202854721,0.0002978908670338232,0.00040230726350434846,0.0018348467665210725,20
98112974,0.0002971142377761582,0.0003353994524181241,0.00041817025793610134,20
59765696,0.00029701276049606264,0.0005260097304115388,0.010306872011118361,20
185217189,0.0002969632438410863,0.0004937094431652939,0.007249853520857415,20
105845361,0.0002966965314822628,0.0002906744137842027,0.00010584356112013738,20
67095264,0.000295403661664434,0.0002707473273046857,5.206633972886187e-05,20
20514272,0.00029511783507598646,0.0006001333593744363,0.020223562036243804,20
14641086,0.0002947886127751098,0.0005707989286552669,0.01615406457293533,20
70212158,0.0002944566399650878,0.0003706198220164395,0.0010616082344596137,20
147220326,0.0002944331097727432,0.00033255129929656886,0.00042020594712829397,20
3864389,0.0002943300625695922,0.0005435235430650651,0.012808564169731968,20
118349422,0.0002940505067320076,0.0007230323642556827,0.042372223242248576,20
19879552,0.00029386732822226367,0.00036069482371112193,0.0008641407977352666,20
96030983,0.0002936515974740178,0.0006007551461886399,0.020767930873784365,20
11888919,0.00029351486610793286,0.0002964952896834679,0.00014463921581993412,20
178007676,0.000293450321522673,0.00039021978308259955,0.0016328843737231382,20
50455148,0.0002934487881308012,0.00034945519822605025,0.000669693760543552,20
106135316,0.000293385524808204,0.0005733713273779768,0.016874875935695168,20
88541199,0.0002925892986923889,0.0005123711959197382,0.009700768901226403,20
44249687,0.0002923883436961233,0.0005766179152656917,0.017600587176920125,20
38245701,0.00029217989873129847,0.0005376615799505255,0.01258279698246531,20
73838950,0.00029202125727522397,0.0005849266953197515,0.01889937128393254,20
64653869,0.0002918341205982722,0.00029040223223417535,0.00012422025666998578,20
21891943,0.000291271056823017,0.00033726593931716377,0.0005247554697661679,20
89206964,0.00029111621096749305,0.0002208138634240475,5.602862558340419e-06,20
71499871,0.000290715063250907,0.0006046285513672232,0.022310088486054536,20
100145443,0.00029007007214301993,0.0002535791111663629,3.071908946996107e-05,20
134625030,0.00028978760820958237,0.000231704464672541,1.0755496297695164e-05,20
84203322,0.00028962107056592354,0.0007286088685992868,0.04573439474805988,20
94143826,0.0002894062650540791,0.0006461077393165881,0.029816759129018756,20
101733091,0.0002893466788770477,0.0010424887288635084,0.11480862394052754,20
114343869,0.00028926590396957663,0.0003757199089695288,0.0013626361396219153,20
39624878,0.00028922438281389076,0.00024926168661722176,2.610043321990931e-05,20
36299862,0.0002880396786180267,0.0007146509221597181,0.04367737864859709,20
36533889,0.00028790454577640455,0.0006973140048390508,0.04023299271373254,20
71538137,0.00028790310148812113,0.0005809555864331664,0.019538961751455298,20
165593171,0.0002878870563351427,0.000496420610604924,0.008915245185967108,20
111247577,0.0002878171005457564,0.00030179577157228305,0.0002092314569481509,20
51758369,0.00028775278673564273,0.0009447247853589145,0.09453903392732249,20
83870522,0.00028771867098123516,0.0006478306795146898,0.03081527159002373,20
104439154,0.0002876868898475132,0.0004448262047505396,0.004667535631988815,20
84554053,0.0002875889132472914,0.0008988105373909371,0.0843461399990331,20
33473488,0.00028736085994280627,0.0006323863505511447,0.028178052384828827,20
53557414,0.00028718406068256044,0.0007230973838977832,0.04586326612971697,20
5814566,0.00028635815544952317,0.0004545115037107376,0.005496794690767298,20
60649224,0.00028621389435883884,0.00044572601046490094,0.004883530163541598,20
114149364,0.00028603432062152543,0.00032467179171148365,0.00043944021029768636,20
190424966,0.00028589491323880443,0.0003054784859621548,0.00025085615980382684,20
101946653,0.0002857836644117151,0.00037842621555308147,0.0015813011570550025,20
142645903,0.0002856330912725413,0.00033386330653867053,0.0005699175779898843,20
128346861,0.0002849237248062797,0.00043414968343736637,0.004249419503510912,20
49513767,0.00028473389278858006,0.00037883338980841176,0.0016395903497980644,20
39742505,0.00028472552966857245,0.0005570497453587904,0.016960563872808292,20
157899234,0.0002843636720956305,0.0010271659310948217,0.1153836291214447,20
26435052,0.0002842034401669441,0.0004753471115299517,0.007506144748037157,20
43797642,0.0002838970929666118,0.00040023483000977886,0.002508525440613587,20
23081138,0.000283880595744479,0.0003752527460210144,0.0015604199978025825,20
43845802,0.0002838746308257173,0.0011487527298120277,0.14144997795154987,20
77508587,0.00028359239775053167,0.00027822352832777305,0.00010737833091830873,20
97231778,0.0002835539341727311,0.00031278130657484156,0.0003384534174305456,20
68073008,0.0002833875981434114,0.00027936127072565164,0.0001128283554362121,20
94645791,0.000283226476734344,0.00037844032756665784,0.0016934779200324154,20
109452834,0.00028291053308504013,0.0003139364418813406,0.00035759201988602734,20
70098387,0.00028286466959974167,0.0003849230549199048,0.0019412496142083243,20
57200619,0.0002828108856420375,0.0005220993608619673,0.012789695378007275,20
85272044,0.00028259737379101034,0.0004126573227880535,0.00320332577217785,20
72691405,0.0002823404003815255,0.00040120847537193643,0.002653095382537346,20
239497790,0.0002822942395077466,0.0004563126177527422,0.006141518746628754,20
54053951,0.0002822082297283729,0.00045170609540133236,0.005786770557103613,20
100593271,0.000281926365680113,0.0003546827363110037,0.0010576091402897982,20
66864745,0.00028142467944287377,0.00040544342227872665,0.002920221464074107,20
56354823,0.0002813878007398102,0.00019716129062820076,2.011577541472957e-06,20
23126366,0.00028015316368444897,0.0008057486693745431,0.06823115676432827,20
75193956,0.00027987961001852134,0.0003113820963024054,0.00036624718599974804,20
197031664,0.00027908687019448375,0.0003097589565938136,0.00035828882626636393,20
44644709,0.00027892040885227066,0.00030338405043337364,0.00029695773265285194,20
17274422,0.000278827949497959,0.0005632096623977473,0.019627232358561255,20
12021001,0.0002782973879124795,0.0014865898162418729,0.20644167138593916,20
142483643,0.00027810980222149617,0.0004162008796904835,0.003777185056288899,20
210264335,0.0002777489812477968,0.00037574180754312907,0.001858190232926662,20
14071331,0.00027773982477833915,0.0005484082134752198,0.017701546224147564,20
24286912,0.00027750278592434676,0.0008261170035691162,0.07473607177193016,20
75888143,0.0002772138929455187,0.0003337124042091474,0.0007343429105937158,20
1410929,0.0002771128360989944,0.0005134151539979142,0.013022696160438697,20
5415344,0.00027694715634673237,0.0003716408750080356,0.0017491209475810202,20
122661610,0.00027604728547091505,0.0003085838379679157,0.00038257008982154754,20
12022067,0.00027592701116242735,0.0007659894305074897,0.06183760156875301,20
88911131,0.0002759209863311157,0.0004630629620933911,0.007653782359298109,20
200451440,0.0002759094955372771,0.00029038607689511105,0.00021690859211936407,20
34227663,0.0002757997319533967,0.00042566773066318936,0.00461363004753784,20
28694440,0.00027555011478105906,0.0005354995254320295,0.016435438234001933,20
137829853,0.00027550094125387283,0.0006761892394055841,0.042110807050224915,20
21622752,0.0002751600945968491,0.0005419244505356911,0.01749311892995743,20
82703335,0.0002749235134575451,0.0004461276814806127,0.0062861589450485264,20
123474531,0.00027416957328232905,0.0007918322104891579,0.06900327714588018,20
4814218,0.000273903748606924,0.00032396429310280347,0.0006315775165037869,20
177820169,0.00027322540483451784,0.0003892407318688762,0.002700723721156049,20
113262554,0.00027314550225761844,0.000279508117259684,0.00016460119974724818,20
82495011,0.0002731041984855104,0.0004050591483915647,0.003558497843820881,20
116145923,0.00027309005457283874,0.0004341786942589242,0.005553618079056419,20
8617183,0.00027295516305142487,0.0002738495666573522,0.00013500141805947982,20
30337208,0.00027289677151435545,0.00044876135379107683,0.006801283258957675,20
86713303,0.000272837481153676,0.0009397868055567092,0.10485417732592749,20
39241103,0.00027255519786871795,0.00027126610683124485,0.000124445614342583,20
228086973,0.00027224478844046774,0.0002803980507714276,0.0001755270780182293,20
39884507,0.00027207468582318153,0.000372394947257258,0.002026128430415016,20
96482880,0.00027183054458830016,0.00037439396083432946,0.002121036048785306,20
49269583,0.0002716066622316632,0.00036741437937268137,0.001857511008657488,20
1662112,0.00027152831343914,0.00034745799416986147,0.0012117677117692844,20
27089886,0.0002715150717756243,0.0003078959198832034,0.00043566262684590354,20
34627872,0.00027138076801572485,0.0002924746272588876,0.0002722363159172779,20
8219262,0.00027130488303387377,0.00036395520729043656,0.001745000004763937,20
4403875,0.00027061707507252395,0.001350425514937316,0.19068321864496363,20
156387831,0.00027041296258015766,0.00029000722420621257,0.00025986345814724317,20
44846794,0.0002701857219461451,0.0028416477920500368,0.33772900467301514,20
0,0.0002701616653250999,0.0005264963383935592,0.016652998684902737,20
76488207,0.000270015648351965,0.0006849694510485047,0.04699586731616247,20
16351029,0.00026974915740131665,0.0003202846978620444,0.0006529301594878136,20
169610232,0.00026958001101363706,0.0002780988017987536,0.00017832794740080054,20
47888261,0.00026933812865893305,0.0006265982552455821,0.03484525682112437,20
39641863,0.00026918344433981276,0.0007396729648781358,0.060049365728066496,20
104736394,0.0002688818684065036,0.00044068443527837427,0.006668741643987598,20
185217762,0.0002688328580429,0.0004421982885249024,0.006812121436928717,20
46478867,0.0002687204916264396,0.0005750313778705125,0.02515521439838743,20
68896940,0.00026846239758637205,0.00026674160570982114,0.00012231816043517502,20
21823058,0.000268270122640446,0.0003882680014900104,0.003014108312839424,20
178020447,0.00026814509102258965,0.00046991696402954073,0.009740174364719797,20
41497718,0.00026814368458186465,0.0005799236278828187,0.02627500510781518,20
121813304,0.00026784686845210404,0.0004199188619632024,0.0050924196166075185,20
32093215,0.00026697690113843263,0.0003836467670423717,0.002868933813047428,20
224905913,0.00026686317916365667,0.0005668076086212633,0.024386949413161187,20
29471323,0.0002668411131268894,0.0003937387219229654,0.0034378337219361536,20
115351219,0.00026612613604310164,0.00038348253047102067,0.00292441107149719,20
25047208,0.0002656086383117845,0.00045348963485984363,0.008436980794490108,20
75686942,0.0002651849811647872,0.0004064692070617204,0.004414441565121573,20
22916981,0.00026486564935656877,0.00042635211813916914,0.005988613147910689,20
101253557,0.00026472418402623266,0.0006327317612939233,0.038408996725236996,20
9017706,0.00026466702179316624,0.0003521462241657769,0.001639995109444016,20
79998981,0.0002645672375860081,0.0003094595147608877,0.0005734531792845137,20
4863965,0.00026433632679818964,0.0003771947974576862,0.002731910049677862,20
93844295,0.0002642566550535741,0.0004058380836748574,0.004470071004840076,20
48067227,0.0002641743248964712,0.0011362186232106218,0.1557456536547886,20
40648140,0.00026403550883893066,0.0002958820322055988,0.00039124229035195025,20
91256579,0.00026354719182930254,0.0007191512641927275,0.058843469867228854,20
153584266,0.00026352149419654747,0.0017922977510364854,0.259361157033138,20
76144948,0.0002634860890138091,0.00028653650948843337,0.00029637941324069,20
6866827,0.00026334986624906577,0.0003624174211398659,0.0021084310739484134,20
187431600,0.0002632234423997931,0.0006901847840810241,0.05218993727134916,20
41054780,0.0002628628550426948,0.0003743030356366716,0.0026918788724826525,20
103597321,0.00026256714944635493,0.00032473220024464687,0.0009200775692486282,20
71178842,0.0002624449088343972,0.00030864809847222854,0.0006012002962024385,20
112207185,0.00026228711427995767,0.00034218253196191057,0.0014101681117583205,20
65407609,0.0002616079760391882,0.0005043389869275694,0.015821388947558336,20
102352552,0.0002616047905511842,0.0002938441833681221,0.0003996586694565936,20
7816463,0.00026061058512639177,0.0003969238569960648,0.004237049164859596,20
157384457,0.00026047346598648545,0.0002797110377884049,0.0002630974086873771,20
29288585,0.0002598565839900979,0.00033367170631198054,0.0012453149598691186,20
62264760,0.00025937603022342935,0.0002557768854184189,0.00011321936001352152,20
15036327,0.0002591765211988617,0.0005499608581614361,0.024290761310341216,20
95308495,0.00025893483875189525,0.0005498133110189935,0.024358303909731774,20
8270510,0.0002589191092139037,0.0003613810387060711,0.0023352305180248767,20
170075400,0.0002583979090057392,0.00012100069602099777,5.493327705030582e-09,20
189034505,0.00025831968069731646,0.0007539357578401677,0.07096762949204331,20
6815583,0.00025820467569146746,0.0003335180648305831,0.0013047024592774683,20
9067655,0.0002581326928415728,0.0003317773260790509,0.001254815044445275,20
26489544,0.00025811375954412906,0.0003927826336413044,0.004213490491965176,20
85,0.0002577956107977897,0.0005844104308908569,0.03162688710586441,20
131786432,0.000257339573253737,0.0003395795963788005,0.001539841807553948,20
44142427,0.0002571327195807271,0.0006384411164899654,0.043785947365196094,20
76418554,0.00025701648067741887,0.00037332016228307105,0.003089451751701448,20
43325705,0.00025698322344354927,0.0007585393417133276,0.07310327674468421,20
16252197,0.00025692672721099594,0.0003511617336802283,0.0020050408798495765,20
78303151,0.0002566103368209699,0.0002823284015729619,0.0003304239800846104,20
30239698,0.0002565537113460553,0.0005735430688089864,0.029974923557546076,20
118869447,0.0002564366616646191,0.0004338280210381914,0.008011555134860172,20
89178867,0.00025636061285408407,0.0004338694688756575,0.008029378525717208,20
40743662,0.0002561026927654558,0.0006272480402427595,0.041807799358987124,20
89711694,0.00025596555965894384,0.0003985434659586498,0.0048776500161188735,20
117147006,0.0002558864717046999,0.00044257049379533273,0.009064614246353712,20
91934778,0.00025559976983270395,0.00036617348986165966,0.0028084147534035487,20
56612836,0.00025526912023653424,0.0004003953098693626,0.0051079500762492526,20
35643920,0.00025503425962931925,0.0005477644259221375,0.025541106687275803,20
15550435,0.00025487255150205004,0.0003847689381115444,0.004000302928243989,20
31696488,0.00025471099560105126,0.0004162099125694236,0.006551579068495382,20
126156777,0.0002545745134212185,0.00037843486674577176,0.0036128380401690818,20
600257,0.0002544110356908824,0.0004078129899624523,0.005838734498856012,20
26085823,0.0002543604860212517,0.002319590618819514,0.314732003713402,20
113744582,0.0002540037720678845,0.00036249056954416544,0.0027340112095255963,20
198647108,0.00025398476811991366,0.0004949514265238408,0.01664998592471801,20
19821185,0.00025364541809431984,0.0004069230604800893,0.005868194197085514,20
219073804,0.00025314387612306586,0.0004554297761471724,0.01120091158745476,20
125181149,0.0002529407036994141,0.0004061928584214741,0.005903377897613336,20
23625664,0.00025282643426355057,0.0003148608912824211,0.0009739007313498888,20
31935524,0.00025263938419704536,0.00046641811441043026,0.01279227285684181,20
82021546,0.0002526336646912292,0.0002111588415860968,1.8278734140392395e-05,20
72501283,0.00025257600453306995,0.0004857738165303157,0.015643268928291165,20
47116823,0.00025241152067564666,0.0002810770687034556,0.00036930824875825883,20
233291095,0.00025214800264201367,0.0003884394348899397,0.004559175357646204,20
50555544,0.0002518706512056379,0.00034774591800361236,0.002158871940794633,20
218699815,0.0002516718107607424,0.00021115404225067943,1.9111336177097096e-05,20
57761261,0.0002512079527411365,0.0003420419987015122,0.0019495599765072813,20
144572777,0.00025110377264338235,0.0003313832501745974,0.001540991493646131,20
52065895,0.0002510032534759066,0.0005368549915187515,0.02510425293081319,20
2417580,0.0002506638150538337,0.00030382000574785277,0.0007779344740917201,20
49489381,0.00025042929908102306,0.0005500472395424336,0.027962070963940416,20
43606073,0.0002503062545958945,0.0003135371731712969,0.001021042504604028,20
93698699,0.0002500664492451038,0.0004925158502193615,0.017495262368774085,20
179810201,0.00024999395614679065,0.0004170719496066074,0.007397394756441946,20
42450774,0.00024957290452300716,0.0005265224844660495,0.023707152688204586,20
111726462,0.0002494182964583147,0.0005330581982117944,0.025025159518500907,20
89292637,0.00024894906511926387,0.0005062783851237919,0.020229048641852588,20
21687331,0.00024893360067572976,0.000387381607956031,0.004860793818110642,20
70958084,0.0002489214866042172,0.0007473731884796831,0.07638458907337452,20
51445011,0.00024878800215850374,0.0005301269765113149,0.02471740711454286,20
195427028,0.00024873590964054614,0.0003643303299596665,0.0032709853846552488,20
11288806,0.0002485135382143261,0.0004419649861015722,0.010539374155953346,20
126955560,0.000247989664410439,0.00021270543235800136,2.4702751751494593e-05,20
60086206,0.00024797525642575866,0.00030656618811281686,0.0009171339956554896,20
68657171,0.00024793907314274167,0.00022533717420239788,4.746275812600094e-05,20
1411905,0.00024778037399028066,0.00034430335866764546,0.002261778834983845,20
67175150,0.000247693799796167,0.0005011895466988179,0.019779924744017713,20
193425683,0.00024727253313422404,0.0003340671882944435,0.0018398110887187648,20
92924687,0.00024697213073834325,0.0006792703675143311,0.06021083141351966,20
49035597,0.0002467821956453842,0.0002813965559055365,0.0004577890220253795,20
153342987,0.0002463640459990285,0.0003535837533289756,0.002844128066405071,20
166994085,0.0002463595429545551,0.0005186778671120183,0.023502765938930737,20
5815474,0.0002463580748934019,0.000499586716408833,0.01997519151063954,20
78286828,0.000246182377497986,0.0004222067403485062,0.008650464989375953,20
35170475,0.00024615272691633217,0.00038960640265809575,0.005402986356391877,20
7866171,0.00024591006894880143,0.000250024641806738,0.00015437147341942488,20
68752166,0.00024590626176925476,0.0005690800878841106,0.03417506690322149,20
63661019,0.0002455004072193734,0.00028069791816926924,0.00046907246556315266,20
47711490,0.00024508395101542624,0.00025065031962337203,0.00016367269207978596,20
38836785,0.00024482713504330177,0.0003475534806901349,0.0026344573958105508,20
22042643,0.0002446464006590432,0.0005775993463492115,0.03676177411068635,20
153980108,0.0002446281144329737,0.0005067743978750174,0.02193409624926298,20
139880223,0.0002446256179928968,0.00022886061928681237,6.506901882652401e-05,20
109741975,0.0002443672681330028,0.00047202355440208844,0.01596937495835312,20
112300774,0.00024413646421070356,0.0003167449264758109,0.0013506914668836838,20
62058728,0.00024379290090551786,0.0004537768528432104,0.013328357017813947,20
101036713,0.0002436539137849969,0.0003792420363384052,0.0048669749652426155,20
103955366,0.00024364381123981316,0.0002738703198621386,0.0004023295969833973,20
38882165,0.00024353979372072066,0.0002859658314787061,0.000593063889315495,20
33902593,0.00024353718869026819,0.00032149768175053603,0.001544671836037018,20
134561909,0.00024347250056191982,0.00044675353148311244,0.012401318165247872,20
127157763,0.00024339644285801266,0.0005878051532724742,0.03982905236417516,20
52195057,0.00024320063298895745,0.00044453484018001536,0.012159086061154751,20
58061127,0.00024303051245979368,0.0005396828507933787,0.029200960740669975,20
108521930,0.00024290339926693328,0.00038677955309180366,0.005606163062509336,20
64089732,0.0002427497788609484,0.0004898260473780362,0.019536229236623886,20
33272665,0.00024255630306501408,0.0006693810739230605,0.06079960971679413,20
62100799,0.00024253247812288658,0.0005176399147318623,0.024885090397811713,20
199247754,0.0002424134399598876,0.0008035627978204683,0.09657834815406117,20
200119,0.00024234780596217587,0.0004537712317730702,0.013727971226565749,20
118669178,0.00024219858292366114,0.00025261329483840825,0.00019865276229138212,20
24839712,0.00024216970539713833,0.00040837312770058905,0.007866177279691872,20
664931,0.00024204691360163455,0.00043586950397367873,0.011255367312569887,20
28244396,0.00024187110919088317,0.0002343862873315895,9.448117496766607e-05,20
111734779,0.00024140296186397347,0.00020392209844982085,2.069611175110698e-05,20
72780830,0.00024134524752226772,0.00048791948294840367,0.019703289237645968,20
86851897,0.0002412400788581903,0.0006835778781058442,0.06550600536640562,20
8599461,0.0002409861204053454,0.0012770927285372174,0.20461595416905176,20
132770487,0.0002409844901392566,0.00043617657456677635,0.011558433244092841,20
4395776,0.00024083291727252097,0.0002476072536420136,0.0001724832586014454,20
149453450,0.00024016483780040787,0.0004596087906180729,0.015273727454179735,20
3668644,0.00023988938940130988,0.0002677491098220787,0.00037718887750191345,20
37918385,0.0002396384458573292,0.0006647469828398419,0.06170424818934099,20
90781070,0.00023948661743941613,0.00020036835045365105,1.8492711074984774e-05,20
94498831,0.00023929105793376316,0.0002709163623102038,0.0004293665582684674,20
100853042,0.00023897650212728881,0.0004332252527655023,0.01165336472869325,20
110409248,0.00023864531324973293,0.0032748447202264252,0.37403302905565683,20
39881000,0.00023806580087591954,0.000535545435721272,0.030707802420393594,20
131586429,0.00023791949764739861,0.0004854669117978857,0.02053012542127283,20
46552248,0.00023765439222946937,0.00045060047085516974,0.0146015685826831,20
101722577,0.00023752695698507075,0.00035627626579880136,0.0038343012647758684,20
68,0.00023747260626650056,0.0003235262552900373,0.001957871275867971,20
53997302,0.0002372904710032292,0.0003610671353031102,0.004211388207837685,20
7205148,0.00023726237772792868,0.0004513777073786647,0.014843274584365225,20
5265914,0.0002370592792909909,0.0005943380156064551,0.04522126039700503,20
67072283,0.00023695586238929866,0.00034403456343947385,0.003080401564238751,20
63460918,0.00023694548586765672,0.00044392310930842503,0.013769003519574193,20
2812203,0.00023691257593807803,0.00034434437659350015,0.0031033433820214433,20
70679237,0.00023659039305990449,0.0007627364034086273,0.09072040150911868,20
168796876,0.00023646460778526946,0.00037398208519229525,0.00537718743651639,20
53338761,0.0002360868533854116,0.00020671926304588855,3.1285653117633824e-05,20
97523338,0.00023576760112054563,0.0003806826817052529,0.006100720140666567,20
133989150,0.00023570488236061837,0.0003363848508067905,0.0027345093085101814,20
21022038,0.00023551933785897483,0.0003515931310964868,0.003715905993713964,20
219901503,0.00023502801517853998,0.0002011220106385612,2.4051390726780423e-05,20
145135611,0.0002349722326792869,0.000791030238270777,0.09988637839764532,20
79198341,0.0002347243850000208,0.0015105346138757486,0.24775461632972856,20
1210789,0.00023460484332375742,0.0003595492004663185,0.004410698789279516,20
95721970,0.00023432751238046113,0.00039076783947446995,0.007379134556789146,20
153184042,0.00023428060676640162,0.00048669124869345573,0.02219901906043186,20
68057031,0.00023427553884725893,0.00031227900817871394,0.0016628513569203502,20
106532291,0.00023400067596168194,0.00036219391638394786,0.004698591392618197,20
139766698,0.00023373667941827269,0.00038302272460025117,0.006662532254131706,20
186219808,0.00023348511702324937,0.0006023631545170573,0.049605526131092405,20
79490504,0.0002334733689340257,0.0003952327056689286,0.008040669629680698,20
109915352,0.00023324509601190256,0.0004706216682098673,0.019531465620009774,20
113902157,0.00023229549548557383,0.00041282483058470947,0.010499118753579954,20
62867318,0.0002322327115489159,0.0003985861879506606,0.008687203066997292,20
91894452,0.0002319326355289697,0.00034861188742857824,0.0038873525964514444,20
78397846,0.0002318885708883972,0.0005502925079216814,0.0374435062489638,20
180613345,0.00023185561190623705,0.0006325579010158416,0.058812116815211736,20
91723213,0.00023167060837138987,0.0006364505386545188,0.060010292938988324,20
22423779,0.00023157686847684322,0.0005167120794311577,0.029751697177563066,20
14422868,0.0002313956305658671,0.00035874823247507114,0.004747559255125204,20
47531794,0.00023132429242763987,0.00035086098219265396,0.004124565036431442,20
120612285,0.00023030486424152619,0.00021771475388116627,7.27362497810125e-05,20
59659309,0.00022947651598028695,0.000410354753020353,0.010849936214159587,20
133223217,0.000229266312483023,0.00032832434215713174,0.002801051799585529,20
41887474,0.00022923609848047588,0.0006847672102561485,0.07539600012106364,20
21027741,0.0002289430254818786,0.0005933284825113302,0.050320880765965144,20
210293333,0.00022852248923126706,0.0005146646632675639,0.030843104752914418,20
20258638,0.00022849724563260841,0.0004519800460892405,0.017847299895085406,20
78489995,0.00022849570850278777,0.0010940876563663596,0.18101469069127696,20
91610136,0.00022841918869932477,0.00033784752208856005,0.003493175241545361,20
10680478,0.00022832818903299745,0.0011313453918204374,0.18902818167448981,20
80548976,0.00022809548941643277,0.00039122642945998206,0.008655267856829246,20
45807376,0.00022783503976134823,0.0005047595254240325,0.028934356560565973,20
85154685,0.0002278005215122114,0.00039641596692252784,0.009374543710705225,20
31644947,0.00022743641703100448,0.0002873072048318316,0.0010931783439562894,20
33097486,0.00022738003722384825,0.000464156205669975,0.020568161097043253,20
22063337,0.00022735417933391066,0.00041262675672562913,0.011722415794624413,20
72390640,0.0002273363981781462,0.00040245708136960084,0.010285587742887486,20
55011670,0.0002268737134143328,0.0006751457029679711,0.0746647618324549,20
97910820,0.0002266898311564125,0.0003938454310032479,0.00929194154109933,20
82168182,0.00022668364147338248,0.00039110768267713967,0.008943488899413318,20
59543909,0.00022624621880902585,0.0005995938792673042,0.053929543137994675,20
129591144,0.00022579959230918932,0.0005035274305132114,0.029684092777141426,20
61820294,0.0002257482064095706,0.00040363192326316666,0.010842032010159127,20
65548870,0.0002255671986438307,0.00030980044695055165,0.0020777778769032434,20
410389,0.0002254595810933957,0.000476396497854418,0.02386399585801137,20
55612481,0.00022497067650283363,0.00029178193800002836,0.001347185161262469,20
119950355,0.00022488465180583173,0.0003950122436299158,0.009862116687893578,20
42865468,0.000224681076304295,0.0003696250309317643,0.0068176693546368565,20
99040103,0.0002246646097702254,0.0004124602157805721,0.012434717662204654,20
27637235,0.0002246369667227438,0.0003774809979970591,0.007710321059358064,20
10072255,0.00022442177081316017,0.000435469811766089,0.016316966196627522,20
109098973,0.00022432674391050232,0.0005557976718125448,0.043473396793865235,20
44285658,0.0002240995207078933,0.0003188490977746687,0.0026766970849890926,20
98744169,0.00022328590778698533,0.00047662643266371314,0.02489909998253531,20
80114169,0.0002231949390738147,0.0004052424108570051,0.011747011113374511,20
133659764,0.0002228524296483486,0.00041867371495913665,0.013958325063547652,20
216070428,0.00022278637912177547,0.00027429769144095826,0.000886594832519453,20
10222895,0.0002227590622385839,0.0005119745256054413,0.033310927574184135,20
132193488,0.00022271512663506743,0.0004594015218586679,0.021529499299146885,20
127989751,0.00022264529552686317,0.0005368556780513157,0.03961372230082763,20
56068714,0.00022256071345276573,0.00042501672890556954,0.015118243034155411,20
115921128,0.0002224556114520132,0.000343675250522292,0.004642646917431031,20
72559339,0.00022202934182283252,0.0005502023522534604,0.043499084634129256,20
13270827,0.0002220078178838486,0.000408290366079147,0.012544923936058728,20
20885899,0.00022177461394803645,0.0002853457717363695,0.001265247065640947,20
131873335,0.0002215606456738406,0.0003887513219330631,0.00980444898039977,20
126181973,0.00022149552980937627,0.003047693476846961,0.3743591645556591,20
69480593,0.0002213215198710289,0.0004419837886416779,0.01864368396547899,20
119723015,0.00022126277102452185,0.0005370924665061519,0.04054247034315649,20
87805950,0.00022091323371865867,0.0003627823033110549,0.006746891510395735,20
1613232,0.0002206897319093959,0.0005366879886467302,0.040800891539826564,20
59059069,0.0002204850205339698,0.0010804300127075955,0.18643482040581721,20
1813940,0.00022033458464068011,0.0003722578048997437,0.007951463609524572,20
102507706,0.00022031036887872057,0.0002963438073034966,0.0017806786634790846,20
68096489,0.00022025681774016925,0.00044185412608111656,0.01903019371071365,20
11488872,0.00022019750040906672,0.00036955156390022044,0.007654524060967469,20
30433267,0.00022006192655714963,0.0002507186247337872,0.00045437001878340284,20
26668246,0.0002196990915489222,0.00019861519268910084,4.4761924230161533e-05,20
22628385,0.00021933839328310556,0.0008110970892078604,0.12067855733156069,20
28068952,0.00021898173302455082,0.00036277152018302373,0.007101690975075823,20
16073506,0.0002188376489141275,0.00036634244338870316,0.007544364410201622,20
75744635,0.00021870171002292827,0.0003867887948623626,0.01023142368609832,20
128783888,0.00021865206734284493,0.00040463208057717095,0.012946640490277567,20
21222552,0.00021854458476614213,0.0007658951812433244,0.1086493402252778,20
75143330,0.00021804207641622496,0.000299780676396892,0.002093843093368275,20
24045820,0.00021799323689212225,0.00047167162748991534,0.026322686425575743,20
175207819,0.00021776285291677245,0.00025853037977465246,0.0006523062977705906,20
80300553,0.00021774162247132912,0.0003362583636833787,0.004630883508288126,20
167799660,0.0002176889093684242,0.0004069427737988846,0.013618421449014942,20
50155353,0.00021666193786498144,0.0003843632887807949,0.010401056938362569,20
157784255,0.0002165374235094608,0.0003167627251621303,0.0032426870985903687,20
61880512,0.0002164468573902789,0.00031289030056486756,0.002989424827111478,20
65729747,0.00021549504960562403,0.0006219262200878688,0.06886973928843962,20
249058569,0.00021536705960801262,0.0003815074606906501,0.010320196883331158,20
76088695,0.00021534409400930654,0.0015713366157537473,0.27360966655287566,20
183815439,0.00021525675483992368,0.0005860864369902335,0.05846511472331115,20
117818856,0.00021521216030757074,0.0003351295892818593,0.0048813150287760525,20
71413483,0.0002150148149645814,0.0004928390518911617,0.03297483379420676,20
9411410,0.00021479716034392693,0.0003283221319214156,0.004336233803415313,20
13671183,0.0002147162503429223,0.00036223714922116576,0.00788585998819471,20
82151758,0.00021457709966489767,0.0003993911161538999,0.013327397521874701,20
19478604,0.00021447878915478448,0.00042766892498310376,0.018515351041810076,20
44350096,0.00021436319893932687,0.00034326364187668127,0.005802292658376018,20
116253765,0.00021417751560957876,0.0004387365568341712,0.020886917071830043,20
153295317,0.00021406263485232723,0.0003837602324642458,0.010995278597467429,20
153495323,0.0002135831246122627,0.0006907853393337672,0.09139170436511673,20
38679781,0.00021357788638619868,0.00038888679383194865,0.011920767710079707,20
48130975,0.00021356384202453338,0.00046499446323349446,0.02699977620480519,20
48642428,0.00021348332626968392,0.000210065232338085,0.00011072186901500854,20
14026357,0.00021345682734133785,0.0004916398839734909,0.033576459427782944,20
42110038,0.0002133790108645478,0.0012457205978836316,0.22653529247302573,20
101089592,0.0002132222644425724,0.00037694464912034535,0.010209174550557193,20
41259148,0.00021314848924655904,0.0003264355869986683,0.004390772352923844,20
75994808,0.00021314139864970493,0.0005015338677145247,0.03632021003643008,20
119211479,0.00021309148005749234,0.0004454798332017981,0.022808557071086043,20
79713751,0.0002127308797894023,0.0004578546973999077,0.025759706785177198,20
36496724,0.00021262769737966647,0.00044186539029975036,0.02223269188497822,20
80706259,0.0002125085741642607,0.0003406700748175437,0.005841381380622549,20
73638788,0.00021211048662995446,0.00029495260907425427,0.0022736803423555035,20
4266030,0.00021165872576794643,0.00037317183897307964,0.010062461049313595,20
57295864,0.00021143401984209388,0.0005052108633624254,0.038368927889100624,20
85872952,0.00021139448913879422,0.0003922431522561688,0.013120959977366108,20
138566818,0.00021132654702520347,0.0003912173131491094,0.012970278553971579,20
14878442,0.00021088919853668454,0.0002956073583095273,0.002408002138652869,20
76018396,0.0002107763592212347,0.00045841572180734436,0.02687900504555346,20
222704066,0.00021069100761194614,0.0001672150054505103,9.825378903402689e-06,20
58848313,0.00021055423347621783,0.0004499454548794127,0.02501313618842812,20
132273991,0.00021015768829671654,0.0003204672687423058,0.00427018523685659,20
125755096,0.0002101539561360083,0.0004405419017748117,0.023075780857938984,20
25,0.00021008625718551278,0.0005729003908299299,0.05873248877568783,20
25667412,0.00020959623814524874,0.0003065035620992759,0.0032351310856370565,20
108204013,0.0002095208866949777,0.00046286352126868527,0.028610829115519536,20
31822999,0.00020933916415039888,0.00047156728650370075,0.030869817085944783,20
29735902,0.00020926029463365635,0.00037688098856148843,0.01126355567550469,20
83722598,0.00020888126118391305,0.000433433580134,0.022090473857367433,20
11421715,0.0002086122828012238,0.00043088367952163564,0.021654185982658843,20
171677768,0.0002083796178689562,0.0005215463640876395,0.04496763726676172,20
45552788,0.00020822843772694554,0.0002532233735016274,0.0007998766945923287,20
49268230,0.0002081895079067364,0.0011916387866950247,0.22212064934573322,20
193625751,0.00020795891457952854,0.00037432668789372285,0.011230518439218856,20
36700944,0.00020795688018838965,0.0006256685681035296,0.07678598886583106,20
112537243,0.0002076822456080235,0.0003490542257215622,0.007718410835228509,20
129784942,0.00020765913340345388,0.00040672643533553086,0.017049035007444296,20
149374381,0.00020764154001027546,0.00041984558066330803,0.019716661348628536,20
190021957,0.00020759117036722174,0.00048108516224170344,0.03435278771066197,20
55353984,0.000207581611433591,0.0004071896455062998,0.017169608239903284,20
127357644,0.00020678496320697404,0.00031864999001710877,0.004567699880706196,20
30534004,0.00020668166335232607,0.000618707384117966,0.07580742107338699,20
208086100,0.0002066213534488659,0.0003132725246152196,0.004114277403159588,20
166607746,0.00020649446742886657,0.0004721606948865615,0.032675098315769625,20
41059147,0.000206419980360692,0.0007439648193492746,0.11488489638232291,20
65076333,0.00020639995974264523,0.00036725689614511856,0.010568085203346437,20
171198083,0.00020635923595012373,0.00034028896681383646,0.006913103241768011,20
89255199,0.0002056266293844672,0.00036256517725273226,0.010066699355361915,20
68286443,0.00020552358352013135,0.0005463194271415422,0.054426342634113015,20
69176879,0.00020544773130800608,0.0007315998715257979,0.1121948249411202,20
15078859,0.00020537647922133084,0.0006039032346733352,0.0723775285393953,20
67064654,0.0002049080247536056,0.0007115654080435748,0.10663482651015371,20
117904649,0.00020477557736024997,0.00030358036206513256,0.003547856779584971,20
62691829,0.0002046297638618355,0.0004116800857740234,0.01927701700773329,20
27,0.00020452171151844888,0.00017013123297689555,1.727873109869769e-05,20
7471472,0.00020428439307920433,0.00033185040680172687,0.006326054404024916,20
56459228,0.00020424748980349405,0.0005654538647296522,0.0613562270913861,20
110540454,0.00020418949418277987,0.0006556730075760876,0.08989578973135007,20
150180430,0.0002038827266455795,0.0004867837504457433,0.03826210666066337,20
46507949,0.0002038563894081663,0.00041246839930464575,0.01977575420999708,20
62020357,0.0002037367407274615,0.00028098814889824814,0.0021420789308194124,20
51865608,0.00020340374543860175,0.00026300712148856085,0.0013154274027240018,20
59498158,0.00020333663084642073,0.0002595233518095802,0.0011870658579517259,20
68866942,0.00020300276089073587,0.000392387632663291,0.016020623612157132,20
57095574,0.00020296301810888984,0.000604530100691595,0.07483664962127005,20
95922114,0.00020288013703496365,0.00045475637627043317,0.030284781456245365,20
74493432,0.00020284886667520653,0.0005372392348903547,0.05382332273825128,20
16224134,0.00020264673534359234,0.00027344940894065444,0.0018234212649879064,20
46892808,0.00020253522732788243,0.00029891044591799946,0.003442368460760341,20
123014509,0.00020246841145909745,0.00028140707030930445,0.0022656695758167178,20
93336933,0.0002019841346065393,0.0006668569850373384,0.09572333867422914,20
67827456,0.00020154570907943424,0.00036929245881141547,0.012311176933788286,20
50850633,0.00020146635357424781,0.0005099246621237284,0.04665269968904639,20
116131208,0.00020132891183569367,0.00034627439925023057,0.008789533983421057,20
91441673,0.0002010225388145742,0.000669327657349468,0.0975259850691443,20
64222962,0.0002010188197005186,0.0003108809301526306,0.0046734822093746796,20
67951150,0.00020060600521965287,0.0003858143155211769,0.01564195854813779,20
89558578,0.00020044443043269188,0.0005174457517386253,0.049703902766639996,20
64823406,0.00020037483374119592,0.0004259673560275309,0.02447757158580616,20
37642802,0.00020027418871549908,0.00036225270706476164,0.011518905915590688,20
71030136,0.0002002383677083358,0.0002745041154278718,0.0020497620045891664,20
80599204,0.00020019583138131125,0.00025785867101705336,0.0012760121462092146,20
87089247,0.00019967483116012374,0.00021157505609026403,0.00023152133752563995,20
49733746,0.00019962303813399752,0.00034508336995059554,0.009039145936155171,20
139393909,0.0001995803671724028,0.0004292256542167713,0.02567974781304721,20
81067449,0.00019942386637291642,0.00025445618685965304,0.0011843528699613793,20
117656555,0.000199400901584737,0.0003574589839809761,0.010992617570715329,20
1016948,0.00019918333992449412,0.0003011919795724013,0.004043476608419003,20
23285068,0.00019895848622289712,0.0002859352221397357,0.002871105064133652,20
84,0.00019893251146821113,0.00027731842948779014,0.002314896542616576,20
55646000,0.00019884476042750788,0.0003135657248022462,0.005280766440599656,20
175004606,0.00019863205529210005,0.0003515479440104554,0.010270996373655814,20
121612891,0.00019852300625725628,0.00042043911685593133,0.024094013386249148,20
45507101,0.00019849019932977052,0.0002740033488239053,0.0021564254924801934,20
89006917,0.00019819916610714917,0.00042282493862784453,0.024837822377912887,20
43747390,0.00019816442557616109,0.0005978198795695273,0.07731316516885418,20
98639674,0.00019779226555362295,0.0006792402999821614,0.10419518103156301,20
35443662,0.00019742830344197937,0.0003473940701586365,0.009955890641335858,20
113207613,0.0001973481516695047,0.0006970567869238072,0.11038460442768969,20
8399282,0.00019730999375904834,0.0004473121687674034,0.03163221225964626,20
41682303,0.00019729530349927305,0.00029110772849711753,0.0034368545569635513,20
136629298,0.00019727402818719154,0.00044817432940843946,0.031886896915936144,20
21880708,0.0001972636245390763,0.0003102828469758946,0.005198112898106337,20
20822001,0.0001971288207926525,0.00028818006697358523,0.0032281372364976278,20
25285220,0.00019702653674546488,0.0004437562209569053,0.030849749064918625,20
85372505,0.00019690153604332293,0.00027970171090576143,0.002646610661250921,20
105356528,0.00019680030037864116,0.00034241155698161907,0.009365845633242574,20
104090499,0.00019648558855664967,0.0003467935920417086,0.010120796309919999,20
133371042,0.00019633554453440393,0.0004965633450015394,0.046538097173627425,20
23005786,0.0001963270802058742,0.0003051423618080783,0.004823308482321238,20
132857710,0.0001962466449853567,0.0003309345280179985,0.007866434806018955,20
71,0.0001960211384763433,0.0003337911084845437,0.008312193649646653,20
27468857,0.00019598505228902996,0.00041132933886443027,0.023192778972933117,20
177610104,0.0001959179769394942,0.0006519508753871691,0.0974014286038115,20
9473971,0.00019585886691191878,0.00043943306721780926,0.03039565773866207,20
152656825,0.00019582805168199825,0.0002250182883104392,0.0004902892582292547,20
54118205,0.0001958170876511317,0.0004558968757311984,0.03494103088924369,20
98123581,0.0001957561875852637,0.000631479105718066,0.09084797540967868,20
101642896,0.00019570650232882402,0.000245918787218962,0.0010474621204433565,20
189821951,0.00019560477455722868,0.0003584288430132979,0.012315029242384931,20
75365693,0.00019547089732529498,0.0006293465345364912,0.09044754793661536,20
116454588,0.0001950675933951068,0.00030085517069091533,0.004593073028495251,20
222904298,0.0001947486735434656,0.0003840860904435011,0.01760545847272882,20
157298783,0.00019473579687412368,0.0004095740101688097,0.02340189621170237,20
8474125,0.00019463627744081559,0.00047744807769556694,0.04203071294717204,20
113743556,0.00019457425645948989,0.0002048577716675242,0.00021767392992952497,20
105735006,0.00019443162800928394,0.0003253507917434014,0.007526390584628344,20
2,0.00019440739297277022,0.0005179333561797278,0.054798330363856625,20
150580964,0.00019439740216949385,0.00025888369788458384,0.0016512373798180527,20
9069336,0.0001943451377775407,0.0004612778140829646,0.03746648962648113,20
18889702,0.0001943098173425001,0.00023713150762966721,0.0008238090586091569,20
64275001,0.00019414273514609115,0.0003575664894508225,0.012638331665899283,20
94944307,0.00019411194793362286,0.0003319818717473875,0.00851746681094799,20
29645245,0.00019397883413830309,0.0002760220397764281,0.002678652347595838,20
82094438,0.00019387565468981238,0.0005415685951662379,0.06293907412788563,20
153779708,0.00019381231846569147,0.0009395781814776574,0.18391894306442108,20
57696694,0.00019368878143826985,0.00024910933828636384,0.0012612553902715028,20
51251485,0.0001931667916227564,0.00041080702441806253,0.024518070391780014,20
93505359,0.0001931641668724504,0.0012317933074284565,0.24580849784383008,20
52719088,0.00019311182040335773,0.0005891507573859992,0.0795183007218714,20
109159811,0.00019306191467570178,0.00046593975258827616,0.03973774805492959,20
60072017,0.0001929861535021532,0.0005182695194867164,0.0561307945378385,20
29694832,0.00019250427777099677,0.00028768152716258585,0.0037419525387969404,20
188423070,0.00019222864079852797,0.0012383578561824128,0.24797787858277487,20
63882535,0.00019213242205314284,0.00034719413003875336,0.011461853848727393,20
18,0.00019207710324887773,0.00030069556900268993,0.005046657563928324,20
98129191,0.00019196162843068131,0.0006957373987776196,0.11614087320738499,20
42442710,0.00019186051479669897,0.0004606517717997246,0.039025041594643727,20
31841056,0.0001912915418456812,0.0006816112843669359,0.11233268044501672,20
95306804,0.00019111939158452662,0.00037818132068867055,0.017877030443716885,20
4664349,0.0001909866755616274,0.0005050226678880292,0.053563716618710025,20
32308134,0.00019084087986000198,0.00032406678080234983,0.00818293798759263,20
89911721,0.00019048892097220938,0.00041936613124216217,0.028221572453499474,20
78711426,0.00019033807786599522,0.00038879777303872523,0.020628009263033827,20
108334471,0.0001901168226366018,0.0011905575176139461,0.2419102908231509,20
24359385,0.00018996153694660067,0.0004491489626861657,0.036956012715353606,20
89875810,0.00018969469950662067,0.0003462589591985852,0.01207394830659258,20
29051886,0.00018955660447869948,0.001929003287491534,0.3326423281054771,20
9219662,0.0001894724730246128,0.00040230757218349565,0.024355334209092864,20
25628115,0.00018941588852808554,0.0010545940111834986,0.21588480772209717,20
28044395,0.0001886850537129725,0.0003541648246982448,0.013896475061960765,20
167594951,0.00018861192110503354,0.00043592473797641877,0.03401180914555605,20
165992730,0.00018856349717387977,0.0002193639067506153,0.0005468132834526975,20
103117135,0.0001885563676833235,0.0003784348780330853,0.019069885096537387,20
25521414,0.0001884653162014138,0.00019862398283545417,0.00021978579129407487,20
28230642,0.00018843854104960976,0.0010789128576477298,0.2221881998794027,20
41441789,0.0001883188172602357,0.0006255026448325989,0.09700606867232202,20
115168579,0.0001878971873594981,0.0007923776707909379,0.15111052882360868,20
37880945,0.00018767385600104713,0.0004876550828872858,0.05073812607671778,20
79666284,0.00018735119143752365,0.00022063161304874767,0.0006082755610881358,20
92335639,0.0001872633912756244,0.00029057261799556613,0.0047730234725073895,20
82351846,0.000187241579693459,0.0004444520913283394,0.037476892288036856,20
10888409,0.00018706088603038517,0.0001596292401681748,2.328816028216936e-05,20
76463334,0.00018632873159354357,0.00033311151841145946,0.010835269742917548,20
193825943,0.00018620963314389393,0.00020864476487711137,0.0003908244097853555,20
168272870,0.0001860618013831916,0.00021590887942627172,0.0005348374329581232,20
49489469,0.00018580142308423088,0.0002482067170334058,0.0016905616883353552,20
63346320,0.00018567380876704788,0.0006284905435141559,0.10106366991777177,20
69989135,0.00018563215093421736,0.0005158756955742327,0.06202581834875642,20
66308065,0.00018549876529891374,0.0003134601115852955,0.00795979623912039,20
59744004,0.00018540909699305274,0.0011239198443408766,0.23483959031842788,20
142781170,0.00018501908838081392,0.0005775168681592114,0.08409088446932864,20
11820402,0.0001849123765458538,0.0004112428076925624,0.029373916625787113,20
96545397,0.00018470287325813295,0.000187947059293596,0.00015563982020165874,20
16036722,0.0001843227403740627,0.0003385135986666404,0.012456571473969476,20
1217170,0.00018375206998593464,0.0009959660950253702,0.2097790759830211,20
28830997,0.00018366977169890497,0.00029437976320433837,0.005834258937748296,20
50655182,0.0001829603849223843,0.0003606065878720924,0.017553509180888983,20
70177955,0.00018289345659938116,0.0003832231585693148,0.023031520475135337,20
86493701,0.00018256174511732947,0.0004677785303852104,0.048537328887758475,20
108644208,0.00018253532263333704,0.00039458179918704637,0.026222560297468406,20
72380743,0.00018246425574286462,0.0003240805684783163,0.010467049101017624,20
134424750,0.0001820379913679032,0.000273904475005912,0.003914314278506513,20
150991740,0.00018195568872660662,0.000500341735774375,0.060173329066669105,20
31254019,0.00018192879807548968,0.0005751087779748263,0.0866672090889513,20
11682040,0.0001819261509740322,0.0007261368523321741,0.1382431679759157,20
11081405,0.00018191975436787077,0.0004356952336728023,0.0386837437124093,20
44950222,0.000181771338298492,0.00041001810328496695,0.031029787044532728,20
20040619,0.00018159098029031927,0.0004835836050429576,0.05472818153380943,20
59263700,0.00018155736301874448,0.00035874993017005985,0.017760343685558566,20
145649671,0.00018145866328730665,0.0004941305333821891,0.05848844541529421,20
25089024,0.00018135287631794174,0.00036842150393564366,0.02013455779178049,20
125663579,0.0001811497536069795,0.0007752894682810232,0.15458318595017645,20
66685639,0.00018093225121275093,0.0003661845473382001,0.019799684014457176,20
68066102,0.00018085222376007238,0.00047805296492725195,0.05350502351003769,20
9879584,0.0001806503319029623,0.00200063135511568,0.34542736654662887,20
154777157,0.00018026391723940106,0.000387284443150906,0.02557156193887409,20
36239095,0.00018012808003166347,0.00027552649286273804,0.004356231514598571,20
10419433,0.00017998250555027463,0.0004326743221476491,0.039196863298018934,20
172002431,0.00017984320963010947,0.0003174793891399856,0.010130941847495172,20
104910959,0.00017976866295478787,0.00034305865423694585,0.01506734001663981,20
72490377,0.00017975932848280363,0.0002853663651047999,0.00550271254868581,20
55339971,0.00017965308204757335,0.0004247661993200207,0.03695312665770874,20
9007493,0.00017957030040808842,0.0004582291077280201,0.047902148320347164,20
131656626,0.00017947485928896946,0.0005997536214946465,0.09830137486415019,20
39261398,0.00017937783553245988,0.0003370395490873889,0.013966858347161921,20
116947196,0.00017935837853207958,0.00027432341910365823,0.004353602658296373,20
22605557,0.00017924310258566055,0.0005459988804473835,0.07921434785165221,20
38902912,0.00017921848390103356,0.0005833152886409067,0.09271395946810271,20
32098753,0.00017915872040917823,0.0005192138480035105,0.06964384494447909,20
166398831,0.0001790018512754038,0.0005579320719193642,0.08380038209908085,20
121087682,0.0001789991299881777,0.00031206546819695667,0.009469075077133649,20
32094593,0.00017897624375061983,0.0003617037814627831,0.01967253779747518,20
166269399,0.0001788279141181043,0.00047907332067798357,0.0557207123081635,20
51851725,0.0001788202275644496,0.0003175038619503117,0.010448748722701004,20
140168741,0.00017879755871526016,0.00044676898346618127,0.04472254749239874,20
84887564,0.0001786520402080022,0.0004475588490000992,0.04510638018857993,20
66071190,0.0001784398344002708,0.00041825544545075763,0.03581373184136911,20
82302551,0.00017816661727359517,0.000515590131799974,0.06937344519186997,20
9887653,0.00017801691591617374,0.00038699775724985053,0.026831432491287853,20
120724030,0.00017787177884674986,0.0006537967517348361,0.11931067590830635,20
64022656,0.00017787112037503938,0.0015596655996320203,0.3079548544835189,20
133027267,0.00017771882202193833,0.0004958266388864826,0.06272070063850466,20
88674491,0.00017754392752495629,0.0003415034534268677,0.0156514142582209,20
130791733,0.00017752002927911293,0.0004862407725051719,0.05949559628735799,20
39901468,0.00017734446505192624,0.0006474814566797718,0.11778881308182795,20
43705601,0.0001773163155474239,0.00027577285019177454,0.004843000958834603,20
142535439,0.00017728433900119356,0.0009851442730211522,0.21544692201606325,20
43905870,0.0001769817657075734,0.000354106532123477,0.01880468413022519,20
233715170,0.0001769726910630931,0.00028364018674296017,0.005833544512729989,20
40943918,0.00017685451216812865,0.0004575546208556483,0.05005096536312846,20
64453699,0.00017670400972454037,0.0002660183746130065,0.003927837634571203,20
87005732,0.00017666754537941088,0.000516652080723518,0.07134264872923472,20
145970207,0.00017657546553689064,0.0006563203618378024,0.12184312770064135,20
34728322,0.00017657170654694632,0.00037425685333572316,0.0241769734862943,20
25490089,0.00017622288765836158,0.000522980347707812,0.07413811632407362,20
9826757,0.00017574250351491406,0.00042820745118099757,0.04107283974372531,20
180811478,0.00017567148852214441,0.0003247793002386946,0.012883724949345374,20
25407974,0.00017546053299453412,0.00023884640238430938,0.0019460182100371449,20
43852075,0.0001754395451473212,0.0004672982325844658,0.05476227515516025,20
78244157,0.0001747572074091319,0.000691595841384402,0.13625986009185295,20
21827992,0.00017469642877805392,0.0005077446792410909,0.07018304243182569,20
68628693,0.00017404980094233303,0.000319916698880849,0.012510110448728849,20
73680124,0.00017395271812244706,0.0006452698284157984,0.1213851315287657,20
4616238,0.00017382059760966405,0.0005516716166010537,0.08748412251298406,20
228287067,0.00017371085161074496,0.0002567964240713991,0.0034809958648419725,20
26065643,0.00017354099160098724,0.00032893198420545284,0.014578337998925299,20
70536179,0.0001735342719910632,0.0002566475506509985,0.0034912184456753915,20
36972392,0.00017347729653599818,0.0003571128444193141,0.021340453173282623,20
127789664,0.00017343760234051208,0.00023119892896985105,0.001663626275523532,20
176082625,0.00017328132958409904,0.000805931908225572,0.17417893767557047,20
71212979,0.00017317364992506802,0.0003512283561777185,0.01998822902779787,20
80019842,0.00017315070567726354,0.0005548173913932023,0.0894528735563224,20
28727376,0.00017309338385116947,0.0002727670087068149,0.0052579666326927335,20
58538300,0.00017295781629767803,0.00034791498510245117,0.019265413751951666,20
103535281,0.0001728579424393778,0.0003418441847871951,0.017828491382411438,20
10020370,0.00017275827785524778,0.0005186769351880179,0.07637695531793187,20
88298669,0.00017268802738460708,0.0006213342464575742,0.11450438524459847,20
54921080,0.00017240530955772438,0.0002670632427683508,0.004721932353896823,20
34056713,0.00017199943791931793,0.00046598435073436664,0.05761545089813161,20
73483057,0.0001717504814658849,0.00036222858752964215,0.02367617648882482,20
104154456,0.0001715839748030412,0.0007024684783773301,0.14416689514714115,20
8268997,0.0001715130610686899,0.000454524793383401,0.05392368251859095,20
41261072,0.00017151057207868414,0.00028746530553008966,0.0075973435134260225,20
76296932,0.0001714331809152425,0.0008175489453760147,0.18006576508230054,20
65,0.00017142353062170047,0.0004113382664191019,0.03894351696401478,20
123274409,0.00017117443665437825,0.00035761659374619706,0.02274514683069742,20
50690050,0.00017114603133432105,0.0014514939570749769,0.30204064020095056,20
14271676,0.00017108168767461518,0.0004915892409681622,0.06805883148920966,20
194826729,0.0001709900192300856,0.0003978602262015995,0.0348654258881611,20
43542037,0.00017080043247162113,0.0005559227170623605,0.092716323971664,20
46287772,0.00017035422722848635,0.0003605714221958204,0.024035028324273164,20
66284399,0.00017032995536269414,0.00032565252746115874,0.015203472520064184,20
91694384,0.00017029482074861768,0.00033957662468368696,0.018517875632610554,20
32246466,0.00017020616162528036,0.00019761239799337657,0.0005372876131705164,20
60166295,0.00017013136776383443,0.0007591650158814766,0.16441556144573694,20
38519583,0.00016977811891351612,0.0003262886133038323,0.015587888919985964,20
19678889,0.00016966209104317674,0.0005207229709764621,0.08070741576208293,20
74639392,0.0001694087649758147,0.0002984894651156207,0.010027712637426394,20
32493682,0.0001693839152671489,0.00030070612534781983,0.010440778495454424,20
1865468,0.00016938050480309885,0.0003259102889871823,0.015676486481284512,20
98511485,0.00016937996565709323,0.0004046857365159663,0.03835582016487687,20
66694847,0.00016875033251127493,0.0005142616125472859,0.07930079317002225,20
5804545,0.00016837017147134647,0.00027959716506386457,0.0072014862210341484,20
125817619,0.0001682996253734359,0.000410265136308067,0.041139245763404844,20
14435366,0.00016823856555207294,0.000375956350068813,0.029927779716872112,20
10474497,0.0001681561443622942,0.0004458695827691299,0.054012577129517375,20
11669548,0.0001681148116786907,0.0001718945888902358,0.00016330872207104234,20
125584342,0.0001680643081759664,0.0003294910281879575,0.01712550561472388,20
151454874,0.00016796807982540906,0.00039685638653821345,0.03685891420979236,20
99926425,0.00016777441519648107,0.0003851097698609091,0.033152317843354706,20
47730015,0.00016739965611149986,0.0005178218895295078,0.08227248995997413,20
50606563,0.000167279307504134,0.0005543890108587961,0.09653389372876106,20
22831714,0.00016727017760427288,0.00036702519944748727,0.027850013241472085,20
40238188,0.0001671698009325373,0.0001930084577486124,0.0005115139425428697,20
6466081,0.00016710049315069307,0.0002751767762608993,0.0068582696637944345,20
140160073,0.00016709217094589557,0.0005218067677269608,0.08418657625966755,20
88639672,0.0001667996742568345,0.0004546922267571195,0.0586695434424444,20
86526466,0.00016651272946611174,0.0004099838338022133,0.04256574845809611,20
13070453,0.00016647393474754357,0.00042437207320829355,0.04774335795269406,20
105199555,0.00016642767487583254,0.0003380308180461216,0.02011608710366522,20
68896644,0.00016634690957916808,0.0005679012484199611,0.1029141707366484,20
73083529,0.0001660718755866264,0.00020660188070116377,0.0009655412805845827,20
18680129,0.00016581224898836456,0.00044975306210183155,0.057816702887574206,20
206059608,0.0001657098083456099,0.0005874870623309262,0.11121011444257815,20
174007048,0.0001655307800640077,0.00041098947967480894,0.04378204477716044,20
41539558,0.0001652665911273027,0.0006068199475097811,0.11907063094279681,20
182214915,0.00016511597582959947,0.0002054770750366497,0.0009680185201393996,20
97547130,0.00016506123589250798,0.0002631370281096985,0.005646346410311517,20
35254301,0.00016485781924953924,0.0009721357680979844,0.22875866828260122,20
7467907,0.00016481766495762552,0.00038399924089848583,0.03503279508442139,20
138062876,0.00016469346102459815,0.00016950878442283893,0.00017433391835228632,20
50638660,0.00016464070631648232,0.00028672763275579895,0.009414228681317404,20
91,0.00016451356736271462,0.0006305691262831636,0.12887033593183275,20
20479899,0.00016450382510390104,0.0005690948717785657,0.10580294652781312,20
91516316,0.0001645004884027218,0.00030180967188535307,0.012393736887718422,20
95939767,0.00016444747636190638,0.0002601346675723996,0.00538379431067499,20
12239399,0.00016407410930529553,0.0003176799821970794,0.016150071142642598,20
30493665,0.00016405629765441353,0.00053363099546773,0.09258240194388678,20
38644879,0.0001638371248475684,0.0002996834460202254,0.01220350233197179,20
460878,0.00016380538524471134,0.00033028466337396586,0.019471239657330858,20
167194227,0.00016370900070453165,0.0010160671266545116,0.2399787080833674,20
20229242,0.00016365072940910386,0.0007715566352017757,0.17737700950270407,20
31072993,0.00016360169691937432,0.0003582425459231121,0.027623456306822537,20
158785947,0.00016355612327806633,0.0015463133158796992,0.32079201888965847,20
26700033,0.0001631208963962766,0.00026610177215503146,0.006486878722467853,20
183413886,0.00016301138626986512,0.00024139420540617137,0.0035213554683166015,20
131456378,0.00016300603189558228,0.00026832243988225273,0.0068415388562093424,20
30295538,0.00016276626383904534,0.0001724884134821745,0.00023180062278814638,20
181011435,0.00016276165642264973,0.00034857382579722793,0.025239516928995044,20
3618212,0.00016266211801916898,0.00021878124643726188,0.0017795338835874333,20
79169265,0.0001626164887751663,0.0001644614487889879,0.000146363810732788,20
51841424,0.0001625595624751397,0.0003037897854502037,0.013597175828030423,20
55058509,0.00016255425869329544,0.0003054937092952289,0.013981443020168207,20
107920923,0.00016242828662395016,0.00040435648352106377,0.04417146694188895,20
96,0.00016194786254915828,0.0003594479152856963,0.029143745923148234,20
121355851,0.0001618432099780548,0.00018383089568793157,0.0004421577820343594,20
85925978,0.00016168773119042967,0.0006450384616639075,0.138128101878861,20
159701456,0.00016145071620372043,0.00037571599474707333,0.03488310196807465,20
24297094,0.00016118903334716163,0.0003954231404094256,0.042038701843818166,20
90432762,0.00016115638462109173,0.000285276006796565,0.010281429332678768,20
76162177,0.00016109569182710116,0.0005059600347260189,0.08534432482627481,20
201636724,0.00016080165365174037,0.00023805448810737892,0.0035146805717496538,20
27810660,0.00016072514780472448,0.0007021429389241008,0.15941717374737682,20
17415217,0.00016055953962379742,0.0006391758214193777,0.1376331175769995,20
154577008,0.0001602086444587425,0.0002967753921835109,0.013012126029013105,20
47354324,0.00016001587281816999,0.00031924072414785663,0.018560411786298324,20
18627154,0.00015975270467474267,0.0004248313370967772,0.05449611126344668,20
127746755,0.00015960957484585092,0.0003088202274368711,0.01609672101450857,20
126585449,0.00015951049491017276,0.00025661777794841294,0.005968210040511984,20
29631500,0.00015946118895462103,0.00035234968782413696,0.028635112267627223,20
67665731,0.0001593963443899754,0.00020944988921937173,0.0014907184458765024,20
105494612,0.00015937915322274397,0.0004894923072198197,0.08084139181930657,20
11427832,0.0001593233057114951,0.000667540159105604,0.14958890755998971,20
12629415,0.00015907471778646987,0.0003089447487626014,0.016385719743716925,20
58215702,0.00015900435964753546,0.0003532979671525631,0.029268078936378977,20
47266614,0.0001587739835577112,0.0002650679118650024,0.007426569471517623,20
11638823,0.00015874214432830825,0.00035504685906904623,0.030030124459882544,20
206459857,0.0001581981942606836,0.0003705338457352559,0.03571687580474863,20
182413897,0.00015816998310022866,0.0003765879002425228,0.03788475551321308,20
174402618,0.00015815313494748628,0.0005920788768807111,0.12347662589919986,20
62665549,0.00015795069528991567,0.0004262556554784054,0.056953054236234875,20
22023292,0.0001578943351636497,0.000682658866994785,0.15697402265811,20
117256095,0.00015745625382306006,0.0004531062556692055,0.06833164476867098,20
81902088,0.00015743517080241132,0.0003040443295664131,0.01595443045345025,20
63622376,0.00015739853563574713,0.00041042969850159264,0.05130012389948587,20
117668060,0.00015716349804670017,0.0005893247058975711,0.12384483610175513,20
11610393,0.00015661417962034574,0.0002569631717528444,0.006711783161210005,20
7596972,0.00015632184569905615,0.00037830435286013064,0.04011797741292361,20
28469570,0.0001562187409412108,0.0004760892645351524,0.07930797040762094,20
35439202,0.00015599268564963075,0.0004254138792700417,0.05874275396409541,20
71470649,0.00015571002081115614,0.0007296723111275523,0.1759480366894567,20
63067394,0.00015565611642950338,0.0002821610555731764,0.011649518821052059,20
19080614,0.00015560035814740912,0.0004950804058065661,0.08799804985834882,20
42310211,0.0001555439687743465,0.001787462677724829,0.35074150292905537,20
84603492,0.0001550671908520207,0.0005338800712883957,0.10475281045046134,20
38024286,0.00015496429271720513,0.00027707283791696054,0.010842178906337242,20
176605911,0.00015491662015449103,0.00034555867484240563,0.02971710311732782,20
45048066,0.00015471814148393658,0.00030253966411908064,0.016919257715073775,20
33437609,0.00015458928940895178,0.0005823330908986453,0.12489060984113713,20
104198108,0.00015444706876478477,0.00035789978076646527,0.03434363727975531,20
165306219,0.0001543068793468244,0.000419560015049999,0.05823007032078,20
81972303,0.00015422797337000805,0.0007076625916468358,0.17098847728223632,20
6616249,0.0001539675139310942,0.0004747259041821563,0.08162178566555386,20
121472578,0.00015359236850896464,0.0003849115101345968,0.04515758190905792,20
88957967,0.0001535740720112838,0.0003775026741889682,0.042327959866696956,20
163303962,0.00015344926981014084,0.0005432605087593589,0.11089975760252112,20
10638333,0.0001534478430359948,0.00025500960622750217,0.007233129167344495,20
120354240,0.0001533941305286446,0.0003179065868440427,0.02197394845076465,20
106245468,0.0001533935311761714,0.0007011377443053805,0.17008420406818703,20
142163044,0.0001533225255996723,0.0003801375510039772,0.04357402405774649,20
12201845,0.00015329801611839168,0.0007044239999656257,0.1713326798629038,20
80492525,0.00015314626478717951,0.00020309927590087757,0.001599681805333004,20
37044444,0.0001529552533565126,0.0006729825036904226,0.1610979878232493,20
32131897,0.00015294973641479526,0.000535801192157293,0.10856072052633073,20
17875194,0.00015289035050270461,0.0005597183611427817,0.11840187302215664,20
17853714,0.00015277666341604045,0.0003524452352066586,0.03377776872045223,20
65263265,0.0001526221071770334,0.0003726675950015958,0.04137495012220156,20
11869246,0.00015250708588381844,0.0005447717888498931,0.1128889977393367,20
1261635,0.0001524430755023648,0.00020689341290435392,0.0019033275873970871,20
5866892,0.00015242864769904053,0.000321282616062074,0.02361552837635814,20
102254590,0.00015222452392456564,0.0007042114477904732,0.17291677271131428,20
111763282,0.00015211988563763046,0.00035995275369675456,0.037058367390812,20
21317811,0.000151807312247354,0.0005105432270082404,0.09967007134511241,20
44706577,0.0001517966558385264,0.0005202052413793533,0.10374276157850573,20
11675505,0.00015164686859474308,0.0004332353235483479,0.06699661884387952,20
6215134,0.0001516462748877595,0.0003425206681928217,0.03118834557996339,20
140280877,0.0001513503770621899,0.00032710932200917845,0.026202713387584863,20
202254288,0.00015124934105638366,0.00171564891721101,0.34889051630751106,20
6671609,0.00015123984531893454,0.0003552657971105451,0.036095348056336206,20
31967447,0.00015118583003684294,0.00018065853647873564,0.0006896095290776677,20
113543445,0.00015114272818311791,0.00042855534750404985,0.06562340499347674,20
18088703,0.0001511223178984611,0.0005116762811787891,0.1011226508637546,20
73161393,0.00015103630381299582,0.00037751320127699225,0.0447667572597215,20
35277253,0.0001510318102176389,0.0008211393092464051,0.21048160238880897,20
101594504,0.00015092119768781443,0.000235381253713763,0.004929314988227339,20
176482805,0.0001507316782712903,0.000674977805688373,0.16524778199587342,20
76901689,0.00015062736784076657,0.0004608841488215214,0.08009739831278907,20
128758855,0.00015050465095640952,0.00033342438029378005,0.02893001093932483,20
47509112,0.00015046890346262775,0.0005364138942671264,0.11244159727423311,20
55058785,0.00015019432786281262,0.0005324561953062485,0.11120001455060625,20
106896111,0.00015014236706395456,0.00037986732970965003,0.046591559484391004,20
35275648,0.00014989586427473778,0.0002578256167603285,0.008792024495635814,20
88491237,0.0001497764261338186,0.000280121252082703,0.01365048674548916,20
125155322,0.00014973912907139119,0.0001625024500752209,0.00029067738184144446,20
122740477,0.00014960263533905226,0.0003132291752653838,0.02295701947474461,20
13840788,0.00014929141117796252,0.0007234472345914119,0.18382207310448145,20
55683603,0.00014915678289844915,0.0009351910306274078,0.2421722607956286,20
89715224,0.00014908876044584797,0.000186862622481398,0.0010260186358682624,20
38044662,0.00014905724254593578,0.00029087108193820514,0.016756980280121382,20
9670416,0.00014878233316284738,0.0004276497835205482,0.06811751524553107,20
83507794,0.0001487304827671232,0.0003859017792233419,0.05050675579019381,20
21034095,0.00014865746647615142,0.00036355443130772574,0.04159695773348402,20
16843277,0.00014861331019719038,0.0003557673533109762,0.038622685315534776,20
63092120,0.00014849683824880167,0.0002853456529099109,0.01557652329073705,20
40344920,0.00014848406234370116,0.00022391290969997642,0.003971608939145142,20
11875535,0.0001484494815484072,0.0004770603742309292,0.09005860521995049,20
158900185,0.0001484088963172453,0.0004080207060391549,0.060141764985221335,20
24283359,0.0001482531219361871,0.0003947066393865406,0.054687478026418025,20
30289511,0.00014817559813590507,0.0007074613524056775,0.1803399978806599,20
38743506,0.00014812544811314553,0.000287249930362055,0.016270343060945304,20
76785121,0.00014803672501011723,0.0013131778851623842,0.3099755846811477,20
58855832,0.00014792915022683318,0.0005168340300622462,0.1079728334707852,20
95539705,0.00014792543521332247,0.00036275494681138306,0.04198725030300067,20
68479388,0.00014783110046741045,0.0002464591320787867,0.007367718831448238,20
58014684,0.00014780555231349023,0.00046127079584078163,0.08405227592577907,20
77489783,0.0001477859625452882,0.0004095759816597627,0.061542723353347824,20
26689767,0.0001477363004632304,0.00038382773304681823,0.050716198600548316,20
5064811,0.00014736326084510142,0.0004031603715769457,0.05929053366684023,20
102443273,0.0001467629861428399,0.00032472972217058587,0.02878815609425579,20
38543495,0.00014660625243943792,0.0004461942595947158,0.07904272279465133,20
111209920,0.0001466011688140062,0.0009953596785249352,0.2590032615144931,20
96140020,0.00014658571435450518,0.000444569093442536,0.07835207288120488,20
134990170,0.00014643047979591705,0.00028131246484912787,0.015559942107988068,20
82001219,0.0001462141370734249,0.00151746219289419,0.33569145205939843,20
82695068,0.000146129710608911,0.0002500742269983297,0.008546916949096867,20
51255832,0.00014610674960711112,0.0004792786105086759,0.09436010394495697,20
9079077,0.000145988029401925,0.0005576239532178222,0.12807294477056985,20
32836223,0.00014585235418124732,0.0005125090214132665,0.10923887359997593,20
201453052,0.00014578407612204913,0.00045582262262942717,0.08443462499205606,20
57356184,0.00014574272643344267,0.00040062548484038127,0.06011350757465706,20
119669993,0.00014530303554695644,0.000265648834029289,0.012172301299668746,20
13873691,0.00014524205740611972,0.00031881591224281977,0.027893581673755184,20
19039502,0.00014511640532239857,0.0005243677984401824,0.11546269032583541,20
58469275,0.00014508966019753655,0.00022533772694476422,0.004800583959950615,20
24437686,0.00014497171244396144,0.0005568127595337434,0.1293443671725804,20
128583483,0.0001448931800548836,0.0006992359621463191,0.18285245086635443,20
53138653,0.00014463233784507424,0.00038577989932795005,0.054994391538140806,20
14338286,0.0001444559162362219,0.00024246078721391133,0.0076589178158043,20
91334498,0.00014383463415074683,0.0006745314028597758,0.17612538768611347,20
145286811,0.0001436279784478328,0.0005122333604467615,0.11253169878032655,20
67150296,0.00014354815891715612,0.0003854142962617714,0.05609240564137081,20
63853535,0.00014353405247641006,0.00030026523848156774,0.02287319588907211,20
177206440,0.00014332761661773607,0.00019324109160836673,0.0018119167221773696,20
86317533,0.00014309592423322192,0.00026329116600845804,0.01257549717570842,20
2061974,0.00014308654182803305,0.0003561604678612769,0.044152531672222724,20
98,0.00014307221520236114,0.0003324444656203668,0.03468999112774908,20
35243412,0.00014288300656817022,0.00044849262820711614,0.08522373567296163,20
111740881,0.0001428612442832683,0.0005220573417078618,0.11799350844758512,20
39837755,0.000142728944278242,0.00024494960381982,0.008683401606089006,20
10471050,0.0001426545822995423,0.0002882452473511733,0.019656090209668388,20
46787594,0.00014222560419672458,0.0006422970501120591,0.16724156280935693,20
9845979,0.00014200280523051222,0.00023909081611229842,0.007797196110857796,20
88556834,0.000141989212771787,0.00025260420529596634,0.01055838617894556,20
164196027,0.00014198348223231627,0.0003118083643031302,0.02794542550547013,20
8870738,0.00014196844923480001,0.0005694311194491815,0.13938275917804877,20
69139893,0.00014193246127921222,0.0005353633557799317,0.12519317433967272,20
63081673,0.00014175755209480111,0.00029016258800402975,0.02081634401453141,20
150654622,0.00014141316337749622,0.0008048257494301104,0.22084208137410088,20
96683186,0.0001411229378038753,0.0006510381960081417,0.17226083341858045,20
171998476,0.0001410853596227557,0.0016904906229348378,0.35655203116638323,20
54276276,0.00014108417423243925,0.00038526059006739816,0.05896805433690024,20
24289452,0.00014092901609063512,0.00042700756093051414,0.07816556797797804,20
210493404,0.00014067229662900193,0.001074827310694002,0.282613918583036,20
149091694,0.00014048380603944865,0.00045550583977259146,0.09191677805231778,20
99191529,0.00014036260395324519,0.0003584450909261676,0.04801693412288748,20
20600742,0.00014022947060778334,0.0003394891532424495,0.04017091547308024,20
94481908,0.0001397037116813521,0.0005059063562723385,0.11595008771134302,20
149052644,0.00013958792349919868,0.0006789918709576705,0.18470939659030755,20
177084422,0.00013946872740302208,0.0003660223067457002,0.0523351041813952,20
11209792,0.00013908436768804157,0.00024560395616540125,0.010147909594783667,20
29364454,0.0001390698522899053,0.0002834045169441254,0.020414408803940347,20
113807911,0.00013902250661055327,0.0002167360021740122,0.004916797790555076,20
29031060,0.00013888833921563148,0.0008423593259805463,0.23495419940843154,20
37573048,0.00013870678017495475,0.0003748825193208938,0.057206068726871444,20
76076034,0.00013870339625962624,0.00045643013498709926,0.09502655232778703,20
68209741,0.0001386747196095106,0.0003484989072298892,0.04557532825329398,20
54694393,0.0001386074860449421,0.0002495868754088433,0.011252405569288623,20
28163086,0.00013819711786275114,0.0004775412840236389,0.10555246087255611,20
179009645,0.00013793264938236072,0.00048357314457441386,0.10873364016606878,20
117752603,0.00013779533306502724,0.00031114745372055327,0.031154445772410545,20
132360325,0.00013761041439184775,0.0004288529010372472,0.08376934463190121,20
85695877,0.00013754811628902963,0.00023357612725955862,0.008184075498151427,20
8667534,0.0001374812848302237,0.00018618331236919182,0.0018729039083686396,20
96483140,0.00013747847896617148,0.00034631044264775104,0.045930667809876674,20
138479807,0.00013743909302499634,0.0003859516054691808,0.0638811266470414,20
59002054,0.00013724356015436812,0.00010963928840459175,1.0641644448597492e-05,20
167708818,0.00013713912424353215,0.00037252811672752934,0.05806823907136319,20
59,0.00013706425767197328,0.0004340657392872715,0.08703627889765309,20
6869794,0.00013697244819753097,0.0003507680473354654,0.048450207953802116,20
122325454,0.0001366345915030126,0.000363387498268178,0.05451171751579373,20
98348647,0.0001365286506171376,0.000307803453125361,0.030967335190433085,20
30670163,0.00013628737014950154,0.0004334812824230349,0.08792678769050899,20
93880734,0.0001361785365224494,0.0002957581316608672,0.026726917390110193,20
14822966,0.00013615021418461604,0.0009379980649292631,0.2620122715548995,20
101752329,0.00013614209221775585,0.0003498952008845987,0.049008940523961785,20
47309111,0.00013613600106782419,0.0005103876728214373,0.12380503453731512,20
122111456,0.00013601108154737973,0.00031241609638710493,0.03323821024987111,20
231112738,0.00013598715429379292,0.00032856571836669437,0.03989463652491481,20
10671078,0.00013588775900630345,0.00020694526753061235,0.004234525349779743,20
44246354,0.00013585684044537248,0.0003067862400689289,0.031160664590619377,20
112100743,0.00013582509631078764,0.0005093231852025927,0.12385033221345136,20
161994537,0.0001357813963667659,0.000709831791557671,0.20147783924623336,20
4663624,0.00013556946300753714,0.0002124977829652228,0.005086106428258569,20
9426264,0.00013530953588423988,0.0003208734280969909,0.037348466080924896,20
75343496,0.0001352435941854524,0.00023253008238282338,0.008772501103225508,20
114008006,0.00013517914252777208,0.0003251829902616715,0.039287841178562814,20
2462223,0.00013511093874958856,0.00027500351928223885,0.020305308979518922,20
113718614,0.00013500707451357397,0.00030680912065203774,0.03192447343110169,20
44306119,0.00013498758088458518,0.00022953309083784574,0.008245661015371598,20
55120301,0.0001349338911428827,0.000313217541505029,0.034561174978381286,20
22038031,0.000134858491604109,0.0004449675627863561,0.09559373036236675,20
43245337,0.00013478332919665824,0.000656264306874081,0.18493908023777078,20
61087371,0.000134504220656817,0.0003748147033288417,0.06251006035642742,20
8666804,0.0001344840352645482,0.0006366264859982206,0.17833194340922537,20
71468956,0.00013437631289941465,0.0009140909098651191,0.2593956919485263,20
195830491,0.0001343563979324919,0.0002844868929813089,0.02407347323963422,20
197832662,0.00013432808694159305,0.00026281297824547206,0.01696282876707092,20
21481585,0.0001341602688848087,0.00015758820464477499,0.0005949134229068618,20
83998810,0.0001341380993586605,0.0004855409947235531,0.11585261961253455,20
39501950,0.00013408065008773952,0.00022394135904660133,0.007445360048511025,20
660901,0.0001339535493065508,0.00035346386670516623,0.053218397251514483,20
111006570,0.00013393310960688464,0.0004365288822248471,0.09300611002858532,20
78102963,0.00013388008628313074,0.00032624579115785073,0.04108960118268605,20
40121121,0.00013376547244209891,0.0002293820539707435,0.008644610490223024,20
55721840,0.00013368599745406385,0.00021600902756513344,0.00612670874409685,20
92117116,0.00013340013974924014,0.0004921425275581042,0.12014423212730825,20
109252439,0.00013339917821540148,0.00015040514980912663,0.0004135804112914997,20
86709439,0.00013335744423928763,0.00032337463861683777,0.04039670604349498,20
93915766,0.00013307587098718986,0.00020788557292704036,0.004979687409158495,20
72471207,0.00013288998875115587,0.0002985158499690728,0.030538102378950115,20
81091205,0.0001326867678193816,0.0003573096176724484,0.05659084243389144,20
52866639,0.0001324072650857655,0.0003136266583508168,0.03719365479429133,20
122149917,0.00013236903249355114,0.00029239085483566163,0.028598273450003146,20
47652455,0.0001323266234791981,0.0002534434980417123,0.015333943408090639,20
15626724,0.00013230402609797908,0.0004163218079924068,0.08573048033433639,20
160988600,0.0001322682822994331,0.0012039425772447773,0.314413578625684,20
50806840,0.00013218260596576658,0.0002603425369162528,0.01749638913415881,20
79079422,0.00013201167969293382,0.0004814721454259289,0.11755471826570495,20
72901752,0.0001319213929852542,0.00037749984157876214,0.0672969590852492,20
155972672,0.0001318670125453003,0.0004918527178771948,0.12263583352844619,20
119411891,0.0001316385724572433,0.000609447676131273,0.17309831098266792,20
105645232,0.0001315634493279705,0.0003987752423218956,0.07823689296226974,20
124354426,0.0001315239342830954,0.0004864428806582597,0.12071453098545651,20
103890399,0.00013124123602001602,0.0004188760419127927,0.08863867455101704,20
19858547,0.00013123751469152066,0.00031240660944868405,0.037859930123104506,20
73540288,0.0001311900377961528,0.00038450493736611293,0.07175996002378383,20
17032871,0.00013117526344118556,0.0007075971496476122,0.20868503843243108,20
85116873,0.00013042378392867093,0.0005173094656223899,0.136781943791261,20
70589510,0.00013034954697764832,0.00033842729184840073,0.05060881671967503,20
25128175,0.00013021509381143937,0.0004495343912839192,0.10534567354025737,20
117504285,0.0001301215864988159,0.0004151244465627102,0.08855019261203582,20
170597867,0.000129879033269098,0.0004321315061922515,0.09737012921724203,20
80198869,0.00012984817321009257,0.000462575862272507,0.11228451593769595,20
74087193,0.0001298469619433168,0.0003759801887558465,0.06948278531104343,20
3212105,0.00012948323589716815,0.00032228607154535853,0.04414611050782314,20
107803379,0.0001293769642365994,0.0001661117872513657,0.0012443602286981712,20
69467040,0.00012917401334874845,0.0002493675419841761,0.015924676171866246,20
118733867,0.00012916098002771216,0.0008230734837656201,0.24565878039437156,20
92517888,0.00012903131024062376,0.0003465153120633379,0.05612994611096295,20
141043268,0.00012899285498821356,0.0005398553859570477,0.14932606070156762,20
18677882,0.00012880077695993087,0.0007045686209622047,0.21187633406074968,20
99686265,0.000128791413714488,0.0006328867648819511,0.18709277811652586,20
45630581,0.00012872784677953885,0.0002297198956675915,0.010732506765325653,20
111810753,0.00012854179582348911,0.00027967814214575583,0.026923161396213487,20
76707140,0.00012851005190941123,0.0004831909302011266,0.12446432135029878,20
102,0.0001282275520352899,0.0004406311349882917,0.10433564734750234,20
242122829,0.00012821872031985594,0.0003725041342920312,0.07010473920958411,20
93136589,0.0001281072661067556,0.0004973496859171974,0.13181900211230788,20
53275037,0.00012801786560273366,0.00029811657585755827,0.03497041710454443,20
147630797,0.00012800075268437904,0.00024053140333664248,0.013974349223132697,20
103038206,0.000127972503154139,0.00014768320605797333,0.0005093917464359312,20
133074645,0.0001274831293965911,0.0004353014631441483,0.10295385193339829,20
30696092,0.00012744985014229436,0.0005152328460166708,0.1412158392376218,20
15226640,0.00012744582654169445,0.0005290350774072894,0.14740694978930963,20
8669116,0.00012737703037896952,0.0003500356629898201,0.060061278404191835,20
19681743,0.00012713392240098765,0.0003171304897439587,0.04446847028218826,20
77418949,0.00012687313236761367,0.00024769595936483755,0.016793528703871404,20
137229577,0.00012665850501400455,0.000579946213429752,0.1704949460659116,20
17877716,0.0001266230851446809,0.00033874990474040066,0.05548975248503198,20
6069329,0.00012652292239522523,0.00023283048935018828,0.012584556996407094,20
39520759,0.00012636396735247468,0.0002527694942856478,0.018784277163676304,20
109539508,0.00012635492518230096,0.00040115823604345316,0.0875522825404438,20
11410037,0.00012626141305219218,0.00023420747378578052,0.01310101068328098,20
125756716,0.0001262000263535207,0.000596741921788225,0.17806843393131144,20
244925692,0.0001261736677911518,0.0005228958889074586,0.1470224517053669,20
144819345,0.00012612819826080535,0.0006663685424957138,0.20391237687060892,20
100126896,0.00012594009183558298,0.00025209322467604524,0.018842347946034003,20
118372432,0.00012581022719193035,0.00021531462636954248,0.008549904095663141,20
4413859,0.00012576113858243088,0.00041833094999965746,0.09731935682545516,20
87252225,0.00012575274125708747,0.000385169888176225,0.08030157845626122,20
129671311,0.00012525473812030063,0.00043939233249719144,0.10886750122743213,20
97123538,0.00012513925102742017,0.00022659427177675978,0.011583605854241863,20
89721553,0.00012501135362702752,0.0008828188595085938,0.26705139436095204,20
143343688,0.00012498872779604097,0.0003497644493073646,0.0632566450069852,20
120812352,0.00012474736579803358,0.00020975772797336313,0.007738043698134254,20
97542236,0.00012462276241994308,0.00018340072704737227,0.003376969586016372,20
18016018,0.00012455462513150938,0.00023296909042905828,0.013656084642920127,20
69997816,0.00012454502387298228,0.00030020939350628486,0.039567205604438486,20
18038560,0.00012447223151463294,0.0007026901429302246,0.21901779005037098,20
167594753,0.00012441585272409127,0.0003811499719411268,0.08034056992464043,20
57267406,0.00012428601149834794,0.0002989266911023789,0.03926386121961302,20
8069685,0.00012415342708789467,0.0003128016315554728,0.04595822152819297,20
128790578,0.0001240514432246792,0.00027306908801999794,0.028207922437425294,20
16281046,0.00012396683958752487,0.00022951310335537752,0.012975986246271071,20
108514361,0.00012376683754936334,0.00027129116392208375,0.02773607243529758,20
8617560,0.00012372694430513588,0.00025073964109203117,0.019916838922728164,20
245926098,0.00012368676415033252,0.0004491301496050019,0.1165644233139189,20
15623644,0.00012354470559518827,0.0008378621897239698,0.2587677377964648,20
148852541,0.0001235238809758732,0.00038946836562359105,0.08613674391449778,20
125984547,0.00012351972619337181,0.00039346946620327517,0.08823964257771777,20
38301169,0.00012339546324330596,0.0005677377165133761,0.17163152412656113,20
136756670,0.00012324285993020324,0.00047281174538398247,0.12907978983239687,20
50249669,0.00012313758951370545,0.0005221776168093734,0.15241774744933473,20
124742610,0.00012310759989118402,0.00030508984727733714,0.04350944952504168,20
19828492,0.0001230212469711778,0.00036029222153766583,0.07161794290836342,20
69898870,0.00012294378681833307,0.0004841525662883616,0.13511574659914816,20
77308302,0.0001228903238996132,0.0002988566880039619,0.040802687195431474,20
129358986,0.00012274216789726343,0.0003041547015998915,0.043495275751497184,20
92211361,0.00012264464610752256,0.0006574583896629525,0.2072536683619851,20
55459364,0.00012257446238601034,0.0004902460422708252,0.13872047249328892,20
46145480,0.0001224967532055643,0.0004958952937935097,0.1415388804570817,20
119550240,0.00012230714392464926,0.00027575549926345553,0.030973542220415935,20
44446473,0.00012202903605292858,0.00036221300419648296,0.0741724904398234,20
169109440,0.0001219528005577314,0.00028908371998261913,0.037295151814459256,20
27091661,0.0001218827965035002,0.0003860977208548401,0.08709458266326164,20
72637947,0.00012164263874373804,0.0003177635981795414,0.051588166323029136,20
21835071,0.00012163153080634037,0.0006871121710309505,0.21916830609248017,20
45,0.0001215765739782243,0.0003461294955612662,0.06636446443087446,20
113749112,0.00012138444131704063,0.0002919839380375649,0.039280808391277386,20
69478832,0.00012133653971476698,0.00028680574306675944,0.03691677491857544,20
112346368,0.00012096744069135801,0.0006586632411521787,0.21082130267806465,20
51874054,0.0001208364514993232,0.00030530092714226454,0.04638255820024132,20
39458551,0.0001205965451822666,0.000662492238470669,0.2128414052342748,20
119522856,0.0001205105054896377,0.0004426488352747034,0.11915375497891553,20
39283962,0.00012050718248999004,0.00047495716121617347,0.1353110897357576,20
36478027,0.00012050273724145966,0.0002683919322680265,0.02954372506102717,20
66872215,0.00012042488200681711,0.00041367691706621716,0.10426092405137449,20
12802174,0.00012014955528864557,0.0005313413873220597,0.16229852510421622,20
40142885,0.0001201423676346819,0.0002884641738332201,0.03902774216883779,20
23482110,0.00012005071568457203,0.00039371867379314946,0.09431319945903889,20
39662308,0.00012003532135757,0.00025465316226590685,0.02426829876101759,20
69297311,0.00011977057419715887,0.00034688992113253236,0.06952929849325369,20
35049131,0.00011963381029226061,0.0003457896993310322,0.06915057872201925,20
27037079,0.00011927972689598776,0.0004684409123230062,0.13448202298413242,20
13276550,0.00011918548572734943,0.000292359223672003,0.04202776892406537,20
78197805,0.0001186902344226859,0.0006189706914063491,0.2009142610905762,20
56059739,0.00011828673032640013,0.0007090810233487518,0.23239067495914506,20
121176445,0.00011805574554036857,0.000659271887035002,0.2165668192916521,20
146336207,0.0001178332468802612,0.0002772169634283912,0.036295882065736404,20
203456504,0.00011779353790319913,0.00055701396227903,0.17807791283979313,20
55846071,0.00011740547612941465,0.000851905665838794,0.2724962016764553,20
102333283,0.0001171383511919838,0.0007650148844004948,0.25087916582419645,20
101552095,0.00011709940459527778,0.0004909656122817318,0.14975015640139788,20
105136806,0.0001169946641849745,0.0003656363714165988,0.08434022874308265,20
147371885,0.00011678269996431567,0.00017287448245741858,0.00351286593500765,20
10079726,0.00011677859601721407,0.0004741346341770408,0.14222321786895506,20
56659492,0.00011662054227123964,0.0002840289526642969,0.041011110231740866,20
116746204,0.00011661525511710846,0.00022822429990522846,0.016985939586787062,20
55454659,0.00011652002326454913,0.0006256295326466807,0.20762146069831555,20
49955155,0.00011651728717231302,0.0006629500572507929,0.22077917404564773,20
32841934,0.00011645931794853903,0.0002506783192646079,0.02577074249714879,20
28069396,0.00011633325652324611,0.00017105003091374328,0.003356852871437232,20
1210895,0.0001160812121306698,0.00031016393628829176,0.055283626870611204,20
68866500,0.00011587935059750309,0.0002308672426248202,0.01844417226355371,20
31494202,0.00011584132333783415,0.0003242676212332581,0.0633121763663954,20
39661593,0.0001157451006021326,0.00024151362813545858,0.022624631312361965,20
101915309,0.00011564662590189123,0.0008256141494658343,0.2692443485961111,20
95281804,0.00011562328278526268,0.0004186541012628028,0.11592311791997822,20
109760964,0.00011558151304214282,0.0006568177727537569,0.22050282873209115,20
63622181,0.00011518250349999148,0.0004734059917215806,0.14508125673844008,20
9018605,0.00011493686786056556,0.0002528207849845335,0.028126157201141318,20
73283029,0.00011447364659702974,0.0002294952045077008,0.01897454471158618,20
92294612,0.00011393680314524812,0.00023844180373455934,0.022910997578084326,20
84491522,0.00011387667663678991,0.0004172548830224466,0.11859802406813419,20
62420716,0.000113796742428654,0.0008386270352457708,0.2755693977106508,20
35639595,0.00011360591010945443,0.00044426236869924893,0.13349591054268456,20
1661355,0.00011336331666930988,0.0009228933332896258,0.2945877630890657,20
157373851,0.00011335011621374236,0.0002236462547808089,0.01764026449353503,20
416778,0.00011322138469295473,0.00041523909369946336,0.11880776308499925,20
39079964,0.0001129696188729129,0.0004360101011472797,0.13046274060929236,20
143847770,0.00011296647702719043,0.0004371356753943402,0.1310636349992062,20
81693768,0.00011295225470898119,0.0005103648016496858,0.16736513331945663,20
54454187,0.0001125827645226174,0.00022584968943789813,0.019029804678994275,20
190836378,0.00011242814679773838,0.0002724314172659478,0.040298026203579626,20
162666009,0.00011233171875276726,0.00033812163718084355,0.07687550047800666,20
114768277,0.00011225399090570853,0.0002996992092532572,0.05515117845861317,20
17474521,0.00011212770733003141,0.0005291237322009054,0.17759055479392405,20
150540823,0.0001121026166230471,0.0003282431506135905,0.07157668992177055,20
48711371,0.00011208980934293289,0.0006225626413006135,0.2153360060558252,20
55612002,0.00011207370836798236,0.0004257093134917051,0.12679707403378856,20
46839508,0.00011204538114400752,0.0009878173543351862,0.30890410530240486,20
41503331,0.00011204192313059025,0.0003103490950514949,0.061449058308533616,20
4870012,0.00011173514159077968,0.0004059435625661516,0.11668196520797516,20
17488141,0.00011166550273706,0.00029836552010848236,0.05528371995538143,20
13683735,0.0001114864927692305,0.00033635096945270503,0.0773247582213153,20
53844253,0.00011146361720316966,0.0003344926930776847,0.07628543282670555,20
67065432,0.000111456964049661,0.0002946517263268642,0.053523731126162016,20
32494665,0.00011139038341425045,0.00033193463094577293,0.07492709788680958,20
80482835,0.00011133949782774489,0.0003773093377710323,0.10131254133772125,20
62656820,0.00011132385704493709,0.00033045751317617065,0.07418421241509539,20
45752314,0.00011126498991299028,0.0003923015757213851,0.10998979025163656,20
140595561,0.0001111601474950985,0.0003425445093473678,0.08150866349978524,20
226286416,0.0001109190092321577,0.00021296203416207936,0.015515139373394882,20
58214836,0.00011087774488444113,0.0001701130782227606,0.00444156439587714,20
203256036,0.0001108254309909934,0.00029781507695551346,0.056238210548913335,20
3002153,0.00011068717475040124,0.00044247695296642064,0.13860216494894234,20
105557003,0.00011059674276167886,0.0007136768492317792,0.24833595298038758,20
210064119,0.00011039245945378418,0.00019488320883199686,0.010132633498248271,20
34453715,0.00011023916737563921,0.0003876362140608213,0.10939182326678516,20
50270331,0.00011018479108181877,0.0005519713398214105,0.19158480872948508,20
59725289,0.00011016243514806178,0.0003625270886203183,0.09503616150147098,20
119374066,0.00010997518876738888,0.00022091268065366706,0.019144507697303123,20
121151535,0.00010964382088261005,0.00024068551480892358,0.027898241184749293,20
82907156,0.00010956353239964522,0.00028627129681743884,0.05162273093632464,20
108449587,0.00010945694714764864,0.0006191596873956637,0.21946803989938468,20
93325422,0.00010940822577273634,0.00017064835511591082,0.004931490828308842,20
67027232,0.00010924808074768699,0.00018252590499476544,0.007459447697582358,20
23683317,0.00010914933948398264,0.0003418603570770255,0.08478087608424513,20
77702510,0.00010887490062679306,0.0004962862230804466,0.169437504875809,20
154977929,0.00010858112586459579,0.0003529831828363132,0.09246247006297248,20
63074236,0.00010855009098106883,0.0005583236954044415,0.19771837062719877,20
16852835,0.00010828883683706713,0.000405574951282817,0.12357410293095132,20
30133643,0.00010828674359646129,0.00018765778879910186,0.009163456429605522,20
20285344,0.00010824866332914962,0.00024326106426325822,0.030585601421836497,20
31338938,0.00010821158867065084,0.00044480811285464185,0.1451091158168691,20
79766219,0.00010811156719989223,0.0003998753568427857,0.12072780721325416,20
80715054,0.00010802823935658901,0.000296999810224042,0.06014040615519632,20
105556655,0.00010787724839068924,0.0001778533934670126,0.006904560661453747,20
1611394,0.00010767608960416952,0.0004215065441708846,0.13373382522784918,20
74741736,0.00010763812980105759,0.00031318340060055536,0.07038631274394458,20
123726133,0.00010757779596729799,0.0003012057321278421,0.06335345881070759,20
64661527,0.00010750809690265594,0.00040823948133223846,0.12672551356600809,20
5404262,0.00010730643194890865,0.00025798926107826857,0.039211119194683904,20
106295428,0.00010716325912270564,0.00029055975375855814,0.05775079438486404,20
127116942,0.00010707656748991657,0.0004299542756840927,0.13963940903095962,20
124983825,0.00010706572712665119,0.00018917309118220474,0.01017949348566728,20
119146265,0.0001067912003936855,0.0002725965421055938,0.047950704561936563,20
29493331,0.00010674927573023352,0.00017407896217459367,0.006472980343272217,20
43049251,0.00010665945116714315,0.0002741935907429321,0.049049362210421894,20
31671262,0.00010659759435301397,0.0002758421760671751,0.05008242133248954,20
83490504,0.00010657097849050002,0.0004515666395318242,0.15223116179143387,20
90841271,0.00010652641321690637,0.0002831667058882478,0.054426305967761365,20
61020245,0.00010648794432528419,0.00025565443419359727,0.03901423128513337,20
42748109,0.00010621893641200031,0.00013941005128171422,0.0014773022386470305,20
80846656,0.00010604251398785292,0.00030336747476653964,0.06724938526955071,20
28563495,0.0001058981000792658,0.00037092643283417155,0.10853260141223377,20
145574844,0.00010589554673120782,0.0003198819121212749,0.07756855215215172,20
29845626,0.00010565712590036302,0.0001587060897193797,0.003870575388101534,20
42456634,0.00010560277007008456,0.0003809150688484225,0.11506668934784293,20
17426542,0.00010551367004475731,0.0007660720559695385,0.27261433092423215,20
72013797,0.00010521434204381341,0.00032368251047927636,0.0811762005469464,20
90380845,0.00010487793058651385,0.0007287414694060202,0.263759330038828,20
13877914,0.0001047397593643945,0.0003272040745304887,0.08425810473618212,20
39575264,0.00010469702207492882,0.0005895084596916882,0.21842817229878347,20
29652675,0.00010434852479019596,0.0004911659331403738,0.17699368526636966,20
90722253,0.00010431670512836277,0.0004916118061381146,0.17727878164340471,20
12622568,0.00010429157563678903,0.0003235796383224593,0.08287624600475393,20
30,0.00010422467248982214,0.000200912208378215,0.01581517574551604,20
52656285,0.00010418067796199859,0.0002044999783151425,0.017224583498576893,20
2262066,0.00010413818481738168,0.0004406290202004671,0.1518957104649872,20
14678245,0.00010403330130753785,0.00037542405982308124,0.11516834963353198,20
126418134,0.0001039654296126763,0.0005725033917895727,0.21338762888868396,20
95882224,0.0001038122403467845,0.00048235602558624425,0.17394724359872205,20
116931971,0.00010376583072025103,0.0003105310412940851,0.07574823778842937,20
48442384,0.00010367492847962734,0.00042282368970115905,0.14327071214322576,20
94882079,0.00010361712155171621,0.00033574442852410614,0.09177697717937774,20
88512090,0.00010331373483719597,0.0002852507546073012,0.060883319909758656,20
7421019,0.0001031231241739261,0.0004034479329239955,0.13359866326399758,20
115303179,0.00010311691442387028,0.0012673485394287267,0.3599855469917553,20
42228458,0.00010309667880147589,0.000440049824562004,0.1539499301217862,20
49957317,0.00010305024172337917,0.00014599693746149278,0.002597618103772548,20
86326403,0.00010300370201348774,0.0005950022028078473,0.2241719072692951,20
92383515,0.00010299607947233669,0.00017507227170001827,0.00822912143871439,20
7017977,0.00010290718036527757,0.00022169397453995285,0.025859756470937127,20
104355936,0.00010289810710849279,0.00025080225190347166,0.041120553636524004,20
107202929,0.00010276058497054596,0.00027048497390808654,0.05281537954196582,20
60197,0.00010264895625464177,0.0008792508205861216,0.30381609386852976,20
106331656,0.00010261677432440441,0.00022252858506041035,0.026562740021526362,20
189021465,0.00010223077164542294,0.0003130473906440245,0.08025294787925438,20
121555859,0.00010222005874239992,0.0002479298875359349,0.04043023664414851,20
23089048,0.00010217557605451399,0.0010404107056447647,0.3327372506871036,20
38481736,0.0001021272736004747,0.00048810674833952927,0.18058169688496156,20
91515424,0.00010199023533523366,0.0001956287006298924,0.015442935691954759,20
51656358,0.00010194204457837919,0.00041206986161051876,0.14119074974352863,20
184616504,0.00010178986367811726,0.00033210315920623905,0.09322064111301652,20
229087980,0.00010160701924611104,0.00024921410262215973,0.04201309170618832,20
63088455,0.0001015392209095023,0.0002900678610162532,0.06698622922811788,20
108898935,0.00010148176210524329,0.00029734616777050743,0.07170479348362371,20
39708578,0.00010143192408227087,0.000608605540820776,0.23259403919222887,20
72991793,0.00010140403604926574,0.0005121459432528878,0.19348491595591022,20
136829431,0.0001013262472914167,0.0008985077371306462,0.3099138562068818,20
23518008,0.00010088359646974187,0.00026042640700038475,0.049701594777327114,20
127930392,0.00010084329487736466,0.0003887699518249389,0.1302031521742384,20
160101532,0.00010081878928827059,0.0003430129532242848,0.10217018130369288,20
14874887,0.00010048777207839754,0.00040622207275968665,0.14120836499684855,20
130454721,0.00010006911054923629,0.0001355107478681626,0.001872151084761514,20
18682945,9.999833177308793e-05,0.0002934434005770322,0.07199113221929493,20
17624482,9.97597399005623e-05,0.0007123813406373372,0.26929668481780517,20
14622952,9.960096792810402e-05,0.000494906145198716,0.1896859951956527,20
105935231,9.929202228108336e-05,0.00025186673904658213,0.04698680156815046,20
61745222,9.913397936849033e-05,0.0003253171628172461,0.09444112645283305,20
59864071,9.911322885073071e-05,0.0005608143157275314,0.21953447708032608,20
111963664,9.906899126783941e-05,0.0003442088454320272,0.10675033990571366,20
66885521,9.888699557583925e-05,0.0004612975869723815,0.17488102906817643,20
100330993,9.883987096311609e-05,0.0002492763182477029,0.04611052313305822,20
3666277,9.875633621208857e-05,0.0005481249731592774,0.215178212502474,20
185017750,9.872186491624302e-05,0.00022441610834953024,0.03196047502016337,20
19080869,9.864026616152876e-05,0.0010579953011929898,0.34069348755632395,20
231889860,9.859237819352106e-05,0.0003768688361329415,0.12824364024593443,20
55258704,9.817806473204905e-05,0.0004929366978636235,0.1921115703932953,20
84422625,9.80333004303835e-05,0.00024377855977940748,0.0440085066837954,20
50838823,9.792333457744606e-05,0.0006508528815852797,0.25457209854270857,20
124180481,9.788489878595485e-05,0.0004384495110380638,0.16531234177707715,20
58448252,9.781787573786283e-05,0.00042662346750339754,0.15902918231791877,20
84754191,9.770567523711693e-05,0.00029699368153345376,0.07879584858485235,20
860945,9.767656432890514e-05,0.001639656812055973,0.3963961671247326,20
128157996,9.763340279149435e-05,0.0008648125028839187,0.3097231086956314,20
152177852,9.724422145618028e-05,0.0004284356760588571,0.16141407406326752,20
107339788,9.701239059777545e-05,0.0004070237432089355,0.14991025760166363,20
12420990,9.692206792539238e-05,0.00038954935961659057,0.13986045028090502,20
146136164,9.665387492394373e-05,0.0008838480900386858,0.315200668984955,20
186430061,9.65990364353686e-05,0.0004570559380645708,0.17821427758954456,20
51473842,9.633056878960989e-05,0.0001420330383981062,0.003420295988604262,20
103929897,9.632966111997043e-05,0.00023764355077396601,0.042847483040859835,20
205841152,9.625920988405034e-05,0.0005219263793664683,0.2098604209630271,20
83648568,9.622590530058151e-05,0.00023559245975936008,0.04175661571188052,20
82401518,9.60817971061817e-05,0.0004263204666417035,0.1630820539825496,20
53057019,9.601007330931055e-05,0.0006025311870633301,0.24237349502012456,20
70630073,9.588626445410919e-05,0.0003542278240540684,0.1204530239265054,20
20801203,9.584769218266286e-05,0.00021954242968965891,0.032889474789755804,20
25230872,9.558509204981025e-05,0.00041093857118140124,0.15564562564791978,20
46116205,9.550840110858772e-05,0.00026664492375505993,0.0628414741308287,20
49889638,9.544029888079452e-05,0.00033167839693637967,0.1068014821043022,20
48863417,9.53115677785249e-05,0.0003722829835501091,0.1332236636601819,20
149779829,9.524980318892651e-05,0.001147072310699825,0.3572412311341724,20
33241995,9.517610819893274e-05,0.0005141022553759671,0.20899444993398802,20
103043565,9.517227273754814e-05,0.00023450982093173813,0.042675858488153987,20
78019053,9.510554493509515e-05,0.0001353404557217387,0.0026800552816890677,20
2063472,9.505706321487617e-05,0.00033563853033170306,0.11030920262556446,20
117771775,9.498320012533146e-05,0.0002688316555068122,0.06529539417267864,20
114950706,9.493280626350353e-05,0.0004012292919585637,0.15163229086333258,20
143371663,9.490133714766813e-05,0.0002606344948538913,0.05995664999884217,20
125544307,9.469119139877136e-05,0.00017764555691105128,0.013861210532341552,20
34442898,9.467061763269724e-05,0.0008611947353686214,0.31430994656576183,20
12272466,9.465148416405722e-05,0.0002127066145030437,0.03058655415459696,20
18229923,9.453078994194896e-05,0.0004410929544091552,0.174943258566078,20
168800490,9.448941122063847e-05,0.0004626268465187601,0.18623554525340574,20
38702883,9.437133342714288e-05,0.0004984807989936172,0.2038625824105954,20
33333126,9.433266846014255e-05,0.0003479218728434192,0.12008423500296847,20
29671915,9.425244200895744e-05,0.00033982942494382307,0.11497145506795932,20
1861839,9.398721782779007e-05,0.00019782233283221833,0.023474923151294153,20
9418277,9.396506981553532e-05,0.000499304159813319,0.20523440112376307,20
120375512,9.389384120994937e-05,0.0002229076753567757,0.03749699959806882,20
21083435,9.370917359552144e-05,0.0002649103757868887,0.06508018816257916,20
93519812,9.361073840682687e-05,0.00032630349839478384,0.10746507719298089,20
110135341,9.335294588265486e-05,0.0006069678185368154,0.24993762065170438,20
30844575,9.333278446338744e-05,0.0005228517891777858,0.217278515205983,20
26835226,9.305159675173646e-05,0.0003885847708898439,0.14881279045547618,20
38657819,9.301850620924701e-05,0.00022029212282215145,0.03717171746596376,20
216498083,9.301263241419111e-05,0.000441224892550638,0.1788211916016904,20
52874816,9.2981900070907e-05,0.0004831356300253714,0.20007125570955808,20
39653379,9.286237464782298e-05,0.00026194061866475555,0.06468386066527616,20
144935530,9.279865724422798e-05,0.0007109811568339858,0.283139929261672,20
26028885,9.278380154907062e-05,0.00022838464289488223,0.04252439367202865,20
201035607,9.276876924314836e-05,0.00035870890181297955,0.13089033837160968,20
207461159,9.275304205061397e-05,0.0006648163655474704,0.27004395669313963,20
66665292,9.254270464885139e-05,0.0003522052196934506,0.12724282734655898,20
62056082,9.246730097550448e-05,0.00033940238928904245,0.11899354526445047,20
236516669,9.240968145931006e-05,0.00029929648996624054,0.0916840382152162,20
97323933,9.220917849617205e-05,0.00027872812471289524,0.07770133386394842,20
194440035,9.218275019300393e-05,0.00028537775280836487,0.08243161473188004,20
30615057,9.194369441017924e-05,0.00036460675315366824,0.1367333397314745,20
52660391,9.176170839624576e-05,0.0002739342950969937,0.07527364757463843,20
24888760,9.169718009938433e-05,0.00031123005913072404,0.10164982204928769,20
62452554,9.165247310863878e-05,0.0002441944917133858,0.05481000156889836,20
42547988,9.156413054700885e-05,0.000193501038391797,0.023877412105818185,20
194426618,9.14336632741014e-05,0.0005280294831394039,0.2241134133072158,20
105800755,9.131153362879895e-05,0.00014935339910431746,0.0065896372167992675,20
81467864,9.107319935192925e-05,0.00042289434883609943,0.1737966208950551,20
47746437,9.10694253471983e-05,0.00186547021021958,0.41475268311286195,20
52274455,9.104803229647573e-05,0.0005767872189556946,0.2443948390192457,20
88439429,9.036576270087803e-05,0.0002888074412055266,0.08891882956800931,20
73959773,9.014479753190752e-05,0.0004719072910333104,0.20179711354828866,20
4012975,9.005607531867855e-05,0.00039050526223232155,0.15766632328302774,20
44906861,8.983501615972e-05,0.0002533707524158426,0.06466219002993653,20
144765833,8.971985338296351e-05,0.0012049940077690517,0.37139761935152305,20
62266253,8.958319129902526e-05,0.0005272231860749414,0.2283250778647551,20
94445699,8.947294554987329e-05,0.00027612030046876514,0.08180257765072797,20
5268189,8.934098424896175e-05,0.00025655487448940345,0.06794441843535891,20
82752285,8.933608881710187e-05,0.0002476491773805361,0.06158673613352174,20
33568732,8.91981072728365e-05,0.0002061800497085519,0.03402592959599159,20
3202697,8.866509560543079e-05,0.0003091335715266756,0.10751445207334688,20
58161669,8.860396207687748e-05,0.0003612091471051027,0.14317385600525,20
96988898,8.845940707643551e-05,0.0002629143856540427,0.07442430364520779,20
18078359,8.827217743992144e-05,0.0003463227024527332,0.13425209540868593,20
55158618,8.825105251204223e-05,0.0002316745614656091,0.052382711202620405,20
27842733,8.816580251845285e-05,0.00032924833982332294,0.1229108382979143,20
240899306,8.801833603223619e-05,0.00023805194668223854,0.05732366288347165,20
82,8.762957688803751e-05,0.0003622893184412261,0.14646036939765944,20
60889219,8.759447063621251e-05,0.0003919595319942488,0.1650738540642978,20
87929161,8.750677121748263e-05,0.00018832728271816665,0.02575349485860831,20
10419328,8.742226459766133e-05,0.000525139502966897,0.23284288785845308,20
231913653,8.726652147243163e-05,0.0004595592714203231,0.20316560659694494,20
32436683,8.707803274891901e-05,0.0003603975461902176,0.14671308772510866,20
134971602,8.687606087233179e-05,0.0004036023940327919,0.17391172014414485,20
227508929,8.674262255303766e-05,0.0002368953702855595,0.05898698169584953,20
97638548,8.659732894691075e-05,0.00011011141613840553,0.0011520248770113153,20
24634003,8.652865368737883e-05,0.0005834212024217637,0.2575614017011597,20
47408449,8.650855595820628e-05,0.00019734769481667935,0.03239027988619679,20
179209674,8.649050141142645e-05,0.00021725750087481224,0.045507065628658215,20
58257995,8.634881945811524e-05,0.00024688676678987523,0.06714477968982895,20
21114700,8.633772096724445e-05,0.00044977389144361396,0.2006688339396901,20
101489665,8.59959148071604e-05,0.00027324340450486103,0.08771708524826347,20
11075017,8.592097600577386e-05,0.00030380402133257527,0.11061916375894035,20
133859879,8.578876512605194e-05,0.0001840988872011628,0.025450678882238464,20
118010525,8.578053712662015e-05,0.0002997404429077215,0.10800289845819572,20
26122324,8.57506831075272e-05,0.00015693076432064416,0.012235173985926672,20
48790620,8.565212350946372e-05,0.00022384025044627813,0.0516553844482091,20
32418082,8.563017347373302e-05,0.00037089705744242785,0.15740205774483187,20
122213680,8.559626521647823e-05,0.0002835403807580291,0.09642991475291647,20
122874307,8.519926139955724e-05,0.00028113475350605946,0.09560771954660066,20
109135664,8.514571696330298e-05,0.00022469118003426254,0.05323058544415128,20
139768538,8.500104538367026e-05,0.0004610777802582495,0.20995665707685524,20
121060536,8.472167246483808e-05,0.000175454624843867,0.02190399206056815,20
133007053,8.467928560790539e-05,0.00040915611651900705,0.18314187471010074,20
119259474,8.458665414607935e-05,0.00031206080059499136,0.12014567262132203,20
26288395,8.441182328988717e-05,0.0003356679734645238,0.13737745898695763,20
77107794,8.427298125785466e-05,0.0005786870341822048,0.2613366841273359,20
35038606,8.418197251949255e-05,0.0022993923644307208,0.4358374592924321,20
134763547,8.414118396405656e-05,0.0003516014483711666,0.14896412901980485,20
44550108,8.411478874956469e-05,0.0005391541120924911,0.2469048292264508,20
41339487,8.383453061213685e-05,0.00045948437524149843,0.21231837812968163,20
21628320,8.382493022791038e-05,0.0002653306787667591,0.08693389089654359,20
106131406,8.377732670387106e-05,0.000313921559134342,0.12368290528755212,20
53457041,8.37050632454428e-05,0.00021616620416244393,0.04976379701003177,20
152783783,8.368642813195437e-05,0.0002492312500172449,0.0748128954371178,20
85095065,8.348888018187283e-05,0.00016739643417939924,0.018984317407693276,20
96231048,8.344798266010645e-05,0.0005411706614081431,0.24939150453286424,20
163791070,8.329207131375083e-05,0.0007352439708709275,0.3091231407033864,20
190823298,8.300261398723752e-05,0.0006570707847752558,0.2893656343855472,20
16093865,8.298939629962087e-05,0.0003369677003231527,0.14223786453008425,20
218099577,8.297659819486713e-05,0.0002435466954562748,0.07203257283782823,20
4416121,8.273747693471056e-05,0.0010787213761544766,0.36767809828169956,20
6470057,8.272694595754249e-05,0.00035245338661700905,0.1535152959050995,20
126818262,8.268597148375078e-05,0.00017687371963483737,0.025117119007407547,20
115051806,8.264077165602012e-05,0.0004438425231620239,0.20768363876806367,20
154143443,8.229888093330417e-05,0.0003433174471666713,0.14856427180551773,20
125476111,8.224835679200848e-05,0.00034018434212369363,0.14655870780520613,20
81301664,8.198478512729535e-05,0.0005055970818468738,0.23859047869194822,20
22442983,8.189811303620231e-05,0.0001584531352421151,0.01609322918668868,20
149571929,8.1860860070479e-05,0.00017671955900062518,0.026079723592868025,20
207284273,8.175674463850869e-05,0.000301530575691172,0.12007805492635218,20
47088062,8.174689268072299e-05,0.00035002416066356036,0.15469188900785485,20
166798929,8.156445991533701e-05,0.0002042925568673431,0.04507528597526306,20
27866875,8.148750450950038e-05,0.00039126989301262145,0.18166931904533345,20
39258742,8.148065857188913e-05,0.00029535674842292415,0.11617267252058022,20
201236141,8.140811783092505e-05,0.00023709050017070473,0.07056504772619689,20
124914613,8.140035918668964e-05,0.0005118775538093389,0.2428085284556838,20
65464236,8.118481503973929e-05,0.0001856329545566347,0.032674775532475483,20
72037493,8.107570630766503e-05,0.0002116899353441702,0.05151098067382527,20
41442989,8.10590306702691e-05,0.000360154259482462,0.16340342899571758,20
161394000,8.10126947238532e-05,0.00038826281932631166,0.18123015496127803,20
28692738,8.089233636662807e-05,0.00018267319997768413,0.031164263311727135,20
9271703,8.088381915011822e-05,0.00041013606595084577,0.19441022625238896,20
49191203,8.067114873963054e-05,0.00040070239272028344,0.18960236669134117,20
61060726,8.064308211719329e-05,0.00030727273458951317,0.12750873277724653,20
27291822,8.050447911342184e-05,0.00019993318329905707,0.043820159547721796,20
139438938,8.037982718216708e-05,0.00029984686704867417,0.12266389778114807,20
26440960,8.01967071212717e-05,0.000526538964941908,0.25199811717447007,20
1062638,7.994049265913905e-05,0.00047931909231487907,0.2324403691811775,20
15272218,7.953166619313334e-05,0.0003359418294162468,0.1514957670998886,20
15475595,7.952781644613439e-05,0.00020288750700952173,0.047862418531344875,20
61690161,7.940229281349076e-05,0.000301714090051357,0.12687791253147335,20
60418506,7.923729016513503e-05,0.00039480595578641976,0.19032799258100452,20
6266066,7.905305589940848e-05,0.0003879415006873297,0.18677420628411745,20
42283550,7.89537924695688e-05,0.00017798054393396403,0.030953603851780833,20
236494162,7.877938036845444e-05,0.0003456693165870943,0.16045163470347043,20
49864134,7.869825741611269e-05,0.000263103948578598,0.09839651311279114,20
25284225,7.86478296891796e-05,0.0004553727861070175,0.22469366674157953,20
34042757,7.85221124419977e-05,0.00041512858449820533,0.20406519327638067,20
88510978,7.851856406292379e-05,0.00034071609561866947,0.15783250629441453,20
13676738,7.842603039941165e-05,0.0004605545788119159,0.22784120447264739,20
99125956,7.840505508099893e-05,0.00029054964561799643,0.12115828400790067,20
38920179,7.82911026658062e-05,0.0002411902902398143,0.08145326752767135,20
79,7.825384815572656e-05,0.0004820717432186814,0.23835758948575864,20
173203884,7.822654390753637e-05,0.00038527575105397447,0.1876195642455047,20
114344723,7.81793394059066e-05,0.000580220842047566,0.27695684616817573,20
80767157,7.8170031066363e-05,0.0004072638920344163,0.20069115497008316,20
7066164,7.812064750055136e-05,0.0004418745664644868,0.21945446882161923,20
151381471,7.759703627863989e-05,0.0006371652248816034,0.29616902345793034,20
28637852,7.75571321751517e-05,0.00047750441318949706,0.23823225719036806,20
3412648,7.732092879045305e-05,0.00032676453983379746,0.15161148339122357,20
7016540,7.718619030737395e-05,0.0001611757264637834,0.02269625594684105,20
121576517,7.680815744897374e-05,0.00020987064727261595,0.059074375104420374,20
79691256,7.678126097991344e-05,0.0004626602084835669,0.23352807212416427,20
35449778,7.671496360815988e-05,0.0003177209327415936,0.14687093888146807,20
51155831,7.649000250136705e-05,0.00022788464822544893,0.07488517441556641,20
113101368,7.637236145557891e-05,0.000140567478970486,0.01259603345781613,20
94898936,7.632528393448912e-05,0.0002108254127571092,0.06095818483259707,20
13421917,7.6008629324123e-05,0.00031022861010048365,0.14345014984029889,20
31538982,7.59869209663061e-05,0.00038128538343707455,0.1919692143620053,20
50935057,7.588917252687455e-05,0.00018642505867167507,0.04223610264419392,20
125263221,7.587240005365037e-05,0.0001885868344163848,0.043942746304301394,20
165398168,7.581781951340738e-05,0.00037077110059581504,0.18595904966404814,20
153195334,7.57449814716371e-05,0.0005835784925856638,0.28421407864172377,20
41642011,7.569987664957645e-05,0.0003388793414420258,0.1651744831001703,20
164668038,7.565589088933955e-05,0.0003756920174062428,0.18954083394442683,20
71358495,7.564596042563542e-05,0.0004830862658445715,0.24611746223265174,20
127677874,7.56335837900024e-05,0.00039535992861118114,0.20145806538859384,20
54449109,7.559359930367493e-05,0.00018064777942747656,0.038384486206928296,20
68257083,7.539503085605138e-05,0.0005431266955423118,0.27105145503253314,20
26,7.515314806476047e-05,0.0003647918318700023,0.18421375676162666,20
13040403,7.500489341121242e-05,0.0002847008661687004,0.12663334894216302,20
49755059,7.49890847098561e-05,0.000651105671929963,0.30622424171950324,20
90230827,7.496458044930765e-05,0.00023926255374295043,0.08864029478810762,20
16073452,7.494069706822925e-05,0.00019455109840632592,0.050594219426608696,20
52919096,7.474781113157302e-05,0.0003382254771757087,0.1677027395860361,20
92443422,7.442381711775803e-05,0.00018968784038945902,0.04771748874019773,20
215470153,7.4408480111543e-05,0.00042728928742873264,0.22285013189469594,20
57067275,7.435400434284978e-05,0.00044840170820852575,0.23370802668379848,20
34534669,7.406843574614408e-05,0.00036610004756284115,0.1884531789599561,20
63979,7.401833573315308e-05,0.0003486158837456828,0.17713768420748022,20
48835476,7.395141405043548e-05,0.0002583577839308395,0.1079615322568408,20
71288995,7.373751457978028e-05,0.00029834602103538817,0.14141332008401264,20
159901493,7.360130831020606e-05,0.0003001362894050144,0.14324240718050332,20
28430707,7.35629265626786e-05,0.00030126533950318213,0.14424232807534282,20
105156412,7.347412660189124e-05,0.0003471431139808842,0.17787737037075463,20
123782866,7.342950331666042e-05,0.0005023908987368528,0.26058583836905946,20
135590420,7.337642174553571e-05,0.0006190979652388515,0.30111059254135175,20
60926681,7.335187422305711e-05,0.0003111413654809634,0.15248212869482664,20
108533903,7.328433779449084e-05,0.00047521865061563945,0.24937388143941808,20
29419740,7.32166596892625e-05,0.0002351113963466541,0.0899004982556873,20
36244666,7.305952887199375e-05,0.00037460102436319003,0.19699038651037953,20
103152975,7.305548549742525e-05,0.000608822697633926,0.29887480104579556,20
32097144,7.305448042919105e-05,0.0021896148134556586,0.44148066440312184,20
9019654,7.28673961652132e-05,0.0005335453607317367,0.2742950473526151,20
73480013,7.283966237896789e-05,0.0005129800173429923,0.26649670452788476,20
12672956,7.272896857842548e-05,0.00027786405527151833,0.12812624001663575,20
22682610,7.269887260470398e-05,0.00033018696011347836,0.16858433187875604,20
21630897,7.265404217155214e-05,0.00027454585124583517,0.1256082843890393,20
25834070,7.251143855747655e-05,0.00010922121538256216,0.003941822529923999,20
30853843,7.24577578568003e-05,0.00020803703924961904,0.06791309557071747,20
3268053,7.22469144251614e-05,0.00036310424030006056,0.1923450604749843,20
68857256,7.221180026799334e-05,0.0003708161603797748,0.19734190042776678,20
56266410,7.211228830094063e-05,0.0008882728494899667,0.36028407341604973,20
27500325,7.20269465287443e-05,0.00024148771323748416,0.09900741979745523,20
20626505,7.190251512487478e-05,0.0005340277139081207,0.27710074848752364,20
25489283,7.189180116336513e-05,0.000304050458060343,0.15178921122831743,20
38,7.18482883964977e-05,0.00046150778570827557,0.2473574550494888,20
48289065,7.16867513968239e-05,0.00018063664898771667,0.04597788616093325,20
57269661,7.129668383774323e-05,0.0003797601676850775,0.2057852256668362,20
122177256,7.113721634825209e-05,0.0007135096572280105,0.33036384284263387,20
90609164,7.098927179641223e-05,0.0002549878887933801,0.11412490687426861,20
19481492,7.094403851045927e-05,0.0005375397736209742,0.2809961564120375,20
70978662,7.093122755219005e-05,0.00019988609121586155,0.064510551468411,20
49243392,7.082801815740114e-05,0.00040414662476961547,0.22142224302077307,20
21004578,7.059695340692895e-05,0.00042379685849634974,0.23270067115022813,20
125143834,7.042450210010542e-05,0.00018937987378432486,0.05635543684582323,20
47052067,7.040716207698527e-05,0.00022236181993635562,0.08647640674532342,20
184216307,7.035163914172193e-05,0.0003825184449946848,0.21049723514754237,20
140166713,7.028311582592262e-05,0.0003971467298502052,0.21922979008328403,20
101289596,7.005445403135135e-05,0.00018599912263101323,0.05423257880880702,20
9872225,6.966518102883567e-05,0.0005780143456370475,0.29807194804951703,20
156587887,6.962374845715657e-05,0.0002831996789956287,0.14265182545900398,20
260544,6.941563600947332e-05,0.0002778635671456611,0.1389135493912761,20
133388628,6.914655545813553e-05,0.0004831417161611194,0.2648931014616607,20
107313403,6.910629592993823e-05,0.00031575073979410966,0.1699922155966943,20
33256253,6.8961730258707e-05,0.00029805132112819,0.15689036851205182,20
99084921,6.889401147353868e-05,0.0002390460120669518,0.10645495836370636,20
4865181,6.880505286472882e-05,0.00019392606589937206,0.06453987430056235,20
81483550,6.87197841819004e-05,0.0002233203530830814,0.09238857148795805,20
9,6.827783476820448e-05,0.0001806919802029882,0.053696332916199824,20
94739161,6.817229603676422e-05,0.00026200471893327335,0.12949024625821356,20
52951549,6.803622872387782e-05,0.00021964370979439532,0.0910086880749695,20
10821300,6.79742232441688e-05,0.0005210694096202245,0.2832439875936317,20
94185703,6.789549284652307e-05,0.00021387599498281257,0.08594874244537261,20
35696096,6.782870070684844e-05,0.0002384692483206403,0.10935640821915117,20
241900281,6.781732858510692e-05,0.00026522356739559945,0.13351340429835087,20
98903394,6.776474081980343e-05,0.0003054595785355869,0.1668029084679542,20
81291355,6.765780601581118e-05,0.00027516337984594114,0.14261813541909757,20
162903707,6.763768310101281e-05,0.00027152756290973074,0.1395843521712927,20
4613920,6.763218923070414e-05,0.0003606735636697966,0.2060605591260306,20
49854117,6.742757823305634e-05,0.0003998925037072783,0.23002685951586122,20
59070191,6.741380177751055e-05,0.0002727866568045045,0.14143618362707763,20
65663548,6.735945886104933e-05,0.0003519498999221438,0.20135404069143092,20
118133154,6.718094633826887e-05,0.00031866699410224237,0.17880652619568954,20
153784268,6.712012416267842e-05,0.0006976659240610315,0.3359274616902657,20
109160306,6.688389931847893e-05,0.0005133035166754499,0.28346592579242924,20
50489945,6.657195232176727e-05,0.0002893683663716854,0.1582335600117664,20
25722066,6.636428043116371e-05,0.0004312686091980451,0.2498282930488751,20
106312642,6.578962695047986e-05,0.0003636342490466431,0.21423410690800837,20
64006012,6.572064377266262e-05,0.00017403542219932897,0.05380090122077541,20
77596104,6.568674401526974e-05,0.00028925008912140954,0.16129139433398282,20
108938840,6.556632996246314e-05,0.00028932383123622354,0.1617839343818117,20
3262710,6.555024051984327e-05,0.00020803740078568088,0.08747832023776157,20
178886827,6.553595393990752e-05,0.0003342547367950368,0.19576458669725477,20
103355145,6.546272841821132e-05,0.0002897129148744551,0.16247344085909438,20
213667581,6.53243861325481e-05,0.00047325025356518934,0.27218083049857433,20
78819538,6.513009383465329e-05,0.00025666350844950143,0.1352795391703974,20
5216432,6.511682208689695e-05,0.0014517233953626086,0.42157269544896536,20
88854883,6.510489744313286e-05,0.00021133146536795683,0.09214938685674713,20
10619702,6.508579659396107e-05,0.000344352317098048,0.20423798238794905,20
169309503,6.483346198740692e-05,0.00019849111268613863,0.08021338432771519,20
186821353,6.453200123845703e-05,0.0005081530734991743,0.28836622226472075,20
140465673,6.447684214479499e-05,0.00028062471128652804,0.15853860645492313,20
135476121,6.445524685728676e-05,0.0002607901721434727,0.1414139594591187,20
135028674,6.430795911447074e-05,0.00046705389772194625,0.27267911231045167,20
46107752,6.423966645910106e-05,0.0004742939855914694,0.2759348531978232,20
167808253,6.409925973600294e-05,0.0003491293811595752,0.21089402781735028,20
47953365,6.395818761088523e-05,0.00020263747504891007,0.08712705415471092,20
143331938,6.395301788405805e-05,0.0003303166865244301,0.19868564054045657,20
121461074,6.392964794346423e-05,0.00030116695983658186,0.17719029179627954,20
75304870,6.389997865029473e-05,0.0006617439737586953,0.33535824413710746,20
30444009,6.3644413785513e-05,0.00021029905274503016,0.09590001891414301,20
65023739,6.336811202868609e-05,0.0004322961164675952,0.25998727318916487,20
26485461,6.287766042861464e-05,0.00024412868770839937,0.13183726989160754,20
199851370,6.274429053683695e-05,0.0002471116689426408,0.13513891090375943,20
54854441,6.256897553955088e-05,0.0005169457576029261,0.29729956627864346,20
138679839,6.248763447206096e-05,0.0001703065198686357,0.058635881732198684,20
60299129,6.245406077868553e-05,0.00029438534926909177,0.1773259236939304,20
66425432,6.242836644545225e-05,0.0014522137854164137,0.42479312032194483,20
13211607,6.231709597468438e-05,0.0006665948183989081,0.3402876253160686,20
188221282,6.197621686852839e-05,0.0004580495851868044,0.27613575156699743,20
2464025,6.192131738807228e-05,0.00032983695312026757,0.20579529483626452,20
57141231,6.191642713966327e-05,0.00040119352505012506,0.2492106266066964,20
154195839,6.179424675520073e-05,0.0001664003391444512,0.056586600709371715,20
1817310,6.156208664462315e-05,0.00027142758311515303,0.16158710045330538,20
212666750,6.152032892903503e-05,0.00019308817610300713,0.08520609126697862,20
95316767,6.130117563658e-05,0.00030732804849099583,0.19176645793286978,20
26868490,6.118196507027274e-05,0.00015457239290900048,0.04637500751671965,20
46887918,6.115726364145646e-05,0.0002513398863726838,0.14506300356991714,20
14426472,6.113662675243381e-05,0.000152260317920592,0.0442334083755836,20
811215,6.110412135704457e-05,0.0003990343539064729,0.25086408662780124,20
28210824,6.0988405308476376e-05,0.0003234613338987815,0.2047984615629198,20
126144694,6.0906331082991036e-05,0.0006210559744619784,0.3329568884584872,20
147450806,6.067960181545262e-05,0.0002187132426689874,0.11490125201018032,20
164467850,6.042217061099642e-05,0.0005303138096359076,0.3081204986858792,20
137831854,5.988912175264038e-05,0.00026637207514999513,0.1636496405220259,20
85237518,5.9880865490608004e-05,0.0002263812019243712,0.12571217967303652,20
188421362,5.9859902508493934e-05,0.0006745323088751541,0.3479429361944616,20
84671390,5.976767127197635e-05,0.0007342363448833118,0.35992502586607156,20
63862634,5.952699419933261e-05,0.0001762542576028333,0.07369807122346796,20
12422187,5.9488184731290585e-05,0.0003419800987431654,0.2230927238946867,20
30094716,5.9424702284974205e-05,0.00026074022903586365,0.16044770483039578,20
225907498,5.931176037698438e-05,0.0006954056363051011,0.3535572292595404,20
186618521,5.922418894585557e-05,0.0002712257097864234,0.17053746556697746,20
24759510,5.9200008627263714e-05,0.00039849266161476847,0.2572151006197324,20
28125117,5.9026558599564737e-05,0.00023100551643881129,0.13367511383148586,20
85887865,5.900889226613248e-05,0.0004386867754583128,0.27728928820920595,20
74092923,5.89790904326426e-05,0.000544769579172716,0.316898650705981,20
144448111,5.8598272788112916e-05,0.00033779140253394204,0.22370766926670055,20
46431023,5.8463834633945554e-05,0.0003318475960122058,0.22024126670053334,20
6617744,5.8412526287615615e-05,0.0002428802011643314,0.14779960121921185,20
92124078,5.831940883555542e-05,0.0005000861433220598,0.3040103711805598,20
42140266,5.8209157720801044e-05,0.0008487373571724944,0.38119868365921916,20
41227042,5.819589080443e-05,0.0002456352593291151,0.1513195920502907,20
114415368,5.796413877514894e-05,0.0003926476186735214,0.25852695369559364,20
30693816,5.779313236408679e-05,0.0007183761296725177,0.36148912196826277,20
31241101,5.762778437556626e-05,0.00030867909707199244,0.2070718833398864,20
115016016,5.759710633039261e-05,0.00017775111792838095,0.08180491403016527,20
58802047,5.7548493257916776e-05,0.0001870190454436422,0.09239115723211677,20
113739357,5.72749960626423e-05,0.00012264849014768735,0.025228598568503922,20
27123832,5.7240239896819146e-05,0.0002749359158325817,0.18174745764320882,20
49791659,5.7176178962026204e-05,0.0005643072785006339,0.32779674387110636,20
168473552,5.71617303109534e-05,0.0008733480647264293,0.3864594052864258,20
14939241,5.715663795988202e-05,0.001019936777468925,0.4024006436926082,20
172078262,5.709512109890735e-05,0.00047541554122501893,0.2987225553006517,20
91313475,5.691656791723954e-05,0.00032511022263659485,0.22165896621922954,20
82285129,5.6863542584986714e-05,0.00020837902999787418,0.11862583089566343,20
50758040,5.6793713063804654e-05,0.00041078386656900163,0.2718583732321268,20
106920064,5.6695842039758414e-05,0.0006418723409381192,0.3486143741613052,20
86513226,5.659064702545069e-05,0.00014175346608475504,0.04508813843620794,20
56955847,5.651270231758487e-05,0.0004062896731410746,0.27065123525111723,20
47152813,5.6352521353936204e-05,0.00040933210518688534,0.27270668430888256,20
27629882,5.603701281851337e-05,0.00021611354828396923,0.13028875835224893,20
62456562,5.6010870883091425e-05,0.0002625455616001398,0.17601361194449905,20
25064984,5.597185842344532e-05,0.0001528254720248399,0.058948128829059684,20
134563476,5.58758711707047e-05,0.0003337283812654194,0.23158382436561697,20
84771531,5.573521662348979e-05,0.00031985650638052555,0.2227087848852719,20
74475283,5.570111528792054e-05,0.0005030193873569992,0.3130632851066609,20
19154566,5.5698362212686095e-05,0.0003266647241426502,0.22755435718145972,20
44049617,5.568205010499927e-05,0.0004725767644709579,0.3021682485506055,20
20236625,5.5599681424617356e-05,0.00041300084734054426,0.2771273743143864,20
213495380,5.5593003065329547e-05,0.00014475777014115365,0.05107319675963931,20
113864109,5.5570038019683855e-05,0.00019196512123490183,0.10548678280522263,20
78289821,5.5238309337654615e-05,0.0002175454262754242,0.13513385946190243,20
49605671,5.523033273581446e-05,0.0005265730002051488,0.32217996338776567,20
58283385,5.5037641219662926e-05,0.0004031049683947221,0.274349858002029,20
101752468,5.492673195198472e-05,0.0002465519552838118,0.16581215866457555,20
81421353,5.490310471900906e-05,0.00015721204344892276,0.06741850292412103,20
114050658,5.483083833766611e-05,0.00019053200865348457,0.10678006766823434,20
55045155,5.4666500390995744e-05,0.00015756893061130784,0.06863392041582464,20
88899205,5.4654142126794866e-05,0.000433418269005453,0.2896965803809032,20
95321506,5.4604149899753486e-05,0.00042127878428641064,0.2844781558990057,20
49289448,5.451905607198604e-05,0.00010434897306536232,0.015284052927736446,20
115520416,5.4512350867574885e-05,0.000511118233355656,0.3194127608956225,20
46831206,5.45115437894067e-05,0.0004752342353610723,0.30694097887668037,20
30068583,5.4290528660091984e-05,0.00029519558171300236,0.21050124044795432,20
16814624,5.419329502590331e-05,0.0004891269543997623,0.31296659020671896,20
65470749,5.4180421621866095e-05,0.00034740781384430357,0.24698175632096758,20
18489082,5.408008432157552e-05,0.000490354838490337,0.313754255536815,20
25888830,5.405075971056106e-05,0.0002031788269209246,0.12440909587440127,20
96946291,5.396784739404026e-05,0.00034667654238655844,0.24737058186388156,20
34334556,5.388112949554213e-05,0.00026798105443588774,0.18990532279875288,20
94316135,5.379087312542552e-05,0.0002515507068888582,0.1754635059142169,20
72660154,5.3674812104068104e-05,0.0003783653621594716,0.2666871916629018,20
116503846,5.363938327910822e-05,0.00026327046503477535,0.18681233257662938,20
7618759,5.356556961291503e-05,0.00024570911762689297,0.17091928802254952,20
144648478,5.3493370226295744e-05,0.0003610439813804527,0.2577707831436289,20
18216100,5.318692846714712e-05,0.00032355555249110197,0.23561537829887225,20
74839689,5.31397055854338e-05,0.00023573044760938223,0.16302857487925398,20
32018030,5.292260467448795e-05,0.0004098408808509541,0.28519618716850814,20
164592465,5.289197177213989e-05,0.0002876846857539918,0.21057544472507378,20
75017703,5.283375827931369e-05,0.0003097756026716674,0.2274908853449082,20
43885399,5.275719674672774e-05,0.0003868227335832878,0.27456489703173825,20
167107415,5.25720358869719e-05,0.00023759205684992663,0.16741469325203984,20
90333261,5.2536494818811176e-05,0.0002791087586807825,0.2051886971303496,20
68266162,5.2406582063371784e-05,0.0002182782633585868,0.14819842877307038,20
185028458,5.234098958283584e-05,0.00023213871460951588,0.16297924129720265,20
103735338,5.225806028001378e-05,0.00015598011522808107,0.0752429807548982,20
101442703,5.221335506399583e-05,0.00023880698378372976,0.17023021922720916,20
31307753,5.213229291144428e-05,0.0003801684163974092,0.27348763876257265,20
24847178,5.2110219906878474e-05,0.0004897458206697098,0.3198045064275289,20
62080663,5.210433661625713e-05,0.00047613788806487306,0.3150834673453874,20
18680670,5.209944717432524e-05,0.0002444959759160962,0.17628783398569808,20
56255724,5.20573397566948e-05,0.0002479370360827916,0.17976321296906933,20
71081941,5.189903091319392e-05,0.00043490380159559816,0.2998757167960707,20
66664663,5.17695820416747e-05,0.0003009689673300995,0.22560107916079347,20
35905513,5.159121993672522e-05,0.00039228878912340044,0.2816804728619558,20
112211032,5.127387478685019e-05,0.00031304468903044756,0.23640331397671893,20
71790334,5.1199334251081365e-05,0.0020325674412131818,0.4557445457430382,20
48954421,5.0992803949193034e-05,0.0003598904938706091,0.26692993022461275,20
43443120,5.082580394710767e-05,0.00014992604508245924,0.07298016680849062,20
30039957,5.068430097902587e-05,0.0002798654260005608,0.21400846289696618,20
97885616,5.0475427419047204e-05,0.000544835987206965,0.34164220447826676,20
45050208,5.0045443019666734e-05,0.0003634553487252748,0.27267189744978343,20
22061952,4.996042199061079e-05,0.0004430721129428254,0.30993325177791453,20
48911866,4.981219323801633e-05,0.0003280219262581533,0.25262504277896736,20
131881770,4.9782813589110964e-05,0.00038092813213842433,0.2828949321290538,20
52756698,4.96523186325537e-05,0.00022850854237953583,0.1716935488800161,20
105841798,4.964318152383407e-05,0.0005543528274605034,0.34663266852096564,20
172806217,4.9631071003386486e-05,0.00040161575518937476,0.2934700604999273,20
53466772,4.9450686787930186e-05,0.00019791048943255469,0.13887183565051386,20
52845548,4.937433883995812e-05,0.00017864746819300434,0.11576047392515877,20
69688165,4.8989724089265606e-05,0.00024346812600670265,0.18972782646288483,20
46908828,4.896432737050149e-05,9.384597513568656e-05,0.01538528969960419,20
128558727,4.88583448701313e-05,0.00022044587768356406,0.1670272188964168,20
164192368,4.8851001647345905e-05,0.0002708140888962573,0.21490835368715755,20
102929715,4.884316876132832e-05,0.000283596098288847,0.2253184203414752,20
118522665,4.8800147406288795e-05,0.0005070693137723155,0.3358748597158686,20
62661961,4.873674166630537e-05,0.00023790249074904227,0.18553211712706064,20
35098836,4.8619448709136257e-05,0.000266954023257337,0.21272642411901227,20
60849915,4.84325070982311e-05,0.00019723771031232438,0.14293031256087477,20
17653367,4.818962136250437e-05,0.0003267990697768014,0.25875765122430194,20
122953330,4.773028159003878e-05,0.0005367936963754849,0.34766000069438935,20
43249254,4.749584720244726e-05,0.00034553848192682933,0.2730172886119503,20
12870334,4.723711859498103e-05,0.0004614618088280517,0.32614905242354886,20
118611118,4.7213191998535245e-05,0.0002828340487520146,0.23224293607336444,20
42746809,4.7176331854345555e-05,0.00019023806322241004,0.14062987093907395,20
40053748,4.6897741714654886e-05,0.00039430877032296303,0.30047980167892097,20
102490732,4.6789493348919906e-05,0.00024868580734557083,0.20528938439265726,20
99485426,4.669484978427618e-05,0.0006739544236661145,0.38002336174412543,20
93212161,4.666714176294329e-05,0.0004308456382309772,0.3168193166999189,20
96108384,4.662876963570373e-05,0.00028508011564499624,0.2367062080548759,20
58455591,4.6618673284970494e-05,0.0003017748384480367,0.24900301762333005,20
89055189,4.656540678169008e-05,0.0002041855274243564,0.16029605804696423,20
37678814,4.654885461227165e-05,0.0008440706053477786,0.4039199591414231,20
121724910,4.653020961736254e-05,0.00016214430500251738,0.1073995240780996,20
115065082,4.6495414275110616e-05,0.00015549057652692095,0.09846145515392558,20
56646809,4.643796627456509e-05,0.00019561181607054664,0.15084543916513976,20
77,4.6434014092205934e-05,0.00045429425416867954,0.3263901500913737,20
141762780,4.619113388662777e-05,0.00019724726067861268,0.15405565351766465,20
116169445,4.5963692878617234e-05,0.00022990804847689868,0.1912329276231352,20
167872184,4.5944035462427976e-05,0.00011744802266089649,0.048175421697172954,20
142244277,4.5931646196537e-05,0.00029577462925943623,0.24789009613721924,20
39846872,4.5726734227205526e-05,0.0005512789820553582,0.35738977831081764,20
43461665,4.5686353029841806e-05,0.0002017889742408999,0.1620051543529188,20
93644159,4.559095330089469e-05,0.0004126553194605275,0.3134531142395989,20
65871131,4.55485391097854e-05,0.0003340591904414573,0.27461895700258954,20
154384684,4.551620636901732e-05,0.0003587418455908515,0.28853871693874295,20
48517615,4.534228854690126e-05,0.0004579370796998644,0.33145343168379315,20
24119079,4.5324945487312807e-05,0.0003039635374455267,0.25644147514157756,20
19,4.5315538228177246e-05,0.0005224034597658254,0.3511890297194443,20
83670415,4.524725654269646e-05,0.00035321289903629744,0.28671886691317094,20
6020084,4.515560650526773e-05,0.0005175256362000132,0.35036186863472996,20
3262308,4.501356113761068e-05,0.0006491974453635731,0.3799356914597607,20
141243646,4.487269816249306e-05,0.00035174005376359255,0.2875034860024554,20
40860553,4.486930983408355e-05,0.0002489512431749414,0.21510005505482593,20
103,4.4665846066896386e-05,0.00019175063770145604,0.15530663331958647,20
66677481,4.4508641126234094e-05,0.0005606907572493613,0.36324760722045885,20
50405822,4.450382589228086e-05,0.0003601229009873825,0.29346847886048,20
23727507,4.449822266030523e-05,0.00016964280894538817,0.12763339059797627,20
32236408,4.443628280776934e-05,0.0010587615606594608,0.4265525477560904,20
98840082,4.441026498544498e-05,0.0002421663664552644,0.21115507219144558,20
139079899,4.4141311655146456e-05,0.0009167252296201615,0.415899163267991,20
68511137,4.393393098963416e-05,0.0006152533095806123,0.37647443431535665,20
3065300,4.390982336297256e-05,0.0003372255116231748,0.28360134377976404,20
36858145,4.3640763313787526e-05,0.0003871556807532852,0.3099912740298713,20
29445193,4.356506453395692e-05,0.0002727811689905714,0.24188355854753996,20
99303977,4.3512259535061214e-05,0.0005182242711899502,0.3557243297897881,20
43449385,4.3433628140593375e-05,0.00015170503117053688,0.1079101868267954,20
27286238,4.339180577349611e-05,0.0002899011998477145,0.255653044078926,20
68086162,4.329862911681692e-05,0.00019424053698169558,0.1656715894290816,20
44066406,4.304401279575099e-05,0.00046225946302475804,0.3408809713360933,20
27090719,4.297717575605098e-05,0.0004639747067916528,0.34166645857628375,20
99325271,4.29508872229728e-05,0.00018189843512042656,0.1521087999143489,20
14490966,4.2890590505620385e-05,0.0003442549040510638,0.29195406385574,20
26689621,4.2799905535559346e-05,0.000586520068730479,0.37386589781759494,20
22263473,4.2792022762894176e-05,0.0004558250491243227,0.3396572998840851,20
3264267,4.271753046687088e-05,0.00037150109027662054,0.30650883719089983,20
68028283,4.269877473631611e-05,0.0005206625789189328,0.3589278393161607,20
171201192,4.23126547752728e-05,0.0003159586986043977,0.27815649337470894,20
81701911,4.221386229237289e-05,0.00033809351913169957,0.29155155094634433,20
80419872,4.220600558496601e-05,0.0003534025642197194,0.29973453828770835,20
230688986,4.210675217663773e-05,0.0004108322522985845,0.32594828050433466,20
155697818,4.204375280603134e-05,0.00031112433527320343,0.2763827152230742,20
142370884,4.1890422673310225e-05,0.00041395882139891955,0.327996562537367,20
70352685,4.1877092074860125e-05,0.0002614503211513099,0.24125547622068116,20
49649410,4.157817993551693e-05,0.0006532666237714001,0.38950105105787736,20
22516639,4.141720375538394e-05,0.00014181601969885424,0.1035582773429789,20
135426843,4.133349162769306e-05,0.00019307409587782193,0.17519527937748375,20
43451585,4.131864995513268e-05,0.00024790757518706314,0.23258514257463092,20
34296022,4.129852173628268e-05,0.0003217256944975454,0.2863277714149003,20
98525695,4.129316249285864e-05,0.0004158120026600285,0.3309879061189438,20
19513337,4.107522334031721e-05,0.0002610149668200163,0.24505652273857031,20
10219129,4.10171165473705e-05,0.00015178549379430694,0.12083890004379139,20
73359534,4.099178757124011e-05,0.00042628158713783497,0.33600000631071353,20
180224324,4.084788524272576e-05,0.00041149235165472846,0.3310508310971335,20
50671370,4.082334078025496e-05,0.0003536357852286037,0.30581506084056076,20
77242076,4.08152366554615e-05,0.0012662949644923482,0.44345158544806434,20
76488846,4.0454005465204165e-05,0.0003855202637470246,0.32210595140038334,20
48754129,4.036529234323627e-05,0.0006168599235269043,0.38648387343427015,20
13823588,4.030652150135428e-05,0.00032918891740054237,0.29517883363318054,20
106532398,4.0262841113644644e-05,0.00046853672826857877,0.35250996288281045,20
97323161,4.024506063478872e-05,0.0004197727568975633,0.3364601871377533,20
30930418,4.0160701669514356e-05,0.0002840983261767754,0.2673984264612892,20
218273211,3.9894995893804964e-05,0.0004395093254024529,0.3446598173169436,20
87956573,3.985469196673974e-05,0.00013746891855840395,0.10515603004087157,20
159392025,3.982966301558644e-05,0.00064321964558223,0.3924139495315168,20
33447549,3.958069106780315e-05,0.0005250174807203316,0.3698494340692716,20
42347659,3.9508830703871564e-05,0.00022110327562269413,0.21704775899562445,20
163795102,3.929433559659301e-05,0.00019535258501513487,0.18980956584600006,20
29619742,3.9273793309940744e-05,0.00016107168555117975,0.14457964370481607,20
68351510,3.9217762180163154e-05,0.00034047750444414965,0.3062048058612779,20
219300973,3.9133060384649585e-05,0.00030690273711341865,0.28759831037244954,20
44085579,3.908600941453788e-05,0.00020665166238383766,0.20407945081580514,20
8835907,3.874823986722842e-05,0.000326809801674524,0.3010442968118522,20
23832634,3.845736856927795e-05,0.0007537429857171002,0.4109732831974626,20
120523463,3.843105435870908e-05,0.0002665061634226435,0.26335256596885825,20
88112010,3.841914364565158e-05,0.0003637135141569311,0.32101356190500213,20
34848927,3.8361703606495937e-05,0.00029801755913151255,0.28579823221472156,20
86107574,3.831873529551166e-05,0.00014863688772912936,0.13162089616571981,20
67293254,3.8030998886964815e-05,0.001227085259652968,0.44561051402514207,20
118348884,3.771286125800188e-05,0.0004094227987327368,0.3424973387497423,20
72559060,3.770711500667989e-05,0.0001273118423737602,0.10051576178384396,20
86824720,3.7547360722706145e-05,0.0003805059240950183,0.3319887391103521,20
163395026,3.73140005376138e-05,0.0004771366361551502,0.3651906820609858,20
138393137,3.721534024263562e-05,0.00034065443157974863,0.31537028241397047,20
59262730,3.712214932495017e-05,0.00018054719144388484,0.18467751778170471,20
58658606,3.693933094814916e-05,0.0002498530953123551,0.25821774473979076,20
32894699,3.672452794340753e-05,0.00013898418283716035,0.1259529600530589,20
104556129,3.671830163445855e-05,0.0003221784990079174,0.30807102853006807,20
33098719,3.652606589702734e-05,0.00016686149736476157,0.1699523234513739,20
40640433,3.642071068881425e-05,0.00017105341364147882,0.17647455026231573,20
90208883,3.638040573183121e-05,0.0002964295367386326,0.2947472353277121,20
64883740,3.6281686687780755e-05,0.0002588634205555085,0.26912353167157793,20
65091031,3.617380536037329e-05,0.00035403164126713226,0.3264446998328807,20
56759884,3.6112382561470643e-05,0.0005996135939650087,0.39528593575749915,20
121524909,3.6083221819174784e-05,0.00025386677526148874,0.2662950700279326,20
93104854,3.606237470623608e-05,0.0005988943630746093,0.39530487368051753,20
68976415,3.6041155390997835e-05,0.0005645238376567076,0.38916884945421615,20
22881112,3.5991569145960024e-05,0.00023960916597805002,0.2549122593751522,20
112135951,3.596757474677859e-05,0.00016387713121678875,0.16933047093510378,20
90512684,3.5915981143305745e-05,0.00016836748657932446,0.17603427162874263,20
46107692,3.573276463435249e-05,0.0015330915164266685,0.4590376577506503,20
73238165,3.5640538712261585e-05,0.00022647207658212922,0.24504908670663172,20
163590984,3.5459069241389193e-05,0.00015018732694159048,0.15213539226114928,20
124728429,3.542223220166785e-05,0.0005271053100220309,0.3835168206221377,20
84295995,3.5227783073349396e-05,0.00028002391679141005,0.2901404155291538,20
31047046,3.506165566652397e-05,0.0003305714640110132,0.3203346391855048,20
83197173,3.501118605508391e-05,0.00023020663827724852,0.25230706058971447,20
72478323,3.492298879855249e-05,0.0011070041614187865,0.44464441302782115,20
78078512,3.489944689124558e-05,0.00023384427200027916,0.25626106213754507,20
127477803,3.465275668775858e-05,0.00024465058134599723,0.2669984259277832,20
201252335,3.457151480598386e-05,0.0005879175008245169,0.397699606391436,20
54721055,3.453699707599844e-05,0.000260370134889375,0.2800182593630909,20
56655739,3.450921254581907e-05,0.0002568486907674209,0.2775173655628398,20
45447667,3.436938099561637e-05,0.00022409512122669473,0.2505335659593988,20
16023669,3.432898353310232e-05,0.0005506092153549024,0.3916954524899242,20
40058846,3.430474636012537e-05,0.0003398369104721845,0.3283920005803669,20
18482665,3.424065184862157e-05,0.0003255834455334453,0.3217396229867836,20
110809371,3.421891551935452e-05,0.00025116468484067333,0.27477529254781025,20
118268613,3.4217497508950975e-05,0.00043163980498590085,0.36342650253750897,20
176605043,3.410572330149742e-05,0.0003357250382854104,0.3273742251027536,20
78887600,3.402938780426301e-05,0.0003868499281796779,0.349204357418342,20
114102167,3.400247400649481e-05,0.00023824690862201642,0.26546118157654275,20
29245073,3.366368050549129e-05,0.000315363698804335,0.3192682316295821,20
42861098,3.3617724346546306e-05,0.0002023006957785837,0.2332358296754401,20
84403409,3.359674507540655e-05,0.0002500679821046653,0.277525749450419,20
129366558,3.351579960649553e-05,0.000335203980755747,0.32991039618241513,20
170600329,3.341922758452187e-05,0.00021369070462596437,0.24638814470918924,20
67272418,3.340625912562067e-05,0.0002537755888278127,0.2814987369580235,20
101151879,3.3325021361407804e-05,0.00025159032971561814,0.2802942857966786,20
140761280,3.325240277887442e-05,8.375745221769064e-05,0.04592010960312098,20
3814857,3.310366732386383e-05,0.0003386106696111269,0.33344386081014865,20
52056672,3.297548854614141e-05,0.00042785654151434975,0.36706282685406905,20
71282217,3.291389015476765e-05,0.0008562088666103806,0.43266100174321764,20
54320299,3.2839206788876084e-05,0.0005732128869968835,0.40027209731521823,20
105957432,3.272207391831205e-05,0.0009073745904792529,0.43678936141907365,20
58324690,3.255489115736587e-05,0.0004238916922233429,0.36751184127114234,20
18626069,3.2372425638535486e-05,0.0001603624415523268,0.18896996372772773,20
14471838,3.187292615999537e-05,0.00031217751217769854,0.3265678848444788,20
131769739,3.1699195151563274e-05,0.00040130518809198553,0.3638931631989494,20
34042693,3.16908258205989e-05,0.0004164901446829938,0.3686873287965108,20
46953957,3.159857638984076e-05,0.0005922205580287537,0.4069791505671885,20
2814275,3.15728237724161e-05,0.000269513935387196,0.3032035245111959,20
46200690,3.137002807098998e-05,0.0003546548903802952,0.3484141447101836,20
86,3.133483814894422e-05,0.00025693541225524504,0.29591074740590945,20
56446157,3.132094776671923e-05,0.00023507735895574093,0.27915279754600164,20
29819746,3.1294868731140954e-05,0.0003442766065083421,0.3444519867478813,20
95721981,3.1184850865406674e-05,0.00019255236147169898,0.23885753891709532,20
38035082,3.101950169626944e-05,0.00018308940617446206,0.22896835856805253,20
45952352,3.101031090007589e-05,0.0006550579352859576,0.41729384976790596,20
16080657,3.0739403439516974e-05,0.0006240276919418803,0.4139952145791961,20
7671816,3.063372509777562e-05,0.0004692539059009481,0.38674474865588426,20
31841608,3.057179455482617e-05,0.00032679559639822194,0.34018402286649746,20
82089727,3.0515572077619012e-05,0.0005546684766305672,0.4041454025718899,20
209463063,3.0515098801353612e-05,0.0006117712268675855,0.41293093841152295,20
31422619,3.042332464749109e-05,0.000317424635456525,0.33650688492187636,20
165392115,3.0369436669655526e-05,0.00030765821996327127,0.3319344578876228,20
91456777,3.0298813831713954e-05,0.00045575657724756933,0.38472847523624726,20
180012343,3.0067594497545923e-05,0.002722315557068906,0.4805603850233374,20
32499100,3.0023508874482686e-05,0.0003809562639430854,0.3641889769217449,20
125863700,2.9928157581618485e-05,0.0001696593358059,0.21995448575926713,20
46256269,2.9926647248684768e-05,0.0005562330097709587,0.4062167209899704,20
22242761,2.9862875512534635e-05,0.00036020080504316324,0.3574560358731053,20
156984216,2.9658743914776076e-05,0.00034355310053592184,0.3518644202488802,20
1801065,2.9622275960017318e-05,0.00025428962475342916,0.304206564625662,20
27666843,2.9408432864905243e-05,0.00028718356177548105,0.32608780095173606,20
27887315,2.9347158917406024e-05,0.00044692756741641085,0.38610093724471456,20
65684251,2.9331986910258178e-05,0.0002834236992078827,0.3243720429146133,20
102533508,2.9134344755130103e-05,0.000270621067854228,0.3178446786279703,20
90915669,2.897019294512415e-05,0.00029930035641163497,0.33499094457510026,20
51407949,2.861015041869808e-05,0.00021612522892202363,0.28041135558994146,20
42444502,2.8513741711683194e-05,0.00033289971936936366,0.3529672067907612,20
94721058,2.8275339902783524e-05,0.00030975411664412527,0.34383406706590003,20
92057677,2.8267593499028964e-05,0.0002789410789521079,0.3277683766118188,20
25928507,2.8199152541508178e-05,0.0001950367945634081,0.2628133093695877,20
24,2.8106630001048517e-05,0.00017193453632699068,0.23682744690504126,20
99652160,2.783839104771313e-05,0.00047663032757753126,0.39837331472281756,20
107095259,2.770630516400474e-05,0.0003123029556101187,0.3479862402503964,20
92880148,2.7542370808039674e-05,0.0002695630735771773,0.3264488583201649,20
53463164,2.7501336647656193e-05,0.00046119943123568694,0.3962966194698785,20
92879142,2.745902968923908e-05,0.0002331372850019736,0.3022382356317349,20
142571152,2.7458859699525107e-05,0.0015998303446762476,0.4698093001682506,20
60144080,2.724607519418165e-05,0.00016734894555189427,0.23771289100949283,20
134259962,2.7169576209595815e-05,0.0004437255132346865,0.39358441572948943,20
87309955,2.715364453114155e-05,0.0002922237812469411,0.3411959233779617,20
119469919,2.7020756921045108e-05,0.0002244683598887943,0.29829638077148835,20
23285018,2.701589554969519e-05,0.0001818003271959438,0.25715608481146307,20
23485126,2.6860425837774148e-05,0.0001784962878598111,0.25453336991220915,20
32713031,2.6843803648268772e-05,0.0006993876674805676,0.4327642617587234,20
64061227,2.674634330628034e-05,0.0002509814477122281,0.3195473673215907,20
20679909,2.6553139639148848e-05,0.0002909300982701613,0.343855609233925,20
10270938,2.638527179290584e-05,0.0002606743274418443,0.32795759705241934,20
61858098,2.62408748192694e-05,0.00029630310821071804,0.3482379112929378,20
109360772,2.623222598348296e-05,0.000257127325708756,0.3266915939607228,20
116466495,2.6152011368105187e-05,0.00045564809930964467,0.40009268656035263,20
53752080,2.6103658862647316e-05,0.00019251576521228794,0.27571733745994925,20
97684186,2.5919062909871005e-05,0.0003947803543336924,0.38611751483847156,20
92724547,2.590662127730514e-05,0.0005569956449043471,0.41871920163377446,20
155772027,2.57273731893215e-05,0.00024772832795046866,0.3238032041004985,20
102090399,2.5097096154955147e-05,0.00020570972048940725,0.2958408189665105,20
7216586,2.5043210999592392e-05,0.0003928823464879378,0.3893395782802833,20
101506383,2.4960716017957685e-05,0.0004011926808559162,0.3919168988248003,20
114939962,2.4929989895280947e-05,0.0002541028844159609,0.33289187310344787,20
153384069,2.4888632065975246e-05,0.0005899397532130273,0.426175126927045,20
38057538,2.4884032697328197e-05,8.26055847202617e-05,0.09688499618231855,20
53246206,2.481648936071279e-05,0.00029706330421034417,0.35641919284692075,20
112126586,2.476269857861202e-05,0.0002607238369689861,0.3378954650350287,20
74215847,2.4690174520700103e-05,0.0004690968371344563,0.4082146186956641,20
74703806,2.465443165577952e-05,0.0002881404133263049,0.3531118323823516,20
46246025,2.437443507930237e-05,0.0002014516747772481,0.29736288834800484,20
48008792,2.4261630128682987e-05,0.0001881571387991254,0.2854717452458458,20
134828617,2.4193352690976556e-05,0.00043432176154167796,0.40297256745064464,20
10,2.4125414189804518e-05,0.00012482828316707833,0.19909535466382206,20
118152661,2.396251335475552e-05,0.00032982494641101536,0.37439952781519814,20
165993353,2.3838808111170674e-05,0.00038739017175824883,0.3930659207650078,20
52409245,2.3648564334138866e-05,0.00012242731201714296,0.19922073313516625,20
31096209,2.3492014801473894e-05,0.00031915700809290816,0.3728110217241877,20
28643173,2.272742297560193e-05,0.00028894048517359467,0.3644415933988877,20
58063367,2.269698306160972e-05,0.0006963238647485448,0.44281869331181645,20
30835663,2.262980239519652e-05,0.0004269380639775393,0.4075794557475349,20
1400892,2.2340242886689788e-05,0.0003086636966098541,0.3748576189556452,20
19803902,2.2329934037410014e-05,0.000515962011809229,0.42429265629408197,20
64693702,2.232302546739118e-05,0.0003978111696186953,0.4022724767201477,20
43829304,2.2186142878197203e-05,0.0009003849435452499,0.4567045143810289,20
8066598,2.203318713081548e-05,0.00022188144846598266,0.330996908987692,20
201836853,2.196853986538849e-05,0.000263329144957825,0.35660452507879215,20
12269343,2.1835114589560666e-05,0.00017981937796514877,0.2967072933490895,20
201052249,2.1465935901915366e-05,0.00029077022453395597,0.37244853954420365,20
77307602,2.1356312094308882e-05,0.00033788544976739163,0.3902450922550016,20
86774931,2.1286286144275855e-05,0.0003878730293060274,0.4043779987922881,20
155380346,2.1282157550508996e-05,0.0013827948972644308,0.47292238755945626,20
64262273,2.127269987071134e-05,0.00039311828636958053,0.40568669929292644,20
112727184,2.1212752543761647e-05,0.00020307295974463565,0.3228513147858826,20
90693537,2.1210776437222135e-05,0.0003100271981027472,0.38147924425543717,20
109737344,2.1153451720001826e-05,0.00036859366718220137,0.4001021629399926,20
188223010,2.1104139381314392e-05,0.00047363031567026613,0.4220840706025128,20
55868583,2.09602157576011e-05,0.0001579354965968627,0.27991860309531885,20
54894419,2.0763053608857663e-05,0.00019397623621574897,0.3188095397992521,20
43349482,2.0523725846346986e-05,0.00042892656520960524,0.4164182686507552,20
222478858,2.0485332653691347e-05,0.0003196903241629268,0.3887720996598379,20
57059803,2.044497852658478e-05,0.00021792134749152255,0.33975366580683053,20
171477739,2.0370436709363228e-05,0.0005976571535417577,0.44022841332651763,20
148652302,2.035237478364427e-05,0.0003351754173278185,0.3944463881945096,20
184414948,2.0284412727902823e-05,0.00033359087426696425,0.3943029282592704,20
99526455,2.0050114477096483e-05,0.0002392204177178833,0.35596925739858964,20
157699205,1.9920900516171013e-05,0.0002757081864649944,0.3750638368264222,20
48234475,1.9895546678044828e-05,0.0003434423704334657,0.3991836734742417,20
95414584,1.9604274793447173e-05,0.000263967922830543,0.37171171371931294,20
41254895,1.9502049700742542e-05,0.0004190193141850214,0.4186662362440089,20
199033440,1.946608697968033e-05,0.00018727070861955267,0.32365683297379955,20
32274273,1.9409288796728986e-05,0.00011838007199960291,0.2361814766234015,20
15093122,1.935342432256293e-05,0.00024356057786194092,0.36311804564396044,20
63893394,1.93260995408312e-05,0.0003406939585768409,0.40123190881546744,20
187619570,1.932465132785388e-05,0.00034804783830522486,0.40328070640189784,20
199233710,1.9126171540895244e-05,0.0001796754781248961,0.31973280854100317,20
92182752,1.908133149347291e-05,0.0004345852818058168,0.42320747099420214,20
120660398,1.9016861785292605e-05,0.00028006977237939214,0.3823435819767837,20
40447997,1.89295677610557e-05,0.000634740589319912,0.447651467577931,20
83708008,1.8844600928311084e-05,0.0005133887293676876,0.4356711920021564,20
151140870,1.8616906370022556e-05,0.0013666269810633286,0.4760288912369777,20
115320374,1.856623907543209e-05,0.0004378294261616665,0.4258005706895265,20
10068160,1.8174327614381423e-05,0.0002956469282557612,0.3931739936058296,20
34898549,1.8173143205610365e-05,0.00020049022294832937,0.34486679396094516,20
196431156,1.8171379603423855e-05,0.0003639129412481679,0.4128393462478279,20
85804696,1.8081006284495492e-05,0.0003617919019927439,0.4127656858435226,20
187419316,1.7863369390694327e-05,0.00021130661468882786,0.3547869060222463,20
81482492,1.7834460496515824e-05,0.00020493779730373443,0.3507344249836274,20
84003139,1.7781523849863534e-05,0.00021448538082905125,0.3574609349608107,20
44598561,1.772786811285454e-05,0.0001591355484648124,0.3120301752815966,20
4013687,1.7660379948419847e-05,0.0002760155864067054,0.3889330096137126,20
20282977,1.7405640053197448e-05,0.00017255353727273668,0.32850877376847193,20
8066271,1.7371277329733536e-05,0.00025599963266393207,0.3824170531927563,20
18826500,1.7334350037778724e-05,0.0004602250387668715,0.43400757600831785,20
148172675,1.721018587363954e-05,0.0002105824518744696,0.35939058520701217,20
112927208,1.711159563382303e-05,0.0004711437273573351,0.43634319216129713,20
132751699,1.7016516895732025e-05,0.0002043949241072709,0.3568877992195193,20
9471792,1.6982582105065648e-05,0.00021734854353252535,0.3653042496071021,20
464093,1.6951655519292785e-05,0.00029940505943754596,0.40141557803569494,20
8217555,1.6814668060016746e-05,0.0003617091562828834,0.41876162151941465,20
89,1.6786206431829155e-05,0.0004930262324498299,0.44029195155867673,20
107006216,1.6686926914241673e-05,0.0004212072514991963,0.43062410633039677,20
5416678,1.6657829602442776e-05,0.00029636593818479844,0.402115189607237,20
75104487,1.6559199218579847e-05,0.0005534318542156189,0.4474798048663401,20
152593741,1.6550364590126043e-05,0.0002976209446888664,0.4031342887552862,20
98484637,1.6243444052169154e-05,0.00022336828897921045,0.3742858512974344,20
21281767,1.6202054625430452e-05,0.0001732201323035551,0.34020928701069675,20
78768871,1.614215265174357e-05,0.00030695380289653767,0.40829194685041525,20
127268290,1.6073107116057472e-05,0.000352635374972775,0.42032304991089453,20
44265321,1.5951981264419878e-05,0.0002542509315087894,0.3910299285178094,20
148378225,1.5799757688275683e-05,0.00031122558386046745,0.4114112634581813,20
71579736,1.574970921769947e-05,0.00060927382188246,0.4545895066350622,20
65148643,1.5615682899705607e-05,0.0003317419522110239,0.41775485913481347,20
55064573,1.5615526081094732e-05,0.0003490934839552759,0.421785090434656,20
20485631,1.5597197230496353e-05,0.00033766913754545535,0.41927108177392286,20
118906511,1.5285363878825285e-05,0.00023774798154916558,0.38841188205985366,20
142846522,1.5269969958944807e-05,0.0001361894155179212,0.3109145832868548,20
105893925,1.5050495301377476e-05,0.00013656806944166834,0.3138822908984951,20
96447881,1.4889226514633313e-05,0.00035171613832840566,0.4259251691694814,20
31673758,1.4772218761707756e-05,0.00023973711939296837,0.392928089206635,20
22695564,1.4758806192458062e-05,0.0001965407467839546,0.3703412753396563,20
11019846,1.4747260625488923e-05,0.00038576412591752275,0.43302982976807136,20
16473785,1.4716581638338222e-05,0.00021832993233749805,0.38317462445008865,20
29333063,1.458002796403679e-05,0.00027150610702039496,0.4063906188304271,20
97128452,1.4463110728366035e-05,0.00043292925497790416,0.4414049913730271,20
5614769,1.4462084835600853e-05,0.00033550628980256786,0.4245913508536364,20
155297621,1.4404765404787968e-05,0.00028704768964872936,0.4124120170833352,20
98110987,1.4279752804383094e-05,0.0003209137431205134,0.4221894100627732,20
22492030,1.4193424134831268e-05,0.0005767339477031077,0.4567582760255773,20
23839834,1.4056375859516912e-05,0.00013275461892618288,0.320618609134972,20
78419505,1.398553127137936e-05,0.0002574991849802515,0.40534491653375004,20
116146074,1.3957917526932761e-05,0.000271495584986262,0.4103063488445366,20
57857544,1.3945811475737923e-05,0.0001618815752989719,0.35215954420973283,20
44751856,1.388633412203466e-05,0.00027178486489009,0.4108512145452322,20
59687865,1.3884301878561156e-05,0.00028930860398345776,0.4161737215787081,20
155658806,1.3818516470812114e-05,0.000253672507892137,0.4050702268759738,20
183814309,1.3666573449042096e-05,0.0023359912607818618,0.48969970735443963,20
31698187,1.3611142588618175e-05,0.0002510878221731687,0.4055228403075134,20
58858963,1.360779602347928e-05,0.0005456652753221918,0.45618446726786,20
66672009,1.3386815863705715e-05,0.0014380978095617657,0.4836141063003748,20
3464676,1.3368031570124005e-05,0.00034999147442493794,0.43308773179291704,20
29070597,1.3299399667907052e-05,0.0007461807612519242,0.4686514492375409,20
48110222,1.3245335405287495e-05,0.00040416167419926385,0.4425106372351858,20
132081873,1.3204403670255548e-05,0.0004618796315137301,0.4498051001690546,20
30472748,1.3104674230229873e-05,0.00037551901117514755,0.43881348958825683,20
71830685,1.3015290386458877e-05,0.00030274926599459766,0.42478981303172186,20
143372474,1.289431378232453e-05,0.0004159927399179905,0.44560435735050385,20
73071966,1.2873266048810117e-05,0.00020787582216791377,0.3924049222289542,20
24826638,1.2763228122761317e-05,0.00028680049167208665,0.42218088120796743,20
70557923,1.2612110253948372e-05,0.00044947147148511956,0.4507279381381016,20
99712634,1.2467702274610026e-05,0.000194618904859758,0.38879999832126083,20
101654292,1.2401307263373851e-05,0.0005059361287686168,0.45693043754740104,20
79290420,1.2319466507698662e-05,0.00034911041719480217,0.4381344509376142,20
172413267,1.2306589569319182e-05,0.0004718405917072696,0.4541836709419531,20
27490543,1.2221982402207954e-05,0.0003197945859105083,0.4330479859149247,20
134153709,1.2167893832995546e-05,0.0004265175916927425,0.4499097411776668,20
35228903,1.2131511894084012e-05,0.00021153073803334364,0.4001677586619071,20
99992480,1.1951489526931813e-05,0.0006261936485673972,0.46643613829642894,20
21883988,1.1827891307072958e-05,0.0004301854809292006,0.4517147604479213,20
57013397,1.1813906764956971e-05,0.0004921136564889421,0.45781441471239265,20
73,1.1762064171533249e-05,0.0005342910778196831,0.4613026674829596,20
245726054,1.1587248961822394e-05,0.00013981025292075937,0.3575015754575492,20
83822518,1.1298546981541869e-05,0.0011584229424206987,0.48283183807273544,20
64022738,1.1257821098137332e-05,0.00031894910609875317,0.438119782981945,20
69668024,1.0763099245583718e-05,0.0001700846357995482,0.39011835071272266,20
151174295,1.073606149934181e-05,0.0002640087761008585,0.4288086689708366,20
83316149,1.0679740611366228e-05,0.00016282407545485083,0.3862247463424498,20
25264997,1.0629323254573997e-05,0.00017990587347506152,0.39722535872590575,20
132807034,1.0615426220014768e-05,0.00041441169133190497,0.4549992273539011,20
121412890,1.0588861061078258e-05,0.00043382626086754637,0.4571116044387688,20
110900060,1.0588762880212043e-05,0.00031513150920103937,0.44106822070479496,20
82684031,1.0427649037292319e-05,0.00013484239083692755,0.3666315120898036,20
49196518,1.0405253692255533e-05,0.0004802604838493927,0.46191320893267096,20
84894838,1.0035472423083891e-05,0.0002706384388690194,0.4350212538547909,20
93515485,1.0013104929612603e-05,0.00029244003298835986,0.43995700750451505,20
20955577,9.693664162727101e-06,0.00010784333605923047,0.34609062105358424,20
16682057,9.689597305292953e-06,0.00019275028966638647,0.4122615885378368,20
66895043,9.676709686654018e-06,0.00035806875604348955,0.45253613965692485,20
27235757,9.610915867014347e-06,0.00023481064522307742,0.4283502426140043,20
76876496,9.573635639659183e-06,0.0003488848962485582,0.4518094297884988,20
61861621,9.531953233737899e-06,0.0007292744014867835,0.476999145341363,20
38943728,9.517598765421131e-06,0.0003402581741527716,0.4508819131782993,20
1461778,9.4536662831185e-06,0.00020762099224829877,0.42040346193572997,20
108934045,9.28586212778082e-06,0.0003219876925762699,0.4493673467411823,20
34928562,9.187705246407885e-06,0.0006934910499369555,0.4766862519760946,20
69067352,9.168496342143451e-06,0.0003546840103851271,0.4545898725164025,20
25685359,9.052898317793433e-06,0.00015340456967402648,0.39734327737003405,20
25484676,8.98050411475282e-06,0.00023469605395238407,0.4329679234890587,20
49112340,8.79067743639328e-06,0.0008131289589461672,0.4809717809042502,20
107002021,8.734723249695375e-06,0.0002913041902389285,0.4473682573101908,20
82573127,8.683724467115072e-06,0.00017661833958064103,0.41415497621694186,20
164391644,8.660213928357585e-06,0.0003422298295012744,0.45554206111509254,20
224082330,8.58127888238025e-06,0.00033057068521913184,0.4543989029787018,20
169799490,8.556799278422455e-06,0.0003200426386055273,0.4530399193076755,20
26642650,8.416112555548193e-06,0.0002602492757324036,0.4432658511699663,20
36296265,8.336307753564753e-06,0.0003686953628400295,0.46025879650901047,20
127189344,8.307477930727392e-06,0.00033932419263169,0.4569815031395079,20
89311654,8.280466626531257e-06,0.00041745594185633176,0.4651214591095798,20
44944605,8.271438052764868e-06,0.00016044930072527553,0.4100657341871104,20
137163942,8.243955710993123e-06,0.0003536980602163458,0.4590372411657107,20
2617583,7.925544558481934e-06,0.000592533733739181,0.4764626926221057,20
20085342,7.901680858538041e-06,0.0003999845417104382,0.46526276260718785,20
34638345,7.824888090895987e-06,0.00020868237930236444,0.4342995566434031,20
81171790,7.570101681511621e-06,0.0005453304985983949,0.4755734759766168,20
109514980,7.457300414764889e-06,0.0003369068174010779,0.4610919765788491,20
92843716,7.413905623412931e-06,0.0002776833717829465,0.45310510786850744,20
34656812,7.250389483817732e-06,0.00029603159934540044,0.456964840601766,20
100351083,7.231021741915811e-06,0.00024442452902076695,0.44806782590819566,20
80700886,7.140398525384839e-06,0.00028576324648769936,0.45609853889237345,20
112142152,7.107290576738312e-06,0.00032280127613880296,0.46129705429072376,20
153943304,7.030513446212861e-06,0.0005146029874460024,0.47595948883551187,20
172402774,6.797471080305373e-06,0.000414992140541076,0.4711854304354395,20
6596678,6.767183279554612e-06,0.00015641241401537684,0.4243155337837267,20
121324768,6.530001922266937e-06,0.0004253132372252376,0.47298788206355624,20
54352772,6.4764448137660805e-06,0.0001471382199324696,0.42301928106165476,20
16951941,6.2144886111809015e-06,0.00031678141261830424,0.465503666688006,20
65863349,6.127959762325386e-06,0.00016485521646859754,0.4348632712298298,20
155058613,6.11185755370891e-06,0.00031634730144496645,0.4660254315343194,20
191236627,5.799672578130077e-06,0.00022328422490386742,0.4543719582349123,20
55294595,5.734291445508299e-06,0.0003267861267029877,0.4691354125103011,20
152995177,5.6328727398080595e-06,0.0002449050006271048,0.4595759163983686,20
180288239,5.538568457333359e-06,0.00020489040521517603,0.45252367505993163,20
40626289,5.52990775808948e-06,0.0002403601300275086,0.4595644926162991,20
55655275,5.486785463224009e-06,0.00020574819963993879,0.4531604336301686,20
25227422,5.193634672717717e-06,0.0003126239840680742,0.47077584071609635,20
61487578,5.185780731853384e-06,0.00026102605270183506,0.4650664643504929,20
36078731,5.146698245955816e-06,0.00013602628535251609,0.43371076017833954,20
220074442,5.142389493315025e-06,0.00015014805937489255,0.43994146951465596,20
53357042,4.86546350876027e-06,0.0007154983608941382,0.4880282287592189,20
86174147,4.739444665380344e-06,0.00034632792196448805,0.47591936379116373,20
18880785,4.7375733505578e-06,0.00016555540066528191,0.44975651158131,20
69697975,4.647945172470136e-06,0.00036269103088653855,0.4774478845885766,20
213066961,4.5742260440434505e-06,0.0002666360127508362,0.4698238478281852,20
122674184,4.5456694526824215e-06,0.0002988427391251008,0.47323815800095903,20
30495343,4.197276697001651e-06,0.0005216379968926057,0.4858351158862364,20
108734015,4.140743639444167e-06,0.00018920176122187487,0.46152867086309535,20
230712513,4.0467500086488474e-06,0.00030646512245201436,0.47676337803335406,20
120750919,4.032456156516373e-06,0.003028212289728826,0.4976552641348178,20
190825536,3.939937144650796e-06,0.0003188075181049916,0.47825089661665765,20
145377045,3.926093695955091e-06,0.00027391458263145566,0.4747799556133789,20
61072859,3.7772096425386927e-06,0.00012464984027906416,0.4468142114645888,20
117810312,3.748287604779521e-06,0.0002560808519888851,0.47424611588337523,20
39680957,3.7259164330838423e-06,0.00026942872168229736,0.4756661297310469,20
87638843,3.6871343303351845e-06,0.00023311753545202975,0.47217428963070607,20
29936654,3.6677078371849526e-06,0.000923298101746523,0.4930057357355133,20
191024377,3.639556531673249e-06,0.0004178203932366883,0.48466596264992945,20
129759299,3.603312952282778e-06,0.00039405794133748584,0.4839036356761718,20
47446556,3.6006662396920184e-06,0.00047893406788722935,0.486764684247295,20
160588285,3.56446392498766e-06,0.00039654634963571075,0.4841769407873945,20
37845536,3.4873247769323657e-06,0.00015169748256167428,0.45959615216349115,20
27642318,3.3465397658832828e-06,0.0002592481337764068,0.47728358499777424,20
91782212,3.306966245644749e-06,0.0004030270698437214,0.48555537561760576,20
21556446,3.265496134732815e-06,0.00035482149730107923,0.4837996837384565,20
47252263,3.122874941721698e-06,0.00027657802090300354,0.4801273405837779,20
79080775,2.9525727767848453e-06,0.0002614412956122013,0.4801232486299921,20
26429117,2.8126481245588364e-06,0.00019583775860067837,0.4747292545576243,20
31622768,2.7234799048703185e-06,0.00047359784710694934,0.4898754120375814,20
99550574,2.6991623537059304e-06,0.00015538414070671362,0.4694454401356508,20
118018872,2.685410084585227e-06,0.0003553035364294661,0.4866943119446374,20
43242991,2.669445854963648e-06,0.0002623727483349101,0.48209155113608804,20
118572543,2.668843592609771e-06,0.0002611968956473142,0.48201504564616293,20
74281407,2.6096219704230263e-06,0.0003248652824182684,0.48585870211309107,20
204457283,2.461538492770643e-06,0.0004925022356204446,0.49120018274862665,20
25487925,2.183612677161828e-06,0.0006390941353949353,0.4939840214686608,20
10067972,2.1350541436593316e-06,0.00023893043793701826,0.4842699883594308,20
80999386,2.0145457122949794e-06,0.0004029628873953535,0.4911978800088811,20
145374760,1.7462722456174084e-06,0.0003159843651990818,0.4902699939317001,20
214268097,1.7215951963134302e-06,0.0005795433460117529,0.4947694788383743,20
48051528,1.7147185662147458e-06,0.00020944597892099342,0.485587743239509,20
159262353,1.7133747784642272e-06,0.00034870734812748145,0.49134897086200424,20
41082022,1.6312125380169018e-06,0.0002446844544476588,0.4882631988886701,20
10819717,1.6204642528327985e-06,0.00021809440723035732,0.48691950736768574,20
196843269,1.572878133798694e-06,0.00044370931412573874,0.49375847558459424,20
100634958,1.2619506488370514e-06,0.0003616647170967201,0.49385628630984835,20
35336058,1.039273344793923e-06,0.0004103113430543085,0.4955401548337407,20
152175155,9.303767420060228e-07,0.00021158660485182522,0.49225797614562417,20
85472649,8.660121109893559e-07,0.0006509510227048741,0.49765746414487666,20
56856336,8.394446370213471e-07,0.0006045215478902991,0.4975549337727158,20
25834523,8.325302780082255e-07,0.00024789954181006995,0.4940868292628275,20
113249958,7.360497209091266e-07,0.0005139498085493345,0.49747828146596185,20
2614147,6.496416575768605e-07,0.0006045733891180739,0.4981079336104069,20
52445279,3.793252644074263e-07,0.0003706292193774257,0.4981978795695827,20
78890598,3.096353970166721e-07,0.000436071761378435,0.49874972610787793,20
11021540,1.1202602490378854e-07,0.00033745408417050807,0.49941545579242236,20
111736573,8.704265339054551e-08,0.0002587653127596815,0.4994077034785499,20
156498504,8.70418080833879e-08,0.0001353237024245039,0.4988674257221176,20
169009426,5.218153932562419e-08,0.0005223579222280305,0.49982410156415413,20
77797555,5.1616277019217447e-08,0.0025740646235096554,0.4999646913980387,20
23758109,-1.3144526481156937e-08,1.920509356237452e-08,0.9967840938278423,20
206660085,-1.3144526481156937e-08,1.920509356237452e-08,0.9967840938278423,20
88741329,-1.3144526481156937e-08,1.920509356237452e-08,0.9967840938278423,20
109541435,-1.3144526481156937e-08,1.920509356237452e-08,0.9967840938278423,20
17224988,-1.3144526481156937e-08,1.920509356237452e-08,0.9967840938278423,20
140665938,-1.3144526481156937e-08,1.920509356237452e-08,0.9967840938278423,20
65872977,-1.3144526481156937e-08,1.920509356237452e-08,0.9967840938278423,20
180023960,-1.3144526481156937e-08,1.920509356237452e-08,0.9967840938278423,20
39536834,-1.3144526481156937e-08,1.920509356237452e-08,0.9967840938278423,20
52477480,-1.3144526481156937e-08,1.920509356237452e-08,0.9967840938278423,20
31492766,-1.3144526481156937e-08,1.920509356237452e-08,0.9967840938278423,20
25160422,-1.3144526481156937e-08,1.920509356237452e-08,0.9967840938278423,20
88654882,-1.3144526481156937e-08,1.920509356237452e-08,0.9967840938278423,20
35,-1.3144526481156937e-08,1.920509356237452e-08,0.9967840938278423,20
99149535,-1.3144526481156937e-08,1.920509356237452e-08,0.9967840938278423,20
88941450,-1.3144526481156937e-08,1.920509356237452e-08,0.9967840938278423,20
22,-1.3144526481156937e-08,1.920509356237452e-08,0.9967840938278423,20
188623141,-1.3144526481156937e-08,1.920509356237452e-08,0.9967840938278423,20
54649237,-1.3144526481156937e-08,1.920509356237452e-08,0.9967840938278423,20
10473162,-1.3144526481156937e-08,1.920509356237452e-08,0.9967840938278423,20
92524413,-1.3144526481156937e-08,1.920509356237452e-08,0.9967840938278423,20
4263333,-1.3144526481156937e-08,1.920509356237452e-08,0.9967840938278423,20
66775010,-1.3144526481156937e-08,1.920509356237452e-08,0.9967840938278423,20
5014301,-1.3144526481156937e-08,1.920509356237452e-08,0.9967840938278423,20
71890055,-1.3144526481156937e-08,1.920509356237452e-08,0.9967840938278423,20
113143240,-1.3144526481156937e-08,1.920509356237452e-08,0.9967840938278423,20
219473863,-1.3144526481156937e-08,1.920509356237452e-08,0.9967840938278423,20
20891536,-1.3144526481156937e-08,1.920509356237452e-08,0.9967840938278423,20
36538739,-1.3144526481156937e-08,1.920509356237452e-08,0.9967840938278423,20
125515263,-1.3144526481156937e-08,1.920509356237452e-08,0.9967840938278423,20
16042481,-1.3144526481156937e-08,1.920509356237452e-08,0.9967840938278423,20
50070303,-1.3144526481156937e-08,1.920509356237452e-08,0.9967840938278423,20
77889938,-6.535903362414608e-08,0.00031822189630862914,0.5003616502674986,20
75832975,-1.0365019177394075e-07,0.00019069098237824652,0.5009570900378161,20
27289976,-1.0686968350270832e-07,0.00017208477484830246,0.5010935150879621,20
98239298,-1.2264067324740945e-07,0.00013994634446129884,0.5015430680854586,20
6816013,-2.8556184751005185e-07,0.00046966052561607795,0.501070603976238,20
133259399,-3.337359272603813e-07,0.00022061448786493535,0.5026636596828338,20
54877201,-4.376712865211685e-07,0.00037765141774610806,0.5020406483933196,20
31107694,-5.845726069458879e-07,0.0007133184051140044,0.501443003216976,20
24638067,-6.670319435408967e-07,0.00014885355737630712,0.5078898747320454,20
33676283,-9.251159505063722e-07,0.0001852324198655856,0.508793351877049,20
55480106,-1.0184164517257344e-06,0.000687973269451251,0.5026065364037801,20
64105454,-1.022994066074423e-06,0.0011494667413630057,0.5015670714189454,20
156059013,-1.1815211323124019e-06,0.00026340990940054926,0.5078975433579008,20
19514483,-1.4140260869655031e-06,0.00029030574178974696,0.508575884766808,20
118148529,-1.430536216542877e-06,0.00024095124367517416,0.5104527188061807,20
135026706,-1.4868618425228908e-06,0.00047368434410269153,0.5055268778135938,20
138993531,-1.5816138216051545e-06,0.00027269964009060975,0.5102112268099415,20
184014592,-1.6024138562775735e-06,0.00016381554362037494,0.5172181740409362,20
146376980,-1.653641628548974e-06,0.00040740659361402184,0.5071466338259315,20
23357831,-1.667302990823738e-06,0.0006796575786444493,0.5043194503570791,20
6196493,-1.7392989633518985e-06,0.0004023732497891815,0.5076107938351717,20
131626112,-1.7678286050287762e-06,0.0007227670201044061,0.5043067137333703,20
107934113,-1.864840328974493e-06,0.0008533806482351991,0.5038477325543045,20
72282568,-2.025865352103806e-06,0.0001517566509939514,0.5234911705920511,20
61326783,-2.065001199069716e-06,0.00030549863776988326,0.5119002121358253,20
87273783,-2.0965448399135054e-06,0.00024282108804792477,0.515199085640603,20
156182956,-2.5509268921031226e-06,0.00017213850888742906,0.5260734651640582,20
68027534,-2.592429425660181e-06,0.0001647929709536535,0.5276760810964901,20
79303782,-2.6774934760193105e-06,0.00012657493711219393,0.5371888414164754,20
38852782,-2.705519742463025e-06,0.0007457060343787042,0.5063881673329896,20
79397567,-2.7057392394141956e-06,0.0003195542351277026,0.5149054611737693,20
43261530,-2.708438870682728e-06,0.00046306754113242967,0.5102975963232449,20
122013372,-2.7172546222392624e-06,0.0019852688193396028,0.502410024469021,20
21661737,-2.786208520852429e-06,0.00023157609135862785,0.5211744752784441,20
31894355,-2.897228420675746e-06,0.00027504113739562635,0.518540836283826,20
89475684,-2.915049321225438e-06,0.00018788335923305722,0.5272963270638821,20
59856636,-3.0192169928833224e-06,0.00035274253120629837,0.5150673948101324,20
131272796,-3.121356684193666e-06,0.00024536126235723835,0.5223874253424515,20
76501309,-3.258420493262859e-06,0.00018231159267276392,0.531435446350705,20
54444750,-3.374676441250668e-06,0.000581757196773414,0.5102129779320614,20
226086022,-3.400518517099327e-06,0.0003836685093125077,0.5156020832624474,20
9619805,-3.434535710747366e-06,0.0003202560618275207,0.5188759468170279,20
145977305,-3.5540753725804564e-06,0.00023828398994012753,0.5262425594330459,20
24488639,-3.5963053598625504e-06,4.3048593613903026e-05,0.6435827763645687,20
33499109,-3.648729014404939e-06,0.00020100403400303107,0.5319262776828737,20
54249089,-3.846069838359112e-06,0.0002445647422023906,0.5276668621466136,20
17073965,-3.981439712380519e-06,0.0005718224791129576,0.512257964046229,20
216297468,-4.0573216565031874e-06,0.0001889711719330805,0.5377446377895081,20
137764208,-4.122484258770043e-06,0.00030225491828669826,0.5240002375325975,20
72838048,-4.4042823225148854e-06,0.0017004523671319972,0.5045605135336179,20
18238662,-4.506216082000858e-06,0.00023270574835425795,0.5340523548295534,20
13423180,-4.708027549854554e-06,0.00036868397583630225,0.5224724076859757,20
94506382,-4.718781521378945e-06,0.0005207694492361445,0.51595043628452,20
37439964,-4.7573548152018976e-06,0.00028488063931870556,0.5293758977038944,20
74432126,-4.799533672422695e-06,0.00021278512631178108,0.539645734806418,20
130872357,-4.9232152075057154e-06,0.000239672031571982,0.5361162153779436,20
132960759,-4.989761660323388e-06,0.000809356193713665,0.5108541416317095,20
87474040,-5.107326876385709e-06,0.0002608125704358566,0.5344345543323658,20
2463592,-5.166508250734059e-06,0.00035654102862988637,0.5254965282078842,20
3614989,-5.190992091058666e-06,0.0005661473737118551,0.5161400944315796,20
18444280,-5.220313328158088e-06,0.00010735848313925524,0.5849151402730416,20
64861657,-5.345372621332057e-06,0.0001898817940379499,0.5494312938897752,20
177885142,-5.418977316673512e-06,0.0003778613176022171,0.5252339300000699,20
17099258,-5.420506294878669e-06,0.0004970145205804252,0.5191956513798458,20
34169181,-5.460075310523283e-06,0.00022284954288131223,0.5430513077228224,20
48310931,-5.494474932657423e-06,0.00046620981158898827,0.5207418015394233,20
99545181,-5.63757495771755e-06,0.0001273248229032361,0.5774310505515114,20
57925856,-5.699300797507023e-06,0.00011937941773305138,0.5833961171598431,20
14671928,-5.911888948070821e-06,0.0003430114105742932,0.5303164650415796,20
76507007,-5.961048184607853e-06,0.00031756652159305095,0.5330114507329783,20
58669378,-6.050776715005313e-06,0.0003581334443376656,0.5297197238849471,20
60620107,-6.0593528039609715e-06,0.00042126774441856473,0.5253084863644644,20
35421157,-6.158854061275032e-06,0.00017373335969962027,0.5621468470047114,20
26523157,-6.200270701414712e-06,0.0004396798087222345,0.5248132981053839,20
93305152,-6.395116146437619e-06,0.000360365401805652,0.5312132507061242,20
64706442,-6.424740289046049e-06,0.00019881806344611703,0.5566923722790558,20
80091981,-6.499015899227855e-06,0.00020142032672699212,0.5566074999621976,20
90093298,-6.571484177453346e-06,0.00044477074178922384,0.525996089176402,20
187631817,-6.686515339743293e-06,0.0004945104138174795,0.5237935464349277,20
175204709,-6.790529405578671e-06,0.0002457165093056935,0.5485311202912712,20
42910644,-6.8502237564660454e-06,0.00023842981849057386,0.5504430592448463,20
144172700,-6.902058534255518e-06,0.00029841724045893834,0.5406493493052205,20
80906272,-7.119971732197361e-06,0.00012893181588976757,0.5962074473472532,20
410468,-7.467508835995451e-06,0.0003549207399383589,0.5369899377373684,20
139359410,-7.615960841930724e-06,0.0006600053561341682,0.5203089595891579,20
113701962,-7.641187660678562e-06,0.0009865575300162595,0.5136351630847398,20
171611979,-7.685471120574827e-06,0.000672728488613375,0.5201069004510368,20
101527484,-7.710857688741912e-06,0.00042640780020888983,0.5318048107159111,20
157789987,-7.748752593944586e-06,0.00019100267379399926,0.5710239366428418,20
21002004,-7.787818180263195e-06,0.00011788563131689647,0.6145690735941374,20
39853630,-7.811087812728545e-06,0.000414501529628547,0.5331404090247951,20
23918734,-7.883977353306815e-06,0.00026114086928579264,0.5529903829590587,20
25885030,-7.947270104780024e-06,0.00017540591901347375,0.5792081528320492,20
165806965,-8.103070228238084e-06,0.0004554509260634215,0.5312924253942695,20
147571885,-8.142471987765409e-06,0.0003914158127439313,0.5365739821815856,20
38640779,-8.171190730768551e-06,0.00022906868672532588,0.5625313989207499,20
9287478,-8.224298211134685e-06,0.0003655328946754463,0.5395471270022622,20
106539118,-8.569033835825745e-06,0.0002952927252802242,0.5509461121968703,20
33899323,-8.640613988009083e-06,0.00017611737436066093,0.5856648908960862,20
8,-8.674431509292369e-06,0.0002983903455179053,0.5510368198868334,20
21447209,-8.827084472001756e-06,0.00023768283710774311,0.565078268502027,20
53666823,-8.83970318620031e-06,0.00037026951580289486,0.5419532247835771,20
114664651,-9.032648349671657e-06,0.0003235864479970098,0.5490176268406192,20
117121715,-9.038051862325646e-06,0.0007044624884727488,0.5225776893451942,20
70267861,-9.051165592369181e-06,0.0003146315595923474,0.5505075413562198,20
174480301,-9.089344962581736e-06,0.0005295997676245246,0.5301890510377809,20
63605833,-9.102696424848066e-06,0.00026900106574718254,0.5593455113685951,20
76963674,-9.13948774798612e-06,0.00040931042951271605,0.5392485145988307,20
130672334,-9.490393636718553e-06,0.00026608841456913726,0.5625226429966809,20
77664095,-9.871011450324207e-06,0.0002981248868892601,0.5580776832774451,20
1610985,-1.0104429108370727e-05,0.00035840283337877063,0.5495044318386724,20
76633561,-1.0120264551069514e-05,0.0001627316453615926,0.6080384996199338,20
1661701,-1.0147525970372051e-05,0.00033786947369896365,0.5527171693956525,20
30620632,-1.0347849730246716e-05,0.0003773460631890529,0.5481591848072602,20
11420080,-1.0368458898898925e-05,0.00011906076976209901,0.6493658555129931,20
120536587,-1.0432494184328678e-05,0.00017349927007251806,0.6045510181023459,20
6996880,-1.043454157264867e-05,0.0002933051537738646,0.5623652317228373,20
116817349,-1.075341348543979e-05,0.000378207128026377,0.5499228931620667,20
47931975,-1.0885445859712406e-05,0.0005439943698960695,0.5351848229489702,20
3265414,-1.095485125701956e-05,0.00016395551796434757,0.6158357565722943,20
173807024,-1.0998991775201805e-05,0.0003298554042723444,0.5584859393538584,20
10600605,-1.1042230117805362e-05,0.0007206290261323731,0.5269588081345311,20
82102184,-1.165635705641932e-05,0.00040393488220313666,0.5506637866773836,20
35643639,-1.179548474840586e-05,0.00017534150351861764,0.6166008224177031,20
187822545,-1.193348724347898e-05,0.0003731196228339797,0.5561146886400331,20
33619080,-1.195507468165491e-05,0.0005346162406258896,0.5393062927297809,20
206482511,-1.2036350276309337e-05,0.0002816106676335027,0.5747797441546589,20
2463749,-1.2193637132601465e-05,0.00019489933337797557,0.6086704526832459,20
111516808,-1.2198538485347354e-05,0.00034189947826341504,0.562544206552658,20
17232981,-1.2231214633376397e-05,0.0002454804923846945,0.5869758964332861,20
134590023,-1.2244703795505351e-05,0.00017620990618957174,0.6203188512705363,20
51254196,-1.2400447265101256e-05,0.0006672782489195097,0.532682684827227,20
99391833,-1.2455734080316084e-05,0.00051320363800954,0.5426477544744399,20
84599898,-1.2500995329370324e-05,0.0001521615279064641,0.6413142424807513,20
235892970,-1.2601031268019702e-05,0.00046651444574515553,0.5474399138409374,20
190625248,-1.261541592013915e-05,0.0005643184174994411,0.5392943177280959,20
164591835,-1.2669489475428119e-05,0.00029946305585354887,0.5740303815919449,20
89492648,-1.2737439782367633e-05,0.0001171968443019268,0.6837550250384221,20
45599086,-1.274411470491288e-05,0.00042833799379018327,0.5522263287193585,20
70067679,-1.2917870665471454e-05,0.0007815563139012703,0.5290755440004963,20
103548319,-1.2991145749768896e-05,0.00048747553028097686,0.5468087446808177,20
32875190,-1.3130740452096945e-05,0.00023480592204675897,0.5973987919573558,20
143363920,-1.3162049550258237e-05,0.00035721834527217594,0.5645712326098301,20
45352626,-1.3171106677237198e-05,0.00014810872594411045,0.6523582617349795,20
107733993,-1.323977799176923e-05,0.00043168765219915264,0.5538261481846889,20
46046009,-1.334717967257093e-05,0.00043731000329995476,0.5535668543596219,20
184216388,-1.338323590152901e-05,0.0002562252234617504,0.5910992096692906,20
31617880,-1.338367612317981e-05,0.00012659838143770733,0.6791232949381096,20
29494141,-1.3494976347255827e-05,0.00022167848173735303,0.6058157795524052,20
70676082,-1.3646585430912572e-05,0.0008468485512971411,0.5283488867581988,20
84293477,-1.3668177699555085e-05,0.0010575029403196968,0.522745099118075,20
63422345,-1.376297723159614e-05,0.0004553878351842118,0.5530462347438371,20
22624086,-1.3803298676123843e-05,0.00026953881101849714,0.589350396080328,20
149579457,-1.385676662735702e-05,0.00015739634218257597,0.6509126420930376,20
226708389,-1.3974249462564425e-05,0.000500990006137989,0.5489811193072225,20
188621549,-1.4016818044332302e-05,0.0002508971744120455,0.5973052596073101,20
150140691,-1.4056414379437499e-05,0.0002360198200672792,0.6035779282518581,20
29294107,-1.4124412104477014e-05,0.00042460353721266055,0.5583468013811906,20
25690290,-1.4259103342303958e-05,0.0001975715970500169,0.6247998996434732,20
157184238,-1.4347776377432453e-05,0.000411392578436047,0.5611493429405344,20
101552423,-1.4386081845513266e-05,0.0010617046806669429,0.5238436311524955,20
2263502,-1.4492392640866326e-05,0.0006026506494050408,0.5422578505000469,20
16281187,-1.4660050369272315e-05,0.00028427837521888467,0.5899644427866064,20
148051353,-1.4767018484337924e-05,0.0003422144538461036,0.5754882524402116,20
154696539,-1.4877537538715569e-05,0.0001633994509029105,0.6557897760074279,20
54397690,-1.4953527693842284e-05,0.00027034479447791797,0.5963609699302128,20
22488198,-1.4991745006362467e-05,0.0003826777776348205,0.5686119367529374,20
41903782,-1.5148849472967908e-05,0.0004184917167464282,0.5634473971212461,20
28092421,-1.5362334927315757e-05,0.0002898802512343175,0.5924044200147369,20
174202219,-1.5437691907027595e-05,0.0005757110491617802,0.5470973792727535,20
2663635,-1.554803524425885e-05,0.00028888772738528334,0.5938139909214302,20
66808302,-1.5552718832753666e-05,0.00024291929977233862,0.6111360589454726,20
55598682,-1.5601736823595002e-05,0.00011169456575380599,0.7301937064536732,20
135660866,-1.568132550608947e-05,0.0003416968983090936,0.5802153014643759,20
55954560,-1.568337851849122e-05,0.00021225488992447292,0.6276594904877529,20
86297150,-1.568960828955135e-05,0.0005664453056848064,0.5486407051431955,20
91409580,-1.5712965666092592e-05,0.00034830799183599865,0.5788710533984351,20
19084764,-1.5931496475504737e-05,0.00015571318255562405,0.6737704659544976,20
55077315,-1.5999293728641284e-05,0.00025560253530192573,0.6087222543867825,20
99233987,-1.6068091697377108e-05,0.0004899537128072245,0.5575289762883333,20
120260342,-1.607079651944343e-05,0.0005768923928891837,0.5489186985491117,20
25641526,-1.6151631471619798e-05,0.0008550550576874352,0.5332194326680065,20
88531518,-1.6368548733891598e-05,0.0003879461955119557,0.5738324805426664,20
26040729,-1.6411763732329666e-05,0.000242176979806272,0.6174336155199429,20
72180551,-1.6562486381749287e-05,0.0003751005230382119,0.5772200608877807,20
56121439,-1.670162945192344e-05,0.00029614778899507026,0.598207215080819,20
129079118,-1.6979345345877195e-05,0.00031009774626296295,0.5954092465377858,20
126355170,-1.698243764146068e-05,0.0001390031063334679,0.7044162679081751,20
105440616,-1.7080930407484264e-05,0.00027031859160354965,0.609725138383584,20
145173679,-1.7108132629345406e-05,0.0002865903296757503,0.6038143057391205,20
77489122,-1.7274334056574524e-05,0.00013524618742996337,0.7127217692080494,20
179487430,-1.7328641909866716e-05,0.000373040235811289,0.5811794516584533,20
53119099,-1.7567573301593976e-05,0.00024736592575648773,0.6228756081180196,20
91115213,-1.776755450750289e-05,0.0002970632763773738,0.6040097580711887,20
16626390,-1.7781040767061996e-05,5.6511698033446035e-05,0.9122311723163057,20
100745956,-1.779836972867488e-05,0.0003918726141583948,0.5793992214836348,20
25888180,-1.7886902897987222e-05,0.000521610889626869,0.5601330867769505,20
36839538,-1.7956069604327384e-05,0.000524656272073746,0.5600161868080427,20
9422177,-1.804267830158024e-05,0.00027666628914644893,0.6131421324143662,20
134683861,-1.8046757948375625e-05,0.000381107462998287,0.5827296488824056,20
44506430,-1.8051483516981492e-05,0.00031130591338548097,0.6009123975336979,20
39249572,-1.824038991614374e-05,0.0002489196568105025,0.6266428401986313,20
3813214,-1.8340430477983836e-05,0.0001257055771685041,0.7390472017953882,20
119750351,-1.8418773818837386e-05,0.00034060618241656067,0.5942513729182718,20
65093851,-1.85155915833346e-05,0.0003407806158984504,0.5946891613814467,20
114464592,-1.857284093605971e-05,0.0003020596061720159,0.6068501318110875,20
10400602,-1.8572844668804377e-05,0.00035002810701995654,0.5925164925128149,20
158184570,-1.86129408798974e-05,0.0002305968535687524,0.6389495388228812,20
81884480,-1.8614155344862104e-05,0.00028630899322256017,0.6128046835793755,20
124783806,-1.882651762312171e-05,0.0002406784906826823,0.6348401479572456,20
75383679,-1.89269940394754e-05,0.00022412559301773075,0.6450668491490561,20
10423046,-1.894517831226017e-05,0.0004507511840230322,0.5735514677038818,20
52518786,-1.9055778535456704e-05,0.0002448878023599678,0.6341655881700394,20
123953953,-1.9089737899682935e-05,0.00018050901908236078,0.6791819467341844,20
100835221,-1.9098274434459216e-05,0.00025463919311624676,0.6295067886476062,20
29470994,-1.924457117030709e-05,0.00022268799152244504,0.6482821398024202,20
128420255,-1.9310489536400467e-05,0.00034343916049878035,0.5979186195821875,20
52642921,-1.934441423070976e-05,0.0003389043908723604,0.5993698488229033,20
166793684,-1.9466534492096344e-05,0.000501955812454562,0.5679282638017872,20
78797120,-1.9500350767115426e-05,0.0006559236840198311,0.5521864316203169,20
57414311,-1.9577626857333886e-05,0.00036579232294430735,0.5933028917519162,20
3,-1.966584607399624e-05,0.00039219697014381894,0.5875198993820604,20
86224202,-1.9666544399701837e-05,0.00023419601107831965,0.6442929578650438,20
49321410,-1.9686069475571832e-05,0.0003704562292901308,0.5926516360606799,20
48154897,-2.0087271178442778e-05,0.00034095007632688564,0.6024909548088917,20
65254054,-2.0282488421116685e-05,0.0001535364873427822,0.7191843094945369,20
88699174,-2.0351745909086283e-05,0.0002766085189663569,0.62713830711815,20
101522541,-2.068416624285696e-05,0.00012364852602420268,0.7682222895561361,20
146378480,-2.0708076179168367e-05,0.0001515652883639511,0.7257861553891336,20
18284519,-2.0949087901345198e-05,0.0002702086823399563,0.6336944888125855,20
139463565,-2.0992852447604406e-05,0.00036614471027685626,0.5998046710791431,20
46,-2.102502164235687e-05,0.0002661131831947225,0.6361358164225719,20
101927667,-2.1031665408968725e-05,0.0007849494670932834,0.5470600778415188,20
12272589,-2.107033062992425e-05,0.00016551566500979956,0.7120917422969935,20
90809268,-2.1093682408246382e-05,0.0001214163107241848,0.7766215233263749,20
247728379,-2.1179345975375073e-05,0.0005567822015622969,0.5666409289383638,20
66485375,-2.1183150202103153e-05,0.00020665014157593173,0.674076895695794,20
203038008,-2.1281003753564898e-05,0.00010900221854520434,0.8032493332201778,20
12472474,-2.1452822384140923e-05,0.00029677904142749224,0.6249893933327546,20
81968159,-2.1468141738859024e-05,0.0001604340823663008,0.7216894636856621,20
31366575,-2.181170924482334e-05,0.0005238904798883071,0.5728666689330374,20
104328723,-2.1827879644370497e-05,0.0004954957438408169,0.577043772676795,20
74583226,-2.1839997242056876e-05,0.0005648239264653921,0.5677298776179962,20
10800737,-2.2349679045002847e-05,0.00016277334321826813,0.7267671187162205,20
200835590,-2.2411560171409217e-05,0.00015600284756788816,0.7358782275239335,20
57601097,-2.2444820109038254e-05,0.0003507183285025383,0.6110896630432219,20
230088621,-2.2460693893208705e-05,0.00034561107237973047,0.612761114434586,20
179086833,-2.2702414103595304e-05,0.00017465686669771338,0.7160649336199174,20
188220110,-2.2720790288444094e-05,0.0007256939093702084,0.5549404239468314,20
80266617,-2.281211008488271e-05,0.00030205777456741764,0.6303712668343329,20
169398513,-2.3215284213515265e-05,0.00014380878723969996,0.7604397537859262,20
92812055,-2.3331536398948917e-05,0.0005635155973252809,0.5724679745599572,20
23485953,-2.3485212150592405e-05,0.00037085077403628796,0.6099611432186741,20
233114608,-2.3534000050140504e-05,0.0002331764055201931,0.6715813246374467,20
44750201,-2.357267449370759e-05,0.0003731646984735959,0.6096938688094065,20
142597470,-2.3666736117122776e-05,0.0001773854821170778,0.7211149535500441,20
70279043,-2.3710991307565597e-05,0.0005072327583360925,0.5816842517914351,20
43149435,-2.375672968076281e-05,0.0007318867620308003,0.5569447127043711,20
153457786,-2.3760242726442173e-05,0.0005510287546906178,0.5754337392049628,20
29034026,-2.392745652670114e-05,0.0002185464163888078,0.6849994226316932,20
169000768,-2.3948996710276838e-05,0.00019245779395122114,0.7078183346819809,20
101,-2.3974542077689896e-05,0.0004237136013642105,0.598523389072217,20
23686279,-2.3975743871471056e-05,0.00027288894935651527,0.6506229231822565,20
4069426,-2.4017987423738397e-05,0.0003194170236981823,0.6298252399133721,20
36916305,-2.4081328284786262e-05,0.0004401021505874298,0.5953457257142082,20
86873597,-2.4131943577668236e-05,0.0001565031814295586,0.750602408268255,20
170001257,-2.4254189474720576e-05,0.00019638303867313534,0.7064188458731213,20
69457409,-2.43084048316744e-05,0.00028152972706679645,0.6481593153406648,20
132970636,-2.4342324262077718e-05,0.0002210170225726341,0.6860133323694375,20
18153882,-2.4404609061431937e-05,0.0003845814647771359,0.61017999523921,20
90913244,-2.4522405923343983e-05,0.0003530698935385498,0.6202611312784911,20
111125434,-2.452339438901441e-05,0.000280754013890123,0.6497932812588869,20
59859795,-2.4606689244668912e-05,0.0002394391342367017,0.6744880465057836,20
163805070,-2.461612629658938e-05,0.00107153853567443,0.5403758557383183,20
62652586,-2.4817572189680948e-05,0.0003261513160989026,0.6313159608838239,20
12689512,-2.5212862834450567e-05,0.00031618268248330026,0.6373449657322027,20
21691797,-2.535125805050997e-05,0.00022971830098938436,0.6863548449509616,20
79369313,-2.5392732709506038e-05,0.0002398495049309074,0.6793611174913918,20
8016897,-2.5472682136862267e-05,0.0004777790524905873,0.592950233742395,20
130254679,-2.550621226429517e-05,0.00020853509131719535,0.7046245806312905,20
121911011,-2.553900023578026e-05,0.0004661285420087795,0.5954686061665821,20
172999895,-2.5553344210249575e-05,0.0003459041951165175,0.6276340312230391,20
15224724,-2.579976560944386e-05,0.0005670104492933563,0.5795415893997651,20
2863653,-2.5878091675257675e-05,0.00026831044220290885,0.6644586082297925,20
6015017,-2.588931378081083e-05,0.00032819082893557325,0.6359331484860615,20
55254711,-2.591801496234225e-05,0.00021523679406822418,0.7017635487421653,20
67227276,-2.6085910791920353e-05,0.0002054490227672177,0.7115995573422973,20
83290485,-2.6303215780831834e-05,0.0001305145806905328,0.8106414178728958,20
5015269,-2.6404968239923666e-05,0.00015629757900965807,0.7704004547666923,20
177409850,-2.6489465094417518e-05,0.00022048423667882436,0.7013486600639818,20
3212494,-2.6491403687731173e-05,0.00019660118615602337,0.7230522703582967,20
148782358,-2.6498251907716708e-05,0.0005735108419893,0.580750968452573,20
151893946,-2.6511053591543598e-05,0.00026105991832069895,0.6725678356072482,20
130991959,-2.6543011373433845e-05,0.00026101932757424017,0.6727862850234284,20
26890144,-2.6551768955834774e-05,0.0003065347222638909,0.6486072064682712,20
150981216,-2.6694020438242094e-05,0.00017594226245377546,0.7471865847217163,20
38139802,-2.6706512426752372e-05,0.0005989496214174095,0.5779687995567941,20
62,-2.6730790241913383e-05,0.00020621330839000598,0.7155390646616693,20
167471319,-2.6731099379920243e-05,0.0004497336083923543,0.6033769795164474,20
14675207,-2.688462580992257e-05,0.00026499066257405313,0.6724151155591032,20
49236056,-2.6908361580052497e-05,0.00017189033215466525,0.7538209133981015,20
71268455,-2.6908437654940555e-05,0.00014985532818370144,0.7840553239684847,20
105130436,-2.7027801319762234e-05,0.0003020985001733932,0.6532301272672512,20
51207946,-2.7054627462971825e-05,0.0004937501959358316,0.5954763727079213,20
89240263,-2.7073115738085463e-05,7.208766193789884e-05,0.9452926450551472,20
135963464,-2.7153856792899723e-05,0.0003463392160212083,0.6351370199063158,20
35843964,-2.7171604005113426e-05,0.00017861405067447732,0.7477465967392616,20
75543599,-2.7281764063244452e-05,0.0006927892147813414,0.5689648522097233,20
86113100,-2.761925940661658e-05,0.0003255171970812571,0.6457188057481588,20
38281658,-2.7746716573703865e-05,0.0002729711085352743,0.6727187317301163,20
126755412,-2.775074718661119e-05,0.00028629698195723667,0.6652275278000972,20
164191596,-2.7788747105977895e-05,0.0004995725564769977,0.5968932844676865,20
39343904,-2.7815324001395636e-05,0.00039571905223494987,0.6216592232223029,20
178408795,-2.78648244845775e-05,0.00025362171291668927,0.6855942500696792,20
101527507,-2.804180400053369e-05,0.0005284559173022605,0.5925210200415493,20
41047357,-2.840935190446814e-05,0.00012773675067714432,0.8337916788811004,20
118122444,-2.842730240659175e-05,0.00015596424638477112,0.7874501741838149,20
122753197,-2.8445115684511134e-05,0.0006643355311076,0.5749115181609359,20
107402938,-2.8475090079824182e-05,0.0003271642901667277,0.6492855538082722,20
48590472,-2.8531942721660154e-05,0.0002670841945370226,0.6808598267147421,20
22235825,-2.8704953046651548e-05,0.0001625516727001542,0.7802855578299375,20
45230520,-2.8771980298933354e-05,0.0006702877309149117,0.5750970559232244,20
34252986,-2.8881989854059874e-05,0.00018811741189093706,0.7496898911924772,20
244725653,-2.897897650122605e-05,0.00016067637750804577,0.7850544599043203,20
85637788,-2.898549854234711e-05,0.00043628180785151014,0.6151997520527471,20
5419725,-2.9076384690285283e-05,0.000153244656376977,0.796648191323291,20
119149676,-2.911145564313544e-05,0.00021150350881457932,0.7272515389967644,20
77908985,-2.9133887086141286e-05,0.00034304626812705025,0.6458488922714363,20
114929512,-2.9171315931500463e-05,0.00045341421568316997,0.6116635053045827,20
29431338,-2.9216808259055482e-05,0.00041986450777895445,0.6204811505303095,20
108740598,-2.9265582316881365e-05,0.00023983672680042648,0.7041900173008806,20
35497508,-2.937339262676364e-05,0.0011384294130423274,0.5453260625212528,20
25640406,-2.9426089214415473e-05,0.00032615440610547856,0.654450869678264,20
5414469,-2.946664297374113e-05,0.0003215853614031562,0.6567242476706213,20
53810182,-2.978471753402323e-05,0.0004524258848671083,0.61418363951764,20
245125829,-2.9810383486433832e-05,0.0022159885038694265,0.5236721482781774,20
5464325,-2.9829302801556712e-05,0.00038028079652937033,0.6351992760941965,20
41247430,-2.9843350213651365e-05,0.0003751506402455035,0.6370300898509071,20
27836811,-2.9855791593252913e-05,0.000256076557106869,0.6959447093673325,20
75432704,-2.9890536203913688e-05,0.00024031539397165787,0.7077326334267782,20
88274261,-2.9905213622088977e-05,0.00023151295677551742,0.7148679065886647,20
88225513,-2.999678071679279e-05,0.00017169430317761326,0.7778817023010353,20
39975283,-3.0010056798482342e-05,0.0003981402765402609,0.6301278461138762,20
57456790,-3.001289584210476e-05,0.0005036310986189721,0.6036405906732962,20
98302362,-3.0029198969547256e-05,0.00033780745932687664,0.6523028122988088,20
109734745,-3.013438057461737e-05,0.0005578691671460909,0.5941497373514455,20
45259376,-3.0135734803107828e-05,0.0003747022930684355,0.6384715969243226,20
151374545,-3.0214536905817656e-05,0.00025305228287809034,0.7002242179751412,20
14023513,-3.03076245430689e-05,0.00027181067953626075,0.6881269973524138,20
9418061,-3.0315996986704508e-05,0.00038256239099478643,0.6365262111262245,20
149980084,-3.050640099812041e-05,0.001212899776120199,0.5441892276112954,20
97943202,-3.055289469668654e-05,0.0003968590194713929,0.6327972081531418,20
45859977,-3.057420835199942e-05,0.0005868629724079816,0.5908688582123647,20
47066612,-3.05875588093113e-05,0.000142166473413687,0.8259805371292135,20
22483991,-3.066284782531903e-05,0.0001480830890698515,0.8169762994401262,20
38079239,-3.077094003738623e-05,0.00015019830190460417,0.814477715311724,20
77689888,-3.079595151134762e-05,0.00024256048166478012,0.7115872262081703,20
180624636,-3.087946511141082e-05,0.0006539820741565022,0.5824959816843914,20
37022572,-3.0931228814584656e-05,0.000268133970817013,0.6940599665584493,20
147580462,-3.0950622741149345e-05,8.92310141678e-05,0.9313246343496363,20
100452646,-3.098736421467407e-05,0.0001673026278336539,0.7911126910251858,20
70488854,-3.116532568436525e-05,0.00029225670019472475,0.6805617714468042,20
168196092,-3.1180725400117845e-05,0.000383694696333284,0.6398503771102273,20
115768926,-3.136352197694037e-05,0.0006662448403651955,0.5822508058864154,20
33297667,-3.139161250846345e-05,0.000211610831254655,0.7424854707854682,20
12611254,-3.14436403583751e-05,0.000277728431378808,0.6907725744940227,20
135076036,-3.167968451972814e-05,0.00038207071903887416,0.642559648917729,20
48869217,-3.1693929272802456e-05,0.00048667934816463656,0.6129875858326868,20
3412528,-3.194200458500052e-05,0.0009598470666050417,0.5583699154485168,20
181825225,-3.194303744699645e-05,0.00023765145940165744,0.7225629854714415,20
137364012,-3.210369855883022e-05,0.00029530920775141584,0.68379858860093,20
19480833,-3.2250291629895564e-05,0.0002256427070940757,0.7348333846859347,20
128718671,-3.25658806791862e-05,0.00020486441474809955,0.7571102018972012,20
30690315,-3.256595696465858e-05,0.00019399768525509218,0.7689931194992798,20
50444456,-3.2633531979583964e-05,0.0001322347150704164,0.8582375389365371,20
73874918,-3.264331646106455e-05,0.0001904401491129146,0.7736208456173672,20
9200183,-3.267809286243706e-05,0.00047757536541351346,0.6185360773769857,20
23096027,-3.286006090760518e-05,0.0004179938980739968,0.6354856876117743,20
23425419,-3.2910760863813504e-05,0.0002629581605293937,0.7088932014247407,20
85423279,-3.30269615273382e-05,0.0002502653455555296,0.7189871566297057,20
158299463,-3.305050147062727e-05,0.00034079349509411375,0.6653090510227022,20
60059641,-3.309588675882158e-05,0.0002635669140945093,0.7095108476969014,20
5817259,-3.316213637979404e-05,0.0005462755896016191,0.6055270357250402,20
127145909,-3.316992167218813e-05,0.0006215806448916736,0.5930340616351237,20
113548876,-3.322735000275134e-05,0.00018695321540222582,0.7817372749257147,20
99434172,-3.3235942018744466e-05,0.00039578164325877887,0.6442941537692592,20
93079215,-3.323954833079623e-05,0.0001304557811143347,0.865667318462461,20
38936659,-3.326990046878253e-05,0.0003204992968798356,0.6761233330519152,20
128620651,-3.346907524976184e-05,0.00015140102476843815,0.8323638750964212,20
56540618,-3.357597757659425e-05,0.000275203905258764,0.7041614731555608,20
34,-3.402669733227615e-05,0.00030475866791586023,0.6883566918663443,20
810722,-3.405438059080335e-05,0.00031679644214587037,0.6819037754734021,20
96510716,-3.4069632609726175e-05,7.402875094096065e-05,0.9732220134282781,20
862933,-3.4123001071861836e-05,0.00026012821180114605,0.7178257153565749,20
83269346,-3.4280812660464344e-05,0.0005547922678832514,0.6073628169089412,20
107333314,-3.430448904497008e-05,0.0004742648291261102,0.6250667712221725,20
141066408,-3.432075191644457e-05,0.00016216256298208175,0.8221119750236816,20
108340355,-3.4380997381325275e-05,0.0002682016748865538,0.7134130160698806,20
57561260,-3.4424589578921363e-05,0.0003055404756286633,0.689926034746124,20
25088312,-3.4461673814609185e-05,0.0005588171384892414,0.6071574524474742,20
111144317,-3.4490414051360774e-05,0.0007337634904885336,0.5821299389012897,20
80888740,-3.467408997512578e-05,0.0003127778119151317,0.6871302951553825,20
178608316,-3.471056309679865e-05,0.00022772896568611488,0.7481558824859855,20
137062363,-3.476141402282418e-05,0.0003505875606861933,0.6687652514406248,20
187819587,-3.47616043133353e-05,5.6759478997628714e-05,0.9934775260210219,20
95121488,-3.478431171100027e-05,0.00024403285948016484,0.7342823638692033,20
187820369,-3.479439685561692e-05,0.0002740128312366131,0.7116154321209798,20
5267060,-3.485138419581646e-05,0.0001977777324876754,0.7798074275011586,20
19435753,-3.4916183456862314e-05,0.00025713019156388384,0.7245726309316693,20
179811725,-3.5113424333382824e-05,0.00010648710140954076,0.9216586929710531,20
30420563,-3.5133625970781845e-05,0.00032912082821316316,0.6807385719624008,20
47288122,-3.516916492706801e-05,0.000984975559886591,0.5625909313468269,20
17226471,-3.5182511885537006e-05,0.00022860563360936538,0.750197739997865,20
54664458,-3.5220539765890016e-05,0.0003122766055597002,0.6901087294095151,20
165592534,-3.56264730098782e-05,0.00029941107701523514,0.6995990237466845,20
26962138,-3.576320056726256e-05,0.0016853698684820713,0.5373051526837043,20
49757292,-3.5920746116963055e-05,0.0004192540362068161,0.647073737330188,20
35021037,-3.602737415978052e-05,0.00021584344880428837,0.76773783595305,20
160989252,-3.6051687533864006e-05,0.0002526166097462553,0.7345296697372299,20
35043204,-3.6066523287714426e-05,0.0003395594192346322,0.6799030484966929,20
64062238,-3.607668488316285e-05,0.0006440826041644055,0.5975535604306508,20
41661835,-3.6107540599991664e-05,0.000180048945072631,0.8094901315779736,20
18712214,-3.614595941300036e-05,0.00035302611452991067,0.6738901094128127,20
166870801,-3.635967607450996e-05,0.0006995312038475983,0.5906626491981012,20
32649129,-3.638082463410519e-05,0.0003312173178856156,0.685550918548079,20
74073037,-3.640281685699798e-05,0.0003506302192879928,0.6761463546210322,20
90,-3.6426944859738186e-05,0.00042419595032895625,0.6473918653539619,20
64663082,-3.653971835937686e-05,0.00034770966795858544,0.6781345984718413,20
260348,-3.656723954239549e-05,0.00034037250196435065,0.6818053235681891,20
11420374,-3.657670013843539e-05,0.00018608802669485038,0.8048151349512801,20
16293956,-3.6638962527144045e-05,0.00039956221044557374,0.6568346365828355,20
75561689,-3.6656308396987305e-05,0.0005410367010651126,0.617407331777676,20
36699347,-3.6742558488417346e-05,0.0003380109204564299,0.6837832356689093,20
100351568,-3.683600290070588e-05,0.00025440491194396843,0.7374827043977275,20
84622732,-3.683889188399736e-05,0.00021339787033500924,0.7752018973624206,20
42,-3.704573007371204e-05,0.000428918766757044,0.648201702504227,20
15350422,-3.7047117436789236e-05,0.00039806321844371726,0.6590416259756615,20
68066200,-3.714785023609668e-05,0.0010128898399030045,0.5642746664859458,20
68733328,-3.720533876681586e-05,0.0003386230061894479,0.6856016791543638,20
37079390,-3.74113180708513e-05,0.0002136874993856578,0.7783492048758334,20
23496693,-3.748248007925392e-05,0.0003239090642999055,0.6946140245294675,20
119950420,-3.752112088733772e-05,0.00019527659379058802,0.7995542252559067,20
70498868,-3.753204243834296e-05,0.00028525362660034405,0.7184090780384851,20
66492251,-3.756504070669686e-05,0.0006121667351968824,0.6066415114539374,20
185628932,-3.7573365987608744e-05,0.0002690009654301051,0.7301869409051529,20
90893554,-3.79471889537214e-05,0.00014067364066734083,0.8787597250701472,20
120348676,-3.8004231764388054e-05,0.00025136117267209214,0.7464561375660659,20
31296409,-3.802034212513072e-05,0.00028326040359893506,0.7222897565093845,20
19226809,-3.802943810008175e-05,0.00026596339981091856,0.7349203771929405,20
76062806,-3.811378599052617e-05,0.000285263733137395,0.7213914948695059,20
33673512,-3.811887298902084e-05,0.0002818909894893175,0.7237492729819521,20
27041672,-3.847368958970754e-05,0.0003309151989478208,0.6954483138243195,20
130959296,-3.863358204747869e-05,0.0003470878006017567,0.6878256013689015,20
47181852,-3.868993297254375e-05,0.00033513631330024787,0.694194773907834,20
122339338,-3.870155406081599e-05,0.0004113039824899715,0.6606903741914998,20
71299622,-3.8857834544026025e-05,0.00039877191947345253,0.6660470541418833,20
73559582,-3.887034648900889e-05,0.0005491864548659248,0.6224738745065896,20
100641796,-3.887175418130495e-05,0.000725780657820705,0.593366773784366,20
158774640,-3.914278232710622e-05,0.0003796023864519285,0.6750351813441515,20
22280773,-3.9173240984904936e-05,0.00011258670870197247,0.93189918172449,20
240721552,-3.918625138250309e-05,0.0004673538509090179,0.6440841911133,20
82368357,-3.922446395868695e-05,0.001598713568116595,0.5431105233903809,20
109140966,-3.922560262227815e-05,0.0008201836525747201,0.5835410712704995,20
2001299,-3.9339091559426054e-05,0.0002807006838420355,0.73085983157076,20
115340404,-3.947841287419984e-05,0.00032095068636616163,0.7056677538025158,20
107096320,-3.948475267630258e-05,0.00012397611021927872,0.9147136014886948,20
7005123,-3.948744774068813e-05,0.0003325799242142594,0.6992073959369802,20
78490233,-3.951939393093129e-05,0.00015774454534817122,0.8617457276967974,20
113338149,-3.976656909456533e-05,0.00012095245686605751,0.9210820622470254,20
129759093,-3.976983091956432e-05,0.0003896560710808682,0.6733771827522579,20
34620512,-3.978554205348317e-05,0.0004066600455619853,0.6666703216920884,20
198032726,-3.979586540062419e-05,0.0015176329987913926,0.546061482694443,20
47862656,-3.9832584835866605e-05,0.0001975759580534618,0.8107245218601532,20
193827754,-3.984459496238213e-05,0.00040007776669830937,0.6694642925622127,20
157861463,-4.0094105970728265e-05,0.00020565986689803927,0.8029151418354286,20
3664025,-4.0105644287882766e-05,0.0002519349070294597,0.7574180620236997,20
91534586,-4.0263855808342355e-05,0.00021706844734994984,0.7914481496459393,20
196242764,-4.030799428396681e-05,0.00035844622889542665,0.6895931136388618,20
110137377,-4.03387191813237e-05,0.0003773912015716081,0.6809548558833758,20
148538622,-4.0562246432146454e-05,0.00036485647575042657,0.6876172892505588,20
53410085,-4.0577904673236295e-05,0.00040003016707011935,0.6723868458094882,20
42147220,-4.061668226225112e-05,0.0002419246674405284,0.7690220799089222,20
69611450,-4.0731827851014926e-05,0.000359548585441636,0.6908785159219704,20
131569668,-4.076906652056567e-05,0.00017827140646349833,0.8403608068094526,20
151941664,-4.080120848180269e-05,0.00024130718539732327,0.7705886688516048,20
90322025,-4.082971361044907e-05,0.0001874454654022692,0.8288837609241565,20
23632552,-4.0830338202529906e-05,0.0002360709654746609,0.7756254917897013,20
84122965,-4.09615550963055e-05,0.000377072845876247,0.6836712945427206,20
48467721,-4.122321535247608e-05,0.0002888237037941648,0.7345508879029867,20
100688511,-4.1390905073585e-05,0.0005374317907074574,0.6328457487449255,20
106758406,-4.141504051716483e-05,0.00010956225921766791,0.9463626668033668,20
248728908,-4.1579293490390244e-05,0.00027719714682537924,0.7447945552838866,20
120070770,-4.1647023464524977e-05,0.0003149476848008287,0.7193789899441225,20
43445402,-4.168459754469167e-05,0.0003216469956177965,0.7154954072467343,20
154985501,-4.175231858334072e-05,0.0002110210555213778,0.8063507797117546,20
90441008,-4.175306285868208e-05,0.00027143562478869365,0.7500912134569027,20
31097262,-4.18138103871063e-05,0.0001741068870156943,0.8518709444108012,20
1866427,-4.1829268431606284e-05,0.0002756928488613645,0.7471918871465737,20
54858762,-4.1897252576056365e-05,0.0003373845963015286,0.7074359556380487,20
217071533,-4.2007323777124014e-05,0.00022544164311663959,0.7924880415995244,20
175015282,-4.2012350820752606e-05,0.0003407831603223726,0.706084307941909,20
9870704,-4.211671392007899e-05,0.0002997336870713749,0.7313872343712562,20
5470410,-4.2129147988886895e-05,0.0003267910781845096,0.7144901103858355,20
28630797,-4.2133210230727024e-05,0.00036592628160157277,0.6937287611968166,20
47309757,-4.218743607665165e-05,0.00042765098674380945,0.6679663433371774,20
5004098,-4.2408983766042964e-05,0.0006276880881459808,0.617091507767735,20
55721302,-4.261527788483321e-05,0.0002842375047793086,0.7446961995765413,20
34438244,-4.274737963435859e-05,0.00041629054349749754,0.6743593458278057,20
241322243,-4.28967403766467e-05,0.00017875745274638697,0.8516853322899941,20
146979354,-4.2973859351208564e-05,0.0002995661968076149,0.735583298750239,20
127758014,-4.310692710235153e-05,0.0004626337527124383,0.6592165515334545,20
90522149,-4.3639950372492685e-05,0.00036884658004617037,0.6985748064890047,20
96848234,-4.376394782999171e-05,0.0005337356894371794,0.6410508444986796,20
81847046,-4.377098218398823e-05,0.0008908132601829394,0.5857924473236187,20
237518018,-4.381487572713283e-05,0.0003118935678455212,0.7313391173401,20
41709978,-4.385240680393476e-05,0.00020307978069617177,0.8268366300787168,20
1464986,-4.388584110545657e-05,0.0004617151460377464,0.6622212635170772,20
140195127,-4.398864449314255e-05,0.0003785370902383884,0.6953603425144792,20
137029458,-4.406563457039492e-05,0.0003419097138981073,0.7144356680077483,20
24287468,-4.4079129273394414e-05,0.0002225441930953532,0.8065982566781479,20
97484462,-4.4104453018620206e-05,0.0006121824323725146,0.6245878146314721,20
112337086,-4.4282117737967644e-05,0.00034538845450450155,0.7134408548777822,20
66608189,-4.43221795514398e-05,0.004370440683717866,0.5178505859217708,20
17228286,-4.435613833927987e-05,0.0014622679465179562,0.5532402555492527,20
157990013,-4.450041330414933e-05,0.00021327932381193376,0.8187633677092079,20
126982373,-4.453594758886959e-05,0.000243241204925053,0.78847958200067,20
49453987,-4.454882138708593e-05,0.00016596620118031804,0.8776342961590423,20
3602977,-4.461116788596342e-05,0.0003113406107420008,0.7353469122304779,20
75784078,-4.473133495732085e-05,0.00016386896963017326,0.8814445134656441,20
25026917,-4.473565546929403e-05,0.00017172953527185242,0.8707799927104782,20
61655944,-4.483735268451805e-05,0.0003117240805258984,0.7361273393372318,20
24626198,-4.494129628440091e-05,0.001183689947345234,0.5665165540556594,20
107448396,-4.500334865269462e-05,0.0003623981045997016,0.7074353634582128,20
77185444,-4.508580187854716e-05,0.00034084713432223977,0.7194391300255979,20
164992076,-4.521116835926597e-05,0.00032264137565369823,0.730834277943875,20
40137437,-4.524833967878561e-05,0.001106419807155962,0.5715903839019356,20
138967017,-4.538074099325329e-05,0.0005821120189938413,0.6344042585385186,20
1060740,-4.5391991877333224e-05,0.00012449233393217873,0.9402814486834936,20
67865972,-4.5520469176327236e-05,0.0002679621966447146,0.7716244558336249,20
41740041,-4.55909317110037e-05,0.00011557503180512183,0.953108311827597,20
35621291,-4.561384211024533e-05,0.00015807112327582073,0.8938199273960181,20
94906455,-4.567314245854104e-05,0.0005920113827944999,0.6330657591119803,20
83285801,-4.570845626744313e-05,0.0004003808882640289,0.6922265373887622,20
21804837,-4.5835885719539e-05,0.0001523067579168669,0.9029065178246306,20
120412220,-4.591374214152622e-05,0.00017919346536625968,0.8669617276877707,20
160262903,-4.5987150421719634e-05,0.0002713777315886486,0.7710779013026186,20
31893166,-4.603546624158683e-05,0.0003604528820866629,0.71270768829457,20
74341251,-4.606373255748586e-05,0.0005145182503733805,0.6533289486788179,20
97728776,-4.612057920146129e-05,0.00012281743316064036,0.9452764085393202,20
235716365,-4.6339630527009176e-05,0.000883316245913079,0.5914904086601547,20
148290732,-4.647841271580855e-05,0.00026939421403977,0.7750716557325628,20
105694698,-4.64842041114466e-05,0.0003897657115823019,0.7000141189368807,20
184628013,-4.657436747344812e-05,0.00032541226476609573,0.7351148845694077,20
170730606,-4.660573030683679e-05,0.00023686763466496667,0.8050545434525487,20
129190913,-4.6692209986956554e-05,0.0001346284201063738,0.9313050510130751,20
166670240,-4.672302954334406e-05,0.0004691807580781207,0.669451846863918,20
101888862,-4.680569870201268e-05,0.0003844578460855321,0.7037704804136959,20
6468261,-4.7160094250828234e-05,0.0003804372937368358,0.7071066800210226,20
169474940,-4.7163155419452375e-05,8.050116452497244e-05,0.9915767067483193,20
17899701,-4.716560425720162e-05,0.0003342089099927828,0.7322641908178547,20
97701769,-4.732484685456839e-05,0.0002105779217052915,0.8362510988990779,20
164104976,-4.741834325696637e-05,0.00020404122989987439,0.8441458018538541,20
90641186,-4.749611036368173e-05,0.00030640833434828575,0.7517211964749742,20
112542699,-4.755005094592979e-05,0.0005054338732229298,0.6606629608651253,20
127182409,-4.760354622898033e-05,0.00023717315238176346,0.8096869745071155,20
85837960,-4.7711685450088634e-05,0.00032325498024899236,0.7414363680371892,20
26085127,-4.771478430330156e-05,0.00013230487751023987,0.9383675022974702,20
66273454,-4.7775431260818624e-05,0.000420248018880974,0.6914908377124369,20
39107814,-4.785778065796442e-05,0.00020516793717295217,0.8450208446910384,20
93706220,-4.793905758214145e-05,0.00023991942061906343,0.8086400454164944,20
207685764,-4.806487732932352e-05,0.00017372359889398714,0.8844796995308172,20
10268177,-4.819129420034207e-05,0.00024259769508187806,0.807276342759532,20
175682539,-4.828685068121174e-05,0.0002405037888714692,0.8097585195757241,20
100653020,-4.832732768108583e-05,0.0003088666756011507,0.7537156027484075,20
7818887,-4.833846841880984e-05,0.00023992922142880801,0.8105661159863746,20
84222593,-4.839581757259126e-05,0.000381655560502294,0.7113535555447572,20
133771154,-4.851963599863396e-05,0.00017625881765669606,0.8833400834641658,20
44449690,-4.8541685969089035e-05,0.0003604589795291745,0.7229348254078245,20
190422067,-4.8827245027713294e-05,0.0007774127188601875,0.609082034187363,20
110645608,-4.8886663124528276e-05,0.0002842972359898595,0.7743295489806377,20
16837500,-4.889398415090784e-05,0.0002898378547228504,0.7700780260387392,20
96922939,-4.890712134913433e-05,0.00043138030009786017,0.6910132927575301,20
29764960,-4.9013897591501654e-05,0.00033750653174017913,0.7380920297179874,20
122979329,-4.914891198184446e-05,0.0003089126270478006,0.7572995720693898,20
44606492,-4.9234103292142285e-05,0.0003046793695412143,0.7606567148638502,20
82489969,-4.9245699684608016e-05,0.00027501932815639853,0.7834240770095492,20
160393294,-4.9268143470873606e-05,0.0003554539661989289,0.7286453830589066,20
135163943,-4.935502166381056e-05,0.0005831848316200385,0.6453641647372188,20
68666830,-4.9411266800136744e-05,0.00014785389151350864,0.9242713286739321,20
31739048,-4.956770131782362e-05,0.0003383487416725396,0.7398914638166293,20
13612175,-4.9593063200736864e-05,0.0003296304879889855,0.745423177032852,20
93881354,-4.959397563251699e-05,0.00012486118984917567,0.9541498718755479,20
199651195,-4.985510226837297e-05,0.00031587049499455993,0.7555782945004185,20
58338245,-5.008149081879298e-05,0.00019773123721224207,0.8642848329092607,20
176806198,-5.00911990331282e-05,0.0005351193684098558,0.659908058629247,20
8470537,-5.0099556082691676e-05,0.0003944323902407887,0.7116689064009032,20
194226486,-5.016204159919435e-05,0.0005468388768798346,0.656888111454784,20
78644250,-5.019466335961231e-05,0.00022262997595448643,0.8370096602631252,20
43685314,-5.028517491016682e-05,0.0001979522826592466,0.864967055184045,20
114827343,-5.0343541673442126e-05,0.000500240792076099,0.6711233763207697,20
104330202,-5.035436497081158e-05,0.00011770368229661681,0.9645438879909186,20
209687376,-5.077569435870954e-05,0.00021810328182197888,0.8445605488682522,20
78565563,-5.078674871131506e-05,0.000488977275935232,0.6762125779786474,20
74416842,-5.081873837252948e-05,0.0003235069103577774,0.754561754267282,20
104044426,-5.0847165843564965e-05,0.00030929350202614844,0.7644047115237815,20
149574596,-5.101643509131393e-05,0.0002778571453452689,0.7891174873891378,20
72501356,-5.103566895477141e-05,0.000838247576444342,0.6058283421390402,20
64906716,-5.1115798135253907e-05,0.0003555830369556216,0.7360072377030582,20
56095152,-5.112046235858092e-05,0.00015008838122432494,0.9279125981962304,20
66,-5.1139979077385876e-05,0.000321728254529028,0.7570978311051768,20
123742029,-5.121417147969653e-05,0.0003420203020627561,0.7444337546738942,20
32035421,-5.150515159866587e-05,0.0003034970493326934,0.7714013573705318,20
97283613,-5.15834507004681e-05,0.00015012205665849271,0.9295698601716433,20
122861867,-5.162894604989476e-05,0.00014357251111035438,0.9378577879600525,20
131560044,-5.1797348191778835e-05,0.0008213325779207006,0.6095172108254562,20
44486286,-5.193411261334713e-05,0.00022047689618834805,0.8473209106281268,20
29533312,-5.206268868634123e-05,0.000317553156556154,0.7638080313175561,20
173679727,-5.228171579009233e-05,0.00031145254585956554,0.7689883688623032,20
1413084,-5.231747184252234e-05,0.0016053334066755385,0.5571714605536272,20
62727746,-5.2537742698818836e-05,0.0009878820393997908,0.5927236545194035,20
11688891,-5.26586554461389e-05,0.00024780293630006166,0.8230633037829815,20
77498253,-5.285757706043337e-05,0.0005352483808079312,0.6681319325504682,20
98749123,-5.3185348072087856e-05,0.0002761746571149515,0.8000771769681416,20
28693399,-5.325238035910895e-05,0.00031333492885772,0.7717250655963298,20
125784521,-5.3290891145754696e-05,0.00021153067192027517,0.8630432734235917,20
162203896,-5.333072409301198e-05,0.00019637381281392707,0.8802878690403224,20
108540365,-5.337139696411641e-05,0.000232103863299293,0.8416503456883462,20
42503482,-5.341920476185091e-05,0.0003734246812817604,0.7350123960474935,20
76663351,-5.34228913566942e-05,0.0002648750101734871,0.8108223804128853,20
2263913,-5.360277444312056e-05,0.00045948510555631004,0.6960501525198306,20
108735332,-5.372014420820803e-05,0.00025476213620687565,0.8212439334003709,20
28493371,-5.376739049164636e-05,0.0005567673238738751,0.6646540071435583,20
20755388,-5.380296012214292e-05,0.0002078400377315615,0.8693312325490996,20
70658044,-5.4095878950211065e-05,0.00036864384945002886,0.7402350745989337,20
164792067,-5.415087879082625e-05,0.000325136540827568,0.7672545128265538,20
25098194,-5.4254835646103115e-05,0.0003552684514976058,0.7485630067202329,20
12220740,-5.4739729077069034e-05,0.0004711296821427677,0.6953317202244933,20
106895234,-5.479867333678668e-05,0.00028919401077945415,0.7963436671496436,20
65007353,-5.500300648270118e-05,0.0004936727219461683,0.6879928304356833,20
96509333,-5.506686527300131e-05,0.0001449921817598318,0.9471330674606349,20
50723538,-5.519982507933008e-05,0.0001838207997887541,0.9024430766441734,20
82802203,-5.545822480149676e-05,0.0003885650172909802,0.7345477217370608,20
85023055,-5.54843896487689e-05,0.00011434482300527855,0.9785559425191558,20
18029810,-5.564096324338907e-05,0.00032191184022397436,0.7754801089813363,20
35077059,-5.568743773501639e-05,0.00035608433482252024,0.7536087035834487,20
151854967,-5.570009845230206e-05,0.00031738620366782795,0.7788889012791134,20
129422062,-5.580311020290662e-05,0.0003104388416968476,0.7842983831511008,20
105803955,-5.5810779118661835e-05,0.00037755926482364085,0.7417481956209729,20
41026771,-5.58705978578683e-05,0.0003543468718727083,0.7553581141949143,20
57885765,-5.607307836374142e-05,0.00015236159638035656,0.9418831984364486,20
103892413,-5.611462749897655e-05,0.0002576728044237166,0.8288328265609027,20
32641791,-5.6117045063355796e-05,0.0001995348986469423,0.8881375031481329,20
48653361,-5.6180785829468284e-05,0.00025111552607441786,0.8351860350935019,20
154971179,-5.6426972815198925e-05,0.00032844380979455274,0.7741283912840189,20
46451783,-5.6434883817854665e-05,0.0006580814240189536,0.6472024128799916,20
53853246,-5.6470021233565036e-05,0.0002354183836144736,0.8515867237363637,20
27229794,-5.6473961025604866e-05,0.00023725431436653736,0.8497797541191473,20
85888767,-5.661242827073032e-05,0.0003196128150598327,0.7809713046479287,20
119611955,-5.6617569146422134e-05,0.0005593606089672862,0.6720409391679922,20
58415744,-5.6642236451784345e-05,0.0005002214372420274,0.6907989168428881,20
197244125,-5.6673527883610574e-05,0.00038837082556514996,0.7390844909756012,20
148738787,-5.671822967682205e-05,0.0002971559973589982,0.7980191814927149,20
117147205,-5.699619206437356e-05,0.0003019058313134787,0.7954924710615189,20
48,-5.713237143993855e-05,0.00011230840911521203,0.9826600023320193,20
133161694,-5.730243684131109e-05,0.00048022174386886377,0.7001097848709859,20
15423548,-5.730363205579958e-05,0.0001889551701098273,0.9045397382415992,20
82715770,-5.751405037494883e-05,0.00028937658007743757,0.8073989354361378,20
58285787,-5.754248695781505e-05,0.00034257851227911384,0.7691258575426414,20
123874968,-5.755535394341149e-05,0.000290393465039214,0.806749442751158,20
52677789,-5.760953632095167e-05,9.939841571547582e-05,0.9910554964563849,20
69888173,-5.7749914450117014e-05,0.0005432226082264093,0.6800504382583845,20
99750697,-5.778630455774425e-05,0.0004991733975888323,0.6946826710113763,20
23087777,-5.7881894454467345e-05,0.00043679881411206375,0.7197883707109785,20
169797512,-5.791501645579233e-05,0.00026328296381575127,0.8311989572509262,20
60744233,-5.795797201796071e-05,0.0004447272105345796,0.7165659973697855,20
91642317,-5.7968467957980605e-05,0.0002944824332644077,0.8051609349426481,20
67656715,-5.799929582641361e-05,0.00019935670854892787,0.8956069300373832,20
174014949,-5.818382066286321e-05,5.937933678241283e-05,0.999839745326236,20
7416261,-5.8292696687428644e-05,0.00032526348553487094,0.7836187961384571,20
43347282,-5.839885352267871e-05,0.0003041369442129967,0.7993996858765287,20
14231295,-5.8428198535270814e-05,0.0003404189622946274,0.773914572917409,20
147137118,-5.844017258986311e-05,0.0010808189994283082,0.5942408132806691,20
77508438,-5.8503013515939783e-05,0.0004173615867967637,0.7308991505520983,20
111406810,-5.8577564321923845e-05,0.0004242472964641444,0.7278777904875937,20
48190014,-5.859040427198259e-05,0.00016911371048783356,0.9311085690425138,20
97083600,-5.862578077938385e-05,0.00029733799676538275,0.8055386742428863,20
63059865,-5.8626077394488554e-05,0.00024014555350257105,0.8557072876717176,20
159987183,-5.885514678487247e-05,0.0003452361232764636,0.7724088385339538,20
98684674,-5.8979045364032645e-05,0.00047618648120729084,0.7069479468034728,20
41746535,-5.907250973230249e-05,0.00036795717788574436,0.7592426916245784,20
94281710,-5.927127866185433e-05,0.000368088084979469,0.7598927882470125,20
96082253,-5.9298515083749945e-05,0.00028992852501408283,0.8140880839512987,20
58083015,-5.939675313295645e-05,0.00019273104391737746,0.9079284603917323,20
227886925,-5.943015158425269e-05,0.00043315479592958856,0.7266188265423372,20
186018203,-5.9435453578665644e-05,0.0003300297523948709,0.7847210997767806,20
135763217,-5.947448505379538e-05,0.0003987312279643353,0.7436231170322984,20
147537606,-5.947973145981056e-05,0.00014216144981867425,0.9615951212714373,20
30529316,-5.955902206896402e-05,0.0002046751356042283,0.8956524479671687,20
13834572,-5.9605561381032016e-05,0.0004396500820368349,0.7242574921159652,20
38302599,-5.9606739120818265e-05,0.0005527081870208319,0.6824477438535597,20
47450638,-5.961575772689409e-05,0.000339948327951272,0.7787235541333593,20
153984283,-5.962018269426439e-05,0.00026752373612237544,0.8342723414064426,20
158499584,-5.967417634589467e-05,0.00033991542786336343,0.7789652603644743,20
40881793,-5.971894298972546e-05,0.00032642868893737153,0.7882960524867944,20
1863405,-6.022199169934961e-05,0.00031404402527105904,0.7990962033855139,20
5219345,-6.0262936580607326e-05,0.00030108412021642917,0.8090364142124356,20
55445976,-6.033128523817988e-05,0.00024456769090855466,0.858143414805705,20
26836683,-6.0365563570086156e-05,0.000465731537496195,0.7155207636949605,20
138366077,-6.042842394393677e-05,0.0003678623065711768,0.764233563950796,20
19026532,-6.0547674450620036e-05,0.00014563042727921537,0.9607322700736737,20
130480126,-6.0583716754253333e-05,0.0003045080457960488,0.8076383993065956,20
115568617,-6.0587799666525496e-05,0.0004652734190733857,0.7164144349001281,20
51608348,-6.0683697469085526e-05,0.0002203645877543861,0.8834248082591077,20
59202435,-6.0702018780614544e-05,0.0003838777642344592,0.7559784200625614,20
121661170,-6.070861831488639e-05,0.00024268109265604954,0.8614019934351917,20
50397681,-6.0802428662523614e-05,0.00039965153549546817,0.7477658862799774,20
83686338,-6.110751214807031e-05,0.00042428805943419036,0.7363926869788444,20
9070012,-6.113971105076444e-05,0.00026355894151049804,0.8437214643168933,20
7866557,-6.116475819110956e-05,0.00021682259415865604,0.888813840927494,20
12822702,-6.116786681582831e-05,0.0002900668884318913,0.8212563196687452,20
5596138,-6.123953420950624e-05,0.00026129586087661477,0.8461348522044828,20
87713999,-6.142227725562666e-05,0.00038045568481176863,0.7604563594151996,20
59016091,-6.170687030974397e-05,0.0003629216105044214,0.7718223539081984,20
106338581,-6.187076196991215e-05,0.0005950358649976763,0.676393425181776,20
98949400,-6.204090728772482e-05,0.00043127791305406105,0.7361514647341982,20
95144375,-6.223903642105233e-05,0.00016737487587232286,0.9436378343636235,20
14222782,-6.225286804273367e-05,0.0008816231772438841,0.6221958537001199,20
29843850,-6.227522950773834e-05,0.00016048797238192152,0.9505651772725984,20
70068129,-6.228634990357862e-05,0.0006518781937490591,0.6630208993359494,20
91079310,-6.246727410988695e-05,0.00035134056106328373,0.7818211877641783,20
132150865,-6.251708172340109e-05,0.00023283450756842288,0.877704908096631,20
50049559,-6.25322036499676e-05,0.0003199296901472074,0.8035123778383337,20
104135940,-6.277496952850348e-05,0.0003596197076551682,0.7776877412800117,20
124554362,-6.284641406726077e-05,0.00016304989146360968,0.9495066881312819,20
37056518,-6.287324032219488e-05,0.00019949863331127343,0.9125656689217967,20
26841658,-6.312523425597572e-05,0.00035734616911220013,0.7803625247522685,20
45455862,-6.316498512556057e-05,0.0014734669391829492,0.574999397662265,20
28300649,-6.335010404796559e-05,0.00016632740629728078,0.9475956554491863,20
84116384,-6.336823630019306e-05,0.0007601341248734588,0.6432946130995378,20
70075475,-6.33809043391359e-05,0.0005603333422787072,0.6906118416160141,20
24497115,-6.362906932783075e-05,0.0003581152883048899,0.7816697058159483,20
24089328,-6.368784479247048e-05,0.00040724598049749383,0.7536064309541504,20
35329480,-6.379076722894117e-05,0.0005358748311539206,0.6996778847059348,20
23317309,-6.385443824321879e-05,0.00015803602420999294,0.9566846601804853,20
59459249,-6.387225776995631e-05,0.0003107345454757814,0.8152579499046253,20
131320918,-6.421524870327822e-05,0.00033392406077694455,0.7997483706194963,20
64475210,-6.440245891202178e-05,0.0001714331060130591,0.9453423934488646,20
104290674,-6.44601322112609e-05,0.00023657561996840218,0.8810313998534577,20
147250732,-6.449555573713461e-05,0.00017083155939993515,0.9461603461615442,20
90713945,-6.461523415535186e-05,0.0003061370497448372,0.8214694442965387,20
20021661,-6.46388903486228e-05,0.00024074295946691307,0.8776991175402495,20
169875372,-6.484612946605072e-05,0.0002020354152605077,0.9162834648254947,20
89921681,-6.489151486783473e-05,0.00024027346784805887,0.879029029460092,20
123179715,-6.491884814384674e-05,7.356209356695651e-05,0.9995672809819472,20
129558393,-6.499604031972861e-05,0.00046848674716813064,0.7288325455412532,20
7216231,-6.504184294941207e-05,0.0003254592197192172,0.8086787833823168,20
127357767,-6.516043350905387e-05,0.0001338626878062246,0.9788490222941757,20
83222149,-6.528317187150245e-05,0.00017772419823132579,0.9415583947871642,20
82952542,-6.528903316015411e-05,0.0007065528323684061,0.6579741697045929,20
38443758,-6.531430242660008e-05,0.000459061025154808,0.7339097012109241,20
45468606,-6.536205620543134e-05,0.00013028651214704146,0.9815136789973452,20
27362356,-6.537371310726958e-05,0.00019945312572799997,0.9204725445634462,20
34698465,-6.537791671371861e-05,0.0002947209051366668,0.8331808633830009,20
65484185,-6.539707944022421e-05,0.0003282296789654789,0.8079727497008364,20
97100821,-6.572552062312775e-05,0.00031310735784396537,0.820182808876868,20
106519835,-6.585599885850502e-05,0.0008440469996320167,0.6345121516935197,20
56854016,-6.596039852130031e-05,0.00029199690335134944,0.837460765297473,20
86755296,-6.623563191500981e-05,0.0005645585550294189,0.697064297810971,20
26809628,-6.643570258422493e-05,0.0002652884989072572,0.8616531428415535,20
63453139,-6.650930287511458e-05,0.00046413659593415606,0.7353604056577243,20
17253129,-6.659041757653417e-05,0.0002119337640262992,0.9119435307311917,20
141370117,-6.661888739750432e-05,0.00042431445490060695,0.7544480383936225,20
115150776,-6.669122132756111e-05,0.00015584668605305628,0.9645808210759388,20
120136417,-6.670364783801231e-05,0.0006576911752785589,0.6723612558631027,20
74875565,-6.670911341946917e-05,0.0003576909040467208,0.7926919433405766,20
89731959,-6.674878077210789e-05,0.0008953980602089677,0.6287515664616607,20
33249945,-6.682141268042896e-05,0.000638234607024937,0.6775231908555235,20
72414705,-6.684011687043967e-05,0.0004453765594714776,0.7449011612688631,20
122711751,-6.695569527655487e-05,0.0004337336362335866,0.750844304975627,20
86910400,-6.698235784414474e-05,0.00025828408122555076,0.8697482797715325,20
165268406,-6.700895246269656e-05,0.0015010695901072058,0.5780582767106119,20
33025171,-6.70801000670157e-05,0.0006825884949652836,0.6673680374300206,20
105511601,-6.715130445106299e-05,0.00019956635841625374,0.9255922663019606,20
87730607,-6.720025738206348e-05,0.0001846086919249708,0.9399947104805033,20
136190779,-6.723225502033026e-05,0.0004379212531809857,0.7496818720368907,20
139566499,-6.72947046297917e-05,0.0006695301944196972,0.670920196634252,20
119936272,-6.73471210816179e-05,0.00015879872318516096,0.9634084772431936,20
108922158,-6.735393059026929e-05,0.0001719039989344715,0.9520712627727617,20
41145835,-6.753719569790873e-05,0.001461679466696427,0.5807537683851625,20
31297630,-6.759814468671466e-05,0.0003396193354532163,0.8077377386365479,20
25090012,-6.772528697268354e-05,0.0003710586766851733,0.7877634415699947,20
61019422,-6.773198879890252e-05,0.00020500590307597662,0.9220433820982966,20
21922328,-6.798117643110613e-05,0.000287177763649406,0.848483600773052,20
167671894,-6.80400412824661e-05,0.0006853452284752053,0.6689663637274241,20
30697009,-6.804312989170946e-05,0.00024717246180847567,0.8833491591311708,20
112742536,-6.815446897910082e-05,0.00042245622855087347,0.7603019789283254,20
91381882,-6.817811791888506e-05,0.00021516365220420683,0.9136739307183747,20
43997680,-6.822022037685505e-05,0.00029964398330435546,0.839307341856089,20
43505561,-6.830943286856295e-05,0.0002674578577990543,0.866218398565978,20
65491163,-6.85548890683646e-05,0.00017037871763480765,0.9560743789219893,20
115608949,-6.857500443889219e-05,0.00041989879732760936,0.7629594370121133,20
88978501,-6.87819343061613e-05,0.00025545467447494493,0.8783379705961778,20
27530475,-6.894003468450039e-05,0.00044127253182654443,0.7533925055309456,20
39646827,-6.902989891829636e-05,0.0001267031592038656,0.9875794460941602,20
177018726,-6.937222805706855e-05,0.00027772781285494613,0.8610545902827358,20
73683717,-6.9464082317941e-05,9.849783313181813e-05,0.9973866500429633,20
205441059,-6.958252458229564e-05,0.00029391491037028083,0.8485056207946629,20
104755251,-6.967651211157167e-05,0.0002575577488281757,0.879410206355782,20
26866087,-6.970307359181193e-05,0.0002922326403432234,0.8502604362904271,20
18883099,-6.975398256348631e-05,0.00047200346601818956,0.7416960968079007,20
143934667,-6.98401997560688e-05,0.00015762836391324607,0.9689012767846716,20
36715788,-6.991257793220184e-05,0.00027190805186890735,0.8677668786668249,20
73782191,-7.004501414323294e-05,0.0005912976153803103,0.6987956278443668,20
260871,-7.004593358825862e-05,0.00027163775481658123,0.868436632015144,20
161702574,-7.019988138299016e-05,0.0003423247659130903,0.8147053934027617,20
159186231,-7.023411398175416e-05,0.0002754447447212585,0.8658389594423817,20
27290514,-7.023681166020146e-05,0.0001428406400121031,0.979769276323562,20
37373027,-7.035546129727788e-05,0.0003690444731704326,0.7977435162871902,20
172479228,-7.042691721286243e-05,0.00037180476256139597,0.7962604282661817,20
73361464,-7.049172596796105e-05,0.0004931329449963647,0.7348623263371339,20
70468000,-7.050743673695515e-05,0.00043684677043652904,0.7603984190681903,20
117952617,-7.059598564603808e-05,0.00011753784557939778,0.9926890809194542,20
75240194,-7.08211235870726e-05,0.00043642996289606427,0.7615694398653443,20
128478326,-7.08716682831817e-05,0.0006166985764897359,0.6933911662774257,20
120936915,-7.097869949885537e-05,0.00020055060637869592,0.9350117126355755,20
111500353,-7.122597539025721e-05,0.00015413510681388926,0.9736609313831645,20
17237543,-7.132677432187539e-05,0.00018135193652938316,0.9526565392712101,20
122781393,-7.133813920426335e-05,0.0002403170462793668,0.8999717532660318,20
4469544,-7.157203520497535e-05,0.00023918245805356733,0.9016903936699333,20
80166420,-7.164046418294822e-05,0.0002803234254189517,0.8663642634644547,20
3462313,-7.174630272025473e-05,0.00025969847105567704,0.8841493913119363,20
69274510,-7.189065896095747e-05,0.0004440048447170018,0.7610874219839678,20
109739942,-7.195539633939597e-05,0.00044267132821951385,0.7619368366031359,20
32536038,-7.19808495218549e-05,0.0002920470474556287,0.8579394761110702,20
51441172,-7.203025855621049e-05,0.00017904777320178485,0.9560483228775618,20
102124790,-7.208003731310476e-05,0.00041944618674195374,0.7741863997038918,20
80370073,-7.214298932476382e-05,0.0003279238150311406,0.8312275835028893,20
98285877,-7.21991142592443e-05,0.0001193384647113147,0.9929908414890221,20
16698389,-7.220407130716089e-05,0.0001443908171271934,0.9812399380111353,20
221303317,-7.221636804899678e-05,0.0003713793337952257,0.8023209985182438,20
97948336,-7.222526386838068e-05,0.00023255356939930213,0.909539940395401,20
28870129,-7.231298752283233e-05,0.0004826096222991079,0.7445693911187201,20
78687516,-7.234825837428848e-05,0.0003316818625569844,0.8292119421641757,20
44646750,-7.236330311573558e-05,0.00034410899643370793,0.8206055637071403,20
100115878,-7.244948958652908e-05,0.0002032524002150178,0.9362928940994195,20
37702219,-7.290443985640272e-05,0.0005923797774304002,0.705766723278316,20
1200886,-7.315074448740189e-05,0.00105300947701278,0.6202836407716171,20
99549491,-7.326159222990624e-05,0.0003281841223107675,0.8346674011990672,20
54654069,-7.327930653295012e-05,0.0002824542366380542,0.869838715665487,20
10268017,-7.37210675530342e-05,0.00023599038255816583,0.9107487754526353,20
131392653,-7.376981794236236e-05,0.00021074456299609334,0.9330087581526463,20
148251626,-7.386566545663497e-05,0.0003072308431320453,0.852126922539107,20
15823667,-7.40469823091977e-05,0.0005541867347802527,0.7213985588008435,20
81283175,-7.407198335082632e-05,0.00021422624447373475,0.9307378101479378,20
39908579,-7.418157304418526e-05,0.0006490003328509867,0.6924398534139429,20
87711520,-7.421880879567578e-05,0.00039521613110128737,0.7942779117010617,20
33072539,-7.435092743168225e-05,0.00028153337519145553,0.8739234990723811,20
4063445,-7.470678469451709e-05,0.00021373302605286144,0.9327410677335239,20
76545468,-7.481878918922103e-05,0.00031325808713334526,0.8505767448603541,20
83104166,-7.488660938374247e-05,0.00027058239285339175,0.8845497820263601,20
136830143,-7.512893021577038e-05,0.00034777342942668313,0.8269364274659927,20
104644823,-7.513466942042079e-05,0.00038324072327127536,0.8042175962033427,20
136029849,-7.515159161972928e-05,0.00046445913768744003,0.7609403962466483,20
10819726,-7.535523763546048e-05,0.0006098430192306973,0.7065096411992084,20
16875965,-7.544134928227087e-05,0.0003195611217227627,0.847843751649475,20
50,-7.552834644822537e-05,0.0006513650671187188,0.6949733525558794,20
66464330,-7.555498634870817e-05,0.0004948562741626981,0.7485155156639565,20
5814607,-7.55875548684476e-05,0.0004028439452814028,0.7940844599646864,20
79280838,-7.565943530852825e-05,0.00033681863306717676,0.8361374388232641,20
44,-7.579379217322046e-05,0.0006091458590930738,0.7078013899886806,20
64572470,-7.579700176638671e-05,0.000238179789653115,0.9145523405477172,20
45552290,-7.59831312294762e-05,0.000215193672016214,0.9345883968071527,20
39,-7.609945555191178e-05,0.00025918034507052133,0.8976044230137943,20
36734073,-7.610047192814217e-05,8.444723879706482e-05,0.9996423663726284,20
7870148,-7.614039526562255e-05,0.00025024502149881094,0.9052349253537003,20
151782689,-7.643132636838413e-05,0.00022733250884385758,0.9254341100025758,20
3665303,-7.64314340710559e-05,0.00039169298320887176,0.8031261966255125,20
100315894,-7.649305857714838e-05,0.0010785667092448735,0.6227127058602124,20
211877,-7.653778533943667e-05,0.00039055877770546963,0.8041217744885966,20
36655523,-7.659083588704984e-05,0.00018185572078107496,0.962483816542796,20
139230585,-7.661162148732414e-05,0.0006318022838724479,0.703037272448326,20
221075630,-7.673635788278399e-05,0.00022652852450864437,0.9268754829396574,20
9618822,-7.674500757992308e-05,0.0002264757532198725,0.9269413936112547,20
107959027,-7.679635979656319e-05,0.00022770703648394012,0.9260328686640652,20
227686907,-7.68440604791809e-05,0.00042951592074430935,0.783229250909732,20
130559690,-7.690323622969731e-05,0.00031500513772083206,0.855713046573608,20
61287506,-7.69335061136106e-05,0.0015953094683189594,0.5842275379853645,20
38974308,-7.700395809892846e-05,0.00025817746707817936,0.9009899856115333,20
127757768,-7.701743853490428e-05,0.00019195903220837842,0.9556530341243994,20
72230792,-7.712011347933978e-05,0.00018475939277345864,0.9612735678101014,20
11071463,-7.722460197912284e-05,0.0004708517507025626,0.7638891681411024,20
81621422,-7.726822307260183e-05,0.00028093395009843366,0.8831483604738288,20
131856656,-7.733555944838266e-05,0.00016643379292690535,0.9742487656740377,20
41647688,-7.741778467951488e-05,0.0003757955690426348,0.8157792362968919,20
72271917,-7.757043072167125e-05,0.00038616653861189935,0.8098738169868676,20
103490305,-7.763407308595261e-05,0.0002439082521511456,0.9145892397663901,20
77101748,-7.768189783975699e-05,0.00015833828525431304,0.9795663991481218,20
64471185,-7.77738472963363e-05,0.0008818515012809315,0.6511665083068734,20
242723236,-7.798232209315082e-05,0.00019087978240864715,0.9582780624096278,20
7667965,-7.807186663881249e-05,0.0003349952977601067,0.8448110196343711,20
137792328,-7.813812391858632e-05,0.00041119889455759086,0.7969961467154509,20
76506771,-7.83080014025217e-05,0.0005089516683502916,0.7501439338548543,20
82692515,-7.837594223973621e-05,0.00015090797293425558,0.9842725875717602,20
80290830,-7.837735463263329e-05,0.00048433343389394496,0.7609681297039768,20
50157622,-7.841051888549667e-05,9.015605172898781e-05,0.9995069175692866,20
68687348,-7.845134071076675e-05,0.0002685592962346831,0.8964941902464689,20
84871501,-7.850138452079602e-05,0.00019597533529234606,0.9554130840148867,20
32932783,-7.862665952663716e-05,0.0007048036165589054,0.6882128830101106,20
8006898,-7.864468031790473e-05,0.00017203546381990755,0.9724885402404136,20
170330173,-7.866738278470287e-05,0.00010079165329144399,0.998776173888649,20
169910008,-7.873721010040469e-05,0.00028699481073474117,0.8825827037662638,20
51244997,-7.916546456913642e-05,0.0003591288548994585,0.8316966269282797,20
48146508,-7.920927773725218e-05,0.0005273273333329293,0.7450869779851925,20
85492693,-7.922804826296092e-05,0.0002673134077073921,0.8996349914771343,20
18884606,-7.928143640820451e-05,0.0021915256631806867,0.563408638175869,20
33695065,-7.928938356089044e-05,0.002057585076628849,0.5675015051992364,20
122552373,-7.94366610718189e-05,0.00027739276637645536,0.8921404069135146,20
50917233,-7.952208923132087e-05,0.00026384717781122993,0.9032248407833247,20
23865221,-7.954017943963832e-05,0.00034757465756767497,0.8405178105037764,20
157661407,-7.969515818578576e-05,0.00016950961883773478,0.9754685145222525,20
15885492,-7.982645599263205e-05,0.00032688215725790425,0.855782342309922,20
129747902,-7.988982742281326e-05,0.00040203225988742585,0.8073560453658624,20
61465720,-7.9901892995074e-05,0.00040869643767021675,0.8035695601768352,20
134371304,-7.990925365180534e-05,0.00019604125436572663,0.9579534477226096,20
110405675,-8.003322078164454e-05,0.00031769576929304143,0.8630321613866391,20
193225651,-8.044778693738763e-05,0.0002465596151468014,0.9195736218011188,20
69734360,-8.047040508303016e-05,0.00017764932172945112,0.9714667431240425,20
20081218,-8.06503433129796e-05,0.00026883301366003866,0.9022367964598033,20
82421616,-8.10323241356381e-05,0.00027879676399453576,0.8953952001100169,20
104639372,-8.106503929659614e-05,0.0005292912286110101,0.7491741958785604,20
139193638,-8.107310103099286e-05,0.0003980177147611729,0.8131299019166984,20
78597927,-8.107381361834587e-05,0.0002744369847063994,0.8989293990982246,20
18477870,-8.120703328577394e-05,0.0007204196861045246,0.6900092745663711,20
21866825,-8.125781584920888e-05,0.00024332053514214443,0.924134460795064,20
51054154,-8.125811104919833e-05,0.0012712778896323887,0.6109576510842525,20
35454352,-8.132386019637783e-05,0.0004739660735863877,0.7738438047984116,20
53539154,-8.13309882531671e-05,8.776597617398892e-05,0.9997244145635856,20
139664598,-8.141321580594496e-05,0.00022426772146194913,0.9395175952458523,20
33442124,-8.15131872027669e-05,0.00027014992875062786,0.9034638568740241,20
77396033,-8.152375822042812e-05,0.0007904823347962447,0.6750610904375609,20
16276215,-8.15756452462374e-05,0.000207720416513961,0.9524272638497946,20
73473494,-8.170121208586623e-05,0.0007733425509806959,0.6790124861617324,20
27048983,-8.188400283040964e-05,0.0001093026066721692,0.9983192108714581,20
86073052,-8.198399006145996e-05,0.0001885321853178579,0.9666192368559723,20
33099455,-8.212686235045396e-05,0.00027303062486782963,0.9028021509558849,20
174004124,-8.215736743056313e-05,0.00012439626445961025,0.9959217327843775,20
182615103,-8.218300662585498e-05,0.0002816817978057137,0.8962250244868432,20
24039989,-8.221838668288628e-05,0.0003563942437727193,0.8424161854263573,20
16476352,-8.228047434857833e-05,0.00041377368518519063,0.8075186944102721,20
10671101,-8.240544868110821e-05,0.0002611186117738904,0.912845429974705,20
40826634,-8.243388545877972e-05,0.0005802726306096969,0.7335995351073734,20
175808334,-8.246156045781383e-05,0.00022784130893095,0.9389908608490124,20
112500934,-8.261637212754469e-05,0.0003022497653754951,0.8817486984075285,20
195028693,-8.276416060870595e-05,0.00022675547977693737,0.9404600083129004,20
165068288,-8.280603096519623e-05,0.00014508507401784354,0.9902708112814302,20
52350956,-8.288187987957329e-05,0.0002783344566726298,0.9006429126339658,20
25607984,-8.288760548199048e-05,0.0007459107848129344,0.6875391806940515,20
35839613,-8.29707001747726e-05,0.0002233233662122066,0.9434897497684416,20
37645502,-8.302979217983675e-05,0.00023140696427375966,0.9374647298358044,20
83716233,-8.30712353140084e-05,0.00040362300706857493,0.8155557112344873,20
86726619,-8.327418368718753e-05,0.00025806863853568876,0.9173583781920205,20
20036572,-8.336485972474938e-05,0.00021088425704575273,0.9534320546291815,20
10827316,-8.343097395503985e-05,0.00017432492544811198,0.9772429016176681,20
140631272,-8.353730312811447e-05,0.0002497120724725754,0.9244708242650836,20
132226664,-8.358661572692716e-05,0.00041989393671091805,0.8077671138700476,20
130071629,-8.363570243326013e-05,0.00039695830712927795,0.8210515943529929,20
48947225,-8.364680499154953e-05,0.0003551748434215512,0.8472762634276559,20
92,-8.374028123476762e-05,0.00016338128185757383,0.9832574172539978,20
71390290,-8.38714412089131e-05,0.0001636303782164765,0.9832606826542377,20
14424121,-8.396947243711206e-05,0.000528970408822465,0.7568097854017737,20
20629817,-8.398903977908656e-05,0.0005578619419346496,0.7455689266614562,20
34019487,-8.400353361295576e-05,0.0003270238427113696,0.8675460184241799,20
50749588,-8.404550533229749e-05,0.0002240806663056609,0.9450760738505645,20
46448682,-8.406503190556691e-05,0.002037922591382195,0.5722030601409971,20
102128007,-8.416684037904354e-05,0.00031263212060048443,0.8783101838851108,20
154858565,-8.433848023302604e-05,0.00019814648819813557,0.9638825331966411,20
62280749,-8.436781410608163e-05,0.0003853253458686403,0.8301032689162915,20
44398291,-8.437074361058727e-05,0.0003574252040942877,0.8478173347580384,20
102243247,-8.452828586620331e-05,0.00021341910328328572,0.9537216294611949,20
33837977,-8.465599223951014e-05,7.21301910271286e-05,0.9999771245371,20
56867087,-8.469817255637724e-05,0.00012698304540657507,0.9961774584356171,20
12028554,-8.471094709079363e-05,0.00016871467584030886,0.9815834922359681,20
61464142,-8.473040575815994e-05,0.00026662535403858034,0.9142666773841728,20
149139307,-8.48071134099404e-05,0.00041331408495384763,0.8148423545858323,20
70029800,-8.490777781071379e-05,0.00023160011689290748,0.9412240526280053,20
108333833,-8.494175657236813e-05,0.0009458509631360755,0.6537767877278415,20
93812665,-8.494391822343461e-05,0.0005320967509015915,0.7580258861795917,20
860600,-8.500367397434316e-05,0.00022936516251042874,0.9430698656881606,20
233514934,-8.506808206404926e-05,0.0002617920804694152,0.9187569599988,20
156783292,-8.50696785375138e-05,0.00026183821193753243,0.9187255595425443,20
36050152,-8.511843883353965e-05,0.000188921754752927,0.9708568935338815,20
80100495,-8.512099768862025e-05,0.00020714322120105684,0.9591036933741252,20
49355038,-8.540683527338833e-05,0.00042794770429229243,0.8083598135470249,20
132170219,-8.543391033442593e-05,0.00018139001868600207,0.9756514528803983,20
78798133,-8.546950900911732e-05,0.0002279850959899991,0.9449975536685559,20
82289951,-8.560319127977612e-05,0.00032851273690630414,0.8708482945125543,20
105039540,-8.56300323621495e-05,0.00023631945346774396,0.9391953577728729,20
93925689,-8.572422476048058e-05,0.00041013536602094907,0.8191747217967787,20
126184880,-8.572830976637525e-05,0.00018840438525728336,0.9719732763931529,20
77097464,-8.57632830245203e-05,0.0003728091251785655,0.8417526755327479,20
49721909,-8.582760333749329e-05,0.0002692274426580684,0.9149084023385367,20
105318970,-8.585951993438368e-05,0.00039894859200671165,0.8260476954475857,20
174807719,-8.59740360118072e-05,0.00019408112242115308,0.9688773620490396,20
48868211,-8.605286884605101e-05,0.00026723204713861707,0.9169425624634119,20
107958746,-8.608628921060458e-05,0.00034573266568708013,0.860318426629993,20
37478775,-8.61725874752528e-05,0.0007534971803579985,0.6925354326967139,20
65529644,-8.63040822049993e-05,0.0002177115339328175,0.9538542753094515,20
35650071,-8.642181243084801e-05,0.00018649549263030274,0.9739602859363132,20
39280677,-8.651757835720642e-05,0.00039948529637889754,0.8275289759016325,20
72871885,-8.713238898828412e-05,0.00011811018344920992,0.9981138845509742,20
17677606,-8.714863604739886e-05,0.0003006089547815587,0.8948357827498085,20
71669140,-8.728960807227181e-05,0.0012339953172218429,0.6224059455888704,20
11675117,-8.729718494181193e-05,0.00014785946245269357,0.99193483166676,20
46861604,-8.738856639564363e-05,0.0006550201170476886,0.721105824489525,20
15825278,-8.753400237330455e-05,0.00033185074127040304,0.8736479523550751,20
30096355,-8.75616614426311e-05,0.0004724462485266498,0.7912600257406917,20
129021026,-8.777043411204999e-05,0.00022842244802135026,0.9490117928596029,20
131150005,-8.810478896627561e-05,0.0001293027471031981,0.9966852670381242,20
95646751,-8.835615523938024e-05,0.0004279938061054755,0.8162704065103289,20
40025246,-8.838146768690436e-05,0.0003955130376286099,0.8349071167077435,20
68576399,-8.855218412897326e-05,0.0001830588148147516,0.9782654034613144,20
16882702,-8.864268695441269e-05,0.0004865852873930028,0.7873314063399794,20
39058157,-8.888406216208677e-05,0.0003087749746154059,0.8932830828590158,20
62859361,-8.88934946206732e-05,0.00019192268613229442,0.9739085073720819,20
89932275,-8.889781278329234e-05,0.00021404674911676763,0.960585468136236,20
110609288,-8.91517025760985e-05,0.00019603365543314924,0.9719130654139261,20
50549476,-8.916023679761965e-05,0.00033475103609456245,0.8758673668621121,20
661031,-8.920108336257782e-05,0.000564484199282262,0.7558341485576759,20
82221607,-8.924541690714382e-05,0.0001923699067048922,0.9740809800054905,20
112649670,-8.937346218962083e-05,0.00031850947138104105,0.8876299845573956,20
55659469,-8.964975430743038e-05,0.0002833220194781261,0.9133880568347544,20
81906525,-8.969429228029568e-05,0.0001905475843890182,0.9755915671398284,20
79090600,-8.973617750585028e-05,0.00028632680855059,0.9114187002084679,20
161803309,-8.983239538848664e-05,0.0007371332005797557,0.7039553139206878,20
45850809,-8.983286198843699e-05,0.0002505905792219014,0.9373066540488325,20
99591911,-8.98886183056391e-05,0.0003562566472424699,0.8633974155427122,20
56295273,-9.043685702828097e-05,0.00015740201692459276,0.9906173847105596,20
105330658,-9.04661935803408e-05,0.00014528089071854153,0.9940959126333836,20
41902613,-9.058653537137584e-05,0.0015674941319690993,0.6005798176761483,20
147851270,-9.063900326423679e-05,0.0005025814324555272,0.7850427992673575,20
62821827,-9.086392589224279e-05,0.0004253655162951261,0.8242906121479411,20
45268032,-9.092477149314216e-05,0.00030940631432800267,0.8977909328301966,20
8068971,-9.096835199194075e-05,0.0003490273893172875,0.8708975966945484,20
129622231,-9.117840161143587e-05,0.00021462748832735094,0.9636311283181099,20
14879296,-9.121543811624889e-05,0.00020933234181001994,0.9668736307898296,20
53447256,-9.123511033174437e-05,0.0005416904129810953,0.7697271007445898,20
192226520,-9.124119865279167e-05,0.00047247797268993165,0.8007169071655398,20
6015236,-9.159049382847506e-05,0.0002963866306101484,0.9084967665773847,20
7067761,-9.169267498205513e-05,0.00017100445124033944,0.9865405356527722,20
42724638,-9.186031420733154e-05,0.00027315732673231395,0.9254807047034376,20
8269766,-9.198014371488428e-05,0.00020913755238832844,0.9680123509342163,20
111344330,-9.203481913950817e-05,0.00021316374333714625,0.9657207605242161,20
80949710,-9.206076395463226e-05,0.0002745021663984421,0.9249546564209251,20
34713897,-9.240859034637672e-05,0.0002877258197723199,0.9164121533906818,20
127557672,-9.244663762348338e-05,0.00022761432575284647,0.9574378448549157,20
111540832,-9.249362887993884e-05,0.0003223950024110688,0.8925448434560452,20
73502290,-9.250175285242245e-05,0.0004094898634881862,0.8374617322588505,20
14290821,-9.271873832177036e-05,0.0003395797581160764,0.8815020265813478,20
44706790,-9.273726867036757e-05,0.00030888026718626073,0.9024042772172205,20
32332162,-9.275796450482488e-05,0.00019590165868048373,0.976185171376934,20
135429020,-9.292061526279816e-05,0.0002153843698697062,0.9656211979362938,20
154771016,-9.292367551385073e-05,0.00021859398276666264,0.9637162436062908,20
134753876,-9.293245676725292e-05,0.00048027353696513834,0.8011801566950782,20
16627842,-9.311789433256168e-05,0.0001652202735772392,0.9895898910286461,20
22295146,-9.316521310159809e-05,0.00039095779065250396,0.8500445704077066,20
91056553,-9.331628996629426e-05,0.00046017434869670653,0.812085797107212,20
87710532,-9.351752821326053e-05,0.0019334073939283123,0.5844757533185341,20
79966398,-9.365433629527076e-05,0.0003433357271913352,0.8812852031719882,20
41664204,-9.372366011480837e-05,0.00016082543737618097,0.9913231811356724,20
164905981,-9.376601800021034e-05,0.00014974560744373847,0.9942920432145491,20
80446158,-9.380175865230655e-05,0.00019656194334766167,0.9769606105467503,20
221678075,-9.38874031567144e-05,0.000358512508456125,0.8719943191415194,20
123816089,-9.390570580680713e-05,0.0006326279220906952,0.7426136400784322,20
159801253,-9.392793885105999e-05,0.00035829110315545244,0.8722352886040261,20
61658073,-9.404939453538374e-05,0.0003916638814943757,0.8518378297352249,20
85572911,-9.408100790177787e-05,0.00024869685255051084,0.9464888822206646,20
179211155,-9.41726302499113e-05,0.0002675041097497257,0.9340477837923358,20
13023025,-9.436121069137937e-05,0.00015595826683965499,0.9929940154632599,20
9622267,-9.447947765371389e-05,0.0001623317390287435,0.9912606939886668,20
145735769,-9.449378971347344e-05,0.0002308282423411381,0.9585657354435375,20
23,-9.471773488811952e-05,0.0019203540593820967,0.5861135707734721,20
41041171,-9.486067619516591e-05,0.0007819845853312683,0.703110884186898,20
30020205,-9.506101032129566e-05,0.0005278748680684035,0.7847101138936008,20
16873857,-9.512275725746255e-05,0.0005099639361816852,0.7927276703829923,20
141031439,-9.51434926304895e-05,0.00024287787445896941,0.9520407721895113,20
87,-9.525536636059706e-05,0.0003636040370266131,0.8720777310320486,20
34569215,-9.539249127947236e-05,0.0002619211306443717,0.9400846049459902,20
160588595,-9.554247199740073e-05,0.00048568742362034757,0.8050042615626256,20
57647842,-9.564928116478632e-05,0.0001529755479923345,0.994241217811838,20
62620768,-9.570619681469882e-05,0.0002335738305065531,0.9586969025518431,20
28669837,-9.581836723424609e-05,0.0012074101462617283,0.6367141400012699,20
30414998,-9.582921630877927e-05,0.0003019643971481308,0.9139870488458097,20
137592046,-9.601621169323671e-05,0.0003415811913527756,0.8880220174341085,20
100713770,-9.602094998413802e-05,0.0003276796760907416,0.8971731436668687,20
156998495,-9.613162385876672e-05,0.0002527106572715469,0.9473938081757337,20
187030557,-9.624138236883351e-05,0.0004813347768085693,0.8087959913000189,20
177685005,-9.636551496644552e-05,0.00022776594351931904,0.9630921073509554,20
110315894,-9.63801972904882e-05,0.00033048157675268146,0.8961333960335258,20
33313449,-9.651460954507029e-05,0.0009637561729072838,0.6703400208445955,20
5465954,-9.6548597458479e-05,0.00020809188271017894,0.9740912395460436,20
43147279,-9.700676111127904e-05,0.0012699021002457946,0.6318079124834348,20
208486348,-9.703202734292759e-05,0.00025467623392843566,0.9476490227062552,20
41546395,-9.724521927389762e-05,0.0004315637083416065,0.8368736598367548,20
33018462,-9.727855303948984e-05,0.00021245155003420834,0.9726672876233768,20
109723588,-9.734511241473454e-05,0.00033695644273016824,0.8940704447998922,20
101194293,-9.744133679473188e-05,0.0009863477370661198,0.668190250356473,20
14635852,-9.745922008882191e-05,0.00036254540389191875,0.8779715750439854,20
50792704,-9.75387089428903e-05,0.0003079159021053314,0.9136121967942615,20
159787126,-9.763591321025055e-05,0.00017694572814544451,0.9883644202344649,20
156382470,-9.764274960437914e-05,0.00042792192998327333,0.8398325457949932,20
76833695,-9.771897131584662e-05,0.00041582935528933733,0.8467654559026145,20
35477265,-9.774905648882448e-05,0.0004771484525214872,0.8144687198839744,20
40144674,-9.778458515377897e-05,0.0005162050413541161,0.7962733763456483,20
75183461,-9.780627996713309e-05,0.0003699139643040521,0.8741920741493574,20
69066996,-9.786144857218126e-05,0.0008937705561797546,0.6850122475292515,20
93384594,-9.816128180553663e-05,0.0005015075545174612,0.8038402267756086,20
107897561,-9.819454650945026e-05,0.00021523363052312715,0.9722661195873117,20
10208745,-9.820840390071805e-05,0.0003462646285050612,0.8900112517068732,20
48317492,-9.830595212397264e-05,0.0005263594437588928,0.7930192910464382,20
157584520,-9.836180759567048e-05,0.00021755411828242559,0.9712548649264685,20
103443846,-9.846608036845617e-05,0.00030627549620852604,0.9166168525217566,20
100551588,-9.848383725294118e-05,0.00020663983218086732,0.9768338782478266,20
156259595,-9.859038791431297e-05,0.00022641787866039927,0.9667855332394539,20
5814813,-9.875494659956075e-05,0.0007255582137698109,0.7250330941752088,20
23526894,-9.908349965850604e-05,0.00013988308678774945,0.9974663547861976,20
223505095,-9.916653797446273e-05,0.00013594754094220886,0.9979500772977022,20
116103672,-9.923789762068813e-05,0.00019131261128073077,0.9841795692851638,20
13890344,-9.935618803117441e-05,0.000215036964331436,0.9736473535590504,20
184416530,-9.949544375372488e-05,0.00029698658896838606,0.924749151898065,20
75962054,-9.961606917653354e-05,0.00027816847788773635,0.937123019318534,20
128766436,-9.980785134718062e-05,0.00019653269365631017,0.9825223979005826,20
48331034,-9.984268013763509e-05,0.00036202008261472686,0.883763113122376,20
151054719,-0.00010015357538881442,0.0002771069430938956,0.9387486642767583,20
73260377,-0.0001002503998622284,0.000581675295539075,0.7748366208737052,20
83516152,-0.00010050777259816846,0.0003226454613695991,0.9101653429866692,20
114119160,-0.00010052292762031956,0.0010313531115124731,0.6660841556879883,20
56660901,-0.00010063156256045203,0.00025766618134102383,0.9515725150934313,20
24806852,-0.0001007295739605979,0.00013115750430838638,0.9986109829106544,20
207661231,-0.00010077444946233194,0.000624758953413789,0.7602647038746759,20
15679810,-0.0001007871591174464,0.00014488511252231566,0.9971236889010263,20
68266342,-0.00010083740696755771,0.00034658552823144546,0.8956166658268196,20
44650118,-0.00010085162925676516,0.0006766222120567231,0.7434726046972535,20
156583855,-0.00010101668008999643,0.0003649447712035946,0.8845814628266907,20
40259864,-0.0001010619316581085,0.00044206586472963247,0.8402802578784643,20
149774878,-0.00010116369788069345,0.0006911637643604303,0.7397060124760138,20
130986010,-0.00010142704048651807,0.00012018504006808922,0.999358345669085,20
91702740,-0.00010147544801473451,0.00043228958918447886,0.8465068524344008,20
81150102,-0.00010155175391074745,0.00031338586383187903,0.9182041586914151,20
155596438,-0.00010161557996967996,0.0004706532010392304,0.8268000508445077,20
1262966,-0.00010186161608719547,0.00024606834010967616,0.9601306794390867,20
152541977,-0.00010212317004938965,0.0003190251184815886,0.9157449428515716,20
51117452,-0.00010213311136258729,0.00023396915245709843,0.9670948159036162,20
7069065,-0.00010228083862796888,0.00026463971872765974,0.9499366867807448,20
72879259,-0.00010229974156273635,0.00028494342578313435,0.9375701477950216,20
86693880,-0.00010232670015805634,0.0002865774324295619,0.9366003503475053,20
35057082,-0.00010291732174229351,0.0004920017570745539,0.8193614817357724,20
4666537,-0.00010294550461870943,0.00012844022744627737,0.9990113964536357,20
76033004,-0.00010301349260203596,0.0004739940642507569,0.8283520750757607,20
48462986,-0.00010304512270349342,0.0007285015493337273,0.7327246294858335,20
34820891,-0.00010323426306804995,0.00041657227546999234,0.8592126501504033,20
33094720,-0.00010326049307946561,0.00024991832264600525,0.9598684702321015,20
171598212,-0.00010338604219999326,0.0002703809662505407,0.9482283086642982,20
15075433,-0.00010340854512074505,0.00033579641676622756,0.9077690841042259,20
50274166,-0.00010341389351964381,0.0006528956427557206,0.7563370013833214,20
77107595,-0.00010354935738131621,0.0003177420810730826,0.9193359018302811,20
109940062,-0.00010369099857512609,0.0002994347776281153,0.9310192734278371,20
14077042,-0.00010405128664328078,0.00044277999308171823,0.8467631404751335,20
7196945,-0.00010417063640092428,0.0002461693192777484,0.9631160739559002,20
73302177,-0.00010420302317457331,0.00071180961847935,0.73974054836631,20
86088192,-0.00010421589096711593,0.0003088310728110325,0.9261426221381677,20
44853352,-0.00010421979106830792,0.00048676292170032686,0.8248343200205499,20
1011120,-0.00010431473416525339,0.00028297068006777007,0.942168277967512,20
130385926,-0.00010444855330386526,0.00029807888992507625,0.9331980048412757,20
55494829,-0.00010464793796413074,0.0004656897961863272,0.8362280684120902,20
28010729,-0.00010467214952126491,0.0003318034349353678,0.9127661753126467,20
21487195,-0.00010469022366286495,0.00044885476907151155,0.8449976638773203,20
88156698,-0.00010477409314551822,0.00023620828212136223,0.9690349864723116,20
51652506,-0.00010519245066955562,0.00027360177737776963,0.9491058750328288,20
39252868,-0.00010524418435010064,0.0004276172213039988,0.8576054224608884,20
4015761,-0.00010544866084734872,0.0002142801254560263,0.9798406720713555,20
65063213,-0.00010550564718294353,0.0001781145744819605,0.9920835516709599,20
100927399,-0.00010575243609682872,0.00022133672143150157,0.9770789475515269,20
212494010,-0.00010589681624617597,0.00043019466612611006,0.8576457371521886,20
232914197,-0.0001058990292454598,0.0003226486347465418,0.9207454036262123,20
87555833,-0.00010593838271005518,0.00027849955628905234,0.9473886183313736,20
158261515,-0.00010608701113836439,0.0002951588293692649,0.9377700543850427,20
91916953,-0.00010613842060362699,0.0002482825253913363,0.9644483064943515,20
163791840,-0.00010628365976556309,0.0007258051700873475,0.7398022737825107,20
108404343,-0.00010653228550852878,0.00020582755698775828,0.9840128444080488,20
119908308,-0.00010663765356916377,0.0003635724247803129,0.897374688188514,20
13240557,-0.0001068233506078542,0.0002724920208864835,0.9521548474880976,20
9467896,-0.00010687088667555577,0.00028618696426635493,0.9443471364806917,20
203838417,-0.00010694914372805787,0.00048136805890202175,0.8335499075409607,20
32,-0.00010705892311073384,0.00022576419203978044,0.9763359025572896,20
161603303,-0.00010706236427155679,0.00022823591587424805,0.9752360445765715,20
63868563,-0.00010711930954998561,0.0006142575343072418,0.7774680366741767,20
26729319,-0.00010723638472698027,0.0006994442689284145,0.7493932776751109,20
173206902,-0.00010725675902712727,0.00025908641079899926,0.9601387380573627,20
53663219,-0.00010730410645289068,0.00020851680449129534,0.9835705898924144,20
92094538,-0.00010737498243285626,0.00021944151373306066,0.9793264184859286,20
75,-0.0001075045846383571,0.00038606139085827027,0.8859252959054033,20
8266451,-0.0001075920273516412,0.0002080237316411667,0.9839584346192796,20
2211865,-0.00010774926941692631,0.00023502191788263781,0.9728057366128182,20
61265678,-0.00010776601731806723,0.00021534547777298237,0.9813033457055248,20
183414572,-0.00010789100123807793,0.00024208715549166752,0.9695943218348964,20
169709763,-0.000108024780967933,0.0003433249755685316,0.9122307821626509,20
95521863,-0.0001081424683043758,0.00018995558100594874,0.9901372655864588,20
105919708,-0.00010822998157240804,0.00033486744952412114,0.9176815753367038,20
31070598,-0.00010838600708574508,0.0006686617162082391,0.7613284963488206,20
99512608,-0.00010842958240298295,0.00023133443418269468,0.9751541743062401,20
57482264,-0.00010856991691176044,0.0001877987499636242,0.9909298588475098,20
119322805,-0.00010860528709676354,0.00020355468148688398,0.9862041404503392,20
25698343,-0.00010874155307645517,0.00024096269923075395,0.9710419655593452,20
225506780,-0.00010879604603525884,0.0001317036909063781,0.9992301609971478,20
88329878,-0.00010881732271469657,0.0002932196190630268,0.9433012246336413,20
6004639,-0.00010885362768992823,0.00027697442445509475,0.9525410525842161,20
93012133,-0.00010916798988287735,0.00038562236802698347,0.8895991538609678,20
58663457,-0.00010924762613881145,0.00027606181239850814,0.9535950606193603,20
43568801,-0.00010929520559839756,0.00014679403555253564,0.9982393186241405,20
150492978,-0.00010934912281206355,0.00017249366305271377,0.9947084171897722,20
40854635,-0.00010946766968777388,0.00048512302258668237,0.8372051027768352,20
37633338,-0.00010947941028225384,0.00029387652213632885,0.943945361815459,20
58662069,-0.00010952234299486108,0.00026770561382170134,0.9584777065484312,20
12889591,-0.00010954591579695194,0.00021846016237991964,0.9814744113670103,20
97990461,-0.00010968001663668181,0.00044488082886317567,0.8580038145033992,20
169397137,-0.00010976054044494199,0.0003547288384576538,0.908764867286985,20
126956492,-0.00010991208171953203,0.00042479979031564,0.8692166542950369,20
82568849,-0.00010991801901929776,0.00025325774669926894,0.9663783582516071,20
43061380,-0.00010994998113146303,0.0004266915576449766,0.8682709505283642,20
100516003,-0.0001100130082703682,0.00025787490873711025,0.9641816960576124,20
47145848,-0.00011012462818235647,0.0002636471013482056,0.96136785335116,20
58742418,-0.0001105160576241937,0.0003313918577650395,0.9238652603709926,20
82821908,-0.00011056144715525518,0.000303456809279115,0.9401497952648896,20
97283543,-0.00011057027504830508,0.00017543070712370585,0.9945162726986149,20
42324152,-0.00011061981151462285,0.0015002479553013859,0.627401717187051,20
149252895,-0.00011100046448945521,0.0004269147178299357,0.8703427161215105,20
53263156,-0.00011101014902369088,0.00037727735103676105,0.8980647947138866,20
141844088,-0.00011119757164867738,0.00022338205957139415,0.9808501140742568,20
45244632,-0.00011121107696082099,0.0001907871167929695,0.9913347944442688,20
181214349,-0.00011122770808214278,0.0001457346538802409,0.9985420539446616,20
119948227,-0.00011129311432450661,0.00015371317826610756,0.9978353950978158,20
84270980,-0.00011135502612575344,0.0013329516595189615,0.643582093848329,20
7669535,-0.00011143465159022537,0.000263324360250385,0.9631215137117868,20
15475227,-0.00011151053869554173,0.0003563716042073109,0.9110893917967983,20
145975583,-0.00011151829131662849,0.00023901099522892038,0.9746814761705445,20
37902580,-0.00011155947193961236,0.00047402437117735906,0.8471130951956332,20
63221421,-0.00011172303172521936,0.0005133354000402409,0.8286885334735914,20
21434230,-0.0001117424479506024,0.00037512605955973777,0.9007162696213905,20
65930148,-0.00011181595577167136,0.00019095718279304669,0.9915513640168099,20
157173473,-0.00011200398518267374,0.00024112383072225462,0.9742136621943566,20
23639667,-0.00011206298044941776,0.00042052889427857495,0.8759814214950019,20
14441022,-0.00011210318665434982,0.0007810238304437907,0.7356969748926969,20
156898684,-0.0001122553188674602,0.00045739209280748033,0.8569466167633077,20
1260932,-0.00011232297156967275,0.00011913699763716727,0.9997662266721877,20
73581599,-0.00011233038622328884,0.00046272248776843783,0.8543925555823622,20
21515189,-0.00011244007775940146,0.0003023726554146758,0.9436401706958056,20
154584708,-0.00011257124160588272,0.0004255849403018992,0.8742843937584168,20
16223410,-0.00011260769612688182,0.0002936803573149777,0.9486745350969222,20
118945824,-0.00011267062777255143,0.00028374924271854456,0.9541063913062136,20
10471029,-0.00011271492541171935,0.00028977107050542553,0.9509450102413766,20
95186490,-0.00011279137229906755,0.00021996466699992972,0.9832919080859179,20
94338348,-0.00011288013019345456,0.00028723122140694794,0.9525349122469957,20
101332838,-0.00011297031166659365,0.0002452077041150912,0.9733373446765655,20
138158607,-0.00011299881012191148,0.0001899985479661629,0.9922629920046886,20
36099780,-0.00011309810478353499,0.00023383387673445323,0.9782522277712689,20
72290080,-0.0001132313768226062,0.00027557421044683455,0.9590914394392706,20
25631015,-0.00011326532329076766,0.00033839409921407435,0.9245746860963518,20
178620761,-0.00011329668698948359,0.0003195634517348575,0.9353257529486035,20
86838338,-0.0001132998399702212,0.0003716602882043587,0.9056403361209051,20
116570630,-0.00011341492292177569,0.0004181803442374006,0.8799815977266688,20
92480009,-0.00011348628604365418,0.0006538191225377324,0.7764208349423549,20
34369202,-0.00011354704220605804,0.0007555989750108069,0.7451778638763278,20
46927815,-0.00011356047205663966,0.0007531719856680797,0.7458762749613657,20
154796037,-0.00011399356832695051,0.00034453580551793727,0.9223223885626093,20
55121154,-0.00011427333978961118,0.00033092430295572097,0.9304955121675607,20
31073459,-0.00011436884813162129,0.00035484107993113826,0.917126444180292,20
208862450,-0.00011448186435953633,0.0002817324609654463,0.9575069792692837,20
25889500,-0.00011451637225326216,0.0007083806240849183,0.76074560737596,20
100234338,-0.00011455423065283577,0.0003058655305368239,0.9448351852232711,20
29671327,-0.00011459901338816414,0.00017206632758025,0.9961399582791117,20
98439321,-0.00011469825692082269,0.0003746240594184539,0.9065516077656304,20
73474394,-0.00011473705374810961,0.0002307880527068377,0.980739239424627,20
60526281,-0.00011475524408262883,0.0001442483407316285,0.9989495718801977,20
24887193,-0.00011490084186527305,0.0003298004778326495,0.9321411156123185,20
143485023,-0.00011494555412195628,0.00027556747648210106,0.9611802168720395,20
88006203,-0.0001150173819885275,0.000475995522571641,0.8533051644418388,20
24830183,-0.00011518096484383066,0.00040099720977575194,0.8928061534783724,20
27892705,-0.00011551295873942768,0.00033610511042429325,0.9296085870198879,20
103290220,-0.00011557168336198687,0.00042649571195626113,0.8797886561917168,20
45668615,-0.00011565482056715703,0.00031550384301856253,0.9412044142700485,20
36572119,-0.00011568306759323077,0.0002624977108398812,0.9682583037262664,20
137958438,-0.00011579708800452671,0.0005015326195906655,0.8426115085616054,20
157261170,-0.00011580708151527341,0.000282460260765561,0.9587823165853036,20
127730360,-0.0001158269637072884,0.0005226471043171954,0.8329534337757822,20
38940540,-0.00011593676642598916,0.00018549081492496742,0.9942282131345581,20
37041933,-0.00011596633538634993,0.0001883848421291443,0.9936733492789457,20
23282061,-0.00011599700178548111,0.00043244013231432657,0.8774793043960714,20
58096778,-0.0001160905489396874,0.00029288062066844126,0.9538390867780748,20
126556256,-0.00011625673128164149,0.00046621412320486277,0.860661241039463,20
106646203,-0.00011632536076520151,0.0003207125201334864,0.9393690885940403,20
76841488,-0.00011637529891339037,0.0004933841620251618,0.847638120073398,20
51641256,-0.00011638252811513872,0.000531618800696858,0.8300697562968726,20
132657680,-0.00011642210580406209,0.0003268339589532127,0.9361728275724254,20
126385172,-0.0001164664060779419,0.00030307700662915985,0.949025834428218,20
39301123,-0.00011649109832931326,0.00030675196058560733,0.9471179408093309,20
82447233,-0.00011661411454317593,0.0005940276539280414,0.804525438886854,20
45507305,-0.00011666606502339915,0.0004598995124992454,0.8646478494390886,20
17826706,-0.00011673204210215781,0.00027955323379657464,0.961325207210099,20
86308622,-0.00011675453709261152,0.0002655434009646337,0.9679777384308728,20
121110521,-0.00011683933627122111,0.000538582295319308,0.8279267438495856,20
61604256,-0.00011687110180021721,0.0004022074495097562,0.8953381174378116,20
170275536,-0.00011725194276787087,0.00019355201772709856,0.9930444915540124,20
146779043,-0.00011726645698809102,0.00019211481794358925,0.9933474815158002,20
43712390,-0.0001174765986725862,0.0002860573898251479,0.9590167520651137,20
73631613,-0.00011748850404460775,0.0002590778394619539,0.9715945272372734,20
41060618,-0.00011749489841098582,0.00030212606296426846,0.9509106160610187,20
54057274,-0.00011754163708787013,0.0001783615224705054,0.9958633389885448,20
46352562,-0.00011772079275468861,0.00020950581002695737,0.9894212506492694,20
34897009,-0.00011775670312115794,0.00018524403899536392,0.994798325618418,20
57662473,-0.00011786577924536302,0.0003200340460409188,0.9420061735787415,20
90532567,-0.00011809832762811334,0.0003517733031543779,0.9251553162194186,20
22684090,-0.00011816294368214298,0.00034206666398934525,0.9305617132889539,20
56554823,-0.00011823702412260273,0.00043398508977776515,0.8810092636241099,20
91101805,-0.00011828071309856192,0.00019733157626091366,0.9926024894472091,20
64074978,-0.00011829358017624303,0.00023765330017316936,0.98084421232987,20
11420011,-0.0001184046823473256,0.00014046181850996966,0.9993520490422261,20
114328765,-0.00011841477402824708,0.00025150575389976224,0.975614218200435,20
30872571,-0.00011845664552204981,0.00014757354719547894,0.9990232959548028,20
4063134,-0.00011855163779522504,0.0016318890229671504,0.6255915739478701,20
56259050,-0.00011857962939033628,0.00020841309116700817,0.9901054608802301,20
3812539,-0.0001186720141164832,0.0006032414245108476,0.8050136463125859,20
36250159,-0.00011902152520177622,0.00043207955805292265,0.8834929519675281,20
97189925,-0.00011903712210175333,0.0002723223433279673,0.9672627144871314,20
2211625,-0.00011910088423958964,0.00030957760362405705,0.949208516244412,20
32567801,-0.0001191880670390777,0.00015591465075961056,0.9985599978450312,20
150893344,-0.00011922754362890531,0.0005953114242340102,0.8091813576931286,20
41649868,-0.00011925092111427505,0.0002945781650571228,0.9569613111212003,20
200435300,-0.00011926422572415274,0.0006596317626052094,0.7856174403556186,20
53848885,-0.00011956428391111662,0.00038752944031805313,0.90816240090973,20
29133969,-0.00011968805181990783,0.00035720187658587076,0.9247805909214002,20
139167069,-0.00011989018348856628,0.0003383132629889582,0.935244615431546,20
87652611,-0.0001198943547272846,0.0004848267551863919,0.8587177374640929,20
49356291,-0.00011997960126685081,0.00014956292702090237,0.9990183737639469,20
33650872,-0.00012004469956669872,0.0001208676692486367,0.9998600507543214,20
75818057,-0.0001200850907164902,0.0002470193371050519,0.9787282233378536,20
62488283,-0.00012012601597695683,0.0003699780145810879,0.9185966351864129,20
11227687,-0.00012026248468005318,0.0004330979417302798,0.8852929759134543,20
76384680,-0.00012048108151424541,0.00019912840593486723,0.9929940659705376,20
108940958,-0.00012052363366203133,0.00018656606088571717,0.9952989110656953,20
80967238,-0.0001206259732546816,0.00014589160915957715,0.9992360423509906,20
158699973,-0.00012063429882199495,0.0006089465123936928,0.8066383976076541,20
9418274,-0.0001208994808398367,0.00031830273749462664,0.9471474111317828,20
88098241,-0.0001210465052279952,0.00035778385796428997,0.9266352205509671,20
140395343,-0.00012139565432933708,0.0004188626188772031,0.8947717559973142,20
6069303,-0.00012140905974644678,0.0006561193594514596,0.7908948709841501,20
42541131,-0.00012149182706857608,0.0001807274515050903,0.99637045015367,20
137462651,-0.00012160172584198548,0.0004730603804657863,0.867708313326099,20
105894952,-0.00012160340925023161,0.0003194179697138643,0.9475221333714284,20
31247398,-0.00012166078788985734,0.00014814170054854085,0.9991913935195114,20
163404883,-0.00012187263467638709,0.00018574589573556004,0.9957441126415076,20
169074253,-0.00012212868578335146,0.00012100085541177622,0.9998811920338079,20
105091910,-0.00012214201447469374,0.00026842169652103456,0.9719769255410091,20
91582159,-0.00012236577949440442,0.000290612917925316,0.9624515098528948,20
221503370,-0.0001223735766335443,0.00020194042510479317,0.9930577894891489,20
94813889,-0.0001223779895496324,0.00031366834239739957,0.9514137039261533,20
129221880,-0.00012251395890020277,0.00019045168788155148,0.9951712954670978,20
134028055,-0.00012258060217771317,0.00016461114539940397,0.9982414432036242,20
56083871,-0.00012260518461785775,0.0003111962591832726,0.9529186247225562,20
14022749,-0.00012274078878539985,0.00020341755974518494,0.9928817027364002,20
79680399,-0.00012275018565377217,0.00028225301689158096,0.9666307204868367,20
4213378,-0.0001228335286409782,0.0004822331165061782,0.865596969383901,20
72270977,-0.00012283653202603274,0.0001216547970994355,0.9998816647484206,20
149974934,-0.00012295629561942523,0.000796193798699456,0.750926171564504,20
18224619,-0.00012317378017973334,0.00034418966943868613,0.9369997509527321,20
121925008,-0.00012320942304455408,0.00022517154206276563,0.9878511669876636,20
136228006,-0.00012328070526597678,0.000326180565744377,0.9463399834301569,20
102926690,-0.0001233544638435863,0.0002513887883038682,0.9795820045834512,20
39942532,-0.000123477747625661,0.0002508127425885422,0.979877711318187,20
162503148,-0.0001235488325004086,0.00020488626060133317,0.9928554632493459,20
138030047,-0.00012367686064923555,0.00020022948435879695,0.9938005684629703,20
169509545,-0.00012375954130951772,0.00011636627245524623,0.9999313288151627,20
20883413,-0.00012398213033628925,0.0002849503169232928,0.9666899097905272,20
101746421,-0.0001240480613302064,0.00031552499658166373,0.9525950728471535,20
179008744,-0.00012405867933511228,0.0005525633993865046,0.8360169648650932,20
92983851,-0.00012417965071966351,0.00069356507668876,0.7834022619091203,20
122525533,-0.00012423772667584653,0.00031785268767153525,0.9516977442320063,20
57862549,-0.00012426980307601588,0.00019660642084191939,0.9946115304838679,20
17877458,-0.00012428978392976242,0.0004035870107456693,0.9077777058011292,20
95,-0.0001244168891071401,0.00046506405691768433,0.876874101706874,20
24245878,-0.0001247645569670358,0.00032565755577976154,0.9485405567056059,20
64547410,-0.00012484709194705013,0.0002135778810667209,0.9914698387841266,20
112007180,-0.00012486316782032715,0.0002257607238638278,0.9885048537394939,20
34475099,-0.0001248799688557123,0.00026266051180830386,0.9765945906619495,20
67475084,-0.00012493958388145877,0.0002089589355636691,0.9924959067159991,20
159186427,-0.0001251187963792172,0.000328252806513697,0.9477188422374825,20
69429300,-0.00012520609913267423,0.0003612630274670765,0.9311745006505482,20
31134273,-0.00012530207042824038,0.0003878378877084988,0.917604628740957,20
145850069,-0.0001253076079388099,0.0011228687951862968,0.6882711559622192,20
10370644,-0.00012541619171498042,0.0002148764876466816,0.9913974549811898,20
47650686,-0.00012562514837112515,0.00018598937212453514,0.9964839272516308,20
10838413,-0.0001256943725537807,0.0004579262781388418,0.8826938890600837,20
107406663,-0.0001257279226710234,0.00042435098830356197,0.8995597049707501,20
34499822,-0.00012595034793046466,0.0002470355167793632,0.9828391951671132,20
47833625,-0.00012618535347986293,0.0001492972970819448,0.9993666154842298,20
108759874,-0.00012639866115481956,0.0002576328470156763,0.9795679275493963,20
82768986,-0.00012666944701547888,0.00028776615615067817,0.9681156756020134,20
59259160,-0.00012677766439090631,0.0005279826219718926,0.8518273724377131,20
93318423,-0.00012718163583453902,0.0003199111055141144,0.9542861514396964,20
70,-0.0001272162866173765,0.00036769032159151297,0.9308573988625055,20
184227423,-0.00012726729465193932,0.00037393381233013384,0.9277704607478867,20
185618884,-0.00012728342974859807,0.000273006207050463,0.9746023595137177,20
19285005,-0.00012741969300923418,0.0002476021289826824,0.983571820846805,20
48489071,-0.00012743326214558203,0.00023629074505968325,0.9869241499104869,20
53266674,-0.00012788201509682516,0.0008983605685766889,0.7340129286329871,20
66265028,-0.0001281553176081751,0.00030233802158481643,0.963339154862856,20
154458324,-0.00012827252256581155,0.0005391520553182358,0.8496652464724856,20
47,-0.0001283027563565464,0.0007104946526047739,0.7853386868071647,20
148737542,-0.00012834058847318864,0.00026719926637601855,0.9775903821507721,20
125581166,-0.00012834888013746326,0.00025297288786910296,0.9824454989050192,20
51750776,-0.00012835092885484788,0.0002678712787129124,0.9773557243950777,20
153178787,-0.0001284515294510846,0.00026024143542864266,0.9801079793234408,20
56046075,-0.0001284641272043141,0.0023671770194212604,0.5945799705537529,20
40042617,-0.00012862701557184996,0.00033632357686074296,0.9482613041111649,20
91502407,-0.0001287474120353349,0.0004691346336626631,0.8826527698067249,20
157198532,-0.00012875436900672833,0.00034571853733229754,0.9438958079951218,20
4614149,-0.00012886202206993934,0.0002755079491816401,0.9749359803414369,20
70467898,-0.0001290754610994843,0.00023662463194926443,0.9876570439589074,20
38861066,-0.00012908333285616692,0.00021151446089545144,0.993339983507778,20
51454207,-0.00012916577987381607,0.0004998430047428786,0.8689260172666238,20
50089761,-0.00012929282499662964,0.0004293424979249636,0.9030459303004506,20
138262890,-0.00012968299220668945,0.0003178963988407217,0.9580680496628038,20
27441883,-0.0001297131043217714,0.00024074465015536874,0.9868621841878664,20
57084935,-0.000129724874218895,0.00039077504464420543,0.9229749994999285,20
26842824,-0.0001297736920725101,0.00038376633766843234,0.9265420890529871,20
6215711,-0.0001299937267762341,0.0003940004106794513,0.921771541601842,20
119574355,-0.0001300219932867136,0.00046321829709897996,0.8877043193091199,20
31636186,-0.00013035141558753738,0.00023629174482303289,0.9883502149263536,20
35570603,-0.0001304782168949664,0.00025292364503836637,0.9837613280117957,20
160662929,-0.00013049915700620308,0.0001879075675894488,0.9970905357067843,20
113366165,-0.0001305219790517731,0.00036469806899665165,0.9370119367584403,20
121751674,-0.00013083205530412255,0.00033367422650935387,0.9521829093504925,20
40642718,-0.00013090192633627152,0.0004582786963225424,0.8915771464604132,20
149971967,-0.00013090402717581828,0.00022506563189338664,0.9912282015572634,20
120309606,-0.0001309647075788928,0.00015313472144450944,0.9994282547149053,20
31692920,-0.0001311484559104209,0.0003059022894635323,0.9648212582422734,20
154395994,-0.0001311631265698443,0.00025637604071626803,0.9831126826856631,20
50133910,-0.00013132666382419667,0.0007351164687024872,0.7828990223377412,20
39301918,-0.0001313568209395849,0.00020893736733014663,0.9944306064406772,20
29239679,-0.00013148861043859317,0.0002624456327235136,0.9814014412221365,20
8407174,-0.0001316154237917394,0.00022936345528820116,0.9905519874666248,20
68666492,-0.0001316313847794154,0.00033944561307405833,0.9504626596399849,20
44458474,-0.00013164886591039704,0.00031137011005360517,0.9630027119092044,20
177607116,-0.00013176113915510656,0.00026030538890185344,0.9822551411235987,20
28092685,-0.00013182090917099044,0.00035380765504048825,0.943964489407769,20
37480553,-0.00013237180148722438,0.0006415861645203661,0.816130722298043,20
147977989,-0.00013244695147040798,0.0002670117210651807,0.9805432101050637,20
66054778,-0.00013260274387101866,0.0016912505258029357,0.6351414046014772,20
101715021,-0.00013261819009844633,0.00036144316765332815,0.941364223804268,20
79711059,-0.00013269952685429076,0.00035707881810683297,0.9435342331571499,20
167007853,-0.0001327373094203249,0.0003868660219048222,0.9292961149321693,20
20032182,-0.0001328011560070952,0.00012729660979325487,0.9999157265944598,20
128269592,-0.00013280128800984836,0.0004308329701457824,0.907968124861431,20
66284653,-0.0001329108612956792,0.0005180139931612512,0.867280357667054,20
61700455,-0.00013308384530264227,0.0005335993073930415,0.8607027508053342,20
214496194,-0.00013329420054888352,0.00046635812856792643,0.891717006717479,20
207861406,-0.0001332962190404574,0.00046116155266625225,0.8941836397739115,20
14034592,-0.00013345740659718996,0.00038319420344808754,0.9320782101451324,20
105911963,-0.00013348812591464643,0.00039995163301075596,0.9240223257670697,20
57457300,-0.00013352439890865764,0.0001394240419867589,0.9997991354520938,20
121155622,-0.00013360325939226758,0.00028358560481970283,0.9756785987609886,20
75887579,-0.00013365010309733527,0.00044474316212979716,0.9025988680537037,20
100288238,-0.00013365115045335386,0.00040986118955420303,0.919456394914742,20
116053532,-0.00013365419655679,0.00021014375071171727,0.9948150368211729,20
39136756,-0.00013365898133232412,0.0006175400981871878,0.8273822487538949,20
44906746,-0.0001336729133483955,0.0006455631840334528,0.8169750231974019,20
25664183,-0.0001336923534625084,0.0003492365192444491,0.9484137671704754,20
126782300,-0.00013379114711705443,0.0002351528463536679,0.9901044831281588,20
103728046,-0.00013392261786095426,0.0005944978635703035,0.8368086822815477,20
40,-0.00013406681852103642,0.00032086195041924567,0.9614122705394686,20
2802132,-0.00013415125110157188,0.00036595146265104133,0.9412092254724169,20
94012670,-0.0001342519377363016,0.00040743852356464415,0.921514919640773,20
227909907,-0.00013427441156840247,0.0001981549268279445,0.9965591716108869,20
44466606,-0.0001342826945086889,0.00026159047191918187,0.9833775674832587,20
32096766,-0.00013429028482781492,0.00037350572362990756,0.9378274159394805,20
61050397,-0.00013431415547929815,0.0003645399581084183,0.9420789120354144,20
56455737,-0.0001344219879197861,0.00023870526380107584,0.989543654205774,20
169597238,-0.00013442923095686733,0.0001783559944270354,0.9983949210807368,20
186019583,-0.0001345161555201757,0.0006404982939398455,0.8202994741516998,20
34904070,-0.000134545854093826,0.0002182189538638937,0.9937332996334317,20
63005248,-0.00013457822618745952,0.0006468654411078469,0.8180855340394353,20
175407927,-0.0001351292035653956,0.00018992660363700592,0.9975450201144805,20
138593146,-0.00013524161644776488,0.00039152710137670794,0.9305522646479131,20
53717922,-0.0001352439105496206,0.0004731322328427972,0.8917390884877506,20
156788177,-0.0001352819060786853,0.00030148643636916276,0.9703883260809082,20
63771970,-0.00013528549797660883,0.0003118532998199175,0.9663191525803786,20
152578125,-0.0001353514290849983,0.0002546287521273249,0.9859484164624179,20
23883317,-0.00013537241145154255,0.0003789536937566341,0.9366812926460849,20
237495929,-0.00013543725285925233,0.0005054084263692453,0.8772564740159978,20
47808617,-0.0001357984344119767,0.0001997040570506048,0.9966393421780217,20
214869341,-0.0001358193527415813,0.0002426330113775404,0.9892069869285919,20
138231955,-0.00013584674338971704,0.00035213376488047766,0.9496460407581855,20
115653150,-0.00013588460785613765,0.00027917123482431195,0.9788437362732514,20
30815684,-0.00013595832356328997,0.0001864559541969103,0.9979443832685004,20
63905405,-0.0001362009864682351,0.001861896153927133,0.6264323525339235,20
217299345,-0.00013638360374229052,0.0005510861171408606,0.8588953147189304,20
122261496,-0.00013661536215420767,0.0002826944936491766,0.9781727751032324,20
58415256,-0.0001366971762507968,0.0001376246240612428,0.999860150098434,20
49521660,-0.00013670968296779774,0.00024803318997971635,0.9882976564556626,20
48652015,-0.00013726517515142144,0.0002817410018005108,0.9789310700586119,20
32041167,-0.00013726615374218542,0.00041908957372524503,0.9203333373038093,20
54079964,-0.00013727706072667046,0.000574492344516014,0.8506877260237662,20
68094969,-0.00013742755448531153,0.0010217524427474703,0.7226950028678143,20
81106327,-0.00013757089132059307,0.0003018031787833644,0.9721704736718679,20
51273692,-0.00013767691218032063,0.0002246640388287245,0.9935012018018092,20
33969129,-0.00013770293868462514,0.0001461460043739686,0.9997648477329072,20
38844908,-0.0001377828781320589,0.00030246319662854704,0.972098815453084,20
49844377,-0.00013814570189933095,0.00027817136630775536,0.9806461932549025,20
15,-0.00013824374731095102,0.0009722231563111482,0.7337890299752214,20
48746923,-0.00013829349404254065,0.0002423138305253878,0.990268907895744,20
103134833,-0.00013831387453466792,0.000236501467826632,0.9914928332362862,20
181011487,-0.0001383306776040427,0.00013886197293267485,0.9998642283714662,20
154095972,-0.00013839230713420247,0.0003651160151063361,0.9468086153400977,20
42884431,-0.00013874255732419517,0.00010224238441531196,0.9999961182373056,20
86117485,-0.00013884904304874713,0.0003422162462047222,0.9572884985561964,20
78464709,-0.0001389353191809023,0.00040655738179249523,0.9285410159649538,20
95282331,-0.00013912982095919956,0.0004603024763836248,0.9038329459449722,20
14431387,-0.00013913251817009308,0.00016080873863633026,0.9994836475014014,20
17028225,-0.00013920006548443498,0.0010337657453106804,0.722915978395521,20
112918176,-0.00013927913807850468,0.00030946315013073326,0.9707343602627919,20
65607618,-0.00013937598013819553,0.00034278658003389963,0.9575946223793412,20
9469846,-0.00013951588692209528,0.0005982121113507136,0.8449804209474141,20
234315474,-0.00013952052772470412,0.0006392685418653667,0.8293467114245416,20
116209286,-0.00013956503192615876,0.0003112284249869679,0.9703151996555743,20
103091059,-0.00013961628869462172,0.0002760519912360349,0.9821873983543784,20
100126658,-0.00013966329815787436,0.00026746837919218523,0.9846734899170035,20
173879798,-0.0001397882122468247,0.00043089192490472104,0.9184315912068525,20
42103827,-0.00013980586919969674,0.0002652200875151353,0.9853598287833479,20
151982802,-0.00013981472170324639,0.0003432202426603277,0.9578644936188325,20
41286664,-0.00013989854877951292,0.00029748390761295135,0.9754948954830979,20
82506759,-0.00014000002087431463,0.0005064153823919333,0.8842999099630531,20
126155985,-0.00014018765499322627,0.0003214678227861663,0.9669707324982773,20
179209174,-0.00014032333254335172,0.0007972611219289918,0.7795416030669615,20
72139377,-0.00014035782491853555,0.0006437796498845996,0.8290996609873201,20
98486309,-0.00014037624712102126,0.00047863928466633873,0.8973575171910284,20
74284687,-0.00014071244326077092,0.0005797431528493779,0.8543495457710433,20
37517415,-0.00014074917241931327,0.00015667970920442387,0.999631855043378,20
32968152,-0.00014104346456406401,0.0005032741026338704,0.8873539182169642,20
108359189,-0.00014111350004598067,0.00029802779732839257,0.9761848700868094,20
89780214,-0.00014115346687526288,0.0008462311889400211,0.7675902504418974,20
21637665,-0.00014115677626080626,0.00021832116818144026,0.9953240060328523,20
816845,-0.00014135040189932336,0.0004375077200020871,0.9176061586895388,20
1065018,-0.000141449885321257,0.00031438497472644075,0.9706983433385779,20
39858660,-0.0001415351649124985,0.0005537578767263815,0.8663884785439382,20
77708940,-0.00014154408495360704,0.0004333095717227152,0.9198027393109018,20
87511501,-0.0001415546613537516,0.0002475607618045286,0.9903678847348922,20
9218157,-0.00014159448789507478,0.00021477579122310532,0.9958738814290791,20
99834220,-0.00014183069264240566,0.0003383602698261731,0.9618458837117155,20
143972554,-0.00014188755315978351,0.0007117963530671002,0.8080843535054589,20
30469293,-0.00014213916663137482,0.0002357162791903735,0.992855308078794,20
58001530,-0.00014215802502972886,0.0005345412500623323,0.8755208661566882,20
80066582,-0.00014237346066949542,0.0002916187505538075,0.9791222724253219,20
195242436,-0.00014267402338093705,0.0002766945435609278,0.9837251495373174,20
144173078,-0.00014290633080643044,0.0003197604364263615,0.9699215643598325,20
58897769,-0.00014291265922612706,0.000490212830931634,0.8960558692305358,20
131186167,-0.00014299628439219393,0.000979782063363291,0.7391137000614809,20
77278021,-0.00014308804064021297,0.00025518645218532225,0.9893029646195692,20
53066639,-0.00014317306113659223,0.0005970105663229644,0.8515336327769021,20
39659031,-0.0001434489156472707,0.0005253205229982521,0.881526564173008,20
147377800,-0.00014367942150398104,0.00031866014811821085,0.9709424581046456,20
3014452,-0.00014408454676607396,0.0004963183149115589,0.8951369758531468,20
189021709,-0.00014414149921753995,0.0005201735066344541,0.8848267585110152,20
28667366,-0.00014426776012300968,0.0002640770631839809,0.9877517273404456,20
188233524,-0.00014429895693193474,0.0005072871913953698,0.8906579433097632,20
133459465,-0.00014447320433023936,0.00024378742797897027,0.992104226260464,20
34337112,-0.0001445924914685981,0.00017503354656415364,0.9992302995358641,20
37242504,-0.00014474382008477504,0.00022018616405845154,0.9957959981687914,20
87625242,-0.00014474843723343288,0.0002979584641152891,0.978664040971417,20
103729657,-0.00014485755257234723,0.0005330616665821543,0.8804284918925221,20
43749640,-0.00014490609160520973,0.00026644353919836716,0.9874671506402398,20
56268881,-0.00014504810255406843,0.0003832445621036282,0.946565907955324,20
46307787,-0.00014540423857674069,0.0002948223825918605,0.9800372295063841,20
70555521,-0.00014544442307732607,0.00044141560298519635,0.9215108087676607,20
115720514,-0.0001455376262397695,0.0004901431674339181,0.9000288212980598,20
81682527,-0.00014564246286763726,0.00020020142096997527,0.9979091226338214,20
119153191,-0.00014589317803394286,0.0005520944964845918,0.8740632346613346,20
25239870,-0.00014630900681157633,0.00023224676738009984,0.994499835934499,20
162389889,-0.00014643827383921948,0.00020579852791891188,0.9975469900867363,20
87238548,-0.0001466297510079928,0.0005619521683980284,0.8711581132351579,20
11774,-0.0001466579087785719,0.00019577282276031055,0.9983187582809568,20
412299,-0.00014667390167703577,0.00034766687514452,0.9627114173140574,20
196442969,-0.0001468370338206071,0.00013053589266889929,0.9999628746896592,20
152778289,-0.00014684195309212222,0.00099068686833692,0.7423123530903654,20
86205087,-0.0001469434176677914,0.0003019873947749012,0.9788142777345507,20
61804683,-0.00014694824156295805,0.0003112929542120884,0.9758797892895535,20
77796139,-0.0001470464246660169,0.0004038670681270259,0.9400335913936645,20
149990652,-0.00014742433542893618,0.00030454345633989464,0.9783328467289453,20
100914035,-0.00014771708754237334,0.0004738831598165081,0.9103015812260761,20
163604977,-0.00014780178434291858,0.00035111644920219395,0.9624155484408251,20
81512894,-0.0001478047964435708,0.0003542927016565389,0.9611997531878762,20
52115613,-0.0001480201662526548,0.0002947344742033249,0.9816034621428739,20
66975075,-0.00014829299733385703,0.0002935134231946652,0.9821017420944559,20
6796737,-0.000148501481883756,0.00031959189691256964,0.9742481112124087,20
46352122,-0.00014859621448774508,0.0004706879896054947,0.9129193209242945,20
161302267,-0.00014863851832895014,0.00042201332201620407,0.9341361034779561,20
205240913,-0.00014881327000344224,0.00036141290998375044,0.9593860578427251,20
83352667,-0.0001490768501784284,0.00048247062976927393,0.9084715424075773,20
32497338,-0.0001490800412099924,0.0007213998451244346,0.8165101161922672,20
31473669,-0.00014911464668552476,0.00027350467479274576,0.9876239258268472,20
41048388,-0.00014936895150596818,0.00025220024252156214,0.9920771866681727,20
175007741,-0.00014937780957660353,0.0003769361751624994,0.9538084866735594,20
79798935,-0.00014963936716514136,0.0002976008642456514,0.9817041139205879,20
65283751,-0.0001496482686768552,0.00020008036013401443,0.9982985758253037,20
62901975,-0.00014982912469138632,0.00013584097448870555,0.9999537903686088,20
39744102,-0.00014995746847741576,0.0007139222639373379,0.8203323075550549,20
5815352,-0.00015057557908556285,0.00028357349441134917,0.9858738876949175,20
64772489,-0.00015062798457426697,0.0008059274262005076,0.7931842171502275,20
71268514,-0.00015083328457039802,0.0003434775145799582,0.9678266749495797,20
52656980,-0.00015098569614709623,0.0004244370315396525,0.9359311294603272,20
60857457,-0.00015099693866210407,0.0011889043389312862,0.7116514672123251,20
114902628,-0.0001510001603254346,0.0004766836041211577,0.9136132835512388,20
203656524,-0.0001510266247900932,0.000190196454719152,0.9989336134585727,20
99113672,-0.00015134123884205097,0.00031023085723352894,0.9790501671508608,20
76366876,-0.0001515354511374911,0.0004855865929264173,0.9105344241204819,20
23492856,-0.00015181869482342735,0.0003031567600650046,0.9813642542600329,20
106401511,-0.00015187653335907436,0.00027488454820296494,0.9884434438492248,20
26228899,-0.0001518975159051056,0.00027300276028404774,0.9888580090993858,20
24037617,-0.00015220479405642084,0.000247438016728846,0.9936451137105581,20
122125418,-0.00015238912445746932,0.0003314236336348511,0.973123020726002,20
170199957,-0.00015242842236845577,0.00035035847135276253,0.9666794128125612,20
10868944,-0.00015254575435003082,0.00020574374672854883,0.9981831822344183,20
48390423,-0.0001525681000267176,0.00045998751784203723,0.9228048135005994,20
69677738,-0.00015269023230552736,0.0004279935433990165,0.9364470101613651,20
74593134,-0.00015289049600359094,0.00029459084777562743,0.9842190138541899,20
65348695,-0.00015290121147826797,0.00031935636622558845,0.9772803672592172,20
71482235,-0.00015295547218829308,0.0002483078645059479,0.9936984080621342,20
56847002,-0.00015324360909759748,0.00046576287576980546,0.9212245204562374,20
186421024,-0.00015329036813152008,0.00039934897202300424,0.9488473541885561,20
15880326,-0.00015346607261687573,0.000534735214634746,0.8926208863276675,20
92279983,-0.00015358470753730756,0.00023394587555135136,0.9957596502984299,20
30895466,-0.0001537750819456646,0.000320316508537459,0.977541156796669,20
26408721,-0.00015395651435453627,0.0005881974725761337,0.8718736843421764,20
32646667,-0.00015406451036650837,0.00018895831686853882,0.9991412136731005,20
49252825,-0.00015407844481236667,0.0005297633836025595,0.8955406472556713,20
28532188,-0.00015418372338322218,0.00041818341973980376,0.9421947722964972,20
109699547,-0.00015447062899103802,0.0005370116835607551,0.8931214063758443,20
152694812,-0.00015448345584106739,0.0010219949554782337,0.7464075516997954,20
37,-0.0001544926266654839,0.00016362808276966864,0.9997694572230087,20
121012397,-0.0001545588367007328,0.0002639380932438449,0.9915539763967732,20
67665171,-0.00015480288105171048,0.00043017879086332283,0.9379830908775958,20
2665938,-0.00015518312607036566,0.00011480521623550327,0.9999959190694061,20
70267947,-0.00015547602018153305,0.0003584886665466198,0.966286554317683,20
23663653,-0.000155575252763715,0.0005102117735512948,0.9056922916290602,20
79882187,-0.00015567286253720115,0.000400757521556327,0.9507306327793182,20
9667917,-0.00015587068874531318,0.00015730278270573164,0.9998567479744617,20
59885114,-0.0001559675903567398,0.0006299066849215696,0.8590110501270385,20
108298183,-0.00015605077936918234,0.0002697657479103446,0.9909599941858025,20
23082929,-0.0001563141074256952,0.00020892312870591668,0.9983028426236199,20
232290285,-0.0001564188947760503,0.0004605779480995754,0.9273611927284747,20
58686544,-0.00015660250879501736,0.000190503460514589,0.999197953768788,20
46152114,-0.00015688676700618409,0.0007934893643998993,0.8061849432234255,20
110254329,-0.00015692491542491083,0.0004527435634165628,0.9311905849773191,20
59663870,-0.00015698163566614244,0.0002155163242425749,0.9979283354211889,20
18277832,-0.0001570019498918801,0.0003395868808786586,0.9737144959520225,20
91914423,-0.00015735332572981708,0.0002994311657775148,0.9851384917442891,20
53757497,-0.00015758151115905506,0.000201066872649765,0.9988156605947394,20
123125756,-0.0001577287973589775,0.0004324766339500452,0.9403260096690149,20
57656839,-0.0001578313440008472,0.0005752075565791167,0.8826152353614469,20
137357725,-0.000157832177801126,0.00021903044062923543,0.9977594033901166,20
16485829,-0.0001578817681123196,0.0001434968138742041,0.999952510246505,20
149771954,-0.00015788945105773555,0.0003063450284975729,0.9836893098502602,20
25428002,-0.00015790163608442044,0.0001637848068837174,0.9998118048028528,20
22663668,-0.00015818192576302347,0.00045211203945945747,0.9329194828040036,20
189423944,-0.00015818273193339284,0.00043156890600618334,0.9411845565924826,20
126676730,-0.00015825071886255425,0.0002544805358544803,0.9940474388248802,20
49836993,-0.0001588421978484772,0.00037081250532348996,0.9647117810718017,20
55694982,-0.00015901229206274903,0.00019743072401711854,0.9990498802766988,20
112861779,-0.00015905788419333654,0.00028438858107548406,0.9891585269175067,20
65294331,-0.00015917640749423255,0.00029326650460526,0.9873398030726105,20
239720458,-0.00015920481283591137,0.000643103082151165,0.8589667115635841,20
204239527,-0.00015961473557370154,0.0005633282141626962,0.8897923279022218,20
67865802,-0.00015966709295369696,0.00018497902881442168,0.9994727678246449,20
51350678,-0.0001597573572986094,0.00034206450043797377,0.9747833872902266,20
38501229,-0.00015976558375585813,0.00046492127894692397,0.9295862321661161,20
30366080,-0.0001604216661093061,0.000338134126717024,0.9763832438450031,20
8617396,-0.00016063571951440147,0.00014325646352073042,0.9999615312722968,20
104292666,-0.00016066043742043735,0.00029562529525976,0.9874210297494693,20
66477242,-0.00016087246078007878,0.002977606881015241,0.5941676725939127,20
26489691,-0.00016108718218285357,0.00032180578925936163,0.9813270006070417,20
26689788,-0.0001614848549663428,0.00020162017571707602,0.9990056568302539,20
24719462,-0.00016167382898327754,0.0008155411132354286,0.8068003379104118,20
25328382,-0.00016168807672521657,0.00040909556583014,0.9534021148413575,20
9267597,-0.0001621021502238723,0.0006931295347479732,0.8456337965899027,20
8274040,-0.0001622283875235636,0.00047759990220887883,0.9273947030051493,20
110337705,-0.00016224196607563245,0.0006952200201616789,0.8451280608539293,20
14031269,-0.00016255592424310739,0.00024945038862608787,0.9955526571049041,20
42665294,-0.00016256916067734217,0.000577958819977251,0.8881709868359934,20
10468280,-0.0001627292759098703,0.00038732436409106744,0.9621565237544318,20
11669216,-0.00016274555526376856,0.0003138607736915698,0.9841514358489719,20
89315132,-0.00016276484275546676,0.00017653394380496667,0.9997109368180828,20
180010702,-0.00016287377037670358,0.00018251926022797336,0.9996087470836539,20
82903387,-0.0001629846441488142,0.00040268612213845823,0.9569341787078081,20
54152426,-0.00016319600253963674,0.0004906544402270928,0.9233506848083832,20
157461208,-0.00016327488514353007,0.00024845363175583286,0.9957874620543224,20
6604757,-0.00016339345113584592,0.00020132932212547718,0.9991076681324272,20
114808618,-0.0001634881608057859,0.0003480131397781491,0.9753867825921069,20
83397458,-0.0001636187561559116,0.0004390397350990136,0.9440078084474514,20
179409742,-0.0001636970538524768,0.00028413451068041973,0.9907560761556992,20
99087130,-0.00016400816317375944,0.00021548389338558517,0.9985106665230077,20
140265434,-0.00016407188479357349,0.00014987722100456667,0.9999498005498763,20
158986225,-0.00016416010044507657,0.00029811548355732206,0.9882409112045507,20
77084891,-0.00016419284999792948,0.00039774092481451544,0.959745738683094,20
44305891,-0.00016428481645014702,0.0003537280854396579,0.974197736992856,20
74503575,-0.00016434652154304896,0.0002333383369818883,0.9973628290048742,20
44058077,-0.0001647724607466594,0.0004404598302371478,0.9446425896687712,20
44452610,-0.00016480638190264908,0.0003664681895081098,0.9706446326478507,20
172205108,-0.00016491000797459743,0.0001317124947919448,0.9999893863969455,20
83486041,-0.0001650798387165503,0.00024012898483494343,0.9968797033359071,20
18026735,-0.00016517266480728932,0.0001633493073273327,0.99988339071989,20
41291755,-0.00016561343842890207,0.0006266351307971807,0.8740944752482837,20
52456924,-0.00016577915583315117,0.00033356118294374193,0.9807120920389337,20
184428002,-0.00016579308474492239,0.0005399911919057047,0.9071412299274129,20
216871444,-0.00016592804303957597,0.00046373819811707954,0.9369696300954072,20
25120924,-0.00016622380827463755,0.00022200311257705694,0.998312338329035,20
19885192,-0.00016623832527442318,0.00039645212605220024,0.9618924337591525,20
21627842,-0.00016625154840583522,0.0002147384949500057,0.9986955581272339,20
5204196,-0.00016643333868359144,0.00015078891503043506,0.9999541479899471,20
198045530,-0.00016651535788315687,0.00040529896942733984,0.9590753995947233,20
124954555,-0.00016654500129973103,0.0002552784226472373,0.9955853118039535,20
3017651,-0.0001665585383030993,0.0002672045108816558,0.9941324938789823,20
68679846,-0.00016656138868000324,0.00019130716567785226,0.9995115742066571,20
1461290,-0.00016661161164198968,0.0003641927864620358,0.9725703201641405,20
106357736,-0.00016681866732612128,0.00031959313956462197,0.9846458553276404,20
31907974,-0.00016688992101732692,0.0004909214747038565,0.9275502162015835,20
20114150,-0.00016699304673900296,0.0002121420991637867,0.9988564081381858,20
80399193,-0.00016701385151822733,0.00029055857822611587,0.9906390388058469,20
74231770,-0.00016716218228468306,0.00018379731101714547,0.9996715434265692,20
50438556,-0.00016724994818181348,0.00023519134941573681,0.9975361947041066,20
13822305,-0.00016726700776220903,0.00038028885292256965,0.9680220278473715,20
189621974,-0.00016730514121100494,0.0005278163453119048,0.9137446460455834,20
57657429,-0.00016753104512108873,0.00040784491304001554,0.9590498987627959,20
48252930,-0.00016783582286718224,0.0003248420872089182,0.9838784976047288,20
34052945,-0.00016785768189996885,0.00013724958501897894,0.9999859165203049,20
79748478,-0.0001679230233310458,0.0003527119938940038,0.9767293368082235,20
217499414,-0.00016810324094991558,0.0003144427662089418,0.9863396862697753,20
183226871,-0.00016813631820012664,0.00035551766938400376,0.9760666746205987,20
90733686,-0.0001682182296390583,0.0005551346278933066,0.9043695481068305,20
23693090,-0.00016823075927521747,0.00025580380817893223,0.9958078025235594,20
146578714,-0.00016823217529955136,0.0003355239619358799,0.9814669477670661,20
59887911,-0.0001684680303046554,0.0003409047451769625,0.9802142440675324,20
108714457,-0.00016849465552898902,0.00039946405954462046,0.9626865000853805,20
133953649,-0.00016849686250049455,0.0003720796853360169,0.9714363888221637,20
53658222,-0.0001685255545008979,0.00034016529240394927,0.9804352952011711,20
181611787,-0.0001685552395222084,0.0001509366194249671,0.9999597285134314,20
55054637,-0.000168556572385567,0.0005347879814787345,0.9125836947188525,20
4464252,-0.00016857507938735362,0.0002899901700558103,0.9912019662502692,20
128558502,-0.00016875101344358823,0.000557693533758903,0.9040646914299613,20
63503885,-0.00016893445065008504,0.00028587836168811814,0.9919753055451083,20
71430355,-0.00016906268478969754,0.00043813137297665577,0.9496832006219975,20
36439115,-0.00016912826147456316,0.00030882537014838193,0.9879045027338546,20
67886129,-0.00016915581036738015,0.0003808044762280752,0.9692061075849411,20
27032332,-0.00016928217435965842,0.0002777221681621272,0.9932919046804765,20
145935966,-0.0001693394155497796,0.001130769165182837,0.7444557919088,20
33336213,-0.00016947150100170839,0.0002791259112641954,0.9931352942855596,20
172803147,-0.00016957657297681227,0.00026077978569576034,0.995491481947445,20
20826666,-0.00016981810392920627,0.0003896623423863699,0.9668917760968412,20
29043363,-0.00016986698889564779,0.00023410517478653312,0.9978692725201324,20
125276075,-0.00017004046737248147,0.00044779561628973096,0.9471055983639324,20
9619210,-0.0001702401058326669,0.00031383139787404527,0.9873027190500364,20
48546351,-0.00017068365130154252,0.0002544177129847044,0.9963212949225354,20
224682759,-0.00017069615649830395,0.0004235122158517303,0.9563224330748368,20
114864857,-0.00017092573214748662,0.0008966675481640056,0.7977206236099296,20
174680410,-0.00017094548402759314,0.00014026318111005402,0.9999853170516971,20
143772471,-0.00017105715539339483,0.0002696340988869211,0.994732849856244,20
39842007,-0.00017107862910699378,0.00037746684222020224,0.9715301840340906,20
14271633,-0.00017119375947226845,0.0003006180153082029,0.9901530339248344,20
37644630,-0.00017123235936457591,0.00029829344585267296,0.9905709065690083,20
138765060,-0.00017151050986462802,0.00046938869271531073,0.9406485209769683,20
55411917,-0.0001715681735085073,0.0003577444972169696,0.9774427890367146,20
97723338,-0.00017157710273347227,0.0004942121646578843,0.9314919860853771,20
8199263,-0.00017163126803584617,0.00030229345628098557,0.9899922331192439,20
243924743,-0.00017217586222578464,0.0003760952935984039,0.9726463505872799,20
11024148,-0.000172178620654731,0.00033822660755673806,0.9827158371127311,20
233091074,-0.00017222975892192683,0.00024048076003708915,0.9976581601924207,20
63,-0.00017226134496182432,0.00044671502602618374,0.949578763549616,20
25360423,-0.0001722809942205805,0.0005437269789866406,0.9136647038926492,20
47462236,-0.00017259239051234387,0.00034025164466948703,0.9824274075572094,20
231489602,-0.00017278366042219052,0.00028544109369962233,0.9930129402276175,20
30293483,-0.00017319015775648928,0.0005966904824205815,0.8950952135457765,20
13623535,-0.00017319022308806553,0.00039731424962744346,0.9669185196564423,20
132560452,-0.00017322749088468647,0.0005460773067707725,0.9139027080610113,20
54254019,-0.000173263032597068,0.0002480555571257773,0.9972043290501944,20
66349799,-0.00017343775179750053,0.00017351448597866017,0.9998688154944868,20
53517840,-0.00017362232325529857,0.0006259377088544544,0.8850506460926453,20
117055764,-0.0001738462866300694,0.00045802586630988795,0.9470317383392431,20
98032708,-0.0001743890809518561,0.0003328650458572495,0.9849168022492678,20
31495976,-0.0001745252113427187,0.0005959467261148564,0.897040217553116,20
146170911,-0.0001749656543823974,0.0005260574513417368,0.9233443408188066,20
36822215,-0.00017530032932270846,0.0003429036557870236,0.9830537036062686,20
12873605,-0.00017534400974150154,0.0005519060745506496,0.9142140871541008,20
125344299,-0.0001754152774689044,0.0005073982051777811,0.9307108950941636,20
41502405,-0.00017568425622735417,0.0004372905617991056,0.955850746623368,20
184828307,-0.00017575557513800077,0.0003341336243833514,0.9852064665363348,20
38343489,-0.00017580280159179839,0.0003123392863130077,0.9895168335944695,20
6417732,-0.0001758641237660008,0.0002958111884192595,0.9922465982667783,20
86913446,-0.00017587370974215532,0.0004985348713487446,0.9344288269081326,20
64271155,-0.00017590863991699123,0.00028877255890170564,0.9932673323394584,20
138564590,-0.0001761156719631396,0.00025423382233461997,0.9970391894758822,20
30220230,-0.00017623045895414358,0.00030720942243293425,0.9905358249962949,20
37106190,-0.0001763563951333841,0.00038526050533647786,0.9726368316480741,20
66892479,-0.00017654633165820332,0.00047486777513730115,0.9436042837457764,20
19955047,-0.00017654782752989095,0.0006450322736636932,0.8820505002607057,20
53551901,-0.00017671995818306917,0.0023056813197498967,0.6322322730565058,20
57259991,-0.00017678929102631636,0.0004021962375813044,0.9679440838930483,20
74503753,-0.00017698594859742457,0.0001872833862048303,0.9997714412691573,20
211866197,-0.00017698952919479872,0.0020968273581090033,0.6450016370479694,20
139559491,-0.00017710511344664058,0.00022059340448910488,0.9990249046313581,20
28033381,-0.00017733338515162623,0.00014167050257310584,0.9999893539774398,20
9618077,-0.00017747505122708284,0.00024432567672029107,0.9978860374346493,20
133761167,-0.0001778359522539602,0.0002576427984133074,0.9969648531992101,20
55050047,-0.0001779865124124119,0.0002277072842340309,0.9987903846822626,20
152378025,-0.000177994979709592,0.00046993500054401974,0.9466916252455911,20
63870607,-0.00017810249243731258,0.00041256691197111793,0.9657023111556163,20
32071463,-0.00017811266681973248,0.0006391718579876322,0.886083185937116,20
125217535,-0.00017818049243749357,0.0003277772706861043,0.9874377787638529,20
158800291,-0.00017827701738185042,0.0003581883874677867,0.9808375570166078,20
216097094,-0.00017839256326213638,0.0002043359336367197,0.9995233373093393,20
148451798,-0.00017842658654190768,0.00028086688346617647,0.9947772670533696,20
75417715,-0.000178468170784854,0.0013417248303742712,0.7205211261680928,20
166193114,-0.00017851924184007772,0.0010017475269028823,0.7823423223965057,20
152393422,-0.00017866576272705935,0.00026980828146207247,0.9959914359250573,20
15685080,-0.00017885364750042375,0.0003048346141267133,0.9916452696542882,20
19426904,-0.00017895881412207382,0.0002061265222356516,0.9994991972121311,20
21280306,-0.00017905088561029624,0.0006547513027471128,0.8818526245719196,20
190636014,-0.0001791555849524118,0.0004960996086052302,0.9386041035168866,20
66627049,-0.0001793440255782125,0.00025381407327220167,0.997421994124174,20
124714491,-0.00017953720097056702,0.00023694130505451987,0.998458763533072,20
124817389,-0.00017962888853475522,0.00044355859832338783,0.9570161018431138,20
24033707,-0.00017969168711083616,0.00030017062091115164,0.9925475246753775,20
81446938,-0.0001797449420401803,0.0004363887599559542,0.9594329385424629,20
73273361,-0.0001798570604729155,0.000483693670876484,0.9436318273523651,20
19057859,-0.00017990216107004742,0.00024185421908310916,0.998226797538996,20
162194539,-0.0001803942807883818,0.0005025187346089203,0.9375516351717439,20
16232330,-0.0001804962676807659,0.0004488445483128946,0.9559895143279106,20
178408114,-0.00018096508459796435,0.00021013923647850608,0.9994619126363179,20
38844914,-0.00018115179839114925,0.00030336386630967077,0.9924400519686167,20
78899326,-0.00018119988979723166,0.0004230233097048381,0.9647064685721833,20
66750173,-0.0001814556337351586,0.00032272239471878436,0.9894579402706389,20
74015719,-0.00018177300471104442,0.0014114845604202455,0.7142883662121675,20
86024104,-0.00018185196645656155,0.00036218521668334754,0.9815836095496309,20
76,-0.00018210265467775156,0.00028335384996208294,0.9951422122649697,20
76689046,-0.00018220989395037468,0.000316179953414583,0.9907701591622631,20
137564194,-0.00018222806437467876,0.0006406165122548416,0.8906619352693581,20
74832235,-0.00018263231396943304,0.0002057931477885942,0.9995886255121482,20
3813113,-0.00018275484792282248,0.0006028543988850334,0.9044582770043746,20
104003048,-0.00018325888200639573,0.0003641467915800938,0.9817765797122591,20
176817947,-0.00018327448718590821,0.0016657334641557316,0.6858404025753233,20
143972993,-0.00018335103556099686,0.0004059467599791159,0.9711385523724079,20
86488560,-0.00018341732366703722,0.0009152067931223073,0.8093364136878543,20
11471766,-0.00018342290224326042,0.0008267015937106787,0.8332268102040813,20
47546434,-0.0001834383741215334,0.0005492551521855992,0.9241477002222414,20
8467037,-0.00018347300709430358,0.0004484687154457542,0.958475997352252,20
152055235,-0.00018353608747451454,0.0003875951245954736,0.9761921076245443,20
2612297,-0.00018357633183054,0.0003031153371754336,0.9930338450875554,20
6,-0.00018369836479611713,0.0005915141549035236,0.9095275024843534,20
20221516,-0.00018392537615588843,0.00030437070998863097,0.9929423943306198,20
33536376,-0.00018408709856426175,0.00025237746710178165,0.9979493493467624,20
13,-0.00018416458599426755,0.00035291021069097666,0.984627944999941,20
7416604,-0.00018426139727753809,0.0002477757919493441,0.9982235104505295,20
44850146,-0.00018472166037632187,0.000335665582755865,0.988202808906301,20
52556689,-0.00018523903688855703,0.0004400303744545439,0.9624221388484501,20
117344153,-0.00018541086697479447,0.0010839457910607785,0.7731556303689293,20
9818874,-0.00018546923678038063,0.0003510615836060857,0.9855184804403867,20
71481565,-0.00018589789656565936,0.000320195731464893,0.9911398627017802,20
112142050,-0.00018594345587041595,0.00023411036836016376,0.9989357744277125,20
53858302,-0.00018618583182333225,0.00038223372551106306,0.9789113826927944,20
662414,-0.00018644344413416004,0.00042304015732299015,0.9682642122004635,20
6664830,-0.00018658270734804306,0.00041018876169387906,0.9719358563304225,20
130320119,-0.00018694901022340283,0.0004939460961018862,0.9465687568625749,20
38143400,-0.000187356416689885,0.00032053275544175185,0.9914669848426416,20
15022751,-0.0001876101862442775,0.00015385666104280693,0.9999854079649096,20
106138127,-0.00018802694365409046,0.0005554900053688391,0.9267285613809045,20
142170371,-0.0001880887767658962,0.0007833147890524011,0.8518292291089828,20
70989940,-0.0001881259822968523,0.00046397078779062035,0.9571938916749407,20
42828595,-0.00018817150723322574,0.0003056551266011775,0.9936764972633033,20
69934529,-0.0001883454988761496,0.0002695845446649717,0.9972089626016465,20
158390842,-0.00018840171554600492,0.0003688311006393428,0.9829891666028815,20
79309746,-0.00018855820938165347,0.0003515225753283585,0.9865660142418107,20
83690728,-0.00018856282273692625,0.00030677197081741133,0.9936170032928928,20
29211632,-0.0001888478487992895,0.0004071159166725669,0.9740675960389498,20
48251551,-0.00018885037093851199,0.0002388832457138922,0.9988949976109606,20
90513818,-0.00018911626241577273,0.0003764456001189832,0.9816298719064844,20
50855558,-0.00018940154721411306,0.00046166370279156216,0.9588735342756534,20
24087441,-0.00018955706953480977,0.0007547005778950226,0.8623398604668158,20
62291679,-0.00018967876066240674,0.0003037553342520887,0.9941954624274992,20
82552040,-0.00018974151487844148,0.0005325629443268655,0.9362070997049116,20
117856627,-0.0001899953147439043,0.0004971682128461087,0.948137041714927,20
53879927,-0.00019000588235251192,0.00013543667666525818,0.9999974784642898,20
120109509,-0.00019006265827353208,0.0005011200971479083,0.9469115062021232,20
79819787,-0.0001904859876960402,0.0002371089974539201,0.9990299621076156,20
40859036,-0.00019082352014394288,0.0010508475815959612,0.7866025758677364,20
146777309,-0.00019086973003811235,0.0002960847346527418,0.9952355079483156,20
611017,-0.00019134918252715073,0.00016501527394718145,0.9999737076208502,20
19845376,-0.00019140629286521215,0.00041336150023518097,0.9738796988095889,20
20834050,-0.0001914701663279561,0.00031882827879946106,0.9926834298114211,20
5619731,-0.0001915426153729888,0.0003863159087499444,0.9805052325907133,20
24464019,-0.00019207991102657973,0.0006600948872494631,0.8956489845495481,20
42628558,-0.00019218722096940588,0.00017726922728046889,0.9999441923678423,20
150940867,-0.00019227210946782535,0.0002968108192741573,0.9953805141667985,20
93043976,-0.00019233516925998008,0.00043821286466464213,0.9677634440940232,20
94707303,-0.00019240284228475845,0.0005872053884185224,0.9204084152692087,20
49396573,-0.00019240722791650234,0.0002811890159759611,0.9967787743211742,20
71068398,-0.00019262225145385002,0.0003449636141120651,0.9890647700896427,20
38452648,-0.00019274755434027513,0.0004187838778956156,0.9732299652012405,20
61057489,-0.00019275654899788552,0.0004580643996756628,0.9623705079538545,20
121938454,-0.0001928144066266152,0.00025272675506912766,0.9985378509096787,20
39143884,-0.00019296553463434563,0.0003306654921464183,0.9913892958829779,20
20429332,-0.00019323199381032774,0.00039811036978661444,0.9785819877383137,20
89840856,-0.00019333902635718935,0.0002486688473738174,0.9987383709881282,20
49469781,-0.0001934335518887248,0.0004366101402145482,0.9688921839628677,20
239118919,-0.0001934498352020836,0.00028510330321136616,0.9965898365121618,20
177606903,-0.00019368041670127234,0.00025319231663437346,0.9985674048695323,20
137765917,-0.00019398211211746897,0.0006722579886831077,0.8938106339018983,20
124342414,-0.000194117012529324,0.00028548273204386676,0.996638081630483,20
33,-0.00019422633207670514,0.0004355075602730506,0.9696751598935386,20
28287364,-0.0001942377261638789,0.0003428371826321419,0.9898774572187876,20
20091038,-0.00019477363977160044,0.0004047503347021179,0.9777701964554184,20
110361461,-0.0001947743042034128,0.0006054040179583632,0.916761572895843,20
11824529,-0.00019494589285291852,0.00018252451779858823,0.999934383980232,20
24127743,-0.0001949466536080302,0.0003036259454352171,0.99511322471698,20
12289206,-0.0001950778045573226,0.0004906019723280095,0.9543150233032426,20
68495027,-0.00019538373399856092,0.0002563739793360977,0.9985254908952628,20
96883271,-0.00019539497651577253,0.0002035409858792762,0.9998037744166414,20
63288667,-0.00019554374460292178,0.0002798999829157351,0.9972081019099259,20
96900819,-0.00019559957669181005,0.001642329830996413,0.6997665807764915,20
12489459,-0.00019563748257880875,0.00038252737757358516,0.983086321700911,20
2413809,-0.00019579586180884512,0.00030887654037061346,0.9947066374474535,20
39224755,-0.00019607238774197732,0.000754582636305855,0.8701974311411242,20
3214668,-0.00019622016397257414,0.0005532160859592729,0.9354040310754311,20
46345635,-0.00019645516066650327,0.0014072143423867634,0.730083865749152,20
18280597,-0.00019659829182929188,0.0003578754526823379,0.988095437574523,20
200051390,-0.00019699507218579325,0.00043788738971801413,0.9706856817084845,20
32636083,-0.00019716552757657603,0.0003356501114020035,0.9917002833051703,20
68138345,-0.00019728962725600318,0.0004484752701622168,0.9680413204522801,20
58697623,-0.00019755933180872208,0.0006048994860085115,0.9197665993882477,20
154058200,-0.00019781054982418445,0.0002776120364090044,0.9975709963897557,20
138031907,-0.00019783886112112182,0.0005294553492219769,0.944452035182492,20
49933823,-0.00019798077988699702,0.00016375510510223724,0.9999838468166525,20
135563101,-0.00019806131395418147,0.00022645577510850041,0.9995309587013984,20
11271614,-0.00019851517622871128,0.00032705082532072025,0.9931243398154116,20
248528837,-0.00019871721854408108,0.0006509799160413848,0.905924419150158,20
77889316,-0.0001988288648016784,0.0005284674458698162,0.9455912207683248,20
88474391,-0.0001993364184626173,0.0005465219263353643,0.9403382593692795,20
107720863,-0.00019934082532171437,0.002420537098362634,0.6416388015563577,20
72214276,-0.00019950083923506168,0.00047997798319389157,0.9606936326449403,20
234492040,-0.00019973003039053805,0.000556939825548158,0.9373739049778355,20
140442938,-0.00020014442019612722,0.0004294835786317969,0.9745535820994102,20
62258977,-0.00020024265029525978,0.0004288857071287201,0.9747503333579525,20
138430098,-0.00020057600019731392,0.0006132366142594389,0.9200572098817296,20
111206807,-0.0002005959839032262,0.0007622044502092573,0.8731291100094662,20
22035150,-0.00020063215060442673,0.0002499034961792359,0.9990247142596522,20
26034698,-0.00020063985585692669,0.0005686687200641646,0.9344507440051819,20
228510516,-0.00020079178491371475,0.0003398144044443863,0.9919718726021091,20
29728387,-0.00020120687023152117,0.0004058308228945292,0.9805001918173393,20
73340224,-0.00020135449383112958,0.0004272913808411937,0.9757030004374426,20
5014377,-0.00020152959660952875,0.00042237540869691356,0.9769445112521037,20
162390353,-0.00020155152573350099,0.000525886144773959,0.948601200450696,20
113663529,-0.00020160752388244662,0.00040034318846409437,0.9818313897082628,20
48088731,-0.0002017873622679911,0.0004321196736473261,0.9747682994387789,20
108137631,-0.00020184458838369833,0.00036790837442458554,0.9880147170589124,20
45059112,-0.00020192590117322495,0.000253658810722408,0.9989550430301152,20
211064876,-0.00020205099299208662,0.0009340633557850823,0.8272475877734418,20
26529273,-0.00020256860376564046,0.00037219057016277246,0.9875147880163507,20
26641323,-0.00020298775888482335,0.00016777700786360287,0.9999839826236951,20
78498995,-0.0002030064922427577,0.00026755490075070436,0.9984745546337451,20
41122228,-0.00020303520440392576,0.0002494818575617035,0.999127919203818,20
113463401,-0.00020323048587594927,0.00039739432577166217,0.9830822499499662,20
59324873,-0.00020325888039432471,0.0007923376455364302,0.867237908855193,20
50664426,-0.000203517627347774,0.000598417081682637,0.9276288968557136,20
34876961,-0.00020397786587562084,0.00022867171577700413,0.9996073334191127,20
82292233,-0.00020410920150596145,0.0004736377045043991,0.9654802594463628,20
47668215,-0.00020435028657903032,0.00022512988266986804,0.9996654748418765,20
76395555,-0.0002044304295325705,0.000227196921787587,0.9996373412348826,20
150791535,-0.00020454576856579476,0.0004153639625824849,0.9799029194620428,20
103108128,-0.00020483943758675406,0.0005026452231767426,0.957921260949078,20
147177468,-0.0002048948220754354,0.0004658603086345463,0.9680160427174898,20
37458865,-0.00020491107475547333,0.0002552195610774509,0.9990251410976312,20
54318303,-0.00020508762283507064,0.00020210836745076854,0.9998875465396494,20
11172141,-0.00020517870114867277,0.0004684897563410564,0.9674983901435994,20
24206025,-0.000205430224932604,0.00037433525761828505,0.9880326073030199,20
66277140,-0.00020557749695579165,0.0006039457088315225,0.9277947389860187,20
58683619,-0.00020577877875022633,0.0005678181307677213,0.9392213994744468,20
8873271,-0.0002059052398687894,0.0007128617478018996,0.8940309312939356,20
101132199,-0.00020615407084696724,0.000642385588917385,0.916255375764111,20
102596167,-0.00020622129378108366,0.0009061640872900738,0.8392091793457028,20
140065292,-0.00020654725166650568,0.0004975737188725406,0.9605154412865233,20
131750352,-0.00020714347242136444,0.00042293017156292876,0.9794139576364053,20
118218875,-0.00020718445509077253,0.00038475798501909586,0.9868230220581721,20
97346990,-0.00020753242876074828,0.000530822679365104,0.9517365784679751,20
32271517,-0.00020804155354180176,0.00029353237011496043,0.997477004039641,20
34676921,-0.00020808189373794085,0.00029302454325704825,0.9975112688962704,20
55922102,-0.00020813887100924467,0.00035035254488153676,0.9922144589478598,20
114739954,-0.00020814555600336127,0.0008319753234071974,0.8614246570716648,20
123753867,-0.0002082558973783094,0.0002648911760551822,0.9988449568067512,20
26264802,-0.00020859727965350517,0.000972850309579011,0.8251756667349838,20
237295702,-0.00020875684413559914,0.0002613582915222109,0.9989831823179456,20
12470239,-0.000208767489632114,0.0003122302492212813,0.996238576456001,20
47608580,-0.000208808355841561,0.00042997409653925203,0.9786313460828976,20
99326055,-0.00020885323098509268,0.0006197848935970611,0.9258721623093271,20
65063263,-0.0002089512081207695,0.00035790446860817866,0.991409935405177,20
166506980,-0.00020925122770323046,0.00027133021865169746,0.9986552929549501,20
39437589,-0.0002093593308558017,0.00039396933994957607,0.9859283932891214,20
162990110,-0.00020942821444417113,0.0003717919673702774,0.9895598991096984,20
43849406,-0.00020999967051841262,0.00036615376156576035,0.9905249695970768,20
74,-0.0002100840910453039,0.00048038234444834876,0.9673213726541812,20
167795709,-0.0002102421778937047,0.0005087578062188572,0.959891782870549,20
39041037,-0.00021059217217371805,0.00035770365049768617,0.9918045079539052,20
35128715,-0.00021074474412930422,0.0004594868205315105,0.9728504765873868,20
77964717,-0.00021079734265986582,0.00039388997521092435,0.9864107387265045,20
131760147,-0.00021105226516443255,0.00028320412926493514,0.9982513937278139,20
67227159,-0.00021127560970269355,0.0007084565037716395,0.9009610616064327,20
135162938,-0.00021171150088577785,0.00022829279648226632,0.9997263436131112,20
55668480,-0.00021171715719168482,0.000505449940715856,0.9617483554450859,20
46065432,-0.000211911623320149,0.00031860570239995755,0.9961056709155796,20
105731198,-0.00021195982896557997,0.0004314104221976943,0.9796968993622637,20
29293213,-0.00021201417014607703,0.000561737083771379,0.9461112040039041,20
135676404,-0.00021254155039976131,0.00037775156456131356,0.9894960734465191,20
57741610,-0.00021256832569267192,0.0005985740034777884,0.9356243868115518,20
64253647,-0.00021263178636862778,0.00020434029342364965,0.99991342626809,20
20291078,-0.00021312394423333715,0.0002975289049938239,0.9976610715218003,20
78109772,-0.00021328845699983555,0.0005350116672277025,0.9547032898011215,20
33497709,-0.00021350798496685142,0.0004326667660003552,0.9800871027017373,20
114550266,-0.00021357863504603835,0.0002712691572929216,0.998858214175137,20
65824820,-0.00021367543729550463,0.00030527942453388037,0.9972444884273453,20
134171239,-0.00021380513639636113,0.0003085374715738662,0.9970460335480783,20
94681174,-0.0002138859851662539,0.00033073177448815727,0.9953308736798105,20
44206215,-0.0002139483310581336,0.00040200159909855,0.9860320633898472,20
36039763,-0.00021401604147284204,0.0004865994930010664,0.9680158754577692,20
74461117,-0.000214214812756236,0.00021605512020736917,0.9998575990497879,20
42648863,-0.00021424215220830766,0.00045040105474338903,0.9766418843438059,20
94106403,-0.00021425389325195054,0.0005788309641978191,0.9428620158402078,20
28237985,-0.00021450971441223932,0.00019112490734654863,0.9999619276274296,20
31836292,-0.00021456010886300724,0.00048799813245296533,0.9679756599207218,20
73740702,-0.00021462322559447078,0.0004072232767199941,0.9853475264505841,20
80246051,-0.0002148851530256235,0.00025575822170964573,0.9993334175268329,20
85003968,-0.0002148944175344891,0.000467526576607116,0.9730850936645583,20
238496786,-0.0002151585714702864,0.00022006897728742183,0.9998361517956353,20
103755301,-0.00021548767475451923,0.00041580010287209514,0.9841106561642088,20
188420715,-0.00021581756473613712,0.00042554414004297757,0.9824125725130706,20
37498210,-0.00021586127982786972,0.0004565973967959069,0.9760298437950073,20
57814478,-0.00021604794872664702,0.0005296347837553971,0.9580602244669819,20
87740651,-0.00021614990597838558,0.00037595374418012903,0.9906510329511765,20
36879339,-0.00021615376241138906,0.00034715792028378354,0.9940924445559903,20
31435076,-0.00021622186785967,0.0002719456073436979,0.9989447872718493,20
222103910,-0.00021627818626292482,0.0002239827421341832,0.9998147002032353,20
124954858,-0.0002165443887616747,0.0002883659831397433,0.9983492571362224,20
7416496,-0.0002168528290936611,0.0004000088464712306,0.9872626991676441,20
130359263,-0.0002169883401401257,0.0003075165875628395,0.997396574126033,20
126877035,-0.00021707318915925033,0.00040139913389715875,0.9871038221271358,20
45527127,-0.0002170871812003816,0.00033226121657329064,0.9956267277383337,20
120060051,-0.0002171003907334962,0.0002517573998758006,0.9994683149912045,20
28733857,-0.00021712620850193874,0.00022453536197887303,0.9998173241642861,20
62466537,-0.00021731062877163864,0.00046456717022082787,0.9749459201161349,20
2611717,-0.00021747977124031426,0.0005428900647262302,0.9554236812590458,20
110451682,-0.0002176836277090255,0.00025417177017431595,0.9994353180816494,20
30644135,-0.00021775227757367676,0.000520706357906924,0.9615271441072939,20
41864364,-0.00021800907050125996,0.0004944962874813304,0.9683047973995462,20
53610153,-0.00021806650812906947,0.0006318172776240716,0.9304015891437718,20
24294074,-0.00021810201300703213,0.0003234918431709535,0.9964407577765548,20
176405898,-0.0002183740957804381,0.000442498304398765,0.9800930098412064,20
88714509,-0.00021844704211634592,0.00029386923743779646,0.9982178747989916,20
91181540,-0.00021868396758220886,0.00034781295763281254,0.9944333323732382,20
95927037,-0.00021886170744829237,0.0002910763196237773,0.99836533267378,20
44266420,-0.00021949424868323574,0.00024989214961507964,0.9995485503925466,20
36537526,-0.0002194991012050951,0.0002741475468377484,0.9990028664953343,20
175616066,-0.00021971143228259604,0.00032733226585898115,0.9963336158397589,20
49636822,-0.00021986643331262378,0.00017365448672055609,0.9999907394398843,20
4464995,-0.00021987884883812315,0.0007339056751617621,0.9019511040362941,20
84716629,-0.00022003822344761892,0.0007768041196519127,0.88972858914596,20
62805199,-0.00022009530202070083,0.0005887209886048792,0.9445361997040863,20
228911279,-0.00022019899025052525,0.0003576546498154886,0.9936790414667939,20
199433743,-0.00022027463590322538,0.001832961170682092,0.701397085394377,20
132186618,-0.00022037668551372347,0.00022279929602672056,0.999854148139905,20
20804464,-0.00022066585067599952,0.00027255380507691744,0.9990897770054564,20
58658051,-0.00022080044791761565,0.000380936979831587,0.9910591260468959,20
46407918,-0.0002208481214350133,0.0011205880065107642,0.805436712654759,20
2213753,-0.0002214982146806127,0.00037821245932261293,0.9915586185562457,20
36515752,-0.00022164361043922886,0.00030996706495480545,0.9976313842464282,20
20227128,-0.0002218125676889643,0.00027929124095590625,0.998935152831302,20
48553911,-0.00022183540929918976,0.00033780616123162485,0.9957679011912434,20
57447716,-0.00022199252880731324,0.00031486526224501645,0.9973815527332297,20
49155012,-0.0002219953347253667,0.00019742690214481355,0.9999627131057353,20
29088278,-0.00022209946621547239,0.0005102643645776019,0.9667364172684355,20
14475033,-0.0002222944206296096,0.0004036333094588019,0.988249090317377,20
25288411,-0.00022235523779413625,0.0004978368295639888,0.9698499043185945,20
2411653,-0.00022252319634248895,0.00034463845390720656,0.9952832354548835,20
113348661,-0.0002225776444488986,0.00047700767798661335,0.9746881914978447,20
2884552,-0.00022263213753954126,0.0004861262905745634,0.9726878905496442,20
125314805,-0.00022273951257488766,0.00021665560728776584,0.9999017621286975,20
138959151,-0.00022279734107142623,0.00022635325960148364,0.9998467969969751,20
42958558,-0.00022298404856964106,0.0003045973668401362,0.9980032898005353,20
52041601,-0.0002232266792219606,0.0001372807352023403,0.9999996645589805,20
42242700,-0.00022331246862051236,0.00033444769568139615,0.9962038860982597,20
113738412,-0.0002233515227590077,0.0007012050535426485,0.9147381642894666,20
49463961,-0.00022342115750132173,0.0003214810909421074,0.9971046770300854,20
96637989,-0.00022349072851909625,0.00031351334302453604,0.9975786647345012,20
51855539,-0.00022364075484945233,0.0004090316745427144,0.9878028868222442,20
71590331,-0.00022403797794638136,0.0005129156656018546,0.9671709160728577,20
21430876,-0.00022405044204927004,0.0007132528541085083,0.9118917185101413,20
44229621,-0.0002242577763140685,0.00042948339444599576,0.9846720104198013,20
32818180,-0.00022427676849702815,0.00021086244760932268,0.999931385514051,20
51073523,-0.0002244513650830976,0.0003152797497252425,0.9975555853040226,20
4066398,-0.0002245359463169061,0.0004305338507103322,0.9845830919755114,20
101995470,-0.0002246025873998858,0.0003008924976041847,0.9982728631191926,20
103555202,-0.00022467639699925434,0.00044025375255858293,0.9829153502177455,20
114208157,-0.00022495192198611347,0.0002827523449318513,0.998949997753304,20
30734108,-0.00022499237749880606,0.0003532858168035651,0.994857635977922,20
160388370,-0.00022517367959798418,0.0005615355897069077,0.9555713259946275,20
123674904,-0.00022528243486681366,0.00040959064212803796,0.9881700058774976,20
93318311,-0.0002255028668540743,0.00031676727352428067,0.9975550067620108,20
129070177,-0.00022572005670475626,0.00023794329778348356,0.9997797089712773,20
2862497,-0.00022611825361999738,0.00037043671543303045,0.99334826479381,20
94306378,-0.0002261201709795324,0.0003046047853994248,0.9981996631763556,20
91879560,-0.0002263668645292538,0.0003918604128220278,0.9908912238634605,20
105399900,-0.00022639562942677606,0.0001734865774000297,0.99999363054043,20
131759767,-0.00022655509529098672,0.0002649033830948271,0.9994283205158457,20
10070912,-0.00022679304015709166,0.0004377611775957552,0.9840853129644647,20
34456770,-0.00022690404037772338,0.0004238417974407273,0.9864337930147682,20
861105,-0.0002270583221578859,0.0004835784361570045,0.975334818978334,20
103243628,-0.00022709253418446706,0.0002604133689946169,0.9995184960879088,20
46846414,-0.00022724661255041356,0.00021176748993155742,0.9999376303347636,20
86897643,-0.00022763196311088586,0.0003921269894899263,0.9911339376596316,20
9867992,-0.00022766812378133272,0.00024200736859656666,0.9997612709682075,20
31444895,-0.00022768688919440062,0.00029649857938165595,0.9986097772671526,20
36878042,-0.0002279198687864109,0.00020613181429870875,0.9999550338496273,20
13471091,-0.0002281326721380511,0.0010015511801212637,0.8394195510118758,20
72482572,-0.00022834850115369953,0.0004097215118865177,0.9889552120632432,20
4269460,-0.0002284950000362579,0.0004451443423556655,0.9833735575680339,20
110008651,-0.00022877199569093786,0.0003716084944044575,0.9936760667942997,20
30653642,-0.0002289415709648468,0.00033207011083868855,0.9969404286752012,20
172799343,-0.00022910881110117242,0.0004014040912633096,0.9902733303004628,20
152942680,-0.00022925609064019525,0.0007422863332887498,0.9083802147266833,20
45655893,-0.00022953790914330695,0.0007761562349136426,0.8991617362547394,20
10200574,-0.00022963165746100466,0.0028293679258448307,0.6396789012827984,20
12840361,-0.0002298276554826756,0.000193606137262182,0.9999799639459762,20
22631461,-0.0002300661106008184,0.0008331612545115655,0.8840425544248949,20
65863808,-0.00023022592686941236,0.0005328523167641494,0.9658107120357368,20
99349616,-0.00023025264343029262,0.0004030011973755764,0.990326387096715,20
7216550,-0.0002303095692835322,0.0006271240242100791,0.9415204483970578,20
83569832,-0.0002305964361730889,0.0012874365386329803,0.7834874583112229,20
34737425,-0.0002306966266268279,0.0007998406900146125,0.8937157025318648,20
149182665,-0.00023096454753499806,0.0003258699684714626,0.9974772882319872,20
7071779,-0.0002311074643996963,0.0003286744711953374,0.9973316155649705,20
123980448,-0.00023119788671227548,0.00022339724426384484,0.9999083287874796,20
236694440,-0.00023129573906054135,0.00040909184778501563,0.9897646071599366,20
146650394,-0.00023162144849072085,0.0003136177383010386,0.9981295115293025,20
18484572,-0.0002317453826884863,0.0006119346456342471,0.9466675740481204,20
40302318,-0.0002321183283052558,0.00025774109107038926,0.9996402677823968,20
30646641,-0.00023214900721118536,0.0004458686256236227,0.9844602013164687,20
127530325,-0.00023248797059236548,0.00022975111019997216,0.9998842743321489,20
137557843,-0.00023265547963447763,0.00037696296099576555,0.9937709130408496,20
59671432,-0.00023301621064528155,0.00036721847825252064,0.9947400039270929,20
94585861,-0.00023327209030863383,0.0006163682709919846,0.9465608053638676,20
161463956,-0.00023329205126810526,0.0003323402924226127,0.9972998932071361,20
128183187,-0.00023330577444071187,0.0004391507439067855,0.9859095438358596,20
119459916,-0.00023331154299663647,0.00033113201815290435,0.9973696899902859,20
61126752,-0.00023360522515676884,0.00023285529270571984,0.9998736046375815,20
150454606,-0.0002346930978117029,0.00042828493550748145,0.9879422118453868,20
88341100,-0.00023487348614023573,0.0004949282151038666,0.9764102514673486,20
114014833,-0.00023591766595142948,0.0016372581555088653,0.7364912732524957,20
136963730,-0.00023609447081731906,0.00026033633783535443,0.9996626716111353,20
10674597,-0.00023611789415574347,0.0005332107534539317,0.9688350382355875,20
154896788,-0.00023634424265377428,0.00028693048685343074,0.9992113526655357,20
178085216,-0.0002367050551583566,0.0004196824206212773,0.9896303032260354,20
20285237,-0.00023703136329571162,0.00028812105877629103,0.9992031212169755,20
19025027,-0.00023727891717028327,0.0003180401962387336,0.9982660742047772,20
240120918,-0.00023760263864066044,0.0009074589240171883,0.8719526830931055,20
99,-0.00023761679762361875,0.0003610080587831926,0.9958303993176812,20
210864825,-0.0002376449337935127,0.00033782581075931953,0.9973397115445244,20
17481948,-0.00023787742937585453,0.0003130323543710627,0.9984924407713598,20
12821349,-0.0002380273770661967,0.00021878980829082505,0.9999462667383624,20
59248761,-0.0002381704851704275,0.00039701907673839133,0.9926377349110864,20
48689126,-0.00023851065468562526,0.0004135498111608094,0.9908099974554514,20
48955929,-0.0002390252517209007,0.00025350680184718606,0.9997663934863639,20
15024529,-0.00023904364529498122,0.0010954460313268204,0.8293095167375869,20
90408943,-0.00023924614375036847,0.00025809636009601,0.9997252131040049,20
82869189,-0.00023946168836076753,0.0004620006694868452,0.9841203407863001,20
184416453,-0.00023960727129331282,0.0004734890235097324,0.9822336281506528,20
179409845,-0.0002396580662548109,0.0004195983414949859,0.9903094634381339,20
93706001,-0.00023998654678269727,0.0018446221608687504,0.7162386676053554,20
154380435,-0.00024073141327136117,0.0003020477775377964,0.9989650296064111,20
110606035,-0.0002408080524303663,0.00035842420822737456,0.9963565553743621,20
87911927,-0.0002411238033697416,0.000523676753304798,0.9732742832958288,20
205057668,-0.0002411514680378063,0.00026876904798247756,0.9996277710368646,20
4615099,-0.00024116630421289198,0.0010541653354045025,0.8404469738109509,20
127418850,-0.0002411858269039252,0.0003378311133050342,0.9976043789171403,20
92680083,-0.00024134301612853404,0.00025785117258407146,0.9997493634414192,20
131350011,-0.00024160432187802505,0.0002961398489172659,0.999145657731072,20
6870454,-0.0002417703119414888,0.00028252872544464353,0.9994312337351303,20
3866871,-0.0002420284747291973,0.0004863608317564754,0.9808224410036199,20
25864514,-0.00024215871066900484,0.00032011313199525697,0.9984391616424401,20
81951005,-0.00024226318511672283,0.0003695662441212169,0.9957192281924909,20
131481649,-0.00024247810381666234,0.0005228407710850971,0.9740454016889692,20
221275955,-0.00024253558066892055,0.00040579134865877033,0.9924793494243488,20
8021213,-0.00024286272101652905,0.00039872231606302423,0.9932635927636796,20
89407049,-0.0002428885335790276,0.0003070124239646957,0.9989014976793982,20
75883650,-0.0002430829084704239,0.0005003860807957038,0.9786621233909056,20
77997689,-0.00024310670419925017,0.00039382491999005525,0.9937777091976058,20
31044681,-0.00024327137190226778,0.0001887580946015425,0.9999925601356436,20
77277628,-0.00024352143534731306,0.0004723912935054742,0.9837058200959825,20
51515237,-0.00024359578041418807,0.0006850495515133806,0.9358589303753716,20
92134899,-0.00024369549820438263,0.00043998035322486697,0.9885910211904466,20
75761722,-0.0002439086946179697,0.00024401033083482478,0.9998688497421572,20
110251405,-0.00024392750043639166,0.0004347752492978568,0.9893355397324879,20
94698911,-0.00024404899805448576,0.00040298234869695214,0.9930321780062712,20
41844108,-0.0002444122305119395,0.00038053624726160307,0.9951238393210654,20
64329017,-0.0002445304365511214,0.0007877119089860481,0.9094438747876402,20
86555229,-0.00024482245899279387,0.0002781362656965332,0.9995570876720165,20
107733658,-0.00024495730850907226,0.0019725632092626216,0.7074356034736471,20
10019329,-0.00024516040699791575,0.0002599883884040981,0.9997666117806693,20
81350676,-0.00024543057730190554,0.000312914661840073,0.9988229738666425,20
117267884,-0.0002456790012881543,0.0008219536776033445,0.9014471239294894,20
155581311,-0.00024570602008892607,0.0005636759377182797,0.9669176836840544,20
180210791,-0.0002457326183855801,0.00019288534513008145,0.9999914177500007,20
164797031,-0.0002462159861030544,0.0002864751397579675,0.9994524884749599,20
177009058,-0.00024626495941434956,0.0005475503985136313,0.9706554232978379,20
21886010,-0.0002462735113111264,0.00026501575251884645,0.9997316284492542,20
177219071,-0.0002462799050584635,0.0004210457727923592,0.9915002513805414,20
47554353,-0.0002463337638235946,0.00032975456302950293,0.998282716469371,20
4618998,-0.0002463936676222189,0.002489893243790957,0.6684564510656923,20
28527335,-0.0002465646160421081,0.0004659667921546454,0.9856301699720738,20
79548138,-0.00024673967965141983,0.00029432243560824264,0.9993206655107852,20
43141583,-0.00024692739460097925,0.00024106875169240463,0.9998979312219248,20
74275261,-0.00024712466782706165,0.00024009269318818352,0.9999029556140691,20
81571849,-0.0002471418111730933,0.006894934783620498,0.5628312727083288,20
80399178,-0.00024728278248434266,0.0005207013685829205,0.9764820202378401,20
69076848,-0.0002478548365934502,0.0006256905715849555,0.9537456652218959,20
18426870,-0.00024832809419944314,0.00019042729108918312,0.9999935742711016,20
42064477,-0.00024835835455411514,0.0008554411029491387,0.8951528516288162,20
40375442,-0.00024847869555926215,0.00037711794689090385,0.9958584699006551,20
128869943,-0.0002487292047769124,0.001510540738946279,0.7647564719361101,20
148891427,-0.0002490001075253656,0.0004117331252784099,0.9929750215008691,20
58254694,-0.00024920150553435494,0.0001899075009750568,0.9999940577490589,20
36231284,-0.00024920499639517204,0.00034284572508045774,0.9978963145272247,20
24884944,-0.00024930631199167054,0.0004677434708493732,0.9861341013158753,20
89840486,-0.0002493388434184479,0.0002489348101023333,0.9998715379529217,20
135354471,-0.0002495817672466094,0.00040050670555281714,0.9941226492291987,20
183815561,-0.0002495842891876487,0.00038997461636066375,0.9950135454156767,20
29639926,-0.0002496155885089779,0.0004797831806181641,0.9844029803779545,20
161789937,-0.0002496499613286379,0.0005751809576957167,0.9663843686425158,20
142963372,-0.0002497459354315557,0.0002186208901161641,0.9999688090231306,20
10219479,-0.00024989464968719067,0.0003112490416915491,0.9990250945505549,20
14871970,-0.0002502726302082453,0.00045054160485771225,0.9887629523013528,20
41,-0.00025057219859812575,0.000739395025651959,0.9269536560462803,20
121351589,-0.0002510588840483524,0.00027335713777274726,0.9997001905872209,20
209263023,-0.00025112090212683067,0.00058604001301878,0.9647545588566686,20
49312409,-0.0002511268383787041,0.0003583583987514499,0.997267402306869,20
62327558,-0.0002518668719931255,0.00038092469528584093,0.9959517994544248,20
77145960,-0.000252076165420706,0.00029507646611606146,0.9994226742381735,20
20084917,-0.0002523011557993393,0.0012489994907184583,0.8111829826703523,20
5068661,-0.00025248102226677613,0.0003069659429560403,0.999201700747537,20
104710710,-0.00025249216890202154,0.00040198156703381605,0.9943995008625234,20
65471575,-0.0002527044274942797,0.0003778771724552292,0.9962428320775106,20
12822959,-0.00025275383750125724,0.0003090749524480653,0.999162288059774,20
35537706,-0.0002528525992611302,0.00023796524737604947,0.9999306519911043,20
33300792,-0.0002532424511268172,0.0007378372189743732,0.9293581811183032,20
38052397,-0.0002533389597945246,0.0006378736742474733,0.9541380378107694,20
49663966,-0.00025356130596405067,0.0009884585721629425,0.8672300671644051,20
50323346,-0.0002536012297914253,0.001151289102599732,0.8315237745581658,20
18082483,-0.00025364110048650413,0.0003755929229305672,0.996479248684118,20
83369505,-0.0002537891762724537,0.00033740329081329744,0.9983699260630304,20
58615697,-0.00025379682370456623,0.0006058172874482605,0.961769127919461,20
69657764,-0.000254029298769215,0.0004658770426020328,0.9876321974966218,20
232890592,-0.0002540970269627629,0.00033443501970535384,0.9984904072102658,20
48889170,-0.0002541338865457238,0.00033713581462953995,0.9983963751975359,20
57525297,-0.00025420711140612673,0.00046398409110859985,0.9879303918196104,20
86097013,-0.0002543932331308729,0.0008415683919634267,0.9038521359738411,20
100327000,-0.0002545742073206764,0.000305218811348208,0.9992904953600529,20
44429844,-0.00025483335782636174,0.0003841434900941966,0.9960380903947762,20
57013482,-0.00025483593604726517,0.0002630080342106965,0.9998208723255073,20
101952506,-0.0002549540834483804,0.0004433569330773266,0.9906613671470575,20
65877053,-0.00025502355992728374,0.0017893867353234816,0.7342547639448949,20
103638338,-0.0002552327356505929,0.0004704915942902337,0.9873055343941374,20
80506234,-0.00025538480218347535,0.0004014000570347349,0.9948262785559876,20
11019735,-0.0002560238747903648,0.0003521445154541559,0.9978999050328228,20
92304144,-0.0002561574503775782,0.0002060156220534255,0.9999884547491827,20
136791346,-0.0002562875046633578,0.0004822670363968606,0.9859299826583207,20
222879533,-0.0002566602336547874,0.0002716955864003788,0.999770610398106,20
18024573,-0.0002567801213765958,0.0005453631672040089,0.9756183506977688,20
52738399,-0.00025749175571744,0.0002477383138340955,0.9999123636495602,20
74904353,-0.00025754830684112106,0.0004316121318553522,0.9924086355929305,20
47909938,-0.00025852380841055457,0.0003588921277881146,0.9977536335696692,20
42703618,-0.00025852605460832125,0.0003567437614439495,0.9978495200901386,20
135371835,-0.0002586570124321813,0.000394379863733446,0.9957328581967312,20
114651277,-0.0002586860816295583,0.00047564451719903826,0.9874684877098837,20
93080192,-0.0002592703574108679,0.0002502188787165649,0.9999094858614984,20
80219866,-0.000259703108067863,0.00035966568637430234,0.9977922995334059,20
109244436,-0.0002601773633918031,0.00019257212323206636,0.9999958941298642,20
41427756,-0.0002602788383604837,0.00027054043225843434,0.9998079117356442,20
140242451,-0.00026046372706290956,0.0023791638670691406,0.6849876945404061,20
9021912,-0.0002610454877176982,0.0003146920036278506,0.999256843533031,20
134963862,-0.00026114582987832037,0.0005314268583013255,0.9797127654698773,20
11601119,-0.0002614365470788943,0.0003783491247225017,0.9969874609580018,20
89379594,-0.0002626007382759671,0.0002185763998424561,0.9999825974713775,20
55859647,-0.00026283337361506507,0.0006033744520305601,0.9668340754627188,20
87728766,-0.00026339454452452835,0.0003158133672085252,0.9992901223271115,20
51918228,-0.0002638594747553402,0.0005679720763504675,0.9742263982137457,20
218299615,-0.00026407696692364035,0.0015721228894047656,0.7691337470068632,20
130748733,-0.00026458104733023127,0.0003207492403078865,0.9992208267171728,20
165598203,-0.0002656663111781893,0.00041858223050030447,0.9947470685769527,20
84954203,-0.0002659428611412135,0.0003051233576857943,0.9995162526880108,20
59471353,-0.000266221417491555,0.00029545241959344823,0.9996420140691762,20
39458973,-0.0002665323370795475,0.0006809714542163109,0.9519091591229911,20
54210731,-0.0002673198732019239,0.0005050540430927465,0.9856492218393001,20
36105646,-0.0002675050907856691,0.000758389453131042,0.9344014210412506,20
125063042,-0.00026776879740711965,0.0002744664663462721,0.9998326304175192,20
36622105,-0.00026824160592100744,0.0007812304099013842,0.9294321171353379,20
61620766,-0.0002685854085567235,0.0003308703972660642,0.9991093117266449,20
37734981,-0.00026861616279308663,0.00027488950468862347,0.9998353021102371,20
111900677,-0.00026884331952810314,0.00028663764039667586,0.9997542822873853,20
18817107,-0.00026927255277180704,0.0006761190658958314,0.9545533855800562,20
63474316,-0.00026933511166245814,0.0001977145095006877,0.9999963059413071,20
23896965,-0.0002695481492171914,0.0013321221482667938,0.8115785173157916,20
13089854,-0.00026954817248170393,0.00032139366762048017,0.9993231157304011,20
188019647,-0.0002700165367810287,0.00023493140239616513,0.9999708963238345,20
47092856,-0.0002703694179573057,0.00024779503563395904,0.9999479510689606,20
106445865,-0.0002704155727509677,0.0013289931601698926,0.8128792501479263,20
80748999,-0.00027041561947836745,0.0001849529522545203,0.9999985420039185,20
90456170,-0.00027108491368231513,0.00040298907020682806,0.9963865133183372,20
161101996,-0.00027110257151813366,0.0007521159030620617,0.9382749660914779,20
138364547,-0.0002711297633780585,0.00036143550851195727,0.9983360526287421,20
78219384,-0.0002716511925619586,0.00033646689004953413,0.9990686032648024,20
120955578,-0.0002717315709910073,0.0004912246134576878,0.9885150308556956,20
44045851,-0.0002725351338810217,0.0004632782200666862,0.9917684537036173,20
23696914,-0.0002726743222257105,0.00046679805788161794,0.9914361018055875,20
101933160,-0.0002727535434627365,0.0003719025837228882,0.9980300128863293,20
161864741,-0.0002727891061782589,0.0003351587882987837,0.9991286517219927,20
25634038,-0.0002727922659549492,0.0006929075107923549,0.9528068272145663,20
162065060,-0.00027325184997544774,0.00042163491287179914,0.9953933603963167,20
8869321,-0.00027347105893244514,0.0005957150753535192,0.9729482567465141,20
182414925,-0.00027392687890240574,0.0003904695246248529,0.9972881227951831,20
83522357,-0.00027410370023477906,0.00032385148760610095,0.9993742730907808,20
464840,-0.00027420685293430005,0.0004063734661255441,0.9964602465918467,20
120150467,-0.0002745676928941204,0.00023346801880165072,0.9999776569890502,20
611323,-0.00027471779285380415,0.0002724270054168546,0.99988008761347,20
129991255,-0.0002748411931705802,0.000288684510680622,0.9997872523331544,20
53053457,-0.00027508198568779174,0.0004192805818086616,0.9957422387344286,20
28893554,-0.000275676263554564,0.0004406040839211639,0.9942646890780756,20
58542197,-0.0002758967891444808,0.00020456728462448106,0.9999958005250361,20
25831174,-0.00027601796099860907,0.00035374526754322383,0.9987734169483746,20
49391293,-0.0002769054800123599,0.00016120666837610975,0.999999847695998,20
38136026,-0.0002782737393014573,0.0003647499583830074,0.9985375575199394,20
21230502,-0.00027869193729989917,0.0002330054743689085,0.9999816599381299,20
161189344,-0.00027883774005293683,0.00033985483151674647,0.9991849018756389,20
102307542,-0.00027894798830697677,0.0002534752533652136,0.9999526281459697,20
71190157,-0.000279117393760725,0.00018914576730867747,0.9999987127733339,20
77063668,-0.00027911791532639617,0.0001550873845706588,0.9999999234359007,20
65973731,-0.00027957673598070777,0.00033524427121939466,0.9992896132616953,20
49114544,-0.000280713413122613,0.00032239440034772697,0.9995118999423888,20
29871342,-0.0002808022222457157,0.00022343470390730715,0.9999898603467865,20
69955276,-0.000281221484956351,0.0004350203643733684,0.9953194257826463,20
55658836,-0.000281509232241961,0.0015687862877106654,0.7839054644234745,20
5016279,-0.00028203287461193717,0.0003003400925794507,0.9997570853718342,20
133682550,-0.0002825170174669711,0.0002622687242308222,0.9999401555276474,20
57725586,-0.0002827286572355425,0.00048149898545417233,0.9916820289500747,20
85287646,-0.00028347969346092237,0.0004198367936975739,0.9964759484483862,20
2017445,-0.000283695335355566,0.00035579642164214743,0.998968760086142,20
103397218,-0.00028448639146941843,0.00036112005666159196,0.9988635110204892,20
28763950,-0.00028454514121744603,0.00026745191645379494,0.9999315890895443,20
58054574,-0.00028475393646729407,0.0009750727420834314,0.896430314696226,20
144134928,-0.00028488154590579074,0.0004271709515293223,0.9961736425126515,20
99930785,-0.000284922314320768,0.00027852260133142895,0.9998965517735467,20
122725555,-0.00028591494858861143,0.001258874330329103,0.8387358760641493,20
234692189,-0.0002859415734607795,0.0012490581176436417,0.8406025499417286,20
231313229,-0.00028597885740472837,0.00039833009898776847,0.9976990185596957,20
130120061,-0.00028608154773220875,0.0006700339949375672,0.9642889200522874,20
32825070,-0.0002865422841702575,0.00032383918697825685,0.9995774368996295,20
23432694,-0.00028690457934190116,0.00016083500284955738,0.9999999126398562,20
90493534,-0.0002870682942313574,0.0004400557377495506,0.9955827037315763,20
15026516,-0.0002875359475936312,0.00027970111740998943,0.9999016929307719,20
35737893,-0.00028768717201823056,0.00033227719386513463,0.9994868007785629,20
39701974,-0.0002878677535795238,0.00036973311710775233,0.9987521985792737,20
188620751,-0.00028799332129862134,0.00032182872740627814,0.9996186140743504,20
118210835,-0.0002884284585946251,0.0005066442928987231,0.9901361296434241,20
27931555,-0.0002884992137331649,0.0005401353743925679,0.986278279741459,20
150773539,-0.0002885509172222661,0.0008130838569927577,0.9355027993060907,20
35221110,-0.0002885787933973094,0.0003181844104661295,0.9996629196792265,20
23488211,-0.0002889829993745763,0.0003318590979260508,0.9995123284882068,20
157974156,-0.0002891378333294087,0.00047189505612190146,0.9934951536985249,20
64729115,-0.00028921720183710533,0.00026299098045313876,0.9999522608365344,20
79490928,-0.00028933351679705786,0.00029856418710142514,0.9998211544600414,20
176205664,-0.00028946357927890355,0.0008538096986100012,0.9270310955510574,20
162789957,-0.00028972028139266637,0.00039328674816080486,0.9980936959858255,20
155382134,-0.0002898319254041104,0.00033222086744342085,0.9995202681654742,20
96387033,-0.0002900702075628009,0.00021768534473993033,0.9999951038391048,20
139366494,-0.00029013225219118034,0.002940543893662842,0.6679933236721173,20
35505197,-0.0002903778617314279,0.00021094645367504062,0.9999967717868966,20
7218080,-0.0002907423445342311,0.0003833569424659849,0.9984693708473775,20
70458035,-0.00029220699263204084,0.0005537314459583077,0.9854372874730052,20
24237673,-0.00029239761363682724,0.00033137342263755683,0.9995667365640917,20
11275293,-0.0002928952054187889,0.000788129221191097,0.9435379349356285,20
15241653,-0.00029335110232518724,0.00032848767272212673,0.9996114178687188,20
103531991,-0.0002935063352850459,0.0013417358815065719,0.8298869028768872,20
57122780,-0.00029407585455749896,0.0003684966254652293,0.9989759611031693,20
13072952,-0.0002941248152118853,0.0009055740526283038,0.9186639730407926,20
97512306,-0.0002946762329669644,0.0002641576977738548,0.9999592440507727,20
36372118,-0.00029469799441672053,0.00031544551997296066,0.9997448472086816,20
40343426,-0.00029498131019898286,0.0010121463254947481,0.8959882124920897,20
73460672,-0.00029535415154350876,0.0005893342671644869,0.9814272558956469,20
117922201,-0.00029549336159229443,0.0004075349985851275,0.9978579737569295,20
60049079,-0.00029554378519864867,0.00028091591977916577,0.9999229152305414,20
100887239,-0.0002958959357719754,0.0002550461940387291,0.9999738586265311,20
4868632,-0.00029591507540259465,0.00032143249034304787,0.999706806292171,20
122061475,-0.0002960171552393781,0.0006532783660351042,0.9715046572984213,20
91301840,-0.00029604971816340754,0.0003660038075865142,0.9990827782707813,20
158585531,-0.0002974520630034283,0.000504732917107838,0.9918508568234785,20
20432574,-0.0002975403767611101,0.000362415722166837,0.9991892967855359,20
80799248,-0.0002982727674939317,0.0003630420662302552,0.9991942459168213,20
46056053,-0.00029829858725197167,0.00038549159199470083,0.9986903749754404,20
87109589,-0.00029846969135226,0.0004357106248395515,0.9968028738488058,20
16898888,-0.00029867763490613874,0.0003542568331617863,0.9993529965334779,20
126618229,-0.0002988372988975474,0.0003800846124420646,0.9988454810361916,20
35499043,-0.000299014850675447,0.0006132129324651337,0.9790097755007129,20
240321277,-0.00029913868343025283,0.0008394021872983025,0.9362528667351112,20
31835268,-0.00029932439584580693,0.0016641503135929848,0.7844377807360092,20
103928123,-0.0002995328166509631,0.00039069953929876287,0.9985919069326421,20
31447488,-0.0002996820174953507,0.0002319003143818788,0.9999928056333061,20
92718251,-0.0002996985589361928,0.0002449042891131189,0.9999860162388137,20
87311221,-0.00029974272254632006,0.0004617811185702296,0.9954395021319861,20
66255110,-0.0002999427953335715,0.0004338205385629971,0.996999605238915,20
192626826,-0.00030034477324004103,0.00030138441509953864,0.9998647466806502,20
19114217,-0.0003005881435293817,0.0003620352195475674,0.9992624769768839,20
15084267,-0.0003009041366391962,0.0005303207237993025,0.9899577169617796,20
29093137,-0.0003032383744611206,0.0005453097609859963,0.9888253555339472,20
160187959,-0.00030353984725225714,0.00036772196425348977,0.9992253862395267,20
127382494,-0.0003041823854038339,0.0004071726171152146,0.9982833831887944,20
10421057,-0.0003043020434407989,0.00023994528736677893,0.9999909256753771,20
50514534,-0.00030466525890164575,0.0005193717880280515,0.9916356593418624,20
83304209,-0.00030480288786113863,0.0012921432577850066,0.8476558779402225,20
72190513,-0.0003049856493665765,0.0002919476297948276,0.9999169242681574,20
86624652,-0.0003060575599891285,0.00040877960548412335,0.9983117427575013,20
99640600,-0.0003062747736571614,0.00035349424963347176,0.9994900196077678,20
40977362,-0.00030657242624842205,0.00035448848876893404,0.9994816685995459,20
1062974,-0.000307243902838536,0.0002083299098060287,0.999998702389159,20
87605926,-0.00030759165154304604,0.0003846833575413648,0.9989920235659265,20
38739912,-0.00030766582333131566,0.0001950997769159327,0.9999994831577548,20
72874041,-0.00030769723876791224,0.0006102605032942343,0.9819335159625833,20
76083685,-0.00030804716354680683,0.0009581882494436127,0.9166131285756783,20
22283236,-0.0003085187877043566,0.0003499858631618422,0.9995628993654554,20
101906963,-0.00030854848941612445,0.0002947042125105237,0.9999188466730404,20
74159951,-0.0003085777339363133,0.0006746613313122135,0.9725462102865914,20
15025658,-0.0003088571616958691,0.0008704836270370089,0.9354654820668454,20
191636866,-0.00030907581518255787,0.0002569088546604829,0.9999828758856095,20
80,-0.0003098169890613095,0.0003745314728618588,0.9992390971084429,20
130824536,-0.0003098792396500266,0.00042902063320031207,0.9977973128705053,20
123341775,-0.0003099269867724103,0.00036326504673820243,0.9994161326854147,20
72682773,-0.00031001469636536273,0.00025411488329986126,0.9999854927318954,20
153142708,-0.00031132793876687546,0.0006253350704969235,0.9808617004426821,20
136862212,-0.00031144343027133257,0.00046599701856117197,0.9962275695138497,20
10688265,-0.00031146703249336217,0.000978343411405258,0.914633685027882,20
29814491,-0.0003115827859319881,0.0004108905840781914,0.998467810881576,20
102908073,-0.00031161159832202023,0.0004775148186453318,0.9955924380144681,20
54458694,-0.0003116807371668667,0.0003550672830146989,0.9995460143600096,20
114702514,-0.0003126019434506272,0.000475850857395711,0.9957778259757363,20
27900578,-0.0003128007401351607,0.0002642454664502343,0.9999792938326753,20
126116231,-0.00031315360431187765,0.0008522788561176605,0.9416061430717505,20
85288115,-0.00031318125176408863,0.0002845745272368889,0.999952642649854,20
12222136,-0.00031344176220722,0.000192444997831097,0.9999996723050992,20
77878913,-0.0003135779929154675,0.00041529064905811055,0.9984169538344856,20
48117478,-0.00031413279147403936,0.0002606454286562412,0.9999832343010284,20
5669025,-0.0003165375186335584,0.0003633583912306838,0.9995140380317796,20
22824556,-0.0003171790822235787,0.00023803408418270348,0.9999951026175623,20
37856814,-0.00031733670201638533,0.0002669132316418835,0.9999803208396182,20
80045939,-0.00031761221128069893,0.00031470907045746586,0.9998810762616184,20
90878676,-0.0003176748167112109,0.00048371362688820165,0.995769866219961,20
89893065,-0.0003180644773436381,0.00045126190380552386,0.9973761450616522,20
51358164,-0.0003184968213070155,0.0002893567083780625,0.9999527288983562,20
156572976,-0.00031877416521084443,0.00041039725071365254,0.9987287309220668,20
39480697,-0.00031898829657883433,0.000640067150153422,0.980949762651271,20
60657101,-0.0003193665071704904,0.0005091255251534181,0.9943537625172152,20
50253488,-0.0003205639397659277,0.0002958236891174515,0.9999438986195539,20
25808060,-0.00032075820830558267,0.0012751494053567989,0.8626885491963573,20
88,-0.00032145401467939815,0.00040778598594859374,0.9988692905939726,20
105531191,-0.0003214981826909297,0.00028504310463380847,0.9999639740035368,20
55855793,-0.00032206153775141133,0.00020065558254262714,0.9999995966999714,20
32297293,-0.00032216271274307926,0.00042314190734392523,0.9985143220715696,20
54267716,-0.00032243173239538124,0.00039349024969620076,0.9991761643396597,20
30897094,-0.00032279607399689767,0.0009613001389441224,0.9251945124772732,20
144372769,-0.0003229655123622416,0.0003627359477529377,0.9996006505430151,20
166593683,-0.00032385740366291384,0.00041689820595076346,0.9987297710876288,20
35443632,-0.0003244377119856701,0.0003595246183086022,0.9996468948284422,20
80305179,-0.00032456563790707603,0.0005195916712603714,0.9942072804392633,20
146736298,-0.0003248507810033413,0.0006546629027377833,0.9805742551245509,20
87405761,-0.0003249698730019374,0.000514258002668898,0.9946034174065203,20
30496760,-0.0003265475017226266,0.0010842327406651372,0.9030720796406916,20
84370860,-0.0003279986302069826,0.001013346982446846,0.9179764672205818,20
48346333,-0.0003280286711336705,0.000471479730659411,0.9971267819660821,20
9667835,-0.0003283944233166719,0.00040477444557679383,0.9991052046622693,20
45047400,-0.00032918179311006434,0.0007014844703463448,0.975275075120054,20
50192143,-0.00032927723336919625,0.00037892795528503135,0.9995031288212441,20
3212652,-0.0003295646282534259,0.0003940577895378712,0.9993066958857996,20
67775683,-0.00032965483380927306,0.0005648657915470511,0.9913918712549568,20
132788236,-0.00032990773867513646,0.0004786826141244432,0.996933165846419,20
19755030,-0.00033053953620016676,0.0002642603839189936,0.9999892583165578,20
8017124,-0.0003307816430513172,0.0003525115689982061,0.9997553737727292,20
75394429,-0.0003309765969398637,0.0006635376922829557,0.9810254129523664,20
51465250,-0.0003313055594678288,0.0037336230213745117,0.6520454720619202,20
132370287,-0.0003327514773708379,0.000388938220955161,0.9994300771399922,20
21422699,-0.0003327927813558368,0.000626657870072329,0.9858826082763028,20
83322217,-0.000334687082982027,0.00031798560536076104,0.999923265017668,20
101927864,-0.0003347652558918085,0.00031657691173978735,0.9999269879711741,20
126356946,-0.0003348127885083735,0.0005443195265487304,0.9936439107249769,20
149892448,-0.0003348880112097385,0.0006725443504141828,0.9808762735162765,20
114627259,-0.0003353030009038638,0.00032345344719250126,0.9999099061545392,20
145577095,-0.0003354620003382297,0.00031210052862441545,0.9999387232622685,20
34443120,-0.00033625742893424735,0.0005411374750408024,0.9940202984630192,20
129948206,-0.0003365909645996229,0.0005421820022770664,0.9939863720056383,20
22261975,-0.00033667435011676405,0.0003597305746355799,0.9997491817897399,20
107133166,-0.000337887177691093,0.00046245660452684864,0.9979744327330777,20
16614408,-0.00033795416616302644,0.0008197613966080759,0.9595578694865874,20
150575290,-0.00033898075117109463,0.0004129517881614579,0.9991883094540012,20
10270925,-0.00033906426803546885,0.00030467823569459954,0.9999581414645747,20
57961308,-0.0003415879748707856,0.0004714456664053486,0.99784674251772,20
77346188,-0.00034263176982884946,0.0007145369074461848,0.977429261591573,20
9067597,-0.00034276983387488135,0.00040634086937969734,0.9993559081607668,20
140480881,-0.0003427933139082739,0.00027607014597552583,0.9999882622504324,20
99530260,-0.0003434510330902141,0.0003809799777634585,0.9996435832757268,20
68989137,-0.00034397237812223427,0.000564090235890397,0.9933077638837697,20
95500156,-0.00034415092410243763,0.0007580984103336495,0.9717130978030332,20
68887832,-0.00034420514882063934,0.0004320688344023082,0.9989613029142937,20
61927169,-0.00034435085595081185,0.00030409858966577263,0.9999655442658978,20
42504192,-0.0003458984121203157,0.00029391394826709704,0.9999778393132416,20
63822382,-0.0003463782239696039,0.00033050261756874277,0.99991970893895,20
78264243,-0.00034653273208491155,0.0013057687562589247,0.8750410091162627,20
30102050,-0.00034698811448667655,0.001396011650565009,0.8599063167924141,20
127869519,-0.00034766769521319405,0.0005575167585229553,0.9941474996518233,20
12228591,-0.0003478045061372642,0.0005888319801914731,0.9919550659693743,20
71099936,-0.0003485156915641885,0.00028919308106733685,0.9999832211814437,20
143944382,-0.00034925242405524636,0.00048560767373225183,0.9977279809219534,20
131959966,-0.0003495127384532698,0.0010665038876354431,0.9204444377589419,20
142283198,-0.00034983244101180754,0.00033957859560409105,0.9999038425696701,20
68711168,-0.0003498812045913152,0.0004201093904665323,0.9992814835680588,20
79365944,-0.00034999922698825126,0.0014814817513065066,0.8480143826341153,20
52316842,-0.0003512450545259449,0.0004494174002921409,0.9987892833226889,20
28332170,-0.0003512841776239395,0.0006732399702417316,0.9846188907094746,20
15673352,-0.000351373710017952,0.0005052040516818967,0.9971200564509147,20
86473196,-0.0003517806114349181,0.00037621310102916455,0.9997469963756647,20
50644691,-0.00035252967621877685,0.00041580703429806436,0.999383360159882,20
69339964,-0.00035326734909277014,0.001398986688364083,0.8635835999341435,20
227308814,-0.00035363046197915693,0.0005698163009336599,0.993974450543367,20
57069595,-0.00035364884846632305,0.00024412114127029912,0.9999983504917245,20
69877783,-0.00035372012440922085,0.00035386116815411966,0.999868873632544,20
35705483,-0.0003539132910004128,0.0005325158186310191,0.9960857716900909,20
16673613,-0.0003542728407835066,0.0006127074361670261,0.990937666370079,20
151777414,-0.00035558221203133846,0.00025640156262873745,0.9999970686020719,20
77764613,-0.0003556369674823895,0.0004301146899306542,0.9992362218365118,20
71099165,-0.00035592513324414764,0.0007499830983795749,0.976413781545404,20
208662192,-0.00035645149923980713,0.0005118985222992771,0.9971436277333963,20
225284360,-0.00035800089832237756,0.0003898971458739875,0.9996994704547048,20
171001114,-0.00035833633992292944,0.0004723120378658363,0.9984736062920042,20
8635612,-0.00035878441847596586,0.0004130699433801803,0.9995011444485477,20
98711593,-0.00035924349644474716,0.0004538766962241176,0.9989055565546949,20
40538298,-0.0003595613625495042,0.000738675282706816,0.9788479633727623,20
112807459,-0.00035992312833181827,0.0012211053998023803,0.8984409291254856,20
28251065,-0.0003605491099595209,0.00037852098478910164,0.9997882776991177,20
85525748,-0.00036137368899998577,0.00029389030786040464,0.9999867971293291,20
99704552,-0.00036188851664703813,0.0005623847912283992,0.995181142515304,20
151541300,-0.0003620600080550179,0.0003815486035447477,0.9997803656441805,20
29452550,-0.00036214862851587093,0.0004343628927546284,0.9992881436619542,20
40848312,-0.00036318095848064945,0.0008590023377175642,0.9629992033671062,20
86424293,-0.00036325934727365894,0.0003820122673973579,0.9997847723800766,20
67731886,-0.0003633963091608405,0.0009250309375453332,0.952477803041051,20
181812071,-0.00036342465099818976,0.0025903063541000922,0.7310832828646536,20
113919030,-0.00036406409240355984,0.0005067817220453741,0.9977091531733887,20
7070462,-0.00036415165693680086,0.0005506257129488594,0.9959575075797321,20
26285874,-0.0003647710113962893,0.00039122803002853866,0.9997399751564666,20
56856423,-0.000368219813553311,0.0005559316332740068,0.9959974495525137,20
75300082,-0.0003685255955701322,0.0012360815499375087,0.9009039183464524,20
84170745,-0.00036891957070859236,0.0005137167498161416,0.997703485509724,20
14235022,-0.00036960836434046795,0.00033976930280952265,0.9999462097357374,20
56140375,-0.00037029189464671817,0.0008429912884061441,0.96786095058935,20
81516016,-0.00037098173402598246,0.00043033770115822,0.999466855318367,20
68276201,-0.00037107593349206827,0.000648929933749195,0.990370607651686,20
23063840,-0.00037137319873679073,0.0003005251643542319,0.9999875629346116,20
101152287,-0.0003748063210090302,0.000414587773431154,0.9996527545695668,20
228711014,-0.0003752473673851703,0.0005420687111093046,0.9970249761549056,20
93680662,-0.0003760063713970863,0.0005362897538195002,0.9972770843613007,20
209062624,-0.00037625701449151006,0.0011191150265015726,0.925434121786066,20
47328970,-0.0003768993719754199,0.0017347475537147963,0.8282804358901951,20
20881762,-0.0003774122036651922,0.0003981291525057951,0.9997782092614348,20
95214337,-0.0003778336678567362,0.00041408244194652253,0.9996813503239191,20
52156460,-0.00037822386207464476,0.0005124319091243818,0.998120989409361,20
173814815,-0.000379877059790068,0.0007947832726633049,0.9771143309293547,20
95614638,-0.00038097842925662593,0.0013490871880407213,0.8890509919208002,20
79890644,-0.00038120928988963907,0.0005425756068516833,0.9973166931390675,20
89980365,-0.0003819323843161082,0.00032587623350997406,0.9999767510934863,20
73159526,-0.0003824015874185821,0.0004153799718989886,0.9997067860868012,20
195629616,-0.00038243243162736085,0.0016813085257904024,0.8390901416945404,20
203055522,-0.00038280758250056334,0.00026360513701211176,0.9999984034061452,20
46648853,-0.0003841228797567348,0.00047930981872068996,0.9990104223152364,20
155996947,-0.00038426851014896626,0.00041219426699838093,0.9997396473544073,20
66692433,-0.00038427211523040796,0.0013926589289554256,0.8838720783039629,20
85907479,-0.0003852228086184351,0.0005032177893000737,0.9985755796912666,20
88291032,-0.00038617043250231686,0.001163582139917109,0.922923582614162,20
28030143,-0.00038621863781347355,0.0023110835250086314,0.768003423622899,20
191826111,-0.0003868629365927384,0.0005529138898085859,0.9972374987639951,20
57868367,-0.0003873378748833173,0.0005345859540241035,0.9978467965147036,20
78508773,-0.0003874846376019897,0.0006181133285110644,0.9943316212769858,20
51715302,-0.00038760585040019667,0.0003489487103536394,0.9999572626417551,20
22116306,-0.0003887723464405801,0.00023750832217951304,0.9999996947731669,20
69577006,-0.0003889625846987821,0.0008525849934404595,0.9722643097123255,20
71500166,-0.00039048753594207177,0.0002744868660547839,0.9999979009592203,20
47346275,-0.0003905242102290485,0.0009944806364644027,0.9524167571880244,20
71076543,-0.0003916044539407776,0.00042225012406058184,0.9997264962393921,20
181211581,-0.00039176259785066446,0.0004588350408985372,0.999419992714105,20
113518440,-0.00039183867857292277,0.0004192740017258116,0.999745722720346,20
25289097,-0.00039184058097793407,0.0007940984357781706,0.9800818912319401,20
53209979,-0.00039185045097588913,0.00038288591938513743,0.9998970073042804,20
12024830,-0.00039198133566175074,0.0007551133762713335,0.9842349576819008,20
115416503,-0.0003924736360242986,0.00036847112203799705,0.9999324310948212,20
54557888,-0.00039459360924323783,0.0004627070740449446,0.9994138821142711,20
166207140,-0.0003951941936127912,0.0003722323741120221,0.9999300383634172,20
155097423,-0.00039578793883438543,0.0010251615427130701,0.9497659117709101,20
110854497,-0.00039681125122303376,0.0028325261228501065,0.7307807492871286,20
101394379,-0.0003972245812668224,0.00048306480316502847,0.9992000379544396,20
86651734,-0.000397568077330987,0.00043594189480615665,0.9996797678230647,20
13871127,-0.0003976410346549691,0.0003918022167308417,0.9998877306127234,20
107358519,-0.00039822038528249115,0.0007692325371717755,0.9840282605683005,20
17499589,-0.0003982258254685928,0.000487331542261676,0.9991569860813078,20
112901324,-0.00039849125108550043,0.0004573744430472144,0.9995146042439166,20
26891603,-0.0003986662897868309,0.0005443038097049446,0.9980107452937234,20
17644077,-0.00039976111797803413,0.0019485715744339473,0.8148057496912564,20
115252256,-0.0004001102439340293,0.0010794036161224092,0.9431031775014054,20
76306660,-0.000400166477867217,0.00046867158529549386,0.9994200589181266,20
156459856,-0.00040119757813360246,0.0009917614240255244,0.9568575944662612,20
37542203,-0.0004027654085102084,0.000633771127816644,0.9947892589303194,20
61945536,-0.0004042449979041879,0.0004623851972706254,0.9995292624205147,20
226107787,-0.00040431708376804096,0.00035221465333925753,0.9999704848360366,20
153743259,-0.0004051320072194275,0.0007165314233112196,0.9897664360592924,20
13076348,-0.0004054586854376124,0.000519560053292614,0.9987748505089881,20
124154167,-0.0004056725729298799,0.0020885684468701276,0.8020590353407048,20
144966325,-0.00040693105652560844,0.0006419903756913691,0.9947046539351806,20
134483618,-0.00040779148396900833,0.003953323619026088,0.6750924265823899,20
95081744,-0.0004089809562726809,0.0003940502475463887,0.9999110429681132,20
243123360,-0.0004089978046239007,0.0005940087842788416,0.9969129161001841,20
127957893,-0.0004094637532315204,0.00041978718459486313,0.9998323072096068,20
37299956,-0.0004102043316663917,0.00043770026513676965,0.9997524210412843,20
85688647,-0.0004114887363362185,0.0007769530659125539,0.9856928538061306,20
139759544,-0.0004119791136963979,0.001970598918804206,0.8192291098781277,20
19635773,-0.00041284972195541057,0.0024805132578659176,0.7671080454951211,20
73140219,-0.000413170938377011,0.0006141879831254626,0.9963874209955869,20
11621846,-0.00041348992165682607,0.0009525535222833666,0.9663983584455192,20
23464810,-0.00041392109228433613,0.0005575075875194347,0.998201654032041,20
86805541,-0.0004140082533966055,0.00039773537570891203,0.9999137205819019,20
235492499,-0.0004140332523519724,0.000520200499341124,0.9989535307783253,20
197845389,-0.00041472931079364616,0.0009926642466654052,0.9613994988206781,20
44506732,-0.0004149668689323566,0.0009451054861375668,0.9678082334378567,20
75794739,-0.0004157787407807367,0.0007724710789992257,0.9867941714292734,20
153858169,-0.0004160789398603537,0.00043279862161683204,0.9998065337972282,20
89531508,-0.00041643689470973746,0.0020277800686374064,0.815045256088469,20
41910020,-0.00041647757812035004,0.0005968263725337592,0.9971857259166124,20
231513431,-0.0004168983824817951,0.00027456434388606305,0.9999991269652797,20
8817257,-0.0004174850679323133,0.00038577744659532356,0.9999430810735853,20
3815005,-0.00041775504469309386,0.000374155010847697,0.9999596482795159,20
67350372,-0.000417969145537192,0.0009258576905182997,0.9710824187260853,20
85037341,-0.0004184339469838122,0.0005560998542751461,0.9983742089634717,20
135362939,-0.00041886807946620865,0.0003742813784599383,0.9999606812494142,20
43926428,-0.00041948831510967287,0.0003804362366080354,0.9999536403747638,20
87530470,-0.0004204301713634312,0.0020575481924249833,0.8138676677916372,20
218673765,-0.00042097243398103447,0.00037108742732889724,0.9999662450187579,20
140681009,-0.0004210874612939369,0.00036269494162332645,0.9999740727240685,20
97742573,-0.00042238371374047067,0.0005410863056763368,0.998777745971789,20
111136442,-0.00042251645691925575,0.0009580315864081913,0.9683470899461026,20
196828261,-0.0004238587807177285,0.0005269078728217555,0.9990403461884843,20
42710453,-0.00042448155086494686,0.00020028657670697922,0.9999999938045276,20
96728026,-0.000424939445975861,0.0003664294062480564,0.9999737314417086,20
82084646,-0.0004254451675648585,0.0008200218655320065,0.9841941913897292,20
79998800,-0.0004269079202720849,0.0006749313130223719,0.9946349801911325,20
119353493,-0.00042792665167267207,0.0005296732118086374,0.9990737373110102,20
58085780,-0.00042794163317660396,0.0008260853073690075,0.9840795840544708,20
96082752,-0.0004306150155053784,0.001207478951977544,0.9363793424286299,20
80514706,-0.000432072290025734,0.00036405084532478834,0.9999799159819082,20
74563889,-0.00043234237964525355,0.0011960438544532498,0.9387735723288537,20
95708037,-0.00043236820983459656,0.0012540936658910662,0.9301980385380954,20
31898304,-0.00043276701185518683,0.0006376591118314002,0.9965950931562536,20
56452706,-0.0004328107968205125,0.0005620532476424038,0.9986395058147431,20
121137630,-0.0004330349119106264,0.0012859870648029743,0.9257334413538703,20
137758160,-0.0004334148858849862,0.00032972180347625314,0.9999941848507335,20
54998032,-0.0004335650224921578,0.0002923671272672661,0.9999987955234576,20
158099317,-0.0004336032412237678,0.0004451799635103946,0.9998298788342647,20
59463836,-0.0004338184602186268,0.0005259485752800426,0.9992203989854673,20
198847383,-0.00043411859485271433,0.000433838147722435,0.9998702577626807,20
132073441,-0.0004366074440968648,0.0010984074129735592,0.9542628300630891,20
73102162,-0.00043754789345447354,0.0005578914220675358,0.9988223945302555,20
98925933,-0.00043773840711252844,0.00028645526599160414,0.9999992002379409,20
27268057,-0.0004379541107363355,0.0020365029230690187,0.8258699265198157,20
223080192,-0.0004386819278147852,0.0004235407838565217,0.9999090957385149,20
166907409,-0.00043895451101919335,0.00029169696085647515,0.9999990129193668,20
25433921,-0.0004389779073695754,0.0006753626087939562,0.9954791031789604,20
5614524,-0.0004422356887370915,0.00048633248025536945,0.9996709924697686,20
39542407,-0.0004426355403018001,0.0006635116384107897,0.9961814881271308,20
66294761,-0.0004453331021776502,0.0013209302937577808,0.9259626367493634,20
59164245,-0.0004455793369502026,0.0004024416478809004,0.9999556994185073,20
192624957,-0.0004456541766420352,0.0004225404001604642,0.9999249336924633,20
236092970,-0.0004462053152099049,0.000666910021772678,0.9962545704252518,20
137431501,-0.00044683427623718185,0.00039854209902557484,0.9999614761014294,20
83107312,-0.00044713711806461387,0.0007033990183617594,0.9947981446062693,20
14474258,-0.0004474877204670963,0.0005964631395778506,0.9983375360621057,20
48513987,-0.00044808258272460434,0.0009061846708047279,0.9802664353569116,20
168509227,-0.00044967717564316223,0.00039445370354030984,0.9999680652292832,20
196831633,-0.00044985083160613005,0.00211925268349925,0.8228047256991438,20
189623964,-0.0004543071318409142,0.0003402953159692422,0.9999952196915894,20
26685539,-0.00045484162119500683,0.0005163540171794564,0.9995600044443401,20
63405625,-0.0004549141147092761,0.00040399684697228896,0.9999632999344661,20
21427969,-0.0004553817844307084,0.0002971776118855451,0.9999992301363017,20
122613907,-0.00045545432196838765,0.0034029326806094985,0.7217316208729487,20
33695130,-0.0004561776933932338,0.0006051888964921519,0.9983959647149858,20
111945784,-0.0004574447983345664,0.0006529953662445351,0.9972609241215987,20
19445170,-0.00045792641693714886,0.0015670588606605347,0.8965694509477917,20
113527942,-0.00045824312261704135,0.0022254748976330485,0.8156627957116314,20
90713018,-0.0004586875124948292,0.0004696109563474667,0.999834564172846,20
73101763,-0.0004599724653946813,0.0008946808344914083,0.9834970254805145,20
36697270,-0.00046062513194302935,0.0008951351924327457,0.9835676838139407,20
12825176,-0.0004611668920594364,0.0009741469809653089,0.976166832992705,20
205258235,-0.00046476961337975906,0.0006277770742300333,0.9981630383018165,20
78444187,-0.00046662354697183663,0.0009542067229591059,0.9792718457322198,20
118345446,-0.00046762207302985246,0.0006042764885110345,0.998690919355612,20
19457970,-0.00046802142376368706,0.0005281894076568166,0.9995828301432736,20
192838994,-0.0004696422777836384,0.00046005537326302646,0.9998942859518057,20
108337928,-0.0004728423088773165,0.0006516005527023744,0.9978705925214615,20
96787899,-0.00047339729173906663,0.0008986650288583389,0.9853119583049176,20
98925194,-0.0004746598078007175,0.0009854556256526752,0.9778587081720177,20
33075924,-0.00047478789976020954,0.0003906266975742618,0.9999848355925025,20
52395132,-0.0004760506338573195,0.0007793325873808683,0.9933761478675504,20
11401093,-0.00047614659335413757,0.0006519715474098354,0.9979679560029434,20
16027189,-0.00047660878678343344,0.00026095099657534647,0.9999999385470882,20
98633671,-0.0004785237815082277,0.0005891369500176372,0.9991137559495842,20
73415232,-0.000480322520034282,0.0006267770600386205,0.9985873284594841,20
239297788,-0.00048153464960757063,0.0002538910051762032,0.9999999652277222,20
25728504,-0.00048272692913769734,0.0005317932709913371,0.9996655932455417,20
148372814,-0.00048444322062003443,0.0020854790931097537,0.8440420551558683,20
59698659,-0.0004856607029704835,0.0004628473124293662,0.9999207194398111,20
3462780,-0.0004860297513750417,0.0006349164189588678,0.998575332823227,20
160501707,-0.00048612976401298804,0.0003138670911797042,0.9999993359557806,20
58815947,-0.00048781700232018444,0.00020744084367688886,0.9999999988381052,20
104155852,-0.0004880986098598772,0.0007050813256449366,0.997025214525464,20
162866030,-0.0004925944955545159,0.0010426671378865788,0.9759608525058873,20
43,-0.0004928483549489576,0.00047926429470904924,0.9999020228923757,20
154496520,-0.0004929255642524638,0.0010636021500421027,0.9739718163255398,20
47852559,-0.0004945561052338953,0.0004404664903374859,0.9999620971371759,20
2666837,-0.0004949706061846942,0.0004638774248737493,0.9999337037416967,20
24959709,-0.0004953954737687199,0.00033509748934976147,0.9999987440250802,20
65276625,-0.000496142476039313,0.0007022677589729752,0.9974191591340363,20
188433744,-0.000500647540823368,0.0010539392826875223,0.9765074825358243,20
65672651,-0.0005010855726121172,0.0009452325209959542,0.9857589934182837,20
172213091,-0.0005024252212471547,0.0008754471458940874,0.9905589787932321,20
41345989,-0.0005027682880946766,0.00022147863409616072,0.9999999979372886,20
7466155,-0.0005040866272771394,0.00048688981491188234,0.9999087002542776,20
119535674,-0.0005047785462195947,0.0007630610047592373,0.9959645408765773,20
68310871,-0.0005062984071700305,0.0005470449049432423,0.9997211178740983,20
21030273,-0.0005076373051856014,0.0006787606759706845,0.9982976770998113,20
150340718,-0.0005078861904595555,0.0006291710947402425,0.9990673400940135,20
156784003,-0.0005103732851256621,0.0003522473479123863,0.9999983542070959,20
38243597,-0.0005107347037821425,0.0005922423941874931,0.9994685038021626,20
42844718,-0.0005118728271495343,0.0025218837031200357,0.8123021439526147,20
19916322,-0.0005121833205198184,0.0005412123850166887,0.9997745575782702,20
23463526,-0.0005122725875433165,0.0005774376535887302,0.9995873296008616,20
17287814,-0.0005170368740783166,0.0005439168080376328,0.999784048407709,20
97,-0.0005173482113415117,0.0027081018848580875,0.7982209353898949,20
214095868,-0.0005176581578380385,0.0008928166820362662,0.9910743554294612,20
76884757,-0.0005198360655829265,0.001193185715181963,0.966852587289204,20
29501406,-0.0005200119767111211,0.00072597006380781,0.9976607447433528,20
12621340,-0.0005202630316070045,0.00043968696550127355,0.9999791929732229,20
205040726,-0.0005204600487616173,0.0006038075400987891,0.9994662685812488,20
22428241,-0.0005215848882821755,0.0006932527681703593,0.9983730493101971,20
209663702,-0.0005227432927031955,0.00043171555374398876,0.9999841365085202,20
92117183,-0.0005254035887403835,0.002358747560553395,0.8341532439639461,20
39052848,-0.0005269521573332686,0.00045689113246178006,0.9999720292380162,20
15827044,-0.0005281846846273864,0.0014564153023290686,0.9393458014016437,20
149691859,-0.0005296904400363984,0.0005079924090650212,0.9999152753085812,20
116342481,-0.0005390028385367368,0.0006952747798528818,0.9987091403527418,20
62888311,-0.000540960618771813,0.00034661792218055324,0.999999402612958,20
175404089,-0.0005432229179353348,0.0005764825062257546,0.9997650333979804,20
119860050,-0.0005445672032148047,0.0004593825792912568,0.9999796343519458,20
224105619,-0.0005450515941427786,0.0006658843009889445,0.9991687722012995,20
49997272,-0.0005451455762358448,0.0005199243426965013,0.9999200928310149,20
202637815,-0.000548885743268368,0.00042603428209847055,0.9999925286254351,20
246527524,-0.0005506535025049247,0.0009544528007587426,0.9908267149309936,20
260319,-0.0005510221148754324,0.0005186496661204994,0.9999305511266287,20
19714903,-0.0005528986566823629,0.0005161718758845413,0.9999363992126176,20
70899677,-0.0005531875981018203,0.000416586413144513,0.9999948839098604,20
25465028,-0.0005551155647715772,0.0009274314546324172,0.9925417669641181,20
29127639,-0.0005566979873542904,0.000669088884091915,0.999275526761796,20
1665272,-0.0005575016389277709,0.0008403735855151485,0.9960387453017767,20
15279294,-0.0005580365174836288,0.0009983922914209792,0.9891214011910437,20
72873004,-0.0005617858925209718,0.0010434616482354023,0.9868115789607368,20
50949615,-0.0005647768110574019,0.001023172010537095,0.9883864293779404,20
84516512,-0.0005661780252948917,0.0007221183957452121,0.998819556917243,20
6065807,-0.0005668215578215008,0.0020278793754232487,0.8867660531451216,20
46578206,-0.000567303199422689,0.00048336025176980466,0.9999771267825811,20
121338022,-0.0005685916858944428,0.0012231844524816565,0.9742902596670749,20
67085896,-0.0005690723111863888,0.000462881257668617,0.9999867703214955,20
78309826,-0.000569493532671142,0.0005964587980646445,0.9997931213107133,20
4467757,-0.0005747086326795103,0.0005252684103155329,0.999949505301081,20
178220560,-0.0005751576885565074,0.0016959305219829764,0.927095143819596,20
95046541,-0.0005766835989556351,0.0011106939636967804,0.9842505398912459,20
54053817,-0.0005806957393395401,0.0007485878530516312,0.9987154647167682,20
116151707,-0.0005864572384665312,0.001632785297030909,0.93764817501414,20
71939340,-0.0005880784945792277,0.0012955659926893088,0.9717007973916472,20
48453276,-0.0005896845806081102,0.001976576486760935,0.9010450350696749,20
59848979,-0.0005900553146859167,0.0006822764951467301,0.9994816829638178,20
143532126,-0.0005917355259773633,0.0012253690834794257,0.9781027721123199,20
136763676,-0.0005917673063267709,0.000861240568274667,0.9968687277061841,20
52,-0.0005935544977486246,0.0015054402752149457,0.9530320018144451,20
1411224,-0.0005940153206666938,0.0020332719268759047,0.8965152367095294,20
66864550,-0.0005951224599993532,0.0007443513156408199,0.9989912162016243,20
116217036,-0.0005967499292012762,0.0009560115537559297,0.9941819985261311,20
104934301,-0.000597192637138666,0.0011235562003202258,0.9859427134954013,20
63689312,-0.0006062847908879371,0.00039617604540429695,0.9999992160638693,20
38436077,-0.0006101917157676051,0.0008559168611968653,0.9975799085466637,20
20483097,-0.0006150664370786097,0.0010641878001363264,0.9909168478038654,20
152294476,-0.000617334477104764,0.001816092647285347,0.9275346710622323,20
69074482,-0.0006197307099648997,0.0008526203367753396,0.9978959366688254,20
89640770,-0.0006197874386230928,0.001742264066799454,0.9359337120839033,20
14,-0.0006244530883467936,0.0006627432752132644,0.999764838499909,20
123942108,-0.0006244605706662104,0.001685933618637275,0.9429741531413016,20
34769621,-0.0006258417086112495,0.000896729799401497,0.9971884003169712,20
84800279,-0.0006354390509849178,0.001998934102070972,0.9143312160688173,20
34242891,-0.0006369296640592631,0.0005580645822683189,0.9999684813823784,20
97912364,-0.0006370886154191374,0.0006115263342337361,0.999914490484208,20
40945786,-0.00063944506520347,0.0008263500399737387,0.9986904435953697,20
10362,-0.0006410784895597765,0.0009746295876682823,0.9958123826843274,20
9419701,-0.0006414617612113038,0.001483135207326673,0.9659395060680106,20
41848100,-0.0006415324398169386,0.0005009311794151937,0.9999919548564122,20
21485948,-0.0006423873031459387,0.0008652372511243806,0.9982014979293724,20
89700424,-0.0006432825199430226,0.0007412191709983127,0.999497516642478,20
216898782,-0.0006503971228981109,0.0017361584565189908,0.944876802697232,20
169400928,-0.0006517508958453044,0.0021812403132510493,0.9013767835842037,20
143764706,-0.0006529853202564218,0.0009611119910401766,0.9966195194153479,20
58562150,-0.0006547631749793947,0.0011341667622815018,0.9908595478008495,20
101351995,-0.0006589697740354977,0.004760343797598885,0.728389877252742,20
3664349,-0.0006636480828304924,0.001285876918968118,0.983794903645143,20
14274022,-0.0006715162950419629,0.0027401252476763533,0.8566064152762813,20
43864795,-0.0006725769919508934,0.0005798722709755344,0.9999737820841504,20
50197435,-0.00067318649747522,0.0005486214825736553,0.9999864616575282,20
98325208,-0.0006746768986578888,0.0008250489678568019,0.9991620014709046,20
62874191,-0.0006775558631822414,0.0051770676185195355,0.7173822583365861,20
36044279,-0.0006867834871147449,0.001276095880876167,0.9867875392855431,20
39083307,-0.0006901514123084374,0.0011337326085128895,0.9932401177063745,20
25485339,-0.0006914414940248553,0.0014437159035806282,0.9773112769148388,20
154296093,-0.0006968831781036966,0.0008180377670645948,0.9994084876146587,20
161589626,-0.0006986433709192885,0.0004390465493824785,0.9999995446440244,20
79798339,-0.0006988911744210735,0.0006468201251369808,0.9999421072780609,20
87375385,-0.0007012555107167084,0.0011201185649486057,0.9942856992850972,20
98548618,-0.0007043507018892253,0.0017639139003628168,0.9549463821533979,20
51845181,-0.0007096307674098717,0.0010739166277948361,0.9959353437252809,20
50955681,-0.0007115976355218462,0.0012222388804757516,0.9912768219216122,20
11,-0.0007210141554763322,0.001241064064709588,0.99117265460439,20
18654105,-0.0007211977744827708,0.0017811471090429922,0.9569925211118386,20
83504563,-0.0007282906622358837,0.0009727983818546094,0.9983108026352076,20
73615558,-0.0007311832662649093,0.0008120359071433793,0.9996396976961378,20
41042779,-0.0007329205164446212,0.0012515296078449217,0.9915565882997553,20
18914083,-0.000737868732755878,0.0013814441218484314,0.9862788708323145,20
105111400,-0.0007498871312892729,0.0014566801203517836,0.9835984875010549,20
76897385,-0.0007505891528796105,0.000747988563771581,0.999873932911863,20
145449545,-0.0007643620334650602,0.0014329001815378043,0.9861904938715084,20
60660524,-0.0007650956607628406,0.0007418140642378966,0.9999049924999126,20
35238906,-0.0007654587331763524,0.0009434838730272354,0.9991052831865219,20
44043806,-0.0007933968592317902,0.0016877546518451634,0.9754552333003766,20
134361432,-0.0007946508374394534,0.0007417723375505585,0.9999364852164148,20
62261800,-0.0007952185252245947,0.0016114309291443418,0.9800900047684393,20
196227630,-0.00079622145534268,0.0012673766123145875,0.994406322091234,20
197431932,-0.0007981259708033344,0.000578982368236895,0.9999968304389076,20
24088392,-0.0007983260497259087,0.0009745542394135876,0.9991741110413728,20
209486770,-0.0008042631224532387,0.0013615596317654835,0.9919569198091652,20
139864762,-0.0008153797865109197,0.0016779169857409253,0.9786921523779398,20
95739748,-0.0008327088510576592,0.0016886867523402261,0.9800223859201365,20
17638020,-0.0008329678909808263,0.002725745398799537,0.9061549839976445,20
50064140,-0.0008447242044020947,0.0011348135602018009,0.9982362020409007,20
100,-0.0008485924687756552,0.0014514925215653263,0.9914766640792826,20
26500016,-0.0008524444821208704,0.0011483262012447941,0.998199608765277,20
168609026,-0.0008586968501001352,0.001558170210614059,0.9882886633702649,20
143732526,-0.0008757620659517213,0.0010641244545380112,0.9992056236147484,20
15231767,-0.0008781488803005666,0.002814966635744554,0.9104616237485728,20
73438315,-0.000887773909407974,0.0012326111646273792,0.9977513764752722,20
164267723,-0.000891828316294535,0.0016915162030915162,0.9853739686844639,20
14626480,-0.0008969916554830259,0.0016155130596222302,0.9887358113783463,20
31471144,-0.000897453663417283,0.0021592486907126246,0.9606891820792055,20
44006140,-0.0008976883975120392,0.0010893718356740848,0.9992141097728866,20
50449688,-0.0008979253049549802,0.001510032415458611,0.9922559004550098,20
106739439,-0.0009006866338117009,0.0017221298674418475,0.9847916718128189,20
19428277,-0.0009054995719185554,0.0008715950869961775,0.9999119457681703,20
13073768,-0.0009073033022034161,0.001114242948891997,0.9991319088884929,20
78064162,-0.000912600612885886,0.0010542388076748017,0.9994859830341545,20
132281907,-0.000915051348768367,0.0010890675581997507,0.999333599570232,20
66374774,-0.0009251412996263752,0.0012653148725470782,0.9979849924853209,20
112661746,-0.0009296556696294506,0.0012918226239524114,0.9977379801178675,20
91041588,-0.0009395869325634493,0.002794678975696297,0.9254319792399581,20
216706,-0.0009418710341581954,0.0013534960960179133,0.9971307125431024,20
247327891,-0.0009454115716334227,0.0011121482342199482,0.9993974007815999,20
34914132,-0.0009457363137615165,0.001707700575475695,0.9885833764146599,20
129166541,-0.0009628528049800883,0.0019843997293612753,0.9785508775029669,20
23232640,-0.0009672185004360595,0.0013271739323645905,0.9979362903203386,20
10274289,-0.0009685313780397276,0.0006892084607464666,0.999997533575703,20
13874204,-0.0009827367155335915,0.0015575740674994899,0.9945515724862681,20
69266567,-0.0009851652961951618,0.0017866687362372547,0.9883221106790062,20
116855271,-0.0009984662945313582,0.0032313742883671843,0.9084748199866265,20
93505823,-0.0010013463312392972,0.0023691757065710177,0.9629558748420123,20
84487084,-0.001002603429154572,0.0012617233544250843,0.9989398187238241,20
59124852,-0.001011528565031891,0.002709503258432596,0.944300523542646,20
16414229,-0.0010123537767301044,0.001915561174892146,0.9855425391868565,20
54518912,-0.0010160921817025576,0.0032004279669700193,0.9140729295317717,20
33697868,-0.0010612858120165936,0.0018397044911405462,0.9908221127652659,20
34969919,-0.0010914233931947682,0.0024433208334790828,0.9698640131214522,20
143885372,-0.0010915961367764931,0.001603841157415776,0.9966598132722445,20
94098799,-0.0011010940272717733,0.0016155585897735406,0.996690942536087,20
27300140,-0.0011092526226434223,0.001701448095706049,0.9955653225589489,20
73031538,-0.0011160568530784094,0.0009438889192819675,0.9999790167955327,20
132951870,-0.0011243456908057558,0.0014135201420021443,0.9989483222927671,20
42262927,-0.0011352954133840327,0.0010476769411865354,0.9999438983096708,20
118148840,-0.001161710261502033,0.003081058795483314,0.9459468533548213,20
24240228,-0.001178007694447844,0.0020541453515726493,0.9905204313270042,20
176609039,-0.0011866487120208795,0.0019392275267621204,0.9934446770744191,20
103492074,-0.0012053505094591715,0.0019444534197827503,0.9939325751032567,20
124126358,-0.0012221356058696425,0.0022454315473497246,0.9875166607896052,20
49449156,-0.0012380465817134368,0.001390596332270231,0.9996004025203981,20
119753885,-0.0012471101991451267,0.0016215904869645973,0.9986258354219677,20
170197659,-0.0012544035099151362,0.0014713023628947243,0.9994126051483467,20
105130940,-0.0012699820770201015,0.0015674706244491457,0.999095209138689,20
110740664,-0.0012706131367227619,0.0029290900378308514,0.9663132988823596,20
36422045,-0.0012952280838687102,0.0017164713619889794,0.998409044589992,20
151293776,-0.0013207931354464603,0.0024811380240012016,0.9860483704686638,20
40084797,-0.0013208298855178324,0.0012452899735181512,0.9999293109857315,20
25867555,-0.0013366005901236044,0.002239631710638006,0.9924146499348935,20
60,-0.0014092327324912474,0.006687790559249585,0.8210804025408842,20
38824539,-0.001417854002161331,0.0022695599396455103,0.9942112946665735,20
19078101,-0.0014295534934374576,0.0017911878132840862,0.9989766005863109,20
38479774,-0.0014446457096939785,0.0022490575323351487,0.9951262345123233,20
102352961,-0.0014763765284672298,0.001287356991113245,0.9999701604852765,20
37943039,-0.00147819143177165,0.0007550592533504493,0.9999999785991514,20
3084866,-0.0015160346095595856,0.0031778395926640303,0.97693027139326,20
86975062,-0.0015449646453896209,0.0047477562153328415,0.9190414745136803,20
30137207,-0.001648519588411701,0.0035775580856196518,0.9733565359914297,20
88110666,-0.001660374639931464,0.002161731111187166,0.9986119917502804,20
34495350,-0.001684443412437453,0.0035600043191925048,0.9761142261095698,20
98390987,-0.0016959773296036872,0.002988750343290525,0.9899627918390336,20
21202103,-0.0017292617397788035,0.0028676570812342346,0.9928562005214434,20
168909319,-0.0018394938548857375,0.004734421972857283,0.9507667415041138,20
32297173,-0.0019103267551941999,0.0036122705194798006,0.9855898717693128,20
48667721,-0.0019273235154097623,0.002626888907850781,0.9980357552800159,20
191436813,-0.0019399203377028994,0.002606938182845262,0.9982320122500892,20
74293223,-0.002111281068354237,0.0033347900538745687,0.9946656608595463,20
36856004,-0.002211703008251506,0.003649090731412716,0.9930650608414162,20
170611023,-0.002282141458929893,0.0052884995596218535,0.9656539820785309,20
39944601,-0.002338747782328776,0.0028222235410445243,0.9992504733926769,20
33913636,-0.002351116242340201,0.0031629322987744004,0.9982176337033981,20
34648875,-0.0025528114750235946,0.0045589007189120795,0.9892262404927407,20
141962953,-0.0027243459070772774,0.004320461852426178,0.9945317332641757,20
45459387,-0.0028194154072601536,0.002885988993567913,0.9998348883885579,20
23885410,-0.0031473001433398374,0.00393751725126149,0.9989890860800711,20
34298177,-0.003682880910008038,0.00456807994420332,0.9990577054890604,20
127669430,-0.0037511846705263223,0.0035252678437295093,0.9999317086372683,20
