,importance,stddev,p_value,n
106442646,0.012459591346990002,0.010935244441595878,3.212664566132679e-05,20
90115375,0.00895516222386723,0.005006743594094254,8.396090710534776e-08,20
68009705,0.00808918005630028,0.00508219396488206,4.537626869952653e-07,20
139366494,0.005021896179247249,0.006051974112859597,0.0007411300185782613,20
10177,0.004939312462426607,0.004890353481956709,0.00011797866410334934,20
242300443,0.004605111879687771,0.004367203412441338,7.523746788974392e-05,20
84894838,0.004396510943377746,0.004353046343827253,0.00011801034525153297,20
94539004,0.004364155020093327,0.004319967588382992,0.00011771887891321762,20
67,0.0040546086320154325,0.005640227570363331,0.0022796398290137305,20
136662135,0.003994110944128793,0.004195588677603424,0.0002128956960607297,20
109359940,0.0038985821238903375,0.004062048535332664,0.00019666774378639294,20
26085823,0.0038820472568258354,0.003475585362442419,4.018343260619374e-05,20
51,0.003793130789755214,0.003553836745580581,6.60928810172794e-05,20
12224887,0.00370832431245218,0.004204012065125525,0.0004345456264158772,20
172278880,0.0036924807854479573,0.004288712309159296,0.0005391376296382055,20
38644879,0.003561705357353101,0.005971977175005792,0.007613977495428966,20
31847585,0.0035004299738608524,0.004020995234309538,0.0004889787388980783,20
81,0.003418244222185532,0.0011863450396227082,3.855968096696185e-11,20
26085127,0.00336256669873842,0.005886733863913969,0.009685914466190267,20
12082140,0.0032132205598004006,0.002969746322419415,5.703720335004197e-05,20
16,0.0031343167866465876,0.0010535940951133013,2.2260255206993477e-11,20
33626399,0.0031190022339147943,0.0018523941280681332,2.034912883770157e-07,20
12,0.0031150303887321957,0.0026908526943506383,2.680480294977597e-05,20
149779829,0.003033024970508727,0.0015591099608033862,2.3590802969084547e-08,20
6871621,0.0029886924160824222,0.002570305489009493,2.5474013426489518e-05,20
15873288,0.002914791272080541,0.0029074929319345324,0.0001273102150062905,20
90121833,0.002887967133778488,0.0018053282513927889,4.22769591089797e-07,20
153795774,0.0028560950900566318,0.0035799853209790835,0.0010266138018360995,20
87940654,0.002803654807115574,0.005040157393117201,0.011155863207685381,20
113527942,0.0027279481531188197,0.00271186447105687,0.00012296572411809833,20
69867672,0.002679931480388406,0.0036839178897051616,0.002091127712894498,20
9879584,0.002653941581954386,0.005123785729515553,0.015930755455260306,20
28037143,0.0026078086406949143,0.0021689539101964993,1.724586955573396e-05,20
167399504,0.0025801521762105263,0.0021725330350141707,1.9930687242462503e-05,20
120750919,0.002566595996742285,0.0016816892790316837,8.137141078286592e-07,20
147771903,0.0024892048873199706,0.002837657370050191,0.0004567923853618076,20
36,0.0024866412600992732,0.0020389252827868166,1.4563318451671557e-05,20
7467944,0.002480341345082315,0.0019162867117440325,7.053338554955187e-06,20
158785947,0.0024295285620943214,0.0033724574098009663,0.00224491130656719,20
177206543,0.0024230463911075776,0.001948734960946308,1.154457082812249e-05,20
26648033,0.002420048501813579,0.0024788034909234975,0.0001661822355786321,20
49436751,0.0023891283030860687,0.0041302432005642644,0.009041759849879722,20
58,0.002384365785189302,0.0019710953351990378,1.6048968933114264e-05,20
105331155,0.0023750832099742824,0.004916227001463948,0.02185666679343085,20
32508735,0.002343099596011844,0.0019269523388789308,1.5088930346200298e-05,20
29127639,0.0023375404854738325,0.001996637946998693,2.354454729040577e-05,20
50850633,0.002304822449137764,0.00372406989030743,0.00612623103789233,20
121873143,0.0021616543893830968,0.002181539879466908,0.00014326845845939786,20
99312338,0.0021588325168823723,0.001868169205616844,2.7355039681505276e-05,20
189023366,0.0021425675446347355,0.0017409046881637336,1.3061926088278313e-05,20
34238123,0.002123512059072358,0.0019407629161570128,5.0474537791000675e-05,20
85472649,0.0021024444404234926,0.0027873566852347326,0.0015959263015048722,20
95508540,0.0020940599283830992,0.0016241835490951675,7.404129609518723e-06,20
49649410,0.002079885811625304,0.001902008974994748,5.0801057260687616e-05,20
4618998,0.002030609926874402,0.002505791002834132,0.000903357400462115,20
33247426,0.001969942501833252,0.002573172958958252,0.0014236944156477162,20
9419701,0.001956510556876667,0.0014270893621659022,3.401898643446353e-06,20
19020095,0.001955294479121905,0.0016504941779150756,2.0518919358541037e-05,20
76697364,0.0019462605615436334,0.0023765583855175354,0.000827823872901228,20
92335639,0.0019453051201921922,0.0047043732610424155,0.040019357757209044,20
108333833,0.0019315567795363726,0.0024811356010550466,0.001248883877042757,20
102596167,0.0019216202421654172,0.004692623709874182,0.04138931900969954,20
10,0.0018997814484171232,0.005292663100192591,0.06246513682919076,20
3412648,0.0018884987417849193,0.01020990963320413,0.20919644563237189,20
136965117,0.0018787512050086274,0.0005965909928583895,8.298796915619647e-12,20
25160422,0.0018685378115492813,0.0031864132447498392,0.008380003166919316,20
51407949,0.0018534707998298205,0.0023841478386650147,0.0012626734441093838,20
97747894,0.001852862259855459,0.003327910902557942,0.011103367588012366,20
123942108,0.0018472025770687628,0.0021241136697047955,0.0004935129693810367,20
1212896,0.0017988546772233689,0.0022199279698421758,0.0009037772631745341,20
29295106,0.0017909470372587666,0.00241565131027465,0.0018175991194548133,20
68376294,0.0017780831682268545,0.0021396448600404083,0.0007319439860722867,20
60125368,0.0017431855130038449,0.0012717820075963775,3.4120376842864356e-06,20
106045412,0.0017409523574301949,0.0013615835925040642,8.206315987465268e-06,20
69276451,0.0017309935760443733,0.0010024656289186332,1.4107506933498612e-07,20
31107694,0.0016890479139665849,0.0017560349498627593,0.00019251296635617066,20
2061974,0.0016775484857544849,0.002822888588946163,0.00777190385156862,20
14274022,0.0016651498526343122,0.0033802088300196303,0.020066653219228618,20
69339964,0.0016580715245216233,0.0011984564153200603,3.023913448784079e-06,20
60464647,0.001643314520099698,0.0034056834399662436,0.02197237530247004,20
27067070,0.001609436737387726,0.0025923932654050783,0.006012318777050023,20
8869321,0.001608703918644336,0.0015462512851459201,8.673767066174353e-05,20
36622105,0.0016018952042604977,0.0020184324520695278,0.0010709767430330962,20
6615728,0.0015824159194883919,0.0024342860263303874,0.004518011257008682,20
25628115,0.00157900172937048,0.001958201165259306,0.0009410256774852265,20
77089322,0.0015743716138075432,0.0008935215936758172,1.0484239718011774e-07,20
17,0.0015728780294335526,0.0024568724931833294,0.004976994347471862,20
28,0.0015314595060062415,0.0007689907391852785,1.642687394121369e-08,20
11274951,0.001505663582691974,0.001770450550855025,0.0006003645649005153,20
15224724,0.0014915630127585095,0.00150137403447772,0.0001395599158455427,20
115320374,0.001481107396203013,0.0011620918174233977,8.53797539678639e-06,20
195429151,0.001479815630653017,0.004481746219033928,0.07807723818077246,20
56266410,0.0014588488400990585,0.0013432117038828793,5.473341366837222e-05,20
147890208,0.0014521068143821785,0.0011812264779568805,1.3241552279031675e-05,20
101915309,0.001389016902487597,0.002225683099751346,0.005824926462393394,20
65877053,0.0013886592386488372,0.00168931073098118,0.0008021962926188333,20
65672651,0.0013800554367353363,0.001549351729386392,0.00039783850371902094,20
125956725,0.0013645908408946722,0.0018113121389775864,0.0016106275740312885,20
178020447,0.0013612624633315639,0.0014807430032864944,0.0002971206040241299,20
115303179,0.0013561824876399176,0.0016920013589011645,0.0009883975069507162,20
197832662,0.001344671153919605,0.003066137535023445,0.0323346938733637,20
60072017,0.001333129201401198,0.0017237272554045692,0.0013151364574371755,20
73683515,0.00133223514606087,0.0006562851192356299,1.2201108332517066e-08,20
102127864,0.0013160356294509429,0.0013162317308741858,0.00013079442413906555,20
49405663,0.0013122316958213641,0.0005935704473422058,3.1604814661627562e-09,20
25641526,0.0012975080034139884,0.0017212081252550202,0.0016030913491160586,20
38224432,0.001287803144662572,0.002976357270909716,0.034009835673205126,20
25899163,0.0012873721268793132,0.00198777686865879,0.004626265578990517,20
175215287,0.001283898467357461,0.001121077676055131,3.0315077169028746e-05,20
77835060,0.0012838460717753658,0.001794200855878903,0.0023568252373007198,20
114343869,0.0012486871136711541,0.0008494093158890447,1.3550212919258987e-06,20
148372814,0.0012461903049914985,0.002138164219339717,0.008671392989736489,20
75896873,0.0012374638327651484,0.0015921207879307463,0.0012648771477947894,20
48711371,0.0012366646932272657,0.0011631050327818495,6.887229326242908e-05,20
6816431,0.0012308127796878815,0.0010422336267467173,2.1288658396017946e-05,20
50958127,0.0012134503746501712,0.0007352108233590543,2.711969747843156e-07,20
15022751,0.0012105806471778724,0.002203126918106233,0.011889552508145027,20
96231048,0.0012071607656935102,0.0005591224154544418,4.61497715506389e-09,20
60203314,0.0012060364034568616,0.001280559923723888,0.00023617298154611746,20
95700158,0.001199451426043488,0.0009028946073284694,5.089585979714571e-06,20
166193114,0.001194728283618368,0.0015279343632963079,0.0012062112115173375,20
165792726,0.0011877106180024576,0.0018114286714118841,0.004274774086889359,20
132026345,0.0011863725192002932,0.0019442238851954204,0.006665025920862641,20
160988600,0.0011830009751993137,0.0018014537016337823,0.004232181130775868,20
70279043,0.0011735324712319668,0.002453653365120539,0.02282113993448204,20
15950842,0.0011722824459248465,0.0008044692583158377,1.524650196984508e-06,20
90230827,0.0011697007786866248,0.002237767709900261,0.015250251905182316,20
18044222,0.0011597564122034776,0.0006988243244648527,2.506376257010447e-07,20
168473552,0.0011591086363243268,0.0015091249267796343,0.0013881442346566984,20
38743506,0.0011533756276864925,0.001992364898460344,0.00900303395183968,20
133274753,0.0011495151351380768,0.0013021479023635932,0.0004314841066667375,20
35821572,0.0011376494218958227,0.0017566129582516318,0.004626543532207275,20
67510249,0.001128943848699862,0.001990514914750406,0.010065001438086398,20
29652675,0.0011287322158388458,0.0006415914984207264,1.0725504738985312e-07,20
198032726,0.0011218983685682888,0.0010432820743330785,6.0967907150306615e-05,20
45455862,0.0011132227604600808,0.0015532641837544753,0.0023299042493692126,20
4213696,0.0011113433764318227,0.0018129501648227514,0.006486828448819947,20
32894251,0.0011089176828387227,0.0031296096772787923,0.06477841347800796,20
139463565,0.0011082160548889191,0.0008558035768342016,7.013171779222468e-06,20
85154685,0.0011073294279074803,0.0007535930695590584,1.3633077105126677e-06,20
19635773,0.0011023766838062054,0.0032221975304352352,0.07124745351952143,20
51515237,0.0010994415754896208,0.002271802201775812,0.02169276100780757,20
235716365,0.0010927853191093767,0.0010471634511717818,8.399697612699183e-05,20
218299615,0.0010875403694869945,0.0019054432512167385,0.00972795911629615,20
135026706,0.0010854438692035283,0.0010529106230710422,9.547616092981665e-05,20
82952542,0.001082308982923888,0.0006710753355104957,3.7674920347684196e-07,20
19025027,0.0010811018725944478,0.002820030130018303,0.051355078713709146,20
141066408,0.001072693634322036,0.002269273140458567,0.023982297181892355,20
8670609,0.0010681454051412547,0.0019396736630696004,0.01175648283596667,20
101533066,0.0010632996794920913,0.0006411082858549457,2.5292118955903427e-07,20
54076185,0.0010547732750945977,0.0018409695884148872,0.009527774415520766,20
17552708,0.0010484232636188751,0.0012355589663590233,0.000612116833321854,20
114739954,0.0010471448059373722,0.002248385160702573,0.025509375222927476,20
49689619,0.0010241221495387559,0.0010669784596991953,0.00019651488199545948,20
208286280,0.001022026405835122,0.0008026891751344897,8.642963694854168e-06,20
122940607,0.0010145350117575225,0.0007334378736289088,3.0309117626774347e-06,20
56012629,0.0010137208632522237,0.0038095278638967723,0.12434396674796291,20
240298927,0.0010133961840691568,0.0015483340059572164,0.0043242680814583245,20
56399503,0.0010122038702137875,0.0011749649043265775,0.0005363958996997992,20
142370884,0.0010060364282976242,0.0007266926197383324,2.9985214332850722e-06,20
111136442,0.001003378687552231,0.00274710823135558,0.05941871996673876,20
1261372,0.0009937252663622803,0.003240432955140154,0.09310849420658064,20
70836212,0.0009882498459123812,0.001727306489355119,0.009601449722165069,20
40084797,0.00098310894952518,0.0025664517863131964,0.051482165394751415,20
77308302,0.0009823156787878262,0.001199839089449094,0.0008298047053117995,20
114208157,0.000980563763166542,0.0033126875357385294,0.10064444641306525,20
162789957,0.000980300637225978,0.0012589654116563053,0.001246875500681173,20
49356291,0.0009763879308410911,0.002994648747258355,0.08057078520348153,20
28493371,0.0009735245736545745,0.0013976574386909291,0.002850455433623823,20
29031060,0.0009616550970327709,0.0011005769137176278,0.00047308321456980524,20
64062238,0.0009593527250470607,0.0012510446572205503,0.0014054778103100637,20
45687284,0.0009581773271839205,0.0006913721037950247,2.9565476488344816e-06,20
66709024,0.000955594619302419,0.0006294258528742628,8.746058989585703e-07,20
43104383,0.0009525282888421888,0.0007524662813190208,9.28202772964579e-06,20
135564058,0.0009491115312545123,0.0004448463811038942,5.573005160761799e-09,20
83,0.0009409326764157732,0.0005868956338616258,4.0977292462854844e-07,20
151975094,0.0009377536503527767,0.0008466127277936653,4.409554617298152e-05,20
137429590,0.0009373479908325322,0.0006718616974270918,2.7112897543088478e-06,20
114968431,0.0009373472192614918,0.0035691969488085974,0.12735715093413175,20
139830733,0.0009361437224667979,0.0006836424066592616,3.4546280902434025e-06,20
21259577,0.0009360897101627769,0.002838365521330375,0.07830830132101282,20
14422868,0.0009341546127437872,0.0016797967069145854,0.011171796734077229,20
72961247,0.0009244408271278038,0.0008913106447009275,8.960715043157682e-05,20
115140035,0.0009192332343919196,0.0016547140796138802,0.011233762145982755,20
74103007,0.0009171408881921639,0.0043699410610470646,0.17986061164604294,20
66477242,0.0009108651248193128,0.003232600887698848,0.11143936930020099,20
98548858,0.0009102677572726675,0.0008561881683042189,6.8928526632738e-05,20
75543599,0.0009076670987294616,0.0006509207880290681,2.7294819293796955e-06,20
88920640,0.0009018204836856502,0.0011779074767622189,0.001423075966083053,20
170801043,0.00089802705704288,0.000561522637862459,4.243353021006893e-07,20
2,0.0008977084233895954,0.0007016811315563719,8.147563369424924e-06,20
24229532,0.0008947362550404154,0.0009593951266888952,0.0002594149055221545,20
19080869,0.000891699642310298,0.0013375184851578208,0.0038347211624143126,20
13277017,0.0008885930542924386,0.0015312113340993573,0.008881754871725812,20
84316452,0.0008872051194675212,0.0006320214484609666,2.5017260059178545e-06,20
55454800,0.0008836965364740074,0.0014685324053159178,0.0072316445134843425,20
95121488,0.0008825721235360545,0.0008686199156740519,0.00011095679261266529,20
44544470,0.000877874334239756,0.0005880209587312625,1.0997475095313161e-06,20
22680875,0.0008777824965160247,0.0005253186621806842,2.2720358792994991e-07,20
17028225,0.0008728058662134358,0.0010502629648224526,0.0007318121907569052,20
141962953,0.0008714502670937902,0.0025861404994407832,0.07413213136027269,20
239497790,0.0008698399057088718,0.0005312176995656719,3.037248418126801e-07,20
112765092,0.0008674053526227382,0.000987990973442835,0.0004533316428937383,20
69,0.0008671187759906774,0.0005816580048339637,1.1215765505212326e-06,20
44452610,0.0008662550347213416,0.0003804726125019979,1.966142384005995e-09,20
126945750,0.0008625025740887998,0.0007728048934646751,4.053822459719937e-05,20
13671183,0.0008618855779571,0.00048747062951259623,9.96328842819545e-08,20
101053338,0.0008616167656050444,0.0005199935150645129,2.563535062934313e-07,20
126181973,0.0008557775271372164,0.001299646587236984,0.0041586848507278755,20
150580964,0.0008536746406532126,0.002368027248554258,0.061701991380945634,20
34703682,0.0008518041139891103,0.0005708895707452567,1.108445603178607e-06,20
42450774,0.0008514650525483308,0.000530262857852293,4.0084247285198264e-07,20
188220110,0.0008483664297615045,0.0006959218075056505,1.4639033618446072e-05,20
2463592,0.0008463175493283431,0.0004760092249983874,9.175810242105511e-08,20
125663579,0.0008436632124734167,0.0003669891810321355,1.681142353333073e-09,20
75662679,0.0008405453722388267,0.0013598613878650163,0.006173275583136648,20
107558965,0.0008401916948865218,0.0017018808969331005,0.019874394603892308,20
143046538,0.0008281784457804114,0.001040806513999463,0.0010486260176871003,20
54518912,0.0008278888119906957,0.0011009764358858392,0.0016337790015315537,20
51064729,0.0008252132803629797,0.0008178608190833825,0.00011920756737587168,20
29894645,0.0008234064899473037,0.0013813542882935884,0.007637190908006328,20
41682303,0.0008220622750121948,0.0015467829176426366,0.014064352556673909,20
41441789,0.0008206196690354911,0.0009898292757871843,0.0007467657442753208,20
21482399,0.0008194925806773196,0.0006979142585443529,2.27521976949529e-05,20
67027118,0.0008185650009591677,0.0006648124835803253,1.2991860472024826e-05,20
41910020,0.0008157394076116597,0.001070084708867239,0.0014714009716573747,20
26962138,0.0008148080795334495,0.0014997298367415595,0.012597368212118118,20
42310211,0.0008147965537781965,0.0016108348992315486,0.01780259833405723,20
63947008,0.0008111010831312326,0.0005970393846926078,3.825587401667898e-06,20
50392394,0.0008030146725199888,0.0009295709529248286,0.0005235196370630655,20
106245468,0.0008012326173752277,0.000569535856082254,2.431334843281015e-06,20
68866942,0.0008007874025524692,0.0004110729793046933,2.3095930831540445e-08,20
3869128,0.0007990481950517298,0.000496433820580355,3.8755702259366486e-07,20
94786142,0.0007984612926051571,0.0005715813775612922,2.66643130508004e-06,20
69674812,0.0007968033103287614,0.0008762349881098289,0.0003289369896955784,20
213895849,0.0007967742346316226,0.0007442281580291234,6.395214816410166e-05,20
61945536,0.0007942510541967485,0.0007764758763530083,0.00010353758051101288,20
153342987,0.0007879457868648438,0.0005870144038641124,4.461874776567952e-06,20
101733091,0.0007869259874368651,0.0013565806281094026,0.008902091007842606,20
27290772,0.000782687677300467,0.00048317704963060393,3.5408056280990874e-07,20
81646959,0.00078199598254505,0.0022735273436856663,0.07024094850498278,20
101552095,0.0007792223481324134,0.00046355865472950703,2.0846259357944667e-07,20
154395994,0.000778186288409502,0.0006633144198862468,2.298349121599583e-05,20
161101996,0.0007764975168657706,0.0008082110906146966,0.00019466776117717393,20
1661355,0.0007758726122641474,0.002001369484129109,0.04958296222137616,20
133371042,0.0007721937672691192,0.0005574059360258896,2.9724602269120167e-06,20
17223916,0.0007681432575955272,0.0006245535441613545,1.3165967251121964e-05,20
864933,0.0007680297122188928,0.0007261151742186776,7.281263807129789e-05,20
45866973,0.0007671748294586306,0.000960987727577122,0.001021160056477797,20
69925111,0.0007655370155036867,0.0004865501314587073,5.334763562746466e-07,20
65,0.0007597817172247723,0.0005936236091498077,8.105492526511943e-06,20
84293477,0.0007596585411911328,0.0016789814658631035,0.02866340168831522,20
4795874,0.0007595046652045633,0.000743685632628899,0.00010525179790142759,20
19678889,0.0007568928239625322,0.0004544402044777702,2.3804137810712124e-07,20
94645791,0.0007531710070718706,0.0006550473542876845,2.8972732017960526e-05,20
71470649,0.0007496874393227937,0.001590143232909636,0.02424867726039447,20
37706295,0.000749503334258797,0.002748904825750887,0.11881627772921247,20
212694370,0.0007478341278253587,0.0005692837566705056,5.862391150450273e-06,20
96787899,0.0007472165337630953,0.0010665268569120063,0.0027370429473943785,20
51756362,0.0007469895875230004,0.0012623058612143173,0.007960710833260365,20
3812814,0.0007466963561313488,0.0003869796129511027,2.6736379970955648e-08,20
74015719,0.0007455318597257621,0.0014590316877632465,0.016984477806617156,20
34438244,0.0007428677057278648,0.0004717458147081462,5.272491910447745e-07,20
132807034,0.0007425066076037573,0.0009453329754493043,0.0011638678232068422,20
30897094,0.0007391870511883975,0.0008207826017042502,0.00035972888831039586,20
127155710,0.0007388302145788673,0.0010979536549716735,0.003605256311758456,20
178220560,0.000738785883179377,0.0012753290463218484,0.008969405224726291,20
169398513,0.0007384162414134171,0.0017380982769148621,0.03636273667721654,20
132350880,0.0007370518406391968,0.0005390697993905554,3.5230594645524947e-06,20
49252825,0.0007332257893483352,0.0005078142203336913,1.723779960241755e-06,20
105356528,0.0007295458761168577,0.0004796518762898523,8.52854913184555e-07,20
40648140,0.0007274202316550682,0.0006220673947639053,2.3867775885571666e-05,20
122952993,0.0007260949722424304,0.0016308537987500004,0.030523576430091067,20
99391833,0.0007244547373390281,0.0006002991550399735,1.6502661941310103e-05,20
69797291,0.0007235528571926109,0.0006246706855271508,2.663057164463391e-05,20
123674904,0.00072099093850721,0.0006841810030047878,7.57513245756558e-05,20
89342505,0.0007193860974878896,0.0013842584818057114,0.015680025148169928,20
29431338,0.0007189249720859853,0.0006365509436791553,3.5486599583345e-05,20
2263502,0.0007167942752152156,0.0006626901215449597,5.72333155221422e-05,20
44006140,0.000715906844062228,0.0016644305275134146,0.03476215069922475,20
33697868,0.0007117826305469366,0.0018862792122168674,0.05392300596222266,20
149052644,0.0007107506630290971,0.0005283666826069516,4.341162917774065e-06,20
66827114,0.0007106131815441924,0.0005982223482632905,1.9881513625318253e-05,20
167799660,0.0007101457355820961,0.0009247776155678529,0.0013903529967304032,20
1217170,0.0007097282030847918,0.00047691396784993825,1.1484798434721086e-06,20
70830109,0.0007087189125112248,0.0020182849697218145,0.06641477261217751,20
139594314,0.0007067816228639029,0.0007710122362726587,0.00030516827674309744,20
112211032,0.000698903707427348,0.0013616883306686108,0.016632960975416257,20
139393909,0.0006970858737471358,0.0005265178064086548,5.312449868113244e-06,20
30644135,0.0006959227343705909,0.0016946675347360525,0.0409902906470798,20
46745778,0.000691711519971333,0.0004389400493209162,5.21905651029815e-07,20
60017534,0.0006897797105215236,0.0011130347690042177,0.006077034789289838,20
122613907,0.0006872395907813356,0.002061479722317891,0.07620377560196813,20
76345018,0.000686777630678731,0.000627320346928269,5.016364577992345e-05,20
98325208,0.0006852379502820999,0.0012807963585042801,0.013609327715814988,20
33241995,0.000682170062622961,0.0004327593129788315,5.197848413612816e-07,20
73082956,0.0006814915758012518,0.0003022843879692218,2.305641193458808e-09,20
37739584,0.0006800775085206379,0.0007123925755575549,0.00020720028655549932,20
137829853,0.0006764261189417364,0.0006594513230512015,0.0001005932150809981,20
125017426,0.0006763547849076207,0.0008369192058739661,0.0009239903983750928,20
25463606,0.0006742393951952391,0.0010877707533375749,0.006070712978616698,20
69297421,0.0006740775287217865,0.0008477540166208313,0.001054772439770953,20
66677481,0.000673371136432735,0.0009479699971276904,0.0024834550530442234,20
21882149,0.0006726249589917493,0.00030354318373907233,3.0441495733676645e-09,20
58415744,0.0006724707962478705,0.0004219538420762365,4.4567784775660543e-07,20
18280597,0.0006713921018134894,0.0007570432981453321,0.0004138819786390021,20
38260503,0.0006706707880574647,0.0005720500962842968,2.3161301458987853e-05,20
87825387,0.0006669641705830426,0.0006001181498743658,4.247904189454849e-05,20
93519812,0.0006666152511883072,0.0006657899514640254,0.00012896318623892302,20
68911197,0.0006659868295585652,0.0021486841228772276,0.09087840091333649,20
143885372,0.0006655271118812172,0.0007174899041449686,0.0002730740855332689,20
67478698,0.0006642992966130856,0.0005887970083331647,3.5904743016287135e-05,20
68473380,0.0006620822092224338,0.0006465748658425716,0.00010239902271324889,20
49663966,0.0006616285214755602,0.001580304929977235,0.03831547938543058,20
68657171,0.0006608663691492905,0.0004722770952732434,2.607625003404551e-06,20
11620386,0.0006600472315417827,0.0007004799358436093,0.00023503233103820337,20
84487084,0.0006597608211206501,0.0019447824819387469,0.0728449596334336,20
49849425,0.0006589284901031805,0.0006944940734055291,0.00021993277741586714,20
130167063,0.0006578285244010606,0.0026856684505649664,0.14351514867273168,20
212066234,0.0006560404364930689,0.000815277315239028,0.0009571472662640784,20
13471091,0.000655571200069538,0.001757180105691079,0.05580922063598935,20
30165735,0.0006553305392971081,0.0007549913745605458,0.000501834440354224,20
61745222,0.0006526389846014419,0.0006283416404348795,8.825951985684351e-05,20
64022656,0.0006519775509742504,0.001025901515187108,0.005210199959034268,20
46387351,0.0006513720776762072,0.0010402846932614875,0.005709115571961598,20
86755296,0.0006513057682732443,0.0003506135252814069,4.7639968693242083e-08,20
58848313,0.0006510258027347642,0.0006196580987988832,7.822193275704235e-05,20
185017750,0.0006486340578046368,0.0006828743746049867,0.00021754777126433363,20
62261800,0.0006485169229422993,0.001365923337327314,0.023543194065562024,20
108140032,0.0006482178458575461,0.0004772979551307474,3.8415189978177415e-06,20
153779708,0.0006480395026289998,0.000703262262474269,0.00029062211883774535,20
91934778,0.000648029866875105,0.0006226324459557826,8.63871222003022e-05,20
69667660,0.0006475848223972735,0.000733093507958825,0.0004289559009573413,20
26689621,0.0006475751497449528,0.0007437231292311519,0.00048806795380530114,20
48546793,0.0006469620205397902,0.0007273109317526438,0.0004027654579577128,20
182413897,0.0006468643752674697,0.0005917444916291167,5.099112314567427e-05,20
75862771,0.000646332131133881,0.0004473459255790497,1.7090630950436797e-06,20
27241878,0.000644937836969478,0.0010931368452516774,0.008097569444620423,20
43912667,0.0006427188915339805,0.001307772647090097,0.02027705302627271,20
150540823,0.0006424753397544586,0.000455676222872005,2.3616047099828373e-06,20
234115450,0.000641491513518272,0.0004963132706453089,7.178805562030947e-06,20
33075184,0.0006411622765087027,0.0005591875748688911,2.9908217093116923e-05,20
161589520,0.0006410533604553431,0.00038846275645556546,2.717816049150392e-07,20
33733692,0.0006386019048976149,0.0005024831798210575,8.842399231954302e-06,20
93244027,0.0006370243365469236,0.0006105338556296739,8.414820768456068e-05,20
31,0.0006339873499339732,0.0004900029800856237,7.087575001815922e-06,20
26729319,0.0006317650257066598,0.00043760351970126933,1.7268555946833752e-06,20
21835071,0.0006317261488472282,0.000749416536866431,0.0006480152369285045,20
60264464,0.0006298061026190988,0.000921804155043683,0.00325440947897663,20
39881000,0.0006291629398426979,0.0007351773141926656,0.0005684153705660399,20
57054020,0.0006283374902989886,0.0011006861275864917,0.009718243822901507,20
139359410,0.00062771123153747,0.0005003682818044838,1.036386118649057e-05,20
22605557,0.0006275477017399251,0.0009130266038697853,0.0031245332553299365,20
47288122,0.0006265716327662179,0.0005838651694347153,6.233861554957245e-05,20
198432948,0.0006249431643423814,0.0008708581268591614,0.00230853484950145,20
15613384,0.0006248573875143576,0.0006586652795746204,0.0002201955471696804,20
89915359,0.0006246713817975591,0.0010703048354744774,0.008604819572035429,20
95281804,0.0006244672082558134,0.00032549925755412926,2.9194308629103998e-08,20
184817655,0.0006197924067786464,0.0009831276864405928,0.005475690157975314,20
42865468,0.0006178538280252694,0.0006754239518272444,0.0003112381737093157,20
56484269,0.000617676996498942,0.0008280243835595059,0.0017356949380082044,20
98112974,0.0006176191511914481,0.00041265236796425293,1.0626330014989583e-06,20
76083685,0.0006173202286661155,0.0007177202973121145,0.00054391544223571,20
117668060,0.0006166177600390066,0.0005102765233494159,1.6249460593483373e-05,20
102333283,0.000614799925651871,0.00043263156194090613,2.1292523313701433e-06,20
211064876,0.000612981505801044,0.0021800033002464755,0.11190642411055404,20
74261063,0.0006122401600240579,0.00046504954892192396,5.704024674735568e-06,20
52719088,0.0006116808285240416,0.0005005059411489143,1.4205919430958577e-05,20
234715693,0.0006112391355707874,0.0005342458319360209,3.065437068046675e-05,20
68286443,0.0006092110907936543,0.0005298216426426923,2.89596305617793e-05,20
43643199,0.0006088372573621687,0.0006728476453720788,0.0003443467415345158,20
58448252,0.0006079781199299944,0.0007697485735621344,0.0011130601344478976,20
25889500,0.000604440907412604,0.0009491513712741078,0.005144078381041905,20
32697272,0.0006031325308926804,0.0008468821785363944,0.0024378563394432426,20
23727507,0.0006031315160795109,0.00036883697863320176,3.0965600436095594e-07,20
62345978,0.0006006559929441658,0.0005873628374311312,0.0001038108166166271,20
95500156,0.0005992328697792925,0.0005295943482947962,3.475622901039743e-05,20
11469503,0.0005970328902491301,0.0008155856902907075,0.001997353493592271,20
122152141,0.0005958094041263545,0.0012262048089145957,0.021317506479776312,20
157699205,0.0005957967618728272,0.000590037014672348,0.00011827784434717591,20
1817310,0.0005945337484774299,0.0005668806251892597,7.968821327422653e-05,20
67550429,0.0005926252669795712,0.00046298496795607765,8.097295171647579e-06,20
88957967,0.0005898624978015659,0.0004789954869688029,1.2968393112250463e-05,20
16643161,0.0005897086674775565,0.0009034035011885496,0.004399161923147074,20
21866825,0.0005890384173508068,0.0005666408299670407,8.749736403759006e-05,20
83904869,0.0005871907501556972,0.0006319588334580465,0.0002686975962478781,20
37500067,0.0005868733258521802,0.0006238207991735913,0.0002386716361456209,20
34713897,0.0005845018501272614,0.0006333177378127339,0.0002863687024520286,20
59543909,0.0005815238498987296,0.00047784181602815337,1.4939241660656388e-05,20
104530243,0.0005808512606307991,0.0010225213583801307,0.00997992192300455,20
89532732,0.0005802797713508528,0.000758419968967361,0.0014302344440113193,20
215470153,0.0005782122071701978,0.0006062706704256173,0.0002091506582080147,20
70288755,0.0005761959427536073,0.0004163335538023232,3.010580000087439e-06,20
60099095,0.0005758531899160507,0.0006582936820513031,0.000468310097861724,20
98684674,0.0005727519702036832,0.0006322229506841809,0.00034061395118661165,20
164192368,0.0005723614795841769,0.001637974623178435,0.0673118528743305,20
110846248,0.0005723149687350687,0.0005334193038397019,6.248100138356781e-05,20
189034505,0.0005717972501579571,0.00044973700788635744,8.798794322457806e-06,20
96030983,0.0005698509497493648,0.0005828635611648069,0.00016386868402693634,20
71538137,0.0005693516306995771,0.0005887646971125454,0.00018262900449581907,20
27,0.0005687910675443886,0.0004163381277011802,3.5594670886475216e-06,20
36640907,0.0005673370378300402,0.0003348141181942015,1.8563876687838488e-07,20
46327387,0.0005664314633605117,0.0007617578802438039,0.0017778728738998037,20
184428002,0.0005661504964490832,0.0007702128675996388,0.0019374053331202563,20
32675030,0.0005657826655728337,0.0005502410512383175,9.807481403133161e-05,20
16076022,0.0005647289267918354,0.0005535131987753572,0.00010633257272511267,20
185217762,0.0005634341728560338,0.0005484666453321568,9.902790547670667e-05,20
172202432,0.0005620244767486876,0.0004300569708331166,6.255414778304582e-06,20
3002153,0.0005609548559333377,0.0005716224305244589,0.00015787333834406319,20
152942680,0.0005606828718547147,0.0004525998393668312,1.2072049599928816e-05,20
41254895,0.0005602533178592384,0.0008239964741071053,0.0033632080691787976,20
109644610,0.0005600518455925907,0.000459336137484784,1.4609075892575199e-05,20
79198341,0.0005597248152106355,0.0015399044157673358,0.06026071030734176,20
211877,0.0005595874753409891,0.0005271262577461848,7.00359189154031e-05,20
79966398,0.0005583829552821828,0.0005987165262786525,0.00025933885112541165,20
229311439,0.0005576620760103457,0.0004945660991240949,3.6139211266174443e-05,20
61690161,0.0005576579489664585,0.00083005750368602,0.0036442237144373325,20
40743662,0.0005576385418787494,0.0003609852542532941,6.886970648041419e-07,20
196828261,0.0005576049803102084,0.002411510277989089,0.15704195515268865,20
189423944,0.0005566233435486984,0.00040222264495794056,3.0136325253423444e-06,20
157861463,0.000555938976291015,0.0007515079533378565,0.0018476793313130164,20
171611979,0.0005549925845680398,0.00042837042293869906,6.969627745330329e-06,20
144565779,0.0005532128145781995,0.0004929400467129641,3.810335607521297e-05,20
54120245,0.0005509235086772646,0.00044358715210606625,1.1705308790837544e-05,20
68673797,0.0005502164178406738,0.0006019792214007549,0.00031363802529059664,20
69696932,0.0005479274652492039,0.0004454466807085045,1.314604118025137e-05,20
171401278,0.0005466511046251677,0.000620515223855561,0.0004395841087283432,20
72,0.0005447526179333029,0.0007791370044194426,0.0027764909662850597,20
97147587,0.0005440397208390984,0.0006926644907478391,0.0011640351724714092,20
36432194,0.00054340013823371,0.0005691987195046864,0.00020712229209695888,20
5864339,0.0005419524740296444,0.0006990930126179085,0.0012910543620931285,20
20221516,0.0005416256673396985,0.0005798437939996236,0.0002555148099481802,20
89112315,0.0005402973699682068,0.00038721066896959947,2.7060325716189974e-06,20
80081005,0.000540116250353942,0.00038943995835298784,2.9289957633802905e-06,20
68057031,0.0005397577372828949,0.001469723239731825,0.05847766845675704,20
80348904,0.0005396073010073721,0.0028441815819340915,0.20337014155191457,20
77908985,0.0005389527388335397,0.0005696949699691631,0.00022619207585505691,20
166794068,0.0005386075569820098,0.0005248239628094794,0.00010006244378886546,20
153980108,0.0005384243983984349,0.0008232786577484136,0.004345923178084145,20
234492040,0.0005372326144778116,0.00047753376353994046,3.7074869833952754e-05,20
56268881,0.0005370779422826904,0.00073276822109335,0.0019790626771808927,20
120175464,0.000537050640175038,0.0007711969070846365,0.002854847002206418,20
15231767,0.0005365000379479318,0.000842279573739545,0.005137062518415602,20
35370488,0.0005355513097026309,0.0005504872269300074,0.00017208509648358576,20
168609026,0.0005349015065194557,0.0015951217609991505,0.07506702576247125,20
40681788,0.0005340831809952263,0.0006093220242268368,0.00045999416504045545,20
43852075,0.0005325509308078208,0.0006306142672828909,0.0006379229268988852,20
43542037,0.0005320965927830906,0.0006198187116551623,0.0005531074505809259,20
183015182,0.0005315420778258195,0.0004200414511556076,9.320154005684645e-06,20
6065807,0.0005310658272343671,0.001119363089712546,0.02361598606452757,20
50838823,0.0005297483271520409,0.00072662040911437,0.0020579620643685305,20
19627032,0.0005295317003183142,0.0006868514000721367,0.0013481143932942816,20
87740651,0.0005282491043671706,0.000640113974762761,0.0007763364385406516,20
62264760,0.0005279794605014737,0.0006091107447970515,0.0005079898859093832,20
73680124,0.0005257955806216158,0.0012320476463868531,0.03577202059391335,20
130071629,0.0005255927064498622,0.0005959706977440562,0.00043535172848955806,20
109098973,0.0005249394967273586,0.0004974823206539791,7.469594207331541e-05,20
91723213,0.0005247282192272329,0.00047561927512078606,4.6081111175514766e-05,20
15226640,0.000524369100849742,0.0005325873498467043,0.00015276923565965325,20
134962869,0.0005239801081962064,0.0004657078550413548,3.7033751327594265e-05,20
30495343,0.0005234286169878866,0.0005065897541539215,9.324105325056911e-05,20
192626826,0.0005230771102248732,0.0004644808838719211,3.665603099552748e-05,20
153184042,0.0005224123131117309,0.0005299785081688825,0.00015098633218850875,20
156798444,0.0005216333297099973,0.0005059704392659114,9.542038716672098e-05,20
94143826,0.0005214627131114897,0.0005424377856524858,0.00019353838506996467,20
80198869,0.0005208259713462531,0.00078404148584008,0.003926720572902761,20
135563101,0.000519774289285363,0.0020521586898028933,0.13571415862648817,20
115946028,0.0005187154324233806,0.0004878317674413202,6.882802845092038e-05,20
18489082,0.0005185523122365809,0.000479736635858165,5.765629369140384e-05,20
800296,0.0005182612434176337,0.0004237400886064374,1.4076116337357173e-05,20
65223793,0.0005175430701378436,0.0006732030571562198,0.0013781929510855433,20
73359534,0.0005167626050307072,0.0006720480941394766,0.0013759629396645206,20
68866500,0.0005159476236164029,0.000414409617862907,1.1363641021635008e-05,20
15842373,0.0005159041320584145,0.00032329846135725125,4.377082368328504e-07,20
172806217,0.0005150885307436736,0.0005194460362072151,0.0001422143572835642,20
23958266,0.000514700769447965,0.0006039338773370501,0.0005893979265555038,20
72437830,0.0005142843093108584,0.0005751225069535545,0.00038391973407542434,20
73483057,0.0005142212238169852,0.0005602701457299297,0.0003017094606764176,20
162394576,0.0005142102887706667,0.0014134970943339908,0.06011449834892524,20
32713031,0.0005138619506912468,0.0005696785824954709,0.000354502576319691,20
240120918,0.0005127728029550832,0.0010731517412594308,0.022914995343187698,20
31047046,0.0005126775765439074,0.0007971743493860443,0.004836407767536304,20
113301674,0.0005120067594446525,0.0006370607961199618,0.000966760205286836,20
4469544,0.0005112770417627754,0.0002263345671167092,2.2330060791498513e-09,20
22063337,0.0005107417087812594,0.0005252589281401584,0.00017297388042236344,20
36856004,0.0005103562752108298,0.0005900334767857,0.000517637643678676,20
6664830,0.0005088591299020756,0.0003831367793257305,5.104716609720664e-06,20
42302808,0.0005084187627388881,0.0004292162304213492,2.0548038446922224e-05,20
9473971,0.0005076168400132946,0.00028245443215767246,7.821840517133185e-08,20
118349422,0.0005075060632673406,0.000794871004091069,0.005061500552966189,20
102690883,0.0005050473920790083,0.00040016877793664404,9.62885972102769e-06,20
51608348,0.000504347896303245,0.004402396484986633,0.3071596200655463,20
115768926,0.0005041254257671796,0.0003448475178982323,1.4606575024793273e-06,20
93043976,0.0005027602725450941,0.000645013136004469,0.0012367768322400045,20
186418537,0.0005019475849136618,0.000496405537227274,0.00011660687487928112,20
105557003,0.0005013288902904923,0.0007975239916440733,0.0055739187974483025,20
90101081,0.0004999052993556241,0.0005312768024527837,0.0002382375629277012,20
27468857,0.0004986527840077914,0.00036846723615547634,4.0192654003574924e-06,20
116321240,0.000497969922434341,0.00034885993916767557,2.007388897849917e-06,20
137564194,0.0004964692164254575,0.0006977112768138307,0.002452839004503054,20
101527484,0.000496078029824859,0.0005465587342472779,0.00033473196316662383,20
120222104,0.0004946018165538829,0.0002927901714800337,1.9411187082785203e-07,20
72013797,0.0004933427934278561,0.0008113194114532328,0.006803679597924583,20
51394352,0.00049304655663511,0.00048025646938027985,9.968979021782406e-05,20
43261530,0.0004930443447788063,0.0005325439431688516,0.000277991854723129,20
410389,0.000492749319518404,0.0006632048443004138,0.0017887094087841915,20
71156024,0.0004918937155041464,0.0003863682422084396,8.653950519702161e-06,20
26842824,0.0004911077947954035,0.0006094612970114138,0.0009462764515027784,20
25867555,0.0004905649668920875,0.0010046110438846785,0.020859799736340216,20
115351219,0.0004902586933525216,0.0005656751682814073,0.0005086382571659592,20
2663101,0.0004896984080526801,0.002282054118237359,0.17463999968542182,20
30020205,0.00048947348902047,0.00046005694301925397,6.839044204449716e-05,20
33025171,0.0004889127091604606,0.0006310887093605765,0.0012977356764849268,20
141169968,0.0004886981936516293,0.0019956998093275525,0.14357694020546155,20
207485011,0.0004886765027694556,0.0006236178599229947,0.001185681265771901,20
40281675,0.0004886235816311979,0.0003815925624233231,8.060263133863185e-06,20
236316575,0.0004883256547377563,0.0006529587086476532,0.001702708607081117,20
91456777,0.0004876062148857885,0.0006199505804095774,0.001151177578388036,20
81312810,0.0004860722843368387,0.0007646521873080107,0.005202007455408928,20
51449190,0.0004851034449282615,0.0007603320435659578,0.005084381282633414,20
82289951,0.00048354750868045135,0.000530690095490704,0.0003228841348031027,20
44142427,0.0004831348507883415,0.0006005048843801335,0.0009584730201324899,20
2061476,0.00048268038640001396,0.0006416268832356065,0.0016285539972090467,20
56260390,0.00048267690391533833,0.0011246283867912515,0.03504045838851981,20
8274040,0.0004823371653840669,0.00041855006375111974,2.8233602930859504e-05,20
165468765,0.00048146647840406067,0.001640516525008653,0.10249249879257126,20
65294331,0.0004811138037366963,0.0003511614116367837,3.4313524536665684e-06,20
47509112,0.00048077825047485034,0.0003615784916103251,5.031086196720461e-06,20
107296355,0.0004801922895324551,0.0004962625594975416,0.00018153503759476365,20
59659309,0.000479185093104903,0.00022033085151017072,4.1077448496973164e-09,20
22263473,0.0004789704457860061,0.00036833571265786487,6.657420869277942e-06,20
235892970,0.00047850398380368253,0.0003279122044310239,1.4964401615743003e-06,20
50638660,0.00047815005453136217,0.0005486578596343743,0.0004842461058586875,20
45707400,0.0004779611469462458,0.0008478833205866361,0.010399043404153555,20
46345635,0.00047753453555726135,0.0018428201178471197,0.13043263520696036,20
155380346,0.0004774061340213021,0.0016461851838870318,0.10508838118470923,20
64222962,0.00047589807286362864,0.0006331353862997363,0.0016388326286598575,20
59016091,0.0004757696716174292,0.0019691378145313084,0.14671640172386305,20
121110521,0.00047475672980089865,0.0004628951220605771,0.0001007113990822275,20
135590420,0.00047328335901137273,0.0004876550086076072,0.0001762316923072478,20
54664458,0.0004727151928642398,0.0003930846966953482,1.7204644351480446e-05,20
61065504,0.0004718266360471457,0.0005951626433697246,0.001080421917985379,20
18088703,0.00047165749996182503,0.0004663628827280461,0.00011638397785705458,20
19080614,0.00047131829765942876,0.0004973476985186248,0.0002224718271435346,20
3084866,0.0004709880770011027,0.00041512038838017166,3.370372380914059e-05,20
49521660,0.0004707993235371855,0.0006138392394558698,0.001403577082527513,20
84116384,0.0004706294544406631,0.0005621000739245648,0.0006867294925334066,20
94098799,0.000469687432617788,0.0019180795061630351,0.14357865377235599,20
74893902,0.00046952144699724253,0.0004955509710257213,0.0002229033100737522,20
42324152,0.00046943133408826885,0.0012431210183569646,0.05380297786976889,20
58283385,0.0004694043954462324,0.0005156834355901092,0.0003259006625922317,20
89715224,0.0004683519052585794,0.0004536494852533075,9.402771415898382e-05,20
49068213,0.00046710827198718775,0.0007718527394564802,0.006996755331120127,20
100713770,0.000467089610310803,0.0005158246455063362,0.00034205517339112976,20
52065895,0.00046701273736860784,0.00028371953987313923,2.8185871908545024e-07,20
64653869,0.0004669439213293797,0.00039647535427263654,2.1971622039431445e-05,20
239698107,0.0004660007139106942,0.0003980041336291643,2.3519977120436456e-05,20
46051529,0.0004655254134300291,0.0004453220920339939,8.248280334805312e-05,20
97838947,0.00046467068846573476,0.0004669939612422501,0.00013736561426422217,20
18153882,0.0004636727276059266,0.0005919135263527959,0.001188934160785375,20
181812071,0.00046365100258951295,0.0011249652346734733,0.040480254928748786,20
44,0.0004634297876310589,0.0004597018345750148,0.00012027708976320773,20
71669140,0.00046320960932539343,0.0022223837413805885,0.18148348112680956,20
74583226,0.00046252968565693167,0.00032986574643110495,2.5389600665836675e-06,20
168008276,0.0004617816632520533,0.0009472703780107713,0.02101538012299596,20
46407918,0.00046088499419998097,0.0010411577785491627,0.031207311961255972,20
151176082,0.0004599770179057411,0.0005932682295971066,0.0012896811578449903,20
75784078,0.0004597892259742803,0.00028526652092766564,3.80102889823762e-07,20
23883317,0.0004589963899935351,0.0007833752806094356,0.008419086269000446,20
147937942,0.00045884234249202736,0.001712025183935694,0.12271328609295104,20
22757035,0.0004585491545642112,0.0004684758146456552,0.00016198532193846573,20
103535281,0.0004571755946008449,0.0009801592081018443,0.02535261884857349,20
92718251,0.0004559287019959113,0.0007055277404189854,0.00469126140464874,20
221678075,0.00045546473041070126,0.000544228513745812,0.0006893268307683051,20
10600605,0.00045529161065290533,0.001526889940450172,0.09906574866227912,20
121124501,0.0004544027870109518,0.0008203623298770027,0.011406099565482,20
18914083,0.0004543976056105681,0.003534353550772371,0.286030817534664,20
33041969,0.0004536560818366564,0.0007713150316351049,0.008240697767685387,20
103529452,0.000453634317234447,0.001771822528286535,0.13321660370254107,20
29434156,0.00045333940122878336,0.000900611043718573,0.018204676040475407,20
102908073,0.00045317627129805305,0.00036235677460536253,1.0759898804288634e-05,20
24359385,0.0004531060194422426,0.0006603055888806872,0.003159557168417992,20
116746204,0.0004516831148177802,0.00047209005258791497,0.00020274105476390935,20
126529036,0.0004501084412772749,0.0005385306324616805,0.0006970434914930942,20
25230872,0.00045006028251245723,0.0005578959127917125,0.0009376135997707486,20
7670148,0.00044988815429525264,0.0005968820736520077,0.00160479695909154,20
85872952,0.0004498317700450588,0.0003501154830587106,7.731222412333226e-06,20
147737631,0.00044872517845473414,0.0006054025681202135,0.0018211153404812065,20
29051886,0.00044853845555434534,0.0011108939398191933,0.04341870303188518,20
84493775,0.0004484176667746059,0.0008838028193792336,0.01755277546488235,20
81894122,0.0004479249782108924,0.0007732286709893556,0.008969291757413353,20
68609943,0.00044688417186629635,0.0014370016952300428,0.09018656881226024,20
71499871,0.0004467870446880101,0.0007073058420011176,0.00540953166435111,20
79569610,0.00044646699596956606,0.001477002407935052,0.09615176918467797,20
10208745,0.00044611868618459896,0.00048634953703243313,0.0003033450682633723,20
117548167,0.00044484032665459693,0.00032977415241519957,4.1899611494233675e-06,20
83290485,0.00044434331545344373,0.0006176810340824444,0.0022682276817342652,20
115568617,0.00044322905849850656,0.0006098315862011367,0.0021050906852538988,20
125755186,0.00044248423987313935,0.0008038474253021153,0.011781330502668016,20
17228286,0.00044234974423034703,0.000803860107750442,0.011800795991757618,20
16224134,0.00044206040097539425,0.000360948173140052,1.3850158615835884e-05,20
69888173,0.0004415306813738279,0.0004277110851490713,9.412158063531059e-05,20
32023286,0.0004412115141061657,0.0006046509376594384,0.002044792666133229,20
108404343,0.0004411879973358901,0.00034860175581199874,9.307383557828354e-06,20
103043565,0.0004411879473179642,0.001996467386286862,0.16771942451402994,20
101752468,0.0004399555762042484,0.0003296630195619959,4.802013821968867e-06,20
50555544,0.0004385216727935265,0.0006659595550634678,0.004158212260670035,20
42650857,0.0004384585141115338,0.00034060308587725315,7.547995846527446e-06,20
99926425,0.00043813357245385266,0.00039097539413169386,3.8738020113908505e-05,20
96108384,0.00043803920019203356,0.0006734357418332805,0.004500234413045846,20
64172189,0.0004378507041155194,0.0004480598822031832,0.00016463752483132234,20
32308134,0.00043774327336440765,0.00033513241190924394,6.296326362704941e-06,20
102716874,0.00043741808731543317,0.0004513695164169528,0.00017883140364402894,20
92117116,0.00043717948266915887,0.0003867266974475098,3.5115757390325605e-05,20
11172141,0.00043699094388357785,0.0006986535145385712,0.005746608645791511,20
79,0.00043684986973544225,0.0006479150039983114,0.0035582655504904125,20
183615047,0.0004368076398841458,0.0005884342620525548,0.0018006567389562311,20
32836223,0.00043648588777533417,0.0003752759608872841,2.5391085919402985e-05,20
83448170,0.00043584772260215623,0.0005014500663928504,0.0004958360975396568,20
124542531,0.0004353693155676491,0.0006282947169778714,0.0029547092372126512,20
115168579,0.0004353359602499829,0.001055222281599575,0.040342196567109356,20
19916322,0.00043485736250093164,0.0012503518739547215,0.06818068116895074,20
18827165,0.0004343582363546733,0.0004649175186036099,0.0002550445237414005,20
121813304,0.0004338881818689355,0.0005608403479389187,0.0013119380256835626,20
92924687,0.00043372099470755375,0.0005305177264714869,0.0008396969077310007,20
1016948,0.00043321289377370174,0.000451782246499606,0.00019839897861452527,20
127878016,0.00043290644272777343,0.0004445356941744245,0.00017039126864182508,20
115941733,0.00043183101452352326,0.0007796824541428487,0.011411461745572584,20
94,0.00043044173314898406,0.0005980968294354951,0.0022611310246656397,20
88556834,0.0004303989677439779,0.00042714781342595144,0.00012088661561386709,20
127182409,0.0004299629762006318,0.0003135690169623238,3.395139169132066e-06,20
49797216,0.0004298754938418609,0.0003968219788941255,5.629112880346274e-05,20
110900060,0.00042985144466179125,0.00048332579888833537,0.00040344233377452484,20
15025658,0.0004294088650163369,0.0012210682285879269,0.06614631640530441,20
14824119,0.000428744468770112,0.000365248849503399,2.2833325295402658e-05,20
148381343,0.00042783326447763393,0.001128529120604815,0.053161055611242014,20
34620512,0.0004276718891513792,0.00039675240559271994,5.940863690427669e-05,20
60064225,0.000427375882615999,0.00034861456318597335,1.3687826016737367e-05,20
91256579,0.0004270848643546682,0.0005616064884836523,0.0014990934660673266,20
54197594,0.0004260537447864282,0.0005250690799777766,0.0008936853986582288,20
30534004,0.00042555085203071775,0.0005291757908959418,0.0009620980145483525,20
42748109,0.0004250445259492558,0.001379195522338852,0.09207271662547538,20
201252335,0.00042479865778414225,0.00033744903978242933,9.935297736061458e-06,20
51737033,0.00042476844525405624,0.0004847795162052441,0.00046145705448366186,20
113207613,0.0004244497559798971,0.000529379122409141,0.000985764851231719,20
78397846,0.0004235032833899449,0.0007710976997499694,0.01191874928204331,20
106445865,0.00042340806172614097,0.0013811578148159632,0.09317984845028299,20
58615697,0.0004231983888967644,0.002358002960910162,0.21605762498214892,20
190422067,0.0004224281395292767,0.00030089257371318235,2.4980188620624594e-06,20
57723828,0.00042241081476519505,0.0005043111377636353,0.0006844233876754117,20
143972554,0.00042140013580165003,0.00039845163056913193,7.290826302708056e-05,20
197244125,0.00042104059978292083,0.00046119724979475194,0.00031712531715612766,20
26322800,0.0004191508159013674,0.00043688773085504874,0.0001973824297930527,20
57456790,0.00041914281987185385,0.0005012074741352067,0.0006937970483712059,20
3614989,0.00041814523675555714,0.00038143929598550387,4.943959750896385e-05,20
14822650,0.00041792297957636836,0.0013257118398955696,0.08737704634979149,20
460466,0.0004175081427963273,0.00046014549371725764,0.0003357578202788728,20
124354426,0.0004173163181472567,0.0007378724762648183,0.010218100380065698,20
31095661,0.0004169441914298272,0.0019918743889641164,0.1804794860659557,20
18282518,0.0004165558177860296,0.0003392028725879097,1.3407783861582804e-05,20
2413809,0.0004163618832593946,0.0003047649610252263,3.5595360384604395e-06,20
133223217,0.00041623426234508877,0.0005288752149660269,0.0011454225570782194,20
5464310,0.00041604614530612596,0.0006667922415013033,0.005832527168479812,20
169397137,0.00041527890745491903,0.0003347464717318122,1.1865469854922714e-05,20
127116942,0.00041524985663679017,0.0005003626634900776,0.0007403517632387996,20
95926648,0.00041505345832154594,0.0006594024505392142,0.005528863987345072,20
85925978,0.00041493269975609315,0.0009170724319901133,0.02866301069929087,20
132657680,0.00041472400972853985,0.0003585593344558113,2.7071045598536047e-05,20
20,0.00041456745186194686,0.0007840011726226762,0.014418071443219872,20
42,0.0004145215303204386,0.0004605969436612249,0.0003620226511369082,20
1012890,0.0004138579212565552,0.0003991660236880316,8.993729673428248e-05,20
9218004,0.00041356253281079334,0.0005293587801435319,0.0012144640280774765,20
36077559,0.00041354389858051235,0.0005746350166188455,0.002261632698701655,20
205859602,0.00041315238874966296,0.0033511057767163705,0.2939057658244226,20
65470749,0.00041258422379834294,0.0005370733442140815,0.0013861546211286638,20
114149364,0.0004120469824924949,0.0004621382874451664,0.0003942827882633602,20
103527849,0.0004109533387743836,0.0004374455023637917,0.0002419403951415476,20
190823298,0.00041089058215892926,0.0006228371660075716,0.004108192663934673,20
34298177,0.00041006227225692804,0.002960323931536237,0.27147983161713807,20
188623141,0.00040962449594146024,0.0005448956386088985,0.0016372510245196534,20
3202697,0.000409208244314857,0.0006446831105630828,0.00524975146414023,20
149892448,0.0004088964695225378,0.0006983472431848379,0.008451451638467515,20
132951870,0.0004084820914866699,0.0032658145174297606,0.29122300996064393,20
99326055,0.00040797385737645906,0.0005944708453842272,0.003157227818018605,20
34897009,0.0004077694215843225,0.0010220162484163894,0.045175408018185544,20
183413886,0.00040577118418308467,0.0005354593512484884,0.0015401214897030671,20
8270510,0.0004057532651289664,0.0005071208478732286,0.0010027151995380978,20
17877458,0.0004057233976986624,0.0006018334438149905,0.0035615763040374626,20
73260377,0.00040539560540217844,0.0004728363193338619,0.0005593632009513252,20
83352667,0.0004043535546894822,0.000545774626699615,0.0018270218405563557,20
92314443,0.0004042253810933066,0.00042899116615268844,0.00023505357482505836,20
48667721,0.00040362778400428455,0.0007107713599837669,0.009997424961301571,20
163466299,0.00040359651383207464,0.0005272346486274258,0.001424739214949723,20
119469919,0.0004029534459716377,0.0005254865150575873,0.00140578448002821,20
121612891,0.00040243150357022195,0.0005380265439814932,0.0017008022067672493,20
73480013,0.00040217222276813235,0.0004693488938168316,0.00056221017138021,20
1262966,0.000401366989268509,0.00034203421604041197,2.291735096344178e-05,20
57141231,0.0004011942845442679,0.0003452835663067376,2.5689374921456874e-05,20
128869943,0.0004010927741848719,0.0016926277762122444,0.15127535717538088,20
151592787,0.00040024069671569794,0.0011768409344327746,0.07236872952128136,20
73438315,0.00040004360837523343,0.0017854191383432454,0.16445955990981587,20
58855832,0.00039975669495112277,0.00042793771616654445,0.0002553636668449558,20
8417343,0.00039956541212807505,0.0005341861463389787,0.0017005953229504575,20
98949400,0.0003989393589678064,0.0004826750977545295,0.0007663111643267286,20
148251626,0.00039857429830469915,0.0006777037094682258,0.008243424805967911,20
95446684,0.0003972825519799189,0.0011093232569305497,0.06286884163883655,20
186219808,0.00039664362560356826,0.0002537370644902524,5.840960017605988e-07,20
223505095,0.0003963776075646991,0.000573511405393871,0.0030080778267294927,20
4616238,0.0003956501825185282,0.0007811939275681153,0.017698102664184746,20
54894419,0.00039514683034979345,0.0005247512636892788,0.001616399102433109,20
39742505,0.0003949696685078691,0.00041601957915077167,0.000218563653429925,20
50734926,0.0003946854931059812,0.00037631853057176827,7.966750242897635e-05,20
65023688,0.0003946732823644883,0.0009584058779494372,0.04059770235889665,20
9411410,0.0003946702131482349,0.0002536023764839021,6.214534200164606e-07,20
17081563,0.00039454658768001973,0.00035445010594279704,4.174868684440542e-05,20
109560911,0.00039443852439283167,0.00038661296383752915,0.00010635570857558572,20
86526466,0.0003944286832429672,0.0007233176282146994,0.012363890900838802,20
102254590,0.00039365556875718135,0.0005881746986956695,0.0037372958803927746,20
13440596,0.00039348193473177364,0.00043653281442644897,0.0003568308689137176,20
58469275,0.00039334717048498393,0.00043151021774274703,0.0003215942177122474,20
78947641,0.0003926765663410714,0.0006961666665004726,0.010365240685015395,20
47309111,0.00039261627219671356,0.0004246648640997817,0.00028169546322143093,20
140280877,0.00039157784825113453,0.00047606727999710406,0.0007981261464072917,20
137462651,0.0003908663533497031,0.0004205762695807743,0.00026815177979380353,20
40447997,0.0003892875302422133,0.0005040057009507681,0.0013286947885567497,20
224905913,0.00038889225201213794,0.0006027826973497175,0.004740426972187694,20
19885192,0.0003888809163669793,0.0005579330178990412,0.0028373264054854424,20
93318311,0.0003883932491534015,0.00037125811595911635,8.183031695905446e-05,20
4215843,0.0003879266293303929,0.0006712889865693077,0.009090487413449314,20
1400892,0.00038773527366756935,0.000653859191838703,0.007867371039748635,20
6996880,0.0003873955699009057,0.0003116408062424536,1.1579550155268322e-05,20
64423309,0.00038725305159257873,0.00030563748525437963,9.178531247084164e-06,20
65663548,0.00038724699092909377,0.0002993278649910839,7.095893291428023e-06,20
113743556,0.0003869079975683226,0.0004111913245196361,0.0002382540107183902,20
24839712,0.0003867043964809247,0.00035106776669172166,4.6892591366931794e-05,20
115129936,0.000385981233170532,0.00042554871534271625,0.0003368546979057408,20
97189925,0.00038536451401992853,0.0007659058542849669,0.01824113276950497,20
134753876,0.0003848658938533228,0.00043991515107262986,0.0004678437910847484,20
131769739,0.00038480550810835736,0.0003746589637952657,9.923634270455259e-05,20
151174295,0.0003847971877170897,0.0005454063496391616,0.002605802134285518,20
45507305,0.0003843003531928069,0.0003966070310153236,0.00017905151065349576,20
100927399,0.0003840354780827837,0.0004886754133971615,0.0011588479133189257,20
130385926,0.0003830855202513639,0.00049126474204006,0.0012325553798994175,20
216498083,0.0003823979633595292,0.0003503280059021567,5.181885164468578e-05,20
110609288,0.0003815557966940081,0.0003908060814114216,0.00016612608348471323,20
93706220,0.00038112182298263576,0.0007570147181025386,0.01819061614510434,20
113744582,0.00038094564587596024,0.0002374725246084773,4.0643157330572533e-07,20
89178867,0.0003808856589287729,0.00040157432244073094,0.00022062485186574718,20
141243646,0.00038064109965532666,0.00046553799313949656,0.0008388920798974949,20
55054637,0.00038017379870892434,0.0005136025084945262,0.0018394005913791023,20
51251485,0.0003801349072067112,0.0005341950474211331,0.0024519812898793234,20
176605911,0.00037967746790686373,0.000694844472468076,0.012235502573979842,20
157899234,0.00037890172070563776,0.000629763262767171,0.007238442682653934,20
27090719,0.0003787080913517399,0.00039423794318861225,0.00019497118876332463,20
43457522,0.00037864480664950015,0.0006142186785184178,0.006272647350960919,20
75104487,0.00037767653388433574,0.0005224579349920943,0.0021896843301182954,20
44106097,0.0003775891815255894,0.00038230928898550583,0.00014805210169306515,20
100853042,0.0003774889393506897,0.0008630681575704374,0.03266361568287752,20
121151535,0.0003769012812741418,0.00035810039907624566,7.67512757096072e-05,20
28637852,0.00037657834169238237,0.0005802346110032843,0.004564570591948333,20
36697270,0.0003765643679455283,0.0005241507301192211,0.0022898538954649337,20
9069336,0.00037652583773240824,0.0003817960392089698,0.0001502623199298752,20
6004639,0.00037651503143601716,0.0002807452580226702,4.511572922148141e-06,20
58683619,0.0003763534556997572,0.000475377018004547,0.0010922830609714858,20
22038031,0.0003761570498840378,0.00036907343064869713,0.00010749153713800368,20
29671915,0.0003756431603554516,0.0002601055866988522,1.7188713253033077e-06,20
118749855,0.00037552012743113927,0.0005783943592435323,0.004554023419042724,20
153457786,0.0003751515487780549,0.00046630189933065424,0.0009586945808271402,20
101036713,0.00037479172641211034,0.0004897040977085204,0.001426957777038859,20
89875810,0.0003745436490218357,0.00029269784901229603,8.12735246340779e-06,20
109135664,0.00037411684336785545,0.00029560058957205966,9.305324042729523e-06,20
85316978,0.0003739192332738811,0.0005528168694909183,0.0034832263026602084,20
93104854,0.00037379642628824485,0.0006622002561611098,0.010324059415077259,20
120751399,0.00037379253710932703,0.0005090114006840831,0.0019512477424264837,20
43451585,0.00037361987151691425,0.000622988136424631,0.007374649848595085,20
127757768,0.00037360911875850553,0.00034697902212369624,6.0119442484297675e-05,20
111006570,0.00037297921225386277,0.00043229804422310593,0.0005292856863343408,20
20081218,0.0003729368711801184,0.0016732790227628575,0.1657081311803404,20
67910628,0.000372128349420775,0.00043367808100663207,0.0005553499031679551,20
14071331,0.00037204152447173897,0.00030996725514706604,1.7600789439824988e-05,20
118410936,0.0003718768426831942,0.00120652648207918,0.09204684887399915,20
205240913,0.0003718552800321878,0.0010957287723142844,0.07277685429386793,20
36478027,0.00037183916891749826,0.000663240672268607,0.010705083936905146,20
56856423,0.00037182386727986074,0.00043779122319960787,0.000607286959939796,20
110361461,0.0003717048348407997,0.0005337478753550033,0.002854294826595384,20
184828307,0.000371657868490205,0.0003898702521632957,0.00021007704197940815,20
116145923,0.00037143528824050973,0.0003975898922226231,0.000255180741040827,20
180488260,0.0003707076467190873,0.00046723961891476757,0.0010735251237928534,20
73940748,0.00037063779688764896,0.0004897918659352574,0.0015569526694295178,20
130959296,0.0003690031220459328,0.0005236847016548787,0.002629239110751393,20
5004098,0.000368847033268202,0.00036227895999746905,0.00010865588182242085,20
35737893,0.00036810384675935447,0.0006306483335615338,0.008600513840950315,20
18484572,0.0003672199425952649,0.0005908546204048905,0.005972937678368755,20
101927667,0.000366545717106001,0.00040255183540567196,0.0003249088145814306,20
247728379,0.0003661866348803805,0.0007530249952662243,0.021242944797312615,20
106295428,0.00036585314621979394,0.0004932163108779435,0.0018107013931221068,20
117610274,0.0003657173692970167,0.0002476326535333986,1.2734032785247625e-06,20
79090327,0.0003649865349600628,0.0002715898481053907,4.39485149949112e-06,20
113127618,0.00036425196122757687,0.0002930941426498144,1.1613642736979886e-05,20
51750776,0.00036407656337991424,0.002156664941719779,0.22976425509615594,20
45050208,0.0003632080217924966,0.00037487725197355413,0.00017923070683652215,20
13823588,0.0003631156545257308,0.0007229964715309976,0.018392895715765235,20
107158281,0.0003630359027519431,0.0004257043440069022,0.0005861462349820419,20
111141104,0.0003625125095199161,0.000509798420710631,0.0024646189446592757,20
26,0.00036249800641985076,0.00046671654760853013,0.0012718744657341046,20
133761167,0.0003622762267020685,0.0006726474647589738,0.013164384778922773,20
12802174,0.00036114160093157766,0.00040358655669842146,0.0003815206629819836,20
194239913,0.0003611362212823571,0.000416724088437429,0.0005090089298872703,20
71099165,0.000361096874529801,0.0014669747713838158,0.14236329646311535,20
65372855,0.0003603756330644747,0.0004447179648531452,0.0009035447117846224,20
40859036,0.00035917281441385227,0.00035426863343644563,0.0001134817640456975,20
109653323,0.0003590253520449588,0.00048362502179419655,0.0017999095652874062,20
164196027,0.0003587185157091638,0.00017649276885116927,1.196719713396774e-08,20
16023405,0.00035850640478996,0.0004473139830979404,0.0009890095928120962,20
3464676,0.0003582259510632541,0.00038588472456283277,0.00027100044957094154,20
188233524,0.00035793733973366325,0.0003286881227517343,5.31643482339511e-05,20
65076333,0.00035743487147441857,0.0003792227563144274,0.00023439217601974586,20
90532567,0.00035723944874951896,0.00044147901473533377,0.0009142646457048772,20
109915352,0.00035651719303273486,0.0007733842200025474,0.026599311592562187,20
75193956,0.0003562025644018557,0.0004241127892371685,0.0006687054667719808,20
91301840,0.0003556434201296754,0.0007125373067138028,0.018920229305596916,20
67495728,0.00035546905163118535,0.000274477747684169,7.004273602983366e-06,20
163791840,0.00035535811089877357,0.0024348976156545366,0.26089091724239466,20
93080192,0.00035381273154702354,0.00039766077920064176,0.0004019064553807161,20
149974934,0.00035375603474004926,0.0010093103637805543,0.06675653533089497,20
42941468,0.0003537486700033149,0.0005015969604204349,0.0026130828932395406,20
127189344,0.0003537026459680875,0.0004372349095269065,0.0009164494230754912,20
38936659,0.00035337650854732337,0.00030979342476331414,3.171813077981592e-05,20
109699547,0.00035287123188395555,0.0006603906910045502,0.01369458067132797,20
29288585,0.00035281773510214556,0.00029673120389331364,1.965954494327766e-05,20
2611717,0.00035281138490894095,0.0003957578400306615,0.0003947934889096343,20
33695065,0.0003524254259628545,0.0005842066472417116,0.007127816261698085,20
71700236,0.00035225847216927285,0.0004571599969180273,0.0013538461230845067,20
155581311,0.00035222220704369536,0.0007315404723646882,0.022177996188825586,20
54249089,0.00035164678069493085,0.0003380968012257899,8.701205576045421e-05,20
61019422,0.00035143489862632935,0.00040454030774575135,0.0004981110772200648,20
91,0.0003512635210749543,0.00041841027784894245,0.0006711497831049645,20
149374381,0.0003509828560523343,0.00040633432375705903,0.0005239296552865186,20
129358339,0.00035088026005717645,0.001396186974185932,0.13752627481693386,20
75282465,0.00035026508278190036,0.0003994592477326065,0.0004584568988327188,20
10067972,0.0003501566596832512,0.00044873412017499696,0.0012259886108395123,20
98949206,0.0003497776000755709,0.0005777485235552148,0.0069807648534286615,20
75365693,0.00034969065565287893,0.00043614669435108953,0.000985913626488589,20
11275293,0.00034946928608292627,0.0015277217709830338,0.1595764378497933,20
63462365,0.00034932837516717943,0.00038173217607967793,0.0003101298909056909,20
44312881,0.0003490431908085512,0.0003750222070554557,0.00026443450268323805,20
45952352,0.00034839323064573267,0.0004337487784390696,0.0009715642525051691,20
31841056,0.00034832463298290763,0.00023478259638034157,1.1972693706875896e-06,20
32899425,0.0003472810169534657,0.000717193706579451,0.021640181735992,20
55139964,0.00034682297315177525,0.0009427502618321746,0.05818281062597846,20
72691405,0.0003459073133926432,0.0007609547293833447,0.028137913561956763,20
85,0.00034558775667458964,0.0005957521442984306,0.008901585602228812,20
70498975,0.00034442370192487305,0.0003641294781898025,0.0002265496460326316,20
108759437,0.0003438330743762791,0.002191824664463546,0.24573309512508973,20
67227159,0.0003431889285455375,0.0007422362359644335,0.026276397296377076,20
242700770,0.00034216148933915167,0.0007420018471135075,0.02656433021702914,20
47181852,0.00034210964498579963,0.0004973547758039452,0.003108048658765407,20
13623535,0.0003420535590222956,0.0007232462871527945,0.023931575916671225,20
239720458,0.0003419719473371219,0.000719097668286258,0.023381562728145622,20
7416261,0.000341800947319737,0.0003354054048738476,0.00010762765820649962,20
7596972,0.00034177166354351364,0.0004663986488825228,0.0019821545690345997,20
28694440,0.0003415403103292719,0.0003767665153722487,0.00033863543419283295,20
148538622,0.0003414047986211283,0.00039875977870506375,0.0005662776762671063,20
98729532,0.00034085851296003223,0.0004424936517802279,0.0013569185355844153,20
95721970,0.0003407966930827039,0.0003760862176754448,0.0003398047602991313,20
26065643,0.00034053728865777175,0.00039684041491836825,0.000555086730652726,20
125356463,0.00034013763853786295,0.00035825345316064367,0.00021849384010581705,20
20285237,0.0003400477795117901,0.0006866327239089125,0.01959707046533075,20
27642318,0.00033945269031902814,0.0004095125604150789,0.0007477779191294199,20
70212158,0.000339417617057311,0.0002384630017317779,2.084547650689798e-06,20
190625248,0.00033941236255477514,0.0008545280352169127,0.045850167601705315,20
196627910,0.0003392419127066171,0.0009631639129098954,0.06586218307451445,20
82102184,0.0003387300093090212,0.0005351537870740735,0.005342129612457901,20
32474941,0.00033870542371495225,0.00185102875246285,0.21165924755579346,20
32097144,0.0003384623601268677,0.0007740901614366522,0.032703358893492344,20
63060163,0.0003383093733693582,0.0008246548012453012,0.04113165910866221,20
70679237,0.00033813963580945906,0.0004886297659789939,0.0029819845659104184,20
30414998,0.0003379698616109733,0.00036657074205763434,0.00028913965653425627,20
154977929,0.00033794919224043596,0.0005393548689685753,0.0056851084764896805,20
7671816,0.0003376995643352337,0.0003438342637497408,0.00015656210601882432,20
12269343,0.0003374898362640905,0.0004325154829762007,0.0012263072972726824,20
103129318,0.0003374256828497735,0.0002909234528942374,2.6225036262430423e-05,20
34296022,0.000336954159724695,0.0003837773178533827,0.000453122008797906,20
41902613,0.0003368947318025367,0.0009541681080603539,0.0654192652054874,20
114367864,0.00033621337705606045,0.0007161810449314726,0.024683686181116857,20
216097094,0.00033596006296410794,0.0005184450991580074,0.004609454473952119,20
131481649,0.0003358894921386524,0.0005734898456034507,0.008437431869971977,20
119411891,0.0003356962535139674,0.0005220702991576643,0.0048415725167239914,20
53879927,0.0003355079378839193,0.0013636322206122104,0.14246846077438968,20
99112196,0.0003353542643766416,0.00047355317799809823,0.002537827186976774,20
7818887,0.00033518831678598095,0.0004981518559849357,0.0036071119915670343,20
42442710,0.00033511226159309846,0.0002589447946426407,7.067053506590325e-06,20
134990170,0.00033497653853655494,0.0003757537409959145,0.0003948099352004997,20
9422177,0.0003347226203235354,0.0005007452960641157,0.0037682882196585932,20
77434508,0.00033457172403730806,0.0005262118730506436,0.00519518517735737,20
85907479,0.0003345311346491797,0.0005703328040920878,0.008368274770683937,20
21114700,0.00033430115616044364,0.0005682055093585852,0.008226014210136107,20
23205811,0.0003341932238011103,0.0004217461670851185,0.0010844424187514883,20
60945015,0.0003341138945935629,0.0002409941789782228,2.9429526309550253e-06,20
71437107,0.00033355805160096007,0.0007289006903915604,0.027396982342143557,20
12222136,0.00033346576880853297,0.0002954709774501049,3.577643939639437e-05,20
75,0.00033235629209365234,0.0003867574436898999,0.000548220942032564,20
85292058,0.0003318875808524885,0.00028377384379771315,2.3822886063532184e-05,20
96483140,0.00033181412841369883,0.0005410626789195406,0.006470443901715995,20
73460672,0.00033176990387960017,0.00030895303625282094,6.189630536471102e-05,20
1611394,0.00033174057719616566,0.0005915608928625596,0.01069007519508765,20
153257636,0.00033163568431538446,0.0006220726892558139,0.013850968653464068,20
35254301,0.0003315763137842015,0.0007665498948781426,0.03404508088400873,20
109734745,0.00033130720091130715,0.0005451634690146336,0.006826989246998986,20
44066406,0.0003305355703523555,0.00043336118858963284,0.0014652729630519469,20
31836292,0.0003304603501901204,0.0004229155768706873,0.0012128110162158993,20
105245045,0.00033040017188115667,0.0005494915521932001,0.00726457598377699,20
27266465,0.0003302848067090719,0.0005816234666192655,0.009997977096220769,20
140242451,0.00033028466355002615,0.0007507047074968847,0.031943734080414767,20
72559060,0.0003298969681095859,0.00043859381879823677,0.0016303010892167638,20
202254288,0.0003293511260607507,0.002487147488637709,0.2803474474546497,20
98744169,0.0003292684860621259,0.0007581794095474622,0.03354327474035887,20
51715302,0.0003289537758287053,0.0006249558116079017,0.014744494187476637,20
98302362,0.00032861600720316406,0.00021872471942576267,1.0089155356033218e-06,20
100641796,0.00032858288920739885,0.0015400656958514975,0.17599299876368252,20
214268097,0.0003284459052495997,0.0005490051824867399,0.007479444078055932,20
142645903,0.00032841580145272773,0.0036111332261779846,0.3443793368275625,20
84954203,0.0003282767216966631,0.00028977902410358837,3.4289337619335887e-05,20
25128175,0.00032824975369784293,0.0008126240836151582,0.043355698302818324,20
32694686,0.00032809179762958995,0.0007100548835583965,0.02634730378038537,20
117922201,0.0003280728932279375,0.0003131818615120029,8.068699751808288e-05,20
13683735,0.0003279672682275525,0.0004474728366040805,0.001979293431913756,20
54276276,0.0003279080051177691,0.0005223868683819058,0.005622805903467306,20
36822215,0.0003276126870690843,0.0004701084801944657,0.00284059686913604,20
2464025,0.00032696424614973575,0.00036787755715957603,0.000405823955228472,20
46451783,0.0003256940838451905,0.0004155035665287861,0.0011828135514258013,20
14034592,0.0003256546431958912,0.0005889143499046798,0.01150626626992307,20
123074371,0.00032528822149114624,0.0005848417090403064,0.011162648989827625,20
129558393,0.00032504624327878986,0.00039202212032168605,0.0007459964987419702,20
105756874,0.0003245775505257814,0.0004407728648143933,0.001911715302404371,20
21430876,0.0003245655762805028,0.00039883659967144316,0.0008724957054632775,20
98,0.0003243946114859203,0.0002725172871229769,1.9400166022820316e-05,20
37316666,0.00032434092790327993,0.00032907016287784206,0.00015113240011338378,20
101922599,0.0003243287962519964,0.0005308675329347795,0.006617629579761878,20
119211479,0.00032426929159155014,0.0004679087033626303,0.0029523468894879948,20
42828595,0.0003239400953508581,0.0004911356634342472,0.004113640111317847,20
107333314,0.00032390294905765835,0.0005206604116930535,0.005938547571030764,20
134483618,0.00032368388021042084,0.0004720964730021963,0.0031777048819960564,20
59402460,0.000323462129348831,0.0009751522521612995,0.07718020712010512,20
152742530,0.00032341671333426523,0.0006007717082230259,0.013194717424079195,20
156973274,0.00032298887208268565,0.0010930238834479685,0.10101095006784135,20
129184165,0.00032267637008346337,0.0005098686745906961,0.005347169626241816,20
5814607,0.00032262065253584326,0.0008063441588089316,0.04475906097552692,20
88319723,0.00032249230693599806,0.0003499097576053907,0.000290124257620548,20
13473298,0.00032217837589020026,0.0004377975148209243,0.0019208920058675462,20
3217887,0.0003219215317246865,0.0003367568480130009,0.00020445654453524558,20
59,0.0003219103200150314,0.0005589218875714913,0.009259465968014125,20
104090499,0.0003217246744152191,0.000510204235487694,0.0054676285195538665,20
54858762,0.00032120210665157465,0.0004508223991534557,0.002430531495287984,20
48008792,0.0003207593034429329,0.00028942863335274253,4.383322651019898e-05,20
78665246,0.0003205467083772451,0.0008998644909965946,0.06382472730506716,20
11869246,0.00032000157576925756,0.0005485824659882949,0.008630693358384558,20
34820891,0.00031996562199872457,0.00044299306479968675,0.0022029781211875326,20
31935524,0.00031982134603771863,0.0004106435843419535,0.0012446794557453237,20
119522856,0.000319451187273348,0.00040441843172362265,0.0011123507423545904,20
87711520,0.0003189474146062965,0.0003466718785782673,0.0002949552282711032,20
46507949,0.00031870181196688165,0.0002811129276339228,3.399604813472361e-05,20
43349482,0.0003185095286315387,0.00038474102143216314,0.000755937684706728,20
260348,0.00031844212519665794,0.00041073801113070715,0.00129013463891968,20
82685526,0.0003182863341842423,0.0002724156092911089,2.409881516092963e-05,20
99750697,0.00031812724484591717,0.00040629926142114205,0.001193260523054369,20
29495508,0.00031805019164214134,0.0006571357004966711,0.02168432291098074,20
44285658,0.0003177865962431331,0.00037938206598064157,0.0006841230406202149,20
39744102,0.0003173752490770343,0.0009394636666215268,0.0736457652252007,20
29,0.000317265076141951,0.0003615432313401112,0.00045527397850220387,20
182814131,0.0003170175576913681,0.0003788406661661759,0.0006899603660572725,20
31822999,0.0003166618617961942,0.000646505714487846,0.02058169388450327,20
76088695,0.0003163658037693279,0.000774064406177298,0.04166411785743269,20
99434172,0.00031486695292558264,0.00038044273033221597,0.0007576455633837869,20
29631500,0.0003148143006302645,0.00029853114340130943,7.518580624610253e-05,20
64906716,0.00031473001736664343,0.0003450451231312566,0.00031968747974681116,20
231112738,0.0003143464620800257,0.0005076139322025305,0.00610460554987465,20
51641256,0.0003143120589749193,0.000450540538411588,0.002819533747463051,20
27690605,0.0003135197838903564,0.00042216429591738347,0.0017947321474399368,20
35098836,0.00031341188887466234,0.00046747236144314616,0.00369477381325425,20
140168741,0.0003133954758613444,0.000287187193685726,5.1966755363036975e-05,20
56722519,0.0003133866541849328,0.0006047027373207182,0.015889218243096373,20
123980448,0.00031320002824968273,0.00045071226483760804,0.0028974698219322464,20
27229794,0.00031222303362897773,0.0004000107068360043,0.0012233087142815107,20
160501707,0.00031183948873121924,0.00048422759950952313,0.004795069513517201,20
68687348,0.00031126246527005407,0.0006089264840663327,0.01695518704141254,20
5815474,0.0003111986412535489,0.0002953885084307487,7.596429671350544e-05,20
58538300,0.00031106817655189025,0.0003439952256631088,0.0003464138288507274,20
60299129,0.0003109387361837468,0.0003913661256677507,0.0010616302009445854,20
6616249,0.00031058471352956587,0.0006089139434965805,0.017126928355401687,20
146979354,0.00031047163306024137,0.0013142633105693701,0.1520025229890945,20
212666750,0.0003102425457452623,0.00035939658169406753,0.0005268632056483892,20
52656980,0.0003101056967613952,0.0006235417093558379,0.019230068571020074,20
39975283,0.00031001211108264983,0.0004571073696033618,0.0034210546402186227,20
41259148,0.0003094585339439626,0.0003429092801137746,0.0003529513447222317,20
74360542,0.0003091463777118497,0.0017013750245485565,0.21325507907128005,20
70098387,0.00030901460392821487,0.0004472684952484947,0.003015542225804414,20
7069065,0.0003088689917352588,0.0002881259501552433,6.306499064554597e-05,20
19030990,0.00030856771355405876,0.00029640276979040316,8.616778561345881e-05,20
44429844,0.00030847145194414226,0.0004292393929484648,0.0022848279913153715,20
17653367,0.00030828549931636586,0.0002741185534448336,3.721267332755117e-05,20
13073768,0.00030802830179620376,0.0009442467701094203,0.08046619017857544,20
105136806,0.00030790579087422996,0.0004178965572596693,0.0019037170907085115,20
24847178,0.00030785446052112306,0.0004671907306524587,0.004139096712584152,20
35095644,0.00030762595970344476,0.0004331835621535559,0.0024878870551379635,20
30693816,0.00030754276242927483,0.0003136466177287622,0.00015916181346792443,20
29645245,0.00030725898814003006,0.00022584436141565603,3.7557042495116375e-06,20
26665768,0.00030722026627398314,0.00042488101050916635,0.0021855199235466514,20
79397567,0.0003071179603195251,0.00031178803807088023,0.00015206796102126965,20
11288806,0.00030673265699606155,0.001003101511238088,0.09371301746189,20
54658696,0.0003062928283607519,0.00025345455620298906,1.623781019168883e-05,20
63460918,0.00030586934868801483,0.0005462757929174029,0.01077829476037384,20
99233987,0.0003057152806848068,0.00025820154544917975,2.0651658827345163e-05,20
76288754,0.0003056094619799249,0.00033656945658122134,0.00033345559205188703,20
144164867,0.00030553088917688597,0.0014020945637654913,0.17102053474570011,20
104639372,0.0003054817687320438,0.0003643400224949146,0.000678494990333505,20
34295284,0.00030528015721057177,0.00041241825596256674,0.0018392220950467432,20
68733328,0.00030504480102584166,0.0003600131718614972,0.000619824498030024,20
157461208,0.0003046327369541885,0.0005067722228482688,0.007275774737672935,20
43606073,0.00030438842596420824,0.00033004895601030867,0.00028832850059569106,20
860945,0.00030426117090038565,0.0007849742777109814,0.049609036313523446,20
45552788,0.00030414975423677105,0.0002582491512082888,2.1971600395255326e-05,20
118949470,0.00030385586194271453,0.00044892636895816517,0.0034673288125109743,20
174007048,0.00030374973611342615,0.0007606542769644111,0.04504777577066928,20
107843460,0.00030333766875789426,0.0004669943396869708,0.00454028438103615,20
98129191,0.0003028906887145244,0.00037976619985145377,0.001028951579969285,20
44085579,0.00030259749954223423,0.00036307010257889097,0.0007140793659497592,20
126782300,0.00030248465263167104,0.0004825016613593806,0.005666931604002431,20
4267730,0.00030216562106394064,0.000739713175575134,0.041739842241914335,20
175004606,0.00030203930916388453,0.0003811376014388104,0.001083735394924117,20
42042628,0.0003019333177956829,0.0003732553962557856,0.0009167715368357434,20
166994225,0.00030172491824753954,0.00036801367768044604,0.0008199886529262711,20
46478867,0.0003015560005421275,0.0006605738334152126,0.027665215536146127,20
44713063,0.0003014590994741828,0.0005847000628550891,0.01628354758842591,20
112207185,0.0003012158945247867,0.0001956792225510602,7.230775320060183e-07,20
5614574,0.00030120022645860334,0.0003969569927473817,0.0015250459820449257,20
7017977,0.0003006038369793157,0.00031186244199994943,0.00018854263461189918,20
142170371,0.000300572826740686,0.00039477474039186975,0.0014853848100367135,20
147450806,0.0003004154232148254,0.0007103980447081402,0.036972756963799126,20
7216231,0.0002998997175566481,0.0003975817507669303,0.0015954324531119246,20
28010729,0.0002995278420910019,0.0004158810834524272,0.002248932290781364,20
51649753,0.00029945337077751934,0.0004315599763555513,0.0029269231295013043,20
6404727,0.0002991704545004109,0.0006552154434776768,0.02764281578074882,20
125184184,0.00029916643719131165,0.0006356778395928906,0.024428506364453696,20
237495929,0.00029870361186658256,0.0006118394480216639,0.02087996378727859,20
26435052,0.0002986323566559729,0.000360347867769529,0.0007491923777282514,20
22223555,0.00029848862085694595,0.00047379265185174576,0.005498757181426117,20
23918734,0.00029836128319351565,0.00022476610957669157,5.139344836761567e-06,20
116810010,0.0002982297579347232,0.00042585913293437467,0.002745418079823116,20
55646000,0.0002971038428829037,0.0002831945270587725,7.941951999684964e-05,20
98390987,0.0002970051180179317,0.0006873829763215906,0.03418410626274221,20
44506732,0.00029697532059806133,0.0003359764541615504,0.0004265178397443075,20
72471207,0.0002963515153709434,0.0004303651959357833,0.0030850429320117044,20
25098194,0.00029584960066514896,0.00045034187451223307,0.00422168061379715,20
30896120,0.00029574383562844253,0.00045596322950139004,0.004582420919051705,20
17232981,0.0002943442943300595,0.0004116018146499741,0.002367104197378224,20
99149404,0.00029406546617089245,0.00047387784661468807,0.006028661717225557,20
49191203,0.0002938485539045632,0.000245918819546377,1.8553035797479662e-05,20
23,0.0002932636408466721,0.0007258825797529086,0.04332981494882854,20
35443662,0.0002930931770728035,0.0005905287113337508,0.019405974382430368,20
7216586,0.00029307889153843694,0.0004405091575189783,0.003886768238667173,20
95939767,0.00029285103852191017,0.0003464909388639526,0.0006334111436773937,20
57360857,0.00029159131806894836,0.0004039652652533187,0.002213144902692717,20
151374545,0.00029155400485482154,0.0005313939166159359,0.011981737034412252,20
93698699,0.0002915369966190962,0.0004240469147013677,0.0031188067362336487,20
23357831,0.0002914408628616222,0.0014770701228502148,0.19429478416006996,20
35449778,0.0002912516836691192,0.00038264509975737487,0.0014887622125939438,20
230688986,0.000291052395166444,0.0005084789914526673,0.009577351466244726,20
171198083,0.0002906293046314984,0.0003741916616500037,0.0012720388456536375,20
142597470,0.00028942456629591775,0.0003516041575378434,0.0007930322173824363,20
41047357,0.00028897568883489154,0.0014922978452152473,0.19864551726739021,20
218273211,0.00028894469293722915,0.000432652009109852,0.0037908497375776585,20
127382494,0.0002887772390304577,0.00048591667393362784,0.007769880184742459,20
72874041,0.0002886847004644505,0.0004258280174410478,0.0034301260300177946,20
12422187,0.0002882481259402603,0.00045801310474958656,0.0055339384993455115,20
83269346,0.0002876047205373572,0.0005155341385987079,0.010987606273543012,20
136190779,0.00028758114257745047,0.0005326779795627047,0.013006458497116472,20
35477265,0.0002873404335955648,0.0004963073671760463,0.008997987480336419,20
31696488,0.0002871690009172534,0.00020807773605756918,3.122068346446707e-06,20
155458803,0.0002865338583898702,0.00041312373813766925,0.0029358978181822197,20
117256095,0.0002862054978492373,0.00045929660495281,0.005878854796726651,20
86438207,0.0002860182513340748,0.00076133337029484,0.05465336493919063,20
135371835,0.00028576610522118573,0.0009380879568356874,0.09451329281027576,20
18284519,0.0002856323497978597,0.0006933734058862066,0.040548627957152375,20
66464330,0.0002847544939330343,0.0005927595784518964,0.022395615921867774,20
116454588,0.00028462409312725035,0.0003879844798961935,0.0019661028295351237,20
131993458,0.00028447409063566407,0.0010480988209925083,0.11984426115707596,20
94081674,0.0002841831188478389,0.0005879183080772175,0.021805674575081174,20
23832634,0.0002839759085557114,0.0005257489732699226,0.012975231013675025,20
35336058,0.00028384868133864984,0.0003027772479671731,0.0002468156952615944,20
59848979,0.00028354647995753045,0.0003408874498317707,0.0007262101483666873,20
93898727,0.0002834911898364961,0.0006185730169872824,0.027233920098446503,20
50806840,0.00028287322719926786,0.0003165856112214466,0.00038669230002199987,20
125756716,0.00028286884481037165,0.00038632550343092593,0.0019938641833292295,20
98123581,0.00028267590835730216,0.0006349667177575838,0.03053458380821679,20
15072216,0.00028257012668847503,0.00047096416888717013,0.007356213358421744,20
59202435,0.00028240342753144967,0.00045693462350153424,0.0061775952966274346,20
81267738,0.0002820604709806274,0.0010924166126964536,0.13126518138668233,20
136829431,0.000281987778014578,0.0004995144595387698,0.010319438566106233,20
128358212,0.00028186837298403434,0.0005228385076929714,0.013099664422709484,20
139167069,0.0002816604716159271,0.0005784431843496968,0.021121021992270818,20
10671078,0.00028144894973154976,0.00048710260729491867,0.00909750552880363,20
99303977,0.00028142957103773905,0.0002583171689908263,5.290611785342016e-05,20
81847046,0.0002813725403456119,0.0006540652748670363,0.034741619368817124,20
39575264,0.0002813610473942546,0.00041043894437009883,0.003181444466308948,20
100686801,0.00028078676614904096,0.0004488035429820131,0.005737765802970769,20
228287067,0.00028056414239824854,0.0003197188878831131,0.00045525670530647866,20
57556414,0.0002805553042704717,0.000539090441929531,0.015574649954004292,20
84716629,0.0002797615174654905,0.0012966930766525231,0.17336721194111326,20
30490300,0.00027966228734204737,0.0005345580727917496,0.015186187625339808,20
49755059,0.00027960122804977783,0.000506439939089244,0.011602082789712203,20
142244277,0.00027935553494393974,0.0004134551035834254,0.003508462617833051,20
4663624,0.00027879975921932807,0.00027198402128471056,0.00010128976130763359,20
169309503,0.00027786267317166655,0.0007203594404937442,0.050376078263865746,20
48642428,0.0002777006319940628,0.0003670934386774482,0.0015607382941297567,20
6264480,0.0002774578209763151,0.0004254846592015446,0.004428045896123367,20
24245878,0.00027741601300093345,0.0003790506148123583,0.00200055149075337,20
66685639,0.00027732623900597885,0.0003199275869646717,0.0005077983052803149,20
57095574,0.0002772724816717281,0.00031688801082614335,0.00046726212496649817,20
152055235,0.00027714672532441477,0.0005147370336401073,0.0131838546211608,20
114344723,0.0002770402819769341,0.0005205587015686903,0.013969192839509712,20
24889730,0.00027679642099572575,0.000280067521393695,0.00014705210257425093,20
98110987,0.0002764030312397858,0.000501181220537299,0.011666350809008495,20
21661128,0.0002761823641934946,0.0010224448288964907,0.12093232036859113,20
90609164,0.00027615042510464036,0.0005152522337682197,0.013490611381992795,20
58697623,0.00027609388928374055,0.0005042830626475453,0.012112761376208543,20
30293483,0.00027602795440083704,0.0003485403902165792,0.0010894089689429827,20
60166295,0.00027493628344705536,0.00036789881423862034,0.0017122060461636634,20
5,0.00027483265666909673,0.00037106338080144694,0.0018310371716171536,20
38857895,0.00027482471988612425,0.0005544931649273207,0.019527637957459806,20
63868563,0.00027460617262412554,0.00043862926802040367,0.005714268917031758,20
3214668,0.00027426560432175506,0.00035643347240454714,0.0013685244474674037,20
231513431,0.000274009386941515,0.0006019233278936441,0.02797768853313703,20
177206440,0.00027368329389947934,0.00036888668116494814,0.0018080231715883373,20
65023739,0.0002734844913810097,0.0002932152025989867,0.00025913821425417545,20
179009645,0.000272532619614807,0.00032848336390133015,0.0007420770774825045,20
51855539,0.00027219339257866516,0.0008824388472475668,0.09188757636036,20
121711003,0.0002721676195103745,0.00040698749346271946,0.0037575574043183595,20
44644709,0.0002718855267115461,0.0005694410401909114,0.022988482300380014,20
81421353,0.0002713892150868924,0.000298537209273737,0.0003298978980306356,20
101952506,0.00027127638784398277,0.00027095678821526404,0.00012904185111407387,20
11675505,0.0002712374320120392,0.0003171150044748246,0.0005711452049485303,20
111736573,0.00027108316837527735,0.0008535072467926326,0.08584712327559108,20
76488846,0.0002710242441329308,0.00038073928121739394,0.002446250212405132,20
158190788,0.0002708298422979788,0.00036354736779076527,0.0017533013369847117,20
131186167,0.00027073720609527285,0.0002965497356953616,0.00031703590787291087,20
70755618,0.00027067255267935466,0.0008863311622933964,0.09398805630261536,20
76684631,0.00027028298398690254,0.0004888865305056713,0.0115192790245806,20
33333126,0.00026976075651337085,0.0003572488223817237,0.0015826417205454836,20
43905870,0.00026975578718549387,0.0003812256588094178,0.0025522076405664826,20
93505823,0.0002697288927830499,0.001114179688881429,0.1462569713156985,20
36533889,0.00026960329833108644,0.0007878580211799808,0.07120432553101108,20
44458474,0.00026949360202584984,0.00035518283261153826,0.0015254594907889024,20
38882165,0.00026919098603440386,0.00045959191680334605,0.008435533457496088,20
39283962,0.000269190959783705,0.00042908232136987793,0.005641839059046982,20
205841152,0.0002691310624723081,0.0004265829705065374,0.005450603781366938,20
31338938,0.00026905965990327296,0.00031272017864518735,0.0005424058894983289,20
100653020,0.0002690343241456894,0.000383295799262562,0.0027019959918126546,20
34854171,0.0002690042088584643,0.0004746217577450564,0.01010183451816555,20
48954421,0.00026839084044939234,0.00026760894956451287,0.00012677937461660752,20
20291078,0.00026820846359621174,0.0003595432878007695,0.0017356049592175719,20
23289151,0.00026778268129805106,0.0005620969202466252,0.023206829947135917,20
73592195,0.0002672433537736829,0.0005651259788568259,0.02394228532458222,20
38301169,0.00026722384040312743,0.000738026669497023,0.06093493920606161,20
74703758,0.0002668993686515575,0.00031160812098115636,0.0005642235892079685,20
37845536,0.00026683265072385555,0.000307540527342058,0.0005036998647417625,20
25089024,0.0002666296207721186,0.00039000589759680804,0.003240742955676633,20
143772767,0.0002666248441289071,0.0006872625733641708,0.04946912466206561,20
34653927,0.0002663055924086194,0.0003133547076554204,0.0006039752414903015,20
113967276,0.00026621858054530213,0.0006085888350690049,0.03264797510094669,20
57122780,0.0002661800924649571,0.000331948344144106,0.0009849212984500127,20
196227630,0.00026533420903684934,0.0002965479156209023,0.00038186174128063,20
93680662,0.00026523845860149385,0.00022900616007465966,2.665155972389e-05,20
18024573,0.0002650963685857044,0.00037526859210923957,0.002582610217984149,20
56759884,0.00026507923116679544,0.0005237630757704203,0.017756801979219937,20
5015269,0.0002647452183656668,0.0002533500107821497,8.280816849674035e-05,20
15272218,0.00026463381163684406,0.0004875343192636178,0.012656665868194458,20
91735034,0.00026453910001524863,0.0002556852250409904,9.19407095829428e-05,20
29438655,0.0002643721579340619,0.0004929160518075297,0.013441621036859646,20
23683317,0.00026433418926455896,0.0002352543909000192,3.759807744889901e-05,20
200451440,0.00026421644506152974,0.0005348971191481293,0.0198254081736212,20
50274166,0.00026421028273638234,0.000509617137188177,0.01586011630955844,20
60664655,0.0002639381205448876,0.000350962354669054,0.0016324195201130205,20
48442384,0.0002638063487652775,0.0003362888130482813,0.0011755150705980574,20
91515424,0.0002629789116619402,0.00027534977911572195,0.0002062867641185931,20
113766510,0.0002628332192322502,0.0003976068016047823,0.004054621026517858,20
15,0.0002625795567532674,0.0003766728913835153,0.0028345114458947877,20
12822959,0.0002622690193382904,0.0005282824147139582,0.019382681532204224,20
38440653,0.00026215402101776865,0.0003164481446894162,0.0007515413164111964,20
147137118,0.00026211377827948525,0.0002323055315933071,3.587490909942575e-05,20
30853843,0.0002618324524909399,0.0007847982775540565,0.07605347515990823,20
44550108,0.0002615022883380808,0.000537451873901232,0.021191138452760938,20
9426264,0.0002610587115719154,0.0003702954625617881,0.00261945946334859,20
43065679,0.00026094093743806725,0.0006128768599935824,0.03607843584647742,20
12021001,0.00026093748154396577,0.0006569086226085003,0.04583971691722346,20
99040103,0.00026061892952461695,0.0004319703644198251,0.0071229219629121675,20
122377350,0.0002603924794973539,0.000515002997632184,0.01783652160846163,20
107733993,0.00026028281505414974,0.00040652661153159255,0.004973826477166075,20
86297150,0.0002601686564907252,0.0002990727258793365,0.0004920876517915487,20
36858145,0.0002597191015457828,0.0006095253912143617,0.0359752335897749,20
102934415,0.0002595226861706268,0.0002953584577614247,0.00045000240376454634,20
81291355,0.0002595218736800381,0.0004101896519615161,0.0053562767049668576,20
108521930,0.00025945242144324865,0.00044613809905446326,0.008778012552969169,20
81972303,0.0002593710858571907,0.001231956862235325,0.17912194436307577,20
10222895,0.0002593596432807238,0.0004101912510607963,0.005377137144089794,20
2062397,0.00025935315695185536,0.0003852640111822479,0.003595721047862835,20
160262903,0.0002592879905077755,0.00031675506499734214,0.000830908714831363,20
196831633,0.00025926539276973357,0.00160881048621063,0.2399340536808432,20
81400350,0.0002592208738088853,0.0002788657069471102,0.00026761729962794897,20
88512090,0.00025897178452544687,0.0003177593430088375,0.0008617872336662304,20
12822702,0.00025889728832978465,0.0004536358057566608,0.009731501175618114,20
89006917,0.000258535262558951,0.0002755031853382731,0.0002444907084918011,20
91894452,0.00025853008436649836,0.00038093879451625443,0.0034054188813446473,20
116342481,0.000258042322110677,0.00037829875768485995,0.003290818367131632,20
33313449,0.00025780276682274285,0.0005862254748555169,0.031998598608871595,20
27692259,0.0002577353909054947,0.0003123621152867423,0.0007773257478136005,20
20258638,0.00025757356250304396,0.0008577816373902309,0.09756602390370776,20
12472474,0.0002573392991849832,0.0006720439590045056,0.051541315756092936,20
112542517,0.00025700956483083737,0.0003374289712073991,0.0014810021904382758,20
134171239,0.0002569771879585042,0.00022995389377601202,3.9955970328107705e-05,20
149582839,0.0002569558016878193,0.00023830887716673048,5.9220549604198095e-05,20
4664349,0.00025679712697648517,0.0003141291027853083,0.0008401568691969159,20
124126358,0.0002567883194407594,0.000798858107629907,0.08341506817433063,20
37242504,0.0002566677693884967,0.00038726553964232966,0.00398589899629305,20
18627154,0.0002560019048265777,0.000380231647253708,0.003592306978388946,20
102352552,0.0002558710548086152,0.0004132291170003478,0.006108394595127274,20
77764613,0.000255868890409619,0.00047090236410812005,0.01259084579868943,20
105203595,0.00025556340846716595,0.0003449478319299198,0.001827105792167042,20
29936654,0.00025485753129688424,0.0005128963614943441,0.019305207302619944,20
112727184,0.00025470437150246493,0.0005291333410529521,0.022201556576578227,20
110123955,0.0002543747614169339,0.0005978618420762982,0.03616755925430915,20
114920089,0.00025422502782468934,0.0005391052172001553,0.024225151092363978,20
35275648,0.0002542239119383255,0.00020149957126389543,9.668687691184337e-06,20
16873857,0.0002541705213071621,0.000385188473966615,0.004102025629710861,20
79169265,0.0002539257205503076,0.000493458976125179,0.01643291543126936,20
56854016,0.0002538078023686718,0.0002725691067045645,0.0002632445342631511,20
165992730,0.00025350950516459805,0.00043336699977196896,0.008495509224364128,20
202854721,0.00025339497826235013,0.0005270632611261458,0.02231972156616391,20
217499414,0.00025337204688369585,0.0005435879091313582,0.025424244250414077,20
61858098,0.00025328114101157986,0.00038393003028378724,0.004108247848052237,20
33,0.0002532369805511664,0.0006247005109792043,0.042840393910210446,20
116016845,0.00025314525437479806,0.0006969419630174382,0.060384060026692235,20
2862497,0.0002529384924545103,0.00031139557614095445,0.0008859871630530316,20
145977305,0.00025291486702371245,0.00032382937539260744,0.001217414292573006,20
15026516,0.0002528607469513361,0.0003637691276329529,0.0028913185147728844,20
98639674,0.00025250690614832537,0.0005096293385091053,0.019556015207358234,20
89312903,0.00025219851535934203,0.00047582426334478816,0.01425345724570333,20
46752369,0.0002520850094569982,0.0003877720846176388,0.004516585717642973,20
63205441,0.0002519418527808931,0.0004489511764645208,0.010650780755714932,20
96214918,0.0002519295201319771,0.00033890079309379647,0.0017816812906063348,20
23625664,0.0002516839332638382,0.0006836366503112595,0.058057288537413064,20
168796876,0.00025114620762373976,0.00028331622580062536,0.00041561488252789,20
27291822,0.00025044173738424655,0.0004791640185675804,0.015256557837242434,20
171798354,0.0002500554921930659,0.0005382803733870751,0.025777943960250377,20
153495323,0.0002499292848211876,0.0003699677547600233,0.0035125595935468867,20
121155622,0.0002498528394135807,0.00028287366427260567,0.0004293617515894805,20
183815439,0.00024975101715052074,0.0005965406877398184,0.03831739263016319,20
184616504,0.000249587953464081,0.0004730297060319,0.014571913437702278,20
88914639,0.00024903852357542887,0.0005651560770904365,0.03175453146005437,20
7467907,0.000248888754018578,0.000233290340265163,6.640730946406926e-05,20
96831615,0.0002487803786151405,0.00034765631470796407,0.002355886978894194,20
214496194,0.0002487463057966738,0.00030330808017002,0.0008180122815703372,20
6596678,0.0002484560947008968,0.00031904347223805576,0.0012456446085104295,20
227686907,0.00024828076323993585,0.0008529795828986524,0.10428628959259333,20
77041826,0.000248175433684536,0.0003866366296782975,0.004895359200362471,20
97885616,0.000248047357044176,0.000587378468030862,0.03715755973700417,20
65548870,0.0002477484213958797,0.0009483313617939792,0.12856235806487765,20
66224965,0.000247242212455423,0.0003738970857259738,0.004045851548478643,20
34848927,0.0002471407627671285,0.00033733302567482884,0.001985295240545651,20
112742536,0.0002469880575702632,0.0004465055384115719,0.011486464025655646,20
75432704,0.00024684380796673454,0.0003904770025174892,0.005383962908217941,20
19879796,0.0002464776780373462,0.0005215456759632414,0.024006339553039203,20
136261507,0.00024638359639301833,0.0007001074536037312,0.0660138545489271,20
68857256,0.00024603984828202864,0.0006964219612239131,0.06530931497966311,20
159801253,0.0002455599611195236,0.0004292486276843088,0.009607302041790175,20
79769631,0.0002454808257790736,0.0004395542793565229,0.010925706583254258,20
59459249,0.0002454722757026462,0.000428093878523209,0.009485937515732587,20
40047576,0.00024520450125951334,0.0010353987665995255,0.15141742242696413,20
156059013,0.0002449080076104587,0.00034643212365683974,0.002569055933008656,20
185217189,0.00024459658285992116,0.0008241447404744008,0.10007301518992812,20
68976415,0.0002445824587903461,0.00046440126389805144,0.014703857694924598,20
136678543,0.00024402347386911217,0.0006037326221654284,0.04326437665555812,20
119950420,0.00024368327350958452,0.0005085412854455891,0.022638335242281035,20
67875170,0.00024349948876629113,0.00030959564965335316,0.0011513672054216724,20
119574355,0.0002433127325801643,0.0004778347810159119,0.01726278290426365,20
87930831,0.0002431189638591069,0.0003304273318645566,0.0019235230860966171,20
5219345,0.00024289590526820336,0.0003492266790344866,0.0028794679015265805,20
37702219,0.00024288732270563994,0.00044018945438335165,0.011636176078739936,20
57200619,0.00024277685637502379,0.00046964688479051624,0.016082192871644904,20
92124078,0.0002427676517562649,0.00024652128288171055,0.00015245200270342862,20
37642802,0.00024266961504829375,0.00037577208027638305,0.004711305665537714,20
27089886,0.00024248104738473498,0.00044642363161915514,0.012613813597560551,20
100115878,0.0002423878045772404,0.0002644623659437918,0.0003056757351075177,20
145135611,0.00024216753928849033,0.0007956601175915413,0.09469758628668545,20
5669025,0.00024179387735684955,0.0003794716520132834,0.005125832244130323,20
89840486,0.00024157853766882398,0.00034501921160760114,0.0027485118396222076,20
66374774,0.00024142735268024574,0.0008807866610985862,0.11761983730941553,20
85637788,0.0002413309690089266,0.00038155340826370596,0.005366310908529024,20
141031439,0.0002410765898737288,0.0003408856615458217,0.0025623076483710407,20
30930418,0.00024085387418382452,0.0004364751245733951,0.011632162060805766,20
50655182,0.00024070037126734667,0.000495910346997652,0.02141843200194997,20
38136026,0.00024063203149430335,0.00040142536229787905,0.007394436198482535,20
36296265,0.00024058330387974612,0.0002904512598645146,0.0007524442954861658,20
32649129,0.00024056796476410459,0.00031070503912782266,0.001303647611729838,20
163390864,0.00024056573652288805,0.0020300702451641005,0.30114148122226103,20
118148529,0.0002404549252661925,0.0003727193889503816,0.004741589727316087,20
208086100,0.0002403155842049587,0.00032333702950331026,0.0017841426937818732,20
73273361,0.00024030266043415793,0.000953435009146246,0.1368562349149841,20
102729253,0.00024011859647134204,0.0015408572413178404,0.24714839470488265,20
138593146,0.00023975620935565712,0.0005536071546482691,0.03389273164924823,20
90913244,0.00023971396718438788,0.0001846543825256052,6.7986658104421115e-06,20
37880945,0.00023969176972782336,0.0004959546717063362,0.021820928550625188,20
95306804,0.0002394248663502352,0.0007942687860676704,0.09674259020510573,20
85287646,0.00023902161820795465,0.0002457306105355118,0.00017238324545413731,20
127930392,0.00023844003846183737,0.0003202684454604885,0.0017615240529418018,20
22824556,0.00023695401292274653,0.0002770142184557935,0.0005708102406802682,20
28293117,0.00023669235584256043,0.00029308515506850904,0.0009292643416617482,20
44606492,0.00023665334297251207,0.0004034982454761693,0.008372298086108782,20
115503310,0.00023645177808576944,0.0002761012389600199,0.0005649573962808579,20
100516003,0.0002360330448576059,0.0003024494113139811,0.0012249437944271459,20
53858302,0.00023588106583571634,0.0005278451978876445,0.030089251443147197,20
96122615,0.00023578780829415226,0.00048145024068255344,0.020592865687716747,20
23282061,0.00023551895462573525,0.00031199020352468625,0.0015860671563148715,20
21317811,0.000235458166068217,0.00037819326295328976,0.0059105017349368495,20
109539508,0.0002354341187155745,0.00043575504744010015,0.012956601011971982,20
13421917,0.00023542504112870067,0.0002912636140966221,0.0009226719136514918,20
118953071,0.00023530083022069715,0.0003956336660057888,0.007736333112664242,20
53752080,0.00023485707867672566,0.00029386133703723034,0.0010119452831188207,20
132193488,0.00023433160232060046,0.00016771273132804308,2.659299011060714e-06,20
173807024,0.00023408944044608638,0.00041410849949151396,0.010245372456203466,20
49489381,0.00023388052629299828,0.0004012231022807561,0.008664191582085593,20
78596973,0.00023378472933851258,0.0004160063996858056,0.010571123152001875,20
137958438,0.00023355073982629648,0.0006716706090064452,0.06821883094816707,20
58063367,0.00023348685014930315,0.00031765963663154466,0.001938089886592376,20
47354324,0.00023319591240656968,0.0005687066555576682,0.041199803423401196,20
69288061,0.0002330529842669127,0.0005727591350513314,0.04229990143098616,20
62821827,0.00023296121373460877,0.0004252485304164747,0.012075856745892715,20
82821908,0.00023289080345045287,0.000233081955816677,0.00013168888887173132,20
93341384,0.0002328718122024731,0.00040202127119565325,0.008972649912361458,20
30696092,0.00023235068905742007,0.00046182511276099983,0.01824688081140729,20
40144674,0.00023213053223699042,0.0005200095738626565,0.030214589757880356,20
125755096,0.00023208228630794414,0.00032898879169393177,0.0026079538166399246,20
213495380,0.00023176699590078675,0.00031743907557952607,0.0020362007674922726,20
93880734,0.00023145559223161638,0.0002861057850395911,0.0009161443512424755,20
231889860,0.00023135490188470886,0.0004075258087757825,0.010013231403466995,20
44206215,0.00023130189119036082,0.0004666710772275926,0.019525884690992798,20
107333422,0.00023092255914546056,0.00039061815343709736,0.008006179252540473,20
87309955,0.00023032762998983214,0.0003346782876524706,0.0030973106265616153,20
171404906,0.00023024496795298887,0.0004568364667600667,0.018100660477293785,20
48462986,0.0002298875595784816,0.0006776939834999968,0.07285971015039935,20
33041953,0.00022954089845728386,0.0003461349239544425,0.0039707734648693855,20
130824536,0.0002295078701393477,0.0003670822180914824,0.005760837989526445,20
76184676,0.00022931066407571866,0.0015882839882069256,0.2631071534913529,20
94681174,0.00022918533114353877,0.0006126644454706252,0.05536285301401558,20
127557672,0.0002289568196817554,0.00036580040026432467,0.005722561658385455,20
72780830,0.00022893830210981848,0.00038756322897411896,0.008041569636591724,20
79079422,0.00022892736889788267,0.00044940448894546634,0.01723078526828182,20
70029800,0.00022892539975544746,0.0005745287009070013,0.04537309120907004,20
55480106,0.00022887051206598174,0.0004803405208528345,0.02319111200181599,20
180288239,0.0002287009147933311,0.0004665031507326324,0.02050032788287858,20
4266030,0.00022792894578556322,0.0004997861443627624,0.02777522053053105,20
88756975,0.00022784303126850147,0.00043703151678906754,0.01544345317015873,20
217099271,0.00022782848223917295,0.0004479732348107132,0.017361148717187937,20
89731959,0.00022774136018920144,0.00035069494403670956,0.004547119236644246,20
20445568,0.00022741716247330347,0.0004084338230152134,0.011099335130828374,20
119948227,0.000227383978203069,0.0003904307496346327,0.008707843874638821,20
12272466,0.0002273390815761417,0.0004154340293083931,0.012142871003972818,20
180613345,0.00022732763385744647,0.0004510965525313175,0.018109579047070258,20
71299622,0.00022718070650524225,0.0005301299886965717,0.03523550524408913,20
94585861,0.00022692804966672198,0.0006812053692616897,0.07634644306768806,20
58285787,0.00022676977272925448,0.0004175878893997843,0.012627573457764744,20
69076848,0.00022666370932909464,0.0008195149611601816,0.11559468468891762,20
8216735,0.00022622331958809804,0.0003473457162718543,0.004463332006123874,20
22023292,0.0002261470628120099,0.0006031664418078341,0.05498369416491967,20
95539705,0.00022604292685549364,0.0005114108068164175,0.03138786524632626,20
23496693,0.0002258489098452443,0.0005050191865680983,0.03000232702906977,20
19514483,0.00022559568726512048,0.000490873293070353,0.026929279511743648,20
57868367,0.00022557041304864522,0.000489930802758155,0.026733038852891626,20
71178842,0.00022551037826121223,0.0005246957973698981,0.034859909336498324,20
35077059,0.0002253176062007506,0.000471909121378124,0.022988610403073147,20
51358164,0.00022530961402003613,0.00030061751561032964,0.0016750340939234432,20
58562150,0.00022521250564118967,0.00043756105247715375,0.01641539473336573,20
173003387,0.00022516749379660194,0.0003946800392961845,0.009750888712163609,20
69176879,0.00022496149839867086,0.0004245983829759701,0.014280234066805514,20
6015236,0.00022490554863983936,0.0003100077498099197,0.0021332454525506187,20
199247754,0.0002247916123424315,0.0006118907128379098,0.05842126039100222,20
123926310,0.00022466290861940518,0.0007997638432430079,0.11212206039428478,20
38299804,0.00022461726849220542,0.0004844442028641583,0.025979939529634524,20
51055716,0.00022451972903754502,0.00039412395218709726,0.009828765336476458,20
50671370,0.00022445471963518647,0.00035293517146811506,0.005187363816438151,20
60620107,0.00022435788706890724,0.0004638110072445657,0.021736405747126975,20
136830143,0.0002241761228221395,0.0003608268661415736,0.005985842400449778,20
104691552,0.0002240418309847697,0.0003328484948909402,0.0035985155469655397,20
31671262,0.00022392366481146787,0.0006200089834485682,0.06137949711586166,20
219073804,0.0002237420755856756,0.00030997567514363104,0.0022135333265351355,20
46107692,0.00022361940247808687,0.0018907716869890694,0.301494845751293,20
14874887,0.00022344938588248487,0.00036978329376011426,0.007058261129166359,20
108850315,0.00022278482820052846,0.0008467968757606156,0.12694711773135015,20
98484637,0.00022275999743581466,0.0003876939389729331,0.00938107803319577,20
28830997,0.0002224354751658414,0.0002909679475010893,0.0014396673431832116,20
3,0.00022242129323265803,0.0003229421991707145,0.0030810736993836943,20
56459228,0.00022235710262553387,0.0003568597762493334,0.005881426581793775,20
18078359,0.00022217747513787468,0.00047949165381120355,0.026048541848334005,20
56655739,0.00022205577443468739,0.00024301634032068,0.00031448468598193127,20
44350096,0.0002214537664854771,0.00028347459110689746,0.0012149547311405685,20
28927507,0.0002213949195235182,0.00042158028486745093,0.014909984502904075,20
18878071,0.00022126576432305312,0.0006455101125662953,0.07088619139069548,20
16093865,0.00022111734493710788,0.00048673522902395347,0.028207729312528004,20
108738762,0.00022079211298226543,0.0003241872288323593,0.003325291969860696,20
18844802,0.00022049776867851534,0.00031854072968965914,0.002976162239103506,20
132481923,0.00022033160044595545,0.0005124600431199924,0.034813399064349576,20
39,0.00021992581688778102,0.00033736022137442946,0.004436604688223012,20
88176397,0.00021943634460353523,0.00032995326246465756,0.003896988394895495,20
21880708,0.00021934368396366865,0.0004848335012782855,0.028673830365289088,20
39846872,0.00021922578639143597,0.0006338909107354546,0.069221142406057,20
167594951,0.00021918801818703593,0.00047859551028314783,0.027309724420171076,20
15750835,0.00021910015766678502,0.0005812105627368971,0.05408675257629485,20
59324873,0.00021909394587418807,0.0010936001750245924,0.19074377088310923,20
53209979,0.00021903538031657898,0.00020607949996033785,6.9133597383988e-05,20
6668508,0.00021853594803645794,0.000584318584028549,0.05539776752299028,20
106135316,0.00021848741437461016,0.0007691789289278165,0.10965296617988969,20
78309826,0.00021820982705856028,0.0012391758418086576,0.22034859641036686,20
27032332,0.00021817331584788046,0.0003419964737695463,0.005088115594234557,20
52409245,0.00021792751059609427,0.0005155654718762191,0.03703152467562278,20
149579457,0.00021756774607908648,0.0008589425331941103,0.13569997367949335,20
197031664,0.00021746210993958958,0.00038522340052184173,0.010320870081075222,20
150940867,0.00021736926239789567,0.0005151671195984272,0.03727001476275645,20
129959301,0.00021726069453591735,0.001761594240750496,0.2938404401760947,20
46207886,0.0002169642189221166,0.0012405208005554613,0.2218780125617299,20
22436142,0.00021693866586175724,0.0005917989182319298,0.058794116175557944,20
76306660,0.00021678206652676058,0.00024068698662266575,0.00035938968468460003,20
56068714,0.00021651549010357206,0.00034463662915564896,0.005593729114573562,20
28230642,0.00021630262566161017,0.0014950316022433068,0.26267563442661374,20
31134273,0.0002160452038399152,0.0004587593688819564,0.024361947237659144,20
180012343,0.00021594714835644347,0.001095846514548445,0.19459004709151317,20
17638020,0.0002157698334453062,0.0006789884886428172,0.08573779193491846,20
72190513,0.0002147331456929108,0.0002736485793495387,0.0011726499643288423,20
51656358,0.00021431405117589285,0.0002661790550759089,0.0009526181784359446,20
185618037,0.0002142392150912803,0.0019621187566306484,0.3154618513637019,20
46861604,0.0002140991074470494,0.0006171765438750358,0.06865322443017087,20
222478858,0.0002139650440351498,0.0002880273322183751,0.0017908464705527595,20
101253557,0.00021367980469970405,0.000401676656692159,0.013998799420629269,20
49112340,0.00021336333557599174,0.0005061247800836672,0.037389201531940065,20
80290830,0.00021335485127059461,0.0003328255289688434,0.004935914254801769,20
57256769,0.00021327735108917777,0.0012158006469655358,0.22120705200217705,20
50064140,0.0002131943734918984,0.0009757151689555835,0.17038316110254065,20
97701769,0.00021314362861522552,0.0004852779933017006,0.032150083444956054,20
38974308,0.00021302875356427053,0.00021429261297962118,0.0001386596951774303,20
7416496,0.00021264483019020896,0.0003262213734905126,0.004439221264747327,20
5614769,0.00021256987870625909,0.0005663640719349374,0.054810878083237,20
105318970,0.0002123246048562677,0.0003412710001037615,0.005935189774678975,20
91115213,0.00021191932695191484,0.0004978468257114041,0.036106793495137415,20
19685095,0.00021183375241014268,0.0002839562820465854,0.0017349317188996983,20
40058846,0.0002116023010393292,0.0003303159683441045,0.0049570178368164835,20
6471567,0.0002112563392162342,0.00037883849472740324,0.011011952029296702,20
37859065,0.00021096493526157888,0.00025500320393435845,0.0007601979958114927,20
30214629,0.00021091401040072844,0.0003964846562866273,0.014000046162366282,20
80399178,0.00021064008341411533,0.00048652681640175835,0.03393155038931954,20
101722577,0.0002105631970761107,0.0003258303891716643,0.004690710364347512,20
84671390,0.00021042191801251553,0.00035347015888981156,0.007694894294381526,20
2612297,0.00020982308948352125,0.000937257859776727,0.164662008933337,20
69534261,0.0002097747216378426,0.00029653002910820004,0.002556545186522504,20
128620651,0.00020970324934368735,0.0003117635665546836,0.003615277246300945,20
218673765,0.00020960960931394045,0.0003711619757077933,0.010298461736694759,20
112135951,0.00020931923659718576,0.0001828636707749137,3.0484910515398113e-05,20
64706442,0.00020928470516211884,0.0002900996982787166,0.002222036171556213,20
186618623,0.00020884722195734228,0.00033339874594341467,0.005694070789241361,20
13070453,0.00020873868566295695,0.00038036284811361653,0.01196721608260941,20
26028885,0.00020865766247535057,0.0004034120016990028,0.016038352495031667,20
52195057,0.00020797718687183553,0.00047817821517789704,0.03335712920436078,20
121412890,0.00020772995877116064,0.0003709809427950406,0.010775210687283642,20
31673758,0.00020772581500413668,0.00037762665831405555,0.011822897269386672,20
27810660,0.00020738304891992077,0.0004712865918524514,0.0319244984768983,20
108449587,0.00020737007371084693,0.0007128759656144831,0.10442309371278206,20
83822518,0.00020710239400756336,0.0020096184802587207,0.32505877613060274,20
153295317,0.0002070749190451804,0.0005299897986429992,0.04836206778513843,20
123862278,0.00020701604980202792,0.0004042122448164254,0.016803715362339714,20
9019654,0.00020691976030815518,0.00042450716347189647,0.02102508624484162,20
109723588,0.0002068425524412304,0.00032290704222532034,0.004959056038884279,20
67295483,0.00020645197607450927,0.0002983627453500795,0.002983960081478691,20
32367771,0.00020634657826321955,0.000493858777451197,0.038590422450184014,20
23696914,0.0002063414527762819,0.0006121312453503286,0.07406524320621281,20
88474391,0.00020625027020685637,0.0005716440361932077,0.061554814546793984,20
165806965,0.00020611733792061658,0.0005332249476121309,0.050039739134092605,20
26285874,0.0002059306234243663,0.0003743148706225618,0.011815030571660947,20
54449109,0.00020571560907476917,0.000468601258865968,0.03221122737344617,20
46316218,0.00020535811684176675,0.0017767916282167124,0.3056019989760419,20
45859977,0.00020531680865883972,0.000259344221517704,0.0010924812715196156,20
6415329,0.00020498231562315338,0.0004122753226654499,0.019253040962533177,20
89407049,0.00020494583982954285,0.0005340174143806877,0.05118158246174711,20
11638823,0.00020463757207036805,0.00015104714651271192,3.963514891366323e-06,20
55450271,0.0002046095400622533,0.00046209133922405697,0.03117374653374829,20
73283537,0.0002038943986453462,0.0008515708645618783,0.14884172517477912,20
96637989,0.00020357623545335656,0.0005385776442055763,0.053644262226559415,20
55282556,0.00020357236006520729,0.0008524537125357607,0.14945588946007682,20
61265615,0.00020354469845765,0.00044206731608573813,0.026727061878545157,20
28563495,0.00020353315220975887,0.0004826494565494739,0.03734579548508126,20
93915766,0.0002030581871410475,0.0005101975026495542,0.04554553201125516,20
147220326,0.00020304388397375804,0.00035615255698540044,0.009788215428620623,20
83402886,0.00020276717250738985,0.0012734664092111975,0.2425358044044203,20
55011670,0.00020255465278697926,0.00025658520690003105,0.0011177661903912339,20
4015761,0.00020240058509680693,0.0005142336196091555,0.0472303280223379,20
56922749,0.00020236761571271465,0.0004839574639928504,0.03848412401544905,20
56354823,0.0002023244308984623,0.00028817314018040664,0.002696712339875792,20
128420255,0.0002020701703135952,0.0005688308315250469,0.06431834116183059,20
32018030,0.00020203445360659488,0.00025729819951023547,0.0011665807938123112,20
88329878,0.000201992707906809,0.00016286782352017179,1.1906276837369258e-05,20
90722253,0.00020194302335286297,0.00037762040721464076,0.013638626054548107,20
66264558,0.00020179228382047608,0.0009785357776191845,0.18398402420919974,20
28430707,0.00020171652940499107,0.0005523596941256852,0.05944641913702874,20
141970192,0.00020159851364992266,0.00034812024395027154,0.008985187279690188,20
91642317,0.00020154046967202355,0.0008724799895603888,0.15727551713158933,20
88,0.00020144133576711353,0.0003323968754651202,0.0069396595531718034,20
47731815,0.00020131808553466857,0.00046807363603961025,0.034768693327876576,20
131656626,0.00020110872002239988,0.000434760502380793,0.02622970534435403,20
27892705,0.0002009914271133978,0.00015785820866210718,8.64402775294332e-06,20
20021661,0.00020070833289700384,0.0003791470509421055,0.014340365415443257,20
10638333,0.0002005660033888662,0.0003440030958640588,0.008654551162715926,20
101552423,0.000200320144579047,0.0009415804515943703,0.17666382574193717,20
167007853,0.00020025883361488584,0.0005766513888146986,0.06845156366075666,20
109122283,0.00020021878180482845,0.00048414964500160574,0.040006788226774746,20
11824529,0.00020003273289195822,0.00030296289453653663,0.004086079571889683,20
119748143,0.00019995919852021095,0.00032429465101670954,0.006264650294075866,20
158390842,0.00019966775295938432,0.000204049849610593,0.000162457971430998,20
62805199,0.0001995701364373742,0.00038073467040615266,0.015045963226791428,20
89558578,0.00019953582693901518,0.000402747882792933,0.019562313118213593,20
57460153,0.0001994298298862024,0.0005061822847328451,0.047078312449584075,20
156788177,0.00019929342299148666,0.0002881944959423377,0.002996639059249705,20
55855374,0.00019908686018371978,0.00045641058692789705,0.032996594893291015,20
154796037,0.00019896096615080184,0.0004341933437083781,0.027250026898617618,20
128346861,0.00019831457401092435,0.0003128307574621344,0.005291354354709223,20
132226664,0.00019830054448258805,0.00038759450077991754,0.01688513812477284,20
68511137,0.00019827979876585743,0.0007082842296491414,0.11289131771385645,20
85695877,0.00019823122322124297,0.00044925835067698394,0.0315940601150001,20
92211361,0.00019820399617593855,0.00262593484366265,0.36969994641199727,20
28363303,0.0001981959546488915,0.0003964083355836957,0.01877380287503113,20
152175155,0.00019813934686579716,0.0003467524621328645,0.009667225823428566,20
24037617,0.00019796444324374774,0.00046774257639906584,0.0368629080419038,20
6215134,0.00019793911141806897,0.00027237720614312256,0.0021071259447649235,20
39241103,0.0001977172409656308,0.0003730783508252855,0.014261748237768912,20
25698343,0.00019766375611394993,0.0004888544682177352,0.0432105925237326,20
32,0.00019731553287394843,0.00033312340219850513,0.007918532762280703,20
41887474,0.00019721715183893817,0.0006432568687204897,0.09315834809247434,20
33473488,0.00019720543773173171,0.00047338579156484193,0.038996387317871056,20
4063134,0.00019720247477282015,0.002122234408814031,0.34119370814471195,20
12689512,0.00019708541933801115,0.0003694800069731306,0.01381259505755736,20
118345446,0.00019693528243091562,0.0002250208232524945,0.00046630272263202646,20
123874968,0.00019657812834193155,0.0003960732589101711,0.019406980937564496,20
163303962,0.0001964270860071643,0.00044918647517625443,0.03268752903021804,20
11420374,0.00019639676506151004,0.00024522848928321687,0.0009949849700041779,20
6468261,0.00019601658267216215,0.00033854961145363615,0.008995189985926641,20
53997302,0.0001959506493648039,0.0002738003812235604,0.002354071839005888,20
107339788,0.00019589920375673585,0.0006160943020091696,0.08561717189854291,20
81106327,0.00019583037922767942,0.00040722711656066034,0.022295852761381182,20
21481585,0.00019566905638746245,0.0003421448658185662,0.009623718471948244,20
75505096,0.00019546072248351754,0.0005500139359471234,0.06424936937437353,20
40538298,0.00019529087331315309,0.00025232924069841994,0.0013077793224111774,20
151777414,0.00019506730626938918,0.0006099034527725514,0.08443034312666148,20
11220127,0.00019504894902465652,0.0006381993242659719,0.09382352506456126,20
77107794,0.000194812113118098,0.0003646742887485725,0.013710941099150211,20
73473494,0.00019476555293960473,0.00035452727177687015,0.011902491723354003,20
77664095,0.0001946216167987902,0.0004055975866850233,0.022505656758831916,20
3212105,0.00019419317226100074,0.00017567495088476658,4.509583605001502e-05,20
55058785,0.00019400513204189396,0.0003324625738476201,0.008612961107200988,20
54454187,0.00019375302139764127,0.0007427318905931119,0.1288981908682086,20
52466430,0.00019341900137832824,0.0002737360778279282,0.0025781786864070154,20
85449760,0.00019316093433782434,0.00022966820109108292,0.0006607942421577363,20
80706259,0.00019309541244262596,0.000415256513854382,0.025674082521428047,20
47711490,0.00019305443461079262,0.0003290863359133439,0.008361600385889952,20
33536376,0.00019274021078890814,0.00046468942986469723,0.039596668072204945,20
8016897,0.00019260503700814778,0.0007747248009576995,0.1400428994961696,20
151392542,0.00019259147490802985,0.0003959590173589855,0.021222937833158154,20
60889219,0.00019243887895417088,0.0005193899322320826,0.05697334652964593,20
81512894,0.00019195977854728207,0.0002598734953699273,0.0018682430265157712,20
89292637,0.0001917577016907479,0.0004368810165642659,0.032232045751755284,20
118133154,0.0001917511475955064,0.00034208632363119873,0.010715745115571218,20
16626390,0.00019169979525890946,0.00025053515207016237,0.001429589034071676,20
121087682,0.00019161368745669317,0.00028068917489092497,0.0032731474393061463,20
180424382,0.00019117473283698783,0.0005072478085378502,0.05412425008525709,20
35639595,0.0001911148103218102,0.00035951735970112344,0.014048542285464965,20
77708940,0.00019105323855173607,0.0003522959597787975,0.012714871032844976,20
30895466,0.00019085948707407152,0.00035517024642022524,0.013313257341725586,20
19858547,0.00019073137863027113,0.0004096160175818564,0.025531314639283993,20
28527335,0.00019071921715655137,0.00034470485023045205,0.011473004839355467,20
1413084,0.00019064191206007164,0.0005949904016935627,0.08406454964649655,20
18482665,0.00019047023701238285,0.00037295573706783684,0.01702684178542788,20
98239298,0.00019039803782341935,0.0002495578514983313,0.0014620718570995499,20
29619742,0.0001903091037439436,0.00034191750452127915,0.011121232266453118,20
30289511,0.00019019183710435316,0.0008132726097758334,0.15437630339683764,20
101442703,0.0001898742986556956,0.0005639221669146773,0.07428393200214695,20
200119,0.00018981143523315037,0.0006149963753559348,0.09176393085561702,20
128718671,0.0001897913406755103,0.0003255435181610561,0.00865761745434381,20
32536038,0.00018974152131070177,0.000286083975171522,0.003967529227672902,20
190424966,0.0001894562005549466,0.0005186669629434838,0.05940632991397892,20
21891943,0.0001891862216591822,0.00042355931660358683,0.03014607860907452,20
49864134,0.00018892503018374252,0.00021743761068676655,0.00049738140216046,20
82721313,0.00018880335139655479,0.0004440484215627614,0.03625621373801416,20
60086206,0.0001887950868719207,0.00030161796676411165,0.005720627930109378,20
132073441,0.0001887290083483817,0.0005954749197906778,0.08627946471155651,20
58662069,0.00018864845513164586,0.00019276782898897533,0.00016228283642710347,20
18680129,0.00018862902552631844,0.00021292209644272413,0.00041793789726491087,20
105957432,0.00018862554784931652,0.0005922539763292024,0.08528587737432285,20
104003048,0.0001885037923052779,0.0003386862213696892,0.011123334517838252,20
170600329,0.00018847126812323312,0.00041743604796514556,0.028903111083958304,20
9845979,0.00018831663122785002,0.00019540447916306625,0.000188872335732471,20
33249945,0.00018816284079717084,0.00030388747639655477,0.0061091717307362094,20
16223410,0.00018813689027969704,0.00030412717090956255,0.006143286050618296,20
224682759,0.0001877047193227177,0.0004228350132288092,0.03087051842240843,20
210064119,0.0001872708016596697,0.0004476349516326336,0.038417720746115186,20
32875190,0.00018708528303654491,0.00028594161477441666,0.004334054789800636,20
96988898,0.00018696851577463814,0.0003773426906127158,0.019553252072317732,20
66672009,0.00018687841067906996,0.0004012059359601149,0.025495913321875244,20
57323170,0.00018674332032704853,0.0004751190893865359,0.04744504534653781,20
48911866,0.00018643507904337331,0.00033784465614287735,0.011629881293087964,20
110254329,0.00018632654215272327,0.0002471134185113335,0.001600233035991292,20
202237207,0.00018610273729227633,0.0005426809453123548,0.07080090140734795,20
155697818,0.0001860900395638465,0.00022988314044268413,0.0009113787340015638,20
29893461,0.0001859180967140245,0.0004584808132218296,0.04279199709341239,20
189623964,0.0001857960284073007,0.00036927203029046786,0.01824234703995917,20
46065432,0.0001854763551683458,0.00022124256499149225,0.0006792777664891431,20
62691829,0.0001853528196980897,0.0003492112727716645,0.01415461997783854,20
98525695,0.00018526007330397777,0.0006107492942057163,0.09541366601469331,20
188019647,0.0001850120362763108,0.0002579277779961535,0.0023158618533942847,20
24287468,0.00018495171016355284,0.00022741452635576144,0.0008769558050696584,20
1464986,0.0001845315578939355,0.0004352161021535737,0.03662382051487704,20
242900951,0.00018427133697374308,0.00036009692130880194,0.01686838971646138,20
57259991,0.00018410967631274922,0.0006261051223096957,0.10207117984017844,20
99,0.00018386690818648354,0.000538027576204292,0.07145540932095623,20
65148643,0.00018381845810855059,0.0003122571086267457,0.008199969512785342,20
77077751,0.00018345739570264086,0.0004260388792846598,0.034616619221560944,20
53410085,0.0001833273238698252,0.0002918283376528377,0.005595922936384508,20
122979329,0.00018331884460751345,0.0003395097285827873,0.012997535432999675,20
146736298,0.00018326677773674026,0.000954250423674834,0.2005544346236111,20
40943918,0.0001832609353749237,0.00039802873213563405,0.026731024899196196,20
50455148,0.00018318165454779268,0.0007750074103410349,0.15187448787436883,20
112300774,0.00018310792124818508,0.000844463314184299,0.17218750765205615,20
97283543,0.00018296111091685717,0.0003131705603819272,0.008557003320386582,20
11669216,0.00018289077233218375,0.0002326184884817669,0.0011546664655405835,20
97128452,0.00018271996503295418,0.0002568012249931434,0.002453953003353705,20
53447256,0.00018264526798609238,0.00043719246311746705,0.03860883999509188,20
7205148,0.0001824948115360131,0.0004450314477257151,0.041190941027821504,20
100551588,0.000182182452616636,0.00026010102647631425,0.0027419064172012164,20
2213753,0.0001821216499960976,0.0002498201533453828,0.002058931385376942,20
11420080,0.00018193185203213002,0.0003084966811231908,0.008117100931173833,20
233891869,0.0001817393134023265,0.00039436351912131544,0.026632348631811194,20
18444280,0.00018153411851490607,0.00044049289318504156,0.04049081739780678,20
86838338,0.0001813964198764173,0.0003477309900875445,0.015398715179391429,20
96922939,0.00018127565247076093,0.0004610896494823948,0.04740567097370212,20
30472748,0.00018088924227983584,0.0003731501639690898,0.02153557323009745,20
77564571,0.00018062666963296337,0.0002727031323115862,0.004002189934070514,20
35497508,0.00018042445491327775,0.0003049073686264793,0.007963048915873428,20
5596138,0.0001803865049142317,0.000265743901086049,0.0034009391208403746,20
29671327,0.00018005300462286823,0.000309247209634525,0.008721371641731823,20
23081138,0.00017999638938532292,0.0003147049602579606,0.009617934088515901,20
60003107,0.00017996685133529755,0.0003748731985952375,0.022458514650668997,20
33695130,0.0001798746886448155,0.0004106225465490011,0.032474776436798594,20
62656820,0.00017967472206921188,0.00026449585497163056,0.003383700981111057,20
107406663,0.00017965978814187266,0.00028978117269220214,0.006061964977907113,20
40738610,0.00017959223776950196,0.000503064109301257,0.06343365943521581,20
118210835,0.00017957146956040781,0.0002383801184888628,0.0016118092811184144,20
86493701,0.00017918546304504236,0.00035896060891823427,0.01891060954096219,20
128269592,0.0001789842587881202,0.0004100504320890272,0.03291383142343633,20
96482880,0.0001787870320247631,0.00027035704745019404,0.004044162687604286,20
101351995,0.00017858804498487312,0.00022388037989225224,0.001027670175357516,20
31893166,0.00017855280266129703,0.00029233317677452577,0.006627617258671943,20
48468977,0.00017836209069042319,0.0004598736934076358,0.04951031214101421,20
70555521,0.0001782394870452092,0.0004396772176551432,0.04283549544784663,20
150492978,0.00017803457848118432,0.00020705181531656134,0.0005453466535350141,20
134363401,0.00017781055531549406,0.00021134809917347874,0.0006589585927570023,20
26489691,0.00017767577040212756,0.00037309769413341543,0.023244407481579167,20
155772027,0.000177636551622809,0.001346478718904667,0.28107309910525846,20
167671894,0.00017745986432578798,0.0020951103607310707,0.35451862311869464,20
116752237,0.00017729569522382526,0.00036996685974197136,0.022630339272228628,20
228711014,0.00017699181273974628,0.0003061538183523377,0.009070522037429892,20
235316185,0.00017679137894743846,0.0008696013419737806,0.18731893817375722,20
26122324,0.00017673874196990347,0.00016176877608755193,5.130342873093609e-05,20
84291241,0.00017669693774607643,0.00026626982830638347,0.003953293167498402,20
25888180,0.00017605368877311733,0.0003580050413348734,0.0202218488543995,20
91582159,0.0001760173566386719,0.00032969169111678507,0.01375223017457027,20
8217341,0.00017581838764855196,0.000326837867684459,0.013243679865309731,20
30670163,0.00017577661788590603,0.00027096955895053253,0.004578741917486131,20
177820169,0.00017558286333517746,0.0005102644885312605,0.0701622938383217,20
38739912,0.0001751307875243191,0.00025849264619525174,0.003444776448626969,20
78899326,0.0001750111609952365,0.0005516550278497863,0.08608061985810064,20
103152975,0.00017498833197801544,0.0005501252143629044,0.08554119221853658,20
62100799,0.0001749744686470378,0.000560363101178046,0.08934278340507548,20
104755251,0.00017481263500254972,0.00032374818133838,0.012995939870708392,20
66308065,0.00017424484440306255,0.00033418491005995395,0.015434900088268444,20
43685314,0.00017419525422246728,0.0003484360130032655,0.01878139610919393,20
137992493,0.00017415536807378063,0.0007297509480791001,0.14961037419664883,20
47266614,0.0001736598312378934,0.00031481039288877783,0.011652131382869928,20
206059608,0.00017357381060970344,0.0004407924888693249,0.047160349114742886,20
76501309,0.00017357110943494182,0.0004525788338632673,0.05129227571403714,20
59887911,0.0001731429566908832,0.00028200358484534676,0.006426043686163153,20
69474522,0.00017310641909600578,0.0005031240300115925,0.07018327254716097,20
18880785,0.00017305222440327784,0.00029495988726392874,0.008356814373479505,20
100351568,0.00017271364987253291,0.00028720530457034666,0.007259250609957346,20
42140266,0.00017232731243935206,0.00042294992359511265,0.04210739693896463,20
61087371,0.00017225394433435516,0.0009175688754248464,0.20580078121330253,20
140166713,0.0001721472647810335,0.000646019989773685,0.12402496656591093,20
47052067,0.00017202196058461184,0.00026517181260466316,0.00457767090305015,20
53657043,0.0001717209801384789,0.00041076999276622113,0.038518305038543504,20
100315894,0.00017157868783419518,0.0014446065745517993,0.30072997903299903,20
60049079,0.0001714819497602549,0.00028404771279440076,0.0070967014213836116,20
11019735,0.0001713841527660409,0.00042411414897486333,0.04329759327423226,20
127145909,0.0001713838442898713,0.000197928700594513,0.0005127694727541737,20
90678396,0.00017131959957628894,0.0005768645616408774,0.09993110740392173,20
154496520,0.0001711746871939257,0.0003091002356393647,0.011419105110788173,20
128558727,0.0001706404200207401,0.00034353135442689923,0.019335674356898834,20
64253647,0.000170640200911093,0.000620269474459814,0.11679761194076607,20
48835476,0.0001705401135642437,0.00031498815119642413,0.012821075161313424,20
58269168,0.00017001585106126148,0.0002421539005882218,0.0026965765965134975,20
133482446,0.00017000694608907964,0.0004967923908629857,0.07119803815474327,20
82695068,0.00016990691730588424,0.0003520911371464147,0.0219637339269933,20
83285801,0.00016987961964742837,0.0001973680571312076,0.0005405244108830338,20
121925008,0.00016945137752205354,0.0004354043728421344,0.04897375112563302,20
78,0.0001693931468320642,0.0006088908265219736,0.11428813737117595,20
106532398,0.00016873507802699916,0.0004358402312965952,0.04979493933694713,20
132560452,0.00016870128107653593,0.0002929259627108451,0.009262185147706546,20
166798929,0.00016866791676762305,0.0003223285521381713,0.015170221843152686,20
63605833,0.00016866123443693427,0.0002539702468256227,0.003933916119886317,20
156783292,0.00016864860497976252,0.000548249809468705,0.09246056965717697,20
8669116,0.00016864008109311878,0.00032693150748462787,0.01624655848115796,20
67064654,0.00016840021616982282,0.0003825108539609342,0.03186571886508808,20
127477803,0.00016831437774023905,0.0003536567171267657,0.02330491617901112,20
113343409,0.0001681092202219986,0.00022248431784311249,0.0015747557762747352,20
124754548,0.0001678660049504871,0.0002636431673725637,0.005149404093213919,20
212494010,0.00016784754498192777,0.0005226694958440141,0.08360906211695496,20
69478832,0.00016784459934678087,0.0003109126351338612,0.013010476676699448,20
97990461,0.00016772686423039695,0.0004639704274038055,0.06121365425566854,20
84491522,0.00016757744641135718,0.00021653147895799436,0.0013082481155686017,20
179409845,0.00016748559621140025,0.00038188758847125954,0.03232978061159606,20
53319203,0.0001674221703409584,0.0006653197833105247,0.13722270780076182,20
65863349,0.0001672019943717712,0.00026235703568876293,0.005119743648743441,20
34334556,0.00016716139753103764,0.0006162040407744924,0.11996370472471445,20
88498855,0.00016715286810324858,0.0008329275128000306,0.19034910083928486,20
104135940,0.0001670958852917348,0.0003112467875308183,0.013377186097976114,20
103929897,0.00016676667217808416,0.0002947321918363705,0.010193238772973104,20
129671311,0.00016645525621053204,0.0005121863506500384,0.08121577495994924,20
58324690,0.00016644695533066521,0.0003395236986097816,0.020501902968553514,20
34498398,0.00016643903289010332,0.00020326828597644364,0.0008288889678005698,20
40053748,0.00016642330363141888,0.00037224201026072224,0.03003490794654211,20
94906455,0.0001661889657028237,0.00033927197056348314,0.020575256538968526,20
111740881,0.00016609174918482962,0.0003590520101284644,0.026227275941342627,20
57,0.00016599946098662665,0.0002835828582700184,0.008464015213413922,20
148782358,0.00016592344945363658,0.0004638067422132276,0.06306160138451328,20
19821185,0.00016587788694439609,0.000370916656668443,0.03000178029879951,20
24406124,0.00016574396637804577,0.00047372377673084414,0.06707977493738905,20
61927169,0.00016543452676490988,0.000536993337881571,0.0921456461418945,20
50935057,0.00016518161541284048,0.0003804599216380326,0.03357938258986698,20
104198108,0.000165158127410861,0.0006142712121024864,0.1219869265044713,20
83716233,0.00016506996328118084,0.0007264831144077084,0.16116207470995486,20
183815561,0.00016504450616757483,0.0003104276051906378,0.014037981330010352,20
113807911,0.00016491262428575958,0.00016943630374008324,0.00017132690441266197,20
8617183,0.00016487919018265683,0.0002605543319110876,0.005350312829524901,20
181211581,0.00016485616625533384,0.0005146988135132647,0.08413737424355722,20
7066164,0.000164759370987419,0.00034400943448202343,0.022687366668183797,20
80419872,0.00016464713929322528,0.0004014744454388402,0.04117906168334,20
131456378,0.00016458426680101556,0.000537809984210872,0.09354611196450414,20
23482110,0.00016440863441950782,0.0002555519982286767,0.004825577159146641,20
70467898,0.0001643863647102811,0.00038518952978117707,0.0357714546168097,20
32035421,0.00016420964588960695,0.00032987319340688274,0.019148966075638967,20
201052249,0.00016405881250105558,0.00039421270303921393,0.03913367551883041,20
83686338,0.00016392406339348352,0.00043746475979491246,0.05508093393241266,20
146378480,0.00016371418136278958,0.00015616523189052162,8.004437878781351e-05,20
11271614,0.000163692908296445,0.00041889267755757144,0.048338117064133046,20
20846666,0.00016364982801417294,0.00040247245347749993,0.042400318028625664,20
131350011,0.00016361262915962348,0.0003064106616814831,0.013741957710699271,20
125984547,0.00016359083558476484,0.0005914766958634941,0.11559663476543204,20
116151707,0.0001632833449824622,0.000496594820801564,0.07890147901462807,20
104803458,0.00016311746732708686,0.0006912466077540423,0.15225803393325965,20
152593741,0.000162788223006341,0.0003297110474203817,0.01986618325537427,20
7016540,0.0001626911975692813,0.0002504902495552563,0.004543055295949435,20
73431580,0.00016256425708704447,0.0003055599918277696,0.013992171132251366,20
138479807,0.00016248724915800538,0.0002562108523885869,0.00527803904920359,20
7466155,0.0001622641523543966,0.000317131219868541,0.01687835441864853,20
111540832,0.00016218821962934172,0.0005189053131170306,0.0891398344255014,20
193827754,0.00016182042677413688,0.0004338233757358457,0.055841290689564754,20
75840556,0.00016154191739946587,0.0003932545898689948,0.040946469345888706,20
63853535,0.0001614651851019583,0.0002143344573635106,0.0016112559166442505,20
52919096,0.00016140131736962492,0.00037418357097399415,0.03440088408136183,20
106004039,0.00016126188990336354,0.0003446164221790715,0.025015122719493826,20
63622181,0.0001611734243107621,0.00035210669678325895,0.027367613127429018,20
46048613,0.00016116750110376776,0.0004929355531807546,0.08001741953354853,20
93644159,0.00016111549026985307,0.00042549925865821174,0.05335785511366216,20
50314238,0.00016096194153876752,0.00030281226936421915,0.014052487658255675,20
133771154,0.00016095271368442575,0.0002828549006947519,0.009888457331506166,20
169810416,0.00016088780606479113,0.0005341095375109722,0.09689409856541574,20
91334498,0.00016072997841016511,0.00048703090493372545,0.07817663575424322,20
175616066,0.00016060714822414002,0.0006979988318970434,0.15819562883613175,20
115720514,0.0001603990822127449,0.0005101224337273908,0.0879068002884918,20
82903387,0.00016038643580495448,0.00018995764406404337,0.0006390186566440699,20
35770896,0.00016023777138205185,0.0009866054969407422,0.2382437675880627,20
16424407,0.00016004536618105525,0.00021208959376030394,0.0015905628632903281,20
106535402,0.00015999428988451304,0.00040650840624137445,0.04723608649198663,20
38044662,0.000159992896098618,0.00023762456127693644,0.00359151036121835,20
53138653,0.0001598902614248998,0.00027239526445800897,0.008334343695522866,20
76488207,0.00015971653402560847,0.0005812262488301333,0.11705487819273068,20
85887865,0.00015961930749122942,0.00026554135492631815,0.007276795120250398,20
46145480,0.0001593153703651623,0.0005947314632662561,0.12282683599535411,20
179409742,0.00015912202584004165,0.0003024304276243325,0.014774361223703807,20
128478326,0.00015906174448644396,0.0007826946378642004,0.1874091193088943,20
48331034,0.00015889176654348413,0.000543710638532884,0.10341893928799598,20
118018872,0.00015888113667309188,0.0003029201533700654,0.015000599492882207,20
175607946,0.0001581055967069034,0.00027474785130230056,0.00930287628870068,20
14441022,0.00015801313025789188,0.00036287938072395093,0.03321245635110941,20
142483643,0.0001579770855652224,0.0004617085075599372,0.07122646473447616,20
143847770,0.00015780445511228146,0.0004049849445319911,0.048784148173959804,20
25234253,0.0001577555073336928,0.0015829528080948672,0.3304295638217408,20
58886919,0.00015769031727002057,0.00022097529816187975,0.0024031625984795623,20
138564590,0.0001575914453367827,0.000248261531645817,0.005247867072327467,20
39107814,0.00015744630261808613,0.0002800353288127137,0.010544858778421986,20
167908915,0.0001574329393853685,0.0018351741021255688,0.35274919077399525,20
71413483,0.00015740912176047395,0.00029026955941042213,0.012717589191346608,20
6020084,0.0001573968522344038,0.00040095961085223923,0.047638524308919517,20
4013687,0.0001572254628845027,0.0004030030365183679,0.04859276006789981,20
106312642,0.0001572097857892002,0.0005188332928650996,0.0956416835072039,20
31254019,0.0001570989961725805,0.0004686431446044725,0.07513315010818127,20
63088455,0.00015653696847314213,0.00023330001223526917,0.0036754663474838248,20
48267334,0.00015630336567324098,0.00028192844787275264,0.01135229727176771,20
132170219,0.00015618453442302338,0.000252464458214685,0.006141668102837294,20
111247577,0.00015601444546302357,0.0003361423168455385,0.02587198387151358,20
23825734,0.00015575679387171693,0.0005521228572998967,0.11117871714473854,20
90432762,0.00015569232338853988,0.00032213738293642173,0.021817680150122684,20
95521863,0.00015562620812696604,0.00023684880341590833,0.004216466232901746,20
42456634,0.00015559269355524264,0.0003002686765502844,0.01589956961776255,20
46374789,0.00015548282631734078,0.0003418957571866275,0.028089580934365744,20
196042631,0.0001553744340734936,0.00046828039577518824,0.07712511846324303,20
163791070,0.0001553242703073332,0.000818870769357011,0.20342133936187112,20
64661527,0.00015482122377763474,0.0004015857147970777,0.05045960182147055,20
121351589,0.00015481262190936151,0.0002480732561232747,0.00582637557010912,20
139768538,0.0001544138152245411,0.0001575001892303278,0.0001593806732051237,20
218699815,0.0001542223064924908,0.00036939300697632065,0.038695841372789835,20
2463749,0.0001542086201537285,0.0004502564430852272,0.07104322350774026,20
6266066,0.0001541357429200807,0.0007002311639563491,0.1686417663951138,20
130748733,0.0001540775880115697,0.0002742820152177706,0.010593616187436976,20
44650118,0.000153928369256795,0.0002693460761082337,0.009660364470782166,20
17099258,0.00015392828844870422,0.00037328029920387856,0.04040570584907424,20
173206902,0.0001538203312231534,0.0003243691631820737,0.023662633653942482,20
43926428,0.00015373259847286936,0.00027089220996729166,0.0100323582740153,20
50089761,0.0001536429770660458,0.000258309620727541,0.007732068271058117,20
86693880,0.00015361694992711283,0.0007748563584723015,0.19318676171481436,20
83522357,0.00015356674424939765,0.00047701609300057266,0.08310964775350693,20
149453450,0.00015351234502236633,0.00028609215549376223,0.013411603784865727,20
49,0.0001533933186180253,0.0004542871627325918,0.07374141518144059,20
78244157,0.00015328379585577423,0.0005387166478700389,0.10927761054373845,20
41449771,0.00015324219929318538,0.0007332037959086662,0.18083753517942963,20
41059147,0.0001531352922737067,0.00048682447152381957,0.08782371526319657,20
169797512,0.0001528574081760714,0.0002634550347798308,0.008891696328887023,20
82715770,0.00015270956797444336,0.0002997354255008176,0.01721826185077173,20
2263913,0.00015263350354642325,0.0005643439948563182,0.12064505381501443,20
96447881,0.00015246339403310604,0.00026984879871820117,0.010273484182104229,20
52395132,0.00015237486203689422,0.0006709904268650141,0.16129531924508994,20
32094593,0.00015199721665277722,0.0003396525501895087,0.02992439761877922,20
90408943,0.00015195895631177347,0.0005147072126434956,0.10120587103352581,20
155658806,0.00015194944550653565,0.0007159387692285711,0.1772291408796125,20
48947225,0.00015176934372362894,0.00025543142244315346,0.007779220596611927,20
38245701,0.00015168381295433965,0.0008292971184988754,0.21175363695136068,20
84203322,0.0001515800074609386,0.0004974002551341204,0.09443122909739811,20
59463836,0.00015157021609187027,0.0014399292119412763,0.3215903080109706,20
227308814,0.00015156054575336808,0.00025664836152317614,0.00805502542393377,20
1062638,0.00015151171854668467,0.0005001576773118287,0.09569660474903684,20
175808334,0.0001513318808687908,0.00023667079418020662,0.0050149631560561,20
42796789,0.00015119519160714244,0.00031218564483624634,0.021622783216676385,20
50155353,0.0001511130977955799,0.0003473601091068263,0.033329522808659535,20
30697009,0.00015110972129659116,0.00031016955428604675,0.021072555899152592,20
109760964,0.0001508586786767907,0.00032388973391880973,0.025500419918223924,20
137758160,0.00015082657929166022,0.000690409331506319,0.17042735265994402,20
118372432,0.00015078528411770485,0.00018888066111656885,0.001021256244266506,20
50549476,0.00015070580946724145,0.0005789463594630358,0.12938804229174194,20
16032193,0.00015053884097526726,0.0003909972708624264,0.05067079160995768,20
29239679,0.0001505244556564256,0.00043103166091275943,0.06742408762299973,20
91381882,0.00015048423729250026,0.0002783141937202492,0.012907278330756234,20
143772471,0.00015043844221786785,0.0003600642081359027,0.03859531974712887,20
63020950,0.00015041598472882722,0.001088785156179584,0.2720122424809531,20
29470994,0.00015015167273184083,0.00017835910382940265,0.0006553762362799863,20
412299,0.00015006590073507464,0.0003347070695191371,0.02970618987321075,20
81067449,0.00014997969527192067,0.00035775237977324494,0.038135723415572836,20
3014452,0.0001498543331500235,0.0013423806376444442,0.31167116291777097,20
11621846,0.00014980302259604282,0.00037401571898890525,0.04460232632309244,20
16882702,0.00014979526384688858,0.0006701010554539459,0.16500745811464412,20
47888261,0.00014972391783646123,0.0005418157456131798,0.11579401692229943,20
103091059,0.0001496934625552754,0.0002977215835155935,0.01829957578044229,20
6417732,0.00014957027923626632,0.00030486198644946987,0.02043190855795657,20
34914132,0.00014913928783817643,0.00045497309606006676,0.07950740783407836,20
83908464,0.00014904997653795993,0.0004598268791685746,0.08173620189937905,20
45527127,0.0001488932820653377,0.0003682210450779419,0.04320421367427236,20
42648863,0.00014876226846120832,0.000379106709263683,0.04769663151828181,20
55668480,0.00014835004567953503,0.00035724721064429,0.03943472743087111,20
140265434,0.00014830200077208254,0.0004931723837845355,0.0972595321615412,20
144372769,0.00014819778688061614,0.000422091939313462,0.06643867235662165,20
9887653,0.00014806657677557676,0.00032181340042384805,0.02680645118274645,20
40344920,0.00014802462613828504,0.0003756147664128125,0.04704029197121335,20
158774640,0.00014795810221456817,0.0002738790003279284,0.012963658576492083,20
55459364,0.00014773772080069748,0.000506471158926718,0.10381839119688076,20
31967447,0.00014755703661695763,0.0005865716041282476,0.13729957849905783,20
107848919,0.00014748460610491954,0.0003348678987394661,0.031817149475254346,20
33568732,0.00014740009105627117,0.0002139159122603331,0.0030712071483559515,20
29735902,0.0001473269900170465,0.00038368789480173684,0.051100425399236316,20
145577095,0.00014720503031194487,0.0002892668469092617,0.017311457990233172,20
87109589,0.00014705727496301392,0.00027310058722116815,0.013177836928036165,20
109405015,0.00014701933868793704,0.0004383494934654976,0.07503417080766826,20
93336933,0.00014679958117984893,0.00040194441486091786,0.05943077225595361,20
73782191,0.0001466560979173831,0.0005076844901623439,0.10594679183308889,20
48317492,0.00014663688137163955,0.000503989554631278,0.10437809152533171,20
40690226,0.00014649446877104121,0.0005405117416292974,0.12016995231961311,20
68028283,0.00014637235788990123,0.0003059026793583732,0.02277769980658575,20
200835590,0.0001462293018939187,0.0005424021449110475,0.12137302584015519,20
52350956,0.00014600291973405622,0.0002920667268074806,0.018788030581774157,20
34656812,0.00014582920396738198,0.0001890602422813831,0.0013429068510534528,20
74493432,0.0001458121660305012,0.00048671834999988636,0.09806227512944557,20
811215,0.00014574911612846576,0.0003331457328787554,0.03263176009749962,20
114102167,0.00014561355698246292,0.0002339632489987759,0.005922529035862266,20
41261072,0.0001454407791780271,0.0002945082206541449,0.019845944156956542,20
122177256,0.00014528848140594742,0.0004766830272185952,0.09439934918082948,20
22881112,0.00014525210859294145,0.00032744712979553714,0.030958862146914148,20
127869519,0.00014511723948019696,0.0005252736562136243,0.11584892517826277,20
233291095,0.00014502511290610532,0.0002639654515735282,0.011897746636444577,20
178620761,0.0001449485766605335,0.0003326224601163183,0.03311769556425401,20
80399193,0.00014492694225283487,0.00032141827635100145,0.029054454203811916,20
79711059,0.00014473259967638375,0.0006523874048007419,0.166797067225483,20
32271517,0.0001444726486095782,0.00028313476088754935,0.01709601731777656,20
39301123,0.00014426680836704953,0.00031315884508038985,0.026669735963929894,20
157974156,0.00014416239629811144,0.00034628709760172523,0.039087303671094115,20
40259864,0.00014413739888155254,0.0004116787600072504,0.06695079459632786,20
43849406,0.00014389025552208334,0.0003491257886830689,0.040481108894485085,20
83304209,0.00014380769501559643,0.0005330086984389539,0.12119795500674338,20
99652160,0.00014378137576597506,0.0003828622216161588,0.05471390823466787,20
78880320,0.00014367229412854676,0.0003340099303000242,0.03475543941328398,20
125417543,0.00014362073237714768,0.0003797537473524111,0.05355508942136705,20
27900578,0.00014321826196573296,0.00028340552093535494,0.017879794093502,20
133459465,0.0001431644955144279,0.0003000444045943881,0.02305332517271042,20
5016279,0.00014311615255948595,0.0003148821888728904,0.02815346187965479,20
122125418,0.00014303064060396385,0.00034697997345350983,0.04045685263938709,20
172078262,0.00014297459487769558,0.0004384202421496523,0.08052879223617486,20
8006898,0.0001426641942747442,0.00033459357618774216,0.035889553435052506,20
90301209,0.00014255587261673974,0.0005973135152569402,0.14959925321725792,20
47546434,0.00014233444459352262,0.00040885745380393095,0.0680006442746616,20
73140219,0.00014215843649003078,0.0004010754063244554,0.06472134541915074,20
101151879,0.00014189880416830004,0.0005272906564464246,0.12178336815411128,20
164467850,0.0001418460611246758,0.0005193210852741279,0.11841705508641455,20
210092916,0.00014180823550911104,0.0003391001577284479,0.03847171809756319,20
113718614,0.0001417714419245125,0.0004217614009302331,0.07460483568046004,20
45668615,0.00014164890264385666,0.0003380468220784613,0.03820224656260623,20
25840664,0.0001414137224313744,0.0005126775054675296,0.11620390283792463,20
56646809,0.00014124344492152108,0.0003989710823939172,0.06493722025330163,20
156998495,0.00014122092673110874,0.0003541035515348401,0.045240060362681044,20
80114169,0.00014114713436463866,0.0005508026147523069,0.13300869133675947,20
23886345,0.00014114625528776348,0.00024244239087967237,0.008725143054444896,20
200435300,0.00014114543950634605,0.00030748901256147165,0.02706066337958542,20
39641863,0.0001409841971543535,0.0014316231408234377,0.3323050735376845,20
41647688,0.0001408503722598181,0.00041317566263911914,0.07192361964249212,20
76018396,0.00014084648059394244,0.0005688288875838809,0.14098561383822242,20
17853714,0.00014056504695179328,0.00036476532308077646,0.05052847440598075,20
44551468,0.00014052349757113226,0.00035526500195158604,0.04647793293034215,20
78690509,0.00014048687327647413,0.00028970756000372313,0.021503944312867288,20
33899323,0.00014039933699203644,0.0003541558533149094,0.0461385153155564,20
68,0.0001402886006278553,0.0003080849873879607,0.027944967954917185,20
55659469,0.00014008741242318434,0.0004434948486486767,0.08696936335446799,20
86851897,0.0001400799055127244,0.0003783999850105902,0.0571193522781813,20
114827343,0.000140073793404627,0.00019585714552712672,0.002365575777898045,20
27842733,0.0001400544525706593,0.00029147763049884416,0.022373557515293973,20
95927037,0.00013980616399864309,0.0002804346809435718,0.01902145636145565,20
10680478,0.0001396528949263981,0.0004747876937153875,0.10201075030477139,20
22061952,0.00013957876900262678,0.0002082589832217215,0.003702907812965046,20
34627872,0.00013946050407822596,0.0004181208085467725,0.07610529197030984,20
62056082,0.0001394002408658973,0.0005919907046572549,0.15275542010247448,20
15673352,0.00013931210674174576,0.00024160086950980662,0.009200415776991782,20
151181269,0.00013885684190038383,0.00021932650348021744,0.005334444545048929,20
27637235,0.0001387055237770135,0.00036546210883163635,0.05297726668980175,20
16073452,0.00013867641512779194,0.0002755710077848962,0.018227157771747823,20
67686119,0.0001386714190595245,0.0003629094704094911,0.05188182589932637,20
11820402,0.00013859373044479428,0.0003552178112006699,0.04858048973243828,20
126585449,0.000138372142034468,0.0003344300634300442,0.039936949817451946,20
38543495,0.00013827550807600508,0.0005949862389265546,0.1558488330921691,20
75888143,0.0001382122065757718,0.0003773431583268391,0.058933884498779704,20
120724030,0.00013813732944207568,0.0003187401642360774,0.033804118176256295,20
125476111,0.00013798629280068196,0.00019559095331903872,0.002606840200975751,20
18038560,0.00013765710428775558,0.0006669969114710965,0.18379679312127717,20
25064984,0.0001375520587670681,0.0002975822621933343,0.02630868755308104,20
105731198,0.00013723408757018442,0.00021344866654856114,0.004845014995896685,20
113143240,0.0001371266873472443,0.00026292090189518206,0.015413788377713495,20
81150102,0.00013705115984271042,0.0003822771530894388,0.06267950205056898,20
21280306,0.00013694076225995722,0.00035599972114909304,0.05081435374657906,20
20040619,0.00013681236622009872,0.00039408079784846443,0.06851049442682203,20
156587887,0.00013664162729749296,0.0002861033353631576,0.02296083104819541,20
134828617,0.00013650899763530399,0.0005102844250430977,0.1231351304975184,20
76366876,0.00013642700055557233,0.00018230419504803696,0.001694443571279802,20
10671101,0.00013604389681271534,0.0003533697703038484,0.050680009736280805,20
13476665,0.00013525275203908892,0.0003717564989272432,0.060097807839795195,20
179209674,0.00013508964063806695,0.0003668299543347152,0.05800730862440452,20
110251405,0.00013479428126250692,0.00016552859207822772,0.0008676627432966862,20
33852884,0.00013477770648279708,0.0006219476404653078,0.17232965513819187,20
53,0.00013458761676563014,0.0002352861914956596,0.009612107222497984,20
149971967,0.00013457254195022305,0.00030839465445389394,0.03295024616561735,20
82089727,0.00013451975737985012,0.0004893938783978513,0.1169911639450553,20
52,0.0001342395833541815,0.0003009294236442385,0.030296874767293234,20
46230815,0.00013420865000999816,0.0006545286745579057,0.18531953056973155,20
89039720,0.00013411941497946668,0.0004156443247853506,0.0826440994305065,20
151541300,0.00013409334349045177,0.0002544728552633137,0.014665359059527623,20
36050152,0.0001340041944492165,0.0002910914798336355,0.026747610021027532,20
141370117,0.00013398433846513458,0.0008402123895060951,0.2422108461891166,20
128790578,0.0001339798116215346,0.0004307445521779684,0.09014741596880711,20
32096766,0.00013382131590077283,0.00028419802543027637,0.02437493676661075,20
169009426,0.0001335622260201924,0.00030927942424248297,0.03425187958925447,20
160101532,0.000133394414227872,0.0007949185664013759,0.23108425430138152,20
225907498,0.00013335121425197828,0.0005049657939598306,0.12608783078614022,20
58257995,0.00013331038469960866,0.00032414897849027845,0.040781753386510855,20
66284399,0.00013309510320472784,0.00029619401237980796,0.029448600181215947,20
114664651,0.00013301176465875807,0.00022839819428843784,0.008709901816666556,20
39041037,0.00013300873894705746,0.00021952247086994255,0.006948124185320002,20
72559339,0.00013281616510131268,0.00047429127707197745,0.11282201825722978,20
119953973,0.0001327482918179329,0.0005903533073643148,0.16361832636580953,20
106131406,0.00013255829322814106,0.00042520062829344687,0.08967286447873853,20
74275261,0.0001323410485802673,0.0005823025957017762,0.16110600795364782,20
156298421,0.00013232896090664415,0.00044490745509160354,0.09960816282733552,20
39301918,0.00013217831785432844,0.00032573871546348355,0.042695339732574084,20
139193638,0.00013214316342728127,0.00015665539162848684,0.0006442544460863155,20
25239870,0.00013192771187522934,0.00039751391752461244,0.07707564481725354,20
131626112,0.0001318651805356813,0.0004063757681470977,0.08152235485750566,20
91879560,0.00013182694828189345,0.00036167952316014385,0.059780947884210754,20
20479899,0.00013175313960303304,0.00038258417941334995,0.07001272645667547,20
14675207,0.00013163401969649714,0.00022990993775363677,0.009563902747986701,20
5416678,0.00013151136184053614,0.00019358109221159078,0.003382007882766544,20
17253129,0.00013140968961931898,0.00033098848529463526,0.045914932115321626,20
7,0.00013139695300532772,0.0002964560147414153,0.03105648229502934,20
41486835,0.00013121612353264312,0.0002967846668754484,0.03135343420631247,20
28033381,0.0001307289517330251,0.000264161138162335,0.019660284571921916,20
23082929,0.0001306771977500204,0.0005567429489980885,0.15351541311940947,20
176205664,0.00013066648937218593,0.0009017394205053578,0.26235861665950555,20
170275536,0.0001303568316260273,0.00017456137645831534,0.0017216850404179016,20
114651277,0.0001303339635344458,0.0003611269368223032,0.0615026303418435,20
55077315,0.00013022866035272695,0.00032747336893857457,0.04566699190001406,20
9,0.00013016939433229123,0.00042208728766535695,0.09192915607160612,20
55612002,0.00012997951359084713,0.0003384939395111389,0.051093145333093774,20
95614638,0.00012995769232914122,0.0016869885006512559,0.3671224716590811,20
32636083,0.00012973239213546762,0.00010458937036770784,1.1886271426912279e-05,20
89315132,0.00012966742416319066,0.00024083829961928072,0.013186747410215662,20
76897385,0.0001296302699292762,0.0007385719803695078,0.22108747412065788,20
8873271,0.00012955113088626292,0.0006367089342401315,0.18712542819736633,20
3263669,0.00012943709281510452,0.0005752822525791542,0.1634767475684371,20
65063263,0.0001293989894443709,0.00040705545763281426,0.08566790266341086,20
89311654,0.00012934153144147643,0.00033304429145557734,0.049303713982645644,20
236516669,0.0001292083915141462,0.00029079011904993264,0.030759472461940586,20
17426542,0.00012910091586257056,0.0005209199741727078,0.14077402401245515,20
168509227,0.00012908620226603217,0.00045193902940631955,0.10843118234966503,20
30734108,0.00012868906185878602,0.0009055922039156693,0.2663373152133058,20
2812203,0.0001285425795120282,0.0002859362529796825,0.02939771729628389,20
17226471,0.000128514377275471,0.00037307163217803826,0.06995868673074514,20
29694832,0.00012850085569376946,0.0003617950472062282,0.06434965928778445,20
113738412,0.00012848848601293428,0.00025755508678358056,0.0189622664500767,20
89911721,0.0001283180852082122,0.00028411624047190693,0.028867331784419362,20
3062242,0.00012763398626587376,0.0002636695390581167,0.02167008246326697,20
55658836,0.0001273040525205743,0.000175908604167611,0.002171939317209111,20
58061127,0.0001270965799465257,0.00037264630284340554,0.07183046606285054,20
31072993,0.0001269955141839696,0.00029092533270195527,0.032905502510087184,20
46846414,0.00012687452067365325,0.00033280687914480177,0.052255834829180815,20
22628385,0.00012673191226199033,0.00040679380013345815,0.08981671438115466,20
33097486,0.00012668995712880604,0.0005481888807328614,0.15716426079559903,20
416778,0.000126645630008701,0.0006290887126469564,0.1896120361211837,20
107803379,0.00012653993157827893,0.00035489861973444934,0.06365619111646689,20
137078728,0.0001265106740757832,0.00029547511248749714,0.03534921483365363,20
38940540,0.0001264927766173457,0.0002061235032460233,0.0064447304105444735,20
30220230,0.00012595890460640746,0.0005607059681431794,0.1638480630211928,20
60672313,0.00012574431193971002,0.0002981070176203389,0.03731112478660774,20
29034026,0.00012565389869821365,0.00024250938292414865,0.015905104722849235,20
90,0.00012564314278859788,0.00032801536327044104,0.051491005217420456,20
55454659,0.00012553347867555464,0.0002533385034614051,0.019548044150539987,20
182214915,0.00012549375791573447,0.00030387898692423623,0.04020044002504334,20
5614524,0.00012546018179268036,0.0005226051118484461,0.14822170018593622,20
28843245,0.00012539151529490368,0.000539923097073931,0.1560125825306415,20
203038008,0.00012534600232755598,0.001285960766457367,0.3339068921140627,20
660901,0.00012528986868220183,0.00045375904315344575,0.115974478158148,20
67131402,0.00012503978734803857,0.0008468653241093397,0.25848999961453534,20
179611563,0.00012484695739615193,0.00025761683301866057,0.021562608675060446,20
44229621,0.0001245918182345207,0.0001548209220773154,0.000956522687157218,20
68887832,0.0001245750203366841,0.00030344201789545396,0.04102970091982401,20
43997680,0.0001244107344193418,0.0003313169222040815,0.05473141261580531,20
12028554,0.00012417468023234735,0.0003544769817562853,0.06685517480336838,20
33094720,0.00012359517375094275,0.00022375779308234748,0.011572721067504848,20
11410037,0.00012336658174162408,0.00014614742784297048,0.0006403447791776031,20
103548319,0.00012324001317502996,0.0002938005149473545,0.03805817814891888,20
128758855,0.00012320374612165841,0.0003807988269788654,0.08210908668119134,20
78887600,0.0001227998412906467,0.0004123258134231713,0.09932510586331912,20
177018726,0.00012266473054365623,0.0003986865846478683,0.09242012211824056,20
110135341,0.0001226225998151531,0.0002688907052372189,0.027780466047161806,20
43705601,0.00012259080326104953,0.00028479837540601943,0.03466525186467957,20
49513767,0.00012257843633972087,0.00046354578735621223,0.1257787177657187,20
164868273,0.00012228924914235717,0.0007359483592592964,0.2332510053782167,20
157661407,0.000122208207813318,0.00022744116142865264,0.01332028960425351,20
21491775,0.0001221713879224151,0.00048025050957510677,0.13470085319928493,20
55158618,0.00012216842073635437,0.00027074776599118037,0.02897158192571734,20
23432694,0.0001218156311389329,0.00032036577355898426,0.05267564046642231,20
10619702,0.00012164438665495381,0.00019170779623699314,0.005260695576343131,20
39701165,0.00012154200674120708,0.0008257455203117887,0.2591353209320467,20
47868272,0.00012152580501103849,0.00037529296033992444,0.08193861541017117,20
13040403,0.00012140626954730004,0.0005248333276237835,0.15694317316140058,20
72037493,0.00012116547083818873,0.00028560360224777557,0.03654806635934759,20
26668246,0.0001208707660383307,0.00027352998349071167,0.031416783272148294,20
77702510,0.00012086013524409134,0.0004754304067763046,0.13486391547614757,20
8266451,0.00012084084477045342,0.00036711759629540496,0.0786888754762411,20
130672334,0.00012055604533273423,0.0003409096134563944,0.06513570934163197,20
76901689,0.00012055351130427772,0.0005743736008546434,0.17984713572550964,20
146370996,0.00012053767329480159,0.0004984290281989868,0.1465012136442977,20
116466495,0.00012050145674030177,0.00034141511418662296,0.0654859317819704,20
77889938,0.0001204565577157618,0.00022033042785093084,0.012202581244319466,20
68466810,0.00012030408368459423,0.0006132273481799502,0.19562728402753232,20
25761030,0.00012014817012496459,0.0006004954801309452,0.1910468169605879,20
117818856,0.00012011316519694726,0.00029557116753160014,0.04248348602833882,20
57256781,0.00011998782525521056,0.0004832315534226824,0.1403318195945183,20
194227860,0.00011995193418071204,0.0003151978974862551,0.05253850619942061,20
662414,0.00011988588133607092,0.000174054846439645,0.00307959729721652,20
134963862,0.00011979612898823378,0.0003017035940525872,0.045898359064427255,20
59498158,0.0001197696298976758,0.0003082899511985473,0.04924913516699121,20
100145443,0.000119658749419721,0.00019700597917419777,0.0068490916349265305,20
28251065,0.0001195427822279299,0.0002456073544954408,0.021160012905898636,20
99113672,0.00011952551418576706,0.00027492953394834017,0.03341071375641815,20
102643505,0.00011949557381035202,0.00046377112856080596,0.13174659252548518,20
113049803,0.00011938375123639878,0.00028406020844721716,0.03779888738474213,20
15036327,0.00011933047695108778,0.0007735293565497477,0.2492972706682004,20
127677874,0.00011924719501185121,0.0003684989360367689,0.0820705232199387,20
118333204,0.00011916161681371773,0.00019703401008603299,0.007023896037318852,20
30039437,0.00011908086151239394,0.0006366505912042943,0.20664091512974914,20
100593271,0.00011903028959866225,0.00047690463961223167,0.13912787369257096,20
56659492,0.00011902727388276025,0.0006315113436261662,0.204882938634612,20
55121154,0.00011893330891217524,0.00027317583171279067,0.03323238962765696,20
97547130,0.00011890234641829256,0.0008274410806952987,0.2640683120948861,20
170197659,0.00011875628416211925,0.001119429724826968,0.3202991974099977,20
50157622,0.00011873914480821646,0.00024589930993219644,0.02190248613194916,20
69997816,0.00011858076635438974,0.000128155490374936,0.00027952923275360967,20
4066398,0.00011857695559910341,0.0004314531252304947,0.11702272110614337,20
60689029,0.00011849611434480989,0.00036447570476854,0.08113956313010943,20
20285344,0.00011843881977234016,0.0007853602942505365,0.25407927831989496,20
151941664,0.00011838288186808155,0.0003867670287533433,0.09350734483708173,20
100351083,0.00011833838563319322,0.0003260335292486795,0.060508410773523875,20
186821353,0.00011821758204019205,0.0007051572352882265,0.23129701963522398,20
47488132,0.00011821636971862947,0.0001331568609913415,0.00040993952089064757,20
46892808,0.00011788314007608324,0.0004921518533737331,0.14875091856116401,20
86174147,0.0001176956105871596,0.00030627277278197465,0.050972625991815276,20
87005732,0.00011728160280173316,0.0007446192142811938,0.24486848246838472,20
232490297,0.00011722738881491113,0.00039614963995158743,0.10070680756109834,20
207461159,0.00011721959482272892,0.00043378794518159227,0.1208452331227067,20
88699174,0.00011718433906009462,0.00042578256691081737,0.11670394717417205,20
8470537,0.00011712730712091501,0.0003823303067383117,0.09332331028068196,20
124742610,0.0001170686819465,0.0002782846803893756,0.0376700139805275,20
28125117,0.00011680619151357985,0.00022658942313898354,0.016295790802101986,20
54118205,0.00011665536348783312,0.00012737902483888922,0.0003079234426776361,20
1210789,0.00011640323624730053,0.0003622916187659018,0.08350738116369538,20
87805950,0.00011630064346774272,0.0006579105380451987,0.2194812028637279,20
103117135,0.00011626844097764044,0.000374166061249312,0.09034933299586775,20
25227422,0.00011624767592510465,0.00026410979386167795,0.03189335766844788,20
116131208,0.00011614502558150997,0.0005057032820418258,0.15863245034304507,20
22843428,0.00011574909230194497,0.0003539365498973678,0.07996957441392351,20
64471185,0.00011548507454336166,0.003377607750765082,0.44004131946595415,20
43245337,0.00011534392684863781,0.0008261659247290698,0.26990492364218144,20
62420716,0.00011530248725267477,0.00042879329527196515,0.1219602770203374,20
122213680,0.00011483296692180734,0.00039800250500212356,0.10621205682881613,20
240899306,0.00011464358179902601,0.0004308591617906099,0.124361219516337,20
53810182,0.00011463917880472352,0.00031522117210313656,0.060165808347316135,20
14223517,0.00011456527522451244,0.00040873404955431855,0.11261332477746054,20
11471766,0.00011453345930225179,0.0006382646350793914,0.21609310789056901,20
80482835,0.00011446248265810088,0.000236523181891879,0.02169540187304149,20
68096489,0.00011426590742253385,0.0005479319304212835,0.18135835080521767,20
125155322,0.00011425873227415562,0.00017765606932593892,0.0048351193325609715,20
11675117,0.00011425038659649833,0.00021413424796955994,0.013795596363733146,20
164592465,0.00011414138421361186,0.0002962318720148436,0.05054765126273148,20
53551901,0.00011382447844521248,0.0006840490491597659,0.23294359729850384,20
67865802,0.00011381361207331853,0.00014874372859768892,0.0014295236799844718,20
52660391,0.00011371044558517452,0.0002011236915498485,0.010236612969334485,20
44845008,0.00011358225216028529,0.0002731895978327881,0.03926742151689579,20
209663702,0.00011354112420287887,0.00035143403939363833,0.08239474712199328,20
81902088,0.0001134630457096053,0.00017391427309460943,0.004414576156547978,20
33099455,0.00011345961305610775,0.0003658810001276647,0.09077849075445854,20
65091031,0.00011338630456231847,0.000370233056244158,0.09338820899322484,20
34698465,0.00011315355715424969,0.00022109928330669713,0.01686066363853485,20
64453699,0.0001130830432409191,0.00031259454346075553,0.061091019669178834,20
36572119,0.00011275875276824942,0.00025718152764159035,0.032366769602747876,20
121355851,0.00011263730934263916,0.00019437244451548855,0.008952170321032307,20
196442969,0.00011255620861974902,0.00031910352535555566,0.06559937807239181,20
43797642,0.00011250892349018715,0.0004104276235593117,0.11760185335634832,20
115065082,0.0001123778716791951,0.0003853392989583921,0.10386813753218349,20
40854635,0.0001123702539296223,0.0004347841046036883,0.13104006812213892,20
39458551,0.00011217727563448965,0.0003524090240953173,0.08539577453721742,20
56055946,0.00011207163874731862,0.0009644827039784576,0.3046522835323149,20
40521918,0.0001119214171682259,0.00040355724204261157,0.11498362470090324,20
86113100,0.000111477944447394,0.0003491821796488405,0.08479745452875094,20
55339971,0.00011098330293084491,0.00017542399740783955,0.005357848983150009,20
186430061,0.00011097713425615718,0.0006152043937142626,0.2149021604852524,20
32968152,0.00011080246501351531,0.00042620543381605505,0.12968550152324518,20
75394429,0.0001105845164785152,0.0004349865056582558,0.13485195105306727,20
9418277,0.00011058279448308283,0.00024331839818288154,0.028160661336306785,20
232914197,0.00011051054675642046,0.0003243877962300097,0.0720474748999847,20
11227687,0.00011034639321537698,0.0005266336293827943,0.18024505791387357,20
10270925,0.0001102974691572639,0.00026309545135583197,0.038135016051815934,20
30653642,0.00011022206706352566,0.000905939845018464,0.2963482236482846,20
26841658,0.00010999057438421667,0.0002836866468115985,0.04956362996439633,20
48310931,0.00010996444526104599,0.0004571009691415606,0.14773142164749498,20
159186427,0.0001098927644202996,0.0007530668302371484,0.260914594302206,20
90512684,0.00010985108607745597,0.0003337458193516795,0.07869795365839456,20
36372118,0.00010972812555765931,0.000285749157627513,0.05108983811066003,20
109741975,0.00010966188712307478,0.00033587335836053443,0.08029471159491153,20
29419740,0.00010954268705021253,0.00040532369842698993,0.12081458916490131,20
51155831,0.00010953578319820578,0.000484484911378819,0.162338015788838,20
114050658,0.00010939727578105629,0.0006847814447005176,0.24181869672741113,20
48117478,0.00010910858571061832,0.00033794831563446423,0.08253368441711295,20
131759767,0.00010910261518343456,0.0005276722075498415,0.18336709366835746,20
8219262,0.00010895857620367989,0.0004085923177783539,0.12385839680182922,20
112861779,0.00010893202936694268,0.0002661052731189861,0.041438256223761676,20
70876148,0.00010876241515149765,0.0003388256742229345,0.08369516615613089,20
52274455,0.00010862465702107526,0.0010280965238649408,0.3209730558439044,20
86488560,0.00010843327856634998,0.0008344668084587092,0.2839937595677729,20
5817259,0.00010838884037605856,0.0003660663446212116,0.10058018042414812,20
32499100,0.00010837386595361487,0.0003716087677366142,0.10386757872585364,20
44466606,0.00010821390714185475,0.0003057250731259004,0.06496834372983656,20
94498831,0.00010818048748139076,0.0004074469614530548,0.12485381844264956,20
34042693,0.00010808608707146838,0.0003480376937539219,0.09047088691013898,20
41497718,0.00010806890997336616,0.00039399238504060163,0.117465575956086,20
34495350,0.00010797634130084444,0.00028147870578212143,0.05125547438175644,20
23689283,0.0001079562076553936,0.0003509784820185805,0.09247849063576562,20
87929161,0.00010792914319135983,0.00028420430798664723,0.052881055153215235,20
177409850,0.00010781485790965772,0.00023693336418525586,0.028021807672396423,20
77634764,0.0001076882451985589,0.0015135728919005728,0.3769076384494193,20
84871501,0.00010761918889521383,0.00022700793509064081,0.02369147723230435,20
176082625,0.00010732558362631372,0.0005009026614086695,0.17499378913751085,20
27129355,0.00010723736966133102,0.0005017457453309552,0.17558302551946203,20
184216307,0.00010716270360199842,0.00044134250033052636,0.14555823848053662,20
50444456,0.0001069640971281316,0.0003554224684769678,0.09709019520522427,20
192838994,0.0001067221014387748,0.001224963745875703,0.3505736078879218,20
98348647,0.00010670224874768098,0.0003257472439850823,0.07965016648105981,20
51054154,0.00010664587111559043,0.0007118154140523356,0.25545161163979146,20
121461074,0.00010654180992354378,0.00037014201095093575,0.10673214473326674,20
208862450,0.00010645966607704949,0.00031960477625722703,0.0763635714186002,20
103355145,0.0001064115304827723,0.00013864319520573863,0.0013958407784018213,20
31494202,0.00010632509364249531,0.0002486554464919586,0.035518484985427645,20
38079239,0.00010608313913108847,0.0005383721796644956,0.19460823913785502,20
54658234,0.00010604443416633025,0.00039646845472917253,0.12317171106939306,20
101752329,0.00010601811661379024,0.00030096137399776297,0.06583706516784164,20
34898549,0.00010583359174292095,0.0002894246052529997,0.059220311850408894,20
61665721,0.00010568541861609993,0.0004313571785161556,0.14345177095211142,20
96928210,0.0001054639154857373,0.0007201319942775155,0.2601761911073331,20
7216550,0.000105370178983899,0.000350207796294039,0.09713989411647027,20
90781070,0.00010532482946268851,0.0005908487158678829,0.2175912562762789,20
39480697,0.000105080616984643,0.00028569983372997497,0.05822162885959036,20
4814218,0.00010505927539518623,0.00028992348861592835,0.06079483407945291,20
48889170,0.00010470494785370654,0.00037002020280976533,0.11049855979965907,20
15873407,0.00010458197870636121,0.000492191265159158,0.1769585546083166,20
50270331,0.00010455498442928368,0.0011109601683889389,0.3392815420864443,20
3666277,0.00010453621503822563,0.0003310464108506159,0.0870319479837926,20
133259399,0.0001043764797999447,0.00019603201621181334,0.013937079179180727,20
74087193,0.000104374146613892,0.00036520441809503385,0.10830066179311848,20
54921080,0.00010405270591007932,0.0002939984251885137,0.0649864924846093,20
157373851,0.00010401380270161909,0.0002045913866596033,0.01738943189323556,20
45599086,0.00010400994614257198,0.00035490278806969976,0.10280236967857719,20
56199305,0.00010393483790786806,0.0007692515734355765,0.2764165645530565,20
126955560,0.00010386485154219305,0.00043794140655148607,0.15107561185670712,20
101506383,0.00010385490822679421,0.0002759649360319392,0.05436621692446465,20
5419725,0.00010384513494826608,0.00027455541594414003,0.053539599209911595,20
143944382,0.0001038298907615448,0.00039679872087548405,0.12819126077549353,20
73631613,0.00010357490352734811,0.00033744414246363405,0.09292020295303086,20
20114150,0.00010350326667523668,0.0005176695122651302,0.19121106395805082,20
78364844,0.00010345001592139136,0.00049434187190131,0.18054047998715655,20
55846071,0.00010329307341224448,0.0003292310918213256,0.0883605998217499,20
42064477,0.00010325079616672339,0.0006336754341703882,0.2375396287894082,20
2863653,0.00010302510076455607,0.0002435627178716014,0.0369386143466149,20
1062974,0.00010301198495479557,0.0005767750675746488,0.21716108383141325,20
34227663,0.00010287320284507184,0.00038900514059414895,0.12576528906137005,20
71500166,0.0001027285026328456,0.00020954749532990486,0.020501335810224338,20
120812352,0.0001027086009961653,0.00026325306966641307,0.048586029698377775,20
137357725,0.00010257750098748298,0.00035473248643789487,0.10572233417374921,20
172999895,0.00010243777239058726,0.00025784571508041733,0.04581591792088672,20
112736642,0.00010241591748108847,0.00035958685868783856,0.10905984029393546,20
73581599,0.00010230861720147977,0.00026443753886481075,0.0498998085353234,20
75417715,0.00010187672123235792,0.0007302691521115676,0.2700598690503695,20
105735006,0.00010177555407090422,0.0003855551190364002,0.12618169433858256,20
172413267,0.00010165435579521653,0.0004644642974519991,0.16999198906394875,20
20822001,0.00010156430142715389,0.00032328644174143113,0.08808395834348146,20
33300792,0.0001014864031648549,0.001728031523715579,0.3978250213720551,20
81693768,0.00010142956958695271,0.0002606885203481878,0.049013168957930876,20
111125434,0.00010139414043498773,0.00019191255336035756,0.01447811400923828,20
53357042,0.00010132507040220839,0.00037217227340665597,0.11914994495790185,20
12621004,0.00010119584847853302,0.0003879901206271019,0.1289375798869973,20
103928123,0.00010096356352880809,0.00029311605982169957,0.06997350852655529,20
47730015,0.00010081796038860224,0.00043679639333436766,0.1574641881529989,20
3262308,0.00010071976413933148,0.00032754383628300597,0.09253730767384438,20
47252263,0.00010060344286229873,0.0006080992869060024,0.23421256128494566,20
60544150,0.00010054255796415056,0.0002889261099019451,0.06807498987875504,20
159186231,0.00010053445644228887,0.0003949426030191103,0.1345518406147909,20
46908828,0.00010042594414386708,0.0002397352672461681,0.038240389441758636,20
40238188,0.00010041509857850462,0.0005016016481637458,0.1909219075432218,20
88639672,0.00010033122943311213,0.00033065340791788185,0.09534327899361157,20
33673512,0.00010016422920499369,0.0003279657339811456,0.09397059142064422,20
1000830,0.00010015436482900264,0.0017460844974363642,0.4001535656367927,20
56847002,9.998497963633058e-05,0.00032648460082787496,0.09339467361850201,20
66692433,9.991729500278545e-05,0.0009402658402799471,0.3200198212311035,20
40225753,9.991395349114585e-05,0.0004493215758305082,0.16624989467408902,20
191636866,9.975196229594363e-05,0.0002921677408827348,0.0716336282846451,20
88112010,9.96654586515211e-05,0.00035058098577788165,0.10947091649800968,20
131072788,9.96302171155844e-05,0.0004504586108394508,0.1675160226095243,20
101332838,9.952218021913317e-05,0.00028701930025259634,0.06873717054512474,20
48652015,9.937693966591832e-05,0.00033756856818249216,0.10182467700552171,20
112126586,9.924695302743203e-05,0.0005476740465372962,0.21386683253578898,20
32093215,9.922752054140061e-05,0.00023710979761470497,0.03837503541405936,20
174480301,9.910070548573846e-05,0.00031020406797907806,0.08466091240277462,20
92057677,9.910030572445882e-05,0.00018549537884965186,0.013706072577424446,20
76062806,9.90432981008843e-05,0.0004329071079600866,0.15954082984223097,20
8474125,9.90205365057617e-05,0.00024540517301414606,0.043514678598735944,20
24089328,9.889176216832385e-05,0.00027273739207036896,0.060688435596464446,20
37480553,9.883406114485072e-05,0.0005586263721319967,0.2192893454253924,20
121524909,9.880635295974328e-05,0.00023931845116383188,0.040236671946926365,20
40338292,9.875890719319159e-05,0.00036306027852961453,0.11934544794765592,20
20514272,9.871792814769853e-05,0.0007780449797517035,0.28853553929993475,20
44706790,9.859951979361292e-05,0.00031238664009215387,0.08712423846166625,20
154376671,9.840682934538214e-05,0.00032265596933952546,0.09426130492968918,20
26288395,9.830174472430786e-05,0.0002794217457568193,0.06607506395081533,20
103531991,9.82950355738782e-05,0.00021087794629392074,0.025421470874304592,20
106920064,9.81830100957315e-05,0.00046068563299813135,0.17624976939164722,20
97728776,9.812702602814416e-05,0.00028238842174862865,0.06833935446375294,20
78909498,9.811738502379098e-05,0.0006413917509501202,0.25107693953238863,20
86024104,9.797199586837057e-05,0.00034162488358261556,0.10754185042688146,20
2617583,9.796053906054592e-05,0.0004905567799402882,0.19150068218158361,20
46352122,9.792745456074503e-05,0.0003173839566092122,0.09182665703461607,20
23096027,9.78268102790475e-05,0.00021950340315789969,0.030404823061300185,20
163391538,9.768997033889892e-05,0.00021748038508049935,0.029489965151135906,20
9619805,9.767011569260242e-05,0.00023539524947598661,0.03954750963804052,20
145687798,9.752762379005852e-05,0.00024996152362708086,0.048578475416761406,20
121176445,9.750985899285026e-05,0.0002977236178544858,0.07967639678629328,20
48513987,9.748046415756494e-05,0.000603469338141433,0.23942351027461883,20
118669178,9.717188421359824e-05,0.0004424946880244997,0.16920036714761816,20
108337928,9.715228919635055e-05,0.0001393792582514319,0.0028364031728045727,20
123742029,9.69203981044553e-05,0.00023529561234447277,0.04056117207270209,20
19,9.688912269745776e-05,0.000349499947159191,0.11507662711145776,20
25088312,9.671266677030443e-05,0.00030235313743015764,0.0844091320528429,20
148738787,9.633400045569729e-05,0.0006874439973239392,0.26915803491061474,20
22916981,9.613347458154454e-05,0.00036808624163704636,0.12862890465257426,20
159787126,9.612402130581843e-05,0.00018635020271171683,0.01624690615112977,20
156197509,9.60720030618506e-05,0.0004662777944102809,0.18418675854524602,20
38836785,9.597039538394858e-05,0.0005062585763755192,0.20355870650278507,20
210493404,9.589198475142558e-05,0.0012316514022692098,0.3657648309018853,20
72478323,9.587647753132866e-05,0.0006432110479511656,0.25651688897234204,20
55468439,9.582673746689473e-05,0.0005886260616472518,0.2377298118738812,20
78498995,9.579537685988626e-05,0.00031368075231064563,0.09398394051314674,20
161193628,9.575828605861148e-05,0.000375144864924743,0.13391377978452126,20
66485375,9.571009754885673e-05,0.000211732595251671,0.02876841865978316,20
107539824,9.567169447067813e-05,0.0006081322317269334,0.24512018850510459,20
68666492,9.561421180884489e-05,0.0003784929730562072,0.13632299265078796,20
43325705,9.561187125949056e-05,0.000303087998365947,0.08723721898755747,20
34475099,9.541348019902474e-05,0.0002257672485251243,0.03705582561859633,20
3012372,9.53633219950456e-05,0.00022047527697977698,0.03405135572136612,20
58161669,9.535615828664135e-05,0.00030218031323173795,0.08717134154770005,20
74475283,9.53350595699759e-05,0.0005883999497199036,0.23876491818702494,20
55411917,9.531816706191965e-05,0.00025592564178196167,0.056095468317201753,20
83397458,9.527978819723337e-05,0.0003425480760323935,0.1143279048184448,20
90809268,9.518490436287441e-05,0.0003255335696963312,0.1032993624695566,20
47953365,9.518146981749576e-05,0.0001344793556693366,0.002547711419740233,20
66694847,9.50598578174533e-05,0.0003982078835290036,0.14954274855540992,20
122725555,9.468667436005607e-05,0.000422635244062261,0.16448344220031047,20
19828492,9.459829419902754e-05,0.0002958285067702896,0.08446770684071145,20
108249540,9.448468262574228e-05,0.0007420013431198579,0.287854006685344,20
108206960,9.443965822392709e-05,0.0005258277987415443,0.21589536235575146,20
27530475,9.429398775859521e-05,0.00022407571564811194,0.03762745126517149,20
43347282,9.423884700391072e-05,0.0005848715336485611,0.23996906823313446,20
61020245,9.416074299607724e-05,0.00015469786269395742,0.006764297676817668,20
19955047,9.411360609181408e-05,0.00036917387268494464,0.1342101881674699,20
92443422,9.395447933254198e-05,0.0003550072046783797,0.12558962045109234,20
58542197,9.375649477924297e-05,0.0005153746164138618,0.2129858247826381,20
49312409,9.371891436850132e-05,0.00024689405297028213,0.052952810907423695,20
112146275,9.367107661887585e-05,0.0008338620085871192,0.3105889070680442,20
179487430,9.355266674979101e-05,0.00025376120291712654,0.05782122979677932,20
53557414,9.343589464566037e-05,0.0004872378709211877,0.20089947184193824,20
57267406,9.318746766127096e-05,0.00026862445365197105,0.06865044209221356,20
119459916,9.304966058831798e-05,0.0003179222399219984,0.10308830381367495,20
131320918,9.294732973546826e-05,0.00012714221383562456,0.0020171349279079014,20
109452834,9.289631019654965e-05,0.00026509513834585953,0.06679125511529428,20
133989150,9.285559275985511e-05,0.0002309935054976122,0.044066017662716596,20
45,9.258880066795039e-05,0.0004437608365985122,0.1812397681963719,20
14471838,9.252735775781284e-05,0.00034394771966326994,0.12186236668601702,20
119950355,9.245640557720425e-05,0.0005044504997859014,0.21128689873434991,20
147571885,9.24549056216445e-05,0.00025540517264867823,0.06097640457448857,20
17073965,9.2451296074339e-05,0.00034001119976305655,0.11943805796543829,20
25722066,9.175895039401083e-05,0.00023679747113702213,0.04965238644482134,20
43149435,9.171445436107761e-05,0.0004565882907357253,0.19013077494338632,20
57561260,9.168022851183122e-05,0.0002435475401155509,0.05432105405835805,20
103443846,9.137316859995914e-05,0.00032994343055247895,0.1153083613594136,20
72740139,9.136497084739071e-05,0.00020179613762752826,0.02858675686390501,20
17838397,9.134521089386449e-05,0.00012905155030295594,0.0025466409692209225,20
96510716,9.128734100461445e-05,0.00029401345532855907,0.09051884707077905,20
47608580,9.119392372743118e-05,0.0004729055674848429,0.19961223848226134,20
23492856,9.102154401433859e-05,0.0003383739046263958,0.121878274501526,20
65464236,9.101509600075996e-05,0.00027523137117642404,0.07778153162389988,20
44246354,9.094288592438326e-05,0.00030627489188352373,0.09996869949172464,20
59164245,9.084685519205604e-05,0.00042683638667763576,0.17656565184036788,20
70458035,9.080783927435943e-05,0.00021669595183804614,0.03819097056383675,20
57295864,9.078413506439232e-05,0.00036877292321355255,0.1423364877974587,20
177009058,9.058059897807668e-05,0.000520947477862405,0.2231899473193557,20
80700886,9.043179095200859e-05,0.0005371578196015626,0.2303703896980745,20
69297311,9.040543750074292e-05,0.00033704811815514686,0.1225301952932338,20
41227042,9.039117125084206e-05,0.0006356972924432156,0.26621278422204864,20
168909319,8.967903674763633e-05,0.00018571628884099295,0.021901541721881978,20
151793106,8.941178857800325e-05,0.00029898083296345864,0.09843907325311321,20
177610104,8.932757630518706e-05,0.0002690197170320123,0.07697784707584474,20
30493665,8.920355319499973e-05,0.00042476493889990455,0.1797129535133239,20
27441883,8.917297718718243e-05,0.00037942865763953334,0.15321321140527344,20
68880077,8.913323842475451e-05,0.0003823199313071865,0.15510395938541743,20
6466081,8.888756540007813e-05,0.00016403546676130025,0.012765852830782768,20
22516639,8.87927736196864e-05,0.00033566205678182005,0.1256976032495314,20
102090399,8.876916208954145e-05,0.00017704095325294243,0.01853249615977577,20
119936272,8.874116426735579e-05,0.00012513460121312166,0.0025125621037361376,20
166506980,8.868800330570359e-05,0.0002367268250266006,0.05511241688447414,20
74461117,8.864039440359684e-05,0.00023898234416216125,0.05679174325596897,20
143363920,8.860396238426771e-05,0.0003949607522433832,0.16417075698399963,20
133561129,8.851721157268344e-05,0.00038089949853728353,0.15586022543568667,20
10068160,8.833166383597768e-05,0.0002887261521491531,0.09360871196909142,20
179411277,8.819311075532188e-05,0.0004178478549793797,0.17853193327977218,20
7667965,8.793079463883247e-05,0.00026934264995043836,0.0803149537095619,20
31297630,8.773061393942683e-05,0.0002910566941875532,0.09675640667252917,20
45630581,8.766541535443206e-05,0.0002522683225533066,0.06832920961204908,20
102,8.763196124257633e-05,0.0004073914393997399,0.17407203962948425,20
9870704,8.761832236268974e-05,0.0003513799100710285,0.13934662994186003,20
14622952,8.755523913975827e-05,0.000551903503186855,0.2433244668973325,20
117571728,8.746680439483123e-05,0.00033873566546346537,0.13125009116015585,20
180824669,8.73742553830409e-05,0.00040555375713089765,0.17370102184017883,20
114929512,8.731525816138286e-05,0.00035089504176966227,0.13983215492013504,20
21515189,8.725383187284108e-05,0.0003018006370014931,0.10576611000006479,20
210264335,8.723680613818008e-05,0.0003898683718243203,0.16477732051019894,20
66425432,8.721752055568522e-05,0.0006774561068422278,0.28576901707161395,20
146336207,8.719960660305837e-05,0.00042888958810375683,0.1873037868978074,20
51254196,8.714023113154946e-05,0.0005869688214047743,0.25735762421518504,20
117267884,8.703826900917922e-05,0.0007317523722028297,0.3004670676545857,20
8069685,8.697392882009436e-05,0.00034934044529442217,0.1397101972484961,20
164792067,8.685704646843873e-05,0.0005061451160912578,0.22612580320357167,20
50489945,8.670626937588022e-05,0.0002594989990865422,0.07576363794990955,20
11019846,8.644344583099705e-05,0.0004043893482141995,0.17554514964550127,20
90513818,8.637247639343149e-05,0.000411766195467612,0.17998813048337708,20
148181266,8.622962165900638e-05,0.00023011978247461067,0.05507982813196822,20
144572777,8.615792086824892e-05,0.0003125860630418487,0.11637043592593746,20
169000768,8.607378115976227e-05,0.00018457373677336296,0.02537317467759343,20
168673747,8.605934670070369e-05,0.000587364383142464,0.260081826161789,20
20432574,8.580704165872532e-05,0.0003371043445420013,0.1345637757391039,20
39280677,8.570222129389015e-05,0.0002064958441561974,0.03951037823967666,20
165592534,8.560035078537253e-05,0.00033408683424165464,0.13304058316838957,20
99992480,8.559166667599372e-05,0.00043569063725859656,0.19530940774825972,20
56259050,8.558422697036716e-05,0.00022784487530162493,0.05467792472985781,20
40860553,8.556691256659255e-05,0.00022898755030812028,0.05554345568342052,20
130254679,8.545687063777341e-05,0.0002584196714884141,0.0777788628979844,20
63067394,8.536168738901284e-05,0.00037043392977339514,0.15784740199071837,20
29694584,8.533199191271546e-05,0.0003211753266043058,0.12470026758133444,20
120150516,8.515368651765554e-05,0.00027750030804029506,0.09297467102875231,20
48088731,8.495931368789345e-05,0.0002643843984104241,0.08347562090884919,20
87555833,8.485737252429404e-05,0.0003294889137949026,0.13185257423672786,20
115520416,8.482439416646059e-05,0.0005334806716460334,0.24283736157824798,20
18680670,8.48021608893884e-05,0.0005125557078491474,0.23419867844476017,20
55058509,8.479134156429702e-05,0.00036920449373474995,0.1586434691060391,20
42228458,8.473192021981047e-05,0.00022519885633573756,0.05440129646237704,20
122552096,8.473185737201405e-05,0.0003849153846166053,0.1686311666130315,20
82802203,8.459595954058153e-05,0.00019722159909424353,0.0351151313160902,20
20955577,8.444372035520121e-05,0.0003008253027473237,0.1122844546815183,20
21487195,8.413063681020905e-05,0.0004655908972345474,0.2145178790099057,20
79798935,8.409013509575735e-05,0.0001691965080994839,0.01928806060227359,20
5064811,8.40005831244911e-05,0.0004675895413994422,0.21583974702744624,20
154195839,8.39913656902086e-05,0.0003039419064916689,0.11579169055170646,20
24088392,8.398991369730769e-05,0.0005435695553029852,0.24895652504274862,20
106138127,8.387012907039582e-05,0.0006266430923198577,0.27827036680664863,20
51473842,8.382667653819564e-05,0.00018397939549508275,0.027878052173070888,20
130986010,8.375552757183268e-05,0.0003102199143996156,0.1210432426584751,20
207885845,8.334221317470303e-05,0.00040263395595828736,0.18310597632257491,20
16814624,8.332423630239283e-05,0.00034869655737608773,0.1493068931339235,20
27666843,8.31983963782007e-05,0.00035013121742607145,0.15062583767744453,20
198647108,8.260703684551118e-05,0.0003034730507217324,0.11918951516436865,20
220675230,8.256355692748963e-05,0.0005342020070495095,0.24890233225329855,20
107095259,8.252352628850546e-05,0.00024240687706772292,0.07218117513962297,20
84122965,8.224596117114568e-05,0.0002718938619424539,0.09600160642625011,20
28030143,8.21458162932831e-05,0.0011178961309652536,0.37301721048859515,20
129366558,8.177753871313198e-05,0.0005383054228612635,0.2525414802715714,20
138679839,8.166173604339799e-05,0.0003228960570904835,0.1360604095669811,20
3668644,8.161862834809298e-05,0.00032856565100391653,0.1402323870699411,20
53463164,8.154986356984362e-05,0.0002707774037407342,0.09693431200274821,20
27869017,8.138364478571247e-05,0.0006719929664823973,0.2971907574445606,20
83569832,8.127256100307623e-05,0.0009183086480681124,0.348332746662843,20
79290420,8.113761005796306e-05,0.00041774059389325087,0.197947047719643,20
71282217,8.111770914334682e-05,0.00045714282730517354,0.21862579198037263,20
85116873,8.067942159782904e-05,0.0002441698515836569,0.07793708327634072,20
87530470,8.067093242308531e-05,0.0006012935412449968,0.2778002545648526,20
95,8.061125785965295e-05,0.00044803703111528703,0.21549323087447353,20
77498253,8.058525344860346e-05,0.0003693145855383112,0.170705185440447,20
122111456,8.045131543760465e-05,0.0002365846754784668,0.07239361866195292,20
117656555,8.038073608856444e-05,0.00034026426924904895,0.15200463893660848,20
73638788,8.034715150624094e-05,0.00024184064104801404,0.07687022384549841,20
13834572,8.03390999768977e-05,0.000512788384086243,0.2460053894353575,20
149139307,7.967186413123107e-05,0.0005825849452249618,0.2740287869794779,20
75994808,7.966349764024216e-05,0.0005749074926165152,0.27141047112852007,20
94520582,7.95546303194894e-05,0.00033190379661588896,0.14858848105007508,20
37542203,7.947469980348342e-05,0.0002932698027652024,0.1201984137655192,20
94316135,7.947196099171994e-05,0.00025638357996647437,0.09086369961506607,20
207685764,7.9427717943098e-05,0.0005471855463459489,0.26200230864902074,20
9219662,7.942741258617769e-05,0.00027523241502222425,0.10616658042044308,20
16682057,7.940750415620923e-05,0.00023284313376815887,0.07184742865012221,20
77346188,7.93386797891954e-05,0.00023485433462490786,0.073648706281601,20
7067761,7.928327532020773e-05,0.00021554819215898575,0.05821195067626786,20
32246466,7.920291545445435e-05,0.0003329803966738993,0.15038875889061626,20
103134833,7.871525941050562e-05,0.00037326387895067313,0.17873405552522664,20
140795752,7.86445622382892e-05,0.0005619878422735685,0.2694359694193097,20
30239698,7.862625493545162e-05,0.0003585793521447215,0.16955321382739863,20
92042416,7.857741075942837e-05,0.0003379247763629946,0.15571910825354068,20
25728504,7.849065307448666e-05,0.000437725888353674,0.2162577616355753,20
209463063,7.814598009390494e-05,0.00028163632437675206,0.11487527578660753,20
89830663,7.803328193489723e-05,0.002850522986075024,0.4519240218079738,20
72290080,7.801394102953663e-05,0.00044138190547213685,0.21951106142317728,20
32071463,7.799893283936266e-05,0.00045901330039830495,0.22830906162343778,20
106357736,7.788024419197459e-05,0.0003077308568202534,0.13589987829705485,20
245926098,7.7870789397258e-05,0.000369338583096811,0.1787844144255918,20
26809628,7.786329471437814e-05,0.000347502987123027,0.16445571450016266,20
84622732,7.779499304946813e-05,0.0003060836414986608,0.13490906642470707,20
35530604,7.777191518649196e-05,0.00022158903737201928,0.06650598403472238,20
68094969,7.775522365333354e-05,0.0006820616951001263,0.3080226623638554,20
55721302,7.774171945805486e-05,0.0007889904698504248,0.3322182458370808,20
151293776,7.761594404384064e-05,0.00020808267916773172,0.05584336472231907,20
47652455,7.757711379478006e-05,0.00018873592000320794,0.04085962734056281,20
56,7.72291817975973e-05,0.0018235790517821357,0.42589535119775823,20
55612481,7.715373157703432e-05,0.0006589485882939673,0.30329683431896537,20
162194539,7.680986616171725e-05,0.00030482337216970116,0.13690905459183134,20
129190913,7.680206815706692e-05,0.0002242515708467415,0.07104811899184138,20
22295146,7.67227046712976e-05,0.0004086505227904717,0.20577891957970645,20
98439321,7.65643965803392e-05,0.0002133127302183243,0.062473011627100825,20
29333063,7.638406382663998e-05,0.00024147950750994331,0.08668086040648337,20
156459856,7.634334325306025e-05,0.000394588942417341,0.19884782369553228,20
10219129,7.631214453850954e-05,0.00026086954593934684,0.1032002317754362,20
103038206,7.612248906679886e-05,0.0002082713033069701,0.05930160151045834,20
21286667,7.590178575732909e-05,0.0005167044093415798,0.259549637127691,20
148891427,7.585101998481835e-05,0.0003163600088366613,0.14852008764343916,20
53338761,7.569965231066789e-05,0.0002770159439416351,0.11830901833736333,20
65283751,7.56969400105667e-05,0.0002386894853675399,0.08615258593825892,20
5804545,7.546816176949022e-05,0.00037080658282675127,0.18706292358048632,20
88006203,7.535707996293995e-05,0.0006205245311107024,0.29668782702929647,20
35043204,7.518326809995424e-05,0.0003693371425033023,0.18701883018434862,20
36299862,7.499325813790647e-05,0.00048274812489060997,0.24781632539479959,20
190636014,7.493042568638419e-05,0.00030834971880664796,0.14537131186093438,20
101746421,7.478305644285365e-05,0.00044590090149096515,0.23121131663844557,20
139566499,7.468950060062207e-05,0.000338089139173094,0.16779165421854408,20
104556129,7.45489075172162e-05,0.00019886807776061893,0.05501336548664308,20
29501406,7.445756686060844e-05,0.0003139356736517038,0.15106718615913314,20
167107415,7.442025186046031e-05,0.0002248771186427961,0.07763259639060344,20
184227423,7.434855898440229e-05,0.0005403988633001408,0.2728346636770522,20
88225513,7.414115131105237e-05,0.0004483573332073708,0.23431519910443793,20
120354240,7.411103447855782e-05,0.00028155626419830535,0.1268355598230835,20
28763950,7.387929863227061e-05,0.00035499124968513496,0.1818365250184939,20
244725653,7.37904323041605e-05,0.00019029518192586545,0.04954348494623151,20
81283175,7.37723430188797e-05,0.0007744985144572826,0.33745499366604914,20
203055522,7.365379318896025e-05,0.0003081547636045567,0.14925147065960911,20
35705483,7.36011252664176e-05,0.0003489525457414895,0.17869340881940088,20
42354982,7.349097446086861e-05,0.0009933295039935405,0.37218235224363083,20
129358986,7.34040765791616e-05,0.00027813196404705246,0.12622795555228275,20
78286828,7.334743595550641e-05,0.00039991502648036416,0.21113003935637847,20
39052848,7.333335925756579e-05,0.0004308496583483179,0.22794510787062094,20
79299879,7.316083743195146e-05,0.000440203856312833,0.2332085664726855,20
206482511,7.312630211292748e-05,0.00025032678204583146,0.10350274504113964,20
42347659,7.287121168206845e-05,0.00014377407402060765,0.017637436066184137,20
33072539,7.272206840491235e-05,0.0003631736072993167,0.1908618343687929,20
61464142,7.270161752488958e-05,0.0003733872586365061,0.19737656541086318,20
24283359,7.23470460977288e-05,0.0004955121419419745,0.2608051171936553,20
142163044,7.231188990662051e-05,0.00037059810033084636,0.19688432062089717,20
79219583,7.229925696688178e-05,0.00038726054414741355,0.20706877843237437,20
5265914,7.228107981056553e-05,0.00045430068256844706,0.2426989426225134,20
121324768,7.22667633446833e-05,0.00042782473617571266,0.22963046108180202,20
18817107,7.22117911290232e-05,0.0002879682300658244,0.1380359293812195,20
19513337,7.218242442394996e-05,0.0003210462106080735,0.16364710767553586,20
113262554,7.213333529985377e-05,0.0002512696881262783,0.10731714680793372,20
148852541,7.20240870890565e-05,0.0004164504746716823,0.22438788019194134,20
139230585,7.200169547713909e-05,0.000467617995196604,0.24969903745534228,20
1801065,7.196954176630077e-05,0.0002822431588424595,0.13415480339943922,20
42242700,7.19173106318638e-05,0.00039994554553360534,0.21562325290555107,20
462684,7.188658791360824e-05,0.00015736591662926993,0.02759126662374585,20
25264997,7.188548150076079e-05,0.0001015777614855479,0.0025499657292898533,20
58001530,7.171607412340963e-05,0.0004087783874593457,0.22118315521826937,20
44043806,7.165707492473027e-05,0.001202610711590314,0.39637368935612216,20
49114544,7.137937336479661e-05,0.0001616886023031117,0.031533805569319485,20
74092923,7.132908340790334e-05,0.00044566137417922295,0.24141747613482223,20
33842268,7.09919943474524e-05,0.0003425620468655401,0.18282764264849954,20
54,7.093279985580514e-05,0.0006000592504312977,0.30158491015660327,20
7866557,7.084994719651905e-05,0.00046284434474463645,0.25093980407470284,20
172205108,7.08358080764554e-05,0.0001481708274767113,0.022864157866947222,20
47531794,7.080820248918651e-05,0.0004612412876135229,0.2503309213167795,20
46287772,7.07449109059205e-05,0.0011055101559566812,0.3889165998529214,20
68138345,7.072466465249672e-05,0.0003081621467793489,0.1588023644075412,20
127789664,7.054163395967261e-05,0.0009624618490094942,0.3733327075550701,20
58742418,7.051011726043888e-05,0.0002632614267106538,0.12286488205528699,20
9471792,7.049880432204725e-05,0.00017211044887494934,0.04134924539636143,20
44665700,7.049008507511168e-05,0.00024022886547328908,0.10253376634886584,20
104510240,7.031048788200545e-05,0.00034588178740901514,0.1873450322281479,20
51874054,7.030389125950998e-05,0.0004958433577539351,0.2667917863787593,20
116169445,7.025497363501721e-05,0.0001275098848302115,0.011724137172075292,20
31235720,7.019486891006732e-05,0.0002994510117928454,0.15382169010485752,20
62258977,7.017658412397376e-05,0.00031647693164383716,0.1669113924620778,20
51865608,7.006557864920326e-05,0.00018998307302887677,0.057758894689234716,20
62488283,6.997787969202084e-05,0.0003427348027314585,0.18631622517332164,20
40826634,6.990536466241759e-05,0.00023874806311357624,0.10299984992288434,20
174407185,6.945298321298088e-05,0.0003415348250928464,0.18725700355137792,20
44944605,6.944411016155671e-05,0.00019645129972967762,0.06520618020401718,20
124954858,6.935892851581416e-05,0.0002599732274629835,0.12375202029414997,20
91694384,6.925258574565496e-05,0.0004364164866052884,0.24326708916005962,20
3462780,6.889797421156252e-05,0.00030280744106264137,0.16083789650292643,20
184416453,6.887703954359947e-05,0.00029174658304074465,0.15214911281725726,20
76633561,6.882854429179076e-05,0.0002917694884616565,0.1523331344693363,20
49453987,6.864176335522054e-05,0.0001548253086345364,0.03102317888664673,20
120412220,6.843986580862271e-05,0.00027093840815937774,0.13633692145277065,20
104155852,6.838301684468362e-05,0.00017780404848913292,0.050842402944963346,20
107313403,6.837047794806261e-05,0.0003382734464535568,0.18868592767370423,20
161394000,6.808625368142085e-05,0.00042938154395112676,0.2434249454737697,20
116253765,6.807533656707221e-05,0.0007773234772602699,0.34983577807543853,20
29133969,6.804872897605286e-05,0.00022186011969053374,0.09307101253963412,20
91513690,6.799778734186413e-05,0.0024625720593976145,0.4515092619793458,20
76144948,6.780288213764362e-05,0.0004387942032166463,0.2489490649351454,20
47432423,6.778512248996894e-05,0.00026522204942357755,0.1336220091467764,20
143331938,6.761209752198794e-05,0.00040999828646823765,0.23491690510711893,20
89492648,6.760625862777259e-05,0.0003358106221807906,0.18960442660967608,20
27362356,6.758798699405267e-05,0.00035177384202831935,0.2004562262810986,20
21637665,6.729745629290296e-05,0.00032968509812436283,0.18637184925562877,20
29819746,6.72477442390157e-05,0.00034261969305909466,0.19551683816424825,20
110337705,6.720648878067725e-05,0.0002461288471798439,0.11848602771763658,20
198045530,6.71945687880704e-05,0.0002820642180039837,0.15002989693490143,20
170411007,6.718327621613174e-05,0.0002820819598996167,0.15008413169526316,20
37278360,6.710909410081733e-05,0.0003015057932713283,0.16602363171195983,20
58457964,6.710124332189594e-05,0.0002439659083291919,0.11684919028392346,20
122711751,6.698201215414034e-05,0.000410635403771919,0.2373012373437836,20
49196518,6.697051964008327e-05,0.00040533662755351925,0.23450054368599105,20
84603492,6.693568624961121e-05,0.00042467088193936457,0.24471568292192947,20
32236408,6.675576529435178e-05,0.00018069538662613706,0.05746431372864753,20
39141284,6.669807454904585e-05,0.0004967861391695498,0.2776589723262845,20
36105646,6.662925246307683e-05,0.0011985655462926415,0.4031650409115892,20
122674184,6.661580502205778e-05,0.0002124986068891241,0.08852637189827671,20
95308495,6.661305449660593e-05,0.00015508165295027523,0.03493661571888632,20
5268189,6.660005294006899e-05,0.00012598553274064544,0.014438323638848356,20
67095264,6.649130312176843e-05,0.0003132711938346362,0.1772176925874837,20
45059112,6.640771930191691e-05,0.0003007480652323809,0.16790704663715023,20
131786432,6.623255251783644e-05,0.0004281473396284943,0.24870902040333864,20
55353984,6.622324520420552e-05,0.00025280229732193145,0.12793882581065902,20
205040726,6.621049231554099e-05,0.0001332720511777652,0.019321228043863936,20
102037882,6.618594923048504e-05,0.0003290916514602107,0.18984280481331078,20
108898935,6.599867053869168e-05,0.0003197119006394593,0.18374197414624344,20
4865181,6.592096132628788e-05,0.00019669192474457275,0.07517498615827062,20
46,6.563643490120063e-05,0.0003256940419611145,0.18936645543473218,20
59864071,6.549532571396288e-05,0.0005316132363666708,0.2940369285716745,20
219300973,6.547064754228449e-05,0.00021267029989561172,0.09229870326332691,20
113249958,6.53437713377586e-05,0.0004998857146036928,0.28285188554919716,20
43505561,6.521257328277185e-05,0.00033604492807556895,0.1981505703845669,20
158184570,6.50262097023041e-05,0.00011542656901030238,0.010434028028221784,20
146170911,6.489225203818726e-05,0.0004541886500128123,0.26523957767645445,20
661031,6.489102439788119e-05,0.000177859517777187,0.059610525248469964,20
102307542,6.474308778521843e-05,0.0004056990687722578,0.24204974884238456,20
135476121,6.46049270327742e-05,0.0003169959360082455,0.1867421448193976,20
80266617,6.457391643373278e-05,0.0002529430462296587,0.13388338007935538,20
15836720,6.448585852112388e-05,0.0005115858410852398,0.2897701479523289,20
8819643,6.422176614304665e-05,0.00038972312490383795,0.23507635485141393,20
1861839,6.381518527222018e-05,0.00029451669661437023,0.17235683770875926,20
59002054,6.352334931295777e-05,0.00025714428263265415,0.141527097970821,20
99686265,6.348787913346699e-05,0.0003527182058434646,0.2153987005288565,20
153784268,6.347367257954484e-05,0.000370290063765793,0.2263710538012375,20
115051806,6.337057394582568e-05,0.0005239066146742559,0.29741757757917214,20
1662112,6.296552877469996e-05,0.0004413101989308634,0.2655193783306526,20
50644691,6.295345598069102e-05,0.0003133362882655796,0.19007926767808164,20
68266162,6.289426904651785e-05,0.00031791212591446923,0.1936764463829745,20
132770487,6.28325409072622e-05,0.0005912386959546062,0.32000766135692893,20
56612836,6.281868039536287e-05,0.00015973739620118055,0.04736045834938822,20
19285005,6.280094229132726e-05,0.000287995252944352,0.1708561555111322,20
94898936,6.27488067511256e-05,0.0002465292106365745,0.13457524295941048,20
91079310,6.263223398099149e-05,0.00034073012744142213,0.2106204494240435,20
81467864,6.237416288925046e-05,0.00023221955842073078,0.12221411922901705,20
8068971,6.23669463201304e-05,0.00026719730144694157,0.1548277887257597,20
47446556,6.219464630704551e-05,0.0002507687746655195,0.14060152460172132,20
154696539,6.184519419748236e-05,0.00018804610642392182,0.0788552470234053,20
41864364,6.182350220430011e-05,0.0003519568278824718,0.2209061145203512,20
38840867,6.180496110891887e-05,0.00026575123820143356,0.15568097205533088,20
76677289,6.145728027734665e-05,0.0005152019665498676,0.2999466787890549,20
4269460,6.139951982780667e-05,0.0005078340867992725,0.29749780401909365,20
64693702,6.115945010091994e-05,0.0002516603076010781,0.1453528726486962,20
26485461,6.113137004926938e-05,0.00023490460176630085,0.12945113656375115,20
26689767,6.11247245461799e-05,0.0004985652809348476,0.29493899259952305,20
13276550,6.106266894762569e-05,0.0002947845033567519,0.18293509287829968,20
90208883,6.090063491580033e-05,0.00020560516250467132,0.10049922780563703,20
104930250,6.0812398723530944e-05,0.000205400341394443,0.10059696269517819,20
29639926,6.0620378541786925e-05,0.00028130420630555794,0.17364282017135585,20
14477737,6.05961463096022e-05,0.0015945087939823114,0.433421185514717,20
76641426,6.0466586743532226e-05,0.0004130057150005428,0.26023906738188834,20
41442989,6.023636868789928e-05,0.0005765020586653585,0.32280862034291846,20
77277628,5.991163281988676e-05,0.0002086957926624955,0.10731636195992691,20
60686342,5.991083046194834e-05,0.0005466866876857351,0.3148384050466302,20
55294595,5.9828556552790627e-05,0.0003253060404786281,0.2105000949226471,20
105556655,5.979534592551738e-05,0.00021870933979650537,0.11819937315120285,20
20227128,5.9732596421638304e-05,0.0005082308376825622,0.3026192580901371,20
8617396,5.961391631304214e-05,0.00029350874640845316,0.18754197254048582,20
82094438,5.9515576447058403e-05,0.00016851363910285518,0.0653666021574258,20
99325271,5.942881261127853e-05,0.0002611557436092121,0.16080666032876195,20
52518786,5.916197881410956e-05,0.0003853616685677146,0.2503217706352142,20
219901503,5.903584578854093e-05,0.00013651039877082946,0.03407211218654268,20
19714903,5.903107543880348e-05,0.0002452013935119447,0.14755993789893262,20
222904298,5.9023868070939844e-05,0.00011406372879807766,0.016004247114526356,20
232290285,5.9013639558849754e-05,0.000688725316596789,0.35291395766245826,20
94698911,5.8993309108562594e-05,0.000475383406237371,0.2926932615752656,20
75304870,5.8972388096578675e-05,0.000570434765086547,0.3245454881804571,20
19478604,5.8947855135721426e-05,0.0006130438532575738,0.3360084349675033,20
242122829,5.8893549360838904e-05,0.0003891678161519472,0.2533519314864485,20
69467040,5.881136100514828e-05,0.00031144987692624597,0.2044552412073078,20
7416604,5.871639917874594e-05,0.00028480400587305616,0.18404582128202984,20
24039989,5.826213588464302e-05,0.00042122724607458317,0.27177428139742055,20
93325422,5.816323109022192e-05,0.0002380666373344825,0.14411298197674174,20
97632245,5.8077118960214726e-05,0.0004060618637901981,0.265025816639858,20
11421715,5.807375069840637e-05,0.0001806870250378392,0.08343953367053988,20
102443273,5.804834067769382e-05,0.0003976981734578701,0.26086688934135216,20
233091074,5.790890125628445e-05,0.00016032419034027348,0.06136159797276322,20
90934206,5.7795115864867076e-05,0.000840533923093274,0.38090247185310855,20
24240228,5.775162905141129e-05,0.0001265678517751356,0.02771766007731876,20
39708578,5.772469430753435e-05,0.00021065044930782207,0.11768031554356222,20
170597867,5.7722016335284844e-05,0.00016407554041973648,0.0660764783152428,20
36715788,5.759502287052964e-05,0.0001966199853375732,0.10290647652433853,20
25489283,5.7580215113267606e-05,0.0005254912165751667,0.31486153154574026,20
22682610,5.7564188584435794e-05,0.0003485401122055453,0.23458541207215222,20
44906746,5.746630083109661e-05,0.0003781901265097904,0.2524941057169406,20
46839508,5.710424681087678e-05,0.002873176039750372,0.4650523534886587,20
152694812,5.706152071167092e-05,0.0005788620547807387,0.33215115730316125,20
145735769,5.7029666772309694e-05,8.939720993513184e-05,0.005088344927570052,20
62888311,5.702904693000721e-05,0.00037079545525366684,0.24993793791969665,20
164104976,5.685937037808175e-05,0.0001884690830077372,0.09656607155120765,20
91502407,5.6458546801402274e-05,0.00041619084457360304,0.275625605350002,20
109159811,5.64149884897891e-05,0.0003503180624577992,0.24008754254697912,20
30615057,5.631492579432629e-05,0.0003266487346780635,0.22509299053499493,20
75343496,5.6263937926076534e-05,0.0002742331269290959,0.1851802197407123,20
39437589,5.6108290631431965e-05,0.0006324298628850799,0.3479822160006859,20
34443120,5.606062262238365e-05,0.0003082606819377376,0.21305838392258503,20
6815583,5.601466581976744e-05,0.0003251535594592338,0.22526211355600645,20
191436813,5.601319197741372e-05,0.0008344032054411727,0.3836373752399185,20
91441673,5.5883003566084555e-05,0.00035273797727806787,0.24361727306309783,20
184014592,5.582086444949064e-05,0.0001384940395619133,0.043674980196325555,20
63274316,5.579696555597924e-05,0.000541329972556237,0.32502998490469126,20
146376980,5.5716782262260624e-05,0.00033600505592913465,0.23370645441488075,20
9469846,5.5694288166974196e-05,0.00022832495000037496,0.1444860978088241,20
59525031,5.5676901663712085e-05,0.0005154077341157453,0.3172715238794819,20
169109440,5.5597050813283035e-05,0.00030423253636090625,0.21195453226082794,20
66265028,5.546831961604215e-05,0.00022499162300011654,0.14199895729336778,20
4863965,5.535719335860723e-05,0.00024077260853846077,0.15838177339574866,20
114950706,5.533931403207959e-05,0.00024022937874796342,0.15792581350910287,20
65053999,5.51123659435937e-05,0.0003292837889442975,0.23166119702939686,20
71700124,5.5044887091418304e-05,0.0005026152008161565,0.31495024525823,20
77996166,5.500092627548636e-05,0.000564632133744045,0.33400645155048625,20
161302267,5.4992366937103855e-05,0.0002674222584576791,0.18464381542487174,20
113548876,5.488687170948081e-05,0.00022408402264239503,0.14351661133407886,20
132788236,5.473777669072199e-05,0.0002803933669946978,0.19677061774410748,20
105935231,5.4724564791733266e-05,0.00010527087242605673,0.015657728905879107,20
10819726,5.462839950095832e-05,0.00037394824514518836,0.26069107743058684,20
225284360,5.4498591243165584e-05,0.0003712731133755621,0.2597009246182796,20
87956573,5.44784192413994e-05,0.00014318112539580307,0.05257032873435246,20
74073037,5.445266292179451e-05,0.00032586836562066297,0.23201719844643137,20
31444895,5.442585412787082e-05,0.0007011352605375752,0.36614675976019007,20
32841934,5.440301845742457e-05,0.00039252122364526236,0.2713651879049196,20
15475227,5.4319968647575934e-05,0.0003420678605192677,0.24311234047936947,20
139864762,5.419167935406532e-05,0.00036070359077086656,0.2548714223969438,20
33837977,5.4102883567869184e-05,0.00030218820889900855,0.21660832231562577,20
79882187,5.393682349892348e-05,0.0004913531817869868,0.31455422176695025,20
152995177,5.35468591922883e-05,0.0002622030833595931,0.18626577460426358,20
118522665,5.3507461604582196e-05,0.0004195329487505391,0.28755239926089404,20
41291755,5.340650490038568e-05,0.0007572060914361424,0.3779389183541957,20
53610153,5.339914906595245e-05,0.000207877927729056,0.13244982035130967,20
169709763,5.3296290652665726e-05,0.0005149007845086634,0.32434649348513017,20
49243392,5.2967069931320056e-05,0.00020095493661567273,0.12652440855273023,20
131569668,5.2966262117265515e-05,0.0003548026387311345,0.2562031420290152,20
130120061,5.293428738984141e-05,0.0011245006788466816,0.41775173343558,20
84295995,5.2930683212951135e-05,0.00040367204732955997,0.2822546943805872,20
20429332,5.275655744285679e-05,0.000542451674643421,0.33425267260829983,20
14338286,5.239824505856583e-05,0.00022814697704248395,0.15863397936043994,20
18826500,5.2177566218747363e-05,0.0004055925058409667,0.28591329384508196,20
64547410,5.2159642825480576e-05,0.0002027389807967549,0.1320926386032601,20
25928507,5.215215452847588e-05,0.000119569694812701,0.03300678383666661,20
181011435,5.162603153859302e-05,0.00033948239241553946,0.2523252356662509,20
66349799,5.160710775778954e-05,0.0002658248693049794,0.19805460239727846,20
54811081,5.160156073227562e-05,0.00034744181490563964,0.25727287392436043,20
111144317,5.158472070461162e-05,0.0003236511958083154,0.24232059115224103,20
38844914,5.1560452462590114e-05,0.00044415978853669575,0.30482560173931894,20
36044279,5.152673930196583e-05,0.0003953311960206701,0.2834109452102406,20
1866427,5.1457460738499326e-05,0.0002633604259090454,0.19656848058045778,20
153584266,5.145463999972344e-05,0.0001864681595722994,0.11611459279838196,20
114550266,5.1424532804025815e-05,0.0001232806958243391,0.03881630381916431,20
60926681,5.1398015097645076e-05,0.0002301322252801285,0.16521854136680153,20
76463334,5.119265683584118e-05,0.0004606584998999749,0.31245057441294044,20
176216868,5.10353893725779e-05,0.0003820711440697116,0.27865721899135987,20
240721552,5.101650482179643e-05,0.0002760628737242857,0.20940284653969227,20
170199957,5.087915977286528e-05,0.00039274616346541283,0.28457872660260375,20
99485426,5.084510683560084e-05,0.0002843478271283945,0.21689144600161453,20
58669378,5.0801708342190774e-05,0.00025810100908311057,0.19486251037572444,20
92517888,5.079533004340164e-05,0.00038051479750195514,0.2787808206842689,20
73874918,5.0782117530701056e-05,0.00028106815836709677,0.21454428626922928,20
19645191,5.0696739804090286e-05,0.00039928157037608927,0.288400946518026,20
14490966,5.056035185265484e-05,0.0005073889465043102,0.33044685145377806,20
77218937,5.045525915937654e-05,0.0006106808084091074,0.3579228487379421,20
163195021,5.039463180150361e-05,0.0003155707809632795,0.24190168353256075,20
24834126,5.035745413212167e-05,0.00023760333754309875,0.17756049336245494,20
108204013,5.035476630038393e-05,0.0002571468875625738,0.19605471435560629,20
77508438,5.033770164102613e-05,0.00027379790987208625,0.2105805733534693,20
57084935,5.0144329384407824e-05,0.0004981396017578578,0.328837684968352,20
121472578,5.0139505686702665e-05,0.0002034879587803977,0.14212655782387254,20
179008744,5.008189776269101e-05,0.0003180770674838572,0.24494113417297164,20
70267861,5.00438073234577e-05,0.0001164837384328899,0.03491120000196276,20
138031907,4.9992977131313455e-05,0.0006355434608725385,0.3644350335131842,20
153743259,4.9605331865615335e-05,0.00012541397832331917,0.04648285952055202,20
104044426,4.955622225485956e-05,0.0004089787030816295,0.2970959161334868,20
89206964,4.92075921898566e-05,0.0001922975833840142,0.13333773317795883,20
245726054,4.900432854084424e-05,0.0008098226418238743,0.39480070095827224,20
134561909,4.8862606045207976e-05,0.0003045737448831642,0.240908677094552,20
95321506,4.8840667721278266e-05,0.00028473182290861146,0.226220352248094,20
67150296,4.880619263948338e-05,0.0004878766643442391,0.32982842794132505,20
114008006,4.876047761507296e-05,0.0001654300512614255,0.10156059344855005,20
26523157,4.8752368077986666e-05,0.0004557080128786397,0.31889946409360825,20
72414705,4.874758397295231e-05,0.0002113848304107962,0.1576700367854621,20
816845,4.8714668196631064e-05,0.000467316480875837,0.32318966830085033,20
149771954,4.856229568821202e-05,0.0002087063373920567,0.15556415659240527,20
49757292,4.8512294653915713e-05,0.00040552930150740743,0.2994319018326517,20
145970207,4.833392142231663e-05,0.00022231766039970072,0.17156284319900628,20
39858660,4.829738454561749e-05,0.0003923776064718504,0.29420531149622814,20
26467790,4.827607253878874e-05,0.0003204903729991928,0.25432446521046326,20
12220740,4.817564273972008e-05,0.00040157663885559007,0.2989178755587853,20
29845626,4.799460239899855e-05,0.0001805787864636109,0.12461823153171532,20
36078731,4.792522798179599e-05,0.00030710219776328764,0.24684498925155657,20
176806198,4.787998758587486e-05,0.00030464880432140763,0.24533265091245682,20
140431221,4.7877468296184114e-05,0.000267145113991678,0.21637854283190128,20
169597238,4.786097342538154e-05,0.00030792874979844253,0.24770375274331724,20
68666830,4.7856617259831034e-05,0.00020875786135324945,0.1590695040639118,20
145173679,4.7810744829629435e-05,0.000438261831333077,0.3156110119515623,20
63474316,4.7720463509209886e-05,0.0003582334287515531,0.2791911979321473,20
25690290,4.7681946409575125e-05,0.00025121815525516223,0.2032733759735607,20
110540454,4.767654192135429e-05,0.00026409835090495856,0.21473241989748237,20
54854441,4.762279747831666e-05,0.00025387984764761875,0.20598256609552923,20
194826729,4.760506835395084e-05,0.0002769402274946457,0.2257477284732346,20
141844088,4.7594931694630584e-05,0.0011867366874613932,0.42977765229808784,20
78164758,4.759233282108366e-05,0.0005319229040779411,0.34676114923027435,20
214869341,4.758222673222068e-05,0.0006386275245851325,0.3713140121401477,20
121555859,4.741923770456846e-05,0.0002411624738746145,0.19509994380918644,20
88274261,4.713048356524696e-05,0.0003394487802080997,0.27101182409588603,20
15885492,4.71267700830863e-05,0.00022583748245557858,0.18120617122464233,20
1065018,4.7111716329431566e-05,0.0005018482889556387,0.33966012827046044,20
7873485,4.707045602078963e-05,0.0003059388882647286,0.2498638089640931,20
31070598,4.7059062632745505e-05,0.0003829631775581276,0.29451746664999184,20
168196092,4.702103121619061e-05,0.0001943832517066148,0.1464398034945715,20
221503370,4.701981891725992e-05,0.00015069940031162284,0.08950283237370638,20
105494612,4.69558916664059e-05,0.0005316190832809142,0.34861867007744507,20
46807985,4.6931546900880196e-05,0.00043087279694163123,0.31587488098956246,20
64572470,4.692160161804959e-05,0.0002315265369948699,0.18805574100979078,20
11488872,4.6899225659438604e-05,0.0005123192153255004,0.3434149682984388,20
11427832,4.684400695539048e-05,0.0005321421756965972,0.34910082074537585,20
69540514,4.681231045925161e-05,0.00028008177672451273,0.23196734601005048,20
90333261,4.6713966382513906e-05,0.00024582912321400376,0.2030025956432734,20
144765833,4.6687675152706774e-05,0.0012386532054049415,0.43396013841069847,20
220302117,4.6658261338328175e-05,0.000295197462673993,0.24411761179173275,20
55045155,4.657667400456145e-05,0.00015724097168972484,0.10049180651295901,20
48146508,4.657060698336213e-05,0.0001952251299497179,0.14971092883183826,20
36738907,4.6435264989816424e-05,0.00020786526173426133,0.16516583371236115,20
35049131,4.632663322605146e-05,0.000309449390135278,0.25561295461404443,20
78490233,4.621689293882181e-05,0.0002919958522273393,0.24381689355878444,20
160187959,4.616332743589968e-05,0.0003780240218015221,0.29566756077731526,20
1461778,4.615311717747483e-05,0.00039228275232130734,0.3024329843464908,20
99834220,4.614061716269324e-05,0.0003065970302815204,0.2545180638605657,20
77797555,4.611445065532682e-05,0.00013318454396740829,0.06900450923347749,20
135028674,4.60285209318595e-05,0.0003281160561488699,0.26894623886724234,20
63874650,4.5904827880810516e-05,0.00045266203939229335,0.3276547243518334,20
92304144,4.584415146850762e-05,8.501224162617978e-05,0.01308093679825914,20
97100821,4.578739819142419e-05,0.00015040787409768873,0.09465522360029635,20
118268613,4.575384619201206e-05,0.0002794323955588374,0.23647315102863747,20
64271155,4.563764427790995e-05,0.00033011764530390254,0.27187325624361636,20
80492525,4.5557643940016826e-05,6.0258661741749374e-05,0.0015678554561854268,20
94506382,4.5502806632813365e-05,0.0004947654009215325,0.3427290588563695,20
79680399,4.5264704890379816e-05,0.00047999097306927985,0.338975136730202,20
118945824,4.5229976100943925e-05,0.00034220418798024094,0.28071236068093297,20
86805541,4.5186201951630255e-05,0.0003368978332729799,0.2778556681482718,20
127357644,4.5082869630722054e-05,0.0003400947682104304,0.2801443785906459,20
66174221,4.490913623527437e-05,0.0002680013420562116,0.23139774607090846,20
34042757,4.480348952409507e-05,0.00026470498561222236,0.2291835009953645,20
118572543,4.479208703014048e-05,0.00020978415338913432,0.17581806318408771,20
39079964,4.477230290127199e-05,0.0004754261078422298,0.33918409219089274,20
179810201,4.475954333620913e-05,0.0002255967359362698,0.1930072746292268,20
48669113,4.475326855831186e-05,0.0005733849125774622,0.3654433895666067,20
78197805,4.4749284110665036e-05,0.00037036620290676215,0.2976191219471147,20
14023513,4.471705789399483e-05,0.0005820706839925025,0.36747198510444445,20
110315894,4.440569113749737e-05,0.00014015607243369013,0.08634930202465876,20
113007517,4.434458275506814e-05,0.00025223032750642854,0.22070997780119572,20
53739281,4.4334621677871724e-05,0.00040273318155700425,0.31406953823886447,20
86555229,4.424201982974052e-05,0.0002752767048277676,0.2405195125269473,20
61265678,4.418471982271521e-05,0.00015298817553251434,0.10599321718401172,20
165398168,4.417183654584766e-05,0.0003459409692675806,0.28733623944518427,20
36879339,4.415399920416896e-05,0.0001413611776274698,0.0892785803187489,20
32641791,4.4136811363948425e-05,0.0002190332311523367,0.18939023063515276,20
52866639,4.409321451357972e-05,0.00038894059889379583,0.3089960745452322,20
62266253,4.3985440090413276e-05,0.0002229284289788679,0.19429791300784643,20
112649670,4.3953750873515496e-05,0.0002622541774876881,0.23135926285091485,20
172213091,4.390228148346831e-05,0.00023903122573723412,0.21080691650858063,20
113919030,4.380933349344418e-05,0.0003671636764378022,0.299900360457113,20
2811805,4.3759202449158985e-05,0.00031573140953405817,0.27136897950744165,20
148051353,4.3756861525279243e-05,0.00031551251774586425,0.2712410973736421,20
47650686,4.363350259030951e-05,0.0002803335114889209,0.2474027553659942,20
108740598,4.34882233354722e-05,0.00038907575319439114,0.3114549800216987,20
104756197,4.329963461821018e-05,0.00041446049743455705,0.3228300956094217,20
42283550,4.324950513115988e-05,0.0003210416430062522,0.2769925123987232,20
38481736,4.320175753527167e-05,0.0003191814318594792,0.27606719885015163,20
147250732,4.3131649426070284e-05,0.00022985927806085118,0.2059046636637532,20
862933,4.3022050727961615e-05,0.00028658188472928967,0.2550350382639265,20
84571181,4.295446320217999e-05,0.00016489977421323666,0.12923090764304865,20
67065432,4.293092540140764e-05,0.0003331410987340548,0.28558478556355915,20
20004068,4.27694421820668e-05,0.00031515809282953275,0.2755493494644847,20
204239527,4.270958890522369e-05,0.0003295573865536024,0.28450537443648805,20
136963730,4.269146744168839e-05,0.0002061772212225364,0.1830272754247531,20
155497657,4.264923431342715e-05,0.00024116434133200559,0.21938636827984603,20
25090012,4.264244638946535e-05,0.0003962138031508127,0.3178953773255906,20
156583855,4.259143146693733e-05,0.00016704103993683616,0.13416880803832687,20
85237518,4.253460413614629e-05,0.0002456622260805501,0.22413601937506383,20
137229577,4.2454972930600075e-05,0.000184665296418562,0.15839463076929436,20
9618077,4.2445066619009596e-05,0.0002346680391201208,0.21429650485262303,20
97542236,4.2163989077131926e-05,0.00019034147315604103,0.16715124336427223,20
60449168,4.207893314977784e-05,0.0003339105730505097,0.289818383477869,20
16485829,4.188568975917462e-05,0.00011268832954508906,0.05643419051979252,20
44249687,4.169928058711525e-05,0.0003895988865037549,0.31882179693478874,20
119550240,4.1682723250177635e-05,0.0001343914554243133,0.09073871180201354,20
108334471,4.1521864339996716e-05,0.000709619589425146,0.3981929496635821,20
17875194,4.125501100282758e-05,0.0004693511698487841,0.34931377083815285,20
54152426,4.1119637074629735e-05,0.00037999311612620134,0.31698082883856893,20
68752166,4.107864306840681e-05,0.0004982994727505778,0.35822395322789774,20
64061227,4.10243128730281e-05,0.00024049341063317863,0.2274531182565968,20
4995942,4.101988725164485e-05,0.0005234225516457435,0.3649189445475597,20
861105,4.100743894700221e-05,0.0003048820185860316,0.27730377690165275,20
115416503,4.09999327205951e-05,0.00038522134430288117,0.3197582739332688,20
180611293,4.0976378934887146e-05,0.00024134483827508907,0.228496874133638,20
96,4.0926072011562845e-05,0.0004882547113100582,0.3559582051784702,20
50749588,4.0865067765125104e-05,0.00037783009337331104,0.3170653772430857,20
130454721,4.0819722787446834e-05,0.000370321233548901,0.31384694495170395,20
220074442,4.0764825513528444e-05,0.00020167796300858942,0.18867170945100337,20
156898684,4.074936682066099e-05,0.00044728452411313467,0.3441233837200846,20
66895043,4.0444129204553206e-05,0.0006181657673781867,0.3865018827600604,20
2063472,4.034617907994198e-05,0.0004995301150606519,0.36096512901056715,20
110854497,4.0308942668038085e-05,0.00012690480528299117,0.08583398079709582,20
90276722,4.0292225484700464e-05,0.00036287003434894334,0.3125924593230808,20
30295538,4.0235633865470796e-05,0.00015631944490901225,0.13198600810977046,20
10421057,4.005631677651833e-05,0.00029420558816375416,0.27490616753842867,20
68066102,4.002541192106301e-05,0.0004340653807848455,0.3423389990995034,20
129991255,3.985767977459087e-05,0.00029273341704532453,0.2748972419239266,20
35128715,3.97260408213862e-05,0.00027254728616690836,0.26115254605624105,20
194440035,3.962491373993848e-05,0.0004559111260904288,0.3509135002357441,20
58096778,3.961326602014148e-05,0.0007383477610240855,0.40647487504920293,20
45850809,3.9608246620362333e-05,0.00034584042030782005,0.3072127386458088,20
82151758,3.9557260575548424e-05,0.00044407171459923155,0.34739881315261556,20
86624652,3.948922453959336e-05,0.0004485433430084285,0.34908507979176007,20
142283198,3.947305020408909e-05,0.00046964489480146797,0.355586045219768,20
37517415,3.925966257770919e-05,0.00015103932634286847,0.12972468821950456,20
87089247,3.898478884790946e-05,0.00038941506630004564,0.3297124102981305,20
152177852,3.89653446461663e-05,0.00039375007272354366,0.3315402683780626,20
71030136,3.8810310177983534e-05,0.00018709773940139078,0.18260708163197237,20
76384680,3.860841363280687e-05,0.00016679980662290194,0.156798566531838,20
53066639,3.860625848796373e-05,0.0002166236174714218,0.21764459536636988,20
29293213,3.856101208661311e-05,0.000277818081861247,0.2710761596538891,20
112142152,3.824290820353682e-05,0.00016567142731588506,0.15744009251024849,20
64262273,3.8144510206272744e-05,0.00022355218666832816,0.22739430071029915,20
24289452,3.811705347087913e-05,0.00028947053002709676,0.2814377196034465,20
83222149,3.7991189660568916e-05,0.0001939644393812371,0.19600048140701948,20
35277253,3.798258595445192e-05,0.00040526054415972667,0.33990507260390423,20
10419328,3.794357049815844e-05,0.00034192388083832047,0.3126958750890905,20
10471050,3.782526168328027e-05,0.00018658658023686277,0.18798606006739665,20
16843277,3.7680679065590914e-05,0.00022096989535999316,0.2275311269535693,20
95214337,3.765656306103648e-05,0.0003774947386890203,0.33027903619709714,20
26067566,3.7310211366423096e-05,0.0002096880949902449,0.21800748327531966,20
9200183,3.7153955537619354e-05,0.0006739691971203627,0.4039557314832055,20
13822305,3.69745421731682e-05,0.000248695231570145,0.2570552166300816,20
20236625,3.6901430030281124e-05,0.00017733167023513015,0.1818625787789802,20
46056053,3.685253276471956e-05,0.0002285752847658831,0.239835050952725,20
37258597,3.67340047270126e-05,0.00025229845107469987,0.2613797257544897,20
25631015,3.666641683641447e-05,0.0003680687147575127,0.3304940058220895,20
85525748,3.655960290268878e-05,0.00026128402206076427,0.26946056400287266,20
44058077,3.651961687991534e-05,0.0005211807008588592,0.3787080557581885,20
67665171,3.625355833525301e-05,0.00021266130045608338,0.2275942509633742,20
55494829,3.625035337969928e-05,0.00028206585415006016,0.28610288871776013,20
90441008,3.608912031731748e-05,0.00022744937909658015,0.24328853637043685,20
225506780,3.586542696917272e-05,0.00019702828487887513,0.2128448851104412,20
207661231,3.573089943372243e-05,0.0009849139916321549,0.4364145240707743,20
45807376,3.5377319783055915e-05,0.00035989497632272225,0.3325907597224306,20
34837076,3.5330019822174544e-05,0.000630437296577971,0.4023987618844289,20
41177436,3.5305167475802034e-05,0.00046753197488451473,0.3696427151931641,20
62859361,3.522316774282053e-05,0.00023391191197433733,0.2543924043307553,20
53853246,3.506209039914332e-05,0.00043042382547941576,0.35982923342751527,20
122149917,3.481877907166864e-05,0.00043224369038678617,0.36131819467030013,20
18884606,3.4692851434123265e-05,0.0007811315584503937,0.422333560704312,20
5465954,3.448961240385961e-05,0.0003318358157130895,0.32367329897174585,20
26890144,3.4479593745762036e-05,0.00026874386854231874,0.28642643532417283,20
4613920,3.4361492579440546e-05,0.0002810101795328253,0.2954249810746268,20
22042643,3.430994553231259e-05,0.0002942012642782294,0.3040074171459326,20
34499822,3.4301982948906076e-05,0.0003157177449799092,0.3163018210695368,20
95646751,3.429268455009959e-05,0.0003558496408248597,0.33566895447298817,20
58802047,3.428802281007781e-05,0.0003795490038274821,0.34535915794712546,20
130185176,3.4276209918782107e-05,0.0004746661361085745,0.3751344695387441,20
26641323,3.424884161238872e-05,0.0003063748719634481,0.3114330092582082,20
130791733,3.414445801374344e-05,0.00040172164461783823,0.35403957014253795,20
30893831,3.4089228669689776e-05,0.0005345240729620214,0.38928448815738403,20
143371663,3.403534801838526e-05,0.00018044440645853567,0.20471276161260743,20
173814815,3.403079685738442e-05,0.00037906695650542245,0.34627083055960345,20
8599461,3.399656050628585e-05,0.001029062908166153,0.44205094783453,20
111516808,3.3958403484113385e-05,0.0002348964782822954,0.262836295112704,20
96683186,3.3806768059921335e-05,0.00037920094338540403,0.34727874886026977,20
138566818,3.367398998005144e-05,0.00041255783774884623,0.3595615314225382,20
176405898,3.360005253813525e-05,0.0007265397705636516,0.4191748194218384,20
81768134,3.355462416584909e-05,0.00025153144869337866,0.27891209652659477,20
16673941,3.3497102650134616e-05,0.00016481169960872567,0.18738444868779353,20
24083140,3.346770938121579e-05,0.0001453550070872689,0.1580406089748947,20
123179715,3.343900628410556e-05,0.00014153021604892965,0.15196753348674075,20
27500325,3.340361320244012e-05,0.00012729908568966371,0.12754832911832856,20
40977362,3.326227330109621e-05,0.00025002402506868346,0.2794461956030392,20
42547988,3.323502968937131e-05,0.00022385677780004096,0.2573470249567369,20
168996624,3.31719001253894e-05,0.0005307635662171102,0.3914399358890265,20
78196411,3.3094746076114956e-05,0.00028903195729000706,0.30725187477314364,20
128183187,3.301734742250373e-05,0.0002496619710874382,0.2806012464824975,20
49791659,3.298421556491848e-05,0.0004090562849510565,0.36118443455998034,20
72637947,3.298070474521963e-05,0.0001717662283514115,0.20060722515853924,20
38702883,3.283146155146355e-05,0.0002744825720574268,0.29945451136078016,20
155058613,3.263225341517406e-05,0.00022503766942542222,0.2622128500443268,20
136756670,3.24293737484993e-05,0.0003086304253907414,0.32188384931018954,20
45152229,3.2374392950010325e-05,0.001020807420892645,0.4443530889890993,20
157384457,3.236844794289317e-05,0.00029915048314335815,0.3169968886045805,20
31073459,3.2342983794098056e-05,0.0003779154471516126,0.3530814308267568,20
55721840,3.2223596348915365e-05,0.000174537258399678,0.20962220440635748,20
58085780,3.180019165946457e-05,0.0003878741596848245,0.35896506579398246,20
6470057,3.170231618628283e-05,0.00029501839574029055,0.318154453721274,20
167808253,3.162084764231909e-05,0.0004233101525479962,0.3709951237393881,20
95922114,3.1580233064273934e-05,0.0002842251752863624,0.3124805842279387,20
26836683,3.156035387559264e-05,0.0003177271351746628,0.3309492535155206,20
79890644,3.140485219532696e-05,0.0002565621888455363,0.29523231808005607,20
52256804,3.1366473159227806e-05,0.00035449272321666487,0.3483647750170916,20
30133643,3.135525246100723e-05,0.0002216910880119645,0.2672916166485166,20
205258235,3.130141955945964e-05,0.0002482673771456253,0.28972753887524916,20
7005123,3.126152335878041e-05,0.00015460227528475026,0.18858181847211014,20
39901468,3.118023316450169e-05,0.0005368880872019712,0.3989354297688671,20
143163381,3.104219228639571e-05,0.0002722430273815037,0.30798646540047836,20
8666804,3.097382068190935e-05,0.0007448755131604946,0.42722247132385355,20
78109772,3.093251875662673e-05,0.0005745046313915975,0.40614889110799035,20
107934113,3.088479157326851e-05,0.00014112350460759057,0.17000736274973527,20
90380845,3.078879268773871e-05,0.00031333347146983957,0.3326495599838213,20
94739161,3.0780969075566714e-05,0.0002447618626169568,0.29020597741589005,20
5216432,3.060535871987346e-05,0.001087040074348332,0.45056222443477156,20
41546395,3.0502780137950382e-05,0.00023848301590966993,0.28701355857644595,20
75300082,3.0362429574937178e-05,0.0006150834354581038,0.41381769234694776,20
143764706,3.031003681952249e-05,0.000762019452083125,0.43034868244116886,20
113348661,3.0122148309530415e-05,0.0002384554152950411,0.28936600694365405,20
165593171,3.0090284677161684e-05,0.0003069215909535954,0.3330046400827007,20
84422625,2.995839159054825e-05,0.00022654350184031616,0.28061147790492363,20
37306245,2.992527992576044e-05,0.0003620962224179079,0.35788478204156593,20
119750351,2.9856200850927883e-05,0.0005579287603975818,0.40671177607406817,20
22,2.9833260974387876e-05,9.610774539767981e-05,0.09056722447887727,20
113902157,2.980835953615424e-05,0.00016014334251565293,0.2077555185413713,20
41709978,2.9748364067522237e-05,0.00011412079437864508,0.1290666592609549,20
171477739,2.9557274848818206e-05,0.00048069685925951783,0.3931480909121744,20
48546351,2.9513254877408523e-05,0.0003759628054754317,0.36470125297764056,20
213667581,2.9149195560188023e-05,0.00030263722515162133,0.3357507287630832,20
28210824,2.9112901188896313e-05,0.00012241791198889924,0.15043309370673558,20
118869447,2.901277757973997e-05,0.000192485583583501,0.25419221041526896,20
9287478,2.877070776110824e-05,0.00015413652277210686,0.2071139646811606,20
76785121,2.858220919101373e-05,0.0008415465697084349,0.4404369962623424,20
17675557,2.842073796696376e-05,0.00033646188932691113,0.3548984278916806,20
31435076,2.814074979423098e-05,0.0003813133672849225,0.37248987769228037,20
87605926,2.8111846339826108e-05,0.00021977454398593613,0.2870004369351188,20
124914613,2.789112644194791e-05,0.00021437298333140648,0.28375402548632245,20
37044444,2.7827989786938235e-05,0.00036444602204604027,0.36824543004487487,20
12420990,2.7783368049527634e-05,0.00026066439814200214,0.3195165273078567,20
123726133,2.763738939436933e-05,0.00037683419899157896,0.37325271649159364,20
67865972,2.763252034053698e-05,0.00025425858234027777,0.3162532886581428,20
123014509,2.722425254432226e-05,0.00020422743870836482,0.2790550201507234,20
63862634,2.7209305073830347e-05,0.00034407064053448784,0.36374419425899696,20
14271633,2.713361132746228e-05,0.00010355111158293745,0.1278735832302183,20
145374760,2.7102761415187525e-05,0.00017058747734489038,0.24300374659217183,20
83197173,2.7045799915650925e-05,0.00037207681184774755,0.37433866092085993,20
110645608,2.6974651809083537e-05,0.0002664960065506692,0.3279569218753924,20
127669430,2.696378922060205e-05,0.001601907568879779,0.47039089852342486,20
149990652,2.6949982410376382e-05,0.0002442522476954273,0.31367824343763107,20
144448111,2.690203903335242e-05,0.00023822177576521842,0.30967211509279025,20
25685359,2.6681603748737735e-05,0.0003246104673562096,0.3586206750140444,20
72390640,2.6670223668215365e-05,0.00019226167230874085,0.27119306587393244,20
41848100,2.633944604879257e-05,0.00047140913042633293,0.40268268774945387,20
134153709,2.629175229216796e-05,0.00022114068116320962,0.30054826166869986,20
55859647,2.6264342453050094e-05,0.00034416321163439456,0.368317205292653,20
121738203,2.6136690163511277e-05,0.0003597613195651312,0.37440307970636066,20
55120301,2.6110848351068582e-05,0.00018203490897365153,0.2644379425619027,20
60403477,2.6046119795453126e-05,0.00026235774655046073,0.3310358265969698,20
83104166,2.595313150486056e-05,0.0004512513358442796,0.3998911440209087,20
1210895,2.5944849267225956e-05,0.0001445410867420191,0.21602625193560349,20
28733857,2.581325050769745e-05,0.00019765185939153994,0.28302552403084724,20
35643920,2.570734382509876e-05,0.00048718808362405906,0.40798657502331387,20
14,2.5576186664266753e-05,0.0003027370099951471,0.3548759258229697,20
155596438,2.555813379974403e-05,0.0005285438497027402,0.415547497403456,20
38057538,2.5449047392858694e-05,0.00018154083350324535,0.2690862874923195,20
19084764,2.5360632092655267e-05,0.00019241217009732507,0.2812538445039889,20
69189403,2.535508219879412e-05,0.00033136812724148234,0.3679814493664816,20
120936915,2.5344442710512062e-05,0.0002612551318877872,0.3346442096966584,20
58897769,2.4916272648242697e-05,0.00025251554178163494,0.331997059853929,20
43712390,2.487557237143556e-05,0.0003650890588675851,0.3819491033022386,20
14671928,2.4826687920664893e-05,0.00039388411325885954,0.39054117758722195,20
129566665,2.4750993577518642e-05,0.0003977263751526574,0.3918916570417095,20
156784003,2.4717909446322904e-05,0.0003304697273680511,0.3708335816499292,20
118122444,2.4653940573240996e-05,0.00023107589323156946,0.31935203324731254,20
38035082,2.4068452042999567e-05,0.00035388582987658717,0.38215659728199863,20
52738399,2.4014503121072562e-05,0.0001782927874291193,0.27702864671160676,20
96946291,2.3868502363288967e-05,0.0004247068326636161,0.40212713820423635,20
92,2.384528292833088e-05,0.00047657995749338507,0.4126663620988702,20
24237673,2.383975924563353e-05,0.0003613060753699646,0.38556602251819466,20
123125756,2.356641749545474e-05,0.00030782140634510346,0.3679112799061205,20
103735338,2.3552432957321678e-05,0.0006563246920086343,0.43709685997756137,20
41503331,2.354632537674428e-05,0.0005613076433567045,0.42658884900956134,20
50405822,2.3463548965074742e-05,0.00018383633643070547,0.2874153187130315,20
125143834,2.3263018784216994e-05,0.0003954793735750384,0.3976673656734636,20
161589626,2.3234424596271785e-05,0.0004928092263553383,0.41762564030680077,20
81446938,2.3129553109677015e-05,0.00037077865335422575,0.39163839911801684,20
154896788,2.3060213248030094e-05,0.0003137907473385672,0.3730061778348822,20
105111400,2.2833359545990084e-05,0.0005359189604257265,0.4254536448054502,20
180224324,2.281537904462727e-05,0.0002898899547250663,0.3643660430455623,20
90733686,2.278043728328183e-05,0.0005364186640447236,0.42569265888339236,20
28287364,2.2555260003265242e-05,0.0005563351948312195,0.42902148308111,20
11420011,2.2345384034344605e-05,0.00018596444888940898,0.2986252596354375,20
1410929,2.228462654451091e-05,0.00037746640895738013,0.397302278727547,20
12870334,2.228042595530666e-05,0.0003009974090038425,0.37212001329282113,20
142535439,2.2275955240508295e-05,0.001309077220857866,0.470067476258496,20
1011120,2.2208225278716466e-05,0.00019253087261139485,0.3059529986979992,20
72214276,2.213359415301208e-05,0.00032656452605387575,0.3825505331333041,20
79303782,2.213177920063758e-05,0.0002083729092893864,0.3201020886710974,20
140465673,2.2054335363194676e-05,0.00028675058268290134,0.36732782012040127,20
114902628,2.1927397972845707e-05,0.00019237682586603803,0.308051538234572,20
13070799,2.1921068510277752e-05,0.000585021514625391,0.43434485054477245,20
25465028,2.1795794694645654e-05,0.0005693586666091549,0.43293860934807893,20
124817389,2.1788879118703197e-05,0.0002224128358655559,0.333120992329857,20
78508773,2.157502688138746e-05,0.0004590374772177818,0.4178773426792326,20
76795839,2.143973578273284e-05,0.00023200069458391908,0.3420139943445048,20
75744635,2.1362671463789894e-05,0.0003442493355625999,0.3921882245431818,20
83490504,2.127482827595506e-05,0.00026785024897230537,0.3631713485253129,20
154296093,2.1252525632745045e-05,0.0012468495215894064,0.47001753775684907,20
107046692,2.122880125768334e-05,0.0006578646364863114,0.44338672532915957,20
25484676,2.1068919483105407e-05,0.00021770028180328514,0.3350126023218989,20
25026917,2.1062065026367093e-05,0.0002130418964990532,0.3316930021959411,20
152895186,2.0839262417593486e-05,0.00021965211018251952,0.3380601516158108,20
151782689,2.065299621257788e-05,0.00011565933084852838,0.2172021396019932,20
181611787,2.0452092983383464e-05,0.00016326869252394498,0.29094147512869095,20
74741736,2.042726466361666e-05,0.00034815726994255755,0.39792175973698113,20
12622568,2.0404758011863255e-05,0.00024797913664179744,0.35847565718835384,20
1610985,2.040354718500781e-05,0.00027650028373695786,0.3725021808716971,20
70,2.0283752660366082e-05,0.0002106308792763984,0.335778352432598,20
87889957,2.024387817604334e-05,0.0011140796420489128,0.46804138808268214,20
80514706,1.9956083294350722e-05,0.000397697938350028,0.41241799408382357,20
31097262,1.9944566342777746e-05,0.00017880076607615397,0.3118055731175753,20
52756698,1.9894813440871074e-05,0.00021315090431618815,0.3405270073664156,20
53848885,1.9874116428220123e-05,0.0003475083627287611,0.40044119206630113,20
15479795,1.982944816994736e-05,0.00015100238458350338,0.28196662616556933,20
91313475,1.9817677252600975e-05,0.00030661069813589894,0.3878347965956533,20
131560044,1.973670413403239e-05,0.0002829305124018372,0.37923128196326694,20
22488198,1.971716280086966e-05,0.0003414173247168139,0.399487770778373,20
44306119,1.965842086819325e-05,0.00022277793940137286,0.3487549288576942,20
99930785,1.9552640618725194e-05,0.00036476751472522446,0.40655723635942637,20
98903394,1.9515603986183792e-05,0.00029765308614711005,0.3862680711007394,20
241900281,1.942206075868369e-05,0.00026705020112076925,0.3742730763475419,20
123274409,1.926638777353662e-05,0.0002584811432845001,0.3712643299911549,20
27289976,1.905404616252826e-05,0.00011855708586740449,0.24052239658578806,20
57525297,1.8903614688473012e-05,0.0005005815613151078,0.43383694973516945,20
72501283,1.887968190440459e-05,0.00026367025419103733,0.37614817331782113,20
17488141,1.8866296584219012e-05,0.00030570911211496514,0.39276765856324225,20
5014301,1.8813102368414602e-05,0.00028894450491619275,0.3870344298817076,20
9018605,1.8789222117174265e-05,0.00024048919706074756,0.36531428073628947,20
248528837,1.8771595072081258e-05,0.0005541206290968078,0.44058927886079535,20
9418274,1.869204108141398e-05,0.0005224026706737919,0.4372782762631753,20
96545397,1.865183917691693e-05,0.00036533015510589495,0.4109169357787449,20
97512306,1.8632080909286585e-05,0.0005625898444382674,0.44190824191736666,20
113864109,1.855980525991563e-05,0.00021179284247177708,0.34974594066311826,20
132360325,1.8486163131176125e-05,0.00045261954327730094,0.42850229555354924,20
73283029,1.8319235112707056e-05,0.0004081778411823256,0.421528420927486,20
34904070,1.8211913573787376e-05,0.0001772675981661162,0.32556112777440294,20
64268981,1.819842801583371e-05,0.0006397869917521522,0.4500563187133331,20
24638067,1.819125727193227e-05,0.00010362993479037958,0.22105442826068045,20
70536179,1.8190208952639785e-05,0.0006124932337135912,0.4478676046420355,20
50855558,1.8037653597025027e-05,0.0004310338054959836,0.4267645326046662,20
115150776,1.800570603963936e-05,0.00023048516000256784,0.365327959540288,20
74903814,1.79953999523752e-05,0.0005461101342581208,0.44219798080928807,20
24826638,1.7829220355769505e-05,0.00034696583338971734,0.41034936143003653,20
50397681,1.768033825448878e-05,0.000506012757139539,0.4387387391360257,20
52642921,1.765716695544539e-05,0.0002590948588232395,0.38192595735759644,20
159262353,1.742825769183165e-05,0.0004222470179980533,0.427754266806803,20
80949710,1.7381951810629958e-05,0.00010330300262317061,0.23048922898464652,20
39249572,1.714850387784517e-05,0.000306204325997601,0.4024618503553847,20
13871127,1.7027960597257308e-05,0.0003248116087543762,0.4085726464876466,20
13076348,1.6940348360661163e-05,0.00040562737864838975,0.4269099137215402,20
10268177,1.6832734210864287e-05,0.00022981087096504433,0.3734107370525696,20
4464995,1.6703831374251244e-05,0.0005244022209116312,0.44411163014094024,20
113749112,1.625318541569887e-05,0.00026917578432941914,0.3950228751479292,20
80715054,1.6131620117754152e-05,0.0002687747667996923,0.39563682189347094,20
18229923,1.60398061423761e-05,0.000284642981296794,0.40187053289152885,20
30635636,1.5964507016016927e-05,0.0006730897898321215,0.45831887945834543,20
38052397,1.5932097080864627e-05,0.0004093266492794752,0.43182680713422505,20
135429020,1.587969726092875e-05,0.0006006420495916731,0.4535617386378853,20
131150005,1.5841533061258796e-05,0.00011225388745982316,0.2677411845487202,20
77418949,1.5731561059503797e-05,0.00011970882669683352,0.2818247919177098,20
171201192,1.5639949478638003e-05,0.0002817667388757323,0.4033084036802586,20
10280102,1.5558156230058295e-05,0.0002247071861684974,0.3801027434959514,20
91782212,1.5545197082403316e-05,0.0003202224559632309,0.4152223963300783,20
69429300,1.5529977619638258e-05,0.0005605385175775141,0.4513469002479519,20
29245073,1.549782447806125e-05,0.0003019054789966649,0.4104396734500815,20
30620632,1.5482560200949514e-05,0.0002997411714329331,0.4098921598168049,20
82703335,1.533075729257538e-05,0.0004272839475754876,0.4371069070353602,20
96509333,1.5324927412294077e-05,0.000107535165727278,0.26575841104502984,20
76296932,1.5143673799677959e-05,0.0005284891304503029,0.44968945357654544,20
10400602,1.5127078848931053e-05,0.00019505813223906474,0.36626856012808595,20
45206748,1.4945279179004455e-05,0.000474174925114786,0.4446946028301535,20
62058728,1.487831242198978e-05,0.00031671472710626046,0.41791788147042086,20
49605671,1.4808436755767152e-05,0.0004261697599295335,0.4390738413602553,20
78503270,1.4690329750455255e-05,0.00041501622958723793,0.4379453158039452,20
100452646,1.466743043569696e-05,5.511424380080335e-05,0.12432138503762627,20
108644208,1.4350488658315675e-05,0.00027644759455757557,0.40945179336417103,20
50323346,1.4336617448959531e-05,0.0009531397878901852,0.4735358005038361,20
42504192,1.4263738580724827e-05,0.00023218991617306606,0.3932446266752098,20
125181149,1.4138037552258175e-05,0.00029360693309531057,0.41589596733451595,20
127746755,1.4054397897292347e-05,0.00022272184578393304,0.3904187785981512,20
63221421,1.4004041672363577e-05,0.00033967357345644517,0.4278357103225137,20
105694698,1.3964566422627889e-05,0.000699886748485482,0.4649161907092952,20
64823406,1.3888569517184202e-05,0.00012670554247394046,0.3148011499748383,20
17032871,1.3818731365008996e-05,0.00024339300506968727,0.40114731685556976,20
114415368,1.3663714263956184e-05,0.0002586973743329153,0.40790006244427374,20
8417115,1.3628624269057531e-05,0.00024193322478706546,0.4019019350180721,20
82573127,1.3527720916567399e-05,0.00037138057291197376,0.4361587337408429,20
57647842,1.3414497156838401e-05,0.00024533390683403986,0.4047209213460848,20
32493682,1.3350396770572814e-05,0.00021401202491929812,0.39163755473578526,20
107958746,1.3348198879381545e-05,0.00029091691203778997,0.4198007184190606,20
105531191,1.3346855241896937e-05,0.00034708326826178896,0.4326386279749267,20
2262066,1.3301744522217773e-05,0.00046290119595654607,0.4495481509109588,20
31835268,1.3199372754862936e-05,0.0012828940968954861,0.4818901648441999,20
44906861,1.3104890399290303e-05,0.0002681309287588192,0.41465568810446723,20
27286238,1.3082188719737431e-05,0.00028669132303282537,0.42023406284874,20
135362939,1.3039601676267943e-05,0.0004266190502950748,0.4463566294977462,20
164797031,1.3010479916392148e-05,0.00035114431473701554,0.43507171540817213,20
9070012,1.2867117707071607e-05,0.0001903813940273532,0.38287120202437497,20
151054719,1.2830111733524996e-05,0.00035934601790591414,0.4374117824855164,20
40025246,1.2571000720376646e-05,0.00014556089737169698,0.351810597049193,20
121911011,1.2435581314651501e-05,0.0003452764425219486,0.4368693661549552,20
65871131,1.2423487528565036e-05,0.0002059212241136933,0.39510768288240583,20
52845548,1.2416873885448543e-05,0.00021880126782818088,0.40119128850493635,20
123953953,1.2345640519084711e-05,0.00023224666402793087,0.4073186533973615,20
26228899,1.233215462890791e-05,0.0004350558947407092,0.4502280707942027,20
5814566,1.2277522049852774e-05,0.00034996843237654996,0.4384931246764199,20
42444502,1.2221318255259406e-05,0.00021559232638311386,0.4012974847313192,20
170611023,1.2152032141685143e-05,0.0010073696009230977,0.47876991817460113,20
14290821,1.2133706910560927e-05,0.0003814231383209278,0.44418379086417953,20
213066961,1.2078090488962245e-05,0.0002063650552799799,0.3981675733596912,20
60744233,1.2072976340438136e-05,0.00030774875658762403,0.4312943661772341,20
29471323,1.2050789246634274e-05,0.0004146896097199016,0.44898232571291175,20
48914238,1.1988964673179114e-05,0.00019951611934384278,0.3955162765392295,20
12889591,1.191494147929073e-05,0.00013140814183298068,0.3448220138971708,20
6667555,1.1909249846969727e-05,0.0002232107190143076,0.40698223207974693,20
138231955,1.1882823038569801e-05,0.00023371164396403948,0.4112781217612921,20
156984216,1.1748289856433614e-05,0.001648665097125515,0.487454784416254,20
33497709,1.1723253688458723e-05,0.00035151462979206896,0.4415039733383848,20
233114608,1.164369378843788e-05,0.0003637464741301708,0.44383747962956144,20
24206025,1.156109023332519e-05,0.0005121481143372129,0.46032283104348437,20
18016018,1.1514010339691572e-05,0.00020306292590255244,0.4012727683009977,20
43044877,1.136402793568969e-05,0.0010272501781090767,0.48052923969306593,20
124180481,1.1208830702158501e-05,0.00020604817967356462,0.4051978403340671,20
79365944,1.1027161430776644e-05,0.0005006771117827052,0.4612848701510456,20
49721909,1.088856328627097e-05,0.0005816298792973381,0.4670766947898758,20
139438938,1.0877847505241788e-05,0.00016449105066258525,0.3853168269717583,20
107006216,1.086408968412611e-05,0.00021593159272114974,0.4121888259189727,20
140761280,1.0777725885047219e-05,0.00015842823223963638,0.38212781240903776,20
39942532,1.073772532067807e-05,0.00023284186646172926,0.4193998959716247,20
34337112,1.0664391839962373e-05,0.00028315685930023596,0.4340118353322966,20
120523463,1.0600791399029141e-05,0.0003067013865798989,0.43939351455668607,20
93881354,1.0596797567039019e-05,0.00012065040960496807,0.3494231639926857,20
60649224,1.0526116653042373e-05,0.0005277654582892231,0.4649300817747861,20
87775507,1.0348189454501e-05,0.0017088567951980588,0.48933855386553915,20
81906525,1.029898423559883e-05,0.0002010285472289949,0.4106142333009247,20
94882079,1.0254572333173729e-05,0.0004325835078889436,0.45834133039137237,20
149691859,1.0027433198050994e-05,0.000263952520338898,0.43344457071462744,20
84771531,9.91975329790451e-06,0.00045697587675134766,0.4618404345663239,20
154771016,9.617859346031098e-06,0.00027310750625163233,0.4382592014342135,20
22463544,9.594960342995673e-06,0.00040239062273178186,0.4580971996383559,20
146536229,9.520737269838598e-06,0.0005978296699597797,0.47198309887490436,20
109940062,9.430313602731832e-06,0.00021144618924117097,0.4220136023353707,20
57814478,9.39333172206014e-06,0.0009138759128924057,0.4819080758562572,20
162203896,9.28593906640296e-06,0.00014634251041608146,0.38982695382407995,20
28068952,9.074036433701083e-06,0.00021607918447365205,0.4265111051644467,20
1863405,8.993767588405533e-06,0.0002494186773508371,0.43679534927184666,20
53844253,8.95512181654512e-06,0.0003932892927452838,0.45997942590998264,20
195028693,8.828284978604218e-06,0.0003939512518309537,0.4606103107512653,20
64606777,8.812905456642706e-06,0.0005372540406916648,0.47114355213428716,20
24759510,8.756833039469392e-06,0.0004290627369357108,0.464115633575119,20
48251551,8.695962169641413e-06,0.00023166129060381315,0.4342288436721943,20
137831854,8.67654864278311e-06,9.322420519538942e-05,0.34095287947373754,20
138967017,8.625134062431595e-06,0.00026761610648281755,0.44345595857364006,20
237718119,8.617125650423052e-06,0.0004996234922743591,0.46966249882032896,20
37478775,8.601618140355316e-06,0.0002916589964599145,0.4482280352286307,20
119259474,8.563321471780073e-06,0.00036767838560773045,0.4590681263522959,20
90322025,8.409449684487757e-06,0.0009344676867070669,0.4841586135532914,20
55521717,8.387834840026254e-06,0.000305012834207249,0.45170589229788843,20
64729115,8.380401678198535e-06,0.00022949153019247802,0.4359993979615794,20
26429117,8.237515755127323e-06,0.00028885413674824273,0.44992817802563745,20
97346990,8.204422954161128e-06,0.00033631837285726194,0.45713480345996615,20
72380743,8.100871323576953e-06,0.0003202418052082862,0.45555806318152897,20
89840856,8.037024365059598e-06,0.00024668822256130137,0.4428461290315811,20
140065292,8.006983344668872e-06,0.0003518281380673961,0.45999971398038647,20
176609039,7.825984054377066e-06,0.00026312628037021313,0.44779139669450574,20
38143400,7.821920833517293e-06,0.00036392143424542755,0.462215327121975,20
80300553,7.812153954178669e-06,0.0003835125808999944,0.4641843676785904,20
74639392,7.673164831456524e-06,0.0002264697391794654,0.44058011985434103,20
54254019,7.652751315223582e-06,0.00018060934879478275,0.4258581824785851,20
110445571,7.606301510285074e-06,0.00019738833625532106,0.4324992930844299,20
71058974,7.5938659233915075e-06,0.0002752852832235732,0.4515565391773936,20
21556446,7.441705427835288e-06,0.000240641824725304,0.44573000636413534,20
151893946,7.3756928242518786e-06,0.0006545029940825683,0.48016596844299764,20
58658606,7.26004829021687e-06,0.00014607108565031974,0.4132358875548634,20
12272589,7.241625100401494e-06,0.0002148725944206742,0.4408927346965441,20
124714491,7.0408244459196915e-06,0.00027552366224461555,0.4551064532758639,20
79309746,7.0250454098946815e-06,0.0004751801263790399,0.4739881509322038,20
126755412,7.013261153104855e-06,0.00028889804759576674,0.45734287548091956,20
193825943,6.909464661711273e-06,0.00015977715510668045,0.42435112940556613,20
76506771,6.82231254932053e-06,0.00048029571668733615,0.47500639860371535,20
55212356,6.808194061588835e-06,0.00041950627375992157,0.4714500345373744,20
19845376,6.80153026671182e-06,0.000534244699417045,0.47759562733089983,20
20032182,6.791086360447007e-06,0.00028054025275062324,0.4574631515945756,20
8,6.696909951847685e-06,5.509156986308568e-05,0.29650871915963695,20
260871,6.653020591881886e-06,0.0006191864583604971,0.4810881150495223,20
30,6.374552016846779e-06,0.0001782475921868892,0.4373105212369354,20
66750173,6.366352786713048e-06,0.00039977527165049355,0.4719842799916585,20
162903707,6.0923435386966984e-06,0.00043785724896471315,0.4755166852110799,20
59070191,6.073297689784818e-06,0.00043223318073209175,0.47527598440491037,20
75686942,5.936393810582197e-06,0.0004626136629797428,0.4774177773928691,20
67027232,5.917424655033088e-06,0.0002608337796069049,0.4601251927348553,20
91101805,5.814959450051171e-06,0.00012656526117057923,0.4196953944289297,20
4615099,5.363810303130046e-06,9.698693982645187e-05,0.4036532521155368,20
24119079,5.328572282481403e-06,0.000338096444606086,0.47227285209833214,20
31044681,5.1186474754078006e-06,0.00017850960482957603,0.4496550674416199,20
23425419,5.088072586478809e-06,0.0002679089608003265,0.46660126177226624,20
49269583,4.923445599111509e-06,0.00015608587761311435,0.4446515789487513,20
78819538,4.646124220569758e-06,0.000177588861384445,0.4540435366091702,20
66084646,4.493756679221916e-06,0.0007870770878256471,0.4899479207325603,20
102243247,4.253942597351456e-06,3.2753433580593544e-05,0.2840903666703918,20
129679756,4.233231650974112e-06,0.0008053178569541624,0.4907450112949001,20
9618822,4.216105689694438e-06,0.0001738466180465784,0.4573849316956031,20
31096209,4.196951661067372e-06,0.0002343593199686766,0.468502462706045,20
34876961,4.027387276209215e-06,0.00012095669098262337,0.441598953802848,20
166994085,3.7582468844332693e-06,0.0007518853236196688,0.49119946812987497,20
163666321,3.7264159787303573e-06,0.00014412747441752992,0.4545807079708958,20
1613232,3.5177582621254143e-06,0.0005353381984113115,0.4884312813999103,20
62466537,3.4542850644164735e-06,0.00026130322557563055,0.47673728076202515,20
13612175,3.270792433648917e-06,0.0002461115878115599,0.4766135041230161,20
132751699,3.205667687739e-06,0.00048286582793330776,0.48831205489718754,20
68479388,3.1923785595272534e-06,0.000387797939745055,0.48550831364261493,20
64663082,3.0155336229131803e-06,0.00040875725925847763,0.48701239529833784,20
119723015,3.0101218657929696e-06,0.0001159660057406759,0.4544024872201373,20
33442124,2.9331821127159818e-06,0.0002637316156645605,0.4804250044206816,20
122874307,2.8862794528405898e-06,0.00014835638645143518,0.4657887433550444,20
69577006,2.864611455116739e-06,0.0005447080856640172,0.4907408088132011,20
68351510,2.8041132252715206e-06,0.0002903776075353577,0.48300177261281596,20
4012975,2.802174201524399e-06,0.0003335170775538172,0.4852095022972942,20
22831714,2.725691137231423e-06,0.00024739059453605646,0.4806080354858566,20
31692920,2.664174353780857e-06,0.00021341828782064706,0.47803117134407863,20
78298676,2.58656413035796e-06,0.00027661564581832657,0.48354012311229466,20
26835226,2.546550746862497e-06,0.00021950435676180887,0.4795818009297767,20
62620768,2.5053056190854628e-06,0.00025318415253975214,0.4825824003225026,20
11774,2.434121897271213e-06,0.0002628830164061741,0.4837009437560348,20
53757497,2.3838211809484864e-06,0.00022791389430094902,0.4815901821217036,20
127418850,2.230200185660003e-06,0.00039891310856356263,0.49015691567624653,20
59262730,2.0721576646343108e-06,0.00043684278171150125,0.4916482662898969,20
63453139,2.0100958129876113e-06,0.00040291471281325497,0.4912162695593282,20
14235022,1.9916700018690616e-06,0.00024042895625292629,0.48541725280186315,20
68576399,1.9258736491833963e-06,0.00013845934877025048,0.47552492220598047,20
100688511,1.905529149925922e-06,0.0005854336568604312,0.49426893863804694,20
201035607,1.7192731585652376e-06,0.00016354002820977091,0.48149599557402534,20
77997689,1.6794431030309198e-06,0.0001570816728360653,0.4811817637894499,20
98749123,1.4995584336596757e-06,0.0001588381216864589,0.48338171717032047,20
35937299,1.405777394200558e-06,0.00019729610670402958,0.48745605978506723,20
113739357,1.383910658958598e-06,0.00018378454060669294,0.4867435886156714,20
32298995,1.1752833887129776e-06,0.0006441802810029138,0.4967874981146684,20
1813940,1.154700158739752e-06,0.0005112458223974092,0.49602309724153637,20
66627049,1.0090295303272213e-06,0.00014322932018104117,0.48759748913000167,20
40142885,9.933878221818349e-07,0.00027140857541012574,0.49355551607496756,20
63822382,8.227566154289656e-07,0.0007724116447857438,0.49812442630299225,20
49914048,7.874840334515243e-07,0.00028975602184331086,0.4952146762682493,20
24959709,6.762884285693716e-07,0.00015494208088045816,0.49231494757902744,20
59259160,6.293239966814745e-07,0.000332524492047865,0.4966675895520373,20
31841608,6.065644889863275e-07,0.000281865579636436,0.496210855462667,20
36972392,5.857851846896578e-07,0.00037579299177139023,0.49725527210329956,20
13812283,3.788807212246059e-07,0.00020898913947135653,0.4968078221965712,20
61126752,3.6716850774221046e-07,0.0004865448083686869,0.49867121411582893,20
101489665,3.0531369571151766e-07,0.0003172754080872612,0.49830557732002234,20
27041672,2.9848665427101296e-07,0.00024054008759953372,0.4978150153068688,20
94185703,3.174784881931903e-08,0.00027938691920578317,0.4997999117862077,20
39501950,2.7985208733705136e-08,0.0003070242350344213,0.4998395021673857,20
82315309,3.435177448052329e-09,2.824843852535047e-08,0.2964388434246671,20
88654882,-1.5445335982411379e-09,3.732737886754262e-08,0.5724238801577786,20
35,-1.5445335982411379e-09,3.732737886754262e-08,0.5724238801577786,20
66294761,-1.5445335982411379e-09,3.732737886754262e-08,0.5724238801577786,20
125515263,-1.5445335982411379e-09,3.732737886754262e-08,0.5724238801577786,20
65872977,-1.5445335982411379e-09,3.732737886754262e-08,0.5724238801577786,20
4263333,-1.5445335982411379e-09,3.732737886754262e-08,0.5724238801577786,20
64006012,-1.5445335982411379e-09,3.732737886754262e-08,0.5724238801577786,20
26267753,-1.5445335982411379e-09,3.732737886754262e-08,0.5724238801577786,20
92524413,-1.5445335982411379e-09,3.732737886754262e-08,0.5724238801577786,20
16698389,-1.5445335982411379e-09,3.732737886754262e-08,0.5724238801577786,20
149980084,-1.5445335982411379e-09,3.732737886754262e-08,0.5724238801577786,20
195427028,-1.5445335982411379e-09,3.732737886754262e-08,0.5724238801577786,20
149252895,-1.5445335982411379e-09,3.732737886754262e-08,0.5724238801577786,20
36538739,-1.5445335982411379e-09,3.732737886754262e-08,0.5724238801577786,20
88941450,-1.5445335982411379e-09,3.732737886754262e-08,0.5724238801577786,20
17224988,-1.5445335982411379e-09,3.732737886754262e-08,0.5724238801577786,20
52477480,-1.5445335982411379e-09,3.732737886754262e-08,0.5724238801577786,20
31492766,-1.5445335982411379e-09,3.732737886754262e-08,0.5724238801577786,20
71890055,-1.5445335982411379e-09,3.732737886754262e-08,0.5724238801577786,20
188420715,-1.5445335982411379e-09,3.732737886754262e-08,0.5724238801577786,20
171001114,-1.5445335982411379e-09,3.732737886754262e-08,0.5724238801577786,20
21204656,-1.5445335982411379e-09,3.732737886754262e-08,0.5724238801577786,20
219473863,-1.5445335982411379e-09,3.732737886754262e-08,0.5724238801577786,20
100113209,-1.5445335982411379e-09,3.732737886754262e-08,0.5724238801577786,20
39536834,-1.5445335982411379e-09,3.732737886754262e-08,0.5724238801577786,20
180023960,-1.5445335982411379e-09,3.732737886754262e-08,0.5724238801577786,20
19114217,-1.5445335982411379e-09,3.732737886754262e-08,0.5724238801577786,20
83107312,-1.5445335982411379e-09,3.732737886754262e-08,0.5724238801577786,20
207284273,-1.5445335982411379e-09,3.732737886754262e-08,0.5724238801577786,20
66775010,-1.5445335982411379e-09,3.732737886754262e-08,0.5724238801577786,20
108734015,-9.895989724340027e-08,0.0002869385503186987,0.500607272264974,20
77489783,-1.2817950936494514e-07,0.0002884341878092328,0.5007825009265809,20
164191596,-2.787271947940484e-07,0.0003165343064871984,0.5015504960638221,20
91056553,-4.5282284543146646e-07,0.0003037897719855466,0.5026246118654838,20
39853630,-6.213996438464431e-07,0.00021492296803142012,0.5050908315204897,20
149574596,-7.703907960121547e-07,0.0003127113567411849,0.5043378194866497,20
111726462,-8.750158405540498e-07,0.00024045934750779361,0.5064071864912475,20
16080657,-8.844702560240058e-07,0.0003224945240852038,0.5048290612960211,20
166670240,-9.10314814123181e-07,0.0005064303997836411,0.5031650473489945,20
48240805,-9.57329043330124e-07,0.0003070916254639468,0.5054889812194405,20
16281046,-9.959203275983208e-07,0.0003257412579293229,0.5053833284201472,20
156259595,-1.0622304725177444e-06,0.00010161193697967939,0.518400127022376,20
129422062,-1.2115959230812877e-06,0.00026032441735256146,0.508194513652539,20
150140691,-1.24234528926237e-06,0.0002717540059307718,0.5080491090038259,20
70589510,-1.326937919887694e-06,0.0004889234016907855,0.5047787229019507,20
138765060,-1.3343513292379816e-06,0.00020840942913128054,0.5112720695279976,20
16473785,-1.562416838929437e-06,0.00035232976769205085,0.5078078399112711,20
72282568,-1.7387491984210968e-06,0.00014696687079684539,0.5208217653041951,20
80967238,-1.7545263401197441e-06,0.0002068588128337381,0.5149310223259695,20
134563476,-1.9503368814427493e-06,0.0002393739839177909,0.5143431595755819,20
19480833,-2.0702642944903094e-06,0.00016887507382791101,0.5215746907092552,20
135963464,-2.3044736080585216e-06,0.00021837198533199674,0.5185745558573904,20
25834523,-2.3141510494234517e-06,0.00018119503547531045,0.5224755439274645,20
111734779,-2.567720997423417e-06,0.0004367844554554871,0.5103500224380954,20
124728429,-2.682327336556156e-06,0.0006536394962778091,0.5072253871125598,20
46852033,-2.8355179258005015e-06,0.00032332047592256366,0.5154381512914409,20
111500353,-2.8423721306791718e-06,0.00022841259841702594,0.5218997049853737,20
15093122,-2.953453716425525e-06,0.0010736675618412954,0.5048435311669399,20
127946788,-2.9736471019198298e-06,0.000348160265938323,0.515035309242813,20
187819587,-3.012907308183599e-06,0.00042793452472286025,0.5123949907571989,20
5414553,-3.026020723392864e-06,0.0003114943492322329,0.517099807949793,20
15825278,-3.1915845792734876e-06,0.0006420676693903005,0.5087518768402123,20
75383679,-3.1994468015716927e-06,0.0002678120448942259,0.5210252248224987,20
91516316,-3.2706374204716227e-06,0.00020698967412759417,0.5277982027222495,20
28092685,-3.327877925388134e-06,0.00030580747642635074,0.5191536769434979,20
236716686,-3.334748603017745e-06,0.0009385664986678509,0.5062559332543459,20
153178787,-3.3632165950203686e-06,7.221408059658294e-05,0.5813866690871805,20
41502405,-3.423705955149514e-06,0.0003485284741730657,0.5172911732741066,20
61804683,-3.6332070417116612e-06,0.0002387231511366929,0.5267766398414389,20
116947196,-3.652704016099406e-06,0.0005613691919927055,0.5114555168255499,20
99950748,-3.965270085046213e-06,0.00020928763054195966,0.5333192969254446,20
57069595,-4.072678822186759e-06,0.00046149490360548076,0.5155348793277622,20
89700424,-4.152793501549512e-06,0.0003359170134835815,0.5217564882363559,20
21285923,-4.200078369567817e-06,0.000406635106360542,0.5181803933003778,20
39884507,-4.3173939956231425e-06,0.0003298567262800102,0.5230329016238506,20
39837755,-4.387681587614267e-06,0.0004071681216699629,0.5189669590980188,20
49555059,-4.755035430917265e-06,0.0006235528743425687,0.5134247176140767,20
55254711,-4.765565593845001e-06,0.00016971488320584858,0.5493069260523047,20
148378225,-5.082293877384236e-06,0.00047044142995495287,0.519014709414124,20
44751856,-5.386521612629758e-06,0.000281593378103356,0.5336389186216419,20
47,-5.424372634546537e-06,0.000584422641525817,0.5163382117070707,20
119149676,-5.630437819822975e-06,0.0030011515234338445,0.5033034076675029,20
90456170,-5.64232909429363e-06,0.0002679570710824372,0.5370195675945646,20
83848710,-5.974421071933134e-06,0.00026228822108896626,0.5400350529154603,20
151454874,-6.0699441006090146e-06,0.00020626341713548424,0.5516604364191269,20
73192086,-6.075835665728113e-06,0.0004820960108863214,0.5221790939559369,20
112142050,-6.175686217183008e-06,0.0002283512734967757,0.5474987211697638,20
64807214,-6.176377479116813e-06,0.0003495353734650225,0.5310799594995851,20
65684251,-6.460809674749269e-06,0.0002371003650619085,0.5478561740050578,20
243924743,-6.7131557173055745e-06,0.0003621986854694653,0.5325964251503439,20
117147006,-6.765986166204496e-06,0.00024760748842722163,0.5479892829031967,20
26700033,-6.801413209117646e-06,0.0002690000146786704,0.5444208691970174,20
29070597,-6.928155107252532e-06,0.0002503741580119049,0.5485932704177989,20
44598561,-7.058437784471239e-06,0.00016045037601011687,0.5769381833151095,20
66885521,-7.09183861743734e-06,0.0003220207059215043,0.5387123804962772,20
130320119,-7.098713775804955e-06,0.0004146419934144499,0.5301143341076033,20
69668024,-7.164426009825808e-06,0.00017869681002098678,0.5701996906264595,20
135163943,-7.230205048255889e-06,0.00019935927550864782,0.5635664064506063,20
81091205,-7.24403716806099e-06,0.00035213530098520454,0.5361692898889076,20
30420563,-7.318647339987771e-06,0.00018554794342389103,0.5690754191452551,20
66277140,-7.579924445605401e-06,0.0001931360109073415,0.5687343696874099,20
70899149,-7.619647223028325e-06,0.00011542968305637857,0.6144827385949658,20
85095065,-7.730749870532571e-06,0.0003656780397168182,0.5371668279682451,20
37439964,-7.80916275482102e-06,0.00017931875314137281,0.5761748241897553,20
181214349,-8.10280414928477e-06,8.292443844969797e-05,0.6664763033522196,20
131586429,-8.134565223663626e-06,0.00042331488482258943,0.5337926110676181,20
34056713,-8.17833535962098e-06,0.000267041663536161,0.5537492271983756,20
32894699,-8.248624660642246e-06,0.0001846124066575691,0.5781271914834489,20
49489469,-8.47735029447516e-06,7.767140494428524e-05,0.6844698841630061,20
10419433,-8.501866969656824e-06,0.0003169565929523025,0.5471121326082299,20
89379594,-8.54794848944851e-06,0.00029950529347320617,0.5501107827529158,20
155586913,-8.562445462309554e-06,0.00079587986339007,0.5189359567310969,20
86088192,-8.636271044737408e-06,0.0001507722085276322,0.599711804115272,20
88491237,-8.721628583624464e-06,0.00018259221194887802,0.5834383106388774,20
133007053,-8.735123789083144e-06,0.0005044292095648394,0.5304596848555057,20
10819717,-8.771629279299975e-06,0.0002550737389893609,0.560301680243456,20
24634003,-8.807253438955498e-06,0.00023303532147526723,0.5662156698119807,20
25885030,-8.895774655992561e-06,0.0004154356766045843,0.537643943393664,20
158900185,-8.993455658998228e-06,0.0003029695677791453,0.5521074914494837,20
66273454,-9.125034411888722e-06,0.00023838173831122527,0.5670575325837902,20
45468606,-9.343182181029142e-06,0.0002482816887479073,0.565934196898821,20
75143330,-9.391977656916795e-06,0.00022252590445030504,0.5738556195075165,20
206459857,-9.490085481436705e-06,0.0004063959439560678,0.5410396708050743,20
77567989,-9.524241303324187e-06,0.0003786455411652082,0.5441924170379243,20
1661701,-9.549965032282226e-06,0.0004947915156619021,0.5339410692224744,20
40626289,-9.578906395807385e-06,0.0001699617680772615,0.5981440640531477,20
46352562,-9.582869725149878e-06,0.0005620570698160321,0.5299906388623838,20
154785413,-9.654884944484965e-06,0.000507182532698026,0.5334768232709576,20
95682152,-9.888926124484997e-06,0.0006685491081446315,0.5260253052461511,20
11021540,-9.957747647598714e-06,0.000370326852431946,0.5472268306705147,20
164591835,-1.0032859386160941e-05,0.00018132198295873805,0.5963932497402837,20
152656825,-1.0107442281528933e-05,0.0002882345299161774,0.5614806826045314,20
106896111,-1.0598589776680822e-05,0.0002949810743162772,0.562980250833216,20
48746923,-1.0711719506825701e-05,0.00022874878016219526,0.581824764922383,20
87713999,-1.0746593262944693e-05,0.0002572784305813098,0.5731021166840455,20
119322805,-1.0993319660099199e-05,0.00016630263899927215,0.61463939651995,20
103892413,-1.1076285598432545e-05,0.000260118645262938,0.5745043313362073,20
17499589,-1.118090856470355e-05,0.00020349319651916825,0.5957334900672057,20
164992076,-1.1193664176703533e-05,0.00028814399549533936,0.56804281610444,20
179211155,-1.1290601100183428e-05,0.0002752703109616464,0.571798397916631,20
188433744,-1.1320255861566041e-05,0.0001302553361637083,0.6490775733496885,20
52951549,-1.140862662686315e-05,0.00029924836444203217,0.5667890945999315,20
118152661,-1.1437337968187022e-05,0.00038494015430494134,0.5521557049859516,20
162389889,-1.1460279442734867e-05,0.0003343165039175919,0.5601123394764894,20
116855271,-1.1505288910074184e-05,0.00033468211935476017,0.560281096957679,20
113343517,-1.15901381528144e-05,0.0001316069405940902,0.650959560242903,20
161603303,-1.1653873708047936e-05,9.90564427502302e-05,0.6975611356952363,20
94813889,-1.178416959403128e-05,0.00021806890294559194,0.594186984491362,20
860600,-1.1886855979659216e-05,0.0004581432681938317,0.5455779041084627,20
64022738,-1.2011411565093777e-05,0.0004279014389555462,0.5492906451834874,20
41026771,-1.2017815173090418e-05,0.0003866666923624118,0.5545421759201381,20
124154167,-1.2051928961101521e-05,0.0020888471068631225,0.5101580998660108,20
127958041,-1.208735315548215e-05,0.00031374246240765475,0.567486228330245,20
42844718,-1.2174267354761458e-05,0.00032274057140556145,0.5660905801985131,20
112537243,-1.218343101130892e-05,0.0004339071278212225,0.5493044762657407,20
113101368,-1.2282298868121488e-05,0.0009348764037948224,0.5231193602228125,20
136156232,-1.2284290583580714e-05,0.0013535862096079614,0.5159754081608633,20
165068288,-1.2332585741478553e-05,0.0003011113270694639,0.5716954352347596,20
120136417,-1.2360820019072238e-05,0.0002511974087899537,0.5859153813919475,20
68027534,-1.2375434226771787e-05,0.00012766238941008926,0.6652416203731453,20
163191314,-1.2419702592383897e-05,0.0005461684396710687,0.5399678345919563,20
122325454,-1.2500868170847723e-05,0.0002818751822499317,0.5775549641298453,20
23485126,-1.2511216564772831e-05,0.00022997856094740456,0.5948065773548952,20
46307787,-1.2547662377407342e-05,0.00040543901689406065,0.5543117058411178,20
16036722,-1.2685364446438085e-05,4.9315118360805604e-05,0.867867745675016,20
72871885,-1.2713408633951983e-05,0.0001388110006944651,0.6566574871928171,20
191826111,-1.2717872551692988e-05,0.0002746942402007071,0.5809140259726707,20
106401511,-1.278408226206007e-05,0.0001658626483106219,0.6329453644139313,20
189821951,-1.2846496925836282e-05,0.000270279358181581,0.5830339862303187,20
70989940,-1.3037659105122335e-05,0.00045179486400021734,0.5506645809371752,20
35057082,-1.3063822903089383e-05,0.0004737512570298631,0.5484257094939426,20
29364454,-1.3535709500531179e-05,0.00032750513627672847,0.5723403959561512,20
22428241,-1.3575126813109018e-05,0.000390988001843027,0.5608780306501631,20
168272870,-1.3580342298369352e-05,0.00032844244996108464,0.5723714306575258,20
52874816,-1.3685443815394937e-05,0.0004873903061194279,0.5493055121305036,20
87311221,-1.3788901581773816e-05,0.0003095960878534359,0.5778816227118702,20
87728766,-1.3859618695438725e-05,0.0002404399618287816,0.6003283048814637,20
69596862,-1.4010763681487903e-05,0.0017070283349083532,0.5144487982343475,20
194226486,-1.4060263225956771e-05,0.0006155193629508417,0.5401486177668215,20
55922102,-1.4104064033104713e-05,0.00033254773458925654,0.5742114567072963,20
114808618,-1.4209645287091565e-05,0.0004206459340584105,0.5592439965659296,20
44398291,-1.4259008263714511e-05,0.0006868954755811764,0.5364968841463181,20
31617880,-1.4315078736740205e-05,0.00020845930252137354,0.6189481481582848,20
38679781,-1.4378760073144315e-05,0.0007691861035573225,0.5328754055986115,20
99550574,-1.4402560597445713e-05,0.00010145012025930479,0.7334658110666463,20
7471472,-1.4433191309060067e-05,0.0004003377071438867,0.5631935735840767,20
42262927,-1.4508069940422087e-05,0.0003895944051314767,0.5652532407352588,20
179209174,-1.4532006286582799e-05,0.00017980876347034556,0.6391186811174522,20
177084422,-1.4628103705702222e-05,0.00023675584588166284,0.6073547811411518,20
18,-1.4708448354980308e-05,0.00035164167701033037,0.5732017955859077,20
2001299,-1.476371781277408e-05,0.00041711234768410674,0.5620513169710565,20
53053457,-1.4871468336147275e-05,0.00034519031558203803,0.5753683856986728,20
54053817,-1.4976168441416248e-05,0.00040449467117459966,0.5648809542751387,20
89711694,-1.4988735895768435e-05,0.00043467962491538386,0.5604645503629923,20
22242761,-1.5075901452302199e-05,0.0006243696928604406,0.5424294331221263,20
25407974,-1.5122116294927212e-05,0.00012760101359879158,0.6988733487107808,20
55655275,-1.513953149324121e-05,0.00016146132439969746,0.660162079308194,20
101927864,-1.5149710296891161e-05,0.000246281883488433,0.6068947457768676,20
58214836,-1.5218202802372293e-05,0.0002984857198230293,0.588963039245571,20
44266420,-1.5440316540923926e-05,0.00017630356772054594,0.6501665436698552,20
48653361,-1.5451183464737507e-05,0.00016013944936453875,0.6645184779859219,20
55598682,-1.5452630696785596e-05,0.00017574673420286748,0.650731049276907,20
155996947,-1.5635782345058137e-05,0.0004086251543557784,0.5670320138961833,20
112918176,-1.5689616402442264e-05,0.0004540230695638311,0.5605942886951021,20
32297293,-1.571888530592369e-05,0.00022270435962791233,0.6221460519274746,20
196431156,-1.5775189791500387e-05,0.00017968405488919323,0.6505174702832561,20
198833404,-1.5835842832279124e-05,0.00039012358597518795,0.5710638174770064,20
48154897,-1.585573243052807e-05,0.00015376794363380005,0.6750343372212335,20
105845361,-1.586449540813273e-05,0.0001820452133613696,0.6494641932235055,20
162503148,-1.5884711420915965e-05,0.0003894994745224678,0.5713934752037338,20
45655893,-1.6109403355873964e-05,0.0003852039568698329,0.5731888430895543,20
83648568,-1.6128278902996508e-05,0.00016350033173276977,0.6679575780920814,20
25831174,-1.6156223900828937e-05,0.0003899876291672977,0.5725094727580929,20
137163942,-1.619971463895087e-05,0.00036555744091303836,0.5774965813469861,20
97943202,-1.6216058044793424e-05,0.00032062161872879465,0.5882642509737792,20
70352685,-1.639715674306985e-05,0.00024055541654523354,0.6180980393334392,20
77889316,-1.651071060826681e-05,0.00047225769454156593,0.5612973008241884,20
34303395,-1.65536528058563e-05,0.0001494956076297224,0.6869312817486529,20
65973731,-1.6573061775967956e-05,0.00021823551241905586,0.6310656802037589,20
227508929,-1.66741143688115e-05,0.0006304803304789671,0.5464536658024027,20
217272195,-1.668558641662321e-05,0.0005172664240669152,0.5565923475284739,20
135426843,-1.6710697972233125e-05,0.00024056755972775185,0.6202758917036504,20
129079118,-1.6794762804736574e-05,0.00043437173317865566,0.5677256839789246,20
59687865,-1.6835072500129276e-05,0.00029694096839630644,0.598715873954736,20
166207140,-1.6945904867982085e-05,0.00025089568996333647,0.6170543270687174,20
106895234,-1.711874639528099e-05,0.0003804163101072355,0.5786775910060616,20
210864825,-1.7135562153788862e-05,0.00013640479521069538,0.7095910035854477,20
92279983,-1.7150227146189855e-05,0.00022308770211271003,0.6326149212008804,20
47646620,-1.7209035455953424e-05,0.00024776740644240493,0.6202637986079825,20
94338348,-1.7325064784781687e-05,0.00026062062916609843,0.6152646795258796,20
34737425,-1.7397841346988853e-05,0.00033242370148453684,0.5912772021796537,20
21661737,-1.7439738246396998e-05,0.00034340634014459043,0.5886200964023333,20
14022749,-1.7454883173229074e-05,0.00028138696310170327,0.6077708329222539,20
65007353,-1.766603513884968e-05,0.00042419266540936123,0.5728876796891226,20
2411653,-1.774803341876019e-05,0.0001902610986402205,0.6593858128133501,20
137156808,-1.7910981764920896e-05,0.0002466427752899523,0.6255453386654755,20
89980365,-1.8000912995716488e-05,0.00028474809485797323,0.6097738151804516,20
238496786,-1.8055538637856695e-05,0.0001586558450609564,0.6916742941396148,20
64883740,-1.8247476165628164e-05,0.0003177163935590911,0.5999719927758514,20
6617744,-1.8273281472727666e-05,0.00014408327272793337,0.7113825688929228,20
136077044,-1.8398427177887534e-05,0.0004018876123506889,0.5800215876529562,20
56999949,-1.8490909693250068e-05,0.0004650405376903132,0.5696270641995955,20
62080663,-1.8531111013639358e-05,0.00027967337840676456,0.6149009454351057,20
74215847,-1.866942120323789e-05,0.00041485240205279997,0.5786819518689781,20
81951005,-1.8758036752528073e-05,0.00025432311853112836,0.6274389020097444,20
68896940,-1.8782830178426523e-05,0.00016323335347942923,0.6936154708587006,20
76884757,-1.881069191786433e-05,0.0012327206469501279,0.5268471818912827,20
18026735,-1.8819241296103016e-05,0.0001633156659207314,0.6938683310075215,20
67475084,-1.8883338132952287e-05,0.00039358689980556125,0.5838026243728315,20
109140966,-1.8995553660769436e-05,0.0005220934535101735,0.5637682345002537,20
92383515,-1.9014862432978342e-05,0.00027353214964257535,0.6203635419800282,20
71430355,-1.9043186357425856e-05,0.0002464855063299153,0.6332472971372021,20
36537526,-1.911119292518082e-05,0.00016242093770075456,0.6975851609824959,20
9622267,-1.9280932019474783e-05,0.00014283687738396553,0.723400048871449,20
147537606,-1.932082372599342e-05,0.00010244095111751809,0.7952688470547837,20
57725586,-1.936810182374682e-05,0.00033369088244300944,0.6010071168491379,20
5204196,-1.9383377079509877e-05,0.0002848827048643241,0.6178902658161939,20
82752285,-1.9482279940516434e-05,0.000154792532568327,0.7099458947128825,20
56121439,-1.9504486313709492e-05,0.000322137838737174,0.6052579219014393,20
14939241,-1.9542689441801044e-05,0.00033358825930438044,0.6019266525252824,20
90093298,-1.9639857719147558e-05,0.0002757550837631098,0.623215468620973,20
47668215,-1.9666425861109005e-05,0.00030941352607109936,0.6103534139756369,20
2661675,-1.968634200573416e-05,0.00047432283810131985,0.5726418816618545,20
97910820,-1.9732914036690862e-05,0.00046937441181034797,0.5735698686342727,20
189021465,-1.98054870330866e-05,0.0006265639489509924,0.5554642888789025,20
17481948,-2.0145285775433063e-05,0.0004561806553268025,0.5772303574923561,20
88714509,-2.0197439441760334e-05,0.0002790056769822091,0.6251648629599207,20
47066612,-2.020514134392637e-05,7.235301269480162e-05,0.8865608721299449,20
49733746,-2.0295559722613433e-05,0.00042152269236240246,0.5840958877223883,20
101594504,-2.039541220312524e-05,0.0004427479253083048,0.5805132522749643,20
126818262,-2.046732695928921e-05,0.0003061200368508491,0.6159104635162973,20
78444187,-2.049791195940509e-05,0.0008475284799294653,0.5424989457225571,20
119669993,-2.060118553579293e-05,0.00021951232363146927,0.6602971306489629,20
150991740,-2.0639714839865154e-05,0.0004255392458033677,0.5847045999786844,20
107133382,-2.0738675906656345e-05,0.0005304650647103434,0.5684722404011111,20
10821300,-2.077019252026968e-05,0.00038993797350103323,0.5928658100861898,20
48467721,-2.0798831829957342e-05,0.0004135387534731251,0.5877805055171795,20
60418506,-2.0857687323502794e-05,0.00030746797659442405,0.6175498833199573,20
153378873,-2.090120364836301e-05,0.0015632591860798343,0.5235277975791451,20
66284653,-2.0934807775030428e-05,0.00032666924344652517,0.6112396464714753,20
46431023,-2.1037875276438966e-05,0.0003944102009407305,0.5929934965771271,20
19640054,-2.1194529858484244e-05,0.0007886764916549689,0.5471996796235024,20
25120924,-2.1252951692296573e-05,0.0001557350452990243,0.7255550028790327,20
133859879,-2.132613591945831e-05,0.00024726557048432274,0.6480027975323226,20
39661593,-2.1415661708379385e-05,0.0002345694118119014,0.6561894619288509,20
12022067,-2.1484460124773785e-05,0.00020975362961714544,0.6739503924262884,20
42910644,-2.153733628511012e-05,0.00032553387794828593,0.6147331467906381,20
35650071,-2.153911667284458e-05,6.625317398346856e-05,0.9188538617435237,20
64683679,-2.158067758271376e-05,0.00036257600601056675,0.6035174463994931,20
124954555,-2.1596000152171446e-05,0.0002936632518614354,0.6270784586943723,20
103729657,-2.1703369006279006e-05,0.0003471938759522158,0.6085809460654563,20
115653150,-2.173089378359472e-05,0.0005652036008425844,0.5673502281007358,20
44850146,-2.1877398779335255e-05,0.00015300182986824768,0.7349208577140258,20
115208843,-2.2046372039669083e-05,0.0002100886615410059,0.6779017070619613,20
71468956,-2.2055639504042767e-05,0.0007531393023302312,0.551410603563563,20
5464325,-2.2185818767364585e-05,0.0001808044821588875,0.7052188410296454,20
90915669,-2.225353581493117e-05,0.0002975872636848434,0.6291391487982235,20
32274273,-2.2332593101243027e-05,0.0001713968286502822,0.71652921809422,20
34442898,-2.2516394386970506e-05,0.00029781184420487857,0.6305101862302953,20
111763282,-2.2578419962385186e-05,0.00042807835454600267,0.5919739008553211,20
35439202,-2.2700664927963187e-05,0.00032977449181852337,0.6192264198665077,20
124783806,-2.2749721388395927e-05,0.0002286353486146933,0.66932156725549,20
97684186,-2.2849564822577385e-05,0.0002965974829408527,0.6328835750909254,20
19435753,-2.2922204884848198e-05,0.00036712130215457934,0.6084573689290471,20
115608949,-2.2925297057260763e-05,0.00040082396122227546,0.5995674845992864,20
111945784,-2.305884273083314e-05,0.0002527282525901001,0.656095730710551,20
78644250,-2.308308979362128e-05,0.0001224311302342666,0.7951894559138727,20
14222782,-2.310310914109548e-05,0.00023859370978787263,0.665068577810433,20
119374066,-2.311874903450084e-05,0.00036126614162616355,0.6110845439944745,20
39624878,-2.3197255110435355e-05,0.00037884381554953146,0.6064174775591509,20
38657819,-2.3205055054240086e-05,0.00020193911317971754,0.6933759263196642,20
10200574,-2.3205915356119822e-05,0.00028743445581666576,0.6389795724921028,20
172002431,-2.320910764090356e-05,0.00022909793423364297,0.6721803071103952,20
25,-2.321293136287872e-05,0.0003899033915977801,0.6035423174885579,20
101715021,-2.330971884988986e-05,0.00027032205144122024,0.6479727315617609,20
27037079,-2.345677319474937e-05,0.0003272446617305077,0.6239790271166289,20
187431600,-2.3614865056217903e-05,0.0004964862606557366,0.5830916646299289,20
38920179,-2.371294999545803e-05,0.00038135896074210907,0.6080219844533282,20
61700455,-2.3810785305572457e-05,0.00038100205485338737,0.6085545082811288,20
13089854,-2.3824790293797137e-05,0.0002838242995422374,0.6442395130338103,20
30529316,-2.3936189409889953e-05,9.398162712550297e-05,0.8655714481313779,20
73161393,-2.396532977277377e-05,0.0002830137404927877,0.6454440011361189,20
131856656,-2.398084688035318e-05,0.0003268876735587018,0.62678080451974,20
11669548,-2.4065008371734754e-05,0.00022351498928820383,0.6821691297475294,20
51445011,-2.422820229758815e-05,0.0005308261171393877,0.5797845912494812,20
73302177,-2.4237254265524476e-05,0.00033912632376454196,0.6236287384942629,20
36699347,-2.4279025736084758e-05,0.0002998823691935798,0.6393531137331865,20
226708389,-2.436512694977966e-05,0.0003489485753817174,0.6208795954182493,20
232890592,-2.4385496723752785e-05,9.09386712391779e-05,0.8774070997564205,20
74341251,-2.444441173568013e-05,0.0012623423570803814,0.5340521619539518,20
171677768,-2.4463475834568538e-05,0.0005224941797839907,0.581812947541796,20
5415344,-2.4564439727386977e-05,0.0003618425381298092,0.6176340287207244,20
20091038,-2.456867384417749e-05,0.00042594851662147823,0.6003915106618619,20
7196945,-2.4654602517285018e-05,0.0003250721361878567,0.6309037456818887,20
21434230,-2.4663417804621223e-05,0.0004270919188430958,0.6005061338876039,20
13877914,-2.4672570260175775e-05,0.0002017396110272746,0.704606084209243,20
13840788,-2.4720877644415774e-05,0.0004171449935006274,0.6030790918048667,20
25640406,-2.4743878397590068e-05,0.0001908340617271235,0.7155905699111349,20
120309606,-2.4914882877735688e-05,0.00012324541509086578,0.8113610676554799,20
47116823,-2.5019493532479897e-05,0.0004455642606135533,0.5977918332330564,20
41664204,-2.5168232691150094e-05,0.00018108411497982704,0.7291930246208984,20
21222552,-2.5182498843534518e-05,0.0009759167755220033,0.5453300139743638,20
30068583,-2.5215175324674878e-05,0.0002486023206136285,0.6723720534945359,20
65063213,-2.52273003494341e-05,9.713320761562704e-05,0.8700878887538337,20
112346368,-2.523235606561036e-05,0.0002804779170511641,0.6540314643382603,20
109360772,-2.532669379458896e-05,0.00037403062755765826,0.617341732639262,20
28732394,-2.5400247379148146e-05,0.00025109106127256206,0.6719478250262669,20
25834070,-2.541364844780014e-05,0.00031825836247495324,0.6375274816915077,20
3618212,-2.5485974153244274e-05,0.00023672558856958128,0.6821601086978073,20
81701911,-2.5530351110736315e-05,0.0005090857477308185,0.5875312745145262,20
71268514,-2.555383922909771e-05,0.00020915110527397146,0.7044249445161563,20
84,-2.5579266477865348e-05,0.00024084544565190527,0.6798881817384235,20
147630797,-2.563121720341177e-05,0.0003367594643676052,0.631347685679595,20
44646750,-2.5641863259193154e-05,0.0002270972353464838,0.6903014368417297,20
3462313,-2.5675268882000003e-05,0.00017526705257595057,0.7398822021397325,20
26642650,-2.568369487616906e-05,0.00012112653293731317,0.8225515675707663,20
91009340,-2.5695921556539993e-05,0.0003237079396652286,0.6367493525165995,20
31422619,-2.573559061044284e-05,0.0002386132715819713,0.6824632607001933,20
29895929,-2.575213594015746e-05,0.00024399822945485016,0.6788486634255735,20
36244666,-2.5835689819500572e-05,0.0002931700961455139,0.6510552365888942,20
63422345,-2.616857919934268e-05,0.00029296484575755746,0.6529976310801904,20
75761722,-2.6235043713912497e-05,0.00033781346276930325,0.6339127526489274,20
125263221,-2.6369307860765744e-05,0.00029440846363773385,0.6533924021499193,20
142846522,-2.653771018077955e-05,0.000219750549288391,0.7022878336927741,20
71212979,-2.6557396690396474e-05,8.2986953713238e-05,0.9156872792321366,20
67085896,-2.657386541885798e-05,0.0002951698546551847,0.6541399289395328,20
98285877,-2.66022381734593e-05,0.0002890536153548402,0.6573736553324216,20
3017651,-2.6630388784368297e-05,0.0003136837623641042,0.6457977361852816,20
62874191,-2.6894504626090443e-05,0.0024109421149954846,0.5196336242314896,20
35638304,-2.6966618547402675e-05,0.0006054120157987147,0.5778889177385199,20
249058569,-2.7025703685823464e-05,0.0002456096048290156,0.68585422300325,20
134259962,-2.707542927898876e-05,0.00021791687903082357,0.7075320597185304,20
600257,-2.7462044090295622e-05,0.00032590776533438187,0.6447646521344523,20
40481736,-2.751332539671636e-05,0.00012860734397839873,0.8246417503161229,20
30433267,-2.7533570385196437e-05,0.0002583306270713552,0.680477126274027,20
80906272,-2.753864099792891e-05,8.046439273017894e-05,0.9288223687503051,20
135076036,-2.7817112613348627e-05,0.0003803490900831244,0.6264056814896763,20
107959027,-2.793006372775464e-05,0.0001987558418700742,0.7314025865423444,20
29211632,-2.7937669318056634e-05,0.00020944416849332482,0.7210707484695009,20
153943304,-2.794702490770129e-05,0.00032713707270790266,0.6466682395095895,20
78289821,-2.799706574786731e-05,8.882442875276405e-05,0.912591276967491,20
25607984,-2.819321834328925e-05,0.00039678759681496063,0.622934244740615,20
178085216,-2.8352372969187024e-05,0.0003348911157560215,0.6454153104993146,20
108938840,-2.840482333742178e-05,5.851834708941561e-05,0.9785872477057966,20
33098719,-2.8428641429756318e-05,0.0001705875342651172,0.7673907914395854,20
14031269,-2.859562946147809e-05,0.0004432613689866815,0.6119582998961017,20
98840082,-2.8617781600517866e-05,0.0003167525512084574,0.6546547149391055,20
145935966,-2.8639585328657513e-05,0.000420366946866619,0.6180413991028753,20
103597321,-2.866064351549902e-05,0.00036036644498330746,0.6369998236464913,20
92294612,-2.86611719809593e-05,0.00046690916502863924,0.6066767692299618,20
137557843,-2.871475917224642e-05,0.0003401242125136834,0.6450279130510979,20
71268455,-2.8737220941582598e-05,0.00027224120084179057,0.6788731649902444,20
28611162,-2.8744192877794283e-05,0.0003035884094606328,0.661631354034294,20
190836378,-2.877463825269877e-05,0.0003416591310596354,0.6446944843510904,20
137191729,-2.8798948714070517e-05,0.00022570716311371593,0.7125274735239417,20
79766219,-2.891185262781093e-05,0.000223614875640635,0.7150455675560732,20
188621549,-2.898796973012374e-05,0.0002747102623200722,0.6788168035244864,20
10087712,-2.9074223182470883e-05,0.00056971929328941,0.5890450174211215,20
2417580,-2.9079982009494464e-05,0.00047731954607350724,0.6058956494795671,20
40881793,-2.912786245564958e-05,0.0004219292563605587,0.6195581074949743,20
37856814,-2.9185720348207102e-05,0.000207624105683046,0.731467811524924,20
135955800,-2.9346015833714433e-05,0.00042237262418975366,0.6203015576791611,20
111810753,-2.9433070111320457e-05,0.0003973035831707756,0.6279798588791563,20
73838950,-2.94852216217778e-05,0.00048256022906819685,0.6061972747784903,20
460878,-2.9616992082057146e-05,0.00025052136772074087,0.6984329853251783,20
147580462,-2.9883841938388445e-05,9.766866242763594e-05,0.9064159591277753,20
199233710,-3.0001774137608515e-05,0.0002212938778443844,0.7242565454088659,20
144819345,-3.0010974144575876e-05,0.0001758536907299473,0.7726443145178639,20
40121121,-3.0051881017642555e-05,0.00031853754568931733,0.6610891089785906,20
180010702,-3.0127145996652892e-05,0.0002648772207797248,0.69157720070124,20
122740477,-3.023276719396617e-05,0.000368048296634432,0.6412935620880256,20
129622231,-3.0290072907074305e-05,0.00022929890999210124,0.7191792610053027,20
119153191,-3.042284876632606e-05,0.0002377974479426403,0.7130348501220476,20
106758406,-3.050935131871102e-05,0.0004481354052562481,0.6179586989284664,20
44506430,-3.058748587030369e-05,0.00018133741948704227,0.7700556390666689,20
114702514,-3.0776503626428475e-05,0.00014069672687355898,0.8298786776289517,20
32567801,-3.0920432760450646e-05,0.0001609379961299374,0.7995336667410199,20
38501229,-3.0925710021392774e-05,0.0004072585876795561,0.6310575951497133,20
53539154,-3.094553159920799e-05,0.00018928228011949285,0.7631938145488375,20
112100743,-3.112226981257793e-05,0.0001702517982680804,0.7881154675827573,20
49236056,-3.114188056161094e-05,0.0002000855816657593,0.7525893861711155,20
177219071,-3.1204030933928983e-05,0.0003233639024912144,0.6645382595494551,20
32098753,-3.1288619032565634e-05,0.00021152297190333178,0.7418894922587638,20
117952617,-3.1365128069632545e-05,0.0002326525362954317,0.72315194397198,20
170075400,-3.148121145132299e-05,0.0003659282803463422,0.6476496249532895,20
3864389,-3.156558757908268e-05,0.00018025481594198862,0.7784024840287649,20
9067597,-3.1766493768511925e-05,0.0006282837207735175,0.5882365055252989,20
156382470,-3.188831625038913e-05,0.00035872221206808717,0.6523024165680396,20
134424750,-3.209226516376618e-05,0.0002668421339611992,0.7015373798094711,20
7396967,-3.235053269444732e-05,0.00021695544888692092,0.7435561618257476,20
130548484,-3.260837484634627e-05,0.0005365832541560427,0.6056363238218776,20
17826706,-3.296018016975544e-05,0.0002850402825831594,0.6944827674203049,20
15075433,-3.2967191525296034e-05,0.000524795911182064,0.6091018078039812,20
145286811,-3.309645623026658e-05,0.00023499346027998393,0.7318544870793825,20
14026357,-3.3115597553623476e-05,0.0004424430701659017,0.6292508437442944,20
46246025,-3.3154416039196666e-05,0.0002660827465510921,0.708064312560416,20
159987183,-3.31919574630829e-05,0.0002126953123922575,0.7531519080105096,20
44049617,-3.340820621341445e-05,0.0002915334938284398,0.6928904507610918,20
73361464,-3.346883780092069e-05,0.0005341292262379263,0.6088340096351161,20
51465250,-3.36693449986214e-05,0.0006993126480694425,0.584092689273142,20
19457970,-3.371722675287736e-05,0.0008182068763101713,0.5721309801443999,20
14271676,-3.375018854934464e-05,0.00038467858017325856,0.6504233158227999,20
162065060,-3.375892389592405e-05,0.00013220638860835248,0.8661708702078212,20
117547168,-3.3803954360639434e-05,0.0002264529421921208,0.7437858444626386,20
86513226,-3.404232317257838e-05,0.00021872787001177673,0.7525825309250003,20
39662308,-3.416477007990304e-05,0.0008827533890406092,0.5677915760794017,20
62456562,-3.4312782255338514e-05,0.0003463260169929945,0.6686455629006074,20
82684031,-3.443685106057359e-05,0.0001040041286301132,0.9224696615824168,20
5267060,-3.4446033481527746e-05,0.0005566763043445065,0.6075111150283006,20
98711593,-3.4693937477495164e-05,0.00035030328101810597,0.6685870604194251,20
118218875,-3.470616240283386e-05,0.0004946745724850462,0.6214401935431064,20
34453715,-3.471846712915505e-05,0.00023673584495112493,0.7401111494716244,20
11875535,-3.4749952136736705e-05,0.0003160034688821371,0.6857483948600558,20
99191529,-3.4782961210502726e-05,0.0002812307265170225,0.706684143781767,20
163404883,-3.479846694453281e-05,0.00020810706578125085,0.7681331115663004,20
191024377,-3.485122058891344e-05,0.0002925792749605348,0.6997944387366903,20
46787594,-3.488792078361891e-05,0.00014287030671065497,0.8557702114198933,20
63005248,-3.4981228805547326e-05,0.00032489116646386,0.68217601003498,20
29533312,-3.514843213744401e-05,0.0002736926989136142,0.7137572500362824,20
64772489,-3.5261065355851604e-05,0.0002613460066798569,0.723305871729232,20
56140375,-3.537506536093749e-05,0.0001887549666662207,0.7938124436911975,20
39143884,-3.556682551422996e-05,0.0007776921474065288,0.5799419753123463,20
184628013,-3.557493306624582e-05,0.00020231494239628537,0.7793277307750783,20
5470410,-3.5588914697975985e-05,0.00021538269753306055,0.7655176800152659,20
53275037,-3.571904724191111e-05,0.0002420586802028071,0.7413885115715327,20
20282977,-3.572321276333612e-05,0.00012956731548467558,0.883696584662116,20
32497338,-3.584268880247876e-05,0.001469991423599281,0.5428443969028468,20
114119160,-3.5887849080107334e-05,0.0004960335954990139,0.6250962831533993,20
31293907,-3.594581216813664e-05,0.0005918692655633228,0.6055724606954059,20
48033866,-3.605255895444137e-05,0.000387780042798596,0.658886026600386,20
4213378,-3.6305982784096134e-05,0.0003608428020823298,0.6710850269750814,20
61861621,-3.6331847774945245e-05,0.0003251089457842374,0.6885136328098174,20
63346320,-3.6367767004688575e-05,0.0006015322709203031,0.6051080139797484,20
34456770,-3.652542248420154e-05,0.00041928146365094416,0.6494128394194458,20
20626505,-3.6709200513715404e-05,0.00023979493849292822,0.7490749566728452,20
72180551,-3.673525800395039e-05,0.0013914143576724918,0.5463744755347397,20
27887315,-3.676958176018208e-05,0.0006241261236140823,0.6024877715622536,20
30844575,-3.694073362825734e-05,0.0005738104786311674,0.6117324949170162,20
150454606,-3.707013370488066e-05,0.00035706375040179666,0.6761436257374884,20
148290732,-3.711538124059888e-05,0.00018780207875766656,0.8060822876508478,20
18029810,-3.715095746650854e-05,0.0005773848907398352,0.6116744218449691,20
118611118,-3.727208043320662e-05,0.0001795554753830293,0.8175583987911028,20
96140020,-3.7284812295063086e-05,0.00010153778604326162,0.9414990208430909,20
96848234,-3.733884629908702e-05,0.0006042235665200613,0.6073730522597144,20
114768277,-3.7381735581332173e-05,0.00027191794457162105,0.7270112602844616,20
88674491,-3.745481655627047e-05,0.00022250627584706752,0.7696022318866709,20
13873691,-3.754827060289956e-05,0.0002533073903725352,0.7423259000916831,20
65093851,-3.7550449847259525e-05,0.00029468527652485346,0.7122767879949778,20
63661019,-3.757251095178327e-05,0.00024255427176373545,0.7515762231977403,20
28092421,-3.758508454113074e-05,0.0003314459363644299,0.6910498807486933,20
84887564,-3.766580660404528e-05,0.0008257408284685093,0.5797365569882114,20
108759874,-3.783712796605054e-05,0.0006356098643094599,0.6035317508292284,20
248728908,-3.7855445668188994e-05,0.0003079217753728075,0.7055683791935936,20
162990110,-3.7863074253674525e-05,0.00016673305795933074,0.8387031375699994,20
45507101,-3.7986940569958993e-05,0.00017225469010365502,0.8317931198361167,20
109739942,-3.798771776076792e-05,0.00025875554263707535,0.7403284504924944,20
83486041,-3.8129214115112386e-05,0.0003115960148776081,0.7047090613538791,20
39646827,-3.8129600305544796e-05,0.00013396429491709176,0.8907923157506664,20
32418082,-3.8217183003175226e-05,0.0004907116958947423,0.634275980915182,20
237518018,-3.830614488075368e-05,0.0002773120554145006,0.7279638386216425,20
10268017,-3.8387494225214366e-05,0.0003913271061979943,0.6670855882623955,20
101946653,-3.856914480052098e-05,0.0003368381170477334,0.6927503875305829,20
51273692,-3.8594207337092065e-05,0.00017263665573244864,0.8350095487306364,20
73474394,-3.863921650116564e-05,0.0004798529168808144,0.6386315615347298,20
91914423,-3.864740317162107e-05,0.0003168839532422399,0.704096271189647,20
68086162,-3.8677444144813446e-05,0.00039349373284037066,0.6673987249258357,20
157298783,-3.86884816989258e-05,0.00044323788784461095,0.6496920317591524,20
136228006,-3.871199013904258e-05,0.00030560562020702346,0.7111571144170554,20
68073008,-3.890882804647167e-05,0.0003446040517039489,0.6902974454413507,20
42503482,-3.92077451659284e-05,0.00024039771051099628,0.7626685296562361,20
78768871,-3.930745243053424e-05,0.00031440247443550876,0.7086940655074105,20
31636186,-3.938765277046174e-05,0.00018779779240032278,0.819982091849217,20
155796581,-3.95766390458685e-05,0.00035612848438437575,0.6875508582503307,20
97912364,-3.964732919308767e-05,7.820875194952461e-05,0.9823781660973097,20
166607746,-3.9688446463387314e-05,0.0005896176859863169,0.6166691221943984,20
41746535,-3.975708849596471e-05,0.0005438612855882703,0.6263487184927226,20
8817257,-3.976426216865114e-05,0.0002498451742376275,0.7573708472343426,20
233715170,-3.987652344085157e-05,0.00011318389395705322,0.9341894328921279,20
125314805,-3.994904713467695e-05,0.0003173673075429418,0.7099694520517152,20
9667917,-4.0047102310072914e-05,0.0003002011704868683,0.7210872877367043,20
86,-4.009078081795014e-05,0.00048335041983424805,0.642605110475698,20
67175150,-4.015449774784907e-05,0.0005901813979611717,0.6178864086391334,20
108298183,-4.044321292616393e-05,0.00019350124196515581,0.8191669090432072,20
32131897,-4.061565519611898e-05,0.0003034333436497284,0.7217490393406678,20
104718523,-4.061962236812933e-05,0.00027716702587773603,0.7399675305562194,20
2884552,-4.071712344290157e-05,0.00013002388222207615,0.9112516179829142,20
77489122,-4.085354000222252e-05,0.00020906832894140384,0.803454817485952,20
13423180,-4.0936309953093494e-05,0.0002625716627836216,0.7529485373745397,20
71481565,-4.09704293347829e-05,0.0002845926103501613,0.7363047632462438,20
53457041,-4.1090445030561584e-05,0.00030300176212031245,0.724310169885898,20
126144694,-4.1127289328485304e-05,0.0005839963527854554,0.6218820436524808,20
13874204,-4.114009630386828e-05,0.00017318484981852092,0.8493045468849537,20
26500016,-4.1179465834437214e-05,0.00026215504200668207,0.7545529704929752,20
152193359,-4.12215556859441e-05,0.00034778766994853427,0.6988948200225376,20
93515485,-4.1299003898731536e-05,0.0003584131651995398,0.6938607505731913,20
80506234,-4.139779434474411e-05,0.0003171679703635943,0.7168619660796727,20
135276065,-4.1405682721060154e-05,0.0006404221056496243,0.6121973581892708,20
21422699,-4.1515852129472844e-05,0.00034957085092918205,0.699255472661183,20
129166541,-4.154220186161906e-05,8.76124244586457e-05,0.9763257935078666,20
138262890,-4.157243548507938e-05,0.00038141017977582644,0.6842411540613873,20
121060536,-4.162402223082395e-05,0.0003192950531869548,0.7166245902916502,20
79500073,-4.1823560250406346e-05,0.00023989958510094397,0.7774031505004277,20
208662192,-4.1851450042384994e-05,0.000270410970871015,0.7513926967679039,20
108960273,-4.2231665498085326e-05,0.0005009499895162185,0.6448298930738943,20
20885899,-4.231976141885474e-05,0.0003085418093326993,0.7265573330821189,20
23463526,-4.23254879532986e-05,0.0003235531710951934,0.7172913128205023,20
55895026,-4.2500834347161676e-05,0.00017489035822006077,0.8546378229386197,20
210293333,-4.286009216417641e-05,0.00043112288757195195,0.6691831630473803,20
71070527,-4.29254249031813e-05,0.00032787934206349054,0.7174440755994964,20
61060726,-4.302054569216285e-05,0.0002711258107245091,0.7567181548945028,20
43,-4.304822967898525e-05,0.00042965418596102296,0.6704169341890753,20
178608316,-4.305958598679327e-05,0.0002906881730047671,0.7421826770970363,20
57857544,-4.3305544214222724e-05,0.00019534018935339344,0.8330352693349921,20
116217036,-4.331425171979486e-05,0.0003736716232601782,0.694914204092351,20
94944307,-4.335530872555115e-05,0.00034053851306912775,0.7121108318398301,20
66808302,-4.354272282387217e-05,0.00020526851578956968,0.8226463290649548,20
101654292,-4.3660161796788e-05,0.0004210375628959791,0.675950480568489,20
20679909,-4.3882002887762896e-05,0.0001673640503762109,0.8722699108188228,20
46200690,-4.39194622205763e-05,0.00041274826382312616,0.6802030011374829,20
68679846,-4.399602133621783e-05,0.00032103210318502255,0.7263908840885742,20
22280773,-4.399839689782081e-05,0.000143856402205087,0.9063318435277613,20
11610393,-4.4088110021342496e-05,0.00035161443280307055,0.7092396375393202,20
82495011,-4.410561194589102e-05,0.0002145112545066739,0.8153232335694585,20
19057859,-4.411673485149037e-05,0.0003499297064465304,0.7102630093737133,20
8199263,-4.442270359336364e-05,0.00032643245745131444,0.7249990022341668,20
45047400,-4.443495117449903e-05,0.000594776307420469,0.629020936634219,20
105800755,-4.454624007770303e-05,0.00015161092020812814,0.8977547554896786,20
90713945,-4.460936129394022e-05,0.0003056938551671439,0.7390871674827323,20
87,-4.466787626448698e-05,0.00027776963324509306,0.7596026129888167,20
88439429,-4.467252641947306e-05,0.00024222152673052333,0.7901368082297819,20
108340355,-4.469554509421159e-05,0.00019883892365884777,0.8362980252164636,20
225484401,-4.4717306272040734e-05,0.0007095059783215754,0.6094512867199449,20
76707140,-4.474569544176965e-05,0.0007176528553264541,0.6083092496886021,20
129747902,-4.49346240923465e-05,0.0003027060121643485,0.742621507527019,20
13270827,-4.495992701598339e-05,0.0004879006959662357,0.6575630475304313,20
93012133,-4.4971966892348725e-05,0.00016968835713939803,0.8747314001715353,20
74231770,-4.4993672853835265e-05,0.00021918757874770514,0.8149412645815122,20
140681009,-4.499592501367167e-05,0.0002222514683274022,0.8117056166030266,20
21281767,-4.500195785689665e-05,0.00021782805453312011,0.8164421811493776,20
73238165,-4.514986910749974e-05,0.0002359739106205231,0.7985793922688282,20
26489544,-4.519801524393019e-05,0.00035955348885975593,0.7097150643956485,20
56867087,-4.522000831005124e-05,0.0006248089232407416,0.6251371253544968,20
86097013,-4.529361403327603e-05,0.000271203176218543,0.7678637891367526,20
3264267,-4.539296874894183e-05,0.0001770607463151811,0.8670925978257602,20
71288995,-4.5606818945287395e-05,0.00024004304685596578,0.7969588020710126,20
24033707,-4.564309643805276e-05,0.0003478063871785119,0.7179047418425817,20
120150467,-4.571689985744531e-05,0.00031883630701449756,0.735488229099728,20
70075475,-4.581384317888238e-05,0.00040777723763676905,0.6894360093664088,20
119421209,-4.5908350548060084e-05,0.0004246103463699071,0.6828746609240353,20
62867318,-4.597691580046637e-05,0.0002707066241199351,0.7715773535724877,20
59856636,-4.5998685332013235e-05,0.00024289939942436815,0.7962049022963575,20
70658044,-4.6299990069861854e-05,0.0003339609287309302,0.7286924930072591,20
59456384,-4.646087566659851e-05,0.0003831431141379012,0.7030427129938788,20
111900677,-4.6508664667857526e-05,0.000393745294864812,0.6982766022884783,20
211866197,-4.659579787429091e-05,0.0003617856516873349,0.7143068814686773,20
167795709,-4.670960634973187e-05,0.0003763199084483251,0.7073454143991766,20
82285129,-4.676378642153867e-05,0.0002529998625122012,0.7906427795410034,20
32646667,-4.687985948789441e-05,0.0003070194992822382,0.7485331455049198,20
65348695,-4.689959256099496e-05,0.00036624660764404617,0.7132110170038366,20
37918385,-4.7044169674106964e-05,0.00022619746386393438,0.8180084022257075,20
25490089,-4.716789043906489e-05,0.0008037776698153055,0.6020956254909496,20
54721055,-4.737726734637404e-05,0.00027988685530461123,0.7708357646826957,20
44853352,-4.757957693901083e-05,0.0005783461248436065,0.6414983795352868,20
70498868,-4.759060007738791e-05,0.0002706610326093511,0.7793170252549858,20
134590023,-4.7731042894746946e-05,0.00014182283680966014,0.9256310380071789,20
167594753,-4.7936941310991464e-05,0.0002370177031411718,0.8114694346239772,20
87474040,-4.8241301492926715e-05,0.0003378139421840257,0.7346596878052327,20
62,-4.826883239600066e-05,0.0001589447254488144,0.9048310790801466,20
115016016,-4.829427127956975e-05,0.00011362591511094256,0.9636951070136174,20
187419316,-4.830858420480644e-05,0.0002983701457886545,0.7610795155076635,20
68209741,-4.8726797749726325e-05,0.000594245012721815,0.6410545863402791,20
139759544,-4.875564584538028e-05,0.0003252576523076141,0.7446545603649094,20
53466772,-4.881501584682868e-05,0.00019127619042522124,0.8660409917785744,20
4870012,-4.883452468981975e-05,0.00028839971837494075,0.7709095120238338,20
45064206,-4.8895715328292624e-05,0.0005544750005125112,0.6511502642251212,20
86910400,-4.902818623497285e-05,0.0002509678212965164,0.8033940988052768,20
1411905,-4.904320035929721e-05,0.0002079959250205922,0.847556042295548,20
44446473,-4.911075033353085e-05,0.0003981642969853164,0.7061761861675893,20
98032708,-4.921092798563509e-05,0.000276922144662472,0.7817066742741461,20
119353493,-4.945778808998213e-05,0.00037513620207831435,0.7187988450147043,20
66063457,-4.946551009443467e-05,0.0009421383263221052,0.5915630624322568,20
108940958,-4.957336774594479e-05,0.000277306578568528,0.7830507623921626,20
4395776,-4.9772749172691254e-05,0.0001696802660309072,0.8973950028562915,20
81968159,-4.982288604430119e-05,0.0003153442933868425,0.7557973592460114,20
140442938,-4.983624100233508e-05,0.00025883351613924883,0.8000327685381445,20
169474940,-4.985322951845672e-05,0.00014547348621925395,0.9290697544272387,20
174680410,-4.9870478487673564e-05,0.00028625324107765506,0.7772492411866538,20
22695564,-4.99466124420922e-05,0.0003299867704981002,0.7466861216178913,20
69457409,-5.002757066579211e-05,0.0002923315713718436,0.7732611608959318,20
228911279,-5.0045111023178104e-05,0.00024670589344811964,0.812164952843679,20
45230520,-5.0092751865807306e-05,0.00034169275970451397,0.7400363359343594,20
80100495,-5.010285340137088e-05,0.0002585639270780383,0.8015084159766203,20
35257084,-5.012655473602967e-05,0.00014763751399660835,0.9273108640851317,20
57059803,-5.018259468311803e-05,0.0002470675006159726,0.812463887069206,20
47092856,-5.022850854860261e-05,0.00027307614341579804,0.7895262479108903,20
100,-5.023575684564019e-05,0.0006816871973783697,0.6273333844604602,20
78711426,-5.026746404198923e-05,0.00024191499078905519,0.8177956295652425,20
169509545,-5.038694112914632e-05,0.00012549546016936192,0.9557581841533626,20
10674597,-5.0461365891965594e-05,0.0003007558852731081,0.7688801162145749,20
25288411,-5.047721239011538e-05,0.00025792042402068805,0.8038118422279121,20
30872571,-5.056051853528087e-05,0.0002498280694416174,0.8116204710803079,20
70958084,-5.057795964268641e-05,9.246274779428369e-05,0.9878316786899951,20
81482492,-5.069097728402916e-05,0.00010432118394897163,0.9786854511319849,20
18426870,-5.087044132255358e-05,0.00010719370466779973,0.97641127019509,20
151854967,-5.090982902954122e-05,0.0003939048583252127,0.7149729583032454,20
20755388,-5.095105667598243e-05,0.0003271516643666281,0.7527243250634948,20
82221607,-5.1023541045167045e-05,0.0001863926117809489,0.8820821714533524,20
70557923,-5.1183271850510637e-05,0.0002408534118566769,0.8230697607589013,20
81171790,-5.125068208601813e-05,0.0006351096448641758,0.6389157147507578,20
14635852,-5.1280517222773715e-05,0.00024417723014274627,0.8202944790440596,20
28727376,-5.129384069729459e-05,0.0002207728763012418,0.8440867523377596,20
131392653,-5.1352271011168014e-05,0.00015971401437436087,0.9166364492500528,20
93212161,-5.145743149929105e-05,0.0003407555131938275,0.7462007828763914,20
28532188,-5.153626477828743e-05,0.00030777787925373006,0.7684386955736584,20
77,-5.162059629180149e-05,0.0002559839678400179,0.8107814357375966,20
49469781,-5.167544664291534e-05,0.00017949716583244514,0.893305760828461,20
193625751,-5.1700274052582375e-05,0.0002803507079914382,0.7901175628019435,20
2666837,-5.175409053433389e-05,0.0003271460706403153,0.7560737547258569,20
161702574,-5.1759287077063344e-05,0.0005532665944020771,0.6598191263958662,20
88639659,-5.181207281525213e-05,0.0002636886259654562,0.8047367595970635,20
73071966,-5.1823450934210255e-05,0.0001685307086408046,0.907463664349272,20
43443120,-5.188487495382532e-05,0.00012615003430008795,0.9592292843444448,20
74904353,-5.20915814731987e-05,0.00020707542385786523,0.8627004717482867,20
35329480,-5.21745030849452e-05,0.0002737345552210824,0.7976955082850452,20
193425683,-5.225493042073648e-05,0.0001681097157210117,0.9097162205242126,20
48517615,-5.226756760542406e-05,0.0002882275791009401,0.7862910051079683,20
7618759,-5.245231314878196e-05,0.0002574651337452093,0.8131685930182082,20
47754416,-5.252659245882363e-05,0.0004749809177132228,0.686709312244125,20
78798133,-5.2582265685421904e-05,0.00023925141813169813,0.8309907619034689,20
7669535,-5.281830067777882e-05,0.0003077923474504755,0.773872453524793,20
204457283,-5.2926029765101856e-05,0.0001792613302823125,0.898802415413879,20
65272362,-5.313794768090074e-05,0.0003732748253658065,0.7340210071427915,20
199033440,-5.318753980766977e-05,0.00026453871555798535,0.810088262284119,20
99545181,-5.335908996741412e-05,0.0008278053127987482,0.611868307206372,20
34,-5.3535075924812656e-05,0.0005042883422884041,0.6798154290961111,20
87625242,-5.359445706900889e-05,0.00017203388059911274,0.9101805290282511,20
100634958,-5.3734050104367606e-05,0.00038455882397668236,0.730261136071537,20
12489459,-5.3853053315094934e-05,0.00038053055754093314,0.7328288614828082,20
65254054,-5.415792241970918e-05,0.00034636732297132854,0.7535697173501024,20
57013482,-5.4330582877501477e-05,0.0002925604340068972,0.7917169816263077,20
50955681,-5.444957227523084e-05,0.0005931234333998336,0.6570017352627417,20
81571849,-5.446284265877288e-05,0.0001502482195285224,0.9392614971850618,20
48190014,-5.4488524579829334e-05,0.00023535403039829522,0.8432540216755937,20
36655523,-5.453798956261968e-05,0.0002080111282008331,0.8722637213577938,20
108540365,-5.4961002172085324e-05,0.0001793270131615618,0.9067684217832404,20
69139893,-5.503648639905989e-05,0.00042497245184244765,0.7153604149531081,20
63882535,-5.513601309396765e-05,0.0003110939067807296,0.7811042960945542,20
74,-5.516479438714139e-05,0.0005855770083329235,0.6608686560021654,20
66664663,-5.5190253096520926e-05,0.0002123310200900129,0.8702712914423216,20
58815947,-5.5490267267824245e-05,0.0004840422087612561,0.6929588603877928,20
58455591,-5.559284005456078e-05,0.00021339339782060074,0.870795394261618,20
154380435,-5.562454102456538e-05,0.0002755661361577987,0.8110128342572507,20
139664598,-5.589229354974745e-05,0.00037862858959873913,0.7414645105990583,20
9867992,-5.625477839689419e-05,0.00023870296702332,0.8474356636916885,20
120109509,-5.625563064882433e-05,0.00018529197709486132,0.9047768191835441,20
130480126,-5.63102297766821e-05,0.0005972343550050441,0.6609955690987301,20
48590472,-5.6333573191261197e-05,0.00011844508398171429,0.9766292963073475,20
33902593,-5.641408767186329e-05,0.00018009961636636802,0.9113090474587476,20
31898304,-5.6469600492081716e-05,0.00046423968728174337,0.7036108953237532,20
56295273,-5.6582035568908395e-05,0.0002420556001040665,0.8455195190416294,20
154858565,-5.6640765608598206e-05,0.00024161110149713432,0.8461959926558356,20
27048983,-5.6651252928480166e-05,0.00010097614008885267,0.9893348637211968,20
6866827,-5.66802669957428e-05,0.0007535473419375151,0.629866269718089,20
49449156,-5.67333026989747e-05,0.0003291417426604037,0.7748620999662351,20
23839834,-5.6799502382864905e-05,0.00012142844954292565,0.9749439222692601,20
160989252,-5.6871300491112554e-05,0.0003020286708116453,0.7948945767490347,20
122781393,-5.693013712523287e-05,0.00020731724477770957,0.882790651730246,20
62652586,-5.7030474997882276e-05,0.0003725553790428673,0.7490658293733439,20
76,-5.716295460297394e-05,0.0001678693846201693,0.9278669838673066,20
121938454,-5.722227390455303e-05,0.00035337288331964173,0.7611109917493577,20
12821349,-5.73616210747141e-05,0.00025031042470136485,0.840845498619496,20
70068129,-5.7496706013246414e-05,0.0006281655756603293,0.656565929259571,20
166269399,-5.765154442091413e-05,0.0002541176554483103,0.8384762626411222,20
464093,-5.7662219145457326e-05,0.0004950058129129745,0.6957898577646182,20
160588285,-5.79924725723685e-05,0.0002471745998110905,0.8463885647328735,20
5414469,-5.800877095959445e-05,0.00020353089999816795,0.8910926296110347,20
67675097,-5.801163493167616e-05,0.0003778575868992418,0.7496844556493291,20
88911131,-5.8114582263185664e-05,0.0004902638295886009,0.6989135222450842,20
186019583,-5.836412970798566e-05,0.00035843672107015867,0.7623134514642042,20
78687516,-5.849063018061873e-05,0.0002784570254514798,0.820338228218678,20
8667534,-5.862617617004573e-05,0.0002733907567061056,0.8252001200677148,20
105440616,-5.886430698871792e-05,0.0003484718559460004,0.770375455502708,20
124342414,-5.888341282405119e-05,0.0002652488065300144,0.8333542280541418,20
104330202,-5.892992409462505e-05,0.00010511833004277704,0.9892914526438533,20
24830183,-5.898463044478885e-05,0.000156322241675488,0.9460681663448869,20
227909907,-5.9063761926514415e-05,0.00030982411065284035,0.7977364985218466,20
28892919,-5.9154742353043074e-05,0.0005865451401013384,0.6714625501408082,20
153984283,-5.9234010842704185e-05,0.000281730555719348,0.8205594938017106,20
78019053,-5.940880333470677e-05,0.00028763585928929494,0.8163829081064782,20
149790645,-5.952837536120914e-05,0.00047515782942773654,0.7090806415984268,20
50249669,-5.95402032532083e-05,0.0004396015623076075,0.7240630722061825,20
88510978,-5.967078002201698e-05,0.00021965766295422225,0.8803511782550435,20
195242436,-5.9933430520703326e-05,0.0003206820390456774,0.7931761746266333,20
1,-5.9934664842198336e-05,0.0001997651629747004,0.9022538714004915,20
64406763,-5.995021429955616e-05,0.0003366728676532632,0.7821633801706258,20
95046541,-6.0166319652021906e-05,0.00028770863714607886,0.8192959198554501,20
36240445,-6.0186690448923996e-05,0.0003186323708233013,0.7956175881411687,20
62327558,-6.0195985634894925e-05,0.0002181214621966096,0.8839109029918357,20
153384069,-6.023036654352054e-05,0.00018918003748947303,0.9146427893601605,20
67827456,-6.036467792882583e-05,0.0003355666877539529,0.7844662067497673,20
127157763,-6.04859793156054e-05,0.0002835299782805032,0.8239799349861184,20
37079390,-6.049617022269027e-05,0.0003040432020218499,0.807657407196559,20
35499043,-6.067043660462068e-05,0.0001907582965584192,0.9144335613762148,20
23317309,-6.070811835020284e-05,0.0004166754121516472,0.7387600543360824,20
103638338,-6.071129530363928e-05,0.0002155659620419478,0.8884517350981886,20
35537706,-6.079141360435525e-05,0.00034661678027459537,0.7787465621391334,20
104355936,-6.087097601160107e-05,0.00017008248393755615,0.9370121371268342,20
91181540,-6.0913440036963753e-05,0.0002182635889104141,0.8864201916209943,20
10888409,-6.092571163790472e-05,0.00011134312215193173,0.9878521405194084,20
134763547,-6.108134012885181e-05,0.0003011903008265992,0.8121032973704064,20
83670415,-6.113198554680566e-05,0.00043385434649618484,0.7319468399750495,20
48,-6.119628666708121e-05,0.0002646535211544793,0.8429633949525719,20
104328723,-6.128398253605061e-05,0.00046173295281057265,0.7200993584877361,20
8635612,-6.140520715874065e-05,0.00045250004728801524,0.7244422269779738,20
84370860,-6.144292087519599e-05,0.0016390334303630122,0.5656842203646194,20
80667226,-6.155901094170579e-05,0.0004690754235700929,0.717909813519912,20
82,-6.163144573204937e-05,0.0006596241985745426,0.6596295601591975,20
15084267,-6.197652306579038e-05,0.0004970349011473789,0.7081999473134017,20
51350678,-6.203106386066803e-05,0.00028476153380903345,0.8288981422130315,20
80846656,-6.22359371882597e-05,0.0001515588410872159,0.9590043299323877,20
62291679,-6.251645516321403e-05,0.0002495937511872818,0.8616946783574051,20
45352626,-6.265773038670041e-05,0.00015948305834538015,0.9524904755150891,20
84003139,-6.296349585842576e-05,0.00015620786885694261,0.9563319126205364,20
242723236,-6.300370099232566e-05,0.00020204375334801787,0.9103784923156812,20
45144907,-6.315383125631013e-05,0.0005786424546502309,0.6844661492928683,20
7421019,-6.326523475624901e-05,0.0003164654978493481,0.8087552715700943,20
103755301,-6.334058874575832e-05,0.0002478937682353966,0.8663202889755361,20
44950222,-6.335447240458092e-05,0.0001588771025355128,0.954741777932151,20
26329128,-6.336038401174859e-05,0.00012677247598452142,0.9811949709378893,20
183226871,-6.337767681011963e-05,0.0002850734335029138,0.8337016327810614,20
32436683,-6.338435838456336e-05,0.000495508017817097,0.7130080578232285,20
103844033,-6.350433086715901e-05,0.0010771236074273954,0.6025618339724339,20
188423070,-6.357601651040822e-05,0.000611550941245228,0.6763626898462344,20
29871342,-6.363926801120635e-05,0.00025853441136529186,0.8576397876157497,20
71830685,-6.369517639162603e-05,0.00013364122317554767,0.9768373162669981,20
69697975,-6.377550299690726e-05,0.0002880988833955891,0.8326881264297026,20
63893394,-6.396955747484668e-05,0.0004542713693146755,0.7318230298472983,20
48130975,-6.418090658830977e-05,0.00037129207273220883,0.7754968104865518,20
103108128,-6.420544501480608e-05,0.00022565362126244172,0.8907191831467652,20
31307753,-6.438997817909687e-05,0.0003221202552110863,0.8087345988930255,20
101906963,-6.439880490388405e-05,0.00019662749796025235,0.9203228352784654,20
86473196,-6.441084140292874e-05,0.00017518539736297213,0.9417186596227451,20
22483991,-6.444120710546452e-05,0.00026476446580080083,0.8550002343868921,20
31739048,-6.479552143389966e-05,0.00031448722601438956,0.8158077744775645,20
16627842,-6.480582022335147e-05,0.0026111017046961177,0.5436079653323276,20
95282331,-6.480871366005004e-05,0.00023236045882774417,0.8862860439966955,20
105445104,-6.492597665388455e-05,0.00046024819722837986,0.7321800485208332,20
5619731,-6.511456403109628e-05,0.00020806225966934903,0.9111236423351577,20
143485023,-6.513785590415988e-05,0.0004368295381786732,0.7435612405869414,20
78419505,-6.519633500127464e-05,0.0002595350951699851,0.862372939508248,20
16852835,-6.537827034668042e-05,0.0003649647459355295,0.7835165037215144,20
174014949,-6.544499259948377e-05,0.00014570272736134457,0.9705044228207728,20
76663351,-6.56096923717403e-05,0.00020975396407559404,0.9110156469962324,20
169074253,-6.573876162037918e-05,0.00012658342412895615,0.98426810541649,20
78264243,-6.584211871764334e-05,0.000641271645048151,0.6743402609954499,20
57696694,-6.590149689015834e-05,0.00040841516432071207,0.7603423143875702,20
32825070,-6.607996277001316e-05,0.0003137506451167811,0.8209641337686027,20
50197435,-6.611221561267366e-05,0.0004969153843874369,0.7205668480389229,20
93,-6.621825211557409e-05,0.0003657927692195693,0.7858965713854977,20
29294107,-6.621973343106103e-05,0.000262207272595788,0.8636118180137125,20
22235825,-6.63190664232649e-05,0.00016589124872426255,0.9551188891381217,20
133027267,-6.646227109391167e-05,0.00034272045380046284,0.8016900504772224,20
18477870,-6.649626813514941e-05,0.0003402668534755649,0.8034741466699592,20
19755030,-6.652145926582808e-05,0.0002268460848560285,0.8973301235550633,20
170001257,-6.658059060321853e-05,0.00017729186822636718,0.9452855985564987,20
58862232,-6.659333835184466e-05,0.00046407123331691677,0.7356464827353351,20
166793684,-6.695975502638285e-05,0.00032319902330597166,0.8171041518944494,20
37022572,-6.70505455494047e-05,0.0001236800182665934,0.9872637792945241,20
76545468,-6.70554686432151e-05,0.00021961700316431912,0.905973130040097,20
31907974,-6.70792910348661e-05,0.00024166050109929082,0.8852097756833478,20
5468902,-6.714786827979602e-05,0.00030045177866069427,0.8349380815864318,20
140595561,-6.717540660288734e-05,0.0001581705625077313,0.9635942123737191,20
15626724,-6.719991603159337e-05,0.0004933861595859535,0.7251674037955007,20
24025913,-6.734646727085125e-05,0.00040230723370145247,0.7683785244338777,20
20485631,-6.746672697901523e-05,0.00035892769292961504,0.7944912433439038,20
137964269,-6.753914309623466e-05,0.00033449864147983835,0.8110776859361473,20
61820294,-6.75660728694516e-05,0.00015467478485292586,0.9671804239674328,20
74159951,-6.760448899931493e-05,0.00025985542688191884,0.8704805699772904,20
54397690,-6.763048669081451e-05,0.00037650188496568966,0.7841382694958099,20
72139377,-6.765534033219278e-05,0.0003984550561643204,0.7715170008780372,20
11024148,-6.773087133087052e-05,0.0002934794466277498,0.8425087559498945,20
10026833,-6.774768745649861e-05,0.00028765480041199144,0.8472847576644034,20
16875965,-6.775971328491225e-05,0.00032986847929088365,0.815100474431778,20
26868490,-6.776979123196136e-05,0.00011042716367957255,0.9935572125859677,20
160388370,-6.796729596585116e-05,0.00023568384186285857,0.8936815713465821,20
46256269,-6.813256746318608e-05,0.00043862050247657584,0.7521661293976273,20
1865468,-6.818444569183513e-05,0.00042684735085450935,0.7581605344335021,20
74284687,-6.846710652763655e-05,0.0005424116502912676,0.710492775151479,20
69067352,-6.857779568838208e-05,0.0005464007301610799,0.7094197965022637,20
45447667,-6.884101942420118e-05,0.00029058426804970476,0.8486661146152364,20
73502290,-6.885514578380825e-05,0.00028519784788592667,0.8531052649068638,20
41241722,-6.886015555438441e-05,0.00027496801317535664,0.8616545969085079,20
158199933,-6.891240745203475e-05,0.00017930676292651762,0.9490453270816271,20
35714563,-6.894096020932938e-05,0.0002444275221308922,0.8887782779253262,20
80999386,-6.895225439437769e-05,0.0003979542237522819,0.776024193817562,20
176482805,-6.898508781560952e-05,0.0006710025567593101,0.6745525932466816,20
41427756,-6.902243328786861e-05,0.0002741772034487079,0.8628716821980688,20
140160073,-6.925981432825412e-05,0.00022543637815419673,0.9072753576692648,20
107402938,-6.965181848007373e-05,0.00031939144240065293,0.8291592258053024,20
83316149,-6.972219109934729e-05,0.0001271261053175303,0.9879946791347359,20
105894952,-6.983623768791191e-05,0.0003346679396336367,0.8187911657501206,20
25047208,-6.985769539584741e-05,0.00022795368403377882,0.9067484368621929,20
206273555,-6.994653485433434e-05,0.0005188252523333867,0.7231545781288524,20
117771775,-6.996343190741605e-05,0.00015153664586394107,0.9735662496333264,20
57741610,-6.998280545118529e-05,0.0002570304743240085,0.8808676723843761,20
160593498,-7.00706441834037e-05,0.0003981277293775389,0.7795335158989597,20
154777157,-7.024024354548852e-05,0.0003143370747770782,0.8349016865308703,20
43249254,-7.031832412084937e-05,0.0007334173972681275,0.6635465091224283,20
72501356,-7.031914220467783e-05,0.00032830110023123843,0.8249256352617325,20
132857710,-7.035883108002794e-05,9.02479710657941e-05,0.9987652207993161,20
37644630,-7.038101668148944e-05,0.0001483153874112267,0.9764051031990125,20
50049559,-7.046224157477576e-05,0.0004193528075351276,0.7692012792603538,20
66608189,-7.065998344529256e-05,0.0015752387505939948,0.5784304780416986,20
114328765,-7.066887198292348e-05,0.0003178484880201787,0.8337170700520066,20
100835221,-7.072696531839617e-05,0.000683250075916357,0.675665475942312,20
21627842,-7.087099740623881e-05,0.0003816586543575343,0.7916983527630672,20
10019329,-7.107038589747594e-05,0.00026581241044125253,0.8767412813652335,20
143343688,-7.113597881580336e-05,0.0001681496424552962,0.9630800505082823,20
21427969,-7.121926663138656e-05,0.0001902520105601063,0.9447538017111252,20
64,-7.126353515810036e-05,0.0006193848599921999,0.6935970483340227,20
119146265,-7.126562469819408e-05,0.0003947374270031163,0.7852846788423503,20
57282255,-7.133584564709416e-05,0.0007834198614139092,0.6558008683227352,20
133659764,-7.134685360860038e-05,0.0004669774987546962,0.7486587559898918,20
78090169,-7.135542830272735e-05,0.0004675901624949324,0.7484074953310714,20
23488211,-7.137494952717538e-05,0.0001906941200322131,0.9447308991797295,20
150180430,-7.146790586529117e-05,0.00028532755137499984,0.8616982737639777,20
70978662,-7.150827892846434e-05,0.00020362567713237245,0.9335987761738481,20
74703806,-7.151367867820057e-05,0.00023915470628010747,0.9015405861482414,20
43864795,-7.152731962394021e-05,0.002635615123421681,0.5476631065313615,20
48553911,-7.153726785738279e-05,0.00035775463727949627,0.8088134196550962,20
180210791,-7.15761543287119e-05,0.00017815085225551645,0.9558567547642585,20
21447209,-7.172799571453226e-05,0.0003174195411893445,0.8375421847581621,20
26034698,-7.173275754856489e-05,0.00027999836197632695,0.866930581240493,20
77195971,-7.176164066022006e-05,0.0003820657840749418,0.7943175191352883,20
75887579,-7.183573339184235e-05,0.0005389676982040161,0.7209162059050858,20
104644823,-7.18479471424005e-05,0.00024738502953784155,0.8952294553407486,20
39701974,-7.186088342530927e-05,0.00029093355699541084,0.8584418501312818,20
82421616,-7.198918890571615e-05,0.00018919537691995368,0.9474364067272656,20
17237543,-7.201651866367287e-05,0.0001105960240927114,0.995531212625034,20
82292233,-7.202086675686948e-05,0.0004375173294377211,0.7646903427000357,20
35839613,-7.204994192943903e-05,0.0003361949301842843,0.8250563669153499,20
69734360,-7.206217209802245e-05,0.0003336954314480599,0.8268530799156029,20
175207819,-7.212045254035848e-05,0.00029465696265005566,0.8563133520078033,20
57269661,-7.213512672524792e-05,0.0002968518541000455,0.8546245858512123,20
150893344,-7.224414671073154e-05,0.00021768237000322225,0.9229224310464446,20
138993531,-7.228398361786847e-05,0.00018548021191053544,0.9512388445696132,20
101327452,-7.272429837184846e-05,0.0006010779297147225,0.7026308310447795,20
129759093,-7.276836761515581e-05,0.00030630835133069753,0.8493199008687256,20
52115613,-7.292325962201252e-05,0.00038002595817477903,0.7992495006524255,20
169274460,-7.304334573701721e-05,0.0004995791173810859,0.7394841734538766,20
97742573,-7.30710149030367e-05,0.0003245050790325643,0.8367109856738297,20
74281407,-7.314269779991334e-05,0.00012323917097505267,0.9921708236631371,20
137592046,-7.327922533328091e-05,0.0002239564465292342,0.9201331111362239,20
76876496,-7.333062284951841e-05,0.0002887994945874317,0.8648653526030535,20
86326403,-7.334259063634662e-05,0.00039851651419206866,0.7896541805358586,20
42147220,-7.334469803002563e-05,0.00035574290850051856,0.8159645131295765,20
110606035,-7.343958574130283e-05,0.00026096699074788055,0.8882751915592598,20
36439115,-7.368949783172763e-05,0.00020113749881950084,0.9411067831307383,20
75818057,-7.369837491769671e-05,0.0001644095169847379,0.9702708245818323,20
77084891,-7.376044060221354e-05,0.000434026105571829,0.7717135414893027,20
38902912,-7.386854862784509e-05,0.00039688024709593915,0.7922291296494997,20
135676404,-7.397841355574475e-05,0.0004114289857426589,0.7843650377499591,20
14879296,-7.40981119805556e-05,0.00030442851886926313,0.8550098478944047,20
38279587,-7.412887964324544e-05,0.0009423571201629845,0.6355674097110621,20
73415232,-7.418070585316904e-05,0.0005042134668562156,0.7407676907585466,20
79369313,-7.418451193326736e-05,0.0001669524140490714,0.9692431082858444,20
11682040,-7.420131828718146e-05,0.0003460352821812358,0.8251911767203568,20
49889638,-7.440008527684894e-05,0.0004972756680802126,0.7442597281116397,20
20085342,-7.443310905949074e-05,0.0002766702322937747,0.878151241992327,20
87405761,-7.447366802509347e-05,0.0002433326797985282,0.9064746509473113,20
43428904,-7.453706776095193e-05,0.0002122304875312209,0.9336158945372547,20
79490928,-7.45964327750176e-05,0.00022252117528025184,0.9248737697418762,20
168796586,-7.467957354698463e-05,0.0005206372720352587,0.7355621851542442,20
86308622,-7.481276613582888e-05,0.00035946819412885426,0.8181689463536264,20
159901493,-7.482703634053844e-05,0.00017310648325483607,0.9658683119318829,20
29872160,-7.493809748486402e-05,0.00040623953329907577,0.7901855701808038,20
53717922,-7.4972441732718e-05,0.000564093589926744,0.7203656415305519,20
5404262,-7.497375298771148e-05,0.0002565706999380156,0.8965653446322218,20
42541131,-7.501386020828948e-05,0.00035663010263545675,0.8206602865034305,20
20036572,-7.537143868678597e-05,9.51837337771051e-05,0.9989094624935946,20
49997272,-7.547107738505032e-05,0.00032168191163664696,0.8463810489915177,20
123474531,-7.54944994676876e-05,0.0007042391820063925,0.6814417580778018,20
143972993,-7.553371115274765e-05,0.0002848477992120625,0.8748567665720896,20
157184238,-7.560058669319192e-05,0.0002184116146556589,0.9309382594561337,20
113543445,-7.562506400425328e-05,0.0002523982052095951,0.9019689722082717,20
49289448,-7.593144721719236e-05,0.00037073198022107923,0.8144162000148107,20
18682945,-7.595126649626027e-05,0.0002455463429461072,0.9086936881386285,20
8066271,-7.595503856616948e-05,0.0002112619358793053,0.9378225315730965,20
120536587,-7.601929333414248e-05,0.00029099074777919737,0.8714343947792577,20
113463401,-7.606510809511357e-05,0.0005905970136336772,0.7143063660159683,20
179811725,-7.607851753352324e-05,6.553794022323733e-05,0.9999740304306259,20
11081405,-7.610004293161777e-05,0.0002832264537000557,0.8778619020353725,20
107733658,-7.613714610755773e-05,0.00019550769535868574,0.9511269848977636,20
75832975,-7.639815811323058e-05,9.464069031493644e-05,0.9990674696995455,20
37056518,-7.648095990208104e-05,0.0002805657197578129,0.8811342082447546,20
49636822,-7.698930235535694e-05,0.00013977985169316592,0.9882552749176118,20
2211625,-7.713960728495118e-05,0.00014657845195884656,0.9852425774959972,20
71870114,-7.728411036516392e-05,0.00018790871005803324,0.9592260128715039,20
122661610,-7.739418528381059e-05,0.00023911067768409342,0.917974397785208,20
41661835,-7.744639438399815e-05,0.00011125324758114576,0.9971377714201339,20
63503885,-7.745926484013788e-05,0.00028958411109994436,0.8768384676322188,20
128583483,-7.76062114399928e-05,0.0003573898561685386,0.8281530463158855,20
229087980,-7.773426675673211e-05,0.0003656447836531315,0.8231660892063718,20
78565563,-7.786784092543297e-05,0.0002669456859563891,0.8961808820287313,20
51758369,-7.790275858157725e-05,0.00041116815655546597,0.7963185460688194,20
67951150,-7.793493916459782e-05,0.0003922299875125672,0.8073350425667318,20
52156460,-7.79413332606449e-05,0.00030929881061000225,0.8631020914175245,20
49155012,-7.798686379559828e-05,0.00013352835239163917,0.9914286983130889,20
114608596,-7.807844169256395e-05,0.00046481232438805786,0.7691385599515069,20
158985818,-7.811044553914515e-05,0.000217485030768954,0.9376369553252097,20
12840361,-7.81387619227969e-05,0.00031531102528224215,0.8592093578710345,20
97638548,-7.820150167799078e-05,0.00026987228369642664,0.8947341193715953,20
105156412,-7.832549587898363e-05,0.00033520144654347004,0.8454294950301255,20
146578714,-7.835851367821445e-05,0.00011001373648690218,0.9975641258688929,20
224105619,-7.835893365396862e-05,0.0003503450664507337,0.8351199567701912,20
47408449,-7.843587583670763e-05,0.0003853157639100726,0.8129810395928077,20
29043363,-7.847388429982894e-05,0.00021862870623136794,0.9375302013112576,20
8066598,-7.85627843157527e-05,0.0002501918806026221,0.9118165007038382,20
13,-7.856634379769522e-05,0.0003180287128959404,0.8584802620550017,20
10020370,-7.86616126807832e-05,0.0004433688747805835,0.781339873933818,20
11601119,-7.872694734729901e-05,0.000462993421461477,0.7718366061867716,20
56413121,-7.877665696019998e-05,0.0002564757639264283,0.9072240946835785,20
4413859,-7.879596690258395e-05,0.00033073694223830825,0.8499890842368246,20
188221282,-7.883701899520645e-05,0.0003277293302844305,0.8522549384474516,20
24806852,-7.89235176703984e-05,0.00021943000169825214,0.9378937808338738,20
21630897,-7.895428005531835e-05,0.00019754098824158376,0.9550858560976143,20
55954560,-7.912400957365285e-05,0.0002860717251851123,0.8844095779915988,20
48790620,-7.916563942849398e-05,0.0003069271652964479,0.8684943511349648,20
22116306,-7.916626741120702e-05,0.00014447505455480151,0.9879393305384748,20
15423548,-7.92051990053777e-05,0.0002859676417320652,0.8847213903729834,20
16232330,-7.923262552593235e-05,0.0001767032354640204,0.9703051184083755,20
202637815,-7.924617840037728e-05,0.00037367620939305273,0.8225865770201899,20
9218157,-7.925539370990664e-05,0.00018787138742251734,0.9627048610036995,20
34369202,-7.935145771344743e-05,0.00032901711047856057,0.8528603901797914,20
57961308,-7.94359770990627e-05,0.0003822028084675195,0.8178492000254614,20
119173430,-7.967431765948663e-05,0.00021836402755392694,0.940401327525426,20
57457300,-7.970046734724623e-05,0.0002843880750613901,0.8873544841281527,20
25487925,-7.97444148250448e-05,0.0006782975075276947,0.6974342336174308,20
135763217,-7.976163725276209e-05,0.00030489053865329866,0.8717547708073321,20
3664349,-7.980963261633723e-05,0.0004963117138087473,0.7595977519507737,20
80066582,-7.993335027483006e-05,0.0002513562388976685,0.9144076172366915,20
44486286,-8.0003974463147e-05,0.000133430197429863,0.9926162497807399,20
68266342,-8.001851999761556e-05,0.000294821141933031,0.8801512570312906,20
92983851,-8.017570574355149e-05,0.001861015861186655,0.575367952165696,20
15880326,-8.022161409643458e-05,0.0005376131338366416,0.7437052093981737,20
201636724,-8.031655274575167e-05,0.00040825784470924204,0.8050207969289982,20
21687331,-8.036289244819639e-05,0.0003232944912439135,0.8599233292751063,20
21691797,-8.036841211942481e-05,0.0004942016803575911,0.7620366282210687,20
42884431,-8.050391783225586e-05,0.00015493274359304932,0.9843077097063099,20
103555202,-8.065870560532983e-05,0.0004384873874276694,0.7895407641817747,20
167471319,-8.075934730063239e-05,0.00015166824154355795,0.9860664884748338,20
93985655,-8.077224249717075e-05,0.0001882085985506752,0.9649522076151215,20
88098241,-8.078516581604134e-05,0.00036626268527313534,0.8318341946552474,20
25634038,-8.081163833494886e-05,0.000359060194432467,0.8365932053037608,20
23639667,-8.086186775627669e-05,0.0001638303733503952,0.9801052266239183,20
23285068,-8.10233648889297e-05,0.0003085730535616669,0.8726017961141348,20
99084921,-8.112842041024526e-05,0.00015400382579696395,0.9853141947953894,20
98511485,-8.12359333149798e-05,0.0004353439164400164,0.7928177844645332,20
33018462,-8.13036452688598e-05,0.00025517540201749694,0.9147977659991746,20
125217535,-8.141505735085596e-05,0.00028127946032956315,0.8944871832971787,20
96387033,-8.149319141799171e-05,0.00024393585797746243,0.9242055287452677,20
3265414,-8.15314914608456e-05,0.0002645509860258784,0.9079308555358432,20
78303151,-8.157795083445496e-05,0.0003866946011567401,0.8213534524268222,20
131673070,-8.173330648303667e-05,0.0001567818328433837,0.9845531899307747,20
162666009,-8.175112862099932e-05,0.00015453002005730003,0.9856147853030589,20
30366080,-8.183402465487266e-05,0.00023238749470111487,0.93410092296585,20
14431387,-8.198847956283062e-05,0.00024632411805321143,0.9234905171353984,20
203456504,-8.202204440344585e-05,0.00027274152383518265,0.9027557251673983,20
27091661,-8.208015726603457e-05,0.00036611924075386247,0.8356753156879455,20
57067275,-8.208610734322941e-05,0.0006709105095469947,0.7046832254618396,20
125063042,-8.228654084370679e-05,0.000347034142137479,0.8488724582287044,20
60197,-8.238547411129337e-05,0.0012350229359405216,0.6156536983379244,20
80888740,-8.251431878046056e-05,0.00019059773636112364,0.9660618806304193,20
80748999,-8.29021769076399e-05,0.0002892948160381434,0.8922922783424696,20
148172675,-8.301762802934986e-05,0.00044553366540300073,0.7924874726962945,20
664931,-8.303249918545086e-05,0.00021162326132199326,0.9522868544464747,20
96728026,-8.313293464238813e-05,0.0003609946653836804,0.8420007921280597,20
74503575,-8.351834741914533e-05,0.00028614420249488534,0.8963121231172689,20
38943728,-8.353563314118517e-05,0.0001799573614458495,0.974142768756636,20
85572911,-8.355122073729349e-05,0.00035216750461837044,0.8490060307843079,20
62452554,-8.378416581691916e-05,0.00022265960239314882,0.9456137829696362,20
175204709,-8.384035559297898e-05,0.00012988560623161937,0.9952750054379024,20
97948336,-8.385686081358313e-05,0.00019219899175639799,0.9670320655884326,20
158499584,-8.390118737373054e-05,0.00046607282063346146,0.7846281165900018,20
82168182,-8.394900583298948e-05,0.00022781394274571493,0.9421019348530068,20
15679810,-8.415511849345914e-05,0.0001789276303833836,0.975507449436363,20
45887333,-8.423234123018097e-05,0.00032856336525218595,0.8670891036613364,20
80166420,-8.43313294999093e-05,0.0002368215844986937,0.936114846283198,20
52656285,-8.440630918507552e-05,0.0003309255356215354,0.8659088212840644,20
30039957,-8.448466964493529e-05,0.0004969056979865244,0.7718137941775451,20
24488639,-8.458662088828284e-05,8.504646114572704e-05,0.9998620301754501,20
117344153,-8.462908505198208e-05,0.00027133374422546686,0.9104239116148081,20
14426472,-8.463630487485496e-05,0.0002113883390855542,0.9553447625894976,20
66071190,-8.500834868033769e-05,0.000228226318672661,0.9439176596682479,20
58014684,-8.511449803126903e-05,0.0004697002743031701,0.786126737661432,20
167194227,-8.512467737854801e-05,0.0005555683442433882,0.7492613410934719,20
67775683,-8.518769633874545e-05,0.0004479264559002587,0.7971866974957447,20
172799343,-8.54189734882077e-05,0.00016777085649371558,0.9827281122463862,20
172803147,-8.549602809676538e-05,0.00022782520922443977,0.9451654973546498,20
175404089,-8.556351784927974e-05,0.00023857233077445312,0.9373875735914055,20
10468280,-8.565743204899667e-05,0.0006930649783058685,0.7065505266583569,20
24666599,-8.571605648734493e-05,0.0004320678403245166,0.8069698952635697,20
54444750,-8.598785587136948e-05,0.0003964868856446077,0.8278569357284767,20
41339487,-8.625441173217563e-05,0.000413716036750181,0.8185816096811112,20
163795102,-8.632760644455839e-05,0.0002158037258426249,0.9552132612725152,20
89921681,-8.64973275636588e-05,0.00030282024195713264,0.8915778673251648,20
28692738,-8.670807674896475e-05,0.00021269367612796895,0.9579717052791444,20
6467472,-8.672658617620288e-05,0.0003246654194119189,0.87653281266852,20
87252225,-8.674201347181887e-05,0.0001699860684444553,0.9829083376147193,20
23043910,-8.677962854701515e-05,0.00036560996457616414,0.8491121842380331,20
2211865,-8.692826631773454e-05,0.0004492768009080509,0.8011632414430856,20
120348676,-8.715402687625162e-05,0.0003240443783365423,0.8780880305210694,20
11888919,-8.729978247814518e-05,0.000195460239856048,0.9698483947038907,20
87511501,-8.73066985370513e-05,0.0004010807754917204,0.828728794912118,20
30094716,-8.737232637507919e-05,0.00019088492253881687,0.9726281187584558,20
63870607,-8.747824552828021e-05,0.00037904724987978183,0.8425075320170075,20
149774878,-8.757117110240187e-05,0.00022937333680669118,0.9479806960326916,20
36878042,-8.780274247046915e-05,0.00024000555984870543,0.9408586002601635,20
102328197,-8.780287197252546e-05,0.00038146804151792326,0.841880514092814,20
191236627,-8.789609169656542e-05,0.00016925427137040014,0.9842655530413755,20
88377644,-8.793312498867056e-05,0.00031483204027319767,0.8865960095938399,20
87911927,-8.795909447095184e-05,0.00023115786238306482,0.9474421278356914,20
105399900,-8.796894798051014e-05,0.00035854467711313095,0.8568755006536415,20
218099577,-8.807793457274171e-05,0.0004008731652892685,0.8309231261289438,20
195827205,-8.810949573973825e-05,0.0004898778303396319,0.7844301461364771,20
64861657,-8.815040798196283e-05,0.0003167582057131863,0.8857840376398004,20
28044395,-8.816385603274134e-05,0.0004450147447018542,0.8066515355611179,20
138364547,-8.833156611429416e-05,0.0003129534764596638,0.8889363222551004,20
42103827,-8.856709606187285e-05,0.00024586313516444054,0.9381654633757838,20
22624086,-8.869829241224536e-05,0.0001910568132227856,0.9741550917173841,20
10070912,-8.87530182580365e-05,0.00045855413208288447,0.801240792485143,20
74432126,-8.882510317787806e-05,0.0001688067147600971,0.9852324483691343,20
209486770,-8.896142954886721e-05,8.759434317049255e-05,0.9998885296831717,20
58658051,-8.902640104590243e-05,0.0001495355804935805,0.9923087594950522,20
61604256,-8.903543334189135e-05,0.00032991421475406674,0.8788616506798921,20
74839689,-8.904084913183286e-05,0.0007114546380163559,0.7088892409189422,20
160393294,-8.908601372114855e-05,0.00025972289157679605,0.9292385245973869,20
106000815,-8.910865173756554e-05,0.0005317278177669573,0.7686188858870409,20
80045939,-8.913317706504553e-05,0.000676766978022634,0.7186002709003827,20
49854117,-8.925674656873884e-05,0.0003958226271568541,0.8370457707499385,20
50949615,-8.933235636184312e-05,0.00018950949698268448,0.9757358656845857,20
175007741,-8.96780609243003e-05,0.00028563775003076627,0.9117818549486244,20
6604757,-8.974858616878911e-05,0.0001887885208217917,0.9765841073031458,20
114339306,-8.981501971624118e-05,0.0009220045656577081,0.6659976552767223,20
108559380,-8.984388553163469e-05,0.0009952478014838887,0.65453418835659,20
3815005,-8.984790706963175e-05,0.0006774217441447612,0.7199617887428468,20
82692515,-9.001997042378806e-05,0.00046032524771226713,0.8036325303099265,20
47862656,-9.018153690070751e-05,0.00025970582671148713,0.931530366095606,20
12825176,-9.020958631685005e-05,0.0015926818860583858,0.5986223082090005,20
196242764,-9.023942028271447e-05,0.00022680418493789255,0.9544071815284699,20
100887239,-9.025918753886031e-05,0.00019697465937378058,0.9727490504956752,20
91534586,-9.031884404692991e-05,0.00015742772642438535,0.9905418480593388,20
80082389,-9.056029382987219e-05,0.0005354785260605089,0.7706360628847946,20
19681743,-9.06612935712786e-05,0.000267621496552134,0.9268854194843933,20
91702740,-9.070424657383059e-05,0.00027590032115637616,0.9210693500547915,20
118348884,-9.078437731121214e-05,0.0003177483986058007,0.891633729756073,20
166398831,-9.081214072829968e-05,0.00048748685744234415,0.7924300726301512,20
129070177,-9.082313098094929e-05,0.0001485302652297251,0.9934167353789103,20
21117655,-9.088334924047813e-05,0.0004975173312598021,0.7879563185936148,20
72270977,-9.103322849640105e-05,0.00023643490829762203,0.9493341535319949,20
64089732,-9.109049810251125e-05,0.00033472544777615125,0.8807518581254338,20
45259376,-9.117724013733563e-05,0.00020801771522626917,0.9675982029895448,20
116209286,-9.127010519486555e-05,0.00013463025885647153,0.9965696792060258,20
125544307,-9.130177750042434e-05,0.0002955264329226451,0.9084444103862761,20
106331656,-9.131000465131544e-05,0.00019850045542000629,0.9731695743795742,20
205057668,-9.131174025701905e-05,0.0006040187934409432,0.7464283037593198,20
31495976,-9.140958819441325e-05,0.00036950497178262403,0.8588033289103472,20
172479228,-9.144154789919867e-05,0.0002685869855010368,0.9278300719307362,20
20801203,-9.150498325767864e-05,0.0002178631394169115,0.9621162622044618,20
147977989,-9.168737345867373e-05,0.00020262382777744522,0.9713487134563479,20
243123360,-9.17192086080626e-05,0.0002869888698286767,0.9154165664967938,20
67656715,-9.181137329603295e-05,0.0001319345047927452,0.9971308803317214,20
37678814,-9.199135255410495e-05,0.0007273561192196868,0.7108600437551569,20
47450638,-9.209915607294728e-05,0.00024385174562367669,0.9462239081474255,20
100126658,-9.21833492371904e-05,0.0001680521956242329,0.9880049043849137,20
190024474,-9.219578738608736e-05,0.00036249454830091855,0.865250012854994,20
77101748,-9.220360066897471e-05,0.00014909202823229457,0.9938460602025186,20
71068398,-9.242148685629226e-05,0.0001781425213460428,0.9841919683110768,20
12672956,-9.264209792035627e-05,0.00016442509355364503,0.9895733416516659,20
45048066,-9.291481466383311e-05,0.00023494104767221897,0.9534974617048734,20
209286671,-9.31012021236799e-05,0.00030270695678111844,0.9075049834088593,20
25521414,-9.312401448128837e-05,0.00014038536854212597,0.9960367179300226,20
43147279,-9.312564960013425e-05,0.0006995376159712941,0.720683016812216,20
9017706,-9.314158029412323e-05,0.000175668602515631,0.9857712609104395,20
108137631,-9.31752609067249e-05,0.00017400937840551271,0.9864477003630976,20
70488854,-9.326209979793886e-05,0.00033994402239496393,0.8825784498315168,20
61050397,-9.3348766489737e-05,0.00020947453592017016,0.9695845424542231,20
27290514,-9.336876327308564e-05,0.000181474093293557,0.9835548253194739,20
54057274,-9.346721477705988e-05,9.298028138460975e-05,0.9998761652489475,20
57523351,-9.358974877944904e-05,0.00031497678294274423,0.9001761847223039,20
41345989,-9.359525900646814e-05,0.00032724352565570534,0.8918648107907231,20
196843269,-9.364795033139917e-05,0.00028640145176273143,0.9199988868014295,20
60849915,-9.377666293900189e-05,0.0003771688668785252,0.8599778992761572,20
95144375,-9.387398676690418e-05,0.00015496355114294854,0.9930438692566318,20
34695418,-9.410492708248618e-05,0.0004167903052256898,0.8373466382221358,20
12621340,-9.445537894540169e-05,0.0004220678215358144,0.8352567134009847,20
158585531,-9.457404257826873e-05,0.0003249320512082227,0.8957011364816476,20
57885765,-9.467437796606693e-05,0.0002713212773253118,0.9324280337224264,20
117504285,-9.474326691942258e-05,0.00018569087221393722,0.9828976225459132,20
89240263,-9.481129107020148e-05,0.0001728472790215018,0.9880033741774082,20
82447233,-9.495081247513082e-05,0.0003182088800646823,0.9010846698011619,20
95721981,-9.501615230482485e-05,0.00030411141292116235,0.9107808861520016,20
50917233,-9.508731390656111e-05,0.0003841969621044989,0.8589092610727989,20
37458865,-9.510853269033559e-05,0.0003371345759486702,0.8888237970651802,20
3268053,-9.51309018123847e-05,0.00037133662185599416,0.86692621217324,20
239297788,-9.514706434636255e-05,0.0003102087077254529,0.9069292940293543,20
114014833,-9.529630852579963e-05,0.00048357595977922087,0.8054172493934029,20
165306219,-9.533417196979366e-05,0.00026624690357129,0.9370995033011608,20
187619570,-9.547187606011587e-05,0.0002610689317875484,0.9407924717761442,20
81350676,-9.55351657383724e-05,0.0001928348845190543,0.9804356774048967,20
68257083,-9.559597351528893e-05,0.00036727864281897444,0.8705866589747494,20
65863808,-9.561003782839749e-05,0.0003139132293971821,0.9054510644039873,20
16837500,-9.570425758413659e-05,0.0001806863692506234,0.9856997511717606,20
51845181,-9.576537649616245e-05,0.00014377972759874213,0.996141472349666,20
62280749,-9.580241601316042e-05,0.0004955532289581898,0.8009709182260498,20
30646641,-9.593299507115738e-05,0.00027897968382198867,0.9297120770691224,20
72991793,-9.607988106563603e-05,0.00023228788248780318,0.9600190562787464,20
611017,-9.626731318827519e-05,0.00040920740153087254,0.8470208303201704,20
116817349,-9.628381223519833e-05,0.00035847957602111815,0.877776937203124,20
116146074,-9.639092428934126e-05,0.00019124941126291174,0.981900611196383,20
99125956,-9.64040747049505e-05,0.00029527389587430457,0.9197007994651769,20
49957317,-9.644678211677971e-05,0.0005620999281999032,0.7738455907218172,20
104910959,-9.645410806957688e-05,0.00020879904515053662,0.9736252444021564,20
157198532,-9.659870442786933e-05,0.0003540888557597406,0.8813112955108312,20
126184880,-9.661345118108233e-05,0.00021560830828192424,0.9702284238604122,20
92480009,-9.664072990390183e-05,0.0003099979094265875,0.910321614172865,20
83516152,-9.664749396815498e-05,0.0003978180048291774,0.8545702079253488,20
2665938,-9.678897411689869e-05,0.0004006507192593456,0.8532508551614065,20
6015017,-9.691438998857271e-05,0.00033214771285992856,0.896241953864959,20
2663635,-9.694256721417826e-05,0.0003602532042558505,0.8782051200574457,20
29668408,-9.701042705672624e-05,0.00044224378915405204,0.8305413987549195,20
27700520,-9.730181084267597e-05,0.0008575575134922681,0.6911523259276919,20
34169181,-9.776753992502274e-05,0.0001343966336640963,0.9979086098813011,20
144172700,-9.78396012013355e-05,0.0005131734715499313,0.797760172531994,20
10868944,-9.804196374247897e-05,0.0003160914417165293,0.9092683992131825,20
260544,-9.812715644316183e-05,0.0007207996061076932,0.7250731655019365,20
209263023,-9.814775056873614e-05,0.0002631036972098203,0.9441714337945236,20
105130436,-9.83752177992736e-05,0.0002586968906794949,0.9473384129678694,20
115921128,-9.857195740447799e-05,0.0002177042616977375,0.9714183367561107,20
41082022,-9.865244698866183e-05,0.0002672518625065107,0.9423968607462786,20
79490504,-9.870932724460323e-05,0.0004778120430093775,0.8164332777998378,20
28237985,-9.879372079851511e-05,0.000329065753891296,0.9023956813974038,20
49396573,-9.88572398664761e-05,0.00021110767569139057,0.9750583962396443,20
195830491,-9.891991832732539e-05,0.00035508378192246576,0.8860191971610134,20
38443758,-9.899585773155972e-05,0.0006345205809463461,0.7531010023173561,20
185618884,-9.899738089691468e-05,0.0003076373141142566,0.916807168032401,20
77185444,-9.903203061981114e-05,0.00036694801710673104,0.8788665070114628,20
14475033,-9.907771937123222e-05,0.00017686223034371547,0.989250106878816,20
85023055,-9.910040843041923e-05,0.0002012121094688093,0.9799151768627504,20
76963674,-9.913175163074883e-05,0.0002227061247929733,0.9694498866691588,20
132186618,-9.918258508338217e-05,0.00023615356135620218,0.9621100405246994,20
51441172,-9.927575802636812e-05,0.000318457198644398,0.9103171782705899,20
43242991,-9.935419725849159e-05,0.00017181014772226088,0.9909437224300923,20
23063840,-9.94904482455511e-05,0.0002700442590280521,0.9420670443131628,20
122953330,-9.957741894686678e-05,0.0006181556394869519,0.7599778278034597,20
125276075,-9.986138771284626e-05,0.0008500647007337018,0.6972962978742869,20
181011487,-9.999924822585437e-05,0.0001172266468261801,0.9994153665639977,20
29252322,-0.00010018306380562003,0.00019816541594779542,0.9821535967691305,20
68896644,-0.00010037133520864882,0.00015311031037621044,0.9957198735002117,20
16351029,-0.0001003848150326031,0.00046364790880097233,0.8274618195746459,20
4069426,-0.0001004654227835633,0.0002543704983341655,0.9532959788133252,20
29564744,-0.00010054322882065703,0.00040130849986177433,0.8617556623873706,20
52556689,-0.0001006011204139734,0.00028782535847884195,0.9327348766060234,20
87638843,-0.00010063484126428546,0.0002728705025369366,0.9422418782558495,20
90713018,-0.00010070755638339756,0.00025296750713462443,0.9544942047091429,20
21230502,-0.00010080362252355979,0.0004617439811416928,0.8294118783593013,20
40945786,-0.00010105991778850686,0.0007234027161063216,0.7302204665388483,20
102124790,-0.00010107425088689558,0.0004642751708912758,0.8287555662482087,20
17625568,-0.00010108365437656863,0.0004840181914396475,0.8189816987734071,20
99549491,-0.0001011146479310665,0.0002779298716366419,0.9398987124960432,20
69955276,-0.00010122123930778049,0.0004535460431207701,0.8346084956917141,20
19428277,-0.00010126224908497128,0.0002532974553249003,0.9551195103100752,20
48955929,-0.00010131633050675382,0.0002472570974533836,0.9587017355207385,20
156498504,-0.0001013673468804599,0.0005676811797203436,0.7827932772325574,20
25667412,-0.00010141726989703337,0.0005023502088565821,0.8110476459943026,20
44305891,-0.00010166476386123668,0.0003445948159030982,0.8986426643652496,20
109252439,-0.00010167812819416311,0.00019776804269111117,0.9834984086356475,20
138062876,-0.00010168325931311506,0.0003511987641532791,0.8945525833887777,20
51255832,-0.00010181426350153733,0.000396210082538439,0.8676337950440409,20
7816463,-0.0001018792579933897,0.00020288636442490857,0.9815924349255427,20
56955847,-0.00010188934950702555,0.00028115293742545026,0.9392193204255397,20
110405675,-0.00010198664902068555,0.0003337749277532529,0.9061290958549357,20
38343489,-0.00010214648670250348,0.0003834271378245456,0.875915348275582,20
39136756,-0.00010220368914042322,0.0002287717257784156,0.9698778610510692,20
160588595,-0.0001023670256315945,0.00026384658026129846,0.9505419683249101,20
107920923,-0.000102407153922357,0.000179680696902437,0.9901965431463366,20
79666284,-0.00010268845385740799,0.0003901390825479258,0.8731562450703727,20
22283236,-0.00010270383522492932,0.00024104670411452306,0.9640167638191999,20
77508587,-0.00010275742508777663,0.00021169743877922162,0.9785867254107774,20
70267947,-0.00010286396472384829,0.00017527253517547745,0.9916577766699676,20
183414572,-0.00010299297284838694,0.0002712668371662752,0.9470825276957706,20
14678245,-0.00010300288269494417,0.0002619672898121571,0.9526113463289329,20
90893554,-0.00010312549039504238,0.00012854215413397388,0.9990190558876942,20
75240194,-0.0001031869448707895,0.00012228464479247414,0.999357702669572,20
184216388,-0.00010326829293615114,0.0004377646980400886,0.8476655399389746,20
39261398,-0.00010327761132900571,0.00027884181719927846,0.9429678118735395,20
182615103,-0.00010328661738217559,0.0005143766341274795,0.8097885315802542,20
96186988,-0.00010344049681393352,0.00039968302853399175,0.8692770469597381,20
216070428,-0.00010351906185978865,0.0003085049470695465,0.9250565071054563,20
410468,-0.00010360551894226521,0.0001923045307500535,0.9868570469978966,20
61900579,-0.00010364592418936892,0.00033156446298667755,0.9108854307681631,20
75794739,-0.0001038627617762744,0.00022202096803334843,0.974953895538061,20
39520759,-0.00010386473251680628,0.00016661749994738395,0.9941344913603185,20
33676283,-0.00010388471715987447,0.00014431919191463388,0.9977420519995995,20
116931971,-0.00010391618657727975,0.0008988993088246602,0.6944374454317335,20
66054778,-0.00010398733542556216,0.0006094480177699542,0.7726009218218497,20
45450469,-0.0001040229451012703,0.0010563394129194984,0.6676891319157713,20
72490377,-0.00010402464168596526,0.00023320369368005887,0.9696990371487714,20
40640433,-0.00010409001994653722,0.00024629334783232443,0.9629465036904363,20
6816013,-0.00010414335928065898,0.0004962219647935757,0.8201367503012341,20
3212494,-0.00010419615932242831,0.00025569756624286216,0.9579123866135245,20
199851370,-0.00010420995558297618,0.0003443328024208431,0.9041038128982627,20
112364582,-0.00010422457503791172,0.0006406018957190255,0.7621372172276164,20
156983493,-0.00010422482231330077,0.000783659879530291,0.7204970176698335,20
99149535,-0.00010439772645264578,0.0002965907162296177,0.9340223389922183,20
222103910,-0.00010468508299812662,0.00032852543606543867,0.9148186348335949,20
193225651,-0.00010475194275074984,0.00022515739994123527,0.9743793271677703,20
188421362,-0.00010486913996432534,0.0007180836900806836,0.7392452134151588,20
127730360,-0.0001048793635632539,0.00037921665554625246,0.8843937026327336,20
221303317,-0.00010494093213690436,0.00031349266400701383,0.9245939789623999,20
33447549,-0.0001050278367097951,0.00029219923970712333,0.9377777519321108,20
152541977,-0.00010516859348765894,0.0003462045742585224,0.9048957099953213,20
9872225,-0.00010521287980919946,0.00021218966740846036,0.9805096310909305,20
187030557,-0.00010528005254780149,0.00026974086566441366,0.9514733478797888,20
187822545,-0.00010529840904597576,0.0002996157328046371,0.9337387813030944,20
58254694,-0.00010552013065839028,0.00017199771435966294,0.9935441808914051,20
16476352,-0.000105737087374555,0.0006147598110549737,0.7743829780790943,20
26685539,-0.00010574146814540664,0.0004481713509129364,0.8477061273080271,20
65491163,-0.00010575378137125946,0.0003079155593618213,0.9294827862864149,20
23663653,-0.00010578820000510247,0.0003385268786362388,0.9108186793915786,20
23896965,-0.00010582166011947059,0.00038038981278497856,0.8857063415356874,20
154577008,-0.00010590286594023834,0.0004708935415472632,0.8364186046208928,20
103,-0.00010619188887083796,0.00022466533223890753,0.9760099025840885,20
154458324,-0.00010625493102114913,0.0004773922054601778,0.8339698843943951,20
18277832,-0.00010625980562412873,0.0003554513407869155,0.9014807481532343,20
157784255,-0.00010627426396603301,0.000318871148438152,0.9237442562396002,20
103397218,-0.00010656493486435325,0.0006348180628992547,0.7689919771516943,20
209062624,-0.00010656830080892077,0.0003935154169598952,0.8796474951220077,20
48689126,-0.00010669991489371255,0.00033446127409606814,0.9150536366278474,20
95186490,-0.00010673871885837904,0.0003058171639083192,0.9324752657111347,20
103490305,-0.00010679794624899596,0.00022125268096883085,0.9780621185881939,20
105803955,-0.00010686837342753775,0.0005354024460823509,0.8083957242998587,20
189221832,-0.0001068850002136662,0.00036178228097068395,0.8989450690323013,20
186618521,-0.00010707755277321596,0.00038936198429894136,0.8831215071774814,20
55258704,-0.00010710363773631659,0.0005218220599071781,0.8149122968881702,20
175682539,-0.00010710941097120674,0.00020926311810042327,0.9831491612336706,20
35643639,-0.00010715650351696138,0.000248280175702977,0.9656733760384605,20
84599898,-0.00010731452633850336,0.0002824144362624227,0.9472176368776157,20
27629882,-0.00010736679010830418,0.0003847469854599713,0.8864011053327278,20
137062363,-0.00010743462082040966,0.0003120951672877655,0.9299111457009996,20
28069396,-0.00010758898590813027,0.0002088415882125775,0.9836552958445027,20
18889702,-0.00010764418652851604,0.00041634857313667037,0.8690426749145327,20
75017703,-0.00010788901472987,0.00043340722927293025,0.8602580720277339,20
126356946,-0.00010796746416535663,0.0013717908169192834,0.6356370931027793,20
91610136,-0.00010813140318971237,0.0005128082971736029,0.8212409613190133,20
188620751,-0.00010841947862467449,0.00016089130453679045,0.9964286035851755,20
93925689,-0.00010844519903882855,0.00020651866815475387,0.9850839650740295,20
71280810,-0.00010864592333337531,0.00041182295935310103,0.87368428638011,20
31241101,-0.00010873948325144101,0.00010783738586682129,0.9998800347243977,20
30444009,-0.00010876127952098302,0.0002737975143499194,0.9541648918708022,20
178886827,-0.00010885551765623668,0.0003933218994206371,0.8845485858133657,20
66665292,-0.00010887750354302284,0.00018732129189273893,0.9911953245219162,20
73,-0.00010906429318984501,0.00032846453545955304,0.9230188592940474,20
39542407,-0.00010909855167669514,0.000693929367898345,0.7547408875163818,20
94445699,-0.00010916126216816979,0.0002909847707397841,0.9451097740619311,20
57761261,-0.00010924413359052754,0.0003150207483531515,0.9312842556601286,20
9418061,-0.0001092663681171141,0.0003366579442276366,0.9185214704465057,20
39944601,-0.00010929392631391644,0.00010642538562241219,0.9999006344281421,20
54654069,-0.00010967414062535985,0.0005926317730781059,0.7909217585410365,20
37498210,-0.00010968071743345243,0.00043255243360414754,0.8645463376826711,20
125863700,-0.00010972573484862303,0.00012991632905755637,0.9993626768673199,20
45752314,-0.00010993688092071352,0.00041387486129850344,0.8752495738049311,20
132273991,-0.00011015497209350689,0.0002499491967360544,0.968260551791122,20
122861867,-0.00011018098360340289,0.0004230234000606689,0.8707447316858454,20
23285018,-0.00011022802828604961,0.0002071701208143613,0.9860136056907496,20
189021709,-0.00011025012244373633,0.00016480708208003637,0.9962508980605318,20
49844377,-0.00011027939347504068,0.0004908091543759154,0.8361997132689856,20
155297621,-0.0001103139149602389,0.00019201246548253653,0.990613336256373,20
10474497,-0.0001103228950484425,0.00030759033210611355,0.9373975431540147,20
52677789,-0.00011043478597854151,0.00023819635245552818,0.9740130709042499,20
185228531,-0.00011073105019133168,0.0006472133831721913,0.7732039237691775,20
99349616,-0.00011074966695397148,0.00014793460138321296,0.9983105310268299,20
39653379,-0.00011094775956769498,0.00036176258156717924,0.9069067929237838,20
55050047,-0.00011096243321232491,0.0003083338117498542,0.937993161976017,20
50438556,-0.00011103829198635673,0.00041043433367134337,0.8794192442079273,20
32494665,-0.00011110061247348868,0.000331598901233482,0.9247656100482636,20
92812055,-0.00011148715906843521,0.00030853681243265933,0.9387077731844641,20
28244396,-0.0001116446960268913,0.00037307627087052975,0.9017034189308349,20
39680957,-0.00011173559408942934,0.00028932816638634984,0.9498134899896293,20
161789937,-0.00011177226176005417,0.0006397855462460553,0.7778718161858584,20
29701836,-0.00011184194735238407,0.000790173770679313,0.7328574201893217,20
76395555,-0.0001118816645246129,0.00010894059820986838,0.9999006781133379,20
99087130,-0.00011204548826062865,0.00028459038021658596,0.9528129449199092,20
240321277,-0.00011208019737751762,0.000915942059408039,0.7047069083285727,20
116503846,-0.00011214704940619991,0.0003006998763306274,0.9441333418446205,20
140631272,-0.00011228494169805425,0.00039041399380671275,0.8930879924923711,20
72482572,-0.00011237948879527782,0.0002689765075554608,0.9614027447391815,20
33437609,-0.00011251664833303865,0.00025477963412707573,0.9685101442360994,20
107202929,-0.0001125586269907275,0.0003007997938281824,0.9446897598260443,20
86117485,-0.00011259114663147163,0.000263196214522656,0.9645371941298198,20
10800737,-0.00011262396815657494,0.0002313682104253211,0.9788496000052209,20
57657429,-0.00011267890593698871,0.0002827306168448572,0.9546570531847178,20
4666537,-0.00011271629371832903,0.0001607427027613781,0.9972797061371447,20
18224619,-0.00011275219652418512,0.0002687373692995811,0.9619722127661714,20
86424293,-0.00011275939359720322,0.00036855883540562755,0.9063988572882473,20
35221110,-0.0001129160421761366,0.00023027839681717476,0.9795182396027831,20
169910008,-0.00011293131721829275,0.0005975659790809619,0.7957330471399882,20
38024286,-0.00011298908155169541,0.00013730425271801252,0.9992049910935843,20
65529644,-0.00011314186776592294,0.00023934047379805978,0.9760219368114814,20
56755223,-0.000113205343691139,0.0003907976192342758,0.8946626957335173,20
43141583,-0.00011325632739187796,0.00020404529026015643,0.9887165582236764,20
43749640,-0.00011344678231316463,0.0003361667397847242,0.9261534203684064,20
96838090,-0.00011346303863672135,0.0008545817465548589,0.7201641574947281,20
77145960,-0.00011349616132335927,0.0005956448034736095,0.7976238926672831,20
110740664,-0.00011356863875931766,0.00022360921149178217,0.9825296368683232,20
43461665,-0.00011403274612431791,0.00023106620702559105,0.9800937528981404,20
187820369,-0.000114314011143965,0.00019603247772473578,0.9913539308343277,20
45552290,-0.0001143444244722902,0.00028315649055837426,0.9566019153264147,20
66892479,-0.00011436996231883046,0.0004764372403134628,0.851764267087306,20
50758040,-0.00011452155644214312,0.0001115682547990969,0.9999001475952417,20
155382134,-0.00011455599435215846,9.980951588030289e-05,0.9999704314885621,20
14474258,-0.00011476977709483916,0.0001272319927484009,0.9996456075149712,20
42861098,-0.00011477400933907755,0.00032245224988544614,0.9360366557481077,20
67665731,-0.00011510665325537295,0.0006732016559198557,0.7730673742002196,20
20629817,-0.00011525049805924114,0.0005253134821594545,0.8305780747760914,20
63622376,-0.00011546468629008432,0.00019706151773929407,0.991581777408365,20
129021026,-0.00011551947180765965,0.00018346348760849164,0.9944830132325494,20
93079215,-0.00011553516035404387,0.00032418910614885913,0.9362583352885788,20
68628693,-0.00011566919323112712,0.0002189227824426792,0.9855247005244986,20
27300140,-0.00011587124396217619,0.00032584588944282414,0.9358653965562748,20
108735332,-0.00011588586394685185,0.0005187436236477732,0.8348405061272,20
84554053,-0.00011611255550331434,0.0004807801350903899,0.8531821679074185,20
49035597,-0.00011619737664580465,0.0003358842386541491,0.930834356008355,20
66864745,-0.00011624993079802914,0.00041704858620949923,0.8861495544759448,20
38519583,-0.00011664208327353265,0.0006111122214263261,0.7980171266680752,20
102152729,-0.00011677298982951944,0.0005307611571524458,0.8312395721942392,20
37041933,-0.00011677774335449586,0.0003693019262746794,0.9132512961623105,20
69274510,-0.00011682032464857272,0.00014419146307028316,0.9990948770824353,20
35843964,-0.00011687352616807645,0.00035879714043368064,0.9192417850433102,20
464840,-0.00011693660688995022,0.00039082199886694095,0.9016694172282724,20
89640770,-0.00011693757234559066,0.0017979509275697163,0.6128470256285312,20
69898870,-0.00011703205686501294,0.0005692269625498597,0.8153100759375933,20
122525533,-0.0001170354019291775,0.0006428179643008993,0.7871979733617339,20
21086440,-0.00011708272199443814,0.00024486598530667667,0.9771524951860246,20
46446181,-0.00011721508197297392,0.00019976161393714362,0.9916493660556303,20
46552248,-0.00011734046429428824,0.00020299338308507633,0.9909240041674543,20
40922168,-0.00011738247394909307,0.001100464034541101,0.6806079194458269,20
3065300,-0.00011748803798144469,0.00039325642556916766,0.90134703025499,20
9826757,-0.00011780742233832297,0.0001863565247259808,0.9946161345979881,20
60526281,-0.00011785038016834948,0.00012070962994730832,0.9998338447498003,20
57485219,-0.00011801397585094464,0.00037884189681775075,0.910165988260918,20
52041601,-0.00011803090287118845,0.0003388503339363053,0.9321054087085924,20
47852559,-0.00011804724598231675,0.00026544525820781234,0.9693412506528102,20
36239095,-0.00011813487812443735,0.0003638122269286036,0.9186148759128293,20
21827992,-0.00011825366173084107,0.0003086694054933708,0.9485372121703357,20
9067655,-0.00011825566982072711,0.00016903726642458598,0.9972348261877424,20
126156777,-0.00011828315009045632,0.0003684303444939897,0.9163350210301798,20
35696096,-0.00011853748978375155,0.00022001060207360384,0.9868598929665283,20
16252197,-0.00011864137245686246,0.0003630653634062424,0.9198748536463072,20
33499109,-0.00011879227183199948,0.00030835029883843147,0.949427647486993,20
40848312,-0.00011885452879108472,0.0005674393719709796,0.8196720592920372,20
82568849,-0.00011899918253556463,0.00014202903786662434,0.9993173300587372,20
110451682,-0.0001190983609647811,0.0002787515184684691,0.9643772734261741,20
72230792,-0.00011918067493944528,0.00025451348660195095,0.9750561556647498,20
15827044,-0.00011920433953028497,0.0023932752706421223,0.5869457523359614,20
225084316,-0.00011932392615420229,0.0006527764333600566,0.7881068191426562,20
53119099,-0.00011933657294522781,0.00025543488759999136,0.9748170434558389,20
235492499,-0.00011938962680700382,0.0003126605019560746,0.94800867585825,20
65471575,-0.0001196920403703533,0.0002535631323601213,0.9758760799566357,20
121137630,-0.00011992289806980749,0.000493131246060747,0.8548038489260494,20
3412528,-0.00011993154142771467,0.00024115636475973332,0.9807680277660671,20
122552373,-0.00011995467149617245,0.00036689718892197586,0.9199759411511722,20
19154566,-0.00011995566521657841,0.00016798824971411862,0.9976079175495629,20
66492251,-0.00012023551316275582,0.0005781497562716461,0.8179945389972345,20
203656524,-0.00012048681032155451,0.00017433207559805185,0.9969916910338487,20
35243412,-0.000120531621774575,0.0003722904666146362,0.9180249751085616,20
161994537,-0.00012075085805777485,0.0003908085269304146,0.9084652280626524,20
100327000,-0.00012086292955383048,0.00015360429502169767,0.998852576640486,20
192226520,-0.00012096605449974096,0.00022093108445651738,0.9878907098107805,20
132370287,-0.00012100057403761632,0.0002669582376176676,0.9715372284135421,20
59671432,-0.00012103900782701737,0.00036082971201284615,0.9249965168207772,20
45645884,-0.00012111131375771577,0.0005577606468613902,0.8281436008849976,20
86651734,-0.00012117401610127754,0.0002974546167734012,0.9578673922050368,20
82351846,-0.00012122390000791905,0.00030244616229521616,0.9555031658609984,20
48252930,-0.00012130585745835643,0.00036771741302298305,0.9217452534448232,20
96082752,-0.0001213537888913263,0.00026082658587454454,0.9743855326457473,20
1811318,-0.00012145402497064639,0.00023882307365288952,0.9826350798224366,20
63081673,-0.0001214852088676971,0.0003573646282384648,0.9275474881937987,20
132150865,-0.00012155193529635733,0.00016122310793573194,0.9983985367519376,20
6,-0.00012169989939699311,0.0005181499678313472,0.8466414497299531,20
156387831,-0.00012186997579044234,0.00044961922885300155,0.8798487029232872,20
189621974,-0.00012203467864350948,0.0003808540155609745,0.9159430377208903,20
59471353,-0.0001220934561613901,0.00015320914166863043,0.9989640751003636,20
95739748,-0.00012210403463047692,0.00031553860645693374,0.9501322882548964,20
94281710,-0.0001221223012241729,0.0004928955161077244,0.859162495945273,20
8399282,-0.00012231176055775005,0.00032953920078272443,0.943323030469158,20
13072952,-0.0001223248978246383,0.0002317141113039902,0.9854652449069782,20
128157996,-0.0001223986634705243,0.00015350634978278027,0.9989687545376197,20
60486314,-0.0001225038923944516,0.0003985512611005188,0.9073759972521122,20
26891603,-0.00012250586125484296,0.00022924623591071808,0.9863115753174201,20
56455737,-0.00012256797077757342,0.00025521123580438983,0.9775789622732897,20
20883413,-0.00012257168929576123,0.00041988556033539754,0.8963433522910789,20
221275955,-0.00012261084718526993,0.0003790030200404074,0.9178715009387456,20
124554362,-0.0001229530033663412,0.00027432289548247454,0.97025644945358,20
105893925,-0.00012309677027243782,0.00020795213673575698,0.9920531524471483,20
121724910,-0.00012322434174406595,0.00039246125767833037,0.9117956617753992,20
55868583,-0.0001232520099342993,0.0002740296547379568,0.9706601656008201,20
147177468,-0.00012335272000585373,0.0002359011000455484,0.9847766295276632,20
234692189,-0.00012352119655918147,0.00045750932351103435,0.8789555742030202,20
92879142,-0.00012354077421821986,0.00016765974990306655,0.9980973379770237,20
108359189,-0.00012376715274643735,0.00012571571400508505,0.9998471236148805,20
166907409,-0.00012384698698831854,0.000257992298652635,0.9775349592546809,20
4614149,-0.00012394770981437596,0.0004690892175981072,0.8740429347073737,20
222503969,-0.0001239630994795793,0.00022923857157563528,0.9871000743763833,20
35454352,-0.00012399002238120126,0.00043238250639350263,0.892440999317861,20
81621422,-0.0001240398659023978,0.00022288434345466536,0.9888711839940552,20
69611450,-0.00012416880687112218,0.000245616416326475,0.9821514531549225,20
29093137,-0.00012433849319404554,0.00023000557167855064,0.9870794679025692,20
16614408,-0.0001244643749353097,0.000713585231983965,0.7775103124177398,20
10219479,-0.00012465401437867786,0.00041648034120165503,0.9017385560406677,20
36734073,-0.00012473268150720861,0.00031765783707449495,0.952405808596349,20
56856336,-0.00012473648099218526,0.00028243078826324956,0.9685182715666005,20
29494141,-0.00012475238367269935,0.00023396593689535046,0.9861610356675208,20
101152287,-0.00012482091073487688,0.0004378312265770633,0.8911522975816023,20
230088621,-0.00012502334692427174,0.0003409886363033884,0.9412408778477249,20
27123832,-0.00012531526667551308,0.00025463496819135104,0.9798461842976524,20
102128007,-0.00012532719560422179,0.00020928569874356792,0.9925619451249736,20
184414948,-0.000125618845844791,0.0003341497567116213,0.9454589511854378,20
153142708,-0.00012578483931068306,0.00032813073582787074,0.9486333080257463,20
157261170,-0.0001259478425750693,0.00018245537725456487,0.9969664147281312,20
157990013,-0.00012596169021925895,0.0001993867074665652,0.9945942279476799,20
80767157,-0.000125973386613637,0.0004950875383753018,0.8653499114125999,20
83870522,-0.0001259774755022869,0.0004151468514090799,0.9046703900499891,20
4669675,-0.0001259794298945266,0.00030801247240718794,0.9584404070625379,20
71088941,-0.00012601001394614008,0.0005260852990159407,0.8512470947627357,20
65824820,-0.00012615178478861123,0.0003270662754958019,0.9496154078117142,20
34534669,-0.0001261653944941099,0.0006684083891591494,0.795452231658739,20
128783888,-0.0001263346759325462,0.0003352126852835066,0.945872644614984,20
78078512,-0.00012652044032769038,0.0001647726915245173,0.9986087824425378,20
56495286,-0.00012660551530648266,0.0004591080989873931,0.8837393555992556,20
78102963,-0.0001266218820114351,0.00104364638301483,0.7031392985449816,20
28643173,-0.00012682239438491227,0.00017030360693253349,0.9982417348386651,20
93136589,-0.00012686000513614516,0.0008212168024830053,0.7509921022169072,20
49933823,-0.00012692093397075331,0.00023583772166082067,0.9867850162916401,20
119908308,-0.0001269648646994942,0.00023959243080819257,0.9857327654302906,20
23005786,-0.00012700017444729761,0.00035482442780357913,0.9370285745247663,20
3602977,-0.00012709445903762439,0.0004283170274679214,0.8998845346661494,20
47746437,-0.00012739863553068998,0.0008655505372969559,0.740860949702268,20
79090600,-0.00012770096917430473,0.00034348159587082065,0.9436061136525198,20
116053532,-0.00012777092473390816,0.0002790906502874841,0.9726494812081136,20
126676730,-0.00012816056738214067,0.0005106812134682419,0.862146692198789,20
24294074,-0.00012819655264229013,0.000524193887557691,0.8561209517081821,20
36901080,-0.00012838331553262085,0.00030356353304939723,0.9630390123041542,20
26408721,-0.0001284431022653437,0.00037754288075715674,0.9276928957434386,20
123780388,-0.00012850637119219132,0.00038115581173333733,0.9259701581796613,20
45459387,-0.00012855919821729844,0.00020364294170544984,0.9945705005982617,20
81483550,-0.00012863942494477365,0.000295313951699519,0.9668330843196574,20
133388628,-0.00012864302121222692,0.000232401726141789,0.9885544139176408,20
18082483,-0.00012911963009780425,0.000420128974205642,0.9073489253024637,20
122261496,-0.00012913897770607807,0.0002012037396899937,0.995102193535384,20
26529273,-0.00012938776567779364,0.0004359408286121891,0.8999362924459202,20
85837960,-0.00012951894495655814,0.0004242513298605081,0.9059448966766781,20
61880512,-0.00012957695813398394,0.00018524451992676233,0.9972322855633976,20
59698659,-0.00012966877729079785,0.0002210528360529798,0.9916350913303963,20
21886010,-0.0001298216286253484,0.00021326960854249345,0.993238682653513,20
30835663,-0.0001298441167568859,0.00026547337982472333,0.9792880344384082,20
108934045,-0.00012991938285054905,0.00022471532286119988,0.9909326712335746,20
124417250,-0.00012995540425944085,0.0005467843361325245,0.8494250861414616,20
63979,-0.00012997027125846716,0.0002755943741065052,0.975781594603054,20
93318423,-0.00013003566924818245,0.0003910858162500772,0.9232864241540732,20
86824720,-0.00013008405130991442,0.00029487495940397275,0.9683810481986336,20
82021546,-0.0001302429092392726,0.00033807372697892453,0.9494272278365297,20
21804837,-0.0001303444195284831,0.00026506947151766345,0.9797733498674976,20
28667366,-0.00013045579011729258,0.0001400505323453577,0.9997376197559666,20
39258742,-0.00013062032303202408,0.00027387460505073837,0.976903576955308,20
34569215,-0.000130862390838285,0.0002546055219124196,0.9834761299676618,20
25664183,-0.0001310317161872493,0.00032851007063530605,0.9547802151393302,20
151381471,-0.0001311166624132387,0.000452556577253431,0.8946979515502,20
176605043,-0.00013121970441405117,0.0004422364641507875,0.8998762186728075,20
47866802,-0.0001313802694227012,0.0003833281005126301,0.9290914278069883,20
24719462,-0.0001314265938217929,0.0004069467572498208,0.9175296315219147,20
144134928,-0.00013152601044125466,0.00030958498939810566,0.9636387274964345,20
74503753,-0.00013170340311022822,0.00013563843865741266,0.9998245912691583,20
41054780,-0.0001318050811438598,0.000333027756417704,0.9536111225552291,20
148652302,-0.0001318152612928919,0.0003885466492973363,0.9271581257135877,20
5814813,-0.00013254788709227694,0.0004221347961852339,0.9118060680258846,20
119611955,-0.00013261096877068278,0.0002906694186260617,0.9722668513316878,20
60144080,-0.00013273336955113013,0.00017582388774610045,0.9984144157114376,20
64275001,-0.00013290120808615025,0.00034631872636731306,0.9488071015803009,20
106512710,-0.00013293722197845747,0.00230724148351307,0.600285188050888,20
187230944,-0.00013305263422097314,0.0003890777378950181,0.9286697291216411,20
76507007,-0.00013308923921526717,0.00032743428315184657,0.9575464466717469,20
190021957,-0.00013341854470030057,0.0003982349467230576,0.9247538098726987,20
223080192,-0.00013345707588121314,0.0002856008430196577,0.9748382950900388,20
28332170,-0.00013349646966241135,0.0012064133446584254,0.6868160904942595,20
21027741,-0.00013365460456099543,0.000548887800986624,0.8551060629697198,20
86107574,-0.00013396052694636396,0.00034091306623595404,0.9525163080736644,20
108714457,-0.00013396249662643022,0.00035403744346469056,0.9465274684700624,20
19803902,-0.00013422793948306144,0.00018270549727296322,0.998054994604488,20
20826666,-0.00013434474727087864,0.00048615493333400696,0.8842093094995919,20
9007493,-0.00013437826466836943,0.0002528294852618026,0.9859397886406098,20
70468000,-0.00013439378836217208,0.00035004487247162694,0.9488816429409138,20
23485953,-0.00013475365107832316,0.0003706969175889412,0.939755627723938,20
128820920,-0.00013478561279105795,0.0009062285435692735,0.7430264275963745,20
48754129,-0.0001348024940617726,0.00015451043205356213,0.9995204729320947,20
83722598,-0.0001349958497741638,0.0002908945225277218,0.9741141796914264,20
173203884,-0.0001350279992157727,0.00032857464504791893,0.9591114169100252,20
117904649,-0.00013508373143167053,0.000278585015376037,0.9784894612205999,20
53246206,-0.00013509334099742477,0.00024921708669854026,0.9872568559611428,20
222879533,-0.000135302237212645,0.00028566755838770356,0.9762153725037938,20
26264802,-0.00013530556678469918,0.0006195144857447451,0.8295145800873591,20
117147205,-0.000135468457493651,0.0003319066389644849,0.9581420336181384,20
71099936,-0.0001354842651626803,0.00046987635228253527,0.8936487783652267,20
131760147,-0.0001355113305330391,0.0002896787404924237,0.9749522518471235,20
10270938,-0.00013561896165970865,0.00022131232603017206,0.9935000697613684,20
129948206,-0.00013567110146218143,0.0001737802366767824,0.9987787786275795,20
91916953,-0.0001356768649343698,0.0003847190167009066,0.9343689941092632,20
12629415,-0.00013570374885281676,0.00022424916883469608,0.9930011638311984,20
78597927,-0.00013571000149117108,0.00025729351490936224,0.985403154785207,20
37734981,-0.00013605201829675618,0.00021807277171597813,0.9941636042091131,20
74593134,-0.0001362251188594954,0.00036260401432533415,0.9453488105845224,20
126385172,-0.00013640143053604282,0.0002474372171420687,0.9883066333155491,20
141043268,-0.0001364213438263012,0.00020459854180972996,0.9961688277831992,20
130872357,-0.00013643124470168465,0.00026038430388452497,0.9849248479750224,20
4604030,-0.00013645374392337595,0.0003444334704365004,0.9537604006591393,20
87652611,-0.00013657117596702073,0.00017740597715413555,0.9986363299259015,20
134971602,-0.00013666270452872276,0.000446577865256973,0.9064506709247573,20
17899701,-0.00013666838480976551,0.0003619121715316786,0.9461993690566246,20
47909938,-0.0001368298577652305,0.00022183418691025528,0.9937483532232119,20
130359263,-0.00013695083256566598,0.0005004078902687665,0.882029509962657,20
53658222,-0.0001369721861456813,0.0003756922165517034,0.9402669086791503,20
101089592,-0.00013712170517638232,0.00026561737067680674,0.983814561140918,20
43845802,-0.00013726919295014572,0.0002296295458748613,0.9924865791570459,20
38302599,-0.00013732079427285215,0.00023071600629990304,0.9922970307172466,20
34252986,-0.00013761384718996016,0.00031231861532273,0.9682360468572263,20
21283446,-0.00013766841308568978,0.001195771221032136,0.6937105794275193,20
24,-0.0001378597903753026,0.0003024232009857847,0.9721755273805317,20
28630797,-0.00013816279257282128,0.00032942344273061223,0.9619223603131399,20
33075924,-0.00013837695228634538,0.0003583949770581536,0.9497774269883055,20
106532291,-0.00013843124609526358,0.0003445395929579765,0.9558616839431815,20
31698187,-0.00013849671050369662,0.0001931454953518176,0.9976784934027091,20
69480593,-0.00013860897637386072,0.00036005168705055275,0.9493115073417728,20
3866871,-0.00013882341913299401,0.00021648646405067492,0.9950745079090261,20
57862549,-0.0001390493269368853,0.00022085123953455876,0.9944801643329637,20
27836811,-0.00013919373031591464,0.00021570219200943118,0.9952662460921177,20
87273783,-0.00013920211614921741,0.00028967087583166155,0.9776373496643673,20
36700944,-0.00013927001589888744,0.0004871168553020178,0.8917844278383181,20
12239399,-0.00013935208887705386,0.00036341583706286614,0.9486806042954783,20
155972672,-0.0001393820633194043,0.0003269707757101123,0.9640805979109579,20
117856627,-0.00013949388384669193,0.0003111994144286333,0.9702669390864523,20
95414584,-0.00013974547284483218,0.0003482267770413663,0.9556853510779619,20
28163086,-0.00013983711732090952,0.0006482477291874825,0.8265952028088173,20
134683861,-0.0001399151138926108,0.0001314305250258235,0.9999320316726473,20
131873335,-0.0001400072842713429,0.00048392432286130366,0.8943896237503451,20
148451798,-0.00014001216960695396,0.0003342069222584552,0.961770943644996,20
126356151,-0.00014013115642220463,0.0009310290057072319,0.7455089527662397,20
86709439,-0.00014027777750123815,0.00018653708770877123,0.9983670692970963,20
65930148,-0.0001404970776598319,0.00020236270564803302,0.9970846563739691,20
82506759,-0.00014061642442596555,0.00036003324770703734,0.9515784617387981,20
185028458,-0.00014062606161535096,0.00025418527053122116,0.9885226508270832,20
186018203,-0.00014076939686434586,0.0005345332364627071,0.8732783736158062,20
43061380,-0.0001408682946809764,0.0003278248337132352,0.9651142777735879,20
103997796,-0.00014092098446337188,0.0002601415536893679,0.9872137245493613,20
21022038,-0.00014100215462695408,0.00040033200184243624,0.9341362015034843,20
139166114,-0.00014113468864409006,0.00023791854900850413,0.9921485353209061,20
17274422,-0.0001411457576686398,0.00036978753158294254,0.947942561784601,20
133161694,-0.00014115896941653273,0.0004974485512809256,0.8901233525779133,20
59725289,-0.00014117185900016372,0.00026330676628330665,0.9865341814822172,20
55694982,-0.00014140851078073003,0.00026690442592079163,0.9857181384504055,20
75883650,-0.00014167986199456196,0.00041922844801275375,0.926426595940577,20
104839410,-0.0001417485582091399,0.0002870792868066997,0.9801393847556465,20
226107787,-0.00014182321637749295,0.00028178178426798507,0.9817853861108183,20
102929715,-0.00014188909559051944,0.0005414013782330147,0.8721670364079218,20
53663219,-0.00014194753731972543,0.00022197653651542804,0.9949875694120756,20
67072283,-0.000142464688541305,0.0002718323401526309,0.9849428047352662,20
22423779,-0.00014257683563607683,0.0002455037201495406,0.9911547617826852,20
105199555,-0.00014258441090388152,0.0003122521778042086,0.9723653280239898,20
55064573,-0.00014260194001105008,0.00037602947364885424,0.9468921946956657,20
30137207,-0.0001426224552882077,0.0009332523946791901,0.7487121766192493,20
116103672,-0.00014271659717234042,0.00014716527639176697,0.9998224025281545,20
48868211,-0.00014272737199029771,0.000230176040675304,0.9939436196721823,20
64074978,-0.00014275259423946474,0.00018557573517924853,0.9986282781605506,20
137364012,-0.00014300159568941261,0.0003590614347472017,0.9545544946688209,20
51073523,-0.0001434065222405051,0.0003921704019489711,0.9407820737860089,20
57925856,-0.00014344377273333152,0.0002863999717836077,0.9813741475261687,20
164392446,-0.0001435290941996209,0.0026713600660868177,0.593657712946877,20
97123538,-0.00014353690182691836,0.0001378657296697452,0.9999139136306869,20
56446157,-0.0001437308055876524,0.00023939318674317918,0.9926730730556448,20
23089048,-0.0001437359425391277,0.0007559995304394019,0.7971196746007475,20
57447716,-0.00014407504518742232,0.0004928257655514782,0.8966621056323495,20
57656839,-0.0001444302504675171,0.0005092016245242831,0.8900254638320917,20
24497115,-0.00014466666049774702,0.0004158799028084147,0.9318558719678651,20
30815684,-0.00014482161733948007,0.0008052494694924034,0.784413459531224,20
232313864,-0.00014484767433385615,0.0005206090306013106,0.8857342431482846,20
51841424,-0.00014490276190986252,0.00024964786554819337,0.991127413160214,20
63771970,-0.00014504144382339323,0.0005391152838681492,0.8781547724969543,20
145574844,-0.00014517283156776639,0.0004241565237668068,0.928831231727015,20
89893065,-0.00014521279946070608,0.00043590213710058187,0.9236561437725022,20
3813214,-0.00014534912354449147,0.000281368096932026,0.9838653234419643,20
48353605,-0.0001454591638758107,0.0009008174039300735,0.7604975486169644,20
90641186,-0.00014572552391418358,0.00029239210685840845,0.9809538761369511,20
35621291,-0.00014582391316855792,0.00013570456851604324,0.9999385483106219,20
166870801,-0.0001458377063961902,0.00035328865592626995,0.9597412930326801,20
22492030,-0.00014588229400611664,0.00034036884680087206,0.9647833965354422,20
41698698,-0.000145923804629558,0.00019060848548014726,0.9985762888744114,20
82869189,-0.00014596163640555603,0.0004078999902757671,0.9369852440285229,20
9818874,-0.00014616335072285824,0.00040825838176875934,0.9370746731802803,20
173679727,-0.00014616771944546137,0.00032674433433958576,0.970033427315665,20
96883271,-0.00014639318811759673,0.0002563610546758076,0.9902986364629668,20
86224202,-0.00014643622291607704,0.00023855679357645814,0.9935657221979036,20
15475595,-0.0001466277844031305,0.0002036992628944591,0.9977420235157342,20
80246051,-0.00014664722682832532,0.00029081090080584204,0.9819439796545303,20
103955366,-0.00014667757520893664,0.0006683789584503256,0.8306413937494141,20
8999843,-0.00014668215877602643,0.0008087355411187362,0.7863297244210716,20
83690728,-0.00014692920704291733,0.0001700188345529837,0.9994782872115797,20
44449690,-0.00014701166766524775,0.0003659962296960185,0.9558210490610607,20
88531518,-0.00014718599991515313,0.0004738078119602426,0.9095869302543961,20
46107752,-0.0001472302237117362,0.00020477619493535856,0.9977228270777453,20
15241653,-0.00014733106234957882,0.00022534945007304734,0.9956450442125218,20
105091910,-0.00014782108770966252,0.00024893331786037106,0.9921945408504383,20
14822966,-0.00014783924133719706,0.00015469899125740316,0.999794940170483,20
145377045,-0.00014795435205308406,0.0006101593638328053,0.8541271631863585,20
99591911,-0.0001481380177737246,0.00015525470781162196,0.9997917887699159,20
35421157,-0.00014854786969515643,0.00021986954283224113,0.99649004481058,20
75705608,-0.00014873717610739413,0.0006294068665217973,0.8480778519740311,20
34928562,-0.00014875227217385213,0.0005786778520004065,0.8677102208770393,20
31622768,-0.00014891171643451328,0.0004617281370571987,0.9172507830579139,20
19426904,-0.00014914887354117444,0.00028664189732974276,0.984412198494116,20
121012397,-0.00014921237477001636,0.0003014650625320358,0.98035287217369,20
100234338,-0.00014934012067600866,0.00018528273454659203,0.9990557022235214,20
150575290,-0.0001498285291636009,0.0001209131840378813,0.9999879674525307,20
154570965,-0.00014990983176802752,0.001006926419664607,0.7432308286331724,20
54053951,-0.00015030056259319192,0.00034282231504941674,0.9676278896073911,20
2017445,-0.00015062536796356385,0.0008656516793769555,0.7769717424196283,20
33256253,-0.0001508330787141049,0.0002045232408672455,0.9981094148110353,20
88331478,-0.0001509246929074698,0.00031310392863554716,0.9779303225192326,20
53057019,-0.00015095360343232999,0.00034582153934313846,0.9670901177125057,20
129759299,-0.00015107540458088876,0.00043453726892680067,0.9317564183366764,20
132970636,-0.00015110704428581423,0.00015508986778602657,0.9998304386889879,20
113701962,-0.0001511697316998517,0.0005663946189685893,0.8763382930733133,20
21,-0.00015118551638236,0.00052572908326282,0.8930637254287711,20
4195409,-0.00015128247735378685,0.0003130233067796388,0.9781792489781654,20
19226809,-0.00015137683660486622,0.0003038633890400294,0.9809164353203892,20
7071779,-0.00015149721523644022,0.00015062426411652723,0.9998768653108075,20
97083600,-0.00015169218038054154,0.00030525068561039633,0.98070252634368,20
29452550,-0.00015173244769604854,0.0001322820988494042,0.9999702224512039,20
50723538,-0.00015175863216327913,0.0003537960753360465,0.9648864225734816,20
50192143,-0.0001517812659504375,0.00030641775538984856,0.9804208609095837,20
67350372,-0.00015196769532212773,0.0026327240433641234,0.6004641003971838,20
146779043,-0.00015202294006783635,0.00038003636026405323,0.9552109416393308,20
74832235,-0.00015208141367107353,0.00047640735459602586,0.9151842336187623,20
137764208,-0.00015225581693896207,0.00028218151248988316,0.9869557782365422,20
73683717,-0.0001522643895439879,0.00015787010831538133,0.999812592404945,20
154985501,-0.0001524921264911716,0.00015815439289965165,0.9998120308457489,20
126355170,-0.00015263986838481015,0.000338550083081323,0.9709367370036147,20
56059739,-0.00015280779358985697,0.0003912613836101771,0.9515731307578483,20
85003968,-0.00015287410885791164,0.0008363977389265736,0.7880848003719821,20
17677606,-0.00015289517466249015,0.0001577713674593512,0.9998211729757237,20
39842007,-0.00015294359197757512,0.00025372962847021295,0.992839596035648,20
37373027,-0.00015301181249805784,0.0003879806078947939,0.9530733889630447,20
122357049,-0.00015315309531414024,0.00057823565778859,0.8745897810759046,20
5068661,-0.00015318557192768313,0.0003130281226376107,0.9793369362990442,20
106539118,-0.0001533529644117959,0.00014920955352808044,0.9999014514400248,20
68989137,-0.00015336867314014735,0.00041061698636884396,0.9443818390385627,20
1665272,-0.00015340137138245835,0.0002534640753869987,0.9930060415970065,20
110809371,-0.000153524644179992,0.00020338227072039713,0.9984133783150437,20
127530325,-0.00015363200547885149,0.0004091908717037102,0.9452462764245455,20
31644947,-0.00015363336717323927,0.0005847315506830663,0.8727479928950699,20
123782866,-0.0001536503168644926,0.0003898124406067471,0.9529900904418216,20
24437686,-0.00015372490478813284,0.0005387133944697605,0.8913586644370877,20
72879259,-0.0001538175273625375,0.00048775553472302474,0.9126969041977713,20
136029849,-0.0001541505194705889,0.00031325360884795094,0.9798385570542536,20
47808617,-0.00015426154804583093,0.00018893443095026086,0.9991511791226,20
46578206,-0.00015471004099274765,0.0007565929349212416,0.814035995317903,20
221075630,-0.0001548615695218053,0.0001899053608038829,0.9991423597481883,20
154095972,-0.0001549061019309933,0.0003792174563238602,0.9582596678806733,20
139766698,-0.0001549163388538305,0.00039669388877849025,0.9515599826558783,20
169799490,-0.0001549188515020755,0.0005018458552790069,0.9082765449012153,20
145850069,-0.00015506538473279152,0.00246407541881615,0.609289955060216,20
79691256,-0.00015524799564475277,0.0006730255563980985,0.8423924197937265,20
52316842,-0.00015558179148516537,0.0003918096305950261,0.9541090462871415,20
93812665,-0.00015564828441301526,0.0002578670622882738,0.9928958102020292,20
63092120,-0.00015567187699946916,0.0003197092937130457,0.9788767886399394,20
168800490,-0.00015571742323171046,0.0004197961289173529,0.9432210573643378,20
145975583,-0.00015575810031390747,0.0001995840202180277,0.9987751636204462,20
163395026,-0.00015580249626367116,0.00020821301114883775,0.9983044620295586,20
209687376,-0.00015605074850720546,0.00030682838496465866,0.9826415181895568,20
52456924,-0.00015608691878466195,0.00030949820298443716,0.9819526018147021,20
227886925,-0.0001561339356883712,0.0002957514409812662,0.985466561864293,20
15078859,-0.00015613814700129458,0.00027733015130833566,0.9895312999176727,20
86037993,-0.00015614295295980353,0.0005647005970844689,0.8843427845739379,20
12228591,-0.0001562179683915893,0.00026306873368385166,0.9921954001341668,20
72682773,-0.00015631295137348843,0.0002073297339322703,0.998398502586695,20
86073052,-0.00015631626474500726,0.0001411598878337357,0.9999557792842125,20
43449385,-0.0001563459948976359,0.0002935128053553895,0.9860920749797683,20
36099780,-0.00015644131643222092,0.00023970322338736505,0.995595749744461,20
79280838,-0.00015651681363165748,0.0001874599400037597,0.9992967170244561,20
131881770,-0.00015663832066968862,0.0001952089242476047,0.9990204908395026,20
154584708,-0.00015671234797044465,0.00036708981423583183,0.9642703298675992,20
6870454,-0.00015674606707951065,0.0003839236230671799,0.9581846362234864,20
69934529,-0.0001568351930062495,0.0004543800807134086,0.9304130830846089,20
99704552,-0.0001569009048606046,0.00031996670512082206,0.9795220314922093,20
16898888,-0.00015705153472669043,0.0002993748030905449,0.9850132337650829,20
3212652,-0.00015727685275876424,0.00019261246841715548,0.9991517289780234,20
69688165,-0.00015728947699573392,0.0002975011617498119,0.9855709611660867,20
97323161,-0.0001573841288953659,0.00046352680893003084,0.9273174088604528,20
88899205,-0.00015748136753425678,0.00034451652593753577,0.972480354864826,20
8870738,-0.00015749045023220055,0.00021565467367035856,0.9979673823307977,20
32818180,-0.00015753995726262572,0.00021985501626324797,0.9976669166231966,20
101995470,-0.0001575547494941959,0.0002764245517426102,0.9901997170532861,20
86873597,-0.00015760417560495288,0.00028821466067319136,0.9878111693534136,20
84403409,-0.0001576197094839582,0.00036475764729713815,0.9658278216510922,20
82907156,-0.0001576640989082223,0.0003991589839810007,0.953308941906669,20
76689046,-0.00015774183038046174,0.00014437330516766782,0.9999487262282337,20
65729747,-0.0001578058406025845,0.0006058977982157679,0.8707349012466974,20
43049251,-0.00015793509699907893,0.0006067157831265838,0.8706128542908886,20
110342627,-0.00015816796572269142,0.00028048906936648557,0.989619582979634,20
102926690,-0.0001584514702429901,0.0003220732228619092,0.9798164535423007,20
105039540,-0.00015849282458079984,0.00027477492866511343,0.9908161005003984,20
41844108,-0.00015852933016072824,0.0002566906645660395,0.9937953563776588,20
36496724,-0.0001585978923242387,0.0004692268588171228,0.9264517645862507,20
61465720,-0.00015860108437288077,0.00016770556753930693,0.9997730549137037,20
112007180,-0.00015872000726697145,0.00025830839773312417,0.9936040966927735,20
176817947,-0.00015874024930563613,0.0014005357430931919,0.6909655036391373,20
151982802,-0.0001587811430225128,0.00028284727955971037,0.9893681356593294,20
85492693,-0.00015888017950557997,0.0001338529273237934,0.9999799416407699,20
175407927,-0.00015888219496352775,0.00016250298235855835,0.999836204591814,20
260319,-0.00015919776660461293,0.0003271355290802023,0.9788244931411049,20
23865221,-0.0001592744957286396,0.0004853474235963528,0.9207142013770208,20
49391293,-0.0001593912550891391,0.00025770847529898116,0.9938496615793694,20
123341775,-0.00015940123439205645,0.00028577822098418705,0.9890022803098444,20
59015799,-0.00015974862336132212,0.0002731190473975728,0.9914986610064429,20
31538982,-0.00015978140847631718,0.00037434065452052846,0.9642488872301496,20
77097464,-0.00016017604487222336,0.0007155441904403341,0.8353200345037997,20
13676738,-0.00016031977540759135,0.00026783795971608567,0.9925430909472233,20
226086022,-0.00016033111198077155,0.0002720978822468993,0.9918442102611824,20
42628558,-0.00016048014024326596,0.00041369246111640223,0.95051850222903,20
34769621,-0.00016051640823012137,0.0004719858179918475,0.9276255902431798,20
17415217,-0.00016064450208283233,0.000666413568158459,0.8527446728536543,20
194426618,-0.00016075220725521034,0.0004225866239268997,0.9473932392873088,20
43885399,-0.0001609369579334108,0.0002517638537343089,0.9949761106403476,20
25085080,-0.0001610474974931164,0.0002881616691283158,0.9891156413827253,20
117810312,-0.00016108386773904527,0.0002797173304025764,0.9907345605279074,20
201453052,-0.00016131643912279113,0.00016899270450473303,0.9997926680267439,20
49836993,-0.00016132930875576156,0.00033891630904299105,0.9767136109404727,20
109244436,-0.0001615631290660141,0.00018089581380273284,0.9996117857740622,20
151140870,-0.00016170913788497444,0.0011350103332309325,0.7341886697807845,20
150740863,-0.00016175104464857815,0.00042345957700815897,0.9480612209373144,20
83507794,-0.0001621641911119659,0.00025422521921821206,0.9949086885610393,20
4464252,-0.00016227299781950422,0.00014587205162885824,0.999957962692635,20
95081744,-0.00016230964216703002,0.00033727152543351873,0.9777749709970366,20
72873004,-0.00016256023203970737,0.00017519137702253298,0.9997278272828448,20
138430098,-0.00016263246358338979,0.0004665408172473925,0.9322453456159279,20
80305179,-0.00016264371824002423,0.000255925988369829,0.9947894968909181,20
149182665,-0.00016266362101427788,0.00027532634415234475,0.9919654307028951,20
103243628,-0.00016266796185533395,0.0002858226748939624,0.9901202300736134,20
165392115,-0.00016267109894915478,0.00040585679118988033,0.9555022833138912,20
100126896,-0.00016287927473092879,0.00032209554489024387,0.982175283588649,20
35570603,-0.00016290444083728872,0.0003014914388515077,0.9870480515747388,20
92724547,-0.0001629553165104991,0.00025740598391288015,0.9946635591192529,20
161803309,-0.00016296450008380093,0.00038377634632417464,0.9635730669857492,20
142963372,-0.0001630421332139087,0.000297401994381407,0.9879690458338402,20
39458973,-0.00016322450745457628,0.0013476075129160321,0.7028301110033628,20
48869217,-0.0001636090476592661,0.0003040003850853152,0.9867870278628531,20
24888760,-0.00016387609704359986,0.00029266411480751374,0.9892246062804609,20
105130940,-0.00016391678564050828,0.00030738261692893625,0.9861685886950948,20
113518440,-0.00016409884866223356,0.00042848325257626395,0.9484820556764123,20
186029481,-0.00016413566096804276,0.000660976172763653,0.8596871013311709,20
236092970,-0.0001641819859217658,0.0003096516705583283,0.9857716827291935,20
73102162,-0.00016441065276160405,0.00019385737889252074,0.9993851243283225,20
200051390,-0.00016455245393082185,0.0003157381045434164,0.9845316704836041,20
144966325,-0.00016467807488479148,0.0003425631677129915,0.9776714115688173,20
120260342,-0.0001648362869199893,0.00016534238579370088,0.9998652795874005,20
23087777,-0.00016484911431151051,0.0005321663812187468,0.9089998145936182,20
13240557,-0.00016521352507423425,0.0003819435780050597,0.9659558821651303,20
39659031,-0.0001653486316773034,0.0011031870405366086,0.7446324624539307,20
45848566,-0.00016541639720576152,0.000319870632842269,0.9839473758664512,20
48289065,-0.00016543417923851612,0.0002092787422840791,0.9988943430128465,20
23518008,-0.000165515733376978,0.00043758351271005406,0.9464687698544292,20
74875565,-0.000165558536764307,0.00027742346060320396,0.9924129813028307,20
59859795,-0.00016566683473522858,0.0002845988804568746,0.991268332390572,20
4063445,-0.00016569437704976874,0.00025475546862108905,0.995497607073402,20
97283613,-0.00016572625959744293,0.0012782763439189507,0.7155705870030806,20
40375442,-0.0001658893740086681,0.00028308583852818306,0.9915875408081339,20
46887918,-0.00016594960192071185,0.0002859084644255157,0.9911274579294377,20
104292666,-0.00016595763008944996,0.000308425659843838,0.9867738421484398,20
61326783,-0.0001659625507367729,0.00018233462035075542,0.9996739388017231,20
77689888,-0.00016596590522942323,0.0004293615118543147,0.9499572432771809,20
125784521,-0.00016608959599861696,0.00028034935930171284,0.9920904508225542,20
9619210,-0.0001660964071427934,0.00029779495540444364,0.9889996652819837,20
135162938,-0.00016630113618678333,0.000385812592985175,0.9655102872970242,20
33969129,-0.00016631685154202546,0.0002008632177111524,0.9992452646690202,20
137431501,-0.00016635434839031016,0.0003754087758989758,0.9689173712561989,20
38281658,-0.0001663700649944283,0.00035352111147512273,0.9755677468271523,20
237295702,-0.0001667182948588114,0.0006442866685105629,0.8692394712704656,20
35170475,-0.00016682546106215612,0.000676578455979556,0.8580362611050552,20
105511601,-0.00016687090199770939,0.00020475618269492156,0.9991380392933099,20
120060051,-0.000166918777322142,0.0002484715901175091,0.9963540303190523,20
56660901,-0.00016700725880820777,0.00020763528123874265,0.9990393999346492,20
47328970,-0.00016703645758376907,0.0014411372386407225,0.6949000061193835,20
50,-0.00016709281650217623,0.0003343391269157502,0.9811906027573375,20
150172214,-0.00016713140785724613,0.00039737041180062856,0.9623025128037044,20
75962054,-0.0001673829847830016,0.0004705902894707839,0.9359087460366515,20
49321410,-0.00016745826796040196,0.0006432479512261896,0.8706313077169241,20
69877783,-0.0001676326605814016,0.0003369046577863947,0.9808112460922283,20
92843716,-0.000167639106501391,0.00017897242623289133,0.999751141282442,20
77107595,-0.0001677170068837941,0.0002974660262207135,0.9896115716723304,20
19026532,-0.00016776588486209498,0.00020001037831133186,0.9993238094472062,20
77278021,-0.00016777787493326145,0.00020446340599541524,0.9991858583479767,20
65507605,-0.0001678128671416923,0.00033211513984983946,0.982110065791131,20
154143443,-0.00016783007029211872,0.00019839912265637245,0.9993712926980584,20
158099317,-0.00016813014675669258,0.00020511879832924468,0.9991783208157119,20
73083529,-0.0001682331124679276,0.00043915277801217053,0.9485279188686895,20
29493331,-0.00016824240626644727,0.00023384065889320814,0.9977340733311282,20
50792704,-0.00016828379505833823,0.00011227331042837718,0.9999989581169828,20
1461290,-0.00016873390222923169,0.000354394559929815,0.9767350805378245,20
61655944,-0.0001690023628640208,0.0003195016266198572,0.9856048575303421,20
73340224,-0.00016900466464707387,0.00042682171671167647,0.9536810102589944,20
147830989,-0.00016912747762371782,0.0005534780366927182,0.9061408213857063,20
35228903,-0.00016919440538045726,0.000174851816767073,0.9998185151187836,20
7070462,-0.00016935877320866654,0.00036952398860340104,0.9727702312060342,20
103290220,-0.0001694283207934161,0.0002085393005961004,0.9991156246774168,20
120070770,-0.00016962931383842362,0.00046326642682642034,0.941010679912023,20
77818977,-0.0001696618332255262,0.00040417194905221246,0.9620408691643281,20
104290674,-0.00016997017379582203,0.000268243402502605,0.9946934172460181,20
21622752,-0.0001700606650481329,0.00046517904741745107,0.9407382206627445,20
126418134,-0.00017030251978377708,0.0003435032855772757,0.9804986621560897,20
54318303,-0.00017041894285226288,0.0010685508732595653,0.7578178038494303,20
138158607,-0.00017044116129179,0.0002179574885120911,0.9987946313329104,20
3812539,-0.00017046535953686438,0.0003855586662618116,0.9686465453320253,20
66,-0.0001706721435166314,0.0006114758888988099,0.8864466763813343,20
154971179,-0.000170680600978676,0.0004902744232337353,0.9320022593224575,20
28300649,-0.00017075940499953479,0.00033801461117040897,0.9820934898837234,20
38844908,-0.00017095401737542149,0.00035557845767783585,0.9776821799291683,20
161463956,-0.00017135262693634135,0.00033019277543892573,0.9842124171400376,20
32041167,-0.00017135564117188584,0.00043497262928090077,0.9529052628175956,20
10362,-0.00017148639819555278,0.0017209495582583322,0.669550400179653,20
24297094,-0.00017164235710729893,0.0005970640865651975,0.8929905133362048,20
29764960,-0.00017183751011433103,0.0003676915062685363,0.9748507988698883,20
63074236,-0.00017186788847489974,0.0004524346840669248,0.9471679301493495,20
56212930,-0.00017189977941799717,0.00036840349101390093,0.9746870886408918,20
23686279,-0.0001721386069802877,0.0003775156293054539,0.9722064094875839,20
53263156,-0.00017216449381919353,0.00028063458338109146,0.993543275598294,20
58215702,-0.00017219588008346166,0.0003942447817704045,0.967165553558406,20
83022065,-0.00017223502168109693,0.0017338238410714915,0.6690612563738922,20
146777309,-0.00017224223874681422,0.0005316436735540514,0.9181631640249651,20
63288667,-0.00017231626712148896,0.0002989127583833962,0.9907869563034871,20
76096927,-0.00017231635447226835,0.0003461550441917085,0.9808518675405994,20
138959151,-0.00017236353936924686,0.0002252834204425003,0.9985694721991811,20
169875372,-0.00017251959309787235,0.00029951236700208735,0.9907451934688329,20
78464709,-0.00017263610021130414,0.0004663831578259677,0.9428666158298938,20
178408114,-0.00017287895614366,0.00038186022985796516,0.9714056538960744,20
73159526,-0.0001729928653265489,0.0003876836808063958,0.9697394928441541,20
104710710,-0.00017350620999827815,0.00022453132704668139,0.9986761599222151,20
127989751,-0.000173564395615039,0.00043638753043403843,0.9543529613885763,20
117752603,-0.00017357243746979334,0.0002907810149777083,0.9924236341003343,20
112337086,-0.00017365944351906693,0.000762627805424414,0.8393497835713675,20
79748478,-0.00017372075647153763,0.0004931478883676625,0.9341651148916095,20
174807719,-0.00017393273114435227,0.0004463675387019822,0.9512188399033389,20
112927208,-0.00017396639636323984,0.0003622382964884193,0.9775775885542377,20
38,-0.00017400425985728273,0.0005395019254582507,0.9172620494284527,20
62665549,-0.000174056599780234,0.00018271036225526587,0.9997885277581764,20
18712214,-0.00017406898771419043,0.0003689450569384636,0.9758249736381643,20
94707303,-0.0001741609458780047,0.0008089737222175379,0.8261262110379965,20
38640779,-0.00017425939423618698,0.0005592699419172579,0.9102133944621135,20
19445170,-0.0001745733532096061,0.0002183406778615559,0.9989914979208493,20
234315474,-0.00017457456029345842,0.0006711572882606617,0.8704344067247293,20
38861066,-0.00017459046100643248,0.0002710979299243788,0.9952058191152635,20
123753867,-0.00017464236663565502,0.0003446222174618055,0.9823495981973192,20
137029458,-0.00017464841359591531,0.00036163996796220103,0.9781087661357132,20
67272418,-0.0001748657772476292,0.0004440273765638822,0.9528555119514794,20
59124852,-0.0001753507169196672,0.000542648177424565,0.9176421197634876,20
76818625,-0.00017549841271069234,0.0003543951000423013,0.9803968766917023,20
16073506,-0.00017569182507712057,0.0003986703816024182,0.9682564421265554,20
9667835,-0.0001759207258519635,0.00021360576289696106,0.9992103720814335,20
89475684,-0.00017594370102200495,0.0002117940299346978,0.9992659057947354,20
80370073,-0.00017595416220234084,0.00038684892115922997,0.9719282773328504,20
172402774,-0.00017607260860328655,0.00046555965188345465,0.9464454367019691,20
54998032,-0.00017657111337252284,0.0004951915404979178,0.9363533414830547,20
56095152,-0.00017661901310822846,0.0002569548335812721,0.9968763204926415,20
152393422,-0.00017752278544197199,0.0003703882899591674,0.9773833652316348,20
124354293,-0.0001778445692344588,0.001216171244280825,0.7395171527094082,20
38452648,-0.00017797454884322105,0.0002580084525242114,0.9969514921264641,20
159701456,-0.00017822909625675454,0.00044216058489775,0.9563361770590726,20
11688891,-0.00017907697014571676,0.0002681814254503738,0.9962054029872263,20
105919708,-0.00017908935906799371,0.0002525058690592882,0.9974895151105915,20
43568801,-0.0001791555295493741,0.00015004080636168233,0.9999812902204716,20
43445402,-0.00017915555607273258,0.00030411017194689825,0.9918343134002137,20
79445200,-0.00017925668407397233,0.0005041561863627402,0.9358434259867701,20
177607116,-0.000179285221049022,0.00023039155938235772,0.9987470446448996,20
127758014,-0.0001793911256767533,0.00042516420378185056,0.9627282250753897,20
4416121,-0.00017940135679819224,0.0003534930908245229,0.9824691822098834,20
8017124,-0.0001795876480948172,0.00023634712924211078,0.9984914298554104,20
128766436,-0.00017966895574474394,0.00025281189821851105,0.9975253018933218,20
97723338,-0.00017967964865164832,0.0003948364065557277,0.9719857180551141,20
163805070,-0.00017986656762468688,0.0006076669666691891,0.8993503147412907,20
31473669,-0.00018047950708434125,0.0003100287163770064,0.9912709673174759,20
83708008,-0.00018059256819816794,0.0003453786364389162,0.9847742028366979,20
46152561,-0.0001806655039901628,0.00038108196334287457,0.9763104003296799,20
4868632,-0.00018067242096940218,0.0004052318502551827,0.9696416122596749,20
51918228,-0.00018077209379550318,0.0006759196242540967,0.8768057758447357,20
70676082,-0.0001808104889341744,0.0010974735917667437,0.7648749952270457,20
133074645,-0.0001810752561331952,0.0003612766024666403,0.9814346270651985,20
102533508,-0.00018111874587969923,0.0002793663228659555,0.9954043459937013,20
15279294,-0.0001811769195932872,0.00032887848878789417,0.9882666738374899,20
120375512,-0.00018141183377392845,0.0002050722210895948,0.9995765518330404,20
26040729,-0.00018146540603909412,0.00018793027558236996,0.9998146957238556,20
187631817,-0.0001815548698582442,0.00031776153880002316,0.9903273878137248,20
50315996,-0.00018181210501153622,0.0002397237776705145,0.9984695526524817,20
68495027,-0.0001818666428128335,0.00029140415069284963,0.994176141958063,20
50253488,-0.00018193934656137722,0.0003109014116163864,0.9915225844383744,20
137765917,-0.00018203575993278043,0.00020693519731565508,0.9995545936538678,20
49355038,-0.00018205520401770036,0.0002694881479380998,0.9964879906173119,20
35443632,-0.00018237613358371428,0.0005265501145392111,0.9310575343640699,20
92117183,-0.00018259623450877783,0.0001917253522699761,0.9997879830893974,20
31366575,-0.00018275680924479675,0.0001913946085892953,0.9997932859230269,20
98486309,-0.00018311540859621556,0.0003056480322372125,0.992581423823837,20
41048388,-0.0001831339048594116,0.0002511576758466995,0.9979441318292379,20
82302551,-0.00018317859537241298,0.0005169469268443231,0.9352297384149862,20
111209920,-0.00018336360769447834,0.0007734540036194544,0.8488302892925763,20
177685005,-0.00018356763118157482,0.0002672818768020676,0.9968588604116607,20
23632552,-0.00018386457503626608,0.00033072595647333047,0.9888103857980546,20
34676921,-0.00018389547051942122,0.00017854675879777358,0.9999036098319973,20
21922328,-0.00018392139990931479,0.0003111410407128746,0.9919897465430711,20
236694440,-0.0001840659534863731,0.00032258169270121795,0.9902580065778747,20
145649671,-0.00018420435514512334,0.00032237286386892737,0.9903315960427491,20
105911963,-0.00018424765880511174,0.00034087671545491514,0.987070077306889,20
92918347,-0.00018432443655032327,0.00041894898432953296,0.9680569651657635,20
86774931,-0.00018436898326958662,0.00027318448509496717,0.9964645448144139,20
50070303,-0.00018444526242069326,0.001207371002263857,0.7486334356309585,20
44846794,-0.00018483573762740347,0.002159845897708457,0.6469114163431453,20
143934667,-0.00018541612132099705,0.00039631584310778324,0.9749634820439681,20
184416530,-0.0001854249870681529,0.00018225217603852814,0.9998905472358708,20
164391644,-0.0001858807561428588,0.00020571457443016645,0.9996511190597978,20
107002021,-0.00018589958540922712,0.00022887211999688854,0.9991137266645637,20
133953649,-0.000185972655151459,0.0003794848421297996,0.9794665908836687,20
25285220,-0.0001860878807620092,0.0006621191607264979,0.887986806432047,20
73559582,-0.00018621939140544275,0.0003396122616708115,0.9879812153543484,20
49463961,-0.0001868206545240614,0.00032534543549517903,0.9905872503786758,20
58296806,-0.00018709285230948113,0.0002213626646306357,0.9993665628835036,20
151582230,-0.00018719469891787522,0.000721028483632896,0.8700020159827146,20
109514980,-0.00018751471542802767,0.0005273253905333906,0.9358626070726856,20
13413926,-0.00018768162545067523,0.0005827269809429108,0.9169795400705106,20
24087441,-0.0001877599363848209,0.00012077872856047078,0.9999993691633524,20
47152813,-0.00018827998687442616,0.00034497264304652594,0.9876911942521979,20
15350422,-0.0001884032379913192,0.0004838836077687086,0.9510963597985643,20
52056672,-0.000188467014401697,0.00029977006279363285,0.9944314383201622,20
21883988,-0.0001885722177453475,0.0006306770438520063,0.9015211053414119,20
101,-0.0001887176403943397,0.00033588216282905896,0.989417172362793,20
101687995,-0.00018873607857947117,0.00029205752851868896,0.9953089910063003,20
54210731,-0.000188840989446476,0.0005013303254725144,0.945785430126328,20
134625030,-0.0001888660603114517,0.00048799730896184054,0.950153697129742,20
114939962,-0.00018910906676037899,0.0002634404480575564,0.997696693592815,20
178408795,-0.00018913557210753772,0.0003430816700097795,0.9883096696649427,20
16414229,-0.00019012348839743398,0.0012229646060175883,0.7523406633362049,20
71081941,-0.000190249500995035,0.0004225794550710403,0.9707707996830464,20
244925692,-0.000190397903638595,0.0004845277363105669,0.9525199542610243,20
86205087,-0.00019092061534123627,0.0003823930065250573,0.981106509688639,20
41740041,-0.0001911821332987812,0.00016914575144779653,0.9999648209790626,20
58663457,-0.00019127991367397235,0.0005199380144860084,0.9418197883051954,20
73740702,-0.00019146859221665647,0.0002435545485311544,0.9988443512348039,20
126982373,-0.00019161698478741828,0.0003726700895083154,0.9835052166378903,20
61487578,-0.0001916806029858692,0.00027992197687059687,0.9967947953878238,20
31296409,-0.0001916840893548849,0.0001891305939822346,0.9998861241452044,20
158261515,-0.0001919589361194185,0.0004764985764370812,0.9562512525927923,20
63,-0.00019211725163338357,0.0002894614502807032,0.9960507967042398,20
7870148,-0.00019242525756081873,0.00043235017502467923,0.9694351759184846,20
174603358,-0.00019248414983083771,0.00038381622645054206,0.9814836757274904,20
34648875,-0.00019279800797616654,0.0005245137777380354,0.9416731614967209,20
180413154,-0.00019306351586793335,0.00043708855756605087,0.9685319164799747,20
20881762,-0.0001930761859557789,0.0004244337653086474,0.9719438640743205,20
160662929,-0.00019307886214936786,0.00026226033542869453,0.9980849684226677,20
59263700,-0.00019313895847588024,0.00032368850856629843,0.9924063834921356,20
13023025,-0.0001932996206971127,0.0004347596457714629,0.9693142767798715,20
129221880,-0.0001936224127920577,0.0002734796612938388,0.9974578428086873,20
89055189,-0.00019406562209096646,0.00018441572811829407,0.9999231131816181,20
150375134,-0.00019430095042280993,0.0006270809535993813,0.9090536101965656,20
3665303,-0.00019447449483615264,0.00028517283239287217,0.9967039642300775,20
16276215,-0.0001944970400005297,0.000346305955816259,0.9893948506506138,20
153858169,-0.0001946217363333752,0.0005396541689569068,0.9383669740271438,20
59885114,-0.00019479820186123485,0.0009885404211922666,0.8054060825425067,20
86726619,-0.00019488474603025774,0.000270531441554026,0.9977545117646562,20
36515752,-0.0001949201178581883,0.00025346489095634235,0.9986252242894222,20
153195334,-0.00019496184215445078,0.0006610363871030568,0.8985742259025187,20
157173473,-0.00019501739695253762,0.00018236833553837478,0.9999352415317228,20
166593683,-0.0001950433922207756,0.0005066037538829247,0.9493248127814362,20
80446158,-0.00019542572394349867,0.00015383498386066283,0.9999911119558735,20
118906511,-0.00019563498029096792,0.00025528222322618495,0.9985874819409302,20
54877201,-0.0001957102845829839,0.000336529966065928,0.9912221546959229,20
125584342,-0.0001958537300162433,0.00032842370110460606,0.9923817497580543,20
34857022,-0.00019589201190564897,0.00024071249782285441,0.9991276813516123,20
48863417,-0.00019591466690368486,0.00019721157389100216,0.9998603811823914,20
21628320,-0.0001960285800540834,0.00043809320531666744,0.9700627732598661,20
131272796,-0.00019632158669935783,0.0006185087538510001,0.9140246300042251,20
186421024,-0.000196901060831009,0.000346197167694734,0.9900857165777237,20
21030273,-0.000197065704924973,0.00019071156581655803,0.9999068328830135,20
36916305,-0.0001973785223576857,0.0005065387575962488,0.9512183018741244,20
111206807,-0.0001974019695371282,0.0003881124467403685,0.9826458947607103,20
114627259,-0.00019759414059043469,0.00031647665453787377,0.9941903900161417,20
10827316,-0.00019760030756103275,0.0004272760985083,0.9737452445614619,20
15685080,-0.00019779293559303855,0.0006834683933298396,0.8944496953978895,20
10423046,-0.00019790999214110705,0.0003247341533518849,0.9932863542473405,20
230712513,-0.0001980816550457981,0.00022090798678347178,0.9996255828461288,20
30690315,-0.00019833097220395835,0.00029703921247164333,0.9962034237208156,20
207861406,-0.00019838961684985336,0.0003022105101370197,0.9957581841278895,20
35021037,-0.0001984104175769219,0.0003506113286245629,0.9898139028224423,20
67227276,-0.000198942825660528,0.0004548703265235924,0.9673311565889062,20
131959966,-0.00019922779306499327,0.0005108674268089472,0.9513453553367507,20
69677738,-0.00019929872208215849,0.00042102384709999933,0.9761585650894774,20
90841271,-0.00019931784697839184,0.00019948388885449844,0.9998682947279823,20
76033004,-0.00019941220843525676,0.0006027269171105202,0.9223157038746391,20
47833625,-0.00019953883621504908,0.0002828235995369998,0.9973942016752446,20
74416842,-0.00019953898308045504,0.0002081382138084548,0.9998011708023001,20
102490732,-0.00019964666837224976,0.00017477158929957967,0.9999687963467964,20
22261975,-0.00019990593264409274,0.00034693852395074524,0.9907626421670599,20
105645232,-0.0002000377995543895,0.0008631054394718858,0.8435060196275606,20
165598203,-0.0002000607816584038,0.00044754024502299377,0.9699492754339607,20
85804696,-0.00020008752310027577,0.00026956932119920725,0.9981980167676655,20
138164365,-0.00020011558526035754,0.0004423044247138806,0.9713332378911865,20
83369505,-0.00020027097726358912,0.000459452736716716,0.9669150786629069,20
86317533,-0.0002004013491578638,0.00033023621764643655,0.9931148155637263,20
810722,-0.00020048645613323645,0.0004686432532777528,0.9645425762130624,20
41122228,-0.00020074675733217084,0.00042856166820398346,0.9750894959089215,20
150340718,-0.00020097735725958522,0.000591512267451478,0.9274475493854387,20
63059865,-0.00020108896294615541,0.00040123938904800823,0.9814278957453271,20
48346333,-0.00020141889744587914,0.0007790311209404005,0.8690489986175802,20
2614147,-0.00020160347462262195,0.00031299419320312416,0.9952105197078552,20
76300450,-0.0002016369574803334,0.0003154941962575375,0.9949700502228656,20
11075017,-0.00020194707996888385,0.0004894846856508577,0.9596635581073725,20
73101763,-0.00020197861001158002,0.0003342351791303914,0.992943761163284,20
62727746,-0.00020215639864841484,0.0010439160631373382,0.8013630742485971,20
106519835,-0.00020216464464388462,0.0005975930529306564,0.9266212161139668,20
124983825,-0.0002022027821438066,0.0004232317705271705,0.9770726414845237,20
30469293,-0.00020224677543595194,0.00034845543458635227,0.9911257795727783,20
61658073,-0.00020232592034107876,0.0007488478347428785,0.8791209159458511,20
9467896,-0.0002024103116962661,0.0002821322555745809,0.997687129826168,20
130991959,-0.0002024376106685627,0.0006136552656006418,0.9217448744169059,20
113338149,-0.00020248021285048656,0.0002751018103142602,0.9980812717678511,20
129591144,-0.00020249022502326353,0.0002172691608796334,0.9997389228095532,20
35905513,-0.0002025101771153226,0.00021911154789496583,0.999717443959586,20
83504563,-0.00020265245774522266,0.0004037835388826234,0.9815479895476827,20
8617560,-0.00020277516921671235,0.00022651860379050546,0.9996198428749261,20
14424121,-0.00020289119052616656,0.000311450367117513,0.9955431772137904,20
104403222,-0.00020313164568980246,0.0006712938546069075,0.9040716012203402,20
117055764,-0.00020376731251292023,0.00023308693239510584,0.9995290286914337,20
15024529,-0.00020386471482154446,0.0005838994282046054,0.9325361811686109,20
35505197,-0.0002040826591882511,0.0003801338923851884,0.9866241420447233,20
174004124,-0.0002043328298808822,0.00036584201735381485,0.9890795233004017,20
60657101,-0.0002048727154938368,0.00021572266985702952,0.9997821094949164,20
22122943,-0.00020538526488750875,0.0003988456338171531,0.9836221331329179,20
6796737,-0.00020547024289208627,0.0002631733916548216,0.9987792238210466,20
62901975,-0.00020565926854345106,0.0002681985580838309,0.9985941790708703,20
28693399,-0.00020569652901573644,0.00047042192552565655,0.9673024717240193,20
146650394,-0.00020596680402892864,0.0003139494051884675,0.9957409814284389,20
57414311,-0.0002060108135868155,0.00028247813276348083,0.9979470070731686,20
100841893,-0.00020615649589637852,0.0002890996274880442,0.9975844729050156,20
120612285,-0.0002061617133573501,0.00018948430675467477,0.9999463139301834,20
167708818,-0.00020664775111714772,0.0002941436518622065,0.9973153043472692,20
62087912,-0.0002069390618835404,0.0002531194132121814,0.9991604073570106,20
82690118,-0.00020704802189669137,0.00031549804062671737,0.9957496498964473,20
37299956,-0.00020717415630941427,0.0002599172576391422,0.9989658662136416,20
108922158,-0.00020745612702759985,0.00027418750594413523,0.9984414139024117,20
51454207,-0.00020746325336735427,0.00031765693372698135,0.9956155969798218,20
29843850,-0.0002078034914328425,0.00013905652766186223,0.9999989146734712,20
50514534,-0.00020790154386484682,0.0003205758816174524,0.9954136088684072,20
88156698,-0.0002080093635891983,0.0002865210254630759,0.9978774300554359,20
90693537,-0.00020812416713875958,0.0002854501458556249,0.997943088323044,20
77964717,-0.0002081979494626851,0.0003546900860633244,0.99166618868645,20
83322217,-0.00020845741005806883,0.00019607847795770933,0.9999310501729349,20
32474613,-0.00020870622287758045,0.0005221515529774193,0.9550928316925064,20
26440960,-0.00020871968799391906,0.0006023995360517741,0.9311218660746167,20
178609356,-0.00020872369756977648,0.0007041951541349725,0.899645170561375,20
109160306,-0.00020902694049579896,0.00024443808028918294,0.999427711866265,20
32332162,-0.00020916328921615767,0.0002125021711923996,0.9998467929022122,20
25428002,-0.00020922307321825096,0.0002569862894952144,0.999130698583995,20
37902580,-0.00020938410627829862,0.00039414513738100847,0.9859056568006166,20
79713751,-0.00020941079706949527,0.00034932673816238474,0.9926073925535477,20
85288115,-0.00020949288759679885,0.000270289086840692,0.9987069473425046,20
122061475,-0.00020960877789651388,0.0009985325191595956,0.820186319580837,20
101527507,-0.0002096218113313425,0.0015951873987107724,0.7181659140933674,20
22035150,-0.0002096397326412619,0.00020001707611493034,0.999919769261381,20
136791346,-0.0002096775672387835,0.0002330383264019299,0.9996371993569033,20
58338245,-0.0002101846987537459,0.00029867473498270205,0.9973468909565552,20
125944682,-0.00021032960661225564,0.00043887752458879244,0.9773744981356385,20
120660398,-0.00021047409257007876,0.00026592566729615147,0.9989053003440123,20
13622048,-0.00021050827889517175,0.0003016350320209022,0.9971877012736537,20
94012670,-0.0002105354582404434,0.0003123792889207811,0.996432352024373,20
37633338,-0.00021060211479712043,0.0004871361599940129,0.9658878482641884,20
18626069,-0.00021076961643392845,0.0002851137293620455,0.9981426675645274,20
83998810,-0.00021077245610365557,0.0006819683821990696,0.9085245654988655,20
29728387,-0.00021087449883417376,0.00021913333088126823,0.9998083835110841,20
48489071,-0.0002109223547600042,0.00028754021167349685,0.9980327842955988,20
125581166,-0.0002110794978762015,0.0002901189936578869,0.9979108483168351,20
33913636,-0.0002111323936939108,0.002587486015115587,0.640397469208736,20
161189344,-0.00021113421213010686,0.00021068903580654248,0.9998721753289839,20
51117452,-0.00021126346122624096,0.00030140276990377727,0.9972718743324636,20
57356184,-0.000211792617557216,0.0003166339475282322,0.9962480472930619,20
140195127,-0.00021190848567997634,0.00035184803184694434,0.9928043678952783,20
14077042,-0.00021204483041222799,0.00046988674529582563,0.9710390227113131,20
149571929,-0.0002121529231889685,0.00034086228684318835,0.9940787834859293,20
97231778,-0.00021265777709923717,0.00029143822616087137,0.9979549532921449,20
171598212,-0.00021278815316699563,0.00034716418756129946,0.9935087465460639,20
135660866,-0.00021283366102049507,0.00041348168280237534,0.9835899899488222,20
114519462,-0.00021287168160879778,0.0003544133058042352,0.9926896256315019,20
47145848,-0.0002129183983250932,0.00042566484518659874,0.9812640873108524,20
31247398,-0.00021303120002799935,0.0003983874856918346,0.9863557761839056,20
32297173,-0.0002132594883057226,0.0007123464182522769,0.9017904724936373,20
8269766,-0.00021332878943935984,0.0002892881450087977,0.9981082794566767,20
16281187,-0.0002133441975932765,0.00026416468745414667,0.999071011082522,20
113663529,-0.00021349028414539283,0.00020935903471529978,0.9998930949003881,20
30337208,-0.00021350791275027704,0.00024454651337899817,0.9995235379206229,20
100745956,-0.0002135832181938191,0.00043166068989588597,0.9803238741374743,20
5014377,-0.0002138264705220161,0.0003060897668268198,0.9972068284473263,20
52445279,-0.0002141559742194099,0.00034339336870511613,0.9941501062665716,20
8407174,-0.00021430002171198004,0.00048511159115860073,0.968545686524618,20
132960759,-0.00021462344086405628,0.0014806084109055542,0.7377139928186462,20
39058157,-0.0002147658588777468,0.0001996124318101783,0.9999393741484585,20
95882224,-0.0002148232958808366,0.0004794675677605262,0.9702150795302024,20
108514361,-0.0002148819840438382,0.00039203346149413275,0.9879577875381258,20
37106190,-0.00021494217523299053,0.0003809075786635765,0.9896576839934383,20
41642011,-0.00021527899871250366,0.000443928624977285,0.9784987679550288,20
79798339,-0.00021528402619075128,0.00022446430926416632,0.9998020126439149,20
126956492,-0.00021546532870836687,0.0002683964970727313,0.9990242071458929,20
112901324,-0.00021573332943082557,0.0002826483770044979,0.998542587890042,20
233514934,-0.00021584414018744057,0.00019959372241497815,0.9999426367291563,20
36039763,-0.0002160544584210805,0.0005771040533325083,0.9447694681953999,20
206660085,-0.00021606323966544828,0.0005743114092950389,0.9455806642722903,20
133682550,-0.00021740473270775995,0.0003410777028162684,0.9948851748839259,20
60,-0.0002174693415872786,0.0005685576090048842,0.9482793306930452,20
109737344,-0.00021750109007522277,0.0006940374108684615,0.9114058753106323,20
147377800,-0.000217631239862745,0.0002612761075215572,0.999282372773799,20
216297468,-0.00021765856291761643,0.00024457417651592943,0.9995989713515814,20
12201845,-0.00021770171765925217,0.0007419955156789317,0.8974451138699037,20
49915506,-0.00021852153021331423,0.00040089594902802225,0.9876104113778,20
75183461,-0.00021857137890058664,0.00017551546066103368,0.9999886686707995,20
157789987,-0.00021869189411503065,0.00035052660762715187,0.9941642693365134,20
10370644,-0.0002187537169622139,0.0005650371091512948,0.9502052091949532,20
89,-0.00021893089491215045,0.0003771575441718689,0.991131421631027,20
80091981,-0.00021988084972237866,0.000522304597234863,0.9624263660354103,20
85688647,-0.0002203389999022698,0.0005313643190905424,0.9603681288243692,20
25485339,-0.0002211049976380719,0.0002953967273941597,0.9983081840296373,20
25360423,-0.000221279483126402,0.0006936509643966319,0.9150451848306174,20
127357767,-0.00022178250170304948,0.00019954698570993413,0.999957538738757,20
239118919,-0.0002218310006782853,0.0002786491353283845,0.9989554802717119,20
135354471,-0.00022191875777860802,0.0004099294737273962,0.9871718459905544,20
85037341,-0.00022194696576107175,0.000340390093603639,0.9955692865589337,20
38243597,-0.0002220473807483525,0.0005630435439629311,0.9530694330792282,20
12470239,-0.00022212043823590933,0.0003583193052004647,0.9939327856829829,20
42958558,-0.00022236846820711254,0.000434374002076246,0.9831626829760749,20
123816089,-0.0002230722785457523,0.00040763768345588165,0.9878570208646561,20
72271917,-0.00022334676099761697,0.0004417971485047679,0.9821517621010633,20
40,-0.00022338848916109155,0.00035221899014870885,0.9947239387172329,20
43829304,-0.00022357980554775226,0.0002615455551912317,0.999426004997207,20
76833695,-0.00022369393283365457,0.0006767731278331782,0.9221262621170835,20
154058200,-0.0002237706222214364,0.0004794721575163029,0.974708250107846,20
46953957,-0.0002239446700318809,0.0007338354064190565,0.9058633107561451,20
26689788,-0.00022410041083232858,0.00016644999118709696,0.9999957066669994,20
143372474,-0.00022438077909378297,0.0002839922173650533,0.9988898186178516,20
158800291,-0.00022439957317248738,0.00023599767637619577,0.999784651322191,20
231913653,-0.0002246390937492765,0.00023012821374862654,0.9998335647655524,20
126877035,-0.0002252226425592807,0.00039484112095156717,0.9902404968042939,20
80599204,-0.00022570615994217392,0.000432188743982053,0.9846836941765017,20
8835907,-0.000225784547203145,0.00021515646176757322,0.9999208056464877,20
5866892,-0.00022584666292636003,0.0003868653604516863,0.9914072944953186,20
94106403,-0.00022609786624247784,0.0004951523578461001,0.9723630481586127,20
201836853,-0.00022667563678702152,0.00028520229542468273,0.9989415285339882,20
190825536,-0.00022678277052338714,0.00022115440316211433,0.9998991100967737,20
76162177,-0.00022693204735380333,0.00039205425032568,0.9909909916163578,20
103728046,-0.00022696438787601081,0.0004952187025621074,0.9727691267798613,20
123325794,-0.0002271453660768863,0.00033094701869509577,0.9968449373121789,20
158299463,-0.00022718006811395242,0.0001939743327680845,0.9999765594784092,20
134028055,-0.00022718588012013985,0.00020973532830960336,0.9999436563501535,20
74632186,-0.00022728598182877313,0.000674630745032121,0.925830770057223,20
132081873,-0.0002273458643170162,0.0002772807340861105,0.9991803290179381,20
12873605,-0.00022799581202895825,0.0002559747163366119,0.9996020221714179,20
86913446,-0.00022830673713740147,0.00025895847071304845,0.9995634201574337,20
163604977,-0.0002286331764130095,0.00019158913302837565,0.9999811620603751,20
6069303,-0.00022869804708242625,0.00038886940466032946,0.9917554263974199,20
1260932,-0.00022874463477853268,0.0001618089379240098,0.999997719088529,20
134371304,-0.0002288161883116896,0.00029565021309057584,0.9986920832650458,20
92182752,-0.00022889870680199153,0.0005025820545528007,0.9720766937838385,20
228086973,-0.00022890145628665093,0.00031277829605910626,0.997998689417626,20
34019487,-0.00022932162743300732,0.0003966508362682484,0.9909321398357014,20
53853911,-0.0002293713579550216,0.0006158102044155256,0.9439162878456393,20
14231295,-0.00022998430559856287,0.00025876541285943077,0.999594133640609,20
28834019,-0.00023010098418103643,0.0004208601460867205,0.9878009701778551,20
105330658,-0.00023056821182565744,0.00023341057681101288,0.9998522017218585,20
76076034,-0.00023058677889409852,0.0005282939923029941,0.9670808102186781,20
48234475,-0.00023090325256747702,0.00028232125530869306,0.999163131739008,20
156572976,-0.00023096535373029746,0.0002280327596739866,0.9998853817392415,20
63405625,-0.00023143616637992802,0.0005894873202340276,0.9523831882057057,20
29831521,-0.00023145890382808565,0.00044794773367200333,0.9838845142712895,20
40343426,-0.00023153191384408522,0.00031462857335081876,0.9980787672313639,20
150981216,-0.00023174354821572652,0.00025764782989721395,0.9996360964308776,20
80548976,-0.0002322061297543504,0.000263717982118897,0.9995583725997625,20
180624636,-0.0002327868219968665,0.0005239489654573272,0.9692291648911581,20
0,-0.00023282139528288116,0.00042267211298343513,0.988259953672401,20
152578125,-0.00023302892298573407,0.00028558479070075863,0.9991467507837782,20
126556256,-0.00023351778952098446,0.0003761255088025412,0.9939888638800963,20
14641086,-0.00023351937561025548,0.0015920790551710083,0.7401405122619463,20
41042779,-0.00023376176353815948,0.0003856456495928578,0.9930690691247324,20
49955155,-0.00023377585785621936,0.00023865597022127338,0.9998392312760589,20
27866875,-0.00023377792393388942,0.00020669276077839386,0.9999650864367092,20
101522541,-0.00023388454875218067,0.0004905933372452231,0.9768630730239161,20
37943039,-0.00023389863141399237,0.0002455391873697069,0.9997884310306577,20
67293254,-0.00023423190117024818,0.0035823323068559614,0.6134295714091715,20
147851270,-0.00023456421506950486,0.0003238441551740058,0.9978414958552602,20
71076543,-0.00023463774976292262,0.00029376462258530743,0.9989830672904424,20
34728322,-0.0002349094458074824,0.00031745815605203995,0.9981561377732294,20
79998981,-0.00023497660239775177,0.0002510397378257994,0.9997494544923766,20
6196493,-0.00023499449853976452,0.0003772766154791711,0.9941057871960177,20
121751674,-0.00023571973535374546,0.00024399461652615446,0.9998156110431036,20
71390290,-0.00023577558843601852,0.0005138974727145374,0.9728853496134832,20
161864741,-0.00023629901445409995,0.00034711139779680216,0.9966646143295783,20
153976551,-0.00023637770741024577,0.00044365123527766604,0.9861087038369986,20
180811478,-0.00023638918609901748,0.0004543374089229702,0.9844068356473754,20
3664025,-0.0002369774474545977,0.00025505700974934,0.9997311811324875,20
22080747,-0.00023703035559709818,0.0009260166429018577,0.8667298603650319,20
228510516,-0.00023715341329048344,0.00023697854590546956,0.9998703782121087,20
140480881,-0.00023744144024358816,0.0002982075810221743,0.9989569060859352,20
70177955,-0.0002375423516716879,0.00041644811234803044,0.9902393390002995,20
6069329,-0.0002376889389619302,0.0004446474895606749,0.9863332258123716,20
166593682,-0.00023789908510738478,0.000517415434278201,0.9731187446506769,20
7266268,-0.0002383789595115704,0.0005189542311863205,0.9730149918614063,20
77063668,-0.00023849248484431873,0.0001616959279317313,0.9999987041601751,20
96082253,-0.0002388643788997197,0.0001886808946748864,0.999990726510086,20
21485948,-0.0002391697785048469,0.0007576544282039135,0.9129006798201931,20
23126366,-0.00023958008028286405,0.0004908354997228359,0.9791014052693277,20
64329017,-0.0002396244687793647,0.00031412360856898885,0.9985363511179614,20
125817619,-0.00023976072452166764,0.00027400480414852105,0.9995329196269461,20
44045851,-0.0002397622415492351,0.0006677277863387181,0.9375968367634263,20
162390353,-0.00023991879042498942,0.00031133909282695147,0.9986470633440281,20
93115327,-0.00023994095985096776,0.00028716797263613804,0.9993010611172389,20
193439274,-0.00024004027363259405,0.00030059030721565666,0.9989813687352278,20
78064162,-0.00024044126737544913,0.0010381303265476031,0.8433482083440604,20
72838048,-0.00024051868280478562,0.002253408911858307,0.6807159856759275,20
3813113,-0.00024055453514257863,0.0003798839494023802,0.9946721190142209,20
47931975,-0.00024056410266115602,0.0002658671266445799,0.999655519096585,20
67886129,-0.00024100809248843723,0.0002867456513968138,0.9993354932062797,20
54694393,-0.00024115373106535498,0.0002966572953006416,0.999119674032341,20
82768986,-0.0002415936027359039,0.0001465837740714218,0.9999997232915412,20
74563889,-0.00024210386179836506,0.0011893131471391641,0.8129850914198261,20
24897228,-0.0002421504914692424,0.0005888160860767542,0.9592138294635559,20
51851725,-0.00024250334687566099,0.0005611416130962921,0.9658392193703483,20
6869794,-0.00024286909165606996,0.0004247113476985631,0.990372221010029,20
21083435,-0.00024308717858944617,0.0003714599167472395,0.9956715897432523,20
16951941,-0.00024349770173100194,0.00046299582283022004,0.9851946891530021,20
98925194,-0.00024353564113976378,0.00048501126510944756,0.98158813965836,20
188223010,-0.00024381663982359913,0.0003096473686855879,0.9988590244412081,20
28870129,-0.0002445472107997948,0.0004812336103049514,0.982573965662134,20
17287814,-0.0002447740812874355,0.00036568685295028147,0.996265326672703,20
53266674,-0.0002449712538241472,0.0006548552833392769,0.9446393153802064,20
71659609,-0.0002449950353871827,0.00043802773105390975,0.9891601896725705,20
174202219,-0.0002451371417076076,0.0004281413113596444,0.9904374844106358,20
47529641,-0.0002454595228216894,0.0005298667485688649,0.9739255534311377,20
100330993,-0.00024548783219072444,0.0002488058844787242,0.9998504507268279,20
8467037,-0.0002458354482927583,0.00037428436614097107,0.9957729137678902,20
14824413,-0.00024603065430181537,0.0008153195394401472,0.9034826455691342,20
150791535,-0.0002460661487564297,0.0005323636906311494,0.9736872185314218,20
7866171,-0.00024623931670779696,0.0003239765952112732,0.9984945673635917,20
18644651,-0.00024653829551291305,0.00032700168322357434,0.9983985314685018,20
88314261,-0.00024690246705910414,0.0008102812028585052,0.9055462813871537,20
8021213,-0.00024708623604875193,0.0007802132223977999,0.9135606023912102,20
94307138,-0.00024716674419297536,0.0006334237927134237,0.9514362607806279,20
38736231,-0.00024725951369636566,0.0004313014276391087,0.9905031894400571,20
94306378,-0.00024740482910173833,0.00024474487093317516,0.9998830424307092,20
41041171,-0.0002475750581138636,0.0003778364989746274,0.9957069829340144,20
85372505,-0.0002476934860082158,0.0003002882356855706,0.9992205728466799,20
216706,-0.00024791174056086607,0.0005859514941372196,0.9630928915176029,20
78489995,-0.00024794389848541154,0.0013697718555629973,0.7858770115473109,20
143172279,-0.00024796331689740656,0.0006890762843144442,0.9379790619212193,20
23693090,-0.0002481433873301242,0.0005483512567964604,0.9713551866272816,20
42710453,-0.00024816123752007533,0.00040051622996133005,0.9939155590879802,20
59059069,-0.00024856934808805407,0.0011765441946819464,0.8216969023876801,20
72660154,-0.00024857219355002016,0.00039624877559614875,0.9943553611533985,20
57013397,-0.000248587432546879,0.00033902522844267256,0.9980268614443412,20
43747390,-0.0002489698737770052,0.00042040677852679003,0.9920732730487104,20
40302318,-0.00024907567769336114,0.00034126946941623966,0.9979583764293171,20
6067603,-0.0002493666853315729,0.00045786819326029254,0.9875573139180007,20
42746809,-0.0002494790492512,0.0002129832800334322,0.9999765985697986,20
85272044,-0.0002498803608581318,0.0003446156173521033,0.997858489389422,20
61620766,-0.000250862441489752,0.00025311758731340827,0.9998570310006297,20
54882458,-0.0002508702206594271,0.0004189446425248542,0.9925606322243888,20
37,-0.0002514136851499399,0.00040231617082356753,0.9942219538475316,20
33272665,-0.00025150311543695457,0.0004957167499883266,0.9824439409401641,20
107448396,-0.00025152263278427345,0.0005932715822171926,0.9633633666006558,20
10688265,-0.0002516585343305761,0.0007883608984565394,0.915179049396432,20
19881127,-0.0002519357783164561,0.0002815114130798842,0.9996189048426839,20
48390423,-0.000252094502156755,0.0005317805798927736,0.9763044357965889,20
77596104,-0.00025220487953887263,0.0004622386674994233,0.9876720410361588,20
107096320,-0.00025224936887202897,0.00024226966067455256,0.9999139632831981,20
156698673,-0.0002524763825599019,0.0011103689534821455,0.839006652487374,20
59765696,-0.0002524986966752074,0.0006607187483171882,0.9481381439145329,20
37116476,-0.0002527602630347903,0.000550106382044959,0.9730458680778679,20
99530260,-0.00025317886730542307,0.00022061742132689123,0.9999703862743522,20
25888830,-0.0002532901858364217,0.0005641153077129776,0.9704623923315723,20
54320299,-0.0002533225435149472,0.00037010120726818516,0.9967853443814606,20
72901752,-0.0002534008101383045,0.00025968029553721767,0.9998330062814861,20
47309757,-0.00025346584833957076,0.00042777771903691406,0.9920964986716164,20
130559690,-0.0002538498946372481,0.00042990006591031,0.9919409638253269,20
138366077,-0.00025390528365569763,0.00029943483997568407,0.9993841651776649,20
101289596,-0.00025437199287944303,0.0003064557669838815,0.9992607567678502,20
182414925,-0.0002546216518158617,0.00041354475342929515,0.9936808984394154,20
199651195,-0.0002547035559212124,0.0002649796114730938,0.9998062398668127,20
152378025,-0.0002553926207623042,0.00040981768989747783,0.9941238455379491,20
68711168,-0.0002555734205036242,0.00047007549059823253,0.9874475820202803,20
119753885,-0.00025560333804225676,0.0007693859152345989,0.9231212903201826,20
169610232,-0.00025572470099467505,0.00033778930661858394,0.9984482136565687,20
203256036,-0.0002557779478968847,0.00032973627446295883,0.9987152438898355,20
138030047,-0.00025592647365784983,0.0003113318903644514,0.9991978881397476,20
6671609,-0.0002561523076301836,0.00045826493810051334,0.9891240725387999,20
28669837,-0.000256478761171125,0.00024446705837906336,0.9999205952901792,20
1261635,-0.0002572797203556243,0.00038308949037717884,0.9963471463718624,20
81301664,-0.0002573526152572059,0.0005105717124738931,0.981907451299299,20
77796139,-0.00025761007656882606,0.00038870672283462847,0.996012797955897,20
77307602,-0.00025772490362416245,0.0005341108248895799,0.9780295018374885,20
80219866,-0.0002579414096745669,0.0002654840163506248,0.999825660295962,20
9021912,-0.00025836007709542365,0.00021475893461703172,0.9999828703956525,20
106338581,-0.00025845228474142835,0.0003341451988304979,0.9986858473578181,20
62661961,-0.0002584916844597551,0.0006258642108128995,0.9598140142299496,20
36231284,-0.0002585115175739644,0.0002391245272837401,0.9999424389200524,20
33619080,-0.0002587349720416687,0.00040650143708172767,0.9948392716780352,20
70630073,-0.00025878598432219345,0.0003912737925596848,0.9959595846881752,20
121661170,-0.00025896771585367796,0.0005409692516006644,0.9772664384174679,20
21034095,-0.00025929736288442804,0.00044434623386532655,0.9913877177650482,20
29445193,-0.0002594995278106249,0.00021611032834659884,0.9999824876262192,20
93844295,-0.0002596554333323564,0.0004967935850482624,0.9847432604023987,20
5063940,-0.00025982478793890317,0.0007406530604737083,0.933406216268224,20
54079964,-0.0002602078745784997,0.0004294171645987065,0.9930556046682514,20
26866087,-0.00026033142388577347,0.0003363202805444167,0.9986936178932504,20
46648853,-0.0002603882865656132,0.0003409365183463877,0.9985497574443148,20
29088278,-0.0002604157260214568,0.000410362145034587,0.9947428811047838,20
46466083,-0.000260503279478283,0.00028214982426520946,0.9997146806503543,20
31447488,-0.000260924391156811,0.0003621834022818018,0.9977554848124596,20
7806529,-0.0002610005686405903,0.0005920467395548803,0.968297553657267,20
101194293,-0.00026160445531408784,0.0004704971120063294,0.9888182550818841,20
139559491,-0.0002618570100793111,0.00032566762655042214,0.9990367798098971,20
21004578,-0.0002621346220292475,0.00045063088202316207,0.9912348828568377,20
91409580,-0.0002623448362857023,0.0004224005675253492,0.9940022878350654,20
46116205,-0.00026323856388108804,0.0007656614965919397,0.9296763901906776,20
45268032,-0.0002634232527992775,0.0005198033728876788,0.9823512277308283,20
47554353,-0.0002635461615047907,0.000306891270938014,0.9994485243941481,20
112542699,-0.0002635491744767321,0.0005135118573757626,0.9833619177931396,20
85687687,-0.00026366076214617287,0.0029525459500374454,0.6529590642477724,20
92680083,-0.00026398468929020866,0.00012176278493547945,0.9999999956810889,20
42703618,-0.0002640596805255441,0.000495699674438911,0.9860958338940246,20
71358495,-0.0002651771429459188,0.00039922203984622264,0.9960713792699435,20
41247430,-0.0002652884535093769,0.00045235508792176073,0.9916242262099717,20
44999004,-0.0002655991574176175,0.000907134441143453,0.896992338849605,20
92880148,-0.0002661950775802696,0.0004817807454826807,0.9884448568486583,20
26090381,-0.0002661993118275974,0.0004926465470495618,0.9870500865338017,20
61057489,-0.0002681586836244615,0.0006375728683272251,0.9623023558622499,20
88298669,-0.0002683690705954811,0.0015160762985778537,0.7808279961629393,20
24527946,-0.0002687206258250696,0.00033601368243420016,0.9989933984361966,20
80,-0.0002688015301016922,0.0006418044678651068,0.9617331019629791,20
101888862,-0.00026916495053338205,0.0002151741972426967,0.9999892694176283,20
24884944,-0.0002692108941081017,0.0004377741236019856,0.9936346889840135,20
47088062,-0.00026979932600000036,0.00037656201898244457,0.9976649859709008,20
24887193,-0.00026988779664455784,0.000515330460392502,0.9848909942811002,20
58415256,-0.00027016968745477985,0.0013179594837475841,0.8146172451591527,20
170730606,-0.0002706974584513355,0.0002681993060925125,0.9998811844290706,20
14435366,-0.000270958736026089,0.0003945600706441796,0.9968570526558247,20
173879798,-0.000271628948605393,0.00024711698440948337,0.999952006135474,20
11209792,-0.0002721180232492515,0.0003441700768897409,0.9988960607107712,20
48051528,-0.0002726877396393018,0.0006287386502921969,0.9662887110591704,20
13890344,-0.0002731470280519954,0.0003330474054577293,0.999182267281692,20
33297667,-0.0002732886084819891,0.0002906827934063924,0.9997598351557825,20
88854883,-0.00027338314506153704,0.0004844779166150449,0.9896571405845251,20
45067768,-0.00027356074635850327,0.0006216197925341598,0.9680868813751704,20
92094538,-0.00027375059994272366,0.0004866585592039403,0.98948232918608,20
137792328,-0.0002738829357934403,0.00027016637406493166,0.9998864186037536,20
164905981,-0.00027448301367000437,0.000359772842649833,0.9985378206718217,20
75561689,-0.0002746974080975517,0.0003884721932138116,0.9974355341405197,20
18677882,-0.00027499492577373884,0.0003463516850206224,0.9989327467477405,20
61661564,-0.00027500166332819487,0.0007282063075782479,0.946205422841137,20
15550435,-0.0002755104858458729,0.0004080727611609604,0.9964737241551415,20
82489969,-0.0002755110718945963,0.000730614571123817,0.9459668974735688,20
95708037,-0.0002758027889223552,0.00023952097852612003,0.999971506447281,20
30096355,-0.00027588537207478,0.00033713733725331587,0.9991669027483755,20
23464810,-0.0002760087659397309,0.0006544664619024766,0.9626640847636718,20
8268997,-0.00027655414253805187,0.0005475656653679815,0.9820735295280125,20
38139802,-0.0002768567339528516,0.0004113522017718218,0.9963992041117677,20
22631461,-0.00027723839888556533,0.00028823009347553406,0.9998075098172999,20
19078101,-0.00027753122112908756,0.0016420993883100045,0.7704916601637868,20
113938804,-0.0002777554404198329,0.0010180652214130843,0.881325825917629,20
107133166,-0.00027801824605300506,0.0003489816372544148,0.9989614249778672,20
164668038,-0.0002781078709452794,0.0003791593471903737,0.9980316967814343,20
12611254,-0.00027821549527330127,0.0002552677108782061,0.9999473184781145,20
41649868,-0.00027841090277032354,0.0004911959379211602,0.9899006668674403,20
107897561,-0.0002784395111508381,0.0003090010618178975,0.9996421312731861,20
65407609,-0.0002796213108935908,0.00037537085680578705,0.9982459158452814,20
142781170,-0.0002799245520954924,0.00021113332022778023,0.9999947811322958,20
89721553,-0.0002804689177570097,0.0010602537633078882,0.8743021571116579,20
197845389,-0.0002806320527498379,0.0004757052159961043,0.9918977942879466,20
154184341,-0.0002811630663970832,0.0005576626280479811,0.9819293920426101,20
127268290,-0.00028140804165914247,0.0003973727575464445,0.997462310964472,20
42460730,-0.0002816852211383697,0.0004296342056470662,0.9957236875882951,20
9207772,-0.00028174268126666404,0.0005060592529890098,0.9888939287090179,20
165993353,-0.00028205362856941754,0.0005028664468368316,0.9893203282510256,20
57662473,-0.00028260378758241387,0.00026401122592787534,0.9999359309771686,20
127957893,-0.00028281834328154897,0.00030121544783386685,0.9997567846325444,20
134361432,-0.0002829510131491936,0.00044357123088014825,0.9949095340841173,20
59248761,-0.0002830686710784486,0.00041642576419772176,0.9966313052221312,20
19481492,-0.0002839178122785946,0.0009453722182466688,0.9024660618260655,20
88978501,-0.0002839317181191736,0.00018291145510371539,0.9999993561372634,20
41903782,-0.00028445845945423434,0.00023096929190964468,0.9999870478297811,20
60059641,-0.0002844896594259294,0.000262493299079528,0.9999439921086833,20
69989135,-0.0002845949194622416,0.0002479234836346569,0.9999704808112454,20
156182956,-0.0002846420602629518,0.0002189416014983515,0.999993324557278,20
42724638,-0.00028521811365689597,0.0003362003555506302,0.9993867318455786,20
122753197,-0.000285764454833487,0.0010232420970300684,0.8865734927841703,20
9079077,-0.00028592692927564,0.0008272165581940759,0.9306754728385357,20
61072859,-0.0002864058907005612,0.00021254378923590356,0.9999957536994777,20
21202103,-0.00028668340445824335,0.0011282071220884917,0.8650387260476916,20
94481908,-0.0002871527635797261,0.0002319664488465984,0.9999878218467315,20
44750201,-0.00028752486056519424,0.00045104032730898107,0.9948884331046787,20
106646203,-0.00028808854243235206,0.00041968693299675674,0.9968476711620574,20
126155985,-0.0002883417796671728,0.0002136328828526803,0.9999958409950918,20
154384684,-0.0002885946558157465,0.0003351195456764552,0.9994619222873988,20
34969919,-0.0002887524374227318,0.001678953057275426,0.7743651351728157,20
24127743,-0.0002888710411254686,0.0003592830789649659,0.9990363738126293,20
65276625,-0.0002892357000412904,0.0003359922680627884,0.9994601119082074,20
122339338,-0.00028968020203510024,0.0006157659413155141,0.9755309559826743,20
111344330,-0.00029043220232154165,0.0005152699011672911,0.9895950212373953,20
10838413,-0.0002909671268952335,0.00033172554796616913,0.9995428711906815,20
99512608,-0.00029151286396487676,0.0003462326500729091,0.9993453339173645,20
71579736,-0.0002919381888342676,0.0005005144536858036,0.991365329670243,20
216871444,-0.00029200568228238686,0.0005184184823900137,0.9895567812810752,20
34242891,-0.00029248501517919746,0.0003725072622253718,0.9988329948781257,20
4467757,-0.00029275688287628556,0.0003869797903195667,0.998439772345895,20
45244632,-0.00029301468011324607,0.000425529950472413,0.99691443287545,20
104934301,-0.0002931085562252023,0.0004899856012434211,0.9925163681637247,20
136763676,-0.0002931218591586876,0.0006027553099826542,0.9787600582817955,20
130391352,-0.0002931755123146973,0.0007031349528290808,0.9611250663481605,20
117121715,-0.0002934816622582881,0.0005164359131005374,0.9900413338526678,20
12289206,-0.00029428105079023494,0.00047911687947593476,0.9935889658998444,20
78797120,-0.0002945289119438782,0.0003350402497013034,0.9995519009190185,20
42665294,-0.00029460660009974495,0.000786252512044753,0.9449117120217481,20
65263265,-0.00029491200356855375,0.0024217845717149538,0.7038156983338552,20
36250159,-0.0002950825644151667,0.000322911877148099,0.9996857377903883,20
22429609,-0.0002951431293851697,0.00037430474123497113,0.9988718059408241,20
103492074,-0.000295437349320174,0.0015695449217141314,0.7948134298996277,20
99526455,-0.00029563063007926883,0.0006007468717431697,0.9798404113320504,20
126618229,-0.0002957748828835732,0.00032986761484673734,0.9996254941745231,20
89255199,-0.0002958082434463355,0.0005230913711314252,0.9897754337467545,20
46831206,-0.0002959781717217641,0.0003070615906987003,0.9998114690592657,20
98925933,-0.00029726263297207565,0.0002609560358575515,0.9999677874572788,20
82368357,-0.00029735180192722586,0.0003909320810668259,0.9985032204457212,20
73031538,-0.00029736409222958226,0.0003038920084558956,0.9998375330666954,20
91041588,-0.00029760304600423006,0.0008261869667770164,0.9381573617096548,20
15623644,-0.0002981333178265266,0.00030636635446966567,0.9998283680230847,20
60660524,-0.0002984012453444873,0.0005186918457404115,0.9906828406810618,20
96900819,-0.0002985041006864059,0.00041643930761515666,0.9976724789957943,20
113366165,-0.00029866635136154284,0.0008639836300879535,0.9306947356006808,20
53666823,-0.00029921495858401816,0.0006262439514001984,0.97707958820735,20
17877716,-0.00029949318586280915,0.00030912938201105793,0.9998206891298482,20
5815352,-0.00030094329967608746,0.0003484889843955347,0.999474933015326,20
145449545,-0.0003013710656249835,0.0012530087764964445,0.8522185226311056,20
37573048,-0.0003017498180338113,0.0006961630553532678,0.9662137499179517,20
165268406,-0.0003017667469224272,0.0021633423313479837,0.7299189486031106,20
98991404,-0.00030179579933836134,0.000827976603319711,0.9402249791998328,20
112500934,-0.00030239182838179556,0.0005226770102492721,0.9909665913574076,20
84222593,-0.0003030359435258756,0.00026806917683028036,0.9999648766334343,20
33650872,-0.000304407450024749,0.0002958113140061991,0.9999027303637246,20
183814309,-0.00030505681937514353,0.0010281661948844825,0.8998627860482558,20
56452706,-0.00030505771980552374,0.0005224518924658915,0.9914163270896471,20
159392025,-0.0003052883449520732,0.00048463596201766743,0.9944977495043812,20
144173078,-0.0003063030595020194,0.0005525031491509704,0.988645951359063,20
81516016,-0.00030654999283464266,0.0003019367258901867,0.9998881582894856,20
46046009,-0.00030709240435433384,0.0005119047090657294,0.9926380662931836,20
20804464,-0.00030717095212919596,0.00032518467794589014,0.9997704783930659,20
101394379,-0.0003075453968301001,0.00038982754826826557,0.9988765686919354,20
140395343,-0.0003079087910282469,0.0002686639161804077,0.9999699363431975,20
22805654,-0.00030835969902750224,0.0016545777557909816,0.7925300200965018,20
96522796,-0.00030986202789378694,0.0006698437798641994,0.9737737407645342,20
50664426,-0.0003105899721895872,0.0007297448753599154,0.9638755992958729,20
39343904,-0.0003106299942719465,0.0005039238426391898,0.9937247170264312,20
41286664,-0.0003112110241489191,0.0004989581861731885,0.994154399599858,20
58083015,-0.0003112234386303869,0.00030059194072701973,0.9999087453210886,20
20834050,-0.00031318192863493967,0.000338827409815737,0.999717668386446,20
47346275,-0.0003140210085978867,0.0018205347038066284,0.7750185908219652,20
107358519,-0.0003145490144890517,0.0007892083953365667,0.9546662984444056,20
147371885,-0.0003159523532901054,0.0005124018229796291,0.9937361545488201,20
129784942,-0.0003163119409102633,0.0005143605494474613,0.9936351602200159,20
245125829,-0.00031654926069140944,0.0016976507267695007,0.7926474472763916,20
55445976,-0.0003167033257133717,0.00065075519341639,0.9788299738039185,20
54352772,-0.0003169521694426497,0.0003760782528736904,0.9993508278030574,20
177885142,-0.00031767547549386434,0.00025286188709834455,0.999989817691129,20
118148840,-0.0003180072413082574,0.0010853546594912552,0.8971475596074382,20
22442983,-0.0003181757184853362,0.0020032456408738473,0.7569300659850022,20
44706577,-0.00031836255041463313,0.0022046618099646155,0.736932379448241,20
76418554,-0.00031960783448387595,0.00034957117836948034,0.9996872355389482,20
60857457,-0.00031965478894027953,0.0010173300726927436,0.9119472020853326,20
138393137,-0.00032030472387404864,0.00030444926694912154,0.9999229207545153,20
170202862,-0.00032065112936942585,0.0007180597641863971,0.9698261657019476,20
97523338,-0.00032144967281377834,0.0003861330851767526,0.9992789186205999,20
95316767,-0.0003216358956417864,0.0006603748430946589,0.978902110048505,20
146136164,-0.00032250424138670906,0.0006727981586301419,0.9773953472439454,20
131750352,-0.0003226909428622832,0.00047900917022767817,0.9964213589078958,20
136862212,-0.00032395620294650707,0.0007408964592450753,0.9672994605127809,20
90878676,-0.00032399056153263053,0.0004917856423899277,0.9958550327369209,20
28893554,-0.0003253909238412317,0.000523354831885035,0.9940406452067395,20
9670416,-0.0003272532079327678,0.00037186486259957637,0.999556216951311,20
85423279,-0.000327313297607551,0.0005689088652166088,0.9906863314811837,20
231489602,-0.00032778226998793624,0.0011808930079005634,0.8852057072237505,20
115027462,-0.0003278430877315608,0.0003460097683958051,0.9997771490929175,20
198847383,-0.0003279577024169839,0.0004007138310526956,0.999167888614574,20
199433743,-0.0003281285322704275,0.0012292026043364233,0.8763775707194319,20
41060618,-0.00032820457999085674,0.00021442320701977458,0.9999992181587186,20
11071463,-0.000328538478376475,0.00056833348163602,0.9909259694168919,20
54063914,-0.00032907025124491175,0.000817794865996632,0.956081532775852,20
18883099,-0.0003292801665667172,0.0007204143237229863,0.9724712452525099,20
111406810,-0.0003297907268429684,0.0004905893159555946,0.9963703062910161,20
30240334,-0.0003299124335882725,0.00042299845215129563,0.9987692343441601,20
88541199,-0.0003303303747705322,0.0005042278913697123,0.9957017909113696,20
118010525,-0.00033065064950251464,0.0003244108325064446,0.9998925534672193,20
38879940,-0.00033094932230283425,0.0002351877442263619,0.9999975766780206,20
93280307,-0.0003311050953422878,0.00040410527206709653,0.9991756502501098,20
58463416,-0.00033148309150821397,0.0005608943601396925,0.9919798451524251,20
88341100,-0.0003315183310166725,0.0003012567491198116,0.9999526078151979,20
59663870,-0.0003317832226389372,0.00029406082314760483,0.999964112968425,20
110008651,-0.00033239283552424504,0.0009792751605418738,0.9272564560104442,20
99712634,-0.0003324103805267209,0.00039844521191912416,0.9992919235914683,20
54267716,-0.00033314052810262397,0.0003236202822713704,0.9999030825992524,20
59216705,-0.0003338485874228803,0.0006503939880634433,0.9833730503269137,20
611323,-0.000333963477404009,0.00044291945518017226,0.9983996496620879,20
116570630,-0.00033399365087307954,0.0006553678462166646,0.9828047717343296,20
25864514,-0.00033479268330944276,0.00045837818106130067,0.9979693298859091,20
79080775,-0.0003352332912396366,0.00030759906409255167,0.9999472875615908,20
125344299,-0.0003353344270011716,0.0008198305066251318,0.9584478519744578,20
10072255,-0.0003354677897745628,0.0003363717280128387,0.9998657898658082,20
165669038,-0.0003368162788144419,0.0006764406107889549,0.9808732405661096,20
19039502,-0.0003368871242031418,0.0003429644923546087,0.9998436319286493,20
17624482,-0.0003382115639712885,0.0007812470160930681,0.9660585461247881,20
77878913,-0.000338214652115687,0.0002547084421407881,0.9999948811884538,20
177606903,-0.00033874160020597177,0.0003019824292842857,0.999961688545242,20
30737905,-0.00033877839320288207,0.00033712308150815124,0.9998757537730066,20
55855793,-0.00033899402171504167,0.0006385750067845344,0.985856466760224,20
22663668,-0.0003400418838248154,0.0005107692920736079,0.996129567312992,20
92914566,-0.00034020295352062135,0.0003625574182477601,0.999755337415986,20
21002004,-0.00034030429354060533,0.0007481551585891737,0.9719328022977276,20
40642718,-0.0003405401787248075,0.00022428687171299663,0.9999991263706409,20
88741329,-0.0003410146389227653,0.0004928392053553858,0.9970157236540534,20
39252868,-0.0003411077371603205,0.00040177418246674737,0.9993907626132167,20
226286416,-0.00034155494887376514,0.0002674781226559878,0.9999916597450849,20
59659475,-0.00034205458390131337,0.0004221857701208598,0.9990950998849516,20
90522149,-0.00034209246078203693,0.0004449106362578387,0.9986235431978117,20
44265321,-0.00034389203665163295,0.0007130464147433809,0.9779812463977103,20
115730415,-0.00034446346895858625,0.0007850932882058516,0.9677208316912529,20
164505661,-0.0003460651529495179,0.0014925574194603287,0.8436028479029214,20
149091694,-0.00034620374943978015,0.00036151889278234183,0.9997990352454901,20
100914035,-0.00034787388084524804,0.0002686985917459626,0.9999929679362004,20
82777254,-0.0003480079221714477,0.000842183077246521,0.9598833970543035,20
64475210,-0.0003489234464451957,0.0002623646529127907,0.9999949810172662,20
80799248,-0.0003493905485713267,0.000560196914311595,0.9941527342184441,20
139880223,-0.00035052801438794636,0.0005232318831418903,0.9962864957183671,20
28469570,-0.00035112361637139875,0.00026767386700445365,0.9999940311608131,20
78479983,-0.00035113584439247226,0.0006404659242780615,0.9879723411735799,20
185628932,-0.00035188992115658957,0.0013483577960927279,0.871199904859514,20
66872215,-0.0003531837120137743,0.00034758274125273013,0.9998891011911505,20
33336213,-0.00035326432349542803,0.00028375775525224306,0.9999886288319743,20
99640600,-0.00035366116650527025,0.000601703209554843,0.9917282773415167,20
10079726,-0.0003549238346856165,0.00045383859162315647,0.9987953150956043,20
86897643,-0.0003551498813230525,0.000262378772794555,0.9999959906328195,20
178007676,-0.000355201365455407,0.00029874101161075884,0.9999803365270484,20
87438598,-0.00035661998820276096,0.0006403939926401248,0.9889082860506034,20
82847412,-0.0003576247353661105,0.0003337102853854964,0.9999367248326873,20
70298889,-0.00035790336574827717,0.0005214669132636175,0.9968446206324642,20
56083871,-0.0003592045939007554,0.0005411637812861821,0.9960530337298911,20
158986225,-0.00036015362764395265,0.0003480158686659513,0.9999082905516754,20
157584520,-0.00036138357561031343,0.00040051392451132906,0.9996465056303039,20
203838417,-0.000361590319420213,0.0012667149743726279,0.891435636914301,20
86889156,-0.00036189702945609026,0.0005064361182393566,0.9976204438032221,20
71482235,-0.0003620317484112151,0.00040346948349939807,0.9996279698049182,20
48110222,-0.00036254291957748543,0.00046891965334861413,0.9986814723416059,20
101933160,-0.0003635100372093913,0.000441968295536496,0.9992014965018642,20
70899677,-0.0003656109556412684,0.0002746947804027706,0.9999950311193213,20
208486348,-0.00036610793344288295,0.0005889217848595594,0.9940358586663344,20
31894355,-0.0003662380490865036,0.00037318320365626413,0.9998422091043923,20
18216100,-0.0003664168688565339,0.0007031764666274962,0.9845203466594502,20
103131752,-0.00036658728230228586,0.0005988943595645823,0.9934566323176411,20
128558502,-0.0003677852424359279,0.000326460909539195,0.9999635002723605,20
142571152,-0.0003686700768546075,0.0005896796092449599,0.9942381558948538,20
16673613,-0.00036980512939796816,0.0006954620404773816,0.9859713797700758,20
79819787,-0.00037092257123351734,0.0002803366804657214,0.9999946457093024,20
79998800,-0.0003720319744106443,0.0003275686705734807,0.9999666817234371,20
51244997,-0.0003725744384264873,0.0003372732755425957,0.9999545664290145,20
29814491,-0.0003743772652147814,0.0003587763326433232,0.9999159322491525,20
25284225,-0.0003752830071682367,0.00027930347956740673,0.9999955947170162,20
15823667,-0.00037672839833794716,0.00044129087932473835,0.9994192590670132,20
224082330,-0.00037731368470049487,0.0005904573502151561,0.9949653559295405,20
16023669,-0.0003776549579487309,0.00038678820992106973,0.9998339697485674,20
69657764,-0.00037785518497790714,0.0005499841490658444,0.9968661990769573,20
112661746,-0.00037866459752065873,0.001012471884311093,0.9446016735637145,20
50133910,-0.00037897077238527034,0.0004877428958424034,0.998731865382739,20
27268057,-0.00037923923277328184,0.0006725991514996607,0.9896137659853631,20
152783783,-0.00037943009886224065,0.0004114989734998981,0.9997111287570135,20
74293223,-0.000379543122413184,0.0005476440236959286,0.9970485017426725,20
14871970,-0.00037970827944080186,0.0005574094653772083,0.9966792676641583,20
9070744,-0.0003797374311137414,0.0007087718064373438,0.9864863327908715,20
25328382,-0.00038002567209976525,0.00026146649623963377,0.9999984215053281,20
94721058,-0.00038023799253271705,0.00035694162794879506,0.9999325166340006,20
38852782,-0.0003803201945395268,0.0005885140698264754,0.9953094032247345,20
57601097,-0.00038058281844525755,0.00032759402618730206,0.9999742659214841,20
68276201,-0.00038275686943211316,0.0014236644451360088,0.8780002814245103,20
73959773,-0.00038284775538790784,0.0007128332524916753,0.9866500647914632,20
205441059,-0.000385726954869281,0.0002918490909749246,0.9999945702538428,20
19879552,-0.0003893372941403073,0.00047850454400664457,0.9991263796945974,20
27235757,-0.00038935226162133965,0.0010228834125080711,0.9474960699095163,20
54458694,-0.00039168757777779115,0.0005222972604038974,0.998332441081305,20
65484185,-0.0003923274772492158,0.0003467433603409775,0.9999652332030123,20
21823058,-0.00039319655715100156,0.0006026072250354706,0.9955890876773122,20
101642896,-0.0003943944194004012,0.0004366825508971738,0.999649600259069,20
40042617,-0.0003953331831435869,0.0010796214613051965,0.9410192769256421,20
111963664,-0.0003953846042417719,0.0005572463993057841,0.9974966549144643,20
51652506,-0.00039540880488762864,0.000708025743434724,0.9890732637552478,20
22684090,-0.0003957757379071863,0.0003381355887506861,0.9999763916648069,20
3262710,-0.00039800012038833377,0.00048723875563827626,0.9991543403821537,20
104736394,-0.0003983930296306143,0.0003831015629362228,0.9999128450841733,20
25034151,-0.0003984787864805495,0.0007856630522822222,0.9824175728940598,20
31471144,-0.00040003765813565183,0.0016065615533035207,0.8603237557884588,20
201236141,-0.0004007831833830494,0.0006783757497789004,0.9919650647677002,20
57482264,-0.00040078832185463096,0.00047741244357512826,0.9993287260216185,20
217071533,-0.0004015269008478733,0.0006105308064728078,0.9958083447802314,20
136629298,-0.00040164132574336544,0.000503694293985444,0.9989691592790999,20
23526894,-0.000402018974529561,0.000555663372589317,0.9978236814243377,20
85888767,-0.00040441971338146256,0.00048395592010134244,0.9993018578799076,20
73540288,-0.00040448405699541337,0.0007154715248079556,0.9897598467075872,20
3814857,-0.00040467046287094024,0.0005009277638392083,0.9990731246660616,20
144648478,-0.0004052983763159851,0.0004168731493377084,0.9998268014896106,20
163590984,-0.00040627298456114567,0.0012607752825803914,0.917083111524329,20
24286912,-0.0004064512319966407,0.0020018842648592537,0.8123734436806173,20
46152114,-0.00040779621438119805,0.0003635519460249072,0.9999616785268105,20
87238548,-0.0004082942033897724,0.0007760107891446169,0.985225744443079,20
152778289,-0.00040839131177196895,0.0015268575137763864,0.8768276291973911,20
58686544,-0.00041033958451072163,0.0004740955167773076,0.999485310970925,20
14878442,-0.0004103500710702368,0.0005527264864454743,0.9982009552353446,20
82001219,-0.00041151784359989564,0.0010165380358577324,0.9569625972913597,20
78890598,-0.00041265962785198287,0.0004126428531394385,0.9998694572114121,20
38479774,-0.0004133295528570724,0.000498007205003355,0.999260170787968,20
217299345,-0.0004137198335018272,0.000705990348222089,0.9915883174648596,20
160402072,-0.00041415948833085914,0.0005263310963677484,0.9988529740409277,20
47462236,-0.0004153580313527555,0.0008486095439081374,0.9793537341447267,20
101132199,-0.0004154628835540908,0.0006288183735309392,0.9959319940224657,20
69074482,-0.00041633568668809906,0.0005184762522026428,0.9990263009351781,20
81884480,-0.00041710070266030576,0.00043162035813083555,0.9998161255006274,20
18238662,-0.00041837341184172705,0.0013073030125595035,0.9156929361917385,20
37645502,-0.0004186778942650793,0.00041073714558861895,0.9998926607869074,20
25808060,-0.0004217281914151966,0.000572345695070532,0.998097100869904,20
90493534,-0.00042240744665373307,0.0003919082518856178,0.9999405261388852,20
151493818,-0.0004228492310302034,0.0005564026926209881,0.9984933027177879,20
110137377,-0.0004229838405321762,0.000341835925195958,0.999987760240185,20
32932783,-0.0004249588983825936,0.000714355228577285,0.9922740916030162,20
66255110,-0.0004284081299512327,0.0014555595219301577,0.8981275180109055,20
236494162,-0.0004288404210588126,0.0004579890798497012,0.9997503261471231,20
79044631,-0.00043046924482778305,0.0007651114756155906,0.989493481503172,20
1411224,-0.0004307332940688913,0.0007698098088113708,0.9891824611199636,20
9271703,-0.00043087716814787516,0.000669981524028448,0.9951635675536551,20
41,-0.000432382613333307,0.0005094101757445426,0.9993894370296507,20
79548138,-0.00043644683766396743,0.000498430158930993,0.9995358642014105,20
24626198,-0.00043700934847923367,0.0008609700969735334,0.9824799922741119,20
7265212,-0.0004370310434660851,0.0013568127868076028,0.9169960915730342,20
56540618,-0.00044060817772639815,0.0004768568351243072,0.9997167246230325,20
91241647,-0.00044161959957284,0.003031917130473395,0.7387042288955499,20
247327891,-0.00044310313407366355,0.0007301439605402778,0.9931167100965603,20
84754191,-0.0004431244685355662,0.0005373954900559664,0.9992183890788078,20
93384594,-0.00044372382771307726,0.0005777480608692015,0.9986112416441377,20
16293956,-0.0004442596180236402,0.00033734652658018146,0.9999943187350424,20
66975075,-0.0004453054486630248,0.00025669712445919784,0.9999998681702152,20
82552040,-0.000447681911379616,0.0016354720257010383,0.882074133078047,20
24045820,-0.00044974576508918784,0.000636034895962828,0.9974351796476496,20
27931555,-0.00045328097102305674,0.0008272745882581813,0.987935125487418,20
16027189,-0.0004532892809669148,0.00045107396205827107,0.9998757551589822,20
141762780,-0.0004536299078842121,0.0009193010448109536,0.9800837001237371,20
43042950,-0.0004543384165467901,0.0005376179597544528,0.9993659697201392,20
121338022,-0.00045474975742002265,0.001816764121896904,0.8615410647198534,20
93706001,-0.0004553578025326743,0.0008136777895883096,0.9891923569280281,20
23232640,-0.00045575151301701923,0.000967479990596286,0.9756676596962545,20
164267723,-0.00045588174647649693,0.0008376067533627847,0.9875155577474288,20
92904733,-0.00045820711555341344,0.0009841694392742986,0.9744558121813155,20
155097423,-0.00045952739332656977,0.003362737208946155,0.7258219402970609,20
115252256,-0.0004601582094846013,0.0023503113163425705,0.8039038480449945,20
54557888,-0.0004610374395218886,0.0007050223444570291,0.9956512046039683,20
150773539,-0.0004636490469249327,0.0011187610459804883,0.960289424213234,20
82084646,-0.0004637509370370357,0.0008524995233341474,0.9874831568974893,20
170330173,-0.0004640213857124209,0.0009602580793834769,0.9781657783445895,20
71939340,-0.0004647981482328589,0.0010218893666814068,0.9719288827383125,20
231313229,-0.00046688286710029614,0.0020706672651328033,0.8370225310538268,20
104154456,-0.00046703449335848136,0.0003385324349025148,0.9999968626768153,20
70067679,-0.0004696316411231333,0.0003120755306802233,0.9999990132300256,20
8217555,-0.00047036862146602185,0.0004538113039706079,0.9999097698798434,20
169400928,-0.00047149126507521345,0.0012432130648358383,0.9469014089379213,20
107720863,-0.00047205635310503257,0.002423183413542239,0.8027424659722775,20
41539558,-0.00047272860626791093,0.0009731521615177844,0.9786582524425627,20
49268230,-0.0004727535852590531,0.001135910937195146,0.9608731530602664,20
222704066,-0.00047750856320980526,0.001087580874137799,0.9678044349824442,20
116345962,-0.0004779330241587609,0.003539910671757855,0.7234394546526972,20
56554823,-0.00047794216225329476,0.0019174370477790352,0.8605655316267329,20
228887673,-0.00048404589356770833,0.0006882655883398963,0.9973351752053354,20
20084917,-0.000484676872733239,0.00138615476565283,0.9328053687043231,20
120776294,-0.0004861538295201029,0.0014782425018199047,0.921138590385413,20
116704056,-0.00048747306073718686,0.002060305504880085,0.848365171158191,20
144935530,-0.0004902081143031784,0.0006468948382100103,0.9984596642458152,20
2462223,-0.0004920500833316577,0.00047121026044254265,0.9999165604368192,20
34052945,-0.0004947531445024078,0.0007206454420220877,0.996850960283741,20
46448682,-0.000496035111853968,0.0010506951169621237,0.975889235901892,20
114464592,-0.0004982227090584684,0.0007414863905823038,0.9963591598275853,20
17644077,-0.0004991317084646868,0.000844499875581111,0.9919835348821657,20
66864550,-0.000499956309434163,0.0010115026414084884,0.9802306249267859,20
112807459,-0.0005013729379786558,0.0018994928801458074,0.8738004908079297,20
137879593,-0.0005016923813945861,0.0017366080787571292,0.8940680743753904,20
103890399,-0.0005045600848379933,0.0006049177905707883,0.9992906819823413,20
7218080,-0.0005110485600709925,0.0006711114595547832,0.9985163835530524,20
35304934,-0.0005110965269340823,0.0005961454427124106,0.9994404393753579,20
132281907,-0.0005134103032352455,0.0007737593647613532,0.9960438176026022,20
35238906,-0.0005138869137127605,0.0006200794176189272,0.9992508854159001,20
192624957,-0.0005142133003175869,0.0010314708387778315,0.9809769118288215,20
25433921,-0.0005150789251759574,0.0011998210175385778,0.9649920158161768,20
87327273,-0.0005183916430771873,0.0009457881224767845,0.9879559747612603,20
118733867,-0.00051867542363766,0.0008350110688470362,0.9940069068463552,20
92134899,-0.0005194572403912662,0.0007598590557820681,0.9967582192955092,20
181825225,-0.0005201798380198742,0.0006094553018854168,0.999418188893633,20
120955578,-0.0005231211525835499,0.0005352004640381797,0.9998357232956605,20
10085418,-0.0005268260270446356,0.0017201413935957603,0.9066203466128547,20
97323933,-0.0005300670887693232,0.0004574683991813752,0.9999734752408348,20
46927815,-0.0005315880995975325,0.0008911291957344914,0.9923955405107101,20
87710532,-0.000533967566836746,0.0005635315842635778,0.9997772430063472,20
16042481,-0.0005365335290289902,0.0006730774318328845,0.9989664714718965,20
171998476,-0.0005365706301806772,0.0018561455803931064,0.8942089243814542,20
38436077,-0.0005372293153680901,0.001247572554159214,0.965385699830486,20
41145835,-0.0005399626708122468,0.0010624438953968187,0.982583447351455,20
39224755,-0.0005401197724207551,0.000878307362971114,0.9936347771915817,20
175015282,-0.0005409207649699655,0.0009366690127688309,0.9908757549394687,20
36839538,-0.0005414708213292956,0.00042912930261905903,0.9999903434450477,20
58054574,-0.0005429003025401808,0.0014729942874074419,0.9421348301467394,20
10471029,-0.0005445463015697066,0.0003177761133293559,0.999999842311288,20
93505359,-0.0005511504524696231,0.0014645600826988577,0.9456299253648355,20
126116231,-0.0005538268730651968,0.0008833745018790456,0.994335031931747,20
100288238,-0.0005539032493225654,0.0007020337953709219,0.9988773807453956,20
20600742,-0.0005585787742954235,0.0008309544675706769,0.9963695742095086,20
42110038,-0.0005613385657881748,0.0005046964235822396,0.9999578770286018,20
6215711,-0.0005613907563239817,0.0006748601746771725,0.9992743316202112,20
97484462,-0.0005647025688267609,0.0008378923935409586,0.996431720754134,20
140369040,-0.000565271011719845,0.0018273637252627893,0.9087081787818351,20
39083307,-0.0005659697770671491,0.000973326782951532,0.9912159450737017,20
246527524,-0.0005697129298503606,0.0005973689279809775,0.999790815392538,20
20483097,-0.0005701382316889103,0.0013085072311351507,0.9668656380256633,20
104439154,-0.000577212024361684,0.0004678648690955708,0.9999873140856212,20
77396033,-0.0005776231303473989,0.0007227404654122136,0.9989880736629677,20
121576517,-0.0005791049921729047,0.00030872147311817856,0.9999999588894725,20
25289097,-0.0005812453786045557,0.002138982574261386,0.8804225378771978,20
21246865,-0.0005904969255478953,0.00151488823852193,0.9512720252411377,20
10274289,-0.0005927161222610472,0.0010740620742019469,0.9883710595120837,20
141081278,-0.0005934320864201092,0.0015916349041077051,0.9440843439354933,20
73615558,-0.0005956858802148357,0.0012667194448023065,0.9754918704428995,20
68066200,-0.0006009310464014899,0.0006319142628382892,0.999784902049447,20
51207946,-0.0006010819592575989,0.0006868559181297663,0.9995333826113088,20
91334466,-0.0006039381026811813,0.0012127947213239991,0.98088152801428,20
87375385,-0.0006044384504452688,0.0010404028360655414,0.9911727633975905,20
37834462,-0.0006046944930952313,0.0007921898630826105,0.9985435203556307,20
207261153,-0.0006047092717998498,0.0007494889434399592,0.9990635181661758,20
64105454,-0.0006057785605507543,0.0011914604507773216,0.9826162598786929,20
232513945,-0.0006111104124033456,0.0014300888596743254,0.9643976188895559,20
162866030,-0.0006139519714528057,0.0008095806017916758,0.9984685421798498,20
95908174,-0.0006147672401441845,0.0030164802888469427,0.8132569282149191,20
58858963,-0.0006155251910633875,0.001277475380589175,0.9778911795699268,20
114864857,-0.000616076759359499,0.0005502049420042142,0.9999609145744345,20
11,-0.0006160826597707919,0.0008658622691286088,0.9975460976418816,20
150654622,-0.0006164531260078321,0.0009247408855036657,0.9961630197066726,20
197431932,-0.0006178994377036368,0.0013029171879768958,0.9763435235772747,20
89932275,-0.0006179950626516134,0.000560139963137752,0.9999539346762547,20
82515337,-0.0006225283494119937,0.0008693903307231002,0.9976549238158311,20
108533903,-0.0006251099570175611,0.0007007238866197248,0.9996076538107201,20
114539924,-0.00062628845912166,0.0010350138739543464,0.9929980785636412,20
87730607,-0.0006271787944472556,0.0003984453966273796,0.9999994696723208,20
4403875,-0.000628212583035584,0.0017577937970842327,0.936761217749836,20
14626480,-0.0006286242514195572,0.0016633771403142099,0.9463261534490819,20
241522286,-0.0006306466101814679,0.0021398698769608364,0.8984120847786085,20
158699973,-0.0006351798778260337,0.0014406666339661352,0.9683108280988683,20
71590331,-0.0006365640806457129,0.0009491093174766446,0.9963146112825286,20
8272985,-0.00063698406634069,0.0033291973719415772,0.7985775426502527,20
69066996,-0.0006423259619370236,0.001050163174100487,0.9934272440522415,20
12670250,-0.0006488081372415216,0.0011486169121226646,0.9897133594075266,20
105841798,-0.0006518525018805704,0.0007915986370657681,0.9992094598716171,20
2802132,-0.0006619876787214596,0.0012619323774420556,0.9850110421946141,20
11401093,-0.0006656647749894107,0.0007374377344367051,0.9996478494067073,20
63689312,-0.0006698254742951243,0.0008365060634865384,0.9990036922893604,20
106739439,-0.0006711088106341106,0.0006717776261089178,0.9998680762120637,20
65607618,-0.0006728044772671444,0.0013818594688822254,0.9788704264824218,20
82401518,-0.0006766655152960765,0.0009173014305810883,0.9981129062490385,20
39908579,-0.0006831834706265722,0.0012449419194017364,0.9880304321042559,20
17474521,-0.0006838204959176448,0.0008557493710639947,0.9989868103046855,20
97328714,-0.0006881919382726142,0.002111557962549238,0.9193514239683682,20
132586938,-0.0006930006969620983,0.0020912459157078176,0.9226297972414192,20
241322243,-0.0006938149243554598,0.0007962466208055524,0.999515092766596,20
174402618,-0.0006960796891600674,0.001595039821546385,0.9670605193689965,20
119860050,-0.000703764832765827,0.0005274546569245943,0.9999951844719219,20
86975062,-0.0007063873095593837,0.0018011310723924346,0.9522205264126141,20
50606563,-0.0007105227457967517,0.0016433684682093765,0.9658967709243765,20
84170745,-0.0007111799443277084,0.0011763328561998207,0.9929623175929628,20
123982886,-0.0007194231088663794,0.0014613652582704964,0.9798749346038909,20
93305152,-0.0007292538477661259,0.0018170133483092718,0.9557006532011609,20
148737542,-0.000738993891041953,0.001685933904775312,0.9676021987235427,20
81682527,-0.0007396021716653128,0.003387769764131439,0.8294169746822585,20
89780214,-0.0007426164238015925,0.00102181305600471,0.9978940165597024,20
27490543,-0.0007516573181500563,0.000855187346496804,0.9995512303385231,20
98633671,-0.0007574108988472911,0.0014408833521310134,0.9851590406007726,20
179086833,-0.0007594126803245199,0.0011782555839435032,0.9952297655656267,20
50449688,-0.0007598862314481675,0.0007939503940040546,0.9997979234906874,20
67731886,-0.0007696064412942183,0.0020782278487876033,0.9429394548976745,20
84800279,-0.0007747256430658628,0.002004543831468586,0.949934183968196,20
102352961,-0.0007796743670352684,0.001208243371621551,0.9952658124958692,20
71,-0.0008062118974672156,0.00241735009592722,0.923876924143013,20
48453276,-0.0008183985447108938,0.0014377545711233488,0.9901294017721066,20
122013372,-0.000832610376790785,0.001501478532950699,0.9886604054089583,20
98548618,-0.000833283695569495,0.0018602604150438214,0.9701875586691393,20
35038606,-0.0008385368357242545,0.0017197166759303805,0.9790063421181683,20
115340404,-0.0008404782185859854,0.0017326229144529256,0.978527583001543,20
164792631,-0.0008439002795304878,0.0009510987123024111,0.9995879278962555,20
1060740,-0.0008533733543697297,0.0009461437392335361,0.9996452370301999,20
110409248,-0.0008539778771533169,0.001055460227953243,0.9990849617371337,20
76745532,-0.0008593485746879875,0.0012406962680160498,0.9970363268461848,20
71190157,-0.0008673247867526685,0.0016848304572854701,0.9835973905657608,20
139079899,-0.0008718112221676982,0.0013296793775369117,0.9957243433256077,20
71790334,-0.0008721253778872978,0.001575028099003577,0.9885741067639615,20
63260631,-0.0008757173839921584,0.000964473723269129,0.9996664124816594,20
4,-0.000879133489248396,0.0016066481135139303,0.9878516877291159,20
84270980,-0.0008885047839825522,0.0030133679446729274,0.8985161394551735,20
53517840,-0.0008915254706185511,0.001344436010681611,0.996027966459521,20
2814275,-0.0009034832113421404,0.0012183282322861817,0.9981857540875751,20
79566181,-0.0009061988604407878,0.0024881185760442623,0.9400881151422349,20
63905405,-0.000912022080086719,0.0013747733282169342,0.9960387751696116,20
216898782,-0.0009389268481554053,0.0011369118781618013,0.9992285144021608,20
68310871,-0.0009447327495947843,0.002136975162816621,0.9686365617100096,20
72359196,-0.0009642448727572555,0.0029710516664748364,0.9185120419130512,20
56046075,-0.0009656645501081252,0.0029091920698854946,0.922955890997985,20
78219384,-0.0009912355689406765,0.001216279679610261,0.9991380366153861,20
40137437,-0.0009940979373308483,0.0013060225719193934,0.998511401472749,20
9267597,-0.0009985214106474488,0.0013802900038420657,0.9978219423700442,20
76841488,-0.0010418451803596296,0.0019164066127803719,0.9874428025982862,20
69266567,-0.00104707760678584,0.0018887131301060494,0.9886454464728388,20
20229242,-0.0010601017691467597,0.0037633154621755562,0.8884966038506271,20
1200886,-0.0010727347035235813,0.0024983816621902064,0.9650145431053518,20
6215926,-0.0010921771144037085,0.0013976627255903244,0.9987877426792744,20
13211607,-0.0010991381188677845,0.0017975608426871528,0.9934155828815187,20
143732526,-0.001102727169822354,0.0024675389851306095,0.9699154655309984,20
89531508,-0.0011097278389937653,0.002306474331975755,0.9777536500326557,20
88110666,-0.0011227609179029652,0.0012952377386715556,0.999492186431958,20
51594712,-0.0011330060024537653,0.00267758704016051,0.9631091231892319,20
143532126,-0.0011519943252276982,0.0015114755794514443,0.9985264002922034,20
12024830,-0.0011536964123012167,0.005234998295761923,0.8316366760265941,20
48434826,-0.00115542932677353,0.0018622694618961567,0.9939649092601233,20
23885410,-0.0011638613595554043,0.0020980793686053946,0.9886817171172356,20
40108751,-0.0011690003376180868,0.0023468569620716468,0.9809059167235753,20
30102050,-0.001170672495662034,0.0011879632346454144,0.9998485854246665,20
119535674,-0.0011753646613904627,0.00337773688624631,0.9319180698623956,20
61287506,-0.0012020140939902947,0.0025160245997122447,0.9770694503300481,20
36422045,-0.0012033607925200306,0.0012446411213996463,0.9998170099621283,20
18654105,-0.0012249261436604792,0.0016141306389586437,0.9984765534560502,20
77242076,-0.0012972578925796925,0.002822496224715053,0.973078618934512,20
84516512,-0.0013339920157476425,0.0011234790709457746,0.9999800205662361,20
173079381,-0.0013558231421452016,0.001897726746698915,0.9976168710216531,20
48067227,-0.0013689798072981623,0.0014726629178597203,0.9997324927790722,20
38824539,-0.0013757590515267953,0.0031357457751169044,0.9677151052116914,20
97,-0.00140022794155778,0.007229118598337655,0.8014118427845837,20
24464019,-0.0014387434641390973,0.002909846349750472,0.9802607423927129,20
157984470,-0.0014513552443791821,0.002466717772101336,0.9917763147428176,20
119347329,-0.0014738107598759708,0.002773963851370552,0.9859141864354583,20
59744004,-0.0015073961641847045,0.0019543911553980865,0.9986564071752962,20
34638345,-0.0015726193565089002,0.0015097750392355004,0.9999143384128563,20
80019842,-0.0015879774042833362,0.001580451802196057,0.9998755664483097,20
55683603,-0.0016005693912476832,0.002738591428555129,0.9914616166789043,20
214095868,-0.0016374827041676504,0.0025453724594267633,0.9951730232017312,20
88291032,-0.001658607449576338,0.004164958212083642,0.9545409928902743,20
50690050,-0.001725890308214398,0.0021250521486729204,0.9991130187420902,20
195629616,-0.0017795672097889736,0.002384690374826254,0.9982692352928683,20
102507706,-0.0019035638622079492,0.0031879073373558614,0.9924383485773105,20
86713303,-0.0019568961935360674,0.004042550797027686,0.9783312009618147,20
62020357,-0.0019964834230001977,0.0035997804786285404,0.9886695243984713,20
152294476,-0.0020345654097659676,0.002830276912078546,0.9977199972485048,20
30496760,-0.0020477841826876397,0.002353181901837108,0.9995094256552938,20
53479298,-0.0021001134406674034,0.004123589177611058,0.9827520517344132,20
121977170,-0.002199556611190673,0.00487021112731018,0.9711315017112914,20
56255724,-0.0022369436834035056,0.004005187079808189,0.9890778921239285,20
122351934,-0.002859948749897778,0.0031775664049516583,0.9996382651912068,20
160701741,-0.003779458829474255,0.0038613111202266104,0.9998380001943226,20
