,importance,stddev,p_value,n
136662135,0.00927494246909297,0.007981768129222355,2.5666726426108517e-05,20
199433743,0.007173973148369708,0.006262938700128776,3.024635804861918e-05,20
68009705,0.006454499786338214,0.0060690350873568635,6.868580042064883e-05,20
17552708,0.006047911622426644,0.004117358056345075,1.3697940631238254e-06,20
81,0.005411534484976485,0.002191799739743818,5.212751098772378e-10,20
89342505,0.005364515846281887,0.004531475796843322,2.0689124505965164e-05,20
90115375,0.005302516723924164,0.002659563760331717,1.614363419837334e-08,20
21259577,0.005286404841561609,0.005727481705984411,0.00028616702759317464,20
66608189,0.005085759904413864,0.00599363481843317,0.0006122095818138988,20
88957967,0.0045267308802698445,0.004159063744299571,5.347810621187225e-05,20
94539004,0.004136056619372391,0.003993035132891048,9.08410570576173e-05,20
116345962,0.00406391451052617,0.0038617349995430177,7.686530692078899e-05,20
6871621,0.004058365749059082,0.004477143180665469,0.00033877602299124465,20
6615728,0.003994517718405732,0.0032971065342020786,1.5759511144163212e-05,20
16,0.003871893762022835,0.0015698586295456575,5.304297267154248e-10,20
92983851,0.0037764602861356856,0.0040802817930042125,0.00027881429785825456,20
30697009,0.0035241901384245877,0.0039215930240973544,0.0003668733924507526,20
89830663,0.003511828556561419,0.004658170967697343,0.0016019326460405135,20
45455862,0.0035096993517303027,0.0030463861415321375,2.8321703790431663e-05,20
102507706,0.0034687397672873597,0.0052326514071863285,0.0039806494191234765,20
67,0.0034505504264682853,0.0026322111108031936,6.018433928625448e-06,20
160701741,0.0034427772356670993,0.005498685567301043,0.005711272420745392,20
202254288,0.0033586638750388114,0.004311572183945092,0.0012426775870033797,20
31847585,0.003345944985484467,0.0020523180375862224,3.2317633156085015e-07,20
108559380,0.0032767857992613753,0.0022240258126111183,1.3147849920748204e-06,20
10177,0.0031879446986873643,0.0033675283523639595,0.00022473294209614627,20
74904353,0.003162462619329362,0.004291691427576758,0.001902161107475599,20
60464647,0.003089564727248498,0.002547459379924436,1.55630602472432e-05,20
128869943,0.0030166195218327115,0.002497977116715613,1.6373325205373668e-05,20
8599461,0.0029593537760689457,0.002513237001139736,2.2021722469787227e-05,20
69867672,0.0029364705600166408,0.007550623507188084,0.04908505925558976,20
35638304,0.002897519913269575,0.00526044486344552,0.01174218912686812,20
106045412,0.002750240621141159,0.003348052299273201,0.0008069694593268317,20
167399504,0.0026936387511373393,0.00144150523455566,4.35704686709902e-08,20
33913636,0.002610983557936775,0.0036982428338140066,0.0025932533404185486,20
25628115,0.0025778074567998467,0.0018232855774769304,2.2776398999514823e-06,20
69276451,0.0025359182768759174,0.0025330242263630932,0.00012909033212586392,20
115140035,0.002508687883188673,0.0023302670693045387,6.022941211300746e-05,20
1000830,0.0024904733300163463,0.002979951513768047,0.0006975095155398107,20
58,0.002487818238348677,0.0030864155269315014,0.0009438929187607249,20
82952542,0.002464183735168493,0.002131505502053133,2.7222621334798182e-05,20
103129318,0.0024464019218029985,0.002302791494634419,6.94860893654537e-05,20
185228531,0.0023986575797262768,0.0035008820739379867,0.003192680987122203,20
71470649,0.0023412396234849947,0.001630905364070643,1.8618694016163937e-06,20
95908174,0.002331592397381113,0.0026394532165676956,0.0004289436555386284,20
164392446,0.0023306477462798902,0.007892960569183781,0.10117071507017858,20
23089048,0.0023221691514577203,0.002818232353398656,0.000786382984345729,20
92211361,0.0023199996595923674,0.003899762891019994,0.007724178203042564,20
66477242,0.002255938923897527,0.0036787039112852284,0.006471753495570367,20
165792726,0.0022359364222437283,0.002714514307956239,0.0007886628352907223,20
106512710,0.0022177810022324966,0.003706196170879652,0.007469252589026798,20
67131402,0.002159863024676692,0.0020380093873887772,7.131161507365601e-05,20
31095661,0.0021525873943742196,0.0017864699050627799,1.681053485617076e-05,20
46207886,0.002074635232471633,0.003918680237510276,0.014333213682310827,20
98548858,0.0019983931759912864,0.0007162846484922576,6.687872226211886e-11,20
128820920,0.001983529901298506,0.003569083360442874,0.0112095402121982,20
68609943,0.0019755521118089035,0.002404951156287121,0.0008069108133578514,20
76184676,0.001967881862593107,0.0016928456380409767,2.555166021733277e-05,20
126181973,0.00194451443276564,0.002404467399567367,0.0009187316314057692,20
67293254,0.0019435870705662496,0.0033832401429801946,0.009390170619125603,20
102596167,0.001936934234486476,0.004560454944609802,0.03639910976446178,20
5216432,0.0019309704581321474,0.003693864350729765,0.015244346367939088,20
116704056,0.0019220105130719923,0.002162786279721182,0.0004062892871990908,20
33247426,0.0019189210242503336,0.0022759172486230667,0.000646796294782182,20
59124852,0.0019119219273483062,0.0019380226397746733,0.00014974981554983417,20
112765092,0.0019089686167789778,0.0026892839530910117,0.0024955905693625734,20
168473552,0.0019086030749317583,0.00209835213491288,0.0003281871199630205,20
28,0.0018824155900898892,0.000688976103442904,9.542387378064106e-11,20
125956725,0.0018746561322213224,0.0018206628355625248,9.66843292838138e-05,20
170197659,0.0018743579213072376,0.00260682040031104,0.0022762686128643206,20
108334471,0.0018683556802320228,0.0014682445924252283,8.705240473217725e-06,20
12,0.0018636134341485922,0.0013671136274430616,3.661726669283762e-06,20
4618998,0.0018556877941109605,0.004271285792801172,0.03349490456158809,20
29495508,0.001828693913862578,0.0020760700873550956,0.0004401198327811454,20
30896120,0.0018282597102712238,0.0022185066805795782,0.0007854696671162202,20
23,0.0018134524295088245,0.0030189056959558274,0.007305627608989598,20
122725555,0.0018076513023749185,0.0018704126465682515,0.00018371526338045545,20
84716629,0.001798089290828625,0.0018853604433614701,0.00020916860910019845,20
163805070,0.0017886257447420144,0.0018817729816188798,0.00021612895497279372,20
180824669,0.0017804013334386166,0.0020411043107700956,0.0004803878314145846,20
132586938,0.0017574634595289517,0.002226319773294282,0.0011180107494012414,20
65672651,0.001750836004126305,0.001024064787164257,1.6304183558941174e-07,20
141169968,0.0017416802740710835,0.0020086321329896356,0.0005064670257302711,20
178020447,0.0017263868505267926,0.0022587137685881717,0.0014417715809624445,20
21661128,0.0017154853392057523,0.0029228021961580372,0.008338103717405052,20
153980108,0.0017146293199234053,0.002048749676896919,0.0006892199630279366,20
9419701,0.001687510658127403,0.0021690965941135666,0.0012554690317209815,20
197031664,0.0016847224516661791,0.0017095170352961228,0.00015133592853634634,20
37834462,0.0016471149788336748,0.001598688171164481,9.606425313693839e-05,20
35821572,0.0016304389930045932,0.001997679262765056,0.0008515519195751323,20
87940654,0.001628744884609018,0.002923727273594833,0.011070600395894916,20
18914083,0.0016226324143129745,0.0025522098063206072,0.005197031442661816,20
49436751,0.0016219296939419647,0.0013523917731692928,1.776691293323907e-05,20
137078728,0.0016087826657622429,0.004303419108188405,0.05547053094070679,20
69474522,0.0015904276009485185,0.001847338223169749,0.000539397905629073,20
57141231,0.0015887664829622645,0.0010096996071790533,5.329739476455816e-07,20
58283385,0.0015131560897522294,0.0006720117233440585,2.352210471898827e-09,20
57256769,0.001497419144570211,0.0015973550833326524,0.00024693385059440585,20
149974934,0.0014944279193579435,0.0017770668871446927,0.0006614111676181466,20
26085823,0.0014851409976857383,0.0022593785796961364,0.004205967179970922,20
132026345,0.0014775698335529497,0.0018835411967915506,0.0011755135701404698,20
7467944,0.0014567010975329753,0.0020602795339152444,0.0025665688951844964,20
90301209,0.001448959636207206,0.0008788230551612418,2.752963554085634e-07,20
24626198,0.0014419174681497503,0.0017024791714991246,0.0006221318483008738,20
75417715,0.0014382622354838586,0.0027964115602566214,0.016471973209499134,20
240298927,0.0014326640312706002,0.003941509939011243,0.06026033589032375,20
135564058,0.00142656564022057,0.0010385738551968616,3.319579455615208e-06,20
72961247,0.0014215875751957818,0.0017721924421485171,0.000982008448325277,20
105245045,0.001377647004403193,0.0009681512472197419,2.092084347588211e-06,20
155097423,0.00136487161603141,0.001302091129469576,8.014495874626255e-05,20
76785121,0.001358443883528912,0.0016009863401471338,0.0006123499809999454,20
49268230,0.0013522864392297273,0.001274518974714359,7.043540246991465e-05,20
54076185,0.0013494181364585522,0.0019085436484280705,0.002566562744561986,20
49405663,0.0013472475847389337,0.001526472681497803,0.0004323450153337246,20
68911197,0.001324783809099811,0.0016223763788087333,0.0008480601140004123,20
23232640,0.0013218475812334207,0.003027892254879753,0.03289579694251344,20
7265212,0.001321199812532467,0.0018224926736329229,0.0021449061205532013,20
47462236,0.0013187034986581387,0.0021369770080475123,0.006234870934572877,20
91256579,0.001315248301670191,0.0009448824019056564,2.793206926488737e-06,20
58615697,0.001313913133619532,0.0013155921323844682,0.0001323003291756616,20
136965117,0.0013131779817338706,0.0008330247572532596,5.194593222683383e-07,20
160988600,0.001301161593295183,0.001248084301743624,8.488431825637223e-05,20
51064729,0.0012822677714573378,0.0007030040587824355,6.269947009556943e-08,20
166794068,0.0012817326490974085,0.0005163613128217576,4.770404372587046e-10,20
30644135,0.0012685200684389776,0.0019872662313203623,0.005069029724549824,20
70836212,0.0012531791916429724,0.0018057182866330146,0.0029234218599750966,20
1261372,0.001245504952213697,0.002098342397366244,0.007824360227176233,20
82777254,0.0012427084169889969,0.0015112016944694453,0.0007997137668295816,20
148381343,0.0012323966539900006,0.001687395987372217,0.0020313064908969313,20
28037143,0.0012277016749883101,0.0023333433209899706,0.01477280881539463,20
18044222,0.0012113638042318131,0.0007467266480400907,3.4685883416755066e-07,20
100,0.0011784352884732009,0.001453286526344222,0.0008986861694017903,20
68310871,0.001177468567056386,0.0025435791532967106,0.026150270421294,20
19080614,0.0011672595414031262,0.0005674154509866941,9.908619703054215e-09,20
106445865,0.0011634177355902525,0.001721699272528825,0.003505786130389783,20
94098799,0.0011615516865578046,0.0012377373960103673,0.0002443998207285587,20
95700158,0.0011577467178306238,0.0011249798510943412,9.720359575337848e-05,20
23896965,0.0011533789399383377,0.0023674528365460437,0.02107309898922324,20
26085127,0.0011444288781420591,0.0022037688935255197,0.01573568717242784,20
87327273,0.0011435192082966533,0.0011625981610749207,0.00015429918469762543,20
56,0.0011394967520387072,0.0021367457120847083,0.013828869637254555,20
217099271,0.0011365223736816254,0.0014088436289358517,0.0009376545675905507,20
53853911,0.0011354674847052187,0.0033442001662163535,0.07268418476150598,20
19635773,0.0011337137168121042,0.0019231873975375207,0.00813575532537984,20
16614408,0.0011304219247710828,0.00136294348156466,0.0007441376775829966,20
161101996,0.0011277943456425687,0.0010955993772139281,9.694902998072596e-05,20
94786142,0.0011274159265918181,0.0009030259754658892,1.0986886487501339e-05,20
108759437,0.0011246243855826566,0.0009865233747386327,3.19386812432387e-05,20
51756362,0.0011241813218774654,0.001573386578361598,0.0023818891423070475,20
149790645,0.001118766309900998,0.001274752199533069,0.00045478953875553263,20
24229532,0.0011171040820292105,0.0005754141744256535,2.4341853386215667e-08,20
106535402,0.0011092233915683564,0.0005683643115742305,2.2455669424786957e-08,20
102127864,0.0011090595200348718,0.0011323879742657715,0.0001610188546812263,20
81267738,0.0010984355023243714,0.00203834731446655,0.01312731838558564,20
144448111,0.0010959305065822932,0.003917297129568355,0.11303231048580303,20
177206543,0.0010958212739857558,0.0007657642928053733,1.9415979374288183e-06,20
149779829,0.001090661659724726,0.0012919923771120918,0.0006400433196058315,20
51054154,0.0010840954259543594,0.0025518294002375317,0.036366075168845664,20
38224432,0.0010689329689784921,0.0016808645707211598,0.005188556591539473,20
101506383,0.001052493364302079,0.0011111082589778938,0.00022342015603277914,20
73683515,0.0010416610304220752,0.0006907417242152179,9.58849822875256e-07,20
66425432,0.001041081333858601,0.0019489578660076953,0.013715421724731894,20
9018605,0.0010266980486760557,0.004197733008091208,0.14385560915837525,20
21283446,0.0010266258474088518,0.0010544650106908443,0.00017080939258883566,20
116169445,0.0010176922466553439,0.0022125111466357946,0.026836882221398718,20
153257636,0.0010104609131021181,0.0005451415602508374,4.923118647828137e-08,20
51,0.0010064303944760655,0.0021464657188214322,0.024809701183205454,20
69674812,0.0010014590378001897,0.0008386239751848765,1.8686975714697274e-05,20
21280306,0.0009983306496852418,0.0004930062805139524,1.2677533144984976e-08,20
30214629,0.0009962583310775485,0.0006873494673249279,1.6380096346493975e-06,20
2061476,0.0009949990477038846,0.0010365080251011538,0.00019627652265471047,20
158699973,0.0009943761345716895,0.00116046215417663,0.0005621712324047265,20
79198341,0.0009932396638256485,0.0008633811274843047,2.879763156815672e-05,20
26689621,0.0009846867756131555,0.0007114287824134147,3.007169938538789e-06,20
112146275,0.0009835136043374576,0.002704010853719305,0.06014408368695286,20
8417343,0.000981722626235118,0.0006352047699890592,6.840653907683987e-07,20
40681788,0.0009773373262064566,0.0007707581387339745,9.091325861040462e-06,20
5864339,0.0009763443836706326,0.0009179670700635435,6.862992117934531e-05,20
184428002,0.0009748704493458937,0.0010644338818678668,0.00030778141063336794,20
98486309,0.0009724222582071923,0.0011356087371709011,0.000565504322561249,20
15022751,0.0009692695876260038,0.0016968620608339754,0.00968572812409706,20
84370860,0.000969138231977229,0.0029288035614622935,0.07765530277421835,20
122013372,0.000966856574048136,0.00166516589826748,0.00885498550585196,20
48067227,0.0009609451183293594,0.0015011883301172888,0.004980518779957678,20
109098973,0.00095946797710178,0.0005890876817138399,3.276915761632973e-07,20
207485011,0.0009572108190454814,0.0013542198226849608,0.0025718350389483616,20
63020950,0.0009567122031801101,0.0024903880019444915,0.05102317910994834,20
89700424,0.0009557247266444829,0.0014616093015725302,0.004350845321962556,20
56212930,0.0009553665730559601,0.003141885575900081,0.09489653979367409,20
104934301,0.0009498772431968061,0.0016622814760508028,0.00966580787257748,20
55139964,0.0009490904387878696,0.001025121585296115,0.0002779816437205997,20
14071331,0.0009478233636492555,0.000558907725917642,1.8348281296855098e-07,20
54811081,0.0009466852131725767,0.001259411528760705,0.0016382434076097074,20
84203322,0.0009465524047998942,0.0008478343138820529,4.038952100016062e-05,20
50606563,0.0009365630965500165,0.0026179728376638455,0.06306111175644384,20
24839712,0.0009353788265824587,0.0006902346553324672,3.949744320039093e-06,20
137879593,0.0009330893199532536,0.001701638453140661,0.012016739495371631,20
145850069,0.0009320375076812798,0.0006976018304895715,4.734099385564775e-06,20
91334466,0.0009313913251314421,0.0016042100958228714,0.008858780947232714,20
42354982,0.0009305926462384928,0.0012074500143912587,0.0013514816936314685,20
170801043,0.0009281744519020946,0.0008607174982023015,5.9145554070419154e-05,20
101552095,0.0009267447519415329,0.0007808771672698394,2.00931913844645e-05,20
203456504,0.0009244014875068485,0.0009074952448480246,0.00010810702662757254,20
67072283,0.0009232923429620315,0.0005567202726246797,2.5310588891907335e-07,20
213895849,0.0009223283634102408,0.001202514470528831,0.0014032239619959155,20
62345978,0.0009205702749355366,0.0005344356936373244,1.462199136541956e-07,20
46387351,0.000916288616238592,0.0014803181117897025,0.006121349630414598,20
32474941,0.0009156267542219154,0.002366133578580655,0.04986709314816974,20
169400928,0.0009084768937338949,0.0013913328521540527,0.004390896756997796,20
118372432,0.0009036632891468527,0.001612590613617063,0.010731380893508204,20
72,0.0009009247995335673,0.0004478896462998121,1.4069227050292616e-08,20
124354293,0.000898821799620933,0.001502230853008464,0.007474536461343297,20
167671894,0.0008955491886521061,0.0013630974497328273,0.0042195483419235,20
43643199,0.0008940830390705617,0.0008244474012088379,5.563473710954603e-05,20
43104383,0.0008927697618182712,0.0009172061344227083,0.00017122887400506187,20
23886345,0.0008914313696504999,0.0004663451058442756,3.0861471456957786e-08,20
109359940,0.0008906990808692173,0.002362449084096859,0.05406425012628141,20
54397690,0.000889666759195043,0.0007089668996458813,1.0325791306008605e-05,20
114339306,0.0008864663910737175,0.002080517556062251,0.035981605308212566,20
25160422,0.0008841773529096958,0.0012376874848281229,0.002384739535749222,20
57067275,0.0008820368679335361,0.0007026757069921079,1.0288108114489523e-05,20
101053338,0.0008798929581836617,0.0007026421698806149,1.059116712510151e-05,20
60672313,0.0008788668213396772,0.00041249894036360943,5.697987601335923e-09,20
153795774,0.0008774798099121323,0.0018036236993531143,0.021200671780679407,20
232290285,0.0008731878187994285,0.0010597827196024672,0.0007867817841221224,20
212494010,0.000868451686894725,0.0004790771080612543,6.876344952413699e-08,20
17028225,0.0008662125911535812,0.002856358150088637,0.09546589319010883,20
87005732,0.0008610587784632945,0.0003667099386810045,1.1907775251061191e-09,20
116855271,0.0008580937119349458,0.0008126008178891488,7.410159367601323e-05,20
142571152,0.0008580817163901244,0.0011459609024265084,0.0016869367885340768,20
178220560,0.0008557640074830841,0.00188923356353591,0.028534366399681977,20
81972303,0.0008490880364778825,0.0012049664759354224,0.002628488361792127,20
85472649,0.0008435032637311962,0.001222611949634368,0.003044933421369316,20
35770896,0.0008433832577578015,0.0009913864965365778,0.0005987125174947617,20
129184165,0.0008413924823297808,0.0016232385196884695,0.015875679481848308,20
115320374,0.0008413156104669056,0.0006975560528202951,1.6621689698946072e-05,20
25239870,0.000840788247641866,0.003834151173135843,0.16953417423830253,20
16281046,0.0008401611441792133,0.0013873975283381287,0.006970574060493397,20
205859602,0.0008379900018274794,0.0034616889371121423,0.1462685339797408,20
72478323,0.0008301898517464879,0.001140719079741984,0.002084623344374759,20
84493775,0.0008276531036288337,0.0011119959363291045,0.0017651790059553698,20
94,0.000827391980708006,0.0005503170395789376,9.99222710426292e-07,20
25641526,0.0008258333399645962,0.0013429978028153009,0.006367534020341122,20
77041826,0.0008251253534278552,0.0006157114587590753,4.5550509022704515e-06,20
19078101,0.0008185791409077465,0.0021380060806507695,0.05156226988832794,20
32841934,0.0008184930335843249,0.00045579196904876965,7.913304433371542e-08,20
183015182,0.0008149236906841023,0.00058754134897392,2.9262099071881053e-06,20
109405015,0.0008141161383465156,0.0008087069618126748,0.00012202369424655095,20
59525031,0.0008137326036574743,0.0008213244077089552,0.0001434550028270465,20
65372855,0.0008122563829294604,0.0008926268520588852,0.0003268841446929861,20
115303179,0.0008102164294375519,0.0028411621273100153,0.10878442748836153,20
14824413,0.0008047176975803843,0.0013123769779221038,0.006475965063807004,20
140795752,0.0008040065083212783,0.0010088847160875788,0.0010357256145711675,20
79798339,0.0008025415442566797,0.0017115272387414346,0.024804029966983873,20
69176879,0.0008011800120609758,0.00038441859021723254,8.073764473955177e-09,20
34298177,0.0008009118852893044,0.003079687097986785,0.12960720318117896,20
41902613,0.0007999704211615971,0.0008430208038165125,0.00021961014046324476,20
78489995,0.0007981697147065508,0.001585766993980233,0.01821049586327231,20
14026357,0.000797714784012471,0.0007749863906481788,9.700619321056213e-05,20
30137207,0.0007969149405934351,0.004134881462254892,0.19974141166051868,20
15231767,0.0007951386251060122,0.001409344096681284,0.01035200386136174,20
83022065,0.000792464003078272,0.0030559469609937186,0.13026713788676497,20
75705608,0.0007920936129501316,0.000608767963442031,6.607898987347336e-06,20
1262966,0.0007918352339091606,0.00032089854780563057,5.263171958072624e-10,20
186029481,0.0007910471371078171,0.0010125117384497113,0.00121421509071411,20
46745778,0.0007904384335034014,0.000731485030151196,5.7839807829737247e-05,20
38079239,0.0007900715631125211,0.0008846269825710509,0.0003882753196068396,20
2611717,0.00078930619127969,0.0006670015507407922,2.0785076158508355e-05,20
68066200,0.0007876529221696682,0.002796998457505519,0.11157215524194675,20
175616066,0.0007870167023233176,0.0017143719039541753,0.027050205376041234,20
11019735,0.0007863706908385198,0.00036989858560053824,5.900341889065825e-09,20
102716874,0.0007840694138829291,0.001013254713624346,0.0013096346428754036,20
98123581,0.0007809453682355111,0.000513882085823206,8.628633992572487e-07,20
53557414,0.0007808434734686232,0.0005147749103117664,8.852285090172733e-07,20
8667534,0.0007771999414054459,0.0036171602522466467,0.17433526421825152,20
125344299,0.0007733611761008812,0.0009455543627447121,0.0008367175334220951,20
60544150,0.0007728296325776179,0.0005708075701562155,3.996253980911082e-06,20
16673941,0.0007704996384959084,0.0005896585638929559,6.265774716102609e-06,20
9019654,0.000768698483821606,0.0005616565217102619,3.4781386072066864e-06,20
7266268,0.0007637116070053684,0.0005255663755983962,1.5831235128543431e-06,20
92918347,0.0007621131149304239,0.0006380154280582281,1.862523336860741e-05,20
159262353,0.0007620295877902777,0.0015624576905381286,0.020972837974897546,20
37739584,0.0007594973401438609,0.0005432914739881089,2.6410745309735197e-06,20
114050658,0.0007587615744752169,0.0007786628917721628,0.0001693501516705601,20
198032726,0.0007576626002603587,0.0014235720175378777,0.013965510047469168,20
95721970,0.0007575143359131343,0.0007023144513026417,5.90124238524791e-05,20
125017426,0.0007561366445479417,0.0009065865336233742,0.0007096725571525574,20
96231048,0.0007538991196199468,0.0007101183061316382,6.998557200401669e-05,20
36,0.0007522099404557419,0.0014232273676964263,0.014452821827555635,20
118869447,0.0007470760216586076,0.001014826352558283,0.0019159817601262165,20
98949400,0.0007431847332780795,0.000594388478602691,1.0791354623708383e-05,20
84516512,0.0007411468412582056,0.0016062808413258997,0.02650072237352632,20
66709024,0.0007400922430140483,0.0012777190762759563,0.008974636949233804,20
55282556,0.0007381561624373173,0.0015144603318937467,0.021030726014311583,20
57054020,0.0007340003045477772,0.0019384124005392678,0.05335349921112672,20
202237207,0.0007339532505814012,0.00037937085922610104,2.5674471695367747e-08,20
65470749,0.0007307108018082293,0.0007580542289274554,0.0001884837818734054,20
47731815,0.0007289175066118563,0.0008940240871400993,0.0008589084238264331,20
20081218,0.0007287180781658603,0.0011528750954201963,0.005387751711988759,20
75282465,0.0007281150774622019,0.0007382914409686389,0.0001502317007473068,20
32694686,0.0007275022099083484,0.0008172689439338692,0.00040015503664333384,20
127357644,0.0007251293675514081,0.0005026436640197323,1.7438624340182627e-06,20
171401278,0.0007234690271190169,0.0006549761644795138,4.547601472447912e-05,20
122953330,0.0007219864062447845,0.0009429167739956276,0.0014218892288437321,20
108449587,0.0007219363636200293,0.000951631258791876,0.0015272465715971404,20
58061127,0.0007214065046945994,0.00028010911881099594,2.5816061440396174e-10,20
134763547,0.0007211437605621291,0.0015410186883955156,0.025010791451408526,20
78596973,0.0007172892315642221,0.00042043670938175776,1.6816949517764345e-07,20
5419725,0.0007165680767265481,0.0003871459989199741,5.031511177468933e-08,20
60099095,0.0007164952750279702,0.0006133298496701335,2.4141667899433606e-05,20
25489283,0.0007145844756652781,0.0007718374333705823,0.0002780087510044515,20
81894122,0.0007141474404145504,0.0004816474119366698,1.2069952828532386e-06,20
22488198,0.0007133519213450929,0.0006058837696434891,2.2050577500384706e-05,20
32367771,0.0007130307674172998,0.0006365480241894341,3.891800265019911e-05,20
91894452,0.0007118336248813445,0.0005002610016893901,2.092904975993888e-06,20
30496760,0.0007115930907011625,0.0007698030017882747,0.00028212333398698456,20
27869017,0.0007082126695065139,0.0007116145099299267,0.000137094440525368,20
121124501,0.000707141483193724,0.0010111488085479414,0.002771775027748857,20
65223793,0.0007052126871258474,0.0004245067022706715,2.4704462849905416e-07,20
185217762,0.0007049957769712734,0.00045081690890786937,5.809247725851792e-07,20
22038031,0.0007047583223425441,0.0006697523184345282,7.69331977250364e-05,20
30102050,0.0007046433889007026,0.0006759320454337242,8.492750296632222e-05,20
120222104,0.0007046240899749922,0.0007075065788703059,0.0001361142362245331,20
47488132,0.0007045605203543165,0.0004729340817427512,1.1318983688764694e-06,20
27810660,0.0007002596235066938,0.0008044498918400899,0.0004892565947069306,20
2463592,0.0006997955583157494,0.0005011364210867531,2.6793413123178545e-06,20
40144674,0.0006965955320273887,0.0007287941729273599,0.00020472181149815027,20
245125829,0.0006955054599623728,0.002038329118853742,0.07174807392315695,20
57460153,0.000693692265615728,0.0008909747372838194,0.0012478741319449094,20
174407185,0.0006936697923576096,0.0005362224008962466,7.102615642337977e-06,20
118749855,0.0006904262988463611,0.0005416780832132329,8.53073038768614e-06,20
242700770,0.0006895853047782091,0.0005455852112143972,9.457801007294376e-06,20
136629298,0.0006890714413325866,0.000627802532267079,4.876904770214291e-05,20
136156232,0.0006865582952816224,0.0015108303426731593,0.02817377557306725,20
216498083,0.00068632122404369,0.0005367847755990354,8.209891609627157e-06,20
71099165,0.0006861808206141268,0.0008307113553251164,0.0007702381954266779,20
41291755,0.0006844084883876695,0.0012626213572660588,0.01274520333270588,20
116817349,0.0006823598645532864,0.0007823143267146633,0.00048059010279962957,20
53517840,0.000681808671002132,0.0009091973391058272,0.001668073222421302,20
34042693,0.0006816345460159273,0.0007349513173013403,0.00027341325198836097,20
60017534,0.0006806896254693467,0.0006304886495177805,5.8407447329075906e-05,20
132481923,0.0006802212645841327,0.0006598093730103609,9.543979140039196e-05,20
1400892,0.0006801186840523915,0.0007313695750244857,0.00026660782360930535,20
33075924,0.000679805554189436,0.00042831974926561795,4.722814482524153e-07,20
116253765,0.0006774632187927898,0.0007047893646316245,0.00019374339844706762,20
81312810,0.0006773225826736201,0.0005378961816472866,9.901251744953118e-06,20
36231284,0.000674717908289385,0.0006181425120338653,5.1828113796259456e-05,20
38245701,0.000672409193844456,0.000594632194328498,3.499790732870064e-05,20
153779708,0.0006719903072591127,0.0014703034294148174,0.027535659721526887,20
33025171,0.0006711717079219137,0.0008218167953171392,0.0008470012199868646,20
73838950,0.0006711115564571934,0.0006717877173437758,0.00013193841819273943,20
76488207,0.0006709931883501719,0.00029453014336681347,1.9467346453939008e-09,20
129679756,0.0006705364649057799,0.0006092801607014088,4.735058210623048e-05,20
139759544,0.000669974327661263,0.0009911943000571455,0.003499246452451362,20
102929715,0.0006696937814230419,0.00044480062042351017,9.801803472865238e-07,20
143046538,0.0006696156601855796,0.0005628080122604238,1.951262938249824e-05,20
153184042,0.0006692343684005341,0.0004389940596463764,8.26488560483225e-07,20
222704066,0.0006684239221597027,0.0021294911974502366,0.08826295784085272,20
84316452,0.0006680131055182365,0.0005358243267414598,1.117916473731118e-05,20
46327387,0.0006679333984472013,0.0007672979374146535,0.0004891660466681982,20
191436813,0.0006678248821842314,0.0012514123671276806,0.01378134597336376,20
15823667,0.0006676594861247026,0.0006731021924580641,0.000141777453798332,20
36972392,0.0006670998442236481,0.0006148339986591935,5.5331274599871666e-05,20
109252439,0.0006656740549911555,0.0022222885401886974,0.09808929298143433,20
112542517,0.0006641085210303932,0.0019383134577964519,0.07097114409127464,20
36738907,0.0006634516759313174,0.0018388692873752372,0.06155903214598323,20
68286443,0.0006615505519887877,0.0005477263820821768,1.63432995035323e-05,20
119574355,0.0006607448865211752,0.0009385958342482572,0.002646558886555231,20
190625248,0.000656342377212954,0.0026942807027107783,0.14479303043408373,20
118348884,0.0006552664775179545,0.0004446234624658567,1.3100037136400407e-06,20
60686342,0.0006551776384572938,0.0006604365566412276,0.0001416000336080269,20
50555544,0.0006550830225293735,0.0007954076173294018,0.0007895889190214993,20
45450469,0.0006534504127121254,0.000750804875686788,0.0004900036747504973,20
104198108,0.0006522680682953946,0.0004269020793662045,8.012835676292295e-07,20
4469544,0.0006517781473900891,0.0005829808682278594,3.9759597808559264e-05,20
93336933,0.0006508497988936268,0.00047317181244451443,3.260056412625143e-06,20
78444187,0.0006508042201635228,0.001497599689192546,0.0334637531066397,20
47509112,0.0006485541363484088,0.00042643811611338373,8.538321980094561e-07,20
22442983,0.0006484615758829803,0.0009192032440552854,0.002607453661665563,20
83448170,0.0006475564885205981,0.0008458655886473096,0.0014239045377320136,20
69797291,0.0006471422624910378,0.0007974801607572595,0.0008931426858534335,20
51652506,0.0006457145824283778,0.0007678266692559449,0.0006613301056353909,20
132360325,0.0006454755245713734,0.0007406767632028774,0.000484360712307856,20
1062638,0.0006439775442461937,0.0007150918807258833,0.00035986097778081057,20
96922939,0.0006422094403603585,0.0006422687179750213,0.00013071914592601127,20
63205441,0.0006415060544982976,0.0005942616805055322,5.847873762585641e-05,20
132273991,0.0006409450416276413,0.0005105255060526498,1.0267486078329619e-05,20
33697868,0.0006399590513408964,0.0009052390497189236,0.002568885378140494,20
18844802,0.0006391369733940999,0.0006509579703719361,0.00015706834093086674,20
56260390,0.0006385595512152758,0.0004586846777052685,2.7884165922427625e-06,20
29127639,0.0006379735337664477,0.002370088526223543,0.1217260972630535,20
81091205,0.0006359637709585864,0.0005534399980598843,2.917062400048282e-05,20
98633671,0.0006351044567504793,0.0009352014879153559,0.003390439745441105,20
77996166,0.0006350293015547459,0.00046983605869990437,4.085196422130486e-06,20
147771903,0.0006310080133460433,0.0010132046915091587,0.0058991594144746145,20
61745222,0.0006304144244120319,0.0007850722574180996,0.0009736671692441121,20
20221516,0.000629711606502853,0.0005110918425043606,1.2888485491160612e-05,20
78690509,0.0006294201646448172,0.0004347373854609827,1.662395799032e-06,20
29894645,0.0006292753421272667,0.0029986620283696543,0.17988618263323825,20
90121833,0.000628682744396089,0.002336086871336742,0.12177609776408681,20
134962869,0.0006284333090244759,0.0007866557295811464,0.0010154864738952556,20
93505359,0.000628151716454578,0.0012962794909992476,0.021570769519044807,20
34837076,0.0006244755042785904,0.0010599424034176115,0.008162099837464302,20
21866825,0.0006243410685057183,0.0005947265838935211,7.887672185153468e-05,20
81701911,0.0006241295457131618,0.00047011287962152234,5.1302287385292654e-06,20
88498855,0.000622721651613764,0.0006431915517825652,0.00018050806149214605,20
188220110,0.000622465005214834,0.0005713772079745402,5.2938660420084566e-05,20
8869321,0.000621831831850056,0.001462104521610444,0.03622144970313533,20
58683619,0.0006213146984542339,0.000892311375926959,0.002857348899230512,20
51394352,0.000620933521273026,0.00032810182244464805,3.5940731796028985e-08,20
139830733,0.0006186509198492868,0.0007543655553588196,0.0008181515268433301,20
119953973,0.0006184249723889257,0.0005453519413400195,3.3902110138363085e-05,20
58848313,0.0006183661981020161,0.0005283242736833568,2.361658159204827e-05,20
177610104,0.0006149283975746655,0.0004526882341390388,3.83086763985701e-06,20
22080747,0.0006142009167088736,0.0013118171809243361,0.02495762302566256,20
39624878,0.0006135750645913707,0.0006447290802662416,0.00021354733716732734,20
231112738,0.000612171859518068,0.00043373364953674937,2.3296528595108355e-06,20
89531508,0.000610437519491644,0.0030015978494955247,0.18723934138010084,20
102254590,0.000609626850613626,0.0007168497151582899,0.0006004626769521474,20
8999843,0.0006073814009689094,0.0008726239715386944,0.0028647081255265597,20
4213696,0.0006070585544475454,0.000535695680656392,3.416546560055409e-05,20
50155353,0.0006069730430760284,0.000558580623315963,5.443497875904267e-05,20
37044444,0.0006063697998977907,0.0007421590790199609,0.0008440540612892793,20
109653323,0.0006055353167953193,0.0008803504475965312,0.003108790402559217,20
50274166,0.0006046356763791866,0.0006014971430030284,0.00012385873904361016,20
20285344,0.0006024609856663032,0.0012541809252607549,0.022400767226252116,20
86488560,0.0006022155674154344,0.0005975994902197826,0.00012074802088559222,20
106312642,0.0006019771838047166,0.0006843223921510584,0.00044543460183795597,20
148172675,0.0006012334633523741,0.0018209896077444833,0.0780883834941896,20
4063134,0.0005987618911478587,0.001996005212649076,0.09777852412433974,20
77434508,0.0005982358401734362,0.00046488434453102425,7.580891554707116e-06,20
218699815,0.0005971832149388567,0.00035118427475939063,1.7635887180785225e-07,20
15873288,0.0005970727555578842,0.0005778331631963962,9.318781276097055e-05,20
26264802,0.000596899614815144,0.001152685460662017,0.015949951606014267,20
39641863,0.0005962236832649847,0.0012686094243310564,0.024568285901400318,20
200451440,0.0005961461159455894,0.000690265550832163,0.0005246311040203011,20
84116384,0.0005950134027829318,0.0005867448691472459,0.00011319549616851616,20
99326055,0.0005948138743586629,0.000752910429472429,0.0011110317938260018,20
39901468,0.0005939648618810301,0.000698899493521496,0.0006039515394678994,20
9418277,0.0005931266939260604,0.0003419962123178747,1.3232364428998805e-07,20
49555059,0.0005922584405398696,0.0007802153435467573,0.0015200698147655486,20
105756874,0.0005917070628849413,0.0006136912785747007,0.00018800894555829682,20
101733091,0.0005907932318717863,0.0015518593327775566,0.05247907821554746,20
47746437,0.0005907415525116672,0.001945781760959184,0.09522610178206689,20
151975094,0.0005892068155280483,0.000631493738026243,0.00025827339647199147,20
32697272,0.0005878156442009758,0.0005276297378431741,4.135610517933954e-05,20
13671183,0.0005876715113226517,0.0004694260984911254,1.062924980322687e-05,20
94906455,0.0005850723542012964,0.0004126917299456307,2.1970384331552483e-06,20
101927667,0.000584318226043648,0.0006303992611688009,0.0002749625402870571,20
102333283,0.0005822237481729637,0.001180436818090505,0.019956519781596925,20
32041167,0.0005822135919188648,0.0007941310991122131,0.0019750510254158845,20
106442646,0.0005818817761860911,0.0008164405932710524,0.002425053430724295,20
115730415,0.0005816840370221482,0.0018076739878336312,0.0832010184976288,20
18153882,0.0005814573450639293,0.00045464202250300413,8.181712075519057e-06,20
21835071,0.0005804772835246857,0.0005293768130444224,4.929146169656943e-05,20
34728322,0.0005799159571484968,0.00037382401363131713,6.495466788922599e-07,20
93706001,0.000578684551862052,0.0008895435399262162,0.0044964004566242,20
73592195,0.0005785163240922375,0.000562181740632875,9.727340227253831e-05,20
85,0.0005777020715285713,0.000404227255650757,1.9754351827978132e-06,20
7396967,0.0005772437672116271,0.0006574853132920342,0.00045329349452645566,20
89731959,0.0005770082168848306,0.00037451380805907634,7.143660473295483e-07,20
208086100,0.0005753982055426932,0.0005709917942710666,0.00012075690088450983,20
104403222,0.0005748493404095112,0.0006791043292962911,0.0006251231006148386,20
89711694,0.0005746106930994227,0.000540621072476461,6.913145858830118e-05,20
16032193,0.0005736806674090378,0.0011928474178798134,0.022286597438251295,20
39742505,0.000573508714505827,0.00043669982444818016,5.882685173113502e-06,20
89255199,0.0005731608174507824,0.0005232802374064794,4.989125653956456e-05,20
32536038,0.0005722213509844004,0.00032715719187493056,1.1684153992014047e-07,20
41339487,0.000570614094217503,0.0008379242962061881,0.003327879792446057,20
6471567,0.0005699945138793683,0.0004529499784475423,9.978518588419203e-06,20
11675505,0.0005687041899140044,0.000752874607507393,0.0015783135372722551,20
56922749,0.0005672697410118305,0.0005970183509306056,0.00021685498621238028,20
4266030,0.0005648238130672833,0.0005852058998125476,0.00018611491981744877,20
10019329,0.0005647133276585975,0.0004876918404807998,2.6726877749727615e-05,20
104691552,0.00056383173989685,0.0005786016393795178,0.0001692959761109934,20
59015799,0.000562292382066637,0.0004472606332610655,1.00965946726217e-05,20
144164867,0.0005599854556909811,0.0042526203589392225,0.28143541687012286,20
38736231,0.0005590448554742111,0.00037495266723163665,1.1194989289264124e-06,20
103527849,0.0005581121376488057,0.0006412513470526268,0.0004899272049838529,20
32508735,0.0005561765771239207,0.0008504741596195443,0.004347618312845491,20
65607618,0.0005560180390150021,0.0008434060037174875,0.004126663909001659,20
58285787,0.0005550610514165305,0.000742278217151588,0.0017041825346539791,20
664931,0.0005544760132155741,0.0006561336014735224,0.0006342217808752217,20
3002153,0.0005535964206423132,0.0004901554275243218,3.547827344567828e-05,20
44066406,0.0005534126259890109,0.0006308414427539591,0.00045652706966101066,20
156197509,0.0005525271551151984,0.0006358142848343954,0.0004966855038856182,20
69,0.0005514366634784996,0.0005087831609358915,5.598733689181229e-05,20
25234253,0.0005512956931251672,0.0010977928868565947,0.018401518218421186,20
14274022,0.0005507208247798989,0.0013745294983407684,0.04455229415371267,20
60086206,0.0005497603926430062,0.000588731594564381,0.0002562567291055294,20
48033866,0.0005492633091726623,0.0006216013310292497,0.000427786444866006,20
103134833,0.0005489714158829956,0.0005507434065848463,0.00013493480370851447,20
115941733,0.0005475378265580005,0.0004146613672934075,5.493343813004677e-06,20
11019846,0.0005473235916827274,0.0004694518365743481,2.4703981157951882e-05,20
49068213,0.0005471993233416156,0.000516662696774659,7.180713269714604e-05,20
43542037,0.0005458774243679604,0.0003945366036666323,3.02148960082258e-06,20
166593682,0.0005458725740143944,0.0006291594413139184,0.000503762141367191,20
110846248,0.0005452684685376713,0.0006381068428154956,0.0005759386114156603,20
34703682,0.0005446679815401089,0.0007202631513746689,0.0015651296137297942,20
12422187,0.0005445021690652669,0.0005385242713078039,0.00011668240233467859,20
100315894,0.0005437910471135593,0.0010176794784353084,0.013693684725498588,20
75365693,0.0005429905925466522,0.0004941929131148971,4.821052703409752e-05,20
86317533,0.0005420970692132182,0.00044104464020305255,1.3267507643345749e-05,20
83269346,0.000541236132146361,0.000450217243599017,1.72743691541819e-05,20
151293776,0.000540748893856327,0.0025853712782469714,0.1806650633565669,20
57282255,0.0005404486528235525,0.0005101632828172515,7.161882882071003e-05,20
96214918,0.0005402959065574503,0.0005465449520040264,0.00014668486363103356,20
68976415,0.000537535281341664,0.0004298581380441614,1.0774641140344144e-05,20
47145848,0.0005365775376027671,0.0008704516241753319,0.006274473579935671,20
66264558,0.0005355797454831112,0.0017027618233463287,0.08783917622678782,20
32875190,0.0005339129766883527,0.0004795126828231501,4.16128600715779e-05,20
64606777,0.0005332417109609078,0.0005571118838459694,0.00020195634017003108,20
93136589,0.0005324739125477929,0.0008010361213411814,0.003909384305649316,20
62874191,0.0005312551151578276,0.0023696519759632243,0.16432309347771784,20
154496520,0.000530100900109895,0.0011647934411825934,0.028007111555595866,20
18680670,0.0005295620305789589,0.0006880499389064338,0.0013659716805978531,20
32899425,0.000529554128052298,0.000539288559178567,0.0001568944759968519,20
44706790,0.0005281718504672017,0.0007385561665167018,0.002366581393646285,20
125663579,0.0005277590483140137,0.0005438852063314979,0.00017655316359849565,20
153342987,0.0005274714857718716,0.0003792297745994886,2.821295439163297e-06,20
20479899,0.0005268012889097978,0.0006036484710256061,0.0004783220361025034,20
239698107,0.0005257252365353376,0.00033234014358986226,4.947726145682299e-07,20
84487084,0.0005253596912674324,0.0007634139693463602,0.0030983785361113885,20
179209674,0.0005250942223014671,0.0003411111524936245,7.228901104236464e-07,20
16414229,0.0005244445002444448,0.0009110050857915474,0.009283449501316206,20
224905913,0.0005237764589454297,0.000667974984276218,0.001179552650638725,20
20091038,0.0005232716856580638,0.00046098616215372874,3.352577491382322e-05,20
25487925,0.0005217063951955009,0.0005336834769052791,0.00016406386831397632,20
44845008,0.0005211295523325415,0.00048810520553060546,6.587744744082241e-05,20
96122615,0.0005204184973953308,0.0004280612985316916,1.511915914779507e-05,20
89006917,0.0005201229114543543,0.00048728844354588774,6.606094791563882e-05,20
21891943,0.0005171777497960967,0.00036956719869703984,2.6052980923812043e-06,20
132770487,0.0005170967444289131,0.0004749679741305304,5.331909676755613e-05,20
19879552,0.0005167991356078233,0.0006241736219680236,0.0007550210294440543,20
156973274,0.0005166733005729813,0.0021982193318181346,0.15319054461222636,20
56354823,0.0005149717399525716,0.0003891967929355427,5.352608984534891e-06,20
113967276,0.0005127516901431677,0.000536586350506314,0.00020521977232590088,20
168609026,0.0005127440160186153,0.0020363840029700092,0.13708444158842398,20
45047400,0.0005127155658965127,0.0005688422816878993,0.00035700694642845193,20
14034592,0.0005126393220516806,0.0004668827919482482,4.8568274404721906e-05,20
6266066,0.0005111498497832711,0.0005427867324723977,0.00023638987242388697,20
74360542,0.0005107789965144438,0.001879421214299501,0.1195479436789471,20
75862771,0.0005106135755699182,0.0007161755479914607,0.00241857368311941,20
57360857,0.0005102149608500972,0.00036939401353660776,3.0894759880519095e-06,20
57868367,0.0005101763593634457,0.0005780814197670881,0.0004325879382708364,20
85272044,0.0005100331135738268,0.00041866517965452534,1.475666352611363e-05,20
95446684,0.0005091910985902254,0.001020504247109145,0.018948073923091908,20
236716686,0.0005091666640605231,0.00040763131062635893,1.0923067163150731e-05,20
149052644,0.0005073911592858333,0.0005826369484786224,0.00048740882656877387,20
12021001,0.0005064381889847453,0.001159590141663416,0.03284435315279358,20
98684674,0.0005064228742882954,0.0006093304668245622,0.0007312295874261176,20
168996624,0.0005059959879673865,0.00036993549149885827,3.505528323239019e-06,20
164191596,0.0005057566634566801,0.0007650841301129529,0.004054257361954159,20
62452554,0.0005052176707371514,0.0007188354760214422,0.0026769873806637475,20
71700236,0.0005050740368666706,0.0004354774646222984,2.623200611733135e-05,20
49663966,0.0005037908706139654,0.00172763428582715,0.10388771236339484,20
56012629,0.0005036583970816633,0.0021306006240761352,0.15184315041995944,20
165468765,0.0005029789345002145,0.0028430438850417625,0.21929918715725327,20
76306660,0.0005021673272240457,0.00115763652171282,0.03368796725292332,20
79966398,0.0005020145024117074,0.0004326471710628252,2.6098346083116744e-05,20
108644208,0.0005014288157775881,0.0005560833276833596,0.00035561088262198973,20
30893831,0.0005013227277755633,0.0007433250556393202,0.0035514561992196726,20
55120301,0.0005011594517505602,0.0003601489462932269,2.804649261231053e-06,20
90432762,0.0005007746164533671,0.0005236900620145796,0.00020384096196795847,20
8217341,0.0005003281327835591,0.00041998573929861955,1.9222517028165483e-05,20
171798354,0.0004996075009244926,0.0005115745626365377,0.00016565817896523882,20
22680875,0.0004983469110418249,0.00036389740234919353,3.4505985462869503e-06,20
116752237,0.0004978608829297598,0.0003847958517063524,7.088437034854861e-06,20
40743662,0.0004974133777910672,0.0004895364364909123,0.0001109251765002754,20
212066234,0.0004962869678308918,0.002110777063772765,0.15311175450146414,20
80082389,0.0004958483715946261,0.0004950929382482954,0.00012858889657591118,20
33041969,0.0004956357180266963,0.0006289814032322097,0.001134085568873988,20
127116942,0.0004954662796682718,0.0005033159320334056,0.00015302591808282213,20
67675097,0.0004951850061868269,0.0004458365715155989,4.277773810307321e-05,20
12670250,0.0004950377261631084,0.001705875672145421,0.10494663919632816,20
1662112,0.0004950298722242424,0.0003919926739507575,9.557415059259508e-06,20
82847412,0.0004950167467038941,0.0004976778270655316,0.0001378858316353207,20
28430707,0.0004940989527969953,0.0006812824008378773,0.002138294106955692,20
179810201,0.0004939802406554533,0.0005552940291306211,0.0004025303726555497,20
83,0.0004930527881678304,0.00045414983774694375,5.496966672009345e-05,20
55459364,0.0004924972249638199,0.0005489756260976598,0.00037270004004790483,20
29819746,0.0004923004705841505,0.0004795993701836141,9.984035104754538e-05,20
106245468,0.000492144514079404,0.0004930818218744969,0.00013314238812865275,20
54053951,0.0004911181701552442,0.0006458012110065744,0.0014989584906311387,20
65076333,0.0004907836476570782,0.0007942368454259125,0.0061840715225086095,20
95926648,0.0004899748904081125,0.0005042172319032838,0.00017404826460278434,20
165806965,0.0004899451504458447,0.0006211112587982008,0.0011246474250209554,20
6404727,0.0004896473472933621,0.0005635949538935349,0.0004977730663426473,20
151176082,0.0004888920637679761,0.0006407674756457257,0.001461518378285754,20
39975283,0.00048817223438664403,0.0004217157998209808,2.6818376358185522e-05,20
12870334,0.00048812350718686616,0.0005621720125663135,0.0005003807931903397,20
109699547,0.0004875498425358199,0.0006402612156034934,0.0014837661726970002,20
134361432,0.000487144907905393,0.0005325118434569746,0.00031110690441064876,20
70830109,0.0004853088267861738,0.0027220905238650793,0.2175594468100634,20
153195334,0.0004847637416022177,0.0006396837112152448,0.0015398459324278586,20
26809628,0.00048452422009165054,0.0003266756456805593,1.2017385110592734e-06,20
239497790,0.0004833285823188066,0.0005186198779345093,0.00026114956547228224,20
53,0.00048269857604205655,0.000558995047541866,0.0005253609775628063,20
460466,0.0004815725161187279,0.00046603008975622967,9.313636411800304e-05,20
91642317,0.00048125108509484147,0.0008397977189013695,0.009517684379184077,20
41254895,0.00048092218008299604,0.0005368238040622446,0.0003775066516986303,20
122177256,0.0004795268172924333,0.0006521379494625603,0.0019323824009878745,20
89915359,0.0004794323337176831,0.0006297942972732704,0.0014872764873853058,20
188421362,0.00047834955320364135,0.0007617481629051826,0.005609019164165948,20
14822650,0.0004781989743345927,0.0018980454672511038,0.13694474574242113,20
19457970,0.0004772360077248489,0.0011794206006264186,0.043104459435179224,20
23518008,0.00047714288765710045,0.0005746732534813105,0.0007374303637533813,20
60125368,0.00047677233897989166,0.0011419801009121622,0.03869772870634957,20
193439274,0.0004766810035182617,0.0009685100153759581,0.020146033871864456,20
30039957,0.0004755004714062483,0.0005311805266766523,0.00038017385384374384,20
187230944,0.0004751699335646314,0.0007034941775093571,0.003516073502949975,20
107339788,0.00047410540930975796,0.0007438375757096264,0.005116211347743696,20
114344723,0.0004730823770092901,0.0009734478380942807,0.02130044156692529,20
60064225,0.00047140484934436456,0.0005737983935058295,0.0008060948675232001,20
46552248,0.0004712760930921017,0.0005773131634428203,0.0008501648403609912,20
98548618,0.0004710622912129925,0.0010439482165225747,0.02897018971336288,20
127958041,0.00046964414997582307,0.0004121425316517577,3.2087951513229644e-05,20
78899326,0.00046954641463991533,0.0005510571227455081,0.0005903847631169698,20
50958127,0.0004688141295566828,0.0005370293562057762,0.00047694987084402065,20
232313864,0.0004687424352143504,0.00042013986089301707,4.069476154772991e-05,20
76818625,0.0004684493223440833,0.0005172973608508133,0.0003418786800554972,20
10087712,0.00046740298937311133,0.0008543951389461011,0.01216284051119396,20
107046692,0.0004667505449810705,0.0003867667349510142,1.650617362474327e-05,20
80114169,0.00046671967899372115,0.0004758083170797486,0.00015858083974239703,20
108333833,0.000465233766459941,0.0010707933327850513,0.033489356763961746,20
125181149,0.00046427244201051044,0.0003668486247599632,9.309512106725186e-06,20
110445571,0.0004641475335792844,0.00041842766523489015,4.3390121840578265e-05,20
180811478,0.00046401175207781974,0.0011654293103430327,0.04549001983841612,20
75744635,0.00046288207557741435,0.0002926099962409327,4.94689871854714e-07,20
94481908,0.00046179767937161166,0.0005973292376883694,0.001319075401405646,20
7066164,0.0004614582550558244,0.0003661033637793069,9.781837206621e-06,20
46316218,0.00046143568540061577,0.000998086738212076,0.026288275206608588,20
8819643,0.00046140851124888417,0.000468175850826324,0.00015126029872110586,20
40047576,0.00046102118043430117,0.0005636558944698644,0.0008365415836218631,20
113343517,0.0004609875038412342,0.0004211002616742551,5.019297228009494e-05,20
52195057,0.00046059739051625414,0.0006052842483226127,0.0014916732640439497,20
91409580,0.00046042968246655933,0.0007199852799428662,0.005011064247852714,20
26322800,0.0004604214202953233,0.0005854899258352818,0.0011527888270838435,20
27290772,0.0004603146059306951,0.0006200424697629747,0.0017993833801865293,20
33300792,0.00045939356109093445,0.0012349147490264309,0.056294264088142025,20
15025658,0.0004589172050919993,0.002523261766179846,0.21304149538392686,20
210064119,0.00045753429330670504,0.00044436259201370657,9.669808749567985e-05,20
112211032,0.0004570074039234151,0.0012068383833066165,0.05334444223750244,20
115351219,0.00045671310893285186,0.00045045714002008166,0.0001134300747089097,20
72838048,0.00045547029051662137,0.001634362426744264,0.11389903592763825,20
57723828,0.00045468245226189805,0.0006887328520445387,0.004089404982685666,20
73283537,0.00045404692934896687,0.0008574821150473005,0.014321286655940796,20
185217189,0.0004537040130942804,0.0008332460107539404,0.012457070912806623,20
144565779,0.0004527251695475187,0.00045947647526637677,0.00015162802551980264,20
96831615,0.00045190373899200444,0.0003939545282573505,2.976001608324216e-05,20
75888143,0.0004518978342718027,0.0004896735322767579,0.000286558933049069,20
82289951,0.00045161303431673626,0.0005631378584802162,0.0009840581955638445,20
30165735,0.00045106323218915,0.0005669209627044466,0.0010493881074951838,20
82094438,0.0004505349762941452,0.00030189690279308173,1.1055992129214638e-06,20
40690226,0.00044968185723683605,0.0006988185941988112,0.004818879982341813,20
57656839,0.0004489439318248412,0.000465527622395922,0.00018762727098896353,20
8407174,0.0004485976939047953,0.0005614971409370452,0.001014821837611196,20
70876148,0.0004485008199971108,0.00048261887878237335,0.0002682958224844626,20
145135611,0.00044844305230707927,0.0011038174342187788,0.04252280519499553,20
97147587,0.0004482834237850647,0.00030328111262464786,1.258851189112732e-06,20
114367864,0.00044676767099128265,0.0005296145695251344,0.0006439676763620945,20
113049803,0.00044646171947175793,0.0007862411453505633,0.010000233458428636,20
56055946,0.00044635569671989673,0.0023584478594895065,0.20393511400362624,20
120724030,0.00044535066356029553,0.0006974384074261685,0.005057738031028864,20
196042631,0.000445300427159237,0.0007379983627293423,0.007118560223314333,20
38440653,0.0004451173713628853,0.00043800303885755136,0.00011075434196656561,20
184817655,0.00044500849142829204,0.0006400873513857907,0.002887929032529434,20
35098836,0.0004447996432031559,0.0004958649423121308,0.00037309109116408966,20
178609356,0.00044477757128355,0.0006288759727561424,0.002560989965278474,20
22843428,0.00044429071998578206,0.0005509370584552006,0.0009403155049611631,20
861105,0.00044374902546468473,0.0009828887013995273,0.028908910657789513,20
91723213,0.0004431802037705407,0.0006003726071685169,0.0018775078373747143,20
235716365,0.0004431311955635536,0.0017578041185287488,0.13680575924866248,20
223505095,0.00044249723370748395,0.0006672955520813462,0.003972110746611941,20
201035607,0.0004421748008063053,0.00031893532077579314,2.9426542368219614e-06,20
19030990,0.0004418688921952657,0.000666579746178257,0.0039811656023871845,20
138430098,0.0004416498005169828,0.0006808524666702318,0.004579788918864461,20
48754129,0.0004412589792194721,0.00037908482336431235,2.516467159082874e-05,20
135660866,0.0004406480189987738,0.0006075298254761416,0.0021369506341799437,20
36622105,0.00044009814676782835,0.0008901727184715692,0.019746982648784658,20
50671370,0.0004396061516265537,0.00044297711377849904,0.000141092965048821,20
102690883,0.0004395835960875727,0.00045470230836679377,0.00018314524128134517,20
143172279,0.0004393229685385275,0.0005208500059202931,0.0006446135570733193,20
99149404,0.000439041384798447,0.0005309455483272844,0.0007632913068194347,20
89640770,0.00043874390458764623,0.0017834380641921206,0.14249668757748749,20
60620107,0.0004380704476268732,0.0005167541619274372,0.0006171791364509954,20
125984547,0.0004377420866524928,0.00047918782752634644,0.00031525631309631193,20
26665768,0.00043592091573702306,0.0007093383779644907,0.006390545123841927,20
26648033,0.0004359027796696252,0.0004489551793940848,0.00017551881721970968,20
92480009,0.00043576410706823443,0.00034009813069145863,7.998001489623177e-06,20
4616238,0.00043569786626058705,0.0004513825081218264,0.00018596159905887093,20
99233987,0.0004354736061097181,0.000441613967928648,0.0001504161926356509,20
28493371,0.00043489709559031974,0.0009183578939557994,0.023800654683805697,20
11274951,0.0004346712636501493,0.0020443805814644054,0.17680896835564702,20
53752080,0.00043436828965288666,0.0003934000121657945,4.567403783720444e-05,20
77077751,0.0004341228063469593,0.0003886589846302766,4.017204707789541e-05,20
17081563,0.0004340713598529805,0.0005335202853401038,0.0008741161911478339,20
4403875,0.00043383024840479013,0.0012390733527929843,0.06694885765053354,20
69297311,0.0004330051308665095,0.0006909544000857237,0.005679767963142836,20
166607746,0.00043295370901361705,0.0006961401427913879,0.0059481142400503355,20
64663082,0.000432946266008466,0.0003218250068067472,4.337037666776855e-06,20
46230815,0.0004311947331704535,0.0005796652419446332,0.0017727897287092918,20
163195021,0.00043028048998566273,0.00046776742960957394,0.0002954583291039204,20
22628385,0.0004288353077338047,0.0005802801852868619,0.00186170395101909,20
25284225,0.00042812364436906893,0.00041930879286600307,0.0001055174259174321,20
158774640,0.0004278728872056714,0.0005280772328185861,0.0009044619802014629,20
88112010,0.000426735327118391,0.0005265478362886515,0.0009026865745421939,20
41449771,0.00042560024943166244,0.0004665794596626077,0.00031959159010964283,20
85925978,0.0004253520717207637,0.0007767411602219837,0.012099923130969536,20
45552788,0.00042518661940816607,0.0003960301738223135,6.20399540905217e-05,20
83352667,0.00042471991974308567,0.0006560715598291281,0.004638820893272383,20
12082140,0.0004245454858971265,0.00038080585342992586,4.103000330022605e-05,20
30240334,0.00042367339033277105,0.0005720270786983332,0.0018312146639698262,20
200119,0.0004229484054588617,0.0009361250134662465,0.02882500946154859,20
26485461,0.00042241245061704346,0.0008765611311048968,0.022095392052551732,20
45599086,0.00042229126596152465,0.00048483583493744853,0.0004866854095034157,20
38260503,0.00042170927560926386,0.00046724356369931894,0.00035260238278585156,20
39881000,0.00042134246966176456,0.00034926731912045294,1.6577607761762345e-05,20
31047046,0.0004213095212666773,0.00043642323257101927,0.0001857398363641578,20
25433921,0.0004213000740418499,0.00038498122075247425,5.038568201678043e-05,20
31671262,0.0004211135165423624,0.000498012700027515,0.0006308509487853953,20
79365944,0.00042093287562084694,0.0008932869138748277,0.02430058192776599,20
2061974,0.0004197457047711267,0.0008393502395737352,0.018755961011420987,20
190424966,0.00041936887567073367,0.0005238097728917559,0.000997615669163539,20
175215287,0.000419160276189956,0.000527653236586302,0.0010628167807109107,20
147450806,0.00041915381306177336,0.0003934689468524867,6.747561374556548e-05,20
139166114,0.00041914312016127776,0.0004298451527274667,0.0001682147678566353,20
44142427,0.0004189364369596799,0.00044533245238781113,0.00023878099263203385,20
96545397,0.0004185088365728451,0.00036751248652370014,3.23307792531051e-05,20
21430876,0.0004155172031955701,0.001712551836994829,0.14573219263504003,20
68066102,0.0004148923591428988,0.0004946220940526774,0.0006760466155652539,20
142244277,0.0004138788958537781,0.0005255882776709337,0.0011403105728159846,20
23087777,0.00041267444537642083,0.0007439610304264951,0.011321267076155531,20
7670148,0.00041239014746509705,0.0003111937839355972,5.250372700487438e-06,20
31297630,0.0004115591341886382,0.0003020157343012357,3.677875277244708e-06,20
232490297,0.00041083021094834304,0.0004978062434367581,0.0007760271562895743,20
36432194,0.00041062839323933174,0.0008394849855489638,0.020704674750995192,20
72271917,0.0004106222994249481,0.0006071294442375015,0.0034851252952889616,20
39653379,0.00040908671201991267,0.00042282384170665795,0.0001817318859732622,20
77089322,0.0004084459720900435,0.000981405534355773,0.03912824890467534,20
66284399,0.00040783572382987186,0.0005039342608134234,0.0009131895500135805,20
78,0.00040737796787488625,0.0005508369457785664,0.0018514591765790946,20
145977305,0.00040721775051734687,0.00040124235508531603,0.00011228102962481283,20
65877053,0.00040717640060152215,0.0011139014625599398,0.05928081908810819,20
170597867,0.00040713558257036433,0.000314082190751375,6.924218663239357e-06,20
81446938,0.00040708246665466794,0.0004905494176806375,0.0007407119251619423,20
105731198,0.0004067016022653219,0.0008912639885324036,0.027710343307154064,20
9017706,0.00040668097122933955,0.0005402851538847034,0.0016213377083958594,20
174402618,0.000406431813252639,0.0006217726442629786,0.004360234022677301,20
2802132,0.0004064017105463114,0.0028964107152832375,0.26890182862025724,20
71538137,0.0004062715863021593,0.0008022341627199291,0.017705103896774793,20
34295284,0.00040594845117488396,0.0005267096801474831,0.0013512597700490005,20
31841056,0.0004055793860883089,0.0004268559344496945,0.00021689072801410174,20
19821185,0.00040540526563061783,0.00045535674066486784,0.00039958317311610594,20
9067597,0.00040538593823367665,0.00048637609621812646,0.0007137774016127231,20
48110222,0.00040536133596526247,0.0004943523428835853,0.0008190663268922379,20
18884606,0.00040514799881727625,0.0009570640592532373,0.0368347309641551,20
60649224,0.00040469743670110137,0.0005607194758884594,0.0022148351022060427,20
53319203,0.0004045803634644185,0.0004389987474729114,0.00029026123935445573,20
22061952,0.00040451527334373907,0.00036628423103076703,4.5566103850258055e-05,20
39708578,0.0004042429487608634,0.0005543601679197077,0.002054891766072662,20
51449190,0.000403511882098484,0.00045585911115111655,0.0004211021307776609,20
51649753,0.0004035041021905578,0.0007958851586246909,0.017614527287859883,20
1610985,0.00040346417777469,0.0004889606420278261,0.0007770943247547829,20
52466430,0.0004034626386115292,0.000625325186242466,0.004738430509656549,20
102934415,0.00040237778159580293,0.0005117071865365756,0.0011532894868710075,20
40225753,0.0004019000500905173,0.0005282904397717849,0.001494764109588455,20
69925111,0.00040143160700903955,0.0007711294565629131,0.015552775037222442,20
146370996,0.00040133359973682224,0.0004094954945622486,0.00015992574774197372,20
8270510,0.00040054628671510326,0.00034215806698662947,2.356582283761193e-05,20
43457522,0.0004001555679256891,0.00036994945392003573,5.722981788296378e-05,20
11824529,0.00039756124268179317,0.00050808104264645,0.0011994705669571295,20
70589510,0.0003975382163643487,0.0006357111107096757,0.005753988451619964,20
47754416,0.0003973973630756744,0.0006339824333868485,0.005671459065193609,20
102,0.0003972741887094455,0.0012863884005872544,0.09163478475199212,20
180613345,0.00039709287014510206,0.00043988312099666377,0.00035196692312425824,20
173807024,0.00039652211162440607,0.0004826660462698682,0.0008063133091338446,20
145935966,0.0003956018900580255,0.0005069474481664605,0.0012254943662777591,20
54449109,0.00039550666019809997,0.0004888009216256138,0.0009147426536371049,20
115503310,0.0003954332008688832,0.00024418021738361977,3.554655490418301e-07,20
412299,0.00039461375126471074,0.0004436223547159683,0.00040276443584946053,20
69677738,0.0003943971533899193,0.0006207844998545723,0.005220202963761267,20
67095264,0.0003943446007112023,0.00028582126576399985,3.134263334735705e-06,20
25463606,0.0003942798960158589,0.0006000846487259458,0.004217687778967173,20
58697623,0.00039393645590210524,0.0005132697390890893,0.001396081062313246,20
69339964,0.000393790206005179,0.0012650846630464583,0.08999170738576717,20
218099577,0.00039310664856315457,0.0003901719180803266,0.00012099666231742201,20
77185444,0.0003926291486662153,0.000591069331471821,0.003927283034107873,20
59659309,0.0003923381725627728,0.00039732482131497936,0.0001483598736725062,20
32094593,0.00039170558645426347,0.0009281791567577739,0.03724608282385067,20
10,0.0003915952987479071,0.0037965663290141557,0.32491853815565575,20
21485948,0.0003915181070901663,0.0015156311755841366,0.13115659760938,20
130748733,0.00039132361054586284,0.0007869975053088684,0.019246329298729714,20
28892919,0.00039079790273157387,0.0006960405285273959,0.010622685046704857,20
154458324,0.00039075787965137663,0.0009111591912590217,0.03513931828219257,20
99,0.00039025453098551763,0.0007720419922807209,0.017857647944711855,20
46352122,0.00038984086615371225,0.0003531809335009777,4.5829611981236315e-05,20
71700124,0.0003892793109958298,0.0004380469864128504,0.00040630225642362516,20
11420374,0.00038776949108184077,0.00023735639734456896,3.137961144695144e-07,20
32308134,0.00038757926862043046,0.0004534522946704825,0.0005746446852713247,20
58897769,0.0003875082796582441,0.00040616247062623574,0.0002084004251810601,20
75561689,0.0003874333638321459,0.0005437832593860671,0.0024306000174163012,20
122357049,0.00038734164549003027,0.002690870085783069,0.2637166071280912,20
155586913,0.0003873093878387246,0.0007925612577595495,0.020791000758290785,20
14426472,0.00038660828607510743,0.0003557570312517774,5.438833259342012e-05,20
23282061,0.0003864464322408223,0.0008154259113704367,0.023724573025998823,20
76018396,0.0003859298870935002,0.0005356193668412173,0.0022420497223120243,20
232513945,0.00038582207792078047,0.0007440493348971624,0.015846260223639445,20
35095644,0.0003857193397932085,0.0005613401473322263,0.0031303445497716516,20
50157622,0.0003855531182286126,0.00029158583785245795,5.3988991161376825e-06,20
37859065,0.00038460484335781363,0.0004955091907909266,0.0012785646054345626,20
64423309,0.0003842157784170741,0.0002768788520236641,2.908130548721138e-06,20
32297173,0.0003841647726625597,0.0005033779343316771,0.001458640862968045,20
3412648,0.00038415556395146876,0.00037274768910615163,9.576022822933524e-05,20
10638333,0.00038395968082503563,0.00045015919086493095,0.0005852303177332537,20
11682040,0.00038335548575285097,0.0009655617078036336,0.04591245478976796,20
56659492,0.0003833177470693533,0.0005182354175221364,0.0018496374015870294,20
56856336,0.0003823322827823633,0.0003874078187533906,0.0001491929192786583,20
127669430,0.0003821586879087957,0.0013253520254297149,0.10634757423114147,20
124354426,0.0003819781839047048,0.0004919169855361952,0.0012743141569938402,20
58662069,0.00038182679010491106,0.0003344773906610574,3.144242633875738e-05,20
91513690,0.0003816398410752653,0.0014163404841537608,0.121491736815456,20
79299879,0.0003812887316737235,0.0015178251831890128,0.13762431584360965,20
72691405,0.0003812033144047766,0.0007006010263884636,0.012502895677190031,20
123862278,0.00038092990932618863,0.0004962212819896046,0.0013938545516035022,20
59543909,0.00037993612809132107,0.00040434494097553144,0.00024146017275406958,20
44544470,0.00037921792617254534,0.0003129927211804275,1.5749497439399772e-05,20
137156808,0.000379052399848559,0.00047055504927676116,0.00094881430841315,20
148782358,0.0003790176813442653,0.00023053518864991657,2.86697368646521e-07,20
160593498,0.00037821368863909797,0.0007665607033275491,0.01992717632288062,20
156698673,0.00037806405033978806,0.0037468720942190636,0.3284608334783187,20
95939767,0.0003778868853482581,0.00037364944693961307,0.00011639852154573087,20
155380346,0.0003777358171499545,0.0017780728094352796,0.17700421785812798,20
208286280,0.00037730961942222807,0.0005787441639114443,0.004434710594587961,20
59744004,0.00037698659262942193,0.001531484501053879,0.1423567275573569,20
21482399,0.00037670181564394557,0.0005298417513476103,0.0024675696171604345,20
21622752,0.00037663100934779147,0.0006325501763707526,0.0076864982921769276,20
108404343,0.0003763441792620503,0.0004118048702353871,0.00031403136968430334,20
193827754,0.00037623842002744987,0.0006585068713990944,0.009673064166864021,20
68096489,0.0003758979155629727,0.0005857178001116999,0.004900631159287485,20
55212356,0.0003757319756669125,0.0003438956547154706,5.1284781514001956e-05,20
62327558,0.00037570086252332324,0.0005986797743205037,0.005631697554007225,20
62420716,0.00037530065443348306,0.00031370999222423687,1.8294079542254597e-05,20
51055716,0.00037524611725452963,0.0011407242902494352,0.07881265581838424,20
40521918,0.0003750861025117347,0.0004570258619352658,0.0008130279346080181,20
69297421,0.0003744800319920999,0.0006899911866823025,0.012664794186936223,20
113207613,0.00037416830907170684,0.0006952677432192004,0.013215756453464293,20
1661701,0.00037397971625823255,0.0005447643369992831,0.003150403968954415,20
55683603,0.0003733878745791841,0.0012650042018719557,0.1012545406073452,20
37642802,0.0003725141749073263,0.0004937168472889058,0.0015922082725312603,20
86473196,0.0003721539112254618,0.0003466853562834407,6.213911166751654e-05,20
127878016,0.00037192983283705904,0.0005319575864583956,0.002776557318289907,20
108140032,0.00037191659817330524,0.0005249720695570333,0.0025306181422198887,20
85154685,0.00037141998426139244,0.00048593727342394725,0.001441562672706403,20
23832634,0.0003706010885334038,0.0007451622545911755,0.019227754595964194,20
78503270,0.00037019355568095323,0.0003418446069015148,5.649858882130479e-05,20
21883988,0.00037011792878659797,0.0003641763638638423,0.00011067306465832773,20
80514706,0.00036922246035956676,0.0005123467770601894,0.002239364349284048,20
75840556,0.0003691694608157686,0.0005335267520038051,0.002984191412037224,20
37633338,0.0003690121012135367,0.0004602957073118743,0.0009867981587054152,20
79691256,0.00036798007877799634,0.00048462545918466233,0.0015168131577959435,20
114968431,0.0003676515227560101,0.00048144874600320153,0.0014518336696287832,20
134828617,0.00036712956287218436,0.0005315623267795694,0.0030225036403243527,20
31696488,0.00036619511340083846,0.0003895296226977961,0.00024032480732758452,20
50392394,0.0003657834049820868,0.0006826065205213548,0.013501800802854472,20
18627154,0.0003643895270516284,0.00048710741880394386,0.001699239498048308,20
20629817,0.00036400887960935934,0.0005912737761594962,0.0063234000687893525,20
100914035,0.0003636189301442688,0.000669916842561002,0.012658815330377977,20
26090381,0.000363485743662173,0.0005461120825994108,0.003876421249101766,20
26285874,0.0003633577740513594,0.0003666618659467175,0.00014311699941825813,20
49797216,0.00036320576294030237,0.0005401571944679441,0.003623452715339548,20
260348,0.0003630978043671351,0.00037846981771954066,0.00019741840340044576,20
24283359,0.00036269917467166013,0.0004044213429580787,0.000373788539772052,20
27241878,0.00036254868932680817,0.0012422110468389427,0.10370090709278887,20
138566818,0.00036193858011600023,0.0005196490968660014,0.0028514351755152337,20
23357831,0.0003619061384968342,0.000708238774363455,0.016981779879889605,20
161589520,0.0003617706716900232,0.0005285901890588971,0.003216624863175764,20
100745956,0.0003617080953549623,0.0004453459170708947,0.0008866915553432439,20
113343409,0.00036149977983795657,0.0005798219376468964,0.005860111544799791,20
22295146,0.00036135311001919966,0.00039484565896919134,0.0003099341949981572,20
133074645,0.00036133295134736787,0.0004941361087860565,0.002013249821302585,20
19678889,0.0003609144634401318,0.000768656227070947,0.02466479396895383,20
6067603,0.00036054547921149095,0.0005631896155185507,0.00497749834385112,20
52660391,0.0003602663655038113,0.00048399699475568266,0.0017640836648293618,20
92904733,0.0003600268461739359,0.0013895880473142907,0.13047138938275757,20
199247754,0.0003597356561187287,0.0003793924647712403,0.00022128363675053846,20
14622952,0.00035859475247382034,0.0004413667613496346,0.0008842706809306471,20
37306245,0.00035847032440422256,0.00029733865205298514,1.670249042578414e-05,20
86297150,0.0003582254584571065,0.000692011790999616,0.01597574294332881,20
182615103,0.00035793400656845554,0.0003257214293102762,4.813623361925726e-05,20
34820891,0.0003573238190242356,0.0005257145785466195,0.0033709083085439137,20
217499414,0.0003572873667338855,0.0003236262982547479,4.573206192089679e-05,20
108249540,0.0003567973864348206,0.0007428519556507093,0.022411693237125063,20
24359385,0.0003561498860229828,0.0006884362929578488,0.016023705358584748,20
149139307,0.0003555511345795542,0.0016469320956954035,0.1732177914987127,20
156298421,0.00035504651682928545,0.00031149327033520575,3.199169265387021e-05,20
66677481,0.0003550147942438547,0.0006260015196983517,0.010069463950205025,20
74284687,0.000354993179405555,0.0006577458023248793,0.013026623763762948,20
62266253,0.000354462490148319,0.00040797645950741465,0.0004975811873057365,20
76096927,0.0003543175011367666,0.00038197168217294405,0.0002730057510707823,20
16073506,0.0003542971827502295,0.0003828516131588676,0.00027916355979685234,20
85695877,0.0003537067298981289,0.00048300269543281296,0.001991766841076041,20
45952352,0.0003536357856546435,0.00041705693272893794,0.0006159397193127237,20
79,0.00035338526983055287,0.00047607688082077165,0.0018013061426298282,20
20822001,0.0003531534793747043,0.0005825923676786775,0.006929654698352452,20
18088703,0.0003527993985109862,0.0004721767485072216,0.0017145991078006497,20
138479807,0.00035268393051210987,0.0004428103737208905,0.0010405683850773365,20
117547168,0.0003526668416129836,0.0006227917250132016,0.010150561276302091,20
45859977,0.00035265957738274953,0.0004125301278796082,0.000573824527744435,20
21804837,0.00035256355778046365,0.0005648788971448568,0.005821841801643447,20
45206748,0.00035234678576156754,0.0004451539754613045,0.0010942605003736786,20
171477739,0.0003522933044004917,0.00045883786777322407,0.001391973091650851,20
100841893,0.0003522417182353438,0.0005384975389354276,0.004340822475430116,20
122861867,0.0003520686549910307,0.00045893345762588816,0.0014011577680086667,20
157298783,0.0003520256155895435,0.00028117520072826874,1.0620373993641786e-05,20
157784255,0.00035163507425017284,0.0004859463616896351,0.002173804624062897,20
2663101,0.00035149080896770547,0.0022126357353525155,0.24303464139950492,20
113744582,0.00035148862456367005,0.0002876036494677162,1.4205430982966282e-05,20
106135316,0.0003513407038128691,0.0003299995750798582,6.788999631874116e-05,20
38136026,0.0003509859080579825,0.0006402580630291079,0.012033991790350602,20
107358519,0.0003505519442703192,0.0005099439253251599,0.0031212549918888713,20
19881127,0.0003502779410436835,0.0004957658091842077,0.0025794747175158527,20
64022656,0.0003502583260435427,0.00123020214196871,0.1091370282208579,20
109760964,0.0003502250068344315,0.0005650160173644798,0.006069900928654834,20
94143826,0.0003501268868691482,0.0003608507204050542,0.00017667593101629704,20
48462986,0.00034966618976086105,0.00033097939850925084,7.374762801383517e-05,20
187431600,0.0003496329581289065,0.0004995532819427632,0.0027566878495027952,20
96988898,0.00034941339225517677,0.00022223615119427436,5.388885310138325e-07,20
27067070,0.00034938666847475486,0.0016553908017784714,0.17853771950649494,20
23205811,0.00034835776722298706,0.0003082976100276455,3.529859337557818e-05,20
134363401,0.00034835155387434314,0.00028463845544098205,1.3969937148315433e-05,20
97128452,0.000348263013786293,0.0004563753493205516,0.0014596317574557638,20
171677768,0.0003475605302053875,0.0005460555568443155,0.005160686071157366,20
17481948,0.00034715093915152484,0.00043083658227453006,0.0009467218257189142,20
13072952,0.00034693386504207335,0.000554504604900451,0.005736060907837129,20
218299615,0.0003457580028518481,0.0012960340244684485,0.12376142754858718,20
21114700,0.0003454648832764334,0.000700821845851669,0.020007887082348196,20
8474125,0.0003454230153437543,0.00030975803248043694,4.09164073265794e-05,20
25685359,0.00034486058243628215,0.000363872003570282,0.0002222702908936991,20
200835590,0.00034469871422964927,0.00036067375326347275,0.00020495462037026647,20
94739161,0.00034465255589615775,0.00044644287369311907,0.0013339587607402383,20
50690050,0.0003444586588917553,0.001755977441483791,0.19564903588021337,20
146170911,0.00034432722141183034,0.0002762139493852568,1.1190652801994257e-05,20
150454606,0.00034412259081877393,0.0010065719883241573,0.07138184712429334,20
38443758,0.00034387376375277225,0.0006628310121957185,0.015809617444466014,20
146536229,0.00034333601594686847,0.0006343630116391503,0.012843579122766449,20
41441789,0.00034303970266630346,0.0007730919085029683,0.030922738117420558,20
118410936,0.0003429763293070681,0.000920857790903189,0.05609171995321032,20
35530604,0.00034295752098213175,0.0006227997161497522,0.011757851018290758,20
26429117,0.00034225281405112775,0.00048522601789494215,0.0026104095250569534,20
124542531,0.0003420289699220619,0.0007239080880106971,0.024030884472164577,20
6996880,0.00034179519797563896,0.000428467516567753,0.001027445530523271,20
132350880,0.00034166684266864755,0.0004048818865817381,0.0006420215604402248,20
101922599,0.0003413806319094964,0.0004193145469736295,0.000869312610542996,20
48130975,0.0003410665765738896,0.0005331792486244504,0.005001948756335494,20
47181852,0.0003409403359086599,0.00031825862759095444,6.35266297345841e-05,20
151140870,0.00034069177811323623,0.0008070231456541921,0.03720076429385605,20
113527942,0.00034041272270288745,0.0020809184510885348,0.23667421132754446,20
22605557,0.00034020307959692353,0.0005165012199662856,0.00415052821219536,20
10067972,0.00033949323506077543,0.00028641042641346597,2.0384644933244013e-05,20
88319723,0.0003391544133930002,0.0005490279221158292,0.00619578467100356,20
99550574,0.0003391534507364485,0.00023728321113377076,1.9723710111636763e-06,20
13823588,0.00033799081328588496,0.0005313733406581325,0.0051820663279540475,20
58469275,0.0003379192015483423,0.0003914644382070149,0.0005269365591637168,20
410389,0.0003376816380234127,0.00043988156336495455,0.0013938046749553405,20
50638660,0.0003376305334030716,0.0003433748565053424,0.0001547996724062569,20
125756716,0.00033703445746325055,0.00035382060511498137,0.00021164317687596227,20
111125434,0.00033660853221692544,0.0004022107355286773,0.0006893539119101126,20
108521930,0.00033633926896757814,0.0004053909964425518,0.0007421007000076998,20
29893461,0.0003360759334789049,0.0004424304193316495,0.0015121430063913005,20
40447997,0.00033599476112563533,0.0007220830271987996,0.0256038410952144,20
15026516,0.00033587845830763686,0.00033516932515983695,0.000127821048296331,20
39261398,0.000335875346806172,0.000350317819126057,0.00019865050571486994,20
165669038,0.00033564029715369147,0.0012029479181484097,0.1136336164308138,20
113766510,0.0003353940717094078,0.00035473679615450975,0.0002274977338791118,20
71156024,0.00033529589550254646,0.0005138168371657255,0.0044080087756740065,20
82721313,0.0003352751379229968,0.0003639821121662176,0.00029164906218605215,20
29936654,0.0003347250931171414,0.0005772267947241717,0.008918713283358531,20
156382470,0.0003343557649097828,0.0005020464598789843,0.0038612171820472424,20
55480106,0.0003342208282293174,0.000695985134428589,0.022430710614634343,20
106004039,0.0003338596950111739,0.0004394300919853807,0.0015099571212555903,20
106295428,0.00033383367127159946,0.000378438598346612,0.0004343566956252073,20
16076022,0.00033362842882067313,0.0003544050908213661,0.00023720639783491866,20
54658696,0.00033337174682981083,0.0004972038562134682,0.00369281046535011,20
58457964,0.00033326545784689854,0.0003563680115481609,0.0002527058167084286,20
75505096,0.0003331507776032111,0.0004952765825723426,0.0036145429060655656,20
37573048,0.0003329302198876172,0.0006614299582116529,0.018207907921103855,20
45850809,0.00033271349584665654,0.00030281081473359616,4.820656337168186e-05,20
235316185,0.0003325942666662529,0.0013801005388901573,0.1473190234197031,20
140280877,0.0003321939164775578,0.00044407141852820416,0.0016993071346347673,20
22,0.0003319873080027569,0.0007033362477505384,0.024128733273031812,20
167594951,0.0003316022921873524,0.0003442044570107951,0.0001895271470954564,20
41059147,0.0003315845784545912,0.000555383002417765,0.0075676549112642265,20
93384594,0.00033108340198230446,0.000760770922890514,0.033283281381561725,20
46807985,0.00033068476599494855,0.0005714986161200944,0.009026261027776523,20
20040619,0.00033049831770768924,0.00044104978599835744,0.0016774815451723794,20
15750835,0.0003300111436428638,0.0005417124276224098,0.006730059940056532,20
3062242,0.00032973188630138205,0.0004675403659478481,0.0026130016334325124,20
105356528,0.00032947623570478977,0.00030026418945012205,4.891825699988726e-05,20
64222962,0.00032937958422443183,0.0005074108688795576,0.004558861051099816,20
18280597,0.0003284253202147508,0.0008677636995342249,0.05343443008620413,20
33,0.0003282985899691504,0.0006540335828297409,0.01843928672708824,20
74261063,0.00032828962429098105,0.0005104226403919053,0.004833864199678546,20
93698699,0.00032811948065429033,0.0006646280767224686,0.019873556103685682,20
78909498,0.00032743040294272994,0.0008148726856663236,0.04412670267390121,20
120175464,0.0003274101617227243,0.001581762307364185,0.18310797330501444,20
37845536,0.00032697063556074156,0.0004846477392277565,0.003543593766066796,20
76288754,0.00032683331051384934,0.0005158405824173899,0.005309069456973617,20
119173430,0.00032678046398071646,0.0004463579196102415,0.0019958572938510925,20
7416496,0.0003267063520095481,0.00039172485672549527,0.0007098751622437906,20
134424750,0.0003265873840243988,0.0002768855599113986,2.159207696323356e-05,20
19478604,0.0003256873822172074,0.0003981163857178472,0.0008351935051462214,20
11410037,0.00032540858167994234,0.00046098770949711936,0.0025961665109530655,20
155697818,0.00032522647455144606,0.0003679089794569935,0.00042621654175757396,20
16281187,0.00032464955340343884,0.0003433547939049475,0.00022738384571454408,20
39944601,0.0003243214767575109,0.0012670579618284535,0.1332733087135523,20
58815947,0.0003243210471247038,0.0003545024321435875,0.0003109261402121087,20
135563101,0.00032430004108131296,0.0021060806476464224,0.24968903614628624,20
26122324,0.00032373015853000563,0.0002689223971811822,1.6998686692939066e-05,20
123074371,0.0003235756237595755,0.0005585276882532172,0.008965442541389073,20
58862232,0.00032224556256585656,0.0005917260767195589,0.012447313360335492,20
183413886,0.00032217660680845805,0.00032210372497343254,0.00013029696418464978,20
141970192,0.00032213023237810114,0.0003157425444036342,0.00010636718048357223,20
32096766,0.00032143962359286736,0.00035523189229732166,0.0003443249216750911,20
103131752,0.0003213014335442965,0.0005702392923745631,0.010424710063430714,20
38879940,0.0003212811041631902,0.0006035671116678302,0.013955478585310054,20
62058728,0.0003208100582983736,0.0006412876389888399,0.018726184035845597,20
102926690,0.0003199623539372226,0.0003271762140011184,0.0001634083378338266,20
29668408,0.0003195370575504508,0.0007512730521349793,0.036212731575302845,20
80370073,0.00031912445332331064,0.00041854935553209573,0.0014693083671513207,20
130548484,0.0003188847370419939,0.0004928721254595384,0.004655958776052236,20
39575264,0.0003186387649923156,0.0005506473521735116,0.009023276166011939,20
109140966,0.0003184407819014412,0.002242954518343076,0.2665243578547938,20
98112974,0.00031837855151010117,0.0004219178948937148,0.0015907831594454652,20
190021957,0.0003181263073445434,0.0006667336405852032,0.023053907330166157,20
58415744,0.00031781021552194645,0.0005743336972485021,0.011465247978958404,20
67510249,0.0003174837987325096,0.0004872383343711214,0.004449870962495209,20
26842824,0.000317471746199699,0.0003997360814422686,0.0010647898478965598,20
133771154,0.00031685288570121317,0.0003073859448219862,9.557299046331987e-05,20
58269168,0.00031661617007423815,0.0004034597846716374,0.0011720704159395054,20
74293223,0.00031639111891235974,0.000552502474860858,0.009554366543780078,20
140065292,0.00031632418524479844,0.00033281842541496023,0.00021626023287591058,20
10674597,0.0003160851515075974,0.0003621128654629616,0.0004773664798998033,20
121555859,0.00031598295028275323,0.00037885372006087053,0.0007096576602408527,20
13421917,0.0003159757620564807,0.0002023251399422312,5.918745765192262e-07,20
99750697,0.00031577344309996757,0.000622516330561664,0.01757194807165928,20
32494665,0.0003156984637247784,0.000452160159204146,0.0028036146962911917,20
77889938,0.000315394922794604,0.00045575294002571907,0.0029815557210421833,20
236316575,0.00031527308524118003,0.0006794000245246497,0.025891559923369948,20
43044877,0.0003151752874120034,0.0009654546365294392,0.08032207692751765,20
234715693,0.0003148904908665651,0.0008753296271098419,0.06207469954087228,20
3268053,0.0003148574203881982,0.0006660223795161462,0.02397391167914084,20
83848710,0.00031468453651100904,0.0006952838376420039,0.028626736659910862,20
102124790,0.00031439717716255644,0.00042692276870408524,0.0019108767067714729,20
113938804,0.0003140330867978075,0.000834254725636497,0.05432683313854476,20
5614524,0.00031400305928968865,0.0003264563905823783,0.00019251344206037505,20
115768926,0.00031378477944405124,0.0005879227476297911,0.013773572278417263,20
63346320,0.0003124057177426753,0.0009795894460515914,0.08501338956833282,20
34653927,0.0003120252241793603,0.00048460277832495293,0.004800496702670126,20
90722253,0.0003118924261453049,0.00036254855739407016,0.0005429991034536782,20
5596138,0.00031064508577544894,0.00039160644324837834,0.0010750651659950639,20
34848927,0.0003103328842692793,0.0002876129402811093,5.8776961276659646e-05,20
1411905,0.00031011312751864917,0.0005129928910200069,0.007041509694415472,20
7216586,0.000309884596643073,0.0004261295957724743,0.0020966076025327827,20
25885030,0.0003095996036590637,0.0004554610463062371,0.0033689596000991023,20
24527946,0.0003083706814277054,0.0004699930123293078,0.004256222787521511,20
17875194,0.0003083476854455064,0.0005266546056519257,0.008454408358424282,20
80081005,0.000307998595470918,0.00032122994822029766,0.00019857539815006092,20
95306804,0.00030757921361788954,0.0004924868966122845,0.005799054165223062,20
59864071,0.00030741495979707824,0.0005879725151935776,0.015231954568098532,20
98302362,0.00030738647395951724,0.0007718066665535065,0.04544408972254186,20
37678814,0.0003067528051158286,0.00033768689860789943,0.00033216018186559525,20
55668480,0.0003064845819648526,0.00034462962318365225,0.00040363131753573886,20
66672009,0.00030628926110055633,0.0005826498820633881,0.014837412660453384,20
53844253,0.0003062698706077921,0.001029810499420465,0.099627103066123,20
13676738,0.0003062280388501981,0.00025175442924163505,1.5027808844173919e-05,20
3666277,0.0003060514292380384,0.0004818150381051889,0.005226093107970277,20
34854171,0.000305919468028254,0.0008333191941853023,0.05854384389982086,20
47888261,0.00030583200927806196,0.0007261134767023276,0.0375073681396986,20
82351846,0.0003056441379265029,0.00043330739833124284,0.002609688068848112,20
28893554,0.0003054257753592582,0.0002558951101976607,1.8799616425600496e-05,20
134259962,0.00030520852873611447,0.00042864516770844046,0.0024415038850782705,20
65729747,0.00030511370569553665,0.0003292372812840667,0.00027544831887364637,20
52866639,0.0003051090081780644,0.00045282985766866235,0.0035744054433286556,20
70267947,0.0003045845108059941,0.0003058140052267258,0.00013603992971456512,20
54152426,0.0003043941243724979,0.0005105280030296454,0.007626365577163951,20
99549491,0.000304347226764351,0.0003875149110635467,0.0011646071034991713,20
61126752,0.00030433945323144195,0.0004305051651443472,0.0025692625946491213,20
84491522,0.00030398921564971093,0.0004631961819585564,0.004249161252420775,20
222478858,0.00030382471444868886,0.0004991576007405258,0.0067643117364825775,20
97,0.0003035122828840248,0.002384888000130088,0.287962278042583,20
166994225,0.0003030590479051021,0.0006236556104593236,0.021309356147958963,20
36299862,0.0003025728671347705,0.00035790324370919195,0.0006320354650913211,20
112927208,0.0003025710803297471,0.000401642003531047,0.0016112166077055505,20
124954858,0.0003024402328557996,0.000331222448788623,0.0003165638801313108,20
14222782,0.0003020040238288224,0.000773635401086469,0.04849910175363577,20
48353605,0.00030185878300894307,0.0008872048876286007,0.07229164282323505,20
20258638,0.0003017856654673995,0.0006150330339157695,0.020419824326950043,20
56459228,0.00030142376463620504,0.00036343894009548545,0.0007443795828692131,20
105645232,0.00030133406796336025,0.0005558049591885508,0.012732801886005876,20
29671915,0.0003012790341747118,0.00033994706665680535,0.00041646116575121594,20
83402886,0.00030108138338833803,0.0018911096336082498,0.24255711361859172,20
221678075,0.00030107342047212273,0.0005143327775117661,0.008463850249987684,20
5267060,0.00030092096961657213,0.0006450475445519915,0.025334748687299798,20
59202435,0.0003006613021154736,0.00034455493622033515,0.00047875090872330153,20
110315894,0.00030044743903804015,0.0002306649196480948,6.520661996778333e-06,20
1611394,0.00030034222391335795,0.0006649062656407637,0.028850538529194555,20
189021709,0.00029974675186422993,0.0005753673643552452,0.01549708136490328,20
14223517,0.00029961997491792237,0.000387765117535654,0.001324701063465724,20
42302808,0.0002985809806981737,0.0005398609668956643,0.011495936849485506,20
21117655,0.0002982841456902502,0.00043567633910307366,0.0032089743024641517,20
126556256,0.0002980728903454161,0.0003490251624981936,0.0005788517704613542,20
15842373,0.00029773308529731923,0.0003379054337714273,0.0004389092859326045,20
43325705,0.0002976487313671616,0.00024591509548628764,1.5938187567770257e-05,20
79569610,0.0002976106144540414,0.002659787879339083,0.3112704206369074,20
114519462,0.00029731657819454525,0.00037208255015433754,0.0010134873974379632,20
30472748,0.0002970574279549387,0.00039400228970918076,0.001601264318784078,20
34656812,0.00029693090736117864,0.000610110058111915,0.02116741888410113,20
72380743,0.00029690686870679773,0.00036127255545333664,0.0008037584177164757,20
134153709,0.0002968556586946447,0.00021804758406010887,3.7226476762999232e-06,20
84671390,0.00029678837303334925,0.0003858278224382529,0.0013719551356473538,20
136029849,0.000296763367043551,0.00036558747803688927,0.0008907819163449892,20
91101805,0.0002966812556468079,0.0002211231377188645,4.487028897146873e-06,20
56068714,0.0002957088377049777,0.0007262724714658846,0.042206620231185016,20
49191203,0.000295677131440128,0.0005951586616720896,0.019321779607050213,20
219901503,0.00029556493911760405,0.000346142010882037,0.0005796324340019834,20
94506382,0.00029535884698262126,0.0005131920217570003,0.009296176450311704,20
49489469,0.0002952500710562106,0.00031626170050057185,0.00025689110834084593,20
45268032,0.00029523874531645067,0.0003879602970275432,0.0014910396692245352,20
143885372,0.0002947939674290634,0.000741911854861099,0.04579303614328171,20
138364547,0.0002946877800846626,0.00025793140057077976,3.114929182569486e-05,20
109734745,0.0002946014545402331,0.0005930709853673981,0.019333137035311913,20
44944605,0.0002945033349890297,0.0021873883488265,0.2771079619585344,20
60264464,0.00029429370756603457,0.0005178026154556482,0.009952221302519475,20
2062397,0.00029411895638813135,0.0006570069649435455,0.029883615737206173,20
33695130,0.0002936730567472012,0.0004124410593283362,0.0024413644819668437,20
16023405,0.0002931273485020258,0.0003934146728576059,0.0017511703220825304,20
62620768,0.00029311620606010946,0.00036628494436430527,0.0010013970241397432,20
56759884,0.000292813084370136,0.000497994594418727,0.008254502203703934,20
185017750,0.0002928014735936707,0.0003408793981197049,0.0005503593056157937,20
29245073,0.00029271083454233406,0.00035942528855961606,0.000867137309662481,20
76506771,0.0002926814035960762,0.0005255897386044971,0.011093077368435312,20
40648140,0.0002925822351758145,0.00045315195578506215,0.004717278218053643,20
9471792,0.000292442282343805,0.0005074290981624463,0.009226673893276341,20
125314805,0.00029126075174801535,0.0004064310588892177,0.0023315114641290404,20
153142708,0.00029063893608318456,0.0005679895686366224,0.016872925546612915,20
48553911,0.0002904861150570037,0.00086915076502911,0.0757121601978723,20
79769631,0.0002903684675830992,0.0004019731479873274,0.002201285757934971,20
28293117,0.0002898645611438294,0.00027585309167914605,7.808606408060353e-05,20
105203595,0.0002897730288009909,0.000317467681998451,0.0003176623782709716,20
176605043,0.00028960452944495343,0.0004649378632580254,0.005893174383304352,20
66,0.0002892474104205289,0.00044472199059262906,0.004502617090959234,20
109737344,0.00028909665056225665,0.0005537069293357993,0.015334448779516697,20
99950748,0.0002883893570864382,0.0006928067696980045,0.03910265146533314,20
156498504,0.00028834908355708787,0.00032817790385992145,0.00045015753452219974,20
177084422,0.0002882992620353714,0.0004766626053318529,0.007020379321112093,20
78303151,0.0002881188918491956,0.0006159652962108329,0.025058127873341045,20
48434826,0.0002880449133753793,0.001058046177191942,0.1191589595114855,20
11488872,0.000287500616003164,0.0003893912032914192,0.0018745146884730233,20
74281407,0.00028721506504310876,0.00033605527079535216,0.0005750192465419894,20
19645191,0.0002869744108368683,0.0005115235137548574,0.010666850708177415,20
40848312,0.0002868115041264607,0.0006054507919330473,0.023767651398665962,20
33447549,0.00028666706985688297,0.0005964002740894016,0.02234077212543381,20
7067761,0.0002864993385610387,0.0002357484826467816,1.5190609710291266e-05,20
97838947,0.0002860524489587318,0.0005147472153307909,0.011213643577969052,20
73438315,0.00028548489372841877,0.0007418283464239266,0.050742271899558274,20
114119160,0.00028500513105052803,0.0005739020154714055,0.019355814326772944,20
84270980,0.0002842730219655892,0.001824981515132553,0.24723979375033217,20
33241995,0.0002838028742168097,0.000526124666190367,0.013061931509194694,20
13240557,0.00028379323014517675,0.00046136399823949785,0.006355198464654745,20
38943728,0.00028358765943645723,0.0004034728842829314,0.002675950826208848,20
40137437,0.0002835609904808939,0.001687541467945157,0.23079102958471348,20
110361461,0.0002833940586155298,0.00044164789606263006,0.004905383472195353,20
54118205,0.0002826550680346207,0.00022707428871279495,1.1391228528940358e-05,20
15226640,0.000282422195796983,0.000723450333706566,0.04849420067361497,20
172999895,0.00028214248754253324,0.00034656334886859724,0.0008695298583654454,20
26,0.0002821135051779555,0.0004241858219859988,0.0038963045563729197,20
70658044,0.00028205803895654525,0.0004942592090556868,0.009735926755011759,20
125476111,0.00028199606648200704,0.00028419444743127577,0.00014127330597401888,20
38139802,0.0002819748615506157,0.00028635617749786513,0.00015256651674159762,20
73483057,0.0002818709934573033,0.0003818652842480342,0.001878127666519131,20
76901689,0.0002817698964907939,0.0005302348953057629,0.0140721829467824,20
156798444,0.0002815522341733601,0.0006142583845870174,0.02721897521403535,20
35705483,0.00028138162178150127,0.00032194936939435156,0.00047202248500160556,20
23488211,0.0002812416534779177,0.0005540785133801707,0.017518948004178993,20
34238123,0.0002812183502170357,0.0007678425600714243,0.05894912196220413,20
60003107,0.00028107881073133887,0.0004082363127968286,0.00308765082852219,20
97323933,0.000280819514744321,0.00039363525634944995,0.002408232072792995,20
53551901,0.0002807054325437208,0.003707118771316728,0.36929989185450096,20
135955800,0.00028062832977239494,0.0003757133722283746,0.0017190213179231453,20
60299129,0.00028054019008610096,0.0003842167715047858,0.0020352519502745445,20
70098387,0.0002802005846517269,0.000634723334783963,0.031536229602144,20
176082625,0.00028018476947673786,0.00033942979259967836,0.0007746373948716759,20
17877458,0.00027976825350364555,0.000519442948691583,0.013163130441284488,20
100145443,0.0002792447155531369,0.00036092758107688017,0.0013113146348068146,20
70468000,0.00027922982429494093,0.0005923809673309703,0.02426813040839794,20
9069336,0.0002789089022721958,0.00033573264912450224,0.0007339683596507613,20
146979354,0.00027882536648040913,0.0005948680967856351,0.024844852426486003,20
11469503,0.00027858968853664565,0.0004375931312106821,0.005153223262516268,20
68657171,0.0002784913927898813,0.0005072335336485423,0.011939044543959615,20
57523351,0.00027830383561843196,0.0008427064554784661,0.07803996533542573,20
80706259,0.00027808881858769894,0.0004393675033908328,0.005343611140236722,20
14441022,0.000278051490327913,0.000633717913504724,0.032277106126156675,20
207861406,0.00027801096340702156,0.0004461899637386647,0.005882352944236279,20
16898888,0.0002779103985004222,0.0003777143643798859,0.0019235748343103436,20
20626505,0.00027786586072531537,0.00033995921086339497,0.0008413433951688882,20
130454721,0.00027754970612653694,0.00023331366863480081,1.954673388511107e-05,20
4195409,0.00027706015128778073,0.000348490840575058,0.0010558975676950555,20
35254301,0.00027693289141841047,0.0005251295870891188,0.014609137100743134,20
46145480,0.00027576265801043665,0.0005376075453963006,0.01668153234913523,20
37116476,0.0002757520698672716,0.0018580464629673005,0.25742531563908566,20
67495728,0.00027565867674370634,0.0005027206733728597,0.01201830398523173,20
144372769,0.00027544191526457097,0.0004644393494850553,0.007862222802684447,20
149374381,0.000275343103395756,0.0003502182041833576,0.0011549228404323436,20
49649410,0.00027529014913074413,0.0023397183452175028,0.30242255512162486,20
113249958,0.0002730282739455109,0.00042605169719134696,0.004945958570182511,20
68679846,0.0002727206502483731,0.00027998192657371603,0.00017000036391408226,20
59698659,0.00027267806587534527,0.0004722227755264098,0.009129356208137958,20
105494612,0.00027247117334171234,0.0004164871446883677,0.004336839464487154,20
7016540,0.0002724307529879566,0.00033989254891042493,0.0009884520186537185,20
26729319,0.0002721876612665902,0.0003237522054318039,0.0006629219501694907,20
37079390,0.000272084466799638,0.0003222302925876219,0.0006386825011882067,20
90276722,0.00027187712410759737,0.0005972447592517206,0.02797870101886142,20
158199933,0.00027115862443444493,0.00033059417532548945,0.0008171381637279645,20
46051529,0.00027099903417820704,0.00038088070474826,0.0024543613941665795,20
134561909,0.0002709664787392568,0.0007137524272062747,0.0529335602513952,20
122711751,0.00027059966204190654,0.0004246150287480586,0.005120982551339902,20
175607946,0.000270138836398226,0.0005603359144566277,0.02205504446594307,20
35257084,0.0002698662916580857,0.00023414881940809118,2.8193968901148175e-05,20
142370884,0.00026981373763735326,0.0006020335112464806,0.02975254349196034,20
39107814,0.00026974902271829915,0.00033173173125808554,0.0008780816082055559,20
66294761,0.00026941613786822527,0.0005240366123638043,0.016503283359113642,20
5014377,0.00026940682613616206,0.0003304812972940324,0.0008600167869063349,20
172002431,0.00026891956018139374,0.0002606731715754578,9.476718736998745e-05,20
1613232,0.0002686705240318582,0.0004733354197630697,0.01002223315173069,20
25285220,0.0002683985318822801,0.0004664944594946095,0.009312178272765611,20
176806198,0.0002683376629153217,0.000635759971608049,0.037227517203997286,20
104910959,0.00026824465139444473,0.00040391654813133756,0.003933500602997552,20
169398513,0.00026796136381209703,0.0007659636306595458,0.06710025631834593,20
148378225,0.00026759549327844134,0.00039481772815848793,0.00343583610259531,20
45050208,0.00026751671631783657,0.0006295656981460047,0.036337647812764835,20
15084267,0.0002674350618228932,0.00044796048845475935,0.007569966889302253,20
12420990,0.0002674202268354381,0.0004025455240720956,0.003925197901043665,20
143772767,0.0002673736934008797,0.0006469351856934697,0.04009245540071654,20
82685526,0.00026730467620355024,0.0004633833736016799,0.009179997522217955,20
33097486,0.00026674815875739886,0.0003369406900298781,0.0010924804598412066,20
35336058,0.00026654467401926175,0.00039164165267040435,0.0033412007400484144,20
13476665,0.0002664378316206778,0.00032012357657442743,0.0007224602866155619,20
67656715,0.0002663342172816635,0.00035711429595807257,0.0017386622625587354,20
17223916,0.00026627530128593425,0.000455327513752026,0.008509895752047487,20
210092916,0.00026617713856305625,0.00042298888656522006,0.005537599991127883,20
207885845,0.00026592758352672884,0.0004947862795365547,0.013302749914735432,20
48468977,0.0002655316384862605,0.000507650963980841,0.015201028148355573,20
75394429,0.00026548227913199827,0.00040885453262568336,0.004550173530379524,20
40238188,0.00026528060269147004,0.00046683206035971005,0.009961100763678456,20
53717922,0.00026513051888856496,0.0005341850209907042,0.019405307286560928,20
80667226,0.000265105456998857,0.00037565155312664487,0.0026006508671825353,20
94081674,0.0002648402449136833,0.000664058956476987,0.04523711409112324,20
43242991,0.0002642826157711442,0.0016067414092428337,0.2354811549643282,20
139766698,0.00026416238042949457,0.0005458031994556989,0.021685558888268158,20
23425419,0.0002641073079130696,0.00046429442742883026,0.009906605678958928,20
6215134,0.00026366610884794863,0.00031491992906619755,0.0006868820724884073,20
97632245,0.00026312610303269037,0.0003244227320286255,0.0008970106167589454,20
163466299,0.000263103954037186,0.0004645242078584058,0.010138385592060333,20
70676082,0.00026255586110819905,0.0010160457090919008,0.13107684055424834,20
24025913,0.0002623012299633437,0.0004638631905842813,0.010227375785817021,20
38052397,0.0002616669058013277,0.0006093787261524234,0.034977195622764475,20
88914639,0.0002616407268214077,0.001157414025184135,0.16237012250195054,20
29295106,0.00026118865382021296,0.0010307588453474152,0.13561085021330865,20
83998810,0.0002609561219400258,0.0006569497029520873,0.045838377837002044,20
18282518,0.00026083772097416913,0.0003276536484923001,0.0010446978290530237,20
147737631,0.0002608326900173347,0.0007600831298746653,0.07067425827932435,20
6015236,0.00026072881058934185,0.00034321811576655087,0.0015114372966166952,20
103729657,0.000259239302596484,0.0004219624802607356,0.006401707506545828,20
109135664,0.0002591902358771353,0.0004399458463226663,0.008163555941973596,20
109915352,0.00025907101935524477,0.00034270552984591514,0.0015690712012979243,20
66464330,0.00025903205930876414,0.0005268202518469345,0.020235255497882777,20
52845548,0.0002590115068914045,0.0002688974972447791,0.00018982174625168437,20
119522856,0.00025861576749769134,0.000381077346149214,0.003406159370759783,20
119459916,0.0002584162024117986,0.000607702581141078,0.036241331800766254,20
29211632,0.0002583998229804818,0.0005653874340022814,0.027538193664314363,20
59,0.0002582919173957948,0.0005910603495600718,0.03277136617339344,20
119550240,0.0002578374142115314,0.0001996851146960942,7.268638669251194e-06,20
242900951,0.0002574758124027271,0.0005305160320536957,0.021426091832483878,20
121087682,0.00025738404365352187,0.0005504583558394716,0.025095938822712754,20
16080657,0.00025703452959473515,0.0006922668945795496,0.05661607935448075,20
93898727,0.0002567841874328708,0.0006198419760303163,0.03976313138934136,20
47646620,0.0002567551351527975,0.00031619915282606173,0.00088842056083882,20
19858547,0.00025642908359778394,0.000409880396193427,0.005738589083673258,20
6069329,0.0002560082333670194,0.00046001956741995725,0.011129366201021638,20
53410085,0.00025600010135430894,0.00040962128215618626,0.005775116106976908,20
29701836,0.00025582555595984603,0.002317866892419271,0.31362486164248105,20
30696092,0.00025547048869084267,0.0007864168688737808,0.08129917376025204,20
37702219,0.0002551672560219181,0.0005414199791213099,0.024284498595725457,20
166670240,0.00025504574686638083,0.0004731190070703253,0.013104375185448798,20
54053817,0.0002548661840067551,0.000410147092243955,0.00597901090978865,20
26435052,0.00025476311345742073,0.0006144701090291749,0.039652004353705965,20
10274289,0.00025468846671954093,0.001025534434902652,0.14029041365309314,20
228911279,0.0002543465950705148,0.0005715272396166732,0.030574992906325874,20
71070527,0.00025426258076997334,0.0004130443428008867,0.006326668581732822,20
54,0.0002541291097281573,0.00029456017808919375,0.000529510961715279,20
149252895,0.0002538805736895827,0.0007108299414860949,0.06335167260824906,20
155458803,0.00025364131298134807,0.0004865862774425245,0.015454186994554364,20
161302267,0.0002535867309042067,0.000447238856004907,0.01007993668066569,20
97990461,0.0002532306929589334,0.00041776539718769214,0.00693103928233535,20
49243392,0.00025317159974090067,0.00038203243878959237,0.003988767606901159,20
133859879,0.00025286369857649427,0.0004207648980708539,0.007287114359867997,20
132807034,0.0002527631215564818,0.0006065237113915012,0.03894521787986528,20
84887564,0.00025268946637017897,0.0002853250370891322,0.00041916342571957945,20
25834070,0.00025258151805022667,0.0002716668076711783,0.00026709081907308463,20
30493665,0.000252346827246927,0.0003456695000946225,0.002038075169349368,20
115252256,0.0002521858986339554,0.0004934101757509837,0.016964166003714486,20
145449545,0.00025175174592741156,0.0011153770463567959,0.16273150142179688,20
69540514,0.0002513904870703326,0.0004008628395743657,0.0056551024163905535,20
25831174,0.0002513732690020504,0.0004767289949025483,0.014619067072456221,20
53463164,0.00025129364672035195,0.0004593577902634153,0.01216316955135794,20
121711003,0.0002511974162167502,0.0006348279531571992,0.04642117903012573,20
89312903,0.0002510135368904959,0.00045793950761027015,0.012040480992711345,20
86851897,0.0002508007436966359,0.0004337533378021642,0.009062186312494263,20
82552040,0.0002504911297045359,0.0015138322101990646,0.23417405521449086,20
811215,0.0002504170798506344,0.0005438224318231651,0.026718236752703246,20
163191314,0.00025036069493592774,0.0005574261630696554,0.029503525999055733,20
42444502,0.0002500318893907588,0.0006357903996179464,0.04736073050292332,20
7218080,0.00024987102639175416,0.0006240735338604465,0.044653712306824044,20
187820369,0.00024980060564077364,0.0007001328150785885,0.06353693988234134,20
2617583,0.00024972448534884005,0.00035084878514619276,0.0024478292441884133,20
129358986,0.0002495474674531595,0.00032386702008659047,0.001354011243418776,20
163404883,0.00024946796590547546,0.0006169330233143104,0.04320077322209984,20
9867992,0.0002492093157555747,0.00045401419989153473,0.011954469354013725,20
126955560,0.0002492044547687033,0.0005013632812692618,0.019278148597864118,20
43997680,0.0002488033956143859,0.0007080780079478411,0.06629563804595187,20
116466495,0.00024879958975107807,0.0003221482306906861,0.0013296801859895534,20
88756975,0.0002486479947932024,0.0003427332310407564,0.002133205105268662,20
118152661,0.00024787134922872324,0.000383503251284581,0.0046861614343461765,20
80399178,0.00024786687448928867,0.0004180424986759157,0.00787283967620317,20
40859036,0.00024762445461055385,0.00048030646673162726,0.01628712246433549,20
143331938,0.0002473809198006327,0.0009722781483178174,0.13466136596514558,20
115168579,0.0002473535325028892,0.0005627182282616986,0.03205334643782807,20
116947196,0.00024730081606231526,0.0003621796379018217,0.00326800423500189,20
101946653,0.00024724971303634324,0.00040933246030743533,0.007074601539935025,20
46831206,0.0002471698301105385,0.000479165339260374,0.016245489544496516,20
181011435,0.0002471380692154135,0.00029644987335851437,0.0007124942025706868,20
34495350,0.00024697619995021626,0.00041295516572615324,0.007492858497280116,20
130185176,0.00024696007669902653,0.000574644550773127,0.03486919316090973,20
3217887,0.0002469063313396025,0.0007023517098239073,0.0662107002404946,20
76345018,0.00024665963433880553,0.00020664480351708045,1.8784424978246104e-05,20
9473971,0.0002465320244195518,0.0003851345393588458,0.004980700847840767,20
33568732,0.0002464483764827746,0.0003041288650754793,0.0009035863240271646,20
121137630,0.0002463796843154953,0.0009116420969601638,0.12081504369986136,20
150580964,0.00024632503872450975,0.00028196039988444505,0.00047384694140319465,20
40259864,0.00024628492203233323,0.0006623276116475553,0.05636512092412326,20
70267861,0.00024584540023872006,0.0005822403101155903,0.03717495947042292,20
172202432,0.000245701413755825,0.000387268749029466,0.00526498673278265,20
127758014,0.0002456009469842285,0.0005873771921189579,0.03849065498346293,20
39280677,0.0002456004584267757,0.0005747879910949923,0.035612885777209065,20
73581599,0.00024559526471706894,0.00065060150775447,0.05386112532543616,20
76296932,0.00024507837380512707,0.0004396907423072695,0.011038345685614293,20
28244396,0.00024487870687865676,0.0005048726324287932,0.02148386623809495,20
92057677,0.0002444889545644813,0.0003745097996413456,0.004396538974449227,20
15836720,0.0002443991926581457,0.00027965237679292273,0.0004722835369532282,20
113738412,0.00024397405374595172,0.00041408328695346456,0.008159681553615988,20
129566665,0.00024397044721726212,0.000351638237056406,0.0029291112626629074,20
46846414,0.0002438940051361499,0.00045389472868853935,0.013318039151413887,20
83507794,0.00024385292862306174,0.0003314909681759526,0.0019263666187985164,20
82821908,0.0002437503254743012,0.0002925331566352503,0.000715544502074245,20
135026706,0.0002437133188833901,0.0006436211646552815,0.05335391841453881,20
94645791,0.00024358626456760235,0.0004143370828173922,0.008261658792188062,20
59885114,0.00024348886842350537,0.0007696354512848567,0.0866471432966844,20
163791070,0.00024338921591532948,0.0005460419348356507,0.030388938998080452,20
64089732,0.00024296718991013156,0.0004406015564177509,0.011672805610465922,20
66750173,0.00024270760369236034,0.00042530198268868536,0.00973565206928377,20
87109589,0.00024266061557550177,0.0004991039652600825,0.0212610627166259,20
69076848,0.0002425480808012498,0.00032580394727186446,0.0017622409344619358,20
201052249,0.00024235593125675748,0.00029041583368772446,0.0007063109999097041,20
114651277,0.00024229327964792323,0.0004381744580395921,0.011507756609934616,20
33837977,0.0002415363260657305,0.0010849460208515016,0.16597553416492333,20
56399503,0.00024108352019955315,0.0018501070913040675,0.28345560944950454,20
65294331,0.00024101667827356731,0.00035557997011798553,0.003434364697601757,20
188423070,0.00024098546904486874,0.0008908107200116609,0.12059311505005932,20
9411410,0.00024098150301856414,0.000435309045416874,0.011440221743481378,20
34042757,0.00024033879720216923,0.0004742446343685005,0.01764756280765763,20
25690290,0.00023986554349864908,0.0006686589019703769,0.06257376346950355,20
72437830,0.0002390802810764453,0.0006285295029725317,0.05261539519545369,20
76684631,0.00023891595371966777,0.00027772706833999644,0.000543127690632743,20
45866973,0.0002386136436760583,0.002286888262720335,0.32303809827491947,20
19020095,0.00023806760549713313,0.00020056780840828855,2.005985732075214e-05,20
94316135,0.00023804287178960104,0.00042624389993517286,0.010926773710181175,20
31070598,0.00023749001311254014,0.0003265406924440062,0.0020948525664246896,20
126529036,0.0002373544717684667,0.00039778298117382086,0.007592752155577595,20
89492648,0.0002369901825366255,0.000440649082730299,0.013258107328160443,20
125184184,0.0002368546155363943,0.0007985188601014356,0.10019709436111843,20
35443662,0.00023652787195349302,0.0003126563584636219,0.0015603312431324231,20
43245337,0.00023632646384066092,0.0004814761155684327,0.020391274281214816,20
31739048,0.00023590429099398514,0.0004945785836636037,0.023087034564234662,20
91456777,0.0002358775086600151,0.00038032963057716313,0.0060497266793128725,20
37500067,0.0002357185785632321,0.0008948004119848161,0.12665085400391787,20
65007353,0.00023564815385352655,0.0008411813769337176,0.11273542702675177,20
9079077,0.0002355040288426563,0.0006066222284230283,0.04936000446959387,20
42503482,0.00023532792322317753,0.00033717385859818134,0.002810848221559032,20
131626112,0.00023518452836271964,0.0002917567750201558,0.0009434732390021115,20
29070597,0.00023512523456485634,0.0004302608250799653,0.01222970969615989,20
23625664,0.0002347004017975357,0.0006928498849670067,0.07312609889114274,20
81301664,0.00023458810090790094,0.00034601869932227367,0.003429229451814591,20
28637852,0.0002344574603665106,0.00027055269181912805,0.0005091152371028764,20
20801203,0.00023436519637141107,0.00034443491378692435,0.0033461535943631665,20
91879560,0.00023426086065689856,0.0003309916594937434,0.002548297422692974,20
86889156,0.0002342361615084998,0.00043562598322524843,0.013272986609333102,20
88699174,0.00023396379201985894,0.00038200480859650217,0.006520834023799619,20
76162177,0.00023382168066267973,0.0003070188495351374,0.0014822425150000083,20
82021546,0.00023352963393130367,0.000509555050896102,0.027233342120673472,20
117818856,0.00023344325887414974,0.0004989975502162096,0.025042036746283754,20
166793684,0.00023274281257021633,0.0003511386683696881,0.003983788616435493,20
37880945,0.00023251085834478935,0.000634932605548711,0.05897126771338703,20
41041171,0.00023248088622381257,0.00044362109813066847,0.015062400989831833,20
84894838,0.00023231792409269535,0.000355904393934984,0.004399576674997452,20
67295483,0.00023227679942368075,0.0008601559624308413,0.12099891170684039,20
81291355,0.0002322677872326234,0.00028618599094809295,0.0008921112331448259,20
69534261,0.00023221325281027604,0.0004932772746725932,0.024400334032319757,20
68057031,0.0002319173275783848,0.0014720064102767708,0.24480538999859158,20
55058785,0.00023190686756960344,0.00046501065883179817,0.018990587829793713,20
116342481,0.0002317426127470823,0.0005656950279141191,0.041333238121749646,20
84295995,0.00023114967180898062,0.00027219873501473427,0.0006080515057207179,20
22261975,0.0002310301688060651,0.00044311222255563967,0.015437995223702846,20
133371042,0.00023097774522923276,0.00035946738119298736,0.0048631831912445906,20
154896788,0.0002308621846126402,0.0005078573314739341,0.02813529959249804,20
122377350,0.00023084644500662998,0.0006263028406246558,0.05785740011643779,20
103597321,0.00023080787096584066,0.0003992492510870938,0.009071326350006676,20
16837500,0.00023076474617457764,0.00035808873751183974,0.004774371701028475,20
40854635,0.00023034040195905604,0.0006646431491201333,0.06883420648906105,20
55468439,0.000230161734596232,0.0005045258314976815,0.027740902310792195,20
80906272,0.00023012386944952777,0.0003243650315372916,0.00250518168614808,20
99325271,0.0002301106078881038,0.00022324872918559233,9.56327301010388e-05,20
18880785,0.00023001400803050466,0.00028892640918950954,0.0010444709350299144,20
137792328,0.00022921661284426575,0.0003613978933247879,0.005275123707787829,20
78711426,0.00022918493102881964,0.0003146307850209931,0.002071099853519476,20
6196493,0.0002289487796118761,0.0005630268118322673,0.04239042294787949,20
60166295,0.00022892658207843697,0.0005583587168772398,0.04121600074046833,20
196227630,0.00022888929952752935,0.00043208350565751693,0.01429186310457135,20
91334498,0.00022831194387626098,0.0007638449351213758,0.09855152769027344,20
54120245,0.00022815732514285813,0.0005688404833971711,0.044393425576146374,20
43685314,0.00022791459106047407,0.00022071652968660505,9.383476127226349e-05,20
89558578,0.00022789550114166724,0.00042040708676733895,0.012741719573147724,20
51473842,0.00022761442822683554,0.00021930773627935407,8.896916686550357e-05,20
139594314,0.00022730266145587485,0.0006639257126466979,0.07111418938555643,20
66224965,0.00022724086568211844,0.0007161817513226392,0.08605006987073135,20
152895186,0.00022723682056900453,0.0002281405638449225,0.00013595833932381572,20
25128175,0.00022704226854674547,0.00037247318054468663,0.006707091016173212,20
37480553,0.0002270097182026226,0.0004940683032510916,0.02695529849212606,20
137462651,0.00022698098935078348,0.0005934393270560013,0.0517245208264669,20
58085780,0.0002268953956981429,0.0005744521518511817,0.04669633778051012,20
166506980,0.00022648908032754655,0.001054776966333979,0.17448614519839312,20
75343496,0.00022640264004944178,0.00045121533707477123,0.01847247925450729,20
186418537,0.00022597405612096165,0.000414343214667238,0.012355340808028152,20
28125117,0.00022593206746739368,0.0004666124760193257,0.021645165644267026,20
57556414,0.0002255908749515867,0.0003685359847409433,0.00654207659018213,20
15679810,0.00022504731459963012,0.0004698892621277155,0.022687692158628855,20
73480013,0.00022493671153729077,0.00034163937684634886,0.0041613708842725495,20
90915669,0.0002247882875513696,0.00049456421421886,0.02815077413117945,20
42450774,0.00022449908757651016,0.0006277410128879406,0.06311761347641223,20
21317811,0.00022439703120050725,0.00037413061718698167,0.0073703687619646125,20
63868563,0.0002243819109251116,0.0003840017670680425,0.008548562355166983,20
6264480,0.00022436130902342977,0.0004440394591088096,0.01789186445552269,20
27692259,0.00022425273974972793,0.0003547264266546381,0.005382628513031079,20
100452646,0.00022388357344564624,0.00019253023424244448,2.545591189533568e-05,20
123674904,0.0002238589407390329,0.0008159152660025522,0.11740515002162694,20
39458551,0.0002234340950126895,0.0004314880669248965,0.015951668769779485,20
87,0.00022312615008371616,0.0002934680815437457,0.0015015504354164843,20
44,0.00022284794907514172,0.0005522992620039014,0.04351716201068796,20
68257083,0.00022264405348345896,0.0004578363304001839,0.021241289743991063,20
99686265,0.00022261903675504512,0.0006063642064306794,0.058530805196213016,20
41647688,0.00022207733289380526,0.00040888728958573525,0.012618234358641532,20
92880148,0.00022155917407786497,0.0007271040848393939,0.09445202279648825,20
17638020,0.0002214391629572293,0.0011869481893400995,0.20723131764143005,20
82907156,0.00022138177956116946,0.0005224372678497612,0.03670224580139639,20
180012343,0.0002209055052880521,0.0005676888502182041,0.048993933010563935,20
197832662,0.0002200766358430556,0.00048605412822643753,0.0285809211909419,20
70755618,0.00021905292878906802,0.000519272373180683,0.03729954342690624,20
28010729,0.00021867554431137526,0.00039081592617097805,0.01081714972670125,20
150791535,0.00021841958147763297,0.0006516089006179112,0.07514496082660904,20
57267406,0.00021840705651960112,0.0003850466403843153,0.010059223821756193,20
9619805,0.00021837251647132961,0.0003155511954169777,0.0029814170006637443,20
135429020,0.00021821619652710457,0.00030502615007872534,0.002360408632523302,20
131560044,0.0002180945122068262,0.0004367845210949862,0.018886674725102616,20
129591144,0.0002176528794359478,0.000575745880672213,0.05362356848220797,20
46507949,0.00021743815894867402,0.00047187349482700336,0.026642778004413697,20
168796586,0.00021724765914569454,0.0003107922300716655,0.0027809809977985653,20
83822518,0.00021711782780224343,0.0006084616052729017,0.06351668113779396,20
71590331,0.00021704408335145308,0.0005752151265705539,0.053931998490363384,20
82089727,0.0002169665778487595,0.000478284228986954,0.028368781389222768,20
52656980,0.00021654178170075756,0.0006999991747912846,0.09128583460134095,20
86024104,0.00021564769414127716,0.0003364150555769327,0.004937092150665312,20
10268017,0.00021559739023642444,0.0004178527609006752,0.016225996754771328,20
32675030,0.00021558328498638425,0.0004021249546146839,0.013470774048233467,20
88329878,0.00021538495130424273,0.0002795317014188678,0.001354063645417085,20
169009426,0.00021536447664247672,0.0002562018442239321,0.0006637588281146708,20
128558502,0.00021522093058029546,0.000355303023627944,0.006958951506755246,20
73559582,0.00021518313809569534,0.0003633077610501863,0.007920871907588964,20
113749112,0.0002144306013516728,0.00028952015503429766,0.0018314236710196663,20
133482446,0.00021413618610585105,0.00046227879636940385,0.026081094641724988,20
12621004,0.0002140728687281962,0.0003660461325132191,0.008507834868315143,20
75887579,0.00021322477412169804,0.0004896712729263207,0.033211840724303596,20
68711168,0.0002129839361167396,0.0004793144027277452,0.030755302543387524,20
8873271,0.0002128985422433588,0.0007175654729351252,0.10014031974999296,20
49689619,0.0002126767313611583,0.0007933188799250934,0.1226509847387575,20
91009340,0.00021267469057110745,0.0003750585398915372,0.01007622910945023,20
31293907,0.00021255916427908306,0.0003195550523906764,0.003892389415812608,20
67951150,0.0002124570009400778,0.00040780538330929117,0.015495569999127245,20
76062806,0.0002124133023257424,0.00037875474549484053,0.01068688562958908,20
1410929,0.0002122025623106788,0.0006877406047118239,0.09182354667530501,20
127930392,0.00021219688629278143,0.00022911958625976668,0.00027710829956078495,20
172413267,0.00021195766275965977,0.00033853348232473703,0.005711476432862178,20
31422619,0.00021180535703466395,0.00031972528929483015,0.003998080855744507,20
41122228,0.00021115278179491826,0.0003116283577769297,0.0034423494366047805,20
90101081,0.000211043297828184,0.000538123386209701,0.04778226467051091,20
33619080,0.00021077317356266168,0.0005714336957196956,0.057735483768566236,20
36240445,0.00021076266784927355,0.0007367639667888609,0.10809329729574674,20
74073037,0.00021042876327259928,0.0008276782553120591,0.1348385987730045,20
3,0.00021022632977039102,0.0005428379557111132,0.049744592395125534,20
102443273,0.0002102200978444796,0.00041560512776805025,0.017803508171357493,20
75686942,0.00021021597911108082,0.00024440277037269723,0.0005438679202935764,20
159392025,0.00020985668246289725,0.0006076337154263795,0.06947673153669663,20
86438207,0.00020980190527237485,0.000549562939529429,0.05202904794295317,20
2863653,0.00020968378585699832,0.0004633486519448711,0.028641405516758724,20
36077559,0.00020938765477666876,0.0004931390430611551,0.036436963409951346,20
44551468,0.0002093768380309391,0.0004968149560090268,0.037428657406598294,20
67910628,0.0002093153524453495,0.0005016499796285461,0.038776987143411115,20
2262066,0.00020878442928511654,0.00036995909275034386,0.010336932678343073,20
222879533,0.00020851198351507782,0.00029833026943977065,0.0027832722159081874,20
58296806,0.00020832027613736093,0.00036953117752041935,0.010395987449494111,20
26523157,0.00020775756593245377,0.0005466696591142104,0.052759811864278694,20
194227860,0.00020762445737492196,0.00048076769684261323,0.034248785348971474,20
184628013,0.0002073182141658164,0.0003771846784729121,0.011871340849172268,20
67175150,0.00020722161567445497,0.0005435447975014484,0.05224928554146787,20
113743556,0.00020713460864189292,0.0004131040799794097,0.018531563058376926,20
37542203,0.0002071036061281839,0.0003578898563955309,0.00902176204849269,20
16476352,0.0002069217380635202,0.00042997334201860045,0.022225041394452784,20
88911131,0.00020688674502624405,0.0005690822356628153,0.06022991848740943,20
22122943,0.00020647936293015644,0.00023898594316272865,0.0005228462345553379,20
70212158,0.00020639398983645363,0.0005046536429341596,0.04156866666799275,20
152193359,0.00020625053570323126,0.0005658046797463822,0.05976168006060751,20
107158281,0.0002059566703265403,0.0004113337609971095,0.01865066929321418,20
77308302,0.00020588096936903776,0.0003299244150320989,0.0058283862717907,20
83904869,0.0002057540359594573,0.0004868607645053396,0.037057419984083406,20
78219384,0.00020522737170723947,0.001086965420846485,0.20448358237511738,20
109644610,0.00020484261059965924,0.0006129970402615723,0.075742629625691,20
119469919,0.00020461788137802195,0.0004791198116606433,0.035679241474449876,20
88298669,0.00020457469928248094,0.0015693131309849845,0.2833796335854919,20
41746535,0.0002042843049092524,0.0007102374064519281,0.1068941373060225,20
103997796,0.00020414579337792448,0.0002293350996591363,0.0004001501260632559,20
78102963,0.0002041240452324955,0.0003092319142287778,0.004092321660940106,20
93915766,0.00020345154768062478,0.0005225672152113881,0.04891391761404358,20
27,0.00020321312391242407,0.00021177221111359963,0.00019701699562816303,20
67550429,0.00020301824254130574,0.00039710215709086796,0.01694224673722116,20
48546793,0.00020299157478902984,0.0006902847834975829,0.10206102433891936,20
69696932,0.0002029212222689064,0.0005673468919583392,0.06309928100367468,20
48669113,0.00020285100045990266,0.0005159336370010373,0.04739536064167635,20
34296022,0.00020283892685764028,0.0002714332756641337,0.0017126656050165448,20
38543495,0.000202427319110865,0.0004237142540085402,0.02293024100443766,20
72013797,0.00020201620516563102,0.00032368899314505516,0.005823779795438663,20
194239913,0.0002019815295629779,0.00039908771136411454,0.017756334873930794,20
31692920,0.00020191778640788472,0.0001602379706221429,9.814779732746302e-06,20
46,0.00020182313542188303,0.0003791697949587186,0.013959033156312247,20
144819345,0.00020138153812204184,0.0005105741553407174,0.04691050504425634,20
43451585,0.00020126929182539833,0.00027154925952451613,0.0018213435863407247,20
118218875,0.00020115328054537142,0.0003715962263674456,0.012832487051809211,20
63905405,0.00020095525768436818,0.00037391997202191967,0.013306584833180287,20
62,0.0002009438823655896,0.0004616798891699104,0.03326886490255408,20
42941468,0.00020019799794587234,0.00036421557268787464,0.011868833126505883,20
186618623,0.0002001972852658296,0.0004630876966156306,0.03411721878413985,20
156783292,0.00020011674151747537,0.0004800646504008357,0.038908103837395014,20
44285658,0.00019982589304961274,0.0005006247872389326,0.04511270363722855,20
25098194,0.00019981606132349615,0.0004891392678757052,0.041734533491915186,20
142163044,0.00019970722049507118,0.00035109567490465104,0.009908901016177772,20
112661746,0.00019934428442954787,0.0004848631853460234,0.040825415578075966,20
1863405,0.00019897760869605762,0.0003294839809464074,0.0070831223987048424,20
105445104,0.0001988348302939008,0.0006469236664882476,0.09263669148614194,20
10474497,0.00019874143400075428,0.00032108050071912264,0.0061215827309556246,20
28363303,0.00019866226134879761,0.00048811561888994104,0.04226350226434904,20
5265914,0.00019864535719135988,0.0004068131396479168,0.02086299170304982,20
55494829,0.00019859135079130786,0.00044524179540140373,0.030310793700555547,20
10020370,0.0001984030343755716,0.0006262626035811522,0.08636571421354598,20
6816431,0.00019836572458461487,0.0008474955672066301,0.15417398408857508,20
124742610,0.00019787368663198024,0.0006150642297462958,0.08324713995508105,20
105957432,0.0001975966513117211,0.0004427273009678001,0.03023552650231753,20
157699205,0.0001973126346111437,0.0004179331960762018,0.024107897718187037,20
116151707,0.00019718777114327845,0.0010670878542039142,0.20941489681382686,20
31907974,0.00019668008401309278,0.0002967634711808616,0.003986652370447368,20
73273361,0.00019641906640232855,0.0005025311698549403,0.04830474203398507,20
15623644,0.00019633290093143963,0.0006382264530841056,0.09245380453073383,20
28163086,0.00019632921831957972,0.0005303244007778351,0.05711209819981303,20
108759874,0.00019613533273418748,0.00038487277864878897,0.017197889911398576,20
3212494,0.0001955204769924085,0.00039140280751952884,0.01884913397347814,20
4795874,0.00019537887247745022,0.0006600526563935012,0.1006426336943777,20
55855374,0.0001951545517442671,0.00043586700888709234,0.02986444200002313,20
83708008,0.0001949505497936821,0.0004915716816852733,0.046080474815711675,20
58658606,0.00019483825893023277,0.00041577199277794297,0.024866833967175338,20
20114150,0.00019478937351270209,0.0003698843095352429,0.014709224274869231,20
25490089,0.00019463870685021978,0.0006428475977973899,0.09580315223607538,20
66492251,0.0001945186169491797,0.0005845718481516836,0.07656440579402528,20
16626390,0.00019411285827682366,0.0010102813560910419,0.2004530358155046,20
198647108,0.00019405770184174886,0.0003913796357876827,0.01949278720364962,20
54454187,0.0001937682112117478,0.0003253867035675584,0.007680258576656977,20
162789957,0.00019370672077173302,0.0005679568152460933,0.07183380885827638,20
164592465,0.00019337694250516068,0.00043762193554010607,0.03141974785231293,20
203256036,0.0001931026288184673,0.00023808516758054118,0.0008969562231976446,20
154785413,0.0001930864495496315,0.0004958212921609369,0.048875210072962735,20
38844908,0.0001930532124417711,0.0003735198232936043,0.016094931636707787,20
156587887,0.00019300179013988228,0.00023602169135640837,0.0008381061577321476,20
68733328,0.00019267868987666025,0.00039746127720566754,0.021533470027506125,20
63947008,0.00019254074967350876,0.00039114983124781063,0.02013455074100881,20
20846666,0.0001924641500819807,0.00045026767323933756,0.03556583464570116,20
106000815,0.0001923444198023233,0.000488203762170603,0.047079967984601234,20
61858098,0.00019206259654668822,0.00037361076103475846,0.01651018686609821,20
39136756,0.00019205605969590533,0.00047169996695057247,0.04220746382530498,20
58686544,0.00019197112886119028,0.0002253058146826081,0.0005906022522285627,20
23496693,0.00019185437982658372,0.00041912985708498184,0.02736660884944144,20
204239527,0.0001917386485502881,0.00047164153328082154,0.042427419216039645,20
103355145,0.0001916900853944664,0.00025380855099884557,0.0015802672216972471,20
5815352,0.00019148176588550114,0.0006815267737603843,0.11208365736176087,20
117571728,0.00019143250820817802,0.0005869649681340655,0.08051267249105667,20
113548876,0.00019135115614185848,0.0003600235365392886,0.014060388602678378,20
212694370,0.00019133372461141996,0.0005845249333605992,0.07978884265490735,20
78364844,0.00019118564070438605,0.0002814763011266606,0.0033865749855714646,20
38857895,0.00019075555310137937,0.0003325199003947305,0.009462617794285266,20
43829304,0.0001907286734888325,0.00030259312825176715,0.00548185192205792,20
80700886,0.00019049931816826903,0.0003800603203054972,0.018561166814296537,20
65507605,0.0001904949860549704,0.0003231313856671771,0.008133363156110174,20
40738610,0.00019042353505496212,0.000545078018134945,0.06735468050300714,20
77708940,0.00019028578589702083,0.0001881596039202567,0.000116446691695566,20
222103910,0.00019022706385016518,0.00030759559523323973,0.006154047506027406,20
109741975,0.00019000311873724752,0.00038964743894992726,0.02098864654242321,20
22436142,0.00018985835443925957,0.0007343192716270813,0.1309513310100459,20
159701456,0.00018964834272689469,0.00030561909128996395,0.006029419274341874,20
81400350,0.00018946057231359337,0.00030903785040373237,0.006482858060412036,20
122325454,0.00018932199473256915,0.0006586930181577895,0.1070527684103622,20
149582839,0.0001892009096316455,0.0007066377361516933,0.12293715312967346,20
16814624,0.00018912073090343595,0.0002611821833236665,0.0021632134401324246,20
107296355,0.00018903675776297534,0.0006178401155412943,0.09358938839300016,20
23285068,0.00018903383613985136,0.0003441726556823374,0.011916515584901225,20
136228006,0.0001890101835003294,0.00024256433689859237,0.0012398005232410303,20
20227128,0.00018895178917274213,0.00034974912179531564,0.012961500277944361,20
39283962,0.00018883698709397102,0.00022807237647353974,0.0007550502724612625,20
55454659,0.00018874606200912635,0.0004908706882449582,0.05087755750182736,20
117656555,0.00018855029579592232,0.0003984973678634748,0.023886730965987178,20
36296265,0.00018835061859285573,0.0002837201074826698,0.003943167020562003,20
155996947,0.00018821579447590443,0.00035555959652249105,0.014342640996764239,20
98639674,0.00018816156107429594,0.0005946295446292945,0.08660457252391486,20
66664663,0.0001881379956632123,0.00025204834161912226,0.0017274582404738644,20
127677874,0.00018786201764678934,0.0003786703538318935,0.01944352010460777,20
31935524,0.0001878415575725212,0.00025375011037211055,0.0018384403883340168,20
139359410,0.000186794918497879,0.0005419581762050987,0.0698555036907004,20
98991404,0.00018660338890164329,0.0023064224982756536,0.36073868739536374,20
61927169,0.0001865381665713678,0.000708308466440024,0.12671543281914413,20
63453139,0.00018645128855283022,0.0004253980727075678,0.03240637512189265,20
29694584,0.00018643133896286969,0.00041866807200362347,0.030504404619597688,20
189023366,0.00018642991938483955,0.001931475091812363,0.3354236443136236,20
93844295,0.00018642782465954632,0.00034038227205688095,0.012089701197424682,20
57259991,0.00018624503772253498,0.0003681086426330953,0.01778172659414364,20
86,0.00018623421788981076,0.00025087704910048235,0.0018004620772699874,20
46451783,0.00018621635970361982,0.00034190464256540396,0.01244051621186597,20
24834126,0.00018617100839462276,0.00041949146711229326,0.030902044697901723,20
49035597,0.00018614834439946437,0.0002191457158021477,0.0006066086844535673,20
165398168,0.00018608641143383342,0.0006485523838029699,0.10743180479721695,20
71870114,0.00018577242003448013,0.0003105437762264222,0.007482319601717002,20
58063367,0.00018568019306667294,0.0003700102246136188,0.01846197073557155,20
21827992,0.0001856286130803825,0.0005360894284103123,0.068994044897545,20
152541977,0.0001850652714908918,0.0006988008440269931,0.12543623743551902,20
81067449,0.00018494275516598991,0.00034676125917185917,0.013821541914980801,20
50749588,0.0001849255771650987,0.0005119868921677812,0.06136488535755662,20
63862634,0.00018486887643556215,0.0003847362438997914,0.022371564245615056,20
46374789,0.00018469707114310562,0.0003415330235848959,0.012896544788709944,20
90456170,0.0001846548905588302,0.0005961968342417178,0.09103283065903751,20
171404906,0.0001844019583117945,0.00039063228458544963,0.02411967720773532,20
77564571,0.0001843832403150947,0.00030831757396775165,0.007495741926257083,20
108740598,0.00018432014405896368,0.00031614996721489314,0.008656250148757694,20
180224324,0.00018423369482996888,0.0005721198189481413,0.08305500289793256,20
50397681,0.00018407418417829558,0.0006240893914312714,0.10141490444719724,20
81693768,0.00018406577990132678,0.00034679150204949106,0.014155635382610615,20
26962138,0.00018400533991273782,0.001437176047090473,0.2868217965419395,20
131673070,0.00018392512292217945,0.00026432151361480534,0.0028704750845731054,20
184828307,0.000183563740679904,0.000495580256228907,0.05702259163060037,20
101927864,0.00018344772942334718,0.0004898506398056454,0.05517704964012159,20
29333063,0.00018321138843196416,0.00036670565616446,0.01883605395884013,20
62056082,0.0001831664208302719,0.0004724012419260901,0.04955702647009444,20
46152114,0.0001831533084755671,0.00033348198053569767,0.011919452638437604,20
115129936,0.0001827429776114442,0.00036880373615998606,0.019550661269144794,20
30693816,0.0001826303749113939,0.00035056636828403816,0.015498193883700467,20
111963664,0.00018262790102904493,0.00034938462690283927,0.015249649668738144,20
70067679,0.0001825991208017963,0.00042746595207789127,0.03565003426156902,20
127418850,0.00018249163306859607,0.00024535798685060446,0.0017744266984090322,20
85887865,0.00018237117134059234,0.00019656095122956663,0.0002724259386029934,20
170730606,0.0001822849211149863,0.00041504688654451355,0.032157982746892196,20
55721840,0.00018217953508039563,0.00033573591586514824,0.012677113456742913,20
47668215,0.00018212139898825253,0.0002673478098178788,0.003320286381221951,20
167795709,0.0001820571763157336,0.0007656920643485384,0.15048006804021918,20
49112340,0.0001819787433192388,0.00042669507798593747,0.035857859785426396,20
48310931,0.00018187807884974816,0.0004371489207741756,0.03917099091583318,20
171998476,0.0001818568817639643,0.001483478111044539,0.2949586568612067,20
114102167,0.00018161940469739457,0.0019654016911158216,0.34202057954702536,20
89206964,0.00018087913207226746,0.00043880146801570833,0.040458232808874235,20
42650857,0.0001807905810521343,0.0002901084375231686,0.005876335231382519,20
67227276,0.00018073253313932448,0.0002919016132979827,0.0061109671651777666,20
28843245,0.00018067977779458178,0.0005325465168211999,0.07282895564899672,20
5,0.00018067548352057038,0.0005108051120106853,0.06509648014234669,20
43852075,0.0001805651953384779,0.00038521066612739514,0.024839125121279088,20
98744169,0.00018042314635357827,0.0005004900185390231,0.061705581525431485,20
169810416,0.00018041588215165772,0.000514873084572468,0.06680057614416468,20
59687865,0.00018039331270098825,0.0003460254603467228,0.015445265243253918,20
145577095,0.0001803368066543881,0.00033647922028126696,0.013490565992206745,20
78479983,0.00018030313681324518,0.0011969140295297626,0.2543131872731994,20
32497338,0.00018024524195392466,0.0008503045531307328,0.1775182244418677,20
44846794,0.00017994350855541908,0.0031002619277300117,0.39899400116862044,20
105557003,0.00017918426630569306,0.0004778589117144003,0.05496594950740693,20
89178867,0.00017908540601143942,0.00041170749840675405,0.03334407582496889,20
227886925,0.00017897267066112332,0.0005262547191229382,0.07237430856041202,20
73638788,0.00017886581340262607,0.0007681400441287757,0.15538890603888636,20
109360772,0.00017885980478123676,0.00036153502752357827,0.019688738944412646,20
3265414,0.00017859741442530775,0.0003792866873242604,0.024374156980906607,20
136963730,0.0001784172991846994,0.00047485061001270313,0.054630081783145726,20
40058846,0.00017818263867761807,0.0005750408838186111,0.09093902733442547,20
32131897,0.00017808904314782492,0.00027771944400370305,0.004925568799618546,20
50734926,0.00017808185082957007,0.00038532484619934506,0.026325305034500535,20
27887315,0.0001780598530431332,0.00024061103214663773,0.001842707358893758,20
30853843,0.00017792923631165247,0.0007067680960405549,0.1371221886904586,20
64653869,0.00017761782153390138,0.000652845414914241,0.11930448181478004,20
121412890,0.00017754042292752458,0.0003981352286138314,0.030337207687363428,20
23317309,0.0001775300620914133,0.0004017088577722463,0.03140458217976222,20
227686907,0.00017721476665009394,0.0013005102491887037,0.2747395750105133,20
155772027,0.0001768503758228318,0.00033795270712988685,0.015167465649199161,20
77278021,0.00017654149284293817,0.0003127388409323662,0.010321626791463086,20
116217036,0.00017634627068679188,0.00038705269499715096,0.027882372328908007,20
64772489,0.00017624065006228707,0.0008461656447333546,0.18164980739200748,20
19627032,0.00017616871459879836,0.0005051814512218692,0.06768520168233487,20
73361464,0.00017578103821003221,0.000241697374860741,0.002095132944490577,20
27032332,0.00017572975700720083,0.0002783224919720616,0.005424630724110539,20
72559339,0.0001752207807035,0.0006131002935878142,0.10830209805928251,20
24245878,0.00017521359397601466,0.00046938298559604414,0.055717966593594966,20
61880512,0.00017516887016411076,0.0002920120627814222,0.007364266083826963,20
104556129,0.00017513911968693174,0.0003528589692075183,0.019402501602321258,20
125784521,0.00017510126809187898,0.0005316568560698185,0.0785759165044692,20
864933,0.0001750173309494507,0.0008749243658821114,0.1910988249584068,20
170202862,0.0001748904231466064,0.0003059455153426978,0.009646624157254589,20
117771775,0.0001747983254054203,0.00044623845487050704,0.04796664056732061,20
60689029,0.0001746299300191295,0.0011266239826417592,0.24828750933955335,20
80166420,0.00017430297790634597,0.00036291739450414813,0.02241664796513459,20
78289821,0.00017420937561614668,0.0013559906117546836,0.28616730126765366,20
59856636,0.00017408561128500198,0.00038498502623717185,0.028729512380645975,20
154570965,0.00017382259995485927,0.0015564820792242872,0.31160421125927035,20
56495286,0.00017382071445166402,0.00022170045565452436,0.0011806519719583747,20
147890208,0.00017344071982310083,0.0008229403628475653,0.17887488079998753,20
130385926,0.00017303587480560766,0.0005549400073572888,0.08963606819042964,20
45630581,0.00017299672744285343,0.00033243869143909343,0.015579894306735016,20
137765917,0.00017297034993473125,0.00039108049826663415,0.031309365445804524,20
93519812,0.0001729142632367675,0.00036589050050804707,0.024007629378265477,20
31822999,0.00017257783313380515,0.00041207588032698495,0.03827350660160722,20
74159951,0.00017257198108050763,0.00048807889280377294,0.06516464005598763,20
12272466,0.000172455198686286,0.0003580300062036599,0.022138770616787744,20
30039437,0.0001723797545279765,0.0006961255884026435,0.14096718788845866,20
45687284,0.00017176942212355494,0.0005572909391158066,0.09204607982418714,20
30670163,0.00017136427228293672,0.0004929950534388079,0.06828146709973248,20
193425683,0.0001711050078741394,0.0002255398104126735,0.0015269959303206584,20
124914613,0.00017082665093748895,0.00048686439318544345,0.06655935214950189,20
152378025,0.00017081022523011136,0.00045558352017226287,0.054986723638423135,20
104530243,0.0001707869027808423,0.0004248325406409527,0.04405636599920974,20
13277017,0.00017078388220842234,0.0005502802449860892,0.09060524718233876,20
122740477,0.0001705792452034366,0.000319317357282029,0.013712061116937554,20
77964717,0.00017028839499140248,0.0004036292512612987,0.037284624101283595,20
30239698,0.00017023822938211087,0.0005281823237578776,0.08287384474501844,20
114343869,0.00017023771871639283,0.000529956736073454,0.08354982265799632,20
180611293,0.0001700900661363275,0.00025242683057166406,0.0035731162100400625,20
21285923,0.00016995339466789882,0.0005843951895704055,0.10447781418881144,20
76501309,0.00016991183570456148,0.0006324997734384742,0.12218409615945663,20
45507305,0.00016987812733123276,0.00042553705394007054,0.04509187644251466,20
64406763,0.00016976257309229137,0.0005115680674693931,0.07709593885406635,20
74015719,0.00016973298770811275,0.0012343990756140447,0.2729479653853128,20
116503846,0.00016969739965959628,0.0003106169987248667,0.012246634829269762,20
114149364,0.00016954792411625618,0.00034581491014247333,0.020492943218779012,20
70555521,0.00016946441712026582,0.0007193012670714503,0.15263682589089167,20
103892413,0.0001692852866540001,0.0003898474862014228,0.03355873766556981,20
68866500,0.00016908895003540925,0.000561885953411138,0.097103005932902,20
19955047,0.00016879228360659193,0.0004956894738705463,0.07213313730579092,20
135076036,0.0001686508442855228,0.0002892227357576189,0.008647770803166487,20
62264760,0.0001686409261433125,0.00045616651325674536,0.057347830672980736,20
36734073,0.00016849808514619036,0.0002557966226063327,0.004148462888486167,20
42228458,0.00016842415180371996,0.00033166048158463237,0.017481193011561313,20
105130436,0.00016837660607202376,0.0002406846264711401,0.002765445627725631,20
143944382,0.00016825009115154776,0.0003419951847864537,0.02018485299437797,20
38882165,0.00016824629787371703,0.00032830867008397526,0.016755056890318035,20
45807376,0.000168175566829748,0.0004516210583204049,0.05612374618634063,20
109560911,0.00016809790162612137,0.0005891053531047929,0.10865004664690302,20
43065679,0.00016806215747748598,0.0003763470988824883,0.03017136184394304,20
22463544,0.00016805072486625328,0.0004308602711211056,0.048632360670637,20
37517415,0.00016801873536141098,0.0002886140854108964,0.008727444973665144,20
36901080,0.0001677721905924412,0.0005881006439844226,0.1087013961061172,20
48289065,0.00016776585430482993,0.0004214492519119477,0.04551926346253483,20
35304934,0.00016770175149380395,0.0003792306671851279,0.03132904359759163,20
83908464,0.0001676175516335643,0.0004427820163520062,0.053398885381292976,20
115016016,0.00016753581965177344,0.0002214821287143,0.0015615975929750795,20
45059112,0.00016747900668555304,0.00017038820395697026,0.0001553436989691546,20
190823298,0.00016733257079607766,0.0005763713155536172,0.10485244864953885,20
137163942,0.00016731730543593782,0.00022908947759714434,0.002031230160042582,20
170600329,0.00016729025039525502,0.0004582385878556106,0.059502372106243664,20
53858302,0.00016723550450500058,0.0009203236275629585,0.21324261748374856,20
50644691,0.00016723082088131446,0.00028575261022760435,0.008474993462937348,20
36715788,0.00016678372342397162,0.00028244658043892094,0.008058209687181352,20
128478326,0.0001667616238621994,0.0003567955354728916,0.02513907487384067,20
68752166,0.0001667321738123534,0.00044022557946764816,0.05331809130296064,20
122874307,0.00016654154484856687,0.00026525305677815733,0.005614696017979991,20
195427028,0.0001663967573504399,0.0006329191199556392,0.12711066060288506,20
189221832,0.0001663115710353852,0.0004935089933227404,0.07411583006298672,20
105130940,0.00016615238882380923,0.0003153173327863653,0.01466651233573531,20
73359534,0.0001661226808006261,0.00033684568820279906,0.019966591981112974,20
110137377,0.00016598420367880395,0.0005640452542027954,0.10190984265891505,20
165992730,0.00016596620700632948,0.0003556563965988853,0.0253039109327851,20
158184570,0.00016583671591405836,0.00026332531674704024,0.005510549808088542,20
147371885,0.0001656653647005818,0.00037276629743489254,0.030736573977133204,20
119259474,0.00016564685971216241,0.0006238716883719803,0.1248485152036255,20
123942108,0.00016544520710437826,0.0027361381132519863,0.3948781927275254,20
145649671,0.00016527137447591435,0.00026027933044782533,0.005237770378331234,20
82001219,0.00016499502049896199,0.0008617165863301575,0.2012537635171931,20
29831521,0.0001649737396689971,0.0004828263174856166,0.07148807349062389,20
79397567,0.00016475816340869032,0.0003343847110893475,0.020048027306169478,20
228887673,0.00016472389210630544,0.00044736956456062777,0.05803368959772364,20
73959773,0.00016469353151553345,0.0005704709114599544,0.10607963561239972,20
14022749,0.00016466461774480856,0.00039172412804097033,0.03777252631360302,20
56268881,0.0001646219932327525,0.0006184348813634968,0.12426687416868162,20
73082956,0.00016461505327752536,0.0003446029157219259,0.022940465063602325,20
11620386,0.0001645383438595327,0.0005112101943292377,0.08315438970802942,20
50549476,0.0001644724143404913,0.0004271028133361175,0.05063938145395119,20
85095065,0.00016427473581037965,0.0003464970114526698,0.023686279738106285,20
38739912,0.0001641967073422873,0.0003302122189332244,0.01924461218357242,20
55339971,0.00016413288170100403,0.000269019748103544,0.006670769985952019,20
31494202,0.00016407258966848193,0.00024126928519867938,0.0033592932250401455,20
80482835,0.00016400131901709303,0.0003548603979873102,0.026326005629858883,20
53457041,0.00016371752799361483,0.0003317865974915384,0.01991784960932289,20
119421209,0.00016361385900184877,0.00044581005918218594,0.05859342806098517,20
117256095,0.00016322206926133455,0.0003755216552588238,0.03343809723821173,20
12201845,0.00016318048037716192,0.00035017717687208324,0.025450409504520603,20
155796581,0.00016313154354220816,0.0005124672776659179,0.08538924549176567,20
60418506,0.0001629870454442406,0.0007637994486458648,0.17595613524166737,20
130559690,0.0001626492036982119,0.0003193361887901865,0.017241218018800426,20
10079726,0.0001626117880918543,0.000291962121859414,0.011082733229243653,20
65023739,0.00016245948659654176,0.0002737628327888088,0.007834479835975298,20
79303782,0.0001623850563886614,0.00019172163043599855,0.0006219294072034897,20
170075400,0.00016238301140431566,0.00033756383441278684,0.02226468332633623,20
105199555,0.00016232600621118032,0.00025185934960439334,0.004770811850239734,20
197431932,0.00016224832013788103,0.00029692670351651727,0.012234964565428793,20
2063472,0.00016217228745173118,0.00024197934569678177,0.00370388525585527,20
35570603,0.0001620638117648565,0.000283640358759341,0.00967122908504537,20
22824556,0.00016205270698758657,0.000424406862087279,0.05199863168775302,20
65093851,0.00016204309169989272,0.000373301080530281,0.03360287144383001,20
59498158,0.0001611562171369957,0.0003402985798745564,0.023797798779185222,20
173203884,0.00016113482601866902,0.0004237305920438508,0.05265968175580396,20
26040729,0.00016107846051229002,0.0002732572088527518,0.00813744369549178,20
11820402,0.00016081414884931423,0.0004434516417924981,0.06066327841200115,20
17073965,0.0001607963615364222,0.0004103305682795189,0.04790551820095507,20
20485631,0.00016078240370809017,0.0006537907349636919,0.14257914834826374,20
7671816,0.0001605425308711189,0.000540274718252816,0.09981107385809285,20
131759767,0.0001601981432006627,0.00016263167631819407,0.0001520449047807116,20
73161393,0.00016019362004723593,0.00040604280522796375,0.046871005676470644,20
28927507,0.00016011875048474455,0.0006069343632498261,0.12631698719765103,20
99084921,0.00016008181364946805,0.00034771843662030996,0.026741286977699823,20
68673797,0.0001600752996149174,0.0006814744801955856,0.1533368985514017,20
131856656,0.0001596779768428147,0.0002660766615923798,0.007346444923881275,20
49289448,0.00015960909778552356,0.00042243105198360283,0.053711085487568394,20
70288755,0.0001595675432462612,0.00043048365938280135,0.05689990340698787,20
32093215,0.00015930856440676822,0.00033914152687296144,0.024620886572168807,20
83722598,0.0001592549766468443,0.00042838775172084363,0.05640735435838594,20
216097094,0.00015914505244593867,0.00047177934598474934,0.07392740172167997,20
153858169,0.000158990715428331,0.00042456840162614977,0.05518646245702449,20
39141284,0.00015889776473208828,0.0005699648918004036,0.11381768281014522,20
4012975,0.00015862366474067856,0.00040759608008470496,0.04897890436784463,20
93043976,0.00015849833636671917,0.0003835807528247583,0.04012132518274634,20
108206960,0.00015838054568821923,0.0015578790686228254,0.32725420030782654,20
96108384,0.000158146634706538,0.0004886560004215656,0.08204987323824237,20
72471207,0.00015800330583212453,0.00035719988696888613,0.03129575870120093,20
41442989,0.00015785239206647926,0.0003595338278769689,0.0321978642794486,20
95121488,0.0001577816837046747,0.00036894611224710916,0.035501832725561226,20
41539558,0.00015755078956995738,0.000737419371765072,0.1756677669457446,20
23918734,0.00015747662427266496,0.00042435921010831965,0.05670753713824608,20
25899163,0.00015740905426219753,0.0025072257626108686,0.3909605441642165,20
21086440,0.0001571955193696767,0.00039906509088755116,0.047108826228472636,20
1062974,0.00015693409015083147,0.0005081619679390051,0.09163627518962261,20
189021465,0.00015682271078794053,0.0004474822801680942,0.06677591551850115,20
141370117,0.00015676734206672983,0.0005917348632098653,0.1253535897254473,20
25360423,0.00015670247294644334,0.0005456170127355381,0.10721988329619038,20
49521660,0.0001564701205701041,0.0006439546021435299,0.14539205405314506,20
27289976,0.0001564373695327692,0.0002562261685677541,0.006643106634965714,20
29133969,0.00015619211084447193,0.0004031235720998164,0.04967066859035645,20
195830491,0.00015612773385952072,0.0004760148204119484,0.07939218032660555,20
49889638,0.00015610512048974678,0.000529383042546313,0.1014641813434877,20
6671609,0.0001560198139480107,0.0002807826463633673,0.01121933850217146,20
41261072,0.00015595863496423724,0.00030073848582274064,0.01584016154606086,20
55655275,0.0001556913252227149,0.00025175392613813603,0.0061543904084912305,20
136756670,0.00015564592407587562,0.00037709692843551065,0.040276511643529224,20
14422868,0.0001553959509637437,0.0004722704930159579,0.07876125008193473,20
1461290,0.00015481647450286685,0.00043276523369096057,0.06306402005052522,20
111734779,0.0001548040634463288,0.00040916160929543437,0.05349007996801483,20
72501283,0.00015479796854431238,0.0006868859396482186,0.1630952459695491,20
56722519,0.00015471325083189213,0.0003517034634169118,0.03196283738448863,20
53357042,0.0001544066624283358,0.00033726506090360475,0.02734851336915484,20
153743259,0.0001542750112501601,0.00020238027326267423,0.0014715545463944465,20
20282977,0.00015416732006204027,0.0003333198155476091,0.026241915491041705,20
4464995,0.0001540586224754059,0.0002541519796417135,0.006930232517953766,20
4995942,0.00015404520537322386,0.0007406893392915894,0.18199483089937368,20
103728046,0.0001539640649975138,0.00032068798796412734,0.022452183575291294,20
27090719,0.00015385145144619639,0.00043006661460338674,0.06306358624870084,20
54882458,0.00015378726283963863,0.00039249612928985605,0.04792588737785873,20
48252930,0.00015376225500428607,0.0004953711274595707,0.09057837933139486,20
5614769,0.00015371830199125135,0.0002480487458050268,0.0060781421296144415,20
34438244,0.0001536371345259413,0.000515587472365049,0.09920813217068872,20
3869128,0.00015352272924779308,0.0011496203665403353,0.27870620586868156,20
29843850,0.00015324087624154492,0.00016527622231393292,0.0002741817144411008,20
133223217,0.00015322139884927087,0.0005174738723741387,0.10057708728298004,20
149091694,0.00015313248515153033,0.00040200010980082426,0.052382854749532345,20
159787126,0.0001531263276070144,0.0004560846155657736,0.07483422688028285,20
44458474,0.0001531249530985962,0.0004942749276079761,0.09098185534972238,20
50855558,0.0001527417641227241,0.0004281143855942598,0.06354314019530304,20
34928562,0.0001527387408775893,0.0007826590275720304,0.19684689161132068,20
73940748,0.00015265035078132483,0.00039311591237519176,0.04932493701556607,20
92924687,0.00015262819681974017,0.000714264262399576,0.17562994526237757,20
7667965,0.0001524635144989267,0.00027633954149355167,0.011642050798701018,20
198432948,0.00015242533221164478,0.0011279191375745214,0.27637741959665507,20
156259595,0.0001522982242555565,0.00025071490670570734,0.0068444987144208255,20
118018872,0.00015219532258877176,0.00045641189350445504,0.07615225812903866,20
87252225,0.0001520072162783437,0.0002721446305683363,0.010917846924144128,20
37918385,0.00015199498835337944,0.00034009847812326043,0.03007901643577847,20
63274316,0.0001519283639303537,0.0003677827709577504,0.04015997138027143,20
118522665,0.00015180081102984523,0.0005278956962795717,0.10694751592516795,20
25230872,0.0001517712016831041,0.00019600046120812035,0.0013026399883573929,20
150981216,0.00015173807809449325,0.000289903558061058,0.015152139599508677,20
26028885,0.0001517245320045213,0.0004958772053903081,0.09358381259608664,20
61661564,0.0001517095966900639,0.00034500388455569245,0.03200805257849208,20
131481649,0.0001513946299946223,0.0004443387065924507,0.0720225676606393,20
9200183,0.0001513430654189102,0.00034711360104996123,0.0330524724480088,20
97885616,0.00015099932272084893,0.0005533950612423426,0.1186467329678525,20
91,0.0001508755534179368,0.0008443619660201194,0.21705233261844575,20
88377644,0.00015076913625033106,0.00047718181736428587,0.08691369105523727,20
27530475,0.0001506834296626486,0.000251937328560255,0.007490796057757117,20
32071463,0.0001503274830857826,0.00040831126834244783,0.058050655061773246,20
55077315,0.000150041201607215,0.00032038253308666327,0.024932742455154297,20
78665246,0.0001500361081681445,0.0008373839397053803,0.21643730718046694,20
77764613,0.0001498984193753078,0.0005361940853192078,0.11319754951619412,20
30534004,0.00014980721591232037,0.0007271464081383174,0.18420901009469653,20
93318311,0.0001497162556814896,0.0003415054822281623,0.03237781124310168,20
76707140,0.00014967042805379694,0.0004165020395634339,0.06226560797138538,20
83285801,0.0001496259164391306,0.00030805615095190676,0.021353358696051886,20
96848234,0.0001492149639470308,0.0006810350574217892,0.16973737668421107,20
151374545,0.00014916557400578568,0.0003428134771694078,0.0333041382086161,20
63460918,0.00014909099897326416,0.0003864818607888731,0.05036098531261496,20
122125418,0.00014856358767241783,0.00042690653862167277,0.0680680054353062,20
3263669,0.00014854805329817534,0.00039026118820424476,0.05250578263702023,20
23289151,0.0001484082476855636,0.0005614325895978966,0.12586357835936232,20
66071190,0.00014829203058073503,0.00040778132799098416,0.06017670559810968,20
184216307,0.00014801470036224785,0.0003093720045045061,0.02278933347548037,20
71299622,0.00014799679726844593,0.0002693967603916738,0.011902851825539972,20
133989150,0.00014760248938690544,0.0004251983187185378,0.06852666851452618,20
114902628,0.00014736699949496613,0.0003714779745612661,0.046035466706700535,20
60926681,0.00014717194896594898,0.0007384904618966302,0.19197379544496562,20
101089592,0.00014713625943390263,0.0005138337162553546,0.10787417142587695,20
12239399,0.0001471054868016297,0.00041556737271496034,0.06495362193644194,20
15613384,0.00014710223866230555,0.000659783176812728,0.16562611945282674,20
66627049,0.0001466820586338513,0.00037949375208375715,0.05005126821638905,20
32836223,0.0001465750951129996,0.0006175846902611342,0.15090734270978096,20
44306119,0.00014651991197197622,0.00014658029145791092,0.00013114412699065722,20
70498975,0.00014640760225741178,0.0005200576306163157,0.11163899673318585,20
115416503,0.00014635558868876796,0.0002792596449154449,0.015058030064638914,20
176609039,0.00014634370891538907,0.00031419738331668764,0.025500811836187392,20
211866197,0.0001462511805721406,0.00029397824567334736,0.019202181407339057,20
235892970,0.00014622005082191858,0.00037587030105892507,0.04903969542436443,20
25227422,0.00014619536827782109,0.0004895157977841851,0.09872745429902624,20
69697975,0.00014611486285382168,0.0001619404014370099,0.000353581459678923,20
133459465,0.00014610209615991687,0.0004433796382033531,0.07847501741855517,20
90878676,0.00014572290510189712,0.000750490752487447,0.19801802806994118,20
155382134,0.00014571816440577535,0.0002589971193617559,0.010506345493522924,20
13423180,0.00014565114944622425,0.00036682276492320365,0.04589997635894087,20
38035082,0.00014563971249472452,0.0003366395671416183,0.03402428744191516,20
117147205,0.00014551098758375792,0.0003587563852864509,0.0427601405512076,20
2462223,0.0001452026545392643,0.0004250446559130882,0.07152454282582082,20
50192143,0.00014490381410264542,0.0003849121788351386,0.05431108865221276,20
42283550,0.00014430896784428936,0.0004241906563953658,0.07231246908559655,20
19513337,0.00014426061081467266,0.00018728272699968963,0.0013573345322577975,20
51758369,0.00014416206089934991,0.0005003240070353166,0.10650566497847742,20
71280810,0.00014393621625200803,0.00035012912903021075,0.04083927023364048,20
45152229,0.00014354697902468905,0.00031873067933170724,0.029188301541615592,20
74583226,0.0001434867991039035,0.00044579512547470796,0.08315021027750916,20
150540823,0.0001432756494636006,0.0006112357353699678,0.15383032031900457,20
117147006,0.000142938455008379,0.00043384433283671686,0.07850469217034677,20
43061380,0.000142861138398806,0.0003087951752760403,0.026214265183306825,20
84599898,0.00014275531126898555,0.00035935962942219504,0.04582880967684552,20
90513818,0.00014251487109408212,0.00044841579980916125,0.08571388301798814,20
80,0.00014220929749923507,0.000278236648972076,0.016963990729727436,20
244925692,0.0001419080654218252,0.0004440130761045876,0.08457593178619954,20
62867318,0.00014188228758585386,0.0003243309899723765,0.03264079938163028,20
18038560,0.0001418374901104219,0.0006010940863355372,0.15226825009763076,20
63661019,0.0001417685553798259,0.0002632376219341469,0.013167482185029267,20
23683317,0.00014172791326751144,0.0004819280539305021,0.10204931427139549,20
185618037,0.00014169836625531896,0.0027527015655368996,0.4101952149938518,20
32098753,0.00014169238417756358,0.0004823207769636149,0.10228020566126737,20
24297094,0.00014163705800086245,0.00025088428520848253,0.010316747356574932,20
58324690,0.000141537394698385,0.0004168562222357676,0.07268310280088892,20
95508540,0.0001414609019567803,0.00034893833087326604,0.04282956835676443,20
67227159,0.0001413426311301924,0.0002914895832981031,0.021509497218270893,20
142846522,0.000141245836750295,0.0002497506567853675,0.010219994177549386,20
10268177,0.00014121750205375316,0.00028990193523447023,0.021084413903535458,20
4267730,0.00014115564533155324,0.00027994930030512835,0.018064474544844222,20
166593683,0.0001409714304097115,0.0003314832450872484,0.036228996333067656,20
151777414,0.00014095633046387057,0.0004236136402958237,0.0765682705612577,20
78090169,0.00014084973330285856,0.0004722410229713145,0.09901119780011577,20
104439154,0.0001405982508305037,0.00046190121019063185,0.09467691438898355,20
22757035,0.0001403493519815502,0.0003818904905939537,0.05835604575858653,20
5004098,0.00014025458307060645,0.00028131221126828713,0.019014754133025443,20
29431338,0.0001398693138818713,0.00027589838052089925,0.017619075031386034,20
80949710,0.00013969039931820414,0.0003267650783691653,0.03555036421634768,20
220302117,0.00013941463007622335,0.0005462796426931359,0.1339585748198277,20
165068288,0.00013938457573859085,0.00022599323561315905,0.006254501113950544,20
17274422,0.00013933368014056312,0.00043119293067530044,0.08236006032617676,20
24406124,0.00013931446297707207,0.0004821208466618046,0.10587914277315459,20
80305179,0.00013917717342818437,0.00022910764524984142,0.006843226948799092,20
75304870,0.00013912945612530036,0.0005764409463173436,0.14696267432200757,20
14435366,0.00013902617137275807,0.0005871690713517055,0.1514647131339266,20
97328714,0.00013883395909725094,0.0008018238779934544,0.22412947926404203,20
216297468,0.00013882909768858642,0.00027760693860705,0.018754561714719488,20
38824539,0.00013878710211887856,0.002431038756881533,0.40061251893246586,20
4814218,0.00013866503606098924,0.00041625792817929293,0.07634897894354539,20
89532732,0.0001386633515329111,0.0009524539770125447,0.26139676805674683,20
115027462,0.0001384130988958815,0.0004650013149503568,0.09944099116293979,20
63074236,0.00013821465680200206,0.0006210238675822093,0.1660452932656255,20
136077044,0.00013805713917363905,0.0005085010049027599,0.11977826607452538,20
2001299,0.00013794212075521616,0.0002955788492867816,0.025295624094810995,20
104839410,0.0001377001136493833,0.0009599118596020929,0.264420743447818,20
234115450,0.00013753821487761108,0.0005770511400345189,0.14990938327985254,20
7873485,0.00013743186290511022,0.00020930409118315453,0.004235479551304067,20
96482880,0.00013739244235911607,0.0004637761226856779,0.10046613881373966,20
94721058,0.00013739098928604865,0.0006835573144648062,0.18998554123191835,20
47531794,0.00013731132281110393,0.0002683540139853712,0.01687568639968067,20
47446556,0.00013711552317763887,0.00098167243330497,0.2698159403339563,20
11638823,0.00013686091061825,0.00024667957202749354,0.011309189843417248,20
47088062,0.00013673051346376475,0.00047210771805572413,0.10538298679328673,20
18878071,0.00013659113676062483,0.0004722462534834564,0.10567046942249224,20
42442710,0.0001365536651168009,0.0002996658418168005,0.027864472615384692,20
95308495,0.00013632271745361025,0.0002860313168187231,0.023165277489097705,20
92383515,0.0001362584547353468,0.00036231027013881547,0.05447664630640221,20
130480126,0.00013605340061150216,0.0003841686742047685,0.06487048838433603,20
203055522,0.00013587042615518242,0.0004361617772415579,0.08983310712493092,20
47608580,0.0001357982107809963,0.00025647268885050213,0.014324964984931484,20
237495929,0.00013572765150816625,0.0004514187498148083,0.09728876580804685,20
151181269,0.00013555861371386259,0.0005490633491120035,0.14166245179088843,20
160588595,0.0001355015887162303,0.00029220250038021754,0.025965011506497576,20
151392542,0.00013544836294896446,0.0002774838542817768,0.020894097040094917,20
54352772,0.00013522496690729913,0.00019628165233124788,0.003074968179114555,20
79566181,0.00013484266673294832,0.00025288265797873834,0.013837061719977173,20
115946028,0.0001348130580084733,0.0005923738679286427,0.16078571564283523,20
177009058,0.00013462651710979267,0.000490246582234871,0.11720455852852399,20
17426542,0.00013457899512143434,0.00033267066420218427,0.043138494737384764,20
242122829,0.0001345154114496011,0.0004618785362890526,0.10416585672665048,20
77664095,0.00013444252387846966,0.00034705046746568466,0.04969851992025867,20
243123360,0.00013425865047278772,0.0003801001608748347,0.06534632164540341,20
35370488,0.00013419983102161415,0.000777849736193853,0.22493181964862313,20
31072993,0.00013417079789393714,0.0005900369947576558,0.16097961196557775,20
76033004,0.00013409766775924204,0.00025260056534782423,0.014142446423237592,20
21286667,0.00013408887301701866,0.00043812013034933393,0.09352669273285723,20
23482110,0.00013400291392768883,0.0003036539129500329,0.0315775752076098,20
78397846,0.00013388307985234826,0.0006596506516626381,0.18771148594281045,20
226286416,0.00013378024232753029,0.00047737151289700013,0.11265270782402108,20
163303962,0.00013373572953921664,0.00032587015344000346,0.04107925545921928,20
1811318,0.00013355918933249667,0.0005967547408038152,0.16472513247572312,20
90781070,0.0001335468214674257,0.0002400091035669437,0.011139007146187064,20
133659764,0.00013350497828690244,0.00030320754156725664,0.031849389639075396,20
99640600,0.0001333269734138276,0.0005312717903033482,0.137855061760779,20
34627872,0.00013321886971181808,0.00029611917914886714,0.029312656842899323,20
121324768,0.0001329339130306334,0.0003369560008989577,0.04687479533819892,20
96637989,0.000132847608289674,0.0004479491746760102,0.10023264561844977,20
16643161,0.00013271286024623964,0.0010745449819925166,0.29357875495989993,20
114415368,0.00013267750195601337,0.0003144424495052153,0.03726813565873344,20
27266465,0.000132567655587168,0.0006406238600206024,0.18317085028986968,20
69898870,0.00013241631337497782,0.00044665085070857557,0.10030788976306187,20
70029800,0.00013227953293210303,0.00035122238652964113,0.05423804423169583,20
63822382,0.0001321887841219338,0.0007976633492589398,0.23384049641402632,20
53666823,0.0001321176837750293,0.0002090809871433859,0.005397781370006059,20
21481585,0.00013196404857684362,0.00015448218916179872,0.0005775576138679082,20
70068129,0.00013191668804273248,0.0005789264038610666,0.16049252036882847,20
98925933,0.00013169441175183149,0.00024255275775826915,0.012638804297349438,20
39249572,0.00013161226371651014,0.0004587641217498562,0.10746357108507573,20
233291095,0.00013139028968489342,0.00025139592947273,0.01525951640758757,20
101752329,0.00013112322918892584,0.0004328640507758282,0.09570205959252484,20
1865468,0.00013105294460255545,0.00046665040712239817,0.11218076916040107,20
87930831,0.00013101655839281855,0.00042388231587275297,0.09146040189855154,20
34242891,0.00013080364609189543,0.0003841072887854155,0.07212248448388216,20
162203896,0.00013057682957510474,0.0006225553475881371,0.18000788540947732,20
202854721,0.0001305338588953181,0.000641091135893492,0.1869621813673194,20
77889316,0.0001304397702949628,0.0008101966222935087,0.24014358841878025,20
36537526,0.00013040502893027218,0.0021081556501368944,0.3925237788648319,20
14874887,0.00013038651584519056,0.0003144591998311064,0.03964162179965384,20
51851725,0.00013033810450001904,0.0003137924780015223,0.03939979196812304,20
46287772,0.00012978371743351536,0.00036009746064025655,0.061744792901802965,20
12621340,0.00012964940126287128,0.00043154259362910907,0.09745674614908821,20
17226471,0.0001295714796183678,0.0004002070875839425,0.08197246340411536,20
22831714,0.00012935661548258147,0.00014541300294388805,0.0004025402515861732,20
17675557,0.0001292817197887708,0.0005728941303534248,0.16277928688324533,20
103535281,0.00012922819669894668,0.00036185255229496043,0.06336732979215158,20
35170475,0.0001291663546277466,0.00026525970348287395,0.021118272111973105,20
80091981,0.00012916159607551935,0.00038410546329600885,0.0745335326000481,20
49356291,0.00012913317991653794,0.0003280028584027966,0.04719196391006851,20
24464019,0.00012909613065636427,0.0007059438009538883,0.2117987451348194,20
36039763,0.00012873352929275715,0.0003684199091349166,0.0673180448652539,20
17232981,0.00012866905650130156,0.0004409437268821393,0.10374102272103206,20
25698343,0.00012851174274186307,0.00028070394523053267,0.027348611072801756,20
35937299,0.00012845435030310048,0.0003462521540395031,0.05675656418874855,20
87711520,0.00012832162487288467,0.00036270380293153726,0.06505330781954802,20
40943918,0.00012828116132937716,0.00037942182351195406,0.0734927643340325,20
26700033,0.0001282682428930426,0.00029557541567550125,0.03363759188061586,20
77195971,0.0001279502609721067,0.0007893388080636519,0.23866601962097844,20
108938840,0.00012765478887463987,0.000652686483145442,0.19633625275032973,20
99591911,0.00012763117689113812,0.00022161327098559408,0.009262127251381102,20
78490233,0.0001275362341291636,0.0006082198699881212,0.18007016466866793,20
126755412,0.00012742830257121972,0.0005078108979171765,0.1378750805663686,20
2884552,0.000127276930695569,0.000292450712580636,0.03327941220515553,20
99485426,0.0001272483055997392,0.0001982289839562598,0.004893298430016163,20
131786432,0.00012713783915607735,0.0004775846447731859,0.12425079332307398,20
46752369,0.00012710823012336558,0.0005975749854115881,0.17671036251357702,20
31134273,0.00012706381424166524,0.0006385652164149746,0.19232969726844917,20
120936915,0.0001269841563477786,0.00019841506485758273,0.0049868871994007856,20
94882079,0.00012688658674653853,0.0004945873556101113,0.13274427536195732,20
94498831,0.00012666821736189438,0.0004155149180630324,0.09436068419780455,20
157584520,0.00012663569763798622,0.000310500532729003,0.041966072358084756,20
152393422,0.00012655222648223497,0.0004674053189583034,0.12039956150791568,20
53338761,0.00012646622571498567,0.00030275300686161426,0.03862441757041194,20
135763217,0.00012641621608203146,0.00039617365606406363,0.0849001067595759,20
64861657,0.0001262609463489023,0.00028877933686535735,0.032707866184280954,20
212666750,0.0001259423093008777,0.0003031631218649581,0.03937871599094729,20
108738762,0.0001257797460140292,0.0027094359194505865,0.4188715359611058,20
67150296,0.000125703595569282,0.0003001736473526216,0.03828370248554538,20
86526466,0.00012560306497060025,0.000360573226796198,0.06788654682886727,20
60486314,0.00012551158361440994,0.00039310411578223327,0.08477907846355559,20
96140020,0.00012532386954236806,0.00039376711419785825,0.08542552932594372,20
151054719,0.0001247577483822232,0.0002009168573910444,0.006005794503687127,20
118268613,0.00012475734637381887,0.0003225067993390147,0.049922273126236254,20
121176445,0.00012470120986196874,0.0004892122625528522,0.13423585326677642,20
105136806,0.0001246885560108102,0.00032160624384605657,0.049568858978302675,20
71481565,0.0001245417465789961,0.00015938356155948937,0.001212683763942986,20
47052067,0.00012451577085575706,0.00023272258244665082,0.013605509760188685,20
62261800,0.00012449031739903693,0.0015709769081994934,0.36347493472780157,20
33733692,0.00012440161384990323,0.0006885794170050148,0.21455848845578313,20
182814131,0.00012436660814816035,0.0006671728450219202,0.20741985269285895,20
129759299,0.00012430636779982296,0.0002599280232746391,0.022830474342306797,20
32649129,0.00012421826099307808,0.00036138619226083025,0.07036625067924229,20
145735769,0.00012420362524422912,0.00023692098724858502,0.015036312811118769,20
29694832,0.00012397651988176606,0.00030832278506357793,0.04402350381881162,20
47652455,0.0001239532165388635,0.0002643843066558428,0.02481863129593017,20
42796789,0.00012388742029968702,0.0004118702608500475,0.09720133191023698,20
137758160,0.00012369826244524874,0.0003694595307006822,0.07537078114818194,20
9218004,0.00012367210228550197,0.0006030738390227669,0.18529288374018932,20
49955155,0.00012362951586065708,0.00035471660416312104,0.06778729220203324,20
113919030,0.0001236287985942358,0.0004946893464475802,0.1388270349854944,20
74632186,0.0001235324186751624,0.0008964093115512163,0.2725064066602891,20
27842733,0.00012353229546377132,0.00018318716013610007,0.0035543625396763723,20
46466083,0.0001232637781630963,0.0004759403622413577,0.1305594287184054,20
79766219,0.00012311870630368204,0.0003539384217815252,0.06814590949105695,20
174603358,0.00012294864664945949,0.0005501961730735761,0.16508974468914134,20
162503148,0.00012280198071754067,0.0003444593228329805,0.06367919082129772,20
57356184,0.00012260297410700838,0.00045550973846870014,0.12174428531483827,20
77498253,0.00012259306033623462,0.00034241838199015553,0.06292310154453643,20
75794739,0.0001224638981628473,0.00038969594468565513,0.08802300544606152,20
100688511,0.00012242174387835925,0.0004235101059067957,0.1058012036996903,20
131993458,0.00012239231676600682,0.0004651485244506304,0.12691747675064724,20
30620632,0.00012192880964692065,0.0003119852276664032,0.04832198599215544,20
81768134,0.00012162094701582693,0.0004991850280795095,0.1447611181883243,20
52,0.0001215376721331457,0.0004904888109013288,0.14081511005565864,20
52445279,0.00012140416088194384,0.00027910186317542965,0.033344243074938565,20
43349482,0.00012113044581652522,0.0002871719435153741,0.037312612140036124,20
100835221,0.00012108604091705388,0.0003378720459349476,0.06274594561001963,20
3812539,0.00012104751562655725,0.0002197223934072265,0.011731349360744214,20
8219262,0.00012101938648195198,0.000313458004957697,0.05023214485787977,20
14231295,0.00012098560381933188,0.00024992136711940086,0.02166490194360289,20
180288239,0.00012087180855830659,0.00046237259610989887,0.12841304217391836,20
66827114,0.0001206862870607478,0.00043575379121792114,0.11528896312805635,20
232914197,0.00012065530664872038,0.0004731875109930547,0.1341612875453611,20
112537243,0.00012051156611762314,0.00038638521256342335,0.08957971596717737,20
13622048,0.00012041022358814102,0.00035921242771501946,0.07514165176059087,20
88225513,0.00012031760328150287,0.00020879036133287187,0.009232043864963511,20
44713063,0.00011964303799149034,0.0003028161302715342,0.04664852991103882,20
240721552,0.00011947078140773781,0.0003837489958805244,0.08995867496205415,20
82506759,0.00011944911300534045,0.00040471553257929955,0.10127205144901773,20
36239095,0.00011934279807457315,0.0004409070533533797,0.12046584527119389,20
48331034,0.00011925007459241688,0.00043276221178487637,0.11643064195217802,20
134990170,0.00011918111954934973,0.00031268538118669846,0.052286455753281724,20
104044426,0.00011914348563164256,0.0004960966199739586,0.14812892679867018,20
186430061,0.0001190859024464197,0.0006107344124801955,0.19704375576059419,20
63088455,0.00011875059079076433,0.00025794920491979613,0.026744449048138594,20
131769739,0.00011871958764740342,0.00030724774166731125,0.0501017274533414,20
69139893,0.00011855815385837243,0.0005241078851615206,0.1622104852702922,20
169799490,0.00011845299618418737,0.0003461423612866107,0.07119822572041609,20
44106097,0.00011836373551600276,0.0009424236807344582,0.29045056808818426,20
170275536,0.00011815436791760558,0.0002630936519887475,0.02951398455153029,20
52874816,0.0001181367589788207,0.0002755671169073001,0.03518549974754249,20
24119079,0.0001178843051746009,0.00037907585728164995,0.09019031336727328,20
71579736,0.00011729186427112404,0.0002907463573617157,0.04354426819172236,20
209286671,0.00011717651571531429,0.0012729122458972808,0.3425913966182654,20
62727746,0.00011716428219761821,0.0003163744016463136,0.057053385402707574,20
9872225,0.0001171381933035287,0.0002944115198919852,0.045593340309222206,20
71659609,0.0001171032183146764,0.0004492613942694496,0.12908179253080315,20
121472578,0.000117005255107408,0.00035844368514504027,0.08033846447075821,20
143972554,0.00011696053956035402,0.00037450510270169266,0.08930634283043773,20
139167069,0.00011684354718731193,0.00034665720818725546,0.07408177595763156,20
83486041,0.00011676514295480278,0.00035788129122730605,0.08043458203365447,20
37478775,0.00011651934619333893,0.0005814563030269602,0.19068515434160488,20
85423279,0.00011633266016501109,0.00020797747033372125,0.010835902688699281,20
95708037,0.00011593786284567198,0.0009932296389639646,0.30384324066304325,20
73071966,0.00011592700306184422,0.00024396749560416956,0.023461406398570542,20
14424121,0.0001158186995882493,0.00046568480974038353,0.13995358487599108,20
41054780,0.0001156899873912598,0.0004882345452506003,0.15128407072184505,20
236516669,0.00011557253493980623,0.0003339614657565004,0.06910075109001029,20
5414469,0.0001155371435801189,0.0003474585329552278,0.07670092693055029,20
44506430,0.00011548290619819712,0.0014634611936844564,0.3640241811872791,20
110008651,0.00011537397813685956,0.00028621158678542876,0.043656383017862704,20
47953365,0.00011533625548203475,0.0001885645649621406,0.00657212206406083,20
5064811,0.00011507095680741153,0.00031414265257296176,0.05892243252892587,20
84422625,0.0001149144681194203,0.0003818576607747281,0.0970999864286023,20
183814309,0.00011467260843216476,0.001760417185826538,0.3869843987106921,20
239297788,0.0001144115934614165,0.0003914144294603937,0.10336902681887189,20
133761167,0.00011411644771293917,0.00023270840857511247,0.020474739265179766,20
20229242,0.0001140925325986586,0.0024347113550527164,0.4181178244754454,20
16682057,0.00011399436085783587,0.0007017893150867818,0.23821610077719518,20
147177468,0.00011391457406165484,0.00042903767284256596,0.12485065525492593,20
99391833,0.00011390386856992841,0.00038551660964336045,0.10104204481825857,20
25834523,0.0001135897727028795,0.00020256599912934532,0.01069352247136194,20
53657043,0.00011306746932002176,0.0006460337056669103,0.2217238517201714,20
122753197,0.0001130660348102941,0.00043450150205947896,0.12946794931287178,20
64105454,0.00011300050487763336,0.0006812725267630755,0.23364615763815316,20
34442898,0.00011288062089790662,0.0004030458115942783,0.11279162174742047,20
7466155,0.00011284486596192244,0.00042819299259559847,0.12655871508497418,20
94520582,0.00011282654116547553,0.0005164594077389908,0.17042526236668187,20
21515189,0.00011279835942956117,0.0005354004519257583,0.17896072226157445,20
154696539,0.00011263193933855887,0.00025686720641057335,0.03235483151397192,20
27235757,0.00011229791838296143,0.00016591158466237283,0.0034671952642296036,20
154395994,0.00011209709723394856,0.0003265530017783314,0.07061383256137954,20
188623141,0.00011208444712805799,0.0003439103948450361,0.08065156226866653,20
52677789,0.00011201657235273,0.0003383083506074472,0.07753182061462793,20
72873004,0.00011186112151715665,0.000999815594978396,0.31128719566828356,20
44486286,0.00011163731963353962,0.0002058582748937438,0.012715711308663032,20
50935057,0.00011145195319825774,0.0002552559878375878,0.032875669957718574,20
78419505,0.00011144846844562961,0.00041581867029988264,0.12270448940500629,20
862933,0.0001113204461275219,0.000260521681897036,0.03561002512068291,20
19,0.00011123572789633606,0.00037870112806037394,0.10231157723405927,20
82684031,0.00011116662861676563,0.001229065751102815,0.34518263187788045,20
148652302,0.0001109713179141103,0.0004924232118174126,0.16309980701507387,20
148290732,0.00011093278226976256,0.00026981073971310386,0.04082019882077263,20
91916953,0.00011071041041584296,0.0005342815775211393,0.18285565115336383,20
152177852,0.00011067483233548892,0.0003703885935077737,0.09861672906787972,20
191236627,0.00011043637536769512,0.00026595081503849035,0.03943727422366714,20
42064477,0.00011029924811566948,0.0009691687989343902,0.30831814777667205,20
95721981,0.0001102816237423393,0.00041561593460466394,0.1249942669409383,20
85292058,0.00011009161118341604,0.0003684455212654283,0.09862182262238677,20
85525748,0.00011004799664711129,0.000340128453517878,0.08210407565848564,20
145574844,0.00010973961199866045,0.0005098359400289591,0.1739189916324284,20
138158607,0.00010963338577353876,0.0001815086661730396,0.007075944969313908,20
61700455,0.00010960487361116322,0.00032505591285371204,0.07400790948245922,20
63081673,0.00010958229510589501,0.0004077031481645772,0.12206204114821663,20
31538982,0.00010957696061539013,0.0008417783621421514,0.28365431946964303,20
154971179,0.00010955190646750046,0.00025966465481078714,0.03728318628126855,20
77418949,0.00010949651413538763,0.0003133513866795361,0.06730955107018192,20
21882149,0.0001093485272355893,0.000373461939632513,0.10300188076492725,20
225284360,0.00010923262194881545,0.00031538998982313124,0.0689526587895913,20
67865972,0.00010915129400803359,0.00044148522678939356,0.14133569308866492,20
103117135,0.00010905350063250274,0.00047512214659345485,0.15877918487422546,20
90532567,0.00010871383671967883,0.0004474912907930701,0.14543298715963943,20
94707303,0.00010864507896148624,0.0004736152603645388,0.15891478114750085,20
107313403,0.0001085893661515569,0.001836047070483878,0.39712296348742077,20
62466537,0.0001083676959738572,0.0003495566655711386,0.09083563368491987,20
37498210,0.00010817231023842744,0.0004960417789009888,0.17084692340263796,20
164467850,0.00010811972485410548,0.0007101928484659039,0.25209386721104454,20
49914048,0.00010791935629299032,0.0003778664218614766,0.10845096217593214,20
199851370,0.00010788798968753843,0.00032802052197103323,0.07884142465044344,20
16252197,0.00010781507254201406,0.0006814569004020298,0.2439073964097781,20
20755388,0.00010764844718222644,0.00028551225781420805,0.0540587672527687,20
1,0.00010763410205208157,0.00041785895833289076,0.13181461061867192,20
104803458,0.0001075343210187485,0.0005343617054355179,0.18970155067043015,20
43712390,0.00010751307805584587,0.0003140907235536982,0.0711483854504611,20
75104487,0.0001073491839262003,0.00046553630251237204,0.15768852096528563,20
86726619,0.00010711695494403373,0.000348810524175382,0.09281580590495893,20
62280749,0.0001069880694091252,0.0002828252805856681,0.05351660295952537,20
56847002,0.00010678421693638418,0.0003870793338982489,0.11617295721729341,20
130959296,0.00010668304049414879,0.00023628171216074156,0.028900471898907976,20
165592534,0.00010635124242610317,0.000353003188112539,0.09685920402688226,20
125356463,0.00010610732167379567,0.0005385200457252731,0.19461909031535302,20
126116231,0.0001060845914276215,0.002671341138163316,0.4304592172080291,20
58663457,0.00010600035560472399,0.00028798190851429546,0.0580919209483581,20
95927037,0.00010598222883012042,0.0003418144582581885,0.09080668971078117,20
119211479,0.00010597345157507265,0.0005005234442291797,0.1777979169053266,20
85872952,0.00010593743113433696,0.0004652028487184826,0.16063865676594785,20
156182956,0.0001056703633622369,0.0003658287271611492,0.10596235290308724,20
186019583,0.0001054785502663691,0.0006211851752393557,0.22847262084648884,20
76144948,0.000105126703618727,0.00023998219971935127,0.03247287104854461,20
56199305,0.00010504854489737092,0.0004331001208630868,0.14580959716411368,20
149579457,0.00010502072400114526,0.00046059575853125604,0.16034129637915157,20
23432694,0.00010481642709898875,0.00038521334682057614,0.11927747658826111,20
15241653,0.00010453047997957543,0.0003515088255461433,0.09964702931320271,20
39701165,0.00010432340915791371,0.00031651851456105724,0.0784288719210633,20
100713770,0.00010422096403356062,0.0006667172366063122,0.24648519228949994,20
46056053,0.0001041320440612864,0.0003988057937141595,0.1286829607265989,20
79998981,0.00010402825695803863,0.00030498597860294366,0.07181548122401443,20
20004068,0.0001035828878595768,0.00020398814021021093,0.01748633019867431,20
29031060,0.0001035632813073839,0.0006798314265756508,0.2519600094154538,20
29294107,0.00010355345976016672,0.0004482774160988807,0.15726957276119533,20
117668060,0.00010351597501117859,0.0005184136227983103,0.19151727194185664,20
55011670,0.00010350307834110506,0.0002987711298766096,0.06890555295900516,20
75432704,0.00010340217900420001,0.00040268853601147815,0.13253790954083652,20
96483140,0.00010337995084584161,0.0005455034958875243,0.20362556640991203,20
30930418,0.00010331683508550126,0.0005414965497369056,0.20206727130276514,20
50249669,0.0001033001692046398,0.0005161732941116839,0.19099415662899,20
8199263,0.00010329548119925868,0.00028634573064657793,0.06158650695629573,20
38844914,0.00010311760384575097,0.000413546411087225,0.13935169784113793,20
27690605,0.00010295601705245238,0.0006859694245356294,0.25508096506669853,20
9870704,0.0001029308923870681,0.00025365494826165303,0.042691494599215216,20
61945536,0.0001026025772755762,0.0003657396403553666,0.11242132694845967,20
56612836,0.00010237159830780163,0.0002913719214945449,0.06631386380601749,20
28237985,0.0001022162849256214,0.0005063612844051097,0.18897694520240516,20
106331656,0.00010207960698582763,0.0007598149180444695,0.2775293329933153,20
57,0.00010206241520138437,0.00045585554316055795,0.1646379000599666,20
96683186,0.00010204785534893845,0.00045832195238377333,0.1659435641896428,20
137364012,0.0001020276285505134,0.0005758270477568396,0.21895701068611972,20
47931975,0.00010170213232172376,0.00036785416256406776,0.11568293956490722,20
6796737,0.0001016724248218609,0.00040693704796126686,0.13888661145969997,20
54318303,0.00010166398738633841,0.00029909180275587867,0.07247403359551731,20
35077059,0.00010165987088384121,0.0002925993006116674,0.068367240260503,20
112742536,0.00010149349181247936,0.00030036414307821276,0.07360302561991641,20
62456562,0.00010141250293509984,0.00029089480449767934,0.06773856316279182,20
85237518,0.00010111653572484336,0.00045836028433235654,0.16812441960900093,20
70352685,0.0001010754142207082,0.00019050055285273069,0.01418055099230593,20
119748143,0.00010102225378165186,0.0006308676698518433,0.24130947890103832,20
37022572,0.00010091065958616751,0.0004021979842844982,0.13791081361740692,20
59070191,0.00010068747590944172,0.0003343196621825471,0.09693297980558725,20
25640406,0.00010030726420977298,0.00026805593938563043,0.055308054105706585,20
63221421,0.00010029309058714463,0.0003954895792622248,0.1354299242016771,20
56140375,0.00010026763257917349,0.0005312187755924879,0.20455360083953023,20
62691829,0.00010025619397770469,0.00039962250053781874,0.13793002573665022,20
4669675,0.00010024924510730337,0.00045305685681409544,0.16741169455791793,20
72660154,0.00010019491118222479,0.0004413415264175845,0.16136376852850326,20
96928210,0.00010004994763458119,0.00012319231544378177,0.0008871560772389302,20
76507007,0.00010003104850834222,0.0003139671173809875,0.0852118543290219,20
31107694,9.985261184840277e-05,0.0019622972817262513,0.41120680559286693,20
230688986,9.962886123797977e-05,0.0004858110868753794,0.18528399266718387,20
165392115,9.95634951097113e-05,0.0003274824950100983,0.0949294808651836,20
4613920,9.94892237090067e-05,0.0003148566775353714,0.08689738530631883,20
168796876,9.946081809384943e-05,0.0001818572476901183,0.01217881217432305,20
201453052,9.939272414523081e-05,0.00026463257602670994,0.054694390950067256,20
41503331,9.936239005450542e-05,0.00024129065680638905,0.040599878323758734,20
90,9.924803627402168e-05,0.00022828257481796225,0.03340786067714365,20
53057019,9.921078925448635e-05,0.000464143712020393,0.17555919815557847,20
154143443,9.907637949630177e-05,0.0004231848830907147,0.15411397188131917,20
4663624,9.902251875887891e-05,0.00028125992071729295,0.06593886737377469,20
69611450,9.894730967122401e-05,0.0003347248068051419,0.10093230007263145,20
76545468,9.894131124632277e-05,0.000245248183733564,0.043538125908553195,20
93706220,9.889939133969905e-05,0.0005077673013716256,0.1972995317260683,20
198045530,9.871214859260568e-05,0.00041331868883512623,0.1494355901860095,20
104154456,9.868234184283731e-05,0.00028565843070431704,0.06942891321686927,20
12889591,9.841083709289933e-05,0.00024964654442680866,0.046995995184597475,20
54654069,9.804836815702767e-05,0.00041725666551197893,0.15324897773671436,20
42547988,9.79952010538937e-05,0.00029188276970741394,0.07483781743079487,20
20,9.795003349019338e-05,0.00037541555938386343,0.1288579965780547,20
60449168,9.794357107121288e-05,0.0004918566253290827,0.19215765009469704,20
111726462,9.767220436830704e-05,0.0004803756644941149,0.18729249680799104,20
129166541,9.753115588963802e-05,0.00017424678832971555,0.010797367009064996,20
147851270,9.747028247264478e-05,0.0004888420919246537,0.19185390015438125,20
16875965,9.724986144232783e-05,0.0003701491132343469,0.12726085116120955,20
64807214,9.724841801979634e-05,0.0007783532196742821,0.2914278118476912,20
43747390,9.707066154320543e-05,0.00031165320784014744,0.08986221268815453,20
112542699,9.695952601760648e-05,0.00044436514506816587,0.1707098613903097,20
87740651,9.681080419255972e-05,0.00036017998782276165,0.122057893227829,20
47266614,9.675541084982753e-05,0.0003301100965379987,0.10277687195879313,20
155658806,9.664442917494132e-05,0.0007230322189119314,0.27852591051434034,20
53739281,9.620252545724794e-05,0.000498720550681976,0.19953888486423832,20
107095259,9.612914565182429e-05,0.0003203303567501939,0.09769759729569227,20
15626724,9.5919137074163e-05,0.0002881033452798442,0.07645974975564598,20
16852835,9.586913315182411e-05,0.0006470807964343895,0.2577801340905631,20
57814478,9.562274363744127e-05,0.0015863865511941836,0.3951995183987178,20
35839613,9.558517213728857e-05,0.00025340563521890276,0.05398630005238851,20
13440596,9.554039514686752e-05,0.0007147127752465283,0.2785095760638445,20
38519583,9.494886256231628e-05,0.000602953956495807,0.24491291155070505,20
32271517,9.492851579060712e-05,0.0005803796106878817,0.23670745686968048,20
93341384,9.477058114737147e-05,0.0004010258049218289,0.15191502096839007,20
44853352,9.417030559858985e-05,0.0005564258564702244,0.22920544600807252,20
107558965,9.413698832086981e-05,0.0014569452160687277,0.38787200265710997,20
101915309,9.411260901760476e-05,0.0007224672150393027,0.28351799644316994,20
68351510,9.410189900323774e-05,0.0003630081086405791,0.13034761312819937,20
155596438,9.407874087403179e-05,0.0006094629067303392,0.2491655649680531,20
154977929,9.403956510702638e-05,0.00048313891654672256,0.1974544894184923,20
75883650,9.384912017714465e-05,0.00027532846214171187,0.07194287334809751,20
83686338,9.368742792839613e-05,0.0006355006439751296,0.25880884488911887,20
68,9.352548133222672e-05,0.00032500026247866764,0.10678547987411136,20
90913244,9.345889973110255e-05,0.00039175810321833717,0.1496966048787065,20
226107787,9.333104495811705e-05,0.00029254478976671356,0.08493910479621318,20
65063213,9.331566470069663e-05,0.00021439153212789855,0.03326511469716136,20
63771970,9.312785180335126e-05,0.0004980647069268392,0.20671856122377053,20
38702883,9.297414072129972e-05,0.0005766860176964277,0.23984269605131114,20
86117485,9.292195552877691e-05,0.00029516924622257837,0.08766072217788026,20
156387831,9.27796058801944e-05,0.0005346919232351116,0.22364964906857843,20
101327452,9.266998000950766e-05,0.00027835739020074895,0.07646899477096625,20
159186427,9.231971777481362e-05,0.00035389272071168805,0.12889478791265235,20
124754548,9.230881523453194e-05,0.00039136227386556615,0.15236804368702123,20
25888180,9.191676512657898e-05,0.000559487226729691,0.23574198514681277,20
98903394,9.180496880625555e-05,0.00023504935834441965,0.04841665372316705,20
8470537,9.178830738102716e-05,0.0005905984879727253,0.2477215272087615,20
56655739,9.178109117949362e-05,0.0005640336934958504,0.23782957881258443,20
24206025,9.176844777883664e-05,0.0004592254385188686,0.19133668116686148,20
132226664,9.161694598532333e-05,0.0003862343630960754,0.15103649800749824,20
164792067,9.132351312078902e-05,0.0004249797836870764,0.17430852686758253,20
90809268,9.125807094987338e-05,0.00030744862001985934,0.10004731391700346,20
24,9.11895827254039e-05,0.000211438549246109,0.034418812028194565,20
10419328,9.109421739525447e-05,0.00041497530161111444,0.16928936195009536,20
73140219,9.088817766541857e-05,0.0003769331658110721,0.14719001180558644,20
64061227,9.084409442583485e-05,0.0002822483281116702,0.08315545307682433,20
95321506,9.064471733320478e-05,0.00011577599492478359,0.0011939343637079613,20
141043268,9.057609451005311e-05,0.0005601944661204187,0.23921748223304395,20
47066612,9.049217260693742e-05,0.00019558267501617604,0.02620516008919973,20
85837960,9.027087511178644e-05,0.00039438428373884146,0.15943358428452958,20
180624636,9.025944741735404e-05,0.0002276695395745044,0.046132566627869305,20
65871131,9.016030915650619e-05,0.00033830152237533895,0.12399487513527091,20
600257,9.015112615788912e-05,0.0004713101021707044,0.20148869002589598,20
65272362,8.988428544257909e-05,0.0003982659911177166,0.16275334274537318,20
45064206,8.985280023706133e-05,0.00048194168439227695,0.20738201813617818,20
44446473,8.973830298550367e-05,0.0002744244598801493,0.07998652348120085,20
71413483,8.958874100524483e-05,0.0006058530935146948,0.2581786800382766,20
86624652,8.941759678932626e-05,0.0003957121027072527,0.16246398948577456,20
118133154,8.89634362399555e-05,0.0003329187717096979,0.1233847527901763,20
91534586,8.890666294025795e-05,0.00015814881140036876,0.01055147005520332,20
209486770,8.88048413546283e-05,0.00025537292953816787,0.06820313954882831,20
104756197,8.870630163684556e-05,0.00034126250583125557,0.1297197181167833,20
27362356,8.867270850855258e-05,0.0002864554086643219,0.0911471617872794,20
128758855,8.863713022720654e-05,0.0002645783011622046,0.07525302333683012,20
36078731,8.848994334301475e-05,0.00018287972643533956,0.021708639653267033,20
150140691,8.848003328558729e-05,0.00038795925744788105,0.1602848189736636,20
104930250,8.842998477761322e-05,0.0004759175323854731,0.208156992349679,20
129784942,8.811505239715022e-05,0.00046731892798389615,0.2047921998832919,20
112736642,8.807410745609034e-05,0.0004226701577019738,0.18154391799588698,20
104003048,8.804329146393508e-05,0.0005890515585120834,0.25594843057664163,20
178007676,8.798972960070983e-05,0.00028575123613298913,0.09224851718542153,20
35449778,8.794557370116196e-05,0.0003033571277236014,0.10516366245566154,20
68628693,8.774955800072981e-05,0.000443394837925625,0.19359591958470085,20
85449760,8.77001538428096e-05,0.000299622972962135,0.10307260813421462,20
116321240,8.768295376278823e-05,0.0003881225591475903,0.1625168405252887,20
69066996,8.74205565031344e-05,0.0007537805106848592,0.3049926796074255,20
28830997,8.73139153471758e-05,0.00035006932209168655,0.13928688494416383,20
10421057,8.726860322448015e-05,0.0002810519272468982,0.09050538815478894,20
46246025,8.722500386404153e-05,0.00041405514356500546,0.17898303313949404,20
127946788,8.718423288930354e-05,0.0005284494307886657,0.2348200157252205,20
24237673,8.705828235812952e-05,0.0006009262385721758,0.26240310813085455,20
39680957,8.69174107227616e-05,0.0003356927556514228,0.13062213109507315,20
26467790,8.683328027282722e-05,0.0005277354382143035,0.2354069474188537,20
88531518,8.67975620723882e-05,0.0005477219825312993,0.24355796406910318,20
203838417,8.673883483285017e-05,0.001190873911013864,0.374092925445596,20
99303977,8.663004383300255e-05,0.000548165557170171,0.2441468457796706,20
2862497,8.646436378127731e-05,0.00028737011731147543,0.09713810847987732,20
2811805,8.640561324806673e-05,0.0008597746528153144,0.32909938078433115,20
131656626,8.63156654111713e-05,0.0004397664028408316,0.1955156742832191,20
7618759,8.619664275995865e-05,0.0003334662619809975,0.13100780497390535,20
248728908,8.610128539325023e-05,0.00025025276702288543,0.07018644753357733,20
202637815,8.609065047594788e-05,0.00033834200891549296,0.13464835137713116,20
57482264,8.600862884161064e-05,0.00042039489115402475,0.18584092425968324,20
144172700,8.597102426841918e-05,0.0005342999446222951,0.24026955600657945,20
64275001,8.589376959440009e-05,0.0003172774222519994,0.12042756562680995,20
96387033,8.584026373045228e-05,0.0004202853341206939,0.18623851068481018,20
14271633,8.562871802105243e-05,0.0001904583780193357,0.029386706883161102,20
86693880,8.518605445749505e-05,0.0006172629349405549,0.2722203710240031,20
79490928,8.496930907753164e-05,0.0002368302230346824,0.06254856245406867,20
104710710,8.487790250300276e-05,0.00022629061057604787,0.054917046755689224,20
143372474,8.478835338616708e-05,0.0004901082670846795,0.22432113489875344,20
39079964,8.466291882489041e-05,0.0006351471260492009,0.27906533639458597,20
13270827,8.456397325800058e-05,0.000326391578877928,0.13047265311231535,20
20291078,8.443162629173106e-05,0.00020548944708155455,0.040912644869493316,20
58215702,8.433312878917409e-05,0.0005131585879259361,0.23567047658671214,20
117121715,8.431889204678633e-05,0.00042904499157272574,0.19521911946850856,20
49114544,8.42257575130373e-05,0.00035896123831855606,0.1535954125603568,20
133161694,8.405980810335112e-05,0.00016978239954620363,0.01962126383056063,20
121938454,8.404102915858525e-05,0.0004178108049425357,0.1898090781153925,20
63422345,8.38834145303613e-05,0.0008429940159391622,0.3306715579103807,20
23632552,8.36813507568146e-05,0.00029651436937222844,0.11109089660216008,20
21034095,8.36346991747422e-05,0.0006553205515330605,0.28742825569448893,20
28092421,8.347822960446949e-05,0.00028049027689913903,0.09947443490494612,20
154577008,8.346497290499521e-05,0.00030993839438485393,0.12162626844429207,20
31338938,8.328972518236721e-05,0.0006637236379340158,0.290609603217693,20
112364582,8.306326769887685e-05,0.000612076592010048,0.27555020361143634,20
205057668,8.306315216690397e-05,0.00026968491058006026,0.09219649793559548,20
109539508,8.303361814138987e-05,0.000465592499552388,0.2174905982054311,20
16873857,8.267200001201846e-05,0.0003335139063841223,0.14072774095059137,20
20881762,8.228223849719718e-05,0.0004116449038082903,0.19127446647340407,20
43461665,8.221642824538523e-05,0.000381630784893493,0.17371178465564258,20
15036327,8.205930547344197e-05,0.0003609884591672193,0.1610578870012428,20
2464025,8.196103509956754e-05,0.0004988308724397331,0.23571704125158272,20
35049131,8.135779115336916e-05,0.0003599365289915203,0.16239366782876113,20
20804464,8.122312543175914e-05,0.0003384260910767111,0.14828456940432994,20
156984216,8.099736115316225e-05,0.00033523114630728087,0.1467132364699738,20
160262903,8.059997417633469e-05,0.0003652905338402898,0.16808030585417116,20
31836292,8.059453658616766e-05,0.0004883176273078511,0.23473494229943115,20
45655893,8.050423817403396e-05,0.000530667546852026,0.25283646136807936,20
90380845,8.047285454196585e-05,0.0006176642820811316,0.2834882400012245,20
42042628,8.038866356112895e-05,0.000410262264927113,0.19590829664309167,20
36699347,8.022306910016874e-05,0.00030911868266590296,0.13008661636648708,20
125584342,8.01893252983521e-05,0.00037459466833461276,0.175207805097088,20
54197594,8.014362418018728e-05,0.0004493224546212036,0.21745789416425276,20
21487195,8.009020577203762e-05,0.0005481348182696646,0.26065073948190076,20
149774878,8.007436678276747e-05,0.00043603862325340643,0.2108404825347619,20
56854016,7.997296960003397e-05,0.0005624344832795894,0.26621482472359226,20
119723015,7.996051206328458e-05,0.000227697732240822,0.06640413223074611,20
97283613,7.985407885320872e-05,0.00018192023749366267,0.03222461948616869,20
47309111,7.94399755355002e-05,0.0005837258422823572,0.2749925691082047,20
113739357,7.924691892444158e-05,0.0001535815212921415,0.016221894088006165,20
10270938,7.918962501458072e-05,0.0002841573341214185,0.1139002036944896,20
14635852,7.91603488576792e-05,0.0005332856129095156,0.25738434671778054,20
6466081,7.904706163136266e-05,0.00022781323660795797,0.0686099894955709,20
63474316,7.901517171611805e-05,0.0006030965503434427,0.2824124713529937,20
129991255,7.895542597711469e-05,0.0002445518372506255,0.08253257019269415,20
260544,7.890460845713654e-05,0.0005499878271485082,0.2643989849103374,20
130391352,7.8773384501446e-05,0.000321255801864278,0.1432631273857226,20
57925856,7.86643424295963e-05,0.0003019771017893258,0.1292226065785023,20
6604757,7.841584011545333e-05,0.0003379521057236477,0.15622269125340127,20
103929897,7.835951497089932e-05,0.0005962265940899814,0.2818093288655594,20
32493682,7.82909617946137e-05,0.00045948972995986457,0.22770998720349528,20
233891869,7.822720184060273e-05,0.0004442391018544861,0.22034877944013526,20
76876496,7.798908937049764e-05,0.0003329767514405093,0.15401649307351295,20
9887653,7.748637622466692e-05,0.0005903983118271782,0.2820762753400454,20
16224134,7.74513250082487e-05,0.0003033245891062904,0.13383708217846677,20
160662929,7.717258988564346e-05,0.0003088759039668565,0.1388849524648471,20
155972672,7.69181765396032e-05,0.00035630221445285247,0.17322642154973772,20
66808302,7.690628937311317e-05,0.0002797172089648227,0.11693147884154237,20
1813940,7.684118566271825e-05,0.0006391725788890486,0.2985338978199071,20
2417580,7.666612943645346e-05,0.0004982521184701966,0.2498439773279011,20
36916305,7.661750687108504e-05,0.0005762307998947574,0.2795531986235078,20
21687331,7.65545589136607e-05,0.00016515307137471088,0.026008054314302146,20
24884944,7.649912989138863e-05,0.001005338825327413,0.3686829120744525,20
139463565,7.638687797699162e-05,0.00020550752289367675,0.05643252162405056,20
182413897,7.634630757469563e-05,0.0005417163608366657,0.26801063485593724,20
128620651,7.615755148280001e-05,0.00018854336569981283,0.04336006258677834,20
79169265,7.605525487412445e-05,0.00017396250112778982,0.03271618223190063,20
71178842,7.59685383810521e-05,0.00044771345747581854,0.2286305805825236,20
134625030,7.596440770681057e-05,0.0004561365238970624,0.23275785322387937,20
27866875,7.594111811449477e-05,0.00045294869681246575,0.23128083702268526,20
190024474,7.592976939242435e-05,0.0004942686154435034,0.25018784451630605,20
31296409,7.581695145335299e-05,0.000580968248049229,0.2831707976682504,20
154584708,7.555541364532847e-05,0.00027322933822316713,0.11563957878996445,20
38343489,7.523350740032408e-05,0.0003743173822485612,0.18999199015810853,20
121351589,7.52259453046078e-05,0.0001783797303098601,0.03734001209892196,20
61060726,7.520768316239823e-05,0.0002757808892208413,0.11877247430046335,20
137557843,7.509332149725489e-05,0.00043122002762009925,0.2228491199701294,20
175004606,7.496420485403888e-05,0.0004894415362507495,0.2508188874563415,20
17653367,7.492943467070357e-05,0.0006181774455928751,0.29703615072554346,20
57457300,7.491558397603736e-05,0.00027708324928829304,0.1207202987002508,20
25631015,7.477948186506988e-05,0.0003117556131359757,0.14841835790313493,20
45144907,7.464613022667432e-05,0.0006464082937798277,0.3057547741949428,20
237518018,7.459314368960524e-05,0.00023125535129745923,0.08271933643792148,20
152942680,7.454526026529074e-05,0.0004693751205610574,0.24308621456538276,20
110900060,7.439022470347167e-05,0.00046213761705185915,0.24018101308753775,20
32018030,7.437707343717904e-05,0.00022763311331165965,0.08014692635719976,20
11420080,7.429688136202928e-05,0.00026630035810215624,0.11364825182158735,20
199033440,7.421397686805664e-05,0.00044392758807555857,0.23191746732913288,20
143732526,7.419597810691681e-05,0.0008551847275850889,0.35116324411819516,20
126156777,7.392732683136338e-05,0.0004651426716642324,0.24292820318173491,20
150172214,7.3659303371304e-05,0.0006381091276155122,0.3058230764780857,20
12802174,7.362864127615775e-05,0.00037786307012320025,0.197201596393683,20
121911011,7.332793615257294e-05,0.0002085895445946448,0.06621097576499886,20
82151758,7.303702924928989e-05,0.0004166437022581764,0.221364272362093,20
73431580,7.286433972264472e-05,0.00040703357038506,0.2166385825720254,20
243924743,7.275873837081781e-05,0.00031845783219270447,0.15986481742885683,20
84622732,7.27188174417831e-05,0.0002184768526911795,0.07651150682340727,20
132370287,7.268233842188942e-05,0.0003395327471552731,0.17521200100520545,20
55450271,7.253228720553173e-05,0.000658465545115416,0.3139622802592019,20
107920923,7.251704899320643e-05,0.00031414173367891703,0.15743402479379093,20
116145923,7.247647571995974e-05,0.0005498588379863857,0.28124567658884986,20
189821951,7.237076684725174e-05,0.00037522253427192486,0.19956814877283163,20
24889730,7.227845986950144e-05,0.0003162234863075862,0.15976631883218673,20
9469846,7.224365825471424e-05,0.00024479282229044534,0.10128798092353475,20
91041588,7.218356819744254e-05,0.0005378226918839844,0.2777241908437793,20
9218157,7.202734021530822e-05,0.00038207061286920144,0.20483613520984995,20
102037882,7.195843529185786e-05,0.000937156758782397,0.36753872924407927,20
30734108,7.184480586570896e-05,0.000376136106262986,0.20181497991564562,20
29034026,7.18417849833397e-05,0.000176190711653542,0.04199891749582815,20
42865468,7.181488150326265e-05,0.0004557748745399213,0.2447853654741462,20
112207185,7.18039256532521e-05,0.00032536132782604125,0.16803375531941256,20
189034505,7.178802390830907e-05,0.0005385796823900693,0.27907290995554723,20
60203314,7.174850878547689e-05,0.001214976718474717,0.39727507567253756,20
109122283,7.166554517548384e-05,0.0004730383844378353,0.25311822244241056,20
24666599,7.160979364013442e-05,0.0006849508825815227,0.3227122097925077,20
37299956,7.151519006033669e-05,0.00046848221053071975,0.25152278920670557,20
119411891,7.140390816191277e-05,0.0009070191667520637,0.3643328493802812,20
23693090,7.113727328664777e-05,0.00023503635610690115,0.09588086148382383,20
38640779,7.077833817201729e-05,0.00033697901173532864,0.17967832879260726,20
50405822,7.063226385629339e-05,0.0002305487105184547,0.09331314510142491,20
43926428,7.039257036107471e-05,0.00087524523631177,0.3615279054080575,20
26668246,7.035998335822025e-05,0.00024632396773237195,0.10842148790893119,20
56999949,7.030590942035398e-05,0.0004800387078973489,0.26016489270288,20
55294595,7.029327059190904e-05,0.00030003470733627806,0.15395023781484082,20
151582230,7.024866384680306e-05,0.00038948168414033564,0.2149350863334331,20
90408943,7.005820380771022e-05,0.0003814126964682771,0.21079042069668052,20
41903782,7.005175279505837e-05,0.00046452449609579125,0.2540863944461366,20
84571181,6.99840419248171e-05,0.00021879841354224803,0.08441567285964197,20
58083015,6.994888045403768e-05,0.0003958725195424367,0.2195796478674673,20
68687348,6.990663187355084e-05,0.00028958210243801535,0.14691820815628864,20
4413859,6.988427579758538e-05,0.00034178776041202287,0.18598192740386787,20
53447256,6.985578287093674e-05,0.0003801919354183837,0.21071917677615148,20
10888409,6.985286511692612e-05,0.00027002674818535897,0.13082778820507335,20
12689512,6.980343280113543e-05,0.00038914896581790804,0.21618208719570875,20
67686119,6.978701524177621e-05,0.0003504972262201897,0.19218305822643322,20
104639372,6.975758598678494e-05,0.000454106669965234,0.2501953899363495,20
99434172,6.965052305908103e-05,0.00033049677108980014,0.17888870091571096,20
205240913,6.960829240492682e-05,0.00035430940156933326,0.19529601057740148,20
142170371,6.943281775903531e-05,0.0005333923874772314,0.28365587389439917,20
78019053,6.875751756460491e-05,0.0002010018633283694,0.07127252183785518,20
120070770,6.870630216598561e-05,0.0006450760415310026,0.3196383256414588,20
64547410,6.852363694488939e-05,0.00021976554761717109,0.08964051597221698,20
132951870,6.847008318904002e-05,0.0004970073043853178,0.2725689725702153,20
13623535,6.84622676677682e-05,0.0003390008017135069,0.18887425338229963,20
8817257,6.842583384563395e-05,0.00038850669244412406,0.22030705187884148,20
58669378,6.834525590130591e-05,0.00028020620520917986,0.14450046059958638,20
68880077,6.806252736298313e-05,0.0005227039404647663,0.2835964649373248,20
106131406,6.798741823781928e-05,0.0004509187875694639,0.2541250821279816,20
3412528,6.785876920621103e-05,0.0004324199546971876,0.24565507103345624,20
23043910,6.760554021000009e-05,0.0005515441183066448,0.2949784394813791,20
91115213,6.739356854199851e-05,0.0005280890643824436,0.28743761167810705,20
47152813,6.738415116544494e-05,0.00038724243305416196,0.22301801087669115,20
37373027,6.731833606618831e-05,0.0004429897580895289,0.25247635525450124,20
80767157,6.728559880456175e-05,0.00036043387321956627,0.20708675926007059,20
70557923,6.704815085158966e-05,0.00025338367190373115,0.1256276285779863,20
46046009,6.703704890665962e-05,0.00022542034945864433,0.09963957432594281,20
66895043,6.695783459833016e-05,0.0004719704462789947,0.26667439639154433,20
26642650,6.689269634478078e-05,0.0003743217900430333,0.21702975143525716,20
45668615,6.671424274223292e-05,0.0002592951212641888,0.13207834959707124,20
121738203,6.650418346174636e-05,0.001203853932319072,0.40375850391433366,20
33899323,6.648491195574425e-05,0.0002939641347834046,0.16225498148288264,20
189623964,6.640795645819208e-05,0.0004375721602353393,0.2527521068854809,20
87825387,6.634030163789606e-05,0.0004090951280917618,0.2385782544929615,20
13473298,6.629080635912055e-05,0.0006580372914577594,0.3287157749585824,20
44266420,6.611102070901986e-05,0.0003560660820765958,0.2083280926481959,20
117810312,6.590549170229776e-05,0.00016106463152904747,0.04149736189091046,20
69667660,6.572218313170009e-05,0.0005618223030529405,0.30345819485885184,20
113301674,6.559382069376563e-05,0.0004971459289816585,0.2810524889673841,20
45244632,6.556573962187561e-05,0.0003181452111962579,0.18413309444195297,20
28532188,6.555628406744451e-05,0.00038935847789714766,0.23034726126232313,20
40640433,6.549972039587016e-05,0.00013268806251762294,0.019882886762899836,20
154384684,6.538904293298675e-05,0.0002596788977487554,0.13706978221158023,20
59016091,6.516903291055309e-05,0.0002135406711176317,0.09412765409303397,20
7816463,6.509691193202217e-05,0.00018788893346631213,0.06888651170979174,20
27892705,6.501731861867366e-05,0.00024405447003895598,0.12408375723234394,20
105399900,6.494940067462707e-05,0.0002231622788729505,0.10431144110591337,20
661031,6.494520316966678e-05,0.0007517310590711721,0.35175895472628405,20
73680124,6.487206784659972e-05,0.001464347766571654,0.4225277422724958,20
25928507,6.465936513409542e-05,0.00030967914272394913,0.18107222664914335,20
136791346,6.449633876024486e-05,0.0005581907635448898,0.3056521031539099,20
8399282,6.420068200699292e-05,0.00031843495805384837,0.1892676772976598,20
86113100,6.393252957567485e-05,0.0004289662521630894,0.25654557443724635,20
79713751,6.390885116002443e-05,0.0002805253023253766,0.16053995168115198,20
46307787,6.38696293775276e-05,0.000321580184621643,0.19276483237093667,20
33249945,6.365027683006008e-05,0.00036990719233931786,0.22552174287343318,20
11875535,6.362834756602486e-05,0.00036828873598108286,0.2246203940543961,20
186618521,6.358115483758309e-05,0.00038139112611581996,0.23253372478785067,20
119374066,6.35540198604595e-05,0.0003265099592044597,0.19745021851265981,20
185618884,6.330441779829054e-05,0.00022969073335879438,0.11638858666569724,20
120150467,6.325170439809291e-05,0.0002702746968131809,0.15420776185439672,20
15272218,6.324238582237074e-05,0.0002444381813392532,0.13079499375829748,20
76745532,6.321040233913111e-05,0.0008056591205174047,0.36477134788971743,20
101527484,6.317157528770712e-05,0.0011439847157915333,0.403796170528612,20
10619702,6.316740465098781e-05,0.0003284297837592542,0.20021967437171312,20
97100821,6.312558642010135e-05,0.00020686744160113496,0.09415066984020887,20
144134928,6.289973300646345e-05,0.0003754723516210314,0.23146216796089103,20
167808253,6.274146135920311e-05,0.00024973683853083285,0.13760300634275213,20
26891603,6.269704390202135e-05,0.00038743488411877605,0.23903077457999244,20
51918228,6.263608852268288e-05,0.0005281285239408984,0.3009911248465983,20
17838397,6.224301708586122e-05,0.00016721235060986544,0.05618809842326874,20
222904298,6.223951553407936e-05,0.0005391598649137272,0.3058165628523364,20
92914566,6.217492800565105e-05,0.00030004134324289686,0.18284705014172897,20
44229621,6.215638351525777e-05,0.00021162357941976613,0.10232456924346402,20
41864364,6.214631957466576e-05,0.00032671334820546236,0.2027717104213515,20
95046541,6.206062115655941e-05,0.00012575622501495627,0.0199075788676585,20
184227423,6.1912515548318e-05,0.00040968426133778876,0.2536427260537393,20
30635636,6.190080950244648e-05,0.00033892471959934164,0.2120872199457114,20
104328723,6.18927700931915e-05,0.0003632469915365143,0.22770892633937478,20
81906525,6.178530862841757e-05,0.0001598835051004949,0.05008430392225231,20
138679839,6.178303678492924e-05,0.0003901514003534397,0.24371200355910816,20
5416678,6.169400523321211e-05,0.00012984719008014758,0.023471053677868812,20
24037617,6.167571642199388e-05,0.0003672374083693621,0.23090525506983622,20
65276625,6.163639075665584e-05,0.00021391902763182619,0.10651165751958323,20
32499100,6.16161111690522e-05,0.00026662955123633923,0.15717833946872645,20
74903814,6.142826181038397e-05,0.0001366037710849899,0.029363890831658006,20
34334556,6.13645626940551e-05,0.0002498748778011904,0.14290445935365065,20
29494141,6.131554335869204e-05,0.00035118554398994316,0.22226532822138634,20
51715302,6.130175131792426e-05,0.0004237613156847713,0.26270386335085383,20
157661407,6.118113438786654e-05,0.0002183766894096836,0.11271650036805045,20
94012670,6.0880146079714256e-05,0.0003422084443582818,0.21804333134187975,20
58096778,6.085944624946993e-05,0.0005881122749658997,0.32438613411550293,20
162666009,6.075357031570805e-05,0.00042892097800536485,0.2669970370613371,20
50655182,6.054858260365059e-05,0.00036968451999631386,0.236411900751117,20
27300140,6.052487160318198e-05,0.00029253635849442136,0.18321427656861367,20
65548870,6.05004017400601e-05,0.0003676497056060753,0.23537970350079845,20
240321277,6.049178273247746e-05,0.0003768715074183841,0.24079967167077293,20
55454800,6.0458248348593815e-05,0.0011229093825237812,0.40615119938026695,20
23464810,6.0303963476618375e-05,0.0001675191223501616,0.06195536771880787,20
82285129,6.009658428763054e-05,0.00020787622266753717,0.10577588751814365,20
80599204,6.005590615782153e-05,0.00024113475944247427,0.13962667487944566,20
101036713,5.999522099741084e-05,0.0005275344244305749,0.30844194354669197,20
61665721,5.995715528201162e-05,0.00039362255928536975,0.25198112806378387,20
66054778,5.981732157293307e-05,0.00039965757404611347,0.2556620789200368,20
69189403,5.973865169692782e-05,0.0002715780371798655,0.16880519674244243,20
101152287,5.942083426489775e-05,0.00027138485924092494,0.1698946093412682,20
29293213,5.939841908070287e-05,0.0003352044956609271,0.2189366039059461,20
92182752,5.936891526517607e-05,0.00041309297150420314,0.2640410753957223,20
144572777,5.925494360244921e-05,0.000320206915218177,0.20909162928982816,20
3214668,5.92396915414517e-05,0.0005737502338023858,0.32475257441057825,20
24033707,5.9187929008971965e-05,0.00043544290187602267,0.27523277518738454,20
30895466,5.867390610012624e-05,0.00032364734282725003,0.2137737592573058,20
44650118,5.825918872300884e-05,0.00040776306615893397,0.2652395883155986,20
86088192,5.821146187203752e-05,0.0002145005488436778,0.11987575102945378,20
48513987,5.810744851145189e-05,0.0006131148277780923,0.33822004475321504,20
87889957,5.807573830725887e-05,0.0008998074239752248,0.38799026520911906,20
111136442,5.802968074332393e-05,0.0007649069525119403,0.3690605523101925,20
42710453,5.7720051080781264e-05,0.0003282565838387246,0.22067375492516172,20
48240805,5.771684255317655e-05,0.0003184502226198284,0.2138323181114825,20
128766436,5.755838299887628e-05,0.00030640400954087897,0.2056507877806693,20
9219662,5.751026172582385e-05,0.0001430188479907513,0.044017325451569236,20
9818874,5.726287378789441e-05,0.00040785966975470574,0.26877808457678487,20
150180430,5.72244616970613e-05,0.0010220182506488612,0.4024820276023988,20
57485219,5.705588011238605e-05,0.0004534283997393857,0.29009652405707576,20
52456924,5.699991643699498e-05,0.0006864293889995927,0.35723964669696295,20
71058974,5.680153535512211e-05,0.00026161772592717483,0.17188022968320227,20
24287468,5.678704536559442e-05,0.00022620500968167988,0.13777699490929685,20
98511485,5.6589229923334484e-05,0.0003682415540341885,0.2501137931930847,20
226086022,5.645533776375e-05,0.00041381642175116406,0.27450678527262934,20
71358495,5.632598402011968e-05,0.0004772564998792338,0.3018730138162552,20
108934045,5.626204826646442e-05,0.0003745135041034858,0.25488784000867915,20
73460672,5.62454894806691e-05,0.00034814459962890577,0.23939071441729692,20
52951549,5.620200451481317e-05,0.00011933909082643817,0.02435974594025184,20
87309955,5.612571681648804e-05,0.0005235258556858914,0.3185472040917704,20
11075017,5.611841001645634e-05,0.0003110496643296912,0.21487001907528608,20
50314238,5.611816247058088e-05,0.00037340409509461857,0.25480291544647066,20
56059739,5.5990221362811623e-05,0.0002749773785868877,0.18695581989046217,20
29051886,5.593061549724887e-05,0.0003874203467281151,0.2631207795991873,20
26288395,5.569209535677411e-05,0.0003585321993512704,0.24783408329337275,20
21281767,5.568684858005546e-05,0.00023978610840771696,0.1560167144416651,20
43049251,5.5622128282248326e-05,0.00032210692532136815,0.22473074179411778,20
29288585,5.5609414757096244e-05,0.00024064308902152495,0.15718434339872756,20
147571885,5.553553725511917e-05,0.00031284586370758,0.21853398380023836,20
8006898,5.548158720946328e-05,0.00023126871178469284,0.14838388172055691,20
228287067,5.5459822475467654e-05,0.00029985081840347183,0.2092077987840894,20
2663635,5.544963150076465e-05,0.0005179867451049521,0.31879517260834117,20
2,5.531219180809344e-05,0.0005079352663253169,0.3159151687544572,20
87089247,5.526618445352849e-05,0.00024159642517604946,0.15957414119281546,20
70978662,5.501132370440698e-05,0.00020033161755665072,0.11721152877346397,20
126782300,5.45804000248562e-05,0.0004052567651884684,0.27704373762854656,20
129422062,5.4542255649303593e-05,0.00013304061314329803,0.04122710549756855,20
79090600,5.448460324415649e-05,0.00047786430644736216,0.30799712643845045,20
51073523,5.44065935288357e-05,0.0002865468747857372,0.20319227385683847,20
6816013,5.432422560170402e-05,0.0005581527319219522,0.33413653882284045,20
82168182,5.416190652187125e-05,0.000187921718438287,0.10644636832433695,20
30737905,5.408328422302489e-05,0.0002867815301527002,0.204752414519899,20
57122780,5.394678269180497e-05,0.00027908904184765197,0.19906285906769905,20
58338245,5.390377873465968e-05,0.00027266723345837225,0.19384662700452,20
185028458,5.3805113285054776e-05,0.0003939762784747705,0.2742988886388899,20
6,5.367201967129698e-05,0.000622315052011442,0.3520007251784367,20
27229794,5.365251098495005e-05,0.00044399121311871953,0.29759349275629826,20
51845181,5.351251964643422e-05,0.00018312685409245175,0.1034340674853988,20
83522357,5.34526109931599e-05,0.000436726474397082,0.29525128678226953,20
35329480,5.3335812662203e-05,0.00028230759911964596,0.2043369741840791,20
38302599,5.331089917853249e-05,0.00022521780159087004,0.1515296957589948,20
33650872,5.328907719413245e-05,0.00034637764907116973,0.24987618771422077,20
102643505,5.3226629318903204e-05,0.0003492342350110707,0.2518592750631757,20
80715054,5.317808575756866e-05,0.00030702832115412005,0.22405870729399757,20
3866871,5.312425096226647e-05,0.0005435961879242283,0.33350089146057454,20
151493818,5.307997530618058e-05,0.00044535148606097123,0.30010003332022317,20
36640907,5.307091211839976e-05,0.0002703648620042857,0.195494963729622,20
94898936,5.306953752465815e-05,0.0005383174708243922,0.3321372338097235,20
157984470,5.2920251202479006e-05,0.002017632048332714,0.4539270386915545,20
53275037,5.272323422061686e-05,0.00039669212379210567,0.2796352660562259,20
78508773,5.257554184821822e-05,0.000468142215552455,0.3106309626872663,20
57696694,5.236253956131254e-05,0.00021447476038187138,0.1442775105136559,20
31,5.230751194177929e-05,0.0004156954966994713,0.2900977988446999,20
87956573,5.228011029559665e-05,0.000238366344088502,0.1694939339064473,20
7,5.2267430501454214e-05,0.0003432581635859903,0.2520542674695878,20
68473380,5.2259572743687535e-05,0.0006465110132755214,0.3608583064160449,20
62087912,5.20044100851047e-05,0.0006707031958689969,0.36629253135351747,20
118010525,5.184583135939835e-05,0.0002814437811793027,0.21012908182856033,20
68857256,5.1806736546200494e-05,0.00043448793813331843,0.3000247444772802,20
168673747,5.1759765253472925e-05,0.0009540929769688397,0.40545192364907845,20
119146265,5.159620094854489e-05,0.0002108710418090205,0.14376253694333113,20
48267334,5.15797460526074e-05,0.00031520533140618997,0.23660642393212195,20
6215711,5.1492675452655126e-05,0.00035084251654279955,0.2597287619933547,20
77508587,5.14706824851191e-05,0.00033406706469116574,0.24956496230421338,20
75183461,5.1367474083915955e-05,0.0002555133444537203,0.18993647690424914,20
77084891,5.1252461775241895e-05,0.00046881285502787677,0.3152501253876508,20
89911721,5.11805271847271e-05,0.0003737997707977567,0.27379144546416434,20
8835907,5.087713265781446e-05,0.00027657449302351803,0.2104506374940589,20
17624482,5.082862305014202e-05,0.0004068326208915229,0.291433511172255,20
140195127,5.068262465440509e-05,0.000493179059647522,0.32551328981290695,20
5015269,5.043028822974138e-05,0.0002242801049114948,0.1636271418995115,20
121661170,5.03360866881547e-05,0.00035859512357473916,0.26881855371796404,20
225084316,5.0252276576939756e-05,0.00047585008765380635,0.32105267709346264,20
95186490,5.020427250907455e-05,0.00035595022895917747,0.26785481118448456,20
16882702,5.013943561135159e-05,0.0003218184842503846,0.24719499408478057,20
191636866,5.008012803681683e-05,0.00021107797667452194,0.15098369759264715,20
147220326,4.996497873336614e-05,0.0007938895064044409,0.39069908433816714,20
45259376,4.9889709458586506e-05,0.0005859456393262533,0.3537970260428728,20
34337112,4.9690838426186267e-05,0.0001867820899319231,0.12439976840743998,20
45468606,4.9628934665310595e-05,0.0004396544401361776,0.3097443311109627,20
51407949,4.955819593952249e-05,0.0001414834105406374,0.06686994538693214,20
103043565,4.947356866247532e-05,0.0003617366480329431,0.27401281429989954,20
19480833,4.926789966359646e-05,0.0003632206652548567,0.27564543238558215,20
51608348,4.908272345572895e-05,0.00043453358324304313,0.30963141447304254,20
80548976,4.905357651792397e-05,0.0004684419459443603,0.3224466811438239,20
86308622,4.899676430543953e-05,0.00036982793092766935,0.2802534954931575,20
49513767,4.899146295595513e-05,0.00027207923309612774,0.21531411747581863,20
148891427,4.8948703507087356e-05,0.0005274031453193301,0.34137276333844047,20
47862656,4.890917431504549e-05,0.00029326707064294304,0.23244800094245532,20
9879584,4.8787431735666795e-05,0.0005203738986679166,0.33985576609720836,20
20445568,4.8734486148441224e-05,0.0003631782259959422,0.27776145517343054,20
49269583,4.864311493093798e-05,0.0002683998078800544,0.21384373691559,20
69067352,4.85724202888671e-05,0.0003132311843126137,0.24819690109653436,20
90693537,4.853185730424592e-05,0.00029627314132858816,0.2363807784018444,20
43905870,4.850107183096697e-05,0.000342198276097491,0.2668670053207493,20
123953953,4.828357187440235e-05,0.00017937721725021184,0.12172923006530482,20
139768538,4.825700217886697e-05,0.0002101533741940867,0.15867631746040592,20
101594504,4.8048245022652705e-05,0.0002459561222697693,0.19661011837348913,20
128790578,4.791205414017285e-05,0.00041928924640353477,0.3076086740367815,20
92680083,4.778668745226422e-05,0.00029323627231308825,0.23750818605169527,20
127145909,4.757678246916641e-05,0.0006540131214469544,0.3742434471253617,20
51255832,4.75161617713743e-05,0.00025577321981407877,0.20819999091003843,20
8617560,4.7290798045002135e-05,0.0003425766055167008,0.27216501841869656,20
88491237,4.723749801551769e-05,0.0004560405488350143,0.3242301678698318,20
154771016,4.701598026092268e-05,0.0006697698744623116,0.3784968841282903,20
24826638,4.693031042438678e-05,0.00024893042233035793,0.20482464286685265,20
49391293,4.6901276793662186e-05,0.000138370182791557,0.07300869496882272,20
35221110,4.6797761297559524e-05,0.0001623652586992802,0.10643878768680598,20
55353984,4.6768071361905084e-05,0.0006065153315983554,0.3669998028839162,20
124342414,4.6696343466007265e-05,0.0005063797380115762,0.34233014324677113,20
46839508,4.662560266804616e-05,0.0011033761697286802,0.42605626137041164,20
18489082,4.6320586664344576e-05,0.0003533075971415406,0.28228035250777167,20
9418061,4.629374783119977e-05,0.00023092606763921642,0.19059470035258258,20
188620751,4.62780444264399e-05,0.0002621261175661126,0.21976663526175227,20
108337928,4.604387395054643e-05,0.00013235136881192396,0.0681258870129295,20
43797642,4.596645799009591e-05,0.00029044395556304724,0.24383933388905477,20
54249089,4.590127670268118e-05,0.00020277364118492796,0.16204628988937692,20
116931971,4.5851894686702035e-05,0.00022595156464897117,0.1877490375186453,20
19755030,4.5801885697122066e-05,0.001329962786019093,0.43961159575072634,20
112300774,4.5662057917050805e-05,0.00042260363950254724,0.31723348538328744,20
121461074,4.5597603654162766e-05,0.0003340801553320646,0.27441836741726133,20
118122444,4.5480002637540704e-05,0.00018549739570603303,0.14328780994027923,20
103,4.543255249236933e-05,0.00030204491806487717,0.2546240364605476,20
164905981,4.537008740589654e-05,0.00027653540512693385,0.23603669693250895,20
113807911,4.5183144851876354e-05,0.00013502194043688077,0.07547075422412661,20
5219345,4.513317360426705e-05,0.00022430897337224188,0.189735165599957,20
152175155,4.501383587221241e-05,0.00019374033486535653,0.15590973840618655,20
7070462,4.463316571498011e-05,0.00026272966449727167,0.2283676908483308,20
158785947,4.431233955224101e-05,0.0019365855415943416,0.4597835098484926,20
32418082,4.4295221906789915e-05,0.0004507526037672659,0.33263776034905396,20
197845389,4.418866863782067e-05,0.00027708301412085733,0.2421929446720681,20
54858762,4.415559267561542e-05,0.0003242343434583259,0.2748576555691252,20
176405898,4.411593387786961e-05,0.0002978847545120614,0.25786286478888193,20
83870522,4.406333345959024e-05,0.0003707260511533009,0.30060092157863144,20
12672956,4.398977804225823e-05,0.0003755816520691699,0.30323841637350113,20
14824119,4.3659036759280403e-05,0.0009145925957518337,0.4166125100429081,20
86873597,4.363766069561681e-05,0.0003778622481848245,0.30574354168239715,20
169397137,4.36038905076791e-05,0.00035298986233710835,0.2935468986715836,20
107002021,4.352557829188086e-05,0.00030666164579352105,0.2665818052889403,20
71030136,4.350884959254397e-05,0.000320563836375236,0.27552303300341546,20
20021661,4.3506203021098644e-05,0.00043119697979549664,0.32846857147512304,20
55045155,4.3438243184068524e-05,0.00020686410211230908,0.17973803415208905,20
39058157,4.331861462182618e-05,0.00029343658175674857,0.2585251005647483,20
77702510,4.326293105538503e-05,0.0003731516662568538,0.3050490965341214,20
91313475,4.323323557455794e-05,0.0005558974996320865,0.3659044230972132,20
43149435,4.319585643577928e-05,0.00026276559091174665,0.23560654639166917,20
8417115,4.292148098324622e-05,0.0003435988253009881,0.29146344100419525,20
13211607,4.2889655670888537e-05,0.0007270374845578215,0.39737869954421146,20
66349799,4.2383292096540014e-05,0.0006861249839376834,0.39266828734047254,20
111763282,4.2302962182511064e-05,0.0004755541382409959,0.3475988578450956,20
26836683,4.2050638912125014e-05,0.00036594131095626995,0.30662447917562163,20
210493404,4.1869830734075905e-05,0.0006192030070047289,0.38281598064368627,20
134171239,4.174253382492055e-05,0.0002452601233224668,0.22795735265474965,20
164196027,4.153472234737776e-05,0.0002855415047006538,0.2615745416349806,20
35421157,4.150206283042857e-05,0.00023942722956320082,0.22388275143894087,20
102307542,4.132967333800586e-05,0.0003944711664821968,0.32235891674567824,20
48,4.121294026527833e-05,0.0001536206359594685,0.12248754005143851,20
28287364,4.1168220826440226e-05,0.00041053908207429237,0.32944722319263964,20
10370644,4.086272595698326e-05,0.0005046054234110932,0.36061774129393787,20
51155831,4.076207969137824e-05,0.00019938600591608332,0.18601496373142723,20
163590984,4.057608476992769e-05,0.00016651169873880365,0.14471878945417072,20
124417250,4.024891343210879e-05,0.0008206455957372112,0.41436301051132207,20
129759093,4.022631533381893e-05,0.0002635463208597709,0.25154799605258427,20
196242764,4.002603015510753e-05,0.000231757721681049,0.22469950826592427,20
44265321,3.989523764050817e-05,0.00018748199789890327,0.17661275923200387,20
45,3.985025540167719e-05,0.0004656928078357727,0.35309873733860664,20
117922201,3.9826167770973256e-05,0.0003312343790006434,0.2985099274582626,20
41661835,3.980665785726922e-05,0.00023649498571685456,0.23041385795716784,20
170001257,3.974664870372013e-05,0.00016442698426533199,0.1466048297249134,20
127757768,3.940004188642266e-05,0.00014913173514052107,0.1259868194387405,20
55254711,3.938377272046656e-05,0.00014582299682183264,0.12096616229959499,20
249058569,3.933503914394509e-05,0.0002506597693014486,0.24565768189873066,20
196442969,3.929160818537114e-05,0.00017177250787207032,0.15958652746484,20
172278880,3.920144925310398e-05,0.0038181186707573916,0.4819280346657462,20
80999386,3.916720059824741e-05,0.00023880450070765731,0.23610653872476517,20
76833695,3.910069971653496e-05,0.00021595148643197676,0.21405859976083974,20
23883317,3.907552542948556e-05,0.0002958137300828688,0.280826020371983,20
164192368,3.8860704801257914e-05,0.0003582219568689372,0.31655931750499405,20
137029458,3.881360534688516e-05,0.00024387534516085403,0.24263206637256074,20
114328765,3.875969677203106e-05,0.0003807301619481589,0.3270339841540095,20
45048066,3.875469268323772e-05,0.0002466617607184757,0.24539775598161623,20
107843460,3.873791598493492e-05,0.0001806137346415521,0.17475775067431581,20
156059013,3.8669071984298586e-05,0.0001666230169672736,0.15617926296459636,20
139079899,3.853709745441636e-05,0.0006494391384768963,0.396790295691472,20
20885899,3.84147823650538e-05,0.00048229334840092623,0.3628052659704746,20
61019422,3.828358470069071e-05,0.00027634426949042274,0.2714561240587863,20
53610153,3.8066708807596436e-05,0.00034644043621321035,0.314387346372041,20
18484572,3.805074367047301e-05,0.0004703427329580191,0.3607484720846287,20
225907498,3.771261794115743e-05,0.00040627991277345963,0.34135115212634404,20
123274409,3.770302347985144e-05,0.00022860470416313935,0.2348923765330787,20
121612891,3.760220732172692e-05,0.00040534473135603365,0.3414448372473573,20
77997689,3.748962637807052e-05,0.0005029404365927271,0.3712577367395343,20
53138653,3.744820938464954e-05,0.0003056233368274209,0.2950453311648349,20
101552423,3.7438800976660747e-05,0.0004471479114832047,0.3561105857145821,20
40860553,3.74188407266357e-05,0.00035598691948110646,0.32182445837595125,20
123816089,3.73746457090679e-05,0.000459007776305098,0.35988604877260855,20
73415232,3.7366642938990724e-05,0.0004500121827709909,0.35724545264599783,20
58257995,3.72445303479102e-05,0.0003685961720647156,0.32823449137724714,20
69668024,3.721484033406552e-05,0.0001742223209939576,0.17571851808324374,20
42844718,3.7136275026822264e-05,0.0005202802099110615,0.37652521348874246,20
133682550,3.7078881376836904e-05,0.00017920130089397858,0.18319730376031318,20
91441673,3.703398935690494e-05,0.000467006746268454,0.3633811842997253,20
138993531,3.699703556047096e-05,0.0003549786790198392,0.32322134893860466,20
64262273,3.675967675199898e-05,0.0003329143703421087,0.3135524773582924,20
35277253,3.673443160395196e-05,0.0007513727723579737,0.4146302938990008,20
49733746,3.67135589657952e-05,0.0003670235749058645,0.3298402463289507,20
15880326,3.6692150043288185e-05,0.0004320646967602216,0.3541579251349939,20
63462365,3.667473989745207e-05,0.00034927767620088267,0.3219990479474646,20
44466606,3.6548629610672066e-05,0.00034899294029669804,0.3224317078580733,20
128157996,3.640521854852974e-05,0.0003021436239058952,0.29812524095993576,20
53663219,3.602821496504205e-05,0.0003230638407140206,0.3118456063439511,20
233091074,3.602499499518463e-05,0.0002291369777760916,0.24525663198084535,20
98749123,3.5941244379317225e-05,0.0003273181713177699,0.31450266029841745,20
57295864,3.579429785310062e-05,0.0005210527497088568,0.3810095304845623,20
65484185,3.558985138349124e-05,0.0002502128052886834,0.26614693132331446,20
30835663,3.5004986172720856e-05,0.00025438479891366805,0.2727977400204497,20
130320119,3.4983638264457495e-05,0.0006240881889021764,0.40237303193482216,20
11071463,3.497837598950837e-05,0.00022420459085788772,0.24690693920403367,20
65091031,3.489646157945891e-05,0.0004695950126839495,0.371638294622253,20
172799343,3.479620394905014e-05,0.00038706535571760904,0.34607290329084084,20
53810182,3.470554978868279e-05,0.00048800765680759355,0.37696032918810446,20
460878,3.470204081169881e-05,0.00020342698025867584,0.22744885768250928,20
112500934,3.4444869061203695e-05,0.00033709268946536825,0.3264361263981058,20
54664458,3.4348507359652226e-05,0.0004482424180386323,0.3677944298669925,20
93012133,3.430675076524226e-05,0.00018343421758433245,0.206662880836958,20
76463334,3.423061563396501e-05,0.0005958601754576436,0.40000389943202874,20
58214836,3.4157108066579236e-05,0.00028160542076773216,0.2969093342451554,20
167107415,3.404181289197728e-05,0.0004075511923938787,0.35643833931104085,20
123782866,3.394796564527014e-05,0.0003968674363463445,0.3531511944705026,20
122781393,3.37986695161413e-05,0.00027578588411773455,0.29501006751115255,20
120109509,3.3521311839485034e-05,0.0004016055648439809,0.35653564267223936,20
98110987,3.341102017860309e-05,0.0003383743949293449,0.331889628783006,20
22242761,3.340850283992392e-05,0.00028820260419349053,0.3050782750863492,20
45459387,3.340834780610202e-05,0.0002772493435830118,0.2981108579263267,20
43445402,3.335401523958392e-05,0.0003154860318418286,0.32086880330444856,20
39501950,3.327231780509421e-05,0.0002758497165805835,0.2979319466141227,20
173003387,3.3015247436704584e-05,0.0010246465836513776,0.4434705810479868,20
58161669,3.297315461152639e-05,0.0004714732807600396,0.3789330218923301,20
49791659,3.284195562531511e-05,0.0005189632423880983,0.39011339344595763,20
79490504,3.2825987533741106e-05,0.0005053097587061297,0.387283090028558,20
91516316,3.277002801443107e-05,0.0005725100026294767,0.4003580034108821,20
99926425,3.271346333179326e-05,0.00040305140042401407,0.3603138034406641,20
82695068,3.2699240553454854e-05,0.0002739250771517051,0.29981740951531743,20
62488283,3.2650592844327145e-05,0.0003114760140286994,0.3222756822650425,20
98,3.2617136683693595e-05,0.0002044276729789319,0.24209109044656996,20
69734360,3.243929002146595e-05,0.0004926558535140819,0.38579553425345287,20
75784078,3.2413466304878624e-05,0.0007860002606798921,0.4278174574662552,20
75543599,3.227435132923118e-05,0.0003164689067616439,0.3267510963153192,20
74275261,3.2112527660496656e-05,0.00023219905363468392,0.2717999624537408,20
80290830,3.194129995694739e-05,0.0002850340028920948,0.3110097922826192,20
183815439,3.1840032962543455e-05,0.000375738783299667,0.35445673943887224,20
111141104,3.1605830319642035e-05,0.00032269673004575185,0.3331577729170479,20
131072788,3.15218974827669e-05,0.00056841981829673,0.4033960569378526,20
8068971,3.149830672278808e-05,0.0004236889745829047,0.3715865014597498,20
13070799,3.1422723156399046e-05,0.000311407662288447,0.3284542105212472,20
36099780,3.139495416920046e-05,0.00030361062373860916,0.3245079460426671,20
31644947,3.126486983513754e-05,0.00023870467141945694,0.28246928304830554,20
127746755,3.122050829878487e-05,0.0005014496462608316,0.39184213109176136,20
63,3.121700014598605e-05,0.00034376069928619837,0.34459748537202073,20
75143330,3.1154092255245015e-05,0.0003315487405582054,0.3395173549343851,20
129622231,3.0858975952990916e-05,0.0003015192789191772,0.3261792529639705,20
179211155,3.0716819115772506e-05,0.0001892046058883169,0.2383323036285802,20
8016897,3.061418054378651e-05,0.0009085504922817793,0.4409037294865137,20
16223410,3.058501174284245e-05,0.0006879579131331992,0.4222575124943072,20
26841658,3.0580967107493584e-05,0.0004262284653050579,0.37590718268350803,20
211877,3.05729138708355e-05,0.0007546754442772334,0.42907553514935665,20
4865181,3.053769904158565e-05,0.00028071890195072397,0.3160897617864989,20
75193956,3.0241733746821932e-05,0.00015692145415767712,0.19975448069595741,20
72180551,3.0034551113625185e-05,0.0008898437327469583,0.44080458514990034,20
153495323,3.0020378929168646e-05,0.00047384677202435296,0.38999381302957714,20
194826729,2.995638982079829e-05,0.00038283560546337485,0.3651168869992386,20
52409245,2.9878053128903902e-05,0.0003590495557710541,0.35695139720307467,20
7467907,2.9864126407314064e-05,0.00031204980788617886,0.3367326843930508,20
70,2.963098694497568e-05,0.0001915656023072949,0.24873330399579546,20
134563476,2.962950422673305e-05,0.0001815145592236175,0.23714511504111813,20
41844108,2.9555621117197118e-05,0.00017045737405110048,0.22381678084127904,20
18682945,2.9310816555103148e-05,0.0004189236279629573,0.37888192867457887,20
13890344,2.917102641117053e-05,0.00030449473508926245,0.3365753853454788,20
132193488,2.9130646342159783e-05,0.0002897568771459862,0.3290410695966641,20
18026735,2.912955614770285e-05,9.18180792088212e-05,0.0860770962223805,20
32297293,2.9087821134576863e-05,0.00020767608177520386,0.2692587585864632,20
120523463,2.9073558970243997e-05,0.0005529673432821315,0.40831052607255713,20
29652675,2.9040515799705346e-05,0.0010161495649919688,0.4498215641600024,20
102533508,2.8451328646661445e-05,0.00034372888177590827,0.35767494514658116,20
103038206,2.8447341109746894e-05,0.00014113806417044456,0.18933293362876624,20
28692738,2.844110326302163e-05,0.00026950067788274244,0.3211665706930349,20
58463416,2.82194205155184e-05,0.0011456179778657075,0.4567189366303537,20
99704552,2.815106361471198e-05,0.00033025729643546654,0.3536405847975719,20
24806852,2.80454258492685e-05,0.0003228805334977344,0.35100071323181564,20
168196092,2.8035556526312398e-05,0.0003607265001021961,0.3659907753331152,20
66174221,2.792780578353693e-05,0.000252686889521765,0.3133888891090236,20
35737893,2.7913596179060528e-05,0.0003474594983128754,0.3616757494614086,20
88541199,2.7865816632458018e-05,0.00045943982177333494,0.39456469453440257,20
87474040,2.7785910357797093e-05,0.0005977962971594131,0.41877219380111774,20
23005786,2.755280156616913e-05,0.0001446885033053848,0.202515240467817,20
7416604,2.751446423450987e-05,0.000312346836138517,0.3490028667980703,20
107448396,2.7443967900400712e-05,0.000504645220000011,0.4052257993886948,20
137229577,2.726863042167571e-05,0.00016926467215186837,0.24000522549890896,20
54998032,2.7200927513379435e-05,0.0007687207603989241,0.4379667501817766,20
35275648,2.719311883876696e-05,0.00047209877472478753,0.3997435490428982,20
52256804,2.7026701419610723e-05,0.0002421466143984826,0.31170254130823816,20
35497508,2.6992346207779792e-05,0.0003012630767186837,0.3465587518057488,20
84003139,2.698314928990808e-05,0.0005482297198536153,0.414065569156318,20
28611162,2.6938849989377455e-05,0.00019107438834269931,0.26793606364155087,20
157384457,2.6890817670985335e-05,0.00045237442090682026,0.3966126890498555,20
8617183,2.6865658778055247e-05,0.0001975338449059182,0.27511727718659984,20
118953071,2.6688254777795794e-05,0.00030883998708439023,0.3517258918867238,20
61804683,2.6681798995090156e-05,0.00020695104572597837,0.28549450894381273,20
131272796,2.6652076693037265e-05,0.0002242633804249341,0.30062235487559963,20
102908073,2.6415232403251276e-05,0.00040930919788020393,0.3880008439084516,20
205841152,2.6413710621375762e-05,0.0005414933305043087,0.41481982812106966,20
103928123,2.6403465734883837e-05,0.0005242980420818591,0.41210823575753625,20
9618822,2.6338099590683672e-05,0.0001428564635440004,0.20993852946823377,20
22516639,2.6297218080834074e-05,0.00022636999647668616,0.3046974183453303,20
140265434,2.6181409705730573e-05,0.00021998059439745714,0.3003578285196276,20
140431221,2.6158226045192024e-05,0.0003186512683098572,0.3587934341834852,20
19057859,2.600680399845734e-05,0.0002564784000910965,0.3276724812891102,20
6664830,2.5921688330388105e-05,0.00058067890841614,0.42194256857186985,20
8617396,2.5852566343242955e-05,0.0002237560373455212,0.30566168491180123,20
2812203,2.5752415718136022e-05,0.00022474384682525034,0.30712353645766155,20
121813304,2.5710446758772652e-05,0.00030942095617023265,0.35715144551230277,20
168509227,2.569753939900554e-05,0.0004056475214595948,0.3900025622541268,20
57059803,2.569160660383929e-05,0.0003424860390872987,0.3704704175701866,20
49196518,2.5605018784524703e-05,0.00039419052152008384,0.3872934688025769,20
122261496,2.5408407946744817e-05,0.0004949112406605942,0.41042947135728347,20
119669993,2.537365679803616e-05,0.0003258249530497319,0.3657339571920964,20
18284519,2.5308989609057476e-05,0.0005152448536482138,0.41423444373297835,20
171611979,2.5221515944406913e-05,0.00041522534140727997,0.3944121830637397,20
81968159,2.5205446396278642e-05,0.00029396672138537076,0.3528206903176134,20
68209741,2.5177982976862247e-05,0.0002836601840667397,0.3479133473033016,20
19681743,2.5100408976749812e-05,0.0005233266726669705,0.416222094615864,20
83316149,2.4904399433384183e-05,0.0001628342791286642,0.2511218467291911,20
68027534,2.4873530645991294e-05,0.000176820293641855,0.26838710570765706,20
129747902,2.4841498780023287e-05,0.0001968317662270755,0.28953771435293296,20
135676404,2.4819455649521817e-05,0.0002582865456471316,0.3361096133863306,20
143764706,2.471997181164587e-05,0.0008399841606213236,0.4483378620539189,20
102490732,2.4703158889963216e-05,0.00019929735291176977,0.2929107080954232,20
114014833,2.468829418260099e-05,0.0002197484629503092,0.3105673867680363,20
81350676,2.4670337251750384e-05,0.00018916899430431223,0.2832986957844482,20
132788236,2.4651240318751544e-05,0.00022743958124702684,0.316709275745275,20
3262308,2.463264313300739e-05,0.00047289371635436065,0.40914572413794315,20
43449385,2.4495625756404404e-05,0.0001968006966440195,0.29213441205970125,20
78196411,2.4291255030750582e-05,0.0002154707936066674,0.30996932807905764,20
50792704,2.4058464379317358e-05,0.00024962391512370254,0.33565237727652975,20
100351568,2.3972374847630597e-05,0.00021813376307409062,0.31435930386142075,20
154184341,2.3966443351958187e-05,0.000342170581868699,0.37875579665472703,20
244725653,2.3918691489574483e-05,0.00020339716646618997,0.3025193647047295,20
107006216,2.3604996499587694e-05,0.00039701403573262265,0.39659129619246614,20
108359189,2.3503598453897266e-05,0.00013856933221512478,0.22871549505438454,20
124180481,2.3449512229292702e-05,0.000370162817266214,0.3900029789642074,20
47852559,2.3196157909366467e-05,0.00027539378457345045,0.35529122472944796,20
14822966,2.3071348262165837e-05,0.0002524474862235047,0.34366061661207836,20
153378873,2.3014392940221007e-05,0.00037906908934801884,0.39446101918659643,20
99191529,2.2917813501929785e-05,0.0004896596439872384,0.41821632698439426,20
126877035,2.2907672006092228e-05,0.0002354559592435134,0.33419699793600616,20
91914423,2.2835860676381768e-05,0.0002190142734904529,0.32315333464723006,20
78109772,2.271561474031236e-05,0.0005522544187030239,0.42800076067881787,20
23526894,2.265001640594788e-05,0.0003029383620064153,0.37088098810344383,20
84754191,2.2582801471146552e-05,0.0005129596831169188,0.42300469412062697,20
111144317,2.255381359144715e-05,0.00013485056007831218,0.2318192315368588,20
25089024,2.2314847509879997e-05,0.0005251415030059034,0.4256488207140524,20
78197805,2.2132065510158117e-05,0.0007035064385297803,0.44479714157316336,20
90230827,2.2063327670970857e-05,0.00015934349891181428,0.2715597919572852,20
79080775,2.203685540969613e-05,0.0003763009567232176,0.3981098322553981,20
5464310,2.2027307707431222e-05,0.000531253300880754,0.4274293439077237,20
148738787,2.195421290593358e-05,0.0007562257923699643,0.44903204367243366,20
18224619,2.1500827209974815e-05,0.00039684100572020365,0.40557190654695224,20
95316767,2.1492602336750654e-05,0.00030993329094432443,0.3799212024435171,20
31473669,2.130870527043416e-05,0.00020083543590483042,0.3202774209867133,20
10868944,2.1308088349514255e-05,0.0004185629549494958,0.41116883716462194,20
34227663,2.130728371866897e-05,0.00031477011113323925,0.38269403576933,20
34620512,2.1190278126018146e-05,0.0003526736406241017,0.3955256669449644,20
74461117,2.1107025096595012e-05,0.0003498784282846161,0.39511534765786094,20
30653642,2.1041364632876092e-05,0.001138548997442073,0.467497608358221,20
113463401,2.0935851580294872e-05,0.00036144923420459215,0.39919697786401276,20
12222136,2.090372764640691e-05,0.0007300585727871179,0.4497273509219885,20
101253557,2.08934881656353e-05,0.00019009509565423458,0.3143389337721622,20
60945015,2.0826243290511526e-05,0.00031037162405811756,0.3836855019399511,20
80066582,2.0809763246851243e-05,0.0002539034762817703,0.35900855152935546,20
95282331,2.0808696187557542e-05,0.0003424583324878191,0.3943766892953533,20
110609288,2.0650933199942157e-05,0.00027506590174040236,0.3703687358190788,20
68138345,2.0564136602596593e-05,0.0004249176785242411,0.41547907082625585,20
134028055,2.048737079656804e-05,0.00018047948554214863,0.3087669532942506,20
106896111,2.041048165664361e-05,0.0004942027414465312,0.4277113983181145,20
70498868,2.0381330161114987e-05,0.0001620091421311275,0.29013919860368753,20
65973731,2.008354228442144e-05,0.0002532508718908217,0.36337756554765255,20
18029810,2.007993534377528e-05,0.00036552244547485385,0.40428354530444127,20
183226871,2.0051545337876343e-05,0.0003654823254500746,0.40440577029741476,20
64022738,1.9983046031621377e-05,0.0002539546376406272,0.36439264774382374,20
35038606,1.9850979797736422e-05,0.0006983745477601833,0.45009117440650226,20
74416842,1.9846903744002996e-05,0.0006059332769374461,0.4425421432527895,20
49,1.976836698161788e-05,0.0007483498319060326,0.4536000666218921,20
87713999,1.9766507094187703e-05,0.00030502739412096105,0.38755214494093754,20
161589626,1.9716679039399886e-05,0.0003220200695525338,0.39358862492994906,20
6415329,1.9471216783881194e-05,0.0005679522220804041,0.4398816340202344,20
38057538,1.9466687029900953e-05,0.00021554329151363052,0.345398511081863,20
47711490,1.933645532096462e-05,0.00024708631910506826,0.365101709139256,20
48790620,1.9258727314688806e-05,0.00033116259164205303,0.3988010946521467,20
68495027,1.919305894677592e-05,0.0003614545487075844,0.40741769551502566,20
128420255,1.914176739326312e-05,0.0004176749996291731,0.41989349104205353,20
247728379,1.9128879322943825e-05,0.0006087966821035371,0.4448648378770904,20
12472474,1.9114009309006975e-05,0.00042734112043055884,0.4217917973027534,20
9422177,1.9080392410866788e-05,0.0002519007079717967,0.369258375510628,20
55612002,1.9067620073723313e-05,0.0002362500745440139,0.3610617953709276,20
135426843,1.899215322938852e-05,0.00032498888515872893,0.3983177280675925,20
69934529,1.8973752880935278e-05,0.0004362133164855519,0.4239158937513534,20
14871970,1.8878093101343252e-05,0.000507713246351516,0.4348444909927599,20
82568849,1.8696157752998156e-05,0.00010871285584122226,0.22564289381973013,20
89,1.868079102519682e-05,0.0002634106480235914,0.3772908616512607,20
58658051,1.8606705603863015e-05,0.00023160366838941213,0.3616719599442495,20
25288411,1.8593200221275753e-05,0.00037485401492395317,0.4134091490812486,20
35714563,1.846386952336354e-05,0.00011903088051424598,0.24812916381460726,20
77818977,1.833437742947419e-05,0.00032303869465027095,0.40118034774990735,20
10471029,1.8287244744855102e-05,0.00039037149562812766,0.41814373094118934,20
73473494,1.825675680480754e-05,0.00029960717882481603,0.39408379926529213,20
50444456,1.813847479264774e-05,0.00017750071231861073,0.32642666999734415,20
41177436,1.795370872981483e-05,0.00014589463857623034,0.29424985126660824,20
55721302,1.7782006863673038e-05,0.0003284007535296188,0.40562769511081503,20
18826500,1.769184311883054e-05,0.0003813324952386331,0.4189198342206443,20
156583855,1.7682606714855552e-05,0.00019400796690940001,0.3440591293556951,20
13822305,1.7527406689077373e-05,0.000373211135865939,0.41794064647017004,20
172806217,1.7459233180719403e-05,0.00037026926223687116,0.41761547872307675,20
19080869,1.744145917280393e-05,0.0010186498903012465,0.4698821025803237,20
50806840,1.743517727372801e-05,0.0003328721834536779,0.4086515434972454,20
131150005,1.743364546137882e-05,0.00017362231174168283,0.3292366677782309,20
47546434,1.737310057925434e-05,0.0005915350083935335,0.44844180513076004,20
44246354,1.7351344891686215e-05,0.00027943870930675387,0.39212438746157247,20
52719088,1.728112997392284e-05,0.0007244611979926488,0.45808165980016996,20
16843277,1.7262959672412204e-05,0.0001840733517616816,0.33981003959581374,20
52056672,1.724149147492304e-05,0.0007425478328648971,0.45919222762102496,20
14475033,1.7206986431250736e-05,0.0006806496086453023,0.4555858140687965,20
94813889,1.696260465845201e-05,0.00031504415429840104,0.40614902581795653,20
188223010,1.6792101347143373e-05,0.0005482754107360042,0.44624826611029944,20
39252868,1.6692922686528665e-05,0.00041888024065398903,0.4302181719345509,20
100288238,1.667259437222457e-05,0.00048451090965091656,0.4396590478019118,20
149892448,1.660729818702411e-05,0.0007997565539071047,0.4634911738609545,20
140631272,1.6567614672413634e-05,0.00036688467956033237,0.4210509074623454,20
79369313,1.6511049741524398e-05,0.00019541680765484162,0.3548624189013818,20
88274261,1.6406796007670255e-05,0.0003136364581204969,0.40876529005389506,20
112727184,1.6281704062798275e-05,0.00035997410054408434,0.4209256923353458,20
31307753,1.623454390702328e-05,0.000321672808622847,0.4119205591469128,20
23958266,1.6212038244506344e-05,0.0004248675261645509,0.43315265379732254,20
68511137,1.617941665931766e-05,0.00032075832812262156,0.41196852253421207,20
44646750,1.6149062566045424e-05,0.00027493519163307244,0.3978110620172775,20
24088392,1.6101340755425576e-05,0.0007172698519101238,0.46054286641886766,20
66265028,1.600596994430492e-05,0.0005730796544656281,0.4509551751339478,20
82302551,1.5870229417014325e-05,0.0005980989915765049,0.4533929276696184,20
58855832,1.5816911600083362e-05,0.0004716649365108608,0.4411845978234591,20
34252986,1.576009894355135e-05,0.0002468879433900369,0.38918307436968363,20
68866942,1.575766778366128e-05,0.0002420939013825658,0.3870692397556737,20
4863965,1.5745473806755284e-05,0.000565898548703825,0.4511401298594372,20
5068661,1.5709907771563338e-05,0.0002732470501672266,0.39992562242303964,20
190836378,1.5662704280269835e-05,0.00037430286458037287,0.42676871543328176,20
18229923,1.5487911643821684e-05,0.0006128724306322445,0.45560194193600334,20
10362,1.542665219763095e-05,0.0011963643700939252,0.4773082384180511,20
99545181,1.5205506209245434e-05,0.00020921599885541763,0.3743557327552348,20
168800490,1.5179133161177805e-05,0.0004934748480080353,0.446017152516045,20
98484637,1.5127584539573191e-05,0.00045384535636488815,0.44153644895080796,20
174680410,1.4970673441583315e-05,0.0003210355071938868,0.4185107743072092,20
33969129,1.4915119035338598e-05,0.00019575997319710468,0.36852059096415735,20
70536179,1.4815144915603095e-05,0.00033816153132393896,0.423373361140687,20
3814857,1.4717796841742792e-05,0.0004335259197838184,0.44046282585809404,20
111540832,1.468089696397834e-05,0.0004482538192382803,0.4425473123223149,20
78797120,1.4605247151849854e-05,0.00020977708175519595,0.3794578948658234,20
152656825,1.4421138996575934e-05,0.00032688533382374297,0.42284546162808084,20
30096355,1.4059358476456451e-05,0.0003406252865004976,0.4277540633161261,20
139664598,1.3992680475738428e-05,0.0004987402656643252,0.45073461057543873,20
92879142,1.3825746670517725e-05,0.0002722898657907588,0.4113948390234859,20
138564590,1.3797154245479004e-05,0.0003602074175838875,0.43290037551629174,20
167471319,1.3726732168711786e-05,0.000221004562964814,0.3920955311860985,20
60144080,1.36873310832758e-05,0.0001351699957553152,0.3278930145572502,20
111247577,1.3652458855997751e-05,0.0006998391072158836,0.46569586879039476,20
150492978,1.365172200384901e-05,0.0003083037365825617,0.42256377930009287,20
10671101,1.3612415240735198e-05,0.0005012823832828986,0.4523081932381404,20
161603303,1.3600762979609771e-05,0.000176434233864828,0.3670371776891538,20
81482492,1.3526206530709017e-05,0.00011604037684144914,0.30409296936674657,20
164104976,1.3367371083605751e-05,0.00018636498095829607,0.37594219776532833,20
168909319,1.3269933549822644e-05,0.0001441908745178693,0.34262934916725335,20
233715170,1.3205821414022378e-05,0.00018397872660370264,0.3758550728064713,20
227308814,1.3054346603535993e-05,0.0003337634402001071,0.43149778316485476,20
14490966,1.3004926528997762e-05,0.0004283817772827801,0.44671707945577677,20
186219808,1.2860502722458755e-05,0.00049431710811819,0.4542979842865393,20
101,1.2809583831252524e-05,0.0005127647238643213,0.4561085217478137,20
55050047,1.2606814164350944e-05,0.0003043200034352581,0.4274928665753361,20
103531991,1.2572466494215062e-05,0.0001377243160352617,0.34382758402633157,20
45352626,1.2556542330252607e-05,0.00015832372209957827,0.36336711817173434,20
71190157,1.2533390830479774e-05,0.00023718294903983522,0.40785672143234875,20
29493331,1.2478515557307058e-05,0.00031569272956288456,0.4307791152158138,20
228711014,1.2408651358905564e-05,0.0003889352453017113,0.44402266670693863,20
151793106,1.2348489376798333e-05,0.0002606594099022077,0.41723496210751837,20
45230520,1.2314517205955223e-05,0.0005556247715194154,0.4610415938533572,20
60657101,1.2233883802753587e-05,0.0002836424616807005,0.42454628624084156,20
100634958,1.2009851365066272e-05,0.0004174925480666421,0.44949399907271925,20
163795102,1.1939103216529467e-05,0.00030686815717575165,0.4318552304188722,20
91735034,1.168410087943328e-05,9.370798818705051e-05,0.2918093529818833,20
179409845,1.1606239077804891e-05,0.00020880930078450997,0.403178453706166,20
13,1.158434568249156e-05,0.00045500457609572246,0.45527170154093444,20
204457283,1.1411668444424872e-05,0.0003334279773136453,0.4399823471516678,20
77796139,1.1353442960984617e-05,0.000314111403664371,0.43664646734944557,20
59859795,1.1270656030684666e-05,0.00019600732268965163,0.39991239523226346,20
41026771,1.1245123398731515e-05,0.0001848341351779905,0.3942474782680391,20
77218937,1.1110947520384662e-05,0.00040421743997717043,0.45172753523515197,20
24888760,1.1063794670113092e-05,0.000259042986165682,0.4252735210890046,20
6869794,1.1063163292618362e-05,0.0005793917337151573,0.46642120715307184,20
108898935,1.103431602416105e-05,0.0003752398965729686,0.44837810154116153,20
88331478,1.096867868798923e-05,0.0003020402310679486,0.4363501007914052,20
125944682,1.083771128895239e-05,0.00048128151542388046,0.460419648089622,20
65863349,1.0588181245527183e-05,0.0001843518506416824,0.4000256040365534,20
23696914,1.0556038894038444e-05,0.0008261420118818389,0.4775140704201886,20
84603492,1.0547860595711001e-05,0.0003258847304110764,0.44321676402125965,20
25864514,1.0524135979733673e-05,0.00035908392157588446,0.44854865026508,20
145286811,1.0270361178199572e-05,0.00016280253158963177,0.39044941203985,20
31617880,1.0063831890586018e-05,0.0001433357913336967,0.3784728723034369,20
5815474,9.966027523428123e-06,0.00036868913838154516,0.4525252159177051,20
17488141,9.757162778933904e-06,0.000259120844251128,0.4340250435543746,20
41227042,9.66891270288428e-06,0.0001604546660595308,0.3952293640882282,20
13040403,9.53552611631936e-06,0.00035206007865308574,0.45243092583299643,20
110606035,9.372130273563317e-06,0.0003589858870594834,0.454139707714903,20
105556655,9.315355835382012e-06,0.0003349964618881789,0.4511689817744827,20
96447881,9.184772164608223e-06,0.0003099602454298097,0.44798367372885767,20
10671078,9.15583669539588e-06,0.00027647691097048275,0.4419122641672576,20
76088695,9.152075714458086e-06,0.0004575116385511387,0.4648260301001226,20
16627842,9.108498909479733e-06,0.00022527777917733202,0.4292123324115394,20
10219479,9.105786011562312e-06,0.0003170504981675873,0.44957485863747604,20
153295317,9.061839785945436e-06,0.00011344934566371803,0.3624339995481407,20
177219071,8.86093653170994e-06,0.00031770616004662386,0.45102397727385485,20
52656285,8.756895094486072e-06,0.0003284805643991756,0.4531756127368375,20
177018726,8.629194371242988e-06,0.000268919090898174,0.4437016543229728,20
63853535,8.351459565891783e-06,0.00016928817566677106,0.4138697103189222,20
22881112,8.026154684032116e-06,0.00040789635730532697,0.46539957930060405,20
53757497,7.940357255317721e-06,0.000353442554168955,0.4605119155768492,20
147377800,7.896762356512932e-06,0.0005660905948750156,0.4754540416803658,20
46107692,7.797573684983905e-06,0.0006033863100528713,0.47725830074259706,20
116131208,7.719885833581963e-06,0.0004369781806948042,0.46892657872961985,20
46908828,7.455145290174992e-06,0.00018139369692762256,0.42805830316173926,20
31044681,7.328576874157666e-06,0.00014477194037814937,0.41165930983050203,20
26866087,7.317499690215335e-06,0.00027396400540992036,0.45308662162505736,20
7069065,7.307574755488488e-06,0.0003791145193336358,0.46610385293509793,20
201236141,7.30317466788033e-06,0.0003204033543611554,0.4599376041704363,20
105511601,7.302184875720985e-06,0.00020001366936050197,0.43601472941424146,20
27441883,7.194047801917236e-06,0.00037617671280077726,0.46636915824280545,20
16351029,7.189233392068672e-06,0.0005297720994759587,0.47612044351852556,20
103108128,6.906567118267204e-06,0.00028928250804413343,0.45804481835204486,20
166870801,6.882889807804937e-06,0.00030272345005571315,0.46003765238541194,20
30490300,6.872276749403383e-06,0.0004002739718983145,0.4697999526743921,20
66892479,6.818037061182003e-06,0.00021200630049779127,0.4435777157613114,20
88156698,6.7688679187355435e-06,0.0003281022982150963,0.46372796101797237,20
215470153,6.743088903232719e-06,0.0005731543038338604,0.47929430789283445,20
660901,6.738222572946761e-06,0.0002827740713473157,0.4581250178499196,20
151454874,6.6741942850223616e-06,0.00025776454411789024,0.4545149673498431,20
96946291,6.644546947232044e-06,0.00016875320332801835,0.43104425491758114,20
53539154,6.5960665514647184e-06,0.00025235811876955425,0.4540864151190551,20
17877716,6.443233645420099e-06,0.00022862366814651593,0.45051343585128195,20
16276215,6.322788130122548e-06,0.00030251087749765405,0.46325352102097855,20
11421715,6.313892823070488e-06,0.0002776176357899503,0.46002615347863374,20
39,6.304196025500031e-06,0.0003384751579376447,0.46724422385365083,20
24830183,6.249879596945118e-06,0.0005226336208683083,0.47895399173195397,20
59248761,6.212194304500152e-06,0.00030955189100866526,0.4647132567594411,20
34857022,6.205759629832053e-06,0.0004826916979780197,0.47737510321680343,20
55659469,6.155873742658136e-06,0.00037263756673018686,0.47093965959681255,20
151941664,6.039207709424011e-06,0.0013243733255804248,0.4919711905977182,20
32474613,5.981796301329778e-06,0.00045350257635313736,0.4767886653958484,20
55612481,5.970885623510225e-06,0.0003551384946189609,0.4704250677949168,20
75300082,5.86453184556468e-06,0.0007709607639790884,0.48660859331863987,20
67064654,5.819080081045924e-06,0.00033662225446921893,0.4695932735095244,20
4666537,5.762071711939987e-06,0.0003311009933718725,0.46938951552818264,20
84554053,5.7115915927136164e-06,0.0009572622288087331,0.48949526093789203,20
55954560,5.5919668297599315e-06,0.00021353657649142047,0.45399957805551583,20
83716233,5.4993384547036285e-06,0.000497037264877558,0.4805263085259419,20
31096209,5.454503826826662e-06,0.00030834693462472644,0.4688862522659809,20
35621291,5.4350477744546936e-06,0.00022937298087714143,0.4583591445720271,20
32246466,5.342743113587178e-06,0.0002516600860750321,0.4626769641416809,20
95281804,5.283469174191535e-06,0.0008128728533669814,0.48855685299136675,20
38301169,5.1932565745982375e-06,0.00035460236185241937,0.4742317617155821,20
119322805,5.126739869243391e-06,0.00031972907941793776,0.4717914465452313,20
48711371,5.027424430556482e-06,0.0005714814835338548,0.4845140174678447,20
55258704,5.0203172894808246e-06,0.00032108573956346085,0.47249250338321647,20
86824720,4.991980071938906e-06,0.0005477878041619561,0.4839584161883874,20
108714457,4.8954616570617835e-06,0.00039769709077261503,0.4783367459592621,20
71430355,4.701792489769652e-06,0.00020741623077902017,0.4601570332519355,20
74741736,4.616977696900171e-06,0.0006207504521767693,0.4869060784842697,20
64706442,4.387309361522651e-06,0.0005302709387914474,0.48543503574126934,20
32567801,4.356668801935859e-06,0.00013343485295571955,0.442723421630908,20
169000768,4.23078240438246e-06,0.0003611233654554353,0.4793809198820966,20
114768277,4.147060674855596e-06,0.00023811420888479525,0.46936581082135614,20
65,3.8256644645379145e-06,0.0005065799583563965,0.4867050941511206,20
130824536,3.770800660052309e-06,0.0002566879432699345,0.4741528495953344,20
1866427,3.7203901678911634e-06,0.00020592182080322616,0.46822377641443874,20
118949470,3.7201748512488696e-06,0.0005561990820787888,0.488224531089271,20
63874650,3.6747141374526837e-06,0.0006391364606667763,0.4898773810545608,20
31967447,3.6003546454638213e-06,0.00040736132025781914,0.48444178506659086,20
80446158,3.58605475225815e-06,0.00023336494863914668,0.4729644695702082,20
92443422,3.5756843399514793e-06,0.000313829622068515,0.47994693530075216,20
2463749,3.505742813433854e-06,0.00043620354574771966,0.4858516519346379,20
130071629,3.3190030698432293e-06,0.00044210705374965193,0.48678376875492996,20
113007517,3.2584776892746747e-06,0.00018138341316844894,0.4684035010482197,20
190422067,3.1636050710048822e-06,0.0005498247007420035,0.48986973369830245,20
3665303,3.152944237408417e-06,0.00032041518596296085,0.48267915947092976,20
57256781,3.0487334496093197e-06,0.0005736850219265043,0.49064344008994915,20
29533312,2.9195289579841965e-06,0.00017371260127183093,0.4704359087030847,20
86493701,2.8881758037391236e-06,0.0004946946330058692,0.48972107302944323,20
210864825,2.8510800064412976e-06,0.000254231897498333,0.48026209502027883,20
114950706,2.795456352142067e-06,0.0002067860488010905,0.4762115374263031,20
234492040,2.759992532375133e-06,0.0004143968330091396,0.4882743431526676,20
207461159,2.6422435029621603e-06,0.0004486674193422523,0.4896316714334551,20
24127743,2.5822139277625887e-06,9.98763429752649e-05,0.45458226618282127,20
121977170,2.570217255076779e-06,0.0014002598282025244,0.49676801480014443,20
61604256,2.551170131295799e-06,0.0005916285201458573,0.4924076664700269,20
39143884,2.443426502435342e-06,0.0003974965028907306,0.4891776472908379,20
27291822,2.3480267058839653e-06,0.0005405443420335865,0.49235185265291326,20
54444750,2.2844072398969793e-06,0.00033175850683933534,0.4878774912175786,20
159987183,2.278656280954583e-06,0.00023170908487824687,0.48268981521878185,20
94944307,2.270144655150408e-06,0.0005264260940529706,0.4924072154254998,20
177685005,2.256580143308873e-06,0.0003483019155230542,0.4885937146258217,20
127382494,2.2496241868230626e-06,0.0004620816395025939,0.491428270924831,20
92843716,2.096875098106521e-06,0.00020005566163552855,0.48155122098578984,20
99712634,2.0421591388042336e-06,0.0004457939443910664,0.49193439902163905,20
157198532,1.8687956885532487e-06,0.0004419757748538715,0.49255526219779766,20
125263221,1.862947260566905e-06,0.0002315435402698405,0.4858361098759737,20
108514361,1.7886359490876247e-06,0.0002804053333519073,0.4887698132272532,20
63503885,1.6976309183902583e-06,0.0003764847609623844,0.4920607736491718,20
114008006,1.6832191390203643e-06,0.0001400777228786548,0.4788522141563495,20
3264267,1.6687774320289784e-06,0.00041143628584015916,0.49285858862102216,20
213066961,1.6309578409146042e-06,0.00019624746002481637,0.48536991846966654,20
86073052,1.6181273867571511e-06,0.00017936454672142513,0.48411945533920986,20
37439964,1.3800720838647029e-06,0.00033393017093412647,0.4927233183258759,20
64906716,1.2486151221680065e-06,0.00027874921427690873,0.4921132575900774,20
164992076,1.0697238168294599e-06,0.00040996549600495345,0.4954056161589567,20
166269399,1.046711164937042e-06,0.00029512598133011784,0.49375527185206736,20
29501406,8.677624599134904e-07,0.000388720583342629,0.49606930796466764,20
179611563,7.891660388115173e-07,0.00033615565751698485,0.49586635804598456,20
105803955,7.736588772760955e-07,0.0004906081065786347,0.4972233298219383,20
51445011,7.615053030485264e-07,0.0003782134143675131,0.4964547805889784,20
80246051,7.383215999967607e-07,0.00033884894020070943,0.4961634090327588,20
14290821,7.072798879986797e-07,0.0004944711558571489,0.49748139233735195,20
38644879,4.5865443770998217e-07,0.0004953168799701909,0.49836952382643274,20
95922114,2.3136091273634475e-07,0.0004233182023785087,0.4990376437245918,20
13089854,7.069474536602893e-08,0.00025614079866081627,0.4995140164700347,20
167872184,-9.487933910756752e-10,2.0397498509369884e-08,0.5812873912119116,20
23096027,-9.487933910756752e-10,2.0397498509369884e-08,0.5812873912119116,20
36538739,-9.487933910756752e-10,2.0397498509369884e-08,0.5812873912119116,20
92524413,-9.487933910756752e-10,2.0397498509369884e-08,0.5812873912119116,20
100113209,-9.487933910756752e-10,2.0397498509369884e-08,0.5812873912119116,20
88654882,-9.487933910756752e-10,2.0397498509369884e-08,0.5812873912119116,20
71499871,-9.487933910756752e-10,2.0397498509369884e-08,0.5812873912119116,20
188420715,-9.487933910756752e-10,2.0397498509369884e-08,0.5812873912119116,20
180023960,-9.487933910756752e-10,2.0397498509369884e-08,0.5812873912119116,20
125515263,-9.487933910756752e-10,2.0397498509369884e-08,0.5812873912119116,20
112346368,-9.487933910756752e-10,2.0397498509369884e-08,0.5812873912119116,20
113143240,-9.487933910756752e-10,2.0397498509369884e-08,0.5812873912119116,20
23758109,-9.487933910756752e-10,2.0397498509369884e-08,0.5812873912119116,20
54649237,-9.487933910756752e-10,2.0397498509369884e-08,0.5812873912119116,20
20679909,-9.487933910756752e-10,2.0397498509369884e-08,0.5812873912119116,20
12010699,-9.487933910756752e-10,2.0397498509369884e-08,0.5812873912119116,20
143371663,-9.487933910756752e-10,2.0397498509369884e-08,0.5812873912119116,20
65872977,-9.487933910756752e-10,2.0397498509369884e-08,0.5812873912119116,20
29,-9.487933910756752e-10,2.0397498509369884e-08,0.5812873912119116,20
207284273,-9.487933910756752e-10,2.0397498509369884e-08,0.5812873912119116,20
105919708,-9.487933910756752e-10,2.0397498509369884e-08,0.5812873912119116,20
4263333,-9.487933910756752e-10,2.0397498509369884e-08,0.5812873912119116,20
82315309,-9.487933910756752e-10,2.0397498509369884e-08,0.5812873912119116,20
82495011,-9.487933910756752e-10,2.0397498509369884e-08,0.5812873912119116,20
17224988,-9.487933910756752e-10,2.0397498509369884e-08,0.5812873912119116,20
170411007,-9.487933910756752e-10,2.0397498509369884e-08,0.5812873912119116,20
21204656,-9.487933910756752e-10,2.0397498509369884e-08,0.5812873912119116,20
16698389,-9.487933910756752e-10,2.0397498509369884e-08,0.5812873912119116,20
100853042,-9.487933910756752e-10,2.0397498509369884e-08,0.5812873912119116,20
62805199,-9.487933910756752e-10,2.0397498509369884e-08,0.5812873912119116,20
21002004,-9.487933910756752e-10,2.0397498509369884e-08,0.5812873912119116,20
161789639,-9.487933910756752e-10,2.0397498509369884e-08,0.5812873912119116,20
54921080,-2.866831414954918e-07,0.00031507622707457135,0.50160213293792,20
60889219,-3.311809843475899e-07,0.0002578989311325123,0.5022611357143578,20
84954203,-5.125202082040259e-07,0.0005787153399488973,0.5015594020345805,20
5614574,-5.156131262756825e-07,0.00017058085643801343,0.5053222227113555,20
86107574,-7.673565767196688e-07,0.0004261820341987995,0.5031703735319211,20
106920064,-7.706008357172278e-07,0.00027725170082357583,0.5048939189988052,20
49463961,-1.0619579899534547e-06,0.00050724197998492,0.503686368621195,20
188621549,-1.2240938869784168e-06,0.0004663309312177432,0.5046219293098235,20
67775683,-1.2321957877342582e-06,0.0006395399708894718,0.5033924984853753,20
39884507,-1.3229981213530583e-06,0.0003600875964667194,0.506469098855961,20
25085080,-1.3879080379336494e-06,0.0003140787422508086,0.5077804673454204,20
214268097,-1.520193157597549e-06,0.000547733235370711,0.5048868750364375,20
151782689,-1.5241786571751348e-06,0.00018116457419015591,0.5148104427800312,20
137964269,-1.7772591007880756e-06,0.0004003071432751366,0.5078170099208855,20
14031269,-1.8252845199739909e-06,0.00035309677681333095,0.5091014249213709,20
177606903,-2.129353381208343e-06,0.0003567512143291329,0.510508513560548,20
33902593,-2.150281719326408e-06,0.00028563756201550005,0.5132527799897844,20
5814607,-2.1525077853384865e-06,0.0015220142387509152,0.5024902116458237,20
52156460,-2.196180221591959e-06,0.00042260233814250716,0.5091497287763797,20
38481736,-2.374244463621e-06,0.00047831889523587933,0.5087394408042774,20
77107794,-2.382535330208713e-06,0.0008275916988991598,0.5050690186183298,20
84,-2.4159768357484567e-06,0.0003138852377889393,0.513550174807185,20
110451682,-2.416354871612181e-06,0.00027915795358654554,0.5152373640790682,20
158261515,-2.6219150395384583e-06,0.0005238626191994131,0.5088120372992376,20
75962054,-2.6886431094552687e-06,0.00038881191390789454,0.5121740204111997,20
154796037,-2.742005211242571e-06,0.0005082358950363175,0.509498868605895,20
171198083,-2.830452372259984e-06,0.000336429087171089,0.5148104330937234,20
94106403,-2.86973368960608e-06,0.0003236751202348018,0.5156072289418633,20
170199957,-2.883942519349425e-06,0.00039879131393845706,0.5127313517059806,20
122674184,-2.9134069236103065e-06,0.0001175606524620196,0.5435429215324594,20
38452648,-2.9878359095375505e-06,0.00015796994304704905,0.5332621848904866,20
21434230,-3.179119884630377e-06,0.000296878071855181,0.5188480909781197,20
10068160,-3.3117797386572613e-06,0.0003692435188743318,0.5157884424337216,20
29735902,-3.5381854176674833e-06,0.00041473691080175587,0.5150179377460952,20
85637788,-3.6410750854420914e-06,0.0004309982341811736,0.514871634215399,20
73631613,-3.731356859085211e-06,0.0003960014586880892,0.5165862428099802,20
15827044,-3.7742701262721833e-06,0.0019321181125208126,0.5034395908510902,20
97684186,-3.890969582881487e-06,0.00016801733252833748,0.5407005764614642,20
161193628,-3.938667951391972e-06,0.0002379368659608517,0.5291194766348568,20
58014684,-4.136382865324584e-06,0.0003511620305992257,0.5207307536912089,20
110809371,-4.230614726760673e-06,0.00016964946077967653,0.54381448001675,20
121110521,-4.339936689154445e-06,0.00030622816850003106,0.5249370794130659,20
65063263,-4.418225904259665e-06,0.00030129895673869773,0.5258009697983932,20
59887911,-4.481931370631242e-06,0.00022352450693365975,0.5352566554849281,20
56646809,-4.558013434707852e-06,0.0002535565990305215,0.5316170847054901,20
218273211,-4.64106164846656e-06,0.0003025463174262692,0.5269885977082158,20
26034698,-4.669772253396154e-06,0.00027994324296001663,0.5293437207825304,20
226708389,-4.6945907161310975e-06,0.0002696112395792214,0.5306274794569183,20
47328970,-4.747474935143381e-06,0.0005266806276668267,0.5158673657062299,20
40626289,-4.7759854292284135e-06,0.00024010825328119636,0.5349757228156677,20
20032182,-4.880618313890528e-06,0.000304921476990842,0.5281585243291835,20
24497115,-5.068680459199837e-06,0.0003372674526973751,0.5264417217356776,20
101687995,-5.099209437212093e-06,0.0006534679788963844,0.5137372262626992,20
237718119,-5.116642719699138e-06,0.0005251585288836543,0.5171499686975005,20
100551588,-5.315456464036194e-06,0.00022654897053433408,0.5412338308030492,20
2213753,-5.360075200705472e-06,0.00040015526999702427,0.5235712330738949,20
181211581,-5.4284545166954915e-06,0.00017286226597001313,0.5551047545150742,20
79090327,-5.472197658024092e-06,0.00030625477577976416,0.5314272187819085,20
57862549,-5.492911603219297e-06,0.00010847669557877966,0.5883668479560344,20
103638338,-5.517717877648321e-06,0.00020295322153950933,0.5477476422701961,20
206459857,-5.554597900270241e-06,0.000445013119480421,0.5219662416345554,20
82489969,-5.6146473662782585e-06,0.000291392748000442,0.5338837638243445,20
132751699,-5.664905642727147e-06,0.00033185066672227875,0.530027518465158,20
7421019,-5.799769172468161e-06,0.0002423389563584371,0.542056083625114,20
41848100,-5.8654644102928975e-06,0.00042507310140177883,0.5242807457319745,20
48869217,-5.965949874459087e-06,0.0005990442370017102,0.5175300390297228,20
11869246,-6.078660938510505e-06,0.0002670628931062623,0.5400054268350073,20
36478027,-6.115166671136207e-06,0.00018378788617373504,0.5583607528983631,20
44452610,-6.153631101826762e-06,0.0005161989580348541,0.5209802724704514,20
97283543,-6.160673682942263e-06,0.00020356951536692916,0.5531172178623932,20
53997302,-6.195190384189475e-06,0.00043454900961163934,0.5250853157362787,20
72414705,-6.213158723272771e-06,0.00026415275977708253,0.5413359894777873,20
34713897,-6.248319562476845e-06,0.0004069605671756588,0.5270125211555574,20
78164758,-6.351213600666594e-06,0.00048750578817691355,0.5229261786060978,20
141081278,-6.353533521757937e-06,0.001409594556961673,0.5079360326540233,20
181011487,-6.427169864592352e-06,0.00030173073832616014,0.5374474834076818,20
25889500,-6.479907483492031e-06,0.0005600822527626647,0.5203622778629331,20
18024573,-6.550015608769444e-06,0.00039434854427225144,0.52921831611833,20
12489459,-6.765542293424298e-06,0.00042931857849935415,0.527724131775221,20
60664655,-6.9316987980933e-06,0.0003845856860858731,0.5317004264212286,20
57885765,-6.990823125524459e-06,0.0002541336915720884,0.5483089666235713,20
71939340,-7.0697726152008086e-06,0.0010121599383813684,0.5122968890708539,20
63882535,-7.186100451919697e-06,0.00030675409447299254,0.5411699868619693,20
27091661,-7.479821642752959e-06,0.000243975152205505,0.5538057833991699,20
14235022,-7.504932053806202e-06,0.0004093941377644289,0.53224086156942,20
6020084,-7.698793839977514e-06,0.0007243863121388273,0.5187065481068376,20
120776294,-7.72229316666484e-06,0.0013780847117421246,0.5098658796904257,20
12269343,-7.72314837806931e-06,0.0004159715071482175,0.5326527005768129,20
96509333,-7.72438167070122e-06,7.24149626320851e-05,0.6806109942650407,20
106401511,-7.73131023334428e-06,0.00018802183723703816,0.571976227369522,20
42324152,-7.904360354035744e-06,0.0006435445321413193,0.5216158137947511,20
69955276,-7.982670677328385e-06,0.0002601759274582746,0.5538470863576166,20
101715021,-8.161543032139673e-06,0.00024445571940613723,0.5585585135269397,20
110251405,-8.257305092709833e-06,0.0003160206225738221,0.5458983480855174,20
80348904,-8.339497694695441e-06,0.0011753105264497212,0.5124917661331406,20
78887600,-8.36404913259481e-06,0.0003824285019493956,0.5384460128927784,20
97083600,-8.396311177213956e-06,0.00025527612599195984,0.5576960593546717,20
72871885,-8.434042817354049e-06,0.0004906415425346651,0.5302367232842495,20
24039989,-8.5122228065726e-06,0.0002965239086704913,0.5504013974120074,20
157261170,-8.608155321185307e-06,0.00023796268685384182,0.5634052069112295,20
25034151,-8.866805655130538e-06,0.0004967696503152411,0.53139353497334,20
64729115,-8.97101442647874e-06,0.0001592537292641925,0.5980970576195437,20
38743506,-8.97206345622792e-06,0.0034330819144216787,0.5046016232119581,20
101151879,-8.976538780133824e-06,0.0005394387658621315,0.5292723972098918,20
86755296,-9.060781499528603e-06,0.00039520368320699885,0.540295606458851,20
24847178,-9.114555468606178e-06,0.0003164633406553743,0.550566527247646,20
34695418,-9.232263877523294e-06,0.0004637711313266,0.5350037299057853,20
47450638,-9.307211160536343e-06,0.00018263620107335926,0.5889213908822264,20
59263700,-9.463934444850497e-06,0.00029865549607381695,0.5556015584439836,20
51244997,-9.548158513192351e-06,0.0001796062975310038,0.5926884429581591,20
26408721,-9.58299734183099e-06,0.0003646958461890987,0.5461565068565936,20
148852541,-9.73605812284728e-06,0.0003743729760544721,0.5456838334646246,20
79500073,-9.828682264412248e-06,0.00020922545597746862,0.5820812544968046,20
75818057,-9.904901576004988e-06,0.000189991828489748,0.5909297920838581,20
65529644,-9.997121168209278e-06,0.000326240213570026,0.553780166901319,20
97728776,-1.026157889516821e-05,0.00010267765561415896,0.6700158050777183,20
59725289,-1.0295658064260472e-05,0.00036187517548256246,0.5499547570753175,20
188221282,-1.0341642651023886e-05,0.00048191147156024985,0.5377254437823421,20
152783783,-1.0396046893221267e-05,0.00019683938604794053,0.5920956698528638,20
77908985,-1.0499982720357793e-05,0.0004414461713373149,0.5417987075224271,20
3813214,-1.091700533762674e-05,0.0003815199256084953,0.5502404636984075,20
17853714,-1.0997545207791504e-05,0.0003480336390276975,0.5554458283336098,20
71268455,-1.1015230050426261e-05,0.0002513131633065872,0.5766608757869036,20
54658234,-1.104545884091923e-05,0.000828619889034421,0.5234569215753379,20
55598682,-1.1098268376330544e-05,0.00026590971794067896,0.5730445376001252,20
87652611,-1.1115804743053182e-05,0.00025008041282313675,0.5777273858395194,20
65053999,-1.1146280759422033e-05,0.0002807047519734137,0.5695340143750793,20
134683861,-1.1192887450936496e-05,0.000459208424292234,0.5428293202956496,20
81884480,-1.1210958391161263e-05,0.00024050656324336027,0.5814573622061072,20
126356946,-1.1266462442763302e-05,0.0026578132588684243,0.5074636114208895,20
2263502,-1.1312318822040423e-05,0.00033431497088054664,0.5593427668523823,20
13276550,-1.1406571126876263e-05,0.000511788057221983,0.5391761676925378,20
152742530,-1.1512900177790275e-05,0.0003790377553263435,0.5533103974933782,20
83569832,-1.1728636648336565e-05,0.00047379616728218053,0.5434947129725364,20
98439321,-1.2005704585840716e-05,0.00044740778318689547,0.5471304419039048,20
44598561,-1.2021041513357588e-05,0.00017465350686427588,0.6192113557444977,20
11610393,-1.2435623544748697e-05,0.00041953240453766906,0.5520329539215127,20
103955366,-1.2476988828111214e-05,0.000548856591240407,0.539955577333983,20
51251485,-1.2552349598629608e-05,0.00042737651088055453,0.5515602593976359,20
80300553,-1.260902472468295e-05,0.00044337303225651804,0.5499338200198383,20
109514980,-1.2659662682029672e-05,0.0006097247468488267,0.5365043958513231,20
71830685,-1.266268583089425e-05,0.0004775265595320211,0.5465769854745088,20
90733686,-1.2666364970362331e-05,0.00030442297674966985,0.5728211630926678,20
44350096,-1.2921089892953264e-05,0.000433084062078971,0.5523704004094652,20
10085418,-1.3011647266902848e-05,0.00020897066624041844,0.6081661854505847,20
22035150,-1.3034157362432075e-05,0.00027077949253697097,0.5840743846227182,20
34303395,-1.3062313008266324e-05,0.0001918111886184519,0.6179908924823924,20
138030047,-1.3066708028613983e-05,9.026052151654914e-05,0.7374455854617908,20
7806529,-1.3090324779624352e-05,0.00032229066703069915,0.5711064860236585,20
72780830,-1.3140641360567807e-05,0.0003043385138783215,0.5755337599104217,20
30646641,-1.3188083043100262e-05,0.00045155305022204467,0.5512729449931331,20
107333314,-1.3412050468783466e-05,0.0002501462970122475,0.5934663489062366,20
143485023,-1.3498639547385172e-05,0.0003083635530074394,0.5765649099650633,20
38902912,-1.3557114755727296e-05,0.00040645249781027447,0.5585030724355319,20
68666492,-1.3619167588310721e-05,0.0004893535192410841,0.5488722577870889,20
188019647,-1.3749662466636115e-05,0.00014737541521566487,0.6594088622095018,20
67475084,-1.3798516251595227e-05,0.0002714862458214507,0.5886908437237781,20
71468956,-1.3807182485980896e-05,0.001245154395970196,0.5195167643794304,20
109940062,-1.4003325848560566e-05,0.00022501610116332742,0.6081106089868842,20
118345446,-1.4046749263565972e-05,0.000183531562502015,0.6320508731689016,20
47868272,-1.4122031608088115e-05,0.00034964633584344654,0.5707135419636367,20
10208745,-1.4265898324430925e-05,0.0002526017605266342,0.5983427296550146,20
52756698,-1.4323313647751634e-05,0.00026552925702009355,0.5940226412032207,20
61087371,-1.433856132201372e-05,0.0002777540067026659,0.5900567157805637,20
41497718,-1.4395792853580392e-05,0.000295320347571229,0.5851234650139844,20
42456634,-1.4420572127404884e-05,0.00017693187512461954,0.6402431503850002,20
120750919,-1.4454008679143371e-05,0.0016532347988314896,0.5153904246012583,20
131586429,-1.4500457304025827e-05,0.00044573419562940025,0.5570701846284306,20
48889170,-1.4559072997533119e-05,0.00038535877231015824,0.5661929912876967,20
40977362,-1.4568582904656013e-05,0.00014650186500218566,0.6692275567784449,20
38,-1.4631844830317875e-05,0.00038562549161851316,0.5664749803128412,20
117952617,-1.4646752419703035e-05,0.0004378612370665714,0.5586700300979807,20
42665294,-1.4707386753795571e-05,0.0006071078461002361,0.5425686198959316,20
133953649,-1.4714632247922465e-05,0.00018879898598365538,0.634370081654328,20
10200574,-1.4975448686607718e-05,0.00021478893673548282,0.6207077523554062,20
56867087,-1.504141731110964e-05,0.0003664899609654834,0.5718423585673778,20
146336207,-1.5047747050822568e-05,0.00027499810140489407,0.5953489158703079,20
64074978,-1.510449740818598e-05,0.00023745483637345032,0.6104372032225602,20
11288806,-1.513478930164347e-05,0.00030930831775577417,0.5854406584497471,20
63605833,-1.515187916370231e-05,0.00018177871218500556,0.6432764154652513,20
102090399,-1.5172929433601711e-05,0.0003742906097908668,0.5709703107577916,20
177820169,-1.5194531059761762e-05,0.00041106744783703144,0.5647754373763072,20
172402774,-1.543671689889503e-05,0.00020152580865848233,0.6321557283397258,20
158190788,-1.544465654613747e-05,0.0003983486595288182,0.5679115104370136,20
69288061,-1.552231370741397e-05,0.00027722852687049376,0.5975169783132228,20
45645884,-1.552648338729312e-05,0.00039218117257921006,0.5693294330507656,20
1212896,-1.5604757657480817e-05,0.0007714398677261617,0.5355668301663158,20
179008744,-1.56368736977025e-05,0.00044618927289701656,0.5614435772455428,20
19025027,-1.563819864651428e-05,0.0003951239515457184,0.5693084377951401,20
88899205,-1.5638961694780517e-05,0.0002031334806088712,0.63280022864397,20
18883099,-1.5723105152171125e-05,0.00041574101802218044,0.5662604708335764,20
198847383,-1.59469956093089e-05,0.000351692070051044,0.5792697613667321,20
41546395,-1.6145636464293123e-05,0.0002604738713842285,0.6076930913788927,20
23063840,-1.617774394868099e-05,0.0002096453198003317,0.63309572070786,20
8272985,-1.624589234657525e-05,0.001772748819883285,0.5161317580480287,20
153178787,-1.6399539927688944e-05,0.00011501515267033473,0.7343485482672005,20
88474391,-1.655797909965173e-05,0.0005469735651501148,0.5531324747604576,20
30872571,-1.6628049274175493e-05,0.00026626214624007785,0.6084780419105265,20
108540365,-1.6676967233369977e-05,0.00023638476476611385,0.6220929857250901,20
150893344,-1.682518677372513e-05,0.0003433198460281333,0.5855715710253517,20
81106327,-1.6825498942424356e-05,0.00022413386369391468,0.6296190851995205,20
99512608,-1.6952640619802285e-05,0.0002078388893812761,0.6403461663678087,20
110135341,-1.6965620268905023e-05,0.00020644984000504175,0.641350076857147,20
139393909,-1.701912453522525e-05,0.0002754451688805721,0.6073583278344934,20
89715224,-1.7062554876953738e-05,0.000339693780017425,0.5876681348399488,20
78078512,-1.7099899884148728e-05,0.0004843800853354439,0.5618907172412171,20
70279043,-1.7112458666118657e-05,0.00037076853326630015,0.5806656456425037,20
5804545,-1.714491009756902e-05,0.00021448396295660306,0.6376647730166167,20
8870738,-1.7369703864278385e-05,0.0007284775688902579,0.5419009646831073,20
71212979,-1.7583961885675457e-05,0.0004441190498954862,0.569334322989755,20
105735006,-1.7585540090983565e-05,0.00041619531058500667,0.5739366215520563,20
10680478,-1.759143790841522e-05,0.0007485140395080322,0.5413022593257091,20
17499589,-1.785962744163261e-05,0.00015718576993213162,0.6913943091052337,20
49849425,-1.808484283865319e-05,0.0004994266909601355,0.5634691440111314,20
48008792,-1.8142805251566975e-05,0.00020272093867212162,0.6532780579589098,20
108960273,-1.8153517064548042e-05,0.0003901514211084403,0.5813118845749187,20
31435076,-1.8175216029187036e-05,0.00025886991183311493,0.621524230190163,20
26641323,-1.8272972265775957e-05,0.00037762618436540526,0.5845097141097355,20
83690728,-1.833100778059482e-05,0.0002842939483860797,0.6119029679324004,20
74087193,-1.8396338469856e-05,0.0005676702585438811,0.5568527002092583,20
57657429,-1.8489864331072692e-05,0.00034543260677068855,0.5933123536500882,20
119948227,-1.8523139226936382e-05,0.00036555990407369465,0.5884247954857715,20
52919096,-1.8554063191633664e-05,0.00042155321564485974,0.57697642681054,20
11688891,-1.8650553325233464e-05,0.00026257650187052814,0.6228930772998651,20
107733658,-1.8706033272647414e-05,0.00015651032423134138,0.7004048997387298,20
51874054,-1.877645443994491e-05,0.000273966177589094,0.6187215817956908,20
37106190,-1.877647197774113e-05,0.00034171518044977505,0.5957383500532815,20
26890144,-1.8834295331313088e-05,0.0004016908068107347,0.581928183514489,20
50850633,-1.887259493192073e-05,0.0003155684536794622,0.6040002638922481,20
214496194,-1.957000794622077e-05,0.0002617471795905896,0.6291175091684351,20
25264997,-1.9594282661816732e-05,0.00012205082883593286,0.7592429369247513,20
152055235,-1.963533760981906e-05,0.00032641445867132555,0.6045929175590689,20
143934667,-1.9657970607342422e-05,0.0002483442098656536,0.6363804095251399,20
104755251,-1.9723590472989216e-05,0.00036226352170569626,0.5948812649640587,20
62859361,-1.973378614426591e-05,0.00026527527227519836,0.6284913413640191,20
82573127,-1.9749345157329957e-05,0.00022414871336272368,0.6510275914576038,20
52642921,-1.977946398539765e-05,0.0003722900443229394,0.5926330200495947,20
28469570,-1.9791460789278513e-05,0.0001699129274337083,0.6957777162899449,20
110337705,-1.9806040491021638e-05,0.0005257862611239994,0.5660001137652789,20
33098719,-1.9835851495852986e-05,0.00021824509874336198,0.655527982040353,20
162389889,-1.998187990831235e-05,0.00045424958186899466,0.5769336318987401,20
82421616,-2.0074833907290922e-05,0.00017347806086677952,0.6946149155480776,20
179009645,-2.0144501260624394e-05,0.0003355861344239601,0.6043779446302107,20
103243628,-2.0185300645012006e-05,0.0002932903820072564,0.619204084625738,20
54063914,-2.0195457354962864e-05,0.0005497853625855122,0.564375764003434,20
8216735,-2.025843597757426e-05,0.000307462310274855,0.614277526482394,20
55922102,-2.0418137506633684e-05,0.0001612011934071289,0.7111413511475471,20
51254196,-2.0816203819912227e-05,0.00038914816352769103,0.5932525986809583,20
112100743,-2.084406441921205e-05,0.00015307244249224765,0.7251235457634935,20
120751399,-2.0853682407256935e-05,0.0002689671568207513,0.6336997077278745,20
122213680,-2.0865364784058982e-05,0.0004152391747934562,0.5877020928141969,20
114627259,-2.1095442333657343e-05,0.00013112443925778668,0.7596995440834458,20
195028693,-2.1212908484583016e-05,0.00019639544437377463,0.6827070329903218,20
80799248,-2.131720878659482e-05,0.0004257192152488515,0.5874009188330862,20
112337086,-2.1342980286501167e-05,0.00034156950189065285,0.6085373826053977,20
6668508,-2.145819356197398e-05,0.00046563573105248547,0.580544474001018,20
144935530,-2.1458551638939284e-05,0.0002754989175741804,0.6342902765716047,20
39858660,-2.1496986356267512e-05,0.0005389362181648341,0.569845050064431,20
44665700,-2.1602337332657373e-05,0.00021085190963244081,0.6739906728707916,20
40142885,-2.170327640413916e-05,0.00018407364254337174,0.6979519574435957,20
51358164,-2.1784366152682867e-05,0.0004573060368885722,0.5832159950537967,20
180488260,-2.2136646111181602e-05,0.0003840843826381997,0.6003148866901304,20
16036722,-2.2326089906141156e-05,0.0003434403499216307,0.6127928349661169,20
8066598,-2.2332936945784754e-05,0.0003683159303926043,0.6054074383205599,20
27490543,-2.235578207337996e-05,0.0006983256390818267,0.5561676430198703,20
13471091,-2.2484074952777712e-05,0.0005553578231264115,0.5708801659520246,20
29564744,-2.2484338236555822e-05,0.00037812013578191145,0.6034208348919045,20
52065895,-2.2642066147018914e-05,0.0003660422685605572,0.607474570752899,20
231313229,-2.2659642698386052e-05,0.00025852057173115557,0.6502854712544658,20
130672334,-2.268015627994169e-05,0.00020140169350790793,0.6898392078566875,20
128269592,-2.274900325773821e-05,0.0003154335533729775,0.6247131511753166,20
28251065,-2.2823519644504796e-05,0.00030324193959175026,0.6299444618911663,20
11420011,-2.283137390174661e-05,0.00022239497124426204,0.6743198791336245,20
100686801,-2.2832101480857457e-05,0.0004897323676450054,0.5814705283567585,20
171201192,-2.285215167716348e-05,0.0002481322081064326,0.6574775478349244,20
105039540,-2.2884368052303315e-05,0.00019000195093203247,0.7018036825156164,20
17474521,-2.2960704892815986e-05,0.0005642763672165607,0.5712345625036829,20
860600,-2.3335854030681612e-05,0.00036772173749372044,0.6101851474628371,20
24959709,-2.339785606009226e-05,0.0001807481486759656,0.715277687137472,20
72390640,-2.3567404664268098e-05,0.00037801304978853713,0.608301513597869,20
107848919,-2.361942727331645e-05,0.0004407953179268528,0.5934096901504986,20
14641086,-2.370848534178627e-05,0.0004086830245730108,0.6009559066024758,20
44449690,-2.3795053221389862e-05,0.00039865324258904966,0.6038027202275049,20
194440035,-2.412494293916323e-05,0.00035777268381939365,0.6168684925958317,20
86897643,-2.41794001398038e-05,0.00035709425362890013,0.617339463540469,20
196828261,-2.420362076108462e-05,0.0005855275984768125,0.5723519276314133,20
17415217,-2.425807941815461e-05,0.00045408901282106026,0.5931324778371375,20
35843964,-2.4318305510248606e-05,0.00021952795507795573,0.687001614127327,20
173879798,-2.4374502141885636e-05,0.00023407043987488553,0.676637086805143,20
150575290,-2.470795438530016e-05,0.00027719289475882297,0.6526947981591809,20
93880734,-2.4717796362636046e-05,0.0003702201663337654,0.6157502846562868,20
71890055,-2.4719532380798603e-05,0.000321857141600302,0.6324927711024708,20
63870607,-2.4865746491148365e-05,0.00026984866206159266,0.6575586289493099,20
153784268,-2.516708541131507e-05,0.0006591088762136859,0.5668918002803667,20
196431156,-2.519339507789098e-05,0.0002682257769286879,0.6604196070744658,20
71669140,-2.529447779001104e-05,0.001214959706279595,0.5366030382307095,20
80100495,-2.5310164054154206e-05,0.0005140566257428679,0.5859643822694403,20
142535439,-2.5328084397979733e-05,0.000466380509190414,0.5946462973547582,20
11209792,-2.5393008428675756e-05,0.00015596619996851552,0.7622884601232012,20
33695065,-2.547388799896133e-05,0.0006839653580958323,0.5652627941273496,20
129021026,-2.5674625596949775e-05,0.00031874909425443873,0.6386727390174056,20
44950222,-2.5719143521643618e-05,0.0002801284674743999,0.6570187276169714,20
90322025,-2.579576999580946e-05,0.00023942208924091263,0.6822870616431149,20
164391644,-2.5824041853247937e-05,0.0002821699321782463,0.6565471165725002,20
225506780,-2.596593710163242e-05,0.00018069621246725063,0.7359324421095683,20
127869519,-2.613428000799167e-05,0.00025402032988210783,0.6746686883091865,20
66685639,-2.6201546544535326e-05,0.00023168135209200572,0.6905813061712816,20
90641186,-2.6351303342669884e-05,0.0002819581872830001,0.6596681501785204,20
72190513,-2.6395614934793255e-05,0.0006162115331185241,0.5749424716509075,20
92094538,-2.6636834138968334e-05,0.00022782895921952907,0.6964434419685686,20
23686279,-2.6667222650050836e-05,0.00019863370361515337,0.7223324665114397,20
2211865,-2.677895149979792e-05,0.00024409705197094255,0.6853435692694336,20
90713945,-2.6996950631894e-05,0.00017361302742577664,0.7523948510979832,20
42504192,-2.7076438247269908e-05,0.00019275451595701464,0.7313260441986127,20
80198869,-2.7115364432475642e-05,0.00026252933553721147,0.6753027318057898,20
113348661,-2.7126942507296747e-05,0.0005551148840605522,0.5853310744785251,20
74893902,-2.7188952103621154e-05,0.0002554808532051497,0.68022689731655,20
219073804,-2.7218727561212353e-05,0.0008319030751372105,0.5573957975297625,20
37278360,-2.7265252808475472e-05,0.00038569282413199754,0.6223294847207528,20
1210895,-2.733439993322373e-05,0.00076862562097915,0.5623426061955717,20
143163381,-2.7417633457696432e-05,0.000378653358786306,0.6251940004644765,20
25667412,-2.743931452114934e-05,0.00048059968447766895,0.5993947621476214,20
12022067,-2.749646927945326e-05,0.00018749032292533896,0.7401118875877648,20
143363920,-2.7671107947055408e-05,0.0005239880653799136,0.5920850495990101,20
90934206,-2.7695092283003266e-05,0.0009091485595929132,0.5534649816889432,20
44750201,-2.7705759633656067e-05,0.0002986139222185583,0.6585796354876536,20
23689283,-2.77882848533334e-05,0.0006703655867229068,0.5725525395562261,20
23825734,-2.7792363881937177e-05,0.00030094672007424927,0.657885215289389,20
107897561,-2.8078054248070748e-05,0.0002148202935605622,0.7171295933900423,20
26689767,-2.8099827584587844e-05,0.0002990828314208205,0.6604633538255047,20
57323170,-2.8177304698592808e-05,0.000695252030332619,0.5709536216085932,20
130991959,-2.826264062823214e-05,0.00035914938448047525,0.6356169401543856,20
53053457,-2.863670536798757e-05,0.00021809331136390746,0.7180128628796432,20
188433744,-2.8711910655762617e-05,8.02134699582717e-05,0.9370383970784717,20
93515485,-2.8845200719332386e-05,0.0004290796908534297,0.6165240001322942,20
22223555,-2.8978446450475536e-05,0.000424006905543295,0.6184007598277763,20
82715770,-2.9023594004243257e-05,0.00041027801966051804,0.6224124515874679,20
105894952,-2.9226589574618544e-05,0.00029314133594408534,0.6696376385630018,20
10072255,-2.9238552819507714e-05,0.00018790704723967166,0.7525323680886049,20
41241722,-2.9289281689573455e-05,0.000421665046355155,0.6202714989604876,20
95521863,-2.9417694896227697e-05,0.00039649245881521843,0.6281673031827952,20
17677606,-2.9530882357620136e-05,0.0003988222170220048,0.6279186253682096,20
15825278,-2.9812548292657003e-05,0.00047325312877211393,0.6093988567294479,20
89840856,-2.9835756267840298e-05,0.0003177880673632469,0.6603547904244009,20
72282568,-2.9878061580165816e-05,0.00021335048655774349,0.7307107243611244,20
85687687,-2.9910242678368727e-05,0.0012827119293947352,0.5409804114610847,20
14338286,-2.991694412578516e-05,0.00015166169273428908,0.8056473980332981,20
135963464,-3.0070408372714908e-05,0.00018580270762827216,0.7609886939188637,20
37902580,-3.0070902918399867e-05,0.00029976481257987394,0.6706106855847194,20
121925008,-3.029235472190306e-05,0.0002800666964389646,0.6829407871314785,20
216871444,-3.0292587292179983e-05,0.0004785604552987247,0.6099129688325209,20
44506732,-3.0423925443759382e-05,0.0003085172121479887,0.6679093511770748,20
160101532,-3.043057773518265e-05,0.0003431026615490077,0.6519752088347484,20
135371835,-3.04439423608166e-05,0.0005719963405753337,0.5927951219700912,20
48863417,-3.0450053852060233e-05,0.00029647723436072973,0.6743905764879987,20
93244027,-3.0470044327665648e-05,0.0003566220660542568,0.6466871884220371,20
77063668,-3.0482155574748648e-05,0.0003333103156116216,0.6564395569832735,20
20429332,-3.064304547494567e-05,0.0002551124346282576,0.7013087209010489,20
45752314,-3.0699527038877125e-05,0.0005764102055673452,0.5928563844480061,20
81512894,-3.0711372201328024e-05,0.00042754150094316117,0.6242340444309268,20
180424382,-3.083432068635705e-05,0.0003258702232347862,0.6615351972463134,20
88006203,-3.109793647858572e-05,0.00030707231937129225,0.672126320614282,20
37734981,-3.11593240894803e-05,0.0001244195454756308,0.861661880173151,20
28563495,-3.137845257161764e-05,0.0004265506705799672,0.6271171074936457,20
19220666,-3.143828671091919e-05,0.00031655051676289487,0.6690247019170206,20
35439202,-3.172554132584993e-05,0.00035659531306688554,0.6524219224525483,20
24087441,-3.179032897361878e-05,0.00043297933063242834,0.6268825682501127,20
34498398,-3.18517305787025e-05,0.0002999169057622023,0.6798814617786598,20
9070012,-3.1974081576705e-05,0.00031950067736399645,0.6702305353355651,20
48914238,-3.208755896767224e-05,0.0002876765596758892,0.6881852867300673,20
227508929,-3.215715233338412e-05,0.00022881936933469508,0.731417787714022,20
74832235,-3.2162687422926384e-05,0.00031487893765708234,0.6735020514704068,20
86205087,-3.247919414670897e-05,0.000240106983610745,0.7238134354618275,20
128583483,-3.2558417467487556e-05,0.0002501755508912413,0.7163001015494449,20
12821349,-3.260610980160561e-05,0.00015622679248084774,0.8188326438613567,20
3084866,-3.262628130567824e-05,0.0010338137678910333,0.5553762366721786,20
131392653,-3.268512351887187e-05,0.00011313517660612,0.8940765431489623,20
13023025,-3.268737673420008e-05,0.0002262810367057596,0.7370039689404209,20
116103672,-3.279840689708602e-05,0.00018813856612115266,0.7773945956386996,20
184014592,-3.284257530346002e-05,0.0002958445065822251,0.687369373808679,20
146136164,-3.2987143567642097e-05,0.001929486819823633,0.5300726026007291,20
49449156,-3.305709116929734e-05,0.00019519764064139896,0.7709390582658792,20
97484462,-3.310997830988372e-05,0.0008476618951889683,0.5684117456709162,20
56121439,-3.354161167172798e-05,0.00042168636837027325,0.6370157487377677,20
10070912,-3.3678465909686704e-05,0.0003783249866148479,0.6525062240936617,20
18827165,-3.370780153361119e-05,0.0005351666516827931,0.6093831249587727,20
10819726,-3.373249036915382e-05,0.0005068708889507918,0.6153895275246845,20
10821300,-3.3760925008574635e-05,0.0007104141297601654,0.5830209851592184,20
67731886,-3.388763979878251e-05,0.0004273968031677944,0.6365985633341633,20
242723236,-3.438609558520933e-05,0.00011243131443951862,0.9063259868135398,20
100234338,-3.44006115862161e-05,0.00031123254248925305,0.6866217813968206,20
40826634,-3.4496490161031734e-05,0.0006574927860392163,0.5915002385927438,20
245726054,-3.4527783204207906e-05,0.00013720691498643624,0.8627827326282913,20
140166713,-3.4647003826646094e-05,0.0003307878520555743,0.6775916413835197,20
73340224,-3.4705368218213015e-05,0.00032120794166660353,0.6827619143103879,20
99087130,-3.472905391664616e-05,0.00023144743275684273,0.7448678231361523,20
119750351,-3.475106127934502e-05,0.00035427873144479446,0.6670759365504231,20
35643639,-3.481617088969269e-05,0.0003135601835169012,0.6874035618663018,20
88512090,-3.486845299958963e-05,0.00035886106766091477,0.6656012981079802,20
131873335,-3.5032580655214306e-05,0.00036229858407821195,0.6648530627371345,20
114827343,-3.519307985361264e-05,0.00031858730025142654,0.6865222817078813,20
106758406,-3.534561753485987e-05,0.00022258192732424237,0.7568868845738995,20
16042481,-3.542921885988093e-05,0.0005908152772438813,0.6042742643071225,20
165306219,-3.5505426047971465e-05,0.00038549098697809284,0.657490032614176,20
155581311,-3.563118017077538e-05,0.00048418213956693884,0.6271623554026258,20
37644630,-3.5644846562893354e-05,0.00012826094451235794,0.8854777618183178,20
169474940,-3.567334841969028e-05,0.00018355481392954708,0.8021930360304692,20
89379594,-3.572667475782443e-05,0.000372671581270227,0.6635285105733494,20
35057082,-3.578203196100693e-05,0.00030124510532649916,0.6992830052778859,20
45507101,-3.5848245690681124e-05,0.00012767274565278974,0.8877754156309974,20
23081138,-3.585705051049326e-05,0.0002506452934590048,0.7350220551977134,20
50133910,-3.603029358824061e-05,0.0002625582529583069,0.7266546780276368,20
46048613,-3.603882163427941e-05,0.00054576894860963,0.614519661687867,20
52556689,-3.61085507730563e-05,0.0002568111098205229,0.7315158779198903,20
4013687,-3.6316149406814824e-05,0.00024422067971560706,0.7429840633106088,20
176605911,-3.631927388466904e-05,0.0004895284679579256,0.6281631853314,20
34534669,-3.6447046208659686e-05,0.00015565472490325244,0.8459185548993388,20
99149535,-3.665625576480813e-05,0.0004519649513376205,0.6395871122366568,20
79548138,-3.666402321157447e-05,0.0003274210795872149,0.6888617759833064,20
12622568,-3.678982137977349e-05,0.00036451927656913993,0.6715798654686556,20
25867555,-3.700063230366035e-05,0.0009847531015634203,0.565833808834529,20
67665731,-3.7140963591442146e-05,0.0002739452107551399,0.7242619534599344,20
72230792,-3.7308936648455807e-05,0.00017574068918696636,0.8228343763582161,20
32894251,-3.731914138391801e-05,0.0007588877272726925,0.58586132581565,20
161463956,-3.733690466027895e-05,0.0002931775870343326,0.7121681497667529,20
111006570,-3.78265036976827e-05,0.0003006006630356588,0.7099097794352245,20
104290674,-3.799064982382694e-05,0.0002116671769567135,0.7839546500013349,20
27041672,-3.8032127994841455e-05,0.0003536724456626114,0.6819643056834039,20
153976551,-3.803841235396066e-05,0.00045004377104605455,0.6451868101166809,20
43249254,-3.818589703236674e-05,0.00043933696219024986,0.6490920718361783,20
39853630,-3.8215670179320146e-05,0.00014095517492961128,0.8799053664432704,20
66308065,-3.822755903526986e-05,0.00041816023892326664,0.6563841692519699,20
30295538,-3.828646935732927e-05,0.00019558314760127548,0.8038675613925199,20
142645903,-3.828790094502488e-05,0.00016985350634300775,0.8369625116297945,20
59262730,-3.835493934857548e-05,0.0001707631574150051,0.8361158013333404,20
9619210,-3.845502834485259e-05,0.0003971181040604552,0.6650764104300328,20
89055189,-3.846898896536222e-05,0.00027433376987328923,0.730975914873069,20
14675207,-3.8691268523752265e-05,0.00034933865841303826,0.68697113629266,20
163390864,-3.881726457254653e-05,0.000629981504344637,0.6070687134286523,20
140595561,-3.8865761225154174e-05,0.00019241334723679474,0.8111695397260532,20
24634003,-3.923762246611229e-05,0.0002547186478959744,0.7503938858916039,20
74432126,-3.937969717816292e-05,0.00030929796871721245,0.7121192248510002,20
38936659,-3.964180039423282e-05,0.0003466148897226306,0.69254297661835,20
800296,-3.971607863730853e-05,0.0004073293383821265,0.6661424500287739,20
102128007,-3.980319801266952e-05,0.00010659142365121426,0.9443418020799237,20
71268514,-3.992004829185825e-05,0.00032283217617292776,0.7066458752135958,20
62080663,-3.9944971770827784e-05,0.00023253992716315062,0.7740970587808306,20
16073452,-3.995204377892914e-05,0.00021897167352133047,0.7876810316575407,20
214869341,-4.016928188704805e-05,0.0003507322199911271,0.6927907173483809,20
187619570,-4.0185636863798727e-05,0.0004697664602095569,0.6468554098043687,20
41698698,-4.020781615218516e-05,0.0006272687116485873,0.6112635716346175,20
23639667,-4.022439876358308e-05,0.0003680073135865935,0.6847177604257808,20
38974308,-4.0261466266733326e-05,0.0001901525735410329,0.8222100538492396,20
120354240,-4.034788443652293e-05,0.0003759763671174833,0.6816210757288792,20
41649868,-4.0386522597787855e-05,0.00036991621388565276,0.6845222887590942,20
63067394,-4.057018311907634e-05,0.0003947218256872467,0.674509601214277,20
20883413,-4.062704735460498e-05,0.0003410030867058008,0.6998288015300796,20
221075630,-4.0648288442474144e-05,0.0002601207608440608,0.7534429583282003,20
72991793,-4.076044661656675e-05,0.00046213736861768563,0.6511763043222065,20
97189925,-4.09388032449387e-05,0.0003185593385874693,0.713889687621974,20
121151535,-4.0954348184102374e-05,0.00022492125738785544,0.7872190688694842,20
44206215,-4.097858729335546e-05,0.00016608120252231323,0.8581934107072836,20
82,-4.1092553631355555e-05,0.000669225085104275,0.6067077221095566,20
105845361,-4.123990642696529e-05,8.319013011489002e-05,0.9804897403872438,20
213495380,-4.124314988021016e-05,0.00020654928079549896,0.8084812079884807,20
14626480,-4.1329644352416926e-05,0.00029850312860655437,0.7284292279410851,20
3812814,-4.138425799269097e-05,0.0004191851557138028,0.6680876117034118,20
12220740,-4.149886154894144e-05,0.00035934619678410656,0.6942544923213287,20
2017445,-4.152665283848056e-05,0.0005991710924679678,0.6200134022561967,20
145377045,-4.1550378014063025e-05,0.00043457259839458506,0.6631216907060968,20
31898304,-4.1600789276774466e-05,0.0002800592598750524,0.7427610554177138,20
68086162,-4.189165177324872e-05,0.0003176026418567817,0.7188869962104671,20
18626069,-4.1946362305103624e-05,0.0004040363199474193,0.6761419361702405,20
13874204,-4.195131912340944e-05,0.00015349714660754362,0.8817201951177674,20
46446181,-4.1958675622466576e-05,0.00035168999759184217,0.7000808040977506,20
49721909,-4.2295371982148386e-05,0.0003168051583325385,0.7212409187794766,20
10800737,-4.238994356930148e-05,0.0003533741407992635,0.7010691496913991,20
15873407,-4.243037001908368e-05,0.0007760945481106328,0.5952673416718265,20
145970207,-4.243893015384026e-05,0.0003585751351284306,0.6986352234405098,20
125755096,-4.2508959752451944e-05,0.00032698410802187405,0.7160947389040839,20
2211625,-4.252154015315091e-05,0.0003974639106626168,0.6811013957189478,20
107958746,-4.265304770554867e-05,0.0004092035288476867,0.6767960159187059,20
157789987,-4.291321108460533e-05,0.0002353537589884294,0.7875336451903203,20
121724910,-4.3000649300178885e-05,0.00030352683298501623,0.7330418297695853,20
26500016,-4.333850630619251e-05,0.00028253954163004404,0.749493406579844,20
196843269,-4.339149169556855e-05,0.00037142711535309916,0.6963026569625121,20
26489544,-4.345704346354062e-05,0.0006779403766441119,0.6112665127862627,20
70467898,-4.350142535967383e-05,0.00022593093436837437,0.8000343781126982,20
69888173,-4.359630527320524e-05,0.0008442993783778353,0.5900786924661137,20
103152975,-4.375812033970972e-05,0.0004891850656772568,0.6532045529180044,20
20514272,-4.386129750749423e-05,0.00039058904769787717,0.6893512641647601,20
48947225,-4.407426851698038e-05,0.00043725072768225953,0.67137671572973,20
129558393,-4.413814995133935e-05,0.0004203179701584477,0.6780161082490095,20
67827456,-4.4162879800152546e-05,0.0004476497018019654,0.6679755299213381,20
150991740,-4.427359052512625e-05,0.0003471478698320191,0.7124397313112858,20
48117478,-4.4371516000893393e-05,0.00015504618049281112,0.8919969891281454,20
104292666,-4.4395373610248144e-05,0.00019140923720927273,0.8436830808386413,20
15224724,-4.4419991090383085e-05,0.0003068784959740681,0.7374190014507329,20
95682152,-4.442788789914276e-05,0.00025583373994864626,0.7765300715915857,20
184416530,-4.4463359473326246e-05,0.0002482533802158423,0.7834772171563411,20
95414584,-4.457695868710088e-05,0.00020534647137700145,0.8280819572227103,20
73683717,-4.463279790784813e-05,0.00012512222440125902,0.9364246350888161,20
12289206,-4.4735247176744267e-05,0.00018930405472752162,0.8480788638678566,20
25047208,-4.473626783960405e-05,0.0004896425457671068,0.6562982017193821,20
18078359,-4.476187474912741e-05,0.0003187034136299738,0.7312957102245733,20
56295273,-4.485154165952687e-05,0.000353740646273386,0.7113345056360018,20
19026532,-4.491764834561873e-05,0.00018871887367783032,0.8497622041512445,20
73540288,-4.530264990733335e-05,0.00029715025597960436,0.7482064151576742,20
78819538,-4.530799155190724e-05,0.00021345231460977713,0.8227983128796654,20
98239298,-4.541623200136902e-05,0.00015278693794786545,0.9002629303286687,20
65491163,-4.56382705101982e-05,0.00020798154489750075,0.8306215473593117,20
159801253,-4.56545784877832e-05,0.0004106565379929134,0.6876195293429161,20
8669116,-4.5727424490074606e-05,0.0004559905587777739,0.6705576434896516,20
5014301,-4.602864118134764e-05,0.00021594313931576028,0.8237811429264151,20
229311439,-4.6066708804665124e-05,0.00034502637223398307,0.7212563311891562,20
116810010,-4.633620566890373e-05,0.0003397585432660298,0.7254261572956167,20
19879796,-4.6385836816231764e-05,0.0003685519779485545,0.7099445435010041,20
128558727,-4.647665410044965e-05,0.00023843985774369813,0.8028751061991126,20
22429609,-4.6579846846878106e-05,0.0006229033954744068,0.6291370540341423,20
132150865,-4.6630333634925526e-05,0.00010663833185489166,0.967306940282571,20
68266162,-4.663249064290054e-05,0.0004069875506875086,0.6928672795543858,20
118611118,-4.6723542628815395e-05,0.0006320587282896793,0.6277150650884962,20
169797512,-4.67768863143897e-05,0.0002700518027970592,0.7759567135339689,20
39646827,-4.6826943171829336e-05,0.00028543159782802065,0.7639506698680841,20
29445193,-4.68494978411782e-05,0.00024432158428765844,0.7990847828247225,20
25761030,-4.6864892133882675e-05,0.00042043544399424456,0.6880725878801364,20
140160073,-4.688767131300342e-05,0.00045758865372395126,0.6740130825383801,20
15093122,-4.692189923131695e-05,0.00017583576211430076,0.876297674341417,20
21427969,-4.702380308647114e-05,0.0003845913296097375,0.7045615727216794,20
7216550,-4.7089192678384514e-05,0.00017292096026977504,0.8809024947625732,20
27500325,-4.7127228020141246e-05,0.0001998890906291689,0.8475337547121398,20
142963372,-4.715028772558638e-05,0.00037385561780585853,0.7103313830638296,20
163666321,-4.719711006358485e-05,0.00026177152498535017,0.7849823952516422,20
76,-4.7263946407455346e-05,0.0002172553938330882,0.8285897645323921,20
34904070,-4.739544157869591e-05,0.0002702276139556179,0.7787538984898897,20
37041933,-4.742930864679029e-05,0.00018741824391778242,0.8640887245357854,20
53853246,-4.769129446396958e-05,0.0004970020934953308,0.6636749139045095,20
7416261,-4.803286520839445e-05,0.00038818831315966403,0.7067663300060965,20
230088621,-4.8210876104129444e-05,0.00012908303011723078,0.9443726523958652,20
161994537,-4.825567595894975e-05,0.000842626289445953,0.5996912610652131,20
31241101,-4.833776364602527e-05,0.00010300182905608286,0.9752807217998591,20
8268997,-4.8349392158480996e-05,0.0003166545520169417,0.7485258299310467,20
146578714,-4.835046239632379e-05,0.00014527572380776207,0.9234733584022093,20
44999004,-4.8390368475362265e-05,0.0007053495141652053,0.6188374643013541,20
58562150,-4.869089424001383e-05,0.0002777363999548449,0.7786546847973054,20
95,-4.869350618620094e-05,0.0004624573099715213,0.6784578388400508,20
61464142,-4.8702699174277274e-05,0.0007184350919463277,0.6174710870238457,20
41887474,-4.8783524919071565e-05,0.00044691054567197447,0.6844908275944763,20
160989252,-4.8862788654763234e-05,0.00033162487384316366,0.7410795395655447,20
99834220,-4.8876186791757535e-05,0.00024526152531697767,0.8080196276816688,20
108533903,-4.891635776952119e-05,0.00044071657890255443,0.687338130239247,20
44550108,-4.901067162905448e-05,0.00024608028103216534,0.8078833468060338,20
43912667,-4.9110790432832505e-05,0.00011246413747049115,0.9671388619615374,20
137764208,-4.920154393370513e-05,0.0002593522972258358,0.7966129596763244,20
18889702,-4.944008541655775e-05,0.0003979644742872662,0.7075108057723911,20
26685539,-4.9484506262201244e-05,0.0002440815998819553,0.8120315182774636,20
49864134,-4.952517844618864e-05,0.00014845886787788227,0.9239261866314489,20
91502407,-4.9615574758116174e-05,0.0002705086316323196,0.7888802971193718,20
94445699,-4.961688483899607e-05,0.0003683481672085135,0.7229854327715015,20
89932275,-4.970601230772087e-05,0.00024514634136080894,0.8120580536352775,20
137357725,-4.990151085419725e-05,0.0002331458655749044,0.8247548115886885,20
61265615,-4.995662948114876e-05,0.0003902038918129905,0.7131699250380548,20
38024286,-5.003346338852133e-05,0.00013795048604645156,0.9393605810936202,20
126982373,-5.0088748873991504e-05,0.00019938711418332263,0.862381508842802,20
25428002,-5.00904039433786e-05,0.00023803906508160325,0.8207591657567839,20
88978501,-5.0150649410252156e-05,0.00025992423602033205,0.8005146834314733,20
92718251,-5.022426451505857e-05,0.0005056218566530211,0.6690508152558774,20
50514534,-5.024949594094052e-05,0.00045826455100427595,0.6852590355501613,20
31636186,-5.0270144083128246e-05,0.0002088834125606888,0.852358222065648,20
33676283,-5.0329810104624007e-05,0.00014445021778569222,0.9321560380565085,20
18426870,-5.0443705135405636e-05,0.00011093559889687122,0.9718968688581939,20
231513431,-5.0479826293270415e-05,0.00043500893284996586,0.6951098923015775,20
129190913,-5.0515100396644753e-05,0.00030853974413267663,0.7635063696187923,20
3017651,-5.052336464786977e-05,0.0003448760369788285,0.7398891038905413,20
97346990,-5.062867295869411e-05,0.0003200828597159742,0.7560397082564803,20
75994808,-5.082173291618974e-05,0.0004627372788746255,0.6855334427692626,20
26868490,-5.101400359630026e-05,0.0003261799457746343,0.7536223668241313,20
75017703,-5.107425262108611e-05,0.00013036350867950811,0.9520602563044538,20
19885192,-5.108793818415225e-05,0.0002230995184833054,0.8406704117927459,20
71088941,-5.136698689515717e-05,0.0003380705339292461,0.7474931586432056,20
49489381,-5.1423544150622225e-05,0.0004322020131053195,0.6995866468886005,20
49836993,-5.1529661634194814e-05,0.0002429340962922598,0.822633105675938,20
86326403,-5.1601514576093964e-05,0.0003879916524267376,0.7204954558126694,20
122952993,-5.162398160457882e-05,0.00029421405541836906,0.7788476133433033,20
118945824,-5.169270304394291e-05,0.00036254949017542134,0.7343416902994611,20
22916981,-5.169620400118091e-05,0.0004206362044811694,0.7055105133894042,20
72637947,-5.199465003704329e-05,0.00017287508834873744,0.9027787655275731,20
39437589,-5.2134429865050015e-05,0.00016416594918061534,0.9141276245844897,20
38281658,-5.227584171232924e-05,0.00044204365244263376,0.6984908541924657,20
28669837,-5.2293963820665425e-05,0.0001994889287089994,0.8722215418814482,20
127789664,-5.23025328155069e-05,0.00014792421331534804,0.934836690059972,20
49236056,-5.232278696455372e-05,0.00022383008800100726,0.8455243789763065,20
14878442,-5.267070150257181e-05,0.00038046855518724445,0.7284005219248951,20
116454588,-5.279566219612009e-05,0.0004113631521199798,0.7136389670903107,20
57961308,-5.290942540248367e-05,0.00026636840630098115,0.807259408727869,20
99652160,-5.2938819414924396e-05,0.00048524454246626724,0.6843974751697754,20
19481492,-5.2987068215845644e-05,0.000314354664459643,0.7698996814569967,20
40481736,-5.307994192591814e-05,0.00015901509220136615,0.9240477443331431,20
137592046,-5.31000333035353e-05,0.0001820024299849031,0.8962221986586838,20
74639392,-5.311203279640686e-05,0.0003726359182363381,0.7342697851681559,20
57741610,-5.311281612434826e-05,0.00016585737658041143,0.9158218751678697,20
35696096,-5.315582809723995e-05,0.0002678909173848397,0.8070141991361666,20
38143400,-5.318871882528942e-05,0.0003534059535375534,0.7454965015056724,20
34169181,-5.357678156952261e-05,0.00033010887187040906,0.7616050650971091,20
93079215,-5.3588690986111634e-05,0.0002167547162124806,0.8586599437984821,20
134590023,-5.3609906961585296e-05,0.00033680261617792415,0.7573944737263838,20
19084764,-5.383438496269766e-05,0.00014242671615651584,0.9463517880555541,20
109723588,-5.39185766443212e-05,0.0004573992555528626,0.6979144526377361,20
85492693,-5.3949387572529986e-05,0.00013663733906653906,0.9532494886297447,20
122149917,-5.4039898486346605e-05,0.00040692607898756524,0.7202081458217018,20
21823058,-5.438855339880977e-05,0.0004086532470317737,0.7206356022222491,20
48317492,-5.46003718163518e-05,0.0003828157319724487,0.7344089997948327,20
32023286,-5.463584030705737e-05,0.000266118107845772,0.8149777677393786,20
34698465,-5.4647970550689154e-05,0.0003761736925352002,0.7381622649801456,20
68479388,-5.469411369102562e-05,0.00040539034036826373,0.7233002757061691,20
95500156,-5.4694251589579304e-05,0.0005092008917556766,0.6817724435244099,20
63979,-5.476032194260128e-05,0.0003357532450434727,0.7626706540311563,20
4069426,-5.478940912581609e-05,0.0002525918445131714,0.8278943571740547,20
2413809,-5.514741103179177e-05,0.0004070643099882539,0.7241134268814919,20
135354471,-5.518184771224344e-05,0.00028808581866866665,0.7988355360812531,20
126945750,-5.521733168375176e-05,0.0005739529324505789,0.6640703777547339,20
60,-5.529355447708439e-05,0.0002931429393189668,0.7952916325424284,20
126155985,-5.54293507010889e-05,0.00042622333220982,0.7161604705588107,20
100115878,-5.542979139213644e-05,0.00030658095156611045,0.7856119227505574,20
126418134,-5.5531360318575304e-05,0.00040485034762257526,0.7265640097700714,20
124554362,-5.5565183609265766e-05,0.00018865914484747073,0.8982756515307709,20
131350011,-5.564266679884966e-05,0.00017501140225287072,0.9143622481224407,20
41709978,-5.573192882555866e-05,0.00019868906022354303,0.8875498735679689,20
62656820,-5.595151054123282e-05,0.0003066441680822911,0.7876946837364383,20
59671432,-5.605105782972852e-05,0.0002587283344004489,0.8276028724330937,20
157373851,-5.629068522886305e-05,0.0009992295894144872,0.5981013222925644,20
19428277,-5.6301963264226984e-05,0.00021169396205292622,0.8755339657558543,20
9667917,-5.630727831162363e-05,0.00022509696657065052,0.8613915357279244,20
103443846,-5.6307934323215904e-05,0.0002435900318164854,0.8428889414467606,20
50270331,-5.6320360374337294e-05,0.00040332634330836223,0.7301326776235657,20
59324873,-5.637690691958075e-05,0.0007810304652189704,0.6248180651041695,20
68073008,-5.639656418614247e-05,0.00029031577489393344,0.8020884189814455,20
10423046,-5.640782177939452e-05,0.00044055895110773187,0.7131846972750469,20
29093137,-5.644538753384609e-05,0.00020396485830558579,0.8845334923140549,20
69074482,-5.6476481201561676e-05,0.00024047986763281494,0.8466166269457266,20
1065018,-5.671640344696582e-05,0.0002451716181947329,0.8430670097108284,20
8069685,-5.6724894506984815e-05,0.00035809010306660764,0.7563598928109818,20
46887918,-5.679042355311581e-05,0.00031315768001187526,0.7862990017391716,20
27129355,-5.6892498599861455e-05,0.00036702965672953056,0.7517194237171408,20
1464986,-5.696193082685985e-05,0.0004426168172605108,0.7141582017065258,20
107803379,-5.698043508009509e-05,0.00014837916961576075,0.9489174527365783,20
232890592,-5.704659769840137e-05,0.00019590059876951167,0.8958088984501074,20
3212652,-5.705318565107087e-05,0.00013888543401847288,0.9590573507359659,20
101906963,-5.715843453146518e-05,0.000263404525996654,0.8279918719444873,20
142781170,-5.721749760967676e-05,0.0004953512633064641,0.6942921516357119,20
108735332,-5.741043028973935e-05,0.00036153548548892176,0.7568840090495982,20
115051806,-5.749234296749117e-05,0.0004346774707062703,0.7194224746549598,20
31841608,-5.751138013682655e-05,0.0002145629323526283,0.8773106997841797,20
149990652,-5.764611183868284e-05,0.00019232510160457542,0.9020450712067531,20
112649670,-5.768040834080168e-05,0.0002620746894754533,0.8313263896736675,20
70177955,-5.778386031578264e-05,0.0002470111342350003,0.845696449585303,20
141066408,-5.788681926535699e-05,0.0002333517957925682,0.8594462602373539,20
2661675,-5.7918548891006116e-05,0.00046704037432748584,0.707180178040743,20
1261635,-5.791932486996776e-05,0.00033056416029467536,0.7785268914952677,20
50323346,-5.794685022995627e-05,0.0022114188027089854,0.5460285252549929,20
145374760,-5.811640049851463e-05,0.0002924192543402577,0.8073893748502021,20
116209286,-5.811979226774677e-05,0.0002903991136416015,0.8090183345749362,20
55054637,-5.819394615062534e-05,0.00031637683135660026,0.7895297238689716,20
47554353,-5.845171801136528e-05,0.000356667919853838,0.7637190661493966,20
13070453,-5.845940123246352e-05,0.00041841284587778476,0.7302438295723863,20
21628320,-5.84927912757327e-05,0.00033900009218761567,0.7750919546246744,20
203038008,-5.861360776674429e-05,0.00017464102358539407,0.9250982209849636,20
65464236,-5.8695232858116395e-05,0.0003511282564331222,0.7680640102962881,20
27468857,-5.881660395755939e-05,0.0004829410534411782,0.7038363688530956,20
89407049,-5.882776779263521e-05,0.0002967460978077629,0.8068022073553529,20
94281710,-5.8902549368819444e-05,0.00032747513941079316,0.7844410117114438,20
43749640,-5.892254600836644e-05,0.00024963930809721334,0.8477966755971387,20
49396573,-5.9062743186147346e-05,0.00014387952848242272,0.9589570862066061,20
44429844,-5.924249937112325e-05,0.00042790815752379203,0.728415449069495,20
18680129,-5.949285758719003e-05,0.00035438603184588963,0.7690037577613602,20
72740139,-5.9538461000466226e-05,0.0006687007328770761,0.6525323100896784,20
10471050,-5.955811260208444e-05,0.00022213018982692988,0.8773810690776894,20
0,-5.991288633400704e-05,0.00019121046111557233,0.911372635377744,20
29871342,-6.00201159745295e-05,0.00018788946658081189,0.915322811983577,20
34453715,-6.014362532738571e-05,0.0002879127635400631,0.8190408502134912,20
65283751,-6.031207387803272e-05,0.0002166999945709206,0.8858092408588045,20
97123538,-6.0393836920058507e-05,0.0008056753523255603,0.6294390582605218,20
245926098,-6.0443769778029124e-05,0.0002044187236835086,0.8991247571179602,20
16473785,-6.0598449419019264e-05,0.0002944449666990755,0.8155463366250756,20
126585449,-6.072204310602902e-05,0.0005410130834025157,0.6892623715529329,20
208662192,-6.083281535456952e-05,0.00027175012013306275,0.8353238698609804,20
77596104,-6.0839694797742985e-05,0.00038979690394846744,0.7531881099877735,20
78298676,-6.0942468525204684e-05,0.0005922514381853122,0.674695518611931,20
115568617,-6.098946380893311e-05,0.00037204013873597277,0.7637853312665964,20
52115613,-6.113890094463503e-05,0.000266302852884679,0.8412791133575981,20
102152729,-6.11421573873866e-05,0.0003036644530795371,0.8104247755751648,20
15673352,-6.12032782061872e-05,0.0010804072190748622,0.5986364206883135,20
114550266,-6.125905747110805e-05,0.0001231251845672908,0.9808056305178434,20
101442703,-6.135546053085417e-05,0.0006291319338386888,0.6661749530200838,20
33499109,-6.13719544080793e-05,0.0002522605994428289,0.8549013708910521,20
76076034,-6.14793904830907e-05,0.0002751368947097305,0.8348964323079582,20
140681009,-6.159449955084884e-05,0.00042102648622327184,0.7396057353508254,20
11888919,-6.162865683393415e-05,0.0003376792369787467,0.7877477567813018,20
20085342,-6.181480419578667e-05,0.0004546373657820171,0.7248242494710697,20
50449688,-6.187607240007998e-05,0.00025211462205588153,0.8569500762716996,20
27268057,-6.19241481204097e-05,0.00045852553881484115,0.7234945800763202,20
105330658,-6.199491280040048e-05,0.00016088312035593438,0.9494648621294616,20
48190014,-6.208176852389447e-05,0.00010317336703778027,0.9927661201490219,20
93280307,-6.213986871363153e-05,0.000440541128490403,0.7321602815003962,20
164267723,-6.219471437809431e-05,0.0008776749110542202,0.6226158533025965,20
77,-6.220959674658189e-05,0.0002716949625913059,0.8406465719528018,20
15072216,-6.226943410054808e-05,0.0005368225170222546,0.6950381807316841,20
18016018,-6.239633850615711e-05,0.00011335624729140319,0.988217193545489,20
4664349,-6.253437974437225e-05,0.000203223816588981,0.907606971839422,20
39837755,-6.259486482560195e-05,0.0004135531143453416,0.7466851066079621,20
11601119,-6.267092525510942e-05,0.00017317292377164157,0.9389775672758239,20
50455148,-6.27775114790896e-05,0.0005865081042603588,0.6811856027963434,20
25607984,-6.277928821371014e-05,0.00029991065503649994,0.8195251158368267,20
1217170,-6.291118421002939e-05,0.0003937031148155453,0.7582332231373324,20
28210824,-6.302404644003834e-05,0.00018117076696402826,0.9318633725506884,20
16232330,-6.303996197782879e-05,0.00036086709525217704,0.7778558340739612,20
92117183,-6.315148495588951e-05,0.0001654167106235645,0.9479754821306208,20
97523338,-6.342314780461434e-05,0.0005577059407097802,0.691548659780768,20
96030983,-6.343390616978251e-05,0.0004861635944458985,0.7167960258313282,20
49469781,-6.347209127583187e-05,0.00016531655945466303,0.9488856802605187,20
28300649,-6.350299919739566e-05,0.0002831351929110306,0.8357756028664507,20
60849915,-6.357281423395867e-05,0.00026351429389269914,0.8529310039707637,20
32818180,-6.357497714377103e-05,0.0001614863123444742,0.9528046125650299,20
5814566,-6.367742842220415e-05,0.00040037036360216703,0.7572228849413519,20
45887333,-6.372274126914823e-05,0.0007985092666304644,0.6374449278192089,20
240899306,-6.381585649088139e-05,0.0002805604594447644,0.8390873408634696,20
130872357,-6.384270788186707e-05,0.00030686685380187733,0.8180857870601714,20
41048388,-6.388737546502709e-05,0.00021734094874690783,0.8978510444951976,20
126818262,-6.389604631626967e-05,0.0002509257780314716,0.8655269867387169,20
94307138,-6.39344734130215e-05,0.0009103102017316383,0.6215641537402372,20
198833404,-6.41356379361302e-05,0.0003903340483039358,0.7642874249050197,20
173814815,-6.420792460703483e-05,0.00043744633693602235,0.7402857937335977,20
30690315,-6.423382434984359e-05,0.00028101947236324956,0.8402405164734567,20
36439115,-6.42536249773229e-05,0.00031052349533816696,0.8168122531225392,20
206059608,-6.42694397138044e-05,0.0006080656725945045,0.6790877449599922,20
60526281,-6.431388694704831e-05,0.00037264943633298343,0.7751442437826117,20
209463063,-6.432727336882216e-05,0.00022623835798562026,0.8905660631831885,20
169109440,-6.473073107359229e-05,0.00017895831414545515,0.938885791342631,20
20432574,-6.50367914382749e-05,0.00026855110580469667,0.8538292941737766,20
23727507,-6.515145111334609e-05,0.00031373637907914726,0.8176525022026968,20
110540454,-6.518098620394985e-05,0.0002563991280752817,0.8651404937895968,20
10827316,-6.565567679270023e-05,0.0003617618340782003,0.7864755909799915,20
126184880,-6.573817988412833e-05,0.0003083723331997692,0.8238101358152452,20
56540618,-6.575528846352041e-05,0.0003935457908350518,0.7679617545460191,20
132657680,-6.584286846964272e-05,0.00028078133854523917,0.8462654680191142,20
181825225,-6.603907890983806e-05,0.00034069808326720347,0.8015813540313597,20
39661593,-6.620365331995726e-05,0.00019428806614529774,0.9279946614791237,20
12840361,-6.634335062855601e-05,0.00033808464241603676,0.8044331945537522,20
28733857,-6.637437545765901e-05,0.0003812422968531433,0.777097758421132,20
220074442,-6.641005596170479e-05,0.00026689365083691,0.860158558744956,20
55521717,-6.649939909728342e-05,0.0005286170088657698,0.7098537044195865,20
21027741,-6.661527247128484e-05,0.00024152254927575821,0.8837799651467477,20
29895929,-6.669145706067192e-05,0.0005162907692803715,0.7148697714696008,20
40281675,-6.688371521904602e-05,0.0004899414940785295,0.7256202906772837,20
77689888,-6.707409579937984e-05,0.00043953848151117556,0.7484056846928695,20
164868273,-6.712506082614256e-05,0.00045083778297734083,0.7432461690973715,20
91515424,-6.721052967431084e-05,0.00022881975306467337,0.8976864770955174,20
101752468,-6.721643131125665e-05,0.00027199452866949367,0.8585582205567953,20
137429590,-6.72236188408365e-05,0.0004500685216005509,0.7439076404486469,20
166994085,-6.744899661593473e-05,0.0007199854935567082,0.6600261578286908,20
169309503,-6.750338265414658e-05,0.0007247658133738006,0.6591538150035554,20
30133643,-6.75082092512519e-05,0.0003944646683506315,0.7732687329947492,20
183815561,-6.757926112742896e-05,0.0001830512962204524,0.9424178208898031,20
52395132,-6.770410754284583e-05,0.0006150171538292535,0.6859313247223264,20
133388628,-6.841890178584941e-05,0.00020784020036350326,0.9213283431676134,20
107402938,-6.862373570307723e-05,0.0003886527297910172,0.7802582079619589,20
149574596,-6.891510707224547e-05,0.00028442254889305925,0.8539470082445687,20
72879259,-6.918714151822047e-05,0.00028247861339127507,0.856473822167045,20
74503575,-6.924071270284494e-05,0.00040249977578546013,0.7744209611887892,20
5817259,-6.94179775309084e-05,0.00045236022742196544,0.7495873186192697,20
10400602,-6.946360199829859e-05,0.0004982207475827031,0.7298216952762344,20
156459856,-6.956241785879003e-05,0.00027025926658692535,0.8680119878722886,20
105911963,-6.95650293045802e-05,0.0002948640617097262,0.8476887434570854,20
38657819,-6.958522331947659e-05,0.00027417019287423146,0.8647627563352189,20
4416121,-6.967520837908581e-05,0.0003762083956623952,0.7910957946320456,20
46431023,-6.973846529425288e-05,0.00038091136153673143,0.7884664139025779,20
99112196,-7.012419568634409e-05,0.00016525158441072323,0.9634844126682165,20
20285237,-7.012452113789314e-05,0.00026707525115983373,0.8725933352627983,20
195429151,-7.01816042144171e-05,0.0005428579361862589,0.7150287791146956,20
3864389,-7.019282617060085e-05,0.0001319723941047428,0.985988912240513,20
157974156,-7.021289107291828e-05,0.0001204952498591511,0.9913178907463059,20
33497709,-7.02190383100626e-05,0.0004026150311511585,0.7774926062249345,20
25521414,-7.022887644084764e-05,0.00016319272162891498,0.9653037601233776,20
1016948,-7.030299291012343e-05,0.0003748342184051736,0.793989896575508,20
107406663,-7.036182448517115e-05,0.0002080844873181082,0.92653223511166,20
17253129,-7.044330182398584e-05,0.00024365653951160192,0.8942325157992395,20
39343904,-7.045550319627892e-05,0.00033143369306792435,0.8231472116133541,20
47092856,-7.061168811146323e-05,7.035466806638213e-05,0.9998741584883273,20
6470057,-7.086005216780933e-05,0.0003283783372604841,0.8266740934841215,20
7818887,-7.123002228982544e-05,0.00033526418293152615,0.8230159774870565,20
129366558,-7.141935544235367e-05,0.00032282611667448514,0.8325442668577155,20
96522796,-7.145751054119797e-05,0.0002366665848552071,0.9036048724624962,20
71081941,-7.149530376352465e-05,0.00033353505051780347,0.8251070685807707,20
92812055,-7.149542689075805e-05,0.0004093634547899568,0.7778044850611763,20
86555229,-7.153361501571753e-05,0.00026106000814955733,0.8823044062782485,20
41145835,-7.155733661932395e-05,0.0012838343210290854,0.5970844420131096,20
134971602,-7.176968673304474e-05,0.0004862421743414104,0.7414406096802268,20
44850146,-7.19994160854831e-05,0.00017162879674136738,0.9619541436902611,20
236494162,-7.205722134509262e-05,0.0001590219023278111,0.971505166712049,20
28693399,-7.208440674237593e-05,0.0003034974531729694,0.8492671574026074,20
53246206,-7.220919751363408e-05,0.00011862616924006134,0.9932381265143836,20
17287814,-7.227787847399191e-05,0.00033399447158197383,0.8273459890415121,20
86224202,-7.232381419311484e-05,0.00014306731302837644,0.9821487628026484,20
104718523,-7.238902775142663e-05,0.0003703882784420875,0.8034943848125273,20
52041601,-7.25476609588549e-05,0.00012127943530854851,0.9925154824025588,20
111516808,-7.261280267778225e-05,0.00046930870085418907,0.7513283215518223,20
20826666,-7.281026128153345e-05,0.00035250160680010687,0.8163957061520859,20
73740702,-7.285267093108116e-05,0.00034250998456381064,0.8232847527529883,20
30844575,-7.293137131658967e-05,0.000190946381823169,0.9480492755230799,20
16093865,-7.303337397027154e-05,0.0003258809369269245,0.8355921471530452,20
64693702,-7.311498891249268e-05,0.0005554144639272128,0.718506266327744,20
30293483,-7.315595689223742e-05,0.00028317171784430096,0.8688654461149345,20
77878913,-7.322874893348208e-05,0.0005195435164711897,0.7320096222007679,20
79711059,-7.324359198393749e-05,0.00030567469069391274,0.8513342173481517,20
1411224,-7.330656773548439e-05,0.0005471682335228693,0.7219255038520025,20
60744233,-7.33428754592258e-05,0.0004033347159952099,0.7869167672065189,20
16023669,-7.356823984573657e-05,0.00021328851835068094,0.930283630659851,20
9067655,-7.363412715373218e-05,0.0003353761777550166,0.8307531661449115,20
154195839,-7.365061296280284e-05,0.00029506339739768006,0.8608909380831276,20
78947641,-7.366151998569603e-05,0.0005655342888344037,0.7164607953380746,20
41427756,-7.369359531650688e-05,0.00025368512685898346,0.8952766247800972,20
28527335,-7.372026086962524e-05,0.0003826577260385159,0.8001667245712494,20
21637665,-7.375713813831119e-05,0.0002789249521239012,0.8742187799249531,20
121751674,-7.378050183277086e-05,0.0002812174827173979,0.8724152733736484,20
133259399,-7.389865470004975e-05,0.0002247342726579383,0.9211110071325807,20
96510716,-7.391191478877956e-05,0.00023821427155293283,0.9093390420627857,20
19828492,-7.40359750577374e-05,0.00043347456466951936,0.77282369209505,20
160187959,-7.411648868670684e-05,0.000678839806549314,0.684527932118207,20
62901975,-7.413623852575435e-05,0.0002648630246524621,0.8870769910657837,20
128358212,-7.414470856780819e-05,0.000351381082663936,0.8214059979104,20
80888740,-7.430180602789882e-05,0.0005715992653776905,0.7160743587936129,20
11675117,-7.431794282837523e-05,0.0003915297523748442,0.7967403911063204,20
56413121,-7.443634035648738e-05,0.0005370891185445453,0.7286250636766336,20
78309826,-7.452540019853849e-05,0.0005632748306886013,0.7194855241754474,20
122552373,-7.458179021316291e-05,0.00027356512909363116,0.8811619694663271,20
97948336,-7.462285866555452e-05,0.0004003033091569914,0.7925892623307782,20
107096320,-7.464101739531603e-05,0.000530834855328071,0.7315260240345434,20
9,-7.470878657595825e-05,0.00021970123183769205,0.9276031689161223,20
166193114,-7.499957157050819e-05,0.0006838261968248869,0.6852973022190947,20
46065432,-7.509572329580938e-05,0.00033901175603975355,0.8328445122150688,20
36655523,-7.526097241470076e-05,0.00018340948322118872,0.9589029060890015,20
106357736,-7.52719575990518e-05,0.0004660892207458471,0.760527429778241,20
166398831,-7.555368021802678e-05,0.00042677588923582485,0.7808510025055616,20
151982802,-7.556239717581015e-05,0.00030813347815956596,0.8567574936767539,20
102352552,-7.557433709447781e-05,0.00037446004950070975,0.8109742575998873,20
132081873,-7.563766376988967e-05,0.00023702115299569597,0.9151156929767245,20
119611955,-7.565430469093637e-05,0.00029713507110197204,0.8655008583277244,20
73,-7.570566107392429e-05,0.0006080132112665238,0.7079314612237686,20
110123955,-7.57324109759816e-05,0.0008726317589821984,0.6488791305901871,20
135362939,-7.575806528606899e-05,0.000391981003615112,0.8009057504087359,20
42310211,-7.580346185236398e-05,0.0012870788917114333,0.6024572700626564,20
130986010,-7.583700189075503e-05,0.00020698502711884742,0.9411185384876188,20
120150516,-7.603957109764137e-05,0.0003319775371360746,0.8407307485666508,20
57761261,-7.609044793866482e-05,0.0002225693302846294,0.9286166230115828,20
64,-7.615643984000553e-05,0.00048650297341112025,0.7538136961981017,20
90208883,-7.619797614512314e-05,0.0002661853562260608,0.8920558950948986,20
78880320,-7.639360993839383e-05,0.0005695856604889616,0.7221399883596744,20
81682527,-7.660905082952085e-05,0.00019700993025232482,0.9508966312301124,20
107733993,-7.667524714687068e-05,0.0004385640371945242,0.7780383714614242,20
125143834,-7.673815635171888e-05,0.00033705548957866076,0.8393086441237138,20
124126358,-7.675807005826928e-05,0.000633268559015109,0.7029625088333483,20
51737033,-7.68305829738386e-05,0.0004533343094170897,0.7711050642210355,20
86097013,-7.685492170289576e-05,0.0004398633591498542,0.7778998428594825,20
40642718,-7.721799559596842e-05,0.00021313061689721198,0.9391736361092581,20
25064984,-7.737021394477184e-05,0.00023070020918314763,0.9249533290373484,20
57857544,-7.73820047088869e-05,0.00019890693935929683,0.9509679022603021,20
30366080,-7.739967616503807e-05,0.0001407724700937669,0.9881480869294398,20
169509545,-7.765451952862768e-05,0.0002020024817567613,0.9490854551449213,20
105893925,-7.773475971857846e-05,0.00021774984552319813,0.9365635361013546,20
61465720,-7.78849964094136e-05,0.0003325627687606096,0.8459619696293967,20
18482665,-7.789715380977224e-05,0.0002006047518711282,0.9506762141795705,20
132560452,-7.81543102703619e-05,0.00044696321647152965,0.7780688330271732,20
48051528,-7.842208758049863e-05,0.0002415529721955364,0.9185804830603281,20
98348647,-7.842398838242559e-05,0.00030842863588091695,0.8651884461132107,20
199233710,-7.844367777623262e-05,0.0002341865209871606,0.9247178887548668,20
4615099,-7.844694851677492e-05,0.00015796578952187817,0.980643801836055,20
50049559,-7.866107548772372e-05,0.0003007130331873436,0.8717322959130825,20
103735338,-7.892966794049438e-05,0.00014989320711289962,0.9852840117967192,20
1461778,-7.894507710463073e-05,0.0002525978934871172,0.910843089599878,20
125755186,-7.896899386306556e-05,0.0002467455817556645,0.9157019805156648,20
152694812,-7.898556909675669e-05,0.0003668154804443438,0.8261716036604231,20
93325422,-7.927762655350612e-05,0.00022344732924246228,0.935456530415734,20
34475099,-7.929548800962027e-05,0.0002324108952822007,0.9282370164754516,20
51594712,-7.929992671120434e-05,0.0008281328572485282,0.6633543638358024,20
28630797,-7.939339129962031e-05,0.00044197212582595117,0.7841456304590018,20
8266451,-7.961523365775935e-05,0.00028037921516746727,0.8902712425324665,20
154985501,-7.979466984142647e-05,0.00021785150269583315,0.941067463655929,20
58455591,-7.989834287020492e-05,0.00021689666615486261,0.9420428619105673,20
24437686,-7.997719718967622e-05,0.00042343625763677434,0.7956004103896689,20
86805541,-8.007725580375935e-05,0.0006051089554724248,0.7195264769525218,20
93985655,-8.008123066904072e-05,0.0002721657576033175,0.8980624524309359,20
70298889,-8.026269292173981e-05,0.0005093042798695978,0.7552503377309556,20
54210731,-8.043336002155899e-05,0.00036187627554099943,0.8336454700150133,20
2666837,-8.060962764357138e-05,0.00029774716517613856,0.8795811967932496,20
3065300,-8.098091914013895e-05,0.0006413781690514523,0.7105428595737566,20
12272589,-8.10823147048001e-05,0.00024308001652668606,0.9239069649328022,20
169910008,-8.113907280302978e-05,0.0005302283546550807,0.7489933294826909,20
227909907,-8.114977355080932e-05,0.00024905804062634753,0.9192965532149657,20
69596862,-8.115224518784325e-05,0.0016190620292194436,0.587485979085891,20
105091910,-8.115422461733024e-05,0.0003124390949164421,0.8701105398221917,20
51641256,-8.127372279684297e-05,0.0003416186532575954,0.8496577876404838,20
1817310,-8.131256551595356e-05,0.00043502136860805115,0.7932039384250154,20
61655944,-8.145560354411441e-05,0.00034512186573299575,0.8477858268221342,20
127357767,-8.152024713867223e-05,0.0003285662193120824,0.8594860123357212,20
119535674,-8.174444674687864e-05,0.0005136094005379011,0.7573724997832347,20
34052945,-8.177239541647397e-05,0.00024011988795842368,0.9278824409601142,20
64268981,-8.189530420304736e-05,0.00038217286200014283,0.8250328919575439,20
136190779,-8.200899322049481e-05,0.00030341603390971275,0.8792071221565363,20
97231778,-8.209416837182958e-05,0.0004620095706123407,0.7816845774969816,20
147977989,-8.23505567110444e-05,0.00012947317114679036,0.9948165690912865,20
28694440,-8.245829584933306e-05,0.0007235947123696335,0.6919099877664387,20
35505197,-8.257566843900832e-05,0.00034925260162985296,0.8481992868469883,20
247327891,-8.27598116536321e-05,0.0013196312048068734,0.6089248871821458,20
39662308,-8.27794926949843e-05,0.00028800124955541813,0.8929524843374509,20
100653020,-8.278192049216149e-05,0.0001915714145056178,0.965827435723773,20
180210791,-8.29180117320305e-05,0.00033635262305335055,0.857987817073302,20
175682539,-8.299672637481493e-05,0.00018406343889317003,0.9709494548067258,20
30615057,-8.300024170723452e-05,0.00033686696689975455,0.8578624723678778,20
120136417,-8.303683416938933e-05,0.000329904637067259,0.8628307151772199,20
34443120,-8.312645388154071e-05,0.0002369970244811738,0.9333770169865286,20
125544307,-8.314451028738069e-05,0.00022266601511571708,0.9443356201424445,20
92517888,-8.323727087462262e-05,0.0003101000895490061,0.8776339690913324,20
34056713,-8.333999266886827e-05,0.00011339449557513649,0.9980606248183483,20
6667555,-8.339518655881006e-05,0.000192279896719592,0.9662920753701766,20
151174295,-8.356849486052254e-05,0.00043722770477435644,0.7983362091396735,20
119353493,-8.368716498028395e-05,0.00021850920769437673,0.9484884958078448,20
66665292,-8.371766489824184e-05,0.0003001092754795444,0.8863202781187152,20
113701962,-8.374032514877061e-05,0.0003537365914016499,0.8484926852418178,20
36858145,-8.374939059204445e-05,0.0005087352754582232,0.7647038035976719,20
167708818,-8.385085309332851e-05,0.00017745232594393087,0.9759798667488256,20
124817389,-8.407738489416561e-05,0.00027519253199379044,0.9061062622641008,20
70679237,-8.415160584656633e-05,0.00028826966511730754,0.8963454740977589,20
58448252,-8.427895685383935e-05,0.0004465118874412723,0.7954457539181528,20
114664651,-8.435321706594945e-05,0.0003528830127449837,0.8507726678806019,20
42828595,-8.458705656791688e-05,0.00022202316833949484,0.9476411707326641,20
136261507,-8.471868879183497e-05,0.0008478434047206073,0.6699885571343127,20
59456384,-8.478416121082688e-05,0.00043419707852765545,0.8032872885775397,20
3664025,-8.480682049224198e-05,0.000215424357606618,0.9527994988348855,20
7866171,-8.485474260021553e-05,0.00047197674007636535,0.78433655276579,20
3602977,-8.497562941968128e-05,0.0003666339839679189,0.8435133152126573,20
66694847,-8.517878816363678e-05,0.0002900236078390847,0.8976636589951213,20
3202697,-8.528832352207027e-05,0.00048103234269727073,0.7811932892042297,20
20036572,-8.529907856158203e-05,0.00029336430771371747,0.895478892047318,20
140761280,-8.546562617662845e-05,0.00032305122406584724,0.874325958360204,20
156898684,-8.555397710023893e-05,0.0003258364164984906,0.8725956172937899,20
66084646,-8.565571722234932e-05,0.0005225619079431698,0.763761993991654,20
860945,-8.576177181960354e-05,0.0005082253534637452,0.770147833607177,20
98129191,-8.602438428613746e-05,0.00026588720762441665,0.9178889848238276,20
118349422,-8.606487332707969e-05,0.0003875142715850275,0.833462078554799,20
193625751,-8.61281492094218e-05,0.00019797243202685047,0.9666757042704421,20
127157763,-8.614303197564122e-05,0.00040761125206624407,0.8217697835845897,20
119950355,-8.619699508404522e-05,0.000472954795688286,0.7874302056420395,20
23285018,-8.629079173583798e-05,0.0002807179490089147,0.9073897932887087,20
99125956,-8.669547398449107e-05,0.0006909081673583847,0.7093782911732609,20
117610274,-8.67513982431345e-05,0.0003984039686960957,0.8288031689814466,20
17899701,-8.675577646463928e-05,0.0002992263266848757,0.8948558825799646,20
18677882,-8.683392841161153e-05,0.0007899578195520578,0.6856789390966009,20
82692515,-8.705938541821168e-05,0.0004951999405351706,0.7792857496451329,20
119149676,-8.707088279450437e-05,0.0002520721422468237,0.9305520808863937,20
33018462,-8.708877554899075e-05,0.00029871293180083964,0.8960669748175003,20
131320918,-8.717752295300529e-05,0.00021672179920991633,0.9560333956663088,20
76689046,-8.729920702879312e-05,0.00033291411603333026,0.8722983620372273,20
63405625,-8.740585424522884e-05,0.00044613549650169497,0.8040599014377643,20
80846656,-8.741069292169667e-05,0.00020078011337620145,0.9667626414382031,20
13871127,-8.741308559058747e-05,0.00028020357071501905,0.9104653845934448,20
43705601,-8.742231847600202e-05,0.00032851806660944564,0.875664356264773,20
178608316,-8.765512299256372e-05,0.00026094601329322857,0.9252643054868896,20
101351995,-8.773956869261024e-05,0.0001547845065751692,0.9899052260407835,20
28870129,-8.795543978574738e-05,0.0005325341082749776,0.7654224862652987,20
27900578,-8.822742479086543e-05,0.00017989717548471274,0.9795342310638688,20
24294074,-8.837848578559515e-05,0.0001610575015180497,0.9880272199774343,20
1260932,-8.842055784774594e-05,0.00032285679221279715,0.882186788753722,20
14023513,-8.852330132959607e-05,0.0007319118655012561,0.70256771427505,20
173679727,-8.852374099426186e-05,0.0004118283547443692,0.8257614889858945,20
70899149,-8.855257604335476e-05,0.00020502155496587642,0.965768255276131,20
101933160,-8.883506408865482e-05,0.0005321014225336201,0.7677866297577844,20
56259050,-8.912612785416663e-05,0.0002156463519778165,0.9599091545033686,20
63622181,-8.919189484492829e-05,0.00037794404148870013,0.8477584374076915,20
38044662,-8.926282049428468e-05,0.0003731109085774062,0.8509681620710825,20
57725586,-8.927587987973273e-05,0.00026184829686889466,0.9281030180424296,20
151854967,-8.931763854795605e-05,0.0004099190265252187,0.8289584916512291,20
57069595,-8.935178476172922e-05,0.0003042289773962566,0.8976659298452463,20
124714491,-8.9499273334126e-05,0.0003217117937086597,0.8857098639649088,20
76963674,-8.95115658988671e-05,0.00018978753485631144,0.975790411327472,20
178408795,-8.953565673064101e-05,0.00016279916992166057,0.9881653026907677,20
57601097,-8.964554381272471e-05,0.00022596003872475448,0.9539749142288623,20
154095972,-8.971125357324638e-05,0.0004302557112712954,0.8186039385915149,20
56455737,-8.976964519101238e-05,0.00040066970527456166,0.8355273322574255,20
57414311,-8.981583132821325e-05,0.00031056086060498385,0.8943054134201467,20
98525695,-8.983298456355649e-05,0.0005056479887585682,0.7816462430903849,20
30469293,-8.989950294275296e-05,0.00021265839309742677,0.9629827048262979,20
32636083,-8.990082332069605e-05,0.00013764109988877225,0.9956177181300027,20
24240228,-8.990867854946071e-05,0.00013850463280358342,0.995441165942582,20
20955577,-9.001606123490991e-05,0.00022020486213355226,0.9583623361491698,20
105111400,-9.011730346659142e-05,0.0006966616284125018,0.7151385149745659,20
133561129,-9.027610173182876e-05,0.00037180232262619574,0.8544378732134865,20
18444280,-9.032527465836493e-05,0.00019655431775412888,0.9730620386806687,20
10026833,-9.057824949183501e-05,0.00029358667296949147,0.9081579815475058,20
21022038,-9.058680281809061e-05,0.0005156228057380378,0.7791293792105591,20
65684251,-9.063204582904494e-05,0.00021213601183385616,0.9643709520239041,20
32894699,-9.064067677884146e-05,0.0002897346698786779,0.9110465036451807,20
84291241,-9.111561532112733e-05,0.0005958134734887856,0.7488549401229012,20
101489665,-9.120020393131867e-05,0.0002401466508707985,0.9471231419066314,20
126956492,-9.134455519684004e-05,0.00027508185688910974,0.9230308092234727,20
9070744,-9.155307130229162e-05,0.0005800472229473465,0.7555827481129505,20
129358339,-9.156090470265055e-05,0.0006531302110589177,0.730919778196242,20
48835476,-9.156700874281832e-05,0.00025636435697034643,0.9366555670283788,20
19685095,-9.16608140194869e-05,0.000401448969205971,0.8399833352285111,20
143772471,-9.178608267901011e-05,0.00017097512049448328,0.9866202044789892,20
47408449,-9.179863651552489e-05,0.0003740101599672439,0.856965210993327,20
129079118,-9.191910186822916e-05,0.00045494731297063783,0.8112301448235901,20
15479795,-9.198923303030404e-05,0.00034142734536873307,0.878483499609117,20
91056553,-9.199821909876282e-05,0.00041847213497209467,0.8310602776557625,20
138959151,-9.213351815508808e-05,0.0004243615180013975,0.8281136698640088,20
16673613,-9.22195517768537e-05,0.0003011238138786351,0.9066081566902608,20
35021037,-9.223185523682676e-05,0.00039805695988689673,0.8434450329205019,20
94306378,-9.224047491784016e-05,0.00042301556745396896,0.829135354116791,20
80219866,-9.229498405801396e-05,0.0003336828184962686,0.8844152132653672,20
168272870,-9.234026756902159e-05,0.0003963479750838352,0.8447344105451098,20
209663702,-9.234969042567764e-05,0.0005147687517758677,0.7838504220603206,20
111945784,-9.23560748425284e-05,0.00028448647953773854,0.918570289436772,20
51656358,-9.238015031755865e-05,0.0002926180464238362,0.9129207033017468,20
9618077,-9.241920840013795e-05,0.0002607591560974597,0.9352687230264857,20
20084917,-9.2461983788511e-05,0.001551334401509415,0.603655121406572,20
28033381,-9.25889794888446e-05,0.0001746297645793014,0.9857699048512398,20
47252263,-9.265211855000177e-05,0.00038550720796998216,0.852043249084835,20
197244125,-9.273346300757157e-05,0.00018696636137788554,0.9805354429306012,20
57013397,-9.277357937237107e-05,0.0005767901438064718,0.7596504362494536,20
5404262,-9.281517462667033e-05,0.00035625402670549,0.870806689582299,20
135590420,-9.282507935231e-05,0.0006004827840672855,0.7511376999460102,20
8066271,-9.296772130525377e-05,0.0002689140456473274,0.9307109858296949,20
161803309,-9.31091617545593e-05,0.0002783570360590873,0.9244482436203728,20
188233524,-9.31279477221908e-05,0.00035406063758415806,0.8729979824767372,20
88176397,-9.330384857722807e-05,0.0002668633080684763,0.9327927434967173,20
29364454,-9.361290661600297e-05,0.0002918950029724023,0.9161218931034478,20
192626826,-9.367012736826164e-05,0.0003206521088835245,0.8964976129314988,20
189621974,-9.39571833853875e-05,0.00042256587876425946,0.8337320262848797,20
147537606,-9.406943588151362e-05,0.00013143853828598913,0.9976464399474769,20
109452834,-9.425580351964946e-05,0.00015861307409286872,0.9922268473797441,20
69997816,-9.460842313634699e-05,0.0001630628921732852,0.9911077003007214,20
80967238,-9.465082018335347e-05,0.00107016387062062,0.6515743392637731,20
13834572,-9.472316610817933e-05,0.00026668699631952555,0.9356548782777426,20
11024148,-9.472626591580102e-05,0.0004785892690384213,0.8064325570455206,20
28230642,-9.47588660448001e-05,0.003245739700750944,0.5512533824851115,20
47650686,-9.481628793901186e-05,0.0002753852626031121,0.9299477779229536,20
104510240,-9.482935051694508e-05,0.00035238345983511546,0.8782158996624604,20
39744102,-9.486238020502414e-05,0.0011136710421885021,0.6462616747184871,20
112126586,-9.488235152708136e-05,0.00023097282508243212,0.9590577905470635,20
69467040,-9.494252449534225e-05,0.000189712860665332,0.9813068497912423,20
37242504,-9.498562224657947e-05,0.0003094848633377675,0.9070632708366012,20
44606492,-9.501012162565769e-05,0.00017110601739617673,0.9887394227699702,20
31894355,-9.511133640290048e-05,0.00031203393578250473,0.9056147283559522,20
97912364,-9.54623041267616e-05,0.00027903496499028717,0.9287505617911194,20
3618212,-9.56637097743157e-05,0.00024515750205183026,0.951438538497254,20
57561260,-9.567718977026019e-05,0.00031613090784731623,0.904109012821379,20
174014949,-9.590149233139889e-05,0.000131099330552899,0.9979923336448264,20
43261530,-9.590360032225575e-05,0.0002919733435589132,0.9208951499393472,20
59765696,-9.594117602958474e-05,0.0004997534978414657,0.7993539637668335,20
137191729,-9.596053707279784e-05,0.0002343208414412119,0.9586204556775384,20
46787594,-9.628875251748991e-05,0.00018490232800349155,0.9844727615396761,20
105156412,-9.63187642891411e-05,0.0005313866345868842,0.786188221790818,20
30444009,-9.633305878079535e-05,0.0006246106548584148,0.7506496889128439,20
12470239,-9.636744792536623e-05,0.00029863158766208343,0.917367376970652,20
34019487,-9.638489279782114e-05,0.0006102724430341315,0.7557189338833956,20
28069396,-9.641633296981755e-05,0.0004261819860138917,0.8378138223196872,20
46861604,-9.657382879782739e-05,0.0008901831080809947,0.683449094187111,20
5470410,-9.662032718420477e-05,0.0003925739240739863,0.8576076463795044,20
64453699,-9.662795969465343e-05,0.0002688870410203041,0.9377401225505213,20
79280838,-9.665802764258213e-05,0.0002362624548587629,0.9584770417569785,20
83322217,-9.669980190357697e-05,0.00016655015440723844,0.9911423036422246,20
112007180,-9.673409182379134e-05,0.00047275875520370094,0.8141889257764022,20
56755223,-9.682975424026851e-05,0.0003730120197761587,0.8699727809510704,20
82084646,-9.683741953820934e-05,0.0004230456674193287,0.8405815542563825,20
67865802,-9.695183095195792e-05,0.00033981875949594235,0.891319115902782,20
41486835,-9.695641101734598e-05,0.0006652099751090198,0.7388400431369071,20
72874041,-9.707053873922455e-05,0.00038386306948793935,0.8639156688605603,20
68887832,-9.716015776571607e-05,0.00029296572419706626,0.9227840015237041,20
65254054,-9.718147636082752e-05,0.00041051482679038025,0.8484926792362717,20
121576517,-9.748495629332831e-05,0.00031741157796632603,0.9072065179341432,20
39241103,-9.765711420580691e-05,0.00039092254694003735,0.8610797317076914,20
210293333,-9.770430916653528e-05,0.00036370292606674665,0.8778178236630583,20
3212105,-9.78394877767963e-05,0.00030114802630471307,0.9187220615242631,20
107333422,-9.786256942564686e-05,0.00040204542172434074,0.8550204568568206,20
38501229,-9.78813476972623e-05,0.00022280489253741995,0.9678761118180161,20
44249687,-9.799361457291656e-05,0.0007471616291792961,0.7177916953812161,20
81483550,-9.805185320239108e-05,0.00038647408868609307,0.8646765920383019,20
203656524,-9.807973141021387e-05,0.00026137474084115034,0.9451546093873239,20
70488854,-9.817964852850136e-05,0.00021471427542578772,0.9725162402213706,20
184416453,-9.82485304745484e-05,0.0004729583412740688,0.8177302598896556,20
28643173,-9.825363348541505e-05,0.0004216155258614473,0.8447981072605972,20
41682303,-9.832167053175078e-05,0.0004317940212774509,0.8393426504027729,20
76633561,-9.847278521935566e-05,0.00024104571975185014,0.9582716824073325,20
5204196,-9.860470822604107e-05,0.0001782560113382114,0.9885141357511904,20
105318970,-9.86316333809384e-05,0.000448090167963281,0.8313522020846055,20
49453987,-9.864093438902433e-05,0.00019985970757994148,0.9801016711354936,20
87438598,-9.864668409181044e-05,0.0002798045200332525,0.9343128373301025,20
113101368,-9.871702028867446e-05,0.00023064032113305987,0.964606329098115,20
119936272,-9.873192258090802e-05,0.00023263318459428636,0.9635037178969409,20
154380435,-9.880081538984065e-05,0.0002349095961851024,0.9623016549945224,20
178886827,-9.933215774818872e-05,0.0003047135114749528,0.9193933510681164,20
115720514,-9.936950631516672e-05,0.00045558225851744785,0.8292010767519501,20
90441008,-9.952475138319816e-05,0.0003043182762845457,0.9200353919673313,20
121873143,-9.954091004089338e-05,0.0016451222483875498,0.6051895972206888,20
67027118,-9.954346959558657e-05,0.0007611538486357442,0.717239858500542,20
66485375,-9.960464267287639e-05,0.00021752150632050614,0.972672387366914,20
37458865,-9.982792213936442e-05,0.0004144821658278968,0.8525417838492577,20
29671327,-9.98470491664627e-05,0.00017300057324102575,0.99084569735636,20
39301918,-9.991875812244144e-05,0.0007077902625906036,0.7323269984195366,20
43443120,-0.00010006508470268849,0.00013603527184528314,0.9980728040158632,20
190636014,-0.0001000733226951267,0.00023271369973935205,0.9652100397551648,20
30068583,-0.00010010017177853048,0.0003314741077251016,0.9036412385697663,20
169875372,-0.00010014367232609178,0.00019170118499203768,0.9847055343969647,20
63092120,-0.00010024011631758756,0.0003031883036924906,0.9221795076117265,20
64172189,-0.0001002737623927441,0.0008627886334306373,0.6953811090178383,20
69480593,-0.00010036525354724935,0.0003688311607171556,0.880736980078936,20
180010702,-0.00010050872398403854,0.00023219535170232577,0.966044090241489,20
123780388,-0.00010055589230572592,0.00017892174993202606,0.9894325267221448,20
25634038,-0.00010061689415162556,0.00021600167559726081,0.9745093990082911,20
11669216,-0.00010062651489924357,0.0003345398246307761,0.9027976033908702,20
26067566,-0.00010079609465809824,0.00019726246242944066,0.9830151151580664,20
49355038,-0.00010101056956673404,0.0003354438975639234,0.9030343410363868,20
138031907,-0.00010131159426337577,0.00041082499034460207,0.8580675100598619,20
52518786,-0.00010166350757191689,0.0015809820732028811,0.6116078875386002,20
48442384,-0.00010177713768993734,0.000443945403096167,0.8409421655255793,20
97638548,-0.00010196754902241367,0.00029044617082554433,0.9335452170919143,20
166798929,-0.00010200053533973019,0.00037359993188029034,0.8814863953551192,20
154777157,-0.00010208765049189716,0.00030598395334407096,0.9239506008524181,20
45067768,-0.00010209483948460107,0.0004162625183485362,0.8567949737518389,20
99349616,-0.00010209638942038912,0.00041686095866651197,0.8564627035953747,20
95081744,-0.00010210638699735264,0.00028316150712437053,0.938343825471674,20
50758040,-0.00010223007184729515,0.000422671808597507,0.8535289480632378,20
24638067,-0.0001024671411257394,0.0003227116194072923,0.9140940421467628,20
42628558,-0.0001025929065668535,0.0004680255992006953,0.8303737579373678,20
123742029,-0.00010271696882893366,0.00030103727618245677,0.9282500469622332,20
48642428,-0.00010273034065723108,0.00020325607495997182,0.9821325372596961,20
111810753,-0.00010278631171484476,0.0007512836519859191,0.7260559155737905,20
23663653,-0.00010278834123209069,0.0002584679802156006,0.9543352632528651,20
118210835,-0.00010287533464611309,0.00021313482893959014,0.9780582934802542,20
37,-0.00010293559267440244,0.00015727926144932413,0.9956744158345683,20
80399193,-0.00010297556791105389,0.00038072509470211437,0.8793636820128266,20
7870148,-0.00010312139067157055,0.00023974715933096165,0.9652391587285896,20
28834019,-0.00010372469165393916,0.0008759214008535933,0.6987317245827791,20
115340404,-0.00010372766230176411,0.001779558613451711,0.6014257852903951,20
55058509,-0.00010387560354358782,0.0004879654009209076,0.8234755460943054,20
153384069,-0.0001039381101887532,0.0004573832730864135,0.8388661488685154,20
132960759,-0.00010414122207551557,0.0019391290965225262,0.5936172374538693,20
51454207,-0.00010417362543984066,0.00048080819495954297,0.8276278711291509,20
74503753,-0.00010420607177017427,0.00032869085561203237,0.9137817706573836,20
46852033,-0.00010423739111930507,0.00041273285326739995,0.8636181259971045,20
14077042,-0.00010442176554497363,0.0005355031621953182,0.8029674744292863,20
27290514,-0.00010452902424523402,0.00027215048376405803,0.9489450179111838,20
76395555,-0.00010455081487489859,0.00013559372659738826,0.9986533070790632,20
79748478,-0.00010461755419906849,0.0004452094567080533,0.8467526982946455,20
81421353,-0.00010483152738932633,0.00022691057407755292,0.9736363420334276,20
218673765,-0.00010494560623459936,0.0002318762884210283,0.9713718707575979,20
9826757,-0.0001049512649837825,0.00034755436895265405,0.9036313060412665,20
42347659,-0.00010505724525384785,0.00024619773149581246,0.9642137615894305,20
10600605,-0.00010532370588087759,0.0017331972235184487,0.6056330311045652,20
74092923,-0.00010537316507778782,0.0003048956038855049,0.9306510470959617,20
146650394,-0.0001053769664914217,0.00036575392373168703,0.8934726302167985,20
1665272,-0.00010543014433286036,0.00019820162951150535,0.9859965400873523,20
157184238,-0.0001054762764952838,0.00019528715299761253,0.9870214669335112,20
78644250,-0.0001055381841258085,0.00023210192451958886,0.9718955385117867,20
82768986,-0.00010565190417441973,0.00024220510534575637,0.9670054418907336,20
78244157,-0.00010571611307916562,0.0005342402590202352,0.8063774398058324,20
18817107,-0.00010583718507711226,0.00024330581974007639,0.9666600439231899,20
61820294,-0.00010604952217413144,0.0003354582411087184,0.9132002704779209,20
123753867,-0.00010608394349540529,0.0004600640367126936,0.8423039817728992,20
86774931,-0.00010618361613184968,0.0002617875293120985,0.9572439910692858,20
19114217,-0.00010621700216428553,0.00023838340182595524,0.9695684815775072,20
115653150,-0.0001063166880026667,0.0004235407815574987,0.8622011321922632,20
5464325,-0.00010647677179586035,0.00024972719845655473,0.9641079380582966,20
31622768,-0.0001066046009708721,0.00034555579219955606,0.9081436283959874,20
161789937,-0.0001066102658970447,0.0003317911874248452,0.9165053469446061,20
110645608,-0.00010668769019417935,0.00012158366399632891,0.9995445103360631,20
26440960,-0.00010676111087556118,0.0003534136973491885,0.9037119721246273,20
73192086,-0.00010680965435761192,0.00030132099257477264,0.9352929783390862,20
162990110,-0.00010684381124747566,0.00041617489797818606,0.867415823486826,20
11427832,-0.00010684820440199916,0.00046910719624974174,0.839409128379514,20
10419433,-0.00010685013274705502,0.00022232923256677127,0.9776456395178897,20
208862450,-0.00010699021711517431,0.00019817281447316427,0.9869941940775486,20
85316978,-0.00010700716894316842,0.00043991078628838657,0.854862421057197,20
34898549,-0.00010708654539539619,0.00024255832714891416,0.9684732276346232,20
14678245,-0.00010712045779051049,0.00040888675655220686,0.8720822891001689,20
94338348,-0.00010717942389676938,0.0003347534576459731,0.9157854501762461,20
128346861,-0.00010721765227923452,0.0005795612843490029,0.790841526903713,20
8666804,-0.0001072257945892524,0.000493015751458127,0.8285241660378666,20
38861066,-0.0001072400915268501,0.0002596190339144178,0.9598314138488698,20
56856423,-0.00010724669567791223,0.00033823533775964836,0.9138097627059378,20
47309757,-0.00010730612248291416,0.0005611239144658864,0.7984588644156392,20
174202219,-0.00010733542267216123,0.000300877816317333,0.9364383144374282,20
88439429,-0.0001073498734352557,0.00031551885854044873,0.9277067510411031,20
49605671,-0.00010744196258812843,0.0004903658257924904,0.8302684980306303,20
127557672,-0.00010756943765191929,0.00017607886696057386,0.9933807770766718,20
44085579,-0.00010757503774553589,0.00030383247021295866,0.9350837458791187,20
4614149,-0.00010762990865585964,0.00027398926890715764,0.9524690227850738,20
49321410,-0.00010788419869962041,0.00023826581466658575,0.9714208480489468,20
21,-0.00010792220650594486,0.0005904146096683162,0.7881019164332046,20
69457409,-0.00010792954825730727,0.0004180021789131095,0.8687390067264935,20
104090499,-0.00010798082484257398,0.0003233246413962697,0.924144033901678,20
6215926,-0.00010803139056466959,0.0012686477547566102,0.646220655669477,20
129070177,-0.00010811500806319763,0.0003079871608102937,0.9335271636178498,20
16424407,-0.00010815394437953541,0.0001690518292942506,0.9950021317163629,20
11621846,-0.00010833681969394105,0.00025399415568323996,0.9641569343234278,20
125217535,-0.00010847000140919161,0.00023269811557242672,0.9745824707660581,20
49252825,-0.0001085123587614062,0.0008238350751769278,0.718617515524708,20
201252335,-0.00010860070108308362,0.00043428638953382835,0.8613173179359165,20
114929512,-0.00010866598601125266,0.0003575932350378851,0.9049693283396426,20
137564194,-0.00010879642773422294,0.0005992218315987597,0.7865684689518919,20
92042416,-0.00010887910424876301,0.0005481202627189798,0.8072692460137081,20
21627842,-0.00010890248492791132,0.0001627219368643114,0.9962616565224697,20
55895026,-0.00010902516036214172,0.0002905767685768775,0.9451355839973911,20
34876961,-0.00010903483445859341,0.00037158223868929583,0.897469969450669,20
183414572,-0.00010923989919298937,0.0001894946399953446,0.9907872513688547,20
115208843,-0.00010947572868728051,0.00024279772124609881,0.9709441462908193,20
35477265,-0.00010953855734321671,0.00034658490573631965,0.9131470534059528,20
12629415,-0.00010954206523715593,0.0005026811911672387,0.8289851452589645,20
89475684,-0.00010962122806836561,0.00022772528439816893,0.9778011145007857,20
33272665,-0.0001096607037265801,0.0003260935086827097,0.9254779604685262,20
172213091,-0.00010971057275720175,0.00019192394790223542,0.9903530596216261,20
113663529,-0.00010987305275112768,0.00026605556833165237,0.9597987196537046,20
34456770,-0.00010987329186072925,0.00042225572888099133,0.8705191757135538,20
94681174,-0.00011007104299105009,0.0003230707222233483,0.9279683406658696,20
59002054,-0.00011020914114212577,0.00033574259137535666,0.9207676905766142,20
51273692,-0.00011043334283325212,0.00016473800469540018,0.9963022259408782,20
6468261,-0.00011044742084594938,0.000362020686045076,0.905805085670969,20
11220127,-0.00011052013956451834,0.0010051830845490743,0.6857224240992474,20
27666843,-0.00011052838463979919,0.00029786344892680945,0.943282414780178,20
53466772,-0.00011063109504231284,0.00021568396262553017,0.9833165294249101,20
89240263,-0.00011068653944409367,0.00020221112964838965,0.9878739841068923,20
22428241,-0.00011086791424787801,0.0003746904431798121,0.8992750268578842,20
77101748,-0.00011099442680417016,0.00020678226840283465,0.986611580481359,20
50197435,-0.0001110881602229774,0.000461119186955938,0.8526003007961622,20
120375512,-0.00011109345277670324,0.00021422183984343116,0.9841605866085339,20
51865608,-0.00011128299544156672,0.00037403742169073086,0.9004554585344506,20
76488846,-0.00011132660674517125,0.00024325024559031342,0.9726138025659967,20
57647842,-0.00011136295791634443,0.00022555758887474596,0.9801325587232248,20
53119099,-0.0001114191445508561,0.00027560828996177475,0.9567626324182312,20
150340718,-0.0001116039208129943,0.0019607752458349133,0.5990958658188833,20
49636822,-0.00011175526354706144,0.00018361816968662616,0.9932326556660989,20
8467037,-0.00011193915718255842,0.0003867414437983998,0.8944844642770455,20
33536376,-0.00011195825615633037,0.0006174453627286261,0.7862705165363965,20
76366876,-0.00011200871691579018,0.0003238258466529638,0.9308059273458276,20
162903707,-0.00011203745147147781,0.00043464305830264046,0.8683503518379588,20
78687516,-0.00011207991219661927,0.0002898755074104455,0.9500010564659168,20
54557888,-0.0001121144103667454,0.0002103552243506844,0.9861313524528267,20
87605926,-0.00011221079035729498,0.00024431348341415074,0.9730020392613005,20
43568801,-0.00011232139359685644,0.00015650328898544186,0.9976932208177587,20
127189344,-0.00011234646756644595,0.0005330245148701039,0.8211410996169182,20
57662473,-0.00011248998191755455,0.00025744164329222837,0.9672161644696329,20
56660901,-0.00011258697843454235,0.00021317218007619598,0.9854971280491328,20
66273454,-0.00011261948101204678,0.00020070562343377674,0.9893430832078878,20
87405761,-0.0001127339018371587,0.000377280336956957,0.9013828260266706,20
29764960,-0.0001127872227523502,0.00040505751220719995,0.8859111790346429,20
92279983,-0.00011280567377833228,0.0002561444343884763,0.9681752863256116,20
9287478,-0.0001129984718123006,0.0003617620841752143,0.9107260087384411,20
138765060,-0.00011306053156990015,0.0001695392550550142,0.9961723725248591,20
42140266,-0.00011326597383823356,0.0006841757216113256,0.76593562873427,20
19803902,-0.00011336481468301186,0.00026191758137938264,0.9660334706842216,20
87911927,-0.0001133974448989633,0.00031312620510270516,0.9390975822567753,20
172803147,-0.00011376574601005274,0.00028504412359485573,0.9548735661281231,20
21030273,-0.00011380676871738105,0.0001824118512384974,0.994164542320311,20
15075433,-0.00011381290078927852,0.00017754057814367737,0.9950646548486329,20
30529316,-0.00011390139751430716,0.00018823792959161517,0.9929974831342893,20
6617744,-0.00011417157175565573,0.00029517932961217914,0.9500576688916241,20
181214349,-0.00011425766274122673,0.00016995209228937763,0.9963724466992886,20
152593741,-0.00011442016044509173,0.00043944490041327903,0.8706683671530373,20
102328197,-0.00011454553275871693,0.0003738496889743666,0.9067065612036831,20
42460730,-0.00011463620552080722,0.0004629934701566754,0.8590050294258806,20
55158618,-0.00011466444119924702,0.00018357000709372373,0.9942061995538196,20
55064573,-0.00011480909371422432,0.00024777402952830334,0.9739518327864634,20
48146508,-0.00011491631337476049,0.0002523267763001399,0.9720720770777045,20
219300973,-0.00011497750198901091,0.0004520467177455068,0.8652606592068898,20
3813113,-0.00011533103702454639,0.00019051316404957534,0.9930162335281532,20
54320299,-0.00011535164027167699,0.0002687422032842884,0.9649714953051746,20
61861621,-0.00011552053772605764,0.00018088785330543455,0.9949461597672044,20
10219129,-0.00011558865348604286,0.0002690031119241608,0.9651102939040417,20
113543445,-0.00011560484079292388,0.00036483175535839885,0.9136773582806378,20
19714903,-0.00011571056328577301,0.00021214589269187082,0.9876504666101635,20
156998495,-0.00011583480640866007,0.00034332911899149853,0.9261053426526443,20
93812665,-0.00011601874557022051,0.0003019946842895861,0.9489821754414749,20
44751856,-0.0001163525833567075,0.0003460384909029751,0.9254526081299145,20
38299804,-0.00011636179839875083,0.0005747192030838519,0.8117196974556967,20
195242436,-0.00011642216183558873,0.0002832209098518446,0.9591505191465591,20
47833625,-0.0001164553565749904,0.00023818398847914066,0.9792556161166235,20
45527127,-0.00011650323163135412,0.00032272032723921964,0.9385434871552769,20
29470994,-0.00011652754534452747,0.00020507118706466292,0.9900363214449077,20
41042779,-0.0001166539373989084,0.00013234474902225913,0.9995625509713634,20
62258977,-0.00011673764097618056,0.0003386086066301893,0.9301933686389257,20
118669178,-0.00011681318524223439,0.00021736432729700704,0.9866907921530099,20
81847046,-0.00011696481314046325,0.0007902533395519988,0.7420137060435306,20
96883271,-0.00011716218895640728,0.0003128729914203166,0.944811739560845,20
26835226,-0.00011750477122860482,0.0003221363164321548,0.9403529144856199,20
54057274,-0.0001176471337314744,0.00018099714620085987,0.9954793674152395,20
36822215,-0.00011771488937945552,0.0004619778955411449,0.8656771423539155,20
167594753,-0.00011772379861776095,0.00011586731966726566,0.9998889981554303,20
123726133,-0.00011782524579829478,0.00021421375369411611,0.9881719303243355,20
7196945,-0.00011799329900193112,0.00019873682981091383,0.9921869154615582,20
129221880,-0.00011802752168064423,0.0002570244452069517,0.9729823990722425,20
115065082,-0.00011813714486678394,0.00039035860482045445,0.9040998536848555,20
77396033,-0.00011841728506598315,0.0012005248505949665,0.6679483890631739,20
17228286,-0.0001184517809958624,0.0007884191520567537,0.7451296784441712,20
68094969,-0.00011855996858291251,0.0009776194864184286,0.7030603636565207,20
13812283,-0.00011864863350488641,0.0003219301770499735,0.9421277743597422,20
68266342,-0.00011889284402254174,0.00027402242743468103,0.9663389780900546,20
10838413,-0.00011890748567711663,0.00046061332460538344,0.8686916594606882,20
90841271,-0.00011896015373843715,0.0003898435621022916,0.9058482946457773,20
131569668,-0.00011900734898686039,0.0002636776044609059,0.9710563457070064,20
62665549,-0.0001194222979071069,0.0002392649269026664,0.9810796153495174,20
36422045,-0.00011942484801366893,0.0009604343541392262,0.7076789607468436,20
175015282,-0.00011945273977965742,0.00027105257793252587,0.9682578301275776,20
81621422,-0.00011957122103685991,0.0003580210609250158,0.9241486086602071,20
27089886,-0.00011971866737999215,0.00020389908792902323,0.9916790294038064,20
127989751,-0.00011979393321310262,0.00035126386151791705,0.9281539841099329,20
49957317,-0.00012006707130980676,0.00022049010784037687,0.9875481004757133,20
95214337,-0.00012012487405360928,0.00031713937542543355,0.9466964479895595,20
82292233,-0.00012019000030090988,0.0004285650538629113,0.8875095657665828,20
57269661,-0.00012027284524376015,0.00036579858963906394,0.9210921032977833,20
177885142,-0.00012029274813162016,0.0002326141963237454,0.9839472078230896,20
43042950,-0.00012033782760844103,0.0003781632450497359,0.9145409692452741,20
40121121,-0.00012034759378725945,0.0003305166192846589,0.9400448178448794,20
93305152,-0.00012044080529805546,0.0005179869465080604,0.8442685102421782,20
171598212,-0.00012060001534331954,0.0003761502450765033,0.9160646456289951,20
11669548,-0.00012082891007980378,0.0002973796104832038,0.9574936621980537,20
234692189,-0.00012097045957580321,0.0006034565216859381,0.8093966870627434,20
107959027,-0.00012107755196361924,0.0001705372023148864,0.9975077712308182,20
18,-0.000121248383871142,0.0003833369697103118,0.9133063118192588,20
140465673,-0.0001213129601186247,0.0003393568137719871,0.9368071443943878,20
79680399,-0.00012132161792870466,0.000251591605167319,0.9779676171661971,20
60197,-0.00012133119230000323,0.0006178906730130859,0.80458767316932,20
65407609,-0.00012142137300085731,0.00022526413242460468,0.9868888657471663,20
31097262,-0.00012142196472067212,0.00014073215898255465,0.9994707416839528,20
53879927,-0.00012142751447272171,0.0002449306928290318,0.980495383788648,20
3462780,-0.00012157237820173694,0.0002009571533649099,0.9929889580130612,20
64271155,-0.00012167051432872,0.00023643383113651774,0.9835706688989047,20
60403477,-0.00012172156149478919,0.0003943364160786544,0.9082605223756602,20
146378480,-0.00012194038864623003,0.0001854611014284824,0.9958013108129703,20
1413084,-0.00012197831713323393,0.0004229699749987865,0.8936830436994372,20
82690118,-0.00012200826011787569,0.0003601724091037752,0.9268757055116852,20
68989137,-0.00012225373648104554,0.0006763624697846758,0.7855515937055075,20
34569215,-0.00012233571403233722,0.0001379395407042419,0.9995861955210689,20
51350678,-0.0001224471895697854,0.00019435451442652662,0.9945023892087819,20
12611254,-0.00012255748363619313,0.0004295314369704057,0.891337527495238,20
89315132,-0.00012256700423308176,0.00025846168100579454,0.9763381071733556,20
160388370,-0.00012259572406730367,0.00044974494411941337,0.8811291649678331,20
88920640,-0.00012264204984464567,0.0010295297427893662,0.6998052944434192,20
34369202,-0.00012270440972560193,0.0002886808711825779,0.9637023413898285,20
93,-0.00012280217900685896,0.00042633484979025054,0.8934213422300129,20
52350956,-0.00012280305954795733,0.0007958545115916281,0.7507520226711843,20
98840082,-0.0001229200736412861,0.0003020284836781118,0.9577306233428935,20
223080192,-0.00012302930512485543,0.0005041879033146562,0.855599481581982,20
95539705,-0.0001230631256273512,0.00047897063139287175,0.8675997182269171,20
22235825,-0.00012322929450035713,0.0002199716047430222,0.9892509486703304,20
27286238,-0.00012324731403121346,0.0006347684850625703,0.8019711063589374,20
96728026,-0.00012326795047683248,0.00029997697213950646,0.9591024857909362,20
21922328,-0.00012330356962603206,0.0004218919550492471,0.8966015209740802,20
141031439,-0.00012346599040069517,0.0002967285683163895,0.9608407231210703,20
182214915,-0.00012354221085722483,0.00025763914356810423,0.9774293859013096,20
103755301,-0.00012357587146184513,0.0003552932858723264,0.9318329737521158,20
4215843,-0.00012358746691853995,0.0004599833139502709,0.8778520909113098,20
106739439,-0.00012378944210803545,0.00015066754250642783,0.9991943584836958,20
90678396,-0.00012379281188495684,0.00028662780308082685,0.9657610940228947,20
65471575,-0.00012387272514958748,0.0002156176570911445,0.9906122140398415,20
34499822,-0.00012397517822020088,0.0001944784886594616,0.9948886638494053,20
77277628,-0.00012405820569167948,0.0003470474645702878,0.9368013977154613,20
118148529,-0.0001240636492642805,0.00030695069400104577,0.9567319254888329,20
213667581,-0.00012423901664981862,0.0002595796685685682,0.9772472662617872,20
31235720,-0.0001242555532073586,0.0004885834893220193,0.8652326276935238,20
9426264,-0.0001243678531958531,0.00038081017961239574,0.919759862802046,20
205040726,-0.00012449427741393905,0.0003358149496832472,0.9431240256655431,20
125417543,-0.00012451331256902454,0.0003067425697625668,0.9573548444945726,20
119153191,-0.0001245509324752564,0.00018974392213848477,0.9957562714631935,20
43428904,-0.00012482261628644632,0.00019638536809942617,0.9947940620155218,20
50070303,-0.00012483183526031116,0.0004189503788856476,0.9007765049774357,20
23485953,-0.0001250055248928045,0.00021172850840084755,0.9919347006732083,20
63059865,-0.00012505121522973228,0.00048773222656624276,0.8671139843265874,20
140480881,-0.00012527203211073757,0.00029087652159822487,0.9654008327870199,20
178408114,-0.00012544822743270622,0.0003620468932198968,0.9311308047275763,20
47730015,-0.00012562575640009954,0.0003411710140624915,0.9419727604805844,20
33442124,-0.00012575915697232153,0.0002596698363743473,0.9783757173116056,20
72901752,-0.0001257868805164042,0.0005499438016237798,0.8403976775072248,20
112918176,-0.00012602346538415632,0.0005298445331796302,0.8496006733046968,20
127730360,-0.00012631880988078214,0.00028089849989863444,0.970639567872234,20
135276065,-0.00012663030525184303,0.00043840417787710344,0.8940313764058777,20
50089761,-0.0001266556092653942,0.0001395325488068828,0.9996655233620166,20
86037993,-0.000126943657709358,0.0005207726085737802,0.855355287994535,20
31073459,-0.00012710515199914897,0.00041015377391241057,0.9090848499840747,20
2614147,-0.00012712903215140458,0.0004090139821242366,0.9097028847503383,20
47,-0.00012713806496548742,0.000510696416401435,0.8602750852552183,20
42703618,-0.000127212759995321,0.0002699395095918023,0.9757093194170486,20
611323,-0.0001274041156021033,0.0005469399216877488,0.8446961226266982,20
4213378,-0.00012752568023766676,0.00022208220351928638,0.9905876904816375,20
158499584,-0.00012756479324068092,0.00040559088011084813,0.9121477576021417,20
231489602,-0.00012770536991442704,0.00010406582163335399,0.9999864760154284,20
122111456,-0.00012776426439284615,0.00035413136981521793,0.938435525385739,20
50949615,-0.00012780848433377456,0.00025785143910902385,0.9804785128427964,20
89893065,-0.00012787721009464015,0.00034233023455615305,0.9444003608018265,20
85037341,-0.00012815257046622786,0.00016971527662290725,0.9984173143465884,20
123474531,-0.00012818899826068652,0.0005395710054032091,0.8493298280337429,20
88314261,-0.00012824930295873838,0.0005989383529373985,0.8248560925396886,20
123341775,-0.00012838226465829438,0.00034015025373062993,0.946112127385204,20
120612285,-0.00012891989071318611,0.0003067015136350324,0.962222533945963,20
47808617,-0.00012913121497200308,0.00027593595564204623,0.9749913533839111,20
155297621,-0.00012922256154403733,0.0002186473512608859,0.9919812911213213,20
31366575,-0.00012927676835165213,0.0002494198046764963,0.984119664478351,20
35228903,-0.00012930242288592685,0.00027582595835878404,0.9751693662101986,20
101289596,-0.00012934688612207534,0.0002612992512305745,0.9803629797629994,20
62020357,-0.00012936337124799246,0.00024490699273156896,0.9855056923123652,20
74475283,-0.00012940689377222703,0.00017386643153030992,0.9982347149313107,20
77835060,-0.00012944774868428876,0.0007661212700657504,0.7704328488209047,20
63005248,-0.00012946161991549132,0.0004511517177399551,0.8925929326101842,20
48517615,-0.00012948984334898163,0.0001918104366841616,0.9964717095620852,20
55855793,-0.0001294907236349979,0.00037152799632563167,0.9322154491059571,20
158390842,-0.00012953090554309322,0.00015760066874768156,0.999196707554563,20
21691797,-0.00012956497043473125,0.00025860056248158605,0.9814032622102206,20
154376671,-0.00012967697134915468,0.0001347776354448206,0.9998080779112863,20
125276075,-0.00012976562171654882,0.00033673594961503543,0.9494738548736703,20
84771531,-0.0001298670842093258,0.0005756085939147335,0.8371713602961091,20
72501356,-0.00012998285523019293,0.00030519662801128814,0.9639628994984727,20
87638843,-0.0001300604882477907,0.000242910771842745,0.9864431407117995,20
464093,-0.000130153524440349,0.000417010316259309,0.9105637819871815,20
103490305,-0.00013016542644982975,0.00023652691571034948,0.9882033791183318,20
153984283,-0.00013057068512769277,0.0003828504395875912,0.9281605971790001,20
29088278,-0.00013057395000243277,0.0006851340109571052,0.7976701908287296,20
132857710,-0.00013062012857864845,0.00022760909847682948,0.9905564866228875,20
58542197,-0.00013075956309934467,0.00032148266184444003,0.9576449030132631,20
611017,-0.00013094542223798523,0.00019817348348903283,0.9959343003071023,20
66872215,-0.00013096739427800319,0.00042390806184487673,0.9084485506199272,20
48489071,-0.00013113471375608422,0.0003433907648223315,0.9480218509729684,20
71099936,-0.00013163313307801018,0.00016310638503791805,0.9990655145312108,20
139880223,-0.00013165332278198272,0.00027113158094642885,0.9786197958244103,20
44049617,-0.00013190633359211335,0.0003396368351915257,0.9507016463735977,20
205441059,-0.00013202270956818029,0.0004169658832140098,0.9135195922577575,20
22042643,-0.00013206729479224577,0.0002897629510622725,0.9721576068966571,20
7205148,-0.00013228182025516177,0.0006743169950933617,0.8043605259656248,20
22263473,-0.00013237106170857493,0.0002678768002564095,0.9802088544697124,20
36878042,-0.00013240741692697734,0.0003872662572287111,0.9286330567341102,20
96787899,-0.0001325023912224943,0.00046827619178303645,0.8894911582267705,20
33473488,-0.00013306959430808284,0.0007350983113211468,0.7858917668828302,20
99113672,-0.00013311611906248743,0.00029580138368215825,0.9707220287790377,20
101722577,-0.00013319695043316482,0.0003953172830200085,0.9258493085402014,20
83490504,-0.0001332305998546779,0.000377305860777117,0.9345978830277166,20
87273783,-0.00013396580928405066,0.00017101344582198932,0.998811292762502,20
127182409,-0.00013413764572361986,0.00041397721437110273,0.9181886007185831,20
139864762,-0.00013423485338685538,0.0002862451628253937,0.9752062640237388,20
39701974,-0.00013432724129030515,0.0002994816895378577,0.9703409021046343,20
15685080,-0.00013483789743078123,0.000280244306220273,0.9777552627646162,20
9207772,-0.00013488443844326682,0.0004805156488227896,0.8877162204353384,20
35499043,-0.00013492010567340006,0.00023958317811330535,0.989545195809121,20
148051353,-0.0001350522185723041,0.0004245864167735707,0.9144532230790106,20
111740881,-0.00013557198423340134,0.00029475380730270394,0.9731580060972138,20
130254679,-0.0001356145012563481,0.0001459184644833744,0.9997319205910923,20
73283029,-0.00013566299401495397,0.0002309400718047918,0.9917022078108453,20
61065504,-0.00013579589134582183,0.0005809753569848658,0.8455008203215119,20
92314443,-0.0001358368887492606,0.0006123338528755932,0.8331859223610073,20
164792631,-0.00013592639433356867,0.00026899567431954596,0.9821142195776711,20
157461208,-0.000136045159138376,0.0002302452736753056,0.9919706380228049,20
97747894,-0.0001362558237276018,0.0006576893667171498,0.8170989882189614,20
207685764,-0.00013626827160354572,0.0002467732126441445,0.9884097681037907,20
6015017,-0.00013630306918590017,0.0003418022962839508,0.9547468311103047,20
64475210,-0.00013638051915621784,0.00013432153272331532,0.9998882148203619,20
32236408,-0.0001365430840037679,0.0012837324048742453,0.6801353526750988,20
51441172,-0.00013696349795320196,0.00023157653469062312,0.9920143213611975,20
72490377,-0.0001369927364351181,0.0006543419509879356,0.8195620345829862,20
165598203,-0.00013718250851697255,0.00012666889740768728,0.9999435419112596,20
662414,-0.00013730309741985248,0.0002783117563407507,0.9800642584458146,20
27637235,-0.00013732881063249213,0.0005353966210234614,0.8672095849298074,20
220675230,-0.00013754033237865226,0.00041761774621927085,0.921421026982459,20
6866827,-0.00013754162245368517,0.00033711939733539623,0.9580854925187385,20
74875565,-0.00013756241654765966,0.0006010563807529211,0.8405428329466101,20
41664204,-0.00013765800124904693,0.00047824108018792695,0.8932693172187143,20
9021912,-0.0001378047421238343,0.0002150663016353293,0.995050212255589,20
73302177,-0.0001379726012213617,0.0002926710410975309,0.9757441088187406,20
7596972,-0.00013810100764596046,0.0007299312376500631,0.7959907441081583,20
56255724,-0.00013810667657159214,0.0004654574782801192,0.8998713373838081,20
68576399,-0.00013828970090010718,0.00025393595452016007,0.9875525996391599,20
22063337,-0.00013849661123561675,0.0006078751332759264,0.8394794732757784,20
71500166,-0.0001387889709669604,0.0003852056571449576,0.9381992765310038,20
23839834,-0.00013886060765486152,0.00021800116701975794,0.994863435397502,20
38840867,-0.00013897191561807465,0.00025830057671803275,0.9867669674277862,20
25026917,-0.00013902931143790765,0.00019541763119766662,0.9975441826399625,20
30337208,-0.00013924460926318383,0.0004929932734326755,0.889090378076417,20
59459249,-0.00013927246387774038,0.0004879298101426446,0.8914203974262269,20
85287646,-0.00013936873649180725,0.0003540076356032816,0.9528054006330469,20
73874918,-0.0001395502664810616,0.0002992270178586232,0.9746337771031859,20
100927399,-0.00013960781989540982,0.00031119010841440493,0.9703649085447388,20
22631461,-0.00013996294722548873,0.000494504962221944,0.8895528498469419,20
122525533,-0.00013996775574599553,0.0006770120287635009,0.8166116781528566,20
62652586,-0.00014012605862218086,0.00015317200249482867,0.9996889641619933,20
73474394,-0.00014012799523005216,0.0003411698948582831,0.9590349470739624,20
108137631,-0.0001401675809617614,0.00032355952976876635,0.9661435346202832,20
97547130,-0.00014029978933433884,0.00025139901328090385,0.9890329731334606,20
93505823,-0.00014035364257992955,0.0007179849314620668,0.8035439906816417,20
194426618,-0.00014037638882820612,0.00035941140118351205,0.9515815957253063,20
107934113,-0.00014051502556086947,0.0004669114812140908,0.902907381297293,20
120660398,-0.00014074410779311153,0.0003283884900003635,0.9647802860388531,20
120309606,-0.00014077086629472323,0.0002600585534133744,0.9871653963963446,20
69989135,-0.00014079942015261248,0.000419879526389294,0.9249312802881184,20
120260342,-0.00014099794298338963,0.0003658537128109782,0.9494867021679402,20
162390353,-0.0001410350571139668,0.00022456613340016482,0.99439484320109,20
131760147,-0.00014107036667971863,0.0004342575679069573,0.9187010473565852,20
107202929,-0.00014133780130128892,0.0005128834733179995,0.8835850474135136,20
5669025,-0.00014141573084375524,0.0002121524376124937,0.9961612545190418,20
113127618,-0.0001416757413214953,0.00033153330567298726,0.9644011037724629,20
34737425,-0.0001416813845827175,0.00031636421720818847,0.9701625076637495,20
83397458,-0.0001417043578549021,0.0004349974934743754,0.9192551968006271,20
112142152,-0.0001418358087398902,0.0002698714073686949,0.9851468083220666,20
117548167,-0.0001418507575820682,0.00046892682683040914,0.9040039695088821,20
22805654,-0.00014188766430424938,0.0012567962147616051,0.6902782170933808,20
29619742,-0.00014204705960064735,0.00015788551707716426,0.9996369331348653,20
48154897,-0.0001423145578521412,0.000831636052235755,0.773252109479097,20
22116306,-0.00014268124773706147,0.00017933998145139803,0.9989501206348206,20
11774,-0.00014279321452327076,0.000390006992628258,0.9409968406266075,20
48911866,-0.000142858422730896,0.00025349116302661294,0.9895864706375025,20
122613907,-0.00014287535635449655,0.0005442335446247251,0.8725593920878338,20
32035421,-0.0001430201518903801,0.0007026885595810589,0.8129467781718495,20
110854497,-0.0001430728474617199,0.0007560605267239037,0.7960361906016697,20
32,-0.00014323783659919153,0.0004071892806593475,0.9339083334158391,20
192624957,-0.00014326123682092685,0.0012137198526334383,0.6981490386761939,20
67478698,-0.00014369977234240383,0.00025915565317488805,0.9886566883361385,20
17099258,-0.00014371034205385436,0.00029442197045828345,0.9791020530118765,20
6065807,-0.00014376788290341725,0.00019769888522438352,0.9979033700135078,20
152778289,-0.00014395267160873247,0.00029915088987724885,0.9777672156873053,20
74215847,-0.00014400850755955373,0.00023214606904885544,0.9939587016929248,20
61265678,-0.00014401171219422803,0.00033980414403417725,0.9633164352609825,20
36250159,-0.0001440769525984653,0.0002989945780684186,0.9778994968331695,20
48746923,-0.0001442025409313763,0.0003421047877220746,0.9625958979152912,20
117856627,-0.00014443589944436176,0.00012887940142170237,0.999961296419252,20
127155710,-0.00014453438259967032,0.0006236312302010415,0.8435033637095062,20
14431387,-0.0001446371177289324,0.0004497575348727343,0.9166757394359228,20
164505661,-0.00014479592200394576,0.0003127828727839392,0.9738520129149794,20
18712214,-0.00014497176428997783,0.0005658326709981646,0.8669483514746724,20
160501707,-0.00014521517233896108,0.0004723650456398272,0.9074090921950178,20
7005123,-0.00014524096348788595,0.0003427359981432727,0.96330434759077,20
19285005,-0.00014550675471351472,0.000516936363281467,0.8883271530361756,20
32646667,-0.00014597575925367478,0.0003150940294915792,0.9739322542954733,20
94585861,-0.00014598480845635364,0.0006895397332365719,0.8221889357275154,20
7071779,-0.00014604533024299428,0.0001934499921525993,0.9984148813230992,20
26065643,-0.00014611894754870404,0.0006939423897740997,0.8209089253261765,20
108940958,-0.00014617632187418906,0.0003206409029285057,0.972184627475118,20
62661961,-0.00014638516756564635,0.0005004903011168795,0.8967652885610664,20
93925689,-0.00014643389685865815,0.0003584618767235665,0.9582657228393774,20
44058077,-0.0001464365364035186,0.0004963111787191809,0.8986594275160554,20
92124078,-0.00014688872933676377,0.0003868603874584372,0.9470912680796015,20
29452550,-0.00014708614324844272,0.0003764126036887073,0.9516549266252691,20
186421024,-0.0001471072094140713,0.00011285661269643752,0.9999935390897422,20
51207946,-0.00014717945507737029,0.0009087350523662254,0.7611500064127794,20
93644159,-0.00014725325461836802,0.0004207163425731096,0.9329890074540508,20
23082929,-0.00014730083102349189,0.0006701234172348836,0.8310263757053533,20
22663668,-0.0001473320937042666,0.00032559609257938225,0.9713484945416611,20
100330993,-0.00014734859069071016,0.0004268099757947706,0.9304505156045867,20
138593146,-0.00014785488926478407,0.0004360861028851541,0.9270445184309252,20
74839689,-0.00014811893117241127,0.00038611161748922134,0.9487499189785374,20
101888862,-0.00014822208785779666,0.0002978246310844587,0.9808312829945712,20
54276276,-0.00014868501063501627,0.0003773435218564141,0.952938254006485,20
2612297,-0.00014874563927149141,0.0006052508443681779,0.8572643595997701,20
41740041,-0.00014898918655444348,0.0001855008380136845,0.9990280230922676,20
68028283,-0.00014900420410970394,0.00033689677029631105,0.9686895786167738,20
82102184,-0.00014906013207943437,0.0006463552012592284,0.8423359153955818,20
29438655,-0.00014912147268406062,0.0004908703593050493,0.9049055119384123,20
2263913,-0.00014925477173367008,0.00045737496947825665,0.9196027391915682,20
91381882,-0.00014928154525293001,0.0005391341421568995,0.8846555214000609,20
15423548,-0.0001493754327539315,0.00022604529710105957,0.995936675997779,20
39052848,-0.0001495523473821342,0.00042220642195051256,0.9351631401374256,20
22684090,-0.00014955619205113402,0.00044752222237893596,0.9242697967667123,20
44644709,-0.0001498183430008737,0.0005628808739410319,0.8757092700480783,20
76841488,-0.00014992108779929292,0.001779964399041923,0.6447054423388099,20
143343688,-0.00014992383691934952,0.0004892336042057425,0.9067420327357606,20
41047357,-0.00014996394304413185,0.0011418431031824127,0.7180572118438622,20
64683679,-0.0001501865896977872,0.0005484792017358653,0.8821492229326828,20
179086833,-0.00015021164257502105,0.00024805859057475636,0.9930282666078157,20
161394000,-0.00015024148973675488,0.0006024982215836665,0.8606620077104737,20
143972993,-0.0001502748960290623,0.0002035735420883905,0.9981226728065893,20
159901493,-0.0001504054926148496,0.00024105722249003245,0.9941668679060847,20
47432423,-0.0001505885032004578,0.0005345245690591261,0.8885207766999568,20
98032708,-0.00015066066732271065,0.00040353858332051857,0.9443106676468895,20
97723338,-0.00015066480930354953,0.0006230892369084423,0.8534675488927187,20
1011120,-0.00015071784537829536,0.00012167734313668474,0.9999879118638867,20
48088731,-0.0001507622345480325,0.0002665389743699158,0.9897879153175301,20
174007048,-0.00015079988848723248,0.0002793379355380699,0.9869898400279858,20
6417732,-0.0001509033380768493,0.0003624368737011577,0.9609287394185091,20
157861463,-0.00015090518899264494,0.0004145394651265052,0.9400025085536864,20
117504285,-0.00015101182858771878,0.0004615204914311931,0.9201343316479162,20
119950420,-0.0001512526593036273,0.0004751692374716161,0.9146027427975959,20
135162938,-0.0001513393643720884,0.0003586977388569055,0.9627217778967205,20
118572543,-0.00015136629686613722,0.00030253861914714673,0.9812842370669828,20
81467864,-0.00015136798619451441,0.0007964583872417718,0.7970279280779318,20
9670416,-0.0001513938412121024,0.0002162794453191928,0.997246079880286,20
148181266,-0.00015185583226903776,0.00047032798359150993,0.9174764907877206,20
38852782,-0.00015200117971204963,0.00041293321534158374,0.9419179240723676,20
71437107,-0.00015207839621458053,0.00031910990304529564,0.9768285150473436,20
186821353,-0.0001520898903543927,0.0007039138191898875,0.826974408903317,20
85372505,-0.00015228955002310473,0.00034054739907661726,0.9699929537154509,20
233514934,-0.00015235213663437885,0.00029276292576734545,0.984421161762043,20
119347329,-0.00015243334808035802,0.0009965204148867004,0.7489090533166982,20
85688647,-0.0001524691645342885,0.0004178083194965623,0.9404282993478119,20
88341100,-0.0001525634930030273,0.000561450682283387,0.88041562864509,20
85572911,-0.0001525957733047978,0.0006102020726021632,0.8613239722917139,20
98949206,-0.00015274491055863315,0.00040237390562321474,0.9470548073855181,20
138262890,-0.00015297290189262568,0.0002529889563149394,0.9929683356333655,20
47354324,-0.00015297519113897096,0.000361697055254701,0.9630442187795019,20
103548319,-0.00015301777531921966,0.000564047755785499,0.8800438874762848,20
11021540,-0.00015316201827064168,0.000496139410227453,0.9082830059473583,20
1060740,-0.00015330803988056196,0.0009751692050070214,0.754731635924747,20
149453450,-0.00015345584407023272,0.0005926015171261017,0.8694075214939376,20
40,-0.00015356774513968218,0.00020574088903907559,0.9982721440504215,20
24897228,-0.0001535769688679911,0.0006046601894580165,0.864932497414229,20
33041953,-0.0001537864890487184,0.0003157442023750421,0.9789039816342405,20
63622376,-0.00015397885925319543,0.0004494001239172909,0.9290344312323758,20
108340355,-0.00015410845523712024,0.0003981084491925222,0.9501858387635304,20
45707400,-0.00015412957509167158,0.0022296452952105437,0.6197129439635438,20
153943304,-0.00015430980495187153,0.0006467415090104781,0.8503358890634644,20
217071533,-0.00015446646580057066,0.0004895114082801333,0.9128233764428393,20
35650071,-0.0001548798530438905,0.00017473922957995708,0.9995839458309056,20
146376980,-0.00015491777946652908,0.00031023717097967697,0.9811192178445849,20
101132199,-0.00015497365722677846,0.0003372942379556087,0.9730425736330032,20
100516003,-0.00015532226026660766,0.00040578346312597724,0.9483961812898539,20
54877201,-0.00015533840500273066,0.0003646013055738389,0.9640092965047916,20
70630073,-0.0001553986380832928,0.00036585347238198495,0.9636109751286144,20
186018203,-0.0001556798403379217,0.00020753273133019182,0.9983360351385965,20
160393294,-0.00015580364295139925,0.00018818177262894587,0.999244739524285,20
49755059,-0.00015595880017278685,0.0006797862712981577,0.8411140366391324,20
33336213,-0.0001563499190177703,0.00024774001543434785,0.9945602997874359,20
123125756,-0.00015646127595625448,0.00019582490660288225,0.9989857371285129,20
88110666,-0.00015651264680186517,0.0008585666426146288,0.7874841463752369,20
217272195,-0.0001566630647138495,0.00038744298195382,0.9567932145856665,20
178085216,-0.00015715196571355062,0.000548204881914915,0.8923691637090981,20
19039502,-0.00015743456634536023,0.00043996845227644335,0.9369825918816092,20
35537706,-0.00015749948327362095,0.00025941302524318125,0.993134444159831,20
73260377,-0.00015774402470992988,0.0006929058303664446,0.8392916840409677,20
1210789,-0.000157777470769882,0.0003638802411082126,0.9662572440405395,20
49757292,-0.0001578063809909047,0.00035612968365789603,0.9689137070139929,20
3614989,-0.00015810160583824007,0.0003750954956021954,0.9625899500750853,20
82515337,-0.00015815497147452507,0.0013651491415407162,0.6948170469709369,20
89292637,-0.00015826947542577907,0.000350809003884942,0.9710106631284176,20
29252322,-0.0001584724881537075,0.0004500033789573727,0.9341080164395676,20
46478867,-0.00015857310805286463,0.0008947448085611843,0.7810972877306501,20
29471323,-0.00015878392093059411,0.0004298315617659627,0.9425225803777587,20
106539118,-0.00015889749255514895,0.0002747081569602878,0.9909561332410861,20
3262710,-0.00015897663808107088,0.0003395761749172415,0.9750326043513645,20
106138127,-0.00015898045989588271,0.00040258220884004705,0.9532747230380421,20
31698187,-0.00015923010931820082,0.00035542949724049394,0.9702016114276292,20
156788177,-0.00015960261376219976,0.000350406237970114,0.9720848437898214,20
131750352,-0.00016000055794992418,0.0006362669287994869,0.8626165315069337,20
19426904,-0.00016000349930436197,0.00031329010719010405,0.9829755320096388,20
21230502,-0.00016004296762507365,0.00051675659951928,0.9089572912231934,20
10222895,-0.00016015079956163136,0.0006216178576468172,0.8682308225816293,20
109739942,-0.00016051415286489346,0.0003735502685544326,0.965112174995659,20
119908308,-0.00016052870985820423,0.00016937323660925818,0.9997777940703088,20
29845626,-0.00016109969557076277,0.00015805602069239794,0.9998925781064005,20
44045851,-0.00016110334033484497,0.0002746509910502584,0.9916333669588417,20
205258235,-0.0001613038076514195,0.00019164986104961443,0.9993433421904843,20
1012890,-0.00016136133345532043,0.0006278028664819426,0.8676833176579215,20
107133166,-0.0001614806858938389,0.0004500667642750577,0.937459062708927,20
206273555,-0.00016152517108053156,0.00033144484738225824,0.9789562479180797,20
71,-0.0001615687350993794,0.00023600641890127223,0.9967893811229267,20
42103827,-0.00016225961136068223,0.00023760365917002084,0.9967348435070646,20
49997272,-0.00016236788732109376,0.0002852584763715567,0.990127131115262,20
22283236,-0.00016239182110091844,0.0002510047441052665,0.9953428657288887,20
228086973,-0.00016240242443496257,0.0003240588512595103,0.9814247718010406,20
136678543,-0.00016240695686818018,0.0008626341111599398,0.794859126641813,20
59848979,-0.000162627223803935,0.00032031069005480483,0.9825022371348476,20
68896940,-0.00016304593458942585,0.00021152309682946106,0.9986500174541877,20
79219583,-0.0001631021971626845,0.00034640178270185285,0.9756193107805949,20
27037079,-0.0001633023249317106,0.0003608472266868722,0.9713617333663584,20
3464676,-0.0001634604423857905,0.0004974488246146922,0.9209735076340756,20
30414998,-0.00016357978088656078,0.0007034391685545832,0.8442946566246782,20
50838823,-0.0001636078912853639,0.0006476013518556781,0.8636940464087752,20
111406810,-0.0001636390314064734,0.0001897650808392607,0.9994682313237815,20
75240194,-0.00016377860526784472,0.0001402479204788364,0.999975756334343,20
82802203,-0.00016391525671854423,0.0002577279811903489,0.9948144193439754,20
149971967,-0.0001639519457496519,0.0001796901617411036,0.9996812028627707,20
41502405,-0.00016398699275799178,0.00024708970637755116,0.9960495514368072,20
103397218,-0.0001640455596017637,0.0004129226454705675,0.9541825481315864,20
123980448,-0.0001641795697805981,0.0004271006089654218,0.9490777050868054,20
36839538,-0.0001642495436426583,0.0004513055711756572,0.9399605862316008,20
74,-0.000164296637754735,0.0005659869035923649,0.8951194630460819,20
55445976,-0.00016462614202551463,0.00020801036058755516,0.9989048025481116,20
2411653,-0.00016480925092847432,0.0003016684190851987,0.9877536202882385,20
67027232,-0.00016498002010081336,0.00035966944658662696,0.9728615738082974,20
61620766,-0.00016501688872141428,0.00026462705296356027,0.994146497104231,20
11227687,-0.00016530853043416339,0.0003799379573267665,0.9666877977134714,20
99530260,-0.0001655646137103034,0.00039317250017479477,0.96246363578383,20
98711593,-0.00016572664894725085,0.00028328558633322864,0.991507713281765,20
56083871,-0.00016573580336115833,0.0004985992529051631,0.9232300494110497,20
92134899,-0.0001657789146796179,0.0003978319720267605,0.9610433328471447,20
89721553,-0.00016587086422019948,0.00043202972944696047,0.9488820102932537,20
77797555,-0.0001661632225215065,0.000249200126377588,0.996169226726894,20
260871,-0.00016618762461168002,0.00047754917707995575,0.9319324226911019,20
79044631,-0.00016633145132438908,0.00047114303307078915,0.9345608263197387,20
116053532,-0.0001665382174420582,0.0003279459723307193,0.9825189875881335,20
50253488,-0.00016657950052003935,0.00031562948444815704,0.9854458888191991,20
48954421,-0.0001667654562125448,0.000208357727449243,0.9990000230522129,20
109160306,-0.00016681948775451594,0.0002968511113308882,0.9894278402951405,20
90333261,-0.00016687865977944584,0.00032382963966912884,0.9836789979929053,20
71282217,-0.00016691322651521124,0.0004676508411669601,0.9365272067389949,20
81902088,-0.00016696628079417575,0.00046453412719039706,0.9377719737113593,20
91610136,-0.0001669812446455643,0.000495366044292331,0.9259345466569623,20
126385172,-0.00016711214860977154,0.00041400426520692455,0.9565396717345055,20
75761722,-0.00016714128554955464,0.00026851615605602347,0.9940823525996908,20
66692433,-0.00016748120240870913,0.0008529775939082644,0.8045703567491298,20
57200619,-0.0001675408367962955,0.0002130303827602817,0.9988481230531889,20
112142050,-0.000167601339576251,0.00019614510953143796,0.9994238648971151,20
48652015,-0.00016760387535400545,0.0003616139909903721,0.9739807962146124,20
149182665,-0.0001679375894630991,0.00024350335333857888,0.9969475843623268,20
97512306,-0.0001681190506586827,0.0003606272940745067,0.9745924819517574,20
66885521,-0.00016815478153887342,0.0002023872274993785,0.9992668518488597,20
111900677,-0.00016832207851593395,0.00039721520772364246,0.9633000336809318,20
118906511,-0.0001685730109339284,0.00023540037412232568,0.9976563410802709,20
31495976,-0.00016867600358591307,0.00019438207020873322,0.9994969214271343,20
26228899,-0.00016880004571052376,0.0003738742884303828,0.9710947292919259,20
35643920,-0.00016880345344097992,0.0003739199290376637,0.9710831341683901,20
129959301,-0.00016895712073703996,0.0007262486808547181,0.8443965883127504,20
23492856,-0.0001690420415169064,0.0003220594555846772,0.9850519146742057,20
89311654,-0.00016910447198458244,0.000297602837769165,0.9900355890808511,20
67272418,-0.00016932050665032782,0.0002660133910911446,0.9948402342723663,20
62821827,-0.00016933656057384894,0.0010607392951053562,0.7580260818991138,20
44312881,-0.00016936723086359297,0.0003693693570596314,0.9728214895658941,20
810722,-0.000169466325707468,0.00024636595570619226,0.9968921322980933,20
113902157,-0.00016949956207263638,0.0003974509898465209,0.9641367318419493,20
230712513,-0.0001696222934833652,0.00016468334679757842,0.9999036426440198,20
51750776,-0.00016968175082921478,0.00040880493757548575,0.9605017791325662,20
60049079,-0.0001702096457114055,0.0003695375847221189,0.9733113123544794,20
231889860,-0.00017026511945618383,0.00032274685680360485,0.9854163708653864,20
111344330,-0.00017027957336963607,0.00027899081182967153,0.9933438356179527,20
37856814,-0.00017043871117013165,0.0002854253182651722,0.9924397468773918,20
184616504,-0.00017045327766958274,0.00033032501996373316,0.9837817248598622,20
70958084,-0.00017072706991915209,0.0006561353980668191,0.8705151122256449,20
44906746,-0.0001709365052141254,0.000483493100159759,0.9348204864363381,20
120536587,-0.00017096618963254872,0.0005872670958804985,0.8957489307570272,20
120348676,-0.00017105527623023365,0.0002536559916060923,0.9964459584812815,20
224082330,-0.00017114651908989865,0.000451695095148498,0.9467490776211289,20
118733867,-0.00017127589091076034,0.00036464597862721705,0.9753712462084336,20
73782191,-0.00017128607099157477,0.0005162814895402424,0.9228577639400531,20
105694698,-0.0001713033739071751,0.0005001576830308516,0.9289612225502663,20
93881354,-0.00017139047918439398,0.0002342461236915054,0.9979953730261846,20
52316842,-0.00017149581972971116,0.00024088132246065394,0.9975565579510496,20
233114608,-0.00017168363530128405,0.0002801130013169534,0.9935072471302909,20
4063445,-0.00017225018260848545,0.0003412312994765056,0.9820292402152454,20
100126896,-0.00017227172312548055,0.00018279895416917625,0.9997652846664449,20
15350422,-0.00017231013230060432,0.00047829999652826335,0.9381782284935248,20
175207819,-0.00017233497558809263,0.000445819982475049,0.9499638366139812,20
55658836,-0.00017282171713950135,0.00040551841962612454,0.9640474945773566,20
91301840,-0.0001729958375942503,0.0005040615419349622,0.9293478651509911,20
138231955,-0.00017316319583423335,0.0001806706881357156,0.9998006870516083,20
11081405,-0.00017318932926850273,0.0005015868183061105,0.9304778117477537,20
134371304,-0.0001733537743410396,0.00046552611385680464,0.9438764617192391,20
5415344,-0.00017375858160759706,0.0002445203350218925,0.9975235068183186,20
125063042,-0.000174085274284283,0.00043271393358616035,0.956053432999136,20
76795839,-0.00017413799013474008,0.00040069112941972353,0.9665446342309848,20
122552096,-0.000174396755363207,0.000336904654131495,0.9840222344045125,20
5268189,-0.0001744081888354593,0.0002450479771549415,0.9975511499516156,20
14474258,-0.000174794875540657,0.00020237132328355725,0.9994758290505628,20
97910820,-0.0001750229119679092,0.0004937993843585712,0.9352777227923342,20
158299463,-0.00017534186617042813,0.0004308500174644701,0.9577255293874481,20
164591835,-0.00017541797971489803,0.0003011573420315093,0.9912993788795971,20
86910400,-0.00017542192425780979,0.00032425704612359637,0.9871284686834133,20
61057489,-0.00017554962120195917,0.0004063814889033476,0.9657869977034818,20
105800755,-0.00017556773218011245,0.00014158422203867376,0.9999880703436907,20
95882224,-0.000175883745611341,0.0004121560747299171,0.9642203633759936,20
116016845,-0.000175903835425148,0.00037895648459684996,0.974138824375173,20
67665171,-0.00017604001341778864,0.00037373730369776135,0.9756580194689881,20
23463526,-0.00017604590345039474,0.00020282440491749626,0.9994980354059861,20
237295702,-0.00017610636856855711,0.00024110657160903167,0.9979698105160042,20
19640054,-0.00017633142822656155,0.0005454890818514968,0.9177134344650105,20
39659031,-0.0001764456480792209,0.0012220151165368597,0.736910882168617,20
18238662,-0.00017645281009310844,0.00030509782823642074,0.9909497014886122,20
144648478,-0.00017651113039489352,0.0003883984217223223,0.9718347078764821,20
176216868,-0.00017664160259139028,0.0009813073732230055,0.7846143416181837,20
138967017,-0.00017675131008300647,0.0002712540996712448,0.9955505370736557,20
89921681,-0.00017684444631692887,0.0005228539202905055,0.9265822433082063,20
30020205,-0.000176861103779416,0.0006735968628896506,0.8725912282911743,20
76697364,-0.0001771485402491002,0.0019786345841807597,0.6533335009590711,20
260319,-0.00017733162960621162,0.00028513376558072216,0.9940512867256768,20
38436077,-0.00017759556075739314,0.001155959507650989,0.7498318623439985,20
146779043,-0.00017784830904533645,0.00025333426020932097,0.9973015877184783,20
240120918,-0.00017813931858547683,0.0009844040612118899,0.7858149019826846,20
121012397,-0.00017814857616510195,0.001024843650511969,0.7767500121607089,20
31247398,-0.00017825120337872923,0.0005577140734785611,0.9154285237204159,20
75896873,-0.00017826304796532687,0.0016118814278278798,0.6867192431781708,20
83290485,-0.00017827620974165126,0.0013337483068053498,0.7214742406358338,20
108734015,-0.00017841297400202348,0.0005684162230822524,0.911729372272853,20
248528837,-0.0001787944572727851,0.00040244411307494926,0.9692234562422302,20
101332838,-0.00017893827155255614,0.0002732652655586986,0.9956888206767213,20
47288122,-0.00017910320357266974,0.0005866508698341312,0.9059514749087716,20
171001114,-0.00017933089453214536,0.0006724016395856323,0.8761705611335102,20
11271614,-0.00017934908294875985,0.000278120164897575,0.9952456065791945,20
38920179,-0.0001794457121854026,0.0002319316911428572,0.9986888771153628,20
79819787,-0.00017966776169743847,0.00018522612034442516,0.9998228010608518,20
37056518,-0.0001797035929111679,0.000475964443046934,0.9461681249335996,20
68666830,-0.0001797389864771487,0.0001758134737951534,0.9998958687816315,20
65663548,-0.00017975178266306513,0.00043227943922176897,0.9607523140281101,20
10280102,-0.00017998617950957252,0.0003774417074846592,0.9768878158044926,20
27048983,-0.0001800810462571051,0.00011755889950380392,0.9999992265357038,20
36879339,-0.00018040715348144055,0.00022242551453294606,0.999103270644996,20
201636724,-0.00018046692093864335,0.0005330802546972428,0.9267554448319733,20
69274510,-0.00018049639247590953,0.0003745798147651668,0.9778979512077866,20
106338581,-0.00018059349709206862,0.0005677109307920128,0.9144716094776317,20
6870454,-0.00018097204625213415,0.00030953189599667555,0.9914790457922377,20
67065432,-0.0001809922703298661,0.000351373627704111,0.9836446324627727,20
51117452,-0.0001810293477853886,0.00018601985694624397,0.9998284472287293,20
88854883,-0.00018139032707478186,0.0004298040582018245,0.9627587228951656,20
77107595,-0.0001814288890707505,0.00026925614164296656,0.9964267402400981,20
58001530,-0.0001814737294996066,0.000560396658191196,0.9180706648949019,20
112135951,-0.00018161771674587434,0.0001966120252105066,0.9997160075820044,20
38940540,-0.0001816908608052392,0.0004884646399376958,0.9436871611327112,20
121060536,-0.00018179465443836086,0.00035037513719875316,0.9841993404137555,20
5414553,-0.00018201904571487905,0.0003813241247757788,0.9769856489308322,20
138164365,-0.00018209454054695374,0.0004486286138740439,0.9573442779123009,20
33094720,-0.00018222426348744604,0.00020620212552493615,0.9995726082884961,20
99930785,-0.00018272513401764722,0.0005783766459876849,0.9130669619184125,20
146777309,-0.000183279067880604,0.000513397491741194,0.9365642430869853,20
83197173,-0.0001834426987267046,0.001107018777979608,0.7661445842395161,20
111736573,-0.0001834650015485273,0.00048256703293309054,0.9473014270793931,20
9667835,-0.00018347292587130582,0.0003083506116635783,0.9922836920976489,20
24089328,-0.0001835787930434901,0.00042000435823884074,0.9672540853605209,20
176817947,-0.0001836659498293064,0.0003823629180188656,0.9775957224496907,20
154296093,-0.00018371976157116054,0.0005670606753294294,0.9181665405135094,20
28667366,-0.0001838121725706271,0.00041767089936943654,0.9680899801835241,20
99040103,-0.000183826889553676,0.0006166667444856092,0.9008732655337874,20
72290080,-0.00018388979852481947,0.00027611219504256377,0.9961392008757163,20
1200886,-0.00018417815570996032,0.0005154309319098633,0.9367320498726384,20
8269766,-0.00018423597856438988,0.00035552562673598135,0.9841046774503375,20
83369505,-0.00018438348013468108,0.0003881551846033961,0.976507510208759,20
41082022,-0.000184386942347195,0.00034738396830647444,0.9858468945206905,20
36372118,-0.0001846055761002663,0.00031930472149755757,0.9909324656998733,20
28044395,-0.00018463867339767737,0.00038509245040241276,0.9774191802108062,20
46256269,-0.00018494887591364307,0.0003288499248859765,0.9894724473347478,20
156572976,-0.00018496752839514962,0.0002336792472419109,0.9989060492844892,20
30420563,-0.00018499876755183607,0.000266387172886627,0.9970901687578934,20
90512684,-0.00018532793942367676,0.0005210002827141664,0.9359230344709627,20
58254694,-0.00018558955706455827,0.0001861192352737497,0.9998655734947881,20
55868583,-0.00018592584323290918,0.0005659528598032854,0.9209259391530439,20
21447209,-0.00018601482153982884,0.0005244270631425855,0.9354096783845338,20
139559491,-0.000186388694487008,0.0002563136169108398,0.9979030252241536,20
21083435,-0.00018660453212444305,0.0002373066475039449,0.9988467064386202,20
29631500,-0.00018669112526973342,0.00047823297161492397,0.951503673748071,20
73238165,-0.00018673414470098959,0.0003043977449041944,0.9935414994618839,20
65863808,-0.00018686281461995912,0.000300468412938326,0.9940501688474636,20
87555833,-0.0001871887479748119,0.0003933283252717751,0.9766917210415318,20
216070428,-0.00018739475102752258,0.00027405800803000064,0.9967631957617036,20
224682759,-0.00018740659066020793,0.0003445574893767923,0.9874732667894116,20
42724638,-0.0001874254571391315,0.00020057160054474637,0.999745442102447,20
35454352,-0.00018758803975112704,0.00028589353044803094,0.9957449896525826,20
13612175,-0.00018780607102664992,0.0005927543704081328,0.9136545309586263,20
85804696,-0.00018795514316539698,0.00046996660357695273,0.9551778483402595,20
70458035,-0.00018801416720420073,0.0002977738936874783,0.9945759044701032,20
62888311,-0.00018814363215098606,0.0004911621574356955,0.948516389010568,20
25,-0.0001882485883093449,0.0005252845213981548,0.9372521354492656,20
79998800,-0.00018826659429171388,0.0002947685951201537,0.9949492337432786,20
87511501,-0.0001884841708567342,0.00035889548858101443,0.985093265569938,20
77508438,-0.00018853936700583552,0.00036757405729484537,0.9833161389052898,20
42541131,-0.00018857682419708976,0.000343145608602415,0.9881182956346365,20
5016279,-0.0001886894297187719,0.00035092538446195054,0.9867258846394344,20
33852884,-0.00018901109508687451,0.0003899085450832512,0.9784634444108368,20
42648863,-0.00018901505363415338,0.00021525550775211016,0.9995473512925379,20
89980365,-0.0001890747411230881,0.0004000790277025649,0.9759942364864638,20
25465028,-0.0001892427296472543,0.001693602946628364,0.6884933698361766,20
57084935,-0.00018934110127569737,0.00042928136488312496,0.9683579331691863,20
144765833,-0.00018946857987144072,0.000977206297299228,0.80164514352938,20
80266617,-0.00018957918008903342,0.00024858288451046987,0.9985334565192223,20
59216705,-0.00019052085450482759,0.000332116184499736,0.9905365426371822,20
5063940,-0.00019055461749361568,0.00026848287083309954,0.9975019895158366,20
33842268,-0.00019056716518031923,0.0006290813786941405,0.9043043520469428,20
175808334,-0.00019077349614622928,0.0002770396665619611,0.9969152527812101,20
50723538,-0.00019117773861893617,0.00023610585293741204,0.9990906004027038,20
3012372,-0.000191261315734656,0.0002046971392814541,0.99974519733608,20
29872160,-0.00019145688090383694,0.0002449976046413804,0.9987881510247415,20
9622267,-0.00019168559630371174,0.00027737795316593554,0.9969895601579508,20
179409742,-0.00019187011861885038,0.000300305915648201,0.9949602349441562,20
138366077,-0.00019187106206725312,0.00027158954513670106,0.9974188547491901,20
209687376,-0.00019241198295165407,0.000438940933292552,0.9676094462877882,20
64253647,-0.00019249248949288755,0.00041938985846511084,0.972928945384264,20
124728429,-0.00019268689501562852,0.0009662775642134239,0.8081711297555718,20
54694393,-0.00019288328327239646,0.0002765516265939167,0.9971755448789289,20
35243412,-0.0001932729298481789,0.00023335550862400623,0.9992469812908883,20
47909938,-0.0001934816519854693,0.0003386716786742847,0.9903218704591029,20
21556446,-0.00019354287124269122,0.00023308531239391375,0.9992630697686954,20
12822959,-0.0001937775277291609,0.00026516368593540153,0.9979774692563339,20
21661737,-0.00019382759522710292,0.0005050947661378059,0.9488033406865793,20
24045820,-0.00019386849992291956,0.00038079395446845353,0.9827242990916877,20
55846071,-0.0001938920060616245,0.00031926276688175754,0.9931459619583265,20
101746421,-0.00019411638422694443,0.0005912689856425659,0.920797646696227,20
123014509,-0.00019430824734466002,0.0002427674131659552,0.99900010476401,20
85023055,-0.00019445121550409338,0.00018013506611531087,0.9999415057253912,20
56484269,-0.00019454096637590567,0.0004933288925998438,0.9530591978376218,20
33099455,-0.00019457356628110878,0.0004739410200101206,0.958971694048657,20
58886919,-0.00019478006205193022,0.0004082876585864303,0.9769305204807778,20
59402460,-0.00019488742158406402,0.0004472022805499924,0.96688727835482,20
48868211,-0.00019499164409931825,0.00039878609631654994,0.9792617262779485,20
119860050,-0.0001951720005728963,0.00046754814951012144,0.96128300428099,20
152294476,-0.0001953860620363984,0.0010281048764828008,0.7970200851223581,20
11,-0.0001954327544781115,0.0011725726132491422,0.7674155063727639,20
81516016,-0.00019561906119713312,0.00024451939542768176,0.9989962942766558,20
78798133,-0.0001956489363441921,0.0004077649678866496,0.9774880941841475,20
104135940,-0.00019590454297558902,0.0004453139990440953,0.9680447857615572,20
42748109,-0.00019592973716146546,0.0008499459862952147,0.8422376334559144,20
87929161,-0.00019600906657963045,0.0003805659712274089,0.9836366874723896,20
45447667,-0.00019618831711803452,0.00043721970352718456,0.9703887202307738,20
21004578,-0.0001965168911605253,0.0003543705790451653,0.9886630648095853,20
71390290,-0.00019652059283230272,0.0003920100370132105,0.9814524415215152,20
67085896,-0.00019697145082594458,0.0002954825163122807,0.9961625243711938,20
29645245,-0.00019716227408787256,0.0006159345092707138,0.9157402236876692,20
33256253,-0.0001971812538563239,0.0004887559504453821,0.9564624474680397,20
81951005,-0.00019733173475996457,0.00030632724472569534,0.9952139737762321,20
24719462,-0.00019741199683566413,0.0006049350542506671,0.9196068357581325,20
117267884,-0.00019742389413371088,0.00024343947398971643,0.9991022396570837,20
79882187,-0.00019757117936907432,0.0002440644519876464,0.9990886741188217,20
200051390,-0.0001977595816926747,0.00035921781015279674,0.9882264406995794,20
96082752,-0.0001978351727292299,0.0003265675637810239,0.9930452518879204,20
40375442,-0.0001980488627717991,0.0004881794992649727,0.9572720407609545,20
117055764,-0.00019831571597693222,0.0005431703477606595,0.9405143948707686,20
49915506,-0.00019834886523770746,0.0004614059006538592,0.9651659177730016,20
46116205,-0.00019868852628569523,0.00019884474238914497,0.9998683572286654,20
54254019,-0.00019878065735229322,0.00022073185107493356,0.999640140855628,20
39942532,-0.00019883326530745205,0.00014120711933962758,0.9999975975075192,20
8670609,-0.00019906400482118668,0.00041709955207634974,0.9769699664986556,20
63689312,-0.00019917253485882136,0.00028742449895120597,0.9970458197605412,20
85116873,-0.00019955707711829252,0.0004492002384344741,0.96921764207974,20
31444895,-0.00019956922361561992,0.0005118104465887175,0.9513248349009462,20
137992493,-0.00020011153467222042,0.0008114820902559906,0.8580626112552967,20
8217555,-0.00020019886915975947,0.00046434869101633937,0.9655391503294941,20
56095152,-0.00020037346395755662,0.0003017311870903219,0.996065345113865,20
32097144,-0.0002004342018682298,0.0010685430100488534,0.7940138121591687,20
25888830,-0.00020048276569758494,0.0004359849099112586,0.9731317898964407,20
139438938,-0.00020073535691801924,0.00022081117786511154,0.9996701634837223,20
53209979,-0.0002008217950068808,0.00039079857574380206,0.9834601486595983,20
13877914,-0.0002008597607796453,0.00021835512532712709,0.9997045919866103,20
81171790,-0.000200868963736614,0.00028429074903081494,0.99742110852376,20
22492030,-0.00020087103779281855,0.0003575067869113234,0.98941813881819,20
37258597,-0.00020087365832576476,0.000313688542802946,0.9950310433722477,20
61072859,-0.00020177592042170677,0.0001770710588747979,0.9999679122747589,20
36533889,-0.00020189504667973425,0.0007573534164303133,0.8760658784109061,20
80506234,-0.00020215035835388363,0.0005706198250812429,0.9351877537756818,20
68896644,-0.0002021622959108127,0.000620352947930983,0.9193306994666137,20
44398291,-0.00020222859554159256,0.0004074465953017034,0.9805954664536768,20
135476121,-0.00020256393489296866,0.0004232760987111759,0.977236311811536,20
157990013,-0.00020265290351793308,0.00030993895063349645,0.9956475515528276,20
85907479,-0.0002026756347342784,0.0003426951200496954,0.9920125827999179,20
96082253,-0.0002026925543038488,0.00046718315021093666,0.9663335014929647,20
121155622,-0.00020271901768986189,0.000293708021994841,0.9969637541233713,20
27642318,-0.0002027546145465936,0.00034263448800272734,0.9920382197483817,20
75832975,-0.0002027886913429172,0.000656688915045711,0.9083487702341306,20
39842007,-0.00020294295619031067,0.00025491253256800314,0.9989558355430709,20
33297667,-0.00020312773537055906,0.00033966125352287354,0.9925042636114664,20
9007493,-0.00020314782334269476,0.0002280383793296249,0.9996026423393531,20
138393137,-0.00020315813254755677,0.00032082369413318623,0.9946725115704558,20
96186988,-0.00020316401088489865,0.00043266542822248497,0.975340507157999,20
97742573,-0.00020328587391421626,0.00017180025760157806,0.9999791952169552,20
112861779,-0.0002034422031442551,0.0002712791421909927,0.9983325165706286,20
190825536,-0.0002035160045294887,0.00018879271648315654,0.999940624256812,20
145975583,-0.00020362572148162615,0.0002791415254648285,0.997950575627264,20
84170745,-0.00020374219273858185,0.0007357009234722887,0.8846918839378446,20
35905513,-0.0002037531396565623,0.0003310516939657166,0.9936666074113883,20
179411277,-0.00020395637911082564,0.0005332494011076744,0.9482731671276212,20
165593171,-0.00020395968393498165,0.00034597736009021874,0.991865816234056,20
36700944,-0.00020398806507354318,0.00042808921169828405,0.9768156544409669,20
48546351,-0.00020403733910936696,0.0003566453079617731,0.9903956413688628,20
79079422,-0.00020421221937179103,0.00022593333717975527,0.9996520968311744,20
91694384,-0.0002042944295138016,0.000265688094847679,0.9986238817185386,20
79309746,-0.00020446648521323108,0.0003803560428858981,0.9867104321381107,20
221503370,-0.00020463308216414622,0.00032544490032110487,0.9944354688887872,20
97323161,-0.000204803220153843,0.0004282723801345214,0.9771642420256466,20
33673512,-0.00020495992865754155,0.00032311772929178743,0.9947284669439876,20
41286664,-0.00020534369304127663,0.00042236267890046115,0.9787362787849093,20
8017124,-0.000205565591633608,0.00017231612921109367,0.9999810886470627,20
49844377,-0.0002058990834576724,0.00040299984864504884,0.9830060277231522,20
134963862,-0.00020590114905258693,0.0005502295888405244,0.9446949679978742,20
173206902,-0.00020619953295302195,0.00025291224632096606,0.999140905282105,20
163604977,-0.000206230989341899,0.0004986490810745722,0.9600040065624436,20
84403409,-0.0002068042779883955,0.0003611598675210451,0.9904420400420046,20
148451798,-0.00020683707248282944,0.00020989453355204504,0.9998485673939695,20
120412220,-0.00020691160028973589,0.000253355364101127,0.9991529356219033,20
46152561,-0.000207085502765475,0.0005996826325258179,0.930500648123156,20
464840,-0.00020719616485598004,0.0005242421198283314,0.953400918466037,20
95646751,-0.00020724272439072433,0.0004066479468267201,0.9828061776751302,20
221303317,-0.00020724609015219941,0.0007592166346070683,0.8814473713180343,20
87728766,-0.0002073173729767258,0.0003733006687929851,0.9887492168856035,20
17826706,-0.0002074791888417693,0.0002884435664444611,0.9977302374846375,20
60857457,-0.00020751199149763867,0.0007849234522574,0.8741656590777518,20
89112315,-0.00020765774798922333,0.0007287881518402645,0.8910333738861721,20
149771954,-0.0002076889599453069,0.00020467971959861148,0.9998875024190825,20
17625568,-0.00020788147776378273,0.00023443339048949592,0.999585606757836,20
140395343,-0.00020801789496772415,0.00038907667443125837,0.986344531785951,20
18644651,-0.00020811244548430975,0.0001814364574611686,0.9999702194109131,20
84122965,-0.0002082237791346031,0.0004265282628801191,0.9791157120974658,20
115520416,-0.00020829318986484712,0.0008055532690420788,0.8690677978571101,20
59164245,-0.0002083470466215459,0.0003738123413935906,0.9889584575104968,20
40053748,-0.00020851187378164994,0.0006604296254877354,0.9129332984333265,20
192838994,-0.0002085794198283114,0.0008479129718595859,0.8574856230228528,20
152578125,-0.0002087321149067428,0.0002400514571958404,0.9995059634895463,20
113518440,-0.00020879498074410642,0.00027677384121428016,0.9984058383490012,20
39908579,-0.00020895110399757333,0.0005503063718033838,0.9470934856095168,20
41345989,-0.00020908032100882268,0.0005225847127148497,0.9552357215074266,20
27836811,-0.0002091157068761701,0.0007832052597523066,0.8764251067628446,20
35043204,-0.00020926980310354004,0.00039503874750461475,0.98570960068657,20
87805950,-0.00020992297628730783,0.00036194145093089555,0.9910903519393393,20
194226486,-0.0002103225201871145,0.0003261935593415771,0.9952417057081672,20
29043363,-0.00021038487335810763,0.0002098671765905231,0.9998726336785894,20
54721055,-0.00021045714660026805,0.00029426812237489167,0.997634540992533,20
91582159,-0.00021058876528586568,0.00029564216761127424,0.9975653080356587,20
216706,-0.00021077417151920408,0.0005297761674043746,0.9544001837177344,20
54267716,-0.00021096164859172318,0.00021838815879665738,0.9998154385287115,20
462684,-0.00021132913385364104,0.0002954562882558175,0.9976363240382218,20
37316666,-0.00021135522954288666,0.0002992504125587811,0.9974138866041637,20
82903387,-0.00021207850024579367,0.0004886795329344403,0.9663686531605746,20
50489945,-0.0002121844441542148,0.00039501803569828387,0.9866590425874225,20
57525297,-0.00021252034845835321,0.0003729925955821681,0.990180844909002,20
72037493,-0.00021264429517278417,0.00039240588040505254,0.987236373182292,20
46352562,-0.000212677986592133,0.0006272270355396248,0.9270595753085127,20
57095574,-0.00021268340370042825,0.0003801653038363603,0.9891740631976526,20
123325794,-0.0002128841981105467,0.00032318931466553087,0.995850684920087,20
105935231,-0.00021290860392199075,0.0003623160124555271,0.9917176227691379,20
87625242,-0.00021294781985837507,0.00023149692521618303,0.9997045818945617,20
109159811,-0.00021370142094301325,0.00039210838232885034,0.9876014986873978,20
19154566,-0.00021417231414762593,0.00040133553497678727,0.9862176416882512,20
70075475,-0.0002142323121822054,0.00027648489254493425,0.9987039684065059,20
42,-0.00021446081140954755,0.0002958338607517811,0.9978549985988174,20
170330173,-0.00021489439412923083,0.0008731206426323162,0.8576096769019141,20
44706577,-0.0002149750113765031,0.0008814453279632435,0.855479054343379,20
86174147,-0.00021511113289042483,0.00044880933416470344,0.9773842902049186,20
83222149,-0.00021515404416775074,0.000240326396081146,0.9996201400961202,20
177409850,-0.0002152306538689197,0.00023945035967812975,0.9996338380509395,20
54079964,-0.00021526680707343871,0.0005973289107376593,0.9382403530215812,20
77242076,-0.0002155386249639263,0.000533221015162529,0.9567459776292879,20
7669535,-0.0002158223903393097,0.00038604609133582033,0.989134058130342,20
54894419,-0.00021585790222070078,0.0002898338414591016,0.9982431563660742,20
75383679,-0.00021614195932825043,0.0004664215532720095,0.9739616184283056,20
40344920,-0.0002162966164739738,0.00022549515739885508,0.9998022263865957,20
79290420,-0.00021629663553201505,0.00045190556075953874,0.9772505655889404,20
94698911,-0.00021650032865879742,0.0005489459530435481,0.9530783145027264,20
189423944,-0.00021680204441595907,0.000317408321871975,0.9967393190597555,20
77145960,-0.0002171165807283326,0.00023224530092442948,0.9997464849134841,20
86838338,-0.00021737954881092535,0.00034995700732838526,0.9940069527786225,20
128783888,-0.00021738333642846164,0.00027676765175491217,0.9988360339925002,20
187419316,-0.00021749187790857661,0.00024154107971587974,0.9996397055540578,20
113718614,-0.000217583852035097,0.00038719035594353873,0.989427068458159,20
19514483,-0.0002176777386586337,0.00028667743494960595,0.9984832518724445,20
89875810,-0.00021782677851450716,0.00037011325667558366,0.9917893625259406,20
5465954,-0.00021784012501728788,0.0004271272579506435,0.9828650625988359,20
91934778,-0.00021789204113948913,0.0003714758667429471,0.9916320032249617,20
166207140,-0.00021837921201014188,0.0002863487964387412,0.9985333656984545,20
137829853,-0.0002184417804693639,0.0005346817811212092,0.9582794049549638,20
42861098,-0.00021876647342967682,0.00021838211348899626,0.9998717164958907,20
138062876,-0.0002190175859253879,0.0002582465398210256,0.9993850858363483,20
66255110,-0.00021951573467465514,0.00033776879596461763,0.995475142010256,20
62291679,-0.00021986747953224028,0.000315447042347951,0.9971626722271207,20
210264335,-0.00022067670999195154,0.0002841619710560899,0.9987266975316862,20
179487430,-0.00022112561256073805,0.00029343096567309993,0.9983928681917978,20
79798935,-0.00022128079101547404,0.00036736188632513386,0.9928097919434662,20
72214276,-0.000221376342677862,0.00041153906912834854,0.9867545200416762,20
10819717,-0.00022155051197036423,0.0003162665788833844,0.9972605209016162,20
48346333,-0.00022157830447323558,0.00048049679764331816,0.973438297950841,20
124783806,-0.00022206619204273025,0.0003147470461824074,0.9973945823586468,20
206660085,-0.00022226215449937248,0.00033506400876886773,0.9960365921445685,20
122339338,-0.0002225325572113912,0.0002779237500007502,0.9990032313021404,20
90609164,-0.00022255783304624965,0.0005078903579467482,0.9675663000335203,20
25728504,-0.00022273828718113453,0.00040261101289901355,0.9885217979492585,20
84871501,-0.00022274276774156276,0.0002505645126492073,0.9995949142571485,20
147137118,-0.00022278923780525705,0.0007962049208235096,0.8870051258203652,20
30815684,-0.00022283457014284636,0.00039254031457388233,0.9899836326695214,20
13840788,-0.0002229912694914099,0.0007042336944203797,0.9135303904976587,20
50,-0.00022330712823543096,0.0005892537099388257,0.9467782417689449,20
28727376,-0.00022347427990943302,0.0005407989897747324,0.9598863019283838,20
91241647,-0.00022380400401856014,0.0025808672571941663,0.6487658269191825,20
79666284,-0.00022382701839719356,0.0004547988797155972,0.9798476638729096,20
180413154,-0.00022404420514339496,0.0006139721651347571,0.9404203678124982,20
157173473,-0.0002240791546200771,0.00017330941107405817,0.9999928507729707,20
4395776,-0.00022416595253927084,0.0003086052079233669,0.9978859734624412,20
23485126,-0.00022421653795853537,0.0002732295311832268,0.9991861859869163,20
100887239,-0.00022465058751064692,0.0003060296271181946,0.998043464005352,20
88098241,-0.00022466321272427702,0.0003845283336059859,0.991445830100438,20
33072539,-0.00022484843218384122,0.00023428800442452585,0.9998032358292355,20
178620761,-0.00022498453056682134,0.00030687403955261975,0.9980250285597065,20
14,-0.00022506205676596226,0.00020200855097089314,0.9999586657860634,20
236694440,-0.0002252405411145103,0.0003180257094781873,0.9974642118710334,20
64823406,-0.0002260609425109972,0.00030673517458506286,0.9980999522187407,20
136830143,-0.0002262151538065249,0.00037415442218556057,0.9929643538810667,20
137062363,-0.0002263702216379282,0.0005629997704340515,0.9559687951920665,20
12228591,-0.00022689452880784723,0.00042779978590184965,0.9857928123582319,20
31447488,-0.00022705567287892027,0.0002706976406836334,0.9993237663567118,20
55411917,-0.00022714950174994308,0.00031125824474289513,0.9979568935506565,20
78768871,-0.00022720384531534077,0.0003399085545824713,0.9962308737441252,20
60072017,-0.00022727611679062564,0.0014703286325796257,0.7511252910483543,20
50064140,-0.00022748902408418204,0.0006343862498348102,0.9373623009313783,20
8635612,-0.00022762626630376813,0.00031122340223000404,0.9979897886005744,20
40945786,-0.0002280409759660179,0.0007966040273084059,0.8920615357957336,20
174004124,-0.00022820963500184144,0.00029396361210884566,0.9987232269205829,20
124983825,-0.00022827313086427325,0.00040356644925323444,0.9897889093138943,20
200435300,-0.00022837351202665,0.00046001519456283127,0.9806158582059881,20
120060051,-0.0002285335533510846,0.0005068076302564299,0.9709529762337822,20
59471353,-0.000229011958920608,0.000282458980117148,0.9991004299897382,20
187030557,-0.00022927613777184164,0.00022449685100855605,0.9998947671304323,20
127268290,-0.00022929157415445823,0.0003869758430228802,0.9920968039136884,20
55859647,-0.00022967513090849657,0.0005734326008300417,0.955397970938142,20
18654105,-0.00023022608470582017,0.0024992047560487775,0.6575146988284517,20
123179715,-0.00023089270124007356,0.0002715832636897207,0.9993979900554039,20
105531191,-0.0002309371904844648,0.0002540385820923079,0.9996701026781478,20
131456378,-0.000231210755417649,0.000736647055434166,0.9117239673382214,20
89039720,-0.00023135137103906522,0.00021695169335009005,0.9999332642504207,20
50917233,-0.00023144847429540095,0.0002223619864914285,0.9999136766789404,20
16951941,-0.00023193134996435938,0.0003575816018429313,0.9954174721555977,20
141844088,-0.00023218372775307418,0.0004375326002750278,0.9858310145367243,20
132970636,-0.00023252364846539919,0.00027004055575304936,0.999461373014669,20
91782212,-0.00023255874738249693,0.0003830225335319386,0.9931363914907073,20
133027267,-0.00023263975852031994,0.0003269678289370608,0.9975456443949171,20
149571929,-0.00023275807888470667,0.0003377555478586193,0.9969311020742199,20
58802047,-0.00023319475776743538,0.0006493160432011863,0.9376299867299064,20
69688165,-0.0002336685810344241,0.0003186198646795494,0.9980295529907686,20
128718671,-0.00023391064184605793,0.0003294849133010863,0.9975065451981885,20
80019842,-0.0002340844430388206,0.0006737386255665533,0.9316348192571162,20
139230585,-0.00023409215098170731,0.0004944631843934553,0.9761712782691381,20
137431501,-0.00023416378559242834,0.0002576451917048737,0.9996694213905054,20
128183187,-0.0002345803303424432,0.0004895632312344321,0.9773579402057466,20
148251626,-0.00023462873558271203,0.00035238384652877997,0.9961329429879141,20
49933823,-0.00023466711213547265,0.00039646102202824996,0.9920498746421879,20
17032871,-0.00023481950888592785,0.00044691457563812866,0.9851269853928056,20
108298183,-0.0002348216454027108,0.0002709406299051451,0.9994914218877412,20
11172141,-0.00023520957532133235,0.00036342609317599424,0.9953535310421947,20
22682610,-0.00023535609425997527,0.00029083129580827265,0.999086341452834,20
36050152,-0.00023541262502784765,0.0003746255347415029,0.994414537498664,20
53263156,-0.0002355342561215251,0.00035286058601143304,0.9961961529551601,20
155058613,-0.00023566709929530305,0.0017282682976969656,0.7253977868390944,20
25088312,-0.00023576970284459043,0.0007112652887669243,0.9226873032976141,20
140442938,-0.00023596578216972253,0.00026943340253230097,0.9995365382204109,20
92117116,-0.00023607268505401459,0.000589451384828039,0.9553864244738095,20
207661231,-0.00023635972685243922,0.0007145540602825777,0.9222738831366449,20
175404089,-0.00023647710684988887,0.00035039654181342594,0.9964644065814413,20
147630797,-0.0002366015886039019,0.0003146504060796392,0.9983660886970475,20
191024377,-0.0002366227681478539,0.00043883707049622455,0.9869116090392477,20
172205108,-0.00023680339098979263,0.00023426906129003536,0.9998829827912661,20
22280773,-0.00023686965811541005,0.0004070745870247884,0.9912496651707534,20
239720458,-0.00023687676192354345,0.0012020767282896617,0.8054059523375927,20
15950842,-0.00023693959034111755,0.0004468229673775307,0.9857797374945924,20
116570630,-0.00023697079533388786,0.0005242182913298396,0.9712348772843798,20
78264243,-0.0002372199976235223,0.0007141050455745348,0.9231064382719222,20
34,-0.00023722138374913105,0.0003473260578189453,0.9967378612213171,20
57456790,-0.00023729492384210737,0.0004413126113206811,0.9867273105401809,20
101952506,-0.00023735202327072603,0.0005732051388050974,0.9601715946057745,20
10270925,-0.00023740187507832744,0.00033208525503388873,0.9976272720880972,20
114920089,-0.00023760172670664602,0.0003637285264074713,0.9956213948962058,20
50955681,-0.00023763973712465913,0.0010515377655676336,0.8375634349438901,20
46892808,-0.00023768568732214225,0.0002593304340767043,0.9996943417706331,20
43864795,-0.00023789215383524242,0.0006802731834789803,0.932829107031325,20
35639595,-0.00023828308934647214,0.00038321047872869144,0.9940445143727161,20
69478832,-0.0002384570920207746,0.00027453178121469016,0.9995012222623973,20
117752603,-0.00023864816838290449,0.0003795133686650016,0.9944380339148429,20
87730607,-0.00023865654896582656,0.00024810740890248594,0.9998075947751162,20
78286828,-0.0002387726830014314,0.00030853190505862295,0.9986915163234351,20
80748999,-0.00023882382932178815,0.0005581688225504219,0.9645632498383636,20
107720863,-0.0002389996229299668,0.0023276083476048703,0.6743497857768261,20
177206440,-0.00023916170659679935,0.0002487170795674603,0.9998069530117583,20
32274273,-0.00023928630640098758,0.00031435976292345716,0.9985117288311386,20
36697270,-0.00023944465117140267,0.0005856084968752537,0.9583966472889197,20
79890644,-0.00023948441460641678,0.0003024562947035504,0.9989088675753685,20
82221607,-0.00024033430821528146,0.00030112190072637446,0.9989768710046435,20
162394576,-0.0002405629209168869,0.001385509462937723,0.7764895562844079,20
76300450,-0.0002406886720572321,0.00027741464592582625,0.9994961937451958,20
221275955,-0.00024093089761691167,0.0006699182827196446,0.9378776056263428,20
41910020,-0.0002409596555624449,0.0004987892469950265,0.978139054529229,20
25328382,-0.00024100661393867685,0.00037182713812045916,0.9953975013204382,20
100593271,-0.0002414434199773996,0.0005355918142532053,0.9709200064838875,20
19445170,-0.00024153870413524126,0.0007291490886240201,0.922558608851769,20
142597470,-0.0002416022165677878,0.0003009993682956546,0.9990230097503928,20
73101763,-0.00024187925533134536,0.00034874657069976136,0.9970637693380343,20
93680662,-0.00024260923529790534,0.0002810332865458038,0.9994733736672639,20
110254329,-0.00024269956400231051,0.00030890937961096295,0.9988387450170074,20
175204709,-0.00024274779951478088,0.00034255042677913634,0.9974743943601867,20
21422699,-0.00024285931665630477,0.0003138251918061871,0.9986911004548978,20
42262927,-0.00024296582852739447,0.0005421028019136959,0.9702528357459363,20
86424293,-0.000243173389393897,0.0005516038690779203,0.9682984664250959,20
21886010,-0.0002432079908759349,0.00019405541338325677,0.9999895140232538,20
100351083,-0.00024329446012036072,0.00020138142019338404,0.9999837072005783,20
1861839,-0.0002435911830493104,0.00040939751177238726,0.992282594374764,20
41642011,-0.00024378349076662476,0.0002725149923087823,0.9996174587849748,20
124154167,-0.0002438270639856882,0.0016015223389235958,0.7479159652244463,20
126356151,-0.0002441802547762745,0.00042703673956989106,0.9903682384021307,20
125817619,-0.00024448458958123144,0.0005741617567720026,0.9639360835847375,20
18277832,-0.0002452430105916004,0.00036499213610745795,0.996358757893128,20
7216231,-0.000245425117487405,0.00045106694979132856,0.9874959481502626,20
165993353,-0.00024548649977034485,0.0003131163771766692,0.9988190642561288,20
74593134,-0.0002458484082727364,0.0002997261398997814,0.9991830906839256,20
43849406,-0.000246061444934631,0.0005240302554924879,0.9753387653633535,20
101394379,-0.0002463138908039175,0.00036058375956270607,0.9967412390393692,20
4066398,-0.00024658597969669515,0.00045037134588799503,0.987889414150293,20
55121154,-0.00024671589560042173,0.0005828274270384508,0.9631605311134637,20
118333204,-0.0002467529304473304,0.00024163460220772342,0.9998946532256521,20
228510516,-0.0002468758877576832,0.00022500207493294686,0.9999510465486785,20
229087980,-0.000247322608977843,0.0006837606244645268,0.9388862350789616,20
16293956,-0.00024744831437765736,0.000212785081170078,0.9999745576048746,20
14671928,-0.00024755722737917487,0.00026557901193868924,0.9997393563784042,20
60660524,-0.00024756968659007397,0.0004161004706708841,0.9922808565224401,20
127477803,-0.00024757016855987967,0.0005734132924392609,0.9657183478754601,20
113338149,-0.0002479698536188707,0.00021252407424587343,0.9999755166603249,20
182414925,-0.00024834380965781946,0.0003428923908525553,0.9978404033962711,20
4868632,-0.0002490260803824307,0.0005607780794637291,0.969170333037425,20
3668644,-0.000249097077089408,0.00028781655941364235,0.9994850520402979,20
816845,-0.00024927013320875935,0.00039456870655386027,0.9945946371665889,20
216898782,-0.00024938375278698297,0.00214774145513516,0.6952188306120675,20
73502290,-0.000250098524296577,0.000434383618746344,0.9907234511599561,20
153457786,-0.0002501564640658399,0.0006792516193511075,0.9420020449442723,20
110342627,-0.00025021305594928047,0.0008944507131554521,0.8869456165691156,20
92724547,-0.00025031844861513053,0.0003690244113958695,0.9965830432575489,20
6004639,-0.00025039913292086713,0.0005321076067599513,0.9755615317933407,20
175007741,-0.0002504229100922767,0.00046848605949929525,0.9863307658475269,20
158585531,-0.00025067344575431527,0.000672402058610909,0.9440657183796539,20
104736394,-0.00025068587085456674,0.0003527688678112338,0.9975238445958151,20
122979329,-0.00025071995162511405,0.0003576061417212302,0.9972765671171303,20
40025246,-0.0002507584885573094,0.000218353339897031,0.9999706248539061,20
103555202,-0.0002508430317854554,0.0004136927933922216,0.9930820508173305,20
193825943,-0.000251421509175595,0.0003142304522548643,0.9989973524322171,20
206482511,-0.0002517183010420615,0.00024273809458950023,0.9999102343940455,20
17237543,-0.0002517670117405252,0.00031110563051922835,0.9990864565862633,20
29728387,-0.0002523808554046769,0.0003004649509456146,0.9993319132812775,20
142283198,-0.00025238259965901786,0.0005797461924221553,0.9667562396867528,20
64661527,-0.00025249522855589344,0.00040233217825934905,0.9943699523073013,20
72682773,-0.0002527766715866381,0.00029288985283683333,0.9994721226449916,20
90493534,-0.00025303480868593133,0.0006733254233669776,0.9453986132763781,20
120812352,-0.0002532415724114695,0.0003211258838774322,0.9988728943422345,20
211064876,-0.0002532662439785671,0.0009265555759454626,0.8817516550107662,20
73083529,-0.00025372523146247603,0.0005588222451433961,0.971730308273554,20
32968152,-0.0002539972017433723,0.00022221542658531826,0.9999690106522763,20
34676921,-0.00025417135688414195,0.0003534955252448453,0.997723779478777,20
24286912,-0.00025417643549144054,0.0007208711746041244,0.9343336760666333,20
146736298,-0.0002549608303143991,0.0003998358820957819,0.9948980938228269,20
10468280,-0.00025524178865615754,0.0002702988232497953,0.9997697520692759,20
81283175,-0.0002553662504542614,0.000519781674698172,0.9796926778886093,20
80419872,-0.00025563367143745794,0.0004292979309205713,0.9923173662913832,20
4467757,-0.0002556660685679446,0.00023393356172169325,0.9999488820121453,20
48689126,-0.000256138266439776,0.00023332826400461346,0.9999513123204826,20
88639659,-0.00025616970865678104,0.0003876305346075296,0.9959382679808922,20
65263265,-0.000256866577682377,0.0010257757602656946,0.861638171935533,20
131881770,-0.0002572391091104881,0.00039425929700046583,0.9955877624200333,20
29239679,-0.000257248913279573,0.0003679809453980805,0.9972209518869266,20
77567989,-0.00025750872465152286,0.0003542042231094725,0.9978991513537164,20
74703806,-0.0002576852740567959,0.0003045624131838138,0.9993723325860862,20
26489691,-0.0002579575465923939,0.00029455250971784834,0.9995364228454263,20
65824820,-0.0002582649339546689,0.0005520364274712596,0.974961489964955,20
88674491,-0.0002582774178228303,0.0003329691594877805,0.9987149193779281,20
174480301,-0.00025838507768970176,0.0002577269249773333,0.9998727459940231,20
19435753,-0.00025950083344955245,0.0006490795406480263,0.9551277583487384,20
144173078,-0.00025950553068294636,0.00030098129815380977,0.9994675463183904,20
100327000,-0.0002598651181667744,0.0007746751985238246,0.9249988578269162,20
104155852,-0.0002599513567166561,0.0006720742561045917,0.9500586827336053,20
62100799,-0.00026026092994909934,0.0006585766278058202,0.9533844342754004,20
64572470,-0.0002608084686432699,0.0003243097702370476,0.999038086118351,20
99992480,-0.0002611368916661166,0.0002691758304396818,0.9998230597717414,20
55694982,-0.0002613088494494986,0.0002191243099208311,0.9999810062170643,20
114608596,-0.0002613570344807192,0.0006192614974301368,0.9627637874440198,20
20600742,-0.00026159580973661445,0.0006245133165145257,0.9617518408012904,20
18216100,-0.0002620534438036809,0.00048620797286337217,0.9868835143602596,20
75,-0.0002623120634776127,0.00044034249723531106,0.9923343986880853,20
48234475,-0.0002624943226587323,0.0003841614642215209,0.9967475194601161,20
135028674,-0.0002631184548179732,0.00022278550252862586,0.9999787327279306,20
4604030,-0.00026356535820932223,0.00034189572208906827,0.9986510484640665,20
239118919,-0.00026379082063240634,0.0003622104188716601,0.9979258909030368,20
88510978,-0.00026390373977517033,0.00048254629587154096,0.9878190550590706,20
38679781,-0.0002639914546935879,0.00030286750707214427,0.9995164936451424,20
176482805,-0.000264156555852435,0.0004257820053006618,0.993962665343259,20
416778,-0.0002642007485991166,0.0003165218074151591,0.9992950312125328,20
148538622,-0.0002647269829321036,0.00038941433152461596,0.9966329836141521,20
122661610,-0.0002650008062313969,0.0004187450448512655,0.9946519688290854,20
88556834,-0.0002651191841487738,0.0003808443950787379,0.997138003918542,20
46648853,-0.00026534515193028243,0.0003895977731145017,0.9966750725614867,20
222503969,-0.00026552143622421973,0.00030622369887342257,0.9994934582326918,20
43,-0.0002662409983379882,0.0004867106117903168,0.9878330571104794,20
78565563,-0.00026701623764041615,0.0004983648650842449,0.9864883910009832,20
169274460,-0.0002671946824730348,0.0005676377575448335,0.9755904354959688,20
108922158,-0.000267668518239908,0.0005124888272961337,0.9846909791636594,20
26529273,-0.0002677361643588172,0.00041226060014269407,0.9954544045029522,20
115921128,-0.0002679897296930245,0.0003453464949522806,0.9987191180269619,20
139566499,-0.00026842019348592705,0.0004331428249865537,0.9939214801171257,20
42147220,-0.00026848501502030607,0.0006162842899870162,0.9668470411439591,20
137958438,-0.00026851658942058656,0.0005006217137781168,0.9865612632450599,20
135163943,-0.0002689789726439129,0.0005199654879823329,0.9839718695949574,20
32332162,-0.0002691442171071423,0.0006334729287275867,0.9636463622048298,20
161864741,-0.0002691992737236276,0.00056879621524393,0.9761399431314035,20
101533066,-0.0002693501539903109,0.0004943365181209812,0.9875859620020766,20
22695564,-0.00026958897235050683,0.0001930965054269527,0.9999973135986272,20
56452706,-0.00026962933685548975,0.00038543847401835635,0.9972336059037029,20
184414948,-0.00026964275257298776,0.00023008582167275955,0.999976729442595,20
78498995,-0.0002696459754480407,0.000273641002594658,0.9998485167754905,20
101654292,-0.0002696982264603576,0.00041328513604285916,0.995592538654304,20
61326783,-0.00026982710434249877,0.0003595332393152827,0.9983418526357482,20
169709763,-0.0002698418574076739,0.0004258760253082083,0.9946920898181143,20
181611787,-0.0002702100983379252,0.0004779552865061208,0.9897605090045899,20
3462313,-0.00027028983491529657,0.0006109542720954512,0.9687224707946894,20
143532126,-0.00027037518794296723,0.0012080305144426709,0.8352808565340226,20
104330202,-0.0002707537183319009,0.0006099383935856643,0.9691251660199656,20
27700520,-0.00027144120378314594,0.0036532776425123228,0.6283432757151433,20
72270977,-0.00027238586553421097,0.00020025227285617333,0.9999962344785107,20
145687798,-0.00027265733372051904,0.0005562357295879019,0.9794882047325892,20
15078859,-0.0002730197138540752,0.0005200131222948003,0.9850720881160934,20
19226809,-0.00027359848844866477,0.00023312809644281373,0.9999771113742246,20
24083140,-0.000273854881059582,0.0014728719769610305,0.7919946629909764,20
78597927,-0.000274532685372636,0.00028748776596390413,0.9997934286730502,20
13413926,-0.00027496635015477613,0.0004001865077625236,0.9968682651493415,20
16485829,-0.0002750674713540596,0.00040767585870702,0.9964586802916526,20
6467472,-0.00027509597346831447,0.0004707755009498391,0.9914531699190409,20
93318423,-0.0002756401731121183,0.000378410437482484,0.9979287101986679,20
151541300,-0.0002758297770588419,0.0004927252114721622,0.9892102136884418,20
13076348,-0.00027620835819185954,0.0004668117908385965,0.9920335698360764,20
162065060,-0.0002762767820121359,0.0003923434252288419,0.9973587039998568,20
150940867,-0.0002764555917414174,0.0004171283515262767,0.9960136916907092,20
133274753,-0.00027703672006786084,0.0005667059964292861,0.9792414576597287,20
123874968,-0.0002771176469637621,0.0003819287887387729,0.9978686934000167,20
24289452,-0.0002774250471199585,0.0003800612759413822,0.9979603826882432,20
193225651,-0.00027742848466020544,0.00016047234562676881,0.9999998613968146,20
130359263,-0.00027773304503088956,0.0003881548137359267,0.9976424226181277,20
59259160,-0.00027778021110150817,0.00029959251994189694,0.9997258546647162,20
35443632,-0.0002780656621525962,0.00039503394293089063,0.9973516291070266,20
104644823,-0.0002782122102138351,0.00025370402733840996,0.9999507440914014,20
185628932,-0.0002783002976255222,0.0006496593662121676,0.9647166670957428,20
12873605,-0.00027858152060402654,0.0003599511194812946,0.9986920885960261,20
163395026,-0.0002787905344533548,0.0002559109542357543,0.9999470575020082,20
92294612,-0.0002790303610028022,0.000592301257472443,0.9756729674155552,20
98285877,-0.000279064242838642,0.0005016094023270681,0.988851946531882,20
31673758,-0.0002790791074824106,0.000493177296328294,0.9898121093406838,20
57013482,-0.0002793510892350193,0.000547171182579535,0.9829470285671624,20
101995470,-0.00027947620855275636,0.00025352625721265494,0.9999535033677556,20
30433267,-0.00027977275756084496,0.0004923077014925163,0.9900418597945189,20
33075184,-0.000280013496765591,0.0005233325499806081,0.9863968860344,20
154058200,-0.0002806633525325675,0.0005698508844547677,0.979915824408349,20
82869189,-0.0002810478294795721,0.00032567396910965105,0.9994717424716267,20
74493432,-0.000281358414996799,0.0008335777954050832,0.9261870796047331,20
80045939,-0.0002814847993113989,0.0007980153383582382,0.9344030674955449,20
22483991,-0.0002815004648855507,0.0002959479336669245,0.9997853689339815,20
111500353,-0.00028187482511986826,0.00032390529990327597,0.9995095215411757,20
43347282,-0.0002821988472074405,0.0003855977630435847,0.9979989874372998,20
21630897,-0.0002823303491513024,0.0003601983366392145,0.9988167692149261,20
133007053,-0.0002824184773694255,0.0004018661846749536,0.9973213935559799,20
90713018,-0.0002824317634259416,0.00031822900247433736,0.9995888579069444,20
4269460,-0.00028253051801236664,0.0003648200352382175,0.9986986404181892,20
59663870,-0.0002830148055304654,0.00022660081886623118,0.999989063266386,20
68466810,-0.00028353977218668056,0.0004351983016688003,0.9955466255280612,20
15475227,-0.00028402860372339633,0.00038209308548930163,0.9982179011849276,20
114464592,-0.0002840559494288769,0.00031617410911531,0.9996322010031194,20
195827205,-0.00028442574455292413,0.00047044495925605175,0.9929633397303245,20
83107312,-0.0002845608312764286,0.0005022285211892113,0.9898809674851005,20
70989940,-0.0002846122318502731,0.0005091012068452723,0.9891330157555498,20
25484676,-0.0002846756143428497,0.0004471821380125994,0.9948446536506316,20
151592787,-0.0002854818909604123,0.002331254031587696,0.704846148452414,20
5468902,-0.00028618106072726137,0.0003740831894791315,0.9985683626892301,20
115608949,-0.00028643952125728125,0.00028110683501508343,0.9998922656454649,20
120955578,-0.00028658868723943355,0.00026314237753698226,0.9999468961603567,20
61020245,-0.00028661914520389795,0.0003106909725597965,0.999712463116675,20
152995177,-0.00028688793350550303,0.0002769284350735761,0.9999092933571141,20
14471838,-0.0002872678393235378,0.0006478229436133427,0.96899989843912,20
119753885,-0.0002874530992082708,0.004621327670129613,0.6080579623534859,20
15550435,-0.000287889099132535,0.0003108709769404546,0.9997227001246032,20
127957893,-0.000288055057484804,0.0003841418947624028,0.9983313295088276,20
114939962,-0.0002886952136345572,0.00022589613205064476,0.9999917441795914,20
145173679,-0.0002886993566727669,0.0003275165056102508,0.9995627317621163,20
130167063,-0.0002887445892031909,0.005424657303938789,0.5928022243964389,20
131959966,-0.0002896466095760414,0.0004855837389230276,0.9923925007433118,20
15,-0.00029030611029577934,0.0002064348416346831,0.9999975565629252,20
164668038,-0.00029053977598005043,0.0003870369483532534,0.9983449360642894,20
116146074,-0.00029059000213405294,0.00021107973884318274,0.999996775907442,20
123926310,-0.0002905961566983112,0.0005026071111576002,0.9909349680996008,20
44305891,-0.00029101081222079883,0.0002591850361064303,0.9999620937221513,20
48390423,-0.0002913403008173637,0.0006799587814730165,0.9647433934027848,20
111206807,-0.0002914997729645735,0.000499247569622521,0.9914148436813971,20
49854117,-0.00029161353218210283,0.0005507624740785477,0.9856734839312743,20
96,-0.0002916726248830409,0.0007065729849235057,0.959740813512133,20
64883740,-0.00029173950202046053,0.0003363048086995602,0.9994955343919456,20
142483643,-0.00029196917287678813,0.0003613097975201942,0.9990754184361975,20
76897385,-0.00029204775241205294,0.0006106031353901841,0.9771817601245778,20
3815005,-0.00029214245870393395,0.00042456375938621746,0.9968994272597628,20
166907409,-0.00029215932203626447,0.0004228629888112266,0.9969849058505856,20
41259148,-0.0002922297667846185,0.0004118089459356409,0.9974989546480014,20
183615047,-0.00029245435587762494,0.0008108725349478425,0.9383790090333245,20
67886129,-0.0002932802910665666,0.0005283378886288618,0.9887213351963126,20
12822702,-0.00029343653034635543,0.00037548329604966744,0.9987884699721752,20
13683735,-0.0002936819566982024,0.0004008527718174405,0.9980149357184108,20
139193638,-0.00029402575023553256,0.00031517585067054383,0.9997413510358041,20
76663351,-0.0002942617321126134,0.0004683266001994345,0.9944108000516039,20
83504563,-0.00029429907841846956,0.0003673762278693925,0.9990071487290803,20
43505561,-0.0002944215454829341,0.0003119736413666982,0.9997684418390915,20
93212161,-0.0002945011674937603,0.0002987227029723167,0.9998492353058059,20
71068398,-0.00029466346284935386,0.00032809587788423263,0.9996310173568584,20
137831854,-0.00029472248633929666,0.00041964068491628123,0.9973094176356685,20
29814491,-0.0002950745007507666,0.0001484556521421498,0.9999999830676641,20
168008276,-0.00029508110453466965,0.0006761020783773446,0.967072387011316,20
177607116,-0.0002951679930201068,0.00035218854394602263,0.9993190372062782,20
36105646,-0.0002954855196374617,0.00039967285808812877,0.998143994786224,20
231913653,-0.00029674740944590495,0.0007898584529241406,0.9453537963141697,20
105440616,-0.0002968189980864705,0.0003686104749733269,0.9990482306755047,20
54854441,-0.00029711172886760784,0.0004646294531697689,0.9949870105308446,20
110405675,-0.0002973898902560723,0.000494001173115008,0.9927855887707753,20
122152141,-0.0002975492205779917,0.0003204228171882344,0.9997298021885014,20
61050397,-0.00029758653751891796,0.0003539570297000437,0.9993371702213057,20
130791733,-0.00029778795169562166,0.0003850348037114156,0.9986849452495249,20
28092685,-0.0002978515918725777,0.00028770058158691394,0.999908666567437,20
46200690,-0.00029791294728348793,0.0003611735570783036,0.9992205300622244,20
134753876,-0.00029813234384971633,0.00045704028856860215,0.9955812062624668,20
72482572,-0.00029865143992069133,0.0003367872753128807,0.9995857157560207,20
36515752,-0.00029878087788954286,0.0003718402984617954,0.9990314460526328,20
33437609,-0.00029961109240259076,0.0003697009559543822,0.9990970827444899,20
21880708,-0.0002998078628865003,0.0003419063419656524,0.9995416517921316,20
47116823,-0.0002999447635258723,0.0006608855982929426,0.9716850893540946,20
122351934,-0.0003000428671969396,0.000755485749001325,0.9541344773285203,20
50664426,-0.00030023316947709047,0.0006998459506230931,0.9649029507095502,20
103844033,-0.0003002993084592981,0.0003827563234967737,0.998825758939192,20
5866892,-0.00030082350762146713,0.00047977962579492467,0.9943382831381841,20
90093298,-0.0003016676659176376,0.0003570061991181932,0.9993653060584408,20
35128715,-0.000301910516563314,0.0004295291207989594,0.997324596762139,20
69429300,-0.0003023103823701856,0.0006385731838383437,0.9761688535641814,20
58054574,-0.0003024662098536857,0.0006828925049975418,0.9688610154141409,20
16027189,-0.0003027922956969381,0.00034081411498149025,0.9995927337743976,20
155497657,-0.0003028868218105496,0.0005275147165292647,0.9905831827038593,20
141243646,-0.00030353184946189937,0.0005166356315790515,0.9917084170664118,20
6815583,-0.0003039159997607066,0.0003568896906576604,0.9994065058804613,20
172479228,-0.0003042642107183857,0.0003263215395649488,0.999740059322002,20
109244436,-0.00030451054688251656,0.00034713494665114525,0.9995432388390694,20
143847770,-0.0003046433266760434,0.0005781917375322851,0.9853270786398965,20
80492525,-0.00030473109748644923,0.0004707538151596572,0.9953592436159165,20
84222593,-0.00030478434806003316,0.00022034029383775523,0.9999969686377632,20
46407918,-0.0003048135250189682,0.0004817464530223207,0.9946457382377725,20
158985818,-0.00030604932264290954,0.000353441787731083,0.9994873602000496,20
91181540,-0.0003060747326518537,0.00021988412453863618,0.999997207096128,20
187631817,-0.00030663860660819496,0.0003068537246938067,0.9998684702476901,20
201836853,-0.00030710746753789543,0.0002868966199374482,0.9999359458526342,20
83670415,-0.0003073928807945492,0.0001889905991740574,0.9999996658418816,20
46107752,-0.0003074468393305579,0.000433200493569868,0.997501098254184,20
84293477,-0.0003077450621304351,0.0008094075730508413,0.9473119913320024,20
70899677,-0.00030782278430331323,0.0005520899183699506,0.9889794274078368,20
32298995,-0.0003080688600058695,0.0005568277360869679,0.9885242317287151,20
40302318,-0.000308301365616076,0.000395852733389153,0.9987553068595525,20
121338022,-0.0003083396123198745,0.0015721509237534795,0.804306538972474,20
27629882,-0.00030843359266861383,0.00048185234614755675,0.9950183513089371,20
90893554,-0.00030867382370096673,0.0006949108359616676,0.9692022447554938,20
126144694,-0.00030878117959609044,0.0005057493148454613,0.9933567574908141,20
103890399,-0.00030901019183912084,0.0004729015220778247,0.9956298073502157,20
101642896,-0.0003094354837609531,0.0004644032631436523,0.9961510568297416,20
6616249,-0.0003101233171114243,0.0005366446220010561,0.9909103845740065,20
77307602,-0.00031089624070191056,0.0004474743664078945,0.9970990558693507,20
14879296,-0.00031090138085405894,0.00018807599942659485,0.9999997348086686,20
36496724,-0.00031112515435590126,0.0005664765480564843,0.9880820724275493,20
72359196,-0.0003115142264178805,0.0011113207137920865,0.8874001731398108,20
72559060,-0.00031176045608897194,0.0004369778207822783,0.9975928910257931,20
39258742,-0.0003119154035823857,0.0004305299709495297,0.9978453890662519,20
36244666,-0.00031204200334798704,0.00031100793262404475,0.9998737384017287,20
46927815,-0.0003126059766067724,0.0005769721059442433,0.9872251084119398,20
150375134,-0.0003133904422191663,0.0005763901250225319,0.987450684954655,20
61900579,-0.00031351954177645525,0.0005526628886267087,0.9899471188944031,20
112901324,-0.00031352905023945555,0.000499627014161542,0.994367054475975,20
87311221,-0.00031359938832355714,0.0006990338539779048,0.970363054474748,20
18082483,-0.0003139936776602709,0.0003445161356994764,0.9996778979720237,20
6596678,-0.00031399866498472984,0.0002946030355634025,0.9999329028676669,20
113864109,-0.000314200500735759,0.0003161070237209046,0.9998611521783836,20
236092970,-0.0003146903920090621,0.0007328543140629913,0.9650240818312874,20
1801065,-0.00031513416328287356,0.0004222228975376582,0.9982713740743607,20
48467721,-0.00031516782167194667,0.00037024283588966056,0.9994045505889182,20
67875170,-0.0003152259146351116,0.0008490103671744654,0.9433804313566171,20
156784003,-0.0003152441239433479,0.0004540087230033338,0.997086792901776,20
86709439,-0.000315501164459378,0.0006473479526754107,0.9789635136049722,20
81150102,-0.0003164152015348587,0.00049033935589215,0.99526593351617,20
65348695,-0.0003167253457534297,0.0003007284353868107,0.9999237828906548,20
63288667,-0.0003171752428040964,0.00043069240948388993,0.9980892127856884,20
410468,-0.0003183443070384262,0.0005776474134108824,0.9882899577778244,20
59659475,-0.00031885355019784233,0.00039627786768754313,0.9990422424713209,20
89840486,-0.0003189471597220883,0.0005850358957563826,0.9876211180640004,20
11471766,-0.00031898161875445476,0.0011188665015539874,0.8911557419122484,20
76677289,-0.0003193895196410168,0.0006285968399287476,0.9825631168419491,20
179811725,-0.0003205349192068413,0.00020367877325313882,0.9999994680831367,20
76384680,-0.00032130230639286494,0.00047180945766637144,0.9966726120427386,20
54458694,-0.00032145251799043094,0.0006245165508982375,0.9835879998493567,20
42884431,-0.0003216924760244988,0.0002973528260658157,0.9999428880143051,20
15885492,-0.0003216996839075448,0.000454149970470037,0.9974669838888115,20
8021213,-0.0003219238724487955,0.0001805832357283164,0.9999999117969337,20
41,-0.00032200825096332373,0.0005216049665600133,0.9937804161709064,20
26329128,-0.00032276989042792913,0.0008480403081008887,0.9474811221269541,20
34897009,-0.0003231395438609952,0.00015715406455242683,0.9999999900189365,20
61487578,-0.0003237979064302787,0.0003806136628455355,0.9994013794900797,20
50438556,-0.00032546022964932974,0.0008993219328345927,0.9389762058691956,20
40338292,-0.00032604816488313314,0.00032744605065302844,0.9998636159838407,20
75662679,-0.00032615767245599837,0.00036312808027651747,0.999631346558061,20
90522149,-0.00032642711630657685,0.0003929782928159522,0.999265299308635,20
69877783,-0.00032642965771835785,0.00031389447703020483,0.9999128622272868,20
234315474,-0.00032695872166484395,0.001133471091387203,0.8937382952594339,20
53848885,-0.0003271803803341994,0.0003919845184056779,0.9992948644147106,20
101522541,-0.0003273883478408901,0.0006885903169810307,0.9765955738381666,20
9267597,-0.0003279319232674438,0.0011811346393581412,0.8852621438690567,20
39480697,-0.000328334909873132,0.00036253431650954917,0.9996584531093919,20
47866802,-0.00032844643850610256,0.00047543300750888017,0.9969827623702308,20
24759510,-0.0003287235404803773,0.00035552620006150875,0.9997185323725574,20
56446157,-0.0003288681049270881,0.0003472407104859568,0.9997762224249054,20
161189344,-0.00032918384269953747,0.0003805666924451695,0.9994824774113975,20
5619731,-0.0003296171424654576,0.00028067170805277773,0.999977289209566,20
85888767,-0.00033016762596456417,0.0005136166121569726,0.9951498389915104,20
9845979,-0.00033040330052683806,0.00027394241080818527,0.9999833806960464,20
71076543,-0.0003307450557626573,0.00020225113465113993,0.9999996905961472,20
65930148,-0.0003308604811722543,0.00029540126906171425,0.999961037329232,20
66864550,-0.0003311256481969338,0.0013352670825440885,0.8593690147365513,20
161702574,-0.000331277216018222,0.0006562990781137075,0.982025235997747,20
157899234,-0.00033189575273080696,0.0004208895269456852,0.9988723514266823,20
73615558,-0.00033210344888069123,0.0014362702020576839,0.8429578868308176,20
33333126,-0.00033221869398808446,0.00041364869908752075,0.999027721884408,20
36572119,-0.0003326162307535796,0.0003029903168731942,0.9999513216582873,20
39301123,-0.0003327750981668931,0.0003257948341165022,0.9998949125078616,20
132186618,-0.0003330921393554204,0.0004221125664740283,0.9988786273739662,20
53066639,-0.00033332709463216594,0.00031991066605052324,0.9999146090076871,20
30094716,-0.00033346588059335325,0.0005202558851971481,0.9950604085113316,20
174807719,-0.0003335075147172906,0.0033772207491080636,0.6681298667812485,20
167799660,-0.00033359081084117506,0.0008094179328643316,0.9595162472647327,20
238496786,-0.0003337588057225699,0.0002766640133729306,0.9999834236455734,20
25664183,-0.0003339773935285867,0.0014700880167805323,0.8388005906642629,20
25722066,-0.00033493214377690593,0.0009231928082989167,0.9394116621349063,20
44906861,-0.0003350099059251127,0.00024501970907202074,0.9999964773165384,20
12028554,-0.00033565087963330906,0.0005193568765872999,0.99531141544629,20
48251551,-0.00033630398301067734,0.00047664064495949734,0.9973954353996557,20
31835268,-0.0003366354828424095,0.000975620929855416,0.9303506124702043,20
129671311,-0.0003367754371522896,0.0005270902379681385,0.9949611045411048,20
93104854,-0.00033692397299537046,0.0005587056000364586,0.9928576710036985,20
108204013,-0.00033736140415494833,0.0008921027088962116,0.9464318849775062,20
158986225,-0.0003376055761519364,0.00036576258385594856,0.9997139175675761,20
199651195,-0.0003378417776490839,0.0003368326482322469,0.9998733160488723,20
43845802,-0.00033851118239435765,0.0004129507114808795,0.9991788684935181,20
97701769,-0.0003385491755877157,0.00032294542198027396,0.9999199374334193,20
93115327,-0.0003386127259802113,0.0004226969308656246,0.9990070803675046,20
86513226,-0.00033911885606544847,0.0005895762210825334,0.990673535080753,20
63893394,-0.00033930788925312926,0.000570636286434016,0.9922539275358633,20
43885399,-0.00033982709769113937,0.0005284235122964672,0.9951625291546268,20
144966325,-0.0003405378429988365,0.00015044940976827084,0.9999999978380945,20
32641791,-0.00034092601564073564,0.0006816385882830377,0.9812563662753615,20
24488639,-0.00034175747440513273,0.0007852790932853658,0.9667197216613567,20
102243247,-0.00034205088156205046,0.0004411984558942189,0.9987096578198091,20
34638345,-0.00034223449768510105,0.00045041684037473413,0.9984909768574315,20
25120924,-0.00034225554314621097,0.001001304617700142,0.9285816285176601,20
15279294,-0.00034334320079710824,0.00035139612364519464,0.999835141779526,20
20236625,-0.0003441510780738344,0.0002825588419801598,0.9999852063119687,20
126676730,-0.0003447174104019346,0.0003686400181500194,0.9997471228359329,20
113366165,-0.000344833348966736,0.0003611832730361881,0.9997929974168701,20
96900819,-0.0003448600044839101,0.0009479955050287741,0.9398817826431917,20
235492499,-0.00034491094306329795,0.0005541586753481715,0.9940790121452027,20
66975075,-0.0003455438369874914,0.00037320612316807427,0.9997221524494909,20
55646000,-0.0003456662628292612,0.0005117082343645214,0.996486427954568,20
124954555,-0.0003464139050731424,0.00028184955921124554,0.9999867264234455,20
117904649,-0.00034699235995608313,0.0005389427918182563,0.9951976486344435,20
60059641,-0.00034704633268441696,0.0003669254812752069,0.9997733114031793,20
95144375,-0.0003471940977005261,0.0004514253419758989,0.9986263962052739,20
106895234,-0.00034751063908110833,0.0004214867553578475,0.9992176697041861,20
11275293,-0.00034761015787225513,0.0006240628729169948,0.9889224317727536,20
9418274,-0.0003485946101770804,0.0002832616219267681,0.9999869284642208,20
121524909,-0.0003486391064934341,0.0004954707022529279,0.9973449785220726,20
111209920,-0.0003489636816095043,0.0009742505715091383,0.9371590604107267,20
77489783,-0.00034912868908231474,0.0004882905894912059,0.9976301141572189,20
6069303,-0.0003517221021067024,0.00046713519804908644,0.9983822429593289,20
45552290,-0.00035177261929477955,0.0003584479610180759,0.9998421893167964,20
40881793,-0.000351785182147063,0.00048349360002637157,0.9979114436327677,20
5814813,-0.0003521389928184099,0.0002909268813442965,0.9999840667838634,20
29419740,-0.00035214213530834206,0.0005629062886285956,0.9942591367157927,20
95739748,-0.00035236837553440645,0.0002925749039530449,0.9999830952739529,20
98325208,-0.00035250759814376976,0.0011590382052912933,0.905147801258611,20
61690161,-0.00035374016954596853,0.0010449768551593892,0.9267434465444626,20
160588285,-0.00035428616883185495,0.00045060490090501423,0.998845561093969,20
83104166,-0.00035436226779846927,0.0010178955624802904,0.9320019727184347,20
51841424,-0.00035453729000369525,0.0004576786330986448,0.9987013339060822,20
28068952,-0.0003548692064384462,0.0003668036690271032,0.9998181804336357,20
97943202,-0.0003572141944980539,0.0005348472836083994,0.9962104715948058,20
88639672,-0.0003573994473417996,0.00042030867559458455,0.9993989315660742,20
91702740,-0.0003574656189219344,0.0004900576685942804,0.9979498450383895,20
25840664,-0.0003579120385597934,0.0004933712535103967,0.9978658536821,20
39846872,-0.0003582256023042518,0.0004139239080366019,0.9994848765247819,20
99526455,-0.0003596887337970228,0.0003961463876016677,0.999666395128327,20
125863700,-0.00036011136225430894,0.0004553185724456284,0.9988988600908559,20
49312409,-0.00036018538736510566,0.0004256240615246598,0.9993734127765993,20
22624086,-0.00036026551752197376,0.0020878495896120316,0.7751027232412264,20
38836785,-0.0003617668531885443,0.00041703271052327234,0.9994954982810533,20
30495343,-0.00036270951280103494,0.0004621229230884657,0.9988294035679485,20
25090012,-0.0003630001919406878,0.0004040818066379446,0.9996318897691385,20
102729253,-0.0003632220401849656,0.000636231933948305,0.9902850591137144,20
125581166,-0.0003634174027066478,0.00044320057209732273,0.9991809286631131,20
107133382,-0.000363514934526063,0.00048346832957582244,0.9983650845188043,20
136763676,-0.000363691198189886,0.0006019989897237262,0.9929327455279717,20
73102162,-0.0003641706233132286,0.00044248328013281953,0.9992058435604283,20
162194539,-0.0003656660044988935,0.0004262850587335175,0.9994430705446531,20
42746809,-0.0003668560501173257,0.0003261482853794712,0.999962850635599,20
27931555,-0.0003671459761972667,0.00048419902477660936,0.9984669340319691,20
86651734,-0.0003674643898570251,0.00025609531168201225,0.9999981265114732,20
37943039,-0.00036811970482454327,0.0005114013207472321,0.9977420387263947,20
126355170,-0.0003700400596412717,0.0008487574466929477,0.9669401816804013,20
89780214,-0.0003726146131266206,0.0024487415591101474,0.7478034604940671,20
56266410,-0.0003731657367700925,0.0010153002879481471,0.941658025285007,20
13873691,-0.0003731933305321372,0.00035806773956387867,0.9999148710996419,20
29639926,-0.0003733409082111977,0.0004361218322230653,0.9994330321129795,20
77489122,-0.0003736319325343823,0.0009455292629749222,0.9533726644312516,20
50315996,-0.00037449295956871743,0.00040345960780137596,0.9997286690661475,20
154858565,-0.00037453624697776633,0.0003716413788019627,0.9998793316468386,20
150654622,-0.00037489960670979703,0.0015918877326677474,0.8472737673027415,20
28763950,-0.00037525654481981586,0.0004943806850672806,0.9984791241264964,20
72139377,-0.000375781059460642,0.00033939387962824184,0.9999557093112477,20
32436683,-0.0003760820644735513,0.000474835680761494,0.998911384492745,20
34914132,-0.0003764563258881748,0.00042607061722704066,0.9995718965628188,20
42958558,-0.0003764623566243991,0.000696447950309956,0.9870743156314266,20
48653361,-0.000376893884030699,0.0007585569282427338,0.9806874066159517,20
151893946,-0.00037930967658305617,0.000580842856437312,0.9956125085087264,20
25407974,-0.0003799751263815959,0.00021376346264095412,0.9999999079400621,20
42242700,-0.0003800053696959238,0.0004405480080628277,0.9994695872144453,20
86975062,-0.000380384682682125,0.002307868416994519,0.7649669471768452,20
103529452,-0.000381266869782404,0.003640179359968785,0.6775879137215925,20
22023292,-0.00038222601707606495,0.0006020532782308748,0.9947567888019444,20
33626399,-0.0003823872772441672,0.0006954529342724588,0.9881500956592905,20
28732394,-0.00038345149503871134,0.000678376309631787,0.9897511049334758,20
38243597,-0.0003860021160171395,0.0005143986708291846,0.9983402119421578,20
83516152,-0.00038627029130734736,0.00026599200973793637,0.9999984032121768,20
37645502,-0.000386781456572538,0.0003148477827644962,0.99998664812119,20
209263023,-0.00038840260276131746,0.0006123626792179081,0.9947258507994021,20
41247430,-0.0003887373021448842,0.0005904096345263756,0.9958392735876177,20
86913446,-0.00038895469570338905,0.00031532972822631285,0.9999872856516963,20
172078262,-0.0003913553312519441,0.0002575438993609497,0.999999136122497,20
187822545,-0.0003915251465615666,0.0006240151498124557,0.9943617091842828,20
93080192,-0.00039186476512466373,0.0003637552066127175,0.9999401986249173,20
114702514,-0.00039212754254721596,0.0002549866626497316,0.9999992671241651,20
192226520,-0.0003936049556764826,0.0004622337757671556,0.999406260165055,20
140168741,-0.00039454283247672417,0.0005167081447797329,0.9985471982593244,20
179209174,-0.00039463592682307256,0.0005005830132675439,0.9988699981395031,20
57447716,-0.0003957274542044337,0.00046302762295748906,0.9994248972905942,20
98729532,-0.00039624744904286356,0.00047886341858775067,0.9992411322564975,20
241900281,-0.0003967901434074023,0.00021749676846012699,0.9999999374887315,20
43141583,-0.0003970736378842987,0.0002404213141649151,0.9999997313653151,20
150740863,-0.0003979441539427725,0.00042083627205674503,0.9997728042567132,20
88291032,-0.00039865704061262385,0.0004396725010658158,0.9996620891827329,20
54518912,-0.0003990065935086967,0.001264140652051835,0.9128768600824504,20
123982886,-0.00039920136297330876,0.0008452854327826465,0.9759247933226767,20
170611023,-0.0003995476168810796,0.0015489725135766149,0.8685068073606672,20
39041037,-0.00039988734146286507,0.00041380706536200994,0.999816128644163,20
9467896,-0.00040137112377347517,0.0005666016615025951,0.9974676840961295,20
149691859,-0.000401509852407142,0.00038926717483083064,0.999905055830478,20
3664349,-0.00040447756844263496,0.00044918538133710263,0.9996398336358921,20
169610232,-0.00040665867157783366,0.00030937891968270707,0.9999941820167249,20
52274455,-0.000406888060105795,0.0006734473599260581,0.9929359952296709,20
114808618,-0.0004074182114729985,0.0006730639645218712,0.9930127451405594,20
82752285,-0.0004086810094661164,0.0004469314590481416,0.9996876503966811,20
18477870,-0.00040962515875961336,0.0006530541195591715,0.9943516121998822,20
141762780,-0.0004105984116938827,0.0022459932186910366,0.7881308200710408,20
163391538,-0.0004145250826739832,0.0008832935103001591,0.9752817052444883,20
58742418,-0.00041468847887597693,0.00038156509364369837,0.9999456603763281,20
91079310,-0.00041572548491739523,0.000571305477832457,0.9979132526454749,20
19916322,-0.00041601490425352273,0.0006757003995755738,0.9936793253883712,20
184216388,-0.0004165891722305276,0.00040439844326513547,0.9999037934590826,20
191826111,-0.00041663032524042186,0.0005648521164122545,0.9981114250750288,20
88,-0.0004176433338151875,0.0004594549351504002,0.9996698799907274,20
88714509,-0.0004183846734334251,0.0005427263819993053,0.998651052644401,20
107539824,-0.0004197085162787245,0.0011577871310577224,0.93927279975506,20
23865221,-0.000421294673644329,0.000503423018039138,0.9993103945180517,20
73159526,-0.0004232269436929087,0.00034271150053846565,0.9999874642386157,20
156983493,-0.00042466536185963575,0.0004595390037893582,0.9997170930788958,20
104355936,-0.00042477431513367745,0.001068012730373078,0.9543507185338648,20
51855539,-0.0004248932054800425,0.0011365742751202645,0.9445287889658576,20
82401518,-0.0004249791860806068,0.0004651447205681237,0.9996851973769733,20
7866557,-0.0004263868380197655,0.0003361336421620926,0.9999909510565608,20
31893166,-0.0004266016319753346,0.0006509179399101875,0.9957129317666212,20
132170219,-0.0004267646650897183,0.0004180743884124928,0.9998942300791279,20
58538300,-0.00042700269788081,0.0006443345818865866,0.9960114988579989,20
22423779,-0.0004302827557385841,0.0006549995611310628,0.9957773295921024,20
4464252,-0.00043065215492835705,0.0005021526927701871,0.9994420178475661,20
73031538,-0.00043127849510467275,0.0003827585527657727,0.9999635660980195,20
28030143,-0.0004313530510471536,0.0018407049821800516,0.8461074113305986,20
39458973,-0.00043213453998237894,0.001271376229841623,0.9275182092543153,20
129948206,-0.0004326684010060061,0.0005006674876114915,0.9994782308971871,20
246527524,-0.00043302570898599293,0.0007979986961343081,0.9873243228932017,20
47346275,-0.00043316022530021645,0.0014801165121489995,0.8968910679249549,20
44043806,-0.0004336884619914855,0.0006663474489560731,0.995516992771634,20
169597238,-0.0004346348010086154,0.0005014819578301275,0.9994914757216742,20
35238906,-0.0004350222876962517,0.0006069257209080405,0.9976716074078216,20
20834050,-0.00043624201114590976,0.00047705615987555584,0.9996877474086568,20
82703335,-0.00043654554380297974,0.00048111382487395573,0.9996643277592153,20
10688265,-0.00043738714491197426,0.0016519720785266403,0.8745067743699386,20
51465250,-0.00043775757029222153,0.0012776509170729575,0.9290316342528597,20
147937942,-0.00043841732072628925,0.0013329977305745538,0.9211523196816063,20
158900185,-0.00044047391815365823,0.000663851568435511,0.9960432533374868,20
56955847,-0.00044445284256597605,0.0002300556646788339,0.9999999737651895,20
71288995,-0.0004463120657693553,0.0001986105255585989,0.9999999975704599,20
97542236,-0.00044870982050215227,0.0006305696781000544,0.997547801273868,20
106532398,-0.00044951755802662694,0.001721433318347768,0.8713347835785642,20
30897094,-0.0004529355501661309,0.0018933207834585504,0.8509571104906093,20
27123832,-0.0004546173191697339,0.000310475451219854,0.9999985709358921,20
7471472,-0.00045505881574678386,0.0006375492801089764,0.9976004942143541,20
47529641,-0.00045524896996866073,0.002292836678300378,0.8071658709631873,20
113262554,-0.0004566632864514253,0.0005413648712306406,0.9993558307672337,20
158099317,-0.0004567922942038477,0.00048608950976405994,0.9997587739232214,20
85288115,-0.0004571270876068234,0.0002437685754435676,0.9999999587008616,20
105841798,-0.0004573315567249298,0.0010817357742923415,0.9629934718731957,20
25289097,-0.00046035042961625197,0.0010335005361960213,0.9695305062322637,20
2665938,-0.00046117360514143777,0.00043381150374147343,0.9999310092934722,20
98925194,-0.0004619232284869379,0.0005625810888306429,0.9991900116268639,20
126618229,-0.00046218126281983576,0.00045283599666779193,0.9998940700283674,20
66284653,-0.0004628081347581942,0.00040523899390414685,0.9999687134468904,20
92335639,-0.00046320821069052444,0.00116190594478287,0.9547036944219321,20
41060618,-0.00046326111237934007,0.0004594147427374465,0.99988004321506,20
78890598,-0.00046434074012434434,0.0006104190301482987,0.9985042665887436,20
43606073,-0.0004644097658004248,0.0021213832715036435,0.8300669068139939,20
17644077,-0.0004646095793297278,0.0005013412895782424,0.9997245635384012,20
26689788,-0.0004650791699913448,0.0004264474657073114,0.9999476833292139,20
140369040,-0.00046571789523943975,0.002917380045476393,0.75802004248742,20
127530325,-0.0004692724306948004,0.0007922906400805442,0.9920798488559766,20
148737542,-0.00047055031532665105,0.0005592115667685986,0.9993419620942864,20
49155012,-0.00047225452346109643,0.0005951337254460932,0.9989278628492304,20
4870012,-0.0004726257334248807,0.0014213155852246205,0.923302749902388,20
78464709,-0.0004728222317475522,0.0008104055358839763,0.9913787476685255,20
167007853,-0.0004754123529549986,0.0005139281633842659,0.9997198074222835,20
79445200,-0.00047737423265332144,0.0005597503133866196,0.9994141255143514,20
42910644,-0.00047809939792581855,0.00046845610894072955,0.9998940142657408,20
108850315,-0.00047850603509492774,0.0005103422643710071,0.9997535224370409,20
14271676,-0.00047928492119741486,0.0009264328694315047,0.9839781804550322,20
175407927,-0.000479892464077919,0.00039045844341916363,0.9999867231797982,20
66277140,-0.00048130062621785653,0.0005420844835244139,0.9995903632682875,20
48955929,-0.0004850638925866374,0.00033217767848555416,0.9999985173825975,20
56046075,-0.0004867118844404106,0.0011283665642258765,0.9655989353287382,20
74231770,-0.00049050874331443,0.0005069220397659915,0.9998184728221416,20
195629616,-0.0004913017169723422,0.0012063635020065052,0.9578281947800076,20
87710532,-0.000494347346643581,0.0009887501815246643,0.9812249469410712,20
110740664,-0.0004968019791573242,0.0007280347947197922,0.9967181670757227,20
32932783,-0.0005008765320338893,0.00048706786996221516,0.9999020298573529,20
13073768,-0.0005026077081358132,0.00135308327200384,0.943456395692768,20
36856004,-0.0005049762963740323,0.0005905317082234196,0.9994276471088971,20
4015761,-0.0005083730971340988,0.0004745718983813491,0.9999364455209033,20
14477737,-0.0005122219566781328,0.0026655674357159,0.7995770537723326,20
65148643,-0.0005149407682793816,0.0004458281085949168,0.9999724908905688,20
46448682,-0.0005180615313840536,0.0006195923489580343,0.9993052594802659,20
74341251,-0.0005201089825373178,0.000954804213369694,0.9875692803657258,20
76083685,-0.0005212191729192072,0.00092493235659664,0.9895823040888981,20
160402072,-0.0005231396296375174,0.0009168840127336533,0.9902542984208327,20
100126658,-0.000523143125842157,0.0004319164635016987,0.9999841927669229,20
116746204,-0.0005237455602952578,0.0005246601281129582,0.999867070770223,20
87238548,-0.000532521038408415,0.0010442915946819345,0.9828529979499857,20
78064162,-0.0005351135917790767,0.000806805134701865,0.9960329783761779,20
159186231,-0.000538296883204703,0.0003933744504861967,0.9999965146743351,20
106532291,-0.0005385863627257237,0.0007491300739922535,0.9977220938301246,20
132073441,-0.0005392985445959008,0.0007629187258184222,0.997429527322886,20
28332170,-0.0005450227093505178,0.001070382765124765,0.9827350753407204,20
4,-0.0005458467234009168,0.0020490167033464066,0.8759072675445576,20
96838090,-0.0005468857204226546,0.001349644180726399,0.9571002579594512,20
8274040,-0.00055029705535099,0.0007383507887655601,0.9982527255104493,20
105331155,-0.0005513232859708006,0.0028250146895736025,0.803157924859343,20
11401093,-0.000553173252918307,0.0006835258884919737,0.9990867208188057,20
17,-0.0005548927661434249,0.00130210248938256,0.9640403332757925,20
114739954,-0.0005566170034266432,0.0009400439567482683,0.9920661371636766,20
217299345,-0.0005583913434321769,0.0008427904420436126,0.996005478458935,20
76884757,-0.0005601543896120887,0.0007095890618779302,0.9988820319933398,20
81571849,-0.0005602850009380795,0.0022192804586953466,0.8635338156767404,20
83304209,-0.000561048326436539,0.0008740158241556812,0.9951064266351946,20
99312338,-0.0005639555861241624,0.0012930441611332083,0.9669876329560902,20
2814275,-0.0005651852947775565,0.0009874904698921512,0.9904178253352949,20
33313449,-0.0005660772498988276,0.0009219031961902269,0.9935774933676982,20
67350372,-0.0005762429845969669,0.0019881644403970692,0.8947827411737157,20
77634764,-0.0005779942916683157,0.0024392090851103306,0.848719852476943,20
9271703,-0.0005790743233868717,0.0007422683676887863,0.9987717760490603,20
158800291,-0.0005797028332620608,0.000559080789515927,0.9999101346468569,20
53266674,-0.0005816599618453849,0.0008525312033445585,0.9967144608255567,20
25808060,-0.0005881641634862573,0.0012590823772186688,0.9748053237087738,20
15024529,-0.0005885765637147794,0.0008327893013277718,0.9974260451965851,20
164797031,-0.000589504167375618,0.0005092627012710681,0.9999731758189148,20
71482235,-0.0005913104629659327,0.0006563546133979485,0.999641418663546,20
69657764,-0.00059396821427678,0.0010378814937295486,0.9904127265703407,20
24887193,-0.0005977818960909958,0.0002813124713622073,0.9999999940584032,20
225484401,-0.0005989551059828818,0.0030307550993420008,0.8060768765593893,20
42110038,-0.0006009990533864806,0.0016349910783120746,0.9416781915709797,20
14939241,-0.0006030265345107422,0.0008007856949968499,0.9983840285882182,20
117344153,-0.0006047649571423285,0.0006093128954311291,0.9998591158539395,20
19845376,-0.0006054191904653478,0.00034213144851473584,0.9999999015871454,20
66864745,-0.0006087831102516456,0.0005701403888017673,0.9999342016348051,20
61287506,-0.0006089437433826367,0.0015237033736552822,0.9550715691479662,20
48453276,-0.0006090362485275142,0.001497973563908489,0.9575862940040353,20
15475595,-0.0006096310402115806,0.0016632481900727876,0.9411849869485841,20
95614638,-0.0006105698042915941,0.0010279512747683503,0.9922057487550959,20
74703758,-0.0006112463678567187,0.0005748888225804224,0.9999311266869382,20
59463836,-0.0006112995924356629,0.0013155953281303457,0.9742473227450948,20
82447233,-0.0006244045430487289,0.0005210610730097534,0.9999820625829595,20
31254019,-0.0006298987325376954,0.0012037253629465757,0.9848313994293548,20
21222552,-0.0006319354460675053,0.001368127366827775,0.9736138776628629,20
76418554,-0.000636303228090121,0.0004890819920184232,0.9999933840689862,20
38279587,-0.0006406724571283495,0.002088429356740211,0.9069654997425748,20
103290220,-0.0006410547957349771,0.0006059945468625324,0.9999272837328184,20
84800279,-0.0006428137511612503,0.0018391140195473115,0.9327360349069022,20
147250732,-0.0006501430514602557,0.0015825402159232217,0.9590674057896552,20
40922168,-0.0006509443045021185,0.0010763432234053318,0.9929759018978264,20
74103007,-0.000651617524854245,0.0009177454984425358,0.99750883142056,20
40108751,-0.0006542837233375953,0.004205509220321958,0.7525003500303225,20
25485339,-0.0006578606146906363,0.0009864978936297028,0.9961721965090171,20
34648875,-0.0006590778636765382,0.000607361563642856,0.9999447470425523,20
114208157,-0.000662901978002961,0.0012146335894196506,0.9876889548633493,20
102352961,-0.0006633816088803312,0.001026665884918339,0.9953054105571529,20
122061475,-0.00066361331120173,0.0015422018547272558,0.9652916870770263,20
87775507,-0.0006651691665498699,0.002076034031881913,0.915930429556237,20
53658222,-0.0006675280918895382,0.001289124661081791,0.9840472784077543,20
176205664,-0.0006726943638710681,0.0017166630025346279,0.9520910714181696,20
40042617,-0.0006737151775979139,0.001034820415685886,0.9955258540582275,20
21246865,-0.000676279259947038,0.003055596350993492,0.8326434944790442,20
82368357,-0.0006788202300526374,0.0011119780334319822,0.9933516088401456,20
46953957,-0.0006799597603797308,0.000918041719458653,0.9981689803177433,20
1661355,-0.0006810843501091401,0.002058593430701503,0.9223153263536018,20
56554823,-0.0006814753727617057,0.0010800876993906177,0.9945517789173897,20
39224755,-0.0006826463437803049,0.0010571207550061639,0.9952873377057793,20
149980084,-0.0006839346264732842,0.0010164494647023428,0.9963929810650614,20
196627910,-0.0006843399282952551,0.005388654317455406,0.7116385547575623,20
122940607,-0.0006851592227078041,0.0007396780413347974,0.9997233256777046,20
68276201,-0.0006854033214096916,0.0006748884340424336,0.9998884993587401,20
151381471,-0.0006912326479733777,0.001522656453202526,0.97171282928418,20
59059069,-0.0007002628244515308,0.0006006695472979503,0.9999752778546492,20
30220230,-0.0007041179421764937,0.0006672436136467916,0.9999253578352439,20
65023688,-0.0007173602066091022,0.003568325987542517,0.8100625209341127,20
88741329,-0.00072203406818597,0.0010232357793377377,0.997397171429963,20
101194293,-0.0007268355922798008,0.0023091181420584316,0.9123122095449564,20
48590472,-0.0007298875953503676,0.003919038458064223,0.7923749182193736,20
12825176,-0.0007300154439967732,0.0008675803237517124,0.9993418636264899,20
74563889,-0.0007301434925605199,0.0014972706167144434,0.9790153799218827,20
77097464,-0.0007390342273276673,0.001364278830135516,0.9872130509501635,20
23126366,-0.0007473277244868543,0.0012900907159044096,0.9910299683086397,20
101527507,-0.000747441668672022,0.0015546733998294563,0.9776809141306522,20
147830989,-0.0007562165240434932,0.0015616094061949631,0.9783661262083349,20
69577006,-0.0007593621211438278,0.0009787731699947451,0.9987168833306901,20
39542407,-0.0007596442649523194,0.0016050446143071426,0.9761413219481663,20
34769621,-0.0007646408155485174,0.0010507259601144473,0.9979142982412279,20
51515237,-0.0007646667576903049,0.0008407886101891026,0.9996714486567765,20
147580462,-0.0007709111522892304,0.0009389741050087281,0.9991894815683663,20
130120061,-0.0007719675340618015,0.0020321516958361693,0.9471694511062977,20
148372814,-0.0007759275671055055,0.0013908239081725279,0.9890137837434076,20
141962953,-0.0007796568052744534,0.0016758371194115311,0.9743783115620823,20
106519835,-0.0007803822075658051,0.0009379543740657705,0.9992753825174064,20
139366494,-0.0007818186735383925,0.0009567377170696805,0.9991571192823521,20
23885410,-0.0007861385900318818,0.0012121159400224125,0.9954154986757275,20
32825070,-0.0008046725829556373,0.001437725526192348,0.9891979902505422,20
162866030,-0.0008110883394453428,0.0012823351441531537,0.99463436794216,20
94185703,-0.0008136769030794661,0.0013216344567587271,0.9936781017145067,20
32713031,-0.0008194519457706773,0.0014412794563285606,0.9900673348720896,20
71790334,-0.0008271835351542439,0.0018292384052884672,0.9712737583167068,20
167908915,-0.0008379650241488679,0.001602545102261599,0.9847761000411231,20
103492074,-0.000841386626788726,0.002691685691523122,0.9108792447424751,20
29434156,-0.0008485665854309932,0.001709297809092504,0.9806147829489914,20
241522286,-0.0008490464242512152,0.0006813932821507434,0.9999887491874733,20
77346188,-0.0008616592428094983,0.0022148459389772592,0.9509686166769418,20
106646203,-0.0008826861486723681,0.001755511964848303,0.98170235067693,20
69266567,-0.0008904522612796228,0.0011343476810089146,0.9988307563230941,20
64329017,-0.000893755834514845,0.0013197991196650506,0.9965443714449598,20
134483618,-0.000906377173688247,0.0020044929735319734,0.9712666723578252,20
64062238,-0.0009126158556652386,0.00193906177837022,0.9755763196369364,20
46345635,-0.0009139059253214038,0.0012738136108356828,0.9976877319896118,20
21491775,-0.0009181766289794085,0.0009616258137566708,0.9997931758880261,20
167194227,-0.0009292778741073843,0.0007506360747214126,0.9999878314258352,20
39520759,-0.000930034660945625,0.0015529446888688917,0.9925656342365046,20
63060163,-0.0009314106445236115,0.0033087863979626747,0.8883406730950923,20
118148840,-0.0009432199789289553,0.0019064371984225156,0.9803169582731965,20
173079381,-0.000947586234377254,0.001830008722723016,0.9840456974405765,20
241322243,-0.0009604104753756948,0.001950253354396894,0.9799037764087756,20
209062624,-0.0009668651745275286,0.003094188067625632,0.9108068395622592,20
43147279,-0.0009671703978328172,0.001680681837768108,0.9906976572367333,20
140242451,-0.00096885932618897,0.0012382441830774912,0.998800164857089,20
214095868,-0.000973413411896068,0.0017492498122839819,0.9888663184680043,20
76641426,-0.0009920631532604502,0.0017715350694166253,0.9892302961919275,20
68376294,-0.000994571642242309,0.001998219923020014,0.9808393328634787,20
169074253,-0.0009961919751857978,0.001233003019166238,0.9990740454422932,20
66063457,-0.0009975651193550538,0.0019616580619999887,0.982631798042812,20
61658073,-0.0010096767002254787,0.0008402394483395511,0.9999826383706668,20
81646959,-0.0010126678920144654,0.003510340008106269,0.8937561638879613,20
224105619,-0.0010264561827719788,0.0015691575688949854,0.9956602583656092,20
58858963,-0.0010277839511441318,0.001401698603829269,0.9980268627689179,20
12224887,-0.0010429131648154871,0.0028609276819392517,0.9402433963816776,20
207261153,-0.0010594445595251856,0.0015931342919906265,0.9961012251096047,20
30289511,-0.0010653582219958906,0.0015004139116679084,0.9975094057733584,20
153584266,-0.0010757678051097675,0.0038734806144422648,0.885330687630447,20
87530470,-0.0011158913292646927,0.0021873947984281943,0.9828860389756311,20
40343426,-0.0011219162329640154,0.0013304194374927803,0.9993541156618164,20
40084797,-0.0011240803355613226,0.00254801838544848,0.9683834432850045,20
44006140,-0.0011266041365556561,0.0014456057686661008,0.9987616252085884,20
64471185,-0.001127903475342512,0.003102895528304594,0.9397489014912208,20
40538298,-0.001143438266106292,0.0010960091268567616,0.9999157542701913,20
83648568,-0.0011519843096599812,0.001697783371695288,0.9965897399029202,20
163791840,-0.001161404766316146,0.0016113749303375688,0.9977629805539401,20
30,-0.0011892874176891999,0.0019591897917588938,0.9931272965600024,20
132281907,-0.0011916086469409837,0.0008268812545281222,0.9999982311106272,20
21202103,-0.0011924131715635665,0.0010727795447297351,0.999957575850342,20
100641796,-0.001192681719947325,0.0014491088786098903,0.9992060812741301,20
114864857,-0.0011992296692426463,0.0015413496062730253,0.9987452966573723,20
8,-0.0012080664097101235,0.002038212016849348,0.9921109914801842,20
150773539,-0.0012133752721567997,0.001452899852073731,0.9992981903594167,20
110409248,-0.0012200891443836155,0.0014470344877436957,0.9993533580538502,20
115150776,-0.0012344685945625072,0.0021790939612657675,0.989872257844668,20
208486348,-0.0012440818546639281,0.0016001226482603287,0.9987383145836262,20
36044279,-0.0012456923988341945,0.0011577817967156382,0.9999393838740243,20
114539924,-0.001257436051416133,0.001003121565159834,0.9999895375733482,20
45848566,-0.001264638135369503,0.0006978282726029267,0.9999999309461612,20
48667721,-0.001276609287412897,0.0037325769205937003,0.9286967103303096,20
86713303,-0.0013055064816229784,0.0037697756907996392,0.9310298388603302,20
87375385,-0.0013170156721587444,0.0010313481320881953,0.9999916629018956,20
52738399,-0.0013225120013195507,0.0028054159841731543,0.9757415990767782,20
63260631,-0.0013259836638912948,0.0021075908592932666,0.9944553578860208,20
31471144,-0.001337351546063678,0.001839821673470457,0.9978967337386806,20
125155322,-0.001339349741933199,0.0021317388733638073,0.994408831096255,20
38479774,-0.0013454349748078325,0.0013305224307325041,0.999883444776525,20
58415256,-0.001376233758004586,0.0025592934619445354,0.9867319000537189,20
196831633,-0.0013843363635681893,0.002497038759259857,0.9886459195326484,20
181812071,-0.0014080331492503206,0.002416004551521258,0.9913254749242104,20
121355851,-0.0014262347313852759,0.002386429791656732,0.9924763290202687,20
66374774,-0.0014272064019676318,0.0010949113637276726,0.9999935392525958,20
242300443,-0.0014642020094308705,0.004422692967109192,0.922443247275884,20
12024830,-0.00149623657747332,0.001791261404428657,0.9992993160770892,20
20483097,-0.0015807866999016235,0.003057712908073775,0.9839249642609836,20
136862212,-0.0016114133891689559,0.004355316244898041,0.9427879866786324,20
98390987,-0.0016158990751271335,0.0017215316526033799,0.9997560803413591,20
165268406,-0.0016236847123643262,0.0020292490477471312,0.998997581453112,20
136829431,-0.0016374434856796626,0.0017552686277539304,0.9997412960083538,20
39083307,-0.0016608520772437851,0.0030852073550403643,0.9868043092546316,20
3014452,-0.0017467185065798251,0.0029888376099809328,0.991458688335865,20
53479298,-0.0018319326764084432,0.0025929647631897537,0.997419546112834,20
7017977,-0.0019053030307466328,0.004881173368947986,0.9514878230661038,20
112807459,-0.0019225002766882244,0.0036060707128912667,0.986150933051868,20
92304144,-0.001987619404406127,0.0012486366406573959,0.9999995468814827,20
34969919,-0.00217555840692272,0.002858062626140511,0.9985119429146052,20
46578206,-0.002221309614761263,0.003962514725772168,0.989288945253481,20
37706295,-0.002468568331210677,0.005072768446500116,0.9788225451047196,20
