,importance,stddev,p_value,n
106442646,0.014516415212650808,0.010599716253891287,3.4493349218553907e-06,20
60464647,0.007694576671738815,0.006281369903127447,1.3814481874992572e-05,20
10177,0.007649937513446609,0.004071119584848126,4.0043627765635306e-08,20
94539004,0.006933660558297858,0.010145019726330964,0.0032472162787888026,20
12,0.006180787148537037,0.006976005920652378,0.00041750994493768023,20
105356528,0.0050694119738778215,0.0073912500439490434,0.003170258269387698,20
132586938,0.004816978437777758,0.005656026110675492,0.0005929747671183343,20
242300443,0.0045461042495175685,0.004931625419696292,0.0002895840859544335,20
97,0.0043264194640773215,0.004477174142752592,0.00018393436410060496,20
164392446,0.004300797681007776,0.005376001344255955,0.0010038601589642507,20
69867672,0.004114389160497123,0.0038374707502054376,6.295801043812026e-05,20
136662135,0.0036745163361528556,0.004329545837306794,0.0006110840438769087,20
28293117,0.0036590713812338,0.004142906706161437,0.00042959414316735725,20
119550240,0.003643850778488797,0.005629211650682356,0.004641430546382871,20
16,0.0036273404883235107,0.0020036007016549645,7.010782197594618e-08,20
27700520,0.0035869427963970716,0.00261312701273454,3.3483994540186876e-06,20
68009705,0.0034941055769683593,0.002681536917177678,6.4897329527942755e-06,20
12224887,0.0034709781185615685,0.004133570124434711,0.0006698820264824756,20
81,0.003301682923422067,0.001201982520054053,8.71358839333126e-11,20
90115375,0.0032521465538178696,0.0019709459621590846,2.722244800626761e-07,20
151592787,0.003246931921230192,0.004343738798046212,0.0017090621551498345,20
147771903,0.0031999609395177374,0.00388994633944375,0.0007973364833654387,20
12082140,0.003190725605108277,0.004764197936855703,0.0037208178897067297,20
29288585,0.003156199338399679,0.0041478126703276535,0.0014921178077305336,20
50314238,0.0030967464492474505,0.005923432947680375,0.015238007177589896,20
23492856,0.002904132179062502,0.0033500461282013915,0.0005075259118715132,20
178020447,0.002888820748926671,0.0032731284404418563,0.00043235246815320733,20
26067566,0.0028306089029518063,0.0034485453601670276,0.0008121871886980054,20
163791840,0.0028146686846616366,0.0026994611018959416,8.47549195172381e-05,20
107313403,0.0027942275885208755,0.004453051072899367,0.005635149476300624,20
67131402,0.0027764218827058124,0.002957790881872516,0.00024381870583228005,20
124354293,0.0027368128784012484,0.0034365048126117847,0.0010413395221338033,20
6871621,0.002700717120189705,0.004429563021982591,0.006697398500864717,20
105331155,0.002631221580378154,0.004997962616612601,0.014731477946681455,20
109359940,0.002531261648512595,0.0018464845630622375,3.4059134215103087e-06,20
124154167,0.002514405807785003,0.001254770206944617,1.4923247915094185e-08,20
53539154,0.0024941615638034375,0.004172686812472773,0.007517055116447526,20
120750919,0.002444894962648006,0.0017318573435071058,2.322762570385792e-06,20
123942108,0.0024102061845444832,0.00370298081413513,0.004481315550573273,20
19428277,0.002334082886928918,0.004195034847851984,0.011142384855387181,20
8869321,0.00230116739964461,0.0023044493958581675,0.00013249929988704958,20
35821572,0.0022399815550865594,0.002743698796488729,0.0008494479456788819,20
191436813,0.0022284289464609476,0.001901112638025751,2.3213496967012657e-05,20
115140035,0.0022229888715659283,0.0030760317732311158,0.0021941609033539274,20
43242991,0.002174049556340765,0.002675056846981836,0.0008820477221857996,20
36738907,0.0021469200490186443,0.005416070400096854,0.04615209920791588,20
14274022,0.002110870387297359,0.0034917266793709247,0.007040325281853493,20
69674812,0.0020832437376916866,0.0007808685988397692,1.427862537449956e-10,20
107720863,0.0020736543690822703,0.003073821798991967,0.003544951531349625,20
30,0.002073644076279013,0.003054710573660112,0.003399704090595183,20
185618037,0.0020617799130730197,0.003181834276659689,0.004610815085050691,20
51,0.0020307755827490364,0.0027002575693826467,0.0016319868090439085,20
87775507,0.0020304821614423956,0.0028540198503514795,0.0024558350201053262,20
23896965,0.0020304753486958703,0.002127349787400263,0.00020757297173748198,20
92983851,0.0020244745526696193,0.0027003172245649207,0.0016711825773849968,20
19457970,0.002019832555818718,0.0011168706744571042,7.123640408464632e-08,20
205859602,0.0020150543147965687,0.004915283732510322,0.041230591274719286,20
74360542,0.0020008722751336722,0.0029471519171720643,0.0033969252943074463,20
6615728,0.0019850596536060915,0.00106677667139519,4.6424163502845154e-08,20
89915359,0.0019594873939238503,0.0007114116217844407,8.319306421778885e-11,20
66864550,0.0018233210484174007,0.0015234369849736551,1.8201303971255123e-05,20
33247426,0.0018082277702297506,0.0022142988084851477,0.0008476783271578964,20
98548618,0.0018047150085771708,0.002269497531251251,0.0010540086955623032,20
55454800,0.0017703320789450889,0.0037389142362185437,0.023815719443566512,20
177206543,0.0017589632221868489,0.0016438553340775697,6.432764013342345e-05,20
57054020,0.0017510867963391268,0.0019162615634012827,0.000314307085352791,20
67510249,0.0017235943003035103,0.003692012090327679,0.025260001432048974,20
27241878,0.0017094146486930418,0.0009632591421915395,9.433943000961685e-08,20
43643199,0.0017057959958725805,0.0008155277930456783,7.628699088467438e-09,20
46387351,0.0016879559693907975,0.002068080507816859,0.0008513093956267952,20
54518912,0.0016152501330086722,0.0011420436274188245,2.26653255186999e-06,20
51064729,0.0016045601990088004,0.0006995960470589089,1.745647369712936e-09,20
25160422,0.0016015632894609833,0.0018588950282909405,0.0005358947717908592,20
48154897,0.0015933992622585824,0.003864721645785099,0.04043051079137035,20
2663101,0.0015761896681296794,0.001462286589551234,5.943110889897303e-05,20
53338761,0.001565218355042236,0.00231947064802509,0.003537949535692203,20
34298177,0.0015490062903152275,0.005573352783949577,0.11450453463356322,20
67293254,0.0015416674467619933,0.0028429800709649294,0.012719296174715119,20
45687284,0.001525375963011566,0.0019812940430857,0.001362760286328172,20
860945,0.001509821891609525,0.0025141728175742846,0.007317904384012513,20
81267738,0.0015005081495204076,0.0012770252957113686,2.2573044710641265e-05,20
71669140,0.0014550716524781959,0.001386171833784071,7.894842856335901e-05,20
92211361,0.0014527668892362622,0.0019708102915964,0.0018971540251248383,20
25641526,0.0014465030369104793,0.0012226153290518069,2.083491578240316e-05,20
89342505,0.001444124678841921,0.0012979199603051156,4.194847962210543e-05,20
21661128,0.0014427346819447183,0.003625646359186301,0.04557354817560816,20
139366494,0.0014402688601163338,0.003888416440575322,0.057023411241203095,20
153584266,0.0014312945119049237,0.0030483967720496313,0.024668247961666445,20
213895849,0.0014208339623327626,0.000823188001150987,1.41940519131255e-07,20
93505359,0.0014068696097354171,0.001037599578931605,3.922636295706034e-06,20
21259577,0.001400179136789545,0.0033307081374921743,0.037764152248782136,20
119953973,0.0013992131446154271,0.0008570338427561148,3.167610355657231e-07,20
147890208,0.0013989220900318677,0.0017424827958989902,0.0009753438307666373,20
121977170,0.0013970001230745488,0.0017808727480990501,0.0011757148165696652,20
7265212,0.0013909816186763902,0.001419475478892335,0.00016015683876497165,20
58054574,0.0013849978736968193,0.0013703929977863215,0.00011720797874074152,20
14477737,0.001384274129002655,0.0018368314795682386,0.0016065773042955288,20
41486835,0.0013775525193414988,0.0017840416288904797,0.0013318558576196232,20
26085127,0.0013624388390999526,0.0027647826808966953,0.020036643721812193,20
123953953,0.001359201747399613,0.0014730642065755408,0.0002870030101967828,20
67,0.0013571503176958571,0.0018985731673961223,0.0023740568856247964,20
49405663,0.0013541049982576854,0.00130441240147581,8.877248773865163e-05,20
28669837,0.0013352537722746,0.0014462587411024986,0.00028541593321211096,20
68376294,0.001329900647445159,0.0018666559856706862,0.0024312501650453843,20
82,0.0013067734291156486,0.001510450151058764,0.0005166162699850997,20
25722066,0.0013053388411197603,0.0030434628150224807,0.03512694318251732,20
87889957,0.0012933993297564671,0.0011234936679954868,2.8563425501849505e-05,20
61287506,0.0012658383233032449,0.0027766196570371735,0.02781441687837905,20
89830663,0.0012605101816143827,0.0019321639916103494,0.004415675090580241,20
119347329,0.001257425991111008,0.0022242969327393816,0.010242598226341063,20
86975062,0.0012523276245898023,0.0019116112371530066,0.004298417246230157,20
16643161,0.0012522338555205682,0.002065973392152274,0.006933203495384294,20
95908174,0.001244439972691469,0.0008118770480110438,7.668374994226991e-07,20
67350372,0.0012419294594335384,0.0019266237207869075,0.004765950750189389,20
58,0.0012389501313376044,0.0009407133359264905,5.675353847243926e-06,20
132026345,0.0012383038601477075,0.00159310077651021,0.0012642465249263434,20
31847585,0.0012349826429915388,0.0033265292130177887,0.05663487189852693,20
75686942,0.001232269612348208,0.0009029459725000568,3.6086396760979966e-06,20
172278880,0.0012238252416719747,0.002762169056287256,0.031099259768417927,20
160701741,0.0012148686762185029,0.0027445870525398186,0.03121383238011244,20
46745778,0.001214711473785518,0.0008484978450162794,1.931090058352021e-06,20
15673352,0.001211281552181867,0.0018954270379854846,0.0050329027860941565,20
145850069,0.0011995880121104085,0.0015780351242037829,0.001503523162009194,20
180012343,0.0011952739298774022,0.0018974223476973871,0.005501561460298975,20
43044877,0.0011948017384719705,0.002093648874496509,0.00973492098449382,20
89531508,0.0011940091044458589,0.0044612924561273715,0.12303127329710355,20
78489995,0.0011863547701389365,0.002096185303911894,0.010180272113222427,20
19635773,0.0011762307118994703,0.0037296398164045974,0.08729270103472042,20
35238906,0.0011700833499809244,0.0025906695608423702,0.028863937312569372,20
135564058,0.0011688422441036572,0.0011635772342851339,0.00012473302544678932,20
198032726,0.0011653234354044224,0.002413638667560217,0.02191609034610176,20
77634764,0.0011619697846190964,0.00203718415913238,0.009762559640723905,20
73615558,0.001159489843501066,0.001844968648607418,0.005581871096301734,20
125956725,0.0011546721451959896,0.002001083156299878,0.009165212393271768,20
70836212,0.0011480586448059799,0.0019888755522822696,0.009146339031139285,20
45707400,0.0011407028295405187,0.001431671189614168,0.0010374423645906406,20
132960759,0.001137979260912142,0.0018701634512589826,0.006776294361293895,20
33626399,0.0011375351711945592,0.0029894619057716874,0.05255797308739809,20
46207886,0.001127744900296479,0.0014710535740135435,0.0014085745970680618,20
33619080,0.0011048117437582217,0.0004755540076140574,1.416542734561173e-09,20
82952542,0.001095909561640998,0.0014760369389569558,0.001798013836108879,20
247327891,0.0010900685292721175,0.0015632492230887199,0.0028286581773569923,20
50606563,0.0010889915364079045,0.0023385868182417575,0.025525082958787616,20
40343426,0.0010638183745990347,0.0017877385634935733,0.0077126208469634715,20
144765833,0.0010580865653142923,0.0020920532052390198,0.017811983813701138,20
2463592,0.001056102610977136,0.0007044139160633371,1.0382176548361384e-06,20
86526466,0.0010529835912030162,0.0004248216923215576,4.886299553904672e-10,20
36,0.0010512247271868892,0.0012967082243250014,0.0009004161994394782,20
48453276,0.0010451503480886886,0.001954011681168985,0.013626426242124238,20
83022065,0.0010328931042998617,0.0026789229306436574,0.050443923157881154,20
65877053,0.0010305044784418653,0.003142893245376124,0.07945556944569146,20
40681788,0.0010286275668935807,0.0008926101819593562,2.8238800568142218e-05,20
141962953,0.0010256954860643902,0.002199458943577488,0.025372787741642214,20
68310871,0.0010140048061038187,0.0017592411527187605,0.009220867096649757,20
105245045,0.0010087500610913263,0.0008745213237815563,2.7930472499054235e-05,20
33697868,0.001008677768017849,0.0007717683067079922,6.248877885505093e-06,20
103529452,0.001004408822323674,0.0024977485435959783,0.04401402927634798,20
61265678,0.0010041793560896296,0.0011557940166960132,0.0004976252363872532,20
28,0.0009956507840694407,0.0003321608142919915,1.9533059490927126e-11,20
95700158,0.0009873360245287622,0.0017456131179724985,0.010213954696256636,20
168008276,0.0009796964377842055,0.0006418667645582539,8.128159264839338e-07,20
161589520,0.0009746502104964943,0.000661194125192808,1.3061767078461075e-06,20
44846794,0.0009694941362323017,0.002195064718023904,0.03147718897670664,20
60689029,0.0009639564405082152,0.0011097258975636553,0.0004985325231246421,20
166794068,0.0009450888946323149,0.001090604965862983,0.0005091879526125806,20
157984470,0.0009450455097841065,0.0021072250414230493,0.0296729568198134,20
50274166,0.0009399890123215598,0.0006523365113645168,1.7710271352113611e-06,20
106135316,0.0009390394740874275,0.0005881453779571734,4.3440352245438706e-07,20
10222895,0.0009385623273173189,0.0008163532789154552,2.9000095475563853e-05,20
74563889,0.0009348579478893809,0.002444526639888953,0.05174759492177194,20
25490089,0.0009229574307691418,0.0006697560481230062,3.1829289316828132e-06,20
83402886,0.000921724822986833,0.0019051283913143733,0.02171976351846842,20
28469570,0.000920598014798879,0.0020134163704459873,0.02748987607121943,20
149779829,0.0009154228441201284,0.0011156128994763003,0.0008143121913624515,20
234115450,0.0009123671654545862,0.0006299714227328246,1.6555054998784693e-06,20
175215287,0.0009077135134906433,0.0006874808851342368,5.498508518427438e-06,20
11288806,0.0009072131405128053,0.0006503863262768943,2.71806520370204e-06,20
59525031,0.000900590782301941,0.0007298381297252759,1.2655722481325695e-05,20
115320374,0.0008980750934494575,0.0009321699571202023,0.00018945642247830154,20
70755618,0.000897667522245052,0.0005961350058338215,9.783337356774153e-07,20
39881000,0.0008944991687294651,0.0006402375685579012,2.6613834244810695e-06,20
49689619,0.000893902678010619,0.000596113870221523,1.0355252206769052e-06,20
26689621,0.0008933413881322072,0.0005427871312408564,2.8233755269168995e-07,20
66827114,0.0008841401191834852,0.0007519115934779115,2.2383505248682948e-05,20
34648875,0.0008809977775418754,0.0008899495687542801,0.00014464889588407674,20
168909319,0.0008805239007625588,0.003865908199933839,0.16059386759022864,20
37834462,0.0008746990510726637,0.0014553933731225425,0.007284075967590978,20
8272985,0.0008745138445579503,0.0035031987530062597,0.13908714051916476,20
26085823,0.0008738815362724333,0.0018738460875320593,0.025368922364859957,20
35277253,0.0008716097004034418,0.0008347511419748534,8.349944761301948e-05,20
49649410,0.0008695441728598874,0.0015543604450730596,0.01082872643290132,20
35095644,0.0008626954350467065,0.0008454557900227996,0.00010619459855872306,20
178886827,0.000856535619931742,0.0007445313891882904,2.878936970192659e-05,20
57141231,0.0008516790311570682,0.0004719043390232932,7.344876400764561e-08,20
142535439,0.0008502146231278429,0.0008595779547407801,0.00014588067112062658,20
8999843,0.0008475963951164844,0.0009091505885791992,0.00026023615940309614,20
6467472,0.0008470037314420392,0.0007094439936865725,1.8736932137870476e-05,20
156983493,0.0008428960626971349,0.001131420922100344,0.0017528672926516236,20
136965117,0.0008418226423411474,0.0007621038555825461,4.546212814143306e-05,20
9879584,0.0008386528885704209,0.002820887106510611,0.09970157850690282,20
108759437,0.000834724232840714,0.0017414909426803275,0.02261107646428287,20
176817947,0.0008344812361171433,0.0018072180099455153,0.026420748700796956,20
75104487,0.0008234592947984704,0.0006243741202344485,5.577382520083464e-06,20
5864339,0.0008216346000307878,0.0007233978547905041,3.32978197175784e-05,20
73361464,0.00082106476334457,0.0006294535040715345,6.404105993345982e-06,20
139559491,0.0008179881698330754,0.0017384720690374964,0.024451157366802544,20
25360423,0.0008172757539180092,0.0011206207325808858,0.0020528272669753855,20
6604757,0.0008134138086458187,0.0016757848637657105,0.02141420470206595,20
107733658,0.0008125788600722883,0.0020550501300878013,0.04653151950215831,20
81312810,0.0008103204523183333,0.0005361791419616146,9.310121626908295e-07,20
17552708,0.0008083134247934387,0.0018598653218987696,0.03345119984116476,20
34695418,0.0008047892471477914,0.0007656374401386303,7.781621737003105e-05,20
122357049,0.0008023684741138848,0.0016130796895962416,0.019215359788388616,20
136077044,0.0007962394330269018,0.0005740984398598424,2.9280677300346166e-06,20
102333283,0.0007941682122379363,0.0005975786714584645,5.064166523644461e-06,20
55258704,0.0007902117452301849,0.000696208415748853,3.355643613790281e-05,20
63205441,0.0007884723993047988,0.0007476873295665412,7.51827374110149e-05,20
76697364,0.0007880173480502544,0.001072191783551876,0.0019393150678998132,20
109644610,0.0007873124675986081,0.0008928690766300025,0.0004359397884936644,20
39641863,0.0007828854783373584,0.0010616201491124425,0.0018913888283124789,20
51756362,0.0007826405379670331,0.0009009951528955237,0.0004985508924264684,20
44142427,0.0007808963619329839,0.0006100330328589342,8.091135213371874e-06,20
32932783,0.000770211767849277,0.0015436643671106881,0.018949793843640966,20
167399504,0.0007644873034939076,0.001270818111068426,0.007244473064208985,20
14822650,0.0007555829299940974,0.0012299074838473148,0.006403227606357901,20
62345978,0.0007549386136996378,0.0006879139806857045,4.8847765968745396e-05,20
44544470,0.0007524785806890588,0.0007270776803706787,9.16551272641564e-05,20
7266268,0.0007512851160035389,0.000678461359981859,4.423560607500357e-05,20
75705608,0.0007511489579699632,0.0007026136199919468,6.494235497813909e-05,20
121124501,0.0007511037799934756,0.0008894653352515444,0.0006382576427053694,20
69474522,0.0007507686349453397,0.0010763600627902805,0.002823089570459004,20
27642318,0.0007502549785790458,0.0006544600931676894,2.997474524302889e-05,20
77835060,0.0007492458278112706,0.002181775852611163,0.07053884461158802,20
108334471,0.0007457271169421214,0.0014672003598322444,0.01741045668023198,20
125663579,0.0007450306868051565,0.000596531231730697,1.0938783141063682e-05,20
97147587,0.0007438056170980673,0.0005074309148612804,1.4087000535676754e-06,20
11274951,0.000743556581315602,0.0023672573420357606,0.08812427647229656,20
71,0.0007425356096726649,0.002637956851165616,0.11167104029734165,20
6004639,0.0007392619555337349,0.0004192903314385701,1.0384499394284017e-07,20
70352685,0.0007369551934574864,0.0005220192789324755,2.3223089675006488e-06,20
68286443,0.0007367877810708162,0.0007090316215177488,8.783444631856754e-05,20
98390987,0.0007353730770422812,0.0007582677350302677,0.00017753280443647234,20
151975094,0.0007311647444325414,0.0008708311081879785,0.0006704803144256214,20
29894645,0.0007310723507955808,0.001451196440502905,0.018137997063486583,20
88298669,0.0007295743437668506,0.0009572268954161128,0.001473456955031477,20
38882165,0.0007289983856877819,0.000910615970058235,0.0009982011498762254,20
44106097,0.0007283643078629054,0.0006628786258094367,4.818749898450404e-05,20
32675030,0.0007253304173745201,0.0006451505733311338,3.734732902329215e-05,20
106131406,0.0007244224857579417,0.0007411779282385831,0.0001643382501072548,20
115520416,0.0007220789728549087,0.0008319645559843544,0.0005022294127470083,20
65672651,0.0007212486839507065,0.0011289551222500426,0.005042313889034054,20
1000830,0.0007187390730913346,0.0016100868011691917,0.030214310037341822,20
11275293,0.0007186425188105555,0.0015711676176325936,0.027450844177090306,20
126181973,0.000717079567910417,0.0014992948111695423,0.022821496869560042,20
4795874,0.0007167084376825727,0.000506243331547166,2.2374401075427794e-06,20
55454659,0.0007151925668667126,0.0005700098584734334,1.0343400763627266e-05,20
158785947,0.0007092162481665331,0.0011741438942826925,0.007074815888921833,20
41177436,0.0007090170345678299,0.001364883181472585,0.01571174728154667,20
185217189,0.0007069389571365547,0.001027684632177424,0.003106920599829081,20
90609164,0.0007064523574206227,0.00043394955925430724,3.299192620594556e-07,20
106045412,0.0007061750331800731,0.002200608589026239,0.08375697599648153,20
89731959,0.0007060679879551778,0.0005838358992373772,1.609703707522009e-05,20
105557003,0.0007050775035553902,0.000629064282878687,3.865357714219757e-05,20
212066234,0.0007038933280590354,0.0010031068395983328,0.0027069726974538774,20
21280306,0.0007037227960789872,0.0007688733381951244,0.0003096515951022042,20
76463334,0.0007004510044430423,0.000706400101939507,0.00014226199844286506,20
76288754,0.000698320132699315,0.0007133704792042123,0.00016183417056506467,20
21835071,0.000697796734779077,0.0008326825758762814,0.0006815606721394124,20
57868367,0.0006970553295517823,0.0007624432011547639,0.000312912704831963,20
26729319,0.000695323498335798,0.0005774566080591633,1.694724859208298e-05,20
17028225,0.0006939369135087442,0.0021307894602639378,0.08079840562001295,20
39141284,0.0006922415826432105,0.00046605510395233437,1.1786722751678262e-06,20
18044222,0.0006913776381245156,0.0007596163388616376,0.0003262003436395558,20
196042631,0.0006912952907101949,0.0005922754388112472,2.438647407562999e-05,20
86438207,0.0006912552664446653,0.0006065305335844726,3.2034144875931075e-05,20
50690050,0.0006902931285787756,0.0021860945010775496,0.08703820961300135,20
4469544,0.0006878497013741742,0.0008557483172717414,0.0009658016824798759,20
108559380,0.0006877932549869958,0.0013031095888252665,0.014548716835922853,20
69297421,0.0006876001904969509,0.0010224821986075127,0.0036208042467337173,20
75282465,0.0006860694121611749,0.0004745097870439491,1.6928419220043463e-06,20
28037143,0.000684417793556702,0.0013470930253015054,0.017441493196964045,20
27290772,0.0006817053231191417,0.0005245012732134163,6.698614948570663e-06,20
29295106,0.0006770015912044653,0.0012274574454945722,0.011661452148191639,20
190424966,0.00067501061594471,0.0007225883142472683,0.00025533851189436156,20
171611979,0.0006749310397250241,0.0006208371146654693,5.41646070843764e-05,20
165993353,0.0006724480889669454,0.00064181259830495,8.053624239441153e-05,20
47888261,0.0006709528233651924,0.0003772136095951249,9.117570882684067e-08,20
62264760,0.0006705817346847664,0.0006996635544553207,0.00019933727114287316,20
74583226,0.0006701284920044986,0.0005824897378501836,2.8783777217673062e-05,20
92918347,0.0006699771015755834,0.0005560668220839393,1.6825239924814983e-05,20
94481908,0.0006668565174675206,0.0006673592886744135,0.00013159967059305405,20
7216231,0.0006667155261698254,0.0006909865991038507,0.0001866775379243882,20
115303179,0.0006653205371397852,0.0010539256553904399,0.005430488820358113,20
13823588,0.0006642460213385382,0.0007049635302768105,0.00023512078792261164,20
73592195,0.0006629731529058991,0.0006283576485358705,7.477389565625719e-05,20
156973274,0.000660408684463612,0.0009829961324735335,0.003644153952119881,20
69,0.0006603647970374077,0.000482197885148998,3.45000422802054e-06,20
41449771,0.0006600717975714266,0.0006353041631522053,8.79776046091731e-05,20
95721970,0.0006581092726796383,0.0004787514593966202,3.286775636071004e-06,20
57067275,0.0006567728539607409,0.0005032326917284306,6.361359205591896e-06,20
38743506,0.0006566009153371382,0.0015408863095152027,0.03596958460970758,20
106000815,0.0006561714534144087,0.00041435842432091513,4.874001991439008e-07,20
19678889,0.0006513867515593547,0.0007534745694578558,0.0005200271139577408,20
18627154,0.0006498928154797301,0.0009314536082019491,0.002817123694316032,20
71099165,0.000644792255263546,0.0010015863267029928,0.004805552344875779,20
126355170,0.0006443415537630865,0.0008977596650281747,0.0023061278472484383,20
1200886,0.0006437930610712322,0.001126683715136557,0.009668058885346505,20
28927507,0.0006430304252899755,0.000866486320956456,0.0018044605666395115,20
99312338,0.0006418697902682846,0.0013358282957419768,0.022372538304334198,20
3412648,0.000641518201920921,0.0005038088781939202,8.636000961858905e-06,20
32894699,0.0006410672409649404,0.0015565840785329872,0.04058389509047957,20
30214629,0.0006407037769113222,0.0004053338071309521,5.000933607626681e-07,20
86317533,0.0006363023656366928,0.0006291467462150022,0.00011635974457704917,20
63947008,0.0006354489928189156,0.0005939505808637832,6.442785958901627e-05,20
48468977,0.0006346124462959346,0.000575033197309904,4.5916494996349484e-05,20
18088703,0.0006326611929270947,0.0006944936270256878,0.00032354363168052356,20
65607618,0.0006297936002409244,0.0012618577667259589,0.01892404036232228,20
15750835,0.0006294248385797258,0.000684028401269658,0.00029451358286136187,20
140369040,0.0006261786311549916,0.000850512047762524,0.0019145198339473137,20
222704066,0.0006247577134937176,0.0021224896366884767,0.10185337853275689,20
137992493,0.0006204410297710877,0.0008814427326640303,0.002648651526222212,20
73838950,0.0006196390384534095,0.0007003622584976639,0.00042294390945242543,20
30897094,0.0006193188582832243,0.0018513927119418502,0.07554038005250402,20
108850315,0.0006191313942924964,0.0006931900429342416,0.0003880774627311216,20
119411891,0.0006186371556143267,0.0005876625773266361,7.659159934181091e-05,20
24359385,0.0006184549187098015,0.0006734196013826265,0.00029995757701791647,20
71499871,0.0006181544437566328,0.0011851009010912868,0.01540615253806713,20
142597470,0.000617369212163954,0.0005575577608586091,4.426333244401408e-05,20
183015182,0.000616254117190318,0.0007369455138531547,0.0006940701537852434,20
166398831,0.000615310330166391,0.0006537938173255432,0.00023778242442038848,20
47754416,0.0006143163730937123,0.0007083185273655973,0.0005054819854276458,20
14071331,0.0006126197051268157,0.0005652898865698895,5.6047937996048164e-05,20
8216735,0.0006120873608655625,0.0005724754589082497,6.486670656244786e-05,20
74015719,0.0006087743319293848,0.0017266296007515116,0.06567488081106175,20
79044631,0.0006073266934869981,0.0013460736642037386,0.028982220307861337,20
5016279,0.0006073235918402254,0.00042634223831292144,2.062562014972445e-06,20
132226664,0.000607109504558645,0.0006125823894234106,0.00014300481021902822,20
232513945,0.0006068027674061477,0.0011364426837679996,0.013743987197410533,20
108333833,0.0006065244797327507,0.000620921162990048,0.0001653102536020368,20
38245701,0.0006062674835138421,0.0005985614849875454,0.00011460223302123395,20
56922749,0.0006058733875741323,0.0006175459653137392,0.00015825865398689533,20
90913244,0.0006045993483219325,0.0004299761489984366,2.4471201743343997e-06,20
22429609,0.0006043271990136462,0.0006348799901610131,0.00021311806934091988,20
47746437,0.0006042669041363635,0.0015378562001745139,0.047490801606472864,20
78909498,0.0006026778116360515,0.0005566307119133899,5.6614860725565905e-05,20
104090499,0.0006024300883796019,0.0004161301197785474,1.6642441741868377e-06,20
131656626,0.0006006772420427547,0.0005676915739093504,7.253379140955533e-05,20
44,0.0006003663100247359,0.0006313188425165286,0.0002150927745153439,20
60017534,0.0005988607377305693,0.0004547973848363219,5.689948019121787e-06,20
98949400,0.0005986263158413413,0.00044975421813774443,4.96717529297499e-06,20
144565779,0.0005979965363796136,0.0012389448538724212,0.021943921001175527,20
35643920,0.0005969288383743026,0.0007531120460465572,0.001082102937543398,20
54557888,0.0005965390060909154,0.0007868882394822315,0.0015354783798490243,20
178609356,0.0005965363180867655,0.0007123623692626961,0.0006857785127028681,20
157899234,0.000595221545675495,0.0010127974358150828,0.00827697522010272,20
68096489,0.0005942401336831826,0.000596337841420689,0.00013534691180054764,20
64222962,0.000592554331760739,0.0005348576780083032,4.399891667621154e-05,20
185228531,0.0005923843530760975,0.001211774471442876,0.02075806920412992,20
29831521,0.0005919595623684742,0.0008038316896287306,0.0019109551527194662,20
64268981,0.0005908296991175621,0.0007805512855246043,0.0015535896674583355,20
35370488,0.0005908162331069722,0.0006503766677886215,0.00033206698453044355,20
153142708,0.0005884368034083515,0.0009886533166145138,0.0077032514160431794,20
46345635,0.0005882231224348999,0.001087112061019877,0.012860568570349356,20
49849425,0.0005869735881228993,0.0004902396140000005,1.8116908925864384e-05,20
156698673,0.0005862356527516627,0.0017171078230527167,0.07163994795527699,20
84716629,0.0005859156730210451,0.0013157546313017476,0.030501385686177187,20
5068661,0.0005842626606966134,0.000682383875155916,0.0005660372065679459,20
89112315,0.0005840958232330995,0.0004803105030774083,1.5071468495451437e-05,20
30137207,0.0005811457847536089,0.0013775014434506906,0.037287508103776575,20
11620386,0.0005806314983363258,0.0005808168161501152,0.00013102051948564778,20
12024830,0.0005805289800342589,0.001217516848992639,0.023121308333469863,20
58457964,0.0005802574600641625,0.0004980342660106267,2.4896048212707657e-05,20
158774640,0.0005786011827355331,0.00038350513627273547,9.529141097101796e-07,20
18844802,0.0005783556013081725,0.00027467919620327417,6.87023863803125e-09,20
88756975,0.0005778506047521281,0.0004410600291561989,6.062006390995011e-06,20
180624636,0.0005776972067810026,0.001371318608006717,0.037481650222983456,20
83904869,0.0005770768430577971,0.00036936101297315154,5.884943365084836e-07,20
14675207,0.0005768261781260054,0.00068688071332734,0.0006693922900836422,20
68866500,0.0005764220864860808,0.0004641690726950868,1.1720934365149393e-05,20
208486348,0.000575632478089494,0.0010761293123863172,0.013621871550895604,20
73431580,0.000575570511507878,0.00055615364955358,9.167630453937304e-05,20
23886345,0.0005753001311184669,0.0004104145232765899,2.5489793507794866e-06,20
15084267,0.0005736923582263159,0.0005182849204357044,4.442688701581052e-05,20
27286238,0.0005720588578669416,0.0006217979264191635,0.00029501282469472455,20
27810660,0.0005700747643429122,0.000711581600988398,0.0009923064836247827,20
5814607,0.0005695511506291662,0.0012113728782495443,0.02452741496577188,20
75561689,0.0005693073666176468,0.00032555971054753656,1.1720387700189535e-07,20
119574355,0.0005651864263243045,0.0006291673809565002,0.0003682038356198525,20
52456924,0.0005647942231746306,0.00039511285542842203,1.969974697211711e-06,20
120222104,0.000562622796040671,0.0007857102620257647,0.0023446663894722743,20
2811805,0.0005616744009561941,0.0005270117020066733,6.714061598666857e-05,20
131673070,0.0005612096029824987,0.0007299915481050875,0.0013780238484199737,20
30472748,0.0005597953158021391,0.0004338514469885522,7.3337641442056794e-06,20
68880077,0.0005597035193038252,0.00041851259932810717,4.675773666403206e-06,20
56999949,0.0005591852919694856,0.0007266387899103943,0.0013674367755637713,20
188423070,0.0005577344512258831,0.0014888611370696043,0.05512931454028854,20
49068213,0.0005569977076478827,0.0005329281036832314,8.265215184094426e-05,20
116345962,0.0005548230429160111,0.0032255817717176016,0.22560441847568302,20
37739584,0.0005520853551928634,0.0003673637401887655,1.0051509272063466e-06,20
153795774,0.0005518373946092808,0.0022575221607486857,0.14398959402253295,20
27887315,0.0005508273236924377,0.0005421536216942618,0.00011102868484868508,20
155458803,0.0005508063353048348,0.0005980967815962712,0.0002922423215322448,20
184628013,0.0005507159283488384,0.0004466631207005402,1.2780203710132699e-05,20
54664458,0.0005505086098955225,0.0006069776916633472,0.0003370381164965064,20
101151879,0.000550247628261638,0.0007098044742683762,0.001291213135461048,20
145935966,0.0005498497467295138,0.0006145542646048514,0.000381978916551749,20
77434508,0.0005491943537627219,0.0005581845822620636,0.00015382218958104427,20
129591144,0.0005491442092020848,0.0005251374246699964,8.219392947952619e-05,20
180613345,0.0005486813221943887,0.0004563011877731123,1.7225635531362984e-05,20
94,0.0005481538510026223,0.0006498896042805977,0.0006447203218721158,20
46327387,0.0005477575253061917,0.0005519367494646435,0.00014103868640728798,20
32298995,0.0005454087317824236,0.00048688078247109803,3.889560614303346e-05,20
68673797,0.0005447194768829711,0.0009754121714534572,0.010928398730195943,20
103129318,0.0005446103835433814,0.0005184954813208546,7.842296214577436e-05,20
163390864,0.0005444620873761491,0.0011411507384951705,0.023059006574513187,20
23832634,0.0005430377606647802,0.0006096294899319133,0.00039769222569432065,20
225084316,0.0005409527020726168,0.0006399878548529157,0.0006330002065012976,20
32474941,0.0005408243550384356,0.001915643700573203,0.11100979319228246,20
23883317,0.0005401254640041403,0.0005565141776829288,0.00017619210258208783,20
81894122,0.0005398389987934515,0.0012506223129354831,0.034308640788343274,20
115653150,0.0005393453608889765,0.0005154008812531948,8.15796855476561e-05,20
234715693,0.00053871308107383,0.0008631381779030541,0.00582223882957238,20
106512710,0.0005385628832015044,0.00290974555562679,0.2090455434361888,20
108249540,0.0005363385972721763,0.0008441970984492265,0.0052200319975646324,20
88314261,0.000536180369565567,0.0008082637066027454,0.003962206561451018,20
98684674,0.0005348700638536152,0.0007052657628655904,0.001530885021078379,20
24229532,0.0005342832240532336,0.0003661879667982728,1.4992381260235532e-06,20
129358339,0.0005334338424100055,0.0030714065644089975,0.2234465370087952,20
95121488,0.0005325351860282018,0.0004810066610044264,4.432873312280128e-05,20
91256579,0.0005323738697842445,0.0007738763101481529,0.0031057880233941403,20
131560044,0.000531950148682575,0.0005032618832351048,7.334299371157383e-05,20
73559582,0.0005316586026210407,0.0006325320779580707,0.0006643033744473264,20
16076022,0.0005315915308505753,0.0005559386959478537,0.0002039179424049763,20
13423180,0.0005307610924865952,0.00046239366764506105,2.953645332432243e-05,20
2611717,0.0005303603008383256,0.0005023946224433464,7.434079932671105e-05,20
172806217,0.0005302791783509175,0.0007547574357617216,0.0026835687348852524,20
83708008,0.0005300460636342097,0.0007305267475377991,0.0021314602938977438,20
3618212,0.0005299104397431198,0.0008747338340223208,0.006955114367663146,20
6415329,0.0005293589265777359,0.000550991421180967,0.000194711037525012,20
39041037,0.0005290220816981384,0.0006333581631781554,0.0007009158639722604,20
101053338,0.00052891246976495,0.00047436483706440164,4.097667482649964e-05,20
103131752,0.0005283458097338906,0.000333280469355768,4.801009936678758e-07,20
245125829,0.0005271249997678723,0.0007529844865476128,0.0027523856966756286,20
56354823,0.0005258045882838181,0.0004761641504355418,4.562299785224775e-05,20
166607746,0.0005257977397949004,0.0006681306783208919,0.0011459983131584333,20
186029481,0.0005252872188082319,0.001114245946838063,0.024255267330834288,20
58848313,0.0005244328716296015,0.00046736852420852697,3.8169910437030494e-05,20
32508735,0.0005234200535927797,0.0012047453865080807,0.03349237193190319,20
82715770,0.0005232701649501931,0.001316576981733036,0.04575376843653684,20
83269346,0.0005232587577557845,0.0004839112067548348,5.742437965792202e-05,20
23357831,0.0005230141292135365,0.001347807434164897,0.049430224610310776,20
77996166,0.0005223865829363184,0.0005303896955141746,0.00015223931688492062,20
23625664,0.0005223268074197457,0.0003462201651336591,9.534591507135827e-07,20
50270331,0.0005186059825798784,0.0008876393354045708,0.008554459844914666,20
50671370,0.0005184609274459073,0.0005019936060091574,9.36530427400115e-05,20
26665768,0.0005163603248401566,0.0005700113274149629,0.00034080962300510445,20
73302177,0.0005160329275706449,0.0009359177191337138,0.011681413541749005,20
58855832,0.0005140472391829659,0.0005204110825699857,0.00014787487272989233,20
141844088,0.0005126380201890462,0.0009251744753367737,0.011385343427138353,20
73940748,0.0005118806607330023,0.0006165228632777664,0.000737544435358973,20
85154685,0.0005112784105189089,0.0005838733739902564,0.0004640235370894681,20
12621004,0.0005085218066660568,0.0005290992467999796,0.00019397920244111592,20
7396967,0.0005081318577380922,0.0007242826114848128,0.00271096442151625,20
207661231,0.0005066994573976524,0.0007548641883782712,0.0036653866097312647,20
119211479,0.000506063239511792,0.0005137839014784561,0.0001521432713988865,20
101506383,0.0005057324067552216,0.0005550282508421699,0.0003228320656727137,20
16673941,0.0005054857943109115,0.000369645655680112,3.515713567407737e-06,20
93812665,0.0005053952772304082,0.0003813105299818147,5.238926619299667e-06,20
128790578,0.0005053236731079852,0.0004572211181045628,4.5188687851518374e-05,20
199247754,0.0005052754210562033,0.0005676531371868584,0.00040035776982379754,20
50958127,0.0005045908721932168,0.00042049596281067364,1.7647699024504102e-05,20
163195021,0.000504177104461434,0.0005829030764599079,0.0005177432981359673,20
202254288,0.0005039951013636662,0.001454534264547029,0.06886806074969089,20
38052397,0.0005036846938585166,0.00037072147942915254,3.821178688502719e-06,20
65223793,0.0005024335140487946,0.0008621832838790433,0.008678542062290746,20
62087912,0.0005016211709603175,0.0004976302377692384,0.00012038651465753605,20
33473488,0.000501397797259115,0.0006950734116640562,0.0022234619812020124,20
27,0.0005012404843189932,0.0003727702515854923,4.363785616726026e-06,20
116016845,0.0005011939207649641,0.0006632504593184818,0.0015737561883889901,20
125944682,0.0005008678841434827,0.0004412652154696432,3.353960786881647e-05,20
179411277,0.0005001407547317483,0.00048145048176712085,8.812422039843581e-05,20
45455862,0.0004978881242900246,0.0008143241744800333,0.00658748989402528,20
185628932,0.0004976413050546441,0.0008949137993385348,0.011175408415470304,20
145649671,0.0004974323702708533,0.00044390339469502476,3.8749524509138384e-05,20
163466299,0.0004972353309809135,0.0007292037484609335,0.0032981661154960836,20
82684031,0.0004967654169328983,0.0003587356200471494,2.988321507060369e-06,20
40144674,0.0004943948526593883,0.000864151415587667,0.009603042094048385,20
157784255,0.0004937591100443062,0.0007918088769423607,0.005853453734169371,20
8474125,0.0004933578964743223,0.0002363405654539836,7.871877585770272e-09,20
4618998,0.0004932197773645369,0.0024000097801744015,0.18479342675713284,20
103928123,0.0004921765502180209,0.0006501568109503869,0.0015524422894850202,20
14034592,0.0004920396150449785,0.0008018844397614717,0.006449137643665795,20
23683317,0.0004913703036292238,0.00043709623600421497,3.7388783576859466e-05,20
153184042,0.0004912999469111751,0.0003634384587006625,4.076968768383166e-06,20
78899326,0.0004904324632193119,0.0006081761315607822,0.000940589498240732,20
19084764,0.0004893380154625509,0.002145804242485728,0.1603066868124555,20
67495728,0.0004891149473064988,0.000401927445766495,1.4947482767540053e-05,20
87652611,0.0004886001424611264,0.0004099833310804683,1.913601791415924e-05,20
69176879,0.0004884846022036621,0.0005831745210388577,0.0006842097418467812,20
75432704,0.0004883345889052815,0.0006588350380624087,0.0018209706279772129,20
160988600,0.0004879498416185568,0.0007963067500733432,0.006501709793664774,20
19285005,0.00048741986337292876,0.0006322468531718087,0.001348420654501613,20
125276075,0.0004872243102816365,0.000629787286428411,0.001312021193880779,20
116704056,0.0004870660579742031,0.0031262107757211006,0.24719442753277454,20
81421353,0.0004868891110755835,0.0007694125673134839,0.005350066200649053,20
149091694,0.0004865226840135795,0.0004642695016371872,8.037471269617268e-05,20
118372432,0.0004859177431264849,0.0008682801219588794,0.01080730450576803,20
105756874,0.0004857505971367998,0.00045964943182232287,7.350567248464074e-05,20
118148840,0.0004852167423631093,0.0007592687006306411,0.005032739694880078,20
66872215,0.00048317520775667533,0.0006003192672688383,0.0009553963959208528,20
76488207,0.0004831054695656367,0.0005992646914048174,0.0009428414092255354,20
93384594,0.00048295064971873303,0.000860011496240457,0.010612213087842869,20
109739942,0.0004826627296103808,0.0005632044535480681,0.0005615150220153453,20
84316452,0.0004825706234408367,0.0006796391134355742,0.0024906783644543396,20
89711694,0.00048203467397637536,0.0004433528015148138,5.410054690002033e-05,20
36432194,0.0004817846415129501,0.0005795145729694382,0.0007294027041590827,20
175007741,0.000481782358386576,0.0004166213571304704,2.7134571614988505e-05,20
54658234,0.00048145689192470587,0.000470285910522296,0.00010263807999836468,20
119149676,0.000481098144752512,0.0016929121459366972,0.10955093343507483,20
102596167,0.0004806433149038808,0.0010666177298336139,0.029124031801211862,20
3869128,0.00048056037677143,0.0007427358799752237,0.004654999703690319,20
29893461,0.0004802660925666641,0.0004362473616445637,4.7178109305795455e-05,20
97547130,0.00047840966163486545,0.00040975432946489424,2.4298111533710253e-05,20
36105646,0.0004753052350194603,0.001397805306957167,0.07240263568572575,20
57282255,0.00047468531411690715,0.000524062426744162,0.0003411481871150668,20
20445568,0.00047356877429908796,0.0005690315605909539,0.0007229055344632934,20
134153709,0.0004734471342864005,0.0005427255256732162,0.00048000820738660266,20
59015799,0.00047293561553983786,0.0004997617143406254,0.00022553596092793888,20
71700124,0.00047245813702450343,0.0007562586639228363,0.005788452894761175,20
59885114,0.00047187698694203253,0.0020065374481986788,0.15306246808207757,20
14426472,0.0004707286889659573,0.00047650811638608247,0.00014772492937482364,20
143046538,0.00047063025719808747,0.0005126943737279032,0.0003012619674412285,20
227886925,0.0004699592435413985,0.0004221017990204102,4.1642068431384195e-05,20
147220326,0.0004678406321372952,0.0003370377854903694,2.8964839768901004e-06,20
1662112,0.0004672111121898359,0.0004390922399108326,6.8323267678978e-05,20
91334498,0.0004669990392409784,0.0005875307557018435,0.001057811038490052,20
122552096,0.0004666850144004309,0.0005086210102611027,0.0003025109532234128,20
28493371,0.00046616677948166927,0.0008674465464877346,0.013309973582289414,20
125017426,0.0004659631434429129,0.0007241807763777568,0.004821425558986401,20
11019846,0.00046520984608658665,0.0005175785167088197,0.00036628563761147744,20
77889316,0.0004651286330305565,0.0006061694527409844,0.001398618658729135,20
59864071,0.00046432178144920067,0.00043739057622930246,7.004230259369347e-05,20
84800279,0.0004641394473106325,0.0028513334683540966,0.23775324422368316,20
34653927,0.00046403385532119146,0.0005010501688108834,0.0002771585901639642,20
110361461,0.0004626353575682862,0.00046799488409819234,0.00014671227250055932,20
74087193,0.00046258241418826453,0.0006094987247119635,0.0015222329645285858,20
145377045,0.00046130522833742196,0.00045746220869620865,0.00011992221108911442,20
237718119,0.00046125268766079587,0.0005589834588469189,0.0007769607786275328,20
137829853,0.0004608648953330047,0.0009959731483062762,0.026194009256292828,20
7873485,0.0004606822277015227,0.00046905047884810124,0.00015656020786239202,20
88541199,0.00046009640231993996,0.0005780899746595503,0.0010466848119348976,20
86297150,0.0004593685299164957,0.0006019525098731864,0.0014592727236761194,20
33852884,0.0004593449118172943,0.0005794273979073992,0.0010805603503604131,20
71482235,0.00045928502640141255,0.0004901119883532596,0.00024777784417914637,20
142781170,0.00045901149652397,0.0004396918834230329,8.368198879415967e-05,20
79569610,0.00045886059406536337,0.0018020089953892304,0.13447562638533625,20
154785413,0.00045837827753799634,0.0004656692537332696,0.00015312105005533088,20
10688265,0.00045825615912664376,0.0009258614661824783,0.019648251531922435,20
34334556,0.0004582327769751676,0.0005648410562597905,0.0008951833042004346,20
31134273,0.00045820867865265235,0.0003271605116429438,2.5775085354724572e-06,20
98511485,0.00045811665984214767,0.0004690699965116734,0.00016558835221665906,20
113301674,0.00045671868559617743,0.0007921800068966232,0.009208030445976885,20
38857895,0.000455090956563442,0.0005058633317212274,0.00036325859439076435,20
145687798,0.0004549289058457945,0.00044738249554237744,0.00011005459428077452,20
14878442,0.0004544331936342766,0.00034510909303598356,5.68899830135472e-06,20
240298927,0.0004542304764255517,0.0023095663804964016,0.19504591969900026,20
93336933,0.0004541685214723229,0.0009364040317336703,0.021487188625952933,20
50405822,0.0004538833462771286,0.00044065575685506736,9.633063935473136e-05,20
60672313,0.00045359086906331667,0.0006240127328968265,0.0021032309312913533,20
83870522,0.000452691805813793,0.0007548007049344519,0.007372674469350939,20
189423944,0.00045266365097172136,0.00039113792995897566,2.689465295991414e-05,20
55668480,0.00045229898075180297,0.0007683279013250044,0.008199733217921583,20
29895929,0.00045154429243571547,0.0004324319548588362,8.346387267540419e-05,20
112207185,0.000450340071485128,0.0006174685238508946,0.0020522793489841846,20
11420080,0.00045019190450420744,0.0013860270659462218,0.0813276318878695,20
15842373,0.0004501872816307234,0.00036787464297777705,1.3981795675158217e-05,20
25285220,0.00044990796503094896,0.00034893815083831046,7.399641379788134e-06,20
102716874,0.0004498423596773687,0.0004923862109140884,0.00031497240863158355,20
30039957,0.0004496814269164401,0.0006306061632465931,0.00241563647378042,20
7216586,0.00044831755110616157,0.0005559045208348744,0.000939955235904498,20
240321277,0.00044753336451028026,0.00083018818799503,0.01310419659884966,20
3002153,0.00044717034087720373,0.0006015575065769398,0.0017820083780909443,20
53266674,0.00044696089787911176,0.0018388799671382751,0.14531659382197307,20
55212356,0.0004467702733096296,0.0006417809613482991,0.00286181974436556,20
119748143,0.0004451363938028724,0.0006643243673087436,0.003708721570484703,20
66464330,0.000444809080824185,0.0006703047696636081,0.003953635085424322,20
76501309,0.0004447471847970147,0.0006762947074251682,0.004193523249893807,20
76684631,0.00044400906663363826,0.0005191035014930412,0.0005710872394321451,20
217272195,0.00044307364670458647,0.000673875251095979,0.004198584361176492,20
73192086,0.00044283705646930847,0.00043539704209166324,0.00010980948523471328,20
94307138,0.0004424175184637169,0.0008544338650074488,0.015956350916587737,20
139594314,0.0004423957532126904,0.0006709922373108529,0.004124115041905972,20
66750173,0.00044173548574542865,0.00042433257638218696,8.619348650966786e-05,20
165792726,0.00044158468791848646,0.0015624631579219093,0.11077321939930944,20
154570965,0.0004414690327106924,0.0015726698143216523,0.11227947982838057,20
98110987,0.0004412752311476531,0.0004937807078742727,0.00038608512701704926,20
234692189,0.00044114100002699553,0.0007598340109109077,0.008860164805048866,20
115941733,0.0004399423800332036,0.0004520520404697875,0.00017148357708261975,20
71538137,0.00043894042517021725,0.0004820192676189367,0.0003246664806959993,20
87825387,0.00043859374680892403,0.0006076310298886955,0.002213443070010298,20
30696092,0.0004385754662992264,0.000814763143168363,0.013200814492278695,20
43542037,0.0004385586186357482,0.0005112155135433237,0.0005564898822046294,20
88512090,0.0004380040095707777,0.0005400505454118293,0.0008971637712108212,20
90380845,0.00043793309609794774,0.0005245489071324741,0.0007037070481548513,20
96683186,0.0004378462220475415,0.0005066441009442558,0.0005216331036485221,20
3265414,0.0004374312813339609,0.00034678293111594174,9.693245496753074e-06,20
104839410,0.00043694514125828534,0.0007458687166618291,0.008427224893790592,20
218099577,0.0004366563231942039,0.0006890752705236736,0.005304357329883626,20
142571152,0.000436230697951781,0.0009632982201228077,0.028563713394093648,20
91894452,0.0004348483939243669,0.0005851397246376231,0.0017856275075133826,20
78,0.00043481447869051225,0.00044811595786725856,0.00017661283620718147,20
43261530,0.000433903020326068,0.00041787968415316534,8.854964782955974e-05,20
39241103,0.0004338918646947743,0.0004132066104732329,7.866585875400732e-05,20
96214918,0.00043374147432161667,0.0004280860037561726,0.0001142114153470587,20
1611394,0.00043336265418165434,0.0005167061473386446,0.0006767672212423997,20
38519583,0.0004332483626035749,0.0004702368182452767,0.000291024460559924,20
52556689,0.00043308662288084055,0.00041484166973391757,8.364687773686735e-05,20
6266066,0.0004310971542992037,0.0004719292247870652,0.00031535277805558597,20
115168579,0.00043078597047731536,0.00045425197217949074,0.00022093929224729548,20
103527849,0.00043044867133274487,0.0004441132777214017,0.00017857515777084396,20
53479298,0.00042975482571994404,0.0014274936922182607,0.09701490304768548,20
64807214,0.0004297233116527105,0.0004178771359958063,9.797225054889258e-05,20
64772489,0.00042950932745370316,0.0007223166395285502,0.007745012263780173,20
92,0.00042944415006573313,0.0005558696832060121,0.0013263338963524164,20
85572911,0.0004282904415746552,0.0006612002725134669,0.004621598621014287,20
50555544,0.00042742515972091775,0.0006116753647692587,0.0027875055666688664,20
123474531,0.00042731981637228467,0.0006324430487824588,0.003508317222700391,20
14424121,0.0004268605843656098,0.0005050310549439311,0.0006332465703419227,20
21866825,0.0004266331134930079,0.0007949415292824131,0.013398967136038272,20
41647688,0.00042583508407859907,0.0004885509761870724,0.0004835621826286417,20
53551901,0.00042524941566117745,0.002021643640170884,0.17933127165805945,20
54449109,0.0004242852184509871,0.00032028606570472885,5.274484041222625e-06,20
108449587,0.0004240520785086549,0.0006527248588271607,0.004535325543480027,20
98123581,0.00042352553975482656,0.0005280889318702542,0.0009836738695944986,20
43147279,0.00042329298045757637,0.0007804016876436957,0.012703592558117465,20
86117485,0.0004229497215009231,0.00040535443229461094,8.413279901647462e-05,20
73683515,0.0004228303936362809,0.0006640754096699912,0.005149214690512698,20
661031,0.00042254541743395326,0.0005616258925660722,0.0016271532378188266,20
37044444,0.0004216281315995357,0.00036491450963655007,2.7401479875204156e-05,20
38301169,0.00042062260829985043,0.00032703483262816783,7.630548666585924e-06,20
24839712,0.00042057848718224654,0.0004163432637658127,0.00011778602841635556,20
65023739,0.00042039506838119356,0.0004396078121366468,0.000203730118846241,20
224905913,0.00042021233384748334,0.0006927135290707047,0.0069001443773822205,20
120175464,0.0004200326434093571,0.00042946438910138144,0.00016326340049811503,20
207485011,0.00041996603124464795,0.0003643133005757463,2.8132810024876548e-05,20
152778289,0.0004189801132470167,0.00090595221102339,0.0262525146954687,20
52274455,0.0004189344350753327,0.0009072756193670582,0.02642055365603935,20
77818977,0.0004180625834345975,0.0006952300939419,0.007261330377153034,20
21317811,0.00041792346702556606,0.0005512408719655333,0.0015346775369168323,20
33025171,0.00041665609897138247,0.0007534262874035943,0.011501885043010017,20
111247577,0.0004164321967300655,0.00045102772043996035,0.00028527195282847413,20
32418082,0.000416200263077865,0.00031371400124861085,5.175868178705071e-06,20
92443422,0.0004159527411900843,0.00046175695112503156,0.00035893460307027757,20
62261800,0.00041571153526795136,0.0019973859536620425,0.18182303524066512,20
49243392,0.00041553365036924305,0.00038738756841689195,6.264559149791138e-05,20
167671894,0.0004151259063085944,0.000894744050896417,0.02591115478941844,20
17073965,0.00041507606658773566,0.00043963498440499144,0.00023061674631029395,20
54320299,0.00041398485093065986,0.0005189107321825025,0.0010266065251996618,20
29645245,0.00041376895208805885,0.0004895592695722432,0.0006334396423060101,20
66,0.0004136229505385225,0.0005249436956400972,0.0011347730110299735,20
45152229,0.0004120948875429825,0.0005748215129190986,0.0023249938999795206,20
68028283,0.00041087378680324806,0.000504194359842319,0.0008625067454229007,20
111540832,0.0004104003451815913,0.00036950743818198726,4.278568432728183e-05,20
69276451,0.0004101431537109623,0.0008469803139523981,0.02163638116749324,20
32236408,0.00041013129798654624,0.001019371299563873,0.04393663821796502,20
151392542,0.0004099038615900691,0.0003325621055806018,1.2829227803379534e-05,20
149582839,0.00040975468351456544,0.0006695407701109845,0.006550539911970268,20
26065643,0.0004093736265213976,0.0003470382746600164,2.1566983610079162e-05,20
28892919,0.000408287940282151,0.0004088938102484038,0.00013257674016552154,20
139359410,0.00040660487676242305,0.00037203047869044235,5.110057151562424e-05,20
15623644,0.00040650463292961624,0.000570190122459929,0.0024196502925318223,20
52656980,0.0004058750376965237,0.0002939381208698618,3.101209365828714e-06,20
4663624,0.00040245984892569306,0.0003066436335882061,5.928514428534532e-06,20
20221516,0.00040238506869524904,0.0005374215459997703,0.0016878784985749295,20
37573048,0.00040156507825317157,0.0004413263706264316,0.00032707394800937965,20
118749855,0.00040153156682254664,0.0002661988692781103,9.55755547471168e-07,20
27441883,0.0004014771020829533,0.0004799591719530133,0.0006922723728576269,20
69139893,0.0004010898775167443,0.0004250290044771078,0.00023170474474720664,20
67027118,0.00039992107859288526,0.0004286107587684241,0.00025820254649119417,20
75193956,0.00039982504198861346,0.00036546773181990883,5.0552746562378676e-05,20
5216432,0.0003994563600725531,0.0006806933348328121,0.008345627307055068,20
113343517,0.0003994225641364063,0.0005357199634892436,0.0017424302946148025,20
27229794,0.0003985105123075344,0.0006265894363225162,0.005185661840560559,20
109135664,0.0003983630399649829,0.0006741334728520102,0.00802509160626187,20
9419701,0.00039542726385191076,0.0018554570957793933,0.17625842556848237,20
32094593,0.00039530407586512996,0.0006288849694021201,0.00557540585438679,20
136678543,0.00039468809059124975,0.00044339548285286405,0.0004002100305985317,20
21622752,0.00039458459172705127,0.0004833904415669676,0.0008505211330021141,20
10087712,0.00039449557546887836,0.0003764820454787884,8.044341655921501e-05,20
236716686,0.0003940905616232476,0.0005734268947742625,0.0031267648934982894,20
26489691,0.00039363051023322824,0.0006983712359093643,0.010405946865118736,20
169799490,0.0003936230097582094,0.0006226800285165817,0.005384822871134599,20
70876148,0.0003934651943105244,0.0005245178286342012,0.001663956427101463,20
62058728,0.00039340011581697474,0.0005311148442606779,0.0018302250829589958,20
19080614,0.0003927292927902587,0.0004760207939982527,0.0007780535807307036,20
55855793,0.0003926688934719841,0.0003575906869648833,4.8523689214719946e-05,20
42865468,0.0003923478862213364,0.00048312635039357663,0.0008875388440344271,20
15823667,0.0003922080354789081,0.000427852592190813,0.0003051791870724989,20
44449690,0.00039172205436357744,0.0004216665355737989,0.0002691763680107559,20
58542197,0.00039088200339315593,0.0005850659746578178,0.003781353735804934,20
35421157,0.00039037418077255136,0.0005164162264694521,0.0015695272110155352,20
2062397,0.00039005754244890445,0.00045604176984783855,0.0005712459861089926,20
114149364,0.00038995680671875533,0.0005671846082611221,0.0031182023741905644,20
112927208,0.0003898558361558252,0.0005780072487432454,0.003549699735970292,20
148852541,0.00038929781601649004,0.000344271780552481,3.500215857886378e-05,20
174680410,0.000388720071895543,0.0004529694835535202,0.0005548712670119579,20
47646620,0.00038853745190544075,0.0004873078487198152,0.001031646863512405,20
137879593,0.0003882825299675041,0.0006918077958338155,0.01064283347472947,20
169274460,0.0003861116763690109,0.0005234623758530205,0.0018882083545595403,20
6404727,0.0003860793068526297,0.0003313571036467422,2.4883669639956728e-05,20
31673758,0.00038599296625500546,0.0004536620800561369,0.0005979355961734423,20
45,0.0003848821296516591,0.0005957558457222722,0.004699725616616006,20
29694832,0.00038473620500902305,0.0007436365169663441,0.01601786936188646,20
44706577,0.00038439912145955547,0.0010550450050428887,0.05984837819267815,20
83522357,0.0003842087552037965,0.00039403084767556306,0.00016826580197081575,20
134962869,0.000384014789651968,0.0005862923807408784,0.004303828670924317,20
70589510,0.00038390698224950726,0.0003881053879608796,0.00014576912790993071,20
119153191,0.0003830437919747909,0.00034921573528834084,4.912418787440012e-05,20
149052644,0.000382923368724572,0.0008433561758387617,0.028266884183536907,20
148782358,0.0003829040482783208,0.0007856007888842495,0.0210312138494496,20
30490300,0.0003824266394856557,0.0008420784867968293,0.028242425780308573,20
44350096,0.00038184875659520723,0.0004628660021541858,0.0007785248452762536,20
60166295,0.0003816993266003016,0.0003254879387812187,2.309270824477508e-05,20
194227860,0.00038114142832473277,0.0004456963870716,0.0005721311842906518,20
185017750,0.00038083204773178836,0.0005436962173829619,0.00274134563697252,20
117256095,0.00038052760982416054,0.00036923765473247,9.578777853086695e-05,20
133371042,0.0003798093515719941,0.0006900247255617685,0.011784577974068509,20
88531518,0.00037966650533199643,0.0006721110365583967,0.010284087529558651,20
109653323,0.00037960990499847356,0.00028257317206454815,4.415114353597504e-06,20
88176397,0.0003795478374809841,0.0005861871961110088,0.004633472837106531,20
123782866,0.00037883605764204854,0.0004244412253473544,0.00039050375488188345,20
71481565,0.00037856814040520826,0.0003744521097687631,0.00011681073506374836,20
55612481,0.0003780790536755396,0.0006683636662944584,0.010207310382933012,20
101746421,0.00037758519522166354,0.0005170859934475638,0.002034102167865513,20
49933823,0.0003771974402281164,0.0002667749584856147,2.2757153162879033e-06,20
52466430,0.0003769957663032009,0.0004298650838984503,0.00045770162186800504,20
7467907,0.0003767733576521354,0.0005639702099027298,0.003782321392022105,20
103535281,0.00037629743624674196,0.00046930763443038987,0.0009855027288424997,20
39701165,0.000376007805086595,0.00043352268111143997,0.0005052598800241652,20
116342481,0.00037542470770897396,0.0003976620318361219,0.00023075343823594324,20
131993458,0.00037458065360987115,0.00037496021519212635,0.0001319461389967227,20
24406124,0.0003743867440541976,0.0007000982693330746,0.013640488873614806,20
140280877,0.0003741166368362636,0.0005727430967565995,0.004380230710592409,20
86910400,0.00037345861229726716,0.0006004895370252627,0.005948756438530295,20
44249687,0.0003728086837276656,0.00041390741872121133,0.0003592978245429589,20
194239913,0.0003725024677723898,0.0005669346404504579,0.004217433441519664,20
24437686,0.0003723159360926459,0.0005107209344728022,0.0020591447900069493,20
51445011,0.0003719663620902175,0.0003948940235488866,0.00023584615465110668,20
2,0.0003716915470182991,0.0005211610022464007,0.002413092797711229,20
82489969,0.00037156198857472844,0.00033674876310835976,4.602220131604228e-05,20
80514706,0.00037147867085952636,0.000510573863218154,0.0020889612126463145,20
8599461,0.0003714758191672468,0.0024658530882324526,0.2543020809353726,20
27692259,0.0003703009458058071,0.0006546502789756413,0.010210370561099089,20
101036713,0.00036977411924537796,0.0005620439001690525,0.004181701609215853,20
134561909,0.00036962007462555956,0.0007965960101278211,0.025902272052378588,20
4213696,0.0003694987284826201,0.0004933652462026871,0.0016844265203036725,20
2617583,0.0003694883885274197,0.00031737415063968447,2.511658570431671e-05,20
30615057,0.0003693038759216727,0.0005404385698230984,0.003250883049144308,20
116466495,0.0003687243276822738,0.0004185373374283008,0.0004394948821796521,20
26489544,0.00036871918217125377,0.0004334560002806103,0.0005990868925844322,20
40859036,0.00036867057063575683,0.0004275313510358318,0.0005317697163550939,20
60072017,0.0003685097489262157,0.000668497576341846,0.011694029465516183,20
152193359,0.00036837542600018093,0.0005790623400826855,0.005177599270232599,20
5614524,0.00036831662454659965,0.0004931319694015785,0.0017195195043008687,20
78665246,0.0003678911213492009,0.0006265193036728565,0.008316852119822828,20
43845802,0.00036777555596562427,0.000498707681269752,0.001891139134951236,20
144372769,0.0003675820962266291,0.0003456642207990798,6.875873839007968e-05,20
29051886,0.0003665196829411299,0.0012051614160047948,0.0948612790772916,20
125817619,0.00036646596695788237,0.00048004996590554074,0.0014554314304659377,20
27690605,0.00036597979051704587,0.0004933437730293091,0.0018095140891925896,20
212694370,0.0003656534744981288,0.0003139485942908125,2.4995614337488165e-05,20
48130975,0.0003652302414779762,0.0004807829834057097,0.0015114688056385756,20
37500067,0.0003649709232323384,0.00071908172489727,0.017524237509120043,20
79490504,0.0003646782846658897,0.0004629288142097131,0.0011367862345691528,20
33837977,0.00036361452472252477,0.0006417157641749597,0.010115937330133567,20
72961247,0.0003634414060710467,0.0009225674934977636,0.04709481485696777,20
121738203,0.000363279755364615,0.00030619575034003933,2.016655322827445e-05,20
74416842,0.00036309144003455194,0.00037576513812557697,0.00018403906717649458,20
51649753,0.0003629958382020598,0.0005254370715387481,0.003016964733168581,20
74503753,0.0003629875014278139,0.0005250179054215816,0.003000907292709254,20
153858169,0.00036289549005535937,0.000557355081670273,0.0044716223025389286,20
150580964,0.0003620616114292846,0.0002935558611185057,1.2729279671886603e-05,20
189023366,0.0003620220144985531,0.0008448887028793746,0.03525141181314153,20
114968431,0.0003618213078032534,0.00047137072763978955,0.0013948068914349395,20
19828492,0.0003614105389076666,0.0004319397509792186,0.0006906262931925876,20
159262353,0.0003613644678793659,0.00036939387815069515,0.000162890155102829,20
48267334,0.0003611796094186048,0.0003387065239901436,6.675121556151619e-05,20
123862278,0.0003611793098441007,0.0006199963434451758,0.008694707773399849,20
107339788,0.0003608203549179817,0.00035465247420649694,0.00010947225668482717,20
11075017,0.0003606854657289105,0.0005682047137235948,0.005247821945320686,20
203055522,0.0003599061405462234,0.0002170358062959091,2.5347684812975737e-07,20
106004039,0.00035961560944159645,0.0008911023009404976,0.04349133688382183,20
108521930,0.00035865230958526394,0.0007041545595152405,0.017240879620566578,20
67150296,0.00035807512437665,0.0006002349901789505,0.0076026252896929285,20
85472649,0.00035732862785424756,0.0017345749077970008,0.18422849648236528,20
60264464,0.00035697188018308514,0.0005922419917520971,0.007162828233196321,20
53053457,0.0003569391656208343,0.0013382558726152756,0.12381436639695673,20
68679846,0.0003566403437919363,0.00047681911585564356,0.0017011409901954455,20
96988898,0.0003563137108660297,0.0005365546358858514,0.003934739420713606,20
105735006,0.00035628323807016524,0.0005901021978957877,0.007092796208085009,20
122740477,0.0003562344665197975,0.0005324459630105315,0.0037458349120673834,20
90513818,0.0003557513678525276,0.0004683215446429326,0.001511875339775061,20
122953330,0.00035517188055591566,0.0006397605110437161,0.011271883255183784,20
18282518,0.00035464891223370985,0.00024526494995009767,1.6907502639932625e-06,20
50249669,0.00035461162018287084,0.0004645716644961503,0.001456647721990243,20
66492251,0.0003545940618657928,0.00047234795911371393,0.0016545946821477715,20
216498083,0.0003543981227286608,0.0002541947911441988,2.7355317898373445e-06,20
90408943,0.0003541475509170972,0.0006866448616846751,0.016255758501116324,20
34569215,0.0003541260630737231,0.0003935000264842951,0.000362121639590416,20
186618521,0.000353732731060899,0.0003822710129467276,0.0002793660725238377,20
167594951,0.00035372408288662506,0.00042927542502557687,0.0007862074122266011,20
112542699,0.0003534434081070542,0.0005850805635412529,0.007070367747250673,20
58283385,0.0003529260367756609,0.0004316969843574566,0.0008397912865399278,20
28830997,0.00035291337743188214,0.00042866349987995034,0.0007919571035966245,20
43104383,0.0003526672459599672,0.0005547401041103722,0.005199130895200223,20
105445104,0.00035235865429560087,0.00044921151800151113,0.0011763508364823199,20
91313475,0.00035116474619895365,0.000360372826218677,0.00016933845762901923,20
87474040,0.00035071106768690407,0.0003326611094886311,7.54022442231126e-05,20
49555059,0.0003503034978898201,0.0005731219772940334,0.006599801687067477,20
107046692,0.00035019497565724755,0.0004926762899067932,0.0024717509182752163,20
155796581,0.0003501496701242918,0.0004885447212725965,0.00232941664154983,20
62452554,0.00034996603822974316,0.0003181547226325528,4.761306000403232e-05,20
35705483,0.0003499533277531358,0.0005315621133225587,0.004163630473708265,20
28287364,0.0003493561243464449,0.0003131073406199025,4.065850817382369e-05,20
79,0.00034914900030845464,0.00021081608541345445,2.581300940056118e-07,20
61065504,0.0003491135996317535,0.0005513496537669711,0.005329622603681645,20
34238123,0.00034905928655103445,0.002719902598938987,0.28637286754289826,20
53557414,0.0003487844296334447,0.0005648079946273969,0.0062083528397211115,20
108922158,0.0003487636466361993,0.00030328287097134175,2.8925230519393465e-05,20
101752329,0.0003480494183482674,0.0003741098650650873,0.0002654799731686728,20
153784268,0.00034791599508827986,0.0005684586269672682,0.006547980719165431,20
188220110,0.00034782604186126833,0.0009626550397832109,0.06130291940835538,20
68976415,0.0003477090914406122,0.0004316376179437279,0.0009486720150234663,20
124417250,0.000347055983748773,0.0005202667064138825,0.0038199179529136993,20
147137118,0.00034646685527276176,0.0005496546283041856,0.005480696885260813,20
111736573,0.00034629770561450944,0.00035875613745738115,0.0001859213268931976,20
34453715,0.0003462838617506736,0.00034330527901453497,0.00011958753324073482,20
65023688,0.000346085700041443,0.0022425610535750217,0.24921677784163548,20
12422187,0.00034581703938634244,0.0007015506593060844,0.020009716108774,20
33097486,0.0003449146976875428,0.00034273638644313076,0.00012243677374825722,20
58886919,0.0003442645760177554,0.00029942507209340836,2.8985467985941796e-05,20
31107694,0.0003439151392060413,0.0024176125319432863,0.26612453071547854,20
66709024,0.00034368441546868135,0.0005461043236340703,0.005534279875675518,20
143172279,0.0003432120030785468,0.000535104112733,0.004918924690675434,20
61745222,0.0003432025327376631,0.0003750624691033991,0.0003103182631024246,20
147571885,0.0003431009026026666,0.00039888342142092387,0.0005436889522446173,20
119860050,0.00034252519183063936,0.0006409737144919262,0.013688793286392519,20
93844295,0.0003424029863977773,0.0004480320467338404,0.001443016540790614,20
51055716,0.0003423064563789213,0.000680682184748428,0.0182845219528889,20
18078359,0.00034224635353430897,0.0007910991904022053,0.03402625182178963,20
76545468,0.0003415536287187243,0.000551746669621387,0.00611779598036789,20
127669430,0.0003402134422891362,0.002097714331792111,0.23855223935517328,20
102090399,0.00033994635011906914,0.0006133150830220159,0.01136629656268131,20
74832235,0.00033987524692887514,0.000301306954177547,3.598647461774541e-05,20
228287067,0.0003393153715511854,0.0003877179301133286,0.0004664291738242141,20
29,0.0003389416710172233,0.0004742028769749083,0.0023756174682768244,20
31836292,0.0003383661798057075,0.000507075731460988,0.0038117651216542214,20
129079118,0.00033816434569161337,0.000403825245059167,0.0006857996781341359,20
100841893,0.00033777798928659176,0.000597742431899917,0.010264363546126486,20
42042628,0.00033749197428888653,0.0004768834561913214,0.002549606311020854,20
5219345,0.00033708022393950655,0.00040841371363783296,0.0007755624556359486,20
112765092,0.00033702127969960084,0.0009298224530953226,0.06075205365765379,20
34820891,0.0003365108281364826,0.00032512911381327116,9.158919852765502e-05,20
240120918,0.000336277890855069,0.0030297105188974984,0.31266089833891564,20
195830491,0.00033609668827558337,0.0005237234956389793,0.004902002768479922,20
163303962,0.0003355201842996508,0.0005353667119109153,0.005677880916570098,20
55120301,0.00033500822382626636,0.00047064499912804754,0.0024469907360231786,20
29631500,0.00033500184462509076,0.0005194244846237444,0.0047503696767054295,20
186019583,0.00033467509400102733,0.0004862645716309135,0.0030957346277044077,20
89206964,0.00033442473416770145,0.00031023859170083086,5.93916902906088e-05,20
16073506,0.0003340013366373129,0.00030649849543227674,5.276857448052235e-05,20
19645191,0.0003327481349150757,0.0004721505261459569,0.002626041916376122,20
5464310,0.00033255674145895865,0.0005181521735843057,0.004898719278447321,20
74893902,0.00033255607161490066,0.00031518157732587525,7.474637710512128e-05,20
88319723,0.0003324751980287727,0.00043861779679960013,0.001536909614525024,20
24283359,0.00033189450409343567,0.00038785308550566485,0.000568852663604531,20
38936659,0.00033166478977688654,0.0005860612639016795,0.010183858351801077,20
19879796,0.0003315087878383194,0.0006610108918778675,0.01851345303386709,20
237495929,0.00033121056238220317,0.0003319167243962491,0.00013344918799707502,20
117922201,0.0003311858327735284,0.00038128262647398655,0.0004987052155856031,20
78219384,0.00033100806209454824,0.0012993225382637358,0.13437011728846726,20
33094720,0.0003298826547184552,0.00019983551081611314,2.705123044816506e-07,20
75365693,0.000329853392135207,0.0005142008280787994,0.004914369307325666,20
9218004,0.00032928506983115335,0.000637144887951042,0.01610012702237886,20
175004606,0.00032923938951748554,0.00047266389510289926,0.0028498543131111366,20
64453699,0.00032865744678628185,0.00045024772644799836,0.0020396206866544254,20
52065895,0.0003283028217597961,0.0005007956319539916,0.004279565240021062,20
86693880,0.0003279551192490321,0.00044381663945417644,0.00186304382092894,20
22631461,0.0003279111366609799,0.0005106701646623474,0.004884029492799931,20
45144907,0.0003276380153856423,0.0005474867344860974,0.007466239278633936,20
51758369,0.00032743726994008957,0.0005124431566406524,0.005036937520259458,20
60403477,0.00032698781987591243,0.00048529682997924253,0.0035741775878863997,20
118953071,0.0003269342560791394,0.00033026924429338734,0.00014470628506422543,20
247728379,0.0003268273166124075,0.0007424250332000411,0.03187495918166816,20
48546793,0.0003267638830017877,0.00044087798643261414,0.0018217591914415604,20
22824556,0.0003260963164164493,0.0004852338899322429,0.003636688983198592,20
34914132,0.00032560562324113196,0.0006013111695278086,0.012812086577765712,20
17838397,0.00032550428853038714,0.00026678545173655654,1.449037914230937e-05,20
105731198,0.00032536444553997457,0.0004183815792460217,0.0012593540557853417,20
55855374,0.00032501358288671565,0.0006412824751829728,0.017641803550765296,20
58862232,0.0003248218526194724,0.00038557975035975636,0.0006515475256649683,20
75662679,0.0003244470611080047,0.0010911024524750343,0.0996610894793944,20
173203884,0.00032435310831308294,0.00042286745485395485,0.0014027585395824918,20
81847046,0.00032393667854489495,0.0008092136288965817,0.04468211776052516,20
151054719,0.0003239162066957679,0.00027326223770364954,2.0378747440284294e-05,20
70068129,0.00032378362850003783,0.00040144608613320015,0.0009392073008432069,20
6796737,0.00032360526156079703,0.0006220669590436414,0.015605316435649504,20
49755059,0.00032314294796793874,0.0006613366010410524,0.0208021674655565,20
138031907,0.00032314060611242644,0.0005655377944787718,0.009669794529387958,20
130480126,0.0003230162673287046,0.0006083413346546459,0.014128007483742095,20
816845,0.0003229945186120492,0.00041831436175802103,0.0013321151521035579,20
69339964,0.00032218686521922333,0.001084261162391366,0.09981183183858561,20
53752080,0.0003218745243622978,0.000677026770378659,0.02340933934254442,20
102124790,0.00032153391477992286,0.00043862206245942235,0.001976857760841874,20
36640907,0.00032112965868569265,0.0002916105581705579,4.702494940429403e-05,20
72437830,0.0003204868925032578,0.00031936807246799596,0.0001260332386585679,20
140795752,0.0003200935063881444,0.0007693979803740787,0.0391789391210616,20
98548858,0.0003197516823818386,0.0006197220250964518,0.01622676026482547,20
27362356,0.0003197376839235239,0.0003726672798097233,0.0005559408683252695,20
88112010,0.00031972718939032586,0.0003941958654706707,0.0008967574057443272,20
156783292,0.00031957221674136504,0.00044765210991289355,0.002396558913967825,20
45067768,0.00031953542080842556,0.0002946440830238998,5.562583655713312e-05,20
72740139,0.0003193582676259521,0.0005244536968221287,0.006747314751700254,20
79500073,0.00031934620120091793,0.0003870743581016502,0.0007780538673158253,20
47052067,0.000319013068995036,0.0005480474980353996,0.008733020854222432,20
23232640,0.0003187035662027715,0.0006391460815582399,0.01900322134934661,20
36077559,0.00031850192534882416,0.0005955904517265516,0.013640040082190902,20
22680875,0.0003183288671695983,0.0005925541905094275,0.013333077899822604,20
12420990,0.0003182882192395042,0.0003265436261424651,0.0001688731007808281,20
117548167,0.00031797513106535666,0.000552680788078878,0.009313922202511865,20
122940607,0.0003177641401030301,0.0009298509231164191,0.07145865964331516,20
53858302,0.0003173069458195621,0.000592729426475141,0.01356859382499061,20
43349482,0.0003168795727712476,0.0006287563609376844,0.018104011041228142,20
50392394,0.00031672292445495407,0.00045767753924130984,0.0029818075829631525,20
57,0.0003161352083475788,0.0003761972044079784,0.000665524125204935,20
94882079,0.00031610881281565474,0.0003168986643786008,0.00013394473420604572,20
56856336,0.0003158788334763074,0.0005777077785508452,0.012194483057328875,20
121472578,0.00031574203732713524,0.0003165436656003798,0.00013399916530720324,20
16898888,0.00031537700958395585,0.0005478252028334343,0.009282362022183865,20
81446938,0.0003151532365142817,0.00047802960487272546,0.004125750452378024,20
17877458,0.00031501570793089075,0.0006838649171146596,0.026679648776598945,20
23082929,0.00031486841004826904,0.0004273388896934029,0.0019034695401971167,20
107333422,0.00031471931405195055,0.00022853628529763404,3.2112271023361964e-06,20
105957432,0.0003144606739570205,0.0004265139855952766,0.0018944974328272118,20
14641086,0.0003142675748284363,0.0005257788363899653,0.007518281406620773,20
42262927,0.00031421278538519006,0.0009032262441287,0.06813273912318044,20
114519462,0.00031411644211241376,0.0005162185651041713,0.006776086140529085,20
13676738,0.0003138418616451144,0.00045222897326661275,0.0029239198432802534,20
180824669,0.0003130884357115032,0.0010462351218305601,0.0982979300178604,20
37056518,0.00031280120860283924,0.0002080119471848483,9.966594769421498e-07,20
39901468,0.00031256196332909156,0.0005361100822948004,0.008655973652760036,20
43065679,0.0003121474405116509,0.0005663753725301397,0.01170709145848665,20
81701911,0.00031196613813788964,0.000555732418003457,0.01063253802933331,20
54921080,0.0003118982427599892,0.00039400870745790015,0.001093307508793223,20
6264480,0.00031160314279887193,0.0005007722649395033,0.00593017818197073,20
81512894,0.0003115733365833012,0.0006262044469063527,0.019190243955392275,20
25831174,0.00031148081229483984,0.0004115697895289065,0.0015555908920757684,20
82777254,0.0003113278783817536,0.0008477866152732681,0.0584902458303628,20
65548870,0.00031108542286437113,0.0005157930789092565,0.007137044810465804,20
43747390,0.0003105412509018551,0.0005521218950169522,0.010523641153254172,20
76689046,0.0003104640678459919,0.00038053215723953535,0.0008541439719959767,20
81400350,0.00031034402612429847,0.0002599304806485084,1.8727320345981464e-05,20
176806198,0.00031033586900170996,0.0007320603144067673,0.03664830755497257,20
39708578,0.00031020845430438927,0.0006825864737152686,0.028164954043000564,20
15479795,0.0003097484327806599,0.0005103779914600248,0.006881352145928529,20
112537243,0.00030957979313755437,0.0003875588041519243,0.0010162367402001603,20
118733867,0.0003094436372217485,0.0009110962474798901,0.07262513663527666,20
31,0.00030848853701237466,0.0007440989183329854,0.039660744091047646,20
71156024,0.0003080070085422854,0.0004276137218053874,0.0022474004937684967,20
22061952,0.0003078534300225477,0.0004512948227798619,0.0032894001692959788,20
34713897,0.00030745213624035206,0.0004975893108155644,0.0061869407180173905,20
21286667,0.0003073349287068955,0.0008509741092473724,0.061382100764574295,20
2661675,0.000307268918999995,0.0003064566254330496,0.00012712886191445523,20
60099095,0.0003069740442482011,0.00046746218985190734,0.004232611975603655,20
156498504,0.0003068192556694299,0.000423728257462749,0.0021632281020951705,20
122861867,0.0003067260114602566,0.0005415409409387793,0.010138349473036913,20
58615697,0.000306725356287918,0.000966588507495601,0.08602899052598105,20
38739912,0.0003065225972538499,0.0005538603101539289,0.011457192698295931,20
60003107,0.0003063521413943088,0.00031414516731798227,0.00016806018859241747,20
132073441,0.00030611322780464136,0.0008327161326449808,0.05831127609794895,20
7416496,0.00030543906188860715,0.00033950959441488433,0.0003632007947639372,20
52719088,0.0003053293595318612,0.0004504618052543751,0.00343432287780933,20
42,0.0003047426575911227,0.00037706811209283695,0.0009235982663899657,20
105935231,0.0003044714347598565,0.00048122325384156606,0.005355462684211678,20
26,0.00030439905052816185,0.0004912697988893266,0.006083648154511003,20
107133382,0.00030414526398956363,0.00044762372888532164,0.00337845779773618,20
99545181,0.00030399038642301145,0.0002616650699911066,2.573346966417594e-05,20
13413926,0.00030393002253382984,0.0005201555413354949,0.008550128510035676,20
221303317,0.000303456157760848,0.0004305883458668231,0.0026261044857164894,20
25899163,0.0003031643106714332,0.0017011667642552787,0.2176553740191675,20
101922599,0.0003030854361147139,0.000610399324500911,0.01936861549412036,20
7067761,0.00030238713187540344,0.0003697264189974229,0.0008369269077594797,20
2863653,0.0003022755131941696,0.00031513190984302434,0.0001977821620474076,20
76901689,0.0003021441842833789,0.000462918235073554,0.004402142637652633,20
135763217,0.0003021268387517706,0.0005189620494114932,0.008725935396209942,20
57523351,0.0003020340853828685,0.0005172971082586492,0.008585857208903114,20
180811478,0.00030159408655713594,0.0005964669968432379,0.01783316963533391,20
16614408,0.0003009320987325648,0.0005653732889346451,0.01395966595904689,20
5404262,0.00030085796100679516,0.0004444239271494382,0.0034634936260045206,20
28694440,0.00030085396273576704,0.0004977747465777893,0.0070496415348559,20
20,0.00030070220949377223,0.0003175043539883582,0.00022379840616756287,20
147630797,0.0003006440317787018,0.00048489863666138295,0.006060207158197882,20
32894251,0.00030023080606944585,0.001671616245907193,0.21589129264164236,20
47446556,0.00029956376979295153,0.000574827774793006,0.015472743661816023,20
126877035,0.00029944982924104413,0.00018342926315655908,3.170774851982563e-07,20
41048388,0.0002994222300889193,0.00045615893143105,0.004244439798471233,20
78819538,0.0002993397623440003,0.0003335331555087228,0.0003713285656585515,20
75417715,0.00029877123173474573,0.0024773428791001963,0.29795624963143363,20
151381471,0.0002985379151167533,0.0009378856559131682,0.0853996466274565,20
126144694,0.0002980014856093866,0.0005061863297074227,0.008196645101958529,20
79666284,0.0002974892145244684,0.0004160695086177574,0.0023699581280811643,20
61945536,0.0002974531496033689,0.00034165366416816825,0.0004885318824423568,20
75862771,0.0002974307644634383,0.00038655410459885714,0.0013689486048159172,20
87309955,0.0002969923608552749,0.00040286654449157356,0.0018960850943606305,20
80114169,0.0002965082102479921,0.0007145925476786081,0.039542982157701176,20
118122444,0.00029633902831529,0.0005739484506145856,0.01617374791940668,20
93318311,0.00029541377885315413,0.0003714910907198215,0.0010539414160548957,20
65470749,0.00029511443514153855,0.0003290373244680262,0.00037353008643335885,20
22261975,0.0002950409304409124,0.00038615239096031513,0.0014457154831184417,20
243123360,0.00029357570531840516,0.0003225006271555457,0.00032572225948667913,20
41261072,0.0002934790573217133,0.00033696811823418567,0.00048697545166211657,20
40281675,0.00029330438895919795,0.00041188576815313617,0.0024397785515098227,20
108940958,0.0002929331116963807,0.00038573926423614535,0.0015152974859594965,20
42450774,0.00029292602235509726,0.00042463289862788227,0.0030475267658133967,20
54076185,0.00029201486461282177,0.0011068527631712922,0.12630926542504187,20
132360325,0.0002919014721860236,0.00024495883748510566,1.9158883292555508e-05,20
22023292,0.0002918651850463749,0.0005440018141932064,0.013420145870698378,20
127477803,0.00029183836489788116,0.000300484650702803,0.00017498644040743458,20
19681743,0.00029171600067639527,0.0006512595959434384,0.029815922442977327,20
183815439,0.0002917117263347369,0.0006145601838146386,0.0235673609475434,20
43505561,0.00029053259173727753,0.0005211026051766684,0.011023149210321437,20
129566665,0.00029038679839339665,0.0002415937908055757,1.730894188651971e-05,20
49914048,0.0002903050053444073,0.00021654481339485786,4.533203283449067e-06,20
2061476,0.0002900884632983769,0.0011211216529658284,0.13077454416934983,20
53057019,0.00029004847949577474,0.0003526346260315157,0.0007981899744276042,20
200119,0.00028987218190351384,0.0007255805508147085,0.044981829812487634,20
25128175,0.0002898041399625628,0.000859988434854818,0.07412264159917119,20
31935524,0.0002897122825731957,0.000349782770408931,0.0007527914898468817,20
6996880,0.0002887126916402527,0.0004646771681054341,0.005983840021036342,20
99926425,0.00028868623614816127,0.0004694914131696585,0.006369167579157687,20
145977305,0.0002884251234146984,0.0002853445972739811,0.00011704358473984611,20
32899425,0.0002882597565238759,0.00029861812646079676,0.00018584736718154767,20
77107595,0.000287769984777822,0.0002860520100344708,0.0001228722221628154,20
32367771,0.0002873642035527924,0.00047313213190246657,0.006850464293869731,20
76033004,0.000287319235857364,0.0003209261212123646,0.0003797671581492342,20
33733692,0.00028720164000652917,0.0004131808697569466,0.002891727825297904,20
76184676,0.00028708018153576764,0.002680404519213752,0.3187093623734526,20
125756716,0.0002867564358270125,0.0005664356383911442,0.017733851222192183,20
19821185,0.0002865913772782891,0.0005073135497224611,0.010280874193298768,20
15226640,0.000286441749600444,0.0002784180471230295,9.750682795152624e-05,20
98129191,0.000286402990263504,0.00036336300846384444,0.0011317462120164522,20
154095972,0.00028638624714410197,0.0005120642482242704,0.010843493130362274,20
41497718,0.0002863142253412304,0.0006738101701704136,0.03633900941163577,20
51918228,0.0002862548588906916,0.00043750442378569465,0.004333530254991743,20
85887865,0.0002862108434139976,0.00036829369241118124,0.001266363202507827,20
125184184,0.0002860468866399013,0.00033119130837529003,0.0005243991461783581,20
75818057,0.0002858172930125608,0.0003569743752043795,0.0009970759716706411,20
137229577,0.00028579588710397343,0.0003332201719614327,0.0005576013065191083,20
157384457,0.0002856953444643956,0.0004887636806050973,0.008532128016248103,20
60544150,0.0002846050407118328,0.0006595289230426524,0.0343464112282303,20
80767157,0.0002845175454280702,0.000455724318323898,0.005811686353638816,20
23958266,0.00028441511919748694,0.000689647948389584,0.04039222105149513,20
68911197,0.0002840964646205174,0.001097989624401074,0.13077991935049832,20
134828617,0.00028397662916679334,0.00039481116310676335,0.0022705362422699247,20
155658806,0.0002838271362056805,0.0005454543950766918,0.01558519581429561,20
14431387,0.0002832438688519484,0.0011116043548604524,0.13432281730040635,20
93519812,0.00028313177429490076,0.0003298565156265787,0.0005538027956849592,20
43712390,0.0002830256512420526,0.00040314756673987966,0.0026981533343536125,20
66284399,0.0002829079671199136,0.00048804423942298413,0.008936418356102498,20
136261507,0.00028286278215519656,0.0006234822638638237,0.028357152256737933,20
1464986,0.00028250069546263137,0.0004093961343650266,0.0030411945624723956,20
44452610,0.00028247638219036365,0.0007957457762338414,0.06444720727489288,20
5265914,0.0002822673796702757,0.00043100618794686814,0.0043074430179178835,20
146376980,0.0002820336513741445,0.0003688776863146668,0.0014381381083503977,20
34442898,0.0002819613915144875,0.0003107604933256958,0.00033580033691864004,20
27123832,0.000281734757055202,0.00029495111900688757,0.0002060363282658968,20
23289151,0.00028172605787154246,0.000519013179423152,0.012655411508139109,20
30433267,0.00028065269667764683,0.0007127887085032842,0.04717499553315169,20
60086206,0.0002806475364271588,0.00037902550755471924,0.0018350523175462454,20
127878016,0.0002804231117973288,0.0004825487805444461,0.008813497325781414,20
80081005,0.0002800687315841793,0.0002794881236284856,0.00012787082334114185,20
91456777,0.000280047510781925,0.0004375388076867098,0.004983990860178621,20
151181269,0.0002796685910341656,0.0004633327172085183,0.007103974448837094,20
81483550,0.00027937584301292726,0.0003959514022263554,0.0026043095053512174,20
23865221,0.000279302209421467,0.0004675929404904471,0.007547197225181249,20
97231778,0.00027909054260825126,0.00041408451964436655,0.0035669287487032353,20
12889591,0.00027870353607840627,0.00039671740763594485,0.0026851288836142457,20
30620632,0.00027849720194745296,0.00042489832649427145,0.0042845486195259306,20
95,0.000278286733700675,0.00029095918279815295,0.00020341839756680274,20
10067972,0.000278075302367517,0.0004003847931086664,0.002908471228152519,20
138158607,0.0002780700585164747,0.002253273106452042,0.2937273197698784,20
104910959,0.00027796296067270353,0.0003541182351815231,0.001169797670805781,20
48462986,0.00027789759011919715,0.0007156404751126123,0.04932035364748958,20
91642317,0.0002777218227437539,0.0006123525835042008,0.02839424356394305,20
10671078,0.00027736747885701295,0.0005918853057481771,0.024867078143739577,20
116503846,0.00027729856143597354,0.0005762283938221146,0.02222760147941813,20
110342627,0.0002769133269451635,0.00115695822066581,0.14892726831179562,20
165806965,0.0002768229172533415,0.0006347732621559797,0.03302608738729414,20
15836720,0.00027657334503866096,0.0004045044726082831,0.003238219553707965,20
45952352,0.0002765290518002894,0.0006556984701897816,0.03733557258152693,20
0,0.0002760386813783516,0.0004410447090864665,0.005724335769077524,20
156298421,0.00027601308210260523,0.00042289828875689275,0.004403198314890289,20
19080869,0.0002760106299823567,0.0008520591363855228,0.08186582761451393,20
113902157,0.0002754755450601554,0.00044421124399032173,0.0060524865634975075,20
126945750,0.00027540492504087857,0.0005406351323432821,0.017229469666693847,20
135026706,0.0002753321018868438,0.0010374173762845668,0.12494565395095275,20
42302808,0.00027518542336403274,0.0005869529405301592,0.024818627866833986,20
16873857,0.0002750846328357842,0.00047881442922966926,0.009386873107633696,20
7596972,0.00027504393607420685,0.00042509587819305203,0.004654889002600561,20
2884552,0.00027497927102801965,0.0006524658493385654,0.03742613465927766,20
121137630,0.000274902313894268,0.000730191707766692,0.0543022223765875,20
112337086,0.0002748901147584665,0.0002660738582060332,9.334017002142566e-05,20
10268017,0.00027477074751341426,0.00036180634316716097,0.0015147696013677267,20
5468902,0.00027464938844898865,0.00043402959538196357,0.005350941524624001,20
118410936,0.0002746288008675102,0.0017860165065281322,0.24998723219432867,20
54658696,0.0002746053100879442,0.0005516716129799158,0.019153607171219736,20
70212158,0.0002744322643893765,0.0005101954800937178,0.013248775285698833,20
18489082,0.0002742459749853404,0.0004785576667664612,0.009516616147632535,20
158900185,0.0002740120695515741,0.00028525719305430667,0.00019502865148022237,20
128758855,0.0002738004005985228,0.0003530657129867956,0.0012875003008434673,20
45059112,0.00027345254136676157,0.00027583555497447696,0.00014257688264381218,20
101654292,0.0002731750358365953,0.0003480182408731142,0.0011697898670393195,20
71070527,0.00027289689800939765,0.00038713526719289236,0.0026217536882670177,20
22605557,0.00027261201215984245,0.0005934521823342724,0.02697989748121085,20
16023405,0.0002716410685668358,0.0005874564481716381,0.02626934486754562,20
158986225,0.00027151518899352635,0.0003458388317632069,0.0011680444286752396,20
60144080,0.00027144809108652356,0.0005649049127097429,0.02236918883615664,20
166994085,0.0002711718935833274,0.0003411413347284651,0.0010573202206240581,20
30337208,0.0002710541323110438,0.0006493146009359297,0.03871395107483522,20
22038031,0.0002709877643323561,0.0004140920822813944,0.004328239443940719,20
1210895,0.0002707588377237391,0.0012740021126583408,0.17691006688087108,20
9471792,0.0002705813787341499,0.0002787602454935483,0.00017599716985275133,20
169309503,0.00027048069764038505,0.00033345726986629576,0.0008962701639920025,20
150492978,0.000270346143703043,0.000511608419825229,0.01446621830872525,20
23825734,0.0002703396407702924,0.00031232707069196134,0.0005144529690004013,20
81067449,0.0002699534783941832,0.00023038005386507844,2.3304616304467214e-05,20
11410037,0.00026994367368168295,0.00044186270808382585,0.006618849763445425,20
133859879,0.0002699378030390304,0.00044802654320236755,0.007179604631065373,20
8617560,0.00026973031606138673,0.0004500597040812641,0.007403185929816348,20
32646667,0.0002691685788638293,0.00034719960561915375,0.001290612915711241,20
105203595,0.00026900235225333355,0.0008133344671140736,0.07774933199603967,20
57556414,0.00026868305505552413,0.00044557819900285534,0.007145442385015881,20
105531191,0.00026858887901532456,0.00033190094690346063,0.0009137412971485884,20
11601119,0.00026804348200175907,0.0004529018923103314,0.007955388164021773,20
55139964,0.0002677124070330827,0.0007582701724041227,0.06542961006628747,20
28692738,0.00026771172632316655,0.00031995175943058354,0.0006905550027613167,20
79169265,0.00026714541583069127,0.0003708010218117794,0.002243742902039971,20
23081138,0.0002667269291803581,0.00028812200956200774,0.00027823455689241535,20
63503885,0.00026635103057435496,0.0008931857987452262,0.09905059944125302,20
36372118,0.0002659716584845817,0.00022878756749989486,2.5537254678639963e-05,20
95646751,0.00026565445696932755,0.0003147230447819323,0.0006405707978758097,20
99233987,0.0002653890910650464,0.00048053949136684065,0.01158231144609625,20
98484637,0.00026501605956832653,0.00035995522658594675,0.0019143258376575962,20
101552095,0.00026474404165520714,0.0006460765632685931,0.041294504579786506,20
163191314,0.0002637115151453734,0.00041182292896492555,0.004969370193793129,20
10,0.0002636782064335902,0.00030664736832085375,0.0005452399828858094,20
22263473,0.00026365223650168246,0.0005867023255192953,0.02944121612571682,20
205841152,0.00026344763657761006,0.0005599085397098577,0.02445164808224144,20
96848234,0.0002629937088743428,0.00035489099701012004,0.0018238053696506128,20
66694847,0.0002629744682607238,0.0002570639938606119,0.00010343264249086636,20
55468439,0.0002623635207331915,0.00042170489542817417,0.005935696869873355,20
32246466,0.00026227145143061794,0.0003618150484427347,0.0021462848669687746,20
10838413,0.00026226560157855685,0.0004084976782338509,0.00488855782899451,20
6471567,0.00026204277717148947,0.000542729897371815,0.02191298835613719,20
109160306,0.00026201112651472733,0.00029644843154816015,0.0004268810370650477,20
76418554,0.00026176186383738975,0.0005827254844827272,0.029486653297929592,20
73959773,0.00026146509959339425,0.0006184309780581514,0.037002702167353144,20
102934415,0.00026142727249826023,0.0004373853414753145,0.007519257526018835,20
78244157,0.0002613445470111664,0.00028514932350786075,0.00030571387067256474,20
54210731,0.00026126726337489246,0.00023241562393309942,3.740052697745233e-05,20
14271676,0.0002612088157447873,0.00024983278831418185,8.234405813218178e-05,20
116151707,0.00026081814172793094,0.0016355339912879447,0.24220425989801353,20
864933,0.0002607703680543777,0.0004897345017215109,0.013933608177329415,20
31835268,0.00026069946414781776,0.00038596065924134806,0.003515604278555073,20
126955560,0.00026046286413913545,0.0003113287937018745,0.0006913203728016445,20
59498158,0.0002602013800601488,0.0002616591283916057,0.0001382002563448261,20
111740881,0.0002599600970724536,0.0003889547477023708,0.003771765537106955,20
96,0.00025970984159360275,0.0003798910453283284,0.0032411420853126786,20
32968152,0.00025962533481067027,0.0003986552429879752,0.004465033245086781,20
4870012,0.00025935572716695443,0.0004592336903394144,0.010296639151916769,20
21002004,0.0002592914301409288,0.0005371226005368358,0.02192906924337499,20
157699205,0.00025924528051460006,0.00032118865782021906,0.0009334891480910006,20
88556834,0.0002588929154462544,0.0005418682803438318,0.022923406971241598,20
77278021,0.00025887637256218066,0.0003189889736739033,0.0008925164530584118,20
134363401,0.0002586724342726554,0.0003008317157417487,0.0005453332985703924,20
32497338,0.00025863999225946287,0.0009563639098597524,0.1206625313863408,20
196227630,0.0002585844204027382,0.00036671126377976597,0.002615706977596074,20
38943728,0.0002584854466981701,0.00048002969654687994,0.013177211457731427,20
45047400,0.00025821641534468087,0.000403083410124874,0.00495715347136227,20
240721552,0.00025813427756343765,0.00045457793454498107,0.009999135051184504,20
25234253,0.00025804343967767985,0.0005070264647513372,0.0173043835802221,20
59463836,0.0002578206777999775,0.0003752704256581069,0.0031338900682541383,20
137357725,0.00025756465710168876,0.0006862704958201026,0.054816639099019994,20
126956492,0.00025720337778671056,0.0002872591341623848,0.00037942192783112233,20
50192143,0.0002570723982406986,0.0005538945446990729,0.02587521677816049,20
204239527,0.0002567493463239118,0.0006444899195375306,0.04540376589481892,20
34620512,0.0002566315984712131,0.00029806634516866165,0.0005390737080561592,20
63893394,0.00025662088945832274,0.000615926007380271,0.038977525575688274,20
150172214,0.0002561167533209646,0.0005132157155962066,0.018933859569007918,20
132807034,0.00025473310750876723,0.0008592139743233863,0.10030256363204579,20
23632552,0.00025432409813428705,0.000327191820154036,0.001264221329914807,20
7070462,0.00025426732214999247,0.00034654314280390617,0.001963565899241229,20
75394429,0.00025400538620983795,0.0002641931014539548,0.00019332841754201148,20
93325422,0.0002539731606341633,0.0005612511193252203,0.028648267703400242,20
44853352,0.0002539061091191341,0.0005507612927845497,0.026593212967812235,20
156798444,0.0002536664673868122,0.0008497596056115026,0.09882615087608645,20
45507305,0.0002535104278030637,0.0005094614326381868,0.01918220683431476,20
70488854,0.0002534788991751996,0.0003918783151695382,0.004663381930277842,20
18826500,0.0002534489945005908,0.00023329838706692856,5.45783135170659e-05,20
166193114,0.00025342843437305417,0.0010242616790256242,0.1411574799605328,20
101952506,0.00025313090951430974,0.00037360116668312644,0.00344356897355548,20
18883099,0.00025308169004855107,0.00047455603725819474,0.013826825116637563,20
143885372,0.0002527258901087015,0.001380776779182052,0.21159771187138265,20
24626198,0.0002522291815754335,0.0008570026930769796,0.10187975696792333,20
130959296,0.0002521515270981295,0.00044161782660393894,0.009707880044813173,20
50806840,0.0002516963933420463,0.00028131752367392405,0.00038200774542384306,20
162394576,0.00025154307065858306,0.0005405397196877475,0.02559430891346565,20
55658836,0.00025141641751871835,0.00041928676396560047,0.007381291985238332,20
104718523,0.00025132316037316805,0.000469347198590454,0.013550696902556855,20
44845008,0.0002513068996499807,0.00048340102175118863,0.015653805991664053,20
18029810,0.00025112729775446927,0.00031549676996610315,0.001045795886713608,20
39575264,0.00025111627365081155,0.00046065364947754346,0.012384096814087298,20
12272589,0.00025088391098098404,0.00041368230968093873,0.0069103233240372045,20
121087682,0.00025083433555068426,0.0005652922485199246,0.030922547985455406,20
41059147,0.0002507030376533992,0.0005910643771461204,0.03657549778583497,20
5014377,0.0002506892282326062,0.00033452182263303526,0.0016766172949350066,20
27090719,0.00025068318511533015,0.0003329555715181804,0.0016182714057232223,20
44206215,0.00025012700595974935,0.00047232720205975373,0.014314504955965906,20
72414705,0.0002498698366340035,0.000207093341961525,1.654582556805993e-05,20
37480553,0.00024962709071603694,0.00027226525284134383,0.0003046719132048211,20
61126752,0.0002494996014338474,0.0004908063010768635,0.017397589658925752,20
22463544,0.00024932618425617945,0.0003485573005754055,0.002362600194541564,20
167808253,0.00024915898231767374,0.0003752071608528957,0.003935521344886637,20
82802203,0.000249003530828254,0.0005118033647875519,0.021198290070605436,20
121110521,0.00024879006108407544,0.0003845692770386773,0.0046587549029094115,20
61858098,0.0002482428737561465,0.0005601139472775049,0.031063237709037506,20
170611023,0.0002481362079128302,0.002294156528742684,0.3170609474169886,20
78690509,0.00024798105303232564,0.0003450339809870899,0.0022832647121321225,20
181011435,0.0002478942845494575,0.0004360558101179587,0.009938934692126599,20
5,0.0002464536844732107,0.0005964937600594256,0.04013367547842904,20
98639674,0.00024642622181839937,0.000404209499681084,0.0067008382336837015,20
18827165,0.00024636513697893494,0.00043800354902726523,0.010521414999760094,20
121873143,0.00024609061158433756,0.0018495497262005628,0.2794198027164231,20
5596138,0.00024599564242964723,0.0004804857055448675,0.016830497100971897,20
174407185,0.0002458706553770423,0.00038968219481154816,0.005447835521643272,20
147851270,0.00024582532922965696,0.0005500769955066286,0.030084777951448816,20
40137437,0.0002456265901087884,0.0005716347173487885,0.034890035972823044,20
216871444,0.00024513540397809176,0.0002722513852530894,0.00036041730834771783,20
99686265,0.00024509679010259466,0.0004844299791161516,0.017782119986162012,20
105199555,0.0002449933281740868,0.0004115952718588275,0.007700403365427474,20
9069336,0.00024488147423271377,0.0005188663754446072,0.02414225296913929,20
12021001,0.0002445142468485817,0.000827322949373674,0.10097555172807408,20
25631015,0.00024414109481609716,0.0002828323509129367,0.0005270301595619861,20
24287468,0.00024393443860309117,0.0004265918772835465,0.009629927408055896,20
38035082,0.000243614043655227,0.0022981800257235122,0.3204297212270296,20
55353984,0.00024360782242661695,0.0007390855453187859,0.07842259521311452,20
36715788,0.00024336121253032417,0.0005321088451312346,0.027460857122767402,20
96122615,0.00024315685616561056,0.0006007768505639087,0.04306806019946292,20
75304870,0.0002431097233708851,0.00039992125301895027,0.0068155737951189,20
130548484,0.0002430242332809779,0.00037551950350972127,0.004647952406838951,20
87109589,0.00024291153589381942,0.0003840742382278005,0.005368201008371121,20
56068714,0.00024267209379728316,0.0007897428425033535,0.0926875387070774,20
226286416,0.00024263842414126436,0.00039441633695357406,0.006351153688906059,20
137964269,0.00024238204330692404,0.0004406444638703695,0.011825102657649888,20
153257636,0.0002422896605087016,0.0005410637962950373,0.029847930761761957,20
460878,0.00024164860278720336,0.0002460086779396096,0.00015637307949069724,20
156459856,0.00024139891937594303,0.0003216624669849504,0.0016584828129219676,20
34295284,0.00024106169864206994,0.00040210084786414355,0.007390055033670775,20
5817259,0.00024103239946073328,0.0003868452076353744,0.005882675020372502,20
45064206,0.0002405975418804551,0.0004998386808333134,0.02220374553384301,20
129759093,0.0002405249727445935,0.0002612597126763778,0.00029312764632604787,20
122125418,0.00024019925558219356,0.00042917291637414217,0.010802517958045307,20
5415344,0.00024003411819161491,0.00028538037672808407,0.0006603968959894653,20
208662192,0.00023962881740094145,0.00042307858305119436,0.0101385132916789,20
33300792,0.0002396022648647772,0.0016392890510048344,0.26058272921633985,20
89006917,0.00023958289550712054,0.0003717646815433132,0.004773754428375359,20
80066582,0.00023957548931652362,0.0006305900641667343,0.05281094790903721,20
97632245,0.00023929757167807375,0.0006935833860916968,0.06966621553708743,20
56646809,0.0002392093232984116,0.0002731914816853604,0.00046428962389265043,20
169000768,0.00023868969871217727,0.00035087480348356244,0.003351595965495151,20
2001299,0.0002386811649344567,0.0002739342206481429,0.00048514752677643064,20
19885192,0.0002386530380602575,0.0004044316794625719,0.008089298742733163,20
24889730,0.00023796365440345024,0.00025093291247748196,0.0002209969924704043,20
177607116,0.00023785459841824675,0.00037017208630793226,0.004863378229506407,20
19955047,0.00023750526547354766,0.0006290657483782111,0.05383378400276056,20
125356463,0.00023747955397054044,0.00029346866259454386,0.0009140020522328841,20
19513337,0.0002372483994443647,0.00026719967490066484,0.0004094834860274882,20
59202435,0.00023712822664885834,0.0005399262005035621,0.03215931001192211,20
136830143,0.00023700609388579709,0.0003531345276382351,0.0036688825202775897,20
85423279,0.0002369113091623465,0.00048515440120652597,0.02085827402008378,20
3812814,0.00023687346506618968,0.00039875080278116865,0.007788924505326358,20
34857022,0.00023643757342147186,0.0005973302312107015,0.046371343650365424,20
64423309,0.00023632213796450084,0.00040603019871774033,0.008737961253568622,20
35329480,0.00023629503839786846,0.0004357473713285866,0.012718860349738,20
170075400,0.00023621034762250637,0.0002579783495067573,0.00030852825377902565,20
810722,0.00023606652737532264,0.0005593954635148082,0.03724991408980723,20
149453450,0.00023601973652869756,0.0004276204985513269,0.011618893391358706,20
49449156,0.00023586619285742572,0.00017360666489634835,3.822500778421662e-06,20
460466,0.00023576142527484688,0.00040045189515059733,0.00819511501220893,20
107843460,0.0002357398742492911,0.0004478823559565847,0.014747214086856572,20
18880785,0.00023569313042264283,0.0002517732621979138,0.0002502416853842805,20
8817257,0.0002356248525440141,0.00032370419982455064,0.0020820242423278527,20
146136164,0.00023558530873096228,0.0007073753738961344,0.07639649586166664,20
186430061,0.00023539898296881246,0.00029690732544568793,0.0010796830598982141,20
93706001,0.00023506916760452634,0.0008599975738047856,0.11825218752900185,20
32694686,0.0002348363098236328,0.00046406556865353447,0.017767159825070777,20
4604030,0.00023480829141376837,0.000398914765434166,0.008204598081432628,20
132350880,0.00023444499307338497,0.0003868355599049614,0.006937516984942529,20
184216388,0.00023442146057699176,0.0004738329556912511,0.019686766699447297,20
98903394,0.00023441389240874965,0.0002482699517728566,0.00023049538589745363,20
94681174,0.0002338495221018727,0.0007714300283896003,0.09554979017364536,20
76897385,0.0002331703039051003,0.0007708229800731281,0.09599993990519962,20
76345018,0.00023302392526206305,0.0004312853671739383,0.012955276231905432,20
82302551,0.00023298470960749496,0.0004006242392465259,0.008777812655514201,20
56083871,0.00023297667928873778,0.0004847131122814132,0.022343488303826316,20
31296409,0.00023277111179095255,0.00038843782283908137,0.007408307977323623,20
49,0.00023266057706657905,0.0005743179159529881,0.042935400320526694,20
60064225,0.00023254387079257866,0.0005778579698188439,0.04390509620638588,20
35304934,0.0002324687505704137,0.001067718243865455,0.17122119230227328,20
18889702,0.00023160091887274581,0.0004658762488736597,0.019264884875995363,20
32131897,0.00023155099557042036,0.0004135989699200033,0.010785741339523435,20
233514934,0.0002314847369638884,0.0004948606265291566,0.025052407472024613,20
151140870,0.00023141875603045203,0.002019791651509515,0.30713899951536167,20
188421362,0.0002314093256329919,0.0007002377764103216,0.07790793403008625,20
146536229,0.00023134296156932798,0.0005317695093377606,0.033326456891453984,20
9418277,0.00023115172152366747,0.0005317133054572405,0.03341634852607641,20
162789957,0.00023044875152599398,0.00038868650813198686,0.007875229440559814,20
168996624,0.0002300403593223338,0.0002724972682220736,0.0006398936633802661,20
3812539,0.00023003844060919543,0.00045091580574838856,0.01711208215934089,20
63074236,0.00022969772336004502,0.0005824505817949722,0.04693269582091204,20
135955800,0.00022964423380793798,0.0002896126517896238,0.0010785950548853653,20
140265434,0.00022869577234286287,0.00042558878310712176,0.013314669634742371,20
88699174,0.00022829073996758764,0.00039211407620396793,0.008723461501917638,20
93244027,0.0002282295460859757,0.00027259357878856955,0.0006868539750528614,20
77195971,0.00022819299303430962,0.0004876017693149693,0.025005288408148835,20
9287478,0.000227719419477454,0.00037676529591894515,0.007049045188467211,20
12622568,0.00022771033093826887,0.00033067422649811593,0.0030844402129069845,20
41503331,0.00022727929246471045,0.0003426243211239238,0.0039631721997141585,20
127189344,0.0002268325847769176,0.00037669778351528835,0.00720341305879028,20
66692433,0.00022667202926953957,0.00031645830805417666,0.002339766085231668,20
133482446,0.00022633628002194928,0.00030500703613748725,0.0018052533474866319,20
53739281,0.00022617220418914564,0.0005028712824527897,0.029343551832967087,20
130559690,0.00022593704608134813,0.0005360235468039576,0.03740723538092075,20
140631272,0.00022570901849582604,0.00037916994348364847,0.007697247149624041,20
90693537,0.00022525839131479208,0.00035302863398154556,0.005081458814558696,20
35077059,0.0002252470326460837,0.00040596302621575484,0.0113056088780346,20
84203322,0.00022516773274647295,0.0003737640246208882,0.007184533365909549,20
75888143,0.0002251054591514562,0.00045711330285275485,0.020096981570410188,20
46927815,0.00022454789212328352,0.0012063124850128235,0.20774498350596615,20
123179715,0.0002243498781556358,0.0013505055481786309,0.23330739325106953,20
39136756,0.00022426552492816888,0.00047536222941983844,0.024180121468180354,20
56854016,0.0002240960075897691,0.0002565064397740246,0.0004736969786321198,20
71358495,0.00022340477619327558,0.0005063918054378694,0.03161350752363896,20
185618884,0.00022336347492397658,0.00036738896671103784,0.006810208470844178,20
72780830,0.00022324698029076162,0.0005915640559370336,0.05390695358558555,20
177084422,0.00022312339897878896,0.000394610946136869,0.010231714250563437,20
118669178,0.00022255261560687466,0.00040481064598072445,0.011857631410251056,20
17875194,0.00022255124409093773,0.0007308212387496656,0.09458542027416285,20
63059865,0.00022254660289984795,0.0004297854567067369,0.01595366113830551,20
65091031,0.00022240245998656204,0.0007643895873773492,0.10437651188887649,20
16224134,0.00022212278431276155,0.0003692979362303487,0.007251308696438212,20
862933,0.000221587498966902,0.0001779392802594698,1.1332747298515103e-05,20
83908464,0.00022156481758343893,0.0005645570593137437,0.04767480105774161,20
24289452,0.00022111680265382295,0.0004040509528079895,0.012140926138675925,20
57267406,0.0002207998387876553,0.0003388209242447132,0.00444669217511123,20
72501356,0.00022077598373188289,0.0002742098288010993,0.0009527611556736841,20
72013797,0.00022069168405213502,0.0012373427564935514,0.2174656487680356,20
73638788,0.00022031642454030942,0.0004782173951649135,0.026664821182693074,20
26028885,0.00022030311673462976,0.00033883163792753257,0.0045121863201430315,20
75832975,0.00022000670085329244,0.00031051956938576324,0.0025290663360132792,20
38440653,0.0002197253635239954,0.00016937129680444875,6.8561255308063664e-06,20
71500166,0.00021930135949419782,0.0004153488651374703,0.014523986028871163,20
52445279,0.0002192730614231142,0.00022086233245852057,0.0001405005623759587,20
95282331,0.00021913772413112987,0.0006078652241188001,0.06170030296677609,20
41,0.00021882679969265905,0.00033506587217005406,0.004385216345577613,20
18884606,0.0002186836185881169,0.0008189359625170137,0.12354588585034244,20
124742610,0.0002186805613713122,0.0004436240664048194,0.02000813193319507,20
87511501,0.0002185981188867564,0.00030047481861959806,0.0020902620128997024,20
63460918,0.00021852188535790296,0.0003624651981687268,0.007153839327962941,20
120354240,0.00021842478489003946,0.0003170762300064062,0.0030768601583936774,20
206459857,0.00021835245587107922,0.0003758958596824424,0.008834000176653955,20
101527484,0.0002179579217793881,0.0007670264276980403,0.10956975193757885,20
4669675,0.00021774079390542432,0.0004201513098306263,0.01588999937993954,20
26322800,0.0002177367093621485,0.0005654175884616497,0.05063875706841791,20
92042416,0.00021766743185033522,0.0004834656874263686,0.02922586223411313,20
132560452,0.00021751302823680985,0.0004817837448732516,0.02890889437449898,20
53319203,0.00021735504040514553,0.0007171346236999761,0.0955844146558372,20
121324768,0.00021712676045600732,0.0004638919705970688,0.024991117970793272,20
119936272,0.00021712554853347833,0.0009544661408105112,0.1608864683819914,20
18224619,0.00021655777193555493,0.00028270815456382333,0.0014173326582649012,20
96637989,0.0002165541324798931,0.0004598739006302946,0.02436943675361378,20
169610232,0.0002164958618204288,0.00045757034956882503,0.023889051157448736,20
1411905,0.00021638070745369498,0.00021250201083037993,0.00010852091480165307,20
217071533,0.00021637036438743872,0.0003664895848918144,0.008066742631182795,20
78303151,0.00021611292149732454,0.0002794347820225724,0.0013152176783708964,20
94739161,0.00021574910061665785,0.0003168939064893659,0.0033332016196829634,20
84894838,0.0002153711103090178,0.0003910300330504225,0.011745909750019925,20
44706790,0.00021536351394658705,0.0003765115967588118,0.009613897582138979,20
50157622,0.00021536290183239438,0.0004875048035416244,0.03145115242792687,20
16476352,0.00021531153617212196,0.0005462046919789855,0.04699792537976494,20
18284519,0.00021523126386384096,0.0003620853280227314,0.007760360019000832,20
63060163,0.0002146324396118532,0.0015013626736986333,0.265120985972285,20
116145923,0.00021459740086572087,0.0003096631977325691,0.002952808804767824,20
91516316,0.0002145707707314287,0.0005575621042132341,0.050743149785997525,20
119469919,0.00021457069468133194,0.0007660714113011753,0.11277304194331712,20
29070597,0.00021427758091479288,0.00018165016027630527,2.1567871113018652e-05,20
148051353,0.00021400691291635355,0.00034871703035789156,0.0064432802444812495,20
69667660,0.00021399082559037108,0.0002551319408215931,0.0006764677146299748,20
74281407,0.00021394814035362308,0.00021701898232188107,0.00015079252765149632,20
8217341,0.00021387108340327753,0.0002750316414605577,0.0012599975492325033,20
32697272,0.0002135613914568124,0.00048777404824206937,0.03253778882892707,20
101927667,0.00021329209253704852,0.000576034190860793,0.05707966549573418,20
93341384,0.000213275042511199,0.0003163083017556303,0.0035574292757797037,20
88,0.00021305171519986067,0.0003933606564897524,0.012796967371826767,20
114550266,0.00021294714867956254,0.00035855992903661743,0.007799649146994793,20
138967017,0.00021289216887057373,0.0003488916786393931,0.006665545036427535,20
117267884,0.00021267318444537496,0.0004514748014838381,0.024333957449731016,20
98112974,0.00021264105777167586,0.00015964170918406428,4.920977146672262e-06,20
4995942,0.00021260350354421754,0.0004247929408783781,0.018687458137866802,20
70978662,0.00021256932939472674,0.0004954509759947817,0.03508411501149109,20
165268406,0.0002125012416090921,0.000830419029659653,0.1333345950081249,20
38299804,0.00021240211198915449,0.0005392694354971002,0.04712409551274432,20
4066398,0.00021229514210769352,0.0004373408413701083,0.021408463227815686,20
188221282,0.00021212393621143633,0.00033285951177553153,0.0051212166058135335,20
41254895,0.00021198323215449456,0.00025968978795834946,0.0008504466570028077,20
121176445,0.00021192731236327754,0.0005390752475359365,0.04741151880538311,20
179209674,0.00021186122622487424,0.00025889190253072477,0.0008329182756359302,20
173003387,0.0002117230417557625,0.0005955739605524882,0.06418874593587362,20
93698699,0.00021132856573686243,0.0005528569232793801,0.05182369370350235,20
116321240,0.00021126348937529905,0.0002863166794699456,0.001883356866737138,20
100927399,0.0002110943047114261,0.0005214892116060027,0.04304871707660254,20
136756670,0.00021051179218544713,0.0004866481326598895,0.03403976527690531,20
45807376,0.0002101184177982246,0.0004137907132235161,0.017486276855942513,20
134763547,0.00021005612382106464,0.00025358586207081,0.0007521796626192304,20
170801043,0.00021003695887121808,0.00045193089046519227,0.025730346444292472,20
60299129,0.00020997087675586889,0.00027966279725951987,0.0016530082307988911,20
118349422,0.00020951628466001347,0.0004684629246407767,0.029993622798071863,20
37306245,0.00020940379710342183,0.000468094196771659,0.02996445694103366,20
61087371,0.00020935362204434205,0.0003139325185864918,0.0038274285616367284,20
96231048,0.00020924856749631737,0.0003761879442452106,0.011158933050493054,20
15613384,0.0002092026181633705,0.0007012302243106153,0.09895479616551134,20
139880223,0.00020906877063496532,0.0002842414398863251,0.0019281581757107705,20
155586913,0.00020903647921064473,0.0006231612468193143,0.07500411321673348,20
50949615,0.00020889834428590713,0.0003440819985731938,0.006866882975877669,20
118148529,0.00020877655291693108,0.0004840140809873134,0.03440048450149217,20
112300774,0.00020853746747520052,0.0004220686187073621,0.019802723883317854,20
40826634,0.00020845830872507075,0.00036201086897955683,0.00926954057815967,20
20040619,0.00020844547805377867,0.0006754448602144274,0.09178666670830576,20
138393137,0.00020813796574326027,0.00035906581652358897,0.008937412715157455,20
93644159,0.00020807916678323434,0.0003467839009879457,0.007353151104247645,20
216097094,0.0002076777320155293,0.00057038125973271,0.059962947804354357,20
104198108,0.00020756431427970679,0.0006472396682947325,0.08388811133210719,20
48911866,0.00020752696032512176,0.0003560437079852275,0.00866829289553127,20
26648033,0.00020748710028508922,0.0003246239852318394,0.005027649867773215,20
180210791,0.0002073627493988345,0.000294744601924241,0.0026581722412195702,20
42650857,0.00020725390112419917,0.00024253760634157387,0.0005758617443817718,20
121151535,0.00020709821932512752,0.00028390247978548965,0.0020494593304829817,20
53119099,0.0002068500627887576,0.0003307065055221102,0.005746420827865215,20
68733328,0.00020667373213508755,0.0005748079787200259,0.062166413522451905,20
186219808,0.00020656751306382393,0.0005351361216677583,0.050260513640695066,20
128346861,0.00020643031262453925,0.00048320060172607395,0.035635435906507015,20
15036327,0.0002064286703598095,0.0004513690255108614,0.027464056177721016,20
410389,0.00020632955670926156,0.00045379999615313666,0.02811319030164755,20
78644250,0.00020619461926067728,0.0003328331128146816,0.006089758128892736,20
126184880,0.0002059250274377894,0.0004702653444284394,0.03252024878052477,20
69677738,0.00020588245287272712,0.00030941019058407796,0.0038835252102989077,20
184817655,0.00020583066185610177,0.0004941673534971273,0.03901773226845559,20
25808060,0.0002057189936496867,0.0010046797243397107,0.18564572156007492,20
69797291,0.00020568954633691516,0.0006431154642561976,0.08443040241434346,20
82515337,0.00020558347061200855,0.0016592698083572825,0.29298765350817185,20
224682759,0.00020555492449793046,0.00037974971109547615,0.012836276152576251,20
5804545,0.00020549339767742813,0.00030607833759211094,0.0036606952627454754,20
45450469,0.0002054202005210448,0.00045686295107446576,0.029376685099044487,20
97684186,0.00020504160224912583,0.0007843639533945835,0.12841757901196202,20
138959151,0.0002048894245421068,0.00038099432872314983,0.013263679373673776,20
99149404,0.00020481798837253818,0.000513794118417361,0.04530535920732672,20
31494202,0.00020470813138776244,0.00027436999501684274,0.0017332845270613755,20
20004068,0.00020470484408768587,0.00037828968811212606,0.012855213179864464,20
29419740,0.00020453593285963133,0.00037673124104500264,0.012642220496927066,20
27089886,0.00020448047436885108,0.00047296652100362524,0.03410950929909046,20
210092916,0.00020438642292299746,0.0002748599243447435,0.0017775595411847124,20
178408795,0.00020437111544381603,0.0004673344915326519,0.03268271983785479,20
29494141,0.00020419091401934763,0.00047194694138564386,0.03401598646565071,20
29438655,0.00020396357019467626,0.0004127216834966196,0.01978354626014793,20
122952993,0.00020385714369467456,0.00031278704992542824,0.00444350008611809,20
4267730,0.00020336417503006576,0.00030550556685605317,0.003873501998268486,20
108960273,0.00020325810891471397,0.00036002286302349505,0.010314926077889149,20
58285787,0.0002031959583370574,0.00039323101378401697,0.016111833022313567,20
34,0.00020302742910890403,0.0004562922312643583,0.03059600716752063,20
31841056,0.00020272646507489556,0.00032793938735804957,0.006168981695995497,20
2263913,0.0002026975248765106,0.0003057090729938546,0.003975239501496793,20
123074371,0.00020267300287771516,0.0002849504242690711,0.0024604963543966287,20
88914639,0.00020260506956997493,0.0003700702237199537,0.012115084750443327,20
48146508,0.00020245273608413827,0.00021886739201905833,0.0002803477163514935,20
111516808,0.00020212676534020203,0.00028764568133486125,0.002680585583685059,20
110846248,0.00020207463588297613,0.00046810265783266163,0.03429912041956166,20
73680124,0.00020158651025006525,0.0009450103467016594,0.17603676509128396,20
24759510,0.00020155849872187937,0.000486393195116859,0.03972282573556203,20
11675505,0.00020151327781089967,0.0005152144417586178,0.04819957147248263,20
58215702,0.0002013697282170962,0.0004623176212772164,0.03317731874259428,20
75240194,0.00020113065592107792,0.0002139190764584279,0.00024002405640498008,20
8666804,0.0002009450198612095,0.0003998217320700516,0.018334583492347623,20
67095264,0.00020078426428415952,0.0002210971700255636,0.0003330684583490805,20
13671183,0.00020048838529306833,0.000285707221343541,0.0027066081194184236,20
57656839,0.00020040455254457802,0.0006263494265577444,0.08435224020441101,20
95281804,0.00020033893224782607,0.00039380626565830126,0.017337632383725102,20
87930831,0.00020024872052066823,0.0004931960223367844,0.0426091088520409,20
5814813,0.00019996172610489137,0.0004885344658212167,0.04145475221813287,20
36622105,0.00019980504816563273,0.0008541843901942925,0.15432261739860065,20
56255724,0.00019966332317550018,0.00033277695996039065,0.007355560963155426,20
139664598,0.00019961185406964233,0.00020161999437235653,0.00014450379435808152,20
27032332,0.0001994556629989347,0.00035794356874203074,0.011055149433875257,20
114050658,0.00019943183367215068,0.000511640094624688,0.04873053235889862,20
44906746,0.00019905461733562557,0.00028886266029761,0.003069936793756019,20
168800490,0.00019897532626203253,0.0003710465904568013,0.013452735544893537,20
51054154,0.00019887967550343276,0.0015619146133088655,0.2878642948642062,20
182615103,0.00019881076569875367,0.0002912144981287644,0.003271816186138312,20
161463956,0.00019857112606160298,0.000469396617872722,0.03692520723855165,20
75543599,0.00019837158250423926,0.0007047749513999605,0.11168159317602198,20
210064119,0.0001982842916793598,0.00041844560095653885,0.023737345334337336,20
3214668,0.00019827340737767484,0.00042470139286270833,0.025257877923928324,20
85804696,0.0001979952589607259,0.0005522827063037745,0.06268400756742538,20
53666823,0.00019786861955092827,0.0004731825006143658,0.03847960869631314,20
65053999,0.00019782236617638672,0.000183453514238286,5.917452730407047e-05,20
27892705,0.00019762566953998584,0.0003004825487512904,0.004190589231452773,20
129747902,0.00019748272560750623,0.0003907258170831343,0.01786711977538185,20
32023286,0.00019742030561648304,0.0006107655729302804,0.08229874860286572,20
57295864,0.00019741329353162307,0.00040216416579406196,0.02038392235412491,20
15873288,0.0001970576892885545,0.00030140335752708324,0.004354472856515968,20
35499043,0.0001970127563778401,0.0003490112045065104,0.010322894928262579,20
161994537,0.0001969960941787502,0.0012763289668310431,0.24918961334673345,20
38644879,0.0001966995067451377,0.0011680353744831012,0.23030524693732846,20
94944307,0.00019668255513171363,0.0005632855905791679,0.06744977278981279,20
103997796,0.000196679841965558,0.00035822493100231347,0.011939012969351437,20
68511137,0.0001965313084095699,0.0002968724732259345,0.004016068211293364,20
91441673,0.00019622438524553588,0.0004369760169116683,0.029525680212252898,20
68473380,0.00019612646631290975,0.000509329166599672,0.05064779317841858,20
195827205,0.00019602351289892128,0.0006780747979450188,0.1057831547757733,20
86224202,0.00019597912091439407,0.00042584313034011606,0.02677969936889818,20
25685359,0.00019593392306944125,0.00022801309609796994,0.000548391342006903,20
103735338,0.0001959113975147614,0.00041890795977365773,0.025075889841565405,20
243924743,0.00019581283800208517,0.0005015459299954699,0.04847977787142156,20
51358164,0.00019580661997843364,0.00035628342958350596,0.011878621222990339,20
4195409,0.00019571951818428412,0.0003712787189199758,0.014637692287895252,20
27129355,0.00019562310926669047,0.00034305816057514816,0.009776208254307962,20
90878676,0.00019544547409196256,0.0005160313548634434,0.05331606362142779,20
97484462,0.0001953703767602344,0.0004802048663568868,0.04231660967576484,20
183413886,0.0001953472538073181,0.0003112429427588999,0.005626924473900766,20
182814131,0.0001949852049896339,0.00031326351727517125,0.005919419548013638,20
165068288,0.00019480854910532418,0.00032255054599144575,0.007079290882699846,20
17481948,0.0001947755740039858,0.0003451159263990989,0.010333746188109961,20
29493331,0.00019476681585838261,0.00039102261831782385,0.019097045489534854,20
70177955,0.00019454408157737468,0.00040561416827043204,0.022548060908656287,20
29668408,0.00019444426385755164,0.00040662875575053076,0.022840169054360787,20
105845361,0.00019440761288953834,0.0002088088957929265,0.0002636138287987645,20
151493818,0.00019398070297775848,0.0002899358668522531,0.003746052631269889,20
17624482,0.00019396171784648864,0.00042799203267196396,0.028479318033110754,20
30644135,0.00019373182321169303,0.0006987048482261218,0.11503568539053315,20
81693768,0.00019370934781173799,0.000773885207257102,0.1384588804565893,20
53,0.00019339951463159255,0.0003880365170953141,0.019043588889832992,20
48669113,0.00019330824297787984,0.0004911854831429696,0.04724669277293569,20
17223916,0.00019296341318215393,0.0003448346099621674,0.010812397932295976,20
82084646,0.00019282410314805653,0.0006123176193200123,0.08759575034802775,20
159701456,0.00019275866339903412,0.00029537320963136384,0.00440651642258245,20
41539558,0.00019269096154605204,0.0003349431579755064,0.009317274081077754,20
86493701,0.00019248308705398787,0.0004746091056267042,0.04277334101279801,20
138566818,0.0001924763841464755,0.0003280662686612677,0.008356636689097953,20
2663635,0.000192299790319031,0.000431310897472761,0.03035836393491217,20
11172141,0.00019221236063919067,0.0014833634705533644,0.28453209999533363,20
95186490,0.00019220840892902047,0.00035102024230211485,0.012104497391374529,20
73260377,0.00019220298599660347,0.00038668259730980395,0.01927770406173309,20
99485426,0.00019207337732502495,0.0003033786057227236,0.0053339846748705864,20
71430355,0.00019203998415247837,0.0002462779415382616,0.0012328696135539472,20
101722577,0.0001920129977902002,0.0005381310836043371,0.06352480720947994,20
103152975,0.00019159847949937469,0.0005948797672980965,0.08301757347172847,20
74215847,0.00019071286394209408,0.0007957901423924047,0.14862727434648398,20
113718614,0.00019059898195092074,0.0008367831775967247,0.160584087093606,20
40945786,0.00019059219051367204,0.0011797654832710446,0.23940001622952772,20
112211032,0.00019057885420637743,0.0004973985846194164,0.05144463915733421,20
113766510,0.0001904938974253506,0.000419557655956134,0.028269834960169025,20
84293477,0.0001902313096978303,0.0010807167312937456,0.22043726349123755,20
151777414,0.00019010242236678075,0.0004403281836926406,0.03428730980762477,20
96186988,0.00019007796144894783,0.0006323666342382835,0.09735062321879474,20
88957967,0.00019002540408601665,0.00041175090805563227,0.02647737140885755,20
96831615,0.00019002242863185026,0.0005765764664672026,0.07844457680553006,20
13623535,0.00018987516890487944,0.0003305570429300939,0.009396008411579051,20
151374545,0.00018945834312650845,0.0003731790459015023,0.017502490040103184,20
49436751,0.0001893022029418795,0.0014558276438269475,0.2838646611811519,20
76162177,0.00018927242273112933,0.0004666332848651549,0.042754986561404924,20
150180430,0.00018902689396324833,0.0006017033056239203,0.0880898335638443,20
153342987,0.00018890688412214195,0.0005425050732476924,0.06795566488115873,20
17099258,0.0001886204655417889,0.0005854785076091352,0.08296430900903078,20
31644947,0.00018850116378985038,0.0004480277521598832,0.03765218915748106,20
41546395,0.00018841429844950464,0.0004390809758264235,0.035063601660554666,20
47866802,0.0001883435773042591,0.0005641427709422899,0.07592114431095663,20
103531991,0.0001881743499626498,0.00014057629946330886,4.621499709834496e-06,20
34837076,0.00018812452207264961,0.0004378191400016726,0.034891839976777334,20
63067394,0.00018811966536667334,0.0002364083901760619,0.0010482864422566862,20
123742029,0.00018809963997146184,0.00034816499141280014,0.012960224387754215,20
99834220,0.00018799383363414524,0.00042094478538448957,0.030161368827818665,20
41241722,0.00018792094288744288,0.00046907461561241824,0.04456735810448147,20
108140032,0.00018786945972404655,0.0007652295903215994,0.14297473870142283,20
115768926,0.0001877956004181336,0.0005883821441855495,0.08484929227544574,20
79090327,0.00018776636113290447,0.00031547163529875767,0.007703081725160332,20
115568617,0.00018776577679760763,0.0005417914329816399,0.06883304567143017,20
83507794,0.00018756448651807977,0.0003624012552692679,0.015990096984289076,20
182413897,0.0001874221965273676,0.0004323039219510467,0.033758553962856444,20
1665272,0.000187115166720625,0.00039249873589833703,0.02313899920151852,20
12870334,0.00018711069526707312,0.00039889155210272146,0.024766103040865205,20
92117116,0.00018704773246392136,0.0003136716574584258,0.007620280684922538,20
74593134,0.00018703891155250895,0.00033209697750005625,0.01044882395360669,20
78503270,0.00018702467277024182,0.0002542895508316615,0.0019291903389587013,20
212494010,0.0001868374236126097,0.0007582341741288855,0.14211624359046351,20
209486770,0.0001865863938195017,0.00022764756640936276,0.0008220453384844833,20
45850809,0.0001865357264194567,0.0004944908968682967,0.05397514028385582,20
22436142,0.0001864374693856613,0.0004571085907214481,0.04195947882331588,20
82821908,0.00018642374076223157,0.0004994807515191516,0.05574030161150277,20
46246025,0.00018634196417359196,0.0004575602785189239,0.042174361736443164,20
52350956,0.00018628990123596145,0.0002813786127705474,0.004013867775690387,20
60945015,0.00018612600098183717,0.000290720836416779,0.004975667786845883,20
16032193,0.00018608092392098375,0.0003985478612926169,0.025248141145248947,20
8274040,0.00018597317178025986,0.00040268101640668385,0.02640021179212982,20
109915352,0.000185957661938016,0.0005702541455264776,0.080539156900429,20
155972672,0.00018572143157364885,0.000228807781983684,0.0008912523782235027,20
166994225,0.00018549123797645118,0.0005644698700314235,0.07901815072318993,20
99125956,0.0001854877810787109,0.00044297710424322207,0.03829653184023279,20
104736394,0.00018538938547867645,0.0005029381837344148,0.05784505401460721,20
186418537,0.00018491824788166578,0.000483658429468227,0.05178828333471501,20
233891869,0.0001847302297745518,0.0004057871889979937,0.027973744651397098,20
29431338,0.00018470135147679868,0.00027726388959617524,0.003854673818101679,20
103729657,0.0001846219591937842,0.0005600516667785573,0.07839601369512482,20
99434172,0.00018459596063990502,0.00046605198240520063,0.04627173104268324,20
127116942,0.0001844607802640036,0.0003405541934586274,0.012793439462721169,20
34854171,0.00018424810489236777,0.0005931145533002913,0.09041299153132518,20
34296022,0.00018417544660497275,0.00036094440523975964,0.017096205650077374,20
111144317,0.0001841361830653615,0.0001927528343777478,0.00020581480086668847,20
139167069,0.00018357058622614497,0.0005447712846871645,0.07413284018981545,20
140065292,0.00018330197291973327,0.0004593075621478618,0.04513875710631107,20
85316978,0.0001832508165361818,0.0007933426666774676,0.15728727564682943,20
174007048,0.00018318273789715288,0.0005943460082997082,0.09205507848577549,20
39280677,0.00018309849982667826,0.00035445701507898236,0.01613755771602417,20
84291241,0.00018305487181626,0.0003594391334763966,0.017250059716683808,20
109940062,0.00018294636100749662,0.00021199715843862863,0.0005282945435535218,20
26868490,0.00018287558120853308,0.00021678510349813055,0.0006439106485382781,20
97723338,0.00018284402811576393,0.0003024080834679125,0.007034079598479346,20
48517615,0.00018277980110630032,0.00028023823499781416,0.004422308433994409,20
20626505,0.00018257786357235573,0.0002266131339443236,0.0009474857986433617,20
91515424,0.00018253889142616774,0.0003416167442294618,0.013694432237224165,20
40225753,0.00018236951941091317,0.0017228002602361207,0.3206592240855089,20
65464236,0.000182317442231425,0.0003832783189060837,0.023356192981509174,20
132857710,0.00018231511811408473,0.0003970261171369275,0.027018917885005413,20
84,0.00018223877638826603,0.00031856613855313245,0.009608198705486149,20
50315996,0.00018202627336792176,0.0008759614657900449,0.18219093034537392,20
21086440,0.0001820255858703268,0.0002506896846431358,0.0021200900180527857,20
45268032,0.00018154496430722588,0.00019219240352038238,0.00022953220112509082,20
34737425,0.00018133784152563892,0.00046923830181717956,0.050079418082119354,20
56759884,0.00018132134383926635,0.0005087940214917119,0.06374530056758133,20
23693090,0.00018121406220064084,0.0003109598210591697,0.0086775839748711,20
4614149,0.0001811531310561637,0.00048331231960011727,0.05503564293213696,20
56455737,0.00018107196893641931,0.00020226121696652726,0.0003799353576510095,20
65507605,0.00018104097160056843,0.0003686707621315314,0.020349661703716666,20
5014301,0.0001810262304886623,0.0003707397674680391,0.020865335505349643,20
34456770,0.00018078990273343308,0.0005366646456922941,0.07418484405387481,20
137062363,0.000180760429877308,0.000450872427304328,0.04445953479495954,20
16852835,0.00018066546931821137,0.00041235768677651394,0.032453960787717506,20
21117655,0.00018066277665930718,0.0003135529875263919,0.00923915637328324,20
90101081,0.0001804588018754105,0.0003399031712092873,0.014136688441108873,20
127958041,0.00018039219427060105,0.0005786562619730002,0.08968046289129722,20
58469275,0.0001803825493106037,0.0006559213673125193,0.11687960656607432,20
72270977,0.00018032933029623054,0.0002635958304113516,0.0032260324705764743,20
84295995,0.0001802134062317079,0.00030282078511851814,0.007708769810545709,20
5470410,0.00018009946565624156,0.000329031205926979,0.012128079479932793,20
36734073,0.00017939022094167755,0.0004932214230788451,0.06015013299908926,20
69898870,0.00017922250142902996,0.0004959358202320105,0.061272344649674126,20
102352961,0.00017918152498552775,0.0019961366149692287,0.3462886326277005,20
138164365,0.0001791177794114307,0.0003999240125725104,0.029827925432550997,20
193425683,0.00017893578751846385,0.00028742317861779035,0.005912525348416768,20
48008792,0.00017886144483414968,0.00022228572025065422,0.000957509655983704,20
75744635,0.0001788111571266099,0.00042842341908928735,0.03873891345248359,20
106445865,0.00017879856013713614,0.0015323537372241478,0.3039132673168802,20
54197594,0.00017863274296390507,0.0005868149837335524,0.09466277589879306,20
70658044,0.000178551268232377,0.0006998635031330638,0.13403521195096801,20
53457041,0.00017850342639438299,0.00027545870735559024,0.004609105039033107,20
124914613,0.00017828278867295934,0.0002923555993095342,0.006690144197586944,20
168796586,0.00017822733936457836,0.00043350917800459425,0.04082818715237889,20
169397137,0.0001778136826548954,0.00023126760533785868,0.0013769589973530172,20
172213091,0.00017778620287834112,0.0003151740998767427,0.010361960716988621,20
38260503,0.00017766331308245454,0.000400441288181841,0.030937609194800323,20
98302362,0.00017763196842727203,0.0007031040517892263,0.13630326597388237,20
25928507,0.00017732348635197127,0.00022286790385519175,0.001049313434711583,20
235716365,0.00017732050433458268,0.0016100595797607043,0.313994262294106,20
49112340,0.00017724268434078373,0.00039932517195783633,0.030887633051761437,20
129422062,0.00017667518205027877,0.0001509452088626578,2.360963720381218e-05,20
62805199,0.00017652800593420114,0.0005141643181347929,0.07058314657265231,20
32,0.00017552398169883577,0.0002903585603942603,0.0070421696454105055,20
40238188,0.00017480215868255765,0.00038077967747034825,0.027051680950761908,20
208086100,0.00017472860808496194,0.0005251935417368112,0.07659963666607034,20
28010729,0.00017460746788093838,0.0006766687351056215,0.13140717077843755,20
134259962,0.00017459772902783666,0.0005737961522724695,0.09474984939464945,20
39480697,0.00017452510706428281,0.0005600316962656287,0.0897529078302398,20
72901752,0.00017449267791445067,0.0004400272994784781,0.04609438251972973,20
73283537,0.00017410243722128238,0.000613382094473422,0.10981879613376008,20
18682945,0.00017404174971595853,0.00039100062482868376,0.030551370155763775,20
122325454,0.00017384340173514924,0.0003872449838396838,0.02955835423794817,20
46230815,0.0001738324016666487,0.0007776856385739144,0.16502435524358738,20
42347659,0.00017362806615822403,0.0001658085985698322,8.100370381028032e-05,20
54,0.00017348698820844887,0.00042190277391768687,0.040802746454247495,20
55646000,0.00017309817509632286,0.00027238962231249813,0.005212067063568516,20
46466083,0.0001729632269207776,0.0004189732833819772,0.04024992592918232,20
64061227,0.00017266690982657983,0.00024823641300223277,0.002878049186667089,20
21880708,0.00017231594178103714,0.0005946543050143087,0.10526382460741482,20
173807024,0.00017226502528156772,0.0004535788059168094,0.05286746104948437,20
73082956,0.00017215907220793913,0.0004580466816257176,0.054576653521880764,20
171404906,0.00017201263481862462,0.0006444006660034729,0.12363091281800545,20
244725653,0.0001714550042010904,0.0002947342938028952,0.008763317732708942,20
115129936,0.00017137319424293806,0.0004873901729977539,0.06617355736238206,20
135963464,0.00017131862867856006,0.00035585018618008616,0.02218700959235375,20
133027267,0.00017121403162058957,0.000449650015785854,0.05244864132797698,20
25484676,0.00017119997440807612,0.0002538480690623684,0.0035519368490523617,20
34703682,0.00017096677989769104,0.0004732061296092311,0.061315060441461726,20
197832662,0.00017096528997181116,0.0005654844173518623,0.09611305019546898,20
129358986,0.00017064898389050344,0.000279346352889993,0.006621112296149293,20
187631817,0.0001705800735217755,0.00031002289939086747,0.0118079193670321,20
29671915,0.00017048536975337593,0.00032207011731269497,0.01434377011011143,20
105136806,0.00017034865863501948,0.0003647603649127386,0.02522183461178404,20
108204013,0.0001700341713452902,0.0004190078404724169,0.04268761554602401,20
122351934,0.00017001937399983846,0.0004798076852450141,0.06476924594809973,20
102254590,0.00016996633204485468,0.0005400465649585564,0.08771539974606275,20
39680957,0.00016994840020374824,0.000509592841426352,0.07613017608333103,20
82552040,0.0001698442195121219,0.0008689958753715956,0.1964962411451624,20
53410085,0.0001698437404559938,0.0005010359491852002,0.07299179923792627,20
74493432,0.000169179140344905,0.0003737615864642926,0.02861661324224783,20
165592534,0.0001691054408919812,0.00024307227574921802,0.002874440659532296,20
100745956,0.00016904599038150282,0.00039675084011765667,0.03598276873079739,20
111763282,0.00016882136667986658,0.0003119877570335603,0.012857268695084549,20
67686119,0.00016824677557895074,0.000333570068680788,0.018037616598199534,20
31338938,0.00016814447384871367,0.0005137747049511808,0.07982467635050922,20
15475227,0.00016812002587497654,0.0006153963700975402,0.11837379817679723,20
114929512,0.00016780774824665944,0.0002574184895728848,0.004437264462867866,20
119950420,0.00016764917984584126,0.0002458026360257055,0.0032929312231018745,20
71700236,0.00016736163890967437,0.0005073307637781443,0.07825603696197933,20
67910628,0.00016734289527365332,0.00045853420682277426,0.059559507256984424,20
81768134,0.0001671953611173227,0.0003787859599345056,0.03155125012017024,20
16627842,0.0001671210718520083,0.0002482580902627173,0.0035960134829221492,20
89292637,0.00016710166145810222,0.0006474414101768386,0.13135743867724722,20
14223517,0.00016704093868452063,0.0002271843184574338,0.0019333331876521397,20
132770487,0.00016694614768256177,0.00047955986902109966,0.0680025654912268,20
15825278,0.00016668613111174292,0.0005153056247267905,0.08215231890131795,20
26842824,0.00016654742578857683,0.00042589205408839916,0.04822710035604459,20
119259474,0.00016628316651448594,0.0005670997159724911,0.10269068191939626,20
58063367,0.00016627904731040532,0.00029590898626210324,0.010575871774482395,20
74703758,0.00016618350285585448,0.0005426925798260828,0.09341309484351637,20
168796876,0.00016614904844335364,0.0004528380092633979,0.058638974661853166,20
40738610,0.000166029695786013,0.0004448558401355722,0.05574645916008701,20
136629298,0.0001658561226266092,0.00036642751103666655,0.028618881826842895,20
113262554,0.00016581105896714687,0.00037816962361525273,0.032362163849968976,20
21285923,0.00016568563256221525,0.0006168791750223251,0.12222522033238414,20
141370117,0.00016549116626876913,0.0007632107215799139,0.1721853334577899,20
25227422,0.00016543530371767033,0.000230340625173233,0.0022946225051436683,20
35221110,0.00016535750824601958,0.000434223028869893,0.05243136198483004,20
102127864,0.000165329819760468,0.0006524484166622454,0.1356066974609151,20
159186231,0.0001651682913611535,0.0004424691095717129,0.055716709338480594,20
47868272,0.00016508904046983185,0.00044967959035839816,0.058536206421086784,20
87805950,0.00016508005014392036,0.0003920145090354942,0.03753387735080871,20
25489283,0.00016496866794339649,0.00048593905948411746,0.07271167956941063,20
174603358,0.0001649610104253879,0.00016042588728766506,9.80508204471914e-05,20
107095259,0.0001647563833341581,0.000308998044420812,0.013840494102135278,20
91534586,0.00016457666011285288,0.00017826642414536182,0.00028553442689717933,20
164467850,0.0001645726357463434,0.0005652599825015424,0.10423358317079358,20
84871501,0.00016453275996168858,0.0001691158870033869,0.00017202963264968595,20
35530604,0.00016448817755098099,0.0004362182731755279,0.054040641194921316,20
98,0.00016428244862072005,0.00026238108252431676,0.005710581717379292,20
99326055,0.00016420507693784558,0.0006299881826736235,0.12909003031155142,20
11427832,0.0001641085415496346,0.00026865787657295224,0.006623735207985704,20
80082389,0.00016407877466244336,0.00048164698633339356,0.07205430756984624,20
4863965,0.00016399883610480336,0.00044202247591546267,0.056740982785521386,20
38481736,0.00016398226098079393,0.00045949144025581544,0.06349318292089927,20
72380743,0.00016394166863114846,0.0003563180732125818,0.026806803421820017,20
232914197,0.00016390736534873662,0.0004451027271526156,0.058014794543482906,20
34848927,0.00016388094654980477,0.0004273651233088996,0.05131211318565622,20
39624878,0.0001638651480011022,0.0005304718798438787,0.09158380522011764,20
33536376,0.00016319501866267905,0.0004704004872846206,0.06863884834813967,20
86513226,0.00016315364313655435,0.00023468816275169728,0.0028890110083886794,20
99112196,0.0001631050782503668,0.00039760349053280346,0.04113965009376076,20
135476121,0.00016266074597172942,0.00034780898079069076,0.02507568021761543,20
47145848,0.00016242830532014473,0.00047016118103220054,0.06941924370884943,20
83486041,0.00016234940054767887,0.000280046150245285,0.008932427802222765,20
27468857,0.00016233293105875625,0.00031423974147663005,0.016133274814208183,20
8199263,0.0001623074280809378,0.0005601142266464902,0.10526337048533586,20
23089048,0.0001622604862149879,0.0006269907512427027,0.13073529753841007,20
78164758,0.0001622602675321133,0.000682054411339287,0.15035054632192885,20
39942532,0.00016213712629673804,0.00018260761900053016,0.00040951588591694825,20
6866827,0.00016181542271078708,0.000569702232629362,0.10966675639685179,20
37856814,0.0001617074804352525,0.0003462887665509756,0.025231273042405866,20
11610393,0.00016169864863977424,0.00019284169245532915,0.0006781337308207988,20
149980084,0.00016137130140528587,0.0006822430463767071,0.15170615617420177,20
140168741,0.00016120995396110837,0.00037862447037990726,0.03607416664503667,20
9019654,0.00016102346358154164,0.0006173532556565382,0.12893048787285621,20
82685526,0.0001609766784264971,0.0003851468671268946,0.03854588736860054,20
1865468,0.00016091904731768415,0.00042475274256911007,0.05327026631794702,20
39837755,0.0001604418719583861,0.0003319410108669314,0.021810997225500225,20
106245468,0.0001604409197950518,0.00045575678953140724,0.06595734465594984,20
143972554,0.0001604000187446941,0.0003048142013339581,0.01476371440607977,20
90301209,0.00016017201961948113,0.000415981650613878,0.050657011323054287,20
125417543,0.00016016605025875598,0.000271789535572739,0.008151010391664023,20
56755223,0.00016002927967134485,0.000338478710311878,0.02396395210640493,20
71058974,0.0001598420851267629,0.00037395924275646986,0.03556947981904603,20
27091661,0.0001594720437688907,0.00023721092709886495,0.003628051278673473,20
29495508,0.00015924549520763832,0.0007580497292602175,0.1796394131218011,20
132481923,0.0001589538536724916,0.00042124548802350843,0.053925128884952586,20
8217555,0.000158863186051042,0.0004359697817814166,0.05982622177238609,20
232490297,0.00015885444176725328,0.00032903459211563253,0.021919672563182953,20
17426542,0.0001587903557192627,0.00039813768629139184,0.04523247497054075,20
11469503,0.0001585337060731412,0.0007804435948016979,0.1875131794014629,20
8819643,0.00015832377292895606,0.00034022198679348875,0.025594548954797743,20
125755186,0.00015826282675954762,0.0009904162774771168,0.24176571358862803,20
104639372,0.00015775306281307633,0.0005345490088473175,0.10129334563462511,20
95927037,0.00015768114213819128,0.0003821854501583831,0.040334144440153305,20
43829304,0.00015750441785120084,0.000341067322376015,0.026409233006743364,20
86624652,0.00015735125547279571,0.00037294226078022675,0.037276580269719174,20
167908915,0.00015705987548660926,0.0012266178286715595,0.28680625719479313,20
110900060,0.00015676426638108477,0.00028258408126408433,0.011315557947731812,20
101733091,0.00015670672297448673,0.0017187929773220226,0.34401260477321094,20
64105454,0.00015662692096214404,0.00173105034163354,0.3451296479519128,20
6815583,0.00015656503211206597,0.00028505787157833676,0.011916720637894316,20
46752369,0.00015648828949204886,0.0003975707819300262,0.047224660912386564,20
189034505,0.00015644932675223377,0.0007337593202674641,0.1761477223406236,20
114827343,0.00015627958270102992,0.00045710034112875713,0.07137213707492897,20
97948336,0.00015625959430176363,0.00017925073282429392,0.00048302517989941805,20
56495286,0.00015608432023888618,0.0004237070736025561,0.057953731972801056,20
90781070,0.00015601775258370366,0.00021119141409339174,0.0018666585358593996,20
202237207,0.00015550956283415517,0.0004346350922962649,0.06303635601062124,20
92383515,0.00015536759784705312,0.00023018089022532802,0.0035322231942378616,20
145286811,0.00015533210324197023,0.0003105001648687062,0.018725346356833757,20
54454187,0.0001551789820245536,0.00032363096828202356,0.02257521990097909,20
118268613,0.00015478623776747635,0.00040796664370311143,0.05303117661693926,20
94786142,0.00015427684911360206,0.00035014121929164045,0.03176582992002612,20
124754548,0.00015411351829665298,0.00044599475267044936,0.06937805548734997,20
69480593,0.00015408778482560171,0.0003549942322536257,0.03360989198810569,20
32493682,0.00015377669166711516,0.0003868108717641065,0.045714972341303735,20
33249945,0.00015375097630314916,0.0004624640049288251,0.07673621260886596,20
57256781,0.00015374205817353105,0.00026731919245157043,0.009332273888513308,20
31072993,0.000153682751937681,0.000240450298176791,0.005028424324427896,20
32332162,0.00015366714695741468,0.0004067245412483409,0.0537190785192557,20
114008006,0.0001536079261524298,0.0002523091497609095,0.006755587949552329,20
14471838,0.00015352011698533953,0.00034668650238546875,0.031165413371410808,20
21,0.0001534965984656661,0.0005118485219861459,0.09784504061820065,20
53810182,0.0001534585025834978,0.0004041632395926287,0.052908756430412235,20
74261063,0.00015298223254185672,0.00022511415981553995,0.003374774159723789,20
154195839,0.00015259948628315866,0.00027155978572346106,0.01057480693723399,20
1262966,0.00015241952673668014,0.00041516573185665823,0.0585346096477551,20
14023513,0.00015204987303765461,0.00042897074866546717,0.064716457720307,20
31307753,0.00015174005608268316,0.00040195227142828275,0.0538532453744871,20
21891943,0.00015161730122355833,0.000589309680462073,0.13208847037878363,20
161302267,0.00015134857293528926,0.0005197192779697425,0.10418330911827761,20
28727376,0.00015097600675493817,0.0003158423665506313,0.022875966906186325,20
127182409,0.00015094997698758273,0.00041464295852956996,0.05998930752709129,20
122152141,0.00015083006362740515,0.00039796837845632504,0.053207064615749804,20
31366575,0.00015079732049632922,0.0003156418242651843,0.022929559370805323,20
153457786,0.00015067424060127567,0.0005615550160831482,0.1224547056137682,20
148738787,0.00015053258344275566,0.0003886368970877133,0.049719370540981495,20
114343869,0.00015028665452007374,0.0004226740284246592,0.064154674556317,20
49489469,0.00015019179086754041,0.00013191568145403318,3.2400645900996995e-05,20
172799343,0.00015014616681315873,0.00028613556152311834,0.014967482534618926,20
78264243,0.00015003058224944966,0.001332785509368738,0.3102261192861406,20
49035597,0.00014982262931098888,0.00014617822713676318,0.0001014212502269042,20
64693702,0.00014963582539951893,0.00037124725963071244,0.04367267065495615,20
10019329,0.00014960193702042712,0.0005608350956702342,0.12378968646844594,20
145970207,0.00014925006216024995,0.0003688766302171062,0.04311486923596278,20
67272418,0.0001491058800933448,0.00035105211347652757,0.036394123966874935,20
108735332,0.00014908525424368603,0.0005155128889268567,0.10570013898352877,20
25628115,0.00014902024308267037,0.0008527993803101237,0.22207718399407872,20
40047576,0.0001489282154056748,0.00041590185746148765,0.06289145367656189,20
65372855,0.00014875909850676773,0.00036585405048463756,0.0424015512965485,20
103597321,0.00014852954585205803,0.00033932403185408963,0.03256768760773568,20
14490966,0.0001485276676224362,0.00024245904184777215,0.006512896969709954,20
131072788,0.00014835942212274578,0.000697966466829733,0.17687319858433942,20
13871127,0.00014833085720372398,0.0005370464461623116,0.1159077480565473,20
109514980,0.00014805071882083298,0.0004614208406234384,0.08378312331533493,20
108740598,0.00014790712305962073,0.0004118569435850841,0.06237814713693044,20
15950842,0.0001478598175449264,0.0007722202363451577,0.2012523800409225,20
109405015,0.0001478025567129393,0.00050856882108217,0.10462408040813118,20
43885399,0.00014773184502968605,0.0006712469760770755,0.16867983319283597,20
140465673,0.0001477067894573164,0.00034232544834454805,0.03436027968318879,20
72478323,0.0001476944141031139,0.00036315371685540957,0.04236911560605153,20
10419328,0.00014768615513051364,0.0002306792497062231,0.004975641410028401,20
89312903,0.00014766964092301216,0.0005251881168681459,0.1119135447990652,20
17653367,0.000147562914978,0.0004950811268195271,0.09915523176097227,20
137429590,0.00014726029445373545,0.0004565223143040576,0.0827116878771284,20
28643173,0.0001470094452621723,0.00034395197725541255,0.035575281088548016,20
23526894,0.00014695411515790736,0.0005883511210891457,0.13895672262384026,20
78597927,0.00014693697458152412,0.000433428489932127,0.07297732980779703,20
65491163,0.00014653075825860618,0.0002922958361301516,0.018548474219084416,20
32836223,0.0001462820206296511,0.0005803371231416594,0.1368331724124626,20
3065300,0.00014626801248295018,0.00044724275220469636,0.07996324715467283,20
128358212,0.00014621579474387859,0.0003179665762246219,0.026866402967097636,20
84487084,0.00014620875877160156,0.001464522762322466,0.33015236366115364,20
80419872,0.00014616401159606163,0.0004859795627111346,0.09722309865787121,20
180488260,0.00014604483410314006,0.0005018266386324571,0.10432242733774393,20
30366080,0.00014594633707554482,0.0003678910955167971,0.0460331221056547,20
81682527,0.00014585440962606444,0.00017580901167146945,0.0007424628079273406,20
43852075,0.0001456971621194375,0.0005785441962730531,0.13704504736991419,20
80166420,0.00014562457762041237,0.0004087318643747184,0.06379093687492773,20
69067352,0.000145278006563887,0.000390246424506248,0.05617314858001692,20
4416121,0.0001451382423670905,0.0013680882359990397,0.32029614426089426,20
49463961,0.00014505197177802355,0.0002438024907271002,0.007720541733359202,20
64823406,0.00014503048566927025,0.0002691860306122274,0.013140916888915322,20
73083529,0.00014463956400351808,0.00041802436024637886,0.06913189956418705,20
142163044,0.00014460660233479305,0.0002861418909688197,0.01787665171116021,20
147737631,0.00014453282777606712,0.0005158648249074635,0.11270657051622562,20
89840856,0.00014410685229594987,0.0002731867093222236,0.014589953500103486,20
14031269,0.0001440704007557303,0.0004225791198753709,0.07190467646965196,20
11682040,0.00014402096976597888,0.0005148563799010391,0.113061537704365,20
152177852,0.00014383994191623228,0.00027207193586125365,0.014431517960631638,20
2417580,0.00014378325806500836,0.0004819704812971119,0.09896398835413812,20
39701974,0.00014346334665141236,0.00029772961849142897,0.022103198157208043,20
40881793,0.00014338184938509634,0.00026274806073558864,0.012318191292863606,20
43249254,0.00014334169559643007,0.0003947014252961824,0.0604118785555343,20
63005248,0.00014333746792223324,0.00040974756564747636,0.06710898953129563,20
92117183,0.0001432219672070717,0.00023129135716574796,0.0061067039860735915,20
49733746,0.00014308430107827508,0.0005595776925158854,0.13351179123029466,20
176405898,0.0001430018581979331,0.0006738629859992489,0.17725792439935373,20
29701836,0.00014296198079223886,0.0007939663579034783,0.21531753995974262,20
47668215,0.00014295969157051557,0.00031177396063524783,0.02717719140029501,20
114664651,0.00014283586005637284,0.0003069371430379153,0.025593567862259303,20
6616249,0.00014283069661009118,0.00046463536533670867,0.09260295435025889,20
28563495,0.00014279443003809288,0.0003076134215803527,0.025856296687682245,20
197031664,0.00014170385693828002,0.0005076584918112123,0.11353958048632805,20
70029800,0.00014162546546991618,0.0003754893192370643,0.053997852125332826,20
38836785,0.00014151020822102678,0.00025561012870521416,0.011436974929566269,20
56867087,0.00014148715302352287,0.0002704781676471595,0.015195335193495571,20
3062242,0.0001414757020885199,0.0002783821142457352,0.017419752357552325,20
64906716,0.00014138841635785438,0.0002190126657318089,0.0047213756514151405,20
35639595,0.0001413743830753045,0.00038829597128509937,0.05996968280125636,20
92124078,0.0001412444963591164,0.00033111635905294157,0.03583151079435551,20
102507706,0.00014116113095215821,0.00022401090464995945,0.005490472224272306,20
121911011,0.00014110717445905697,0.0005943868247486684,0.15084445760022722,20
103892413,0.00014109795332351848,0.0002695649485520573,0.015149401501923026,20
58683619,0.0001410503859227752,0.0004300073377553965,0.07937451760549534,20
143772767,0.0001408895197105159,0.0005302822754946274,0.12469928476053509,20
36231284,0.00014086735367574156,0.000391519359297579,0.062046559930827444,20
31622768,0.0001407241563499112,0.0004625401585342619,0.09477990836965612,20
43606073,0.00014066609777666495,0.00026341932363111136,0.013737430668375523,20
7,0.0001406354235559709,0.00028726357484937226,0.020625444850700947,20
63822382,0.00014059491412115878,0.00025055347238552716,0.010654940969110693,20
95539705,0.00014059475470714345,0.0004224944887785103,0.07655329893802051,20
81467864,0.0001405804074968542,0.0007610802686260455,0.20951250344469624,20
39975283,0.00014051806101118836,0.00028301784435744376,0.019375166906993,20
40259864,0.00014038512085551568,0.0003405461786817005,0.0404502774888131,20
165669038,0.0001402150527139351,0.000939714304264702,0.25630569536098946,20
219901503,0.00014020606066786345,0.00025590133538738475,0.01206823500244727,20
81150102,0.0001401859537532413,0.0003050565431007697,0.02693859867698287,20
112146275,0.00014003702163975507,0.0036019445434846867,0.43190396808843556,20
28244396,0.00013986100570355652,0.0005040275438257593,0.11486268252508781,20
164196027,0.00013972748910005272,0.00021838427293328932,0.004995127984994921,20
33902593,0.00013961929401632155,0.00034731977619727097,0.044063433428697785,20
1613232,0.0001395864299694044,0.0003605230762042983,0.04978330701991713,20
50455148,0.0001393283696829839,0.000545269856806328,0.1336735400926886,20
37859065,0.0001392236087562726,0.00031079578159558377,0.029807461889404474,20
185217762,0.000138861143265101,0.00035089745026943195,0.04640673595291915,20
173814815,0.0001387603422879996,0.00046091595955206714,0.09701634962703483,20
231889860,0.00013870086974338003,0.00034730954310376993,0.04503615722106892,20
38224432,0.00013833155351009597,0.003331410250695031,0.42732470526755384,20
113967276,0.00013825712828980651,0.0005703066838440676,0.14592967302895477,20
4266030,0.00013817968208081343,0.000440932700788939,0.0885972964300925,20
82285129,0.00013807188515450598,0.0005036527353574825,0.11758956546074148,20
66864745,0.00013784722662332216,0.0006173229392301549,0.16526375386601833,20
114864857,0.00013782786970394645,0.0009806559850511981,0.2685657175619826,20
125755096,0.00013779211940781466,0.000566374119022582,0.1450983864857573,20
69074482,0.00013777095351225898,0.00018781866596744384,0.0019673866259580616,20
104328723,0.0001375832815231792,0.00031245311586772614,0.03184288435537038,20
100145443,0.0001374754770469777,0.00025940031541716354,0.014260097387995649,20
48513987,0.00013746993874375057,0.0008471316810104558,0.2384262745457969,20
114739954,0.00013746552793354462,0.001191140519472145,0.3058645403925161,20
17253129,0.00013744223248532417,0.0002748647885108066,0.01876418122992708,20
19803902,0.00013718428752950985,0.0005131939913260957,0.12330626828221071,20
21823058,0.00013709163243709742,0.0005845258784913123,0.15369840560213102,20
69076848,0.0001370326690536716,0.0005203373683744656,0.12671868934962302,20
232290285,0.00013700509639184844,0.0010935657171764488,0.2909169026553378,20
34056713,0.00013677744845113916,0.00025389416387006347,0.013147751412432664,20
76144948,0.00013676275414710448,0.00025129358335579545,0.012488185063377443,20
117656555,0.0001365428541775765,0.0002753419277530162,0.019479916269943942,20
40447997,0.00013642359480095512,0.0005443131728084888,0.13815531947767828,20
50838823,0.00013624433762418343,0.00044899057129170754,0.09533444486702146,20
112346368,0.00013622883084521976,0.0008813829119581193,0.24889181048561448,20
54120245,0.00013620318688896405,0.00040681842091005717,0.07537525990565971,20
166269399,0.00013598823907281233,0.00035053614865435665,0.049472515342261554,20
15679810,0.00013590878856556133,0.000568041773799933,0.14901313723868537,20
95922114,0.00013573843908228634,0.00036166844904682993,0.05481614808174136,20
177409850,0.00013556438014235284,0.00022284426980615513,0.006786458376955742,20
36078731,0.0001354300963775451,0.00017366212151047504,0.0012318832346650994,20
6215134,0.00013531496520541308,0.00024206883707085687,0.010872588649625722,20
96030983,0.00013530906278983734,0.00040583514945699437,0.07618226190369003,20
117547168,0.00013519304874422267,0.00029756146890848296,0.028195443769776042,20
73581599,0.0001351458385802834,0.0002454498138267581,0.01176511956100802,20
220074442,0.0001349992573143999,0.00017480934536219303,0.001330331564933127,20
95316767,0.00013481310897540678,0.0002621552880696945,0.016483326229912297,20
49191203,0.00013468665821712855,0.0004019589638048315,0.07521683351856125,20
13440596,0.00013465979551544882,0.0005510666030423572,0.14406781251528283,20
33695130,0.00013447097613759895,0.0003013407532070036,0.03025510657986583,20
114464592,0.0001344251027434684,0.00031308385906061385,0.03498954851644691,20
50638660,0.00013437940095019918,0.00028318593190993304,0.023596799811468682,20
97323933,0.0001342753057793633,0.0004302060548039647,0.08943121327866131,20
83686338,0.0001341605503473675,0.00026013626027456216,0.01626074097255042,20
30844575,0.0001341164357236163,0.00038878061100626574,0.06969294204742296,20
154977929,0.00013396716242543294,0.0005074909554655487,0.12617481263420155,20
171401278,0.00013389837720177434,0.0006174043884907376,0.17214452392280616,20
59659309,0.0001337056654492852,0.00023739941529480384,0.010448424274705282,20
137958438,0.00013364856576391916,0.00041497628793676125,0.08302769059596268,20
57961308,0.0001333845942458639,0.00039188215480928835,0.07221726429079571,20
50489945,0.0001332412520736681,0.0003299046262827772,0.04337732374906228,20
69877783,0.0001330939976172091,0.0004540789777498982,0.1027715620694111,20
176205664,0.0001330683496830576,0.0008833883844854626,0.2543215019721997,20
73159526,0.0001330235216175424,0.0003829581060140331,0.06840945158885636,20
71068398,0.00013300814791690485,0.00046190108956605707,0.1066423502549443,20
8667534,0.00013295330234233406,0.0003185831872724244,0.03875309803435568,20
137078728,0.00013289236576598807,0.00035321026168001415,0.05440667713794622,20
44085579,0.00013268536675832554,0.00021654646240600349,0.006503740409673693,20
62821827,0.00013268428932136644,0.0003317442486463213,0.04481227166391022,20
115027462,0.00013256119359676688,0.00026509646965712177,0.01876195314801577,20
29043363,0.0001324225216487812,0.0004048360912950563,0.07992831052179346,20
159186427,0.00013240043979518556,0.00020913886696254983,0.0053360775226801715,20
178007676,0.0001322903878700349,0.00058498085516949,0.16227783860826944,20
63221421,0.000132233240038504,0.0002647083754898251,0.01884822076092985,20
74904353,0.00013183161039231894,0.00017891570044513836,0.001903000218782296,20
55282556,0.00013178329578908686,0.0006545868751713713,0.18960410497866015,20
27637235,0.0001317572730724803,0.0003414773365871678,0.050327997698838355,20
6667555,0.00013175621753115096,0.00024091970053571508,0.012182058404390584,20
163395026,0.0001310729089964241,0.0002367517976803795,0.01143561278276985,20
32093215,0.00013096072491746436,0.0005125890175542366,0.13370354139985496,20
90713945,0.00013094805654196572,0.00028427107043821684,0.02667852768479653,20
134963862,0.0001309299879255793,0.00040158094220427756,0.08057558122215662,20
45599086,0.00013063918874803017,0.0004395715384574667,0.09977716817632579,20
162666009,0.00013047264042885255,0.00029852438905267527,0.032754162319679675,20
93880734,0.00013037165070435008,0.00043762652108238426,0.09926465056522317,20
76076034,0.00013020014291140192,0.00041001892938091376,0.08588833404496665,20
207885845,0.00013010744613764226,0.00043500934855909693,0.09841336983739594,20
77308302,0.00012995317837083685,0.0029908646866678794,0.4239960996223877,20
52056672,0.00012992660421078662,0.0006351625972744553,0.1858794179103052,20
29333063,0.0001298566611799834,0.00038658962122352613,0.0747412784628381,20
80667226,0.00012983943385046215,0.000266481641488839,0.02106277190438437,20
8417343,0.00012972028901981903,0.0006381350000953902,0.1873434571280051,20
70899149,0.00012969038469969052,0.0003988740062473209,0.08112280247600874,20
44550108,0.00012962488536454874,0.00042161127118200894,0.0925706636097477,20
37642802,0.00012944723941128722,0.000311319263162566,0.039254598789181666,20
193625751,0.00012925693941004957,0.0002838514191691814,0.02794216040623023,20
50253488,0.00012924783609720713,0.00026272678857734087,0.02018823301461514,20
86326403,0.00012878280125208085,0.0004438025166146564,0.1049581200384434,20
93985655,0.00012867175223020278,0.0002814413034290156,0.02750029154161864,20
130385926,0.0001286700896812515,0.0003572733932706411,0.061875973111165064,20
84771531,0.00012849188643157539,0.00040396335276506214,0.08554766268411235,20
115608949,0.00012846974619836192,0.0003322166160780537,0.049975951042213924,20
32841934,0.0001284469599297816,0.0004212762541377678,0.09432383771569428,20
154058200,0.00012816969347312913,0.0004184522464163655,0.09336204263366366,20
129558393,0.0001280934144818918,0.0005355592051391148,0.1490930865554525,20
28893554,0.00012765540681028144,0.00031908004040881395,0.04477004937679924,20
187419316,0.00012764004375867555,0.000267485288330621,0.023044918069086234,20
57122780,0.00012754357273249973,0.0002272976715310249,0.01065566782084882,20
117610274,0.00012735240325042473,0.0006416342953753618,0.1929179002637672,20
49854117,0.0001272880769892848,0.0004789008721908287,0.12460959018892057,20
119421209,0.00012720015395593643,0.00046294378378455413,0.11707835629640036,20
51449190,0.00012709514209649497,0.00048159489397850533,0.1262396630283546,20
25864514,0.00012702005893163725,0.000573779908931124,0.16730391932537975,20
3202697,0.00012674236992744615,0.0005074323448167607,0.13895752129988484,20
154771016,0.00012660780587169518,0.00028796515663201817,0.032027215245112185,20
13276550,0.00012641518269881913,0.00033257904467531136,0.052732694256790204,20
97990461,0.0001261499435030039,0.00030254120433420426,0.038870675316669455,20
15279294,0.00012570209094585615,0.0004252124475458467,0.1009221377757901,20
82289951,0.0001256343614429445,0.0004973608834674063,0.13633786427913652,20
2263502,0.00012548201124054637,0.0004340259599751944,0.10576539977887965,20
76785121,0.00012541980911456586,0.0012281065480910555,0.3265271402436287,20
100351568,0.0001254053691371021,0.0003943781309363945,0.08560881235462002,20
77185444,0.00012533945984888052,0.0002944441874092019,0.03610377858729701,20
109699547,0.00012525554648656345,0.0008966433151835029,0.26978949538345676,20
2061974,0.00012506277042343417,0.0004647961467387373,0.1218164108738839,20
172002431,0.00012499120821700128,0.00025557281799472103,0.020719625024447345,20
15350422,0.00012439555311506145,0.0004303963928364762,0.10583074041435911,20
41145835,0.00012428578135766644,0.0009876152614663927,0.29007837643147166,20
77097464,0.0001242293632965019,0.001211564949404191,0.3258774086342343,20
70989940,0.0001242228988874078,0.00022732811292741203,0.012232435035222543,20
123926310,0.00012418054793121857,0.0013316891880179769,0.34066580807466246,20
73415232,0.00012416616533010295,0.0005639694076780122,0.16859520504906894,20
9469846,0.00012413852180356844,0.00033396442581534145,0.05642658080162045,20
34169181,0.0001240311986792142,0.00031989724888463456,0.04956223354312023,20
112007180,0.000123978242836284,0.0005578438536845978,0.1663780194305211,20
68086162,0.0001238370326919397,0.0003457038817485698,0.06282591622032396,20
10070912,0.00012371417752837232,0.0007179082779391664,0.22519161765673534,20
118133154,0.0001236500660442147,0.00041974510548443045,0.10168257657195606,20
70458035,0.0001234357582690304,0.0003915525408299966,0.08737523812714705,20
17625568,0.00012329144697840745,0.00038315851844619616,0.08320684805305423,20
45645884,0.0001229944996375909,0.00033146348804502767,0.0567201562358479,20
56484269,0.00012267493054275437,0.0004947647791058851,0.14066730290821228,20
36240445,0.00012267361318037405,0.00021952564704043922,0.010891210186676175,20
1817310,0.00012215494952488303,0.00023833135467654317,0.016742985881526604,20
99325271,0.00012199111497312453,0.00022676533940413617,0.013240686749954362,20
20291078,0.00012192904879100019,0.00041580672676382177,0.10267727646169626,20
129184165,0.0001218620291842054,0.0002143711241676021,0.00994168667477385,20
96447881,0.00012183721661589431,0.00036051608982987007,0.07357431234264603,20
64547410,0.0001217746457027713,0.00027276829427229615,0.030203253402482345,20
90722253,0.0001217481292259126,0.00041899077468321065,0.10466147650877136,20
27842733,0.00012115030598209564,0.00025038652196543405,0.02171184421465141,20
193827754,0.0001211126883856939,0.00045651874595418324,0.12503633759040833,20
30039437,0.0001210277515890451,0.00045133604245370715,0.1225918800494625,20
78490233,0.00012082121889409048,0.00048039949860560245,0.1373521469285026,20
57256769,0.0001208080533396827,0.0007970185594158614,0.25301495441149224,20
83197173,0.00012066132456678147,0.0002763882946565284,0.032893670002877004,20
90,0.00012065724243899289,0.00039407785637089347,0.09344344605120142,20
115351219,0.00012054725243541842,0.00043631400594076604,0.11583611255154821,20
154971179,0.00012046912649859299,0.00033001619829634373,0.05951769298327549,20
108898935,0.00012037996666039997,0.0003677582840431179,0.07978735226922781,20
65007353,0.00012033695432827341,0.0006648061711694192,0.21412362294701148,20
64022738,0.00012019470284398704,0.0004160435761549855,0.10592646640851838,20
37022572,0.00012016216296265037,0.0002883362436421556,0.03894440629924927,20
80198869,0.00012007087331814548,0.0004886431653911931,0.14276953134324513,20
133161694,0.00012000837251721074,0.0006765130908877935,0.21869247483782844,20
9618077,0.00011999764728304607,0.00031035888457763477,0.050001746888833735,20
36700944,0.00011996697861468009,0.0004316236667757388,0.11449431240668127,20
107158281,0.00011993927328487752,0.00042592931273098566,0.11158177215809365,20
99303977,0.00011963376336837917,0.00030328210390058224,0.04689430778803892,20
47252263,0.0001195744969113205,0.0004386513633187673,0.1188656067371279,20
164992076,0.00011944873067717965,0.00028411353139577754,0.03775097060019013,20
18680670,0.00011943810577658143,0.0004434217835645281,0.12157551698177799,20
139463565,0.00011943059486215767,0.00057200418283929,0.18107389635452464,20
64653869,0.00011925381558036963,0.000683228751399878,0.2223312920382679,20
85925978,0.00011919446280141688,0.0003637126817545385,0.07955689591388762,20
71178842,0.00011916254055450436,0.0002952588933685358,0.043482663255790206,20
63905405,0.00011910745586481142,0.001384570059874301,0.3523605254186478,20
163666321,0.00011896693382353884,0.0002552549217353536,0.02543310560692184,20
68666830,0.00011886957772772876,0.00027796866904519746,0.03550743027554418,20
41026771,0.0001188218572332561,0.00022989647943000977,0.016094819383583148,20
11869246,0.00011834227233556427,0.0006362113661043744,0.20790883997719628,20
63661019,0.00011803814352943364,0.002616552778361791,0.42112927800186584,20
231112738,0.0001179011561924903,0.00033281524450930297,0.06481756484180771,20
26285874,0.0001177682313470818,0.0003443802213378853,0.07132903025506634,20
14822966,0.00011744343683339764,0.00016790736661673948,0.002768756604100573,20
54118205,0.00011700391276383282,0.0005727660342922417,0.18619738653975715,20
67295483,0.00011696587173209705,0.0002713502438851073,0.03448674649217923,20
31894355,0.00011675983873933593,0.0002180188378508184,0.013541198023719477,20
135028674,0.00011666072911802606,0.00047673571773392676,0.14373765526084123,20
42283550,0.00011650189280854872,0.0002154206875843654,0.012893809185935919,20
47462236,0.00011650143005720037,0.0005721170339470733,0.18693903805483003,20
46107752,0.00011632486294801402,0.0004098504268957665,0.10983235910010841,20
27836811,0.00011630614213822554,0.0003242114321919561,0.06256923536323983,20
6596678,0.00011626526464174336,0.0005005599838951237,0.155981353657898,20
45206748,0.00011620072943390459,0.0003441777604009578,0.07376342177735884,20
35737893,0.00011618139604154532,0.00026484525683299735,0.03230095950230851,20
118611118,0.00011607993895812741,0.0002651128916622435,0.03253149783915203,20
113348661,0.00011604787714608044,0.00039967811754270706,0.10482794714956076,20
77077751,0.00011603105705819405,0.00031587909094559787,0.05844212382706053,20
172803147,0.00011601703221679749,0.0004399750897669541,0.126426072382888,20
169910008,0.00011597093483911858,0.0004893001516836781,0.1512264319290662,20
10219129,0.00011594935274917561,0.00014269651299193988,0.0008834176864421866,20
82573127,0.00011593492754485846,0.0002164071520087574,0.01351898210062701,20
90678396,0.00011572306818430911,0.0007719652393251532,0.2553335072211287,20
53610153,0.00011551953804061211,0.00041894150831370193,0.1162790832094029,20
163391538,0.00011526394476171208,0.0002827585986682936,0.04203730118143719,20
68896644,0.00011522801426548101,0.00048801502384884945,0.1521186996638448,20
12272466,0.00011469920557665713,0.0003385164626408497,0.0730795903430513,20
91723213,0.00011469255756670627,0.0004790407970801169,0.14885348488819516,20
72991793,0.00011462261873761148,0.00046706414347909525,0.14306655437740834,20
28611162,0.0001144990506335819,0.0001819673795388719,0.005540218601204042,20
132370287,0.00011448454768401561,0.00030952489875115514,0.05726511447691357,20
34499822,0.00011430147623192888,0.000365715653449367,0.08915073838871079,20
113738412,0.00011400859991996803,0.00030658127701795697,0.05635465396271362,20
107296355,0.00011370053369878785,0.0004814322936938561,0.15206327829860644,20
2213753,0.0001135551230865145,0.00033378788095458244,0.0723107451612383,20
22080747,0.00011355456089433558,0.0017632095471239592,0.38822661188809227,20
84270980,0.00011353508888368446,0.0013164153879923661,0.3520008799641836,20
64861657,0.00011352075378472382,0.00022323659817489943,0.017369701397598754,20
124954858,0.00011343581709488404,0.0005811066126902812,0.19678398731545987,20
21430876,0.00011342821323745978,0.0005124259249516725,0.16732398812132437,20
17488141,0.00011325659734900684,0.00033550961249709276,0.07379318114337637,20
164192368,0.00011321006225304409,0.0002918041738118623,0.049463483360153014,20
144819345,0.00011318762493526812,0.0005258142026947951,0.1739007445074937,20
71870114,0.00011316768324097781,0.00023178533045229596,0.020872899498982043,20
104691552,0.0001131500478254277,0.0004881902838465299,0.15648454980091256,20
195242436,0.00011278319577464336,0.00017229076974889585,0.00431992029543851,20
69925111,0.00011273044163517265,0.0007166824288489193,0.24515520015993464,20
119750351,0.00011253577265170623,0.00044012756136609717,0.1335222146595812,20
90432762,0.00011252511038210288,0.0003902266980415355,0.10633748151007003,20
56199305,0.00011249207796974192,0.00046683987556154783,0.14734603421837292,20
120150467,0.00011238733908670306,0.00044710105272705475,0.1374747031175692,20
41227042,0.00011217291582614475,0.0002960503180688488,0.05325100465534417,20
91610136,0.000112149667691544,0.0008433034979640539,0.2795161919914323,20
87555833,0.00011201545971785687,0.00048058205655492715,0.1551594129774902,20
94098799,0.00011201093553668273,0.002124625938532284,0.40806603501889344,20
55859647,0.00011199735598986238,0.00028916314561842026,0.0497272192801577,20
143363920,0.00011191908220544721,0.0010679781894699205,0.32232292017358555,20
84571181,0.0001117180692758929,0.0002372282296084095,0.024362563102967,20
3666277,0.0001117083730871965,0.0005490180127006652,0.1871260372953677,20
98486309,0.00011162315722373917,0.00022918807031251318,0.021100376042665472,20
34438244,0.000111557866506104,0.0007058431966043391,0.24412945773093608,20
57460153,0.00011113929975155312,0.0002713229041122066,0.04134706231496235,20
147250732,0.00011105791717941349,0.00020867336210184128,0.013967716162455115,20
44906861,0.0001109821794918503,0.0005170210073124892,0.17456287395207082,20
108540365,0.00011076280641098558,0.00023837244987701397,0.025751193001578958,20
25328382,0.00011074009958428332,0.0004792565920536929,0.15720501172945495,20
103443846,0.00011072050835150282,0.00019705198613281785,0.01058002276050061,20
187230944,0.00011056124723293759,0.00047862376809091294,0.1572744995373983,20
30697009,0.00011053293839390355,0.0001973014895019648,0.010747218540803816,20
139768538,0.00011035497503277813,0.00031616768493178513,0.06751867556835343,20
38852782,0.00011027708724017926,0.0007659353760443095,0.2636734753077056,20
34728322,0.00011015713365075952,0.00034180679788596834,0.08289296433123161,20
35770896,0.00011012739271849814,0.0008835188608783885,0.2918691516839223,20
154143443,0.00011008941028651243,0.00042379215675391284,0.12986460684732584,20
168609026,0.00011005467851810391,0.0026855439230802644,0.42826389601560405,20
112364582,0.0001099063038457776,0.0007512704710231763,0.2603972217697116,20
87252225,0.00010980096880903179,0.00025161066145712804,0.03294241226166307,20
115730415,0.00010951670455461026,0.0013342801725483215,0.3588118236929765,20
86709439,0.00010933953281151154,0.0005383962257153518,0.18756964174837149,20
25089024,0.00010932315699895557,0.00035829419145013515,0.09417052768547171,20
58686544,0.00010929350185251985,0.0002796167050784542,0.0483009646239157,20
31898304,0.0001091059125801902,0.00030641555173223915,0.06389760264849419,20
149182665,0.00010910125103792134,0.00032151163695758777,0.07279344113657148,20
19057859,0.00010898835133129614,0.00022539099476927927,0.021770428204940507,20
163590984,0.0001089215162791174,0.00027606377135442196,0.046860178566584865,20
48553911,0.0001088586301822958,0.0007579079152563924,0.2641655298361959,20
35477265,0.00010867545028675763,0.0004937973246792857,0.16868475201093242,20
5414469,0.00010865995160211639,0.00036106739237428456,0.09709604275293247,20
17853714,0.00010852237422860067,0.00037913309985238794,0.10796018610125592,20
161193628,0.00010839126176493963,0.00027272235865173985,0.045755910054881804,20
140431221,0.00010813604327551129,0.00034228392129331727,0.0869347195094135,20
20801203,0.00010813471460680291,0.0005003160402027589,0.1729497577371374,20
50155353,0.0001080882932459698,0.00024698353526249415,0.03259244587070603,20
111734779,0.00010801243446035835,0.0006585140541740813,0.2360921124681708,20
10474497,0.00010786177021401,0.000509004360980137,0.17759578499384615,20
100686801,0.0001076671608259111,0.0005650731621268658,0.20238419660341167,20
5267060,0.00010759541976355368,0.0004479518168468736,0.14809736071946922,20
87730607,0.00010757763635886041,0.00039377987287675934,0.11837173634325894,20
12822702,0.00010749236631437953,0.0003877127671692737,0.11505617532176449,20
77089322,0.00010745016971072385,0.0010385314019207984,0.3244162426011343,20
64883740,0.00010743133256243542,0.00028258842241406175,0.0527056718621153,20
17226471,0.00010740183275406712,0.0005177024801286968,0.18257852765168253,20
21281767,0.00010716160936327657,0.000244627290959878,0.032472785164709146,20
118945824,0.00010713668869504478,0.00026055380231147546,0.04080719314612785,20
21491775,0.00010675366361989347,0.0015647121783474137,0.38179797385047376,20
74073037,0.00010669642130573254,0.0004897262407568631,0.17106465982476077,20
151941664,0.0001065948907699621,0.0004512537295224256,0.15201548886898344,20
152895186,0.0001064563757645548,0.0004408466112209348,0.14684400282957838,20
74,0.00010615286078216046,0.0003289254137632368,0.08261428634388948,20
55721840,0.00010591737157494008,0.0001460131915681869,0.0021351266746308015,20
123674904,0.0001058444480173143,0.0008422836568903572,0.2903480874055083,20
23096027,0.00010581068245509861,0.000328124681436049,0.08277323555217805,20
177885142,0.00010575509124279292,0.00043373302723932815,0.14458225984046788,20
125155322,0.00010566820201688421,0.00024107939812500714,0.032402332607180985,20
464840,0.0001051067310773146,0.00041663228088815486,0.13663687258617166,20
10268177,0.00010508088441551766,0.00019496938166005084,0.01311807635871916,20
119374066,0.00010503041688555981,0.0003666177079151948,0.10777041971168144,20
164592465,0.00010484032949531485,0.00036840710647654363,0.10924475463348073,20
2211625,0.00010478490876980884,0.00022184628196164093,0.02406174062534346,20
71579736,0.00010475651775893047,0.0006519974745970864,0.2405844583850314,20
34498398,0.00010466952743893587,0.0005215563404915727,0.19034243500649906,20
34337112,0.00010453332163180284,0.0002789065134181663,0.05504401723888211,20
54858762,0.00010452331427279193,0.00019625353680824295,0.013918061110728212,20
232313864,0.00010437462248752972,0.0005362386571916494,0.19745544596955117,20
98840082,0.00010436012255178873,0.0003361155753896307,0.09051760612869715,20
80019842,0.0001041598682320094,0.0003137895664737147,0.0770405025389301,20
92843716,0.00010401555881802416,0.00022983842139549963,0.028636526608141494,20
19481492,0.00010389212534955838,0.0010326654382956121,0.3289286075465902,20
40743662,0.00010385323691250725,0.00040219939575040755,0.1312520624827727,20
6,0.00010376628387287757,0.0006009927823357012,0.22476185398711945,20
105494612,0.00010364062696214537,0.0005744039868650962,0.21485071308311732,20
154858565,0.00010353009720255324,0.0003207537009860344,0.08258623661591864,20
41082022,0.00010350413456424179,0.00023051162046590075,0.029533782686197472,20
45630581,0.00010342030391062573,0.0002353341185414787,0.0320830781208649,20
22063337,0.00010331185752032457,0.0003157793396738953,0.07989007570317617,20
54811081,0.00010297825457924458,0.0006566241092964795,0.24578881235332012,20
42710453,0.00010297245344178529,0.0007816285989499881,0.28134607748013973,20
36972392,0.00010294843494136618,0.00037622045735115367,0.11800331682208175,20
40121121,0.00010293272545008336,0.00018458617629285118,0.011012131682403822,20
26890144,0.00010292997309125085,0.0002108333949405944,0.020880078245215938,20
80399178,0.00010291704896976394,0.0005695375826000945,0.21450991445708423,20
169009426,0.00010284499549282899,0.0005191077924943382,0.19334340664359806,20
35049131,0.00010284142687115583,0.0002797108199729333,0.05828222416543543,20
69478832,0.00010263584181330054,0.00033160134235859763,0.09117125306846194,20
73460672,0.00010249872521852498,0.00028688905651279837,0.06329388035838217,20
13,0.00010248522843993857,0.00033546498696772505,0.09390755523116597,20
70498975,0.0001024256568752907,0.0003177232905305616,0.08283381681078972,20
118572543,0.0001024044937220664,0.0004337937768192497,0.15216697198912554,20
93280307,0.00010229774836487127,0.000357102162576565,0.10778464982161468,20
63882535,0.00010224598315953238,0.0003115251480698614,0.07925868885871588,20
164868273,0.00010201281338830803,0.0004147755936076919,0.14255667749535533,20
1400892,0.0001019251627797424,0.0007344474338170779,0.271107105452698,20
196431156,0.00010180332116662417,0.0003121159869232998,0.08049326296234972,20
82695068,0.00010148869157659279,0.0002775372918480977,0.0592170455450903,20
67227276,0.00010146449430750437,0.0004349790005758117,0.15497766996175635,20
25885030,0.00010129624630848266,0.0005850693783693263,0.22414529538232952,20
99750697,0.00010128683291988904,0.0005014799344415274,0.18884796738673687,20
175607946,0.00010105477685495578,0.0006462975198986545,0.2464306390017123,20
8399282,0.00010095114406884765,0.0004037481474880566,0.13871253921282672,20
96108384,0.00010085942277995585,0.0004183341781600061,0.14721695288922695,20
62258977,0.00010083585383355854,0.00037847742125897367,0.1240665654255953,20
127789664,0.00010075553613748955,0.0002347125620979823,0.035015294494291686,20
5814566,0.00010057802908530477,0.0004275801998795985,0.153006152924313,20
82151758,0.00010054018593318726,0.0005966468619370062,0.2301652897036674,20
109737344,0.00010053079638965844,0.00023653163344205874,0.03630741082808715,20
89558578,0.00010024348094245239,0.00033231819219791585,0.09659542390755071,20
103844033,0.0001001524087986344,0.0004259584775228667,0.15310978984874865,20
28630797,9.991229159745097e-05,0.00025310211459577385,0.046783437889581385,20
57457300,9.976052170401483e-05,0.00030197505660091385,0.07797459496322416,20
61057489,9.972876172292533e-05,0.0004921929514280464,0.18810256554942922,20
120150516,9.957570499919965e-05,0.00016623788654977957,0.0074264514755656204,20
13270827,9.950884176109786e-05,0.0004965469946689549,0.19067422171318105,20
76366876,9.94197030246835e-05,0.0006953399821263568,0.2650902929476726,20
33075184,9.930455585637765e-05,0.00045712363323117104,0.1717486534022779,20
64089732,9.919629751721226e-05,0.00030917530992539434,0.0837936576195684,20
71030136,9.907888326895486e-05,0.00017133331674749826,0.009056062365111691,20
84493775,9.902844183388992e-05,0.0007469446515474334,0.280117565035756,20
70630073,9.897769810898738e-05,0.0004944841869495099,0.19095150445995412,20
31096209,9.890739430635232e-05,0.00016429615036383616,0.007214107315507476,20
46648853,9.872974324338646e-05,0.0003169084743377444,0.08981552433630904,20
156984216,9.871098931121258e-05,0.0003036596994036633,0.08116580887496534,20
235892970,9.869417264266877e-05,0.00025650465038739364,0.05077285416425263,20
143371663,9.868693529859196e-05,0.00016808369238206523,0.008322317424782944,20
60686342,9.86334245483389e-05,0.0005654718798087079,0.22248252047146522,20
58001530,9.831331106829045e-05,0.0005013087218747927,0.19570844481552024,20
155996947,9.827279664837152e-05,0.00023696888017323987,0.03961817191982973,20
211866197,9.818541682339866e-05,0.0002784841922220363,0.06567935731427746,20
81972303,9.799432949910702e-05,0.001641491822254378,0.3961807642819174,20
77889938,9.798827540875022e-05,0.0001754873828269574,0.01093588559994094,20
101752468,9.796519801860137e-05,0.00034489016666516126,0.10965706308944438,20
179008744,9.768374427827076e-05,0.0012397541814291074,0.3642187951475042,20
5416678,9.741718447497382e-05,0.00010619740483916798,0.00030321580358299124,20
91115213,9.735887260647613e-05,0.00045326741558437,0.17441329831153896,20
92879142,9.733304166805457e-05,0.00025429848070850905,0.051612260700349,20
176482805,9.731512448418744e-05,0.0005975852642721908,0.23766301363093867,20
1260932,9.730444267088689e-05,0.0002702851867060136,0.06194360241469625,20
239497790,9.713557489017532e-05,0.0005193988762369124,0.20667446236927545,20
48790620,9.710566564308798e-05,0.000518316252940438,0.20626636492009343,20
1212896,9.703170177813025e-05,0.0006747077028154636,0.26390633580798495,20
70555521,9.700625469729606e-05,0.0005168362082056426,0.20584503590818437,20
81350676,9.700398904976814e-05,0.00022621522368880244,0.03515286394161977,20
117571728,9.685477908135953e-05,0.0005227906399016327,0.2088286463526371,20
88331478,9.683504927096576e-05,0.000342794177348897,0.11087805354366073,20
21083435,9.66823512133369e-05,0.0006377211170068875,0.2529719054652694,20
100126658,9.66655056549831e-05,0.00032450810923723486,0.09928124454908634,20
61820294,9.664822099272607e-05,0.00014128285029940527,0.0032272157788332395,20
106312642,9.6548282004702e-05,0.00048595483231029586,0.19268788362370015,20
150454606,9.653288027577366e-05,0.0003675953637867988,0.12737022284590216,20
77498253,9.631157005119407e-05,0.0004291190840943725,0.16406141904588722,20
54276276,9.62839387440434e-05,0.00019087333011162376,0.018028291853454528,20
95939767,9.622500902530529e-05,0.0005049339694686019,0.2023444866637797,20
66174221,9.614781390636373e-05,0.0005303010173519186,0.2137507428459433,20
43705601,9.579361901662086e-05,0.00024677160730690253,0.049373950446421365,20
24037617,9.568960986636177e-05,0.0004552052337869391,0.17948359164661914,20
84422625,9.549549965058023e-05,0.0004896924077864698,0.1970162166120949,20
129784942,9.537579050705458e-05,0.0002931055651627746,0.08096588491848283,20
76677289,9.505991380923673e-05,0.0004483387542819116,0.17746309366776136,20
120136417,9.485020220175445e-05,0.0004384730254311745,0.17274659623913496,20
10819717,9.483049577318215e-05,0.00013971504437690832,0.0034028333092774683,20
87405761,9.482446180375248e-05,0.00026450062189969725,0.06268386773949962,20
56121439,9.472388899380291e-05,0.0002682648855355708,0.06540826594920063,20
44944605,9.434154057959832e-05,0.00022542774668742743,0.03837098767543146,20
43061380,9.430826176120289e-05,0.0002422141904899038,0.04890266891701035,20
85237518,9.402160581044872e-05,0.000759575593059496,0.29316498524916035,20
170202862,9.395610185796433e-05,0.00048549868562089275,0.19878883761159516,20
66895043,9.38391700656821e-05,0.0006922894189460989,0.27578024525572287,20
86113100,9.368111486488805e-05,0.00021685965022184823,0.034210869718142876,20
166670240,9.362135955439388e-05,0.0003669652970938089,0.13403502297567899,20
64275001,9.352885688619083e-05,0.0004457317603201742,0.1799084361418825,20
28068952,9.35009963252964e-05,0.00026289555216737733,0.06410585583534045,20
148378225,9.337589588400696e-05,0.0004486080008365049,0.18180267612076506,20
63874650,9.328828845884263e-05,0.0004601079831367735,0.1879506379843539,20
107958746,9.314051847600369e-05,0.0005820136013876262,0.24144539029787926,20
19020095,9.281554894702282e-05,0.0001667827497206983,0.011130442919177216,20
93915766,9.26857443059842e-05,0.00034144428484792746,0.11981682909195633,20
20229242,9.25720194089874e-05,0.0017473023756130472,0.4076220559342163,20
31297630,9.254308721456939e-05,0.0005062820636588753,0.21189927888993076,20
74341251,9.24781235885852e-05,0.0021103008773717593,0.4233537004894806,20
236316575,9.242953682023214e-05,0.0005829466108668128,0.24344181342547594,20
68866942,9.203971081389595e-05,0.00041887932288473125,0.16906266387543223,20
11688891,9.184554358787067e-05,0.00042255441951433474,0.17161850942554374,20
88491237,9.1831813613652e-05,0.00043816389829528217,0.1801871915333243,20
106758406,9.180993335529964e-05,0.0002207344651745832,0.039212575852703796,20
73101763,9.178808780739567e-05,0.00025836372117802583,0.06430356485502288,20
61900579,9.16308570753338e-05,0.00036722509724429914,0.13919036803348142,20
79566181,9.157160995769131e-05,0.00022484987828189825,0.042172432703830524,20
44650118,9.15032258286097e-05,0.00030852862039114755,0.1002247347458244,20
128420255,9.1461526269071e-05,0.00020332945644677854,0.02932880443868929,20
126418134,9.144745977862356e-05,0.00023860163476019608,0.051397371483268936,20
78687516,9.137024727776666e-05,0.00044618815355971977,0.18562415395419674,20
101915309,9.121304202666102e-05,0.0010445880170322872,0.35025336663001544,20
32035421,9.120687100010461e-05,0.0005485866283527133,0.23312887071017258,20
23282061,9.111117213110864e-05,0.00035356919396030927,0.13172048702565475,20
125314805,9.104760083356312e-05,0.0002822656243516017,0.08271776554697866,20
180413154,9.071541780459602e-05,0.0005783786199952457,0.24576902949234591,20
63462365,9.065578463512137e-05,0.000303385959809958,0.09861240015015377,20
66255110,9.065348079295154e-05,0.000582624773308953,0.24747610176624346,20
121711003,9.047097565747786e-05,0.0005378612129138423,0.23056375886403718,20
157584520,9.046188237852859e-05,0.0003995112375499605,0.16197934089479682,20
128558727,9.038845753245873e-05,0.00034088792565470887,0.125157235805927,20
28637852,9.028367179484132e-05,0.0003598486158479941,0.1379149791788779,20
59543909,9.01943942027944e-05,0.00030190708661002126,0.09865868668566928,20
8617183,8.955529379354732e-05,0.00041402840856758145,0.1727651730553662,20
149971967,8.94945306033762e-05,0.0005234687463243098,0.22695797519615463,20
54998032,8.947190685527906e-05,0.0005183508263004093,0.22482563774966002,20
140160073,8.945755423203916e-05,0.0003455389929790402,0.1306459410923459,20
126585449,8.940017121251143e-05,0.00025811773461813746,0.06894579510086937,20
83369505,8.87711524994339e-05,0.0002428796582821187,0.05930272688200072,20
102926690,8.874252176207243e-05,0.00021260807708023868,0.03872929991927804,20
98744169,8.872921379814436e-05,0.0007817423810644613,0.3087892387281843,20
78798133,8.87287615637028e-05,0.000432985376210892,0.18546004705913766,20
54053951,8.867213891047e-05,0.0003123804186392589,0.10980369054724691,20
31822999,8.86362037366556e-05,0.0008804265607798781,0.3288203402257517,20
71413483,8.850787188496578e-05,0.0005459466044394044,0.2386389990172521,20
11820402,8.828563802328881e-05,0.00040823992159470893,0.17281209612765797,20
151174295,8.825035334442954e-05,0.0006094901365708411,0.2625159907740924,20
160262903,8.819085176957898e-05,0.0003744924171963173,0.1527381648912366,20
24294074,8.816889267100892e-05,0.0003160913950664095,0.11369772329088407,20
13473298,8.813708045532776e-05,0.0006174582533891737,0.265429439226218,20
22492030,8.806320302580106e-05,0.00016707209390774108,0.014644841737202187,20
135276065,8.79479533307359e-05,0.0002449714510554546,0.06243214944346596,20
15626724,8.776366730776363e-05,0.0003156062474497381,0.11438464889468779,20
3217887,8.766549597783447e-05,0.0005573610402179171,0.2451662296456324,20
10671101,8.762387770132052e-05,0.00022882142255208356,0.0515349023433537,20
116817349,8.747922203686254e-05,0.0005162838585229661,0.2289455255956378,20
59765696,8.739235193860884e-05,0.0004490124674209636,0.19746706629502586,20
133561129,8.721659568229345e-05,0.0003939556940001584,0.16729047168933137,20
24527946,8.721561015138379e-05,0.00032449871991926217,0.12206994361443575,20
114608596,8.694857433314828e-05,0.0003972361311199283,0.16997025024704548,20
21022038,8.69093722379477e-05,0.0005814253192514598,0.255934159104347,20
117147006,8.687233648581594e-05,0.00030950432093623874,0.11230405749459269,20
104530243,8.661632888503357e-05,0.00038660238613160244,0.16447687967117253,20
84671390,8.656743670104605e-05,0.0002631962737626219,0.07884018359699416,20
46374789,8.655000090494747e-05,0.00034954172391735855,0.14098362800245448,20
113366165,8.652788683258528e-05,0.00046253030098947933,0.20660125209400815,20
135563101,8.649056911075037e-05,0.0008981976142991115,0.3357887712162605,20
101,8.632475390719651e-05,0.0004856669685150179,0.21824505216118623,20
82847412,8.62184571114255e-05,0.0004872138567407095,0.21923985411405472,20
72,8.618182532758311e-05,0.000737988394312907,0.30376502308620107,20
12472474,8.609428312270351e-05,0.0005129365207584655,0.2310356400566484,20
3084866,8.604981570665693e-05,0.0008725269283979549,0.3320779174665789,20
24887193,8.599181296647108e-05,0.0003979248906666174,0.17298484633737615,20
35443662,8.589971034186627e-05,0.0006483948960414996,0.2802604646414827,20
224082330,8.563058974786208e-05,0.00048571678635190993,0.2200873241639799,20
86073052,8.558682003110551e-05,0.0004360880858159415,0.19553434090377958,20
90522149,8.53845601527542e-05,0.0005486510950717084,0.24743315275257893,20
124983825,8.500517337654278e-05,0.0002695571638757445,0.08730741415452216,20
79445200,8.497983843877843e-05,0.0003980343555652028,0.17583609058316962,20
69540514,8.487601364942921e-05,0.0004950166437389098,0.22631282941592984,20
50444456,8.485008922191895e-05,0.00024184864931399089,0.06657574634491793,20
30734108,8.473154448807862e-05,0.00024099588092220886,0.06618640140481676,20
119950355,8.462871221113777e-05,0.0010752074245112633,0.36435678640382707,20
90493534,8.452594007161695e-05,0.0003526482206380928,0.14859114380705601,20
67665171,8.436963232027472e-05,0.0002505192867570705,0.07424061824607583,20
58415744,8.424137951979216e-05,0.00044399541515479567,0.20335609467473387,20
29245073,8.418721990279543e-05,0.00040788855111638714,0.1837806862497448,20
60418506,8.418451056318443e-05,0.00027402028600580046,0.09272843367056822,20
200435300,8.399944024872207e-05,0.00049526985940054,0.22873220295314417,20
27041672,8.383919061665246e-05,0.00044571647619520076,0.20534702987992398,20
30930418,8.379139511127398e-05,0.0002876607828770765,0.10412845423383238,20
78397846,8.37745388156147e-05,0.0006330044584158828,0.2804602588170102,20
201035607,8.375884880687801e-05,0.0004996669267948473,0.23132038380650066,20
36858145,8.36781760974431e-05,0.0005325353121775559,0.24537738750523164,20
83,8.355987515392405e-05,0.00043696083144801153,0.2015466892538561,20
190422067,8.34897575424931e-05,0.00026333919406745896,0.08621244854734679,20
10079726,8.342121221004972e-05,0.0002601603530357159,0.08391238520141786,20
48652015,8.333193135946493e-05,0.00025855706603852645,0.08288226750518768,20
49864134,8.320113176780719e-05,0.00020820174344285226,0.044939348976212226,20
56655739,8.318255704475031e-05,0.0005133242099250844,0.2387346544231207,20
52738399,8.317428961158169e-05,0.00024886334816702136,0.07571309693546582,20
7066164,8.305169563982695e-05,0.00044995772165920366,0.20967958793045577,20
23205811,8.302727778176922e-05,0.0004583800800102914,0.2139714112574863,20
29471323,8.301343554374952e-05,0.00030937617088687083,0.12244693614482485,20
86107574,8.287769173875026e-05,0.00040041979681709424,0.18312353600088532,20
60,8.284120048926424e-05,0.00021553421924650114,0.050943875000878894,20
122753197,8.25135019002915e-05,0.0008442594833294578,0.3334891841859722,20
82089727,8.243390216723934e-05,0.0005132623143678004,0.2406684810458528,20
54894419,8.242648781157657e-05,0.0002312475017094319,0.06371118438640704,20
97838947,8.241539314455537e-05,0.000439374953881751,0.20598977494840492,20
146170911,8.227999201181058e-05,0.00024242422333221872,0.07275611203294483,20
104292666,8.22189772411247e-05,0.0006568894143818913,0.291094502324598,20
59,8.215241707777154e-05,0.0006037317968867697,0.2750170799029184,20
6069329,8.154138857558169e-05,0.0004691715379387364,0.2232903331327275,20
106357736,8.142244014007483e-05,0.00028517074037311325,0.10851290140980059,20
138765060,8.141488152486887e-05,0.00027417857001667506,0.09996228052000516,20
81301664,8.122963429584296e-05,0.00027553222692695015,0.10151648737948189,20
15231767,8.12129957699248e-05,0.0009467763656981258,0.35276213704278636,20
611017,8.115023347603779e-05,0.00041002675989733805,0.19358345498065815,20
213667581,8.110514871940977e-05,0.0006850715859391801,0.30131162413449075,20
30896120,8.107082970967572e-05,0.00036100839995749167,0.1639275216227457,20
162390353,8.092118275538906e-05,0.0003187071740071209,0.13514455772296513,20
174402618,8.083514509449886e-05,0.0008430892258327887,0.33645017979373426,20
189621974,8.079352485776403e-05,0.00033790535058957104,0.14916756768928052,20
100452646,8.071439831198456e-05,0.00018032383524059416,0.029898384529995083,20
151176082,8.067864768747935e-05,0.00032413907522682367,0.13977082213821979,20
32271517,8.063128109603301e-05,0.00031917957268184205,0.13632093825398264,20
51851725,8.061656694293706e-05,0.00039701562043126525,0.18760113388002836,20
102643505,8.049068323268405e-05,0.00034463838748805323,0.15468715703073063,20
106535402,8.049031760057057e-05,0.0005401654870355358,0.25658487454714624,20
51251485,8.046858533290457e-05,0.0005060176219323793,0.24280828570168606,20
52845548,8.04468324722779e-05,0.0002842594081345496,0.11047183017943027,20
5815474,8.03140576917022e-05,0.00032135194255520657,0.1388144129078517,20
17228286,7.995940989955208e-05,0.00041678551237382157,0.20080147756348926,20
99191529,7.976717561713475e-05,0.0003570666821153775,0.16516101623404644,20
41844108,7.973066210516244e-05,0.00030952229817628993,0.1318075634333635,20
49196518,7.959625847838713e-05,0.0005579514296680891,0.2655486860977151,20
52,7.955890392641607e-05,0.0007777344022612466,0.3262569347051899,20
86774931,7.946914214829182e-05,0.00029801122526000975,0.12386119177534421,20
112742536,7.943819118093332e-05,0.000573806220518651,0.27159315249765226,20
119459916,7.939722160647533e-05,0.0004105684530311133,0.198957897655141,20
40648140,7.934174352410838e-05,0.0005375328819969998,0.25855544147242615,20
51117452,7.93316143742867e-05,0.00025492538282145355,0.09004528369969514,20
23317309,7.929246600301975e-05,0.00020926397099922924,0.0532453695669691,20
177610104,7.913037146279888e-05,0.000505147263689876,0.24603668344092455,20
38501229,7.912822593856006e-05,0.0004284748041275851,0.20955891398518484,20
73874918,7.907533170979919e-05,0.00042373605698367095,0.2071664289873551,20
46352122,7.90644345940561e-05,0.00016646330873012146,0.02350483021810694,20
24719462,7.878820487488558e-05,0.00038741730250930974,0.18724285244030625,20
10280102,7.874583863813067e-05,0.00021232978832444262,0.056810870403699906,20
46787594,7.8614912554692e-05,0.00015655606358890676,0.018407153303548612,20
74875565,7.854709923469927e-05,0.00038126983801557365,0.18421611490662637,20
15272218,7.852692017497331e-05,0.00029932136407136227,0.1275944716633006,20
13873691,7.844123378389356e-05,0.00031108573354450835,0.13675094769713395,20
13812283,7.84278948336381e-05,0.00021891190382938917,0.06280345871891702,20
220675230,7.841991734999498e-05,0.00046314048614370983,0.2290999219007227,20
104934301,7.841561612177694e-05,0.00034600579262897106,0.1617717112595281,20
9219662,7.830702401490364e-05,0.00030508632211509657,0.13263500907294817,20
72482572,7.829138527944702e-05,0.0003400098859011218,0.15802626862186903,20
109244436,7.820098954971766e-05,0.00041586510312118554,0.20541507462652508,20
99652160,7.808804362342825e-05,0.0005021796898568645,0.24760858319599227,20
22805654,7.799840429792704e-05,0.0007225102314321668,0.31738097169856555,20
117055764,7.791776095922576e-05,0.000284955796379671,0.11816875277468511,20
81171790,7.784056430655828e-05,0.0007964598862605603,0.33349169504256604,20
20881762,7.783374789465946e-05,0.00032750243283941814,0.15058836259245892,20
62488283,7.761590841378063e-05,0.0002116998410034151,0.05876743343510342,20
66071190,7.729721250886446e-05,0.000592660088168064,0.2832840748149803,20
87638843,7.725316418136508e-05,0.0003639890395637662,0.17722657905406586,20
153495323,7.717278218205559e-05,0.00036736406686626883,0.1796404816437176,20
51073523,7.697332348188812e-05,0.00044398241197692593,0.2238424302904113,20
85095065,7.686456680834619e-05,0.00038144759534379394,0.18939003831738976,20
138564590,7.66615657011943e-05,0.00042547385901949,0.2151680733709771,20
139193638,7.617532605808664e-05,0.0004991769418488494,0.25159340112598216,20
85695877,7.61528901529529e-05,0.00018795957478063825,0.04291821322021783,20
1811318,7.593765798095953e-05,0.0004013473927889829,0.20399767431695798,20
130320119,7.584383785701476e-05,0.00025845318714436415,0.10251599769722641,20
63870607,7.580814568203809e-05,0.0003327332585835093,0.1605232989840446,20
128269592,7.576215815813248e-05,0.00024698488216918265,0.09305108868229872,20
36439115,7.575894183942943e-05,0.000153026492463965,0.01962701636062737,20
189021465,7.568159184753453e-05,0.00034275361655436876,0.16791112294784588,20
126782300,7.565107353924572e-05,0.0003420458519157326,0.16751896226376534,20
73031538,7.564807836057396e-05,0.00034961258018175134,0.17268398184562705,20
82102184,7.560247772875339e-05,0.0005436164839382876,0.2706820638200549,20
29133969,7.557518457430856e-05,0.00032333458693679966,0.15450019033459406,20
58296806,7.541597051637372e-05,0.00029098243899255505,0.13039299197787987,20
76876496,7.538768711390642e-05,0.00045921236703356095,0.23590187795321815,20
127382494,7.536404502774818e-05,0.00030938509192109825,0.14480530943005016,20
78286828,7.534311891737034e-05,0.0002835963265164576,0.12471432148539482,20
25761030,7.528600298697674e-05,0.0004584120333541046,0.2358156314451097,20
30895466,7.528435680360379e-05,0.00027690057533041624,0.11945832410312972,20
31097262,7.512800113924356e-05,0.00014045936835949786,0.013626502780699478,20
122874307,7.501856585984956e-05,0.00023968648780702386,0.08885715238666712,20
9826757,7.497321165457482e-05,0.0002718169324892378,0.11621305572118003,20
82692515,7.496018680106243e-05,0.0002622984935546839,0.1083118615350642,20
114651277,7.494875854235916e-05,0.0004859675832612751,0.24935461733787984,20
164505661,7.48909579214474e-05,0.00026179769850370304,0.10809418482925305,20
14222782,7.488848934167625e-05,0.0004612851703469916,0.23833178231528257,20
73273361,7.481521759872823e-05,0.0002871606688582846,0.1291902469063188,20
48754129,7.479696368018207e-05,0.00035171046504072314,0.1767550868969045,20
128869943,7.467382185965266e-05,0.0003910320309963169,0.20186508015542914,20
167107415,7.437904493751146e-05,0.00013440247185849902,0.011459787451921602,20
62420716,7.430744500569464e-05,0.00034034820426123903,0.17056969276614137,20
99391833,7.42614991327134e-05,0.0006876193833931306,0.3173135894156113,20
40375442,7.417210806757169e-05,0.0003182212408637575,0.1551588475082357,20
29564744,7.417132904340429e-05,0.0007257501204657135,0.3264087380176389,20
39742505,7.412022107100847e-05,0.0005180546507038479,0.2649563284990608,20
76506771,7.40957514130891e-05,0.00047418490422708324,0.24656769132385797,20
4814218,7.408308864093605e-05,0.0003924625863501382,0.20453587337018503,20
53357042,7.402846285190224e-05,0.0003841938977960592,0.19979499715213656,20
8635612,7.402672764336704e-05,0.0003266908379537811,0.16180839512838419,20
72471207,7.401126176718176e-05,0.0002275654058721762,0.08106795531911971,20
51845181,7.400946958677768e-05,0.00029861380345665384,0.14076376684341502,20
79397567,7.398638372016486e-05,0.00037397993538922683,0.19367670489462036,20
90121833,7.395347728309243e-05,0.0011433017266761832,0.38775142647475813,20
78890598,7.390886676188202e-05,0.0003882891137422087,0.2026163140159391,20
12028554,7.390508339767398e-05,0.0004262248278381346,0.2238109786578416,20
14441022,7.389908346493168e-05,0.00028176467145758625,0.12766229985901154,20
51608348,7.378469334501092e-05,0.0002688463747937621,0.11733629335286426,20
101594504,7.377323367327993e-05,0.00020157014138271173,0.059067639803202905,20
39258742,7.356003485502472e-05,0.0008891854025166546,0.357748925549529,20
153195334,7.346428598603572e-05,0.00023306599775145805,0.08740057005258078,20
141762780,7.332740736804289e-05,8.05431997965869e-05,0.00032538840178701037,20
129221880,7.328341624833201e-05,0.00017078314808225632,0.035066129823123446,20
26090381,7.3163739164675e-05,0.00026020941616184323,0.11191530969001383,20
117810312,7.3146508559363e-05,0.00014803959661809814,0.019799737975320204,20
230088621,7.314105733367548e-05,0.0004440786436421591,0.2351896084342796,20
94143826,7.294691673309094e-05,0.001201371488961223,0.3944495412778998,20
42796789,7.281997283063446e-05,0.0007303078982863872,0.3303465380525813,20
92914566,7.279159925187573e-05,0.00040734512741692774,0.21703748572771797,20
66224965,7.268622809365188e-05,0.0007080892293464722,0.32569612601767906,20
114119160,7.265730014202332e-05,0.0005143416220034695,0.2675403681483211,20
96946291,7.262427983404929e-05,0.00028700085710464695,0.13593066499149514,20
69596862,7.251755834583317e-05,0.00024569660713324185,0.10126659833960107,20
8417115,7.250746503200401e-05,0.0002166347758077183,0.07543405576095016,20
37458865,7.228712355923928e-05,0.0003025905554506222,0.14937072538741136,20
98239298,7.227051169513831e-05,0.0002750331688646258,0.1272271625501157,20
95508540,7.219389307037693e-05,0.0006604003550745651,0.3152587520970338,20
47608580,7.214748347060818e-05,0.00028780258803145803,0.13810933481229953,20
57360857,7.203773236034162e-05,0.00017374531402346242,0.039648452923399115,20
45230520,7.195184981318437e-05,0.0004251421454244927,0.22920487138986628,20
31671262,7.185426564512709e-05,0.00057025301811171,0.28983984762650294,20
202854721,7.179525866823078e-05,0.0004767143504133105,0.25436276152048043,20
109098973,7.168689254305749e-05,0.00038830012034073635,0.20962937537215864,20
44045851,7.164502889435709e-05,0.000286127604947154,0.1383772932998663,20
72559339,7.155857364253837e-05,0.00035999970763977697,0.1925748165320305,20
239698107,7.147561283739056e-05,0.0004078153268452433,0.2214076609424908,20
101533066,7.143363348416643e-05,0.00039768892052514547,0.21587013096463553,20
171201192,7.134185345891719e-05,0.00017834058019061615,0.044785558476015536,20
32071463,7.119577763924357e-05,0.000378911334571096,0.205596576725541,20
83352667,7.11725065101032e-05,0.00033444022911877666,0.17659528488976506,20
150991740,7.115847959852096e-05,0.0004237275295581017,0.23091913365051198,20
46446181,7.091989522323982e-05,0.0003799412046051421,0.20711042690669906,20
53757497,7.09010803134985e-05,0.00021894341545435525,0.08192807433326198,20
38139802,7.086029336736688e-05,0.0004640968225273604,0.25147948061735137,20
187822545,7.083388477422404e-05,0.000444790775170605,0.2424985278323818,20
33256253,7.066575077716852e-05,0.00029537818662090396,0.14903297341306276,20
49915506,7.047757583042991e-05,0.0004984015791280446,0.2673337576253497,20
97512306,7.041591417235871e-05,0.0003663426176568324,0.20036182774215927,20
82752285,7.035681328700361e-05,0.0005257120145663353,0.2782833302715052,20
207861406,6.984113221543687e-05,0.000514626849549641,0.2755431246335509,20
153384069,6.982818936848434e-05,0.00035535370738284667,0.1952470009581554,20
79490928,6.98257503877725e-05,0.0002177766498111567,0.08392684686822525,20
40344920,6.979899858707562e-05,0.0001811294404684077,0.05052980925214162,20
110409248,6.968570288970188e-05,0.0038785683204833345,0.46839950424310317,20
126618229,6.946608802092246e-05,0.00039216705932506744,0.219021362101033,20
151454874,6.939402170833276e-05,0.000270977547849722,0.13316170727613255,20
22223555,6.918536314670654e-05,0.00048625162743607775,0.2660831570285165,20
85907479,6.912945759019739e-05,0.0003016192639798524,0.15912108673687597,20
3212105,6.910664217177342e-05,0.00038897269969374485,0.2183469382239585,20
26429117,6.906567058510282e-05,0.0005079809004304892,0.27518144327984195,20
12220740,6.906098606215827e-05,0.00022638268362442976,0.09421076058707605,20
67064654,6.881077598773766e-05,0.00048576015757539713,0.2669783757000248,20
91914423,6.880873055082892e-05,0.0004871831537233836,0.2675758652831546,20
144172700,6.87748247585357e-05,0.0002888751918497536,0.1501742230415729,20
107333314,6.865402224763006e-05,0.0006002028527458537,0.30743203792952023,20
189623964,6.855209885366365e-05,0.0007310943445871642,0.3398367396445979,20
107006216,6.845391823355751e-05,0.00042111350770663745,0.23805456565012567,20
62727746,6.84433666628681e-05,0.0001870679012894595,0.05912341146581648,20
18444280,6.835331378994836e-05,0.0001913922302980177,0.0633633748876148,20
23639667,6.823328714249677e-05,0.00037472102421522407,0.2127711254032829,20
137191729,6.810105567190139e-05,0.00024097733269547522,0.11078679956484652,20
190021957,6.754650560258646e-05,0.00034417305609643563,0.1955378972814163,20
10020370,6.746856871914786e-05,0.0005520264529439763,0.2955133298864684,20
89255199,6.736453823056044e-05,0.0005368378253339023,0.29061647307680816,20
22757035,6.736098119322631e-05,0.00047007217210359123,0.2646361792986367,20
32018030,6.732022165122365e-05,0.00019230131913974434,0.06697397055424167,20
105894952,6.721888777460882e-05,0.00034494681785391193,0.19718726582071527,20
61326783,6.721649154030896e-05,0.00015636441052702387,0.03483663053672638,20
25284225,6.718496964595034e-05,0.00041674589563098235,0.23985365336112247,20
121555859,6.713966902283097e-05,0.0003718084114665475,0.21466924757767403,20
89875810,6.709857323505819e-05,0.00031211919725319134,0.17421179413964455,20
146578714,6.689498461978082e-05,0.0003101082591572858,0.17340546583013128,20
126556256,6.68136078135012e-05,0.0001870708884612601,0.06335374436497575,20
68857256,6.675736517459119e-05,0.0002023783089541457,0.07826937481872423,20
59725289,6.674450767248652e-05,0.00022824493300406618,0.10327828418721008,20
172205108,6.668521529025473e-05,0.0003312489456691298,0.18961378986893823,20
97910820,6.653750840439065e-05,0.0004884896923112905,0.2748192327277293,20
43042950,6.642978153146572e-05,0.00025481147594890916,0.12904253969382093,20
156197509,6.642833315180785e-05,0.0004962851479472658,0.2782546001996179,20
127758014,6.631215570217786e-05,0.00041873636069309313,0.24370389348278076,20
9473971,6.624160600726958e-05,0.0006117565844315185,0.31687264214574384,20
49889638,6.618385237589231e-05,0.0004933201525617482,0.27780356941992074,20
30165735,6.609292594614013e-05,0.0006139132528521541,0.3178430090491611,20
229311439,6.593497677686855e-05,0.000494874029413391,0.2791540983742684,20
7016540,6.593193827574007e-05,0.000278749997747673,0.15170951807239658,20
21481585,6.57275769773008e-05,0.0003633959767840535,0.21429951961190252,20
222879533,6.558066809856933e-05,0.00036189847773517746,0.21386994001358578,20
105803955,6.553007168169367e-05,0.0003690966192978348,0.21850281492466528,20
108404343,6.517950342244117e-05,0.00036288394456682443,0.2158784515071968,20
107406663,6.511317966595709e-05,0.00026998897953572595,0.14714692809168828,20
122781393,6.495482993346402e-05,0.00024351158321327506,0.12379504813130196,20
102490732,6.488307024820616e-05,0.00022029188001792424,0.10172035599792935,20
9867992,6.487236660811246e-05,0.0004980121983402361,0.28352238028733134,20
109122283,6.480719374544752e-05,0.00048587586701402436,0.2789400381331971,20
208286280,6.45665056899697e-05,0.0005870894465282585,0.31423563450320785,20
33041969,6.441766856976894e-05,0.0003780906806734248,0.22772368324735404,20
36533889,6.43812615767042e-05,0.000347753682620364,0.20898954632421862,20
62620768,6.437643294094076e-05,0.00034676213772028415,0.20835340163544486,20
201252335,6.436403406935576e-05,0.0002265244808788414,0.10958718912293507,20
55480106,6.424610779387774e-05,0.00043578375030031154,0.25880385419051416,20
12239399,6.423291102856943e-05,0.0002014323547925589,0.08503513571829296,20
68609943,6.417635575454438e-05,0.0011205805665176342,0.4003045738806177,20
164797031,6.414871032094094e-05,0.0005084368668967302,0.2895947797662898,20
103243628,6.409090428332043e-05,0.00023169661711424337,0.11556801267279619,20
2802132,6.406521508353357e-05,0.0001964691979062921,0.08054730661402493,20
21114700,6.399385517521228e-05,0.00036866369409163245,0.22356776319758132,20
46056053,6.381463779477626e-05,0.0006702563350764229,0.3375229709630049,20
75,6.37514859786359e-05,0.0003918707482556421,0.23788004532483714,20
48033866,6.370059199201361e-05,0.0003339635126237023,0.20213681963596514,20
101888862,6.348432236989165e-05,0.00035712505227245743,0.21821939026861087,20
91041588,6.332356900710934e-05,0.00036279787137307086,0.22233412830581162,20
107096320,6.321348468448784e-05,0.00012211600945652662,0.01597676186814377,20
91879560,6.319137816311326e-05,0.00017547081961720944,0.0618857216088202,20
81906525,6.318517463670126e-05,0.00013363419629694453,0.023957120188654656,20
113919030,6.296033315145166e-05,0.00033247841205591357,0.2038032672700149,20
68687348,6.269896235596983e-05,0.00042146526146848244,0.2569291305275576,20
132193488,6.267267539436516e-05,0.0005240427609483063,0.2994812102617591,20
68351510,6.264743509546145e-05,0.0003879737625421458,0.23950413950819016,20
106895234,6.259663368350376e-05,0.0006347140721052158,0.33207728691422245,20
148451798,6.240924990092156e-05,0.00029753227455986143,0.17999343089782016,20
132970636,6.240757269490582e-05,0.00022040639971824185,0.1103599992303134,20
1461290,6.239567995209582e-05,0.00046178774158146715,0.2764077918170717,20
137462651,6.236704613071797e-05,0.0002575255984234575,0.14616929924777278,20
59262730,6.224878247517717e-05,0.0005583856664232713,0.31190824292064206,20
28733857,6.218447450063446e-05,0.00016688994237187295,0.0560220991058595,20
20085342,6.212945949726489e-05,0.0004092074939512597,0.25266320776564516,20
60649224,6.196846491995644e-05,0.0005000734465819449,0.2929595103296777,20
26122324,6.183835567092344e-05,0.0001981085385622187,0.08941447683881386,20
132170219,6.181693798739673e-05,0.00035835966907836876,0.22496670504870425,20
61050397,6.177364200053159e-05,0.0003513493622387196,0.22069922990462165,20
38136026,6.170156396526628e-05,0.0005453148948413323,0.3093332518715716,20
131272796,6.169737048634938e-05,0.0003426472805864578,0.21531706524641542,20
83998810,6.161163396171954e-05,0.0011817403268451555,0.4090649842963459,20
55339971,6.13566396751114e-05,0.00036399292414516376,0.23009082930174568,20
223505095,6.122138580552105e-05,0.00043961306837486533,0.2704103923789921,20
217099271,6.114994230138893e-05,0.0003853674169221557,0.2432739167029992,20
36099780,6.112874315817308e-05,0.0002194337412487532,0.1139863928801381,20
97128452,6.111061960209496e-05,0.00029768319105328265,0.1850442473385121,20
112901324,6.095759721955751e-05,0.00043705849193050576,0.27010776610869713,20
72874041,6.078172073359089e-05,0.0005311215228754383,0.30734661430828425,20
45050208,6.0705754760789765e-05,0.00032286226791451527,0.20544004407902366,20
60526281,6.0583762853169684e-05,0.00020124462237975567,0.0970220697616809,20
120375512,6.054521119947809e-05,0.00019749330822971898,0.0931742371152505,20
103755301,6.0423355606409324e-05,0.0005505390550742151,0.3145836019718493,20
120776294,6.032269554048231e-05,0.000980393280374745,0.39307923313358106,20
104044426,6.021580353163802e-05,0.00047608598283992995,0.28912902825852316,20
160588285,6.008634450347106e-05,0.0003990926977682874,0.25442812227008627,20
152742530,5.969903724770964e-05,0.00043201983210960546,0.27196089237833987,20
203456504,5.9490569096407045e-05,0.0004565388088275698,0.28345571315563456,20
77418949,5.9417414841084204e-05,0.00015803012382842595,0.05451811708681875,20
114102167,5.9388638382698586e-05,0.0003233644629220558,0.21081814420816308,20
64572470,5.934182311543856e-05,0.0003503677386455608,0.22903712387697417,20
134753876,5.932390284354716e-05,0.00038868474496753214,0.2515582328033926,20
34656812,5.929506517660388e-05,0.00029766038518020955,0.19207177097968814,20
117147205,5.914698834265097e-05,0.00035537448578331775,0.2328940058178982,20
66374774,5.890260665291081e-05,0.0014661386683646916,0.4296571430348651,20
662414,5.877751045772483e-05,0.00025651812625129345,0.15918127408134503,20
65063263,5.864056812912299e-05,0.00047736896335189314,0.29457799746453744,20
67475084,5.844829050573319e-05,0.0001884901772855913,0.09078728749895086,20
126529036,5.841707487977965e-05,0.0006147836706809923,0.33782529394590405,20
22116306,5.821408733148181e-05,0.00025032372537036896,0.15569287499614545,20
127957893,5.8181785047209386e-05,0.00039667390110987357,0.25986180640651885,20
65529644,5.811657420072558e-05,0.0004075022026757022,0.26560773889135486,20
96482880,5.808319417490715e-05,0.00040355279860781893,0.26374075159364285,20
62,5.7982674690759684e-05,0.000370779855148029,0.2464022390601227,20
240899306,5.769483517781004e-05,0.0002597529362588137,0.1665171656417469,20
85688647,5.765899811717989e-05,0.00023259331436723788,0.14071411834053546,20
60857457,5.75351372570726e-05,0.0012106820972545046,0.4169789609210034,20
181211581,5.7521888357939253e-05,0.00029959604850149883,0.20062057690346424,20
122177256,5.745603966323121e-05,0.0002888883338416838,0.19244282274846414,20
54397690,5.742905118692743e-05,0.0003294407140654179,0.22261600506018248,20
22035150,5.730485081299474e-05,0.0004030125029518199,0.2662140852255055,20
21422699,5.729892559519778e-05,0.0005654935877203903,0.32778961689979247,20
7670148,5.7126243986557745e-05,0.0005651749385978927,0.328182542516824,20
19640054,5.704414611619468e-05,0.000261538607426028,0.17080491908855144,20
145735769,5.704059284667995e-05,0.00020654001631224519,0.1159283537822899,20
50935057,5.693437201039209e-05,0.00038126838686478135,0.256140135559229,20
104556129,5.6931657168604596e-05,0.0004232298340250324,0.2772826803991046,20
80100495,5.6921043745042364e-05,0.00028424799643342167,0.19084921585014286,20
126818262,5.6912947748774534e-05,0.0003269314256347337,0.22292542245560037,20
76018396,5.686398716307217e-05,0.0003728578934004909,0.25172248259379254,20
42703618,5.67689181096176e-05,0.00013721904692152193,0.03995203266433459,20
44066406,5.676773527258927e-05,0.00022325030641627113,0.13480340313663303,20
133223217,5.6646789123890316e-05,0.0002720146178461749,0.18168635623101892,20
62661961,5.659238836694391e-05,0.00026521854725755623,0.17596676133509914,20
3814857,5.6568851193686266e-05,0.0003369502126981772,0.23098435726122551,20
73161393,5.6287999963902655e-05,0.0002025230592248959,0.11450211563164764,20
126982373,5.6221435072287275e-05,0.00016537822366318063,0.07244736771767576,20
88329878,5.614477614018509e-05,0.00023591486013445698,0.1502635444749436,20
6215711,5.60636982064433e-05,0.0003408857701482403,0.23550620425206115,20
15475595,5.6022011168940786e-05,0.000154581138154783,0.06077422742980638,20
130185176,5.576708417672216e-05,0.00036480112813344525,0.25122319435658813,20
28237985,5.553397976905683e-05,0.00044909953912731533,0.29335329398663956,20
71212979,5.547107580179123e-05,0.000677652965245155,0.3591754616978893,20
82351846,5.5356296378927805e-05,0.00031348712638318933,0.21972381545271846,20
40042617,5.518612593313765e-05,0.0007084720647447524,0.36570182080767744,20
235492499,5.5176147612556735e-05,0.00018960817802218032,0.10434160516076943,20
196242764,5.509103042158903e-05,0.00041197671105574726,0.2784408601848236,20
19480833,5.4804630879862205e-05,0.0002142443767671606,0.13341789295844542,20
3212494,5.474914239315953e-05,0.00024085193350613176,0.1610618678481604,20
147177468,5.4584706468263634e-05,0.0006519297801259223,0.3561107641405612,20
2614147,5.4566203586167705e-05,0.0002516321075321582,0.17217051137059802,20
95308495,5.44503315582423e-05,0.00044779397590626345,0.29645255136757775,20
84603492,5.435015015157474e-05,0.0004630363401499524,0.3028520717910901,20
11875535,5.419209651839896e-05,0.0004311930503298693,0.2903245428018453,20
36856004,5.415534156127666e-05,0.00045556773796959736,0.3005742720081677,20
161394000,5.3969924477961785e-05,0.000614805997369563,0.34949938437025735,20
121524909,5.389787215305808e-05,0.00017514073307900742,0.09237362808826656,20
31696488,5.3784851308807945e-05,0.0002582151730593546,0.18163493947592357,20
22488198,5.3749630330179873e-05,0.00028376827031370853,0.2037459759035941,20
85449760,5.372977076062713e-05,0.00031811558537834654,0.2296521991028092,20
242700770,5.3708157581811025e-05,0.00037384771792805144,0.26411897448080346,20
133007053,5.353646510642407e-05,0.00031874923849794395,0.23088835863765778,20
143764706,5.3448300870162504e-05,0.0007724529298911869,0.38017727449892136,20
32567801,5.334310233280626e-05,0.0002752188152998642,0.19843526544782125,20
92182752,5.331895796668873e-05,0.00049993173391217,0.31941375495567736,20
6869794,5.323943712244039e-05,0.00030784540797421865,0.22439488763341348,20
85292058,5.3208020795486585e-05,0.00015127019091159576,0.06610745739125591,20
66685639,5.318147256330452e-05,0.000271472728347301,0.1959612618945567,20
88110666,5.3080823211115737e-05,0.0014887710308452667,0.4374985449681945,20
72214276,5.3040821372324356e-05,0.00028542399752610245,0.20812962544434987,20
130391352,5.2888747992810295e-05,0.00027502889737933173,0.20025455491167304,20
69888173,5.282346021163453e-05,0.00047112623307567865,0.3109166828300316,20
116810010,5.273737367895159e-05,0.00042689880435621937,0.2935338507455333,20
133388628,5.2720134470596316e-05,0.00044594605196149664,0.3015678385955276,20
56612836,5.262859670908948e-05,0.0004063755899649177,0.284637709349116,20
52874816,5.260240150538053e-05,0.00023690283709125402,0.16659378642107187,20
29694584,5.2392627998362753e-05,0.0003046871626279893,0.22567133900388242,20
175204709,5.229538264348299e-05,0.0003908884855454461,0.2783498529366874,20
126755412,5.2170943544313506e-05,0.0002922169372422585,0.2172432949466443,20
18038560,5.2137750182482126e-05,0.0005583714950479371,0.3404660818070271,20
18878071,5.213409607275066e-05,0.0005165536302228108,0.32842041026181534,20
21447209,5.202970455733258e-05,0.0003569496230233087,0.2611473306896578,20
160662929,5.1980691919187304e-05,0.0008790728974593174,0.39714291384781936,20
78078512,5.168972997155741e-05,0.0002921971497889272,0.21931886894569025,20
124728429,5.148295429531491e-05,0.0005054916246367639,0.32696494277363014,20
55450271,5.136352947606448e-05,0.00058414306250574,0.3492622201784279,20
38443758,5.116374886653674e-05,0.00043442274465317024,0.3022480044228454,20
39542407,5.0764191331090224e-05,0.002197871907980962,0.45940652712453167,20
17287814,5.0737673220252466e-05,0.0003281997911175573,0.2488488662829157,20
53658222,5.067500087636012e-05,0.00038228596543077656,0.2801471485315641,20
30493665,5.0463717690413244e-05,0.0005859281538982043,0.3521955670134769,20
84403409,5.043778044581393e-05,0.00027552809701577484,0.21156422518092644,20
1012890,5.04290665418905e-05,0.0004646533874659092,0.31648411414032607,20
14824119,5.0406680468964574e-05,0.000660561501268812,0.36832513579260984,20
86097013,5.0317921931553045e-05,0.000234452085571255,0.17460431475067256,20
89,5.031027786422393e-05,0.000435144515123974,0.30554174674862716,20
16252197,5.015387185265396e-05,0.00037005252948391223,0.27580537180021714,20
106532291,5.0097475307339655e-05,0.00032614485805445,0.25020916016332256,20
69934529,5.009609211499844e-05,0.00047032332884481203,0.31963001701632954,20
54694393,5.0025164086495154e-05,0.0002484643652681373,0.1895872600227682,20
194826729,4.996795104928731e-05,0.0003890889693299651,0.2862428035860265,20
64606777,4.9963890011198166e-05,0.0003554573065902382,0.26854324937834734,20
811215,4.992421008514214e-05,0.0004927001531743718,0.3277860340781473,20
63771970,4.991649801034947e-05,0.0006405359887983262,0.36564449918759856,20
19845376,4.990432168229253e-05,0.00025818340282517143,0.1990697479250883,20
105511601,4.989137619016149e-05,0.0001809214789751206,0.11626184373274123,20
117771775,4.98594235852301e-05,0.00021870263024253612,0.16037484430386212,20
61464142,4.9819561354452754e-05,0.00019683507120436954,0.13587788484706903,20
63868563,4.973606868295955e-05,0.0003143610731166977,0.24390660235765604,20
169810416,4.962785021056515e-05,0.00043393342083806514,0.3074585572867381,20
187619570,4.9444637315215755e-05,0.00022888149981135572,0.17306482064007772,20
20846666,4.914285936127305e-05,0.0003555976980244048,0.27194351839708125,20
48590472,4.912591453431758e-05,0.0001856681765052853,0.1256460703891762,20
170275536,4.9099361731053116e-05,0.0001561607494996489,0.08791792928098328,20
227308814,4.893909619869685e-05,0.0004237427089306721,0.3057330539690766,20
56140375,4.889684533478933e-05,0.0001730961174640797,0.11088093061722543,20
15025658,4.885093810124142e-05,0.0007279191784299572,0.38366971933460836,20
15224724,4.868068848833118e-05,0.0005582693296146499,0.35044901123027544,20
57857544,4.8646670181068384e-05,0.0002092979296780222,0.15582181607268164,20
70676082,4.861233626096695e-05,0.0011216587337149462,0.42418659710715306,20
155497657,4.855658037210275e-05,0.00037743863243425635,0.28590984984918194,20
26689788,4.8518949278036906e-05,0.00022623882845575376,0.17478009803098166,20
122979329,4.841582460596294e-05,0.000182299827160123,0.12478898297593,20
58802047,4.839592372559709e-05,0.00025398377888867523,0.20237133569028037,20
30693816,4.835386884603221e-05,0.0007938223319303819,0.3941226410885136,20
38,4.827151670639962e-05,0.00037136452715740627,0.2839332324072919,20
152656825,4.8224622143980266e-05,0.00022445636349369293,0.17435049380134582,20
1461778,4.79326661345425e-05,0.00040607105631178676,0.3018429720138359,20
77508438,4.7861621687717014e-05,0.0004389517415078783,0.31569739094395843,20
54057274,4.7856169075760625e-05,0.00042651196162765025,0.3107902340273659,20
7671816,4.7809909160695387e-05,0.00033180193746517965,0.2635107502355651,20
40860553,4.7625019353195186e-05,0.0002585947028587442,0.21018515424310796,20
133659764,4.7558927526630826e-05,0.00031609123679705354,0.25456427305152507,20
23285068,4.7494684231072506e-05,0.00020514523308039966,0.1567458881427685,20
66308065,4.748934320880083e-05,0.0004121041768455534,0.3061256170465825,20
24834126,4.7234224283954075e-05,0.000453789938040317,0.3234334786944778,20
106331656,4.7222307008376596e-05,0.0013854852529638876,0.44022881258890156,20
9070012,4.718735010631747e-05,0.0003027902327683745,0.24713841259661407,20
101152287,4.7145717346411266e-05,0.00040916864545824535,0.3061456422585276,20
47652455,4.699306955761595e-05,0.000359502363144726,0.2828525090715032,20
147977989,4.6928496654563554e-05,0.0002599761708741741,0.2147512038247093,20
45752314,4.691857329651994e-05,0.00028013391879837897,0.2315087369529345,20
161589626,4.6867778015188824e-05,0.0005959235212898484,0.36445891477756764,20
37542203,4.6852859267443316e-05,0.0004944040413416719,0.3382325998659761,20
55459364,4.6805485462084184e-05,0.0005096528853934609,0.342939349182912,20
27290514,4.6725509136549825e-05,0.0002734220603894301,0.22705280432202635,20
118949470,4.6230753685391755e-05,0.0005645590334970703,0.3591252238060274,20
172202432,4.622680853410555e-05,0.00043109514543578537,0.3185098107263259,20
10800737,4.614027900524398e-05,0.00015235571484494524,0.09575415676381344,20
7421019,4.581842290656557e-05,0.0002638157370495954,0.2234485041778595,20
30444009,4.581619118679825e-05,0.0002866498055357319,0.2417129448763043,20
25888180,4.5780259163438755e-05,0.0005444252613476876,0.3555199290644691,20
116746204,4.573534378176924e-05,0.0004751511025772521,0.33585134424736807,20
180288239,4.5487239735575447e-05,0.0002569878089075273,0.21918982031317152,20
128783888,4.5479760837574545e-05,0.0004395326775861198,0.3244014174023785,20
59002054,4.546527505001896e-05,0.0003291247749501744,0.27202718650591373,20
24,4.539137915051672e-05,0.0003160646074241468,0.2641885054162597,20
121925008,4.537643413827508e-05,0.0003425569785202783,0.28028487024327087,20
13070453,4.535723714101103e-05,0.0005609592504311775,0.36081994164281583,20
38840867,4.530488114863063e-05,0.0003088256402190508,0.2598246160231097,20
89893065,4.520674117587386e-05,0.000178344364169284,0.1355325563320531,20
125063042,4.512318115305058e-05,0.00020650775527287176,0.17037737679007714,20
80348904,4.5105168054321296e-05,0.0012369553206223484,0.436090708939339,20
57723828,4.50826288551115e-05,0.00054769645293864,0.358428106377374,20
40690226,4.5047642771847694e-05,0.0005741512788601779,0.3647688109868453,20
46852033,4.488331813576607e-05,0.000375107932597124,0.2993904958149818,20
19154566,4.473945691234327e-05,0.0002659728240247304,0.23055643782223006,20
177606903,4.458299046846692e-05,0.0002372185298400214,0.20554159818380052,20
92057677,4.454138431737586e-05,0.00016705287280217415,0.12389068267078354,20
147371885,4.4480703718596803e-05,0.0004380161239412815,0.3274341003462586,20
87005732,4.438983135565122e-05,0.0006034123835943693,0.37288053032528246,20
11220127,4.4287928112290985e-05,0.0004905636811308521,0.3454548320465658,20
59016091,4.409234097504378e-05,0.00028397401810122206,0.24792270127607807,20
216070428,4.3970858329578366e-05,0.0002828490016279726,0.24766502036414795,20
83648568,4.392784574669128e-05,0.00021830488831708054,0.189720536229111,20
26809628,4.390680766004629e-05,0.00013151492884886404,0.07592336719227956,20
19514483,4.386326427934517e-05,0.0005792712676506857,0.3692985494901341,20
181011487,4.38334770041654e-05,0.00012209964040836802,0.06243978707714114,20
75994808,4.383311047851113e-05,0.0004533930479510431,0.335174683169449,20
39437589,4.361602396094344e-05,0.00027533741822806666,0.2436403753405073,20
56955847,4.359254433666249e-05,0.00039622375381406755,0.31416934159393695,20
31247398,4.3544850682250555e-05,0.0003342743061940764,0.2835161645324962,20
4013687,4.3333307763729344e-05,0.00033542877161647414,0.2851101252701369,20
86037993,4.313655415981998e-05,0.00020820189031843693,0.1828866877681427,20
13240557,4.3082340312558534e-05,0.0002488405178631588,0.22414930514500436,20
31073459,4.303637107230529e-05,0.0003547654459220969,0.2968864559750209,20
159787126,4.298844036180194e-05,0.0003409412057543614,0.2897154926754708,20
39143884,4.2851617046910095e-05,0.00042272152574104714,0.32771800724300515,20
125581166,4.272234048748325e-05,0.00025268356282646075,0.22942393301691538,20
132657680,4.271963714363169e-05,0.0003103822846906587,0.27275565954192343,20
3264267,4.252798101623545e-05,0.0001632845979011404,0.12926200169551233,20
59687865,4.244000581740959e-05,0.00035708368365321966,0.30060874421965694,20
138679839,4.2309099024115396e-05,0.0001921693431693146,0.16859414735812928,20
83490504,4.2288484391589386e-05,0.0002907676747242329,0.2616058022364829,20
102328197,4.2100419032076175e-05,0.0008144460841023575,0.409825405556057,20
120812352,4.17908423728075e-05,0.0002531066259047583,0.23464696586438605,20
65863349,4.178611538521448e-05,0.0002182224898232346,0.2012398846081312,20
54458694,4.175534753116106e-05,0.00032548205120907993,0.28644330820134994,20
31538982,4.158642799523549e-05,0.00031173084469208887,0.2789068151600085,20
186821353,4.1558750655723566e-05,0.00034233161965420585,0.29675097823242125,20
161101996,4.1454692844397624e-05,0.0006177524995196955,0.38367764907386975,20
96140020,4.141809340902636e-05,0.0003118501880849435,0.2797716538286722,20
18,4.103750265372352e-05,0.0008203406423249939,0.4126821699826073,20
47931975,4.1001970889181784e-05,0.00022468073123920569,0.21227291989391722,20
73483057,4.100046880916031e-05,0.00046733499214167363,0.3495824845624346,20
98949206,4.098993406695395e-05,0.0007051816566061145,0.39884889234991977,20
83822518,4.08973026874343e-05,0.0011109696538645387,0.43548725175147274,20
48331034,4.064843488305603e-05,0.00042401146317071556,0.33647152114660694,20
94585861,4.0645522635929246e-05,0.00044573037994618874,0.3439867114703941,20
34876961,4.061682802605493e-05,0.00019162497297464713,0.177537393393558,20
32875190,4.052833982361725e-05,0.0002706133626850849,0.2555319582496385,20
69297311,4.0517809739629154e-05,0.0002915676421878881,0.270837259856296,20
118152661,4.051619834189446e-05,0.000307059695473409,0.2810405182805029,20
37678814,4.050037533111228e-05,0.0004131150578649822,0.3330085336639973,20
71099936,4.038987621127754e-05,0.00028300100609623637,0.26546057336065787,20
156587887,4.0112751189785856e-05,0.0002414447768546549,0.2332896034163705,20
82703335,3.998783775049086e-05,0.0005893992674493502,0.3824364710940791,20
150540823,3.989502765747999e-05,0.0002108600217080331,0.20400415484397244,20
20479899,3.987016026950896e-05,0.00034351049857432863,0.3048540195547794,20
25098194,3.985415048365637e-05,0.0002937278160905151,0.2755841505255783,20
231313229,3.983654948102322e-05,0.00020475901215446368,0.19756118117016225,20
88274261,3.968903193290185e-05,0.00033880231229537774,0.3032068410486296,20
38974308,3.959152027486201e-05,0.00019638244027324792,0.18927809482520724,20
87311221,3.9571803593230205e-05,0.0004265768776742386,0.3414449311949688,20
55659469,3.952537502788234e-05,0.000151997276292802,0.1296273202866869,20
96838090,3.9120930263239485e-05,0.0004417232269043626,0.3482323434808149,20
10068160,3.883215626765413e-05,0.0003075424965039102,0.28944940654533347,20
19030990,3.8786382306310596e-05,0.0005390857971292747,0.37557257693721136,20
51874054,3.8707023696019085e-05,0.00028417360932583917,0.27482155163197325,20
84887564,3.863399417338431e-05,0.00033366055643706613,0.30528009541629975,20
124354426,3.861839059970118e-05,0.0007055182959269599,0.40462009951606726,20
35621291,3.853412677401469e-05,0.0002602718667335312,0.2579244654086494,20
145574844,3.845920605473341e-05,0.0002595386676772423,0.25774286857987005,20
200451440,3.845160141824344e-05,0.00046338650942769863,0.3573358600782475,20
57657429,3.841841348354302e-05,0.0003437789456471762,0.3114857369514009,20
39653379,3.837200688073805e-05,0.0007785420246766734,0.41394830530182164,20
75887579,3.8213629355010606e-05,0.00034642942195619523,0.31372408454140377,20
89315132,3.8066417140592004e-05,0.00022629513101798983,0.2305496492212326,20
11071463,3.792330543639644e-05,0.0007991910239807923,0.4171006959328618,20
15423548,3.7907637870684964e-05,0.00023378787002690594,0.2386024648775476,20
25428002,3.786646344844658e-05,0.00030345153012512245,0.2916602932268418,20
24666599,3.7794041051975036e-05,0.0008867231068902782,0.42542574193600224,20
22628385,3.772415954265973e-05,0.0006652051844065276,0.40125766005902197,20
137792328,3.7714978116151765e-05,0.0003151336997293829,0.29935277028970264,20
100,3.7432479496660175e-05,0.0009760459447807731,0.4328175245234893,20
19026532,3.730753417365285e-05,0.0007033312673586634,0.4075125108156081,20
113007517,3.729612849220631e-05,0.0002696828598802625,0.2718016339845666,20
234492040,3.724842941316975e-05,0.00040495779247884487,0.34270880737941445,20
4666537,3.7192165690003166e-05,0.00041641570990238325,0.3470157825085844,20
78196411,3.719061808369617e-05,0.00039957957008154437,0.3409488115553927,20
88377644,3.718088407775877e-05,0.00028232026993698696,0.2814097886489386,20
118018872,3.7174358811989384e-05,0.0004066889596837184,0.3436337347531626,20
192626826,3.6948673319786576e-05,0.00044780992697431135,0.35810580192687747,20
89475684,3.680574989321783e-05,0.0003225888468328496,0.307877199726362,20
131856656,3.6654863865070994e-05,0.00021961215628010165,0.2322715426792809,20
88474391,3.662491704724547e-05,0.000333094481103562,0.31427248491539617,20
110445571,3.661162603025015e-05,0.0002904276216884894,0.28975493825103993,20
28033381,3.6527212440240486e-05,0.00031748330530377913,0.3064074765440512,20
81106327,3.650668622233455e-05,0.00035895301294671907,0.3271925196634369,20
55011670,3.6474678162512485e-05,0.00034840814934634354,0.32248897298396273,20
4616238,3.639055926393797e-05,0.0006754290411365198,0.40608804789409136,20
37845536,3.637070039147761e-05,0.00020131271969072055,0.21455406254910192,20
127557672,3.6136930968105883e-05,0.00017740107375069185,0.18685898231339226,20
107920923,3.6088171619114154e-05,0.00014636843970621197,0.1419781108977505,20
103038206,3.588135178288765e-05,0.0002874000375957934,0.29156715236129305,20
63405625,3.585299320746638e-05,0.0002556250776834324,0.2689821795051286,20
65863808,3.576970851178196e-05,0.00018136983336908047,0.19440130847435239,20
24826638,3.5721912640421236e-05,0.00037585036357264335,0.33778945505737235,20
29034026,3.553856626501428e-05,0.00026238880252135347,0.27593533138507625,20
186618623,3.5528972807280514e-05,0.0005900106297394591,0.3953004743227448,20
20114150,3.525192336021332e-05,0.00033097205859375015,0.3196360924232565,20
51652506,3.519118965023549e-05,0.0003263282952961724,0.3175600957636486,20
51394352,3.498886466325457e-05,0.00040610149712501587,0.3521437449298551,20
121751674,3.4934563253599674e-05,0.00014374752704899581,0.14534959122100544,20
44043806,3.492647192517018e-05,0.001812614903523537,0.46611581398585034,20
39079964,3.476645859855632e-05,0.0003502075259401981,0.3310409678723965,20
23285018,3.455273644253076e-05,0.00021799760827859667,0.24351670137425735,20
92880148,3.4383371493215685e-05,0.0004122172747671636,0.35662967526207895,20
161603303,3.4249867059360505e-05,9.576796037776233e-05,0.06311573736451762,20
96510716,3.4087091618770216e-05,0.0001450810736748581,0.1532803310869592,20
7416604,3.40799284140908e-05,0.00019989495250917068,0.2275765210638599,20
62327558,3.3954021446844226e-05,0.00037542586730809224,0.3451935004503851,20
24237673,3.384587915186144e-05,0.00026756465208743676,0.2891064754448501,20
103043565,3.3824547714944586e-05,0.00022420713819036093,0.25400329038428987,20
201052249,3.381217743550213e-05,0.0005387312901062774,0.3909935896991534,20
13040403,3.3781428742052366e-05,0.0003035148914716829,0.3121853474027496,20
34042693,3.370080436355394e-05,0.000546668510124616,0.39287868380207436,20
108298183,3.370022437728659e-05,0.00032646048774238564,0.324785425292322,20
57696694,3.366954978530901e-05,0.00035968300868923566,0.34008964595101143,20
35128715,3.3556643681587064e-05,0.00039191974396021343,0.3530184580211006,20
68073008,3.339039966392399e-05,0.00018287182554866313,0.2121492336129473,20
44665700,3.326110649466141e-05,0.0002923746111566568,0.3083891000625367,20
71088941,3.323716276553701e-05,0.0004184837663734311,0.3631799929265227,20
104003048,3.321343213328609e-05,0.00026084557346465055,0.28786552824324496,20
410468,3.2946990701335224e-05,0.00028428045398735426,0.30511517556927414,20
99512608,3.277281135986299e-05,0.0005319642058579079,0.39294709078128903,20
87273783,3.273742747521013e-05,0.00016866388534608022,0.19810338941097788,20
115065082,3.2728702534173816e-05,0.0004941106246005818,0.3851364351037231,20
105091910,3.271655939089957e-05,0.00011002234910490648,0.09965693096069939,20
130120061,3.265452519405909e-05,0.0008451361563368927,0.43231992119628276,20
130824536,3.2607189356390066e-05,0.00039849162873911525,0.3592265232027182,20
22283236,3.2544986705984603e-05,0.00029777365853047856,0.31529604102300934,20
49155012,3.245477088366644e-05,0.00023345167746444752,0.2707566640226975,20
79798935,3.2377525473131775e-05,0.0003756198505162591,0.3520791456873027,20
65871131,3.2283866987403706e-05,0.0002025628994233467,0.24232963559211412,20
56413121,3.221455584655752e-05,0.0004146186382440472,0.3660285700242041,20
177009058,3.199694376729012e-05,0.0005770253280513815,0.4034024827596648,20
6470057,3.198386927396879e-05,0.00021680309933725853,0.258665710643027,20
26440960,3.196468137404984e-05,0.00035654789721817836,0.3464726481053617,20
77964717,3.1762310407704164e-05,0.00037949193728994046,0.3561614186427633,20
166798929,3.168712143555019e-05,0.000573064097638869,0.40367074433332717,20
50850633,3.167642639065049e-05,0.0002886761200552523,0.3146194504830303,20
35843964,3.159532644257113e-05,0.00021877036348374285,0.26304200366348063,20
103134833,3.151389344943356e-05,0.0004138360736320774,0.3685871668813566,20
110854497,3.134451019256024e-05,0.00015723854226071477,0.1919081688766074,20
51407949,3.119914024119763e-05,0.00012469231587620638,0.13855056477948044,20
35098836,3.110302027214129e-05,0.00029629821648342197,0.32204558142432005,20
34928562,3.078007087412571e-05,0.0004560187769231984,0.38301996005097555,20
161702574,3.059754750307231e-05,0.00025323880832548617,0.297618443276643,20
9670416,3.0471357825068156e-05,0.0005823129910228806,0.40873682821155316,20
83316149,3.041295485345097e-05,0.00022165786412570344,0.2733757959686896,20
3268053,3.038654523745965e-05,0.00033861810351878567,0.3463327144446008,20
18082483,3.0277056800953604e-05,0.0002217751069609902,0.27436845579277946,20
58269168,2.9968292659504624e-05,0.00014898620838018075,0.18980680034006936,20
110540454,2.9911052901152035e-05,0.0002654697867556755,0.3100673331597576,20
154584708,2.987769916915073e-05,0.00038793472689097855,0.3671522203549651,20
2463749,2.9829434310332803e-05,0.0005867964971773631,0.41129452561391167,20
48240805,2.9641394921892107e-05,0.000424904838859222,0.3792280258397287,20
33447549,2.961195745019296e-05,0.0003168770881947782,0.340346065154582,20
10468280,2.9474193107811852e-05,0.00030973406202790336,0.3376024397710833,20
8669116,2.9470255502728195e-05,0.0003064222255978843,0.33597758462073546,20
23482110,2.9421696494197347e-05,0.00041091179082432933,0.37615214209898773,20
43451585,2.9405848672761638e-05,0.0010425261449861117,0.4504721646179909,20
59459249,2.9350654297546907e-05,0.0003127665939676831,0.33971531793214615,20
127357644,2.9348476321516827e-05,0.0002974096891308549,0.33198423964447626,20
87929161,2.9276307130401968e-05,0.00025367385577429116,0.3058605595339803,20
80599204,2.91736140190485e-05,0.0002082852729043897,0.2692555370686081,20
32436683,2.909474398900824e-05,0.00043169338220166054,0.3831888278002933,20
174004124,2.9091669759556683e-05,0.00011420545902318388,0.13439135474446257,20
31447488,2.901590407481669e-05,0.00014543946436307366,0.19171965023978232,20
38679781,2.8816024091091186e-05,0.0002858237711880801,0.3285934678638053,20
140195127,2.879882885395424e-05,0.00032401207080931185,0.34771738263787433,20
149774878,2.873195204655954e-05,0.0006035898482993788,0.41684334842793214,20
12672956,2.87258186276812e-05,0.0002240992052972499,0.28659788043336476,20
133771154,2.8683623039540972e-05,0.0004288281643363093,0.38404262556866486,20
80999386,2.8652889825803162e-05,0.00046841419796188403,0.3936870157169546,20
14635852,2.8524536767593477e-05,0.0004597761660044398,0.39221487390941395,20
61658073,2.8483297804213213e-05,0.0010824579378104662,0.45377907021096237,20
125784521,2.8279128346547777e-05,0.0003292725911348932,0.3525906649012326,20
39458551,2.8250012844274752e-05,0.0005269813980088099,0.4065500454932326,20
92680083,2.8189768704647845e-05,0.00021711914329288688,0.28415279981364244,20
147537606,2.815281653377466e-05,0.00018808265758828892,0.2556456480706122,20
210293333,2.8038037657518446e-05,0.0003158958271805796,0.34791958633739606,20
106338581,2.8015319004012772e-05,0.00024801576404500655,0.30962701369723106,20
95321506,2.7974948773143438e-05,0.0003367137538109037,0.3571675687867012,20
116931971,2.789691739423783e-05,0.0003334605602326926,0.35622377128274957,20
89932275,2.7624628584854705e-05,0.0002144164010443616,0.28563029445816684,20
173679727,2.7315299832592065e-05,0.0002944793219162295,0.3414577727521649,20
13421917,2.7248880742469784e-05,0.0004566210428305454,0.3962202698327383,20
19,2.7228179828403532e-05,0.0004104482632000794,0.384968185710127,20
76088695,2.7176949428350804e-05,0.0006193896189611082,0.42325924299468204,20
16093865,2.711891328837368e-05,0.00030606403157032707,0.34816583651327204,20
69457409,2.694060392233466e-05,0.0004350527924146894,0.3924096003926269,20
2462223,2.6931871269025853e-05,0.00048228313772638164,0.4027362072249039,20
23425419,2.6924609887282734e-05,0.00017925170439325524,0.25491766677218763,20
86805541,2.66648581870671e-05,0.0003584737326915982,0.37151768215551384,20
39261398,2.6465173123149664e-05,0.00046437895189408487,0.4007812576485969,20
195429151,2.6394523242478928e-05,0.0008609037648062331,0.4461925463774046,20
66892479,2.625018405929269e-05,0.0008084638230550611,0.4430384952618544,20
169398513,2.5988409169641626e-05,0.00010524166228931228,0.14161551441571527,20
50917233,2.5963262479489212e-05,0.00023596844443603718,0.3141561260724801,20
6069303,2.5929777454689052e-05,0.0004461490129081117,0.39886193810992676,20
76488846,2.5594393957983907e-05,0.00039463996829880796,0.3874634446954345,20
38940540,2.540894375544778e-05,0.0004280855646388357,0.3967635174560952,20
222904298,2.532919331452166e-05,0.0002958695706892134,0.3530378461998418,20
130454721,2.5290516540979467e-05,0.00012124790723054339,0.18130788392291142,20
23087777,2.51986920438485e-05,0.0007704974734034153,0.4426288976289514,20
64271155,2.5082132099765732e-05,0.0002815647655624381,0.347394477128924,20
76833695,2.496920160544591e-05,0.00043605445068407807,0.40031983484322436,20
2612297,2.4790324058118764e-05,0.0002025867540561438,0.2952887329155314,20
177018726,2.474028698314923e-05,0.00022505262148285273,0.3143072706594117,20
10471050,2.466043828247555e-05,0.0004808607986115854,0.41052432129256666,20
15685080,2.4621323887738522e-05,0.0003588779189198195,0.381159860253971,20
193825943,2.454024593843973e-05,0.0003519691325857149,0.3792905290994697,20
74231770,2.4406260571147033e-05,0.00011763814983651406,0.1825668564598658,20
149974934,2.4262082415746346e-05,0.0005327588545397439,0.42039110736741553,20
91009340,2.424304145304812e-05,0.0004716842343835101,0.41033110163665054,20
167795709,2.412883505534813e-05,0.000555153949162696,0.42397316486541314,20
82421616,2.4079536062837638e-05,0.0001549621431601442,0.24775708053758372,20
152694812,2.4052234164481655e-05,0.001255583500271438,0.46631284936933903,20
48234475,2.3933330748593386e-05,0.00031707460125484857,0.3696961334624089,20
191024377,2.3869048524646776e-05,0.000488673138254579,0.4147078180894356,20
20429332,2.3825026724072496e-05,0.00023984426674620888,0.3309432615092664,20
76633561,2.369665517366615e-05,0.0003376322432796775,0.37851762520337423,20
20955577,2.334599630931522e-05,0.00028618991448193365,0.3596391694425728,20
237518018,2.3334601966862323e-05,0.000614854877593752,0.4335107107074797,20
91702740,2.3313502142752186e-05,0.00032433543531739344,0.3756853255312536,20
86488560,2.3271246951200864e-05,0.00041818150325429235,0.4030664417039015,20
18426870,2.323513881661854e-05,0.00035355482662385754,0.38600940983490883,20
6215926,2.3110902987821812e-05,0.00043355835224965974,0.4070661740060345,20
83848710,2.3104259908390824e-05,0.0004861553522148672,0.41697633477848706,20
102128007,2.3007834968769014e-05,0.00018590591897790182,0.29319668449313263,20
62456562,2.286800061667149e-05,0.00024601456153816993,0.3411426379265526,20
92335639,2.2823001758517924e-05,0.0001594977816258984,0.26492961687513755,20
94898936,2.2784748799969944e-05,0.00016797626751405102,0.27564415256532615,20
168196092,2.2722393911728255e-05,0.00038181978379384275,0.39649891102443136,20
124714491,2.270544555110221e-05,0.0004450182464118241,0.41097410248021793,20
78197805,2.2677446411148437e-05,0.00040981140801593706,0.40359896427157194,20
29843850,2.2524626906800238e-05,0.00014999317030741703,0.25496582502439524,20
55050047,2.2401211053815762e-05,0.00033176271762326136,0.38297898816282683,20
99992480,2.2362342818740833e-05,0.0005249759728851199,0.42546937382202604,20
6466081,2.229960791757246e-05,0.00019175588365558381,0.3045101792731908,20
94338348,2.222725844728546e-05,0.0002848142789050073,0.3654595250775222,20
80290830,2.208819451427202e-05,0.00031287280441443297,0.3778269559486447,20
76,2.2028423319628286e-05,0.00028196317201751675,0.3653208771739294,20
16351029,2.1889406195993443e-05,0.0004243158657280416,0.4100044295097227,20
35043204,2.1794535414682013e-05,0.00039914931067291834,0.4048507222662967,20
28693399,2.1791380227781378e-05,0.00042803783266348307,0.41116504461590936,20
25664183,2.1701076842570167e-05,0.0004971053416176563,0.42364252119667556,20
32297173,2.1450060881675338e-05,0.0003189405862572571,0.3834283888977318,20
147580462,2.1308085692503532e-05,7.403681423730918e-05,0.10675995115192279,20
15022751,2.09883511304243e-05,0.00022102037690720653,0.3379204175871582,20
48869217,2.086289899409233e-05,0.00045217683873116453,0.41936055361190405,20
28300649,2.0852077990288208e-05,0.00014052232195933877,0.25745315554796966,20
60620107,2.064279933264024e-05,0.0004247407650226502,0.4151263031153051,20
42324152,2.047207076120161e-05,0.0011449175332269598,0.46855048738356625,20
57356184,2.0335842274626924e-05,0.00042226539040433815,0.41588570605004044,20
7870148,2.033389587870471e-05,0.0006437933922511276,0.4445795787870753,20
20285237,2.026809707195154e-05,0.00029134060254165406,0.3795487831660523,20
137765917,2.025797769771298e-05,0.00026333481494076146,0.3672990551064331,20
144935530,2.0166277921168653e-05,0.0003729471573591901,0.405754950257825,20
37316666,1.9656377990343032e-05,0.00026072578593186343,0.3698465829888931,20
189821951,1.934362902080433e-05,0.00026547884469501406,0.3740481629797239,20
98749123,1.9260323406827816e-05,0.00036630278061480445,0.4083054226908606,20
114344723,1.885554775442888e-05,0.00032186941718168624,0.39807658561150316,20
80266617,1.8841005987690895e-05,0.0003175692352524936,0.3968076548194429,20
102443273,1.877613787009402e-05,0.0003949034511863618,0.4169390053224758,20
100914035,1.870291949390146e-05,0.0005265939260910227,0.4377371813507289,20
48889170,1.861158698538423e-05,0.00043273999307331143,0.42475807733395277,20
31636186,1.8574836176185606e-05,0.00018489786610726425,0.32915957244355104,20
9018605,1.8516766318416035e-05,0.00017998345978082253,0.3253348641074214,20
67227159,1.8492844249867747e-05,0.0003504051005224435,0.4079714599599243,20
38143400,1.8490012521232834e-05,0.00029392097840414577,0.3907477900758826,20
79713751,1.844131333358645e-05,0.0003285008669219102,0.4022330160071263,20
88714509,1.8256879686423534e-05,0.0002527144583513005,0.37508126304920386,20
168509227,1.825217326475448e-05,0.00032226049377896845,0.4013812743762972,20
41442989,1.811588235078876e-05,0.0002880900273782263,0.39079068606256884,20
52660391,1.8042049182634413e-05,0.00024386553661260928,0.3721838357476779,20
181214349,1.7934398884844603e-05,0.0002643447105439677,0.38243702921383865,20
91381882,1.7788240001551103e-05,0.00015234898014286318,0.3037948813274017,20
111125434,1.7686861241214548e-05,0.0002736965221580166,0.38785585179652377,20
100327000,1.7487785689335177e-05,6.636307894346792e-05,0.12657663087572663,20
22843428,1.7460461944013293e-05,0.0002491382028856267,0.37868713880919813,20
144966325,1.738491088164318e-05,0.0002538049524576123,0.38134300876899174,20
156259595,1.701124925423958e-05,0.00045440838214372476,0.4344047025706805,20
24245878,1.6935828397987573e-05,0.00029283892468462983,0.3993477838822729,20
105800755,1.6746528093083967e-05,0.00010744826597374038,0.24711796980052525,20
51641256,1.6697391407330398e-05,0.0003116572438299474,0.40660316475305736,20
107358519,1.66756266634871e-05,0.0006333120875478857,0.4537488602120473,20
9426264,1.6639523460593164e-05,0.00017099339894590792,0.33416474860468914,20
109560911,1.6552096126740133e-05,0.00037092003421396153,0.4219699513905982,20
44058077,1.632410840770593e-05,0.00043600964628428754,0.4343981966171765,20
50734926,1.6153443597238802e-05,0.0005268596604952406,0.44619119774438354,20
121576517,1.6116583861486288e-05,0.0003045073870114742,0.40771305088416365,20
260319,1.595149566668841e-05,0.00042119545377165433,0.43364849392240445,20
137831854,1.5724385101636985e-05,0.00023287625447155832,0.38297780177296403,20
89911721,1.5541626470602644e-05,0.0005046345579559149,0.4459507394352762,20
44446473,1.5433248017299172e-05,0.0002937186965665983,0.40836703235373834,20
18238662,1.5255797194646537e-05,0.0002707741962586798,0.4018862215863239,20
61880512,1.503725829962721e-05,0.0002790298217516197,0.40606494230972684,20
84122965,1.5007796857949286e-05,0.00048246894491561293,0.4454130468126274,20
49321410,1.4572773446200338e-05,0.0005413459996525032,0.4527199767811092,20
20826666,1.4499185859331853e-05,0.0002794313060417775,0.40948969970380694,20
42941468,1.4243110369752121e-05,0.000468213258180883,0.44660918788360227,20
11638823,1.3927448905695638e-05,0.00023581725345735236,0.3972632865047563,20
10619702,1.3882131389753027e-05,0.00013544131241376227,0.3259416601824138,20
43912667,1.3871643319035565e-05,0.00018319285185808848,0.36929842551947245,20
109360772,1.3819610640913859e-05,0.0003629624314794267,0.4332972318161997,20
102929715,1.3763523103851871e-05,0.0003821398390192372,0.43686819121219106,20
49721909,1.3627286512488124e-05,0.0001922104033996699,0.37732616086535425,20
131320918,1.3622753221628758e-05,0.00028595254778244285,0.4167777954904967,20
47408449,1.3570853794420135e-05,0.0002445920863037718,0.4033477991911644,20
121355851,1.3538714190766688e-05,0.00015618854554546617,0.3512906834092842,20
98032708,1.3533557575967636e-05,0.00018161857211881265,0.37129845440028914,20
139166114,1.3495268960492247e-05,0.00023483314472162004,0.3999697421651712,20
8069685,1.346726434052481e-05,0.00020310344158276156,0.385019046284081,20
93925689,1.3321166816693265e-05,0.0003486456790707372,0.4330651604745318,20
47432423,1.3310331813046194e-05,0.00027662963429430124,0.4159593232483667,20
115921128,1.3255232953124363e-05,0.00022609134359202944,0.3979977478892207,20
170001257,1.3209033319711016e-05,0.0001260341722985518,0.32230740386262124,20
11019735,1.3192979053619491e-05,0.000446219915219396,0.4480988304411605,20
4615099,1.3146931511134886e-05,0.0009471326908457224,0.4755750684164298,20
9067597,1.2978601477933727e-05,0.0004002595710412601,0.4431146841350502,20
58897769,1.2857172348076929e-05,0.00026464350536747547,0.41515713308504193,20
110008651,1.2802047649645987e-05,0.0006445975394438243,0.4650776523837411,20
199851370,1.2774510429872099e-05,0.00015563198603924452,0.3588080806681151,20
121612891,1.2322891104166178e-05,0.000274822173758971,0.4215991287346646,20
13023025,1.220298499704231e-05,0.0002535437854754415,0.4159359156835103,20
43797642,1.2202906267777536e-05,0.000373449006816648,0.442678020175595,20
86473196,1.2197713227787843e-05,0.00040268810729332565,0.44683486215936763,20
46908828,1.2116758354124845e-05,0.00016947687649373642,0.37632893876499524,20
42541131,1.1653966254285275e-05,0.00030844274216848685,0.4338023719993375,20
81482492,1.1494936319206283e-05,0.0002984949054176626,0.43254271725552124,20
209663702,1.137122482772479e-05,0.00039267810702428574,0.4491597312187318,20
84491522,1.136935362693603e-05,0.0006201117181729451,0.4677546431620021,20
88341100,1.132013551494171e-05,0.0008910376793692305,0.47764251414564246,20
47288122,1.126806338099251e-05,0.00029178942943912454,0.4323564550718473,20
31692920,1.0981538640378318e-05,0.00018725275174726717,0.39796758187227005,20
61804683,1.0918730245237929e-05,0.0001793118341728824,0.3941570132093346,20
66665292,1.0749639429930014e-05,0.0003336292426842664,0.4434719601328322,20
54318303,1.0699653705056878e-05,0.00028142537275401605,0.433392590658553,20
113127618,1.0670307072735418e-05,0.0002763744699484064,0.43237197936327426,20
189021709,1.0626740130675883e-05,0.00033936197220070405,0.44505116646160137,20
49355038,1.0474510893387911e-05,0.00019626335743018014,0.4069559500546984,20
99549491,1.0329099891367988e-05,0.0006238829043842718,0.47087572071338346,20
156182956,1.0312964348618836e-05,0.00016832796564006332,0.39352263715690355,20
16036722,1.0165356964020322e-05,0.00043458877763807857,0.45889217794924086,20
26700033,1.0070336020567838e-05,0.0002443444783776932,0.4278603684131448,20
145374760,1.0050585899426533e-05,0.0003897001973139844,0.45469338484390665,20
63862634,9.764006322285357e-06,0.00027914639443565593,0.4386734026348393,20
122711751,9.748654012192715e-06,0.00042004626349736426,0.4592112131709078,20
33437609,9.694745989607956e-06,0.00026416340185759195,0.4356824639925978,20
219300973,9.636231340579005e-06,0.00037885599258158663,0.4553150160540419,20
103117135,9.591632833405584e-06,0.000390976953921556,0.4568939214913713,20
4413859,9.432055354319236e-06,0.00042954063380986566,0.4614005398025543,20
46152561,9.280318621618377e-06,0.0003035205381687024,0.4463381309419393,20
80715054,9.197042440042823e-06,0.0003702284447175089,0.45635320766297593,20
149252895,9.122766427019369e-06,0.0001245450082476876,0.3734062084101896,20
33297667,9.100465315450834e-06,0.0002476856514863908,0.43560922340860986,20
157661407,9.07491567181118e-06,0.00015962137656617674,0.40101561782379735,20
143972993,8.942700011493886e-06,0.00025630807351355203,0.43882577040547716,20
25728504,8.935600335471805e-06,0.00046821753713198233,0.4664390148355317,20
69189403,8.924147446121022e-06,0.00019280197494705653,0.41910609677791627,20
59070191,8.908032675131183e-06,0.000428160173944042,0.4634211791999453,20
77564571,8.828587614639893e-06,0.0007255197313954559,0.47858442651005306,20
118348884,8.785267663716234e-06,0.00039307812665781335,0.4607148081816169,20
29936654,8.668400209577154e-06,0.0005097806634573247,0.470089167513699,20
14435366,8.599511522947023e-06,0.0006758207372593145,0.4776071743549024,20
139438938,8.555517354857934e-06,0.00017032810090214512,0.4123311698517943,20
82721313,8.333048158917778e-06,0.00025847286309587357,0.44343846400588216,20
129759299,8.30989295749207e-06,0.0003627564851444346,0.45973806834036973,20
92718251,8.20908204696158e-06,0.00046284285900310865,0.4688042651554455,20
150940867,8.039999524439567e-06,0.00022186629728567877,0.43648425603488644,20
110254329,8.034959188132907e-06,0.0003436333471808443,0.4589068615946754,20
39520759,7.954235691426393e-06,0.00015877238035592612,0.41255627800391026,20
145577095,7.906377087399385e-06,0.00027584119281796415,0.4496752598631998,20
63088455,7.796162028206322e-06,9.533439644133861e-05,0.35930781472069456,20
119669993,7.702413550783604e-06,0.0002782342016576301,0.45138577821560544,20
50070303,7.588671188643592e-06,0.0003822606941424083,0.465092460598846,20
51465250,7.412730742548113e-06,0.0008312699967134378,0.4843025808954901,20
101522541,7.348264870854493e-06,0.0001912319425926021,0.4326878707407312,20
72682773,7.303782618042765e-06,0.0004127577155851794,0.46887645564074826,20
6020084,6.9312432498636055e-06,0.0006445341110648851,0.4810721042639582,20
97100821,6.867476070174239e-06,0.00024545873099468654,0.4508706813992981,20
5614769,6.784490461533843e-06,0.0004297410443061412,0.47222564056447625,20
58014684,6.763527987430074e-06,0.00024507454332083246,0.4515348812829771,20
28732394,6.724507345054476e-06,0.0006281865765394488,0.48115871446373215,20
82021546,6.694740991541881e-06,0.000227002500809592,0.44822822997112743,20
56266410,6.6824275780225095e-06,0.0003834633114542512,0.46934783101481586,20
73502290,6.419824010608921e-06,0.0004043670565699568,0.47206962778170025,20
86024104,6.373317749183705e-06,0.0004064321081570352,0.4724122486863479,20
99712634,6.326899059161395e-06,0.00041599463096765837,0.4732413546693818,20
6067603,6.218975866831289e-06,0.00035843043463468135,0.4694811066744104,20
25521414,6.198527286369049e-06,0.00022923730821355472,0.45250982688244656,20
19025027,6.109276771645855e-06,0.00010001091504088498,0.39382903661460866,20
77041826,5.9157162723894045e-06,0.0004522942373781263,0.47698351671425376,20
153295317,5.823950232961006e-06,0.0004914100151127631,0.47914198575721656,20
19879552,5.478466252256675e-06,0.00034590727533155975,0.4721368309765218,20
113807911,5.421582261116997e-06,0.0001761829797167983,0.4459949032880658,20
68666492,5.186552106475895e-06,0.00020109393432844746,0.45469140979582656,20
35243412,5.005901011242986e-06,0.0002513513397403796,0.46498046837139934,20
33041953,4.965029415848754e-06,0.0006006626561144148,0.4854487473627971,20
167471319,4.926577724728709e-06,0.0002292850145010508,0.46222712912609754,20
184828307,4.917792717826219e-06,0.00041630350206649865,0.4792096954562441,20
48110222,4.863808577371121e-06,0.00038678593463151146,0.47787016398288545,20
97123538,4.861632437952456e-06,0.0002515922706436605,0.46601952168965993,20
57885765,4.708682019524679e-06,0.00012937389746473982,0.4362100873125466,20
19435753,4.707213237234442e-06,0.000266652357151491,0.4689503206273817,20
100115878,4.589863881726552e-06,0.00010851419227059705,0.4259868872648255,20
69534261,4.464038070498e-06,0.00026173432036122465,0.4699988809864386,20
35439202,4.417972931758385e-06,0.00024163751861435548,0.46784393701724974,20
43461665,4.378037751229247e-06,0.00021885518721604207,0.4648256101496728,20
44306119,4.3655214083532234e-06,0.00010955136946498886,0.43022201654035364,20
135676404,4.179716225144459e-06,0.0006845257245022317,0.4892498752145753,20
68466810,4.135373561958699e-06,0.0003853473359777668,0.48111138050155056,20
140242451,3.97515740509502e-06,0.00046725925735930914,0.48502387581764017,20
22881112,3.793222503054028e-06,0.00015440964857763012,0.4568353213779086,20
66672009,3.742795201935878e-06,0.0009307227718305811,0.49291949271178437,20
50792704,3.5723152433747575e-06,0.000578029427822953,0.4891193479740511,20
78947641,3.4856645800218634e-06,0.0004309930063974101,0.4857626552209504,20
118345446,3.410264076766922e-06,0.00024567762444288317,0.4755745723386451,20
44750201,3.39694031590565e-06,0.00026423260669856545,0.4773763319140846,20
55064573,3.2534121965771545e-06,0.00023983806220349735,0.4761299151682983,20
25634038,3.084727200619586e-06,0.00018570314512087756,0.4707793060281317,20
188620751,2.991405938657099e-06,0.00015156111424384605,0.4652937553983784,20
32494665,2.950265472514979e-06,0.00034044881997635665,0.4847451431867923,20
112661746,2.7945689150737917e-06,0.0004848771278638444,0.48985280976621515,20
14824413,2.72175272780506e-06,0.0004202775654798031,0.4885985038130922,20
37633338,2.6742198306478615e-06,0.0003189880819912015,0.48524195419594823,20
14290821,2.6241856536990404e-06,0.0004501422676424877,0.48973624516716097,20
37902580,2.4026955243311443e-06,0.0005157704325719007,0.4917979479370187,20
66265028,2.2839814827174674e-06,0.00041818631458476576,0.4903840853148276,20
29031060,2.2564673648417522e-06,0.0007734856736177578,0.49486338392865203,20
80906272,2.244327311379246e-06,0.0001685653641119718,0.4765706039134403,20
99,2.1482776207754074e-06,0.0002782789614159272,0.48640959132655526,20
12470239,2.1209701021124295e-06,0.00032057888156292186,0.4883521375782566,20
104756197,2.11487239606678e-06,0.00044725943953512947,0.49167462363850273,20
1661355,1.9704176310253453e-06,0.0007179267527504587,0.49516740988531527,20
4664349,1.951389100493528e-06,0.0003202386998229504,0.4892718021400894,20
96483140,1.8413571768571835e-06,0.00012902409686146643,0.4748886393171594,20
47450638,1.8279597826020843e-06,0.0002153637408212584,0.48505838386079525,20
78019053,1.751318005110969e-06,0.0001785179796104323,0.4827316951077234,20
32649129,1.4370005288283362e-06,0.0002490069343163554,0.489839664889597,20
47554353,1.392492745524998e-06,0.00023097762472052409,0.48938595457882583,20
81951005,1.3832141034980649e-06,0.0002925072189817899,0.4916740837633363,20
112542517,1.382907776698028e-06,0.000322233995592689,0.49244373658478047,20
19714903,1.3206073242399975e-06,0.0004893621624264738,0.495248338335584,20
89532732,1.2984332825066724e-06,0.0009538527172950766,0.4976031062313555,20
31241101,1.226672950271901e-06,0.00015747688061402133,0.48628698898433537,20
129991255,1.044117781442977e-06,0.0005381314605970996,0.4965836003825982,20
127746755,1.0034288990351526e-06,0.0002644960317811939,0.49332027159199027,20
53848885,8.738322728601977e-07,0.00031603774369798847,0.49513154937081727,20
24297094,7.360248532484181e-07,0.000280446322679964,0.49537889830702375,20
45866973,6.587578936040339e-07,0.0016958988711869036,0.49931602702346256,20
59059069,5.196779769595094e-07,0.00024321940872836192,0.496237795318187,20
133989150,4.464632835959881e-07,0.00042994407733694043,0.4981715401548871,20
48642428,2.5419067974929985e-07,0.0002408798842021665,0.4981418931516942,20
78364844,1.7613560318319176e-07,0.0004449343332801738,0.4993029494326966,20
41339487,1.5436858925854668e-07,0.0004247755716216523,0.4993600994357572,20
103,9.595248820493119e-08,0.0002809772860530078,0.4993986903934282,20
20679909,3.591708791494952e-09,2.6023296952522714e-08,0.2722017910042534,20
36538739,3.591708791494952e-09,2.6023296952522714e-08,0.2722017910042534,20
83107312,3.591708791494952e-09,2.6023296952522714e-08,0.2722017910042534,20
30853843,3.591708791494952e-09,2.6023296952522714e-08,0.2722017910042534,20
10473162,3.591708791494952e-09,2.6023296952522714e-08,0.2722017910042534,20
48390423,3.591708791494952e-09,2.6023296952522714e-08,0.2722017910042534,20
83448170,3.591708791494952e-09,2.6023296952522714e-08,0.2722017910042534,20
140665938,3.591708791494952e-09,2.6023296952522714e-08,0.2722017910042534,20
161789639,3.591708791494952e-09,2.6023296952522714e-08,0.2722017910042534,20
52477480,3.591708791494952e-09,2.6023296952522714e-08,0.2722017910042534,20
170411007,3.591708791494952e-09,2.6023296952522714e-08,0.2722017910042534,20
20891536,3.591708791494952e-09,2.6023296952522714e-08,0.2722017910042534,20
195427028,3.591708791494952e-09,2.6023296952522714e-08,0.2722017910042534,20
17224988,3.591708791494952e-09,2.6023296952522714e-08,0.2722017910042534,20
32825070,3.591708791494952e-09,2.6023296952522714e-08,0.2722017910042534,20
125515263,3.591708791494952e-09,2.6023296952522714e-08,0.2722017910042534,20
65263265,3.591708791494952e-09,2.6023296952522714e-08,0.2722017910042534,20
88741329,3.591708791494952e-09,2.6023296952522714e-08,0.2722017910042534,20
35,3.591708791494952e-09,2.6023296952522714e-08,0.2722017910042534,20
100113209,3.591708791494952e-09,2.6023296952522714e-08,0.2722017910042534,20
23758109,3.591708791494952e-09,2.6023296952522714e-08,0.2722017910042534,20
82315309,3.591708791494952e-09,2.6023296952522714e-08,0.2722017910042534,20
48711371,3.591708791494952e-09,2.6023296952522714e-08,0.2722017910042534,20
88941450,3.591708791494952e-09,2.6023296952522714e-08,0.2722017910042534,20
167872184,3.591708791494952e-09,2.6023296952522714e-08,0.2722017910042534,20
92524413,3.591708791494952e-09,2.6023296952522714e-08,0.2722017910042534,20
26267753,3.591708791494952e-09,2.6023296952522714e-08,0.2722017910042534,20
30653642,3.591708791494952e-09,2.6023296952522714e-08,0.2722017910042534,20
82495011,3.591708791494952e-09,2.6023296952522714e-08,0.2722017910042534,20
176216868,3.591708791494952e-09,2.6023296952522714e-08,0.2722017910042534,20
66294761,3.591708791494952e-09,2.6023296952522714e-08,0.2722017910042534,20
99149535,3.591708791494952e-09,2.6023296952522714e-08,0.2722017910042534,20
88654882,3.591708791494952e-09,2.6023296952522714e-08,0.2722017910042534,20
12010699,3.591708791494952e-09,2.6023296952522714e-08,0.2722017910042534,20
31492766,3.591708791494952e-09,2.6023296952522714e-08,0.2722017910042534,20
68989137,3.591708791494952e-09,2.6023296952522714e-08,0.2722017910042534,20
16698389,3.591708791494952e-09,2.6023296952522714e-08,0.2722017910042534,20
25463606,3.591708791494952e-09,2.6023296952522714e-08,0.2722017910042534,20
198432948,3.591708791494952e-09,2.6023296952522714e-08,0.2722017910042534,20
187819587,-1.6268792216167505e-08,1.6346886359772626e-08,0.9998629099384531,20
65272362,-2.3315369321319503e-08,0.000548223108899388,0.5000748855890673,20
78479983,-7.342003855714819e-08,0.0007826359211281911,0.5001651840499409,20
20483097,-1.2835691550749929e-07,0.0005837045589875324,0.5003872036167455,20
58658051,-2.4402439595394565e-07,0.00017468514220751294,0.5024597309009062,20
10680478,-2.9872340775449755e-07,0.00051469333050214,0.5010219590481233,20
23496693,-3.936757103500943e-07,0.0004903773982035856,0.5014135803020559,20
89980365,-4.725407198868936e-07,0.0003013692002683421,0.5027608951803818,20
40142885,-6.585675210724062e-07,0.0003283799599066467,0.5035312691981139,20
10821300,-7.183754022616062e-07,0.0002870947143570669,0.5044058530483977,20
21804837,-8.020767341382351e-07,0.0006674249357811506,0.5021160434541558,20
36050152,-9.453750597049338e-07,0.00025146492830612437,0.5066193976785522,20
20258638,-9.537797982656082e-07,0.0006776246149667088,0.5024783875522458,20
62080663,-1.1924416656844406e-06,0.0004089149450933886,0.5051345748946949,20
38702883,-1.2406967194095174e-06,0.00021715478375865704,0.510059115268484,20
112500934,-1.4209392558972578e-06,0.00033323950416463705,0.5075076604015163,20
58448252,-1.4438652749276803e-06,0.00030875738392621227,0.5082335909743223,20
46256269,-1.4948396238917416e-06,0.0002728116331141147,0.5096471550605386,20
68479388,-1.6937393161248203e-06,0.0003366269334620382,0.508858749558322,20
39501950,-1.707926053517994e-06,0.0001899548761103346,0.5158273693080797,20
127930392,-1.8676900043840262e-06,0.000466244563917292,0.507053096950448,20
71190157,-1.8850367367428956e-06,0.00019956962754959478,0.5166265725272328,20
99950748,-2.0259360754643075e-06,0.00157825580923544,0.5022602637637327,20
63346320,-2.2612654517389918e-06,0.0008483274532850946,0.5046934315763686,20
69697975,-2.2698429709283596e-06,0.0002837057239640493,0.5140845662037603,20
56459228,-2.3955085754284734e-06,0.00037559569059837986,0.5112286731297877,20
52919096,-2.403147509325021e-06,0.0003669102498334789,0.5115310408796805,20
27291822,-2.4449530503428684e-06,0.00038186938985757554,0.5112721434269255,20
50197435,-2.5566619917455346e-06,0.00041482546134169874,0.5108508390729489,20
82168182,-2.5779194695429995e-06,0.0004802353560546409,0.5094511487706114,20
91934778,-2.8135166411813463e-06,0.0003813909313165803,0.5129870196770876,20
89311654,-2.937061294611132e-06,0.00023899864120984832,0.5216272250436103,20
28092421,-3.0195952894107593e-06,0.00033590336011123524,0.5158243018170062,20
155697818,-3.022712214037493e-06,0.0004141647413740496,0.5128485999789414,20
44606492,-3.15583153006338e-06,0.00033468949891058667,0.5165977628477348,20
92812055,-3.25952771561e-06,0.00015462598645605354,0.5370602936066294,20
16626390,-3.5894520928503317e-06,0.00011721260974016038,0.5537452849789151,20
69288061,-3.5961611717927333e-06,0.00056974726558034,0.511112441438863,20
121724910,-3.6240499127843107e-06,0.00031529643486805374,0.520229592143392,20
82768986,-3.6264260400348246e-06,0.00017608517354168054,0.5362095787308163,20
222478858,-3.6468630086355926e-06,0.00029687687595069924,0.5216185461545206,20
38079239,-4.255886154855282e-06,0.00039801888823528283,0.5188202514022372,20
10421057,-4.344848617457431e-06,0.00017813000419423746,0.5428593117127193,20
6664830,-4.438455960040222e-06,0.00033421685191262234,0.5233694340836811,20
169709763,-4.491058850858431e-06,0.00036670190454909165,0.5215536271621541,20
24488639,-4.527019439809487e-06,9.081071640702158e-05,0.5870197280246094,20
123274409,-4.5589607459345375e-06,0.00026473318052056715,0.5302913818281042,20
109741975,-4.567049732670525e-06,0.00032883541844386016,0.5244386158666895,20
112100743,-4.6729488987373726e-06,0.0005625720677396619,0.5146224798590471,20
166870801,-4.697063801309409e-06,0.00032397533608900905,0.5255098326526936,20
151541300,-4.777994632002014e-06,0.0004303467870776607,0.5195412608522079,20
99550574,-4.854344295165958e-06,0.0001274113306259487,0.5667466278011125,20
148891427,-4.885639189028401e-06,0.00040220658670509494,0.5213776870886565,20
140681009,-4.9389071406391595e-06,0.00024353037511639413,0.5356586344111188,20
35650071,-4.967946681733171e-06,0.00011802703431579546,0.573657527288805,20
94445699,-5.1691798375913535e-06,0.00037940564789883525,0.5239744343961833,20
33899323,-5.261097836084528e-06,0.00019160107489350447,0.5482218957204674,20
122339338,-5.33477959483164e-06,0.0001642110268932533,0.5569930721826674,20
48088731,-5.362297900740609e-06,0.00019510031950107184,0.5482677005574538,20
108514361,-5.3790068350823e-06,0.00044799074418281243,0.521131324236319,20
4868632,-5.409581472384795e-06,0.000680344500926785,0.5139975410304032,20
206059608,-5.46263460557972e-06,0.0005565108852135729,0.5172780601196452,20
113101368,-5.4729415821547224e-06,0.0001846669187513326,0.5520245782724986,20
113548876,-5.482885348229161e-06,0.000286925381912493,0.5336044967150261,20
93079215,-5.75728904355366e-06,0.00015697934666827752,0.5642752595517622,20
80300553,-5.77073294370789e-06,0.0003369717457623775,0.5301234078506815,20
34534669,-5.878549846791148e-06,0.0003465516492315974,0.5298385194372026,20
81621422,-5.948728544505344e-06,0.0002223515729710815,0.5469902627300257,20
29252322,-6.314682615171652e-06,0.0002893025087639302,0.5383695946642908,20
77218937,-6.351910444873932e-06,0.0003872958511163881,0.5288512821442909,20
66273454,-6.423018855133966e-06,0.00020581629958281753,0.5547634905431884,20
39107814,-6.429949206143703e-06,0.00020560838901245604,0.5548772334958977,20
50549476,-6.484187618086001e-06,0.00036659889405484236,0.5311100883945453,20
67072283,-6.503941311603034e-06,0.0003140895477339286,0.5364068825864715,20
25888830,-6.610377086044283e-06,0.00039124552314676893,0.5297204482190316,20
103638338,-6.720865182011093e-06,0.00016188660167799302,0.5726622582088261,20
53463164,-6.755400603522532e-06,0.0004720029120837854,0.5251830130287776,20
25120924,-6.8499614076289465e-06,0.00034610428990539436,0.5348014978282919,20
1410929,-6.935910534061618e-06,0.0003653088527273981,0.5333893217651671,20
139393909,-7.003410826753043e-06,0.0003557711725852898,0.5346148167732636,20
109760964,-7.106131627074297e-06,0.0009069165787211862,0.5137938548832391,20
68711168,-7.1494564032659195e-06,0.00033025943400673274,0.5380555086201907,20
76818625,-7.4997564235151915e-06,0.00038184533378731285,0.5345370717683239,20
237295702,-7.515080450112843e-06,0.00039028848679700047,0.5338607492176847,20
41682303,-7.534590173552402e-06,0.0003198252993185618,0.5414014151148567,20
42503482,-7.605866818019558e-06,0.0003613957356902849,0.5370002407288482,20
167799660,-7.652453752096666e-06,0.000462175347563522,0.529126591548495,20
195028693,-7.69808157303209e-06,0.00040254812437046344,0.5336295510508914,20
199233710,-7.79405972242686e-06,0.00011467909402312729,0.61776317816049,20
260348,-7.903634714501173e-06,0.00037780071940327775,0.536779935437363,20
186421024,-7.907368914933377e-06,0.00027652412492246777,0.5502074264648718,20
125344299,-7.922062892157244e-06,0.0007205083798230556,0.519352111587096,20
55058785,-7.956974523296024e-06,0.0003537502370261268,0.5395361351307326,20
121938454,-8.00166269358804e-06,0.00023119414284179354,0.5606869214941153,20
186018203,-8.005728511079057e-06,0.00024376280041291175,0.5576110943474073,20
70288755,-8.020554187440632e-06,0.00041761664383922124,0.5337736620946819,20
138993531,-8.034832152475913e-06,0.00018970543351092518,0.5741114226535063,20
49636822,-8.21853463229827e-06,0.00018369472665540922,0.5782296190158618,20
73480013,-8.252619942161754e-06,0.0005849626579316304,0.5248241165553633,20
9411410,-8.29712252555792e-06,0.0003209649162680026,0.5454115256244492,20
119948227,-8.432274552422348e-06,0.0002135974861395992,0.5691342714860775,20
26866087,-8.434789002906284e-06,0.0003079776914145638,0.5480979670257022,20
32098753,-8.448728397358884e-06,0.0004468567151657866,0.5332500231236758,20
61020245,-8.505013424103813e-06,0.000553292490665218,0.5270441665357698,20
94081674,-8.537222637136632e-06,0.0002469653654758625,0.5606145132355334,20
109539508,-8.625003653339736e-06,0.0002471924426217374,0.5611767048119377,20
40854635,-8.649707436264586e-06,0.00035114226279181883,0.5432820600844662,20
166506980,-8.711545853562486e-06,0.0004424939366753908,0.5346187162110078,20
64406763,-8.721335018552212e-06,0.000151876587877618,0.5999560146595254,20
161789937,-8.725316047653031e-06,0.00020549491932950163,0.5742941478301083,20
101132199,-8.756684035671203e-06,0.00030619437818782045,0.5502124259576121,20
90841271,-8.894951334822988e-06,0.00022102780021286477,0.5704610148326577,20
209463063,-9.065134936409037e-06,0.0006520016307913353,0.5244649543422476,20
30094716,-9.304428900933081e-06,0.0002766453163563551,0.5589874058284336,20
52409245,-9.341733144349606e-06,0.0002646356312346811,0.5618867407428253,20
30529316,-9.3691139643165e-06,0.00021951172594042,0.5746769809864973,20
115051806,-9.465581777864939e-06,0.00028777602316953167,0.557697955325237,20
9870704,-9.580438843553862e-06,0.00022011179385956884,0.5761338713886227,20
190024474,-9.649820660076469e-06,0.0004417853194642809,0.5383967808439833,20
4,-9.765940016873142e-06,0.00129929949275641,0.5132321981206907,20
171798354,-9.769157594546885e-06,0.0004963037623817097,0.534612487884571,20
86838338,-9.878211829772443e-06,0.0003552392107953971,0.5488308180033518,20
236494162,-9.90817573112146e-06,0.00029568577109603155,0.5587717742653167,20
160402072,-1.0272799161265e-05,0.00036901096886822606,0.5488858776787222,20
109723588,-1.0476066495798686e-05,0.0002536210655687955,0.5722992634230197,20
75183461,-1.0532635967047677e-05,0.00034667406105663045,0.553324236617476,20
70958084,-1.05984335360243e-05,0.00041023674723962073,0.5453841809518493,20
71659609,-1.0651610921463828e-05,0.00037579417519356976,0.5497686639024513,20
44466606,-1.075450344940887e-05,0.00014956765716466928,0.6243532038424218,20
24959709,-1.0870352080477597e-05,0.00015381701036753622,0.6222944806841482,20
81571849,-1.0883318739021709e-05,0.0002573966111113131,0.5739870751888672,20
35839613,-1.1026288396734363e-05,0.0003763286278244554,0.5514362315592322,20
152995177,-1.1063441772080074e-05,0.0004324480662388186,0.5449441683093541,20
46107692,-1.1066865263623104e-05,0.0006421855992869699,0.5303127286669513,20
63453139,-1.114895520111514e-05,0.00038034521728678907,0.5514590893766936,20
58415256,-1.1617263696075964e-05,0.0011115667473420164,0.5183956516677868,20
100330993,-1.1649810012009932e-05,0.0002967319879392866,0.5687583058398852,20
179409742,-1.1657192049321918e-05,0.0003617731941033392,0.5565316295438105,20
47730015,-1.1734055929105148e-05,0.00033164463785829247,0.5620275966194794,20
110451682,-1.197813635958056e-05,0.0002357779431714622,0.5886510475230989,20
69429300,-1.2009720441658045e-05,0.00061794261858249,0.5341761258810602,20
148172675,-1.206923506435198e-05,0.00018743319093986907,0.611756538837715,20
113749112,-1.2084276646931457e-05,0.0004700175935769788,0.5451662147236961,20
174014949,-1.218577036820323e-05,0.00017715867404250886,0.6191385671587583,20
159901493,-1.2343338997267139e-05,0.00018858429857070708,0.6135429087774456,20
16673613,-1.2397224064594759e-05,0.0006645647806999224,0.5328072968187554,20
115150776,-1.2453865465092417e-05,0.00010083190884921573,0.7064288340277585,20
182414925,-1.2649606704875916e-05,0.0002994103925282653,0.5739284887150004,20
84754191,-1.2650836850416903e-05,0.0005473322666192532,0.54062264019588,20
67550429,-1.2673382707389936e-05,0.00039240233498479183,0.5566614393157254,20
87625242,-1.271570845475245e-05,0.0001878809233418863,0.6172858977600811,20
15873407,-1.303382968765865e-05,0.00030680050539632785,0.5743340047440644,20
83722598,-1.320550690375455e-05,0.00022552574656606216,0.601877491144063,20
36916305,-1.3224204521020132e-05,0.0007051782752810711,0.5329798254415082,20
72660154,-1.3239921072380479e-05,0.00038266286713567504,0.5606683095332572,20
101194293,-1.3364212250482899e-05,0.0009976599061244618,0.5235722360987176,20
30815684,-1.3419116425625322e-05,0.00010658335912246895,0.710008505250833,20
39884507,-1.3457919055018253e-05,0.0002943986020075409,0.5799065714351256,20
105694698,-1.3463024543450275e-05,0.0004947337430224729,0.5477922398084483,20
5614574,-1.3617401385851435e-05,0.0003224598282145934,0.5738962976539287,20
55868583,-1.3703838684525627e-05,0.00023144378883864015,0.6029910983916653,20
63853535,-1.4146795783714916e-05,0.0002905813454782245,0.5850171506959737,20
113543445,-1.4169459885293722e-05,0.0006224817332612444,0.5400083928042084,20
86205087,-1.4201253586262896e-05,0.0002712195880973566,0.5913189085420776,20
61060726,-1.440706054726959e-05,0.00023999715327236533,0.6043818768681019,20
231489602,-1.4541120892269665e-05,0.00017055675247557915,0.6463871443662392,20
132150865,-1.4566683024247462e-05,0.0001389732342503144,0.6777103173238073,20
136763676,-1.4842299268427728e-05,0.0010773141784394065,0.5242428098924785,20
98633671,-1.4942334521028666e-05,0.000696407044518798,0.5377196461761959,20
168673747,-1.4992262806715061e-05,0.0006213246956239583,0.5424009434068124,20
4865181,-1.5108468704297384e-05,0.00011163613160192627,0.723910983619201,20
30893831,-1.5120052559763896e-05,0.0004231891256749885,0.5626312526829015,20
85888767,-1.5131485660077603e-05,0.0004027952894978123,0.5658211119983411,20
42442710,-1.5152643327165372e-05,0.0003020493360553395,0.587559926130039,20
52951549,-1.5255762586505184e-05,0.0001848592252658102,0.6419215044379971,20
21027741,-1.5276757070251112e-05,0.0004593039137193453,0.5583393703840855,20
24286912,-1.5403927427137808e-05,0.0012383534311716442,0.5218909406485337,20
11621846,-1.5444961688995673e-05,0.00043219972669022327,0.5626431948394028,20
144448111,-1.5506639729312432e-05,0.00017837481261911986,0.6491177648183166,20
25607984,-1.5535771579719414e-05,0.0006416188697533974,0.5425477384824355,20
36478027,-1.5695287110775724e-05,0.0004647184149991648,0.5592322028080706,20
26288395,-1.5733973522638612e-05,0.00026952162003358843,0.6015769704747381,20
20485631,-1.581391550591893e-05,0.0007672976030208007,0.5362361508908182,20
8068971,-1.5893949869935642e-05,0.00027019902934777995,0.6023339729247926,20
148251626,-1.6034322505226185e-05,0.0004379370486940394,0.5641673581109894,20
30646641,-1.6091321957592553e-05,0.00039889802631230527,0.5706269336372881,20
210864825,-1.6120064915670083e-05,0.0003061531223614096,0.591819885867108,20
63092120,-1.6161127894712134e-05,0.0004001987507283902,0.5707019112950495,20
144648478,-1.6345777228451985e-05,0.0002557609164432787,0.6109440388416033,20
9418061,-1.6387404453796495e-05,0.00024673061716605764,0.6151672140103424,20
24033707,-1.642353643409866e-05,0.0005181931680305515,0.555610939182101,20
94185703,-1.644553465637022e-05,0.00023025673601207342,0.6235501424064843,20
44229621,-1.6700760576157657e-05,0.00019342443698778175,0.6481569543652679,20
14422868,-1.670370054558945e-05,0.0003001184734701668,0.596947783907551,20
37041933,-1.67749672876083e-05,0.00013224490310623666,0.7114172448005651,20
139766698,-1.680321179869382e-05,0.0007357697951867298,0.5401392804611752,20
131569668,-1.6913322765599315e-05,0.0001119363244992002,0.7463228381209281,20
85023055,-1.70300747538793e-05,0.00018453694515774096,0.6577816151008586,20
116053532,-1.7031167509798384e-05,0.00020718361858771761,0.6413916184115593,20
181825225,-1.70474310661195e-05,0.0003909163804766603,0.5762781014997203,20
164905981,-1.7050045983590946e-05,0.00021526827324713432,0.6364588294254467,20
194440035,-1.7302027659357733e-05,0.0008018035832634121,0.5379344066419859,20
147450806,-1.7364960740451352e-05,0.00018928223420676047,0.656904501891558,20
81968159,-1.7411012356288725e-05,0.00015776913843417625,0.6863540765757699,20
163805070,-1.7461022202622246e-05,0.0008262604035188284,0.5371523262526288,20
164104976,-1.7530060653483948e-05,0.00025864260393427066,0.6174495765794261,20
101332838,-1.7660108637634896e-05,0.0003444390669912524,0.589455364033231,20
214496194,-1.7772711477523352e-05,0.0002583546933878236,0.6191509778999957,20
1413084,-1.7806984572613094e-05,0.0008719151455594883,0.5359082571119342,20
61661564,-1.7854939944475513e-05,0.00039902900953675855,0.5782396058471915,20
38044662,-1.790302582057035e-05,0.00025195057347276854,0.6229409440597236,20
221275955,-1.7906842141343637e-05,0.00028191538054629693,0.6102828174112315,20
98439321,-1.800461613211679e-05,0.00028775383935031903,0.6086801484869178,20
81291355,-1.8055452763027224e-05,0.0004510758527019622,0.5700869733252212,20
129166541,-1.806505887768095e-05,0.0002997760112903633,0.6047746848164983,20
42648863,-1.819268885339953e-05,0.00037169452435841053,0.5854650272500779,20
117504285,-1.8194357160264406e-05,0.00021265536567299266,0.6468783850151163,20
85872952,-1.8223480735996e-05,0.0003213917398191028,0.5987273752397972,20
148290732,-1.8244587605836805e-05,0.00026715120039153543,0.6183149774383085,20
150140691,-1.827354355582733e-05,0.0003247071258739441,0.5980041021984752,20
10270925,-1.8331163639054294e-05,0.00036829401769859646,0.5868859535359043,20
137156808,-1.8648245300575962e-05,0.0002658247476261389,0.6214281883418964,20
17415217,-1.8822713128877067e-05,0.0003577271269808253,0.5917581688204828,20
171598212,-1.884438714798431e-05,0.00020564149228438384,0.6567367956613333,20
49513767,-1.8848062440071644e-05,0.000313015495407248,0.6046943692161805,20
84116384,-1.8880941794824357e-05,0.0003841452065464508,0.5858174313420206,20
101351995,-1.9012185095568233e-05,0.00038380635606248586,0.5864788052327595,20
11774,-1.9157642057479608e-05,0.00026543192687239605,0.6248057699880167,20
59859795,-1.9169057117829345e-05,0.0002326994090456674,0.6416764217246409,20
28044395,-1.92177147018191e-05,0.00024816739481979875,0.6335444073710734,20
57259991,-1.9256531225683715e-05,0.0004928226513901007,0.5684353076339879,20
7416261,-1.927487249509252e-05,0.00036582694588621314,0.5918795647626223,20
126385172,-1.9312168111643158e-05,0.00033890961839744504,0.5992064446051759,20
73283029,-1.9331605090758262e-05,0.0004785782807050374,0.5707210647778964,20
19426904,-1.944012187004851e-05,0.00022098857128407837,0.6508014153025474,20
56095152,-1.9621198497973837e-05,0.0003714786020309429,0.5921030524120239,20
116169445,-1.9721375259362795e-05,0.00011832838004000397,0.7674107810899835,20
11488872,-1.97828254056287e-05,0.0004780198662275196,0.5724358281081302,20
36296265,-1.9817603850455502e-05,0.0003064783133718866,0.6122118490322372,20
91582159,-2.013648285741354e-05,0.0002778810232149738,0.6252875509601621,20
78102963,-2.0240928821338434e-05,0.0003081584982212066,0.6139314751558332,20
13476665,-2.033910504005143e-05,0.0004088049571838895,0.5868506321348601,20
5015269,-2.0894176291261225e-05,0.00018406791276676365,0.6912285351855147,20
13612175,-2.0910845613014704e-05,0.0004771168911006226,0.5766553846680753,20
88899205,-2.1004381149963836e-05,0.00041204291349683823,0.5889484842283867,20
53879927,-2.100548037937411e-05,0.00023095310997777344,0.655630221805644,20
69668024,-2.104972979473929e-05,0.00017054897086287482,0.7062970192205417,20
211877,-2.1163039951618833e-05,0.00026598861325839246,0.6370521609170141,20
86889156,-2.1170905911954697e-05,0.0007921096500152739,0.5469440135188985,20
29819746,-2.1549582654292743e-05,0.000460743228318111,0.5817282507892945,20
116146074,-2.1561693154414918e-05,0.00020708846022911425,0.676613637256527,20
151982802,-2.1917161309667477e-05,0.00038133184588421423,0.6000435541568813,20
55521717,-2.1931368975683375e-05,0.00024203621067182395,0.655082145767977,20
70067679,-2.193255296459584e-05,0.000559247570386135,0.5686848282403314,20
150773539,-2.196573380132405e-05,0.0003899126368572421,0.5981029031639389,20
38861066,-2.2017966700496605e-05,0.0003348856146129326,0.6140395452531935,20
11420374,-2.2078612370601826e-05,0.0002578226298429105,0.6470038421333202,20
26329128,-2.2190177407097055e-05,0.00013611720407157284,0.7625713187313043,20
22682610,-2.2265137289503856e-05,0.0005020147288924873,0.5775594701162814,20
78109772,-2.239970786641343e-05,0.0006806724011613063,0.5577258490975957,20
203038008,-2.245392911270072e-05,4.8903950911252534e-05,0.9729672334452337,20
98991404,-2.2481122873996284e-05,0.0006875907256136504,0.5573555293045588,20
67665731,-2.25993047619083e-05,0.00022951739854217142,0.6676724699087049,20
84622732,-2.2613645700422792e-05,0.00015744542482425442,0.7358317061436339,20
31739048,-2.27909961653866e-05,0.0006331503706701562,0.5630956832099612,20
160593498,-2.2801488360643663e-05,0.00043392983302775485,0.5916366810893455,20
104290674,-2.2897730104759485e-05,0.0004364210446020956,0.5915008233456471,20
48190014,-2.2911283094464996e-05,0.00014487860974339619,0.7559957076538435,20
70557923,-2.30184224934038e-05,0.00016116200306294466,0.7346931441250766,20
79998981,-2.302405479151781e-05,0.0003254223589381669,0.622429183921586,20
69696932,-2.304275473001549e-05,0.0005509850246809608,0.5731898228885361,20
188233524,-2.306926608729998e-05,0.0003955156463372584,0.6014914385354333,20
106532398,-2.3105213527174762e-05,0.0015830202395680508,0.5256810219158736,20
73238165,-2.3177625299763972e-05,0.0003903143077774152,0.6032825108498887,20
26500016,-2.3195328271202743e-05,0.0002637401874312975,0.650766901795988,20
35505197,-2.3215574265689208e-05,0.0003812067032127667,0.6058562180172238,20
18229923,-2.3330281365258053e-05,0.00020716583594160436,0.6898467715628958,20
149139307,-2.3543537750783662e-05,0.000320613609473187,0.6268999855485524,20
38844908,-2.357766155648422e-05,0.00037268361900248437,0.6098541411822661,20
6870454,-2.3614973770844095e-05,0.0002467641193098266,0.6632601103848077,20
67951150,-2.3664733671927006e-05,0.0003631816723180537,0.6130493535865131,20
176082625,-2.3827649580143717e-05,0.0003739405377576886,0.6106235683439606,20
143934667,-2.3828072008363898e-05,0.00016174013560573723,0.7410509223540722,20
54877201,-2.3869532142439808e-05,0.00019329648484831026,0.7063920141110842,20
23918734,-2.402935333634948e-05,0.00021329704796873902,0.6899089216194778,20
113249958,-2.4065444728280096e-05,0.0005250945281242466,0.5801088437193301,20
80091981,-2.411378150156962e-05,0.000339282193616385,0.6229664020053858,20
68066102,-2.4161624048096853e-05,0.0005814668013406528,0.5727262435116083,20
44285658,-2.4234742477349803e-05,0.00042950782611811996,0.5982552084235482,20
62020357,-2.4246906448399662e-05,0.00013844076631112727,0.7784362500927903,20
112142152,-2.424793527548985e-05,0.00025390904255446855,0.6629400019170082,20
4215843,-2.4379563836132712e-05,0.0006659021938421663,0.5641639271580434,20
1060740,-2.4445750377541374e-05,9.457058183130526e-05,0.8689969017218373,20
3462780,-2.4475092290654477e-05,0.0004148450143247045,0.6026311486224404,20
131786432,-2.4524245644669262e-05,0.0007191053396338283,0.5598063970567199,20
205240913,-2.456498079201619e-05,0.0002406340801699337,0.6734094658070209,20
104154456,-2.462085366553568e-05,0.00044783363574712857,0.5957894433794242,20
76641426,-2.4930369976802758e-05,0.001081408834464903,0.5405175305999559,20
97283543,-2.4966464107564755e-05,0.0002272788625580738,0.6855660275832403,20
47650686,-2.50691717392143e-05,0.00043720355490941274,0.5998131178191302,20
58214836,-2.512126524915892e-05,0.00037499793769657877,0.6161287633746744,20
7196945,-2.5125813536408525e-05,0.00012746884713801403,0.8054732887119322,20
32536038,-2.5225546824866885e-05,0.0004674494726475561,0.5940597251006103,20
176605043,-2.5306179868278544e-05,0.00020159521960795717,0.7094517917324337,20
111963664,-2.542959551301849e-05,0.0002256082902503333,0.6899998009181141,20
143343688,-2.551058250625238e-05,0.00039034890381883726,0.6133756567573958,20
48653361,-2.556538168001776e-05,0.0002468212091431283,0.6757647192961307,20
3464676,-2.5660110204805962e-05,0.00025476043755110096,0.6712562174304944,20
166593682,-2.582032613411833e-05,0.0007155336840092977,0.5632506638356909,20
201236141,-2.5918449844222756e-05,0.00041612264141996776,0.6082002981911214,20
228887673,-2.6071382780773476e-05,0.000532132287615802,0.5855489971539103,20
42228458,-2.612635641533745e-05,0.00018969269351837515,0.7273806905226701,20
91513690,-2.6138951735293903e-05,0.0014013707505148207,0.532803377661048,20
35336058,-2.61551323814474e-05,0.0005930839077289532,0.577125918223957,20
88639672,-2.624377501755648e-05,0.0003437807286964827,0.6317243331104447,20
157198532,-2.6353295859130045e-05,0.0004102670821400025,0.6114906473936838,20
49997272,-2.635786740029511e-05,0.0004465631197684385,0.6026747323491124,20
53717922,-2.666228464699716e-05,0.0004984356738980263,0.5932529556831763,20
61690161,-2.6691044320295564e-05,0.0003880482017034495,0.6191357337460068,20
24464019,-2.671602516651772e-05,0.0005664719710565942,0.5824005679873466,20
88498855,-2.6869907850715634e-05,0.0007401537818208589,0.5636288028535341,20
95414584,-2.7044218207009086e-05,0.0002473137226323187,0.6847932960924659,20
62867318,-2.7188830675867194e-05,0.0004492081754271273,0.605222520433151,20
119723015,-2.7190651467770553e-05,0.00014169326761529887,0.7992588551877795,20
29619742,-2.7199822485368673e-05,0.00022970043169874825,0.6987264346785085,20
114920089,-2.7331543299607963e-05,0.00033105522685539923,0.6419747577823081,20
88854883,-2.7469098487797884e-05,0.0002601802663227554,0.6789033082355322,20
86726619,-2.7641400552280704e-05,0.0001657409885048756,0.7675535645433631,20
90532567,-2.768935916251103e-05,0.00044069161009552396,0.6091229740423587,20
60049079,-2.7791562155260464e-05,0.0004226976110904713,0.614040168700067,20
138262890,-2.781312691998161e-05,0.0003022327990022792,0.6573628840041175,20
11271614,-2.795887327091684e-05,0.00024654922899142466,0.6910551798057236,20
35905513,-2.800151657696981e-05,0.00017397814053261035,0.7597902244299157,20
42110038,-2.8052344173257194e-05,0.0005230329920770261,0.5934956649525466,20
68752166,-2.8058294470517663e-05,0.0004224452137115955,0.6151681774536412,20
26668246,-2.8152512473039737e-05,0.00039939274140885763,0.6219897020276498,20
53466772,-2.8313117695022427e-05,0.0002642431457818053,0.6813603926075462,20
31617880,-2.84909851931775e-05,0.00021332241363897664,0.7213175063974859,20
82568849,-2.8558159233846303e-05,0.00022677668629985466,0.7100505963153932,20
54152426,-2.8617327271199257e-05,0.0004448124018133545,0.6116613310670327,20
152783783,-2.8916306059004192e-05,0.000298621761468585,0.6650721080521627,20
19445170,-2.8938635245917554e-05,0.00047044743608825717,0.6068935660796619,20
55846071,-2.8957120834108284e-05,0.00018156581849013752,0.7578171203126142,20
76395555,-2.9131083686462222e-05,0.00024325413924149514,0.7007631465167076,20
39249572,-2.939433087580934e-05,0.00014704859639023992,0.8087359148932671,20
35497508,-2.9403063850208523e-05,0.000577706924497625,0.5888113433316582,20
168473552,-2.9430219804599256e-05,0.0002703185834482058,0.684047823863116,20
10370644,-2.950454972773797e-05,0.0003347199396264914,0.6510904864765232,20
65063213,-2.9538055839431475e-05,0.00025362131903637587,0.6957550633907046,20
58658606,-2.9581301806627656e-05,0.00042571103498324737,0.6203146763722815,20
144164867,-2.960933210817418e-05,0.0009347650269632826,0.5555793082406841,20
194226486,-2.9781700534375898e-05,0.0004926050345380102,0.6051063489570104,20
20282977,-2.9974270320526354e-05,0.00021173416372323935,0.7328926211952915,20
9619210,-3.0080245536734384e-05,0.00039368001398925467,0.6318388672332149,20
91181540,-3.026236952836381e-05,0.0001696155994671494,0.7826078036610118,20
24045820,-3.0299993488272504e-05,0.00041425520723994145,0.6264182667503881,20
175207819,-3.033368442660056e-05,0.00027094100632027126,0.6888287035125213,20
150375134,-3.0336451480489356e-05,0.0003090805427937443,0.6671730893053054,20
106295428,-3.0352759498483707e-05,0.000500816343043398,0.605358807769276,20
55121154,-3.0389594824525857e-05,0.00033201943003223115,0.6565634065277459,20
34904070,-3.0421104679267952e-05,0.00044313013886876536,0.6189140327213987,20
198833404,-3.0651888345353816e-05,0.00019996749724031075,0.7493488703261211,20
117752603,-3.065960310107419e-05,0.0001526325224019208,0.8098726798358917,20
86308622,-3.104322692805417e-05,0.0001673570620647189,0.7914503385006332,20
2665938,-3.1049529797594345e-05,0.000285261145537113,0.6840068074154432,20
40640433,-3.127363315024445e-05,0.00026191292015411777,0.7002307799906099,20
47509112,-3.130345012194169e-05,0.00040308973030424473,0.6339085065874199,20
157261170,-3.138620968038131e-05,0.000206282569703722,0.7477837773324463,20
167594753,-3.140649447650745e-05,0.00041605785631846503,0.6303107994612296,20
120060051,-3.1521079749369243e-05,0.0003409804849464096,0.6580344624774244,20
134171239,-3.18175339847071e-05,0.000471887693638115,0.6168603474469132,20
88098241,-3.1902145849246885e-05,0.00018250477478377796,0.7779988636120314,20
53844253,-3.2088283632983326e-05,0.0002516368023229191,0.7124144638738477,20
47152813,-3.221326794730084e-05,0.00019623789033365789,0.7640805486734699,20
64661527,-3.2271285647042515e-05,0.00026214578199160643,0.7058176921107864,20
7816463,-3.228014712989003e-05,0.0004090669594154755,0.6359772001608059,20
73,-3.229356504761971e-05,0.00038362776890040823,0.6446276505835857,20
121661170,-3.2412227812775304e-05,0.00042006133501316245,0.6330849603869246,20
77101748,-3.243477303578046e-05,0.0001265988691871863,0.8669407001992705,20
68887832,-3.2473350862205486e-05,0.00016579461146382348,0.803997335555373,20
41698698,-3.2629744476689317e-05,0.00022863442034492485,0.7345335843012353,20
32713031,-3.2655261577982377e-05,0.001405404274731976,0.5408360050310924,20
62291679,-3.3047716076811674e-05,0.0003748340863767256,0.6511217740033302,20
142370884,-3.3247694327800945e-05,0.0004022955912867441,0.6421158518767953,20
2862497,-3.335064713885505e-05,0.000455995689856801,0.6264095671591479,20
97742573,-3.3383483466123407e-05,0.0002778300451655549,0.701372455730265,20
4213378,-3.353199490888914e-05,0.0003339880903390343,0.6707434550089373,20
10819726,-3.353678449216357e-05,0.00037937647822520527,0.6515006590838002,20
35643639,-3.3674546500603306e-05,0.00021544249980677042,0.75349365457405,20
115946028,-3.3990239638895246e-05,0.0006309601431710278,0.593899939288927,20
68495027,-3.39930703734892e-05,0.00024768023595139515,0.7266807011043057,20
122149917,-3.402504602686429e-05,0.00014547404698922342,0.8456548324184061,20
52316842,-3.411055420525777e-05,0.0001852477660967153,0.789772920022368,20
140595561,-3.4236036651566495e-05,0.00019101712819998435,0.7836356459953692,20
77084891,-3.4375034230105236e-05,0.00037621559459755766,0.6563069391901288,20
15,-3.453321459870873e-05,0.00048245855562307837,0.6238087698632788,20
3866871,-3.4729595853541515e-05,0.0003485129346885477,0.6695574242803191,20
55655275,-3.4751091582721495e-05,0.0003958429845647533,0.6505110501444054,20
3017651,-3.484164813509216e-05,0.00021981735506395553,0.7564862656117028,20
35454352,-3.491386755915538e-05,0.00024410105213302716,0.734981422803429,20
47711490,-3.503376880722997e-05,0.00020732501301054637,0.7704522997625103,20
30295538,-3.509456430936531e-05,0.00015458185231688852,0.838641916816276,20
16232330,-3.5154041259763404e-05,0.00025412817523081304,0.72824983582443,20
118869447,-3.519904970594456e-05,0.00017792799948945597,0.8063142661888156,20
59887911,-3.5231747051997495e-05,0.0002940790939655752,0.7008357284072844,20
49391293,-3.523732007257585e-05,0.00023897003551431675,0.7412360176193151,20
103890399,-3.572935037211566e-05,0.00023782360100875626,0.7451228100566814,20
28843245,-3.5776118380340115e-05,0.00021887147027144875,0.7631516655637915,20
87713999,-3.591142348148557e-05,0.00019049216259107548,0.7951647994008382,20
464093,-3.5965067407248144e-05,0.00034135327609440837,0.6785633163488063,20
18153882,-3.6070818194178234e-05,0.00040706374643654706,0.6518452742816951,20
108734015,-3.60753181798984e-05,0.00020754731357484275,0.7767336837479418,20
77508587,-3.6094719755158655e-05,0.00028859489898230015,0.7087655844519574,20
191826111,-3.610429937531967e-05,0.00037711353130053665,0.6633240483166867,20
96928210,-3.6107745115032674e-05,0.0007715050541310592,0.5817804694332924,20
70,-3.634379379254815e-05,0.0003508142353092831,0.6757959675887839,20
17232981,-3.635196151106357e-05,0.000344364651759833,0.6788801612819397,20
18484572,-3.635353120957918e-05,0.000294393599503369,0.7063912833989583,20
55598682,-3.6371400230833516e-05,0.000184163650911628,0.8059230119655749,20
116947196,-3.638183795645344e-05,0.0005419115425699559,0.6163734957405196,20
412299,-3.655069906687847e-05,0.0003989266873768547,0.6567134317279575,20
2814275,-3.667449517752719e-05,0.00045983915655598874,0.6373673822766317,20
51656358,-3.66754900577887e-05,0.0003248602179779385,0.6902780643154447,20
33098719,-3.6759815277662145e-05,0.0002486408271986893,0.7417806258169416,20
160187959,-3.6782287597536546e-05,0.00031032837975364765,0.6988977432888344,20
10868944,-3.6875175497294575e-05,0.00038994374534710117,0.6614452536359684,20
97728776,-3.690500035193611e-05,0.00022660839981956412,0.7623513987699594,20
49356291,-3.6922707145087275e-05,0.00015404164074818362,0.8514126848609067,20
157184238,-3.707247917935363e-05,0.00023507357699141805,0.7554040828200512,20
155772027,-3.7321336244725e-05,0.00025528433512322354,0.7394635971247407,20
7069065,-3.737706785624517e-05,0.00024891717637337573,0.7450169565166803,20
29652675,-3.739183794256862e-05,0.0002813135671308218,0.7203816175939073,20
155596438,-3.759169829548881e-05,0.00039876875943688786,0.6609706000887916,20
105399900,-3.7685578664098385e-05,0.00024184694016369986,0.7528374676875427,20
48954421,-3.771431084900467e-05,0.0002095258091159888,0.7846042778368517,20
140480881,-3.782390050731943e-05,0.00045885583756182484,0.641764963748203,20
69467040,-3.783356785366787e-05,0.0002812880234883567,0.722694065309994,20
101642896,-3.786134844872557e-05,0.0003223402797106225,0.6972698628325587,20
49469781,-3.793452781930551e-05,0.0003160607269742149,0.7011679594369039,20
157373851,-3.8110477632880003e-05,0.0003495016471029646,0.6843121859219928,20
24119079,-3.817457088642895e-05,0.0005918738927419081,0.6119345676979668,20
49957317,-3.822112839335923e-05,0.00011904583084554914,0.916345162140647,20
41746535,-3.835596633603444e-05,0.00021076540309224003,0.7870954951120022,20
22295146,-3.8391691604378055e-05,0.00027215147047907827,0.7321801265666634,20
21687331,-3.846670455159296e-05,0.00018438438757379148,0.8187339391939057,20
74475283,-3.8492418408861415e-05,0.00023269136548932344,0.7657655162712047,20
113744582,-3.8499629886532e-05,0.0006314442156095154,0.6059756538460663,20
25407974,-3.863070056371043e-05,0.00028462855906637104,0.7244728963802527,20
239720458,-3.864462990513518e-05,0.0005761895220566154,0.6162612792602237,20
122213680,-3.8657499247393703e-05,0.00046442729317737854,0.6430856675747616,20
81091205,-3.8660363481526906e-05,0.000425225568130381,0.6555753717547972,20
100641796,-3.8749579411420655e-05,0.00044789077783053246,0.648438841083271,20
91,-3.8790438575705964e-05,0.0005556199760413434,0.6208633477929398,20
57925856,-3.9045475684937325e-05,0.00015975046787869809,0.855983197466787,20
135076036,-3.9076460967285566e-05,0.00025547417766849163,0.7488966182245497,20
169875372,-3.909885648961109e-05,0.0001822278345787775,0.8253310536113792,20
90093298,-3.9146642869147816e-05,0.00044002495575834954,0.6524165460942501,20
56847002,-3.9215928079935904e-05,0.00021471068569872513,0.7879210419497542,20
154985501,-3.9293752705937826e-05,0.0002736502885581005,0.735778655245902,20
38281658,-3.9434783763533934e-05,0.0002044406012712648,0.8004521172682164,20
77664095,-3.9512266779359594e-05,0.00032336027778903604,0.7044458335868211,20
46200690,-3.952604438199336e-05,0.00037879026617095295,0.6769748181663509,20
48289065,-3.955984158397208e-05,0.00019719095718632353,0.8095761918242617,20
40338292,-3.9623704759833564e-05,0.00019653838853770457,0.8107262933244634,20
8835907,-3.982611241105383e-05,0.000442361453502373,0.6541425807553347,20
56452706,-4.007065686745526e-05,0.00036935508129558856,0.6834499819261115,20
28870129,-4.0085416471363763e-05,0.0006579303287969399,0.6059007759433168,20
94645791,-4.01611036153493e-05,0.0005116469682628477,0.6352877106302648,20
6617744,-4.0182157201551495e-05,0.00033925429352463254,0.6987694133770495,20
131481649,-4.0253212516019873e-05,0.0004990959089067777,0.6388441038466106,20
52395132,-4.026452136876857e-05,0.0004480410675423134,0.6538792662745487,20
155297621,-4.029960349822559e-05,0.00033933640729335825,0.6992519701891096,20
179086833,-4.030461040358258e-05,0.0003087418275237805,0.716893589447493,20
16473785,-4.041619155034648e-05,0.0002201791399040333,0.7890600669071179,20
53853911,-4.045505755744805e-05,0.001106302070699231,0.5640883925103986,20
24806852,-4.048563012962192e-05,8.664917130076324e-05,0.9748273728130645,20
122261496,-4.0516939864257415e-05,0.00032885613779461045,0.7059699621518909,20
3614989,-4.0661942356470807e-05,0.0003692613311708979,0.6859810694324644,20
41427756,-4.069904960079806e-05,0.00018952950064355387,0.825525138130269,20
120523463,-4.0710140225933e-05,0.00041593442768702145,0.6667363406942728,20
21515189,-4.074827679725335e-05,0.000369663984339213,0.6861572548649544,20
44049617,-4.077116214747101e-05,0.00044636094339414896,0.656259616297562,20
67775683,-4.0772072503794664e-05,0.00027478444520825896,0.7425308746417267,20
162194539,-4.089782113630425e-05,0.00046983452972629573,0.6493038163809033,20
31422619,-4.103188771086286e-05,0.00016804342638045546,0.855752361153605,20
80399193,-4.118856479734534e-05,0.00025653712095713525,0.7592617667035939,20
105893925,-4.1234043167640014e-05,0.00025604137632514665,0.7599193377039929,20
22516639,-4.137082156793481e-05,0.00024094826641175846,0.7739974337290253,20
17081563,-4.142523413795951e-05,0.00031494371966169263,0.7183471829040515,20
102152729,-4.157281806991542e-05,0.00030703621675090065,0.7240035607593267,20
107002021,-4.1575300216731284e-05,0.00047221642597776355,0.6509215396931343,20
56540618,-4.1614522011509944e-05,0.00037412727516037965,0.6877066637021525,20
42844718,-4.1646580455262375e-05,0.0002784418377284271,0.7441966015768047,20
91735034,-4.176617986971498e-05,0.00030233153569318385,0.7279829391957602,20
185028458,-4.1881910670979464e-05,0.0003449305276787944,0.703282522438144,20
157990013,-4.202112396138602e-05,9.926902066684297e-05,0.9631595482920442,20
38920179,-4.212242487486584e-05,0.0004767403511363245,0.6514281692228991,20
47354324,-4.2153426225557955e-05,0.0003526044621555166,0.7004492998693279,20
260544,-4.224742263508607e-05,0.0005959475367040674,0.6226628490665969,20
136029849,-4.228555958173952e-05,0.00021849064543337784,0.8012230503759845,20
168272870,-4.230104266327306e-05,0.0003840676756843166,0.6860160840876968,20
5268189,-4.2521454625762954e-05,0.0003885952034538456,0.6849046126523375,20
133682550,-4.255828335924805e-05,0.0002374418581836016,0.783643800292096,20
47808617,-4.273832715660231e-05,0.00043662233837304975,0.6667484874965222,20
27289976,-4.282016831816948e-05,0.0001017668910822615,0.9623579255056074,20
65471575,-4.284870123430762e-05,0.0002248158000661394,0.7976860228067393,20
94498831,-4.284899608383019e-05,0.00021389530794224044,0.8092388232322318,20
50449688,-4.3244526919011815e-05,0.0003187928711682043,0.7243677556200161,20
73782191,-4.3249298096922904e-05,0.0004714136371054878,0.6569089188236363,20
221678075,-4.3293316795345314e-05,0.0002935304038715397,0.7412876765313046,20
203656524,-4.3357505435159815e-05,0.00032615779588176884,0.7204042035326045,20
63474316,-4.347646675245953e-05,0.0001942259155643355,0.8353124131694523,20
54654069,-4.359484745589115e-05,0.00039049323071751487,0.6883399724080097,20
170199957,-4.361205530345469e-05,0.00030261426968559226,0.7365260309769766,20
166207140,-4.362837634461769e-05,0.00033443804277430585,0.7167580947244878,20
191636866,-4.3677713498208035e-05,0.00021252154806743014,0.8152224582800633,20
6196493,-4.381561808223799e-05,0.00039263564672107633,0.6882674976344823,20
15885492,-4.3894066472768835e-05,0.00016617497135667923,0.8739676278621351,20
210264335,-4.392360021245878e-05,0.000593677385664419,0.6278195603355958,20
104755251,-4.3965532869846836e-05,0.000309014646751925,0.7339075548815222,20
50397681,-4.3967221800972345e-05,0.0003198245307582685,0.7270092740100003,20
107934113,-4.398466894350028e-05,0.0002551058732185957,0.7749267006222382,20
45859977,-4.406864255051823e-05,0.00022469616653446317,0.8043059632283637,20
129070177,-4.408711112909025e-05,0.00021766813015115737,0.8118069052216057,20
4613920,-4.4309007254575425e-05,0.0003309705914778617,0.7217816600808715,20
66485375,-4.462390984377451e-05,0.0002968150219479662,0.7452729056815834,20
26408721,-4.467124978309589e-05,0.0004726586817888595,0.6613574108225082,20
43849406,-4.4713746031557755e-05,0.00041950061661096607,0.6804854982634303,20
29470994,-4.483785584384059e-05,0.00021212547349177998,0.8218120116992724,20
170597867,-4.487736999136682e-05,9.631389437817147e-05,0.9745394812926811,20
184416530,-4.499901585016952e-05,0.00022294137388906862,0.8109976421429631,20
38657819,-4.514764652975845e-05,0.00015017306801957042,0.9026887970379205,20
13070799,-4.528464426442613e-05,0.00030956115733659544,0.7395924375018628,20
154796037,-4.531857234691683e-05,0.00016278691204822096,0.8858666265282955,20
41709978,-4.532311397766331e-05,0.00010937631567110357,0.9602716964352769,20
236694440,-4.544094142797939e-05,0.00027893856291242696,0.7624163552780392,20
29501406,-4.555762739436864e-05,0.00034441821027685635,0.7194368249624049,20
154777157,-4.556779699874669e-05,0.0002914772179235049,0.7535344807242795,20
46846414,-4.560514915407099e-05,0.000221384897501176,0.8157667221209747,20
33313449,-4.560886837840228e-05,0.00045269962531829447,0.6712975816187796,20
116253765,-4.561993510020235e-05,0.0002976417138376444,0.7493308811572537,20
78508773,-4.566028109816989e-05,0.0002799484697020054,0.7626780335595589,20
23839834,-4.5721458379532896e-05,0.0002165518241355657,0.8215447735279158,20
101442703,-4.575779571662497e-05,0.0004205819780137776,0.6839296388929241,20
120955578,-4.577407726875648e-05,0.00019386024966563573,0.8478845180894743,20
78797120,-4.586517235121712e-05,0.00042749144164999403,0.6815807283258244,20
154458324,-4.5972306796412954e-05,0.00036226452998379654,0.71149888387753,20
86088192,-4.606141102385664e-05,0.00026367815172523545,0.7778529601108828,20
1,-4.613988407296266e-05,0.00041136633662171757,0.6891463787542804,20
34019487,-4.6225306938862956e-05,0.0001861103836841785,0.8597365157909244,20
12489459,-4.623346422017727e-05,0.0005061626335227761,0.6562594299256705,20
58324690,-4.629726565995029e-05,0.0005876473314067081,0.635766795849857,20
59456384,-4.636287764364644e-05,0.0004451641943986753,0.6766600697653322,20
66664663,-4.64190362128053e-05,0.0007660971277384151,0.6053334181380119,20
58562150,-4.643795274804074e-05,0.0001915056227706917,0.8541309767282356,20
85287646,-4.653366968078165e-05,0.00033450084739804626,0.729376327518515,20
18626069,-4.6583926667245756e-05,0.0002578631996337913,0.7854283174701407,20
2063472,-4.6636413052475455e-05,0.0004857147250894337,0.6637678413070796,20
32274273,-4.66622989030635e-05,0.0003333012440417759,0.7306507512060065,20
76306660,-4.6725464730432154e-05,0.00023250056662249053,0.8099856029922465,20
87375385,-4.681138877252189e-05,0.001617957087273449,0.5507953632512975,20
160989252,-4.687015214868695e-05,0.00017990680558782333,0.8708011624895045,20
127418850,-4.688445199065583e-05,0.00025835085333680255,0.786459582339774,20
66084646,-4.68966441697527e-05,0.00045458245516816296,0.6751123735547212,20
112649670,-4.697616996751641e-05,0.0004675981310216402,0.6708447318909363,20
148181266,-4.700581098781853e-05,0.00011535119157659422,0.9579138211997289,20
138030047,-4.708922478653399e-05,0.00014937642870123223,0.912619339299825,20
52518786,-4.709298990197008e-05,0.00011445428085635518,0.9592845879927206,20
143944382,-4.731090286969608e-05,0.0002460839613089148,0.7996884858223234,20
85492693,-4.7372731387612664e-05,0.00027531601248130397,0.7744728337638112,20
97638548,-4.7447918146945044e-05,0.00024010994326371251,0.8060573771932154,20
32818180,-4.787906984827506e-05,0.00016973285557062484,0.8888051735587298,20
137592046,-4.790888163899165e-05,0.000350201477155358,0.7260407257211465,20
142170371,-4.791203470242977e-05,0.0003841546476202871,0.7082421568135786,20
75300082,-4.79646534497169e-05,0.00030848181629787504,0.7523749138821834,20
115503310,-4.79655471124274e-05,0.00039130845937325405,0.7050250167403682,20
121813304,-4.8026779670240496e-05,0.00023701603440938725,0.81190857484077,20
32499100,-4.813240605113511e-05,0.0001752043194498781,0.8828870982876353,20
116209286,-4.8209044641192576e-05,0.00020688910958537306,0.8447758184324576,20
126356151,-4.826996715743825e-05,0.0003893901249933515,0.7071068893790523,20
37116476,-4.827285678115356e-05,0.00018202936011671626,0.8748744565598432,20
44644709,-4.8456447913869384e-05,0.0006161648703130177,0.6355323608602356,20
78498995,-4.859272818074911e-05,0.00031975105795341123,0.7475331450841056,20
36496724,-4.862047030363414e-05,0.00025264103677779957,0.7999212446379379,20
123014509,-4.865448905282399e-05,0.00025321175589077314,0.7995613756530858,20
105156412,-4.8913162412944636e-05,0.00021800638457596656,0.8358603605936215,20
183414572,-4.901557682986668e-05,0.0002896601560397667,0.7707632921800918,20
72559060,-4.908044910377496e-05,0.00045196816604178435,0.6836127165163011,20
22684090,-4.916008424159235e-05,0.0002236902689895445,0.8309803168493031,20
134028055,-4.923130137956255e-05,0.00021778252401655722,0.8376307909765206,20
15078859,-4.925842517429502e-05,0.0005848099771198984,0.644709988654373,20
51244997,-4.9292553966126526e-05,0.0002424018721972663,0.8127373104539422,20
34897009,-4.9337891148487636e-05,0.00018938817747432226,0.8707900092651415,20
148737542,-4.944249466996009e-05,0.00033562071108765866,0.7410416401252908,20
2666837,-4.9564110998637224e-05,0.0004939098373937142,0.6706670014834488,20
115016016,-4.957803570151964e-05,0.00024130221639888879,0.8151529289226913,20
34627872,-4.961189349059758e-05,0.0003797264823636012,0.7170512129134471,20
137758160,-4.966766803468636e-05,0.00046739626449841657,0.6799796133444267,20
71280810,-4.972276594601977e-05,0.0003393696934151072,0.7399142716522112,20
50758040,-4.996775903842732e-05,0.0003773416571100435,0.719651437991482,20
10085418,-4.999049464592675e-05,0.00011425495329839268,0.9673797621725277,20
42748109,-5.0005223926405386e-05,0.00035034652584582546,0.7345548808890091,20
105841798,-5.0029250941802106e-05,0.0005339953166088978,0.6600382166183938,20
152175155,-5.0105629242266916e-05,0.00026453728119817685,0.79624765570139,20
20822001,-5.01860423012479e-05,0.0008683436833670483,0.6005874130717155,20
108340355,-5.02287065904633e-05,0.00040300952210885584,0.7081124388679183,20
157461208,-5.025756882952037e-05,0.0006156065031878062,0.6404657942583689,20
41664204,-5.036301140137478e-05,0.00013792432913115694,0.9405341954178513,20
21637665,-5.0366840235654964e-05,0.00036018969565239047,0.730412149230804,20
98348647,-5.037527713608603e-05,0.0005456912317953045,0.6578285889775846,20
136156232,-5.0519813032748326e-05,0.0008682994991365222,0.6012457625609058,20
83222149,-5.056614097886658e-05,0.00017421791080044527,0.895091647439614,20
53447256,-5.061643081588907e-05,0.0003202517552319511,0.7558745127442452,20
169474940,-5.06965466347431e-05,0.00017497091011295444,0.8947118146284753,20
104155852,-5.07086779923227e-05,0.0002798226208775761,0.7861354933483857,20
20036572,-5.071202045683343e-05,0.00022903432297841645,0.8327413312401528,20
37880945,-5.0968631013062485e-05,0.00043624076640120103,0.696321445133842,20
100126896,-5.098538102107086e-05,0.00046734870607121975,0.6843939729074467,20
33676283,-5.1075115923299166e-05,0.0014177024741573463,0.5631486595084116,20
46352562,-5.115278568076642e-05,0.0004406804314083765,0.6951613332576538,20
7205148,-5.123790504139025e-05,0.0004046261966006812,0.7110933571169487,20
20514272,-5.131492849134445e-05,0.0003829006182244942,0.7219866157146425,20
101089592,-5.132187938714228e-05,0.00028950876094607683,0.781154637928837,20
28527335,-5.1476352132220904e-05,0.00024391834426562193,0.8214392857998607,20
34676921,-5.149756686929352e-05,0.00020824596168139958,0.8587166444294079,20
48546351,-5.152823678820639e-05,0.00016645254156833945,0.908863353620738,20
213066961,-5.1690177541180435e-05,0.00033548425671233134,0.7504397295129941,20
123874968,-5.174812893906366e-05,0.00042947771273477907,0.7018763589341985,20
34042757,-5.175021853848216e-05,0.0002895520531308877,0.7829972903468586,20
145135611,-5.179908371270303e-05,0.000823788954505847,0.6092031619736531,20
170330173,-5.189645615434613e-05,0.00015423953473291048,0.9255811486930102,20
28430707,-5.196207716454959e-05,0.0003078368944190331,0.7702132291939157,20
57482264,-5.1998058819416324e-05,0.00033512492811864207,0.7519282965448066,20
88911131,-5.203405788376248e-05,0.00034374580590693543,0.7467058409225991,20
26467790,-5.205906478369382e-05,0.00019272768074581712,0.8790656974272774,20
21886010,-5.207531691211187e-05,0.00021208784583497378,0.8570530842112764,20
22916981,-5.210813884512222e-05,0.0004606435612636661,0.6906233119430238,20
176609039,-5.238617577134896e-05,0.00013325513907418978,0.9525867827839783,20
75343496,-5.2406488383460734e-05,0.0003513228920736709,0.7436366328428579,20
169109440,-5.247259703602958e-05,0.0006671629831165722,0.6355460999239018,20
101552423,-5.255070882800028e-05,0.0009311778515225808,0.5982726023808111,20
44646750,-5.256495605994449e-05,0.0004593437308205211,0.692645059732983,20
61072859,-5.261532133448987e-05,0.00011957031445590525,0.9680756926585403,20
94813889,-5.2685816884509574e-05,0.00020688362295417473,0.8655477374979181,20
18216100,-5.271215812834018e-05,0.0004177277156075727,0.7104340789670505,20
118522665,-5.27792523436238e-05,0.0005652439565233714,0.6595333165433239,20
188433744,-5.285585737815068e-05,0.00021478442553414572,0.8575771419445738,20
25640406,-5.291401697515852e-05,0.0004158885833024424,0.7119878135905546,20
62656820,-5.2922489431495026e-05,0.0002103949160946275,0.8626822966446868,20
20236625,-5.299189817780936e-05,0.00018084341108835878,0.8971682896180964,20
121412890,-5.3165551440106926e-05,0.00037818852794518123,0.731481417716229,20
35257084,-5.363319438938807e-05,0.0002376257971453384,0.8372626850933705,20
71437107,-5.400325941407325e-05,0.0013033922817430458,0.5725186773940316,20
35170475,-5.40529474779089e-05,0.00037139537506641223,0.738539422874084,20
49836993,-5.42066930363988e-05,0.0006839184084639146,0.6365499879554808,20
10208745,-5.4218998391566965e-05,0.0003299794331366606,0.7642882480543844,20
1062638,-5.423563554302069e-05,0.0004862333337067902,0.6881883844704072,20
12022067,-5.429315722979e-05,0.0027872870429592024,0.534253021423561,20
105911963,-5.4306638945150754e-05,0.000157114360937016,0.930675987462845,20
88156698,-5.4383311240968624e-05,0.0003755265143999447,0.7375195330168438,20
18277832,-5.444594919682133e-05,0.0001776359724200899,0.9067808737660614,20
13089854,-5.4467936941704484e-05,0.0003077566875507434,0.7807875425863516,20
132273991,-5.456398062598788e-05,0.0008386862637895349,0.6128798907848555,20
30690315,-5.464764014898316e-05,0.00021233749133979204,0.8679857457749598,20
156788177,-5.464999046286001e-05,0.00029686740523723117,0.7897160261289069,20
61019422,-5.475117516629824e-05,0.0005534951896113795,0.6683951840366065,20
12611254,-5.478422225233537e-05,0.0004581005222183255,0.7005117766840232,20
29211632,-5.4821945635946666e-05,0.0002306962922208499,0.8493902297643026,20
13076348,-5.5117841437513085e-05,0.00029164674133523984,0.7957365134232011,20
25264997,-5.5358254040907553e-05,0.00010698426851209758,0.9839926631864282,20
34443120,-5.538388914141379e-05,0.00018314580361424813,0.9039354565640861,20
123980448,-5.539123337537366e-05,0.00047727348564015554,0.6951319846048751,20
79890644,-5.558060390328523e-05,0.0006204141383080536,0.6534234985995448,20
205258235,-5.562039855832035e-05,0.00039445880843115116,0.7320898975476009,20
41060618,-5.566552833030092e-05,0.00026944609790422955,0.8164404760672606,20
171677768,-5.580716798293528e-05,0.00036586990139144695,0.7483111795315676,20
126155985,-5.598535692633855e-05,0.00027130904037807405,0.8161683338555664,20
27869017,-5.615198328632886e-05,0.0008462528751973749,0.6150587197200265,20
69066996,-5.621258801989659e-05,0.00030915672067861243,0.7868971626890962,20
130991959,-5.635655707167675e-05,0.00039825098957593986,0.7328133972549161,20
143331938,-5.637058500762016e-05,0.0009479241014411331,0.603427495456302,20
42140266,-5.653386746794498e-05,0.0007325352431065618,0.6331096490972778,20
115252256,-5.665282277529382e-05,0.00010783592919783268,0.9851184119157737,20
75840556,-5.679588000191971e-05,0.00048147239829028854,0.6980395073063328,20
25288411,-5.679847448065989e-05,0.0002690949299950301,0.8214760064464803,20
169797512,-5.68802096764659e-05,0.0001255613654730086,0.9714751938906065,20
248528837,-5.689418885109487e-05,0.00026275531064254927,0.8274817159939961,20
30240334,-5.6946511893479766e-05,0.00045367336513204497,0.7094420706016811,20
153976551,-5.712453941298379e-05,0.0005131823182150008,0.6878356710513189,20
187820369,-5.7140463859189915e-05,0.0004397900008746627,0.7159818963009223,20
140442938,-5.732029932662142e-05,0.0005027930680874143,0.691982685156731,20
146378480,-5.743928308264146e-05,0.00020256046817319012,0.889967274783572,20
102352552,-5.7498722411239435e-05,0.0003124455382943095,0.789640484533992,20
75896873,-5.7518991128821526e-05,0.0017092728630007667,0.5590188730676702,20
29728387,-5.753482574643587e-05,0.000364792575899023,0.7554223517792471,20
16023669,-5.780022847267363e-05,0.0003090181302672161,0.7933616062326527,20
53209979,-5.7847934660335e-05,0.0004961280232863756,0.6959591990478784,20
139759544,-5.7974344372518916e-05,0.0007312199484341621,0.6365918710347862,20
87956573,-5.799802546950783e-05,0.00011914303627847585,0.9788533057344386,20
229087980,-5.8013298000078595e-05,0.00024240424976294702,0.8510517367978345,20
66808302,-5.804513028684066e-05,0.00028957189070373155,0.8093838205435364,20
137557843,-5.820431597946263e-05,0.0003353475618679171,0.7764075844538868,20
42910644,-5.8401408074373885e-05,0.00019314711020425765,0.9039103297894446,20
29764960,-5.8529822361977345e-05,0.0002881981518648399,0.8124361760699876,20
26228899,-5.855245478927351e-05,0.0002773039933353199,0.8215614176204263,20
177820169,-5.8586896848927816e-05,0.0005723768825353137,0.6738400793159962,20
27530475,-5.8684316429130635e-05,0.0003908663869993584,0.7449896859363361,20
93305152,-5.870662441211649e-05,0.0001934979477678503,0.9046311659983763,20
9667835,-5.884483982931954e-05,0.00018343144670782073,0.9161802728883927,20
35443632,-5.899072359309698e-05,0.0004427109533151647,0.720864873295497,20
88510978,-5.8992022787973664e-05,0.0002469053528121731,0.8506601933329194,20
36537526,-5.9031406806117626e-05,0.00016867233478740838,0.9329737141113785,20
132788236,-5.907797921330671e-05,0.0003127040302834934,0.7956608036084154,20
13877914,-5.925051370275491e-05,0.00015990907296826797,0.9430343363724885,20
155382134,-5.927319988097979e-05,0.00018601798341835664,0.9148128505756138,20
20629817,-5.9337372166426425e-05,0.0004011846660259337,0.741868062084154,20
11227687,-5.9438418757098986e-05,0.0002008791023822454,0.8992746429034759,20
62888311,-5.9487639188468554e-05,0.00040556786330980577,0.7401428451273111,20
30020205,-5.981012642713168e-05,0.00024231713494297563,0.8582762382265998,20
93318423,-6.011226301847195e-05,0.0007033771021664292,0.6467224822938766,20
111810753,-6.02559491261645e-05,0.0003328388713331377,0.7859087511937654,20
68276201,-6.02857451012323e-05,0.002105695151216309,0.5502672518021452,20
110809371,-6.029162692705592e-05,0.0002897628500174688,0.8181144096638706,20
80706259,-6.034951982596404e-05,0.00019921999003007275,0.9043041865957515,20
22,-6.035954224540008e-05,8.402927385309307e-05,0.997707572169747,20
22042643,-6.039202630057638e-05,0.00027011216641681574,0.8350347048887554,20
73359534,-6.05501101099859e-05,0.0006295440560842178,0.664031324203358,20
85525748,-6.063690604254934e-05,0.00048026902634055053,0.7105358928411881,20
79882187,-6.066025289428179e-05,0.00027076353787437783,0.8355116094127777,20
95446684,-6.071674314643838e-05,0.0006146949562344589,0.6681669768431162,20
26689767,-6.084145231131932e-05,0.00026491717562504205,0.8413592038794868,20
48863417,-6.094563143536902e-05,0.0003125922550892809,0.8029329671561632,20
83690728,-6.0994267772415677e-05,0.0001955254045324445,0.9104572971505264,20
116217036,-6.104853108859498e-05,0.00027502563480187917,0.8333338779814846,20
14474258,-6.105901752486154e-05,0.00025642563670859883,0.8498631526037527,20
113463401,-6.113467854555743e-05,0.0008179774712138879,0.6290710067521561,20
4464995,-6.114331411216089e-05,0.000370566440644976,0.7652043787265095,20
29239679,-6.116889595998431e-05,0.00019292919057524194,0.9137946048354587,20
31254019,-6.118183727334692e-05,0.000326903578338584,0.7934974989382757,20
184216307,-6.120540378423133e-05,0.0005782710615833985,0.6793182504450508,20
151782689,-6.124205260631677e-05,0.0003622525459807262,0.7705558079789365,20
32641791,-6.130389061051178e-05,0.0003347399914954513,0.788535677573911,20
17677606,-6.13170283996517e-05,0.000352844137199321,0.7766848049369105,20
96787899,-6.13795968091635e-05,0.00023777457991298867,0.868684172729751,20
126676730,-6.146627521704806e-05,0.0002575806628965339,0.8503687834350674,20
79966398,-6.147204032758425e-05,0.0003301331401974334,0.792328520322652,20
5419725,-6.160490207057223e-05,0.00020578617405392582,0.9017815838588631,20
35638304,-6.162361876893007e-05,0.002701013329150398,0.5400997141180065,20
39858660,-6.17183338396332e-05,0.00044911116854399444,0.7269374591103677,20
35714563,-6.174454129821427e-05,0.0002381659293041532,0.8696719524082145,20
165593171,-6.17696540878676e-05,0.0003309845525730085,0.7928451009969198,20
10274289,-6.179024230742735e-05,0.0004914176066649799,0.7097640443188795,20
120109509,-6.182452612996381e-05,0.0003278763016460618,0.7952152314067736,20
41441789,-6.190877794179372e-05,0.0007825338026595418,0.6363096499333236,20
160501707,-6.191141591048999e-05,0.0005328654449533436,0.695328038971408,20
24089328,-6.200068333946652e-05,0.0005205165572386263,0.6997892311483116,20
32636083,-6.206366375267335e-05,0.00013784306116836024,0.9707806563892334,20
9667917,-6.208045531200246e-05,0.000313210975036305,0.806759641419808,20
34698465,-6.218509803747607e-05,0.0004381393422788407,0.7334130551950744,20
38243597,-6.22158755496427e-05,0.000321954886865539,0.8008750274836486,20
82447233,-6.231536549788919e-05,0.00031923086863611794,0.8032138126165043,20
10200574,-6.232081941329737e-05,0.00035820427189209335,0.7769446528046378,20
46145480,-6.235726234390116e-05,0.0003109278532063535,0.809500919455767,20
99087130,-6.23649098005108e-05,0.00026603654119400474,0.8461888301250885,20
6816013,-6.250606679144011e-05,0.0004208861304374283,0.7427160235984267,20
100853042,-6.259718884299992e-05,0.00010629177024206032,0.9918190063560819,20
19881127,-6.261605985709295e-05,0.00034171566072005715,0.7886618684745705,20
57561260,-6.263283626679051e-05,0.0002614197552567969,0.8513091073549801,20
64006012,-6.268964906619156e-05,0.0004986934892022857,0.7097177797996407,20
7667965,-6.278416332259617e-05,0.0001505950711009428,0.961109429245003,20
50089761,-6.298234552621906e-05,0.00028248359548927295,0.8343779806258482,20
120751399,-6.30565594794047e-05,0.00015417414423880547,0.9584362763384048,20
135590420,-6.307461839789585e-05,0.0004139416207936418,0.7480938369533705,20
76745532,-6.311087151787687e-05,0.0007892226747885049,0.6377145578736625,20
119522856,-6.31561325190183e-05,0.0007464214456603531,0.6453343401577012,20
67085896,-6.322528749615475e-05,0.0002653453680365783,0.8500204531299141,20
26264802,-6.343702893180092e-05,0.0021713449889402083,0.5512895078107267,20
58662069,-6.349190223137736e-05,0.00031196595745577464,0.8129342747184642,20
45552290,-6.359651843257097e-05,0.00043351166801568945,0.7401758142040484,20
119173430,-6.376687682687344e-05,0.0007429617954403544,0.6473185466658272,20
87,-6.39380995936828e-05,0.0003996959258859292,0.75846733669916,20
49791659,-6.398092290992586e-05,0.00046923191959104667,0.725386473922164,20
120724030,-6.404914683670604e-05,0.0004550685270796082,0.7317202181828144,20
90915669,-6.409270990693771e-05,0.00031824973960967634,0.8104751817967606,20
8467037,-6.436270601037353e-05,0.00021062620354158457,0.9061447583567052,20
49289448,-6.44103483203956e-05,0.00024546962977338687,0.8724462375070148,20
107558965,-6.451023497793252e-05,0.0006559929243433671,0.6674742021282417,20
35038606,-6.451259572095857e-05,0.00041031578567335295,0.7547520172590267,20
32096766,-6.471452383587651e-05,0.0003626314478034773,0.7826593942854145,20
41259148,-6.489985908275375e-05,0.00035040553078402923,0.791107912552641,20
1861839,-6.501586688210104e-05,0.0002521912444801976,0.868381649472475,20
37242504,-6.503173779677518e-05,0.0002793727626528446,0.8445321646380122,20
55077315,-6.504625682632048e-05,0.00029339380607159763,0.8330458383411479,20
148538622,-6.505285213073975e-05,0.0003760215832413167,0.7756836977580386,20
9418274,-6.512997906762407e-05,0.00033984109233914497,0.7989581921485176,20
104710710,-6.520218218075135e-05,0.00030418919543938143,0.8250974825297128,20
79290420,-6.521131687696746e-05,0.00026658455729302444,0.8561767289139572,20
96082752,-6.533144657353274e-05,0.0001407644265710544,0.9741250264469432,20
462684,-6.53873697206514e-05,0.00016830624173211247,0.9507531386999677,20
61487578,-6.547640277888012e-05,0.0005664564425248451,0.6944154917770451,20
178085216,-6.564630280186667e-05,0.00041122487561449824,0.7580205271738585,20
62100799,-6.573303567503353e-05,0.0003773954469618394,0.7771945281755159,20
5866892,-6.577758610910311e-05,0.00024032029242664017,0.8820539054420031,20
249058569,-6.581810240428033e-05,0.000343782916880311,0.7987221443453469,20
141970192,-6.583826814784144e-05,0.0005072830560835601,0.715774204750349,20
91101805,-6.585816271947875e-05,0.00024246064983278023,0.8803266734059436,20
50723538,-6.611547108776872e-05,0.00010890677896184364,0.9931308106264349,20
49312409,-6.611631322922251e-05,0.00022103741203653187,0.90160599706455,20
78768871,-6.632209595658078e-05,0.0004705373558743418,0.73201168975381,20
158585531,-6.650440156600324e-05,0.0004938038083503226,0.722951523228718,20
64729115,-6.70700014611919e-05,0.0002452104945491238,0.8818989585085429,20
3815005,-6.707418035608592e-05,0.00035017310856626623,0.7988345922114723,20
89039720,-6.708838729529155e-05,0.00027998607109624816,0.8513346347585613,20
118906511,-6.741769098574102e-05,0.00048422431751712946,0.7295410426390527,20
62901975,-6.75722569951076e-05,0.00015565187248067186,0.9664094623998246,20
128558502,-6.763883625773292e-05,0.00039309208124335026,0.774475336888278,20
158299463,-6.7659442553622e-05,0.00010964600728337033,0.9937641217455943,20
180224324,-6.774387952489247e-05,0.0004885773859671854,0.7287161711703796,20
151893946,-6.777789383557997e-05,0.0003432059478120555,0.8059107810481876,20
22442983,-6.782174252229766e-05,0.0001573293645059003,0.9655220999198273,20
31841608,-6.788518950804622e-05,0.00022149107739650878,0.9067731992812764,20
233291095,-6.805515491274394e-05,0.0003322404152363838,0.8144415031815431,20
169074253,-6.813082924039815e-05,0.00017897779352208057,0.9475065048345905,20
42861098,-6.855235794962222e-05,0.00048734458023880987,0.7316040438938571,20
1610985,-6.866825005378829e-05,0.00044700724295817406,0.7498084391531876,20
43685314,-6.882538176994913e-05,0.0002789614142316867,0.8581762048276498,20
47309111,-6.892597281522583e-05,0.000478589904082947,0.7363859017824113,20
181611787,-6.896096938375784e-05,0.000171666834941164,0.9558352178381714,20
177219071,-6.903487088718019e-05,0.00041808047391662576,0.7653686836815197,20
37734981,-6.918091325290865e-05,0.0001146747092541723,0.9928738933488757,20
107897561,-6.923665341274643e-05,0.00032747289340250355,0.8218708444460803,20
30635636,-6.938602096402124e-05,0.0003000295770660997,0.842996209711784,20
151854967,-6.939638887239475e-05,0.00025588411031204114,0.8799747996226275,20
72490377,-6.950986222764577e-05,0.0002741051625286328,0.864566466963048,20
65,-6.965849408983871e-05,0.0004998036554248738,0.7297474558175956,20
15026516,-6.978888037317832e-05,0.0004569368506922381,0.748586442583721,20
116131208,-6.98443165223106e-05,0.00028223339648797923,0.8588845589878085,20
49605671,-6.993955116261496e-05,0.00043824189098129446,0.7579599625366581,20
111006570,-6.99491184269957e-05,0.0002989711093174066,0.845730578839621,20
90934206,-7.011531402830174e-05,0.00037871000619549966,0.7910201215054988,20
47488132,-7.036430831471041e-05,0.0004435901806560366,0.7566515213786649,20
21556446,-7.036704179294862e-05,0.00018568403594755448,0.9467761611574259,20
179811725,-7.037976269179958e-05,0.00014941945198575107,0.9756570160265412,20
33650872,-7.046488595776335e-05,0.0005284098048673247,0.7210168400772465,20
10827316,-7.051944223456785e-05,0.0004636811823583838,0.7476931415202468,20
8617396,-7.059948552851636e-05,0.00021047260551717773,0.9249889219845697,20
50,-7.063922439393411e-05,0.00033677484827796797,0.8200019142840491,20
68027534,-7.064390591605407e-05,0.00024186593741854949,0.8964640297503715,20
11669548,-7.079232283486725e-05,0.00026272159504853073,0.8785105402375539,20
22122943,-7.080371349406367e-05,0.000365161521595639,0.8016558540902411,20
61465720,-7.093859055824492e-05,0.00042888472998547103,0.7657387791291301,20
100551588,-7.101313170609913e-05,0.0003521085071343024,0.8108093390346603,20
143372474,-7.112708774471565e-05,0.00021567928715132207,0.9216814944644469,20
171198083,-7.114772774864664e-05,0.0003576922499394993,0.8075817488137981,20
100887239,-7.118277923730543e-05,0.00015247081199399186,0.9747439077510927,20
84003139,-7.126859355803539e-05,0.0003141779453853731,0.8384471665305409,20
29088278,-7.129947667653125e-05,7.389804671586416e-05,0.9998132482600787,20
80949710,-7.133843988761657e-05,0.00022806580294036462,0.9110183178475978,20
93881354,-7.142368275300514e-05,0.00018676350382815373,0.9482521741113094,20
184616504,-7.143744611704805e-05,0.000333953171705713,0.8246217201327373,20
8066271,-7.149984543674547e-05,0.0002200143488547044,0.918777146763578,20
56259050,-7.152932832623915e-05,0.00026425745678171976,0.8795381884784477,20
5204196,-7.161245726351184e-05,0.00024177239722597866,0.8994978202992483,20
69997816,-7.16362615767574e-05,0.00015238388562738403,0.9754582245760488,20
45655893,-7.171084540567585e-05,0.0004663404857286401,0.7500230599757073,20
147377800,-7.178127374309618e-05,0.00031204199855154797,0.8417435884309415,20
242122829,-7.17894882542508e-05,0.00015169477881238856,0.9761337142711335,20
46,-7.189824041249626e-05,0.0002949054796663331,0.8553943734038145,20
94520582,-7.19185087455304e-05,0.0004618692394228358,0.7526838778722689,20
72871885,-7.195602207921704e-05,0.00019334001725852706,0.9437821584185692,20
77063668,-7.199229953096798e-05,0.00026909599436429935,0.8768805284720798,20
66264558,-7.206752240191682e-05,0.001038020779245365,0.6202159405469714,20
114950706,-7.229781876091356e-05,0.00011942741794204268,0.9930162283290652,20
145449545,-7.234135417887033e-05,0.0005547905757465015,0.7166713858755147,20
17899701,-7.242198284237444e-05,0.00026899737543296763,0.8783180019734593,20
63274316,-7.243192909144325e-05,0.00035728571622496296,0.8120208615364184,20
74432126,-7.243422539064403e-05,0.0002933722649648163,0.8583483524467813,20
85288115,-7.246043980933258e-05,0.00036564535888909954,0.8067183680826204,20
26435052,-7.254811595107936e-05,0.0004170348938174925,0.7769195751605762,20
42444502,-7.259636931869762e-05,0.00048808202436618505,0.7430342300358719,20
170600329,-7.266374083263472e-05,0.0004803076994119456,0.7465839561160412,20
16951941,-7.275186465862116e-05,0.00013342691780192628,0.9876304803927434,20
29093137,-7.277821831493946e-05,0.00015338647995613995,0.9763924932644474,20
162866030,-7.306045339713075e-05,0.0007602628797346717,0.6639003283149851,20
89492648,-7.315451887342506e-05,0.00013705489132148687,0.9862319286496474,20
25889500,-7.322139988632237e-05,0.00045330423183652515,0.7605694344786547,20
66885521,-7.326997957818604e-05,0.00027389215450213805,0.8768635649684408,20
23696914,-7.327439374849032e-05,0.0006029323922817674,0.7034466432499298,20
54079964,-7.337613264447873e-05,0.0006951234064527285,0.6788739230796703,20
77997689,-7.342098914954465e-05,0.00017694175611898043,0.9604607258605184,20
188623141,-7.34534795144487e-05,0.0005297135198064464,0.7287320972291216,20
78711426,-7.362797253016029e-05,0.0002584099490784301,0.8910266450929829,20
65294331,-7.377353903544604e-05,0.0006266190766972458,0.6976888867338187,20
218699815,-7.385770486271759e-05,0.00023592351615044972,0.9111901031365854,20
25667412,-7.401840318375374e-05,0.0006118864519832303,0.7025972032514582,20
9067655,-7.423549860962886e-05,0.00013453148514551777,0.9883669435603613,20
58463416,-7.433616575358293e-05,0.0011651816521352943,0.6107543202780852,20
23043910,-7.44524788575146e-05,0.0004576600743356762,0.7621142766218976,20
5004098,-7.458753671557016e-05,0.00037041356694144593,0.8104422864441813,20
108738762,-7.47043814933429e-05,0.00040377942903479564,0.7908599320388547,20
77567989,-7.474381437560241e-05,0.0003362646485556427,0.8336552107063238,20
26962138,-7.475678737922375e-05,0.0009764795804923965,0.6320865935372554,20
215470153,-7.483310145483534e-05,0.0003744186038776074,0.8087002892449884,20
58455591,-7.489862849172635e-05,0.00037845362267579624,0.806407773313343,20
192226520,-7.50430690301257e-05,0.00023815480226192104,0.9125303665499682,20
113343409,-7.516440878978237e-05,0.0005284942611904609,0.7338322020451231,20
40922168,-7.521424616237227e-05,0.0017999819799411046,0.5731294765553211,20
39301123,-7.531914366003534e-05,0.00037092821909348275,0.8123982167897614,20
34475099,-7.532915048807653e-05,0.00026833083045463285,0.8877358079224078,20
103355145,-7.542153112614081e-05,0.0003542433737667117,0.8235129595909628,20
9619805,-7.556673595943142e-05,0.0003748844727849488,0.8106862521578336,20
72230792,-7.565127953478024e-05,0.00028574081035369787,0.8744966049703194,20
17237543,-7.571783128571541e-05,0.00014001990849952478,0.9871006202031909,20
66425432,-7.57216773770858e-05,0.002498768341253447,0.5531875976262607,20
134590023,-7.576748823656665e-05,0.000155744912774178,0.9787945983278816,20
58254694,-7.581455328655728e-05,0.00023989106768772752,0.913138156213137,20
1217170,-7.586434911557028e-05,0.0010531763059900355,0.6245698579126833,20
172999895,-7.587580544715922e-05,0.00025559047756428275,0.8999823837463241,20
157789987,-7.593785110135698e-05,0.00030281304481735174,0.86197488052765,20
135426843,-7.596799353838668e-05,0.00016459862748880718,0.9735293967533551,20
130791733,-7.606651911302165e-05,0.0003688640256740354,0.8160156492126796,20
151793106,-7.608306505564599e-05,0.00025817534523282575,0.8983993976263954,20
115340404,-7.618205153429591e-05,0.0004513944212238472,0.7701779077968864,20
193225651,-7.620900136487696e-05,0.00028169530768996757,0.8794179744392241,20
149771954,-7.62269807894178e-05,0.00024826357149063577,0.9071489548425786,20
130872357,-7.62794195584865e-05,0.0004188719700032456,0.7872487017378536,20
132951870,-7.656210319460788e-05,0.0010898263317793532,0.621594136288639,20
22483991,-7.660017089153037e-05,0.00013282668326864222,0.9908058668155397,20
117856627,-7.660992954051094e-05,0.00023422603277937405,0.9200567587007156,20
30534004,-7.674109842212284e-05,0.001175190001061927,0.6132876539917724,20
183226871,-7.677761659737604e-05,0.00025886124656560445,0.8997884792263668,20
131586429,-7.680168213708427e-05,0.0004440572629313859,0.7756210448061694,20
164191596,-7.680432143819249e-05,0.0006185487722516516,0.7074151317778505,20
78596973,-7.686204536024865e-05,0.00048179625631808437,0.757880291407173,20
113739357,-7.703029657857852e-05,0.0004664425686559899,0.7653963096598828,20
45447667,-7.706734366832169e-05,0.0003013852416212318,0.8664971684605103,20
45507101,-7.717449724576053e-05,0.00046305173805198023,0.7674087611447051,20
44551468,-7.723093693466354e-05,0.0003412219623552746,0.8379217223159036,20
43428904,-7.732239075698144e-05,0.00013102619900416814,0.991913369481624,20
28163086,-7.735459196067107e-05,0.0003451608095935572,0.8355933480623123,20
226708389,-7.759678930737424e-05,0.0003887378709951341,0.8084054115313374,20
231513431,-7.768360753866721e-05,0.0003338820477087967,0.8444210716812006,20
30469293,-7.772409300239037e-05,0.00034112415277581315,0.8394894703414655,20
88225513,-7.777269070446957e-05,0.00016778913665888676,0.9739867793340713,20
19685095,-7.794193187964094e-05,0.00040310052113954974,0.8010091029416742,20
17274422,-7.801322449707826e-05,0.0007943577185316368,0.6672662860733407,20
200835590,-7.802308527079526e-05,0.00017577517413697925,0.9691189139708961,20
59263700,-7.807025765772246e-05,0.00026996854174168806,0.8942884081390414,20
43445402,-7.812051481684846e-05,0.0002741149956605369,0.8910768548779295,20
66063457,-7.817111190471516e-05,0.0013874192936113574,0.5981161929603436,20
54254019,-7.817448147240669e-05,0.00020134209632650626,0.9506581882058414,20
112727184,-7.823698557404557e-05,0.0002871757981274393,0.8810017623772589,20
5063940,-7.827990244908545e-05,0.00011063006938813217,0.997447311499666,20
82690118,-7.835139544250247e-05,0.000501549905265474,0.7533767679858019,20
43049251,-7.844161697705132e-05,0.00039157750814481935,0.8092331341245007,20
42354982,-7.850247592178506e-05,0.0004683793145321411,0.7686468912624347,20
29445193,-7.859408033136783e-05,0.0002786507984720842,0.8887794659385191,20
8016897,-7.860833419919832e-05,0.00030044189074559006,0.8717854498727607,20
30495343,-7.871451030197207e-05,0.0002763869089965846,0.8909267655458467,20
122525533,-7.886808887424545e-05,0.00023061984357433985,0.9286773495364968,20
15072216,-7.897379427715956e-05,0.00037324251125720603,0.8220501083456458,20
149374381,-7.905069200037085e-05,0.0007755520894984227,0.6731629751253339,20
60926681,-7.91196310116038e-05,0.0005846066633105311,0.7239131694355074,20
47531794,-7.925420170257769e-05,0.00014333837933117922,0.9884874931760161,20
31070598,-7.928578904386197e-05,0.00046630010554244897,0.7718270269036607,20
109452834,-7.932125266315592e-05,0.00025259303150772727,0.9118281401147765,20
69955276,-7.934790660931446e-05,0.00032398118338718547,0.8564608330850141,20
49236056,-7.959680520028823e-05,0.0003002740737177203,0.8747777150541676,20
90809268,-7.960994166658353e-05,0.00019641546915629153,0.9571383863073293,20
122111456,-7.967399814312881e-05,0.00020519036702224135,0.9506687333760674,20
17826706,-7.969204036669674e-05,0.0002470616231405609,0.9172818368933793,20
190636014,-7.97896142896104e-05,0.0004393382734393317,0.7866314433339813,20
63979,-7.995930189874934e-05,0.00031960159672484356,0.8614264553427641,20
52642921,-7.99953842947232e-05,0.00020435808980220197,0.9519276948377061,20
46507949,-8.022992467126289e-05,0.00033914830708350966,0.8483260665005279,20
95081744,-8.02507355573856e-05,0.0005796302810336458,0.7284224129678278,20
15075433,-8.03235323722229e-05,0.00029314700639053486,0.8822979211210884,20
115416503,-8.036190921181518e-05,0.0005346821725298088,0.7452116218351368,20
26836683,-8.047693625318209e-05,0.00028207270548107137,0.8913199829208499,20
77708940,-8.068092618901679e-05,0.0007049158517941821,0.6926754417686678,20
14874887,-8.075070421260655e-05,0.0002998685899075789,0.8783666488799601,20
46861604,-8.077991241035865e-05,0.000448627710524098,0.784681847624056,20
110337705,-8.081620549552082e-05,0.0004398610496050566,0.78927214690391,20
35570603,-8.087800331482986e-05,0.00042927815823884505,0.7950251148017826,20
128718671,-8.092215121812684e-05,0.0004508888360016831,0.7839414770387769,20
177206440,-8.097935745599583e-05,0.00015848257343685675,0.983013937733588,20
70679237,-8.108297352082405e-05,0.0003870096120907093,0.8197324274434274,20
81516016,-8.10947917053828e-05,0.00024808062573188755,0.9199427739911248,20
36901080,-8.114564285071623e-05,0.00037113186037118377,0.8297710771682578,20
16276215,-8.117214361322289e-05,0.00027995834315986323,0.894863435289424,20
13834572,-8.135090635568165e-05,0.00038423206703715364,0.8221999900707099,20
41661835,-8.137859804809022e-05,0.00018509510830770103,0.9679713085167398,20
89407049,-8.150931226108827e-05,0.0006095951363354833,0.7215400209575247,20
10638333,-8.15345021566799e-05,0.0003829384773069288,0.8235231464207973,20
50049559,-8.156907713836314e-05,0.0004040089704747407,0.8110633556114418,20
55158618,-8.191133017804442e-05,0.00011663655659874111,0.9973082697738731,20
13471091,-8.201827248079386e-05,0.0015146430853930687,0.5943773464139852,20
86651734,-8.20731511970041e-05,0.0002514405543867045,0.9196530094031666,20
150740863,-8.21150369028939e-05,0.0002838967182981625,0.8943337268799045,20
14622952,-8.232212298545094e-05,0.0004817787291949228,0.772920809449712,20
32297293,-8.236413436642498e-05,0.00026090428471092845,0.9129109656824612,20
134424750,-8.239537081615178e-05,0.00023166463680873985,0.9358983034434033,20
7017977,-8.255551829166042e-05,0.0002353839198815751,0.9333656369799342,20
89840486,-8.267631784513729e-05,0.00019050501501055787,0.9663692932579077,20
93898727,-8.280933452003702e-05,0.0004289184855585112,0.8006610320179697,20
27266465,-8.284883589300129e-05,0.0008798911226042505,0.6607919255018557,20
107959027,-8.287243876218819e-05,0.0003633844357690482,0.8397068462811618,20
66627049,-8.295932141724193e-05,0.0002020914936262511,0.9589579150417651,20
86824720,-8.298993693916235e-05,0.00017679301917905246,0.9753087881877686,20
46552248,-8.308256898971467e-05,0.00029837971930484934,0.885909841650028,20
244925692,-8.32339757522782e-05,0.0007676158663073317,0.6833622297875954,20
82292233,-8.326715440877263e-05,0.0002933853237928293,0.8901616138608813,20
138479807,-8.344546263086839e-05,0.0005833362107610547,0.7350074240070852,20
121351589,-8.354375195800123e-05,0.0002321491574671632,0.9379899279863911,20
127730360,-8.35513047025227e-05,0.0002220682011104573,0.9455933765422048,20
29735902,-8.358693478610902e-05,0.00042836331183412283,0.8031261514056327,20
45459387,-8.376141238449487e-05,0.0002235593618560143,0.9449004964692811,20
78464709,-8.388611689352787e-05,0.00033414419664976627,0.8622278854502536,20
56659492,-8.389344890688544e-05,0.00025055500213828647,0.9246417868658039,20
46807985,-8.389461174354573e-05,0.0002323181206575461,0.9385998625179852,20
16223410,-8.391873470983413e-05,0.0002943422193602912,0.891165395777187,20
93,-8.420452797932299e-05,0.0004738135401292256,0.7817192003482443,20
44713063,-8.42636020852161e-05,0.0002739574393447124,0.9075165835404452,20
48667721,-8.44493084450948e-05,0.0006133028885969804,0.7273315908737676,20
30414998,-8.464215828499211e-05,0.0005378868573162073,0.7549342400971759,20
42547988,-8.466822520005745e-05,0.00019762485626352195,0.9647317887197917,20
108206960,-8.473713592438981e-05,0.0011594371417315936,0.626320740241485,20
97283613,-8.474084122045978e-05,0.0002134140769847387,0.9541042090670799,20
25026917,-8.474476374789597e-05,0.0002561489875697438,0.922310778569105,20
14,-8.474926417675055e-05,0.0004539363093942341,0.7929367284698434,20
6671609,-8.489067052129262e-05,0.00017177987962250447,0.9802148984277638,20
102,-8.50189899776338e-05,0.0002771064427898149,0.906991157236708,20
42504192,-8.514166738511353e-05,0.0002701142045761711,0.9125981936664981,20
38302599,-8.514459908529337e-05,0.00022834124796455198,0.9441017670124616,20
28230642,-8.518935464901789e-05,0.0010533343640330717,0.6392118336180947,20
29293213,-8.52077140560764e-05,0.0004237520607611707,0.810113212115267,20
197845389,-8.544810553823834e-05,0.00031854530243844716,0.8774847865948436,20
22242761,-8.545295468738723e-05,0.00029984188005711943,0.8910781213203282,20
149892448,-8.549604972960534e-05,0.000438478842716743,0.8029506084997192,20
108938840,-8.549800306753285e-05,0.00021604187321667116,0.9535993733261734,20
139566499,-8.556564758377683e-05,0.0003232593117335387,0.8744462415400909,20
78887600,-8.568272592073545e-05,0.00036278019813580013,0.8479488539953225,20
30293483,-8.569249677697067e-05,0.000260435165423683,0.921236159165914,20
158190788,-8.591626140400099e-05,0.00030752456259024093,0.8866587454780998,20
150981216,-8.59945544134183e-05,0.00026244429062310834,0.9204140480200635,20
611323,-8.614489324042518e-05,0.0002371420418887097,0.9396351174983104,20
17644077,-8.622000128249153e-05,0.00019470087390535798,0.9688378209353586,20
65407609,-8.627418037717439e-05,0.0007921476997386904,0.6841090811724997,20
11021540,-8.630623933664483e-05,0.00044801416747623074,0.8001529179410163,20
187431600,-8.63831396402559e-05,0.0004172148982417552,0.816955866205774,20
59744004,-8.65414883225224e-05,0.0005902680193369998,0.7400534410798794,20
165306219,-8.655650840497242e-05,0.000266785271053041,0.918448004535113,20
124342414,-8.657254006282367e-05,0.00037336439960554055,0.843613924497017,20
72282568,-8.659832090549547e-05,0.00019115332625868102,0.971481026833515,20
48251551,-8.65985125785923e-05,0.00013929135671260354,0.994038742399612,20
43568801,-8.670306990214149e-05,0.00018506888214540345,0.9751051498909686,20
86174147,-8.69685596886105e-05,0.00032449651710472055,0.8772861364464266,20
30133643,-8.70610278961348e-05,0.0002364473458976556,0.9419659905115894,20
97083600,-8.710010034781445e-05,0.00026888378937433834,0.9181332347857185,20
131626112,-8.748492261684004e-05,0.0002548462414587151,0.9293923456739999,20
144134928,-8.750082656520663e-05,0.00038391835559939755,0.8395600584020079,20
184428002,-8.751784918394346e-05,0.000557850391702577,0.754285153754406,20
42746809,-8.782595541132753e-05,0.0004736291701194816,0.7913774297350687,20
101927864,-8.784577801107807e-05,0.00017884584050669494,0.9796718666852307,20
201453052,-8.792325546103097e-05,0.0001925491930515828,0.9723641794789325,20
45668615,-8.793834067453432e-05,0.0004468240878783378,0.8051123807415448,20
153984283,-8.800618618957923e-05,0.0006145110472846074,0.7352416994193589,20
3665303,-8.801837383929644e-05,0.0003247059559777291,0.8798650010434933,20
21661737,-8.803236095185074e-05,0.00031862339790376915,0.8841672608461878,20
184227423,-8.803277156116951e-05,0.0001518356279506066,0.9910732099703057,20
154577008,-8.821672654246715e-05,0.0005334071671457164,0.7657135973870948,20
3262710,-8.839948197700287e-05,0.0004208133380467449,0.8203555916471372,20
138062876,-8.845611310270008e-05,0.0002846739872599248,0.9096423452917548,20
28092685,-8.847156501605724e-05,0.00017142987294820123,0.9837911505729837,20
115208843,-8.848838110353807e-05,0.0003787342502542705,0.8454047889143195,20
33442124,-8.859325192979439e-05,0.000393208035279319,0.8368491887544323,20
104135940,-8.8863994878427e-05,0.0004041408181415192,0.8311038218544624,20
67827456,-8.888458290358948e-05,0.000321443886868255,0.8843516383925687,20
14671928,-8.898331065979593e-05,0.00026563767501692115,0.9247280449009092,20
222503969,-8.906749836201377e-05,0.0005364002346753906,0.7665918724617419,20
165392115,-8.919092320338051e-05,0.00037134043786569407,0.8518950418080264,20
16485829,-8.937625740741139e-05,0.00010931480632045653,0.9991608283549993,20
45352626,-8.939093600806858e-05,8.145082694077843e-05,0.9999511775657935,20
107733993,-8.965656199334537e-05,0.0008900268361099416,0.6712754783060493,20
18680129,-8.978912754366297e-05,0.0003225816778766692,0.885829178650438,20
72637947,-8.9936091361284e-05,0.0004070086926234068,0.8322636989186857,20
50644691,-8.995103172813601e-05,0.00035134998504185786,0.8667730243672144,20
93680662,-9.000227806611471e-05,0.00046815069559621205,0.7996831122225394,20
98711593,-9.008604439521562e-05,0.0003248370496624935,0.8850080669626962,20
47953365,-9.018072595129434e-05,0.00015595863751190854,0.9909399175174005,20
45244632,-9.022427631182328e-05,0.00031324071823364834,0.8934162654523515,20
11,-9.028125214224636e-05,0.0005484925667794403,0.7646720772327418,20
33333126,-9.037024035980779e-05,0.00024906193390639354,0.9394332259388615,20
57200619,-9.03803909490547e-05,0.00011963050200987064,0.9984235864038701,20
217499414,-9.039108897654913e-05,0.0003984541374522839,0.8384606172768303,20
164391644,-9.060715007665754e-05,0.0002613572618753879,0.9312282915718548,20
57095574,-9.063025862419693e-05,0.00016597943346861776,0.9877200275100521,20
83285801,-9.085597205052142e-05,0.00022331312540566087,0.9576857310459875,20
227909907,-9.106083130563103e-05,0.0001294570470344435,0.9973384270001859,20
142283198,-9.113284354403117e-05,0.0004740712024509832,0.7996636981931381,20
50855558,-9.121294266339064e-05,0.000382595401929372,0.8501488099075739,20
179009645,-9.132009875797154e-05,0.0004248929481109137,0.8257307752350425,20
47833625,-9.132225031913965e-05,0.0003445167240182053,0.8747716575894902,20
159392025,-9.137209682517633e-05,0.0001890849855356291,0.9781671968627194,20
15880326,-9.138268240733993e-05,0.0006342746404729359,0.7364645679146196,20
71299622,-9.142077906923729e-05,0.0007115509773171324,0.7138432470838089,20
67865802,-9.144051935963126e-05,0.00017268911579144467,0.9856783974008326,20
22428241,-9.1456683639915e-05,0.0002519841903561296,0.9394830671640796,20
156382470,-9.150799694094824e-05,0.00041796848431727065,0.8300849796817082,20
48317492,-9.174007303608678e-05,0.00034139814051018316,0.8778864331436917,20
101946653,-9.178645370470639e-05,0.00017166863993925213,0.9863479862161041,20
116570630,-9.180902831101289e-05,0.00027689223622626635,0.9227404807686466,20
131392653,-9.212363685558723e-05,0.00032967500285827555,0.8867047689238057,20
182214915,-9.245414308816369e-05,0.0002613880321715823,0.9349021413433563,20
31698187,-9.297133709270932e-05,0.00026271365186147753,0.9349960662077803,20
207685764,-9.30764069386053e-05,0.00020804262279080436,0.9700451935333917,20
122061475,-9.308737342720863e-05,0.0004705643849713136,0.8063062737460474,20
96922939,-9.313669668208901e-05,0.0006647713778661446,0.7307985568541169,20
177685005,-9.316684859847213e-05,0.0003571316781774299,0.8711106092366744,20
198045530,-9.322359897733778e-05,0.0003802221968855726,0.8567152760924839,20
95721981,-9.337298208201284e-05,0.0004153280746424436,0.836334450130009,20
49269583,-9.350142403768968e-05,0.0003548514960289238,0.8734039982334657,20
117818856,-9.360099358258212e-05,0.000396805852556508,0.8476526184093198,20
25834523,-9.366232721315093e-05,0.000297430305217176,0.912401961970668,20
154395994,-9.368819426327779e-05,0.0005373513136403721,0.7774212329347518,20
76963674,-9.370700342631877e-05,0.00020581572450103158,0.9720400704119557,20
105440616,-9.375141609375414e-05,0.00038342655523468426,0.8560731645978986,20
146370996,-9.379211944264554e-05,0.00040125537691433003,0.8455097953947399,20
118210835,-9.383766138672534e-05,0.0004536085114789875,0.816754388048262,20
2464025,-9.388086793296057e-05,0.0002951203475165142,0.9144730581668151,20
138593146,-9.391345739051815e-05,0.00026737285220137445,0.9336352117114327,20
62665549,-9.395350098339306e-05,0.00010306492946552613,0.9996785237209321,20
38024286,-9.410894614521604e-05,0.00015222849080907488,0.9938325615154917,20
130748733,-9.412078330575668e-05,0.00022295259156563814,0.9627984216239018,20
98285877,-9.4353299122088e-05,0.00023750736586308468,0.9541770854550146,20
63422345,-9.440149693211719e-05,0.0003212357044611303,0.8977919437117959,20
76707140,-9.447903764299437e-05,0.0006206849735739498,0.7478748938660311,20
9422177,-9.450939981504591e-05,0.0005837686987316917,0.761062143979068,20
28125117,-9.451166024556923e-05,0.0002446452005384956,0.9498673370983615,20
161189344,-9.451956206566192e-05,0.0005691907242196938,0.7666088606180006,20
3813214,-9.457289678063696e-05,0.0002210766861080674,0.9645369386334934,20
45527127,-9.458357037940012e-05,0.00019165110864006874,0.9800960440124222,20
45552788,-9.459361385918131e-05,0.0003395589444451869,0.8860159680475731,20
49757292,-9.470961039055314e-05,0.00021060301483038084,0.970642442309276,20
131759767,-9.482334912617186e-05,0.0003285749648192384,0.8938384619937081,20
48489071,-9.484687856825269e-05,0.00032982599214452686,0.8930586551486073,20
12621340,-9.486085415828515e-05,0.00024395000822631388,0.9508945540625283,20
47066612,-9.494628165822305e-05,0.00021185440774487317,0.9702466731413874,20
41887474,-9.509053069850782e-05,0.0006607090803170953,0.7362483689234021,20
162990110,-9.512761922617907e-05,0.00030802758812975393,0.9083646276098649,20
30835663,-9.51283077452153e-05,0.0002765572741150435,0.9297678246778189,20
69989135,-9.540134018677926e-05,0.00017843578010848598,0.9863456295598142,20
13277017,-9.562184028576726e-05,0.0005579449800759527,0.773584952546146,20
29434156,-9.567680121199684e-05,0.0009064696062462717,0.6788588770346597,20
9622267,-9.569224370217788e-05,0.000282824876130084,0.9266473654111785,20
77702510,-9.586284997045446e-05,0.0005083964533443587,0.7952136725235375,20
101995470,-9.601148642189027e-05,0.00024049552556082657,0.9549136532466479,20
79303782,-9.609848892259409e-05,0.0002282882873508671,0.9624169147628817,20
190825536,-9.6146203147493e-05,0.0002382923194573485,0.9564787730298884,20
210493404,-9.617441895098944e-05,0.0002006126175464392,0.9774066368119277,20
125181149,-9.621049977389107e-05,0.0003899821491349271,0.8581618251252151,20
8021213,-9.69277255983808e-05,0.0003231721161364077,0.9021829292123034,20
43245337,-9.69644607548198e-05,0.0003950321324650433,0.8569799185058393,20
600257,-9.706485043082247e-05,0.00038905642594807893,0.8607774592690336,20
74461117,-9.706514776816055e-05,0.00025512268134478017,0.947420529153024,20
88639659,-9.717560372481671e-05,0.00044001910967549583,0.8321309373130201,20
40538298,-9.730716768324432e-05,0.00020357697822256376,0.9771192314537692,20
139230585,-9.730834628401407e-05,0.0005899310319372553,0.7651367855156144,20
99930785,-9.736842934819356e-05,0.0002577949421212929,0.9462291964428646,20
87711520,-9.738736590269858e-05,0.00022826193481578758,0.9641919377242157,20
83304209,-9.74277437960247e-05,0.0005433927790242603,0.7837177813250105,20
68657171,-9.778480276620983e-05,0.0004275541408885766,0.8403777182230855,20
10270938,-9.783065934589052e-05,0.0001733952207219521,0.9896495279958422,20
156059013,-9.811496126959917e-05,0.0002515548776217831,0.951367121720309,20
13683735,-9.829423127595549e-05,0.00045913079113146506,0.8248120506418409,20
9017706,-9.837923082443024e-05,0.0003647530043914771,0.8787271317364231,20
123753867,-9.837927436166238e-05,0.0002720384965167887,0.9388513269542857,20
233114608,-9.849122805557775e-05,0.00027685172512855767,0.9359426030402045,20
124554362,-9.861671218794332e-05,9.818978725413693e-05,0.9998750428190144,20
47909938,-9.883250095694406e-05,0.00027444228502193396,0.9381125874839541,20
105130436,-9.885338836839453e-05,0.00014811568680025955,0.9961926573102342,20
130254679,-9.89407673561371e-05,0.00014410115977622415,0.9968529844216061,20
25085080,-9.901912450391015e-05,0.0003319830307640324,0.9009941768591105,20
93706220,-9.921782951955726e-05,0.0004383810588122743,0.8379128288463888,20
22235825,-9.927656053760059e-05,0.00020378223728264845,0.9789247168172099,20
77107794,-9.92874267417343e-05,0.0001832035184192445,0.9872426463244259,20
25698343,-9.935335017224878e-05,0.00015886310344105422,0.9942492699246371,20
13822305,-9.958878383956594e-05,0.0004656208850309221,0.8245879261319655,20
42242700,-9.966012829710214e-05,0.0002709089683066252,0.9418120170575375,20
71590331,-9.968899181956037e-05,0.00045751844725744963,0.828958187136525,20
22831714,-9.982357614078674e-05,0.0004565327913723392,0.8297841965427216,20
37373027,-9.982604454843447e-05,0.0003539846474364682,0.8887435908498811,20
93043976,-9.992216731560532e-05,0.0003618808305269822,0.8840284221314197,20
5465954,-0.00010008270013957266,0.00033875251155111673,0.8989485603668403,20
144572777,-0.00010018738331598886,0.00043373481081584645,0.8427147024084629,20
860600,-0.00010026904204214204,0.0004938723118206692,0.8123641358423216,20
227508929,-0.00010058460717583261,0.00019239720422895715,0.9847620935350341,20
52115613,-0.00010062223554421768,0.00019150207188087194,0.9851287845459705,20
12802174,-0.00010101339617621941,0.0012575624412176584,0.6383053219291253,20
92924687,-0.00010105422933865127,0.000439180448357104,0.8418050880562576,20
47181852,-0.00010108842738332791,0.0005133794862570998,0.8052307676198447,20
99704552,-0.00010119711416103905,0.0004139299332018941,0.8560438955240608,20
44246354,-0.00010128193796870577,0.00017072169939520633,0.9921524270926,20
77396033,-0.00010141401597264232,0.00045297189484441535,0.8353556531628343,20
24127743,-0.00010142740583265198,0.00025482588210592945,0.9544646871154683,20
133953649,-0.00010154897483409531,0.00034531485760729523,0.8979442469686235,20
111141104,-0.00010171247901591407,0.00026610747628827143,0.9481658203276795,20
81283175,-0.0001017888458513,0.00020641377662954964,0.9800259528246114,20
121012397,-0.00010199204512280347,0.000514915496311352,0.8066055424084619,20
42724638,-0.00010206428930141509,0.0003351214305268483,0.9054402386058718,20
83504563,-0.00010214353628351936,0.00032568471100570415,0.911564952174292,20
20285344,-0.00010223828086485532,0.00027911731018197527,0.9410727919165685,20
94012670,-0.00010226150333556006,0.000199826000822507,0.9831355733884131,20
59856636,-0.00010279823755733052,0.00020712017976903728,0.9805937374415514,20
51865608,-0.00010294418520188642,0.00032172120972924186,0.915662317725621,20
225506780,-0.00010295085787194458,0.0001889895383980161,0.9875710552917446,20
124783806,-0.0001030163916134641,0.00020929840728899286,0.979857400552241,20
51273692,-0.00010303203036382269,0.0003597811083075984,0.8921444922845938,20
17877716,-0.0001030351214980324,0.000181504271430605,0.9899836495857942,20
92314443,-0.00010303557941410135,0.0004525337308202339,0.8393229185950647,20
4069426,-0.0001030826201963958,0.00025180974898566014,0.9585652733627329,20
40025246,-0.0001032108958313599,0.00026334721271606594,0.952113823437912,20
39662308,-0.0001033032585476934,0.0004321481896242206,0.8507783018931534,20
73631613,-0.00010356466940316666,0.00037349142668442726,0.8849765897621721,20
213495380,-0.00010367969150848755,0.0003009420370409351,0.9300634152015845,20
140761280,-0.00010369590035402831,0.00019308248709084684,0.9866470766064565,20
20227128,-0.00010369682207200803,0.000248936657601716,0.9609950707114339,20
49453987,-0.00010392912896309003,0.00013590133092884583,0.9985642956236678,20
46953957,-0.0001040339537641488,0.000882189285995957,0.6979848786615807,20
8266451,-0.00010406652976237274,0.00023443845568136602,0.9691234613971353,20
51750776,-0.00010411564985543242,0.00037071366848449004,0.8878306580228381,20
180611293,-0.00010420014569008373,0.0003099713625802139,0.9254061626460913,20
4464252,-0.000104352146294584,0.00021784507345900083,0.9773291251130852,20
158800291,-0.0001044599598037127,0.0003211614430701008,0.9189480511138495,20
15093122,-0.0001044899802284116,0.00013929887690069398,0.9983354910847796,20
13072952,-0.000104504280904405,0.0005179697533691361,0.8108994200395221,20
58697623,-0.00010451751279062504,0.0003256214740811671,0.9162925160096485,20
70075475,-0.00010453542908140656,0.0002947341052661815,0.9353975119529354,20
86897643,-0.00010455918513493923,0.00019424523326116934,0.9867990119845343,20
221075630,-0.00010488298571486865,0.00022247106562341205,0.9757484078068251,20
26040729,-0.00010498227495723544,0.0002132706158744974,0.9798665699725572,20
12873605,-0.00010498527930019874,0.00019479508440842645,0.9868808787023656,20
39058157,-0.0001049948417371771,0.0004841708437269847,0.8278358047555923,20
83397458,-0.00010505194671125428,0.00048489653043280436,0.8276111195520477,20
77764613,-0.00010506290689222541,0.0005395001003989083,0.8026625639936371,20
149790645,-0.00010509228827311479,0.0022831025169565184,0.5804529060182082,20
114627259,-0.00010515347852528,0.00036940927535593083,0.8908140323385761,20
102307542,-0.00010525617588208747,0.0005025754264406909,0.8196450619764983,20
85687687,-0.00010528337661248888,0.0006917692898674355,0.7478430293748697,20
4467757,-0.0001052989961999845,0.0004812064555341169,0.8299641327064005,20
60449168,-0.00010539487758866873,0.00031363579521568084,0.9253384328894327,20
13890344,-0.0001055459144524512,0.0003133280458792478,0.9258023279590986,20
15241653,-0.00010585563254921493,0.00040012916905982597,0.8743226239052286,20
18026735,-0.00010588354213041107,0.00016079222694952914,0.9958430437298295,20
16882702,-0.00010612970055307868,0.000355544571837787,0.9011619533387176,20
90893554,-0.00010620676841364418,0.00024410743663947474,0.9666845306726625,20
34052945,-0.00010625898148282631,0.0004582924214215789,0.8436007611061211,20
44950222,-0.0001062699851871407,0.0002081109435841198,0.9829632486201988,20
69611450,-0.00010656638984052613,0.00014120540460946053,0.9984106988097703,20
11209792,-0.00010687036508497116,0.0003211935666267288,0.9234208903237552,20
8006898,-0.00010691059649949597,0.00022391674417629226,0.9770108094615922,20
68209741,-0.00010717044386825136,0.00029078259358689595,0.9421299620729378,20
175808334,-0.00010741051772709397,0.0003347080030790159,0.9162482110760899,20
78064162,-0.00010748552490425223,0.0007056010549419603,0.7480332924120863,20
86755296,-0.00010750498837035494,0.0005197888334520678,0.8167034766466106,20
33,-0.00010760604781629158,0.0007274755282370679,0.7418844471986448,20
103929897,-0.00010771141266458507,0.00032773248508562945,0.921008903754647,20
189221832,-0.00010775119352853247,0.00040358701989483416,0.8764113718517578,20
102533508,-0.00010781609019292205,0.0005337381787692162,0.811182084790563,20
21482399,-0.00010785755597504387,0.0006847948854841643,0.7551287605147579,20
99113672,-0.00010793128951153697,0.00019760407395071883,0.9877391601023621,20
120070770,-0.00010862780060176825,0.0002575248045935529,0.9626906483106638,20
95144375,-0.000108747791341543,0.0003687860880561086,0.8985352173571218,20
65254054,-0.00010879029434096854,0.000247922597100994,0.9677354821733799,20
97323161,-0.00010882122313047581,0.0003025266047584012,0.9379098902703927,20
7618759,-0.00010890199741220019,0.00019489550203489737,0.98910458022445,20
78289821,-0.00010913499501649104,0.00028596761531796746,0.9479171503318172,20
132751699,-0.00010915177971278778,0.00021901190169829876,0.9809525144753676,20
30068583,-0.0001092128230565842,0.00027576556342395287,0.953709378333103,20
80,-0.000109249838062761,0.00023657185766070863,0.9735920255565351,20
78298676,-0.00010937588274623211,0.0005658321065351478,0.8009431197549706,20
149574596,-0.00010952620796677581,0.0002344698562792397,0.9748021186058844,20
10419433,-0.00010960293706899771,0.00044787660837435235,0.8562713985870563,20
5669025,-0.00010988300587348454,0.00041965097056414043,0.871962210824768,20
127157763,-0.00010999993463964019,0.00022857073684619413,0.977776546664208,20
47266614,-0.00011009864365776889,0.00043278052090411543,0.8653058650465246,20
18644651,-0.00011011681219754709,0.0003016249027072475,0.9405005996449676,20
125143834,-0.0001101275500930976,0.0002807163614583,0.9522668501682713,20
37079390,-0.00011015198038865636,0.000311929815469295,0.9346083060421351,20
14235022,-0.00011025615710958947,0.00039159122463653734,0.8883905800147296,20
61265615,-0.00011031193673920192,0.0004360679405123121,0.8639997061183264,20
152541977,-0.00011031638011426426,0.00028841937233443465,0.9482763730031892,20
41502405,-0.00011046985445099244,0.00024883516164947515,0.9691370734519884,20
37644630,-0.00011050515793664117,0.00030202888907357255,0.9408773722933356,20
67675097,-0.00011072370111007701,0.0004099776739020888,0.8790281364437487,20
260871,-0.00011074080916972928,0.00037870196454124186,0.8967195853874915,20
77145960,-0.00011085302488760552,0.00035221764831613476,0.9122868441589443,20
113207613,-0.00011088755868528533,0.00036757074361230325,0.9034241080157752,20
158699973,-0.00011099789943404826,0.0015385073915325947,0.6247576477804789,20
164792631,-0.00011117867455759378,0.00021337331150619683,0.9845152607340536,20
39343904,-0.00011140870155220972,0.00025888729353725013,0.9653018324502065,20
88674491,-0.00011152671142775905,0.00032368729608818887,0.9300816628519819,20
47088062,-0.00011175207055010573,0.0002542952282919934,0.9679159288251238,20
23689283,-0.00011175230779782996,0.00047241423165174276,0.8483189221565193,20
40058846,-0.0001118516203237524,0.0005242815080986581,0.8239918567480595,20
41345989,-0.00011187482608449318,0.00027731235424149924,0.9564589446789085,20
16424407,-0.00011199748314199288,0.0001876553933954345,0.9924168720189036,20
91502407,-0.00011207105938383088,0.0003294684369770719,0.9276645643053437,20
50133910,-0.00011209052940882314,0.00017424949677878848,0.9951710597550933,20
3462313,-0.00011216079441635774,0.0002265133662802416,0.9803891491771826,20
160101532,-0.00011222298408177234,0.0003808336872751012,0.8983860563897911,20
78880320,-0.00011230575630849504,0.0004971617802313754,0.8374603621703416,20
9467896,-0.00011234912449717971,0.000416333823946666,0.8788439548589977,20
146777309,-0.00011240061829447811,0.00017298258557769177,0.9954698260081947,20
163404883,-0.00011259707926668805,0.00022299179292452752,0.9820534557153099,20
49797216,-0.00011284091441122467,0.0006005536544276799,0.794402440331681,20
8017124,-0.00011284452088266006,0.00029031925162800796,0.9508291775641301,20
21882149,-0.00011293539263540764,0.000745780270346077,0.7467875208667387,20
46307787,-0.00011294192291835536,0.00041194509790830705,0.8824321225269065,20
14678245,-0.00011299245779645972,0.00027022968229709017,0.961510423927805,20
154896788,-0.00011318851977352995,0.00019307445703203567,0.9916067564938988,20
24088392,-0.0001134575913083774,0.0012427931384215705,0.6561808443353474,20
35275648,-0.00011394702967087444,0.0003247902130717479,0.9334206517877233,20
184014592,-0.00011398225826036169,0.00019629801553177505,0.9911469117738646,20
106138127,-0.00011403344040747387,0.00013486836106143044,0.9993686899157285,20
130672334,-0.00011403654878213154,0.0004531268701183876,0.8627996173088919,20
38736231,-0.00011404610045685215,0.0008826160349669603,0.7149282057213555,20
135429020,-0.00011405536613715017,0.00045947032493249114,0.8596018053766498,20
157974156,-0.00011416359823163136,0.00023954409034231973,0.9768319001837225,20
140395343,-0.00011435486795534911,0.0003181416549530192,0.9377813277811559,20
64706442,-0.00011451699618990063,0.00027631693341411843,0.9602927445574272,20
179810201,-0.0001147011971451617,0.00034333552012188204,0.9242071050075202,20
60849915,-0.0001147776649655069,0.0008189281240248841,0.7308740677193664,20
123816089,-0.00011499175031870201,0.00026796362929458955,0.9649427874562501,20
106401511,-0.00011511658366721855,0.0001177673480689549,0.9998358255910834,20
55045155,-0.00011524748737900825,0.00022559058188995835,0.9829988926163157,20
21922328,-0.00011531054115165862,0.00037247370454379365,0.908872254304275,20
64475210,-0.00011534049124509171,0.00026285847058323474,0.9677314867333316,20
11824529,-0.00011541158847288568,0.0002629408423494448,0.9677684391560915,20
110609288,-0.0001154813468719762,0.0003815245981788063,0.9041323970334354,20
105556655,-0.00011549394119922118,0.00030917591270842416,0.9444025361619117,20
64471185,-0.00011560622989322534,0.0008616888910877482,0.722199838559074,20
43749640,-0.00011582586218512325,0.00019860958200954622,0.9913576902497933,20
54854441,-0.00011585300082807004,0.0006462831708158561,0.7836738271661299,20
207461159,-0.00011586408897610589,0.0006949080870747601,0.7674985246917314,20
76384680,-0.00011587799275238342,0.0002267936634835461,0.9830097776771695,20
65148643,-0.00011598238231640134,0.0004613184581290778,0.8625678492084662,20
16080657,-0.00011608985401346527,0.00036822484722880914,0.9126390486219127,20
48353605,-0.00011611040970652963,0.0004392186667964193,0.8741522065229922,20
180010702,-0.00011612640590215884,0.00019406640692064568,0.9925297929998965,20
30239698,-0.00011637987755583057,0.00046171145995617104,0.8631650321927627,20
10423046,-0.00011646484619126374,0.00035908101570960216,0.9183856886252295,20
142963372,-0.00011653998976347279,0.00023150407136424318,0.9818011072485511,20
142846522,-0.00011665736625483814,0.00013673938841089872,0.9994159306926954,20
58161669,-0.00011674802198566592,0.00021083371618866003,0.9885766873882192,20
84222593,-0.00011691837088266821,0.00023310977053147324,0.9814935061354936,20
32308134,-0.00011696939493716363,0.0004422593424379167,0.8742601666527255,20
62691829,-0.00011705398001320976,0.00026870552166853313,0.9668386495885661,20
104403222,-0.00011706007715103772,0.0004481402146546542,0.8714080582714981,20
190836378,-0.00011735641631845927,0.00040774429702318754,0.8932512933747146,20
49114544,-0.00011739789331673412,0.00018029609160686962,0.9955299854578514,20
53663219,-0.00011740917302708321,0.00019903933771167945,0.9918939701460431,20
9887653,-0.00011747332283722212,0.0004273097581214194,0.8830445561373967,20
40642718,-0.00011761036678843706,0.0002999160966034858,0.952202178689438,20
24847178,-0.0001176641582413207,0.00041099097740008385,0.8920825981905988,20
113049803,-0.00011766443968718455,0.0004477442325784368,0.8727935284633008,20
114339306,-0.00011767628281358078,0.0015671549161505865,0.6296525218252442,20
9218157,-0.0001176792166169588,0.00020831720116619266,0.9897176051210529,20
107803379,-0.00011784850233749755,0.00031267574989903734,0.945883166797346,20
93012133,-0.00011800943524097052,0.00016172186808955782,0.9979554103527527,20
83516152,-0.0001180437290281694,0.0003694418248272619,0.9153706461115575,20
34252986,-0.00011807104148738312,0.0002630385855260675,0.9704287581281369,20
137029458,-0.00011826486105277756,0.0006295453672347296,0.7943569088220681,20
10400602,-0.00011832192399241215,0.0007571999823414646,0.7534367548060699,20
156898684,-0.0001187848384578416,0.0004133393500160012,0.8929149591398903,20
47862656,-0.00011880429274007953,0.00011081184848214727,0.9999370195360856,20
183815561,-0.00011881196932930771,0.0003477753363794698,0.9284847696031288,20
5619731,-0.0001188828648341661,0.0002601851987980944,0.9724340197689527,20
8270510,-0.00011897271922959584,0.0003480669494239065,0.9285817715813839,20
22624086,-0.00011917365912594014,0.0001970740787867984,0.9929719091984684,20
43149435,-0.00011931830700544488,0.0003806670212737948,0.9114454321261641,20
49521660,-0.00011935273244107203,0.0002958518632738004,0.9564572293143844,20
129021026,-0.00011940074067854911,0.0003836764222309784,0.9099588731203891,20
73474394,-0.00011944145190338762,0.0002925945407140795,0.9581639375960919,20
57323170,-0.00011949637879630492,0.0004511528363184575,0.8745951233747398,20
102690883,-0.00011949896481364963,0.00041452047793614014,0.8936047618392375,20
131881770,-0.00011950622805292354,0.0002281269500722654,0.9849105654406392,20
87605926,-0.00011951375609279003,0.00022148355255337027,0.9869604709365105,20
31047046,-0.00011974960475097107,0.0003596716559238783,0.9235451358066274,20
44312881,-0.00011983680943176422,0.00034871416168772443,0.9295935046734365,20
23485126,-0.00012000729069485128,0.000291398318903056,0.9594127418333182,20
52677789,-0.00012030995138220812,0.00016866314287919558,0.9975897086345415,20
76507007,-0.00012043030929535236,0.00034279230540996177,0.9336747787858738,20
101253557,-0.00012044549624850853,0.0003982300059982761,0.9039697425833483,20
89240263,-0.00012082298776290301,0.00015007972449862625,0.9990464969832968,20
27235757,-0.00012083252634434716,0.0002807871143416119,0.9653013341251088,20
51737033,-0.00012121212216603672,0.0005837117287688373,0.8176462485860458,20
56268881,-0.00012124637141914529,0.00029474482818039356,0.9592516787115954,20
36039763,-0.00012134235387578629,0.00042057597765084414,0.893781464697324,20
24206025,-0.00012137591346235155,0.0004970492322765132,0.855770207945499,20
51441172,-0.00012163906650600743,0.0002083361709311774,0.9914133149465165,20
119908308,-0.0001216667086521933,0.00030596670900229846,0.9543215982814393,20
176605911,-0.00012167563581132746,0.0003902623144812189,0.9103433616295411,20
99040103,-0.00012189979560245368,0.000281396544778137,0.9661408806947216,20
69274510,-0.00012203429953431543,0.00018284144076354444,0.9961936279857764,20
25487925,-0.0001221240524021311,0.000679726436902835,0.7841860855246341,20
14271633,-0.00012215605019930131,0.00012373433844794588,0.9998513307322746,20
103490305,-0.00012224940832558927,0.00026609292205476143,0.9730336779291863,20
77307602,-0.00012233199390662697,0.00024804083241465895,0.9800372825688534,20
128478326,-0.0001223622499109428,0.00020476721802534882,0.9924708173551849,20
79090600,-0.00012236760307082206,0.0008704884824821868,0.7314728131565353,20
77596104,-0.00012246915730311503,0.00041008247884046303,0.9012669255570198,20
61655944,-0.00012250803318169246,0.000357665745605568,0.9289734654294861,20
63081673,-0.00012257659398001443,0.0004514597485170103,0.8802329226972279,20
214268097,-0.000122623321566534,0.0004966286194305891,0.8583572561986647,20
131760147,-0.00012264606403493693,0.000239810104173782,0.9830857013880296,20
65684251,-0.00012268446698415482,0.0002847135813364536,0.9654700259494299,20
36239095,-0.00012275945688338674,0.0003025593043509759,0.9572892231878668,20
91782212,-0.00012321897716411622,0.0005566583844521852,0.8326753862397502,20
54882458,-0.00012327604837699958,0.00046377338046820084,0.8754066039249961,20
2812203,-0.00012346409950640956,0.0006031768792761219,0.8142730235675858,20
121060536,-0.00012353596892562268,0.0001768099735546242,0.997210146208684,20
69734360,-0.00012368740779341024,0.0001622790607533741,0.9985267612943419,20
169509545,-0.00012382946880035717,0.00010560339748898533,0.9999768824014093,20
46287772,-0.00012392085605212322,0.00015812273999801798,0.998815342438086,20
76296932,-0.00012418056647553742,0.00035002970112174884,0.9354454499446407,20
137163942,-0.00012419642427285437,0.00024227995025255536,0.9832681763511979,20
39252868,-0.00012423074698947323,0.0002467669803280428,0.9818060383592997,20
16875965,-0.00012438653703027435,0.0005495148329924345,0.8379432309202136,20
78565563,-0.00012440630121604012,0.0002535522995028084,0.9795749089723131,20
72037493,-0.00012444152826582565,0.00027354087567599446,0.9719501142356374,20
3664025,-0.0001247943973049781,0.00014399014842956368,0.9994914044511397,20
139864762,-0.0001248208760316699,0.00018159141449758845,0.9968768740698651,20
28251065,-0.00012488427644789246,0.00021954538935416919,0.9900929630463088,20
65076333,-0.00012496030920219336,0.00037844602198009087,0.9219262838962125,20
146979354,-0.00012507006159418466,0.0009357325513550905,0.721466195922609,20
236516669,-0.00012508018051437254,0.00029475928701547596,0.9634840308885099,20
42456634,-0.0001251245139843038,0.0001828919335321486,0.9967749788259577,20
36422045,-0.00012518769633435567,0.0009667464694614262,0.7153424017093932,20
95926648,-0.00012523446238918434,0.0002802565475682596,0.969905796413728,20
157173473,-0.000125366019269868,0.00018252557392734776,0.9968603192718904,20
90456170,-0.00012562130327479492,0.0004909533099020257,0.8666435221404006,20
100288238,-0.00012572074708208091,0.00046871829697722885,0.8774658220289859,20
127989751,-0.00012599877611011167,0.0002585200107268185,0.9789654169773095,20
77689888,-0.00012618288370555287,0.00046372157079227776,0.8807304012008094,20
138364547,-0.0001262285664151125,0.0002542596017198782,0.980617208111213,20
44598561,-0.00012628808017673687,0.0002201785474941845,0.990528803472142,20
12840361,-0.0001262939401498353,0.000301915328802022,0.9615670401050854,20
107202929,-0.00012632523226513426,0.0003985098377954126,0.9137562173507973,20
40626289,-0.0001263843330161052,0.00031177085898881015,0.9571604247293596,20
114768277,-0.00012651660689386168,0.0002913720417903048,0.9664341157082534,20
90641186,-0.00012655390414572366,0.0004415464809032456,0.892329718364355,20
38902912,-0.00012672244054129922,0.00030644006052668496,0.9599876999054202,20
248728908,-0.00012683382457931991,0.00020428755406214305,0.9939893648189891,20
34303395,-0.0001269596953868024,0.00023831347897596602,0.9861011823514128,20
132186618,-0.00012706543212084588,0.00020482280116225463,0.9939605717193082,20
3864389,-0.00012714849725661004,0.00016790120223479117,0.9984517829447401,20
83104166,-0.00012718104090749248,0.0005333665204923057,0.8501920062523416,20
64683679,-0.00012747907969706262,0.00031705859353677485,0.9559648373176215,20
38436077,-0.0001274910558834885,0.0010159033345535202,0.7094004060906817,20
44486286,-0.00012758795119947598,0.00014808385528675773,0.9994642432131536,20
2017445,-0.0001276715895291214,0.0005305683610982099,0.8523294667950921,20
124180481,-0.00012771837120245378,0.0002728857858982647,0.9750031538619447,20
80846656,-0.00012812253904328775,0.0003103123424661578,0.9597690487047144,20
135362939,-0.00012818110053351982,0.00037449678760069423,0.9288384772727466,20
107848919,-0.00012847685429951682,0.0008281845522995751,0.7518878268586386,20
112135951,-0.00012857623117392414,0.00028488655473491266,0.9710532515327951,20
54444750,-0.00012863156852207513,0.0005545784861192353,0.8436883527850867,20
55054637,-0.00012872206574069122,0.00025316725213202993,0.9826183410573203,20
22695564,-0.00012878897881356822,0.0004106279345666048,0.9115728761608733,20
222103910,-0.00012893469074654328,0.0001973492020086296,0.995625424463674,20
85116873,-0.00012896022462812183,0.0002542803194843344,0.9824127334330466,20
52656285,-0.00012903598725673426,0.00013771509540852947,0.9997519074335036,20
4269460,-0.00012906144987682723,0.0002762446002346221,0.9748192928367535,20
200051390,-0.00012907712750626633,0.00019423747705233464,0.9960829239237037,20
197244125,-0.00012909549836049862,0.0003576811476572912,0.938504385403798,20
44305891,-0.00012915421771241554,0.0002506315743800856,0.9836769739067115,20
11420011,-0.00012918463641012345,0.00013881083844678185,0.999735364754232,20
135163943,-0.0001293734817926745,0.0002566028945159802,0.9819288165818124,20
16414229,-0.00012938782432767582,0.001189692207718756,0.6838689881075628,20
58663457,-0.0001294995170884744,0.0002634573628057784,0.9797372125562718,20
51454207,-0.00012959092944235252,0.0004806605938754787,0.8786390427945716,20
130986010,-0.00012985836981512232,0.00010644681440474532,0.9999854867902833,20
103108128,-0.0001299432387509597,0.0007414880238559233,0.7785691828399136,20
39661593,-0.0001302143668945932,0.0002771512886412211,0.9753988880723324,20
55058509,-0.0001302356479721517,0.0001851876728288451,0.9973346281332366,20
26485461,-0.00013035686023681324,0.0003996849190337965,0.9194931024619745,20
154696539,-0.00013042142577081306,0.0002860196482827099,0.9722088945060673,20
77878913,-0.0001304366222425135,0.0003248143007574205,0.9557834508632475,20
46116205,-0.00013049415177136258,0.0004658986051954066,0.8872261807875342,20
171001114,-0.00013099618493379596,0.00037606000251134167,0.9321112212099611,20
10026833,-0.0001310686028328706,0.0003840951816057432,0.9282665441078445,20
107448396,-0.00013116972085618073,0.00040073886214510974,0.9202037038560601,20
105130940,-0.00013127497804387434,0.00019551822532383397,0.9963409537794888,20
73071966,-0.00013151964793935988,0.00017445346116568946,0.998397875306503,20
242900951,-0.00013154205968130827,0.00036226476120808544,0.9395619170110223,20
43997680,-0.00013158264750846304,0.00037395383550327047,0.9339582980354535,20
1813940,-0.00013177835051593755,0.0002474468982667842,0.9860766132572745,20
6668508,-0.00013181810358766643,0.000496166741997324,0.8752880014822249,20
71890055,-0.00013184731572885022,0.0002919710503612286,0.9711168756454422,20
80482835,-0.00013189068557549754,0.00019362552318357391,0.9966780150101711,20
124542531,-0.00013205928823742386,0.0007808649492526261,0.7706346661009398,20
56554823,-0.00013222424245451503,0.0010404468778154414,0.7117689558105922,20
16843277,-0.00013232064837426227,0.00022541836469849863,0.991667366522032,20
31473669,-0.0001323283879588133,0.0003378382581313344,0.9520240909706779,20
194426618,-0.0001323791493916593,0.0004751973562264688,0.8860154157521536,20
21627842,-0.0001325034896237448,0.00021417651815845246,0.9938598340476211,20
55254711,-0.00013251998729214842,0.00017063723449736278,0.9987270908504905,20
7216550,-0.0001326236253173879,0.00024134329314827875,0.9881148824161645,20
128820920,-0.00013266423881281298,0.002007725661520423,0.6145932712245202,20
24025913,-0.00013271678046305468,0.0004885481576608786,0.8803527948857857,20
51255832,-0.00013324526494795929,0.0002333815431755881,0.9902885184470321,20
178608316,-0.00013352855943839226,0.000477402394236991,0.8869127325179968,20
41740041,-0.00013371043459610432,0.00020658872452319752,0.9953548770995861,20
25230872,-0.00013388099002247523,0.00038365470915624255,0.9324406453806073,20
156572976,-0.00013389775848574037,0.00018578503838823774,0.9977620699809199,20
163795102,-0.0001339341316495074,0.0004869088382513173,0.8831726729057211,20
97701769,-0.00013399085169676916,0.00037740271133648466,0.9355786071837807,20
63689312,-0.00013422543956713995,0.00033228270385546164,0.9566484567189877,20
74275261,-0.0001344115519103184,0.00017954384930820913,0.9983103369929481,20
208862450,-0.00013442102636925245,0.00012509199240927336,0.9999385535368965,20
68628693,-0.00013463681785225168,0.000379235134307525,0.9355724537804753,20
26523157,-0.00013465953124960073,0.0004687768167642202,0.8928221607136053,20
95500156,-0.00013475870549961022,0.00044224112165833397,0.9055501917369407,20
16682057,-0.00013476395627745052,0.000296878034472493,0.9717059478468206,20
92294612,-0.00013493633008848372,0.0003667855026090442,0.9418193697454843,20
8407174,-0.00013510971869034883,0.0003383906497954081,0.9549315136440181,20
172479228,-0.00013511659258939047,0.00024520100649291955,0.9882832882385454,20
57013482,-0.0001353133550360125,0.00024159851813014864,0.9892377387257599,20
42884431,-0.00013542098346774333,0.00012469803400844308,0.9999452123194541,20
63622376,-0.00013542328395693416,0.00032534857370426377,0.9608901839243982,20
149579457,-0.00013544910254406904,0.0005728590836405766,0.8482078803104913,20
91301840,-0.0001355357373755417,0.0003971239308696883,0.9282961250632857,20
124954555,-0.00013563185770005816,0.00022046746706338774,0.9936499381565358,20
3602977,-0.00013564099343496837,0.00018718193072697576,0.9978487668206402,20
30670163,-0.00013567800301294842,0.00034941836635954204,0.950670202462939,20
39659031,-0.00013570556966416568,0.00040681269721244863,0.9239187116732549,20
128157996,-0.0001357243959567378,0.0003153604504030435,0.965314269428597,20
33099455,-0.00013578028692214916,0.00041871435158116337,0.9183472514193755,20
106896111,-0.00013590247083254957,0.0005373656203213266,0.8639404501447769,20
42103827,-0.00013626473561470786,0.00032154240500209254,0.9633091601790832,20
51841424,-0.00013645443859305884,0.00024786764748447416,0.9882247812862809,20
59698659,-0.0001367869965807067,0.00031489840773703595,0.9664844027869831,20
9618822,-0.00013679397367386825,0.0005014335475108986,0.8813084526692707,20
151293776,-0.0001368808405418337,0.00021155493960545586,0.9953454047405621,20
102037882,-0.00013693803990300624,0.0002767111082740538,0.9803386346859428,20
64062238,-0.00013724159979063567,0.001136040501805109,0.7023544725279123,20
138366077,-0.00013726098976298007,0.0001603462356645718,0.999432924913629,20
105111400,-0.00013729064122249002,0.0008449575994421542,0.7618487027564155,20
228086973,-0.00013739936450636592,0.00012307104597307988,0.9999596054577432,20
59848979,-0.00013741038163326002,0.000271711327835757,0.982181085376997,20
2411653,-0.0001376250475920604,0.00032689567130076515,0.9624340033720704,20
17675557,-0.00013772993831970558,0.0005051390960986815,0.8811855461072367,20
37439964,-0.00013777177137615503,0.0003019290643931175,0.972286035140995,20
33568732,-0.00013777235217094785,0.00018828385434738694,0.9979965522807809,20
73683717,-0.00013795920320275323,0.0001458111707002991,0.9997740669936865,20
23488211,-0.00013811434869341054,0.00024586954827805833,0.9894053379636508,20
59659475,-0.00013830182357350008,0.0005127604894964272,0.8787317371964185,20
97912364,-0.00013852983735478385,0.0004848740672972724,0.8916269321227853,20
72879259,-0.00013863778421661644,0.000438527859072465,0.9132069498292131,20
57456790,-0.00013874531464114215,0.0004315400630341442,0.9166274362200715,20
55694982,-0.0001387466770035206,0.0003361680973755664,0.9597174867265318,20
664931,-0.0001391997531264566,0.00047054795127153076,0.8992259953683681,20
47529641,-0.00013924230635522784,0.0012863902605299794,0.6830676644236449,20
21628320,-0.00013924621707419872,0.00038193217833494005,0.9402656979964747,20
203838417,-0.0001392476113996455,0.0005865564614948615,0.8491544657300768,20
52256804,-0.00013950883431998462,0.00039480128224113375,0.9347282626387952,20
10362,-0.000139766325438348,0.0004389777256608977,0.9146520927681838,20
20600742,-0.00013995578927059326,0.0008065319941856578,0.7763608398114454,20
70536179,-0.00014010552332226756,0.0002692008870162508,0.9844291144293966,20
15550435,-0.00014016162770154604,0.0002009963752296181,0.9971720364114469,20
101687995,-0.00014017446703828428,0.0002980309406135844,0.9755084919226051,20
111726462,-0.00014032810620238646,0.00021694324172109988,0.9953371609140481,20
12228591,-0.00014033041677789237,0.001235397140659216,0.6913484503193447,20
122377350,-0.0001403525149541257,0.0008645295248026136,0.7616656105397817,20
77908985,-0.00014040753804324125,0.00029305552622623866,0.9773485075905731,20
162903707,-0.00014045013487365977,0.0003406580309235274,0.9595685663746184,20
68576399,-0.00014047901262011496,0.0002572029413705317,0.9877368577194373,20
2413809,-0.0001405431320402134,0.0003603731442518168,0.9513509054473097,20
134683861,-0.0001407123167354918,0.0004500521221492229,0.9109259198499113,20
111344330,-0.00014072997572957824,0.00034366686870019767,0.9586097375348226,20
3212652,-0.00014084824376282002,0.00018920177265637056,0.9982372938465806,20
87238548,-0.00014086131003052392,0.0004024226601768566,0.9330032579330525,20
10219479,-0.00014095479501254616,0.00021771543393799277,0.9953638422849708,20
125863700,-0.0001410410436198717,0.00024937622646232724,0.9897827063969226,20
72501283,-0.0001410570115645826,0.0004682511609626972,0.9031171924749273,20
44266420,-0.00014149866322557824,0.0004954073552392441,0.8915636918936964,20
105645232,-0.00014154723797840107,0.0007670359239402915,0.7902724838089381,20
85272044,-0.00014179587033517349,0.00042954348270670095,0.9218758218075418,20
23686279,-0.00014184527376484012,0.0003458123851137689,0.9588463584815385,20
16281187,-0.00014189030318026153,0.00030739425473480785,0.9735423926603876,20
25047208,-0.00014201908969412312,0.00045982251398367125,0.9083836178160808,20
41649868,-0.00014209439401834944,0.00036198349177783777,0.9523589142935566,20
161803309,-0.00014236978727852345,0.0007262601852268532,0.8041945387891902,20
24497115,-0.00014267084342781954,0.00041288745878969544,0.9306187503180927,20
36244666,-0.0001428241170743555,0.000309764522062031,0.973421710324136,20
158184570,-0.00014287387328184854,0.0002233971751814552,0.9949914967604611,20
107402938,-0.00014308707566423328,0.00034453776700983256,0.9605794781116926,20
76083685,-0.0001431215429174626,0.0005802325389154647,0.8581216088012027,20
11024148,-0.00014350783173274205,0.0002457749119792852,0.9914165851604562,20
74284687,-0.00014351299951276264,0.00040349137643915645,0.9359040523677153,20
143485023,-0.00014361199336390408,0.0002598092809035556,0.9884704435499356,20
26841658,-0.00014374813763842197,0.00038636266531735184,0.9437286323290246,20
103555202,-0.00014381252460972938,0.00034587490153314363,0.9607425071555644,20
118010525,-0.000143907995602513,0.00024208203780731437,0.9922424889444263,20
57741610,-0.00014410993700712804,0.00034451913066969257,0.9615617970156625,20
95682152,-0.0001441348551358246,0.00041897850664762346,0.9297904986046199,20
146336207,-0.0001441526615989619,0.00016834600003136786,0.9994344239285441,20
141043268,-0.0001442280434980542,0.0003637609913345941,0.9538833724735485,20
7005123,-0.0001442522345728975,0.0005309716612156794,0.8803698649454907,20
43457522,-0.0001443393453404884,0.00042500938683533737,0.9273612526428864,20
87089247,-0.00014443586984139167,0.0005185662026207337,0.8859769309717418,20
63622181,-0.0001445143976121277,0.00037294531260066184,0.9503456531192027,20
128183187,-0.00014452079177739718,0.00021507539436856578,0.9963602348899161,20
65283751,-0.00014464362227479543,0.0002103314303384727,0.996886856648279,20
44506430,-0.00014469069292761817,0.00026020833827699653,0.9888224598107429,20
44850146,-0.00014482354457979462,0.0002686533033404839,0.9868955184104419,20
20755388,-0.00014491447206905762,0.00044943715989373775,0.91720463001294,20
62859361,-0.00014504062385385096,0.000202114996133165,0.9976913889489102,20
95739748,-0.00014516746046389916,0.00044340381522948584,0.9202482442058715,20
70098387,-0.00014523950407756557,0.0004627481085727355,0.9117199486908742,20
89715224,-0.00014553827813679475,0.0004120796234557418,0.9346336086343167,20
31893166,-0.00014564612733574122,0.0004086017948246614,0.9362924921660072,20
179487430,-0.00014564845043686935,0.00025039882736815726,0.9912315368611663,20
50064140,-0.00014594540507100183,0.0006656890106655342,0.8304124530823978,20
53657043,-0.0001459726082489593,0.0002781528687107337,0.9850400961589691,20
71288995,-0.00014603700207236337,0.000631479982204313,0.8429937196792017,20
13840788,-0.00014606560737479013,0.0005163145981302901,0.8894461689095327,20
21030273,-0.0001463769451185676,0.00022107819794400023,0.9959878558928492,20
136190779,-0.0001467031168895405,0.0005123417345305269,0.8921169472482007,20
5464325,-0.0001468309656628447,0.00026580430313688443,0.9884317437389244,20
175407927,-0.00014693618246177653,0.0001737764257996607,0.9993688873752643,20
30872571,-0.00014708240710992193,0.00017407157488817624,0.9993650522597187,20
3668644,-0.00014708853283204593,0.0004299868177361152,0.9287290276688835,20
71081941,-0.00014747232173096536,0.0003640104333053122,0.9570733604202433,20
60486314,-0.0001477187553399095,0.00016127305175148748,0.9996925208242011,20
54249089,-0.00014772670495103447,0.0002694058409663998,0.9879827027186968,20
53246206,-0.00014788869050109398,0.00019218722979453696,0.9986319071031586,20
113518440,-0.00014798322286063703,0.0003143434660420028,0.9756025148658127,20
48947225,-0.00014836307895030876,0.00031152419042105363,0.9767620427835016,20
75784078,-0.00014843248335066339,0.00028435040572083616,0.9846505985156837,20
65729747,-0.00014854905556265784,0.0005740798880640271,0.8692359925868102,20
80446158,-0.0001490836869268819,0.0002859530190582772,0.98455867155656,20
69577006,-0.00014920219610570494,0.0007402059244915356,0.8106805792111805,20
43449385,-0.00014923508076115645,0.00044055605796075744,0.9268717334919497,20
149990652,-0.000149253734062893,0.0005101003950556392,0.8968494626116786,20
13874204,-0.00014943642404283697,0.0002688809805853249,0.9887923929726152,20
111945784,-0.00014944575577587605,0.0005874605057262863,0.8653008743878183,20
245726054,-0.00014951697230547733,0.0003066285514166276,0.9790090236114983,20
108337928,-0.00014967111554596845,0.0002703733350523582,0.9885581500995839,20
246527524,-0.00014982113153913512,0.0005596332100613466,0.8770330573829593,20
49489381,-0.0001498750133293092,0.0002983601720241622,0.9816224820109124,20
39083307,-0.00015017390033841838,0.0009904547256131837,0.7470491125275212,20
100713770,-0.0001501741516111321,0.0004333090843473308,0.9311725461034102,20
23464810,-0.00015025497763183072,0.0004487507832927281,0.9246411983138656,20
88439429,-0.0001502639464280947,0.0004602806539039812,0.9196833094085217,20
152578125,-0.00015040391869290958,0.00019211990543605296,0.9988052529964768,20
70467898,-0.00015077077952929397,0.0002711958020057546,0.9888109838298003,20
2211865,-0.00015086049670683666,0.00022908972607815916,0.9958434483176414,20
124817389,-0.00015090230188402886,0.0003148718352500569,0.9773756081925155,20
6417732,-0.00015113576290100295,0.0003282527362223889,0.973269824879604,20
26529273,-0.0001513032214579768,0.0002069646402323323,0.9979830315448931,20
225907498,-0.00015168665269839343,0.0006104303734406022,0.859844958224076,20
14871970,-0.00015188188662084435,0.0010862144914334452,0.7304014986888816,20
46448682,-0.00015208036672336166,0.0010349945488326482,0.7405099637133503,20
97542236,-0.00015210424841572424,0.0003505167336980958,0.9663571455048734,20
20021661,-0.0001522392396871297,0.0003876869532158343,0.9524145599196826,20
67656715,-0.00015231307696640385,0.00019812444770202643,0.9986217750352262,20
114208157,-0.00015235077736627524,0.0003204090791964706,0.9766041365022341,20
38640779,-0.0001525849203617452,0.0003611247159440655,0.962915285038969,20
11081405,-0.00015263486877948595,0.00036618263003173837,0.9610831758848205,20
179409845,-0.0001526845624730794,0.0002917710158037109,0.9848330271306166,20
114702514,-0.00015271878165049879,0.00032777118984455607,0.9745354334178743,20
31907974,-0.0001528794577128706,0.00019201658475248663,0.9989563724169025,20
20885899,-0.00015289900461103734,0.0002587808309846753,0.9919685623819574,20
85,-0.00015294442516931018,0.0004355375905347459,0.9335921478270673,20
205057668,-0.00015309794546305988,0.00044200262649216765,0.9310644691196466,20
14338286,-0.00015329438646761174,0.00022173497945914138,0.9969978780843757,20
1210789,-0.00015329524809067074,0.0002124977302609226,0.997777377682624,20
103397218,-0.00015342255242466185,0.000523284318786462,0.8972906358312025,20
71468956,-0.00015343306208323582,0.0012487806475490104,0.7054597848301121,20
96522796,-0.0001534337427940513,0.0002758138350750379,0.9888474167461276,20
108359189,-0.00015347928220487138,0.00025756601956671704,0.992347883387359,20
75761722,-0.00015350951985359796,0.0004614464971363479,0.9233866157914059,20
57414311,-0.00015352525799232076,0.0003247152955770124,0.9760381321916617,20
50323346,-0.00015364331532863594,0.001484389534994398,0.6756506388142889,20
131150005,-0.00015366204232709346,0.00014636675823451672,0.999921160983723,20
9818874,-0.0001536775198610507,0.0004702023633317185,0.919908728612981,20
106920064,-0.00015375140613641257,0.00034736555938739023,0.9687806677454174,20
123341775,-0.00015375640128581503,0.00016594277550857682,0.9997240842050694,20
156998495,-0.00015385997591861323,0.0002754792768162135,0.9890784854267186,20
105330658,-0.00015387908278888807,0.0003560988412794922,0.9658286695212512,20
97885616,-0.000154049492070929,0.0007073252419588905,0.8288510606704935,20
40521918,-0.0001543626963104394,0.0006951225881176241,0.8334309889401259,20
123325794,-0.00015436623866029454,0.00045803047385010315,0.9258976654234014,20
41247430,-0.00015453106569906505,0.0003216169189927644,0.9776231733892603,20
125476111,-0.0001545801065931024,0.00038548213365286897,0.9555743927807371,20
113743556,-0.00015495800297800067,0.0007906078343381594,0.8041556716789839,20
142645903,-0.00015508948502537812,0.00038233384354437763,0.9572543302708398,20
37645502,-0.00015530930195923888,0.0005214893411743742,0.9006722978439848,20
131873335,-0.00015549012964333198,0.00034927133724915743,0.9694659709680511,20
36878042,-0.00015561392880630853,0.00040324482430904846,0.949696425592804,20
24884944,-0.0001556798260733794,0.0006508167148326858,0.8509362697397133,20
1065018,-0.00015592965660690683,0.00015439164878844683,0.999881961950188,20
101394379,-0.0001560332543633247,0.0002662809502959542,0.9915850046339911,20
158099317,-0.00015609737687792834,0.000292700837370938,0.9861729254170257,20
68896940,-0.0001561525081771653,0.00048397342350680516,0.9173363189028977,20
203256036,-0.00015615725023277737,0.00039000435885927227,0.9553505737199024,20
152593741,-0.00015625630933824297,0.00027010883793375913,0.9909622464205835,20
100351083,-0.00015638069960918766,0.00015135558166209915,0.9999067222471453,20
67027232,-0.00015639326915434514,0.00017819563649380007,0.999545279770419,20
7471472,-0.0001564126588193604,0.0001683163658565347,0.9997316257502925,20
37478775,-0.00015648111909446206,0.000270155163231788,0.9910251574037333,20
37498210,-0.0001564874149882628,0.00032839715983461795,0.976817818094091,20
100593271,-0.00015689018164862512,0.0005282988332579021,0.9000604301813385,20
23432694,-0.0001573186993853337,0.0004135923879927565,0.9473807637213388,20
122674184,-0.00015744064901214994,0.0006018118034231553,0.8717579752977186,20
233715170,-0.0001575904184320992,0.00030239446206708093,0.9845280140781654,20
58061127,-0.00015762311234016058,0.00040018971667641175,0.9528762384985869,20
16814624,-0.00015791249986346623,0.000328850359066898,0.9775658857403418,20
71268514,-0.00015793145272242348,0.000187281839692626,0.9993541299032649,20
40,-0.00015804104516963514,0.00048579035047011343,0.9189914268631336,20
44506732,-0.00015822747986192763,0.0003270141383381332,0.9782885488635755,20
36299862,-0.00015851923194632467,0.00035935099903730664,0.9683746509143131,20
154376671,-0.00015855785040998772,0.0004846686654165159,0.9200991373729797,20
183814309,-0.0001586140801637964,0.001017380699303605,0.752947263142735,20
19039502,-0.00015872414683036352,0.0006293855658057328,0.8632821605948926,20
117121715,-0.0001589167939707592,0.00060725940208481,0.8718317034098768,20
109252439,-0.00015903550146927347,0.00025285347917924244,0.9944454226456388,20
97189925,-0.0001591005795878453,0.0003586617172819033,0.9690426382028804,20
77797555,-0.00015918904359368268,0.0005501377302661699,0.8944241886777062,20
27300140,-0.0001592657101549544,0.00030115283889339556,0.9855911594655786,20
36655523,-0.00015936241748101544,0.0002576543959532617,0.9938507301539885,20
120309606,-0.00015936537207025537,0.00028349462463591945,0.9894460472297377,20
65093851,-0.00015989487492176768,0.0004393119945465108,0.9399717891038775,20
70498868,-0.00015992910170213316,0.0002001980197087631,0.9989843850197991,20
29639926,-0.00016004160290420676,0.0005261659429130222,0.9051669994864264,20
23463526,-0.00016009921754286117,0.0002662955862703991,0.9927301884197091,20
39842007,-0.0001601192662563422,0.00021610272402616286,0.9981740908784019,20
79766219,-0.00016026888759028136,0.00039289207675666796,0.9580609831734015,20
1866427,-0.00016038812225583065,0.00019049792457953105,0.999345233547325,20
39283962,-0.00016041711084746336,0.0004138500190711953,0.9503969739751938,20
188019647,-0.00016046661091968784,0.0002285790543469754,0.9973012579883578,20
204457283,-0.00016090657771787586,0.0003832741378762129,0.9620552397513968,20
20432574,-0.00016100301651230108,0.0003005636132164675,0.9864740287610676,20
50438556,-0.00016107864566834718,0.00020479431835685388,0.9988489897352816,20
23063840,-0.0001611240984185802,0.0004654809153293065,0.9309421893366309,20
79998800,-0.0001612036977427178,0.00029845432628584207,0.9870238748686393,20
127145909,-0.00016123937212273454,0.0004669679744287222,0.9304816685351296,20
74903814,-0.0001613331844442456,0.0005474372979554603,0.8984074129922454,20
160588595,-0.00016134760895148147,0.0004672512983961064,0.9304936922517644,20
39,-0.0001614104940970057,0.00042195370361084106,0.9482953981331956,20
104439154,-0.0001614549858752895,0.0003942986377513488,0.9586022994968231,20
99526455,-0.0001616955311877527,0.0003215047466051728,0.9817231605373791,20
134990170,-0.00016170341401009757,0.00030359689521604506,0.9860860846140808,20
5815352,-0.00016186587341893431,0.00037638931061334085,0.9652164125121189,20
39052848,-0.00016196428575252498,0.0003614791090701896,0.9702187969281905,20
101906963,-0.00016208127478317403,0.0001882155882275315,0.9994617994665196,20
31293907,-0.00016209765983566383,0.0003845834643302904,0.9625873975472917,20
92480009,-0.00016232311700062896,0.0007702812503237883,0.8210971694246147,20
99349616,-0.00016252647977378076,0.0002649461227641335,0.9935401074597793,20
52195057,-0.00016258177457095514,0.00044060137236099023,0.9423337295341192,20
163791070,-0.0001626312447373074,0.00017917437661195494,0.9996653746930124,20
56055946,-0.00016279255393944757,0.0008029337919185575,0.8120426048248102,20
116454588,-0.00016287745163177936,0.0002078081375399056,0.998816390991455,20
198647108,-0.00016295300992907603,0.00021790708967540982,0.9982963205478463,20
57485219,-0.00016298197415549887,0.00041298396478691075,0.9531756343101769,20
85037341,-0.00016308167988471068,0.00022589083363419484,0.9977896604510655,20
152942680,-0.0001632319807306215,0.0004921897544305333,0.9227845782872675,20
26835226,-0.00016324724221638832,0.00013568282006039178,0.9999828921986599,20
34898549,-0.00016324839189595653,0.0003334344079322171,0.9793796467026863,20
77489783,-0.00016361787421923513,0.0002799095750115966,0.991468832810116,20
38543495,-0.00016363420887277326,0.0003675920409573974,0.9694573195201149,20
163604977,-0.00016412238590793327,0.0002441617249586192,0.9963686297731464,20
91916953,-0.0001642334293929737,0.0007212289601473471,0.8393512135109524,20
35537706,-0.0001643063575431869,0.00030803659580121547,0.986185593911688,20
179209174,-0.00016474016067702935,0.00026836032551727534,0.9935678764863382,20
79711059,-0.0001649654268084222,0.00030126407240015383,0.9878962701253674,20
64253647,-0.00016504346705388805,0.00031405939358933267,0.9851397579990228,20
36572119,-0.00016506829647267018,0.00023790041674328637,0.9970721639098674,20
14879296,-0.00016530718799338817,0.00022152214631818428,0.9982690009574349,20
28532188,-0.00016540738530948783,0.0003359587336082732,0.9798838535897436,20
12825176,-0.00016542593728688382,0.0015472921685340275,0.6809936758420114,20
121155622,-0.00016562982138750847,0.0003587480806402338,0.9735651402138573,20
111206807,-0.00016565243608197,0.00036997327493854345,0.9701363034826138,20
1261635,-0.00016583298525339464,0.000260934045076665,0.9947907841776531,20
99640600,-0.00016619464730304457,0.00024764321137345316,0.996329504337496,20
46152114,-0.0001662384552624352,0.0003046271483496526,0.9876830003691234,20
128620651,-0.00016633872485211088,0.00034740937175689975,0.9772840528164661,20
4015761,-0.00016642111763198465,0.0002660596475423811,0.9942549093640749,20
100835221,-0.0001664733944034824,0.0006502306491454292,0.8667789840999094,20
187030557,-0.00016659295320100854,0.0002977242593844426,0.9891847480252107,20
133259399,-0.00016691003682719474,0.0002985106598997987,0.9891426627558448,20
38824539,-0.00016691948915394662,0.0005457508632945362,0.9063342467106711,20
209286671,-0.0001669527728825143,0.0011798071848196873,0.7328110734089832,20
111500353,-0.00016699712026282398,0.00023749415716406444,0.997331963258847,20
75143330,-0.00016700633618121352,0.00021669235378069942,0.9986484917256641,20
48117478,-0.00016713372732206355,0.00020634754622513002,0.999092914474126,20
82094438,-0.0001673190081346504,0.00025892906557244003,0.9953074799755858,20
27931555,-0.00016736545829313388,0.0013666435777115117,0.7048553189768338,20
18677882,-0.0001675099485715148,0.00024104534962537705,0.9971034284899263,20
66284653,-0.00016758832241326181,0.0002661133581021144,0.9944885928942435,20
131769739,-0.00016764448996994807,0.0002598632540732973,0.995257906955693,20
125544307,-0.00016796056445069485,0.0004323018378804718,0.9507627277174863,20
41903782,-0.00016823372393827974,0.0004979442207988502,0.9263715429590755,20
128583483,-0.00016832370448396916,0.00030772361425991716,0.9878302361302171,20
108644208,-0.00016838519605084646,0.00014914672557605785,0.9999643657700743,20
158985818,-0.00016841288823128686,0.0002731659724695491,0.9937307849407011,20
33969129,-0.00016861317913841877,0.00021056080505510246,0.9990040923614629,20
21487195,-0.00016877326625951427,0.0003535901929050689,0.9769813406138689,20
108759874,-0.00016886043010563013,0.00039116719956789437,0.9656993508280393,20
142244277,-0.00016887576608450304,0.00034603869447323273,0.9790861825994962,20
67875170,-0.00016889961205672211,0.000273468067143067,0.9937972816122171,20
114808618,-0.00016900231515780683,0.00039233809620398455,0.9654262743365353,20
122552373,-0.00016902120869301818,0.0003396102746444787,0.9808328878660326,20
134971602,-0.00016920845748779335,0.0004701135128270729,0.9380193825561609,20
94721058,-0.0001694121453085784,0.0004795994872527609,0.9346626873700513,20
79798339,-0.00016947835171970128,0.000710514432338976,0.8502702319528126,20
37278360,-0.0001695187990544994,0.00034245363728244664,0.9803626299834683,20
31444895,-0.00016977910413871756,0.0003462944312470927,0.979504966597359,20
90322025,-0.00016993826879897755,0.0002890798579696561,0.9917355960353385,20
28069396,-0.0001699826615303601,0.00033194879105499065,0.9831852174114938,20
34969919,-0.0001702600108586777,0.0010140547928632901,0.7690357699242225,20
167708818,-0.0001703042261511606,0.00025420225966929624,0.9962874871355918,20
83670415,-0.00017043453457265824,0.00032388226144560605,0.9852364869395694,20
134371304,-0.00017046674087623504,0.0003256174704125549,0.9848631669598027,20
166593683,-0.00017060405705386915,0.000206664749959329,0.9992257884568855,20
159987183,-0.00017064326816156327,0.0003095025630926581,0.9883165214570566,20
46431023,-0.00017079769188003968,0.00034769054252861546,0.9796816170019078,20
135371835,-0.00017098888051028937,0.0006738581538341186,0.8647107444248733,20
33497709,-0.00017116986710776494,0.00029309536344038315,0.9914254374284444,20
110645608,-0.00017143300244763237,0.0008009850246207048,0.8247461736368107,20
41642011,-0.000171512375448854,0.0005048760391606382,0.9274157466318931,20
46451783,-0.00017161112001462254,0.0004586286325500877,0.9446832412913181,20
17,-0.0001716243892934205,0.0015238076724200366,0.6898655706499305,20
46478867,-0.00017176685594512685,0.0005935389162794689,0.894448599689506,20
33272665,-0.00017183880936748607,0.00043648226435209493,0.9528060767362407,20
98525695,-0.00017187256243536008,0.00035859783059396144,0.9773838193929241,20
226107787,-0.00017194193072009312,0.00019365154075521912,0.9995904607192274,20
175616066,-0.00017213076516791882,0.0007015269623397164,0.8568905754676001,20
150791535,-0.00017224730618600748,0.00037520699922682796,0.9729504469205303,20
23005786,-0.0001724224657680573,0.0004535290084133798,0.9472988845992056,20
199433743,-0.00017242321521712678,0.0016418692118530223,0.6780240795405048,20
76841488,-0.00017262241640935984,0.0006130736838572056,0.8883980662494689,20
29294107,-0.00017263532503519752,0.00023490038503816657,0.9980601110443441,20
108934045,-0.00017310108734358288,0.00026694659188175997,0.9954101448404828,20
8870738,-0.0001731630258457878,0.00032558752700718064,0.9859853752170014,20
66054778,-0.00017355178673344185,0.0009229409687777084,0.7945824890060555,20
234315474,-0.00017357405443306495,0.000749086952670571,0.843454169479219,20
60059641,-0.00017357880837733374,0.0003273588936062256,0.9857749780966107,20
72139377,-0.0001736517800463605,0.00033263849321667964,0.9846559747811684,20
40481736,-0.00017370375432026742,0.00014982497122411047,0.9999736536890078,20
112861779,-0.00017371899252383583,0.0002640390507519358,0.9958191019753482,20
230688986,-0.0001741767121624771,0.0004990505606811028,0.9324690878683743,20
101289596,-0.0001743635329867821,0.0003596368283880243,0.978477873318836,20
139079899,-0.00017447820994463404,0.0004105504688722824,0.9636819357424629,20
26685539,-0.00017459543983515402,0.00040330345626839057,0.9660587988287309,20
76096927,-0.00017465840380430088,0.0003950964293607713,0.968630181347878,20
79299879,-0.00017489335937171947,0.0006187799424561494,0.8892435819427765,20
138430098,-0.0001749861199706687,0.0002523803951185689,0.9970571864052626,20
40053748,-0.00017500623311562659,0.0006526243632018341,0.8774108904009048,20
1863405,-0.0001750462152347726,0.00025608721642769256,0.9967555839146085,20
34769621,-0.0001751938134896158,0.0003889450735045134,0.9708275958937418,20
119146265,-0.0001752154457339089,0.000537167262479134,0.919514477013817,20
19858547,-0.00017528038766180255,0.00044595906516147615,0.9525534472869821,20
53997302,-0.00017528085643797874,0.0005109071098501789,0.9292788639753891,20
100688511,-0.0001756500948242895,0.00047484538300293454,0.9427524154900859,20
100634958,-0.0001756536444151746,0.00029588535810109724,0.9921822689433111,20
103955366,-0.00017572251556194352,0.0003994202927251612,0.9680501274061211,20
65663548,-0.0001761581740707896,0.0002905927938677086,0.993072144420323,20
89178867,-0.00017623855493371088,0.0007926052598003658,0.8337365910944,20
63,-0.00017639154865560502,0.0005078150315648185,0.93158843817661,20
209687376,-0.00017676224406889263,0.0004514577604844741,0.9519630121240931,20
116752237,-0.00017705023421738796,0.00048567178010600596,0.9402483315957327,20
139830733,-0.00017742533786634372,0.0005903693549558062,0.9026145013748066,20
71076543,-0.00017773714255283902,0.0002393578127814204,0.9982036312325329,20
64074978,-0.00017787504123707997,0.0002573243368820813,0.9969951207404548,20
48746923,-0.00017798611565969513,0.00027669396758652946,0.9951702912930083,20
123726133,-0.00017814512719705743,0.00024172469182277668,0.9980996592425532,20
92304144,-0.00017822549563717427,0.001472626924390321,0.702684864510478,20
36697270,-0.00017839526511677917,0.0002464543743406848,0.9978313900720878,20
96545397,-0.00017845353297596956,0.0003376464416233225,0.9855468838047995,20
67886129,-0.00017867359387941094,0.0005652141978674833,0.913189456266168,20
93115327,-0.0001789262361587024,0.00038158965696391447,0.9751944821111098,20
51715302,-0.000178972770594113,0.0002993745830341229,0.9924892374893509,20
12269343,-0.000179039137151088,0.00026792035788125935,0.9962244797347232,20
69657764,-0.0001792322813335412,0.0007316491162625059,0.8565134224473729,20
152378025,-0.00017973067551452226,0.0005524875698567883,0.9189816502024774,20
120936915,-0.00017985633043413052,0.00026368293641934555,0.9967085486304873,20
27866875,-0.00017985886429391917,0.00027472064562983947,0.995683808194868,20
3412528,-0.00017994707310673151,0.00032271550589920567,0.9889839591773945,20
56660901,-0.00018021845193393337,0.0003162830279180815,0.9901836618092532,20
110123955,-0.00018054206812454787,0.0004262519616111524,0.9632381908312131,20
8268997,-0.00018058164686346744,0.0002865526652651185,0.99451133012988,20
56,-0.00018060033791101883,0.0018077996368283792,0.669953778515936,20
134563476,-0.00018072942051821638,0.0002068090650258589,0.9995275031665091,20
110315894,-0.00018106831251170076,0.0007827822846250253,0.8430469350585295,20
46578206,-0.0001812812047529977,0.0009325930949786806,0.8022370482815955,20
91056553,-0.00018133407946308854,0.00014721848624477352,0.9999870666197931,20
80219866,-0.00018133938996174327,0.0003360968217067659,0.9869531213128341,20
60889219,-0.0001813556463808097,0.0005308820076344758,0.928472448009181,20
1801065,-0.00018160882710446525,0.0003747150135049797,0.9784443226297312,20
127946788,-0.00018175451400334331,0.0004486505241668492,0.9570667990685866,20
162065060,-0.00018176278816881553,0.00033959521942020053,0.9864190161767208,20
42665294,-0.00018186878971890308,0.00025426991184898597,0.9976362096453427,20
111900677,-0.00018221439802235394,0.00029143145912953526,0.9942401331109203,20
68057031,-0.00018233293615014802,0.00029275281858277423,0.9941030095122598,20
21034095,-0.0001823553739758482,0.0003619199504951426,0.98187575744201,20
21004578,-0.00018240759033261443,0.00030698445108551795,0.9922224957433361,20
111209920,-0.0001831250866623585,0.0003695233823104773,0.9804615437308278,20
92517888,-0.00018346722536535242,0.000552756221479312,0.9229428464601134,20
34495350,-0.00018347680651271126,0.0005038049015482364,0.9400746657834959,20
80967238,-0.00018351913995800218,0.00029573192051724124,0.993971802288448,20
57725586,-0.000183564044561485,0.00034019735587969717,0.9869574918220363,20
87740651,-0.0001839573887816387,0.00022314718030394596,0.9992167861325524,20
37299956,-0.00018485399936674917,0.000359838993920691,0.9834355268737626,20
29671327,-0.00018486649128985065,0.0002896470469721561,0.9949271621489552,20
141066408,-0.00018496758896116848,0.00030042772244592234,0.9936794049890605,20
30420563,-0.00018503767760199297,0.0006602553782588845,0.8873538346531475,20
48955929,-0.0001852141360563858,0.00019634866446399877,0.9997673849197358,20
39646827,-0.00018532680519892374,0.00024530012199099657,0.9984238132420585,20
129366558,-0.00018534244239344356,0.0002015350073217899,0.9997039194353773,20
20032182,-0.0001853523277402902,0.000271307892555522,0.9967439318552125,20
46051529,-0.0001856298183888716,0.00047962929719816584,0.95015570861417,20
85837960,-0.00018569889423908082,0.00032047884366699387,0.9910435449955892,20
162389889,-0.0001857828158204622,0.0001817259123264912,0.9998958651803388,20
34242891,-0.0001858858773560651,0.00035382462310842367,0.9851184574486399,20
25840664,-0.00018593216039186345,0.0005233065259398567,0.9357144621290779,20
153743259,-0.0001862163379343501,0.0002795798991515682,0.9961415293271347,20
21434230,-0.0001864143010906094,0.0001884338786152106,0.999854378972306,20
18477870,-0.0001865042427341368,0.00016848367694615964,0.9999555962104651,20
171477739,-0.000186827009978896,0.0005251064673920643,0.9359599377613552,20
218273211,-0.00018683824931750305,0.00042994613355940627,0.9665354196851582,20
73473494,-0.00018683934974307592,0.000474585509397973,0.9528058021275868,20
23727507,-0.00018701859961352263,0.0005173699768996692,0.9387747329146761,20
73540288,-0.0001873779644897433,0.00027713569667908174,0.996507590655829,20
19478604,-0.00018739358016066354,0.00032543691709239055,0.9907293239809792,20
79819787,-0.0001876934766148114,0.000396656424010116,0.9761208799963079,20
120412220,-0.00018803714700635354,0.0003117118865963149,0.9928711857812567,20
147937942,-0.00018808559721839868,0.000712025016038174,0.8739782159195534,20
103091059,-0.000188119330428016,0.0004914835341444309,0.9483906690242351,20
9,-0.00018820841209361006,0.0002596395155657008,0.9978538535733901,20
3,-0.0001882206755537713,0.00038684497815495836,0.9788076788607665,20
127757768,-0.00018833330360571164,0.00023435989200152035,0.9990323115164571,20
37918385,-0.00018835453208200514,0.0005684154217281219,0.9226215427647976,20
24638067,-0.00018837045664828745,0.000658896587341417,0.8917697347389373,20
50655182,-0.00018902221096867288,0.0005670309948443777,0.9237859130507382,20
72838048,-0.00018919655708260485,0.001311267523488694,0.7367636929261099,20
33018462,-0.00018955272781637222,0.00030767198697336824,0.9937042617011252,20
85637788,-0.00018963422487316972,0.00039953966469596534,0.9764251585388588,20
50514534,-0.0001896862766888413,0.0004325753138654998,0.96765115817439,20
201836853,-0.00018982808471453005,0.00014642170805349855,0.9999930875331917,20
136228006,-0.0001899225647417846,0.00028356359363667884,0.9962806832249036,20
130359263,-0.00019003974335464469,0.0003968142718632558,0.9773075816992444,20
33336213,-0.0001900666395990791,0.00022125785231860666,0.9994500262591417,20
142483643,-0.00019011891717014563,0.0004186282106259122,0.9717579035465945,20
69688165,-0.00019027599364311031,0.00024366062747585384,0.9987812638649668,20
61665721,-0.00019032655134589848,0.0004896896086376699,0.9508197567013664,20
43141583,-0.0001903940645566926,0.00023685195740716939,0.9990347242679877,20
196442969,-0.00019046254872725766,0.0003504310113439048,0.9874268670216508,20
46892808,-0.00019056894052409956,0.0002451775199259482,0.9987354664787851,20
117904649,-0.0001906302128222126,0.0006874590268749197,0.8849837799944973,20
104930250,-0.00019093268643136652,0.00024413128330326976,0.9987958236789569,20
9200183,-0.00019101789885854757,0.00024539742098344695,0.9987499142003807,20
18016018,-0.0001911063986344469,0.00024180491849040177,0.9988925011419327,20
59259160,-0.00019126476214717801,0.00029634164825016556,0.9952715705154936,20
76795839,-0.0001913789647198211,0.0004700022330406871,0.9578031476173996,20
5064811,-0.00019145649025535116,0.0009370164761024474,0.8138563557231662,20
125984547,-0.00019193826133431235,0.0004948064863354365,0.950512170379211,20
22663668,-0.00019194648522709025,0.0003328538423599012,0.9908037954851762,20
53066639,-0.00019197656844434087,0.00024782730362712545,0.9987012819999056,20
28667366,-0.00019215340374425515,0.00039930098817922205,0.9777712389315403,20
86913446,-0.00019227440323853483,0.00029917663030859347,0.9951426807626685,20
73740702,-0.00019253870033846264,0.0002505555467239942,0.9986171942524931,20
79691256,-0.00019335494277664123,0.00045839523389779355,0.9626885790149717,20
19226809,-0.0001933991259386092,0.0003575188447764342,0.9871226533674834,20
2262066,-0.00019356877442640864,0.00027956140191224703,0.9970294522173753,20
119353493,-0.00019378049030914225,0.000268054079604163,0.997811009432565,20
30289511,-0.00019380760444909773,0.0010453098925254929,0.7913465097927821,20
219073804,-0.00019456767202176705,0.00048190304404109927,0.9565758975479236,20
170730606,-0.00019475697510201452,0.00027951394284770784,0.9971560776215522,20
66277140,-0.00019488629196437733,0.0002824132673349221,0.9969597876872506,20
31967447,-0.0001950850362417461,0.0005714764925785452,0.9283386993843569,20
80045939,-0.00019516252649311172,0.0005970134062014177,0.9199483583549927,20
110135341,-0.0001952937613481226,0.0002837285417213688,0.9969059536721729,20
73340224,-0.00019531748031629547,0.0003649072995657542,0.9864213731437396,20
66677481,-0.0001954622131853212,0.0003244010916407583,0.9928223678057799,20
37258597,-0.0001954686215162954,0.0008397309505071136,0.8445297760259032,20
99591911,-0.00019565493169634295,0.0003233812842505976,0.9929931498816891,20
232890592,-0.00019582582311958308,0.00016485799118240048,0.9999801127707308,20
114539924,-0.00019598955441565424,0.000858025814330391,0.840080570412521,20
43864795,-0.0001960037602334014,0.0016018061356845115,0.7047041780418539,20
44265321,-0.0001963005020667097,0.0003129307446809678,0.9943544523769825,20
100516003,-0.0001967374027801422,0.00033468018151915514,0.9917338373587635,20
53263156,-0.00019682976002750874,0.0004821251977068895,0.9581777712109879,20
71268455,-0.00019688680983782347,0.0004403622427293325,0.9699698700899999,20
227686907,-0.00019709862150756318,0.0006648880248126912,0.899673131113879,20
230712513,-0.00019713697439529277,0.0003485316829387709,0.9897871576289335,20
39301918,-0.00019740170773589473,0.0006153935465823906,0.9161632402476771,20
65973731,-0.00019755063775444838,0.00035611409566348916,0.9886830678128283,20
23485953,-0.00019768422997486768,0.00024160653653546344,0.9991659671644918,20
86851897,-0.0001976919607406341,0.0004919669873830578,0.9558813682676369,20
7466155,-0.00019784958971169053,0.0004513062165951832,0.9676200938620458,20
22280773,-0.00019791586883937952,0.0002426343944294987,0.9991443557680235,20
32041167,-0.00019796128479153408,0.0005158799739376164,0.9487992368425746,20
71830685,-0.0001980063263667564,0.0001947775542771754,0.9998896200724375,20
146779043,-0.00019811934041247535,0.00044312647927866207,0.9699678894336611,20
59663870,-0.00019829372890589614,0.00029461694211811853,0.9963997568599775,20
89379594,-0.00019832376406177243,0.0005799516044281531,0.9286679517995035,20
130071629,-0.00019845488303527336,0.0002760358306295383,0.9977220261011228,20
74159951,-0.00019853690777200394,0.00038726003027362036,0.9832766647007051,20
8219262,-0.00019855990982620698,0.00040462777173883436,0.9795875970676873,20
41291755,-0.00019875040326847447,0.0009203524827023108,0.8268513138119733,20
242723236,-0.00019883648778094566,0.0001996893109671125,0.9998636136373122,20
47116823,-0.00019891814645054963,0.00044463600002404754,0.9700404995965013,20
83716233,-0.00019899006791306573,0.0003952099127592145,0.9818178353070547,20
77,-0.00019901692799793869,0.0003751848669424884,0.9858026541595525,20
111406810,-0.00019916107847041398,0.0005638837521089106,0.9346414464618708,20
42828595,-0.0001993865901280506,0.0002300025520780386,0.9994924502833645,20
131350011,-0.00019967297690103302,0.00020000204107506976,0.9998672028231029,20
18280597,-0.00019984741473458856,0.000280555747786387,0.9975657297741978,20
150575290,-0.0002001165608415817,0.0002204984881961424,0.9996650125809948,20
164792067,-0.0002008419236348563,0.0005021341188924673,0.9551940696359962,20
52866639,-0.00020087906255351895,0.00028684892409517937,0.9972544243936803,20
172402774,-0.00020090923992070186,0.0005588499056814849,0.9378100737240345,20
90512684,-0.00020124235599854322,0.0005980667299374184,0.9255934294060243,20
57862549,-0.00020129939200456138,0.0004605687923103801,0.9672481982837831,20
90713018,-0.0002015685612013124,0.00036090136608106185,0.9890781603019484,20
44458474,-0.00020175921065679336,0.0002811193380175206,0.9976933597784863,20
12222136,-0.0002022655361136133,0.0003806705034829869,0.9859192555134322,20
68,-0.00020255673521037688,0.00029459190637814336,0.9968834582321009,20
137364012,-0.0002026558088203817,0.0004730602935394313,0.9647210009530198,20
38879940,-0.0002026689439804802,0.0006122693234363628,0.9224119370433692,20
129190913,-0.00020267273290701938,0.00024021358593634884,0.9993570010111466,20
17499589,-0.00020268228555012923,0.00039160830029588375,0.9840104255793036,20
800296,-0.00020270101714061627,0.00027409265876787866,0.9981480339318549,20
20804464,-0.0002027603040151732,0.0006196830756914945,0.9201312856933335,20
70899677,-0.00020288416623017168,0.00019523349889959837,0.9999122016767855,20
7806529,-0.00020299115775987696,0.00044274126838114453,0.9728110627348615,20
55895026,-0.0002032458516764507,0.0003374586290065572,0.9928051308166157,20
178620761,-0.0002034395726131094,0.00021768835872202575,0.999745671681203,20
77489122,-0.0002038649412904686,0.0003938586086810739,0.984017128093158,20
114902628,-0.00020390700617164693,0.0006492152610339229,0.9118638124494638,20
1016948,-0.0002040391797327651,0.0006308578537735944,0.9178234480537972,20
7866557,-0.00020413640790518662,0.0005140384835517299,0.9541233186960638,20
13622048,-0.0002041889539585562,0.00034045986441164837,0.9926269319920326,20
44429844,-0.00020419488716234003,0.00020689568247014007,0.9998508789285033,20
80799248,-0.00020422923506661916,0.0002943555888972055,0.9970710984973493,20
146650394,-0.00020441587460024447,0.00034934189530430197,0.9915182159181616,20
196843269,-0.00020456822268183627,0.0004183367158728023,0.9792693281993451,20
62266253,-0.0002045980871181685,0.0004439592215805483,0.9733692261002602,20
169597238,-0.00020479798673811445,0.0005280123799123115,0.9504960480930605,20
55954560,-0.0002050174992638959,0.00038325164469752706,0.9863821929342346,20
86,-0.00020513854437479717,0.0004208571542284635,0.9789739833163252,20
20883413,-0.00020598711671293568,0.00032506712422364695,0.9946951828343574,20
36515752,-0.0002063939974432799,0.0005279033529981295,0.9517387688394485,20
66349799,-0.00020656039379415015,0.00066202660551761,0.910498207961888,20
6468261,-0.00020666299850809476,0.0004770944181655501,0.9661334021424616,20
74703806,-0.00020683468648890203,0.0005747683368856932,0.9379832909975058,20
24830183,-0.00020693771855675725,0.0003400594784660803,0.9932264581505477,20
9070744,-0.00020699535843585193,0.000760773729020579,0.8807105819360067,20
125584342,-0.00020702097153864617,0.00040993074240978873,0.9820659156282218,20
27900578,-0.00020731483266376305,0.0005629571590137617,0.9419918164256877,20
43347282,-0.00020733234480445063,0.00041687991834877245,0.9807722935827834,20
241322243,-0.00020736756272371758,0.0005145745469731586,0.9563004265271589,20
58257995,-0.0002073928032744504,0.000598588113875963,0.9311162267159314,20
165992730,-0.0002076734731973756,0.0006584585216166487,0.9127200451965941,20
70279043,-0.00020776123399430803,0.00023027951639874943,0.9996461935496532,20
56295273,-0.00020796976145186775,0.00024412280665498938,0.9994085493526432,20
82221607,-0.00020804809964662386,0.0002639149420731229,0.9988695660450476,20
12629415,-0.0002080795932802776,0.0003178302198875528,0.995683407903776,20
84954203,-0.0002086122047472383,0.00045495382543937,0.9728224635378242,20
41864364,-0.0002087104932444378,0.0003911149046867595,0.9862151579059543,20
16027189,-0.0002087944946882525,0.00038137809211857555,0.9878845056918396,20
55922102,-0.00020899986689817406,0.00016756925538644616,0.9999888796883003,20
72390640,-0.00020900903792739345,0.0003088047786660513,0.996532057337628,20
51350678,-0.00020903100777626415,0.00019394398591112625,0.9999405072016206,20
82506759,-0.00020949769318018285,0.0007072478398073414,0.8995106071021951,20
34227663,-0.00020958297600347787,0.00029731354558082504,0.9973784779539102,20
9079077,-0.00020970919332454762,0.00039461505733260553,0.9859306151376647,20
173206902,-0.00021006010996247327,0.00026064001013134875,0.9990550057446688,20
85372505,-0.0002100804429805675,0.0005621209899919679,0.9444803135619038,20
33842268,-0.00021009819153420539,0.00042520881680388744,0.9802011459525692,20
25834070,-0.00021029454801576585,0.00023511451930482847,0.9996169326090594,20
28210824,-0.0002105086731292588,0.000250662372337326,0.999330834926726,20
29871342,-0.00021061360747173796,0.0003585646473611489,0.9916975717982353,20
241900281,-0.00021070448674038179,0.00031624726156776535,0.9961494309768016,20
35937299,-0.00021104164094194744,0.00031491434154951156,0.9962948341100701,20
21283446,-0.00021106155649996405,0.0024565403025848752,0.6474656830794161,20
72691405,-0.0002117881130015681,0.00035795270042523266,0.9920315851143523,20
4063445,-0.00021220494795040067,0.0002884813676090285,0.9980730242036935,20
205040726,-0.00021224351462716118,0.00020162616314678238,0.9999233701352493,20
11675117,-0.0002124460585484933,0.00016458679981506174,0.9999927008392575,20
68138345,-0.00021300175466852644,0.0009097106268641779,0.8459076582554728,20
112126586,-0.00021303514972812742,0.00028379098529809324,0.9983449216003705,20
12289206,-0.00021353597293365112,0.00030167419952820845,0.9974537877151619,20
45048066,-0.00021368556601403244,0.00029259504072987,0.9979678249871177,20
47731815,-0.0002138757710985595,0.0004946603852160974,0.9659000926350441,20
115720514,-0.00021415778991681623,0.0004458473990951208,0.9775945615535362,20
29872160,-0.0002142916723886945,0.0003931524583057466,0.9876077552259258,20
80492525,-0.00021466730458408466,0.00015187618789134268,0.9999977140938854,20
79369313,-0.00021507256326667168,0.00032247836628293645,0.996174910308058,20
56446157,-0.00021511588058789887,0.0003477938561481859,0.9938509184552071,20
18482665,-0.00021555159084634122,0.00036252012791117977,0.9922523519030298,20
127677874,-0.00021573292161555235,0.0003777540194538754,0.9903032980523427,20
154380435,-0.00021582503111122476,0.00033358267728784204,0.9953439626468443,20
6015017,-0.00021583920499135267,0.0002845695923621304,0.9984703675555432,20
21630897,-0.00021590321823405646,0.0004690803460820576,0.9732331952041282,20
82001219,-0.00021615507479496587,0.0006743171046832547,0.9160252078165915,20
46839508,-0.00021636868982306267,0.0018617864637461672,0.695373601518553,20
76300450,-0.00021670995825185112,0.0003416788287163707,0.9947249007500838,20
98729532,-0.00021672750888029335,0.002231720210439425,0.6655185110413571,20
1011120,-0.00021679171226390292,0.0006356407500131879,0.9281668751963322,20
25064984,-0.00021687818806762904,0.00036215513396702076,0.9925634712590289,20
90733686,-0.00021704019271976682,0.00040926232150140197,0.9857855685488747,20
162203896,-0.00021731795324130554,0.00038673084276675363,0.9894250874028048,20
109734745,-0.00021756418196559323,0.0003831504756723582,0.9899984742877433,20
52041601,-0.00021760730810783946,0.00015967683815696818,0.9999963252692563,20
100315894,-0.00021772029593417064,0.0012805032589180557,0.7718210958651825,20
61620766,-0.00021777320942981127,0.0002491369131230541,0.9995285421545329,20
164591835,-0.00021784272912203084,0.0006332792315024201,0.9297778018591756,20
20091038,-0.00021788372878958905,0.00035947835606753336,0.9930659866644732,20
135660866,-0.00021826130690435485,0.00026591708649409656,0.999187602918516,20
25034151,-0.00021827698606474987,0.00041308421572739296,0.9855316403442067,20
31235720,-0.00021834253459192542,0.00034303085908657995,0.9948401674442401,20
1062974,-0.00021894657302561627,0.000321013518192819,0.9967070653576118,20
101327452,-0.00021911939676846348,0.0003470535664183423,0.9945743919595557,20
218673765,-0.00021913427664113915,0.0005771033018361642,0.9470997164081943,20
9021912,-0.00021941674770225295,0.0002588593275791476,0.999382156338935,20
64,-0.00021948893510867484,0.00037343022361176236,0.9917280758233648,20
51855539,-0.00021959567752085352,0.0010892327087703166,0.8107238335091436,20
47546434,-0.0002198979097066206,0.0004493677304354556,0.9793337332210605,20
114939962,-0.00021991980869468796,0.00021879676440084074,0.999876034300096,20
99084921,-0.0002200220466274827,0.00030477487626834234,0.9977889398013702,20
113527942,-0.00022043649264079092,0.0006263995187547254,0.9339798558421996,20
38057538,-0.00022072470105552743,0.0003128724596114342,0.9973930080821399,20
53275037,-0.00022087832986186496,0.0007060829404689396,0.9110344742742892,20
117952617,-0.00022093276584343735,0.0003683269389466985,0.9926328446693239,20
137564194,-0.00022102632472923155,0.0003164080233567694,0.9972061043730748,20
82903387,-0.00022106559734938193,0.0002144541522706981,0.9999044569421809,20
233091074,-0.00022113185704505933,0.0003003226348270424,0.9980869660655939,20
239297788,-0.00022118046631315613,0.00020517808563432069,0.9999406279065746,20
74103007,-0.0002212278670670531,0.0005624725195783304,0.9526594095397699,20
117668060,-0.00022140490318530993,0.000620003921717235,0.9366191757647112,20
60664655,-0.000221538565563692,0.0005163178787188204,0.9649254324162645,20
145975583,-0.00022155312507736447,0.00025817043576858897,0.9994451662442146,20
35696096,-0.00022184287302412785,0.0001853183462011401,0.9999818422487488,20
33072539,-0.00022191070235909327,0.0003104142801067439,0.9976273505410551,20
92134899,-0.00022193763036440218,0.0006095856562162342,0.9400256662602771,20
199033440,-0.0002220279515618484,0.0005488343011650583,0.9568627201571207,20
78090169,-0.00022235654883284717,0.0004742667292804889,0.9751825870480316,20
62652586,-0.00022265544038725104,0.00020016450369644864,0.9999579326306962,20
21427969,-0.00022301399204686378,0.0006946291455242041,0.9163404207230067,20
98925933,-0.0002230178519171122,0.0002561281601572771,0.9995119661458305,20
125217535,-0.00022337385295172207,0.00016347708207091602,0.9999964477992306,20
46831206,-0.0002236997622717063,0.0002912671283615336,0.9986112365277717,20
64663082,-0.000223919893757199,0.0005977237408868854,0.9448779217212946,20
172413267,-0.00022452550812858963,0.000694975035759475,0.9175993031052309,20
71939340,-0.00022464567615124997,0.0005902677170777855,0.9474708608443395,20
94906455,-0.0002250128006679869,0.0008572783637909221,0.8725136032314358,20
126356946,-0.00022541921347050408,0.0008422974635946281,0.8769574452799771,20
212666750,-0.0002259990496650488,0.0005021645694523644,0.9707299800906817,20
146736298,-0.00022664168370071237,0.0005223734734202725,0.9663358235625708,20
129948206,-0.00022664667124386583,0.0005718544865730073,0.9538243323014344,20
53138653,-0.0002267481856603054,0.00048023428363472927,0.9759020176963051,20
23518008,-0.00022687818065524333,0.0002873940987644066,0.9988823220343414,20
79769631,-0.00022696670891536873,0.0006271698010383553,0.9389738992465289,20
25,-0.00022697636690293676,0.0004078636427909601,0.9888690251776797,20
35228903,-0.00022706629793350642,0.0002180446989485114,0.9999141217609073,20
228711014,-0.00022709212086313713,0.0004141312175707678,0.9879844217525363,20
118218875,-0.00022745511923546736,0.00037394944508890605,0.9932079062774289,20
56059739,-0.00022746562735654062,0.000534889568889092,0.9637656085843886,20
80700886,-0.00022763692060343843,0.0005261800995654093,0.9659738624994709,20
136791346,-0.0002276970011524937,0.00017206084182278997,0.999994656891602,20
100653020,-0.00022792428341527338,0.0003106986619000252,0.9980336935392077,20
10471029,-0.00022821223578559368,0.00038439332536063797,0.9921852848405728,20
156583855,-0.00022827002276683828,0.00029397246664728476,0.9987255815197809,20
11888919,-0.0002287067088238809,0.0004192546612652172,0.9876595479394995,20
18024573,-0.00022883722386831672,0.0004437790371845324,0.9837279098108594,20
84599898,-0.00022890492597889834,0.00040670660292533407,0.9895135903420147,20
46046009,-0.0002290716039685864,0.0003591612346842067,0.9949046962044578,20
74293223,-0.00022924194680023214,0.0007061238829457795,0.9185745877347881,20
59671432,-0.00022936017623648164,0.0002681792043113201,0.9994283962147889,20
75962054,-0.0002294426683303652,0.00034565623814432805,0.9960540244634116,20
58083015,-0.00022948883363252404,0.0003873571105327186,0.992091192671644,20
101715021,-0.0002295369756362575,0.0002130376235969184,0.9999403019687721,20
41286664,-0.00022963819668360975,0.00022427664517352466,0.9998975201983371,20
179611563,-0.00022988353682272257,0.00040080448962068974,0.9905273689848173,20
119322805,-0.00022996362677388805,0.0002073522042071404,0.9999565153879599,20
164668038,-0.00023014418520875545,0.000504325233669098,0.9722947007750079,20
104510240,-0.00023025705174080092,0.0003117289365360662,0.9981313589438262,20
46065432,-0.00023058173169572538,0.0002438862846759715,0.9997724435445033,20
133074645,-0.00023069281497808402,0.0002993376693126742,0.9986480866890953,20
174202219,-0.00023070447653519567,0.0005679372687168582,0.9574591372707272,20
165598203,-0.00023073770211557432,0.00021853009715495496,0.9999258072034113,20
37517415,-0.0002308528440285146,0.0004090235373014902,0.9896684679765194,20
141081278,-0.0002312599806970822,0.0015643059766386916,0.7417700750355372,20
12822959,-0.00023131052846372957,0.0004618962710882692,0.981362878771306,20
14022749,-0.00023143239836540542,0.0002858073509312924,0.9990909488923593,20
3262308,-0.00023144928480812177,0.00017694502812065323,0.9999938142214437,20
125263221,-0.00023161142894243813,0.00042516272776800084,0.9875728908794217,20
46887918,-0.00023163252835357306,0.0005740604859407586,0.956485432907966,20
94316135,-0.00023163608376480517,0.0003650502037877133,0.9947394036282488,20
184414948,-0.00023182643477045184,0.00018063498644325035,0.9999921628491837,20
41054780,-0.00023223936881371643,0.0004121102615375829,0.9895838376167728,20
16073452,-0.0002326250790832929,0.0005656524474939854,0.9592142099422027,20
70267861,-0.00023315545151184058,0.0003263524050467215,0.9976164542040141,20
60657101,-0.00023331284599648338,0.00044447254966157,0.985057755955187,20
238496786,-0.0002333414159542413,0.0003656650897349384,0.9949212652110796,20
62466537,-0.00023435348187598182,0.000222376541922836,0.9999242925069728,20
58085780,-0.00023453219356510125,0.00019150905551367186,0.9999861408266238,20
102243247,-0.00023454511600568272,0.00025006077328439206,0.9997543623804012,20
78444187,-0.00023461159704034064,0.00036779015516881226,0.994909643372924,20
50749588,-0.00023491604729377057,0.0003454509409745391,0.9966403050408753,20
92094538,-0.00023493356962893953,0.00030742587167248463,0.9985563716265764,20
120660398,-0.0002349517084918179,0.00018731364158643997,0.9999896184253462,20
77277628,-0.00023541991667810346,0.00046772535812233794,0.9817888160117184,20
25433921,-0.00023580984174195464,0.0005011770738480939,0.9755468291424793,20
97523338,-0.00023585193865105768,0.0004847301393868295,0.9788096107050852,20
110137377,-0.0002358962330634734,0.00019818304876497402,0.999980586703362,20
88291032,-0.00023592963980932912,0.001091632485986922,0.8270422940323463,20
93104854,-0.00023604964704348753,0.0003587795438826602,0.9958188860641833,20
102908073,-0.00023664540752257323,0.0005908763094042045,0.9553877058194772,20
91694384,-0.00023719837094872686,0.0003182271190051629,0.9982539373110785,20
150654622,-0.00023726889493531634,0.0006170858698042213,0.9491167195383572,20
28363303,-0.0002372956577534946,0.00039435448034367155,0.9927667514832392,20
188223010,-0.00023731180890619873,0.00038272033499756546,0.9939428346027696,20
64329017,-0.00023774745907587103,0.0005579723343320611,0.9640221000375141,20
9872225,-0.0002391878529939273,0.0001849991565292104,0.9999928487392064,20
65276625,-0.00023946003488891087,0.001281982442132467,0.7930475756489888,20
32474613,-0.00024009128314663453,0.0008837590100388545,0.8803653465971243,20
40302318,-0.0002402545958142488,0.00043121939820474754,0.9889370479997065,20
114367864,-0.00024095644432109154,0.000563282411057154,0.9645335452209919,20
12201845,-0.00024128924089510673,0.00028103912646850176,0.9994473989015163,20
149571929,-0.00024163915874100828,0.00020045141802465242,0.9999832776347128,20
72190513,-0.00024174572957260388,0.00026279045512216174,0.9997047176489111,20
34369202,-0.00024179893197824598,0.0006691535322715728,0.9387121150970617,20
129679756,-0.0002418344266972794,0.0004176696724684859,0.9910064889106585,20
155581311,-0.00024200155888781384,0.0007198381876217584,0.9254223420013694,20
113338149,-0.00024211868753203636,0.0004077668212289164,0.9921907544411098,20
79748478,-0.00024215067593902906,0.00033944869862935826,0.9975909053551792,20
201636724,-0.00024226527702299328,0.0009636944176515202,0.8625467791976791,20
143772471,-0.00024228310244261143,0.0003331187260775103,0.9979057129024754,20
160388370,-0.00024276229054328303,0.0005232932058205954,0.9740778905301394,20
148652302,-0.00024279330892745533,0.00046987359051941456,0.9838861211586923,20
133459465,-0.0002430464441674357,0.00027815493424357965,0.9995269514348151,20
6015236,-0.00024325556744943244,0.0004316920999118181,0.9895795285047317,20
68257083,-0.00024371530232669968,0.0003387998605029093,0.9977312139540264,20
24087441,-0.0002443627991958131,0.00021799255318129073,0.9999613977705223,20
21246865,-0.0002445617067519945,0.0004985843552709372,0.9795489122012282,20
107133166,-0.00024479219857731217,0.000615601539828989,0.954321698919817,20
59324873,-0.000245511783561278,0.0006243720330839094,0.9526207300213954,20
109140966,-0.0002456126609359982,0.0009493902040400245,0.8691873796899802,20
157298783,-0.00024566505083581104,0.00043178262123540065,0.9901046159435232,20
10072255,-0.0002458920109734586,0.0004594789990669578,0.9864089566234008,20
119611955,-0.00024725022786678265,0.00020058176507200873,0.9999871835521398,20
36822215,-0.0002474665822183142,0.00038585385312378014,0.9950789061609153,20
157861463,-0.00024754407889391314,0.00026926691434143107,0.9997029267175941,20
193439274,-0.0002476881626254118,0.00039610383243628264,0.994244165478911,20
170197659,-0.000247998258461557,0.0016041012441625584,0.7511631649859689,20
198847383,-0.0002482694900987653,0.0002985183008845666,0.9992729262471027,20
59402460,-0.00024846515920773083,0.0007552908329996558,0.921194494534441,20
151582230,-0.00024847288145184165,0.0014674065771263843,0.7709076772245598,20
25485339,-0.00024862865449024887,0.00038435802549432476,0.9953382989527264,20
122725555,-0.0002486750395640391,0.0005455192684451153,0.9721754232631954,20
50664426,-0.00024902110839254146,0.0006156899420529694,0.9568318225150447,20
27629882,-0.00024930254686361675,0.00046028213796003755,0.9872042951461785,20
660901,-0.00024942790659779335,0.0009112230962306317,0.882070962165145,20
62280749,-0.0002495343032579006,0.0005545659986209612,0.9707079109983332,20
8269766,-0.0002499114806767566,0.0006006469986683672,0.9608340537511991,20
43926428,-0.0002504072620180597,0.0004049375253215201,0.9938431184335615,20
95614638,-0.0002505233425801612,0.00036141614671805886,0.9970521558090765,20
127357767,-0.00025066293364771065,0.00028002791039275583,0.9996196659496229,20
129671311,-0.0002511979896765937,0.001087049621278219,0.8428112425430361,20
55411917,-0.0002520325528649864,0.00038165574797563906,0.9959184056523209,20
20834050,-0.0002520560268462008,0.000715309060571305,0.9342190085825526,20
174480301,-0.00025211948352346636,0.00034455684397839237,0.9979964345956975,20
9845979,-0.0002521349100542858,0.00022739271537738554,0.9999564108052897,20
199651195,-0.00025250464436857854,0.0003821916644169678,0.9959308426816462,20
128766436,-0.0002529129577124367,0.0003942634400180168,0.9950853738962203,20
13211607,-0.00025314603559904725,0.00041825281203953043,0.9930078698677532,20
40977362,-0.0002534655030929117,0.00018726604910657818,0.99999598789254,20
80246051,-0.00025436083773615613,0.00042178586095168233,0.9928585643698455,20
11669216,-0.00025439308234156965,0.0006086019065441354,0.9614652015369018,20
90208883,-0.0002545228169179042,0.00047686046564050474,0.9862301664426931,20
66975075,-0.0002545274202112868,0.0003041690701320565,0.9993099420069446,20
209263023,-0.0002553871822654652,0.00042082158271150436,0.993117153025125,20
27500325,-0.0002554531549706668,0.0002993134136823283,0.9994178787229575,20
108714457,-0.0002557785785027994,0.0003473353791090258,0.9980886607134962,20
53853246,-0.00025580057368842504,0.0003367501619322407,0.9984878908750835,20
95882224,-0.0002561259409783606,0.0003513606600242814,0.99793989805397,20
65484185,-0.0002561816794067362,0.00021274595184956485,0.999983061610548,20
60744233,-0.00025627052506554395,0.0005253800657783492,0.9790401770922416,20
86424293,-0.00025630268868977456,0.0007616841216653153,0.9255971949488571,20
122661610,-0.0002564458700541145,0.00021785235638738736,0.9999779015312729,20
9007493,-0.0002566220137752595,0.00037757626410708686,0.9966279012312297,20
48868211,-0.00025662232708504874,0.00035822017286831864,0.9976626693725059,20
14475033,-0.00025682615315175407,0.00043788452432729977,0.9916286383696202,20
79080775,-0.0002573936961824702,0.0003432752728580809,0.998330501813994,20
14026357,-0.00025801952754267167,0.0006231126534078838,0.9601725984004608,20
38279587,-0.0002580453451464848,0.0004662941466542677,0.9885392140989551,20
104355936,-0.00025805934527566856,0.000297504644833524,0.9994951604869893,20
175682539,-0.000258242848089954,0.0003817216188781272,0.9965213467071042,20
37106190,-0.0002583106702043703,0.0004316986562223292,0.9925279138040394,20
143847770,-0.00025870002316095986,0.0003980965930287917,0.995472603453401,20
88978501,-0.00025933071596453695,0.0002773250450628489,0.9997471457652913,20
141169968,-0.0002599950680385071,0.0019639708344514847,0.7195955295204345,20
90276722,-0.00026011179113689107,0.00033083595967779803,0.9988453285849231,20
54267716,-0.0002604102109921541,0.00037780123306086887,0.9969355778127873,20
180424382,-0.0002605340007997031,0.0004157414374789378,0.9943200275514077,20
79280838,-0.00026113864249636964,0.00027747221003397227,0.9997622083860976,20
135162938,-0.00026129632184848097,0.00033951789296530934,0.9986333844910152,20
35254301,-0.0002613378167613062,0.0009124612949046672,0.8921718365743128,20
7669535,-0.00026141255219967464,0.0003471694531845868,0.9983830323159273,20
57447716,-0.00026145029449139713,0.00031501509030249034,0.9992601267409575,20
75017703,-0.0002620427496909633,0.0002476624491357753,0.9999274363661611,20
101489665,-0.0002622015123749322,0.0004514125542633245,0.991162732606502,20
3012372,-0.0002624900561252641,0.0003711950931458682,0.9974362026705174,20
28332170,-0.0002626243426504693,0.0005856756228995902,0.9703099927551898,20
44398291,-0.00026263735673069113,0.0003251490336794327,0.9990722052714652,20
123780388,-0.0002627155805208531,0.0003492484310194853,0.9983707125533737,20
29452550,-0.00026310182230869505,0.0006488124647682467,0.957209392805637,20
112142050,-0.0002635319854289997,0.00033132656258843044,0.9989479153925844,20
13073768,-0.0002643362666387539,0.00044103926762816887,0.9925987675284972,20
93515485,-0.0002646247048387673,0.00040189679776412245,0.9958400859394614,20
3813113,-0.0002647025938661729,0.0002674647191623445,0.9998549560702394,20
82907156,-0.0002648546141789804,0.0004103902098948807,0.9952693821102512,20
58742418,-0.0002649357442384842,0.000659272344234401,0.9558890466517456,20
80888740,-0.0002651797909255904,0.00047087278760707445,0.989547306830144,20
62056082,-0.00026519608575870937,0.00028842670284874957,0.9997033251905277,20
94281710,-0.0002652456834051936,0.0005709907886868567,0.9742199572485215,20
57662473,-0.00026567606948577625,0.0002674996870739004,0.9998600387778864,20
48835476,-0.00026567627343168643,0.0007196788209612919,0.9424074089172919,20
4012975,-0.00026590694548324356,0.0002239982801523373,0.9999799649337959,20
160393294,-0.0002659900964723655,0.0003334298481219979,0.9989728026910241,20
42628558,-0.00026608026894341384,0.00038090825005695746,0.9972059149296963,20
28834019,-0.00026644414456527545,0.001831476041328337,0.7384552074468531,20
153178787,-0.00026656783518223814,0.0017283565829548984,0.7506538077964905,20
43905870,-0.00026745924850929415,0.0006428226942547553,0.9608339028745994,20
55445976,-0.0002679530363215027,0.0004628819790189941,0.9909954243537193,20
133761167,-0.000268141780659642,0.000394965580049569,0.996602462943374,20
67065432,-0.0002685144213659979,0.0004657990692016862,0.9907854631908708,20
56856423,-0.0002689802921793244,0.0002950950010227027,0.9996782241677993,20
88006203,-0.00026914806923721,0.0003590468796278482,0.9983271440191323,20
59164245,-0.00026922396802693814,0.0003391343598859409,0.9989314482817322,20
41848100,-0.0002696522133087298,0.00027482187834922627,0.9998418871183246,20
95214337,-0.00027001364404078966,0.00035730348524797473,0.9984268034292508,20
54053817,-0.0002704121648804819,0.0005353630795279012,0.9820799534455279,20
55612002,-0.00027068851110107763,0.0003067242223822965,0.9995673261116047,20
55294595,-0.00027070311697250103,0.000734625647172297,0.9420987585276315,20
57059803,-0.00027097718332498854,0.00027394529709097475,0.9998542056788714,20
116103672,-0.00027114557803488426,0.0003889548822668741,0.9971657951682117,20
52156460,-0.00027209384079787403,0.00033807035022998937,0.999044410239562,20
216297468,-0.00027212804234805487,0.0004436261227321157,0.9935391901619214,20
57601097,-0.0002723051023496431,0.00020386498875426902,0.9999952502789016,20
47092856,-0.0002736216013891124,0.0003329960779178066,0.9991950937471736,20
36699347,-0.00027500381317128173,0.00043675140618465886,0.9944829238352411,20
61604256,-0.00027525522230598397,0.0008359166259643926,0.9213854589376219,20
49955155,-0.0002756268451804489,0.0004991627070222428,0.9884073670406379,20
86555229,-0.00027671527345176917,0.00042435247936005514,0.9955715172054568,20
80506234,-0.0002772741903607462,0.0005421330022643513,0.9830888824899855,20
39908579,-0.0002776887466503258,0.0010209528745537416,0.8806311325054992,20
154384684,-0.00027906564588911774,0.00044886964419206424,0.9940387321073971,20
92279983,-0.0002793125548658959,0.00030002700353465317,0.9997361890868706,20
152393422,-0.0002797608070970625,0.0006042258062976206,0.9738702323448623,20
57647842,-0.0002799012750264174,0.0005242779479706135,0.9862471094934867,20
67478698,-0.0002799123644293022,0.0005002043969820592,0.9891889754059087,20
88920640,-0.0002809789081221786,0.0014966400416254759,0.7942128920539512,20
141243646,-0.0002810372855061194,0.0007773169627480898,0.9388079409354936,20
72359196,-0.00028139302293369586,0.0009036703259325883,0.9100837729845119,20
59471353,-0.00028140631768315826,0.0002436429445328142,0.9999724837603583,20
127268290,-0.00028153845566868954,0.0002520818384769444,0.9999597786772928,20
89721553,-0.00028156415719691465,0.0005504195852679897,0.9831034304209749,20
48467721,-0.00028164375913323494,0.0003090316034931595,0.9996778006239699,20
48689126,-0.0002816541049423027,0.0006729128420000672,0.9616482799354568,20
16281046,-0.00028192619119044027,0.0004118987490155798,0.9967849218409195,20
158390842,-0.00028225696590707393,0.0004189818934129824,0.9964217145956723,20
55494829,-0.00028249254203867037,0.0006062686284968085,0.9745403102327671,20
105039540,-0.00028265505674333056,0.0003750810021387989,0.9983928283401562,20
97943202,-0.0002832782745236212,0.0005093983230771337,0.9888273577568811,20
228510516,-0.0002834621538715332,0.00048086287907805257,0.9918634016761069,20
153980108,-0.0002834758417913058,0.0008521894301338479,0.9233713575057164,20
63020950,-0.00028354419951587826,0.000852814530419942,0.9232755486505677,20
81902088,-0.0002842644571021902,0.0004060739451750069,0.9972471646179217,20
16293956,-0.0002843334267085662,0.0003974876053751998,0.9976378141063824,20
104803458,-0.00028443456012458015,0.0005785952636587246,0.9797474807964934,20
33673512,-0.00028445653770271253,0.0006681713370361363,0.9639092447863067,20
60203314,-0.0002846613884372018,0.0006470746653095778,0.9680436707190924,20
30102050,-0.0002850992241528322,0.0011371415635783072,0.8619201299370387,20
120260342,-0.00028557972619375205,0.00041474134586059265,0.9969139844819201,20
36879339,-0.00028596710710527553,0.0002553849027297424,0.9999609251591732,20
236092970,-0.00028604110441260433,0.00038376494256182924,0.9982535935965914,20
19627032,-0.0002861552770445475,0.0005667843900853809,0.982043125880248,20
47309757,-0.00028639441992681927,0.0005489540495698768,0.9846086510608315,20
1661701,-0.00028663547571775304,0.0004574409111364354,0.9943163402097928,20
4063134,-0.00028683087104019734,0.0008479629813530043,0.9265989321493162,20
85003968,-0.00028691098861132467,0.0004130719903181487,0.9970932254572101,20
8470537,-0.0002875774156836791,0.0008222580587482498,0.9328501715776805,20
113663529,-0.00028882996960884476,0.00032004329165661406,0.9996471258181358,20
45887333,-0.0002888822306606892,0.00032007401511163525,0.9996474019976678,20
33695065,-0.00028925692772534815,0.0005047624061539441,0.9904822841346254,20
24039989,-0.0002894715446422447,0.00046190182774448696,0.9943212336065598,20
105318970,-0.00028993664541897556,0.0003482908809429648,0.9992787076231358,20
63288667,-0.00028997171047499826,0.00036552233431520965,0.9989254745507122,20
36839538,-0.00029004803745957266,0.00027953745898596106,0.9999107813289393,20
25465028,-0.00029015045029295584,0.0013657604754016386,0.8230012418437531,20
76062806,-0.00029041748127676124,0.0002724402745443378,0.9999330037317157,20
68266162,-0.00029094398669258224,0.00047666197973027414,0.9933462086552408,20
114415368,-0.00029114802675639926,0.00042286141275043123,0.9969123160387251,20
40943918,-0.00029118653963804695,0.0007242478588192423,0.9559596506506882,20
167007853,-0.0002913583637095429,0.00016068311916152633,0.9999999315127054,20
54063914,-0.0002917864439470036,0.0007059754786639011,0.9599131860302289,20
104330202,-0.0002920206658483665,0.001308625403391632,0.8345802544736366,20
45259376,-0.00029205633726884784,0.00025106455744343886,0.9999746504669951,20
35057082,-0.0002921725707604655,0.00043166691268590063,0.9965325734652138,20
7866171,-0.0002921811793867829,0.0005628213358633365,0.9842398883514404,20
90441008,-0.00029226628223822103,0.0004091094685608063,0.9976156849138881,20
154184341,-0.00029267708419316863,0.00046284467628188717,0.9946257247971017,20
57269661,-0.0002928183927526251,0.0003380519300977002,0.9994888344312384,20
57761261,-0.000293911602171279,0.00032833771607965347,0.9996197232739809,20
131750352,-0.0002942051273458729,0.00038557333766264486,0.998539279514703,20
106519835,-0.00029439543735243213,0.0005800662455418078,0.9824708053527434,20
166793684,-0.00029448177406671825,0.000495703538684854,0.9922132809948017,20
10674597,-0.00029480069055810854,0.0006830659970610044,0.965670262904155,20
158199933,-0.0002949690077586081,0.00030096500494699777,0.9998400889173341,20
149691859,-0.00029506769219877496,0.00035892035275227096,0.9991983826286901,20
231913653,-0.00029535228186217675,0.0002339143741274399,0.9999904237179048,20
24897228,-0.00029605459771210043,0.0006301053342975536,0.9754028140489873,20
44999004,-0.0002969993718097086,0.000840626736549235,0.9346987459956613,20
118333204,-0.00029718435010579747,0.0003586248702040401,0.9992503793800233,20
95521863,-0.00029743097068475334,0.00038765236338489026,0.9986004983488059,20
56722519,-0.000297513159554047,0.0006366332731400029,0.9748466054454645,20
95046541,-0.00029772431208096586,0.0003635484558213693,0.9991721682074378,20
73438315,-0.00029777426153729524,0.001692920752725526,0.7793972903833958,20
80748999,-0.0002983308537619106,0.00034289752644254233,0.9995084723644989,20
136963730,-0.00029903732087756816,0.00034674615172935184,0.9994686963316314,20
54721055,-0.0002991511598446489,0.0003076765606065207,0.999826901479854,20
73140219,-0.0002995067344375324,0.0005025163248670388,0.9923574884585318,20
221503370,-0.00030019451048784453,0.00032278585008229136,0.9997336277238139,20
90230827,-0.0003003003774190799,0.0020188772391030885,0.7430456688640579,20
120612285,-0.00030063835931442017,0.00027530154702571887,0.9999484353645401,20
8066598,-0.00030064274138450755,0.00028429641257859733,0.9999270205966166,20
93080192,-0.0003008911997577912,0.0005358108281239975,0.9893877224097253,20
47852559,-0.0003009505370761223,0.00036591206770993854,0.9992013901536262,20
111136442,-0.0003010854888604975,0.0009093471198685398,0.9224639311184434,20
30737905,-0.00030137222662665055,0.0004915439466844048,0.9935201296085794,20
98925194,-0.00030141600984881777,0.0009847629001284363,0.9064903167762277,20
225284360,-0.0003016687947786811,0.0002885677391425807,0.9999175441794711,20
126156777,-0.00030191226644549207,0.00028642332985183736,0.9999244590175335,20
16837500,-0.00030240083309005514,0.0003389488659620323,0.999607977281201,20
59216705,-0.00030245550776092367,0.00025996931484697085,0.999974689551103,20
46407918,-0.00030268353042740836,0.0005617581481332194,0.9868640365503897,20
94707303,-0.00030273345877177005,0.000473620895140073,0.9949737319366839,20
131456378,-0.0003027597698592427,0.00044036110708314764,0.9968816572658026,20
190823298,-0.00030286521020605193,0.0008380637273406691,0.9387297922549894,20
70468000,-0.00030309891449248615,0.0003678357238386056,0.9992138210697072,20
79680399,-0.0003038541571761005,0.00020036350683937088,0.9999991119724848,20
16042481,-0.00030402973312208814,0.0005461552790226676,0.9888870437048983,20
59248761,-0.0003041464363811086,0.0005888198781922757,0.9838587524993165,20
26642650,-0.0003042254068702621,0.003889163428764356,0.6348421025042729,20
21691797,-0.0003044202986296013,0.00040323543797836646,0.9984147687130417,20
25090012,-0.00030455790964113163,0.00033697879597662666,0.9996518445551663,20
138231955,-0.0003047841017625397,0.0003523980325525357,0.9994819624218925,20
30096355,-0.00030524062663373207,0.0003750837223709866,0.9991276152981776,20
129622231,-0.0003053143324429186,0.00029092852140825016,0.9999208463402819,20
169400928,-0.00030537459365121143,0.0009582846064752359,0.9148292057744414,20
101933160,-0.00030656763075637974,0.0006344329075399555,0.9781637264156225,20
113864109,-0.0003072209464705045,0.00027583958950824316,0.9999585189955491,20
1411224,-0.0003075104448560101,0.0008078749666581367,0.9474957544476932,20
65930148,-0.0003082753377754904,0.00041651284315462377,0.998159187744568,20
91409580,-0.00030868678318954346,0.0003273401238309548,0.9997667275962648,20
109159811,-0.0003094233096574472,0.00045477526528436585,0.9966522966108936,20
173079381,-0.0003094626593538985,0.0008536052218213397,0.9392857241604505,20
102729253,-0.0003099935386251335,0.0012493123414813348,0.8595069699651662,20
61927169,-0.00031073929273019163,0.00030603301929830703,0.9998882709379903,20
89921681,-0.0003113564493200216,0.00031163998203980744,0.9998681910917452,20
83290485,-0.0003114410044350674,0.0008804335440318559,0.934918177075787,20
82869189,-0.0003114817036817596,0.00020984604495404938,0.9999988106707792,20
14077042,-0.00031196416084841306,0.00035875520538894835,0.9995061813273581,20
80548976,-0.00031297521190870315,0.0005290574174871803,0.9920244180449811,20
206482511,-0.0003132062417381898,0.00032352213000219783,0.9998193803625298,20
29845626,-0.0003138641067646303,0.0003242010492712425,0.9998193837320466,20
131959966,-0.0003142752189073172,0.0007776043545958302,0.9567237185496263,20
7071779,-0.0003143638948221755,0.0006082849719848063,0.9838984195120949,20
218299615,-0.0003151229441683917,0.0010079490925426159,0.9109126513033935,20
74092923,-0.00031556225181422206,0.0006058841104771048,0.9844834368160493,20
67731886,-0.00031556436234690124,0.0005431850683399845,0.9911715884987674,20
54352772,-0.0003163829118566025,0.00032823845092583656,0.9998114237715953,20
55683603,-0.00031666063623171095,0.001220747785328654,0.8698041682187525,20
83322217,-0.0003169772242526986,0.00045984191357103165,0.996936781810242,20
12689512,-0.0003182925496670347,0.0006000648048630799,0.9858000212347505,20
57525297,-0.0003184862115822834,0.000503049586536396,0.9946658342701042,20
94698911,-0.00031892629460644474,0.00037297554807873355,0.9994274422198508,20
72290080,-0.00031903549238472,0.0002488965640642547,0.9999920412376045,20
29533312,-0.0003197220493007691,0.0005672439760852118,0.9895940896296075,20
112807459,-0.00032018583405342416,0.001477393766010777,0.8276929129716256,20
67175150,-0.0003202669060205915,0.0004596425186333361,0.9971561834381315,20
91079310,-0.00032035801104989827,0.00024065829138093732,0.9999950406735822,20
228911279,-0.0003208017753028175,0.0005046610251927925,0.9947979980613056,20
48310931,-0.00032090090997305973,0.0006978314321808809,0.9731354967775258,20
58096778,-0.0003210043246302252,0.00021512559616267306,0.9999988926342485,20
51155831,-0.0003213058025571452,0.00023921712387587867,0.999995574467223,20
87438598,-0.00032133808819056754,0.0005100384278208229,0.994502787502007,20
103548319,-0.00032202309565789735,0.00048622200075878997,0.9959954387409251,20
96082253,-0.0003228209789539721,0.00034645478967997365,0.9997384031852463,20
79309746,-0.0003232364258810433,0.00037130509335554047,0.9995110368153173,20
11401093,-0.00032331566081053587,0.000734897637861214,0.9680508545677831,20
84554053,-0.00032345469640819303,0.0011406105928308797,0.8899783669334629,20
164267723,-0.00032347752213061356,0.000638345702683055,0.982346187140014,20
76663351,-0.000323485048180519,0.0002773278797354718,0.9999754318761666,20
214869341,-0.0003238678871256923,0.0007231926062421019,0.9701594254525053,20
75505096,-0.0003240630023837954,0.00040617137417963295,0.9989739367992007,20
21883988,-0.00032444336706643486,0.0004072621102273407,0.9989613120461915,20
48434826,-0.0003244866304476346,0.001382661136612652,0.8464499070889949,20
134625030,-0.00032469168187326813,0.000346703923462643,0.9997507203307494,20
95708037,-0.00032497480377672027,0.0005879950649962458,0.9884621651748057,20
4395776,-0.00032533229283666367,0.00042332660082934425,0.9986181257782837,20
3263669,-0.00032557800251291623,0.000516440428948932,0.9945241932187353,20
121461074,-0.00032713799495325544,0.00022958393441102615,0.9999979454406062,20
44006140,-0.000328081418936943,0.0007147499031215319,0.9729368964241302,20
165468765,-0.0003288010634926175,0.004293830930810642,0.6321160209559593,20
106646203,-0.0003290076958844812,0.0005468428363090791,0.9927610039272512,20
61861621,-0.00032901495718514194,0.00030431720897023073,0.9999424869261475,20
74503575,-0.0003290842713369213,0.00043499529584992906,0.9984398749811325,20
25239870,-0.00032921384890857995,0.0005398622581236418,0.9933095946761411,20
127530325,-0.00032977475655271427,0.0003230346990390099,0.999894314032647,20
48051528,-0.00033068001320424865,0.00029550711705706286,0.9999606417353046,20
26641323,-0.00033181420506623314,0.0002810694116582497,0.999978628086076,20
143163381,-0.00033286966595668933,0.00046599528213350463,0.997613857070698,20
78419505,-0.0003331230804168167,0.0003522165753983367,0.999773237613227,20
192624957,-0.0003332003851534204,0.0010090974864175048,0.9219281917947939,20
24083140,-0.0003338095751113962,0.0007602094073806733,0.9678173265799073,20
30220230,-0.00033399223343387463,0.0005515881509107632,0.9930256490688267,20
132081873,-0.00033424686408872474,0.0006030504544839551,0.9886319241635051,20
74741736,-0.00033499398979790207,0.0004246190796669284,0.9988765853992634,20
48442384,-0.00033594130273439937,0.0002953815674457506,0.9999672001227902,20
70267947,-0.0003360780435717442,0.00031206079202025723,0.9999400103434088,20
48,-0.00033610497675855554,0.00029535683764336524,0.9999674113730519,20
106739439,-0.0003362350938161951,0.0007061250690410967,0.9767455507711145,20
24634003,-0.000336836492104306,0.00043982313438265354,0.9985802770128306,20
175404089,-0.0003369667398335746,0.000794393784001595,0.9634325124420967,20
92724547,-0.00033749407098403184,0.0003860270274922292,0.9995293369727966,20
33075924,-0.0003381990736994772,0.00026388516886757097,0.9999920270354921,20
48346333,-0.00033821154963563084,0.00044252316177321093,0.9985575992493518,20
51594712,-0.0003388353271287614,0.000853682558727754,0.9540426710650467,20
43443120,-0.00033907627880178646,0.0008822060615775087,0.9490551032191703,20
195629616,-0.0003392242564704773,0.00040746698053777363,0.9992791794222448,20
112918176,-0.00033966408089833034,0.000427417692819349,0.9989404511108697,20
58338245,-0.0003401663360952878,0.0002675580573123251,0.9999911986816172,20
110405675,-0.0003417490307601634,0.0007574636317003411,0.971015670200464,20
28030143,-0.00034233415454039683,0.0011170628555579897,0.9067508478238576,20
175015282,-0.0003433787146095629,0.00026271823900583406,0.9999937542984961,20
33241995,-0.0003439390478837595,0.0003722577279770736,0.9997165598134864,20
143732526,-0.0003455876803592856,0.0005910414156514925,0.9914828006070839,20
108137631,-0.00034629953543592883,0.00037086052042400525,0.9997436600436257,20
65348695,-0.00034641431332891606,0.00040126020219188136,0.9994735892921576,20
120536587,-0.00034692447334714883,0.000255495435434727,0.9999961494308874,20
72271917,-0.00034817688543824774,0.0003608035718494134,0.9998135680345775,20
9207772,-0.00034943750665893667,0.0010949757048775621,0.9151222519334062,20
41122228,-0.00034995213922503764,0.00033038503075068655,0.9999282808132235,20
6816431,-0.0003501691916299343,0.0009419567330725702,0.9435891619898973,20
93136589,-0.00035023388220454534,0.00038833605762609165,0.9996449997581252,20
97328714,-0.0003502682002898577,0.0010371538927219193,0.9262945140397965,20
141031439,-0.0003507262118401494,0.0003222436711224073,0.9999465148029342,20
135354471,-0.00035119387576131034,0.0003137797276711104,0.9999607247317124,20
15827044,-0.00035129967393518203,0.000439131134890892,0.9989960246006001,20
35449778,-0.0003515180357768932,0.000664478916861166,0.985612435081123,20
57084935,-0.0003518425150529775,0.00024141705369117047,0.9999984780548147,20
23663653,-0.0003518473448725384,0.00039715854113026125,0.9995820846052772,20
46048613,-0.000352326801376554,0.001370758907495748,0.8676877997776113,20
86873597,-0.0003527772662330786,0.000597847370671628,0.991909486137485,20
92904733,-0.0003531993127691785,0.0010769388243499455,0.9205938242123008,20
18712214,-0.0003535787840787924,0.00037884567380723884,0.9997424344238944,20
26034698,-0.0003537917899680193,0.0007530028870393794,0.9754010353777671,20
38844914,-0.00035456276638652363,0.0003792426144731405,0.999746651591598,20
153943304,-0.0003546187754101454,0.0003338848222851131,0.9999303284589531,20
31495976,-0.00035472441951742986,0.0003292351603572785,0.9999402848897944,20
145173679,-0.00035487517097358977,0.0004291140557962427,0.9992374106342147,20
45468606,-0.00035577517672102655,0.00023292876156703546,0.9999991950194188,20
21222552,-0.00035598512013306773,0.0011157478380352092,0.9150758677336983,20
165398168,-0.000356418500384692,0.0008555267266758912,0.9610108650986536,20
39853630,-0.0003564729554200702,0.0005883450688212818,0.9930512462888855,20
61700455,-0.0003568463478847317,0.00033391169858028807,0.9999347998779848,20
29127639,-0.00035714050660483055,0.0005133089859231156,0.997127308352778,20
37702219,-0.00035736275864736434,0.0004710549826415795,0.9984729549881912,20
68094969,-0.00035808737915660747,0.0010021672045756097,0.9367243263429698,20
108533903,-0.0003586698067339189,0.0006142173518970872,0.9914204090251099,20
96728026,-0.0003589879000272467,0.0005253550054753124,0.9967485782925354,20
179211155,-0.00035903786147814255,0.0005127106765877318,0.997253824760777,20
77796139,-0.00035912738462583747,0.00025308398147000783,0.9999978294849008,20
18817107,-0.00035959862137328327,0.0003454574936071326,0.9999137385983523,20
8,-0.0003599472472791937,0.00042885744045412726,0.9993274618287239,20
188621549,-0.00036113470562174066,0.0005776788018738662,0.9942350062448607,20
130167063,-0.0003613742747515164,0.001732802684441327,0.8186514077346551,20
87911927,-0.0003618133940469448,0.0004916037303498109,0.998080627545625,20
80305179,-0.0003625523926902213,0.0004929096138015826,0.9980718982443959,20
110251405,-0.00036310010196152764,0.00043864170711343023,0.9992435114307431,20
39224755,-0.00036492519720324743,0.0005500406006292913,0.9960408576632378,20
28763950,-0.00036496910320927276,0.0005837854796097149,0.9942366236116691,20
51515237,-0.00036538370810408063,0.0009463777883136438,0.9497711564357042,20
140166713,-0.0003658601414550239,0.00046653627524109525,0.9988213961225092,20
24888760,-0.0003662707365813006,0.0006486756602052338,0.9896922774488909,20
7818887,-0.00036766108482305383,0.0002806749421409848,0.9999939250547822,20
211064876,-0.0003690495554790812,0.0006212805418791504,0.992209243102187,20
147830989,-0.0003696670847494699,0.0013496521544334853,0.8822104737953257,20
153378873,-0.0003710129761929637,0.0005999768886957875,0.9938427508912314,20
65824820,-0.00037248416411697903,0.0004542212652282693,0.9991814790859211,20
27037079,-0.00037254192600502667,0.0003265167306045529,0.9999683681144468,20
144173078,-0.00037290515692557923,0.0007027908503473709,0.9858231407501148,20
36250159,-0.00037312983236513774,0.0006550240636268587,0.9901689159695327,20
239118919,-0.00037602066732267403,0.000510945554515295,0.9980795666742529,20
122613907,-0.00037712354974158704,0.0005422448282478645,0.9971194029242008,20
122013372,-0.00037721922806614185,0.0005752642325513612,0.9957275810312562,20
95306804,-0.0003775514918051753,0.0007808518217497376,0.9782217624723143,20
81646959,-0.00037755291462528986,0.0006327833617410883,0.9924043942144244,20
196627910,-0.0003794755636159303,0.002180715590804479,0.7769871258977057,20
49663966,-0.0003822055731406204,0.0010210006384382046,0.9447548596923947,20
44751856,-0.0003831730957689156,0.000306280076730133,0.9999892838002586,20
205441059,-0.00038358527824879085,0.0006996226475464791,0.9879750342592487,20
81884480,-0.00038468179599292495,0.001663283368939085,0.8430111080246303,20
63605833,-0.00038511256262296347,0.0006191358444853455,0.9940566020914912,20
245926098,-0.0003852180093254248,0.00043364290264417585,0.9995922832431929,20
220302117,-0.00038614864483814404,0.0006393103661143907,0.9929237993673126,20
24240228,-0.00038640189721903526,0.0017371914744594148,0.8338167012988608,20
3014452,-0.00038672443143758506,0.000963111200988645,0.9557701346103529,20
42147220,-0.0003882844244929712,0.00042671175756639994,0.9996730611113185,20
74632186,-0.0003904366476227522,0.00029139807400445074,0.9999954344191185,20
112736642,-0.0003904796052557613,0.0003810285518174269,0.9998984480540537,20
156784003,-0.0003919822239930204,0.00032543880856193734,0.9999831123732441,20
87728766,-0.0003921481628732515,0.0004888432768308769,0.9990183199025497,20
67865972,-0.0003929185519512213,0.0004155471402262137,0.9997726693773359,20
55721302,-0.0003934123171042275,0.0003709994287801276,0.9999291338483548,20
41042779,-0.0003948253982796357,0.0010413152365403085,0.9468618906542566,20
27490543,-0.0003967641182658577,0.0009271698746142286,0.9645814099813687,20
91334466,-0.0003973282029498482,0.001988265105227804,0.8086674272064731,20
93212161,-0.00039745818223748677,0.0006453349084916617,0.9936924874711196,20
178408114,-0.00039756264842546465,0.00040875956415941354,0.9998274583918901,20
159801253,-0.00039795003377000036,0.0006137609662140088,0.995407037140692,20
11471766,-0.0003982244023945897,0.001943041712016577,0.8145693632176696,20
25088312,-0.00039876161988277594,0.0003157660009220642,0.9999904411121442,20
75883650,-0.0003989660940516532,0.000422781076913561,0.9997682814637315,20
158499584,-0.00039911834630238787,0.0007135461037027192,0.9891633451860844,20
181812071,-0.0003996254465171489,0.0010661121007426403,0.9449767085338934,20
26891603,-0.0004012479409790243,0.0006796235234653223,0.991934127220381,20
48252930,-0.0004020868970688013,0.0005254709215669048,0.9985708763127938,20
223080192,-0.00040400917929735993,0.0004432572896992759,0.9996780636849004,20
416778,-0.00040441341968857345,0.00036077154539118715,0.9999613976196202,20
133274753,-0.00040478346222949104,0.0006789879944025325,0.9923679930646183,20
78309826,-0.00040535666910558046,0.0013759612826433204,0.898328584088983,20
158261515,-0.00040690469810994445,0.00049293089868141,0.9992255441328174,20
150340718,-0.0004074300800023023,0.001987368553941256,0.8146388721430147,20
120348676,-0.0004094909838715854,0.00041521371962904656,0.9998497698884656,20
75794739,-0.0004117418811547563,0.0005039464954205659,0.9991559468518961,20
7218080,-0.00041197992488163914,0.00102580983151261,0.9557986548074853,20
77346188,-0.0004124963812529109,0.0012907825938269313,0.9154034043602789,20
79079422,-0.0004126103112945506,0.0005342372986464137,0.9986706064315983,20
106539118,-0.0004134116543615507,0.00043060880981849673,0.9998039435558348,20
94106403,-0.00041355294631846285,0.000299486120480835,0.9999969004565565,20
31435076,-0.0004146156930830175,0.0004396753378005968,0.9997667009215614,20
197431932,-0.0004149025662655681,0.0012374960958426873,0.9248984590056482,20
174807719,-0.00041628383820488667,0.0008031409008473629,0.9841211021366394,20
57013397,-0.00041747517394606637,0.00037132434288295193,0.9999626550147007,20
12670250,-0.0004177463743589155,0.0013648924400182089,0.9064804438388793,20
226086022,-0.00041808089284627037,0.00038784115709601235,0.9999406140235545,20
107539824,-0.00041901059843358626,0.0019232333854587037,0.8289334637711836,20
37,-0.0004191067353305572,0.001102040848953551,0.947350542978849,20
84170745,-0.0004198515771931061,0.0013092918034914186,0.9160987598600203,20
43325705,-0.000421220141227055,0.0006387069054363256,0.9958829247381235,20
70298889,-0.0004221724087209083,0.0006844581657569878,0.9937475379200542,20
156387831,-0.0004223331566897415,0.0008142260176201051,0.9841754430051084,20
5414553,-0.0004223486702950474,0.0004157551798995423,0.9998888141505384,20
90333261,-0.00042278929566441913,0.0006393057911383152,0.9959568720703026,20
154496520,-0.00042484874213558066,0.0008126967660953267,0.9847575341056891,20
29364454,-0.00042551327915479886,0.001916948771552671,0.8333341862530772,20
71790334,-0.00042592629245660486,0.0015518834593701513,0.8826705829788785,20
56260390,-0.00042672842786860564,0.0006444190078362678,0.9959912652383323,20
41910020,-0.0004316966026675806,0.0005907972833751062,0.9979757835038129,20
47,-0.00043208385557893527,0.000487651178906855,0.9995826798272722,20
113701962,-0.0004328728748485444,0.0005379837451226727,0.9990422384829074,20
21827992,-0.0004334124445032284,0.0005478510804375176,0.9989012494688738,20
14231295,-0.00043367833105777966,0.0010275941946605205,0.9627594805501357,20
45848566,-0.00043727993338652237,0.0008851287167676637,0.98018752547047,20
30496760,-0.0004383304391177956,0.0013950643843093592,0.9119415363324488,20
75383679,-0.00043921654682026743,0.0005414035100654141,0.9991047780809935,20
97346990,-0.0004398790177865486,0.0004521446907560317,0.9998279226409582,20
72180551,-0.000440381158977482,0.0007826957912121146,0.9894958367838076,20
64262273,-0.0004408121672365262,0.0002997266348127366,0.9999986530064255,20
184416453,-0.0004424639482191434,0.0005005977793264059,0.9995732821795114,20
80370073,-0.00044271179335857446,0.00036453448504938907,0.9999846872914792,20
57814478,-0.00044343502905595523,0.0007926470884673157,0.9891726171395642,20
35021037,-0.00044398552153393777,0.0006492664365657132,0.9967647624423495,20
137764208,-0.0004458179214230196,0.0005726471268452929,0.9987514216827842,20
47346275,-0.00044587439911684956,0.00044910444903004234,0.9998595045091279,20
79219583,-0.0004465948879654541,0.000756258379213884,0.9919445423152522,20
96883271,-0.0004467954467389706,0.0003740556636334106,0.999981366828136,20
68266342,-0.0004486672161111649,0.0008876108740439949,0.9821413471582371,20
161864741,-0.0004486837225496476,0.0006598984641989355,0.9966370069703981,20
73102162,-0.0004541697441202225,0.00045843646060921093,0.9998564520332237,20
17474521,-0.00045426203916383855,0.0008144680167464648,0.9889982690578758,20
19916322,-0.000454506387670206,0.0010631109977533556,0.9644587228135232,20
127155710,-0.00045537680166045645,0.000898013231331335,0.9824024562662107,20
17032871,-0.000457246791871882,0.0004593161387971288,0.9998632882922881,20
206273555,-0.00045750789506740773,0.0011676378348511262,0.9520760464914478,20
38452648,-0.0004606985867853297,0.0006865169174782522,0.9963281016712472,20
25690290,-0.00046096562362025475,0.00041396056142491773,0.9999584289103962,20
11421715,-0.00046414163277473387,0.0006764165179681183,0.9968395220715749,20
100234338,-0.0004648168527128183,0.0004272260233869892,0.9999462996181696,20
49252825,-0.00046610902681529784,0.0003231247015777353,0.9999982541080538,20
72873004,-0.0004669508195625338,0.0008257617018712606,0.9897733788016352,20
89640770,-0.00046701329242013754,0.001533869488131887,0.9053766169685569,20
94306378,-0.0004677930268524616,0.00022650388671386596,0.9999999906856114,20
27048983,-0.00046928701901369495,0.0009096678428445334,0.98376258764643,20
43,-0.00046952469082184035,0.0003100496945081572,0.9999990944540478,20
89780214,-0.000471908899368137,0.0012818249339032392,0.9419424351264347,20
110740664,-0.00047485727709862255,0.0006648458740779567,0.9976118668030654,20
39458973,-0.00047616620994825885,0.0010787317347196502,0.9684528412684015,20
58538300,-0.0004763235020713519,0.0007971911785138348,0.9924660827191146,20
121338022,-0.00047667556488312777,0.0009546739386926028,0.9811114202859509,20
79548138,-0.00047841763981501805,0.0005151505190160518,0.999730024192286,20
29814491,-0.0004794701201332657,0.0005825606557006331,0.9992060329998877,20
202637815,-0.00048017920565207595,0.0004603918445875207,0.9999155027902761,20
52756698,-0.00048121482734348185,0.0015952140587988863,0.9034134005849155,20
191236627,-0.00048264498792425223,0.0002824258425820208,0.999999835891025,20
56046075,-0.00048322209841693275,0.001362719595977002,0.9353590141061087,20
57069595,-0.00048450620710747125,0.0007091131217212329,0.9967463853542051,20
23885410,-0.0004864742366227692,0.000702096040304682,0.9970438296638471,20
49396573,-0.00048656624500408583,0.0004669686149185738,0.9999146346486031,20
31095661,-0.0004877239223164964,0.0016313875192926262,0.9014945892798119,20
51254196,-0.0004899396875061885,0.0004149044154187942,0.9999786928595404,20
53517840,-0.0004907504917157606,0.0010216262793879705,0.9775992219182201,20
64172189,-0.0004908410423575371,0.0005005100041662914,0.9998410690995421,20
99530260,-0.0004911783558882388,0.0006296272193290986,0.9987713813938196,20
214095868,-0.0004943333786822379,0.0010883819962542705,0.9717686783290217,20
162503148,-0.0004952764544061405,0.00035633017693080613,0.9999971530759696,20
117344153,-0.0004966397065991835,0.0007926764727425453,0.9943123864441344,20
10888409,-0.0004967481910693322,0.0010226934984642628,0.9786496114035058,20
71470649,-0.0005015425325898826,0.0018995905156433787,0.873866171485874,20
22423779,-0.0005027696438640011,0.001109796487701272,0.9714805307411218,20
152055235,-0.0005040193021924432,0.0005089491019469079,0.9998558977971725,20
49268230,-0.00050404804889779,0.0006748188538297045,0.9982812731767621,20
101527507,-0.0005053036536272704,0.0005699287649572426,0.9995850492134821,20
42460730,-0.0005058537074590947,0.001356421396411994,0.9441239720150864,20
51207946,-0.0005060239360390462,0.0006479146862881591,0.9987824772815092,20
124126358,-0.0005064221921776913,0.000959870545805379,0.9854223324271117,20
3664349,-0.0005065827496737535,0.0006415035383009791,0.998885134921489,20
6065807,-0.0005068665513735582,0.002293154082137156,0.8323342941272451,20
143532126,-0.0005109705708058493,0.0008604370992575641,0.992196938021998,20
172078262,-0.0005117580640667307,0.00039902823088155986,0.9999920956259198,20
37943039,-0.0005118987168899164,0.0007080673619937825,0.9978118083123002,20
136829431,-0.0005142653924619988,0.0016845088590829002,0.905946797114766,20
96387033,-0.00051763652074171,0.0006863200352124271,0.9984031281905609,20
155097423,-0.000518771013564559,0.0008216265546061774,0.9945756949957864,20
153779708,-0.0005228577289773523,0.001784220362095468,0.897182419027889,20
196828261,-0.0005240985835805956,0.0008760643596958981,0.9925195213502255,20
209062624,-0.0005284115566301928,0.001745598605836928,0.9041512732444777,20
123125756,-0.0005371156396003967,0.00045862082355636885,0.9999765520226517,20
137431501,-0.000539094922112493,0.0006859087267900253,0.9988421747978555,20
225484401,-0.0005401884890004288,0.001305259227323668,0.9600967024145893,20
32097144,-0.0005416728106516444,0.0008264125440874824,0.9957157265835327,20
103728046,-0.0005428553457998281,0.0006080745701744627,0.9996102623793782,20
150893344,-0.0005435525371175837,0.00035238275437689866,0.9999992971982721,20
167194227,-0.0005439959028224306,0.0007246256258295996,0.9983457670451067,20
37706295,-0.0005463114519762058,0.003846232159389994,0.7335673877978526,20
27666843,-0.0005520764477484619,0.0005447235436528711,0.9998861208955525,20
861105,-0.0005547733018353901,0.00127324557467685,0.9668654494409804,20
40084797,-0.000556869227718812,0.0010746668285649577,0.9841004663720249,20
241522286,-0.0005649129664250408,0.0012149108311050939,0.9743214634287805,20
15024529,-0.0005652019195925784,0.0014490860344521486,0.9513696148839653,20
58669378,-0.0005658890013028745,0.0006888905014173866,0.9991930709384172,20
74839689,-0.0005720317006121051,0.0007543762608411327,0.9984674000832109,20
84370860,-0.0005724167950256793,0.002663502401393334,0.8257158293904497,20
113938804,-0.0005738571167712952,0.0019247569974364625,0.9009075418557025,20
39846872,-0.0005777195558057835,0.0008101025849727411,0.9975855678772424,20
9271703,-0.0005820641270754795,0.0007082964021873841,0.9991957846280762,20
173879798,-0.0005826507117970697,0.0006723437271896379,0.9994909338029899,20
216706,-0.0006059141918078881,0.0007905892419876468,0.9985883470080524,20
131186167,-0.0006067788851811723,0.0006413457935861043,0.9997739581822059,20
27268057,-0.0006075223594328466,0.0006054694367999714,0.9998738226186351,20
49844377,-0.0006100800327089956,0.00041553853224775945,0.999998621208394,20
56212930,-0.0006116750618961164,0.0017212431674803832,0.935747627657971,20
27067070,-0.0006141782739488317,0.0008584046222112488,0.9976416368004297,20
21230502,-0.0006191386592561493,0.0010612991608601819,0.9913737248064162,20
41041171,-0.000619173295593567,0.000535231265104305,0.999972980796674,20
119753885,-0.0006197862944411214,0.0007759197928976335,0.9989835758309522,20
42310211,-0.0006215505858895021,0.0008352188291308723,0.9982327161488461,20
58815947,-0.0006245800991493272,0.0006399660303764006,0.999833243723892,20
79365944,-0.0006268341593804516,0.0014394787651928387,0.9667922664904796,20
58858963,-0.0006387228306900056,0.0007716903181642265,0.9992428193976005,20
94506382,-0.0006424287948064017,0.0012227931416730821,0.9851207282326395,20
126116231,-0.0006427622725978216,0.0010784501255498076,0.9923568729591674,20
10600605,-0.0006467798143401093,0.0009772837618086244,0.9959763076812232,20
96900819,-0.0006480707806427761,0.001515549067493906,0.9644858810621947,20
41047357,-0.0006550320066277815,0.0011801704532146164,0.9887141007540047,20
50955681,-0.0006553549346250992,0.0009302130755719627,0.9973679437819802,20
68066200,-0.0006572040041457089,0.001610739396926035,0.9580935623896761,20
12821349,-0.0006584262477133729,0.0006353396549310841,0.9999096350818323,20
93505823,-0.0006615208064502775,0.0012053423524435313,0.9880367850898205,20
171998476,-0.0006673740834110293,0.001178238600240611,0.9898637505722522,20
23126366,-0.0006701795154920892,0.0011356059879952293,0.9919150907512794,20
33499109,-0.0006707390714672079,0.0012118669587327753,0.988547801654786,20
110606035,-0.0006738418705294124,0.0007953436856833608,0.9993796559320606,20
74639392,-0.0006744653496610853,0.0005453815834025558,0.9999876760822463,20
71282217,-0.000674688963381137,0.0011072086594463469,0.9932803720902852,20
34638345,-0.0006819390493821937,0.0005116383357853066,0.9999951193333669,20
148381343,-0.0006848921069762426,0.002282576601073047,0.9022727978484787,20
31471144,-0.0006878619398560326,0.0008448294604053803,0.9991312395677836,20
23,-0.0006889310075451516,0.003404158427632859,0.811618147431665,20
21202103,-0.0006896474387574098,0.0010360765066593405,0.9961253229024032,20
31044681,-0.0006915642909364417,0.0016955112621484488,0.958046470904807,20
114328765,-0.0006975909567704692,0.0005577036137352935,0.9999892601287117,20
41902613,-0.0007056582127553335,0.0015482008361522325,0.972161360465479,20
134361432,-0.0007081970044462316,0.0012544581092260173,0.9896825530250243,20
46316218,-0.0007083925497122362,0.0011221126151451095,0.9945707892899663,20
79198341,-0.0007097002401765584,0.0014914263287755705,0.9766800370999409,20
25867555,-0.0007101216666744792,0.0013365393092371772,0.9859158000000287,20
207261153,-0.0007115097640697843,0.0008429960339400723,0.9993590069029045,20
42064477,-0.0007125005809771601,0.0009659012529411444,0.9981126001195944,20
56012629,-0.0007135479730975586,0.0013462352236962934,0.9857475554435133,20
20084917,-0.0007173240875783859,0.0019200607218125552,0.9444205754927423,20
71390290,-0.0007196594169842751,0.0012213456777216527,0.99184376178796,20
8670609,-0.0007210012768826656,0.002106395082421822,0.9288472839064708,20
21485948,-0.0007213395911444765,0.0022882779287863443,0.9126153357970719,20
76884757,-0.0007218637737925554,0.001119201193673632,0.9952511741711734,20
14939241,-0.0007227328598633093,0.0017536225684229576,0.959516382059502,20
69266567,-0.0007259333493272984,0.0014125961392974949,0.9834638888460934,20
42958558,-0.0007402883050647207,0.0010965557639736928,0.9964720736296336,20
56399503,-0.0007476246059270359,0.0014476217483710804,0.9838460999809115,20
192838994,-0.0007578241169277882,0.0010714454458225044,0.9974398645767647,20
83569832,-0.0007650328027220155,0.0015807854022607717,0.9783084304565842,20
25289097,-0.0007705255330659911,0.0014518315574245538,0.9858389443087182,20
155058613,-0.0007738927807375507,0.001431683742766717,0.9870744371286165,20
17638020,-0.0007744927385922834,0.0018427956924568123,0.9622027668536048,20
89700424,-0.0007748677791823922,0.0014837855876141286,0.9846814018866175,20
64022656,-0.0007850591858129419,0.001377568267347514,0.9901917093976297,20
166907409,-0.0007932504703120735,0.0007732678968160018,0.999899509541868,20
18914083,-0.0007967172587396959,0.0015615580177498272,0.9828954743267792,20
77242076,-0.0008035881080275725,0.00172909332355832,0.9742675580893565,20
104644823,-0.0008074221168951151,0.0010170408421186388,0.9989318515736366,20
40108751,-0.0008211648086057372,0.0017851810278239626,0.9731673795368271,20
18654105,-0.000822730857080492,0.002014595828440719,0.9582234249501911,20
63260631,-0.0008272177829924176,0.0009814085965248972,0.9993515280005644,20
217299345,-0.000829635545702892,0.0012084562068257125,0.996850440966096,20
60197,-0.0008334431061396725,0.0010364475614819241,0.9990374873437294,20
82368357,-0.0008460089581881658,0.0014201007206469081,0.992337243089453,20
86713303,-0.0008490950785695784,0.0011245314435029798,0.9984167117198627,20
155380346,-0.0008524295797953746,0.002277129540863704,0.9447547724382109,20
8873271,-0.000857396857995646,0.0013048573518550525,0.9957839933938356,20
91241647,-0.0008724485340610377,0.0023643322750042084,0.9423358040091523,20
178220560,-0.0009111950450712364,0.001024533546230255,0.9995966146599978,20
87530470,-0.0009141959041299135,0.0010186326873538193,0.9996286421602255,20
152294476,-0.0009186460152246307,0.0010317062758087006,0.9996008727244677,20
103290220,-0.0009260167137735171,0.001500582340478302,0.9937661336940085,20
39944601,-0.000933915380878067,0.0012969364772441399,0.9977481012198977,20
84516512,-0.0009503883780609623,0.0018206090467242852,0.9846521824955696,20
19755030,-0.0009510658672993555,0.0009856704756783924,0.9998133558482714,20
33913636,-0.0009599119659087108,0.0014532084888280573,0.9959256667763318,20
14626480,-0.0009647902084810561,0.00272125343366126,0.9353273254636097,20
38479774,-0.0009686421366707527,0.001851102370017693,0.9848296461591675,20
1261372,-0.000978861042451154,0.0022437325890277927,0.9670213713021869,20
89055189,-0.0009813459381551287,0.0014295639929816876,0.9968485628238044,20
183615047,-0.0009911406795557493,0.0018533248626059564,0.9863629890188853,20
224105619,-0.0010080384930317627,0.0014765791009850062,0.9967278512428572,20
103492074,-0.0010084066664084624,0.00216228306034726,0.974632164044008,20
136862212,-0.0010310704680523476,0.0013541002995515622,0.998515593788358,20
82401518,-0.0010400258167462344,0.001561343219491561,0.996143512268171,20
87710532,-0.0010454535116027508,0.002051653947708526,0.982795099485308,20
47328970,-0.0010477076173420474,0.0019044199296415882,0.9881840612436003,20
19078101,-0.00105637990706951,0.0012919315316936367,0.9991614310012877,20
9267597,-0.0010573615361070294,0.0009882049446566599,0.9999356457488436,20
119535674,-0.0010595027607657014,0.0017304505390568607,0.9934669618181888,20
66608189,-0.0010628969528433036,0.002907676763636424,0.9407228423272289,20
48067227,-0.0010652132523388397,0.002087175265513322,0.982919617013781,20
87940654,-0.00109155239982823,0.002393616956017801,0.97221830974644,20
60125368,-0.0011230048857522295,0.0017920343011971155,0.9943195668966827,20
134483618,-0.0011415267148210395,0.0030976982592349255,0.9421065344671113,20
98325208,-0.001142311609181937,0.0008883689376283047,0.999992346052669,20
97747894,-0.0011559444817035637,0.004268579608864051,0.8796408667508675,20
190625248,-0.001168904647652655,0.0019040765975266848,0.9935690654923552,20
96509333,-0.0011951990999444716,0.003022419145035331,0.9534833162013188,20
60660524,-0.0012334780339960882,0.0015432824880435387,0.9989885240159213,20
123982886,-0.0012607967371226325,0.0022553504300303895,0.9891305903965316,20
114014833,-0.0012963885090728016,0.003025308752623525,0.9647574898028858,20
154296093,-0.0012997796085381292,0.0018039247584918177,0.9977579188960111,20
127869519,-0.0013028303893228316,0.0025926534462654477,0.9816524083313092,20
51473842,-0.0013447031949457844,0.003983339493010019,0.9262158882987331,20
66477242,-0.0013734346191147328,0.005265205512319082,0.871089233168162,20
36044279,-0.0014793794291556388,0.002912349140688935,0.9825421982006506,20
39744102,-0.0014867157154130838,0.0017018376132841874,0.9995260495737857,20
40848312,-0.0015024035594436325,0.0019862102715434405,0.998438193283864,20
129959301,-0.0015305675606856056,0.002053271792444246,0.9982548909238098,20
235316185,-0.0015702992381123825,0.002606117678453511,0.9928231256171216,20
38343489,-0.0015768978886090078,0.0023827437639722007,0.9959757298598945,20
116855271,-0.0015840305320295733,0.0016621322638652601,0.9997893333742269,20
59124852,-0.0016204056945355815,0.001962552357029163,0.9992269810982014,20
87327273,-0.0017156813359875706,0.0017423721691752591,0.999847404865116,20
216898782,-0.0017468271925050489,0.0018751883758459133,0.999737771611442,20
148372814,-0.0017801751212120104,0.003304381764643141,0.9868538784744932,20
4403875,-0.0019346489398888306,0.0020173358574825666,0.9998018319007433,20
70830109,-0.001952661893731497,0.006295139284516933,0.9092791557848388,20
20081218,-0.0019811638355574064,0.004083941386771846,0.9785315584238728,20
196831633,-0.0020341802814868555,0.002701666648455383,0.9983822602590805,20
62874191,-0.002425778336460732,0.0048680242238197564,0.9809396935480331,20
132281907,-0.0026452741244270663,0.004771240952859215,0.9886490523192265,20
7467944,-0.003491898042901215,0.0057412401131422585,0.9932054249104539,20
